# freecell — v89 free-cell substance test (exp=tri)
# laws = laws_V2g VERBATIM (defaults): C=1 w1=1.65 w2=2.9 q_detune=1.2
# gamma_res=0.25 gamma_res_m=0.1 p_gate=8 lock_floor=0.005 k_dep=1.2 k_dep_m=2 cap=2.5
# e_s0=1 es_floor=0.05 e_cond=0 f_conv=0.25 f_evap=0.5 s_pull=0.15
# kappa_lock=1 kappa_align=0.5 s_k=0.06 s_disp=0.3 sigma_tumble=0.01
# comb_limit=6 rough_k=0.35 gamma_rough=0.5 mob_sym=1 mob_floor=0.004 field_J=1.8
# quant_A0=1.15 quant_mode=2 (A0eff=1.15)
# v91 radiance (laws_V3r candidate A): k_rad=0.05 p_rad=4 rad_clock=0
# v91 cantus (coherent-channel candidate B): k_cant=1 k_tune=0.2 cant_tau=1e+18 cant_seed=1 cant_grow=0
# v91 registry (exchange-registry lane, REGISTRY.md): reg_tau=10 reg_gate=0 reg_f0=0
# GEOMETRY (apparatus): cfac=1.15 k_rep=1 mob_geo=1 kappa_bond=1 freeze_geo=0
# bath=1 bath_frac=1 jam_sweeps=800 jam_k=0.1 L=16 dt=0.02 T=100 seed=20260802 diag_every=20
# JAM sweeps=800 max_step=1.402e-04 (tol 1.0e-04, k_end=0.0010) — witness for the settle
# SEED tri: kind=UDD ntri=1 xU=0.2800 xD=0.8367 wU=2.1707 wD=1.4471 (wD/wU=0.666667)
# SEED tri: d*_UU=1.447299 d*_UD(m=2)=1.447299 d*_DD=2.170949 branch_k=0 doff=+0.000
# SEED tri: contacts UU=1.6466 UD=1.5877 DD=1.5287 (DD edge OPEN (no contact))
# SEED noise: amp=0.5 (e1-class churn)
# SEED cantus: sgg=1 on 2 tagged-pair slots
# INIT NC=2703 slots=26007 live=20886 phi_nom=1.7059 z_live=15.45 dbar=1.4110 sigma_d=14.83% E0=3377.813160219
#
# t | drift_rel | phi_nom z_live NLa NLd births deaths | dbar sigma_d% | maxstep maxbond | Em_tag ret com_dev rms conn z_tag | pair: d delta gf gb | core/far
t=    0.00 +0.00e+00 | 1.7059 15.45  20886    0      0      0 | 1.4110 14.83 | 0.00e+00 0.00e+00 |   4.8833 1.0000  0.1372  1.0592 1.000 14.33 | edge_dev mean=0.0000 max=0.0000 gg=0.3250 shape_dev=0.0000 xbar=0.6511 | T0 psi=(+0.000,+99.000,-3.142) ggm=0.000 circ=+0.0000 xUDD=(0.280,0.837,0.837)
# CONVTAG t=0.00 rough=0.000000 cond=0.000000 evap=0.000000 backs=0.000000
# CANT t=0.00 a_tag=1.0000 a_max=1.0000 xl_tag=0.6511 nlock=3 tune=0.000000
# REG t=0.00 tp n=2 rho=[0.000 0.000 0.000 0.000] gr=0.00000 fl=0.000 | ba n=25951 rho=[0.000 0.000 0.000 0.000] gr=0.00000 fl=0.000
t=    0.40 +0.00e+00 | 1.7059 15.53  20989    0    180    177 | 1.4128 14.83 | 7.46e-03 7.49e-04 |   4.8751 0.9983  0.1392  1.0805 1.000 13.00 | edge_dev mean=0.0433 max=0.0844 gg=0.3325 shape_dev=0.0455 xbar=0.6499 | T0 psi=(+0.029,+99.000,+2.769) ggm=0.000 circ=-0.0109 xUDD=(0.282,0.834,0.834)
# CONVTAG t=0.40 rough=0.000000 cond=0.000000 evap=0.000000 backs=0.000000
# CANT t=0.40 a_tag=1.0000 a_max=1.0000 xl_tag=0.6511 nlock=3 tune=0.000919
# REG t=0.40 tp n=2 rho=[0.000 0.000 0.000 0.000] gr=0.00000 fl=0.000 | ba n=25960 rho=[0.000 0.000 0.000 0.000] gr=0.00000 fl=0.000
t=    0.80 +0.00e+00 | 1.7059 15.60  21081    0    339    336 | 1.4144 14.85 | 4.09e-03 5.79e-04 |   4.8636 0.9960  0.1527  1.0825 1.000 13.00 | edge_dev mean=0.0387 max=0.0556 gg=0.3321 shape_dev=0.0414 xbar=0.6483 | T0 psi=(+0.031,+99.000,+2.884) ggm=0.000 circ=-0.0158 xUDD=(0.282,0.832,0.831)
# CONVTAG t=0.80 rough=0.000000 cond=0.000000 evap=0.000000 backs=0.000000
# CANT t=0.80 a_tag=1.0000 a_max=1.0000 xl_tag=0.6511 nlock=3 tune=0.003333
# REG t=0.80 tp n=2 rho=[0.000 0.000 0.000 0.000] gr=0.00000 fl=0.000 | ba n=25961 rho=[0.000 0.000 0.000 0.000] gr=0.00000 fl=0.000
t=    1.20 -1.35e-16 | 1.7059 15.65  21152    1    491    465 | 1.4156 14.87 | 3.54e-03 2.25e-03 |   4.8410 0.9913  0.1688  1.0795 1.000 13.00 | edge_dev mean=0.0272 max=0.0542 gg=0.3322 shape_dev=0.0515 xbar=0.6453 | T0 psi=(+0.031,+99.000,+3.055) ggm=0.000 circ=-0.0183 xUDD=(0.281,0.827,0.828)
# CONVTAG t=1.20 rough=0.000000 cond=0.000000 evap=0.000000 backs=0.000000
# CANT t=1.20 a_tag=1.0000 a_max=1.0000 xl_tag=0.6511 nlock=3 tune=0.007328
# REG t=1.20 tp n=2 rho=[0.000 0.000 0.000 0.000] gr=0.00000 fl=0.000 | ba n=25985 rho=[0.000 0.000 0.000 0.000] gr=0.00000 fl=0.000
t=    1.60 -1.35e-16 | 1.7059 15.74  21273    1    648    597 | 1.4175 14.89 | 3.29e-03 2.18e-03 |   4.7990 0.9827  0.1891  1.0762 1.000 13.67 | edge_dev mean=0.0282 max=0.0547 gg=0.0247 shape_dev=0.0630 xbar=0.6398 | T0 psi=(-0.310,+99.000,-2.718) ggm=0.000 circ=-0.0195 xUDD=(0.282,0.820,0.818)
# CONVTAG t=1.60 rough=0.000000 cond=0.000000 evap=0.000000 backs=0.000000
# CANT t=1.60 a_tag=1.0000 a_max=1.0000 xl_tag=0.6511 nlock=3 tune=0.014485
# REG t=1.60 tp n=2 rho=[0.000 0.000 0.000 0.000] gr=0.00000 fl=1.000 | ba n=26012 rho=[0.000 0.000 0.000 0.000] gr=0.00000 fl=0.000
t=    2.00 -1.35e-16 | 1.7058 15.80  21350    1    803    706 | 1.4188 14.91 | 2.43e-03 2.55e-03 |   4.7736 0.9775  0.2050  1.0728 1.000 14.33 | edge_dev mean=0.0367 max=0.0511 gg=0.0383 shape_dev=0.0687 xbar=0.6363 | T0 psi=(-0.679,+99.000,-1.990) ggm=0.000 circ=-0.0199 xUDD=(0.278,0.818,0.813)
# CONVTAG t=2.00 rough=0.000000 cond=0.000000 evap=0.000000 backs=0.000000
# CANT t=2.00 a_tag=1.0000 a_max=1.0000 xl_tag=0.6511 nlock=3 tune=0.024372
# REG t=2.00 tp n=2 rho=[0.000 0.000 0.000 0.000] gr=0.00000 fl=1.000 | ba n=26058 rho=[0.000 0.000 0.000 0.000] gr=0.00000 fl=0.001
t=    2.40 -2.69e-16 | 1.7058 15.85  21428    1    925    840 | 1.4201 14.93 | 1.95e-03 1.73e-03 |   4.7376 0.9702  0.2153  1.0696 1.000 14.00 | edge_dev mean=0.0399 max=0.0500 gg=0.0178 shape_dev=0.0677 xbar=0.6316 | T0 psi=(-1.494,+99.000,-1.127) ggm=0.000 circ=-0.0206 xUDD=(0.274,0.810,0.811)
# CONVTAG t=2.40 rough=0.000000 cond=0.000000 evap=0.000000 backs=0.000000
# CANT t=2.40 a_tag=1.0000 a_max=1.0000 xl_tag=0.6511 nlock=3 tune=0.034722
# REG t=2.40 tp n=2 rho=[0.000 0.000 0.000 0.000] gr=0.00000 fl=1.000 | ba n=26046 rho=[0.000 0.000 0.000 0.000] gr=0.00000 fl=0.003
t=    2.80 -2.69e-16 | 1.7058 15.90  21491    1   1045    937 | 1.4212 14.95 | 2.07e-03 9.78e-04 |   4.7224 0.9670  0.2210  1.0687 1.000 14.00 | edge_dev mean=0.0399 max=0.0475 gg=0.0000 shape_dev=0.0655 xbar=0.6296 | T0 psi=(-2.136,+99.000,-0.577) ggm=0.000 circ=-0.0202 xUDD=(0.270,0.810,0.809)
# CONVTAG t=2.80 rough=0.000000 cond=0.000000 evap=0.000000 backs=0.000000
# CANT t=2.80 a_tag=1.0000 a_max=1.0000 xl_tag=0.6511 nlock=3 tune=0.045143
# REG t=2.80 tp n=2 rho=[0.000 0.000 0.000 0.000] gr=0.00000 fl=1.000 | ba n=26069 rho=[0.000 0.000 0.000 0.000] gr=0.00000 fl=0.007
t=    3.20 -2.69e-16 | 1.7057 15.95  21554    0   1157   1053 | 1.4222 14.96 | 2.17e-03 7.74e-04 |   4.6733 0.9570  0.2262  1.0674 1.000 14.33 | edge_dev mean=0.0389 max=0.0430 gg=0.0000 shape_dev=0.0622 xbar=0.6230 | T0 psi=(-2.585,+99.000,-0.110) ggm=0.000 circ=-0.0200 xUDD=(0.266,0.803,0.800)
# CONVTAG t=3.20 rough=0.000000 cond=0.000000 evap=0.000000 backs=0.000000
# CANT t=3.20 a_tag=1.0000 a_max=1.0000 xl_tag=0.6511 nlock=3 tune=0.054887
# REG t=3.20 tp n=2 rho=[0.200 0.200 0.200 0.200] gr=0.00006 fl=1.000 | ba n=26065 rho=[0.000 0.000 0.000 0.000] gr=0.00000 fl=0.012
t=    3.60 -4.04e-16 | 1.7057 15.97  21586    0   1266   1143 | 1.4228 14.97 | 2.14e-03 5.02e-04 |   4.6638 0.9550  0.2292  1.0670 1.000 14.33 | edge_dev mean=0.0371 max=0.0387 gg=0.0000 shape_dev=0.0586 xbar=0.6217 | T0 psi=(-2.778,+99.000,-0.022) ggm=0.000 circ=-0.0191 xUDD=(0.263,0.803,0.800)
# CONVTAG t=3.60 rough=0.000000 cond=0.000000 evap=0.000000 backs=0.000000
# CANT t=3.60 a_tag=1.0000 a_max=1.0000 xl_tag=0.6511 nlock=3 tune=0.063939
# REG t=3.60 tp n=2 rho=[0.200 0.200 0.200 0.200] gr=0.00006 fl=1.000 | ba n=26084 rho=[0.000 0.000 0.000 0.000] gr=0.00000 fl=0.016
t=    4.00 -4.04e-16 | 1.7057 16.02  21647    0   1372   1242 | 1.4238 14.98 | 2.12e-03 8.29e-04 |   4.6440 0.9510  0.2309  1.0668 1.000 14.33 | edge_dev mean=0.0352 max=0.0401 gg=0.0421 shape_dev=0.0553 xbar=0.6191 | T0 psi=(-2.898,+99.000,-0.009) ggm=0.000 circ=-0.0178 xUDD=(0.259,0.803,0.795)
# CONVTAG t=4.00 rough=0.000000 cond=0.000000 evap=0.000000 backs=0.000000
# CANT t=4.00 a_tag=1.0000 a_max=1.0000 xl_tag=0.6511 nlock=3 tune=0.072393
# REG t=4.00 tp n=2 rho=[0.200 0.200 0.200 0.200] gr=0.00005 fl=1.000 | ba n=26091 rho=[0.000 0.000 0.000 0.000] gr=0.00000 fl=0.026
t=    4.40 -4.04e-16 | 1.7057 16.05  21695    0   1486   1310 | 1.4246 15.00 | 2.33e-03 6.15e-04 |   4.6231 0.9467  0.2323  1.0665 1.000 14.33 | edge_dev mean=0.0329 max=0.0399 gg=0.0019 shape_dev=0.0515 xbar=0.6164 | T0 psi=(-2.977,+99.000,-0.006) ggm=0.000 circ=-0.0168 xUDD=(0.257,0.799,0.793)
# CONVTAG t=4.40 rough=0.000000 cond=0.000000 evap=0.000000 backs=0.000000
# CANT t=4.40 a_tag=1.0000 a_max=1.0000 xl_tag=0.6511 nlock=3 tune=0.079938
# REG t=4.40 tp n=2 rho=[0.433 0.433 0.433 0.433] gr=0.00068 fl=1.000 | ba n=26137 rho=[0.000 0.000 0.000 0.000] gr=0.00000 fl=0.037
t=    4.80 -5.39e-16 | 1.7057 16.08  21729    0   1577   1406 | 1.4252 15.01 | 2.34e-03 3.69e-04 |   4.6158 0.9452  0.2323  1.0666 1.000 14.33 | edge_dev mean=0.0300 max=0.0374 gg=0.0000 shape_dev=0.0474 xbar=0.6153 | T0 psi=(-3.041,+99.000,-0.019) ggm=0.000 circ=-0.0155 xUDD=(0.254,0.799,0.793)
# CONVTAG t=4.80 rough=0.000000 cond=0.000000 evap=0.000000 backs=0.000000
# CANT t=4.80 a_tag=1.0000 a_max=1.0000 xl_tag=0.6511 nlock=3 tune=0.087457
# REG t=4.80 tp n=2 rho=[0.433 0.433 0.433 0.433] gr=0.00066 fl=1.000 | ba n=26133 rho=[0.000 0.000 0.000 0.000] gr=0.00000 fl=0.048
t=    5.20 -5.39e-16 | 1.7057 16.09  21752    0   1687   1504 | 1.4257 15.02 | 2.35e-03 8.65e-04 |   4.5994 0.9419  0.2318  1.0667 1.000 14.33 | edge_dev mean=0.0266 max=0.0333 gg=0.0000 shape_dev=0.0430 xbar=0.6132 | T0 psi=(-3.093,+99.000,-0.053) ggm=0.000 circ=-0.0138 xUDD=(0.251,0.799,0.789)
# CONVTAG t=5.20 rough=0.000000 cond=0.000000 evap=0.000000 backs=0.000000
# CANT t=5.20 a_tag=1.0000 a_max=1.0000 xl_tag=0.6511 nlock=3 tune=0.094336
# REG t=5.20 tp n=2 rho=[0.433 0.433 0.433 0.433] gr=0.00063 fl=1.000 | ba n=26145 rho=[0.000 0.000 0.000 0.000] gr=0.00000 fl=0.063
t=    5.60 -5.39e-16 | 1.7057 16.13  21799    0   1791   1592 | 1.4265 15.03 | 2.22e-03 8.68e-04 |   4.5848 0.9389  0.2319  1.0670 1.000 14.33 | edge_dev mean=0.0232 max=0.0290 gg=0.0008 shape_dev=0.0385 xbar=0.6112 | T0 psi=(-3.136,+99.000,-0.079) ggm=0.000 circ=-0.0119 xUDD=(0.249,0.796,0.789)
# CONVTAG t=5.60 rough=0.000000 cond=0.000000 evap=0.000000 backs=0.000000
# CANT t=5.60 a_tag=1.0000 a_max=1.0000 xl_tag=0.6511 nlock=3 tune=0.100345
# REG t=5.60 tp n=2 rho=[0.433 0.433 0.433 0.433] gr=0.00061 fl=1.000 | ba n=26161 rho=[0.000 0.000 0.000 0.000] gr=0.00000 fl=0.083
t=    6.00 -5.39e-16 | 1.7056 16.15  21820    2   1887   1672 | 1.4269 15.04 | 2.03e-03 9.37e-04 |   4.5767 0.9372  0.2324  1.0673 1.000 14.33 | edge_dev mean=0.0195 max=0.0245 gg=0.0153 shape_dev=0.0342 xbar=0.6102 | T0 psi=(+3.115,+99.000,-0.114) ggm=0.000 circ=-0.0098 xUDD=(0.248,0.796,0.787)
# CONVTAG t=6.00 rough=0.000000 cond=0.000000 evap=0.000000 backs=0.000000
# CANT t=6.00 a_tag=1.0000 a_max=1.0000 xl_tag=0.6511 nlock=3 tune=0.106592
# REG t=6.00 tp n=2 rho=[0.433 0.433 0.433 0.433] gr=0.00169 fl=1.000 | ba n=26176 rho=[0.000 0.000 0.000 0.000] gr=0.00000 fl=0.103
t=    6.40 -6.73e-16 | 1.7054 16.17  21856    2   1977   1763 | 1.4275 15.05 | 1.65e-03 1.12e-03 |   4.5592 0.9336  0.2329  1.0685 1.000 14.33 | edge_dev mean=0.0159 max=0.0219 gg=0.0000 shape_dev=0.0295 xbar=0.6088 | T0 psi=(+3.085,+99.000,-0.152) ggm=0.000 circ=-0.0078 xUDD=(0.246,0.797,0.784)
# CONVTAG t=6.40 rough=0.000000 cond=0.000000 evap=0.000000 backs=0.000000
# CANT t=6.40 a_tag=1.0000 a_max=1.0000 xl_tag=0.6511 nlock=3 tune=0.112633
# REG t=6.40 tp n=2 rho=[0.433 0.433 0.433 0.433] gr=0.00163 fl=1.000 | ba n=26175 rho=[0.000 0.000 0.000 0.000] gr=0.00000 fl=0.128
t=    6.80 -6.73e-16 | 1.7054 16.19  21882    2   2067   1837 | 1.4280 15.06 | 1.68e-03 1.24e-03 |   4.5513 0.9320  0.2335  1.0673 1.000 14.33 | edge_dev mean=0.0123 max=0.0189 gg=0.0000 shape_dev=0.0242 xbar=0.6068 | T0 psi=(+3.057,+99.000,-0.178) ggm=0.000 circ=-0.0057 xUDD=(0.244,0.793,0.783)
# CONVTAG t=6.80 rough=0.000000 cond=0.000000 evap=0.000000 backs=0.000000
# CANT t=6.80 a_tag=1.0000 a_max=1.0000 xl_tag=0.6511 nlock=3 tune=0.117989
# REG t=6.80 tp n=2 rho=[0.433 0.433 0.433 0.433] gr=0.00156 fl=1.000 | ba n=26190 rho=[0.000 0.000 0.000 0.000] gr=0.00000 fl=0.156
t=    7.20 -6.73e-16 | 1.7054 16.20  21896    2   2161   1919 | 1.4282 15.07 | 1.51e-03 8.71e-04 |   4.5458 0.9309  0.2339  1.0673 1.000 14.33 | edge_dev mean=0.0117 max=0.0165 gg=0.0000 shape_dev=0.0185 xbar=0.6061 | T0 psi=(+3.035,+99.000,-0.216) ggm=0.000 circ=-0.0040 xUDD=(0.242,0.793,0.783)
# CONVTAG t=7.20 rough=0.000000 cond=0.000000 evap=0.000000 backs=0.000000
# CANT t=7.20 a_tag=1.0000 a_max=1.0000 xl_tag=0.6511 nlock=3 tune=0.123017
# REG t=7.20 tp n=2 rho=[0.433 0.433 0.433 0.433] gr=0.00150 fl=1.000 | ba n=26203 rho=[0.000 0.000 0.000 0.000] gr=0.00000 fl=0.192
t=    7.60 -6.73e-16 | 1.7054 16.23  21929    2   2260   1992 | 1.4288 15.08 | 1.50e-03 1.09e-03 |   4.5305 0.9277  0.2343  1.0664 1.000 14.00 | edge_dev mean=0.0106 max=0.0125 gg=0.0196 shape_dev=0.0123 xbar=0.6040 | T0 psi=(+3.017,+99.000,-0.251) ggm=0.000 circ=-0.0026 xUDD=(0.241,0.791,0.780)
# CONVTAG t=7.60 rough=0.000000 cond=0.000000 evap=0.000000 backs=0.000000
# CANT t=7.60 a_tag=1.0000 a_max=1.0000 xl_tag=0.6511 nlock=3 tune=0.128622
# REG t=7.60 tp n=2 rho=[0.433 0.433 0.433 0.433] gr=0.00198 fl=1.000 | ba n=26229 rho=[0.000 0.000 0.000 0.000] gr=0.00000 fl=0.232
t=    8.00 -8.08e-16 | 1.7054 16.23  21939    1   2355   2066 | 1.4291 15.08 | 1.49e-03 7.73e-04 |   4.5236 0.9263  0.2340  1.0652 1.000 14.00 | edge_dev mean=0.0093 max=0.0128 gg=0.0000 shape_dev=0.0057 xbar=0.6031 | T0 psi=(+2.999,+99.000,-0.273) ggm=0.000 circ=-0.0015 xUDD=(0.239,0.791,0.779)
# CONVTAG t=8.00 rough=0.000000 cond=0.000000 evap=0.000000 backs=0.000000
# CANT t=8.00 a_tag=1.0000 a_max=1.0000 xl_tag=0.6511 nlock=3 tune=0.133706
# REG t=8.00 tp n=2 rho=[0.433 0.433 0.433 0.433] gr=0.00191 fl=1.000 | ba n=26251 rho=[0.000 0.000 0.000 0.000] gr=0.00000 fl=0.273
t=    8.40 -8.08e-16 | 1.7054 16.27  21992    2   2451   2140 | 1.4299 15.09 | 1.44e-03 5.25e-04 |   4.5193 0.9255  0.2330  1.0638 1.000 14.00 | edge_dev mean=0.0082 max=0.0170 gg=0.0000 shape_dev=0.0049 xbar=0.6025 | T0 psi=(+2.986,+99.000,-0.298) ggm=0.000 circ=-0.0008 xUDD=(0.238,0.791,0.779)
# CONVTAG t=8.40 rough=0.000000 cond=0.000000 evap=0.000000 backs=0.000000
# CANT t=8.40 a_tag=1.0000 a_max=1.0000 xl_tag=0.6511 nlock=3 tune=0.138291
# REG t=8.40 tp n=2 rho=[0.433 0.433 0.433 0.433] gr=0.00183 fl=1.000 | ba n=26272 rho=[0.000 0.000 0.000 0.001] gr=0.00000 fl=0.325
t=    8.80 -8.08e-16 | 1.7054 16.28  22002    3   2529   2211 | 1.4301 15.10 | 1.50e-03 3.47e-04 |   4.5074 0.9230  0.2313  1.0615 1.000 14.00 | edge_dev mean=0.0094 max=0.0196 gg=0.0000 shape_dev=0.0096 xbar=0.6010 | T0 psi=(+2.492,+99.000,-0.162) ggm=0.000 circ=-0.0002 xUDD=(0.237,0.789,0.777)
# CONVTAG t=8.80 rough=0.000000 cond=0.000000 evap=0.000000 backs=0.000000
# CANT t=8.80 a_tag=1.0000 a_max=1.0000 xl_tag=0.6511 nlock=3 tune=0.142432
# REG t=8.80 tp n=2 rho=[0.433 0.433 0.433 0.433] gr=0.00176 fl=1.000 | ba n=26278 rho=[0.000 0.000 0.000 0.006] gr=0.00000 fl=0.387
t=    9.20 -8.08e-16 | 1.7053 16.29  22022    4   2612   2282 | 1.4304 15.10 | 1.63e-03 4.16e-04 |   4.5029 0.9221  0.2289  1.0587 1.000 13.67 | edge_dev mean=0.0124 max=0.0212 gg=0.0001 shape_dev=0.0180 xbar=0.6004 | T0 psi=(+1.533,+99.000,+0.120) ggm=0.000 circ=+0.0003 xUDD=(0.235,0.789,0.777)
# CONVTAG t=9.20 rough=0.000000 cond=0.000000 evap=0.000000 backs=0.000000
# CANT t=9.20 a_tag=1.0000 a_max=1.0000 xl_tag=0.6511 nlock=3 tune=0.146498
# REG t=9.20 tp n=2 rho=[0.433 0.433 0.433 0.433] gr=0.00169 fl=1.000 | ba n=26289 rho=[0.000 0.000 0.000 0.020] gr=0.00000 fl=0.451
t=    9.60 -8.08e-16 | 1.7052 16.32  22052    6   2685   2351 | 1.4309 15.10 | 1.62e-03 5.87e-04 |   4.5001 0.9215  0.2264  1.0554 1.000 13.67 | edge_dev mean=0.0163 max=0.0232 gg=0.0098 shape_dev=0.0274 xbar=0.6000 | T0 psi=(+0.394,+99.000,+0.355) ggm=0.000 circ=+0.0006 xUDD=(0.234,0.789,0.777)
# CONVTAG t=9.60 rough=0.000000 cond=0.000000 evap=0.000000 backs=0.000000
# CANT t=9.60 a_tag=1.0000 a_max=1.0000 xl_tag=0.6511 nlock=3 tune=0.150010
# REG t=9.60 tp n=2 rho=[0.433 0.433 0.433 0.433] gr=0.00162 fl=1.000 | ba n=26291 rho=[0.000 0.000 0.000 0.049] gr=0.00000 fl=0.520
t=   10.00 -8.08e-16 | 1.7052 16.32  22058    7   2754   2409 | 1.4310 15.10 | 1.61e-03 3.18e-04 |   4.4939 0.9203  0.2237  1.0513 1.000 13.67 | edge_dev mean=0.0204 max=0.0331 gg=0.0000 shape_dev=0.0379 xbar=0.5992 | T0 psi=(-0.602,+99.000,+0.471) ggm=0.000 circ=+0.0008 xUDD=(0.232,0.789,0.776)
# CONVTAG t=10.00 rough=0.000000 cond=0.000000 evap=0.000000 backs=0.000000
# CANT t=10.00 a_tag=1.0000 a_max=1.0000 xl_tag=0.6511 nlock=3 tune=0.153076
# REG t=10.00 tp n=2 rho=[0.433 0.433 0.433 0.433] gr=0.00156 fl=1.000 | ba n=26301 rho=[0.000 0.000 0.000 0.102] gr=0.00000 fl=0.591
t=   10.40 -8.08e-16 | 1.7050 16.35  22092    5   2848   2480 | 1.4315 15.11 | 1.69e-03 4.54e-04 |   4.4865 0.9187  0.2217  1.0464 1.000 14.00 | edge_dev mean=0.0247 max=0.0448 gg=0.0000 shape_dev=0.0470 xbar=0.5982 | T0 psi=(-1.501,+99.000,+0.532) ggm=0.000 circ=+0.0009 xUDD=(0.231,0.788,0.775)
# CONVTAG t=10.40 rough=0.000000 cond=0.000000 evap=0.000000 backs=0.000000
# CANT t=10.40 a_tag=1.0000 a_max=1.0000 xl_tag=0.6511 nlock=3 tune=0.155940
# REG t=10.40 tp n=2 rho=[0.422 0.422 0.422 0.422] gr=0.00150 fl=1.000 | ba n=26326 rho=[0.000 0.000 0.000 0.161] gr=0.00000 fl=0.656
t=   10.80 -8.08e-16 | 1.7048 16.36  22104    7   2919   2549 | 1.4317 15.11 | 1.61e-03 3.64e-03 |   4.4826 0.9179  0.2198  1.0416 1.000 14.00 | edge_dev mean=0.0289 max=0.0556 gg=0.0000 shape_dev=0.0543 xbar=0.5977 | T0 psi=(-2.345,+99.000,+0.573) ggm=0.000 circ=+0.0010 xUDD=(0.230,0.787,0.775)
# CONVTAG t=10.80 rough=0.000000 cond=0.000000 evap=0.000000 backs=0.000000
# CANT t=10.80 a_tag=1.0000 a_max=1.0000 xl_tag=0.6511 nlock=3 tune=0.158734
# REG t=10.80 tp n=2 rho=[0.422 0.422 0.422 0.422] gr=0.00144 fl=1.000 | ba n=26326 rho=[0.000 0.000 0.002 0.213] gr=0.00000 fl=0.713
t=   11.20 -8.08e-16 | 1.7047 16.37  22122   12   3005   2633 | 1.4320 15.12 | 1.89e-03 5.71e-03 |   4.4737 0.9161  0.2175  1.0369 1.000 14.00 | edge_dev mean=0.0330 max=0.0662 gg=0.0000 shape_dev=0.0614 xbar=0.5965 | T0 psi=(+3.120,+99.000,+0.590) ggm=0.000 circ=+0.0011 xUDD=(0.229,0.786,0.774)
# CONVTAG t=11.20 rough=0.000000 cond=0.000000 evap=0.000000 backs=0.000000
# CANT t=11.20 a_tag=1.0000 a_max=1.0000 xl_tag=0.6511 nlock=3 tune=0.161435
# REG t=11.20 tp n=2 rho=[0.422 0.422 0.422 0.422] gr=0.00138 fl=1.000 | ba n=26323 rho=[0.000 0.000 0.004 0.268] gr=0.00000 fl=0.760
t=   11.60 -8.08e-16 | 1.7045 16.38  22138   14   3080   2718 | 1.4323 15.12 | 1.50e-03 6.62e-03 |   4.4657 0.9145  0.2161  1.0318 1.000 13.67 | edge_dev mean=0.0380 max=0.0773 gg=0.0126 shape_dev=0.0678 xbar=0.5954 | T0 psi=(+2.333,+99.000,+0.600) ggm=0.000 circ=+0.0012 xUDD=(0.228,0.785,0.773)
# CONVTAG t=11.60 rough=0.000000 cond=0.000000 evap=0.000000 backs=0.000000
# CANT t=11.60 a_tag=1.0000 a_max=1.0000 xl_tag=0.6511 nlock=3 tune=0.164019
# REG t=11.60 tp n=2 rho=[0.422 0.422 0.422 0.422] gr=0.00133 fl=1.000 | ba n=26311 rho=[0.000 0.000 0.008 0.308] gr=0.00000 fl=0.794
t=   12.00 -8.08e-16 | 1.7044 16.39  22157   15   3147   2777 | 1.4326 15.13 | 1.41e-03 6.62e-03 |   4.4541 0.9121  0.2157  1.0269 1.000 13.33 | edge_dev mean=0.0443 max=0.0888 gg=0.0000 shape_dev=0.0742 xbar=0.5945 | T0 psi=(+1.565,+99.000,+0.604) ggm=0.000 circ=+0.0013 xUDD=(0.227,0.783,0.773)
# CONVTAG t=12.00 rough=0.000000 cond=0.000000 evap=0.000000 backs=0.000000
# CANT t=12.00 a_tag=1.0000 a_max=1.0000 xl_tag=0.6511 nlock=3 tune=0.166559
# REG t=12.00 tp n=2 rho=[0.415 0.415 0.415 0.415] gr=0.00128 fl=1.000 | ba n=26318 rho=[0.000 0.000 0.011 0.336] gr=0.00000 fl=0.819
t=   12.40 -8.08e-16 | 1.7042 16.40  22160   14   3236   2841 | 1.4328 15.13 | 1.55e-03 6.11e-03 |   4.4494 0.9111  0.2158  1.0208 1.000 13.00 | edge_dev mean=0.0515 max=0.1005 gg=0.0000 shape_dev=0.0801 xbar=0.5932 | T0 psi=(+0.815,+99.000,+0.598) ggm=0.000 circ=+0.0015 xUDD=(0.226,0.783,0.771)
# CONVTAG t=12.40 rough=0.000000 cond=0.000000 evap=0.000000 backs=0.000000
# CANT t=12.40 a_tag=1.0000 a_max=1.0000 xl_tag=0.6511 nlock=3 tune=0.168990
# REG t=12.40 tp n=2 rho=[0.415 0.415 0.415 0.415] gr=0.00123 fl=1.000 | ba n=26343 rho=[0.000 0.000 0.015 0.349] gr=0.00000 fl=0.836
t=   12.80 -8.08e-16 | 1.7041 16.43  22199   13   3329   2923 | 1.4333 15.14 | 1.56e-03 5.78e-03 |   4.4407 0.9094  0.2169  1.0156 1.000 13.00 | edge_dev mean=0.0587 max=0.1110 gg=0.0000 shape_dev=0.0844 xbar=0.5921 | T0 psi=(+0.017,+99.000,+0.740) ggm=0.000 circ=+0.0016 xUDD=(0.224,0.781,0.771)
# CONVTAG t=12.80 rough=0.000000 cond=0.000000 evap=0.000000 backs=0.000000
# CANT t=12.80 a_tag=1.0000 a_max=1.0000 xl_tag=0.6511 nlock=3 tune=0.171385
# REG t=12.80 tp n=2 rho=[0.415 0.415 0.415 0.415] gr=0.00118 fl=1.000 | ba n=26355 rho=[0.000 0.000 0.017 0.366] gr=0.00000 fl=0.846
t=   13.20 -8.08e-16 | 1.7040 16.43  22207    8   3405   2989 | 1.4335 15.14 | 1.26e-03 6.06e-03 |   4.4326 0.9077  0.2186  1.0113 1.000 13.00 | edge_dev mean=0.0652 max=0.1198 gg=0.0000 shape_dev=0.0875 xbar=0.5911 | T0 psi=(-0.952,+99.000,+1.571) ggm=0.000 circ=+0.0016 xUDD=(0.223,0.780,0.770)
# CONVTAG t=13.20 rough=0.000000 cond=0.000000 evap=0.000000 backs=0.000000
# CANT t=13.20 a_tag=1.0000 a_max=1.0000 xl_tag=0.6511 nlock=3 tune=0.173727
# REG t=13.20 tp n=2 rho=[0.408 0.408 0.408 0.408] gr=0.00113 fl=1.000 | ba n=26370 rho=[0.000 0.000 0.020 0.371] gr=0.00000 fl=0.852
t=   13.60 -8.08e-16 | 1.7038 16.44  22217    6   3462   3038 | 1.4336 15.14 | 1.22e-03 5.70e-03 |   4.4277 0.9067  0.2215  1.0084 1.000 13.33 | edge_dev mean=0.0704 max=0.1250 gg=0.0000 shape_dev=0.0882 xbar=0.5904 | T0 psi=(-1.815,+99.000,+2.328) ggm=0.000 circ=+0.0016 xUDD=(0.222,0.780,0.769)
# CONVTAG t=13.60 rough=0.000000 cond=0.000000 evap=0.000000 backs=0.000000
# CANT t=13.60 a_tag=1.0000 a_max=1.0000 xl_tag=0.6511 nlock=3 tune=0.175890
# REG t=13.60 tp n=2 rho=[0.408 0.408 0.408 0.408] gr=0.00109 fl=1.000 | ba n=26380 rho=[0.000 0.000 0.021 0.380] gr=0.00000 fl=0.855
t=   14.00 -8.08e-16 | 1.7037 16.44  22221    6   3540   3100 | 1.4338 15.15 | 1.34e-03 5.47e-03 |   4.4234 0.9058  0.2244  1.0062 1.000 13.33 | edge_dev mean=0.0751 max=0.1288 gg=0.0000 shape_dev=0.0903 xbar=0.5898 | T0 psi=(-2.631,+99.000,+3.048) ggm=0.000 circ=+0.0016 xUDD=(0.221,0.779,0.769)
# CONVTAG t=14.00 rough=0.000000 cond=0.000000 evap=0.000000 backs=0.000000
# CANT t=14.00 a_tag=1.0000 a_max=1.0000 xl_tag=0.6511 nlock=3 tune=0.177916
# REG t=14.00 tp n=2 rho=[0.408 0.408 0.408 0.408] gr=0.00105 fl=1.000 | ba n=26396 rho=[0.000 0.000 0.022 0.399] gr=0.00000 fl=0.857
t=   14.40 -8.08e-16 | 1.7036 16.45  22234    9   3614   3178 | 1.4340 15.15 | 1.22e-03 5.09e-03 |   4.4191 0.9049  0.2261  1.0029 1.000 13.33 | edge_dev mean=0.0804 max=0.1355 gg=0.0000 shape_dev=0.0962 xbar=0.5892 | T0 psi=(+2.876,+99.000,-2.537) ggm=0.000 circ=+0.0016 xUDD=(0.220,0.778,0.769)
# CONVTAG t=14.40 rough=0.000000 cond=0.000000 evap=0.000000 backs=0.000000
# CANT t=14.40 a_tag=1.0000 a_max=1.0000 xl_tag=0.6511 nlock=3 tune=0.179782
# REG t=14.40 tp n=2 rho=[0.408 0.408 0.408 0.408] gr=0.00100 fl=1.000 | ba n=26389 rho=[0.000 0.000 0.023 0.401] gr=0.00000 fl=0.860
t=   14.80 -8.08e-16 | 1.7034 16.46  22240   14   3664   3236 | 1.4341 15.15 | 3.35e-03 1.01e-02 |   4.4128 0.9037  0.2274  0.9994 1.000 13.33 | edge_dev mean=0.0858 max=0.1432 gg=0.0000 shape_dev=0.1023 xbar=0.5884 | T0 psi=(+2.119,+99.000,-1.841) ggm=0.000 circ=+0.0016 xUDD=(0.220,0.776,0.769)
# CONVTAG t=14.80 rough=0.000000 cond=0.000000 evap=0.000000 backs=0.000000
# CANT t=14.80 a_tag=1.0000 a_max=1.0000 xl_tag=0.6511 nlock=3 tune=0.181467
# REG t=14.80 tp n=2 rho=[0.408 0.408 0.408 0.408] gr=0.00096 fl=1.000 | ba n=26376 rho=[0.000 0.000 0.024 0.402] gr=0.00000 fl=0.862
t=   15.20 -8.08e-16 | 1.7031 16.47  22259   14   3721   3291 | 1.4344 15.16 | 1.25e-03 1.01e-02 |   4.4092 0.9029  0.2272  0.9955 1.000 13.33 | edge_dev mean=0.0914 max=0.1516 gg=0.0000 shape_dev=0.1087 xbar=0.5879 | T0 psi=(+1.371,+99.000,-1.140) ggm=0.000 circ=+0.0016 xUDD=(0.219,0.776,0.769)
# CONVTAG t=15.20 rough=0.000000 cond=0.000000 evap=0.000000 backs=0.000000
# CANT t=15.20 a_tag=1.0000 a_max=1.0000 xl_tag=0.6511 nlock=3 tune=0.182971
# REG t=15.20 tp n=2 rho=[0.408 0.408 0.408 0.408] gr=0.00093 fl=1.000 | ba n=26378 rho=[0.000 0.000 0.026 0.408] gr=0.00000 fl=0.864
t=   15.60 -8.08e-16 | 1.7028 16.48  22271   20   3793   3348 | 1.4346 15.16 | 1.52e-03 9.48e-03 |   4.4049 0.9020  0.2260  0.9915 1.000 13.67 | edge_dev mean=0.0973 max=0.1606 gg=0.0000 shape_dev=0.1154 xbar=0.5873 | T0 psi=(+0.626,+99.000,-0.431) ggm=0.000 circ=+0.0016 xUDD=(0.217,0.776,0.769)
# CONVTAG t=15.60 rough=0.000000 cond=0.000000 evap=0.000000 backs=0.000000
# CANT t=15.60 a_tag=1.0000 a_max=1.0000 xl_tag=0.6511 nlock=3 tune=0.184138
# REG t=15.60 tp n=2 rho=[0.408 0.408 0.408 0.408] gr=0.00089 fl=1.000 | ba n=26388 rho=[0.000 0.000 0.027 0.415] gr=0.00000 fl=0.865
t=   16.00 -8.08e-16 | 1.7023 16.48  22271   26   3859   3404 | 1.4346 15.16 | 1.63e-03 1.06e-02 |   4.3881 0.8986  0.2243  0.9887 1.000 13.67 | edge_dev mean=0.1026 max=0.1671 gg=0.0000 shape_dev=0.1213 xbar=0.5850 | T0 psi=(-0.144,+99.000,+0.296) ggm=0.000 circ=+0.0016 xUDD=(0.212,0.774,0.769)
# CONVTAG t=16.00 rough=0.000000 cond=0.000000 evap=0.000000 backs=0.000000
# CANT t=16.00 a_tag=1.0000 a_max=1.0000 xl_tag=0.6511 nlock=3 tune=0.185353
# REG t=16.00 tp n=2 rho=[0.408 0.408 0.408 0.408] gr=0.00086 fl=1.000 | ba n=26392 rho=[0.000 0.000 0.028 0.418] gr=0.00000 fl=0.867
t=   16.40 -8.08e-16 | 1.7018 16.49  22292   24   3919   3463 | 1.4349 15.16 | 1.80e-03 8.82e-03 |   4.3857 0.8981  0.2240  0.9863 1.000 13.33 | edge_dev mean=0.1070 max=0.1711 gg=0.0000 shape_dev=0.1261 xbar=0.5846 | T0 psi=(-0.892,+99.000,+1.045) ggm=0.000 circ=+0.0016 xUDD=(0.212,0.773,0.769)
# CONVTAG t=16.40 rough=0.000000 cond=0.000000 evap=0.000000 backs=0.000000
# CANT t=16.40 a_tag=1.0000 a_max=1.0000 xl_tag=0.6511 nlock=3 tune=0.188207
# REG t=16.40 tp n=2 rho=[0.408 0.408 0.408 0.408] gr=0.00082 fl=1.000 | ba n=26395 rho=[0.000 0.000 0.029 0.415] gr=0.00000 fl=0.868
t=   16.80 -8.08e-16 | 1.7012 16.50  22298   22   3979   3526 | 1.4351 15.17 | 1.98e-03 8.08e-03 |   4.4019 0.9014  0.2261  0.9835 1.000 13.00 | edge_dev mean=0.1096 max=0.1762 gg=0.0000 shape_dev=0.1291 xbar=0.5868 | T0 psi=(-1.578,+99.000,+1.754) ggm=0.000 circ=+0.0016 xUDD=(0.219,0.773,0.768)
# CONVTAG t=16.80 rough=0.000000 cond=0.000000 evap=0.000000 backs=0.000000
# CANT t=16.80 a_tag=1.0000 a_max=1.0000 xl_tag=0.6511 nlock=3 tune=0.190550
# REG t=16.80 tp n=2 rho=[0.408 0.408 0.408 0.408] gr=0.00079 fl=1.000 | ba n=26395 rho=[0.000 0.000 0.031 0.419] gr=0.00000 fl=0.870
t=   17.20 -8.08e-16 | 1.7011 16.50  22301   24   4046   3582 | 1.4351 15.17 | 1.49e-03 9.83e-03 |   4.4055 0.9022  0.2251  0.9811 1.000 13.00 | edge_dev mean=0.1111 max=0.1822 gg=0.0000 shape_dev=0.1313 xbar=0.5873 | T0 psi=(-2.276,+99.000,+2.431) ggm=0.000 circ=+0.0016 xUDD=(0.222,0.772,0.768)
# CONVTAG t=17.20 rough=0.000000 cond=0.000000 evap=0.000000 backs=0.000000
# CANT t=17.20 a_tag=1.0000 a_max=1.0000 xl_tag=0.6511 nlock=3 tune=0.192235
# REG t=17.20 tp n=2 rho=[0.408 0.408 0.408 0.408] gr=0.00076 fl=1.000 | ba n=26404 rho=[0.000 0.000 0.033 0.428] gr=0.00000 fl=0.871
t=   17.60 -8.08e-16 | 1.7005 16.51  22313   21   4113   3647 | 1.4353 15.17 | 6.05e-03 1.36e-02 |   4.3878 0.8985  0.2225  0.9794 1.000 13.33 | edge_dev mean=0.1125 max=0.1880 gg=0.0000 shape_dev=0.1333 xbar=0.5850 | T0 psi=(-2.988,+99.000,+3.020) ggm=0.000 circ=+0.0016 xUDD=(0.216,0.772,0.768)
# CONVTAG t=17.60 rough=0.000000 cond=0.000000 evap=0.000000 backs=0.000000
# CANT t=17.60 a_tag=1.0000 a_max=1.0000 xl_tag=0.6511 nlock=3 tune=0.194277
# REG t=17.60 tp n=2 rho=[0.408 0.408 0.408 0.408] gr=0.00073 fl=1.000 | ba n=26409 rho=[0.000 0.000 0.034 0.436] gr=0.00000 fl=0.872
t=   18.00 -8.08e-16 | 1.7002 16.51  22320   20   4171   3717 | 1.4354 15.17 | 2.16e-03 9.12e-03 |   4.3901 0.8990  0.2222  0.9777 1.000 13.33 | edge_dev mean=0.1131 max=0.1928 gg=0.0000 shape_dev=0.1345 xbar=0.5853 | T0 psi=(+2.579,+99.000,-2.560) ggm=0.000 circ=+0.0016 xUDD=(0.218,0.771,0.767)
# CONVTAG t=18.00 rough=0.000000 cond=0.000000 evap=0.000000 backs=0.000000
# CANT t=18.00 a_tag=1.0000 a_max=1.0000 xl_tag=0.6511 nlock=3 tune=0.196297
# REG t=18.00 tp n=2 rho=[0.408 0.408 0.408 0.408] gr=0.00070 fl=1.000 | ba n=26397 rho=[0.000 0.000 0.037 0.435] gr=0.00000 fl=0.874
t=   18.40 -8.08e-16 | 1.6999 16.52  22333   21   4226   3786 | 1.4356 15.17 | 1.24e-03 1.06e-02 |   4.4102 0.9031  0.2228  0.9757 1.000 13.33 | edge_dev mean=0.1138 max=0.1968 gg=0.0000 shape_dev=0.1357 xbar=0.5880 | T0 psi=(+2.970,+99.000,-2.909) ggm=0.000 circ=+0.0016 xUDD=(0.225,0.772,0.767)
# CONVTAG t=18.40 rough=0.000000 cond=0.000000 evap=0.000000 backs=0.000000
# CANT t=18.40 a_tag=1.0000 a_max=1.0000 xl_tag=0.6511 nlock=3 tune=0.201300
# REG t=18.40 tp n=2 rho=[0.408 0.408 0.408 0.408] gr=0.00067 fl=1.000 | ba n=26382 rho=[0.000 0.000 0.039 0.442] gr=0.00000 fl=0.876
t=   18.80 -8.08e-16 | 1.6993 16.52  22327   23   4277   3854 | 1.4356 15.17 | 1.62e-03 7.34e-03 |   4.4098 0.9030  0.2206  0.9748 1.000 13.33 | edge_dev mean=0.1142 max=0.1998 gg=0.0000 shape_dev=0.1375 xbar=0.5880 | T0 psi=(+2.506,+99.000,-2.858) ggm=0.000 circ=+0.0016 xUDD=(0.224,0.772,0.767)
# CONVTAG t=18.80 rough=0.000000 cond=0.000000 evap=0.000000 backs=0.000000
# CANT t=18.80 a_tag=1.0000 a_max=1.0000 xl_tag=0.6511 nlock=3 tune=0.205292
# REG t=18.80 tp n=2 rho=[0.408 0.408 0.408 0.408] gr=0.00065 fl=1.000 | ba n=26363 rho=[0.000 0.000 0.041 0.449] gr=0.00000 fl=0.878
t=   19.20 -8.08e-16 | 1.6990 16.54  22349   24   4338   3911 | 1.4358 15.17 | 1.73e-03 8.71e-03 |   4.4073 0.9025  0.2190  0.9735 1.000 13.33 | edge_dev mean=0.1158 max=0.2031 gg=0.0000 shape_dev=0.1399 xbar=0.5876 | T0 psi=(+1.492,+99.000,-2.654) ggm=0.000 circ=+0.0016 xUDD=(0.223,0.772,0.768)
# CONVTAG t=19.20 rough=0.000000 cond=0.000000 evap=0.000000 backs=0.000000
# CANT t=19.20 a_tag=1.0000 a_max=1.0000 xl_tag=0.6511 nlock=3 tune=0.208575
# REG t=19.20 tp n=2 rho=[0.408 0.408 0.408 0.408] gr=0.00062 fl=1.000 | ba n=26366 rho=[0.000 0.000 0.044 0.452] gr=0.00000 fl=0.878
t=   19.60 -8.08e-16 | 1.6986 16.55  22362   27   4394   3974 | 1.4360 15.17 | 3.53e-03 1.42e-02 |   4.4076 0.9026  0.2190  0.9722 1.000 13.33 | edge_dev mean=0.1176 max=0.2058 gg=0.0155 shape_dev=0.1414 xbar=0.5877 | T0 psi=(+0.588,+99.000,-2.447) ggm=0.000 circ=+0.0016 xUDD=(0.224,0.772,0.767)
# CONVTAG t=19.60 rough=0.000000 cond=0.000000 evap=0.000000 backs=0.000000
# CANT t=19.60 a_tag=1.0000 a_max=1.0000 xl_tag=0.6511 nlock=3 tune=0.211907
# REG t=19.60 tp n=2 rho=[0.408 0.408 0.408 0.408] gr=0.00060 fl=1.000 | ba n=26356 rho=[0.000 0.000 0.048 0.454] gr=0.00000 fl=0.880
t=   20.00 -8.08e-16 | 1.6981 16.55  22369   34   4460   4031 | 1.4360 15.17 | 1.17e-03 7.67e-03 |   4.4058 0.9022  0.2183  0.9719 1.000 13.33 | edge_dev mean=0.1182 max=0.2069 gg=0.0001 shape_dev=0.1421 xbar=0.5874 | T0 psi=(-0.234,+99.000,-2.507) ggm=0.000 circ=+0.0016 xUDD=(0.222,0.772,0.768)
# CONVTAG t=20.00 rough=0.000000 cond=0.000000 evap=0.000000 backs=0.000000
# CANT t=20.00 a_tag=1.0000 a_max=1.0000 xl_tag=0.6511 nlock=3 tune=0.215859
# REG t=20.00 tp n=2 rho=[0.408 0.408 0.408 0.408] gr=0.00057 fl=1.000 | ba n=26358 rho=[0.000 0.000 0.050 0.464] gr=0.00000 fl=0.881
t=   20.40 -8.08e-16 | 1.6977 16.55  22366   34   4510   4082 | 1.4360 15.16 | 2.69e-03 1.01e-02 |   4.4034 0.9017  0.2177  0.9718 1.000 13.33 | edge_dev mean=0.1184 max=0.2073 gg=0.0131 shape_dev=0.1424 xbar=0.5871 | T0 psi=(-0.864,+99.000,-3.101) ggm=0.000 circ=+0.0016 xUDD=(0.221,0.772,0.768)
# CONVTAG t=20.40 rough=0.000000 cond=0.000000 evap=0.000000 backs=0.000000
# CANT t=20.40 a_tag=1.0000 a_max=1.0000 xl_tag=0.6511 nlock=3 tune=0.219061
# REG t=20.40 tp n=2 rho=[0.413 0.413 0.413 0.413] gr=0.00055 fl=1.000 | ba n=26356 rho=[0.000 0.000 0.053 0.472] gr=0.00000 fl=0.882
t=   20.80 -8.08e-16 | 1.6971 16.55  22362   41   4573   4138 | 1.4359 15.17 | 5.97e-03 2.12e-02 |   4.5826 0.9384  0.2024  0.9709 1.000 13.33 | edge_dev mean=0.1189 max=0.2085 gg=0.0699 shape_dev=0.1432 xbar=0.6110 | T0 psi=(-1.687,+99.000,+3.006) ggm=0.000 circ=+0.0015 xUDD=(0.220,0.844,0.769)
# CONVTAG t=20.80 rough=0.000000 cond=0.156738 evap=0.000000 backs=0.000000
# CANT t=20.80 a_tag=1.0000 a_max=1.0000 xl_tag=0.6511 nlock=3 tune=0.221662
# REG t=20.80 tp n=2 rho=[0.413 0.413 0.413 0.413] gr=0.00053 fl=1.000 | ba n=26356 rho=[0.000 0.000 0.056 0.477] gr=0.00000 fl=0.883
t=   21.20 -8.08e-16 | 1.6965 16.54  22356   42   4629   4196 | 1.4359 15.17 | 2.45e-03 9.18e-03 |   4.5726 0.9364  0.2076  0.9775 1.000 13.00 | edge_dev mean=0.1126 max=0.1915 gg=0.0014 shape_dev=0.1337 xbar=0.6096 | T0 psi=(-2.481,+99.000,+3.094) ggm=0.000 circ=+0.0015 xUDD=(0.224,0.835,0.770)
# CONVTAG t=21.20 rough=0.000000 cond=0.156738 evap=0.000000 backs=0.000000
# CANT t=21.20 a_tag=1.0000 a_max=1.0000 xl_tag=0.6511 nlock=3 tune=0.235481
# REG t=21.20 tp n=2 rho=[0.413 0.413 0.413 0.413] gr=0.00051 fl=1.000 | ba n=26353 rho=[0.000 0.000 0.061 0.487] gr=0.00000 fl=0.884
t=   21.60 -8.08e-16 | 1.6959 16.55  22370   35   4663   4265 | 1.4361 15.17 | 1.06e-02 2.89e-02 |   4.5620 0.9342  0.2111  0.9833 1.000 12.67 | edge_dev mean=0.1060 max=0.1775 gg=0.0337 shape_dev=0.1258 xbar=0.6082 | T0 psi=(+2.913,+99.000,-2.917) ggm=0.000 circ=+0.0015 xUDD=(0.226,0.828,0.771)
# CONVTAG t=21.60 rough=0.000000 cond=0.156738 evap=0.000000 backs=0.000000
# CANT t=21.60 a_tag=1.0000 a_max=1.0000 xl_tag=0.6511 nlock=3 tune=0.246590
# REG t=21.60 tp n=2 rho=[0.413 0.413 0.413 0.413] gr=0.00049 fl=1.000 | ba n=26325 rho=[0.000 0.000 0.065 0.493] gr=0.00000 fl=0.887
t=   22.00 -8.08e-16 | 1.6953 16.55  22371   42   4723   4322 | 1.4360 15.16 | 3.28e-03 8.46e-03 |   4.5355 0.9288  0.2112  0.9806 1.000 13.00 | edge_dev mean=0.1100 max=0.1891 gg=0.0000 shape_dev=0.1310 xbar=0.6069 | T0 psi=(+2.098,+99.000,-2.744) ggm=0.000 circ=+0.0015 xUDD=(0.228,0.821,0.772)
# CONVTAG t=22.00 rough=0.000000 cond=0.156738 evap=0.000000 backs=0.000000
# CANT t=22.00 a_tag=1.0000 a_max=1.0000 xl_tag=0.6511 nlock=3 tune=0.255397
# REG t=22.00 tp n=2 rho=[0.439 0.439 0.439 0.439] gr=0.00047 fl=1.000 | ba n=26321 rho=[0.000 0.000 0.070 0.502] gr=0.00000 fl=0.887
t=   22.40 -8.08e-16 | 1.6948 16.56  22384   40   4785   4387 | 1.4362 15.16 | 1.51e-03 6.87e-03 |   4.5299 0.9276  0.2113  0.9740 1.000 13.00 | edge_dev mean=0.1148 max=0.2013 gg=0.0000 shape_dev=0.1377 xbar=0.6040 | T0 psi=(+1.300,+99.000,-2.630) ggm=0.000 circ=+0.0015 xUDD=(0.229,0.810,0.773)
# CONVTAG t=22.40 rough=0.000000 cond=0.156738 evap=0.000000 backs=0.000000
# CANT t=22.40 a_tag=1.0000 a_max=1.0000 xl_tag=0.6511 nlock=3 tune=0.263073
# REG t=22.40 tp n=2 rho=[0.441 0.441 0.441 0.441] gr=0.00045 fl=1.000 | ba n=26320 rho=[0.000 0.000 0.076 0.511] gr=0.00000 fl=0.888
t=   22.80 -8.08e-16 | 1.6942 16.57  22390   31   4834   4443 | 1.4362 15.16 | 1.66e-03 8.19e-03 |   4.5274 0.9271  0.2126  0.9691 1.000 13.33 | edge_dev mean=0.1200 max=0.2135 gg=0.0000 shape_dev=0.1470 xbar=0.6036 | T0 psi=(+0.519,+99.000,-2.555) ggm=0.000 circ=+0.0015 xUDD=(0.229,0.808,0.774)
# CONVTAG t=22.80 rough=0.000000 cond=0.156738 evap=0.000000 backs=0.000000
# CANT t=22.80 a_tag=1.0000 a_max=1.0000 xl_tag=0.6511 nlock=3 tune=0.269632
# REG t=22.80 tp n=2 rho=[0.441 0.441 0.441 0.441] gr=0.00044 fl=1.000 | ba n=26322 rho=[0.000 0.000 0.083 0.514] gr=0.00000 fl=0.889
t=   23.20 -8.08e-16 | 1.6936 16.57  22389   34   4887   4502 | 1.4362 15.16 | 2.24e-03 7.48e-03 |   4.5259 0.9268  0.2150  0.9650 1.000 13.33 | edge_dev mean=0.1243 max=0.2234 gg=0.0000 shape_dev=0.1544 xbar=0.6034 | T0 psi=(-0.254,+99.000,-2.505) ggm=0.000 circ=+0.0016 xUDD=(0.230,0.806,0.775)
# CONVTAG t=23.20 rough=0.000000 cond=0.156738 evap=0.000000 backs=0.000000
# CANT t=23.20 a_tag=1.0000 a_max=1.0000 xl_tag=0.6511 nlock=3 tune=0.275639
# REG t=23.20 tp n=2 rho=[0.441 0.441 0.441 0.441] gr=0.00042 fl=1.000 | ba n=26314 rho=[0.000 0.000 0.088 0.525] gr=0.00000 fl=0.890
t=   23.60 -8.08e-16 | 1.6931 16.56  22384   33   4941   4574 | 1.4362 15.16 | 3.34e-03 1.15e-02 |   4.5221 0.9260  0.2171  0.9602 1.000 13.33 | edge_dev mean=0.1331 max=0.2320 gg=0.0514 shape_dev=0.1576 xbar=0.6028 | T0 psi=(-1.004,+99.000,-2.440) ggm=0.000 circ=+0.0016 xUDD=(0.231,0.802,0.776)
# CONVTAG t=23.60 rough=0.000000 cond=0.156738 evap=0.000000 backs=0.000000
# CANT t=23.60 a_tag=1.0000 a_max=1.0000 xl_tag=0.6511 nlock=3 tune=0.281143
# REG t=23.60 tp n=2 rho=[0.441 0.441 0.441 0.441] gr=0.00040 fl=1.000 | ba n=26296 rho=[0.000 0.000 0.094 0.534] gr=0.00000 fl=0.891
t=   24.00 -8.08e-16 | 1.6924 16.55  22373   29   4995   4639 | 1.4360 15.16 | 1.69e-03 8.71e-03 |   4.5220 0.9260  0.2158  0.9575 1.000 13.33 | edge_dev mean=0.1448 max=0.2314 gg=0.0000 shape_dev=0.1682 xbar=0.6028 | T0 psi=(-1.708,+99.000,-2.325) ggm=0.000 circ=+0.0016 xUDD=(0.231,0.801,0.776)
# CONVTAG t=24.00 rough=0.000000 cond=0.156738 evap=0.000000 backs=0.000000
# CANT t=24.00 a_tag=1.0000 a_max=1.0000 xl_tag=0.6511 nlock=3 tune=0.286244
# REG t=24.00 tp n=2 rho=[0.442 0.442 0.442 0.442] gr=0.00039 fl=1.000 | ba n=26289 rho=[0.000 0.000 0.104 0.540] gr=0.00000 fl=0.892
t=   24.40 -8.08e-16 | 1.6919 16.56  22383   26   5039   4693 | 1.4361 15.16 | 2.04e-03 6.56e-03 |   4.5111 0.9238  0.2172  0.9576 1.000 13.33 | edge_dev mean=0.1456 max=0.2308 gg=0.0000 shape_dev=0.1688 xbar=0.6013 | T0 psi=(-2.491,+99.000,-2.313) ggm=0.000 circ=+0.0016 xUDD=(0.230,0.799,0.775)
# CONVTAG t=24.40 rough=0.000000 cond=0.156738 evap=0.000000 backs=0.000000
# CANT t=24.40 a_tag=1.0000 a_max=1.0000 xl_tag=0.6511 nlock=3 tune=0.291868
# REG t=24.40 tp n=2 rho=[0.442 0.442 0.442 0.442] gr=0.00037 fl=1.000 | ba n=26282 rho=[0.000 0.001 0.113 0.543] gr=0.00000 fl=0.893
t=   24.80 -8.08e-16 | 1.6913 16.55  22369   30   5077   4745 | 1.4359 15.16 | 1.90e-03 7.88e-03 |   4.4953 0.9205  0.2213  0.9579 1.000 13.00 | edge_dev mean=0.1434 max=0.2319 gg=0.0000 shape_dev=0.1670 xbar=0.5992 | T0 psi=(+2.994,+99.000,-2.342) ggm=0.000 circ=+0.0016 xUDD=(0.228,0.795,0.774)
# CONVTAG t=24.80 rough=0.000000 cond=0.156738 evap=0.000000 backs=0.000000
# CANT t=24.80 a_tag=1.0000 a_max=1.0000 xl_tag=0.6511 nlock=3 tune=0.301017
# REG t=24.80 tp n=2 rho=[0.442 0.442 0.442 0.442] gr=0.00036 fl=1.000 | ba n=26264 rho=[0.000 0.001 0.121 0.559] gr=0.00000 fl=0.894
t=   25.20 -8.08e-16 | 1.6909 16.55  22374   26   5129   4803 | 1.4360 15.16 | 2.21e-03 8.77e-03 |   4.4428 0.9098  0.2198  0.9579 1.000 12.67 | edge_dev mean=0.1497 max=0.2310 gg=0.0000 shape_dev=0.1725 xbar=0.5920 | T0 psi=(+2.480,+99.000,-2.990) ggm=0.000 circ=+0.0016 xUDD=(0.211,0.792,0.773)
# CONVTAG t=25.20 rough=0.000000 cond=0.156738 evap=0.000000 backs=0.000000
# CANT t=25.20 a_tag=1.0000 a_max=1.0000 xl_tag=0.6511 nlock=3 tune=0.309427
# REG t=25.20 tp n=2 rho=[0.442 0.442 0.442 0.442] gr=0.00034 fl=1.000 | ba n=26262 rho=[0.000 0.001 0.130 0.567] gr=0.00000 fl=0.895
t=   25.60 -8.08e-16 | 1.6901 16.54  22352   33   5177   4858 | 1.4358 15.16 | 3.47e-03 9.25e-03 |   4.4109 0.9033  0.2232  0.9584 1.000 12.67 | edge_dev mean=0.1504 max=0.2296 gg=0.0000 shape_dev=0.1729 xbar=0.5877 | T0 psi=(+1.705,+99.000,+3.064) ggm=0.000 circ=+0.0016 xUDD=(0.206,0.787,0.770)
# CONVTAG t=25.60 rough=0.000000 cond=0.156738 evap=0.000000 backs=0.000000
# CANT t=25.60 a_tag=1.0000 a_max=1.0000 xl_tag=0.6511 nlock=3 tune=0.326911
# REG t=25.60 tp n=2 rho=[0.442 0.442 0.442 0.442] gr=0.00033 fl=1.000 | ba n=26248 rho=[0.000 0.001 0.138 0.583] gr=0.00000 fl=0.896
t=   26.00 -8.08e-16 | 1.6896 16.54  22358   38   5220   4908 | 1.4358 15.15 | 3.37e-03 1.35e-02 |   4.3775 0.8964  0.2278  0.9590 1.000 13.00 | edge_dev mean=0.1489 max=0.2291 gg=0.0000 shape_dev=0.1715 xbar=0.5833 | T0 psi=(+0.823,+99.000,+3.088) ggm=0.000 circ=+0.0016 xUDD=(0.204,0.781,0.765)
# CONVTAG t=26.00 rough=0.000000 cond=0.156738 evap=0.000000 backs=0.000000
# CANT t=26.00 a_tag=1.0000 a_max=1.0000 xl_tag=0.6511 nlock=3 tune=0.353046
# REG t=26.00 tp n=2 rho=[0.442 0.442 0.442 0.442] gr=0.00032 fl=1.000 | ba n=26236 rho=[0.000 0.001 0.148 0.593] gr=0.00000 fl=0.897
t=   26.40 -8.08e-16 | 1.6887 16.53  22340   36   5275   4968 | 1.4355 15.15 | 6.08e-03 1.92e-02 |   4.2651 0.8734  0.2251  0.9622 1.000 13.33 | edge_dev mean=0.1450 max=0.2298 gg=0.0000 shape_dev=0.1680 xbar=0.5685 | T0 psi=(-0.102,+99.000,+3.062) ggm=0.000 circ=+0.0016 xUDD=(0.169,0.776,0.761)
# CONVTAG t=26.40 rough=0.000000 cond=0.156738 evap=0.000000 backs=0.000000
# CANT t=26.40 a_tag=1.0000 a_max=1.0000 xl_tag=0.6511 nlock=3 tune=0.374939
# REG t=26.40 tp n=2 rho=[0.442 0.442 0.442 0.442] gr=0.00031 fl=1.000 | ba n=26233 rho=[0.000 0.001 0.157 0.598] gr=0.00000 fl=0.897
t=   26.80 -8.08e-16 | 1.6883 16.53  22341   30   5318   5041 | 1.4355 15.15 | 3.25e-03 1.03e-02 |   4.2440 0.8691  0.2322  0.9622 1.000 13.00 | edge_dev mean=0.1402 max=0.2318 gg=0.0000 shape_dev=0.1640 xbar=0.5657 | T0 psi=(-1.135,+99.000,-2.821) ggm=0.000 circ=+0.0016 xUDD=(0.170,0.770,0.757)
# CONVTAG t=26.80 rough=0.000000 cond=0.156738 evap=0.000000 backs=0.000000
# CANT t=26.80 a_tag=1.0000 a_max=1.0000 xl_tag=0.6511 nlock=3 tune=0.396726
# REG t=26.80 tp n=2 rho=[0.442 0.442 0.442 0.442] gr=0.00029 fl=1.000 | ba n=26209 rho=[0.000 0.002 0.163 0.601] gr=0.00000 fl=0.899
t=   27.20 -8.08e-16 | 1.6874 16.52  22321   26   5372   5096 | 1.4352 15.14 | 2.05e-03 9.86e-03 |   4.2158 0.8633  0.2404  0.9622 1.000 13.00 | edge_dev mean=0.1366 max=0.2339 gg=0.0000 shape_dev=0.1610 xbar=0.5619 | T0 psi=(-2.164,+99.000,-2.325) ggm=0.000 circ=+0.0016 xUDD=(0.169,0.764,0.752)
# CONVTAG t=27.20 rough=0.000000 cond=0.156738 evap=0.000000 backs=0.000000
# CANT t=27.20 a_tag=1.0000 a_max=1.0000 xl_tag=0.6511 nlock=3 tune=0.421128
# REG t=27.20 tp n=2 rho=[0.442 0.442 0.442 0.442] gr=0.00028 fl=1.000 | ba n=26212 rho=[0.000 0.002 0.174 0.611] gr=0.00000 fl=0.899
t=   27.60 -8.08e-16 | 1.6868 16.52  22321   30   5427   5147 | 1.4353 15.14 | 2.46e-03 1.31e-02 |   4.1099 0.8416  0.2406  0.9642 1.000 13.00 | edge_dev mean=0.1344 max=0.2337 gg=0.0000 shape_dev=0.1591 xbar=0.5478 | T0 psi=(+3.047,+99.000,-1.880) ggm=0.000 circ=+0.0016 xUDD=(0.138,0.758,0.747)
# CONVTAG t=27.60 rough=0.000000 cond=0.156738 evap=0.000000 backs=0.000000
# CANT t=27.60 a_tag=1.0000 a_max=1.0000 xl_tag=0.6511 nlock=3 tune=0.446646
# REG t=27.60 tp n=2 rho=[0.442 0.442 0.442 0.442] gr=0.00027 fl=1.000 | ba n=26212 rho=[0.000 0.002 0.181 0.618] gr=0.00000 fl=0.899
t=   28.00 -8.08e-16 | 1.6863 16.51  22318   31   5473   5201 | 1.4352 15.14 | 1.94e-03 1.21e-02 |   4.0968 0.8389  0.2505  0.9632 1.000 13.00 | edge_dev mean=0.1336 max=0.2358 gg=0.0000 shape_dev=0.1613 xbar=0.5460 | T0 psi=(+2.188,+99.000,-1.324) ggm=0.000 circ=+0.0016 xUDD=(0.144,0.751,0.743)
# CONVTAG t=28.00 rough=0.000000 cond=0.156738 evap=0.000000 backs=0.000000
# CANT t=28.00 a_tag=1.0000 a_max=1.0000 xl_tag=0.6511 nlock=3 tune=0.472805
# REG t=28.00 tp n=2 rho=[0.442 0.442 0.442 0.442] gr=0.00026 fl=1.000 | ba n=26203 rho=[0.000 0.003 0.190 0.625] gr=0.00000 fl=0.900
t=   28.40 -8.08e-16 | 1.6857 16.51  22307   33   5522   5252 | 1.4351 15.14 | 2.30e-03 1.11e-02 |   4.1182 0.8433  0.2630  0.9609 1.000 13.00 | edge_dev mean=0.1340 max=0.2391 gg=0.0000 shape_dev=0.1648 xbar=0.5486 | T0 psi=(+1.380,+99.000,-0.674) ggm=0.000 circ=+0.0016 xUDD=(0.161,0.746,0.739)
# CONVTAG t=28.40 rough=0.000000 cond=0.156738 evap=0.000000 backs=0.000000
# CANT t=28.40 a_tag=1.0000 a_max=1.0000 xl_tag=0.6511 nlock=3 tune=0.495088
# REG t=28.40 tp n=2 rho=[0.442 0.442 0.442 0.442] gr=0.00025 fl=1.000 | ba n=26199 rho=[0.000 0.003 0.199 0.637] gr=0.00000 fl=0.900
t=   28.80 -8.08e-16 | 1.6853 16.52  22322   33   5562   5289 | 1.4352 15.13 | 3.15e-03 1.45e-02 |   4.0989 0.8394  0.2714  0.9595 1.000 13.33 | edge_dev mean=0.1342 max=0.2426 gg=0.0000 shape_dev=0.1684 xbar=0.5461 | T0 psi=(+0.599,+99.000,-0.114) ggm=0.000 circ=+0.0016 xUDD=(0.165,0.740,0.734)
# CONVTAG t=28.80 rough=0.000000 cond=0.156738 evap=0.000000 backs=0.000000
# CANT t=28.80 a_tag=1.0000 a_max=1.0000 xl_tag=0.6511 nlock=3 tune=0.521030
# REG t=28.80 tp n=2 rho=[0.442 0.442 0.442 0.442] gr=0.00024 fl=1.000 | ba n=26202 rho=[0.000 0.004 0.207 0.641] gr=0.00000 fl=0.901
t=   29.20 -8.08e-16 | 1.6847 16.52  22330   34   5599   5329 | 1.4352 15.13 | 4.37e-03 1.58e-02 |   4.0157 0.8223  0.2709  0.9604 1.000 13.67 | edge_dev mean=0.1325 max=0.2443 gg=0.0000 shape_dev=0.1712 xbar=0.5353 | T0 psi=(-0.311,+99.000,+0.428) ggm=0.000 circ=+0.0016 xUDD=(0.143,0.734,0.729)
# CONVTAG t=29.20 rough=0.000000 cond=0.156738 evap=0.000000 backs=0.000000
# CANT t=29.20 a_tag=1.0000 a_max=1.0000 xl_tag=0.6511 nlock=3 tune=0.548615
# REG t=29.20 tp n=2 rho=[0.442 0.442 0.442 0.442] gr=0.00023 fl=1.000 | ba n=26199 rho=[0.000 0.004 0.219 0.645] gr=0.00000 fl=0.901
t=   29.60 -8.08e-16 | 1.6840 16.53  22337   31   5637   5391 | 1.4353 15.12 | 3.28e-03 1.09e-02 |   4.0948 0.8385  0.2853  0.9587 1.000 13.67 | edge_dev mean=0.1314 max=0.2435 gg=0.0000 shape_dev=0.1714 xbar=0.5454 | T0 psi=(-0.694,+99.000,+0.890) ggm=0.000 circ=+0.0016 xUDD=(0.180,0.730,0.726)
# CONVTAG t=29.60 rough=0.000000 cond=0.156738 evap=0.000000 backs=0.000000
# CANT t=29.60 a_tag=1.0000 a_max=1.0000 xl_tag=0.6511 nlock=3 tune=0.565317
# REG t=29.60 tp n=2 rho=[0.442 0.442 0.442 0.442] gr=0.00022 fl=1.000 | ba n=26178 rho=[0.000 0.005 0.228 0.659] gr=0.00000 fl=0.903
t=   30.00 -8.08e-16 | 1.6836 16.52  22325   35   5686   5442 | 1.4351 15.12 | 6.79e-03 1.99e-02 |   4.0906 0.8377  0.2898  0.9599 1.000 13.67 | edge_dev mean=0.1289 max=0.2416 gg=0.0000 shape_dev=0.1710 xbar=0.5450 | T0 psi=(-1.632,+99.000,+1.694) ggm=0.000 circ=+0.0016 xUDD=(0.183,0.728,0.724)
# CONVTAG t=30.00 rough=0.000000 cond=0.156738 evap=0.000000 backs=0.000000
# CANT t=30.00 a_tag=1.0000 a_max=1.0000 xl_tag=0.6511 nlock=3 tune=0.573406
# REG t=30.00 tp n=2 rho=[0.442 0.442 0.442 0.442] gr=0.00021 fl=1.000 | ba n=26172 rho=[0.000 0.006 0.243 0.669] gr=0.00000 fl=0.903
t=   30.40 -8.08e-16 | 1.6831 16.50  22302   35   5723   5483 | 1.4348 15.12 | 1.73e-03 1.11e-02 |   4.0363 0.8265  0.2885  0.9612 1.000 13.67 | edge_dev mean=0.1272 max=0.2413 gg=0.0000 shape_dev=0.1719 xbar=0.5379 | T0 psi=(-2.606,+99.000,+2.435) ggm=0.000 circ=+0.0016 xUDD=(0.167,0.725,0.721)
# CONVTAG t=30.40 rough=0.000000 cond=0.156738 evap=0.000000 backs=0.000000
# CANT t=30.40 a_tag=1.0000 a_max=1.0000 xl_tag=0.6511 nlock=3 tune=0.586777
# REG t=30.40 tp n=2 rho=[0.442 0.442 0.442 0.442] gr=0.00021 fl=1.000 | ba n=26168 rho=[0.000 0.007 0.251 0.677] gr=0.00000 fl=0.904
t=   30.80 -8.08e-16 | 1.6827 16.49  22291   34   5767   5537 | 1.4347 15.12 | 2.01e-03 1.45e-02 |   3.7505 0.7680  0.3367  0.9609 1.000 13.67 | edge_dev mean=0.1223 max=0.2383 gg=0.0000 shape_dev=0.1730 xbar=0.4999 | T0 psi=(+2.704,+99.000,-3.137) ggm=0.000 circ=+0.0016 xUDD=(0.168,0.614,0.718)
# CONVTAG t=30.80 rough=0.000000 cond=0.156738 evap=0.283934 backs=0.037035
# CANT t=30.80 a_tag=1.0000 a_max=1.0000 xl_tag=0.6511 nlock=3 tune=0.605563
# REG t=30.80 tp n=2 rho=[0.442 0.442 0.442 0.442] gr=0.00020 fl=1.000 | ba n=26158 rho=[0.000 0.008 0.260 0.683] gr=0.00000 fl=0.904
t=   31.20 -8.08e-16 | 1.6820 16.49  22286   38   5808   5593 | 1.4346 15.12 | 6.32e-03 1.77e-02 |   3.8450 0.7874  0.3397  0.9613 1.000 14.00 | edge_dev mean=0.1192 max=0.2362 gg=0.0000 shape_dev=0.1737 xbar=0.5125 | T0 psi=(+2.254,+99.000,+2.989) ggm=0.000 circ=+0.0016 xUDD=(0.194,0.624,0.719)
# CONVTAG t=31.20 rough=0.000000 cond=0.156738 evap=0.283934 backs=0.037035
# CANT t=31.20 a_tag=1.0000 a_max=1.0000 xl_tag=0.6511 nlock=3 tune=0.635552
# REG t=31.20 tp n=2 rho=[0.442 0.442 0.442 0.442] gr=0.00019 fl=1.000 | ba n=26139 rho=[0.000 0.009 0.275 0.690] gr=0.00000 fl=0.905
t=   31.60 -8.08e-16 | 1.6815 16.49  22283   36   5851   5638 | 1.4345 15.11 | 6.97e-03 1.87e-02 |   3.8089 0.7800  0.3312  0.9672 1.000 13.67 | edge_dev mean=0.1176 max=0.2354 gg=0.0000 shape_dev=0.1742 xbar=0.5125 | T0 psi=(+1.137,+99.000,-2.731) ggm=0.000 circ=+0.0016 xUDD=(0.187,0.632,0.718)
# CONVTAG t=31.60 rough=0.000000 cond=0.156738 evap=0.283934 backs=0.037035
# CANT t=31.60 a_tag=1.0000 a_max=1.0000 xl_tag=0.6511 nlock=3 tune=0.655264
# REG t=31.60 tp n=2 rho=[0.442 0.442 0.442 0.442] gr=0.00018 fl=1.000 | ba n=26139 rho=[0.000 0.011 0.286 0.697] gr=0.00000 fl=0.906
t=   32.00 -8.08e-16 | 1.6810 16.48  22275   28   5897   5703 | 1.4344 15.11 | 3.67e-03 1.01e-02 |   3.8042 0.7790  0.3272  0.9643 1.000 13.67 | edge_dev mean=0.1166 max=0.2347 gg=0.0000 shape_dev=0.1743 xbar=0.5071 | T0 psi=(-0.046,+99.000,-1.648) ggm=0.000 circ=+0.0016 xUDD=(0.167,0.637,0.717)
# CONVTAG t=32.00 rough=0.000000 cond=0.156738 evap=0.283934 backs=0.037035
# CANT t=32.00 a_tag=1.0000 a_max=1.0000 xl_tag=0.6511 nlock=3 tune=0.671911
# REG t=32.00 tp n=2 rho=[0.442 0.442 0.442 0.442] gr=0.00018 fl=1.000 | ba n=26128 rho=[0.000 0.013 0.296 0.706] gr=0.00000 fl=0.906
t=   32.40 -8.08e-16 | 1.6805 16.49  22290   25   5942   5745 | 1.4345 15.11 | 1.74e-02 4.18e-02 |   3.8614 0.7907  0.3293  0.9641 1.000 14.00 | edge_dev mean=0.1161 max=0.2348 gg=0.0000 shape_dev=0.1749 xbar=0.5149 | T0 psi=(-0.649,+99.000,-0.915) ggm=0.000 circ=+0.0016 xUDD=(0.184,0.644,0.717)
# CONVTAG t=32.40 rough=0.000000 cond=0.156738 evap=0.283934 backs=0.037035
# CANT t=32.40 a_tag=1.0000 a_max=1.0000 xl_tag=0.6511 nlock=3 tune=0.691949
# REG t=32.40 tp n=2 rho=[0.442 0.442 0.442 0.442] gr=0.00017 fl=1.000 | ba n=26134 rho=[0.000 0.015 0.304 0.711] gr=0.00000 fl=0.906
t=   32.80 -8.08e-16 | 1.6801 16.50  22298   33   5986   5793 | 1.4346 15.11 | 1.88e-03 1.22e-02 |   3.8632 0.7911  0.3263  0.9644 1.000 14.00 | edge_dev mean=0.1176 max=0.2353 gg=0.0000 shape_dev=0.1752 xbar=0.5151 | T0 psi=(-1.712,+99.000,+0.158) ggm=0.000 circ=+0.0016 xUDD=(0.177,0.650,0.718)
# CONVTAG t=32.80 rough=0.000000 cond=0.156738 evap=0.283934 backs=0.037035
# CANT t=32.80 a_tag=1.0000 a_max=1.0000 xl_tag=0.6511 nlock=3 tune=0.710445
# REG t=32.80 tp n=2 rho=[0.442 0.442 0.442 0.442] gr=0.00016 fl=1.000 | ba n=26122 rho=[0.000 0.017 0.315 0.721] gr=0.00000 fl=0.907
t=   33.20 -8.08e-16 | 1.6796 16.51  22307   31   6033   5844 | 1.4346 15.10 | 4.37e-03 1.29e-02 |   3.8486 0.7881  0.3231  0.9650 1.000 14.00 | edge_dev mean=0.1187 max=0.2354 gg=0.0000 shape_dev=0.1751 xbar=0.5131 | T0 psi=(-2.574,+99.000,+1.027) ggm=0.000 circ=+0.0016 xUDD=(0.166,0.656,0.718)
# CONVTAG t=33.20 rough=0.000000 cond=0.156738 evap=0.283934 backs=0.037035
# CANT t=33.20 a_tag=1.0000 a_max=1.0000 xl_tag=0.6511 nlock=3 tune=0.724734
# REG t=33.20 tp n=2 rho=[0.443 0.443 0.443 0.443] gr=0.00016 fl=1.000 | ba n=26121 rho=[0.000 0.020 0.328 0.730] gr=0.00001 fl=0.907
t=   33.60 -8.08e-16 | 1.6792 16.50  22304   32   6082   5893 | 1.4346 15.10 | 5.15e-03 1.37e-02 |   3.8582 0.7901  0.3233  0.9656 1.000 14.00 | edge_dev mean=0.1192 max=0.2344 gg=0.0000 shape_dev=0.1741 xbar=0.5144 | T0 psi=(-2.948,+99.000,+1.636) ggm=0.000 circ=+0.0016 xUDD=(0.165,0.660,0.718)
# CONVTAG t=33.60 rough=0.000000 cond=0.156738 evap=0.283934 backs=0.037035
# CANT t=33.60 a_tag=1.0000 a_max=1.0000 xl_tag=0.6511 nlock=3 tune=0.737023
# REG t=33.60 tp n=2 rho=[0.443 0.443 0.443 0.443] gr=0.00015 fl=1.000 | ba n=26120 rho=[0.000 0.022 0.340 0.737] gr=0.00001 fl=0.907
t=   34.00 -8.08e-16 | 1.6789 16.49  22292   34   6126   5939 | 1.4344 15.10 | 2.96e-03 1.34e-02 |   3.8574 0.7899  0.3226  0.9667 1.000 14.00 | edge_dev mean=0.1189 max=0.2324 gg=0.0000 shape_dev=0.1724 xbar=0.5143 | T0 psi=(+2.927,+99.000,+2.396) ggm=0.000 circ=+0.0016 xUDD=(0.161,0.665,0.718)
# CONVTAG t=34.00 rough=0.000000 cond=0.156738 evap=0.283934 backs=0.037035
# CANT t=34.00 a_tag=1.0000 a_max=1.0000 xl_tag=0.6511 nlock=3 tune=0.748649
# REG t=34.00 tp n=2 rho=[0.443 0.443 0.443 0.443] gr=0.00014 fl=1.000 | ba n=26116 rho=[0.000 0.024 0.351 0.744] gr=0.00001 fl=0.908
t=   34.40 -8.08e-16 | 1.6786 16.50  22295   33   6169   5987 | 1.4345 15.10 | 2.66e-03 1.16e-02 |   3.8568 0.7898  0.3221  0.9682 1.000 14.00 | edge_dev mean=0.1179 max=0.2293 gg=0.0000 shape_dev=0.1700 xbar=0.5142 | T0 psi=(+2.658,+99.000,+3.125) ggm=0.000 circ=+0.0016 xUDD=(0.157,0.668,0.717)
# CONVTAG t=34.40 rough=0.000000 cond=0.156738 evap=0.283934 backs=0.037035
# CANT t=34.40 a_tag=1.0000 a_max=1.0000 xl_tag=0.6511 nlock=3 tune=0.758909
# REG t=34.40 tp n=2 rho=[0.443 0.443 0.443 0.443] gr=0.00014 fl=1.000 | ba n=26112 rho=[0.000 0.027 0.360 0.748] gr=0.00001 fl=0.908
t=   34.80 -8.08e-16 | 1.6782 16.49  22283   24   6205   6032 | 1.4344 15.10 | 2.78e-03 1.08e-02 |   3.8568 0.7898  0.3216  0.9701 1.000 14.00 | edge_dev mean=0.1164 max=0.2254 gg=0.0000 shape_dev=0.1671 xbar=0.5142 | T0 psi=(+1.517,+99.000,-2.128) ggm=0.000 circ=+0.0016 xUDD=(0.154,0.672,0.717)
# CONVTAG t=34.80 rough=0.000000 cond=0.156738 evap=0.283934 backs=0.037035
# CANT t=34.80 a_tag=1.0000 a_max=1.0000 xl_tag=0.6511 nlock=3 tune=0.768396
# REG t=34.80 tp n=2 rho=[0.443 0.443 0.443 0.443] gr=0.00013 fl=1.000 | ba n=26112 rho=[0.000 0.030 0.372 0.756] gr=0.00001 fl=0.909
t=   35.20 -8.08e-16 | 1.6778 16.49  22289   24   6246   6066 | 1.4344 15.10 | 5.48e-03 2.01e-02 |   3.8567 0.7898  0.3214  0.9717 1.000 14.00 | edge_dev mean=0.1151 max=0.2218 gg=0.0000 shape_dev=0.1644 xbar=0.5142 | T0 psi=(+0.486,+99.000,-1.238) ggm=0.000 circ=+0.0016 xUDD=(0.152,0.674,0.716)
# CONVTAG t=35.20 rough=0.000000 cond=0.156738 evap=0.283934 backs=0.037035
# CANT t=35.20 a_tag=1.0000 a_max=1.0000 xl_tag=0.6511 nlock=3 tune=0.777148
# REG t=35.20 tp n=2 rho=[0.443 0.443 0.443 0.443] gr=0.00013 fl=1.000 | ba n=26119 rho=[0.000 0.034 0.384 0.760] gr=0.00001 fl=0.909
t=   35.60 -8.08e-16 | 1.6773 16.50  22305   28   6273   6115 | 1.4346 15.10 | 9.24e-03 2.76e-02 |   3.8585 0.7901  0.3214  0.9732 1.000 14.00 | edge_dev mean=0.1144 max=0.2187 gg=0.0000 shape_dev=0.1619 xbar=0.5145 | T0 psi=(-0.421,+99.000,-0.439) ggm=0.000 circ=+0.0016 xUDD=(0.151,0.677,0.716)
# CONVTAG t=35.60 rough=0.000000 cond=0.156738 evap=0.283934 backs=0.037035
# CANT t=35.60 a_tag=1.0000 a_max=1.0000 xl_tag=0.6511 nlock=3 tune=0.785243
# REG t=35.60 tp n=2 rho=[0.443 0.443 0.443 0.443] gr=0.00012 fl=1.000 | ba n=26092 rho=[0.000 0.038 0.396 0.767] gr=0.00001 fl=0.910
t=   36.00 -8.08e-16 | 1.6769 16.48  22277   26   6317   6161 | 1.4344 15.11 | 2.81e-03 1.76e-02 |   3.8582 0.7901  0.3214  0.9743 1.000 14.00 | edge_dev mean=0.1141 max=0.2164 gg=0.0000 shape_dev=0.1600 xbar=0.5144 | T0 psi=(-1.277,+99.000,+0.326) ggm=0.000 circ=+0.0016 xUDD=(0.149,0.679,0.715)
# CONVTAG t=36.00 rough=0.000000 cond=0.156738 evap=0.283934 backs=0.037035
# CANT t=36.00 a_tag=1.0000 a_max=1.0000 xl_tag=0.6511 nlock=3 tune=0.792696
# REG t=36.00 tp n=2 rho=[0.443 0.443 0.443 0.443] gr=0.00012 fl=1.000 | ba n=26092 rho=[0.000 0.042 0.403 0.770] gr=0.00001 fl=0.910
t=   36.40 -8.08e-16 | 1.6764 16.48  22276   24   6354   6204 | 1.4343 15.10 | 4.15e-03 1.55e-02 |   3.8584 0.7901  0.3218  0.9749 1.000 14.33 | edge_dev mean=0.1144 max=0.2151 gg=0.0000 shape_dev=0.1587 xbar=0.5144 | T0 psi=(-2.085,+99.000,+1.068) ggm=0.000 circ=+0.0016 xUDD=(0.148,0.681,0.714)
# CONVTAG t=36.40 rough=0.000000 cond=0.156738 evap=0.283934 backs=0.037035
# CANT t=36.40 a_tag=1.0000 a_max=1.0000 xl_tag=0.6511 nlock=3 tune=0.799536
# REG t=36.40 tp n=2 rho=[0.443 0.443 0.443 0.443] gr=0.00011 fl=1.000 | ba n=26088 rho=[0.000 0.045 0.413 0.777] gr=0.00001 fl=0.911
t=   36.80 -8.08e-16 | 1.6759 16.46  22250   23   6398   6249 | 1.4340 15.10 | 3.70e-03 1.29e-02 |   3.8577 0.7900  0.3222  0.9751 1.000 14.33 | edge_dev mean=0.1150 max=0.2147 gg=0.0000 shape_dev=0.1582 xbar=0.5144 | T0 psi=(-2.866,+99.000,+1.797) ggm=0.000 circ=+0.0016 xUDD=(0.147,0.683,0.713)
# CONVTAG t=36.80 rough=0.000000 cond=0.156738 evap=0.283934 backs=0.037035
# CANT t=36.80 a_tag=1.0000 a_max=1.0000 xl_tag=0.6511 nlock=3 tune=0.805804
# REG t=36.80 tp n=2 rho=[0.443 0.443 0.443 0.443] gr=0.00011 fl=1.000 | ba n=26088 rho=[0.000 0.051 0.424 0.786] gr=0.00001 fl=0.911
t=   37.20 -8.08e-16 | 1.6757 16.46  22247   24   6437   6284 | 1.4340 15.10 | 7.81e-03 1.81e-02 |   3.8579 0.7900  0.3231  0.9752 1.000 14.33 | edge_dev mean=0.1158 max=0.2149 gg=0.0000 shape_dev=0.1586 xbar=0.5144 | T0 psi=(+2.652,+99.000,+2.517) ggm=0.000 circ=+0.0016 xUDD=(0.147,0.684,0.712)
# CONVTAG t=37.20 rough=0.000000 cond=0.156738 evap=0.283934 backs=0.037035
# CANT t=37.20 a_tag=1.0000 a_max=1.0000 xl_tag=0.6511 nlock=3 tune=0.811565
# REG t=37.20 tp n=2 rho=[0.443 0.443 0.443 0.443] gr=0.00010 fl=1.000 | ba n=26091 rho=[0.000 0.055 0.434 0.792] gr=0.00001 fl=0.911
t=   37.60 -8.08e-16 | 1.6754 16.46  22243   24   6483   6327 | 1.4339 15.10 | 6.22e-03 1.68e-02 |   3.8576 0.7899  0.3243  0.9749 1.000 14.33 | edge_dev mean=0.1167 max=0.2154 gg=0.0000 shape_dev=0.1586 xbar=0.5143 | T0 psi=(+1.898,+99.000,-3.038) ggm=0.000 circ=+0.0016 xUDD=(0.146,0.686,0.711)
# CONVTAG t=37.60 rough=0.000000 cond=0.156738 evap=0.283934 backs=0.037035
# CANT t=37.60 a_tag=1.0000 a_max=1.0000 xl_tag=0.6511 nlock=3 tune=0.816904
# REG t=37.60 tp n=2 rho=[0.443 0.443 0.443 0.443] gr=0.00010 fl=1.000 | ba n=26094 rho=[0.000 0.061 0.441 0.793] gr=0.00001 fl=0.911
t=   38.00 -8.08e-16 | 1.6752 16.45  22238   24   6526   6357 | 1.4339 15.10 | 2.38e-03 1.56e-02 |   3.8561 0.7897  0.3245  0.9749 1.000 14.33 | edge_dev mean=0.1174 max=0.2155 gg=0.0000 shape_dev=0.1583 xbar=0.5142 | T0 psi=(+1.142,+99.000,-2.303) ggm=0.000 circ=+0.0016 xUDD=(0.145,0.687,0.711)
# CONVTAG t=38.00 rough=0.000000 cond=0.156738 evap=0.283934 backs=0.037035
# CANT t=38.00 a_tag=1.0000 a_max=1.0000 xl_tag=0.6511 nlock=3 tune=0.821826
# REG t=38.00 tp n=2 rho=[0.443 0.443 0.443 0.443] gr=0.00010 fl=1.000 | ba n=26107 rho=[0.000 0.065 0.448 0.798] gr=0.00001 fl=0.911
t=   38.40 -8.08e-16 | 1.6748 16.45  22228   26   6556   6397 | 1.4338 15.10 | 3.91e-03 1.26e-02 |   3.8529 0.7890  0.3240  0.9748 1.000 14.33 | edge_dev mean=0.1181 max=0.2158 gg=0.0000 shape_dev=0.1582 xbar=0.5137 | T0 psi=(+0.387,+99.000,-1.569) ggm=0.000 circ=+0.0016 xUDD=(0.143,0.688,0.710)
# CONVTAG t=38.40 rough=0.000000 cond=0.156738 evap=0.283934 backs=0.037035
# CANT t=38.40 a_tag=1.0000 a_max=1.0000 xl_tag=0.6511 nlock=3 tune=0.826387
# REG t=38.40 tp n=2 rho=[0.443 0.443 0.443 0.443] gr=0.00009 fl=1.000 | ba n=26095 rho=[0.000 0.071 0.458 0.801] gr=0.00001 fl=0.911
t=   38.80 -8.08e-16 | 1.6745 16.44  22216   26   6597   6444 | 1.4336 15.10 | 2.51e-03 1.13e-02 |   3.8477 0.7879  0.3232  0.9748 1.000 14.33 | edge_dev mean=0.1185 max=0.2160 gg=0.0000 shape_dev=0.1581 xbar=0.5130 | T0 psi=(-0.365,+99.000,-0.835) ggm=0.000 circ=+0.0016 xUDD=(0.141,0.689,0.709)
# CONVTAG t=38.80 rough=0.000000 cond=0.156738 evap=0.283934 backs=0.037035
# CANT t=38.80 a_tag=1.0000 a_max=1.0000 xl_tag=0.6511 nlock=3 tune=0.830636
# REG t=38.80 tp n=2 rho=[0.443 0.443 0.443 0.443] gr=0.00009 fl=1.000 | ba n=26089 rho=[0.000 0.076 0.469 0.808] gr=0.00001 fl=0.911
t=   39.20 -8.08e-16 | 1.6739 16.43  22204   31   6641   6483 | 1.4335 15.10 | 2.79e-03 1.12e-02 |   3.8383 0.7860  0.3219  0.9753 1.000 14.33 | edge_dev mean=0.1182 max=0.2152 gg=0.0000 shape_dev=0.1577 xbar=0.5117 | T0 psi=(-1.132,+99.000,-0.101) ggm=0.000 circ=+0.0016 xUDD=(0.138,0.689,0.708)
# CONVTAG t=39.20 rough=0.000000 cond=0.156738 evap=0.283934 backs=0.037035
# CANT t=39.20 a_tag=1.0000 a_max=1.0000 xl_tag=0.6511 nlock=3 tune=0.834546
# REG t=39.20 tp n=2 rho=[0.443 0.443 0.443 0.443] gr=0.00009 fl=1.000 | ba n=26089 rho=[0.000 0.081 0.478 0.814] gr=0.00001 fl=0.911
t=   39.60 -8.08e-16 | 1.6735 16.44  22221   32   6676   6527 | 1.4337 15.10 | 4.31e-03 1.37e-02 |   3.8175 0.7817  0.3201  0.9759 1.000 14.33 | edge_dev mean=0.1154 max=0.2139 gg=0.0000 shape_dev=0.1568 xbar=0.5088 | T0 psi=(-1.926,+99.000,+0.648) ggm=0.000 circ=+0.0016 xUDD=(0.132,0.688,0.706)
# CONVTAG t=39.60 rough=0.000000 cond=0.156738 evap=0.283934 backs=0.037035
# CANT t=39.60 a_tag=1.0000 a_max=1.0000 xl_tag=0.6511 nlock=3 tune=0.840398
# REG t=39.60 tp n=2 rho=[0.443 0.443 0.443 0.443] gr=0.00008 fl=1.000 | ba n=26079 rho=[0.000 0.087 0.487 0.816] gr=0.00001 fl=0.912
t=   40.00 -8.08e-16 | 1.6731 16.42  22197   26   6726   6580 | 1.4334 15.10 | 5.21e-03 1.83e-02 |   3.7976 0.7777  0.3206  0.9770 1.000 14.33 | edge_dev mean=0.1082 max=0.2103 gg=0.0000 shape_dev=0.1540 xbar=0.5060 | T0 psi=(-2.792,+99.000,+1.505) ggm=0.000 circ=+0.0016 xUDD=(0.129,0.687,0.703)
# CONVTAG t=40.00 rough=0.000000 cond=0.156738 evap=0.283934 backs=0.037035
# CANT t=40.00 a_tag=1.0000 a_max=1.0000 xl_tag=0.6511 nlock=3 tune=0.852119
# REG t=40.00 tp n=2 rho=[0.443 0.443 0.443 0.443] gr=0.00008 fl=1.000 | ba n=26083 rho=[0.000 0.091 0.495 0.821] gr=0.00001 fl=0.912
t=   40.40 -8.08e-16 | 1.6727 16.43  22202   22   6773   6620 | 1.4334 15.09 | 2.05e-03 1.36e-02 |   3.7332 0.7645  0.3168  0.9797 1.000 14.33 | edge_dev mean=0.1057 max=0.2068 gg=0.0000 shape_dev=0.1522 xbar=0.4976 | T0 psi=(+2.683,+99.000,+2.146) ggm=0.000 circ=+0.0016 xUDD=(0.110,0.684,0.699)
# CONVTAG t=40.40 rough=0.000000 cond=0.156738 evap=0.283934 backs=0.037035
# CANT t=40.40 a_tag=1.0000 a_max=1.0000 xl_tag=0.6511 nlock=3 tune=0.867151
# REG t=40.40 tp n=2 rho=[0.443 0.443 0.443 0.443] gr=0.00008 fl=1.000 | ba n=26094 rho=[0.000 0.097 0.501 0.822] gr=0.00001 fl=0.912
t=   40.80 -8.08e-16 | 1.6726 16.42  22197   30   6820   6651 | 1.4333 15.09 | 3.57e-03 9.77e-03 |   3.7604 0.7701  0.3216  0.9798 1.000 14.33 | edge_dev mean=0.1050 max=0.2043 gg=0.0000 shape_dev=0.1505 xbar=0.5010 | T0 psi=(+2.008,+99.000,+2.932) ggm=0.000 circ=+0.0016 xUDD=(0.125,0.682,0.696)
# CONVTAG t=40.80 rough=0.000000 cond=0.156738 evap=0.283934 backs=0.037035
# CANT t=40.80 a_tag=1.0000 a_max=1.0000 xl_tag=0.6511 nlock=3 tune=0.878266
# REG t=40.80 tp n=2 rho=[0.443 0.443 0.443 0.443] gr=0.00007 fl=1.000 | ba n=26102 rho=[0.000 0.102 0.511 0.823] gr=0.00001 fl=0.912
t=   41.20 -8.08e-16 | 1.6723 16.42  22194   35   6866   6696 | 1.4333 15.09 | 6.82e-03 1.95e-02 |   3.7627 0.7705  0.3239  0.9798 1.000 14.00 | edge_dev mean=0.1039 max=0.2039 gg=0.0000 shape_dev=0.1509 xbar=0.5014 | T0 psi=(+1.356,+99.000,-2.669) ggm=0.000 circ=+0.0016 xUDD=(0.132,0.680,0.693)
# CONVTAG t=41.20 rough=0.000000 cond=0.156738 evap=0.283934 backs=0.037035
# CANT t=41.20 a_tag=1.0000 a_max=1.0000 xl_tag=0.6511 nlock=3 tune=0.891305
# REG t=41.20 tp n=2 rho=[0.443 0.443 0.443 0.443] gr=0.00007 fl=1.000 | ba n=26098 rho=[0.000 0.109 0.522 0.827] gr=0.00001 fl=0.912
t=   41.60 -8.08e-16 | 1.6721 16.43  22202   30   6903   6747 | 1.4334 15.09 | 7.64e-03 1.87e-02 |   3.6982 0.7573  0.3191  0.9801 1.000 14.33 | edge_dev mean=0.1059 max=0.2060 gg=0.0000 shape_dev=0.1528 xbar=0.4930 | T0 psi=(+0.556,+99.000,-2.026) ggm=0.000 circ=+0.0016 xUDD=(0.114,0.677,0.688)
# CONVTAG t=41.60 rough=0.000000 cond=0.156738 evap=0.283934 backs=0.037035
# CANT t=41.60 a_tag=1.0000 a_max=1.0000 xl_tag=0.6511 nlock=3 tune=0.907646
# REG t=41.60 tp n=2 rho=[0.443 0.443 0.443 0.443] gr=0.00007 fl=1.000 | ba n=26088 rho=[0.000 0.116 0.528 0.833] gr=0.00001 fl=0.913
t=   42.00 -8.08e-16 | 1.6718 16.43  22209   32   6935   6781 | 1.4334 15.09 | 2.98e-03 1.25e-02 |   3.7697 0.7720  0.3275  0.9768 1.000 14.00 | edge_dev mean=0.1058 max=0.2087 gg=0.0000 shape_dev=0.1544 xbar=0.5020 | T0 psi=(+0.204,+99.000,-1.431) ggm=0.000 circ=+0.0016 xUDD=(0.145,0.675,0.686)
# CONVTAG t=42.00 rough=0.000000 cond=0.156738 evap=0.283934 backs=0.037035
# CANT t=42.00 a_tag=1.0000 a_max=1.0000 xl_tag=0.6511 nlock=3 tune=0.920100
# REG t=42.00 tp n=2 rho=[0.443 0.443 0.443 0.443] gr=0.00006 fl=1.000 | ba n=26084 rho=[0.000 0.122 0.537 0.837] gr=0.00001 fl=0.913
t=   42.40 -8.08e-16 | 1.6717 16.44  22221   21   6968   6823 | 1.4336 15.09 | 3.40e-03 8.13e-03 |   3.7720 0.7724  0.3288  0.9763 1.000 14.00 | edge_dev mean=0.1060 max=0.2101 gg=0.0000 shape_dev=0.1557 xbar=0.5025 | T0 psi=(-0.652,+99.000,-0.558) ggm=0.000 circ=+0.0016 xUDD=(0.147,0.675,0.685)
# CONVTAG t=42.40 rough=0.000000 cond=0.156738 evap=0.283934 backs=0.037035
# CANT t=42.40 a_tag=1.0000 a_max=1.0000 xl_tag=0.6511 nlock=3 tune=0.923811
# REG t=42.40 tp n=2 rho=[0.443 0.443 0.443 0.443] gr=0.00006 fl=1.000 | ba n=26086 rho=[0.000 0.130 0.541 0.839] gr=0.00001 fl=0.913
t=   42.80 -8.08e-16 | 1.6712 16.43  22209   27   7009   6864 | 1.4334 15.09 | 4.94e-03 1.39e-02 |   3.7043 0.7586  0.3230  0.9762 1.000 14.00 | edge_dev mean=0.1089 max=0.2135 gg=0.0000 shape_dev=0.1580 xbar=0.4938 | T0 psi=(-1.613,+99.000,+0.247) ggm=0.000 circ=+0.0016 xUDD=(0.125,0.674,0.682)
# CONVTAG t=42.80 rough=0.000000 cond=0.156738 evap=0.283934 backs=0.037035
# CANT t=42.80 a_tag=1.0000 a_max=1.0000 xl_tag=0.6511 nlock=3 tune=0.933639
# REG t=42.80 tp n=2 rho=[0.443 0.443 0.443 0.443] gr=0.00006 fl=1.000 | ba n=26080 rho=[0.001 0.138 0.548 0.841] gr=0.00001 fl=0.913
t=   43.20 -8.08e-16 | 1.6709 16.43  22199   32   7050   6900 | 1.4333 15.08 | 5.10e-03 1.60e-02 |   3.7076 0.7592  0.3247  0.9744 1.000 14.00 | edge_dev mean=0.1122 max=0.2174 gg=0.0000 shape_dev=0.1604 xbar=0.4944 | T0 psi=(-2.360,+99.000,+1.038) ggm=0.000 circ=+0.0016 xUDD=(0.132,0.672,0.680)
# CONVTAG t=43.20 rough=0.000000 cond=0.156738 evap=0.283934 backs=0.037035
# CANT t=43.20 a_tag=1.0000 a_max=1.0000 xl_tag=0.6511 nlock=3 tune=0.944655
# REG t=43.20 tp n=2 rho=[0.443 0.443 0.443 0.443] gr=0.00006 fl=1.000 | ba n=26080 rho=[0.001 0.143 0.555 0.847] gr=0.00001 fl=0.914
t=   43.60 -8.08e-16 | 1.6707 16.44  22216   23   7082   6937 | 1.4334 15.08 | 2.46e-03 1.33e-02 |   3.7974 0.7776  0.3346  0.9715 1.000 14.00 | edge_dev mean=0.1112 max=0.2190 gg=0.0000 shape_dev=0.1613 xbar=0.5059 | T0 psi=(-2.437,+99.000,+1.321) ggm=0.000 circ=+0.0016 xUDD=(0.162,0.674,0.682)
# CONVTAG t=43.60 rough=0.000000 cond=0.156738 evap=0.283934 backs=0.037035
# CANT t=43.60 a_tag=1.0000 a_max=1.0000 xl_tag=0.6511 nlock=3 tune=0.955461
# REG t=43.60 tp n=2 rho=[0.431 0.431 0.431 0.431] gr=0.00005 fl=1.000 | ba n=26084 rho=[0.001 0.152 0.565 0.850] gr=0.00001 fl=0.915
t=   44.00 -8.08e-16 | 1.6704 16.44  22215   28   7126   6977 | 1.4335 15.08 | 4.16e-03 1.35e-02 |   3.7426 0.7664  0.3300  0.9716 1.000 14.00 | edge_dev mean=0.1125 max=0.2215 gg=0.0000 shape_dev=0.1628 xbar=0.4987 | T0 psi=(-3.133,+99.000,+2.261) ggm=0.000 circ=+0.0016 xUDD=(0.140,0.675,0.682)
# CONVTAG t=44.00 rough=0.000000 cond=0.156738 evap=0.283934 backs=0.037035
# CANT t=44.00 a_tag=1.0000 a_max=1.0000 xl_tag=0.6511 nlock=3 tune=0.957700
# REG t=44.00 tp n=2 rho=[0.431 0.431 0.431 0.431] gr=0.00005 fl=1.000 | ba n=26083 rho=[0.001 0.156 0.573 0.853] gr=0.00001 fl=0.915
t=   44.40 -8.08e-16 | 1.6703 16.43  22200   32   7161   7010 | 1.4333 15.08 | 2.40e-03 2.11e-02 |   3.7509 0.7681  0.3330  0.9706 1.000 14.00 | edge_dev mean=0.1135 max=0.2234 gg=0.0000 shape_dev=0.1640 xbar=0.4999 | T0 psi=(+2.101,+99.000,-2.990) ggm=0.000 circ=+0.0016 xUDD=(0.145,0.674,0.680)
# CONVTAG t=44.40 rough=0.000000 cond=0.156738 evap=0.283934 backs=0.037035
# CANT t=44.40 a_tag=1.0000 a_max=1.0000 xl_tag=0.6511 nlock=3 tune=0.962135
# REG t=44.40 tp n=2 rho=[0.431 0.431 0.431 0.431] gr=0.00005 fl=1.000 | ba n=26081 rho=[0.001 0.163 0.577 0.858] gr=0.00001 fl=0.915
t=   44.80 -8.08e-16 | 1.6699 16.43  22207   30   7205   7052 | 1.4333 15.08 | 3.33e-03 1.52e-02 |   3.8444 0.7873  0.3434  0.9679 1.000 14.00 | edge_dev mean=0.1147 max=0.2257 gg=0.0000 shape_dev=0.1655 xbar=0.5124 | T0 psi=(+2.547,+99.000,+3.016) ggm=0.000 circ=+0.0016 xUDD=(0.178,0.676,0.682)
# CONVTAG t=44.80 rough=0.000000 cond=0.156738 evap=0.283934 backs=0.037035
# CANT t=44.80 a_tag=1.0000 a_max=1.0000 xl_tag=0.6511 nlock=3 tune=0.976928
# REG t=44.80 tp n=2 rho=[0.431 0.431 0.431 0.431] gr=0.00005 fl=1.000 | ba n=26086 rho=[0.001 0.170 0.581 0.859] gr=0.00001 fl=0.915
t=   45.20 -8.08e-16 | 1.6697 16.43  22200   25   7246   7092 | 1.4332 15.08 | 4.25e-03 1.55e-02 |   3.8475 0.7879  0.3439  0.9674 1.000 14.00 | edge_dev mean=0.1159 max=0.2273 gg=0.0004 shape_dev=0.1664 xbar=0.5128 | T0 psi=(+2.752,+99.000,+2.802) ggm=0.000 circ=+0.0016 xUDD=(0.175,0.679,0.684)
# CONVTAG t=45.20 rough=0.000000 cond=0.156738 evap=0.283934 backs=0.037035
# CANT t=45.20 a_tag=1.0000 a_max=1.0000 xl_tag=0.6511 nlock=3 tune=0.988782
# REG t=45.20 tp n=2 rho=[0.431 0.431 0.431 0.431] gr=0.00005 fl=1.000 | ba n=26091 rho=[0.001 0.178 0.588 0.863] gr=0.00002 fl=0.915
t=   45.60 -8.08e-16 | 1.6696 16.43  22204   22   7291   7132 | 1.4332 15.08 | 3.82e-03 1.36e-02 |   3.8020 0.7786  0.3407  0.9679 1.000 14.00 | edge_dev mean=0.1167 max=0.2272 gg=0.0846 shape_dev=0.1663 xbar=0.5064 | T0 psi=(-2.624,+99.000,+1.762) ggm=0.000 circ=+0.0017 xUDD=(0.154,0.680,0.685)
# CONVTAG t=45.60 rough=0.000000 cond=0.156738 evap=0.283934 backs=0.037035
# CANT t=45.60 a_tag=1.0000 a_max=1.0000 xl_tag=0.6511 nlock=3 tune=0.992925
# REG t=45.60 tp n=2 rho=[0.431 0.431 0.431 0.431] gr=0.00005 fl=1.000 | ba n=26100 rho=[0.002 0.184 0.592 0.865] gr=0.00002 fl=0.915
t=   46.00 -8.08e-16 | 1.6693 16.43  22208   21   7322   7174 | 1.4332 15.07 | 3.60e-03 1.14e-02 |   3.8887 0.7963  0.3509  0.9664 1.000 14.00 | edge_dev mean=0.1159 max=0.2279 gg=0.3347 shape_dev=0.1674 xbar=0.5184 | T0 psi=(-2.098,+99.000,+1.418) ggm=0.000 circ=+0.0017 xUDD=(0.189,0.681,0.685)
# CONVTAG t=46.00 rough=0.000000 cond=0.156738 evap=0.283934 backs=0.037035
# CANT t=46.00 a_tag=1.0000 a_max=1.0000 xl_tag=0.6511 nlock=3 tune=1.003610
# REG t=46.00 tp n=2 rho=[0.431 0.431 0.431 0.431] gr=0.00004 fl=1.000 | ba n=26090 rho=[0.002 0.191 0.599 0.867] gr=0.00002 fl=0.915
t=   46.40 -8.08e-16 | 1.6691 16.43  22208   23   7356   7209 | 1.4332 15.07 | 2.86e-03 1.38e-02 |   3.8894 0.7965  0.3501  0.9660 1.000 14.00 | edge_dev mean=0.1169 max=0.2297 gg=0.0001 shape_dev=0.1684 xbar=0.5185 | T0 psi=(-2.453,+99.000,+1.876) ggm=0.000 circ=+0.0016 xUDD=(0.185,0.683,0.688)
# CONVTAG t=46.40 rough=0.000000 cond=0.156738 evap=0.283934 backs=0.037035
# CANT t=46.40 a_tag=1.0000 a_max=1.0000 xl_tag=0.6511 nlock=3 tune=1.016176
# REG t=46.40 tp n=2 rho=[0.537 0.537 0.537 0.537] gr=0.00010 fl=1.000 | ba n=26087 rho=[0.002 0.196 0.609 0.868] gr=0.00002 fl=0.916
t=   46.80 -8.08e-16 | 1.6688 16.43  22205   27   7381   7243 | 1.4332 15.07 | 5.59e-03 1.64e-02 |   3.8226 0.7828  0.3435  0.9673 1.000 14.00 | edge_dev mean=0.1175 max=0.2289 gg=0.3527 shape_dev=0.1678 xbar=0.5092 | T0 psi=(-2.926,+99.000,+2.149) ggm=0.000 circ=+0.0016 xUDD=(0.154,0.685,0.689)
# CONVTAG t=46.80 rough=0.000000 cond=0.156738 evap=0.283934 backs=0.037035
# CANT t=46.80 a_tag=1.0000 a_max=1.0000 xl_tag=0.6511 nlock=3 tune=1.023156
# REG t=46.80 tp n=2 rho=[0.537 0.537 0.537 0.537] gr=0.00010 fl=1.000 | ba n=26074 rho=[0.002 0.203 0.616 0.871] gr=0.00002 fl=0.916
t=   47.20 -8.08e-16 | 1.6687 16.43  22209   27   7419   7283 | 1.4332 15.07 | 4.16e-03 1.46e-02 |   3.8914 0.7969  0.3525  0.9670 1.000 14.00 | edge_dev mean=0.1161 max=0.2273 gg=0.0000 shape_dev=0.1669 xbar=0.5187 | T0 psi=(-3.008,+99.000,+2.368) ggm=0.000 circ=+0.0013 xUDD=(0.183,0.685,0.689)
# CONVTAG t=47.20 rough=0.000000 cond=0.156738 evap=0.283934 backs=0.037035
# CANT t=47.20 a_tag=1.0000 a_max=1.0000 xl_tag=0.6511 nlock=3 tune=1.026916
# REG t=47.20 tp n=2 rho=[0.537 0.537 0.537 0.537] gr=0.00010 fl=1.000 | ba n=26072 rho=[0.003 0.208 0.622 0.872] gr=0.00002 fl=0.916
t=   47.60 -8.08e-16 | 1.6685 16.43  22202   30   7466   7319 | 1.4331 15.07 | 5.33e-03 1.48e-02 |   3.8896 0.7965  0.3515  0.9672 1.000 14.00 | edge_dev mean=0.1162 max=0.2274 gg=0.0000 shape_dev=0.1665 xbar=0.5185 | T0 psi=(-3.104,+99.000,+2.436) ggm=0.000 circ=+0.0013 xUDD=(0.178,0.687,0.691)
# CONVTAG t=47.60 rough=0.000000 cond=0.156738 evap=0.283934 backs=0.037035
# CANT t=47.60 a_tag=1.0000 a_max=1.0000 xl_tag=0.6511 nlock=3 tune=1.038149
# REG t=47.60 tp n=2 rho=[0.537 0.537 0.537 0.537] gr=0.00009 fl=1.000 | ba n=26079 rho=[0.003 0.212 0.627 0.874] gr=0.00002 fl=0.916
t=   48.00 -8.08e-16 | 1.6683 16.42  22196   26   7495   7370 | 1.4330 15.07 | 6.64e-03 1.99e-02 |   3.8329 0.7849  0.3454  0.9680 1.000 14.00 | edge_dev mean=0.1172 max=0.2277 gg=0.0110 shape_dev=0.1660 xbar=0.5106 | T0 psi=(+2.810,+99.000,+2.653) ggm=0.000 circ=+0.0013 xUDD=(0.152,0.688,0.692)
# CONVTAG t=48.00 rough=0.000000 cond=0.156738 evap=0.283934 backs=0.037035
# CANT t=48.00 a_tag=1.0000 a_max=1.0000 xl_tag=0.6511 nlock=3 tune=1.044260
# REG t=48.00 tp n=2 rho=[0.484 0.484 0.484 0.484] gr=0.00013 fl=1.000 | ba n=26061 rho=[0.003 0.221 0.630 0.877] gr=0.00002 fl=0.917
t=   48.40 -8.08e-16 | 1.6680 16.43  22205   25   7541   7411 | 1.4331 15.06 | 2.91e-03 1.18e-02 |   3.8374 0.7858  0.3474  0.9685 1.000 14.00 | edge_dev mean=0.1167 max=0.2267 gg=0.0287 shape_dev=0.1650 xbar=0.5114 | T0 psi=(+1.748,+99.000,-2.582) ggm=0.000 circ=+0.0010 xUDD=(0.155,0.688,0.691)
# CONVTAG t=48.40 rough=0.000000 cond=0.156738 evap=0.283934 backs=0.037035
# CANT t=48.40 a_tag=1.0000 a_max=1.0000 xl_tag=0.6511 nlock=3 tune=1.046015
# REG t=48.40 tp n=2 rho=[0.484 0.484 0.484 0.484] gr=0.00013 fl=1.000 | ba n=26067 rho=[0.004 0.224 0.634 0.877] gr=0.00002 fl=0.916
t=   48.80 -8.08e-16 | 1.6679 16.43  22204   28   7572   7450 | 1.4330 15.06 | 2.84e-03 1.26e-02 |   3.8827 0.7951  0.3517  0.9674 1.000 14.00 | edge_dev mean=0.1171 max=0.2277 gg=0.0002 shape_dev=0.1650 xbar=0.5176 | T0 psi=(+2.226,+99.000,-2.903) ggm=0.000 circ=+0.0009 xUDD=(0.171,0.690,0.692)
# CONVTAG t=48.80 rough=0.000000 cond=0.156738 evap=0.283934 backs=0.037035
# CANT t=48.80 a_tag=1.0000 a_max=1.0000 xl_tag=0.6511 nlock=3 tune=1.055354
# REG t=48.80 tp n=2 rho=[0.484 0.484 0.484 0.484] gr=0.00012 fl=1.000 | ba n=26056 rho=[0.004 0.231 0.640 0.878] gr=0.00002 fl=0.917
t=   49.20 -8.08e-16 | 1.6677 16.43  22207   26   7618   7499 | 1.4330 15.06 | 5.20e-03 1.54e-02 |   3.8819 0.7949  0.3503  0.9671 1.000 14.00 | edge_dev mean=0.1215 max=0.2292 gg=0.0069 shape_dev=0.1656 xbar=0.5175 | T0 psi=(+0.818,+99.000,-1.458) ggm=0.000 circ=+0.0008 xUDD=(0.168,0.691,0.693)
# CONVTAG t=49.20 rough=0.000000 cond=0.156738 evap=0.283934 backs=0.037035
# CANT t=49.20 a_tag=1.0000 a_max=1.0000 xl_tag=0.6511 nlock=3 tune=1.062088
# REG t=49.20 tp n=2 rho=[0.381 0.381 0.381 0.381] gr=0.00012 fl=1.000 | ba n=26055 rho=[0.004 0.239 0.644 0.878] gr=0.00002 fl=0.917
t=   49.60 -8.08e-16 | 1.6673 16.42  22186   29   7658   7541 | 1.4328 15.06 | 2.87e-03 1.19e-02 |   3.8522 0.7888  0.3472  0.9678 1.000 14.00 | edge_dev mean=0.1229 max=0.2293 gg=0.0296 shape_dev=0.1656 xbar=0.5136 | T0 psi=(-0.414,+99.000,-0.358) ggm=0.000 circ=+0.0005 xUDD=(0.155,0.691,0.694)
# CONVTAG t=49.60 rough=0.000000 cond=0.156738 evap=0.283934 backs=0.037035
# CANT t=49.60 a_tag=1.0000 a_max=1.0000 xl_tag=0.6511 nlock=3 tune=1.066265
# REG t=49.60 tp n=2 rho=[0.381 0.381 0.381 0.381] gr=0.00014 fl=1.000 | ba n=26050 rho=[0.005 0.245 0.649 0.880] gr=0.00002 fl=0.917
t=   50.00 -8.08e-16 | 1.6671 16.42  22189   28   7705   7574 | 1.4328 15.06 | 5.32e-03 2.19e-02 |   3.8711 0.7927  0.3484  0.9688 1.000 14.00 | edge_dev mean=0.1216 max=0.2267 gg=0.0303 shape_dev=0.1642 xbar=0.5161 | T0 psi=(-1.236,+99.000,+0.456) ggm=0.000 circ=+0.0001 xUDD=(0.161,0.692,0.695)
# CONVTAG t=50.00 rough=0.000000 cond=0.156738 evap=0.283934 backs=0.037035
# CANT t=50.00 a_tag=1.0000 a_max=1.0000 xl_tag=0.6511 nlock=3 tune=1.072229
# REG t=50.00 tp n=2 rho=[0.381 0.381 0.381 0.381] gr=0.00013 fl=1.000 | ba n=26065 rho=[0.005 0.251 0.653 0.882] gr=0.00002 fl=0.917
t=   50.40 -8.08e-16 | 1.6669 16.41  22174   29   7746   7619 | 1.4327 15.06 | 2.17e-03 1.39e-02 |   3.8701 0.7925  0.3482  0.9700 1.000 14.00 | edge_dev mean=0.1198 max=0.2243 gg=0.0579 shape_dev=0.1628 xbar=0.5160 | T0 psi=(-2.256,+99.000,+1.426) ggm=0.000 circ=-0.0004 xUDD=(0.158,0.694,0.696)
# CONVTAG t=50.40 rough=0.000000 cond=0.156738 evap=0.283934 backs=0.037035
# CANT t=50.40 a_tag=1.0000 a_max=1.0000 xl_tag=0.6511 nlock=3 tune=1.080185
# REG t=50.40 tp n=2 rho=[0.220 0.220 0.220 0.220] gr=0.00013 fl=1.000 | ba n=26060 rho=[0.006 0.258 0.656 0.883] gr=0.00002 fl=0.917
t=   50.80 -8.08e-16 | 1.6668 16.40  22165   29   7799   7652 | 1.4325 15.06 | 5.23e-03 1.39e-02 |   3.8660 0.7917  0.3483  0.9710 1.000 14.00 | edge_dev mean=0.1186 max=0.2226 gg=0.0804 shape_dev=0.1622 xbar=0.5154 | T0 psi=(+3.116,+99.000,+2.281) ggm=0.000 circ=-0.0010 xUDD=(0.155,0.695,0.697)
# CONVTAG t=50.80 rough=0.000000 cond=0.156738 evap=0.283934 backs=0.037035
# CANT t=50.80 a_tag=1.0000 a_max=1.0000 xl_tag=0.6511 nlock=3 tune=1.086346
# REG t=50.80 tp n=2 rho=[0.220 0.220 0.220 0.220] gr=0.00017 fl=1.000 | ba n=26080 rho=[0.006 0.262 0.661 0.885] gr=0.00002 fl=0.917
t=   51.20 -8.08e-16 | 1.6667 16.41  22174   29   7831   7692 | 1.4326 15.06 | 5.28e-03 1.32e-02 |   3.8623 0.7909  0.3486  0.9722 1.000 14.00 | edge_dev mean=0.1173 max=0.2206 gg=0.0851 shape_dev=0.1607 xbar=0.5152 | T0 psi=(+2.317,+99.000,+3.038) ggm=0.000 circ=-0.0017 xUDD=(0.153,0.695,0.698)
# CONVTAG t=51.20 rough=0.000000 cond=0.156738 evap=0.283934 backs=0.037035
# CANT t=51.20 a_tag=1.0000 a_max=1.0000 xl_tag=0.6511 nlock=3 tune=1.091041
# REG t=51.20 tp n=2 rho=[0.220 0.220 0.220 0.220] gr=0.00016 fl=1.000 | ba n=26072 rho=[0.007 0.269 0.663 0.886] gr=0.00002 fl=0.917
t=   51.60 -8.08e-16 | 1.6665 16.41  22173   37   7863   7729 | 1.4326 15.06 | 2.89e-03 1.12e-02 |   3.8614 0.7907  0.3491  0.9727 1.000 14.00 | edge_dev mean=0.1162 max=0.2191 gg=0.0937 shape_dev=0.1595 xbar=0.5148 | T0 psi=(+1.509,+99.000,-2.457) ggm=0.000 circ=-0.0026 xUDD=(0.150,0.696,0.699)
# CONVTAG t=51.60 rough=0.000000 cond=0.156738 evap=0.283934 backs=0.037035
# CANT t=51.60 a_tag=1.0000 a_max=1.0000 xl_tag=0.6511 nlock=3 tune=1.095113
# REG t=51.60 tp n=2 rho=[0.220 0.220 0.220 0.220] gr=0.00015 fl=1.000 | ba n=26059 rho=[0.008 0.277 0.666 0.888] gr=0.00002 fl=0.917
t=   52.00 -8.08e-16 | 1.6664 16.40  22169   32   7889   7774 | 1.4325 15.06 | 6.85e-03 1.83e-02 |   3.8607 0.7906  0.3501  0.9728 1.000 14.00 | edge_dev mean=0.1159 max=0.2188 gg=0.0981 shape_dev=0.1591 xbar=0.5147 | T0 psi=(+0.730,+99.000,-1.692) ggm=0.000 circ=-0.0035 xUDD=(0.149,0.696,0.699)
# CONVTAG t=52.00 rough=0.000000 cond=0.156738 evap=0.283934 backs=0.037035
# CANT t=52.00 a_tag=1.0000 a_max=1.0000 xl_tag=0.6511 nlock=3 tune=1.098503
# REG t=52.00 tp n=2 rho=[0.137 0.137 0.137 0.137] gr=0.00015 fl=1.000 | ba n=26045 rho=[0.008 0.284 0.670 0.890] gr=0.00002 fl=0.918
t=   52.40 -8.08e-16 | 1.6662 16.39  22156   37   7924   7820 | 1.4324 15.05 | 3.84e-03 1.60e-02 |   3.8577 0.7900  0.3503  0.9730 1.000 14.00 | edge_dev mean=0.1153 max=0.2183 gg=0.1008 shape_dev=0.1585 xbar=0.5143 | T0 psi=(-0.042,+99.000,-0.938) ggm=0.000 circ=-0.0046 xUDD=(0.147,0.696,0.699)
# CONVTAG t=52.40 rough=0.000000 cond=0.156738 evap=0.283934 backs=0.037035
# CANT t=52.40 a_tag=1.0000 a_max=1.0000 xl_tag=0.6511 nlock=3 tune=1.101172
# REG t=52.40 tp n=2 rho=[0.137 0.137 0.137 0.137] gr=0.00020 fl=1.000 | ba n=26029 rho=[0.009 0.288 0.674 0.891] gr=0.00002 fl=0.918
t=   52.80 -8.08e-16 | 1.6659 16.40  22160   31   7964   7872 | 1.4324 15.05 | 2.38e-03 1.15e-02 |   3.8570 0.7898  0.3509  0.9733 1.000 14.00 | edge_dev mean=0.1148 max=0.2179 gg=0.1009 shape_dev=0.1583 xbar=0.5142 | T0 psi=(-0.801,+99.000,-0.193) ggm=0.000 circ=-0.0057 xUDD=(0.147,0.697,0.700)
# CONVTAG t=52.80 rough=0.000000 cond=0.156738 evap=0.283934 backs=0.037035
# CANT t=52.80 a_tag=1.0000 a_max=1.0000 xl_tag=0.6511 nlock=3 tune=1.103217
# REG t=52.80 tp n=2 rho=[0.137 0.137 0.137 0.137] gr=0.00019 fl=1.000 | ba n=26023 rho=[0.010 0.293 0.678 0.894] gr=0.00002 fl=0.918
t=   53.20 -8.08e-16 | 1.6659 16.40  22169   35   7995   7912 | 1.4325 15.05 | 6.40e-03 1.52e-02 |   3.8565 0.7897  0.3508  0.9735 1.000 14.00 | edge_dev mean=0.1151 max=0.2175 gg=0.1012 shape_dev=0.1584 xbar=0.5142 | T0 psi=(-1.555,+99.000,+0.545) ggm=0.000 circ=-0.0069 xUDD=(0.147,0.696,0.700)
# CONVTAG t=53.20 rough=0.000000 cond=0.156738 evap=0.283934 backs=0.037035
# CANT t=53.20 a_tag=1.0000 a_max=1.0000 xl_tag=0.6511 nlock=3 tune=1.104999
# REG t=53.20 tp n=2 rho=[0.106 0.106 0.106 0.106] gr=0.00019 fl=1.000 | ba n=26010 rho=[0.011 0.298 0.683 0.895] gr=0.00002 fl=0.919
t=   53.60 -8.08e-16 | 1.6658 16.39  22155   26   8025   7959 | 1.4323 15.05 | 3.01e-03 1.10e-02 |   3.5657 0.7302  0.2999  0.9711 1.000 14.00 | edge_dev mean=0.1158 max=0.2154 gg=0.1041 shape_dev=0.1578 xbar=0.4756 | T0 psi=(-2.355,+99.000,+0.865) ggm=0.000 circ=-0.0082 xUDD=(0.140,0.696,0.590)
# CONVTAG t=53.60 rough=0.000000 cond=0.156738 evap=0.572426 backs=0.074664
# CANT t=53.60 a_tag=1.0000 a_max=1.0000 xl_tag=0.6511 nlock=3 tune=1.120552
# REG t=53.60 tp n=2 rho=[0.106 0.106 0.106 0.106] gr=0.00018 fl=1.000 | ba n=26002 rho=[0.012 0.303 0.687 0.896] gr=0.00002 fl=0.919
t=   54.00 -8.08e-16 | 1.6658 16.39  22154   22   8073   8011 | 1.4323 15.05 | 3.16e-03 1.34e-02 |   3.5645 0.7299  0.2992  0.9731 1.000 14.00 | edge_dev mean=0.1162 max=0.2131 gg=0.1268 shape_dev=0.1567 xbar=0.4752 | T0 psi=(-3.122,+99.000,+1.744) ggm=0.000 circ=-0.0093 xUDD=(0.132,0.695,0.598)
# CONVTAG t=54.00 rough=0.000000 cond=0.156738 evap=0.572426 backs=0.074664
# CANT t=54.00 a_tag=1.0000 a_max=1.0000 xl_tag=0.6511 nlock=3 tune=1.140869
# REG t=54.00 tp n=2 rho=[0.106 0.106 0.106 0.106] gr=0.00024 fl=1.000 | ba n=26002 rho=[0.013 0.309 0.692 0.897] gr=0.00002 fl=0.919
t=   54.40 -8.08e-16 | 1.6657 16.38  22143   29   8120   8057 | 1.4322 15.05 | 6.94e-03 1.63e-02 |   3.5626 0.7296  0.3006  0.9747 1.000 14.00 | edge_dev mean=0.1157 max=0.2112 gg=0.0234 shape_dev=0.1555 xbar=0.4750 | T0 psi=(+2.569,+99.000,+2.141) ggm=0.000 circ=-0.0104 xUDD=(0.127,0.694,0.604)
# CONVTAG t=54.40 rough=0.000000 cond=0.156738 evap=0.572426 backs=0.074664
# CANT t=54.40 a_tag=1.0000 a_max=1.0000 xl_tag=0.6511 nlock=3 tune=1.159549
# REG t=54.40 tp n=2 rho=[0.095 0.095 0.095 0.095] gr=0.00023 fl=1.000 | ba n=25996 rho=[0.014 0.317 0.694 0.898] gr=0.00002 fl=0.919
t=   54.80 -8.08e-16 | 1.6655 16.38  22141   33   8169   8106 | 1.4321 15.05 | 6.79e-03 1.65e-02 |   3.5588 0.7288  0.3013  0.9759 1.000 14.33 | edge_dev mean=0.1160 max=0.2100 gg=0.0131 shape_dev=0.1547 xbar=0.4745 | T0 psi=(+1.966,+99.000,+2.351) ggm=0.000 circ=-0.0114 xUDD=(0.121,0.692,0.610)
# CONVTAG t=54.80 rough=0.000000 cond=0.156738 evap=0.572426 backs=0.074664
# CANT t=54.80 a_tag=1.0000 a_max=1.0000 xl_tag=0.6511 nlock=3 tune=1.176720
# REG t=54.80 tp n=2 rho=[0.095 0.095 0.095 0.095] gr=0.00022 fl=1.000 | ba n=25991 rho=[0.015 0.322 0.696 0.899] gr=0.00002 fl=0.919
t=   55.20 -8.08e-16 | 1.6654 16.37  22126   29   8220   8160 | 1.4320 15.05 | 5.74e-03 1.50e-02 |   3.5568 0.7284  0.3024  0.9769 1.000 14.33 | edge_dev mean=0.1167 max=0.2091 gg=0.0297 shape_dev=0.1540 xbar=0.4742 | T0 psi=(+1.081,+99.000,-3.111) ggm=0.000 circ=-0.0122 xUDD=(0.117,0.691,0.615)
# CONVTAG t=55.20 rough=0.000000 cond=0.156738 evap=0.572426 backs=0.074664
# CANT t=55.20 a_tag=1.0000 a_max=1.0000 xl_tag=0.6511 nlock=3 tune=1.192476
# REG t=55.20 tp n=2 rho=[0.095 0.095 0.095 0.095] gr=0.00024 fl=1.000 | ba n=25993 rho=[0.016 0.324 0.700 0.900] gr=0.00002 fl=0.919
t=   55.60 -8.08e-16 | 1.6653 16.37  22129   25   8267   8209 | 1.4320 15.05 | 6.90e-03 1.96e-02 |   3.5528 0.7275  0.3045  0.9781 1.000 14.33 | edge_dev mean=0.1153 max=0.2075 gg=0.0568 shape_dev=0.1531 xbar=0.4738 | T0 psi=(+0.157,+99.000,-2.021) ggm=0.000 circ=-0.0130 xUDD=(0.113,0.689,0.619)
# CONVTAG t=55.60 rough=0.000000 cond=0.156738 evap=0.572426 backs=0.074664
# CANT t=55.60 a_tag=1.0000 a_max=1.0000 xl_tag=0.6511 nlock=3 tune=1.206932
# REG t=55.60 tp n=2 rho=[0.095 0.095 0.095 0.095] gr=0.00023 fl=1.000 | ba n=25995 rho=[0.017 0.329 0.702 0.900] gr=0.00002 fl=0.919
t=   56.00 -8.08e-16 | 1.6653 16.37  22128   20   8299   8255 | 1.4320 15.05 | 5.05e-03 1.43e-02 |   3.5500 0.7270  0.3065  0.9792 1.000 14.33 | edge_dev mean=0.1132 max=0.2058 gg=0.0787 shape_dev=0.1524 xbar=0.4733 | T0 psi=(-0.682,+99.000,-1.055) ggm=0.000 circ=-0.0137 xUDD=(0.111,0.686,0.623)
# CONVTAG t=56.00 rough=0.000000 cond=0.156738 evap=0.572426 backs=0.074664
# CANT t=56.00 a_tag=1.0000 a_max=1.0000 xl_tag=0.6511 nlock=3 tune=1.220197
# REG t=56.00 tp n=2 rho=[0.087 0.087 0.087 0.087] gr=0.00022 fl=1.000 | ba n=25986 rho=[0.017 0.329 0.704 0.901] gr=0.00002 fl=0.920
t=   56.40 -8.08e-16 | 1.6652 16.37  22129   22   8340   8294 | 1.4320 15.05 | 4.31e-03 1.33e-02 |   3.5466 0.7263  0.3080  0.9801 1.000 14.33 | edge_dev mean=0.1118 max=0.2046 gg=0.0936 shape_dev=0.1521 xbar=0.4729 | T0 psi=(-1.481,+99.000,-0.167) ggm=0.000 circ=-0.0143 xUDD=(0.108,0.684,0.626)
# CONVTAG t=56.40 rough=0.000000 cond=0.156738 evap=0.572426 backs=0.074664
# CANT t=56.40 a_tag=1.0000 a_max=1.0000 xl_tag=0.6511 nlock=3 tune=1.232357
# REG t=56.40 tp n=2 rho=[0.087 0.087 0.087 0.087] gr=0.00021 fl=1.000 | ba n=25986 rho=[0.018 0.334 0.708 0.903] gr=0.00003 fl=0.919
t=   56.80 -8.08e-16 | 1.6651 16.38  22133   24   8375   8331 | 1.4320 15.05 | 1.39e-02 3.46e-02 |   3.5445 0.7258  0.3094  0.9816 1.000 14.33 | edge_dev mean=0.1087 max=0.2019 gg=0.1013 shape_dev=0.1515 xbar=0.4726 | T0 psi=(-2.265,+99.000,+0.677) ggm=0.000 circ=-0.0149 xUDD=(0.107,0.682,0.629)
# CONVTAG t=56.80 rough=0.000000 cond=0.156738 evap=0.572426 backs=0.074664
# CANT t=56.80 a_tag=1.0000 a_max=1.0000 xl_tag=0.6511 nlock=3 tune=1.243477
# REG t=56.80 tp n=2 rho=[0.087 0.087 0.087 0.087] gr=0.00023 fl=1.000 | ba n=25983 rho=[0.020 0.340 0.712 0.905] gr=0.00003 fl=0.919
t=   57.20 -8.08e-16 | 1.6650 16.38  22143   28   8410   8367 | 1.4322 15.05 | 3.53e-03 1.14e-02 |   3.5429 0.7255  0.3105  0.9830 1.000 14.33 | edge_dev mean=0.1058 max=0.1994 gg=0.1061 shape_dev=0.1504 xbar=0.4724 | T0 psi=(-3.045,+99.000,+1.505) ggm=0.000 circ=-0.0154 xUDD=(0.106,0.680,0.631)
# CONVTAG t=57.20 rough=0.000000 cond=0.156738 evap=0.572426 backs=0.074664
# CANT t=57.20 a_tag=1.0000 a_max=1.0000 xl_tag=0.6511 nlock=3 tune=1.253593
# REG t=57.20 tp n=2 rho=[0.090 0.090 0.090 0.090] gr=0.00022 fl=1.000 | ba n=25979 rho=[0.021 0.346 0.715 0.906] gr=0.00003 fl=0.919
t=   57.60 -8.08e-16 | 1.6649 16.40  22158   32   8449   8406 | 1.4323 15.05 | 4.34e-03 1.19e-02 |   3.8497 0.7883  0.3469  0.9762 1.000 14.00 | edge_dev mean=0.1036 max=0.1987 gg=0.0259 shape_dev=0.1500 xbar=0.5133 | T0 psi=(-3.131,+99.000,+2.433) ggm=0.000 circ=-0.0161 xUDD=(0.224,0.680,0.636)
# CONVTAG t=57.60 rough=0.000000 cond=0.424875 evap=0.572426 backs=0.074664
# CANT t=57.60 a_tag=1.0000 a_max=1.0000 xl_tag=0.6511 nlock=3 tune=1.271129
# REG t=57.60 tp n=2 rho=[0.090 0.090 0.090 0.090] gr=0.00021 fl=1.000 | ba n=25975 rho=[0.022 0.352 0.717 0.908] gr=0.00003 fl=0.920
t=   58.00 -8.08e-16 | 1.6647 16.39  22145   29   8498   8448 | 1.4321 15.04 | 2.50e-03 1.10e-02 |   3.8440 0.7872  0.3427  0.9782 1.000 14.00 | edge_dev mean=0.1013 max=0.1985 gg=0.0801 shape_dev=0.1500 xbar=0.5129 | T0 psi=(+1.981,+99.000,-2.694) ggm=0.000 circ=-0.0175 xUDD=(0.207,0.686,0.646)
# CONVTAG t=58.00 rough=0.000000 cond=0.424875 evap=0.572426 backs=0.074664
# CANT t=58.00 a_tag=1.0000 a_max=1.0000 xl_tag=0.6511 nlock=3 tune=1.314596
# REG t=58.00 tp n=2 rho=[0.090 0.090 0.090 0.090] gr=0.00020 fl=1.000 | ba n=25985 rho=[0.024 0.355 0.718 0.908] gr=0.00003 fl=0.919
t=   58.40 -8.08e-16 | 1.6646 16.38  22131   32   8551   8495 | 1.4319 15.04 | 5.50e-03 1.48e-02 |   3.8440 0.7872  0.3396  0.9801 1.000 14.00 | edge_dev mean=0.0985 max=0.1955 gg=0.0887 shape_dev=0.1477 xbar=0.5125 | T0 psi=(+1.042,+99.000,-1.781) ggm=0.000 circ=-0.0187 xUDD=(0.192,0.691,0.654)
# CONVTAG t=58.40 rough=0.000000 cond=0.424875 evap=0.572426 backs=0.074664
# CANT t=58.40 a_tag=1.0000 a_max=1.0000 xl_tag=0.6511 nlock=3 tune=1.348617
# REG t=58.40 tp n=2 rho=[0.090 0.090 0.090 0.090] gr=0.00022 fl=1.000 | ba n=25988 rho=[0.024 0.359 0.719 0.910] gr=0.00003 fl=0.919
t=   58.80 -8.08e-16 | 1.6644 16.36  22117   28   8588   8533 | 1.4317 15.04 | 5.64e-03 1.32e-02 |   3.8447 0.7873  0.3393  0.9806 1.000 14.00 | edge_dev mean=0.0991 max=0.1953 gg=0.1742 shape_dev=0.1456 xbar=0.5126 | T0 psi=(+0.438,+99.000,-1.063) ggm=0.000 circ=-0.0191 xUDD=(0.183,0.694,0.661)
# CONVTAG t=58.80 rough=0.000000 cond=0.424875 evap=0.572426 backs=0.074664
# CANT t=58.80 a_tag=1.0000 a_max=1.0000 xl_tag=0.6511 nlock=3 tune=1.375654
# REG t=58.80 tp n=2 rho=[0.082 0.082 0.082 0.082] gr=0.00021 fl=1.000 | ba n=25991 rho=[0.025 0.365 0.722 0.910] gr=0.00003 fl=0.919
t=   59.20 -8.08e-16 | 1.6643 16.36  22114   22   8634   8583 | 1.4317 15.04 | 3.09e-03 1.18e-02 |   3.8439 0.7871  0.3379  0.9815 1.000 14.00 | edge_dev mean=0.0986 max=0.1943 gg=0.0108 shape_dev=0.1443 xbar=0.5125 | T0 psi=(+0.045,+99.000,-0.495) ggm=0.000 circ=-0.0200 xUDD=(0.174,0.697,0.666)
# CONVTAG t=59.20 rough=0.000000 cond=0.424875 evap=0.572426 backs=0.074664
# CANT t=59.20 a_tag=1.0000 a_max=1.0000 xl_tag=0.6511 nlock=3 tune=1.396604
# REG t=59.20 tp n=2 rho=[0.082 0.082 0.082 0.082] gr=0.00021 fl=1.000 | ba n=25993 rho=[0.026 0.369 0.722 0.911] gr=0.00003 fl=0.919
t=   59.60 -8.08e-16 | 1.6643 16.36  22116   28   8682   8625 | 1.4317 15.04 | 5.02e-03 1.68e-02 |   3.8533 0.7891  0.3363  0.9833 1.000 14.00 | edge_dev mean=0.0965 max=0.1911 gg=0.0083 shape_dev=0.1427 xbar=0.5137 | T0 psi=(-0.690,+99.000,-0.289) ggm=0.000 circ=-0.0205 xUDD=(0.172,0.699,0.670)
# CONVTAG t=59.60 rough=0.000000 cond=0.424875 evap=0.572426 backs=0.074664
# CANT t=59.60 a_tag=1.0000 a_max=1.0000 xl_tag=0.6511 nlock=3 tune=1.413819
# REG t=59.60 tp n=2 rho=[0.082 0.082 0.082 0.082] gr=0.00026 fl=1.000 | ba n=25993 rho=[0.027 0.370 0.727 0.912] gr=0.00003 fl=0.919
t=   60.00 -8.08e-16 | 1.6641 16.38  22133   29   8714   8667 | 1.4319 15.04 | 5.90e-03 1.37e-02 |   3.8544 0.7893  0.3357  0.9842 1.000 14.00 | edge_dev mean=0.0962 max=0.1897 gg=0.0074 shape_dev=0.1416 xbar=0.5139 | T0 psi=(-1.463,+99.000,-0.121) ggm=0.000 circ=-0.0202 xUDD=(0.167,0.700,0.674)
# CONVTAG t=60.00 rough=0.000000 cond=0.424875 evap=0.572426 backs=0.074664
# CANT t=60.00 a_tag=1.0000 a_max=1.0000 xl_tag=0.6511 nlock=3 tune=1.429084
# REG t=60.00 tp n=2 rho=[0.229 0.229 0.229 0.229] gr=0.00025 fl=1.000 | ba n=25982 rho=[0.028 0.373 0.727 0.911] gr=0.00003 fl=0.920
t=   60.40 -8.08e-16 | 1.6641 16.38  22131   25   8754   8698 | 1.4318 15.04 | 5.76e-03 1.40e-02 |   3.8524 0.7889  0.3345  0.9855 1.000 14.00 | edge_dev mean=0.0951 max=0.1878 gg=0.0081 shape_dev=0.1405 xbar=0.5136 | T0 psi=(-2.287,+99.000,+0.126) ggm=0.000 circ=-0.0206 xUDD=(0.162,0.702,0.678)
# CONVTAG t=60.40 rough=0.000000 cond=0.424875 evap=0.572426 backs=0.074664
# CANT t=60.40 a_tag=1.0000 a_max=1.0000 xl_tag=0.6511 nlock=3 tune=1.441117
# REG t=60.40 tp n=2 rho=[0.229 0.229 0.229 0.229] gr=0.00024 fl=1.000 | ba n=25995 rho=[0.029 0.376 0.728 0.912] gr=0.00003 fl=0.919
t=   60.80 -8.08e-16 | 1.6641 16.37  22119   23   8792   8737 | 1.4317 15.04 | 2.93e-03 1.29e-02 |   3.8528 0.7890  0.3330  0.9866 1.000 14.00 | edge_dev mean=0.0940 max=0.1859 gg=0.0304 shape_dev=0.1394 xbar=0.5137 | T0 psi=(+2.852,+99.000,+1.492) ggm=0.000 circ=-0.0214 xUDD=(0.158,0.702,0.680)
# CONVTAG t=60.80 rough=0.000000 cond=0.424875 evap=0.572426 backs=0.074664
# CANT t=60.80 a_tag=1.0000 a_max=1.0000 xl_tag=0.6511 nlock=3 tune=1.450446
# REG t=60.80 tp n=2 rho=[0.229 0.229 0.229 0.229] gr=0.00023 fl=1.000 | ba n=25996 rho=[0.030 0.377 0.732 0.914] gr=0.00003 fl=0.919
t=   61.20 -8.08e-16 | 1.6640 16.36  22112   25   8821   8785 | 1.4316 15.04 | 4.44e-03 1.17e-02 |   3.8576 0.7900  0.3339  0.9868 1.000 14.00 | edge_dev mean=0.0940 max=0.1853 gg=0.0481 shape_dev=0.1388 xbar=0.5143 | T0 psi=(+1.978,+99.000,+2.568) ggm=0.000 circ=-0.0222 xUDD=(0.158,0.702,0.682)
# CONVTAG t=61.20 rough=0.000000 cond=0.424875 evap=0.572426 backs=0.074664
# CANT t=61.20 a_tag=1.0000 a_max=1.0000 xl_tag=0.6511 nlock=3 tune=1.458574
# REG t=61.20 tp n=2 rho=[0.145 0.145 0.145 0.145] gr=0.00038 fl=1.000 | ba n=25975 rho=[0.032 0.381 0.734 0.914] gr=0.00003 fl=0.920
t=   61.60 -8.08e-16 | 1.6640 16.38  22133   23   8865   8831 | 1.4319 15.04 | 5.87e-03 1.71e-02 |   3.8554 0.7895  0.3320  0.9873 1.000 14.00 | edge_dev mean=0.0935 max=0.1851 gg=0.0729 shape_dev=0.1390 xbar=0.5141 | T0 psi=(+1.117,+99.000,-2.719) ggm=0.000 circ=-0.0230 xUDD=(0.155,0.703,0.685)
# CONVTAG t=61.60 rough=0.000000 cond=0.424875 evap=0.572426 backs=0.074664
# CANT t=61.60 a_tag=1.0000 a_max=1.0000 xl_tag=0.6511 nlock=3 tune=1.466020
# REG t=61.60 tp n=2 rho=[0.145 0.145 0.145 0.145] gr=0.00037 fl=1.000 | ba n=25974 rho=[0.033 0.386 0.736 0.916] gr=0.00003 fl=0.920
t=   62.00 -8.08e-16 | 1.6639 16.37  22122   27   8922   8869 | 1.4317 15.04 | 4.32e-03 1.21e-02 |   3.8510 0.7886  0.3313  0.9875 1.000 14.00 | edge_dev mean=0.0939 max=0.1847 gg=0.0896 shape_dev=0.1384 xbar=0.5134 | T0 psi=(+0.329,+99.000,-1.813) ggm=0.000 circ=-0.0238 xUDD=(0.151,0.703,0.686)
# CONVTAG t=62.00 rough=0.000000 cond=0.424875 evap=0.572426 backs=0.074664
# CANT t=62.00 a_tag=1.0000 a_max=1.0000 xl_tag=0.6511 nlock=3 tune=1.471693
# REG t=62.00 tp n=2 rho=[0.145 0.145 0.145 0.145] gr=0.00035 fl=1.000 | ba n=25989 rho=[0.034 0.388 0.737 0.914] gr=0.00003 fl=0.919
t=   62.40 -8.08e-16 | 1.6639 16.37  22128   31   8961   8911 | 1.4318 15.04 | 3.50e-03 1.08e-02 |   3.8531 0.7890  0.3324  0.9873 1.000 14.00 | edge_dev mean=0.0949 max=0.1849 gg=0.1068 shape_dev=0.1378 xbar=0.5137 | T0 psi=(-0.448,+99.000,-0.920) ggm=0.000 circ=-0.0246 xUDD=(0.151,0.703,0.688)
# CONVTAG t=62.40 rough=0.000000 cond=0.424875 evap=0.572426 backs=0.074664
# CANT t=62.40 a_tag=1.0000 a_max=1.0000 xl_tag=0.6511 nlock=3 tune=1.475366
# REG t=62.40 tp n=2 rho=[0.142 0.142 0.142 0.142] gr=0.00037 fl=1.000 | ba n=25982 rho=[0.036 0.395 0.741 0.915] gr=0.00003 fl=0.920
t=   62.80 -8.08e-16 | 1.6639 16.38  22139   22   9006   8962 | 1.4319 15.04 | 2.97e-03 1.27e-02 |   3.8500 0.7884  0.3325  0.9876 1.000 14.00 | edge_dev mean=0.0941 max=0.1843 gg=0.1155 shape_dev=0.1379 xbar=0.5132 | T0 psi=(-1.195,+99.000,-0.102) ggm=0.000 circ=-0.0253 xUDD=(0.150,0.702,0.688)
# CONVTAG t=62.80 rough=0.000000 cond=0.424875 evap=0.572426 backs=0.074664
# CANT t=62.80 a_tag=1.0000 a_max=1.0000 xl_tag=0.6511 nlock=3 tune=1.478284
# REG t=62.80 tp n=2 rho=[0.142 0.142 0.142 0.142] gr=0.00035 fl=1.000 | ba n=25985 rho=[0.037 0.400 0.743 0.916] gr=0.00003 fl=0.920
t=   63.20 -8.08e-16 | 1.6638 16.38  22140   17   9047   9003 | 1.4319 15.04 | 4.62e-03 1.89e-02 |   3.8278 0.7838  0.3310  0.9891 1.000 14.00 | edge_dev mean=0.0925 max=0.1823 gg=0.1297 shape_dev=0.1371 xbar=0.5102 | T0 psi=(-1.975,+99.000,+0.674) ggm=0.000 circ=-0.0260 xUDD=(0.142,0.701,0.688)
# CONVTAG t=63.20 rough=0.000000 cond=0.424875 evap=0.572426 backs=0.074664
# CANT t=63.20 a_tag=1.0000 a_max=1.0000 xl_tag=0.6511 nlock=3 tune=1.480838
# REG t=63.20 tp n=2 rho=[0.142 0.142 0.142 0.142] gr=0.00034 fl=1.000 | ba n=25990 rho=[0.038 0.403 0.746 0.917] gr=0.00003 fl=0.920
t=   63.60 -8.08e-16 | 1.6636 16.37  22125   21   9088   9042 | 1.4318 15.04 | 2.80e-03 1.20e-02 |   3.8299 0.7843  0.3331  0.9896 1.000 14.00 | edge_dev mean=0.0916 max=0.1809 gg=0.1161 shape_dev=0.1364 xbar=0.5105 | T0 psi=(-2.642,+99.000,+1.401) ggm=0.000 circ=-0.0267 xUDD=(0.144,0.699,0.688)
# CONVTAG t=63.60 rough=0.000000 cond=0.424875 evap=0.572426 backs=0.074664
# CANT t=63.60 a_tag=1.0000 a_max=1.0000 xl_tag=0.6511 nlock=3 tune=1.484113
# REG t=63.60 tp n=2 rho=[0.142 0.142 0.142 0.142] gr=0.00033 fl=1.000 | ba n=25988 rho=[0.039 0.405 0.747 0.918] gr=0.00003 fl=0.920
t=   64.00 -8.08e-16 | 1.6636 16.37  22124   22   9121   9076 | 1.4317 15.04 | 6.13e-03 1.62e-02 |   3.8726 0.7930  0.3384  0.9893 1.000 14.00 | edge_dev mean=0.0901 max=0.1793 gg=0.0918 shape_dev=0.1359 xbar=0.5160 | T0 psi=(+3.020,+99.000,+2.168) ggm=0.000 circ=-0.0274 xUDD=(0.160,0.699,0.689)
# CONVTAG t=64.00 rough=0.000000 cond=0.424875 evap=0.572426 backs=0.074664
# CANT t=64.00 a_tag=1.0000 a_max=1.0000 xl_tag=0.6511 nlock=3 tune=1.488610
# REG t=64.00 tp n=2 rho=[0.146 0.146 0.146 0.146] gr=0.00035 fl=1.000 | ba n=25986 rho=[0.041 0.410 0.749 0.921] gr=0.00003 fl=0.920
t=   64.40 -8.08e-16 | 1.6635 16.37  22123   28   9164   9121 | 1.4317 15.04 | 8.44e-03 2.05e-02 |   3.8776 0.7941  0.3389  0.9907 1.000 14.00 | edge_dev mean=0.0871 max=0.1763 gg=0.0880 shape_dev=0.1351 xbar=0.5167 | T0 psi=(+2.300,+99.000,+2.909) ggm=0.000 circ=-0.0281 xUDD=(0.164,0.698,0.689)
# CONVTAG t=64.40 rough=0.000000 cond=0.424875 evap=0.572426 backs=0.074664
# CANT t=64.40 a_tag=1.0000 a_max=1.0000 xl_tag=0.6511 nlock=3 tune=1.490984
# REG t=64.40 tp n=2 rho=[0.146 0.146 0.146 0.146] gr=0.00034 fl=1.000 | ba n=25978 rho=[0.042 0.415 0.752 0.921] gr=0.00003 fl=0.920
t=   64.80 -8.08e-16 | 1.6634 16.38  22142   28   9203   9158 | 1.4319 15.04 | 3.48e-03 1.14e-02 |   3.8302 0.7843  0.3350  0.9932 1.000 14.33 | edge_dev mean=0.0851 max=0.1735 gg=0.1020 shape_dev=0.1335 xbar=0.5106 | T0 psi=(+1.482,+99.000,-2.665) ggm=0.000 circ=-0.0288 xUDD=(0.147,0.696,0.688)
# CONVTAG t=64.80 rough=0.000000 cond=0.424875 evap=0.572426 backs=0.074664
# CANT t=64.80 a_tag=1.0000 a_max=1.0000 xl_tag=0.6511 nlock=3 tune=1.495967
# REG t=64.80 tp n=2 rho=[0.146 0.146 0.146 0.146] gr=0.00032 fl=1.000 | ba n=25980 rho=[0.044 0.417 0.756 0.921] gr=0.00003 fl=0.921
t=   65.20 -8.08e-16 | 1.6633 16.38  22133   26   9237   9194 | 1.4318 15.03 | 3.46e-03 1.20e-02 |   3.8993 0.7985  0.3434  0.9923 1.000 14.33 | edge_dev mean=0.0843 max=0.1708 gg=0.0076 shape_dev=0.1312 xbar=0.5194 | T0 psi=(+1.328,+99.000,-2.600) ggm=0.000 circ=-0.0294 xUDD=(0.173,0.697,0.689)
# CONVTAG t=65.20 rough=0.000000 cond=0.424875 evap=0.572426 backs=0.074664
# CANT t=65.20 a_tag=1.0000 a_max=1.0000 xl_tag=0.6511 nlock=3 tune=1.504411
# REG t=65.20 tp n=2 rho=[0.146 0.146 0.146 0.146] gr=0.00031 fl=1.000 | ba n=25980 rho=[0.045 0.422 0.759 0.923] gr=0.00003 fl=0.920
t=   65.60 -8.08e-16 | 1.6632 16.38  22139   23   9291   9244 | 1.4318 15.03 | 6.66e-03 1.38e-02 |   3.9064 0.7999  0.3439  0.9937 1.000 14.33 | edge_dev mean=0.0819 max=0.1676 gg=0.0003 shape_dev=0.1295 xbar=0.5204 | T0 psi=(+0.974,+99.000,-2.913) ggm=0.000 circ=-0.0295 xUDD=(0.175,0.696,0.689)
# CONVTAG t=65.60 rough=0.000000 cond=0.424875 evap=0.572426 backs=0.074664
# CANT t=65.60 a_tag=1.0000 a_max=1.0000 xl_tag=0.6511 nlock=3 tune=1.508623
# REG t=65.60 tp n=2 rho=[0.147 0.147 0.147 0.147] gr=0.00033 fl=1.000 | ba n=25987 rho=[0.046 0.425 0.760 0.924] gr=0.00003 fl=0.920
t=   66.00 -8.08e-16 | 1.6633 16.39  22156   24   9332   9276 | 1.4320 15.03 | 5.19e-03 1.37e-02 |   3.8382 0.7860  0.3373  0.9969 1.000 14.33 | edge_dev mean=0.0802 max=0.1648 gg=0.0002 shape_dev=0.1276 xbar=0.5116 | T0 psi=(+0.424,+99.000,+2.750) ggm=0.000 circ=-0.0295 xUDD=(0.151,0.695,0.688)
# CONVTAG t=66.00 rough=0.000000 cond=0.424875 evap=0.572426 backs=0.074664
# CANT t=66.00 a_tag=1.0000 a_max=1.0000 xl_tag=0.6511 nlock=3 tune=1.514414
# REG t=66.00 tp n=2 rho=[0.147 0.147 0.147 0.147] gr=0.00032 fl=1.000 | ba n=25995 rho=[0.047 0.427 0.762 0.924] gr=0.00003 fl=0.920
t=   66.40 -8.08e-16 | 1.6632 16.37  22130   27   9374   9319 | 1.4317 15.03 | 3.15e-03 1.51e-02 |   3.9362 0.8060  0.3489  0.9942 1.000 14.33 | edge_dev mean=0.0797 max=0.1632 gg=0.2106 shape_dev=0.1262 xbar=0.5242 | T0 psi=(+0.044,+99.000,+2.089) ggm=0.000 circ=-0.0296 xUDD=(0.192,0.693,0.687)
# CONVTAG t=66.40 rough=0.000000 cond=0.424875 evap=0.572426 backs=0.074664
# CANT t=66.40 a_tag=1.0000 a_max=1.0000 xl_tag=0.6511 nlock=3 tune=1.524656
# REG t=66.40 tp n=2 rho=[0.147 0.147 0.147 0.147] gr=0.00031 fl=1.000 | ba n=25991 rho=[0.049 0.430 0.762 0.924] gr=0.00003 fl=0.921
t=   66.80 -8.08e-16 | 1.6631 16.38  22132   28   9412   9369 | 1.4318 15.03 | 4.34e-03 1.74e-02 |   3.9329 0.8054  0.3486  0.9929 1.000 14.00 | edge_dev mean=0.0840 max=0.1656 gg=0.2659 shape_dev=0.1248 xbar=0.5238 | T0 psi=(-0.053,+99.000,+2.156) ggm=0.000 circ=-0.0305 xUDD=(0.187,0.695,0.690)
# CONVTAG t=66.80 rough=0.000000 cond=0.424875 evap=0.572426 backs=0.074664
# CANT t=66.80 a_tag=1.0000 a_max=1.0000 xl_tag=0.6511 nlock=3 tune=1.536023
# REG t=66.80 tp n=2 rho=[0.147 0.147 0.147 0.147] gr=0.00029 fl=1.000 | ba n=25978 rho=[0.051 0.434 0.764 0.925] gr=0.00003 fl=0.921
t=   67.20 -8.08e-16 | 1.6630 16.38  22142   28   9454   9413 | 1.4318 15.03 | 4.42e-03 1.56e-02 |   3.8338 0.7851  0.3390  0.9949 1.000 14.33 | edge_dev mean=0.0861 max=0.1674 gg=0.0000 shape_dev=0.1247 xbar=0.5109 | T0 psi=(-0.202,+99.000,+2.220) ggm=0.000 circ=-0.0328 xUDD=(0.151,0.693,0.689)
# CONVTAG t=67.20 rough=0.000000 cond=0.424875 evap=0.572426 backs=0.074664
# CANT t=67.20 a_tag=1.0000 a_max=1.0000 xl_tag=0.6511 nlock=3 tune=1.539939
# REG t=67.20 tp n=2 rho=[0.147 0.147 0.147 0.147] gr=0.00028 fl=1.000 | ba n=25976 rho=[0.052 0.436 0.769 0.925] gr=0.00003 fl=0.921
t=   67.60 -8.08e-16 | 1.6629 16.37  22119   26   9480   9459 | 1.4316 15.03 | 3.97e-03 1.25e-02 |   3.8224 0.7827  0.3371  0.9978 1.000 14.33 | edge_dev mean=0.0819 max=0.1640 gg=0.0000 shape_dev=0.1249 xbar=0.5107 | T0 psi=(+0.624,+99.000,+1.945) ggm=0.000 circ=-0.0328 xUDD=(0.155,0.690,0.687)
# CONVTAG t=67.60 rough=0.000000 cond=0.424875 evap=0.572426 backs=0.074664
# CANT t=67.60 a_tag=1.0000 a_max=1.0000 xl_tag=0.6511 nlock=3 tune=1.549724
# REG t=67.60 tp n=2 rho=[0.147 0.147 0.147 0.147] gr=0.00027 fl=1.000 | ba n=25958 rho=[0.055 0.438 0.770 0.926] gr=0.00003 fl=0.922
t=   68.00 -8.08e-16 | 1.6630 16.37  22122   33   9526   9499 | 1.4316 15.02 | 2.57e-03 1.16e-02 |   3.9218 0.8031  0.3464  0.9946 1.000 14.33 | edge_dev mean=0.0816 max=0.1620 gg=0.0309 shape_dev=0.1231 xbar=0.5223 | T0 psi=(+0.490,+99.000,+2.419) ggm=0.000 circ=-0.0327 xUDD=(0.186,0.692,0.689)
# CONVTAG t=68.00 rough=0.000000 cond=0.424875 evap=0.572426 backs=0.074664
# CANT t=68.00 a_tag=1.0000 a_max=1.0000 xl_tag=0.6511 nlock=3 tune=1.563148
# REG t=68.00 tp n=2 rho=[0.147 0.147 0.147 0.147] gr=0.00026 fl=1.000 | ba n=25957 rho=[0.056 0.441 0.771 0.926] gr=0.00003 fl=0.922
t=   68.40 -8.08e-16 | 1.6630 16.37  22127   34   9557   9531 | 1.4316 15.02 | 3.52e-03 1.47e-02 |   3.9200 0.8027  0.3469  0.9944 1.000 14.33 | edge_dev mean=0.0826 max=0.1621 gg=0.1179 shape_dev=0.1224 xbar=0.5222 | T0 psi=(+0.228,+99.000,+2.562) ggm=0.000 circ=-0.0327 xUDD=(0.187,0.691,0.689)
# CONVTAG t=68.40 rough=0.000000 cond=0.424875 evap=0.572426 backs=0.074664
# CANT t=68.40 a_tag=1.0000 a_max=1.0000 xl_tag=0.6511 nlock=3 tune=1.566676
# REG t=68.40 tp n=2 rho=[0.147 0.147 0.147 0.147] gr=0.00025 fl=1.000 | ba n=25955 rho=[0.058 0.444 0.775 0.928] gr=0.00003 fl=0.922
t=   68.80 -8.08e-16 | 1.6630 16.36  22112   30   9598   9577 | 1.4314 15.02 | 3.18e-03 1.01e-02 |   3.8192 0.7821  0.3368  0.9982 1.000 14.33 | edge_dev mean=0.0802 max=0.1606 gg=0.0000 shape_dev=0.1228 xbar=0.5090 | T0 psi=(-0.224,+99.000,+3.088) ggm=0.000 circ=-0.0328 xUDD=(0.151,0.689,0.687)
# CONVTAG t=68.80 rough=0.000000 cond=0.424875 evap=0.572426 backs=0.074664
# CANT t=68.80 a_tag=1.0000 a_max=1.0000 xl_tag=0.6511 nlock=3 tune=1.575731
# REG t=68.80 tp n=2 rho=[0.147 0.147 0.147 0.147] gr=0.00024 fl=1.000 | ba n=25954 rho=[0.058 0.445 0.777 0.928] gr=0.00003 fl=0.921
t=   69.20 -8.08e-16 | 1.6630 16.36  22113   25   9641   9622 | 1.4314 15.02 | 3.92e-03 1.41e-02 |   3.9220 0.8031  0.3478  0.9957 1.000 14.33 | edge_dev mean=0.0796 max=0.1589 gg=0.0000 shape_dev=0.1215 xbar=0.5224 | T0 psi=(-0.269,+99.000,-2.460) ggm=0.000 circ=-0.0328 xUDD=(0.191,0.689,0.687)
# CONVTAG t=69.20 rough=0.000000 cond=0.424875 evap=0.572426 backs=0.074664
# CANT t=69.20 a_tag=1.0000 a_max=1.0000 xl_tag=0.6511 nlock=3 tune=1.589090
# REG t=69.20 tp n=2 rho=[0.147 0.147 0.147 0.147] gr=0.00023 fl=1.000 | ba n=25957 rho=[0.060 0.449 0.778 0.928] gr=0.00003 fl=0.921
t=   69.60 -8.08e-16 | 1.6629 16.36  22116   28   9681   9659 | 1.4314 15.02 | 5.44e-03 1.49e-02 |   3.9240 0.8035  0.3481  0.9952 1.000 14.33 | edge_dev mean=0.0811 max=0.1599 gg=0.2707 shape_dev=0.1210 xbar=0.5227 | T0 psi=(-0.225,+99.000,-2.570) ggm=0.000 circ=-0.0335 xUDD=(0.189,0.690,0.689)
# CONVTAG t=69.60 rough=0.000000 cond=0.424875 evap=0.572426 backs=0.074664
# CANT t=69.60 a_tag=1.0000 a_max=1.0000 xl_tag=0.6511 nlock=3 tune=1.596449
# REG t=69.60 tp n=2 rho=[0.147 0.147 0.147 0.147] gr=0.00022 fl=1.000 | ba n=25957 rho=[0.062 0.451 0.778 0.928] gr=0.00003 fl=0.922
t=   70.00 -8.08e-16 | 1.6629 16.36  22109   23   9706   9688 | 1.4313 15.02 | 4.06e-03 1.06e-02 |   3.8305 0.7844  0.3387  0.9989 1.000 14.33 | edge_dev mean=0.0788 max=0.1587 gg=0.0000 shape_dev=0.1217 xbar=0.5105 | T0 psi=(-1.039,+99.000,-1.660) ggm=0.000 circ=-0.0339 xUDD=(0.155,0.689,0.687)
# CONVTAG t=70.00 rough=0.000000 cond=0.424875 evap=0.572426 backs=0.074664
# CANT t=70.00 a_tag=1.0000 a_max=1.0000 xl_tag=0.6511 nlock=3 tune=1.600499
# REG t=70.00 tp n=2 rho=[0.148 0.148 0.148 0.148] gr=0.00021 fl=1.000 | ba n=25958 rho=[0.064 0.455 0.779 0.930] gr=0.00003 fl=0.922
t=   70.40 -8.08e-16 | 1.6629 16.36  22110   17   9748   9738 | 1.4313 15.01 | 5.37e-03 1.76e-02 |   3.9371 0.8062  0.3504  1.0056 1.000 14.33 | edge_dev mean=0.0774 max=0.1569 gg=0.0000 shape_dev=0.1209 xbar=0.5378 | T0 psi=(-1.547,+99.000,-0.838) ggm=0.000 circ=-0.0339 xUDD=(0.240,0.688,0.686)
# CONVTAG t=70.40 rough=0.000000 cond=0.424875 evap=0.572426 backs=0.074664
# CANT t=70.40 a_tag=1.0000 a_max=1.0000 xl_tag=0.6511 nlock=3 tune=1.607350
# REG t=70.40 tp n=2 rho=[0.148 0.148 0.148 0.148] gr=0.00021 fl=1.000 | ba n=25955 rho=[0.066 0.459 0.781 0.931] gr=0.00003 fl=0.922
t=   70.80 -8.08e-16 | 1.6628 16.36  22108   17   9780   9777 | 1.4313 15.02 | 4.68e-03 1.34e-02 |   3.9370 0.8062  0.3486  0.9969 1.000 14.33 | edge_dev mean=0.0778 max=0.1565 gg=0.0000 shape_dev=0.1201 xbar=0.5246 | T0 psi=(-2.433,+99.000,+0.528) ggm=0.000 circ=-0.0339 xUDD=(0.194,0.691,0.689)
# CONVTAG t=70.80 rough=0.000000 cond=0.424875 evap=0.572426 backs=0.074664
# CANT t=70.80 a_tag=1.0000 a_max=1.0000 xl_tag=0.6511 nlock=3 tune=1.623767
# REG t=70.80 tp n=2 rho=[0.148 0.148 0.148 0.148] gr=0.00020 fl=1.000 | ba n=25948 rho=[0.068 0.462 0.783 0.932] gr=0.00003 fl=0.922
t=   71.20 -8.08e-16 | 1.6629 16.36  22117   21   9814   9811 | 1.4314 15.02 | 4.58e-03 1.08e-02 |   3.8676 0.7920  0.3405  0.9993 1.000 14.33 | edge_dev mean=0.0777 max=0.1560 gg=0.0000 shape_dev=0.1197 xbar=0.5154 | T0 psi=(+2.962,+99.000,+1.549) ggm=0.000 circ=-0.0339 xUDD=(0.165,0.692,0.689)
# CONVTAG t=71.20 rough=0.000000 cond=0.424875 evap=0.572426 backs=0.074664
# CANT t=71.20 a_tag=1.0000 a_max=1.0000 xl_tag=0.6511 nlock=3 tune=1.629869
# REG t=71.20 tp n=2 rho=[0.148 0.148 0.148 0.148] gr=0.00019 fl=1.000 | ba n=25944 rho=[0.068 0.467 0.785 0.932] gr=0.00003 fl=0.922
t=   71.60 -8.08e-16 | 1.6627 16.38  22134   18   9847   9849 | 1.4316 15.02 | 3.83e-03 1.03e-02 |   4.0689 0.8332  0.3779  0.9983 1.000 14.33 | edge_dev mean=0.0786 max=0.1568 gg=0.0000 shape_dev=0.1199 xbar=0.5423 | T0 psi=(+2.274,+99.000,+2.717) ggm=0.000 circ=-0.0339 xUDD=(0.172,0.692,0.763)
# CONVTAG t=71.60 rough=0.000000 cond=0.590138 evap=0.572426 backs=0.074664
# CANT t=71.60 a_tag=1.0000 a_max=1.0000 xl_tag=0.6511 nlock=3 tune=1.637981
# REG t=71.60 tp n=2 rho=[0.148 0.148 0.148 0.148] gr=0.00018 fl=1.000 | ba n=25943 rho=[0.069 0.469 0.787 0.933] gr=0.00003 fl=0.922
t=   72.00 -8.08e-16 | 1.6628 16.37  22124   23   9880   9888 | 1.4315 15.01 | 3.32e-03 1.18e-02 |   4.1429 0.8484  0.3814  0.9953 1.000 14.33 | edge_dev mean=0.0802 max=0.1590 gg=0.0000 shape_dev=0.1210 xbar=0.5522 | T0 psi=(+2.025,+99.000,-2.935) ggm=0.000 circ=-0.0339 xUDD=(0.202,0.695,0.760)
# CONVTAG t=72.00 rough=0.000000 cond=0.590138 evap=0.572426 backs=0.074664
# CANT t=72.00 a_tag=1.0000 a_max=1.0000 xl_tag=0.6511 nlock=3 tune=1.651559
# REG t=72.00 tp n=2 rho=[0.148 0.148 0.148 0.148] gr=0.00018 fl=1.000 | ba n=25932 rho=[0.070 0.470 0.786 0.933] gr=0.00003 fl=0.923
t=   72.40 -8.08e-16 | 1.6627 16.37  22130   21   9919   9929 | 1.4316 15.01 | 2.83e-03 1.15e-02 |   4.1405 0.8479  0.3777  0.9951 1.000 14.33 | edge_dev mean=0.0811 max=0.1602 gg=0.0000 shape_dev=0.1215 xbar=0.5521 | T0 psi=(+0.963,+99.000,-1.890) ggm=0.000 circ=-0.0339 xUDD=(0.202,0.697,0.757)
# CONVTAG t=72.40 rough=0.000000 cond=0.590138 evap=0.572426 backs=0.074664
# CANT t=72.40 a_tag=1.0000 a_max=1.0000 xl_tag=0.6511 nlock=3 tune=1.663893
# REG t=72.40 tp n=2 rho=[0.148 0.148 0.148 0.148] gr=0.00017 fl=1.000 | ba n=25932 rho=[0.072 0.472 0.787 0.933] gr=0.00003 fl=0.923
t=   72.80 -8.08e-16 | 1.6627 16.37  22130   21   9965   9982 | 1.4315 15.01 | 4.31e-03 1.18e-02 |   4.1076 0.8412  0.3730  0.9947 1.000 14.33 | edge_dev mean=0.0833 max=0.1622 gg=0.0922 shape_dev=0.1217 xbar=0.5474 | T0 psi=(+0.325,+99.000,-1.176) ggm=0.000 circ=-0.0338 xUDD=(0.189,0.700,0.754)
# CONVTAG t=72.80 rough=0.000000 cond=0.590138 evap=0.572426 backs=0.074664
# CANT t=72.80 a_tag=1.0000 a_max=1.0000 xl_tag=0.6511 nlock=3 tune=1.675171
# REG t=72.80 tp n=2 rho=[0.148 0.148 0.148 0.148] gr=0.00016 fl=1.000 | ba n=25925 rho=[0.074 0.471 0.787 0.934] gr=0.00003 fl=0.923
t=   73.20 -8.08e-16 | 1.6625 16.37  22124   25  10012  10019 | 1.4315 15.01 | 3.70e-03 1.22e-02 |   4.1585 0.8516  0.3761  0.9919 1.000 14.33 | edge_dev mean=0.0863 max=0.1648 gg=0.0000 shape_dev=0.1220 xbar=0.5543 | T0 psi=(+0.101,+99.000,-0.599) ggm=0.000 circ=-0.0345 xUDD=(0.209,0.703,0.751)
# CONVTAG t=73.20 rough=0.000000 cond=0.590138 evap=0.572426 backs=0.074664
# CANT t=73.20 a_tag=1.0000 a_max=1.0000 xl_tag=0.6511 nlock=3 tune=1.685735
# REG t=73.20 tp n=2 rho=[0.148 0.148 0.148 0.148] gr=0.00016 fl=1.000 | ba n=25931 rho=[0.075 0.473 0.788 0.933] gr=0.00003 fl=0.923
t=   73.60 -8.08e-16 | 1.6626 16.37  22128   28  10055  10060 | 1.4315 15.01 | 3.19e-03 1.22e-02 |   4.1627 0.8524  0.3728  0.9928 1.000 14.33 | edge_dev mean=0.0846 max=0.1639 gg=0.0000 shape_dev=0.1225 xbar=0.5549 | T0 psi=(-1.069,+99.000,+0.496) ggm=0.000 circ=-0.0345 xUDD=(0.208,0.706,0.751)
# CONVTAG t=73.60 rough=0.000000 cond=0.590138 evap=0.572426 backs=0.074664
# CANT t=73.60 a_tag=1.0000 a_max=1.0000 xl_tag=0.6511 nlock=3 tune=1.695258
# REG t=73.60 tp n=2 rho=[0.148 0.148 0.148 0.148] gr=0.00015 fl=1.000 | ba n=25930 rho=[0.075 0.474 0.788 0.933] gr=0.00003 fl=0.923
t=   74.00 -8.08e-16 | 1.6625 16.38  22140   21  10097  10101 | 1.4316 15.00 | 3.48e-03 1.50e-02 |   4.1493 0.8497  0.3694  0.9936 1.000 14.33 | edge_dev mean=0.0844 max=0.1635 gg=0.0000 shape_dev=0.1223 xbar=0.5531 | T0 psi=(-1.981,+99.000,+1.176) ggm=0.000 circ=-0.0345 xUDD=(0.200,0.709,0.750)
# CONVTAG t=74.00 rough=0.000000 cond=0.590138 evap=0.572426 backs=0.074664
# CANT t=74.00 a_tag=1.0000 a_max=1.0000 xl_tag=0.6511 nlock=3 tune=1.704453
# REG t=74.00 tp n=2 rho=[0.148 0.148 0.148 0.148] gr=0.00014 fl=1.000 | ba n=25938 rho=[0.077 0.476 0.789 0.935] gr=0.00003 fl=0.923
t=   74.40 -8.08e-16 | 1.6626 16.37  22130   25  10139  10144 | 1.4315 15.00 | 4.70e-03 1.22e-02 |   4.1507 0.8500  0.3688  0.9941 1.000 14.33 | edge_dev mean=0.0842 max=0.1625 gg=0.0000 shape_dev=0.1213 xbar=0.5533 | T0 psi=(-2.667,+99.000,+2.004) ggm=0.000 circ=-0.0345 xUDD=(0.199,0.711,0.750)
# CONVTAG t=74.40 rough=0.000000 cond=0.590138 evap=0.572426 backs=0.074664
# CANT t=74.40 a_tag=1.0000 a_max=1.0000 xl_tag=0.6511 nlock=3 tune=1.712501
# REG t=74.40 tp n=2 rho=[0.148 0.148 0.148 0.148] gr=0.00014 fl=1.000 | ba n=25933 rho=[0.078 0.478 0.791 0.936] gr=0.00003 fl=0.923
t=   74.80 -8.08e-16 | 1.6628 16.38  22142   24  10170  10189 | 1.4316 15.00 | 3.84e-03 1.15e-02 |   4.1622 0.8523  0.3686  0.9942 1.000 14.33 | edge_dev mean=0.0842 max=0.1620 gg=0.0000 shape_dev=0.1207 xbar=0.5549 | T0 psi=(-3.040,+99.000,+2.700) ggm=0.000 circ=-0.0345 xUDD=(0.201,0.714,0.750)
# CONVTAG t=74.80 rough=0.000000 cond=0.590138 evap=0.572426 backs=0.074664
# CANT t=74.80 a_tag=1.0000 a_max=1.0000 xl_tag=0.6511 nlock=3 tune=1.720139
# REG t=74.80 tp n=2 rho=[0.148 0.148 0.148 0.148] gr=0.00013 fl=1.000 | ba n=25919 rho=[0.081 0.481 0.792 0.936] gr=0.00003 fl=0.924
t=   75.20 -8.08e-16 | 1.6628 16.39  22155   24  10212  10226 | 1.4317 15.00 | 2.74e-03 1.19e-02 |   4.1699 0.8539  0.3706  0.9938 1.000 14.33 | edge_dev mean=0.0862 max=0.1615 gg=0.0000 shape_dev=0.1185 xbar=0.5559 | T0 psi=(+2.963,+99.000,-2.845) ggm=0.000 circ=-0.0345 xUDD=(0.202,0.716,0.749)
# CONVTAG t=75.20 rough=0.000000 cond=0.590138 evap=0.572426 backs=0.074664
# CANT t=75.20 a_tag=1.0000 a_max=1.0000 xl_tag=0.6511 nlock=3 tune=1.727938
# REG t=75.20 tp n=2 rho=[0.148 0.148 0.148 0.148] gr=0.00013 fl=1.000 | ba n=25924 rho=[0.081 0.485 0.792 0.937] gr=0.00003 fl=0.924
t=   75.60 -8.08e-16 | 1.6628 16.39  22154   22  10258  10269 | 1.4317 15.00 | 6.33e-03 1.58e-02 |   4.1797 0.8559  0.3740  0.9933 1.000 14.33 | edge_dev mean=0.0883 max=0.1613 gg=0.0000 shape_dev=0.1162 xbar=0.5572 | T0 psi=(+2.751,+99.000,-2.071) ggm=0.000 circ=-0.0345 xUDD=(0.204,0.718,0.749)
# CONVTAG t=75.60 rough=0.000000 cond=0.590138 evap=0.572426 backs=0.074664
# CANT t=75.60 a_tag=1.0000 a_max=1.0000 xl_tag=0.6511 nlock=3 tune=1.735967
# REG t=75.60 tp n=2 rho=[0.148 0.148 0.148 0.148] gr=0.00012 fl=1.000 | ba n=25928 rho=[0.082 0.488 0.794 0.936] gr=0.00003 fl=0.923
t=   76.00 -8.08e-16 | 1.6629 16.40  22170   23  10299  10304 | 1.4319 15.00 | 3.87e-03 1.12e-02 |   3.7548 0.7689  0.3460  1.0041 1.000 14.33 | edge_dev mean=0.0839 max=0.1597 gg=0.0000 shape_dev=0.1182 xbar=0.5006 | T0 psi=(+1.339,+99.000,-1.866) ggm=0.000 circ=-0.0345 xUDD=(0.046,0.713,0.742)
# CONVTAG t=76.00 rough=0.000000 cond=0.590138 evap=0.998751 backs=0.130272
# CANT t=76.00 a_tag=1.0000 a_max=1.0000 xl_tag=0.6511 nlock=3 tune=1.771051
# REG t=76.00 tp n=2 rho=[0.148 0.148 0.148 0.148] gr=0.00012 fl=1.000 | ba n=25933 rho=[0.084 0.487 0.794 0.937] gr=0.00004 fl=0.923
t=   76.40 -8.08e-16 | 1.6629 16.41  22176   27  10335  10333 | 1.4320 15.00 | 4.50e-03 1.29e-02 |   3.7581 0.7696  0.3495  1.0030 1.000 14.33 | edge_dev mean=0.0828 max=0.1605 gg=0.0000 shape_dev=0.1201 xbar=0.5010 | T0 psi=(+0.877,+99.000,-1.937) ggm=0.000 circ=-0.0345 xUDD=(0.066,0.705,0.732)
# CONVTAG t=76.40 rough=0.000000 cond=0.590138 evap=0.998751 backs=0.130272
# CANT t=76.40 a_tag=1.0000 a_max=1.0000 xl_tag=0.6511 nlock=3 tune=1.817806
# REG t=76.40 tp n=2 rho=[0.148 0.148 0.148 0.148] gr=0.00011 fl=1.000 | ba n=25936 rho=[0.086 0.487 0.795 0.937] gr=0.00004 fl=0.923
t=   76.80 -8.08e-16 | 1.6628 16.40  22164   32  10376  10378 | 1.4319 15.01 | 4.05e-03 1.47e-02 |   3.7579 0.7695  0.3537  1.0024 1.000 14.33 | edge_dev mean=0.0826 max=0.1604 gg=0.0000 shape_dev=0.1202 xbar=0.5010 | T0 psi=(-0.358,+99.000,-0.782) ggm=0.000 circ=-0.0345 xUDD=(0.081,0.699,0.723)
# CONVTAG t=76.80 rough=0.000000 cond=0.590138 evap=0.998751 backs=0.130272
# CANT t=76.80 a_tag=1.0000 a_max=1.0000 xl_tag=0.6511 nlock=3 tune=1.852461
# REG t=76.80 tp n=2 rho=[0.148 0.148 0.148 0.148] gr=0.00011 fl=1.000 | ba n=25927 rho=[0.086 0.487 0.795 0.937] gr=0.00004 fl=0.923
t=   77.20 -8.08e-16 | 1.6629 16.40  22169   30  10417  10420 | 1.4319 15.01 | 2.95e-03 1.07e-02 |   3.7593 0.7698  0.3571  1.0010 1.000 14.33 | edge_dev mean=0.0839 max=0.1620 gg=0.0000 shape_dev=0.1209 xbar=0.5012 | T0 psi=(-1.425,+99.000,+0.263) ggm=0.000 circ=-0.0345 xUDD=(0.093,0.694,0.717)
# CONVTAG t=77.20 rough=0.000000 cond=0.590138 evap=0.998751 backs=0.130272
# CANT t=77.20 a_tag=1.0000 a_max=1.0000 xl_tag=0.6511 nlock=3 tune=1.879575
# REG t=77.20 tp n=2 rho=[0.148 0.148 0.148 0.148] gr=0.00010 fl=1.000 | ba n=25928 rho=[0.087 0.490 0.797 0.938] gr=0.00004 fl=0.923
t=   77.60 -8.08e-16 | 1.6628 16.41  22179   25  10454  10456 | 1.4321 15.01 | 3.83e-03 1.36e-02 |   3.7595 0.7699  0.3593  0.9997 1.000 14.00 | edge_dev mean=0.0854 max=0.1637 gg=0.0000 shape_dev=0.1216 xbar=0.5012 | T0 psi=(-2.390,+99.000,+1.209) ggm=0.000 circ=-0.0345 xUDD=(0.102,0.690,0.712)
# CONVTAG t=77.60 rough=0.000000 cond=0.590138 evap=0.998751 backs=0.130272
# CANT t=77.60 a_tag=1.0000 a_max=1.0000 xl_tag=0.6511 nlock=3 tune=1.900633
# REG t=77.60 tp n=2 rho=[0.148 0.148 0.148 0.148] gr=0.00010 fl=1.000 | ba n=25934 rho=[0.087 0.491 0.798 0.939] gr=0.00004 fl=0.923
t=   78.00 -8.08e-16 | 1.6627 16.40  22168   24  10511  10500 | 1.4319 15.01 | 3.09e-03 1.33e-02 |   3.7562 0.7692  0.3610  0.9984 1.000 14.00 | edge_dev mean=0.0867 max=0.1657 gg=0.0000 shape_dev=0.1228 xbar=0.5008 | T0 psi=(+2.953,+99.000,+2.121) ggm=0.000 circ=-0.0345 xUDD=(0.107,0.688,0.708)
# CONVTAG t=78.00 rough=0.000000 cond=0.590138 evap=0.998751 backs=0.130272
# CANT t=78.00 a_tag=1.0000 a_max=1.0000 xl_tag=0.6511 nlock=3 tune=1.916631
# REG t=78.00 tp n=2 rho=[0.148 0.148 0.148 0.148] gr=0.00010 fl=1.000 | ba n=25948 rho=[0.087 0.490 0.798 0.939] gr=0.00004 fl=0.923
t=   78.40 -8.08e-16 | 1.6625 16.40  22161   20  10543  10541 | 1.4319 15.01 | 5.57e-03 1.80e-02 |   3.7539 0.7687  0.3627  0.9972 1.000 14.00 | edge_dev mean=0.0878 max=0.1676 gg=0.0000 shape_dev=0.1241 xbar=0.5005 | T0 psi=(+2.064,+99.000,+2.990) ggm=0.000 circ=-0.0345 xUDD=(0.112,0.686,0.704)
# CONVTAG t=78.40 rough=0.000000 cond=0.590138 evap=0.998751 backs=0.130272
# CANT t=78.40 a_tag=1.0000 a_max=1.0000 xl_tag=0.6511 nlock=3 tune=1.929827
# REG t=78.40 tp n=2 rho=[0.148 0.148 0.148 0.148] gr=0.00009 fl=1.000 | ba n=25943 rho=[0.089 0.489 0.799 0.938] gr=0.00004 fl=0.923
t=   78.80 -8.08e-16 | 1.6625 16.40  22159   15  10580  10582 | 1.4319 15.01 | 4.56e-03 1.33e-02 |   3.7483 0.7676  0.3636  0.9962 1.000 14.00 | edge_dev mean=0.0888 max=0.1695 gg=0.0000 shape_dev=0.1253 xbar=0.4998 | T0 psi=(+1.244,+99.000,-2.497) ggm=0.000 circ=-0.0345 xUDD=(0.114,0.684,0.701)
# CONVTAG t=78.80 rough=0.000000 cond=0.590138 evap=0.998751 backs=0.130272
# CANT t=78.80 a_tag=1.0000 a_max=1.0000 xl_tag=0.6511 nlock=3 tune=1.940556
# REG t=78.80 tp n=2 rho=[0.148 0.148 0.148 0.148] gr=0.00009 fl=1.000 | ba n=25944 rho=[0.091 0.491 0.801 0.938] gr=0.00004 fl=0.923
t=   79.20 -8.08e-16 | 1.6625 16.39  22149   17  10619  10609 | 1.4317 15.01 | 5.50e-03 1.67e-02 |   3.7476 0.7674  0.3651  0.9954 1.000 14.00 | edge_dev mean=0.0897 max=0.1709 gg=0.0000 shape_dev=0.1260 xbar=0.4997 | T0 psi=(+0.419,+99.000,-1.680) ggm=0.000 circ=-0.0345 xUDD=(0.117,0.683,0.699)
# CONVTAG t=79.20 rough=0.000000 cond=0.590138 evap=0.998751 backs=0.130272
# CANT t=79.20 a_tag=1.0000 a_max=1.0000 xl_tag=0.6511 nlock=3 tune=1.948834
# REG t=79.20 tp n=2 rho=[0.148 0.148 0.148 0.148] gr=0.00009 fl=1.000 | ba n=25954 rho=[0.092 0.492 0.801 0.938] gr=0.00004 fl=0.923
t=   79.60 -8.08e-16 | 1.6626 16.39  22151   18  10655  10656 | 1.4317 15.01 | 1.45e-02 3.24e-02 |   3.7456 0.7670  0.3662  0.9949 1.000 14.00 | edge_dev mean=0.0903 max=0.1714 gg=0.0000 shape_dev=0.1261 xbar=0.4994 | T0 psi=(-0.395,+99.000,-0.873) ggm=0.000 circ=-0.0345 xUDD=(0.119,0.682,0.697)
# CONVTAG t=79.60 rough=0.000000 cond=0.590138 evap=0.998751 backs=0.130272
# CANT t=79.60 a_tag=1.0000 a_max=1.0000 xl_tag=0.6511 nlock=3 tune=1.955882
# REG t=79.60 tp n=2 rho=[0.148 0.148 0.148 0.148] gr=0.00008 fl=1.000 | ba n=25942 rho=[0.092 0.493 0.802 0.939] gr=0.00004 fl=0.923
t=   80.00 -8.08e-16 | 1.6626 16.39  22147   14  10694  10703 | 1.4317 15.01 | 7.37e-03 1.88e-02 |   3.7383 0.7655  0.3670  0.9948 1.000 14.00 | edge_dev mean=0.0908 max=0.1716 gg=0.0000 shape_dev=0.1258 xbar=0.4984 | T0 psi=(-1.180,+99.000,-0.106) ggm=0.000 circ=-0.0345 xUDD=(0.119,0.682,0.695)
# CONVTAG t=80.00 rough=0.000000 cond=0.590138 evap=0.998751 backs=0.130272
# CANT t=80.00 a_tag=1.0000 a_max=1.0000 xl_tag=0.6511 nlock=3 tune=1.962003
# REG t=80.00 tp n=2 rho=[0.148 0.148 0.148 0.148] gr=0.00008 fl=1.000 | ba n=25938 rho=[0.094 0.498 0.802 0.940] gr=0.00004 fl=0.924
t=   80.40 -8.08e-16 | 1.6627 16.38  22144   17  10720  10741 | 1.4316 15.01 | 3.03e-03 1.23e-02 |   3.7348 0.7648  0.3655  0.9949 1.000 14.00 | edge_dev mean=0.0905 max=0.1713 gg=0.0000 shape_dev=0.1253 xbar=0.4979 | T0 psi=(-1.954,+99.000,+0.653) ggm=0.000 circ=-0.0345 xUDD=(0.120,0.681,0.693)
# CONVTAG t=80.40 rough=0.000000 cond=0.590138 evap=0.998751 backs=0.130272
# CANT t=80.40 a_tag=1.0000 a_max=1.0000 xl_tag=0.6511 nlock=3 tune=1.967067
# REG t=80.40 tp n=2 rho=[0.148 0.148 0.148 0.148] gr=0.00008 fl=1.000 | ba n=25923 rho=[0.097 0.502 0.802 0.940] gr=0.00004 fl=0.924
t=   80.80 -8.08e-16 | 1.6628 16.38  22138   18  10764  10777 | 1.4316 15.01 | 9.90e-03 2.28e-02 |   3.7307 0.7640  0.3639  0.9956 1.000 14.33 | edge_dev mean=0.0896 max=0.1697 gg=0.0000 shape_dev=0.1240 xbar=0.4974 | T0 psi=(-2.735,+99.000,+1.417) ggm=0.000 circ=-0.0345 xUDD=(0.120,0.681,0.692)
# CONVTAG t=80.80 rough=0.000000 cond=0.590138 evap=0.998751 backs=0.130272
# CANT t=80.80 a_tag=1.0000 a_max=1.0000 xl_tag=0.6511 nlock=3 tune=1.971874
# REG t=80.80 tp n=2 rho=[0.148 0.148 0.148 0.148] gr=0.00007 fl=1.000 | ba n=25930 rho=[0.098 0.503 0.802 0.939] gr=0.00004 fl=0.924
t=   81.20 -8.08e-16 | 1.6628 16.40  22161   16  10810  10813 | 1.4318 15.01 | 4.65e-03 1.31e-02 |   3.7210 0.7620  0.3620  0.9963 1.000 14.33 | edge_dev mean=0.0891 max=0.1684 gg=0.0000 shape_dev=0.1229 xbar=0.4961 | T0 psi=(+2.768,+99.000,+2.166) ggm=0.000 circ=-0.0345 xUDD=(0.118,0.680,0.690)
# CONVTAG t=81.20 rough=0.000000 cond=0.590138 evap=0.998751 backs=0.130272
# CANT t=81.20 a_tag=1.0000 a_max=1.0000 xl_tag=0.6511 nlock=3 tune=1.976705
# REG t=81.20 tp n=2 rho=[0.148 0.148 0.148 0.148] gr=0.00007 fl=1.000 | ba n=25942 rho=[0.098 0.502 0.802 0.939] gr=0.00004 fl=0.923
t=   81.60 -8.08e-16 | 1.6628 16.39  22154   17  10851  10857 | 1.4318 15.01 | 4.40e-03 1.37e-02 |   3.7129 0.7603  0.3600  0.9967 1.000 14.33 | edge_dev mean=0.0888 max=0.1675 gg=0.0000 shape_dev=0.1222 xbar=0.4950 | T0 psi=(+1.985,+99.000,+2.930) ggm=0.000 circ=-0.0345 xUDD=(0.117,0.679,0.689)
# CONVTAG t=81.60 rough=0.000000 cond=0.590138 evap=0.998751 backs=0.130272
# CANT t=81.60 a_tag=1.0000 a_max=1.0000 xl_tag=0.6511 nlock=3 tune=1.981827
# REG t=81.60 tp n=2 rho=[0.148 0.148 0.148 0.148] gr=0.00007 fl=1.000 | ba n=25938 rho=[0.099 0.505 0.803 0.940] gr=0.00004 fl=0.924
t=   82.00 -8.08e-16 | 1.6627 16.38  22142   19  10881  10891 | 1.4316 15.01 | 5.11e-03 1.42e-02 |   3.7042 0.7585  0.3584  0.9970 1.000 14.33 | edge_dev mean=0.0886 max=0.1667 gg=0.0000 shape_dev=0.1215 xbar=0.4938 | T0 psi=(+1.193,+99.000,-2.578) ggm=0.000 circ=-0.0345 xUDD=(0.116,0.678,0.687)
# CONVTAG t=82.00 rough=0.000000 cond=0.590138 evap=0.998751 backs=0.130272
# CANT t=82.00 a_tag=1.0000 a_max=1.0000 xl_tag=0.6511 nlock=3 tune=1.988085
# REG t=82.00 tp n=2 rho=[0.148 0.148 0.148 0.148] gr=0.00006 fl=1.000 | ba n=25932 rho=[0.100 0.507 0.806 0.940] gr=0.00004 fl=0.924
t=   82.40 -8.08e-16 | 1.6626 16.38  22136   22  10916  10928 | 1.4315 15.00 | 5.06e-03 1.28e-02 |   3.6718 0.7519  0.3554  0.9979 1.000 14.33 | edge_dev mean=0.0886 max=0.1659 gg=0.0000 shape_dev=0.1207 xbar=0.4895 | T0 psi=(+0.361,+99.000,-1.822) ggm=0.000 circ=-0.0345 xUDD=(0.106,0.677,0.685)
# CONVTAG t=82.40 rough=0.000000 cond=0.590138 evap=0.998751 backs=0.130272
# CANT t=82.40 a_tag=1.0000 a_max=1.0000 xl_tag=0.6511 nlock=3 tune=1.995839
# REG t=82.40 tp n=2 rho=[0.148 0.148 0.148 0.148] gr=0.00006 fl=1.000 | ba n=25927 rho=[0.100 0.510 0.807 0.941] gr=0.00004 fl=0.924
t=   82.80 -8.08e-16 | 1.6627 16.37  22123   18  10949  10968 | 1.4313 15.00 | 5.50e-03 1.43e-02 |   3.6654 0.7506  0.3549  0.9984 1.000 14.33 | edge_dev mean=0.0884 max=0.1646 gg=0.0000 shape_dev=0.1196 xbar=0.4886 | T0 psi=(-0.418,+99.000,-1.042) ggm=0.000 circ=-0.0345 xUDD=(0.107,0.676,0.683)
# CONVTAG t=82.80 rough=0.000000 cond=0.590138 evap=0.998751 backs=0.130272
# CANT t=82.80 a_tag=1.0000 a_max=1.0000 xl_tag=0.6511 nlock=3 tune=2.004663
# REG t=82.80 tp n=2 rho=[0.148 0.148 0.148 0.148] gr=0.00006 fl=1.000 | ba n=25924 rho=[0.102 0.512 0.808 0.941] gr=0.00004 fl=0.924
t=   83.20 -8.08e-16 | 1.6625 16.39  22149   21  10988  11015 | 1.4317 15.00 | 3.77e-03 1.21e-02 |   3.6658 0.7507  0.3563  0.9990 1.000 14.33 | edge_dev mean=0.0879 max=0.1623 gg=0.0000 shape_dev=0.1178 xbar=0.4886 | T0 psi=(-1.226,+99.000,-0.209) ggm=0.000 circ=-0.0345 xUDD=(0.111,0.674,0.681)
# CONVTAG t=83.20 rough=0.000000 cond=0.590138 evap=0.998751 backs=0.130272
# CANT t=83.20 a_tag=1.0000 a_max=1.0000 xl_tag=0.6511 nlock=3 tune=2.013160
# REG t=83.20 tp n=2 rho=[0.148 0.148 0.148 0.148] gr=0.00006 fl=1.000 | ba n=25913 rho=[0.103 0.513 0.807 0.941] gr=0.00004 fl=0.924
t=   83.60 -8.08e-16 | 1.6625 16.38  22132   16  11026  11055 | 1.4314 15.00 | 4.64e-03 1.45e-02 |   3.6303 0.7434  0.3548  1.0041 1.000 14.33 | edge_dev mean=0.0866 max=0.1602 gg=0.0000 shape_dev=0.1166 xbar=0.4880 | T0 psi=(-1.987,+99.000,+0.550) ggm=0.000 circ=-0.0345 xUDD=(0.112,0.673,0.678)
# CONVTAG t=83.60 rough=0.000000 cond=0.590138 evap=0.998751 backs=0.130272
# CANT t=83.60 a_tag=1.0000 a_max=1.0000 xl_tag=0.6511 nlock=3 tune=2.023081
# REG t=83.60 tp n=2 rho=[0.148 0.148 0.148 0.148] gr=0.00006 fl=1.000 | ba n=25915 rho=[0.103 0.516 0.810 0.940] gr=0.00004 fl=0.924
t=   84.00 -8.08e-16 | 1.6624 16.38  22138   18  11065  11091 | 1.4315 15.00 | 3.54e-03 1.16e-02 |   3.6299 0.7433  0.3550  1.0007 1.000 14.33 | edge_dev mean=0.0849 max=0.1600 gg=0.0000 shape_dev=0.1178 xbar=0.4839 | T0 psi=(-2.753,+99.000,+1.228) ggm=0.000 circ=-0.0345 xUDD=(0.104,0.671,0.676)
# CONVTAG t=84.00 rough=0.000000 cond=0.590138 evap=0.998751 backs=0.130272
# CANT t=84.00 a_tag=1.0000 a_max=1.0000 xl_tag=0.6511 nlock=3 tune=2.033091
# REG t=84.00 tp n=2 rho=[0.148 0.148 0.148 0.148] gr=0.00005 fl=1.000 | ba n=25916 rho=[0.104 0.516 0.810 0.940] gr=0.00004 fl=0.924
t=   84.40 -8.08e-16 | 1.6624 16.38  22138   16  11105  11133 | 1.4315 15.00 | 5.33e-03 1.34e-02 |   3.6560 0.7487  0.3573  0.9999 1.000 14.33 | edge_dev mean=0.0849 max=0.1599 gg=0.0000 shape_dev=0.1177 xbar=0.4874 | T0 psi=(+2.864,+99.000,+1.991) ggm=0.000 circ=-0.0345 xUDD=(0.118,0.670,0.674)
# CONVTAG t=84.40 rough=0.000000 cond=0.590138 evap=0.998751 backs=0.130272
# CANT t=84.40 a_tag=1.0000 a_max=1.0000 xl_tag=0.6511 nlock=3 tune=2.039090
# REG t=84.40 tp n=2 rho=[0.148 0.148 0.148 0.148] gr=0.00005 fl=1.000 | ba n=25916 rho=[0.106 0.519 0.811 0.942] gr=0.00004 fl=0.924
t=   84.80 -8.08e-16 | 1.6624 16.38  22134   14  11152  11179 | 1.4315 15.00 | 5.80e-03 1.42e-02 |   3.6505 0.7475  0.3569  1.0005 1.000 14.33 | edge_dev mean=0.0835 max=0.1588 gg=0.0000 shape_dev=0.1176 xbar=0.4866 | T0 psi=(+2.103,+99.000,+2.741) ggm=0.000 circ=-0.0345 xUDD=(0.118,0.669,0.673)
# CONVTAG t=84.80 rough=0.000000 cond=0.590138 evap=0.998751 backs=0.130272
# CANT t=84.80 a_tag=1.0000 a_max=1.0000 xl_tag=0.6511 nlock=3 tune=2.043516
# REG t=84.80 tp n=2 rho=[0.148 0.148 0.148 0.148] gr=0.00005 fl=1.000 | ba n=25919 rho=[0.107 0.519 0.811 0.942] gr=0.00004 fl=0.924
t=   85.20 -8.08e-16 | 1.6624 16.37  22119   12  11196  11218 | 1.4313 15.00 | 4.86e-03 1.14e-02 |   3.6287 0.7431  0.3545  1.0011 1.000 14.33 | edge_dev mean=0.0820 max=0.1587 gg=0.0000 shape_dev=0.1187 xbar=0.4837 | T0 psi=(+1.299,+99.000,-2.805) ggm=0.000 circ=-0.0345 xUDD=(0.112,0.667,0.672)
# CONVTAG t=85.20 rough=0.000000 cond=0.590138 evap=0.998751 backs=0.130272
# CANT t=85.20 a_tag=1.0000 a_max=1.0000 xl_tag=0.6511 nlock=3 tune=2.049312
# REG t=85.20 tp n=2 rho=[0.148 0.148 0.148 0.148] gr=0.00005 fl=1.000 | ba n=25926 rho=[0.108 0.518 0.812 0.941] gr=0.00004 fl=0.924
t=   85.60 -8.08e-16 | 1.6624 16.37  22118   11  11230  11263 | 1.4313 15.00 | 2.62e-03 9.75e-03 |   3.3742 0.6910  0.4359  0.9956 1.000 14.33 | edge_dev mean=0.0809 max=0.1587 gg=0.0000 shape_dev=0.1198 xbar=0.4497 | T0 psi=(+0.762,+99.000,-2.207) ggm=0.000 circ=-0.0345 xUDD=(0.128,0.550,0.671)
# CONVTAG t=85.60 rough=0.000000 cond=0.590138 evap=1.293728 backs=0.168747
# CANT t=85.60 a_tag=1.0000 a_max=1.0000 xl_tag=0.6511 nlock=3 tune=2.059619
# REG t=85.60 tp n=2 rho=[0.148 0.148 0.148 0.148] gr=0.00005 fl=1.000 | ba n=25917 rho=[0.110 0.517 0.813 0.941] gr=0.00004 fl=0.925
t=   86.00 -8.08e-16 | 1.6624 16.37  22122   18  11272  11299 | 1.4313 15.00 | 4.51e-03 1.43e-02 |   3.3728 0.6907  0.4278  0.9977 1.000 14.33 | edge_dev mean=0.0784 max=0.1573 gg=0.0000 shape_dev=0.1205 xbar=0.4496 | T0 psi=(-0.378,+99.000,-1.338) ggm=0.000 circ=-0.0345 xUDD=(0.120,0.558,0.671)
# CONVTAG t=86.00 rough=0.000000 cond=0.590138 evap=1.293728 backs=0.168747
# CANT t=86.00 a_tag=1.0000 a_max=1.0000 xl_tag=0.6511 nlock=3 tune=2.084056
# REG t=86.00 tp n=2 rho=[0.148 0.148 0.148 0.148] gr=0.00004 fl=1.000 | ba n=25915 rho=[0.111 0.519 0.813 0.942] gr=0.00004 fl=0.924
t=   86.40 -8.08e-16 | 1.6623 16.37  22119   29  11314  11331 | 1.4312 14.99 | 4.84e-03 1.52e-02 |   3.3670 0.6895  0.4196  0.9990 1.000 14.33 | edge_dev mean=0.0770 max=0.1576 gg=0.0000 shape_dev=0.1219 xbar=0.4488 | T0 psi=(-1.366,+99.000,-0.576) ggm=0.000 circ=-0.0345 xUDD=(0.111,0.565,0.670)
# CONVTAG t=86.40 rough=0.000000 cond=0.590138 evap=1.293728 backs=0.168747
# CANT t=86.40 a_tag=1.0000 a_max=1.0000 xl_tag=0.6511 nlock=3 tune=2.105979
# REG t=86.40 tp n=2 rho=[0.148 0.148 0.148 0.148] gr=0.00004 fl=1.000 | ba n=25915 rho=[0.111 0.522 0.814 0.940] gr=0.00004 fl=0.924
t=   86.80 -8.08e-16 | 1.6623 16.36  22113   27  11346  11376 | 1.4311 14.99 | 4.47e-03 1.22e-02 |   3.3712 0.6903  0.4130  0.9996 1.000 14.33 | edge_dev mean=0.0783 max=0.1582 gg=0.0008 shape_dev=0.1229 xbar=0.4494 | T0 psi=(-1.625,+99.000,-0.039) ggm=0.000 circ=-0.0348 xUDD=(0.108,0.572,0.668)
# CONVTAG t=86.80 rough=0.000000 cond=0.590138 evap=1.293728 backs=0.168747
# CANT t=86.80 a_tag=1.0000 a_max=1.0000 xl_tag=0.6511 nlock=3 tune=2.126331
# REG t=86.80 tp n=2 rho=[0.148 0.148 0.148 0.148] gr=0.00004 fl=1.000 | ba n=25904 rho=[0.112 0.524 0.815 0.941] gr=0.00004 fl=0.925
t=   87.20 -8.08e-16 | 1.6624 16.35  22102   24  11398  11418 | 1.4310 14.99 | 5.81e-03 1.70e-02 |   3.4159 0.6995  0.4094  0.9989 1.000 14.33 | edge_dev mean=0.0779 max=0.1589 gg=0.0000 shape_dev=0.1233 xbar=0.4553 | T0 psi=(-2.131,+99.000,+0.644) ggm=0.000 circ=-0.0352 xUDD=(0.120,0.578,0.668)
# CONVTAG t=87.20 rough=0.000000 cond=0.590138 evap=1.293728 backs=0.168747
# CANT t=87.20 a_tag=1.0000 a_max=1.0000 xl_tag=0.6511 nlock=3 tune=2.146707
# REG t=87.20 tp n=2 rho=[0.148 0.148 0.148 0.148] gr=0.00004 fl=1.000 | ba n=25917 rho=[0.114 0.523 0.815 0.941] gr=0.00004 fl=0.924
t=   87.60 -8.08e-16 | 1.6624 16.36  22113   20  11444  11462 | 1.4312 14.99 | 4.01e-03 1.18e-02 |   3.4276 0.7019  0.4044  0.9987 1.000 14.33 | edge_dev mean=0.0806 max=0.1607 gg=0.0000 shape_dev=0.1247 xbar=0.4569 | T0 psi=(-3.013,+99.000,+1.506) ggm=0.000 circ=-0.0353 xUDD=(0.118,0.585,0.668)
# CONVTAG t=87.60 rough=0.000000 cond=0.590138 evap=1.293728 backs=0.168747
# CANT t=87.60 a_tag=1.0000 a_max=1.0000 xl_tag=0.6511 nlock=3 tune=2.164227
# REG t=87.60 tp n=2 rho=[0.148 0.148 0.148 0.148] gr=0.00004 fl=1.000 | ba n=25923 rho=[0.112 0.526 0.816 0.941] gr=0.00004 fl=0.924
t=   88.00 -8.08e-16 | 1.6625 16.36  22109   20  11486  11504 | 1.4311 14.99 | 1.03e-02 2.22e-02 |   3.4312 0.7026  0.3995  0.9985 1.000 14.33 | edge_dev mean=0.0826 max=0.1624 gg=0.0000 shape_dev=0.1261 xbar=0.4574 | T0 psi=(+2.768,+99.000,+2.239) ggm=0.000 circ=-0.0353 xUDD=(0.115,0.590,0.667)
# CONVTAG t=88.00 rough=0.000000 cond=0.590138 evap=1.293728 backs=0.168747
# CANT t=88.00 a_tag=1.0000 a_max=1.0000 xl_tag=0.6511 nlock=3 tune=2.180362
# REG t=88.00 tp n=2 rho=[0.148 0.148 0.148 0.148] gr=0.00004 fl=1.000 | ba n=25923 rho=[0.113 0.529 0.817 0.941] gr=0.00004 fl=0.924
t=   88.40 -8.08e-16 | 1.6624 16.36  22105   20  11528  11542 | 1.4311 14.99 | 6.24e-03 1.94e-02 |   3.4726 0.7111  0.3985  0.9966 1.000 14.33 | edge_dev mean=0.0852 max=0.1656 gg=0.0000 shape_dev=0.1281 xbar=0.4629 | T0 psi=(+2.901,+99.000,+2.611) ggm=0.000 circ=-0.0353 xUDD=(0.127,0.596,0.667)
# CONVTAG t=88.40 rough=0.000000 cond=0.590138 evap=1.293728 backs=0.168747
# CANT t=88.40 a_tag=1.0000 a_max=1.0000 xl_tag=0.6511 nlock=3 tune=2.196600
# REG t=88.40 tp n=2 rho=[0.148 0.148 0.148 0.148] gr=0.00003 fl=1.000 | ba n=25927 rho=[0.115 0.530 0.816 0.942] gr=0.00004 fl=0.924
t=   88.80 -8.08e-16 | 1.6625 16.34  22082   21  11562  11587 | 1.4308 14.99 | 7.82e-03 1.86e-02 |   3.4831 0.7133  0.3950  0.9951 1.000 14.33 | edge_dev mean=0.0879 max=0.1698 gg=0.0000 shape_dev=0.1304 xbar=0.4643 | T0 psi=(+2.468,+99.000,-2.704) ggm=0.000 circ=-0.0353 xUDD=(0.123,0.603,0.667)
# CONVTAG t=88.80 rough=0.000000 cond=0.590138 evap=1.293728 backs=0.168747
# CANT t=88.80 a_tag=1.0000 a_max=1.0000 xl_tag=0.6511 nlock=3 tune=2.214710
# REG t=88.80 tp n=2 rho=[0.148 0.148 0.148 0.148] gr=0.00003 fl=1.000 | ba n=25915 rho=[0.114 0.533 0.818 0.942] gr=0.00004 fl=0.924
t=   89.20 -8.08e-16 | 1.6624 16.34  22080   14  11599  11632 | 1.4308 14.99 | 3.88e-03 1.49e-02 |   3.4898 0.7146  0.3889  0.9958 1.000 14.33 | edge_dev mean=0.0872 max=0.1693 gg=0.0000 shape_dev=0.1304 xbar=0.4653 | T0 psi=(+2.169,+99.000,-1.807) ggm=0.000 circ=-0.0353 xUDD=(0.119,0.609,0.668)
# CONVTAG t=89.20 rough=0.000000 cond=0.590138 evap=1.293728 backs=0.168747
# CANT t=89.20 a_tag=1.0000 a_max=1.0000 xl_tag=0.6511 nlock=3 tune=2.228742
# REG t=89.20 tp n=2 rho=[0.148 0.148 0.148 0.148] gr=0.00003 fl=1.000 | ba n=25914 rho=[0.114 0.534 0.818 0.943] gr=0.00004 fl=0.924
t=   89.60 -8.08e-16 | 1.6624 16.34  22077   24  11642  11673 | 1.4307 14.99 | 6.18e-03 1.70e-02 |   3.5013 0.7170  0.3827  0.9972 1.000 14.33 | edge_dev mean=0.0852 max=0.1675 gg=0.0059 shape_dev=0.1305 xbar=0.4668 | T0 psi=(+2.584,+99.000,-1.187) ggm=0.000 circ=-0.0352 xUDD=(0.118,0.615,0.668)
# CONVTAG t=89.60 rough=0.000000 cond=0.590138 evap=1.293728 backs=0.168747
# CANT t=89.60 a_tag=1.0000 a_max=1.0000 xl_tag=0.6511 nlock=3 tune=2.240407
# REG t=89.60 tp n=2 rho=[0.148 0.148 0.148 0.148] gr=0.00003 fl=1.000 | ba n=25906 rho=[0.116 0.535 0.819 0.944] gr=0.00004 fl=0.924
t=   90.00 -8.08e-16 | 1.6626 16.34  22083   29  11678  11713 | 1.4308 14.99 | 2.78e-03 1.13e-02 |   3.5239 0.7216  0.3797  0.9976 1.000 14.67 | edge_dev mean=0.0844 max=0.1671 gg=0.0870 shape_dev=0.1323 xbar=0.4698 | T0 psi=(+2.896,+99.000,-0.489) ggm=0.000 circ=-0.0352 xUDD=(0.122,0.620,0.668)
# CONVTAG t=90.00 rough=0.000000 cond=0.590138 evap=1.293728 backs=0.168747
# CANT t=90.00 a_tag=1.0000 a_max=1.0000 xl_tag=0.6511 nlock=3 tune=2.253088
# REG t=90.00 tp n=2 rho=[0.148 0.148 0.148 0.148] gr=0.00003 fl=1.000 | ba n=25897 rho=[0.118 0.536 0.820 0.943] gr=0.00004 fl=0.925
t=   90.40 -8.08e-16 | 1.6625 16.33  22069   26  11716  11753 | 1.4306 14.99 | 3.11e-03 1.28e-02 |   3.5289 0.7226  0.3763  0.9978 1.000 14.67 | edge_dev mean=0.0843 max=0.1675 gg=0.1946 shape_dev=0.1338 xbar=0.4705 | T0 psi=(+2.800,+99.000,+0.497) ggm=0.000 circ=-0.0352 xUDD=(0.119,0.624,0.668)
# CONVTAG t=90.40 rough=0.000000 cond=0.590138 evap=1.293728 backs=0.168747
# CANT t=90.40 a_tag=1.0000 a_max=1.0000 xl_tag=0.6511 nlock=3 tune=2.264488
# REG t=90.40 tp n=2 rho=[0.148 0.148 0.148 0.148] gr=0.00003 fl=1.000 | ba n=25898 rho=[0.118 0.538 0.820 0.943] gr=0.00004 fl=0.925
t=   90.80 -8.08e-16 | 1.6626 16.34  22085   23  11755  11801 | 1.4308 14.99 | 3.77e-03 1.07e-02 |   3.5416 0.7252  0.3737  0.9982 1.000 14.67 | edge_dev mean=0.0838 max=0.1668 gg=0.2464 shape_dev=0.1337 xbar=0.4722 | T0 psi=(+2.528,+99.000,+1.532) ggm=0.000 circ=-0.0354 xUDD=(0.120,0.628,0.669)
# CONVTAG t=90.80 rough=0.000000 cond=0.590138 evap=1.293728 backs=0.168747
# CANT t=90.80 a_tag=1.0000 a_max=1.0000 xl_tag=0.6511 nlock=3 tune=2.275171
# REG t=90.80 tp n=2 rho=[0.148 0.148 0.148 0.148] gr=0.00003 fl=1.000 | ba n=25892 rho=[0.119 0.539 0.822 0.944] gr=0.00004 fl=0.925
t=   91.20 -8.08e-16 | 1.6626 16.34  22088   22  11786  11843 | 1.4308 14.99 | 4.73e-03 1.14e-02 |   3.5500 0.7270  0.3711  0.9987 1.000 14.67 | edge_dev mean=0.0834 max=0.1662 gg=0.2449 shape_dev=0.1341 xbar=0.4733 | T0 psi=(+2.212,+99.000,+2.460) ggm=0.000 circ=-0.0356 xUDD=(0.120,0.631,0.669)
# CONVTAG t=91.20 rough=0.000000 cond=0.590138 evap=1.293728 backs=0.168747
# CANT t=91.20 a_tag=1.0000 a_max=1.0000 xl_tag=0.6511 nlock=3 tune=2.284735
# REG t=91.20 tp n=2 rho=[0.148 0.148 0.148 0.148] gr=0.00003 fl=1.000 | ba n=25882 rho=[0.121 0.539 0.823 0.944] gr=0.00004 fl=0.925
t=   91.60 -8.08e-16 | 1.6626 16.34  22084   20  11828  11876 | 1.4308 14.99 | 2.49e-03 1.18e-02 |   3.5534 0.7277  0.3691  0.9991 1.000 14.67 | edge_dev mean=0.0835 max=0.1659 gg=0.2260 shape_dev=0.1344 xbar=0.4737 | T0 psi=(+1.678,+99.000,-2.792) ggm=0.000 circ=-0.0360 xUDD=(0.118,0.634,0.669)
# CONVTAG t=91.60 rough=0.000000 cond=0.590138 evap=1.293728 backs=0.168747
# CANT t=91.60 a_tag=1.0000 a_max=1.0000 xl_tag=0.6511 nlock=3 tune=2.293449
# REG t=91.60 tp n=2 rho=[0.149 0.149 0.149 0.149] gr=0.00002 fl=1.000 | ba n=25893 rho=[0.120 0.540 0.823 0.944] gr=0.00004 fl=0.925
t=   92.00 -8.08e-16 | 1.6626 16.34  22077   20  11872  11915 | 1.4307 14.98 | 5.02e-03 1.37e-02 |   3.5693 0.7309  0.3682  0.9992 1.000 14.67 | edge_dev mean=0.0835 max=0.1657 gg=0.2004 shape_dev=0.1346 xbar=0.4759 | T0 psi=(+1.119,+99.000,-1.792) ggm=0.000 circ=-0.0365 xUDD=(0.121,0.637,0.670)
# CONVTAG t=92.00 rough=0.000000 cond=0.590138 evap=1.293728 backs=0.168747
# CANT t=92.00 a_tag=1.0000 a_max=1.0000 xl_tag=0.6511 nlock=3 tune=2.302566
# REG t=92.00 tp n=2 rho=[0.149 0.149 0.149 0.149] gr=0.00002 fl=1.000 | ba n=25898 rho=[0.121 0.540 0.824 0.944] gr=0.00004 fl=0.925
t=   92.40 -8.08e-16 | 1.6627 16.33  22075   24  11915  11956 | 1.4306 14.98 | 5.20e-03 1.89e-02 |   3.5742 0.7319  0.3669  0.9993 1.000 14.67 | edge_dev mean=0.0836 max=0.1661 gg=0.1779 shape_dev=0.1357 xbar=0.4765 | T0 psi=(+0.520,+99.000,-0.854) ggm=0.000 circ=-0.0369 xUDD=(0.119,0.640,0.670)
# CONVTAG t=92.40 rough=0.000000 cond=0.590138 evap=1.293728 backs=0.168747
# CANT t=92.40 a_tag=1.0000 a_max=1.0000 xl_tag=0.6511 nlock=3 tune=2.310509
# REG t=92.40 tp n=2 rho=[0.149 0.149 0.149 0.149] gr=0.00002 fl=1.000 | ba n=25896 rho=[0.122 0.541 0.824 0.945] gr=0.00004 fl=0.925
t=   92.80 -8.08e-16 | 1.6627 16.34  22090   22  11944  11999 | 1.4308 14.98 | 4.35e-03 1.24e-02 |   3.5815 0.7334  0.3661  0.9988 1.000 14.67 | edge_dev mean=0.0840 max=0.1673 gg=0.1545 shape_dev=0.1375 xbar=0.4775 | T0 psi=(-0.092,+99.000,+0.047) ggm=0.000 circ=-0.0374 xUDD=(0.120,0.642,0.670)
# CONVTAG t=92.80 rough=0.000000 cond=0.590138 evap=1.293728 backs=0.168747
# CANT t=92.80 a_tag=1.0000 a_max=1.0000 xl_tag=0.6511 nlock=3 tune=2.317082
# REG t=92.80 tp n=2 rho=[0.149 0.149 0.149 0.149] gr=0.00002 fl=1.000 | ba n=25884 rho=[0.123 0.543 0.824 0.945] gr=0.00004 fl=0.925
t=   93.20 -8.08e-16 | 1.6626 16.35  22094   20  11989  12041 | 1.4308 14.98 | 4.28e-03 1.43e-02 |   3.5960 0.7364  0.3663  0.9985 1.000 14.67 | edge_dev mean=0.0837 max=0.1682 gg=0.1349 shape_dev=0.1392 xbar=0.4794 | T0 psi=(-0.730,+99.000,+0.940) ggm=0.000 circ=-0.0379 xUDD=(0.123,0.644,0.670)
# CONVTAG t=93.20 rough=0.000000 cond=0.590138 evap=1.293728 backs=0.168747
# CANT t=93.20 a_tag=1.0000 a_max=1.0000 xl_tag=0.6511 nlock=3 tune=2.325459
# REG t=93.20 tp n=2 rho=[0.149 0.149 0.149 0.149] gr=0.00002 fl=1.000 | ba n=25889 rho=[0.123 0.545 0.825 0.945] gr=0.00004 fl=0.925
t=   93.60 -8.08e-16 | 1.6626 16.35  22094   23  12029  12077 | 1.4308 14.98 | 6.18e-03 1.87e-02 |   3.5961 0.7364  0.3649  0.9983 1.000 14.67 | edge_dev mean=0.0836 max=0.1692 gg=0.1226 shape_dev=0.1407 xbar=0.4794 | T0 psi=(-1.413,+99.000,+1.800) ggm=0.000 circ=-0.0384 xUDD=(0.121,0.646,0.671)
# CONVTAG t=93.60 rough=0.000000 cond=0.590138 evap=1.293728 backs=0.168747
# CANT t=93.60 a_tag=1.0000 a_max=1.0000 xl_tag=0.6511 nlock=3 tune=2.332197
# REG t=93.60 tp n=2 rho=[0.149 0.149 0.149 0.149] gr=0.00002 fl=1.000 | ba n=25889 rho=[0.124 0.546 0.826 0.945] gr=0.00004 fl=0.925
t=   94.00 -8.08e-16 | 1.6625 16.35  22098   23  12062  12113 | 1.4309 14.98 | 4.05e-03 1.62e-02 |   3.5967 0.7365  0.3634  0.9980 1.000 14.67 | edge_dev mean=0.0843 max=0.1699 gg=0.1053 shape_dev=0.1409 xbar=0.4795 | T0 psi=(-2.070,+99.000,+2.624) ggm=0.000 circ=-0.0389 xUDD=(0.120,0.648,0.671)
# CONVTAG t=94.00 rough=0.000000 cond=0.590138 evap=1.293728 backs=0.168747
# CANT t=94.00 a_tag=1.0000 a_max=1.0000 xl_tag=0.6511 nlock=3 tune=2.337778
# REG t=94.00 tp n=2 rho=[0.149 0.149 0.149 0.149] gr=0.00002 fl=1.000 | ba n=25886 rho=[0.124 0.544 0.826 0.945] gr=0.00004 fl=0.925
t=   94.40 -8.08e-16 | 1.6626 16.35  22099   28  12108  12160 | 1.4309 14.98 | 6.55e-03 1.64e-02 |   3.6072 0.7387  0.3638  0.9983 1.000 14.67 | edge_dev mean=0.0841 max=0.1687 gg=0.0950 shape_dev=0.1393 xbar=0.4809 | T0 psi=(-2.759,+99.000,-2.800) ggm=0.000 circ=-0.0394 xUDD=(0.123,0.649,0.671)
# CONVTAG t=94.40 rough=0.000000 cond=0.590138 evap=1.293728 backs=0.168747
# CANT t=94.40 a_tag=1.0000 a_max=1.0000 xl_tag=0.6511 nlock=3 tune=2.345304
# REG t=94.40 tp n=2 rho=[0.149 0.149 0.149 0.149] gr=0.00002 fl=1.000 | ba n=25880 rho=[0.124 0.544 0.826 0.945] gr=0.00004 fl=0.925
t=   94.80 -8.08e-16 | 1.6625 16.35  22097   25  12151  12195 | 1.4308 14.98 | 6.08e-03 1.72e-02 |   3.6054 0.7383  0.3624  0.9990 1.000 14.67 | edge_dev mean=0.0839 max=0.1673 gg=0.0894 shape_dev=0.1378 xbar=0.4807 | T0 psi=(+2.802,+99.000,-1.976) ggm=0.000 circ=-0.0399 xUDD=(0.121,0.650,0.671)
# CONVTAG t=94.80 rough=0.000000 cond=0.590138 evap=1.293728 backs=0.168747
# CANT t=94.80 a_tag=1.0000 a_max=1.0000 xl_tag=0.6511 nlock=3 tune=2.351083
# REG t=94.80 tp n=2 rho=[0.149 0.149 0.149 0.149] gr=0.00002 fl=1.000 | ba n=25891 rho=[0.124 0.545 0.828 0.946] gr=0.00004 fl=0.925
t=   95.20 -8.08e-16 | 1.6625 16.36  22104   16  12192  12242 | 1.4310 14.98 | 3.01e-03 1.13e-02 |   3.6193 0.7411  0.3622  1.0006 1.000 14.67 | edge_dev mean=0.0840 max=0.1670 gg=0.0811 shape_dev=0.1376 xbar=0.4843 | T0 psi=(+2.095,+99.000,-1.178) ggm=0.000 circ=-0.0404 xUDD=(0.130,0.652,0.671)
# CONVTAG t=95.20 rough=0.000000 cond=0.590138 evap=1.293728 backs=0.168747
# CANT t=95.20 a_tag=1.0000 a_max=1.0000 xl_tag=0.6511 nlock=3 tune=2.355638
# REG t=95.20 tp n=2 rho=[0.149 0.149 0.149 0.149] gr=0.00002 fl=1.000 | ba n=25895 rho=[0.125 0.546 0.828 0.946] gr=0.00004 fl=0.925
t=   95.60 -8.08e-16 | 1.6624 16.35  22103   17  12236  12278 | 1.4309 14.98 | 7.05e-03 1.85e-02 |   3.6214 0.7416  0.3618  0.9996 1.000 14.67 | edge_dev mean=0.0837 max=0.1655 gg=0.0752 shape_dev=0.1358 xbar=0.4828 | T0 psi=(+1.382,+99.000,-0.349) ggm=0.000 circ=-0.0410 xUDD=(0.123,0.653,0.672)
# CONVTAG t=95.60 rough=0.000000 cond=0.590138 evap=1.293728 backs=0.168747
# CANT t=95.60 a_tag=1.0000 a_max=1.0000 xl_tag=0.6511 nlock=3 tune=2.362406
# REG t=95.60 tp n=2 rho=[0.149 0.149 0.149 0.149] gr=0.00002 fl=1.000 | ba n=25901 rho=[0.125 0.546 0.828 0.946] gr=0.00004 fl=0.925
t=   96.00 -8.08e-16 | 1.6625 16.36  22111   21  12291  12317 | 1.4310 14.98 | 5.60e-03 1.64e-02 |   3.6221 0.7417  0.3614  1.0004 1.000 14.67 | edge_dev mean=0.0832 max=0.1638 gg=0.0731 shape_dev=0.1345 xbar=0.4829 | T0 psi=(+0.635,+99.000,+0.455) ggm=0.000 circ=-0.0416 xUDD=(0.122,0.655,0.672)
# CONVTAG t=96.00 rough=0.000000 cond=0.590138 evap=1.293728 backs=0.168747
# CANT t=96.00 a_tag=1.0000 a_max=1.0000 xl_tag=0.6511 nlock=3 tune=2.367521
# REG t=96.00 tp n=2 rho=[0.149 0.149 0.149 0.149] gr=0.00002 fl=1.000 | ba n=25914 rho=[0.125 0.544 0.828 0.946] gr=0.00004 fl=0.924
t=   96.40 -8.08e-16 | 1.6626 16.36  22117   15  12333  12362 | 1.4311 14.98 | 3.90e-03 1.21e-02 |   3.6246 0.7422  0.3611  1.0009 1.000 14.67 | edge_dev mean=0.0828 max=0.1628 gg=0.0643 shape_dev=0.1339 xbar=0.4832 | T0 psi=(-0.070,+99.000,+1.212) ggm=0.000 circ=-0.0422 xUDD=(0.122,0.656,0.672)
# CONVTAG t=96.40 rough=0.000000 cond=0.590138 evap=1.293728 backs=0.168747
# CANT t=96.40 a_tag=1.0000 a_max=1.0000 xl_tag=0.6511 nlock=3 tune=2.371285
# REG t=96.40 tp n=2 rho=[0.149 0.149 0.149 0.149] gr=0.00002 fl=1.000 | ba n=25917 rho=[0.126 0.547 0.829 0.947] gr=0.00004 fl=0.924
t=   96.80 -8.08e-16 | 1.6628 16.37  22122   24  12388  12408 | 1.4311 14.98 | 3.70e-03 1.17e-02 |   3.6166 0.7406  0.3607  1.0018 1.000 14.67 | edge_dev mean=0.0814 max=0.1609 gg=0.0646 shape_dev=0.1323 xbar=0.4821 | T0 psi=(-0.844,+99.000,+2.004) ggm=0.000 circ=-0.0427 xUDD=(0.118,0.657,0.672)
# CONVTAG t=96.80 rough=0.000000 cond=0.590138 evap=1.293728 backs=0.168747
# CANT t=96.80 a_tag=1.0000 a_max=1.0000 xl_tag=0.6511 nlock=3 tune=2.374773
# REG t=96.80 tp n=2 rho=[0.149 0.149 0.149 0.149] gr=0.00001 fl=1.000 | ba n=25917 rho=[0.127 0.546 0.830 0.948] gr=0.00004 fl=0.924
t=   97.20 -8.08e-16 | 1.6627 16.36  22115   15  12414  12455 | 1.4311 14.98 | 4.43e-03 1.36e-02 |   3.6012 0.7375  0.3607  1.0032 1.000 14.67 | edge_dev mean=0.0761 max=0.1578 gg=0.0735 shape_dev=0.1293 xbar=0.4800 | T0 psi=(-1.680,+99.000,+2.851) ggm=0.000 circ=-0.0432 xUDD=(0.113,0.657,0.671)
# CONVTAG t=97.20 rough=0.000000 cond=0.590138 evap=1.293728 backs=0.168747
# CANT t=97.20 a_tag=1.0000 a_max=1.0000 xl_tag=0.6511 nlock=3 tune=2.378150
# REG t=97.20 tp n=2 rho=[0.149 0.149 0.149 0.149] gr=0.00001 fl=1.000 | ba n=25905 rho=[0.128 0.546 0.832 0.948] gr=0.00004 fl=0.925
t=   97.60 -8.08e-16 | 1.6627 16.36  22115   25  12462  12491 | 1.4311 14.98 | 6.84e-03 1.59e-02 |   3.5925 0.7357  0.3640  1.0050 1.000 14.33 | edge_dev mean=0.0697 max=0.1524 gg=0.0840 shape_dev=0.1234 xbar=0.4787 | T0 psi=(-2.527,+99.000,-2.526) ggm=0.000 circ=-0.0437 xUDD=(0.112,0.655,0.668)
# CONVTAG t=97.60 rough=0.000000 cond=0.590138 evap=1.293728 backs=0.168747
# CANT t=97.60 a_tag=1.0000 a_max=1.0000 xl_tag=0.6511 nlock=3 tune=2.386216
# REG t=97.60 tp n=2 rho=[0.149 0.149 0.149 0.149] gr=0.00001 fl=1.000 | ba n=25907 rho=[0.129 0.546 0.832 0.949] gr=0.00004 fl=0.924
t=   98.00 -8.08e-16 | 1.6625 16.35  22100   27  12508  12537 | 1.4309 14.98 | 6.01e-03 1.85e-02 |   3.5234 0.7215  0.3615  1.0090 1.000 14.33 | edge_dev mean=0.0651 max=0.1473 gg=0.0931 shape_dev=0.1215 xbar=0.4696 | T0 psi=(+2.890,+99.000,-1.857) ggm=0.000 circ=-0.0440 xUDD=(0.089,0.654,0.666)
# CONVTAG t=98.00 rough=0.000000 cond=0.590138 evap=1.293728 backs=0.168747
# CANT t=98.00 a_tag=1.0000 a_max=1.0000 xl_tag=0.6511 nlock=3 tune=2.396768
# REG t=98.00 tp n=2 rho=[0.149 0.149 0.149 0.149] gr=0.00001 fl=1.000 | ba n=25904 rho=[0.129 0.546 0.833 0.949] gr=0.00004 fl=0.924
t=   98.40 -8.08e-16 | 1.6625 16.36  22107   25  12549  12579 | 1.4309 14.98 | 3.65e-03 1.19e-02 |   3.5546 0.7279  0.3653  1.0097 1.000 14.33 | edge_dev mean=0.0641 max=0.1435 gg=0.0770 shape_dev=0.1181 xbar=0.4737 | T0 psi=(+2.232,+99.000,-1.053) ggm=0.000 circ=-0.0442 xUDD=(0.104,0.653,0.664)
# CONVTAG t=98.40 rough=0.000000 cond=0.590138 evap=1.293728 backs=0.168747
# CANT t=98.40 a_tag=1.0000 a_max=1.0000 xl_tag=0.6511 nlock=3 tune=2.403727
# REG t=98.40 tp n=2 rho=[0.149 0.149 0.149 0.149] gr=0.00001 fl=1.000 | ba n=25905 rho=[0.131 0.548 0.834 0.949] gr=0.00004 fl=0.924
t=   98.80 -8.08e-16 | 1.6624 16.36  22110   28  12595  12633 | 1.4310 14.98 | 4.36e-03 1.16e-02 |   3.5635 0.7297  0.3687  1.0103 1.000 14.33 | edge_dev mean=0.0631 max=0.1409 gg=0.0596 shape_dev=0.1160 xbar=0.4748 | T0 psi=(+1.573,+99.000,-0.321) ggm=0.000 circ=-0.0445 xUDD=(0.111,0.651,0.662)
# CONVTAG t=98.80 rough=0.000000 cond=0.590138 evap=1.293728 backs=0.168747
# CANT t=98.80 a_tag=1.0000 a_max=1.0000 xl_tag=0.6511 nlock=3 tune=2.409781
# REG t=98.80 tp n=2 rho=[0.149 0.149 0.149 0.149] gr=0.00001 fl=1.000 | ba n=25894 rho=[0.132 0.551 0.834 0.948] gr=0.00004 fl=0.924
t=   99.20 -8.08e-16 | 1.6622 16.36  22106   20  12636  12680 | 1.4309 14.98 | 3.40e-03 1.10e-02 |   3.2250 0.6604  0.2948  1.0090 1.000 14.33 | edge_dev mean=0.0598 max=0.1383 gg=0.0554 shape_dev=0.1158 xbar=0.4299 | T0 psi=(+0.783,+99.000,-0.275) ggm=0.000 circ=-0.0447 xUDD=(0.094,0.650,0.546)
# CONVTAG t=99.20 rough=0.000000 cond=0.590138 evap=1.589683 backs=0.207350
# CANT t=99.20 a_tag=1.0000 a_max=1.0000 xl_tag=0.6511 nlock=3 tune=2.424008
# REG t=99.20 tp n=2 rho=[0.149 0.149 0.149 0.149] gr=0.00001 fl=1.000 | ba n=25896 rho=[0.134 0.550 0.834 0.947] gr=0.00004 fl=0.924
t=   99.60 -6.73e-16 | 1.6622 16.35  22101   19  12675  12727 | 1.4308 14.97 | 5.55e-03 1.53e-02 |   3.2916 0.6741  0.3070  1.0092 1.000 14.33 | edge_dev mean=0.0586 max=0.1354 gg=0.0136 shape_dev=0.1136 xbar=0.4384 | T0 psi=(+0.473,+99.000,-0.194) ggm=0.000 circ=-0.0445 xUDD=(0.115,0.648,0.552)
# CONVTAG t=99.60 rough=0.000000 cond=0.590138 evap=1.589683 backs=0.207350
# CANT t=99.60 a_tag=1.0000 a_max=1.0000 xl_tag=0.6511 nlock=3 tune=2.445468
# REG t=99.60 tp n=2 rho=[0.149 0.149 0.149 0.149] gr=0.00001 fl=1.000 | ba n=25889 rho=[0.136 0.551 0.834 0.948] gr=0.00004 fl=0.925
t=  100.00 -8.08e-16 | 1.6622 16.35  22101   25  12726  12762 | 1.4308 14.97 | 4.61e-03 1.65e-02 |   3.3076 0.6773  0.3133  1.0116 1.000 14.33 | edge_dev mean=0.0568 max=0.1315 gg=0.0272 shape_dev=0.1105 xbar=0.4407 | T0 psi=(-0.553,+99.000,+1.145) ggm=0.000 circ=-0.0446 xUDD=(0.114,0.648,0.560)
# CONVTAG t=100.00 rough=0.000000 cond=0.590138 evap=1.589683 backs=0.207350
# CANT t=100.00 a_tag=1.0000 a_max=1.0000 xl_tag=0.6511 nlock=3 tune=2.465347
# REG t=100.00 tp n=2 rho=[0.149 0.149 0.149 0.149] gr=0.00001 fl=1.000 | ba n=25899 rho=[0.135 0.549 0.832 0.948] gr=0.00004 fl=0.924
#
# RESULT drift_rel -8.078e-16
# RESULT births 12726 deaths 12762 beta_returns 0 beta_energy 0.000000e+00
# RESULT conv rough=0.000000 cond=574.952355 evap=0.000000 backs=16.801659 rad=128.812716
# RESULT credit qcnvD=989.402455 qcnvF=574.074810
# RESULT cantus a_tag=1.0000 a_max=1.0000 xl_tag=0.6511 nlock=3 tune_total=2.465347
# RESULT reg tp n=2 rho=[0.1488 0.1488 0.1488 0.1488] gr=0.000011 fl=1.0000 | ba n=25899 rho=[0.1348 0.5486 0.8323 0.9481] gr=0.000042 fl=0.9244
# RESULT convtag rough=0.000000 cond=0.590138 evap=1.589683 backs=0.207350 net=-0.792195
# RESULT geometry phi_nom=1.6622 z_live=16.35 dbar=1.4308 sigma_d=0.1497
# RESULT truss edge_dev_mean=0.056807 edge_dev_max=0.131507 shape=(0.0000,0.2219,0.6933) shape0=(0.0000,0.2036,0.7855)
# EDGE 0 2700-2701 d=1.41714 dev=-0.03016 gg=0.0817 gpl=0.4168
# EDGE 1 2701-2702 CHANNEL DEAD
# EDGE 2 2702-2700 d=1.43828 dev=-0.00902 gg=0.0000 gpl=0.3963
# RESULT tri0 psi=(-0.5530,+99.0000,+1.1447) ggm=0.0000 circ=-0.04462 Em=(0.2116,1.6196,1.3983)
