# freecell — v89 free-cell substance test (exp=slit)
# laws = laws_V2g VERBATIM (defaults): C=1 w1=1.65 w2=2.9 q_detune=1.2
# gamma_res=0.25 gamma_res_m=0.1 p_gate=8 lock_floor=0.005 k_dep=1.2 k_dep_m=2 cap=2.5
# e_s0=1 es_floor=0.05 e_cond=0 f_conv=0.25 f_evap=0.5 s_pull=0.15
# kappa_lock=1 kappa_align=0.5 s_k=0.06 s_disp=0.3 sigma_tumble=0.01
# comb_limit=6 rough_k=0.35 gamma_rough=0.5 mob_sym=1 mob_floor=0.004 field_J=1.8
# quant_A0=1.15 quant_mode=2 (A0eff=1.15)
# v91 radiance (laws_V3r candidate A): k_rad=0.05 p_rad=4 rad_clock=0
# v91 cantus (coherent-channel candidate B): k_cant=0 k_tune=0 cant_tau=50 cant_seed=0 cant_grow=1
# v91 registry (exchange-registry lane, REGISTRY.md): reg_tau=0 reg_gate=0 reg_f0=0
# v91 identity (parcel-identity lane, IDENTITY.md): par_tau=10 par_gate=0 par_form=0 par_lo=0.002 par_hi=0.02 par_mature=400
# v91 workfn (emergent-threshold lane, WORKFN.md): wf_on=0 wf_floor=0.01 wf_far=99
# v91 amplitude (field-side-identity lane Phase M, AMPLITUDE.md): amp_tau=0
# QUENCH-2 apparatus: conf_r=0 conf_gap=0.3 conf_th=1.6 conf_pinw=3 spin_m=0 imp_k=2 qp_phase=0
# HORIZON apparatus (HORIZON.md): bh_r=4 bh_k=1
# GEOMETRY (apparatus): cfac=1.15 k_rep=1 mob_geo=1 kappa_bond=1 freeze_geo=0
# bath=1 bath_frac=1 jam_sweeps=800 jam_k=0.1 L=64 dt=0.02 T=1500 seed=20260802 diag_every=100
# JAM sweeps=800 max_step=1.163e-04 (tol 1.0e-04, k_end=0.0010) — witness for the settle
# CARVE slit wall: removed 0 cells (mask=3 wall_x=16 th=1.6 slits y=27.50/36.50 hw=2)
# PIN wall fixture: 0 cells within +-3 of x=16
# SEED slit: src_x=32 sigma_x=16 sigma_y=16 kx=0 amp=2 -> lam_seed=0.0000
# SEED slit loci: D=40.00 s=9.00 dy_smallangle=0.000 screen_x=56 gate=[0,30]
# INIT NC=2755 slots=9330 live=8275 phi_nom=0.0270 z_live=6.01 dbar=1.3407 sigma_d=12.64% E0=4730.033530047
#
# t | drift_rel | phi_nom z_live NLa NLd births deaths | dbar sigma_d% | maxstep maxbond | Em_tag ret com_dev rms conn z_tag | pair: d delta gf gb | core/far
t=    0.00 +0.00e+00 | 0.0270  6.01   8275    0      0      0 | 1.3407 12.64 | 0.00e+00 0.00e+00 |   0.0000 0.0000  0.0000  0.0000 0.000  0.00
# PAR t=0.00 gids n=0 mint=0 ret=0 age=[0 0 0] | sdeath tp n=0 [0.0 0.0 0.0] ba n=0 [0.0 0.0 0.0] | stamps n=0 tp=0 age50=0 max=0 | idfrac=0.0000
# HOLE t=0.00 Eh=0.000000 nin=0 eatF=0.0000 eatM=0.0000 eatS=0.0000
t=    2.00 -3.85e-16 | 0.0267  5.98   8234    0    141    263 | 1.3417 12.21 | 6.18e-03 0.00e+00 |   0.0000 0.0000  0.0000  0.0000 0.000  0.00
# PAR t=2.00 gids n=0 mint=0 ret=0 age=[0 0 0] | sdeath tp n=0 [0.0 0.0 0.0] ba n=263 [0.4 1.0 1.8] | stamps n=0 tp=0 age50=0 max=0 | idfrac=0.0000
# HOLE t=2.00 Eh=143.081884 nin=41 eatF=110.4934 eatM=0.0000 eatS=32.5885
t=    4.00 -9.61e-16 | 0.0266  5.97   8221    0    255    466 | 1.3425 11.99 | 5.18e-03 0.00e+00 |   0.0000 0.0000  0.0000  0.0000 0.000  0.00
# PAR t=4.00 gids n=0 mint=0 ret=0 age=[0 0 0] | sdeath tp n=0 [0.0 0.0 0.0] ba n=466 [0.8 1.7 3.3] | stamps n=0 tp=0 age50=0 max=0 | idfrac=0.0000
# HOLE t=4.00 Eh=220.578643 nin=48 eatF=178.7176 eatM=0.0000 eatS=41.8611
# QATOM t=5.04 dir=FD w=1.65 e=0.301996504517 i=1476 Em=0.0000 gid=0
t=    6.00 -1.35e-15 | 0.0265  5.95   8201    0    351    644 | 1.3419 11.85 | 4.94e-03 1.01e-03 |   0.0000 0.0000  0.0000  0.0000 0.000  0.00
# PAR t=6.00 gids n=68 mint=69 ret=1 age=[0 0 1] | sdeath tp n=0 [0.0 0.0 0.0] ba n=644 [1.1 2.3 5.1] | stamps n=0 tp=0 age50=0 max=0 | idfrac=0.0000
# HOLE t=6.00 Eh=279.006083 nin=54 eatF=231.2468 eatM=0.1632 eatS=47.5961
# QATOM t=7.34 dir=FD w=1.65 e=0.301996504517 i=216 Em=0.0000 gid=0
t=    8.00 -1.54e-15 | 0.0265  5.94   8183    1    450    761 | 1.3408 11.84 | 4.67e-03 7.38e-03 |   0.0000 0.0000  0.0000  0.0000 0.000  0.00
# PAR t=8.00 gids n=199 mint=202 ret=3 age=[1 1 2] | sdeath tp n=0 [0.0 0.0 0.0] ba n=761 [1.4 2.8 6.5] | stamps n=16 tp=0 age50=0 max=1 | idfrac=0.9845
# HOLE t=8.00 Eh=301.144135 nin=57 eatF=249.7310 eatM=0.4911 eatS=50.9220
# QATOM t=9.50 dir=FD w=1.65 e=0.603993009034 i=2479 Em=0.0000 gid=0
t=   10.00 -1.73e-15 | 0.0264  5.94   8182    6    540    879 | 1.3410 11.92 | 4.26e-03 9.60e-03 |   0.0000 0.0000  0.0000  0.0000 0.000  0.00
# PAR t=10.00 gids n=359 mint=364 ret=5 age=[1 2 4] | sdeath tp n=0 [0.0 0.0 0.0] ba n=879 [1.5 3.2 8.0] | stamps n=101 tp=0 age50=1 max=3 | idfrac=0.9595
# HOLE t=10.00 Eh=313.227724 nin=60 eatF=257.8578 eatM=0.8215 eatS=54.5484
# QATOM t=11.48 dir=FD w=1.64752118 e=0.603085621285 i=1264 Em=0.0028 gid=0
t=   12.00 -1.73e-15 | 0.0262  5.94   8179   14    633    998 | 1.3398 11.94 | 5.82e-03 1.75e-02 |   0.0000 0.0000  0.0000  0.0000 0.000  0.00
# PAR t=12.00 gids n=496 mint=505 ret=9 age=[2 3 5] | sdeath tp n=0 [0.0 0.0 0.0] ba n=998 [1.7 3.6 9.6] | stamps n=282 tp=0 age50=1 max=5 | idfrac=0.9516
# HOLE t=12.00 Eh=356.147975 nin=66 eatF=295.4759 eatM=1.5049 eatS=59.1672
# QATOM t=13.24 dir=FD w=1.41485447 e=0.51791649103 i=245 Em=0.3462 gid=166
t=   14.00 -1.73e-15 | 0.0261  5.91   8141   13    704   1133 | 1.3390 11.86 | 5.58e-03 1.31e-02 |   0.0000 0.0000  0.0000  0.0000 0.000  0.00
# PAR t=14.00 gids n=613 mint=626 ret=13 age=[2 5 7] | sdeath tp n=0 [0.0 0.0 0.0] ba n=1133 [1.8 4.2 11.6] | stamps n=605 tp=0 age50=2 max=7 | idfrac=0.9587
# HOLE t=14.00 Eh=372.873965 nin=70 eatF=306.4908 eatM=2.6731 eatS=63.7101
# QATOM t=14.74 dir=FD w=1.64988868 e=0.301976130365 i=1207 Em=0.0001 gid=0
t=   16.00 -1.73e-15 | 0.0260  5.91   8142   20    786   1241 | 1.3390 11.85 | 1.17e-02 2.59e-02 |   0.0000 0.0000  0.0000  0.0000 0.000  0.00
# PAR t=16.00 gids n=728 mint=741 ret=13 age=[3 6 8] | sdeath tp n=0 [0.0 0.0 0.0] ba n=1241 [1.9 4.4 12.9] | stamps n=986 tp=0 age50=3 max=9 | idfrac=0.9660
# HOLE t=16.00 Eh=375.529707 nin=70 eatF=306.9211 eatM=2.6773 eatS=65.9313
# QATOM t=16.66 dir=FD w=1.64991407 e=0.301980776513 i=1805 Em=0.0001 gid=0
t=   18.00 -1.73e-15 | 0.0259  5.91   8142   15    856   1355 | 1.3372 11.98 | 6.82e-03 1.52e-02 |   0.0000 0.0000  0.0000  0.0000 0.000  0.00
# PAR t=18.00 gids n=820 mint=836 ret=16 age=[4 7 10] | sdeath tp n=0 [0.0 0.0 0.0] ba n=1355 [2.0 4.8 14.0] | stamps n=1315 tp=0 age50=4 max=11 | idfrac=0.9697
# HOLE t=18.00 Eh=382.176056 nin=73 eatF=310.0765 eatM=3.8984 eatS=68.2012
# QATOM t=18.42 dir=DF w=2.80941186 e=0.514201551561 i=206 Em=0.6452 gid=189
# QATOM t=19.68 dir=FD w=1.6497585 e=0.301952303726 i=1109 Em=0.0001 gid=0
t=   20.00 -1.92e-15 | 0.0258  5.91   8143   16    942   1446 | 1.3363 12.05 | 4.80e-03 1.29e-02 |   0.0000 0.0000  0.0000  0.0000 0.000  0.00
# PAR t=20.00 gids n=924 mint=941 ret=17 age=[5 8 11] | sdeath tp n=0 [0.0 0.0 0.0] ba n=1446 [2.2 5.2 15.5] | stamps n=1720 tp=0 age50=5 max=13 | idfrac=0.9731
# HOLE t=20.00 Eh=393.511969 nin=75 eatF=318.6323 eatM=4.0390 eatS=70.8407
# QATOM t=21.26 dir=FD w=1.6386203 e=0.299913698841 i=1438 Em=0.0145 gid=0
t=   22.00 -1.92e-15 | 0.0257  5.92   8151   17   1017   1546 | 1.3356 12.02 | 1.17e-02 2.44e-02 |   0.0000 0.0000  0.0000  0.0000 0.000  0.00
# PAR t=22.00 gids n=1007 mint=1026 ret=19 age=[5 10 13] | sdeath tp n=0 [0.0 0.0 0.0] ba n=1546 [2.2 5.5 16.5] | stamps n=2009 tp=0 age50=6 max=15 | idfrac=0.9765
# HOLE t=22.00 Eh=398.770373 nin=78 eatF=319.8052 eatM=6.1354 eatS=72.8298
# QATOM t=23.14 dir=DF w=2.62041722 e=0.479610206464 i=872 Em=0.7782 gid=518
t=   24.00 -1.92e-15 | 0.0256  5.91   8135   16   1081   1632 | 1.3360 11.97 | 3.30e-03 9.59e-03 |   0.0000 0.0000  0.0000  0.0000 0.000  0.00
# PAR t=24.00 gids n=1078 mint=1103 ret=25 age=[6 11 15] | sdeath tp n=0 [0.0 0.0 0.0] ba n=1632 [2.3 5.7 17.7] | stamps n=2246 tp=0 age50=7 max=17 | idfrac=0.9779
# HOLE t=24.00 Eh=417.858321 nin=84 eatF=331.3297 eatM=9.7823 eatS=76.7463
# QATOM t=24.94 dir=FD w=1.35703906 e=0.248376395996 i=2388 Em=0.4350 gid=126
t=   26.00 -1.92e-15 | 0.0255  5.90   8125   15   1139   1731 | 1.3364 11.87 | 6.76e-03 1.29e-02 |   0.0000 0.0000  0.0000  0.0000 0.000  0.00
# PAR t=26.00 gids n=1145 mint=1175 ret=30 age=[7 12 17] | sdeath tp n=0 [0.0 0.0 0.0] ba n=1731 [2.3 5.9 19.2] | stamps n=2439 tp=0 age50=8 max=19 | idfrac=0.9786
# HOLE t=26.00 Eh=427.047009 nin=87 eatF=335.6848 eatM=11.3649 eatS=79.9973
# QATOM t=26.62 dir=DF w=2.11070552 e=0.386318598854 i=2747 Em=1.2239 gid=91
t=   28.00 -1.92e-15 | 0.0254  5.89   8119   14   1201   1811 | 1.3361 11.77 | 7.08e-03 1.91e-02 |   0.0000 0.0000  0.0000  0.0000 0.000  0.00
# PAR t=28.00 gids n=1203 mint=1235 ret=32 age=[8 14 18] | sdeath tp n=0 [0.0 0.0 0.0] ba n=1811 [2.4 6.1 20.1] | stamps n=2617 tp=0 age50=10 max=21 | idfrac=0.9792
# HOLE t=28.00 Eh=434.069996 nin=90 eatF=338.0466 eatM=13.8549 eatS=82.1685
# QATOM t=28.44 dir=FD w=1.30475242 e=0.23880646672 i=1858 Em=0.4552 gid=333
t=   30.00 -1.92e-15 | 0.0253  5.90   8133   13   1262   1883 | 1.3344 11.94 | 1.30e-02 2.78e-02 |   0.0000 0.0000  0.0000  0.0000 0.000  0.00
# PAR t=30.00 gids n=1276 mint=1310 ret=34 age=[9 15 20] | sdeath tp n=0 [0.0 0.0 0.0] ba n=1883 [2.4 6.4 21.2] | stamps n=2777 tp=0 age50=11 max=23 | idfrac=0.9788
# HOLE t=30.00 Eh=435.449416 nin=90 eatF=338.2043 eatM=13.8614 eatS=83.3837
# QATOM t=30.34 dir=FD w=1.29755558 e=0.23748924196 i=1445 Em=0.5649 gid=534
t=   32.00 -1.92e-15 | 0.0252  5.92   8149    9   1317   1960 | 1.3335 12.10 | 6.31e-03 1.91e-02 |   0.0000 0.0000  0.0000  0.0000 0.000  0.00
# PAR t=32.00 gids n=1327 mint=1362 ret=35 age=[10 17 22] | sdeath tp n=0 [0.0 0.0 0.0] ba n=1960 [2.5 6.6 22.8] | stamps n=2940 tp=0 age50=13 max=25 | idfrac=0.9791
# HOLE t=32.00 Eh=437.188057 nin=91 eatF=338.5260 eatM=13.9968 eatS=84.6652
# QATOM t=32.14 dir=DF w=2.63472014 e=0.482228043415 i=225 Em=0.8398 gid=278
# QATOM t=33.70 dir=FD w=1.64999945 e=0.301996404307 i=2428 Em=0.0000 gid=0
t=   34.00 -1.92e-15 | 0.0251  5.92   8149   16   1378   2007 | 1.3318 12.17 | 6.49e-03 1.80e-02 |   0.0000 0.0000  0.0000  0.0000 0.000  0.00
# PAR t=34.00 gids n=1407 mint=1443 ret=36 age=[10 18 24] | sdeath tp n=0 [0.0 0.0 0.0] ba n=2007 [2.5 6.7 23.7] | stamps n=3122 tp=0 age50=14 max=27 | idfrac=0.9794
# HOLE t=34.00 Eh=437.875301 nin=91 eatF=338.6305 eatM=14.0201 eatS=85.2247
# QATOM t=35.60 dir=FD w=1.14290342 e=0.209183538944 i=2720 Em=0.8820 gid=1061
t=   36.00 -1.92e-15 | 0.0250  5.91   8141   11   1428   2072 | 1.3314 12.13 | 4.36e-03 1.26e-02 |   0.0000 0.0000  0.0000  0.0000 0.000  0.00
# PAR t=36.00 gids n=1475 mint=1512 ret=37 age=[11 19 26] | sdeath tp n=0 [0.0 0.0 0.0] ba n=2072 [2.5 6.9 24.6] | stamps n=3325 tp=0 age50=16 max=29 | idfrac=0.9795
# HOLE t=36.00 Eh=440.152613 nin=92 eatF=338.8783 eatM=14.8831 eatS=86.3912
# QATOM t=37.22 dir=FD w=1.44784993 e=0.264997343742 i=722 Em=0.2821 gid=287
t=   38.00 -1.73e-15 | 0.0249  5.91   8146   13   1479   2137 | 1.3296 12.23 | 4.18e-03 1.95e-02 |   0.0000 0.0000  0.0000  0.0000 0.000  0.00
# PAR t=38.00 gids n=1541 mint=1580 ret=39 age=[11 21 27] | sdeath tp n=0 [0.0 0.0 0.0] ba n=2137 [2.6 7.1 26.0] | stamps n=3489 tp=0 age50=17 max=31 | idfrac=0.9797
# HOLE t=38.00 Eh=444.252482 nin=94 eatF=340.8363 eatM=16.0884 eatS=87.3278
# QATOM t=39.14 dir=FD w=1.64713161 e=0.301471507502 i=1137 Em=0.0021 gid=0
t=   40.00 -1.73e-15 | 0.0249  5.89   8113   26   1533   2209 | 1.3294 12.12 | 5.85e-03 1.49e-02 |   0.0000 0.0000  0.0000  0.0000 0.000  0.00
# PAR t=40.00 gids n=1600 mint=1641 ret=41 age=[12 22 29] | sdeath tp n=0 [0.0 0.0 0.0] ba n=2209 [2.6 7.3 27.6] | stamps n=3664 tp=0 age50=18 max=33 | idfrac=0.9799
# HOLE t=40.00 Eh=451.781981 nin=97 eatF=342.4213 eatM=19.1168 eatS=90.2439
# QATOM t=41.10 dir=FD w=1.64795967 e=0.301623067516 i=1596 Em=0.0020 gid=0
t=   42.00 -1.73e-15 | 0.0248  5.88   8105   24   1596   2297 | 1.3297 12.09 | 8.05e-03 1.90e-02 |   0.0000 0.0000  0.0000  0.0000 0.000  0.00
# PAR t=42.00 gids n=1643 mint=1689 ret=46 age=[13 23 31] | sdeath tp n=0 [0.0 0.0 0.0] ba n=2297 [2.7 7.7 29.6] | stamps n=3809 tp=0 age50=20 max=35 | idfrac=0.9800
# HOLE t=42.00 Eh=464.800040 nin=103 eatF=346.1436 eatM=24.7540 eatS=93.9024
# QATOM t=43.08 dir=DF w=1.84334518 e=0.3373841209 i=2124 Em=1.3939 gid=179
t=   44.00 -1.73e-15 | 0.0247  5.87   8081   18   1648   2378 | 1.3297 11.94 | 4.39e-03 1.84e-02 |   0.0000 0.0000  0.0000  0.0000 0.000  0.00
# PAR t=44.00 gids n=1689 mint=1739 ret=50 age=[14 25 33] | sdeath tp n=0 [0.0 0.0 0.0] ba n=2378 [2.7 7.9 31.6] | stamps n=3948 tp=0 age50=21 max=37 | idfrac=0.9803
# HOLE t=44.00 Eh=471.393486 nin=104 eatF=348.4729 eatM=26.7263 eatS=96.1943
# QATOM t=45.06 dir=FD w=1.63738131 e=0.299686929254 i=185 Em=0.0150 gid=0
t=   46.00 -1.73e-15 | 0.0246  5.86   8079   13   1702   2439 | 1.3293 12.02 | 3.97e-03 1.48e-02 |   0.0000 0.0000  0.0000  0.0000 0.000  0.00
# PAR t=46.00 gids n=1736 mint=1789 ret=53 age=[14 26 34] | sdeath tp n=0 [0.0 0.0 0.0] ba n=2439 [2.8 8.1 32.5] | stamps n=4080 tp=0 age50=22 max=39 | idfrac=0.9807
# HOLE t=46.00 Eh=478.721103 nin=108 eatF=351.2949 eatM=28.9714 eatS=98.4549
# QATOM t=46.98 dir=FD w=1.11186758 e=0.203503104303 i=317 Em=0.9437 gid=725
t=   48.00 -1.73e-15 | 0.0246  5.87   8088   15   1750   2497 | 1.3276 12.23 | 4.85e-03 1.42e-02 |   0.0000 0.0000  0.0000  0.0000 0.000  0.00
# PAR t=48.00 gids n=1782 mint=1837 ret=55 age=[15 28 36] | sdeath tp n=0 [0.0 0.0 0.0] ba n=2497 [2.8 8.3 34.3] | stamps n=4215 tp=0 age50=24 max=41 | idfrac=0.9811
# HOLE t=48.00 Eh=481.764394 nin=109 eatF=352.2961 eatM=29.3892 eatS=100.0791
# QATOM t=49.00 dir=DF w=1.89488202 e=0.346816815864 i=1543 Em=1.2915 gid=188
t=   50.00 -1.73e-15 | 0.0245  5.86   8079   18   1789   2565 | 1.3274 12.25 | 5.73e-03 1.67e-02 |   0.0000 0.0000  0.0000  0.0000 0.000  0.00
# PAR t=50.00 gids n=1823 mint=1880 ret=57 age=[16 29 38] | sdeath tp n=0 [0.0 0.0 0.0] ba n=2565 [2.9 8.5 35.6] | stamps n=4378 tp=0 age50=25 max=43 | idfrac=0.9815
# HOLE t=50.00 Eh=487.200880 nin=111 eatF=354.1924 eatM=31.3047 eatS=101.7038
# QATOM t=51.08 dir=FD w=1.15195268 e=0.421679616989 i=2346 Em=0.8343 gid=893
t=   52.00 -1.73e-15 | 0.0245  5.87   8087   19   1848   2627 | 1.3267 12.29 | 6.21e-03 1.35e-02 |   0.0000 0.0000  0.0000  0.0000 0.000  0.00
# PAR t=52.00 gids n=1859 mint=1917 ret=58 age=[18 31 40] | sdeath tp n=0 [0.0 0.0 0.0] ba n=2627 [2.9 8.7 36.6] | stamps n=4464 tp=0 age50=26 max=45 | idfrac=0.9819
# HOLE t=52.00 Eh=488.919256 nin=112 eatF=354.5176 eatM=31.6090 eatS=102.7927
# QATOM t=52.90 dir=DF w=2.12697499 e=0.389296371695 i=2325 Em=0.6030 gid=168
t=   54.00 -1.73e-15 | 0.0245  5.88   8106   18   1910   2704 | 1.3261 12.38 | 1.48e-02 3.49e-02 |   0.0000 0.0000  0.0000  0.0000 0.000  0.00
# PAR t=54.00 gids n=1895 mint=1953 ret=58 age=[19 32 42] | sdeath tp n=0 [0.0 0.0 0.0] ba n=2704 [2.8 8.7 37.9] | stamps n=4589 tp=0 age50=27 max=47 | idfrac=0.9821
# HOLE t=54.00 Eh=489.616675 nin=112 eatF=354.6300 eatM=31.6131 eatS=103.3736
# QATOM t=54.86 dir=FD w=1.64658452 e=0.301371375376 i=2172 Em=0.0005 gid=0
t=   56.00 -1.73e-15 | 0.0244  5.89   8117    7   1966   2766 | 1.3247 12.53 | 4.11e-03 1.48e-02 |   0.0000 0.0000  0.0000  0.0000 0.000  0.00
# PAR t=56.00 gids n=1930 mint=1990 ret=60 age=[20 34 44] | sdeath tp n=0 [0.0 0.0 0.0] ba n=2766 [2.8 8.8 39.4] | stamps n=4713 tp=0 age50=29 max=49 | idfrac=0.9823
# HOLE t=56.00 Eh=490.106864 nin=112 eatF=354.7141 eatM=31.6159 eatS=103.7768
# QATOM t=56.88 dir=FD w=1.08381864 e=0.198369357958 i=2086 Em=1.0083 gid=1324
t=   58.00 -1.73e-15 | 0.0244  5.89   8116   10   2002   2810 | 1.3236 12.60 | 1.12e-02 2.32e-02 |   0.0000 0.0000  0.0000  0.0000 0.000  0.00
# PAR t=58.00 gids n=1952 mint=2014 ret=62 age=[22 36 45] | sdeath tp n=0 [0.0 0.0 0.0] ba n=2810 [2.8 8.8 39.7] | stamps n=4812 tp=0 age50=30 max=51 | idfrac=0.9824
# HOLE t=58.00 Eh=492.454108 nin=113 eatF=354.9342 eatM=32.9392 eatS=104.5806
# QATOM t=59.00 dir=FD w=1.34586708 e=0.246331607765 i=1029 Em=0.4283 gid=1814
t=   60.00 -1.73e-15 | 0.0244  5.88   8102   20   2050   2858 | 1.3236 12.58 | 1.36e-02 2.64e-02 |   0.0000 0.0000  0.0000  0.0000 0.000  0.00
# PAR t=60.00 gids n=1981 mint=2048 ret=67 age=[23 37 47] | sdeath tp n=0 [0.0 0.0 0.0] ba n=2858 [2.8 8.9 40.5] | stamps n=4906 tp=0 age50=31 max=53 | idfrac=0.9824
# HOLE t=60.00 Eh=499.546673 nin=117 eatF=355.9315 eatM=36.8307 eatS=106.7845
# QATOM t=60.70 dir=FD w=1.32366355 e=0.242267737083 i=462 Em=0.4897 gid=1314
t=   62.00 -1.73e-15 | 0.0244  5.87   8086    9   2092   2932 | 1.3237 12.58 | 5.46e-03 2.21e-02 |   0.0000 0.0000  0.0000  0.0000 0.000  0.00
# PAR t=62.00 gids n=2019 mint=2087 ret=68 age=[24 39 49] | sdeath tp n=0 [0.0 0.0 0.0] ba n=2932 [2.9 9.1 41.5] | stamps n=5026 tp=0 age50=32 max=55 | idfrac=0.9823
# HOLE t=62.00 Eh=504.173375 nin=119 eatF=356.6154 eatM=38.9310 eatS=108.6269
# QATOM t=62.48 dir=DF w=1.73237356 e=0.317073187652 i=168 Em=1.3150 gid=460
t=   64.00 -1.73e-15 | 0.0243  5.87   8086   12   2141   2990 | 1.3236 12.62 | 7.83e-03 1.79e-02 |   0.0000 0.0000  0.0000  0.0000 0.000  0.00
# PAR t=64.00 gids n=2059 mint=2132 ret=73 age=[25 40 51] | sdeath tp n=0 [0.0 0.0 0.0] ba n=2990 [2.9 9.2 42.4] | stamps n=5172 tp=0 age50=33 max=57 | idfrac=0.9824
# HOLE t=64.00 Eh=510.761909 nin=122 eatF=358.0606 eatM=42.1663 eatS=110.5349
# QATOM t=64.38 dir=FD w=1.38305644 e=0.253138309805 i=421 Em=0.4019 gid=1275
t=   66.00 -1.73e-15 | 0.0243  5.85   8065   12   2195   3050 | 1.3242 12.51 | 1.02e-02 2.59e-02 |   0.0000 0.0000  0.0000  0.0000 0.000  0.00
# PAR t=66.00 gids n=2082 mint=2164 ret=82 age=[26 42 53] | sdeath tp n=0 [0.0 0.0 0.0] ba n=3050 [2.8 9.2 43.2] | stamps n=5272 tp=0 age50=35 max=59 | idfrac=0.9825
# HOLE t=66.00 Eh=514.578617 nin=123 eatF=358.9314 eatM=43.5476 eatS=112.0996
# QATOM t=66.42 dir=FD w=0.952661122 e=0.348727671447 i=2307 Em=1.5210 gid=31
t=   68.00 -1.73e-15 | 0.0243  5.86   8076   13   2244   3096 | 1.3238 12.61 | 5.38e-03 2.35e-02 |   0.0000 0.0000  0.0000  0.0000 0.000  0.00
# PAR t=68.00 gids n=2108 mint=2198 ret=90 age=[27 43 55] | sdeath tp n=0 [0.0 0.0 0.0] ba n=3096 [2.9 9.3 44.1] | stamps n=5371 tp=0 age50=36 max=61 | idfrac=0.9826
# HOLE t=68.00 Eh=518.392406 nin=125 eatF=359.2230 eatM=46.2145 eatS=112.9549
# QATOM t=68.28 dir=DF w=1.79555845 e=0.657275606374 i=1527 Em=1.0970 gid=1057
# QATOM t=69.98 dir=DF w=2.01329613 e=0.368489935334 i=920 Em=0.8850 gid=898
t=   70.00 -1.73e-15 | 0.0243  5.86   8075   18   2301   3154 | 1.3230 12.68 | 1.28e-02 3.04e-02 |   0.0000 0.0000  0.0000  0.0000 0.000  0.00
# PAR t=70.00 gids n=2135 mint=2230 ret=95 age=[28 45 56] | sdeath tp n=0 [0.0 0.0 0.0] ba n=3154 [2.9 9.4 45.6] | stamps n=5482 tp=0 age50=37 max=63 | idfrac=0.9827
# HOLE t=70.00 Eh=521.887616 nin=126 eatF=360.1815 eatM=47.3374 eatS=114.3687
# QATOM t=71.74 dir=FD w=1.34764497 e=0.246657012614 i=1394 Em=0.2942 gid=1684
t=   72.00 -1.73e-15 | 0.0243  5.87   8080   10   2358   3225 | 1.3220 12.81 | 1.12e-02 2.74e-02 |   0.0000 0.0000  0.0000  0.0000 0.000  0.00
# PAR t=72.00 gids n=2176 mint=2273 ret=97 age=[29 46 58] | sdeath tp n=0 [0.0 0.0 0.0] ba n=3225 [2.8 9.5 47.2] | stamps n=5614 tp=0 age50=38 max=65 | idfrac=0.9828
# HOLE t=72.00 Eh=523.688864 nin=127 eatF=360.3730 eatM=47.8579 eatS=115.4580
# QATOM t=73.38 dir=FD w=1.27312871 e=0.233018435968 i=100 Em=0.4085 gid=429
t=   74.00 -1.73e-15 | 0.0243  5.86   8069    7   2408   3288 | 1.3217 12.86 | 6.23e-03 1.95e-02 |   0.0000 0.0000  0.0000  0.0000 0.000  0.00
# PAR t=74.00 gids n=2213 mint=2313 ret=100 age=[30 48 60] | sdeath tp n=0 [0.0 0.0 0.0] ba n=3288 [2.8 9.5 47.7] | stamps n=5782 tp=0 age50=39 max=67 | idfrac=0.9830
# HOLE t=74.00 Eh=527.450198 nin=129 eatF=360.7368 eatM=49.8703 eatS=116.8430
# QATOM t=74.92 dir=DF w=2.14921829 e=0.39336752217 i=498 Em=0.6161 gid=1361
t=   76.00 -1.73e-15 | 0.0243  5.87   8092   14   2464   3341 | 1.3200 13.17 | 1.05e-02 2.45e-02 |   0.0000 0.0000  0.0000  0.0000 0.000  0.00
# PAR t=76.00 gids n=2242 mint=2347 ret=105 age=[31 49 62] | sdeath tp n=0 [0.0 0.0 0.0] ba n=3341 [2.8 9.5 48.2] | stamps n=5918 tp=0 age50=40 max=69 | idfrac=0.9833
# HOLE t=76.00 Eh=529.420886 nin=130 eatF=360.9036 eatM=50.5310 eatS=117.9863
# QATOM t=76.42 dir=DF w=2.16047442 e=0.395427711458 i=1003 Em=0.6748 gid=912
t=   78.00 -1.73e-15 | 0.0243  5.88   8098    9   2522   3403 | 1.3198 13.26 | 6.47e-03 1.73e-02 |   0.0000 0.0000  0.0000  0.0000 0.000  0.00
# PAR t=78.00 gids n=2276 mint=2389 ret=113 age=[32 50 64] | sdeath tp n=0 [0.0 0.0 0.0] ba n=3403 [2.7 9.5 49.3] | stamps n=6062 tp=0 age50=41 max=71 | idfrac=0.9835
# HOLE t=78.00 Eh=531.550852 nin=131 eatF=361.2067 eatM=51.0385 eatS=119.3057
# QATOM t=78.04 dir=DF w=2.64186451 e=0.483535665799 i=1178 Em=0.5155 gid=416
# QATOM t=79.70 dir=FD w=1.36339926 e=0.249540491574 i=2297 Em=0.3623 gid=1522
t=   80.00 -1.73e-15 | 0.0243  5.89   8107   10   2570   3458 | 1.3193 13.35 | 1.09e-02 2.24e-02 |   0.0000 0.0000  0.0000  0.0000 0.000  0.00
# PAR t=80.00 gids n=2317 mint=2437 ret=120 age=[32 52 66] | sdeath tp n=0 [0.0 0.0 0.0] ba n=3458 [2.7 9.5 49.7] | stamps n=6233 tp=0 age50=42 max=73 | idfrac=0.9839
# HOLE t=80.00 Eh=536.897577 nin=134 eatF=362.2729 eatM=53.8224 eatS=120.8023
# QATOM t=81.06 dir=FD w=1.47316498 e=0.269630711622 i=1053 Em=0.2154 gid=173
t=   82.00 -1.92e-15 | 0.0243  5.89   8107    8   2645   3520 | 1.3189 13.43 | 5.77e-03 1.65e-02 |   0.0000 0.0000  0.0000  0.0000 0.000  0.00
# PAR t=82.00 gids n=2344 mint=2477 ret=133 age=[33 53 67] | sdeath tp n=0 [0.0 0.0 0.0] ba n=3520 [2.7 9.6 50.5] | stamps n=6340 tp=0 age50=43 max=75 | idfrac=0.9843
# HOLE t=82.00 Eh=540.232651 nin=135 eatF=362.3413 eatM=55.3689 eatS=122.5224
# QATOM t=82.28 dir=FD w=1.60725138 e=0.294172302174 i=1630 Em=0.0352 gid=2466
# QATOM t=83.86 dir=FD w=1.29807177 e=0.237583719356 i=1911 Em=0.5141 gid=964
t=   84.00 -1.73e-15 | 0.0243  5.89   8118   13   2691   3582 | 1.3180 13.59 | 4.30e-03 1.74e-02 |   0.0000 0.0000  0.0000  0.0000 0.000  0.00
# PAR t=84.00 gids n=2366 mint=2507 ret=141 age=[34 55 69] | sdeath tp n=0 [0.0 0.0 0.0] ba n=3582 [2.7 9.6 50.9] | stamps n=6472 tp=0 age50=45 max=77 | idfrac=0.9847
# HOLE t=84.00 Eh=543.263943 nin=136 eatF=362.9747 eatM=56.8682 eatS=123.4210
# QATOM t=85.56 dir=FD w=1.20987077 e=0.221440449895 i=629 Em=0.7188 gid=22
t=   86.00 -1.92e-15 | 0.0243  5.89   8119    9   2731   3641 | 1.3171 13.69 | 6.86e-03 1.97e-02 |   0.0000 0.0000  0.0000  0.0000 0.000  0.00
# PAR t=86.00 gids n=2386 mint=2535 ret=149 age=[35 56 71] | sdeath tp n=0 [0.0 0.0 0.0] ba n=3641 [2.7 9.7 52.4] | stamps n=6585 tp=0 age50=46 max=79 | idfrac=0.9851
# HOLE t=86.00 Eh=545.736241 nin=136 eatF=363.8215 eatM=57.8068 eatS=124.1079
# QATOM t=87.08 dir=FD w=1.54069522 e=0.281990649102 i=482 Em=0.0651 gid=1248
t=   88.00 -1.92e-15 | 0.0242  5.89   8120    8   2801   3714 | 1.3167 13.76 | 8.28e-03 2.25e-02 |   0.0000 0.0000  0.0000  0.0000 0.000  0.00
# PAR t=88.00 gids n=2400 mint=2563 ret=163 age=[36 58 73] | sdeath tp n=0 [0.0 0.0 0.0] ba n=3714 [2.6 9.6 52.9] | stamps n=6621 tp=0 age50=47 max=81 | idfrac=0.9855
# HOLE t=88.00 Eh=549.789278 nin=139 eatF=364.6976 eatM=59.5238 eatS=125.5679
# QATOM t=88.40 dir=DF w=2.01363171 e=0.368551356535 i=2114 Em=0.8580 gid=1423
t=   90.00 -1.92e-15 | 0.0242  5.90   8121    8   2862   3769 | 1.3162 13.89 | 1.92e-02 4.58e-02 |   0.0000 0.0000  0.0000  0.0000 0.000  0.00
# PAR t=90.00 gids n=2426 mint=2598 ret=172 age=[37 60 75] | sdeath tp n=0 [0.0 0.0 0.0] ba n=3769 [2.6 9.5 53.3] | stamps n=6740 tp=0 age50=48 max=83 | idfrac=0.9859
# HOLE t=90.00 Eh=553.169649 nin=139 eatF=364.8299 eatM=61.4279 eatS=126.9119
# QATOM t=90.16 dir=FD w=1.20322409 e=0.440447841837 i=1814 Em=0.7536 gid=806
# QATOM t=91.38 dir=FD w=1.18496289 e=0.216881607022 i=281 Em=0.6762 gid=623
t=   92.00 -1.92e-15 | 0.0242  5.90   8122   14   2914   3821 | 1.3164 13.90 | 8.08e-03 1.95e-02 |   0.0000 0.0000  0.0000  0.0000 0.000  0.00
# PAR t=92.00 gids n=2441 mint=2621 ret=180 age=[38 61 77] | sdeath tp n=0 [0.0 0.0 0.0] ba n=3821 [2.5 9.5 53.8] | stamps n=6838 tp=0 age50=49 max=85 | idfrac=0.9863
# HOLE t=92.00 Eh=556.045040 nin=140 eatF=365.7060 eatM=62.3439 eatS=127.9951
# QATOM t=92.98 dir=FD w=1.56170869 e=0.285836706422 i=1095 Em=0.0970 gid=480
t=   94.00 -1.73e-15 | 0.0242  5.91   8145   10   2972   3880 | 1.3156 14.06 | 4.56e-03 1.51e-02 |   0.0000 0.0000  0.0000  0.0000 0.000  0.00
# PAR t=94.00 gids n=2452 mint=2640 ret=188 age=[39 63 79] | sdeath tp n=0 [0.0 0.0 0.0] ba n=3880 [2.5 9.5 54.8] | stamps n=6872 tp=0 age50=51 max=87 | idfrac=0.9868
# HOLE t=94.00 Eh=559.282877 nin=141 eatF=366.7401 eatM=63.7385 eatS=128.8043
# QATOM t=94.38 dir=DF w=2.161271 e=0.395573507405 i=204 Em=0.7719 gid=183
t=   96.00 -1.73e-15 | 0.0242  5.91   8144    9   3032   3941 | 1.3153 14.15 | 8.98e-03 2.40e-02 |   0.0000 0.0000  0.0000  0.0000 0.000  0.00
# PAR t=96.00 gids n=2463 mint=2658 ret=195 age=[40 65 80] | sdeath tp n=0 [0.0 0.0 0.0] ba n=3941 [2.4 9.4 55.3] | stamps n=6943 tp=0 age50=52 max=89 | idfrac=0.9872
# HOLE t=96.00 Eh=562.536608 nin=144 eatF=368.0826 eatM=63.8766 eatS=130.5774
# QATOM t=96.08 dir=DF w=2.11871884 e=0.387785263219 i=42 Em=0.7606 gid=1311
# QATOM t=97.60 dir=DF w=1.90913338 e=0.349425216122 i=2551 Em=1.0530 gid=1953
t=   98.00 -1.73e-15 | 0.0242  5.91   8141   11   3081   4005 | 1.3148 14.19 | 7.70e-03 1.85e-02 |   0.0000 0.0000  0.0000  0.0000 0.000  0.00
# PAR t=98.00 gids n=2489 mint=2692 ret=203 age=[40 66 82] | sdeath tp n=0 [0.0 0.0 0.0] ba n=4005 [2.4 9.4 56.4] | stamps n=7085 tp=0 age50=53 max=91 | idfrac=0.9876
# HOLE t=98.00 Eh=563.516731 nin=144 eatF=368.1373 eatM=63.8820 eatS=131.4975
# QATOM t=99.02 dir=FD w=1.54785207 e=0.283300553508 i=2311 Em=0.1308 gid=783
t=  100.00 -1.73e-15 | 0.0242  5.91   8147    8   3146   4071 | 1.3149 14.22 | 1.11e-02 1.73e-02 |   0.0000 0.0000  0.0000  0.0000 0.000  0.00
# PAR t=100.00 gids n=2504 mint=2715 ret=211 age=[40 68 84] | sdeath tp n=0 [0.0 0.0 0.0] ba n=4071 [2.3 9.3 57.9] | stamps n=7170 tp=0 age50=53 max=93 | idfrac=0.9880
# HOLE t=100.00 Eh=569.361006 nin=146 eatF=368.9624 eatM=67.7489 eatS=132.6497
# QATOM t=100.16 dir=FD w=1.33831553 e=0.244949462313 i=1108 Em=0.2560 gid=1656
# QATOM t=101.62 dir=DF w=2.16211879 e=0.395728676402 i=920 Em=0.6876 gid=898
t=  102.00 -1.73e-15 | 0.0242  5.91   8137   10   3190   4121 | 1.3146 14.23 | 9.94e-03 2.18e-02 |   0.0000 0.0000  0.0000  0.0000 0.000  0.00
# PAR t=102.00 gids n=2494 mint=2723 ret=229 age=[42 70 86] | sdeath tp n=0 [0.0 0.0 0.0] ba n=4096 [2.4 9.4 59.2] | stamps n=7130 tp=0 age50=55 max=95 | idfrac=0.9884
# HOLE t=102.00 Eh=574.713020 nin=148 eatF=370.0255 eatM=70.3119 eatS=134.3757
# QATOM t=102.94 dir=DF w=2.38007393 e=0.435620611367 i=1450 Em=0.5522 gid=1220
t=  104.00 -1.73e-15 | 0.0242  5.90   8124    6   3248   4173 | 1.3140 14.27 | 5.95e-03 1.78e-02 |   0.0000 0.0000  0.0000  0.0000 0.000  0.00
# PAR t=104.00 gids n=2495 mint=2739 ret=244 age=[44 72 88] | sdeath tp n=0 [0.0 0.0 0.0] ba n=4096 [2.6 9.8 60.0] | stamps n=7160 tp=0 age50=57 max=97 | idfrac=0.9887
# HOLE t=104.00 Eh=577.337283 nin=150 eatF=370.6580 eatM=70.9232 eatS=135.7560
# QATOM t=104.40 dir=DF w=2.02082209 e=0.369867398177 i=1391 Em=0.8537 gid=826
# QATOM t=105.70 dir=FD w=1.41063817 e=0.258186542544 i=1977 Em=0.3477 gid=648
t=  106.00 -1.73e-15 | 0.0242  5.90   8124   13   3302   4221 | 1.3141 14.37 | 6.04e-03 1.93e-02 |   0.0000 0.0000  0.0000  0.0000 0.000  0.00
# PAR t=106.00 gids n=2496 mint=2750 ret=254 age=[45 74 90] | sdeath tp n=0 [0.0 0.0 0.0] ba n=4096 [2.7 10.0 60.5] | stamps n=7168 tp=0 age50=58 max=99 | idfrac=0.9891
# HOLE t=106.00 Eh=584.386766 nin=153 eatF=372.7176 eatM=74.3999 eatS=137.2693
# QATOM t=106.96 dir=FD w=0.974236097 e=0.178312664072 i=2751 Em=1.4189 gid=1626
t=  108.00 -1.73e-15 | 0.0242  5.90   8121   10   3349   4280 | 1.3139 14.40 | 7.19e-03 2.35e-02 |   0.0000 0.0000  0.0000  0.0000 0.000  0.00
# PAR t=108.00 gids n=2501 mint=2774 ret=273 age=[46 75 92] | sdeath tp n=0 [0.0 0.0 0.0] ba n=4096 [2.9 10.4 61.7] | stamps n=7174 tp=0 age50=60 max=101 | idfrac=0.9894
# HOLE t=108.00 Eh=587.066780 nin=154 eatF=372.8455 eatM=75.6391 eatS=138.5822
# QATOM t=108.20 dir=FD w=1.60395832 e=0.293569579384 i=426 Em=0.0243 gid=2624
# QATOM t=109.66 dir=FD w=0.982858392 e=0.179890787083 i=1643 Em=1.4095 gid=107
t=  110.00 -1.73e-15 | 0.0242  5.91   8135    5   3395   4343 | 1.3130 14.54 | 7.71e-03 1.34e-02 |   0.0000 0.0000  0.0000  0.0000 0.000  0.00
# PAR t=110.00 gids n=2505 mint=2791 ret=286 age=[48 77 94] | sdeath tp n=0 [0.0 0.0 0.0] ba n=4096 [3.1 10.7 62.8] | stamps n=7212 tp=0 age50=61 max=103 | idfrac=0.9897
# HOLE t=110.00 Eh=587.779365 nin=154 eatF=372.8846 eatM=75.6471 eatS=139.2476
# QATOM t=111.10 dir=DF w=2.26296942 e=0.414187184164 i=1290 Em=0.4852 gid=984
t=  112.00 -1.73e-15 | 0.0242  5.91   8147   10   3438   4383 | 1.3127 14.63 | 7.24e-03 1.85e-02 |   0.0000 0.0000  0.0000  0.0000 0.000  0.00
# PAR t=112.00 gids n=2503 mint=2805 ret=302 age=[49 79 96] | sdeath tp n=0 [0.0 0.0 0.0] ba n=4096 [3.2 10.8 63.7] | stamps n=7193 tp=0 age50=63 max=105 | idfrac=0.9900
# HOLE t=112.00 Eh=588.404456 nin=154 eatF=372.9405 eatM=75.6573 eatS=139.8067
# QATOM t=112.58 dir=FD w=1.6446572 e=0.30101862155 i=177 Em=0.0045 gid=0
# QATOM t=113.96 dir=FD w=1.42955322 e=0.261648531211 i=846 Em=0.3158 gid=862
t=  114.00 -1.73e-15 | 0.0242  5.92   8155    6   3477   4435 | 1.3117 14.74 | 6.29e-03 1.67e-02 |   0.0000 0.0000  0.0000  0.0000 0.000  0.00
# PAR t=114.00 gids n=2518 mint=2827 ret=309 age=[51 81 98] | sdeath tp n=0 [0.0 0.0 0.0] ba n=4096 [3.3 11.0 64.8] | stamps n=7262 tp=0 age50=64 max=107 | idfrac=0.9903
# HOLE t=114.00 Eh=589.088459 nin=154 eatF=373.0087 eatM=75.6671 eatS=140.4128
# QATOM t=115.16 dir=FD w=1.37513699 e=0.251688826965 i=1235 Em=0.3242 gid=481
t=  116.00 -1.73e-15 | 0.0242  5.92   8160    9   3531   4478 | 1.3117 14.83 | 5.90e-03 1.82e-02 |   0.0000 0.0000  0.0000  0.0000 0.000  0.00
# PAR t=116.00 gids n=2523 mint=2842 ret=319 age=[52 82 100] | sdeath tp n=0 [0.0 0.0 0.0] ba n=4096 [3.5 11.1 65.5] | stamps n=7314 tp=0 age50=64 max=109 | idfrac=0.9905
# HOLE t=116.00 Eh=591.080569 nin=155 eatF=373.1374 eatM=76.5164 eatS=141.4268
# QATOM t=116.60 dir=FD w=1.44649598 e=0.264749534059 i=1192 Em=0.2625 gid=963
# QATOM t=117.90 dir=FD w=1.63630997 e=0.299490842852 i=1557 Em=0.0159 gid=0
t=  118.00 -1.73e-15 | 0.0242  5.94   8178    5   3590   4529 | 1.3114 14.98 | 5.58e-03 1.84e-02 |   0.0000 0.0000  0.0000  0.0000 0.000  0.00
# PAR t=118.00 gids n=2522 mint=2855 ret=333 age=[53 84 102] | sdeath tp n=0 [0.0 0.0 0.0] ba n=4096 [3.6 11.3 66.4] | stamps n=7317 tp=0 age50=66 max=111 | idfrac=0.9908
# HOLE t=118.00 Eh=596.877798 nin=157 eatF=374.8518 eatM=79.5679 eatS=142.4581
# QATOM t=119.26 dir=FD w=1.59566689 e=0.292052014653 i=1000 Em=0.0726 gid=313
t=  120.00 -1.73e-15 | 0.0242  5.93   8174    4   3639   4587 | 1.3111 15.00 | 6.47e-03 2.13e-02 |   0.0000 0.0000  0.0000  0.0000 0.000  0.00
# PAR t=120.00 gids n=2523 mint=2863 ret=340 age=[55 86 104] | sdeath tp n=0 [0.0 0.0 0.0] ba n=4096 [3.4 11.5 67.3] | stamps n=7330 tp=0 age50=67 max=113 | idfrac=0.9910
# HOLE t=120.00 Eh=597.933479 nin=157 eatF=374.8977 eatM=79.5767 eatS=143.4590
# QATOM t=120.52 dir=FD w=1.6446861 e=0.602047820576 i=2719 Em=0.0020 gid=2583
# QATOM t=121.90 dir=DF w=2.31825877 e=0.424306694371 i=1372 Em=0.4945 gid=1122
t=  122.00 -1.73e-15 | 0.0241  5.94   8189    4   3688   4624 | 1.3101 15.15 | 1.29e-02 2.85e-02 |   0.0000 0.0000  0.0000  0.0000 0.000  0.00
# PAR t=122.00 gids n=2522 mint=2877 ret=355 age=[56 88 106] | sdeath tp n=0 [0.0 0.0 0.0] ba n=4096 [3.2 11.7 67.6] | stamps n=7321 tp=0 age50=69 max=115 | idfrac=0.9913
# HOLE t=122.00 Eh=598.685590 nin=157 eatF=374.9580 eatM=79.5863 eatS=144.1413
# QATOM t=123.32 dir=FD w=1.56790972 e=0.286971669166 i=863 Em=0.0243 gid=1668
t=  124.00 -1.73e-15 | 0.0241  5.95   8191    5   3728   4670 | 1.3098 15.20 | 6.58e-03 1.84e-02 |   0.0000 0.0000  0.0000  0.0000 0.000  0.00
# PAR t=124.00 gids n=2522 mint=2889 ret=367 age=[58 90 108] | sdeath tp n=0 [0.0 0.0 0.0] ba n=4096 [3.1 12.0 68.5] | stamps n=7322 tp=0 age50=70 max=117 | idfrac=0.9915
# HOLE t=124.00 Eh=599.410470 nin=157 eatF=375.0272 eatM=79.5959 eatS=144.7874
# QATOM t=124.52 dir=FD w=1.37980574 e=0.252543339346 i=79 Em=0.1711 gid=374
# QATOM t=125.74 dir=DF w=2.4054219 e=0.440260002904 i=2282 Em=0.6527 gid=2653
t=  126.00 -1.92e-15 | 0.0241  5.94   8187    7   3773   4715 | 1.3093 15.23 | 9.30e-03 2.07e-02 |   0.0000 0.0000  0.0000  0.0000 0.000  0.00
# PAR t=126.00 gids n=2528 mint=2906 ret=378 age=[59 92 110] | sdeath tp n=0 [0.0 0.0 0.0] ba n=4096 [3.0 12.1 69.3] | stamps n=7364 tp=0 age50=71 max=119 | idfrac=0.9917
# HOLE t=126.00 Eh=600.128373 nin=156 eatF=375.1008 eatM=79.6079 eatS=145.4197
# QATOM t=126.98 dir=DF w=2.34588449 e=0.429362978501 i=2729 Em=0.4446 gid=1389
t=  128.00 -1.73e-15 | 0.0241  5.95   8190    1   3809   4758 | 1.3092 15.28 | 8.00e-03 1.81e-02 |   0.0000 0.0000  0.0000  0.0000 0.000  0.00
# PAR t=128.00 gids n=2539 mint=2924 ret=385 age=[60 93 111] | sdeath tp n=0 [0.0 0.0 0.0] ba n=4096 [2.9 12.3 70.1] | stamps n=7430 tp=0 age50=72 max=121 | idfrac=0.9919
# HOLE t=128.00 Eh=600.848456 nin=156 eatF=375.1663 eatM=79.6248 eatS=146.0573
# QATOM t=128.40 dir=DF w=2.35970828 e=0.431893123281 i=115 Em=0.4959 gid=1709
# QATOM t=129.62 dir=DF w=2.26487921 e=0.414536729626 i=1587 Em=0.5834 gid=2036
t=  130.00 -1.92e-15 | 0.0241  5.95   8191    7   3850   4789 | 1.3089 15.38 | 6.85e-03 1.65e-02 |   0.0000 0.0000  0.0000  0.0000 0.000  0.00
# PAR t=130.00 gids n=2542 mint=2939 ret=397 age=[61 95 113] | sdeath tp n=0 [0.0 0.0 0.0] ba n=4096 [2.8 12.4 70.5] | stamps n=7449 tp=0 age50=73 max=123 | idfrac=0.9921
# HOLE t=130.00 Eh=602.278572 nin=157 eatF=375.5392 eatM=79.9166 eatS=146.8228
# QATOM t=130.88 dir=DF w=2.20029052 e=0.40271517922 i=1762 Em=0.6524 gid=2121
t=  132.00 -1.73e-15 | 0.0241  5.94   8186    0   3902   4838 | 1.3086 15.42 | 6.70e-03 1.77e-02 |   0.0000 0.0000  0.0000  0.0000 0.000  0.00
# PAR t=132.00 gids n=2542 mint=2953 ret=411 age=[63 97 115] | sdeath tp n=0 [0.0 0.0 0.0] ba n=4096 [2.6 12.5 71.1] | stamps n=7446 tp=0 age50=74 max=125 | idfrac=0.9923
# HOLE t=132.00 Eh=603.384805 nin=157 eatF=375.6153 eatM=79.9291 eatS=147.8404
# QATOM t=132.12 dir=FD w=1.28544928 e=0.235273448831 i=1300 Em=0.3771 gid=802
# QATOM t=133.26 dir=FD w=1.29421552 e=0.236877917195 i=1566 Em=0.2936 gid=1123
t=  134.00 -1.73e-15 | 0.0241  5.94   8184    4   3937   4877 | 1.3082 15.49 | 6.79e-03 1.65e-02 |   0.0000 0.0000  0.0000  0.0000 0.000  0.00
# PAR t=134.00 gids n=2534 mint=2960 ret=426 age=[65 99 117] | sdeath tp n=0 [0.0 0.0 0.0] ba n=4096 [2.5 12.7 71.2] | stamps n=7408 tp=0 age50=76 max=127 | idfrac=0.9925
# HOLE t=134.00 Eh=608.461686 nin=161 eatF=376.7442 eatM=82.5605 eatS=149.1570
# QATOM t=134.44 dir=FD w=1.33679677 e=0.489342972837 i=1725 Em=0.4629 gid=1298
# QATOM t=135.74 dir=FD w=1.56951725 e=0.287265892753 i=1052 Em=0.0768 gid=1093
t=  136.00 -1.92e-15 | 0.0241  5.94   8180    6   3969   4909 | 1.3088 15.47 | 8.64e-03 1.85e-02 |   0.0000 0.0000  0.0000  0.0000 0.000  0.00
# PAR t=136.00 gids n=2535 mint=2973 ret=438 age=[66 101 119] | sdeath tp n=0 [0.0 0.0 0.0] ba n=4096 [2.3 12.9 72.2] | stamps n=7404 tp=0 age50=77 max=129 | idfrac=0.9927
# HOLE t=136.00 Eh=609.563483 nin=161 eatF=376.8404 eatM=82.5725 eatS=150.1506
# QATOM t=136.92 dir=FD w=1.24222473 e=0.227362136631 i=2323 Em=0.6482 gid=903
t=  138.00 -1.92e-15 | 0.0241  5.94   8181    4   4010   4963 | 1.3089 15.50 | 7.57e-03 1.73e-02 |   0.0000 0.0000  0.0000  0.0000 0.000  0.00
# PAR t=138.00 gids n=2534 mint=2984 ret=450 age=[68 103 121] | sdeath tp n=0 [0.0 0.0 0.0] ba n=4096 [2.2 13.2 73.4] | stamps n=7420 tp=0 age50=78 max=131 | idfrac=0.9929
# HOLE t=138.00 Eh=612.509802 nin=162 eatF=377.6110 eatM=83.9480 eatS=150.9507
# QATOM t=138.22 dir=DF w=2.33175285 e=0.426776491328 i=1510 Em=0.4957 gid=482
# QATOM t=139.26 dir=FD w=1.42714643 e=0.26120802051 i=2167 Em=0.1809 gid=2046
t=  140.00 -1.92e-15 | 0.0241  5.95   8191    8   4044   5003 | 1.3088 15.56 | 8.50e-03 1.82e-02 |   0.0000 0.0000  0.0000  0.0000 0.000  0.00
# PAR t=140.00 gids n=2531 mint=2997 ret=466 age=[69 105 123] | sdeath tp n=0 [0.0 0.0 0.0] ba n=4096 [2.2 13.3 74.6] | stamps n=7399 tp=0 age50=80 max=133 | idfrac=0.9930
# HOLE t=140.00 Eh=614.727235 nin=163 eatF=378.0720 eatM=84.8626 eatS=151.7927
# QATOM t=140.64 dir=DF w=2.30690287 e=0.422228244252 i=518 Em=0.4760 gid=2797
# QATOM t=141.88 dir=FD w=1.58303952 e=0.289740849319 i=1764 Em=0.0762 gid=47
t=  142.00 -1.92e-15 | 0.0241  5.94   8188    7   4081   5044 | 1.3083 15.64 | 7.95e-03 2.09e-02 |   0.0000 0.0000  0.0000  0.0000 0.000  0.00
# PAR t=142.00 gids n=2525 mint=3001 ret=476 age=[71 107 125] | sdeath tp n=0 [0.0 0.0 0.0] ba n=4096 [2.1 13.6 76.0] | stamps n=7361 tp=0 age50=81 max=135 | idfrac=0.9932
# HOLE t=142.00 Eh=615.706753 nin=162 eatF=378.1654 eatM=84.8786 eatS=152.6627
# QATOM t=143.16 dir=DF w=2.33023209 e=0.426498148227 i=111 Em=0.4309 gid=797
t=  144.00 -1.92e-15 | 0.0241  5.95   8201    2   4126   5082 | 1.3080 15.75 | 9.81e-03 1.95e-02 |   0.0000 0.0000  0.0000  0.0000 0.000  0.00
# PAR t=144.00 gids n=2521 mint=3012 ret=491 age=[72 108 127] | sdeath tp n=0 [0.0 0.0 0.0] ba n=4096 [2.0 13.7 76.6] | stamps n=7340 tp=0 age50=83 max=137 | idfrac=0.9933
# HOLE t=144.00 Eh=618.551175 nin=164 eatF=378.9748 eatM=86.0616 eatS=153.5148
# QATOM t=144.44 dir=DF w=2.34339831 e=0.428907937874 i=437 Em=0.6503 gid=2826
# QATOM t=145.66 dir=FD w=1.31660128 e=0.240975141602 i=899 Em=0.4003 gid=1606
t=  146.00 -1.92e-15 | 0.0241  5.95   8195    5   4161   5125 | 1.3081 15.79 | 1.01e-02 2.00e-02 |   0.0000 0.0000  0.0000  0.0000 0.000  0.00
# PAR t=146.00 gids n=2514 mint=3025 ret=511 age=[74 110 129] | sdeath tp n=0 [0.0 0.0 0.0] ba n=4096 [2.0 13.8 77.8] | stamps n=7313 tp=0 age50=84 max=139 | idfrac=0.9934
# HOLE t=146.00 Eh=625.365562 nin=167 eatF=380.9288 eatM=89.4624 eatS=154.9744
# QATOM t=146.90 dir=DF w=2.29167002 e=0.419440202911 i=632 Em=0.8200 gid=2367
t=  148.00 -1.92e-15 | 0.0241  5.94   8186    3   4191   5159 | 1.3075 15.84 | 8.68e-03 2.29e-02 |   0.0000 0.0000  0.0000  0.0000 0.000  0.00
# PAR t=148.00 gids n=2519 mint=3039 ret=520 age=[75 112 131] | sdeath tp n=0 [0.0 0.0 0.0] ba n=4096 [1.9 13.9 78.8] | stamps n=7345 tp=0 age50=85 max=141 | idfrac=0.9936
# HOLE t=148.00 Eh=627.645339 nin=168 eatF=381.0318 eatM=90.5987 eatS=156.0149
# QATOM t=148.04 dir=DF w=2.37978129 e=0.435567048347 i=631 Em=0.6591 gid=101
# QATOM t=149.32 dir=DF w=1.71917155 e=0.314656848041 i=227 Em=1.4172 gid=781
t=  150.00 -1.73e-15 | 0.0241  5.95   8202    3   4231   5197 | 1.3077 15.90 | 7.95e-03 1.94e-02 |   0.0000 0.0000  0.0000  0.0000 0.000  0.00
# PAR t=150.00 gids n=2520 mint=3052 ret=532 age=[76 114 133] | sdeath tp n=0 [0.0 0.0 0.0] ba n=4096 [1.9 14.0 79.0] | stamps n=7355 tp=0 age50=87 max=143 | idfrac=0.9937
# HOLE t=150.00 Eh=630.116804 nin=169 eatF=381.9297 eatM=91.2194 eatS=156.9676
# QATOM t=150.64 dir=DF w=2.49855822 e=0.457306574702 i=697 Em=0.5614 gid=1787
# QATOM t=151.86 dir=FD w=1.29048131 e=0.236194451221 i=232 Em=0.4351 gid=973
t=  152.00 -1.73e-15 | 0.0241  5.95   8199    8   4268   5237 | 1.3080 15.93 | 9.12e-03 2.11e-02 |   0.0000 0.0000  0.0000  0.0000 0.000  0.00
# PAR t=152.00 gids n=2518 mint=3065 ret=547 age=[77 116 135] | sdeath tp n=0 [0.0 0.0 0.0] ba n=4096 [1.8 14.3 80.0] | stamps n=7342 tp=0 age50=88 max=145 | idfrac=0.9938
# HOLE t=152.00 Eh=633.348042 nin=170 eatF=382.7260 eatM=92.7690 eatS=157.8530
# QATOM t=153.26 dir=FD w=1.43843882 e=0.263274845724 i=1304 Em=0.2009 gid=1461
t=  154.00 -1.92e-15 | 0.0241  5.96   8204    2   4309   5283 | 1.3083 15.94 | 9.25e-03 2.07e-02 |   0.0000 0.0000  0.0000  0.0000 0.000  0.00
# PAR t=154.00 gids n=2513 mint=3075 ret=562 age=[79 117 137] | sdeath tp n=0 [0.0 0.0 0.0] ba n=4096 [1.7 14.0 80.9] | stamps n=7322 tp=0 age50=90 max=147 | idfrac=0.9939
# HOLE t=154.00 Eh=636.301532 nin=172 eatF=383.3871 eatM=93.8611 eatS=159.0533
# QATOM t=154.46 dir=FD w=1.40287953 e=0.256766492876 i=1730 Em=0.3604 gid=1458
# QATOM t=155.56 dir=FD w=1.56335827 e=0.286138626143 i=2567 Em=0.0940 gid=149
t=  156.00 -1.92e-15 | 0.0241  5.95   8192    4   4361   5327 | 1.3078 16.00 | 4.97e-03 1.55e-02 |   0.0000 0.0000  0.0000  0.0000 0.000  0.00
# PAR t=156.00 gids n=2519 mint=3090 ret=571 age=[80 119 139] | sdeath tp n=0 [0.0 0.0 0.0] ba n=4096 [1.6 13.7 81.6] | stamps n=7352 tp=0 age50=91 max=149 | idfrac=0.9940
# HOLE t=156.00 Eh=637.446488 nin=171 eatF=383.4419 eatM=93.8813 eatS=160.1233
# QATOM t=156.82 dir=DF w=2.16352219 e=0.395985539073 i=2394 Em=0.4506 gid=269
t=  158.00 -1.92e-15 | 0.0240  5.94   8184    1   4420   5379 | 1.3071 16.04 | 7.11e-03 2.22e-02 |   0.0000 0.0000  0.0000  0.0000 0.000  0.00
# PAR t=158.00 gids n=2516 mint=3102 ret=586 age=[81 121 141] | sdeath tp n=0 [0.0 0.0 0.0] ba n=4096 [1.4 13.1 82.0] | stamps n=7340 tp=0 age50=92 max=151 | idfrac=0.9941
# HOLE t=158.00 Eh=640.015006 nin=172 eatF=383.7240 eatM=95.3004 eatS=160.9906
# QATOM t=158.02 dir=DF w=2.45908287 e=0.450081472654 i=2277 Em=0.5985 gid=1633
# QATOM t=159.14 dir=FD w=1.39241916 e=0.254851951074 i=988 Em=0.2658 gid=763
t=  160.00 -1.92e-15 | 0.0241  5.94   8181    7   4467   5414 | 1.3071 16.07 | 5.74e-03 1.96e-02 |   0.0000 0.0000  0.0000  0.0000 0.000  0.00
# PAR t=160.00 gids n=2514 mint=3113 ret=599 age=[83 123 143] | sdeath tp n=0 [0.0 0.0 0.0] ba n=4096 [1.3 12.7 82.3] | stamps n=7331 tp=0 age50=94 max=153 | idfrac=0.9942
# HOLE t=160.00 Eh=641.738956 nin=173 eatF=383.9396 eatM=95.9549 eatS=161.8445
# QATOM t=160.44 dir=DF w=2.31406591 e=0.423539282302 i=2181 Em=0.4791 gid=505
# QATOM t=161.70 dir=DF w=2.40142851 e=0.439529100556 i=2338 Em=0.5777 gid=907
t=  162.00 -1.92e-15 | 0.0240  5.95   8195    4   4514   5454 | 1.3068 16.18 | 6.60e-03 1.98e-02 |   0.0000 0.0000  0.0000  0.0000 0.000  0.00
# PAR t=162.00 gids n=2517 mint=3124 ret=607 age=[85 124 145] | sdeath tp n=0 [0.0 0.0 0.0] ba n=4096 [1.2 12.4 84.0] | stamps n=7348 tp=0 age50=95 max=155 | idfrac=0.9943
# HOLE t=162.00 Eh=642.648410 nin=173 eatF=384.0147 eatM=95.9708 eatS=162.6629
# QATOM t=163.02 dir=DF w=2.35864624 e=0.431698739396 i=58 Em=0.6668 gid=457
t=  164.00 -1.92e-15 | 0.0241  5.96   8208    6   4560   5493 | 1.3065 16.26 | 1.48e-02 3.09e-02 |   0.0000 0.0000  0.0000  0.0000 0.000  0.00
# PAR t=164.00 gids n=2516 mint=3134 ret=618 age=[86 126 147] | sdeath tp n=0 [0.0 0.0 0.0] ba n=4096 [1.1 12.0 84.3] | stamps n=7337 tp=0 age50=97 max=157 | idfrac=0.9944
# HOLE t=164.00 Eh=643.394139 nin=173 eatF=384.0868 eatM=95.9871 eatS=163.3202
# QATOM t=164.00 dir=FD w=1.44820812 e=0.265062903877 i=849 Em=0.2447 gid=1824
# QATOM t=165.20 dir=FD w=1.30853793 e=0.239499322039 i=2746 Em=0.4946 gid=2154
t=  166.00 -1.92e-15 | 0.0241  5.97   8223    2   4591   5547 | 1.3066 16.31 | 1.32e-02 2.63e-02 |   0.0000 0.0000  0.0000  0.0000 0.000  0.00
# PAR t=166.00 gids n=2516 mint=3148 ret=632 age=[88 128 149] | sdeath tp n=0 [0.0 0.0 0.0] ba n=4096 [1.1 11.3 84.7] | stamps n=7344 tp=0 age50=98 max=159 | idfrac=0.9945
# HOLE t=166.00 Eh=644.111301 nin=173 eatF=384.1473 eatM=96.0019 eatS=163.9620
# QATOM t=166.26 dir=DF w=2.34864883 e=0.429868931992 i=2073 Em=0.6375 gid=686
# QATOM t=167.44 dir=FD w=1.33760741 e=0.244819856476 i=2418 Em=0.3959 gid=1026
t=  168.00 -1.92e-15 | 0.0241  5.97   8223    5   4627   5585 | 1.3062 16.34 | 6.20e-03 1.80e-02 |   0.0000 0.0000  0.0000  0.0000 0.000  0.00
# PAR t=168.00 gids n=2514 mint=3158 ret=644 age=[90 130 151] | sdeath tp n=0 [0.0 0.0 0.0] ba n=4096 [1.0 11.1 85.1] | stamps n=7327 tp=0 age50=99 max=161 | idfrac=0.9946
# HOLE t=168.00 Eh=644.851446 nin=173 eatF=384.2224 eatM=96.0157 eatS=164.6134
# QATOM t=168.82 dir=FD w=1.46204418 e=0.267595291566 i=1703 Em=0.2098 gid=1296
# QATOM t=169.96 dir=FD w=1.37779362 e=0.252175065776 i=1509 Em=0.3124 gid=449
t=  170.00 -1.92e-15 | 0.0240  5.97   8217    1   4665   5629 | 1.3057 16.36 | 9.04e-03 1.75e-02 |   0.0000 0.0000  0.0000  0.0000 0.000  0.00
# PAR t=170.00 gids n=2514 mint=3167 ret=653 age=[91 132 153] | sdeath tp n=0 [0.0 0.0 0.0] ba n=4096 [1.0 10.8 85.6] | stamps n=7334 tp=0 age50=100 max=163 | idfrac=0.9947
# HOLE t=170.00 Eh=645.605937 nin=173 eatF=384.2951 eatM=96.0293 eatS=165.2815
# QATOM t=171.10 dir=FD w=1.49869642 e=0.274303685318 i=424 Em=0.2042 gid=1186
t=  172.00 -1.92e-15 | 0.0240  5.97   8220    7   4707   5676 | 1.3061 16.38 | 7.76e-03 2.14e-02 |   0.0000 0.0000  0.0000  0.0000 0.000  0.00
# PAR t=172.00 gids n=2512 mint=3182 ret=670 age=[92 134 155] | sdeath tp n=0 [0.0 0.0 0.0] ba n=4096 [1.0 10.3 85.8] | stamps n=7319 tp=0 age50=101 max=165 | idfrac=0.9948
# HOLE t=172.00 Eh=647.517820 nin=175 eatF=384.8470 eatM=96.2612 eatS=166.4096
# QATOM t=172.28 dir=FD w=1.41738135 e=0.259420735335 i=1794 Em=0.1572 gid=2649
# QATOM t=173.44 dir=FD w=1.29716622 e=0.237417978564 i=1238 Em=0.2763 gid=2388
t=  174.00 -1.92e-15 | 0.0240  5.97   8223    1   4745   5717 | 1.3064 16.43 | 6.83e-03 1.93e-02 |   0.0000 0.0000  0.0000  0.0000 0.000  0.00
# PAR t=174.00 gids n=2510 mint=3191 ret=681 age=[94 136 157] | sdeath tp n=0 [0.0 0.0 0.0] ba n=4096 [1.0 10.0 86.7] | stamps n=7311 tp=0 age50=103 max=167 | idfrac=0.9948
# HOLE t=174.00 Eh=648.367052 nin=175 eatF=384.9170 eatM=96.2711 eatS=167.1790
# QATOM t=174.64 dir=FD w=1.62366732 e=0.297176881184 i=176 Em=0.0234 gid=0
# QATOM t=175.64 dir=FD w=1.4781249 e=0.270538516736 i=1123 Em=0.0670 gid=947
t=  176.00 -1.92e-15 | 0.0240  5.96   8213    3   4777   5752 | 1.3060 16.43 | 7.43e-03 1.76e-02 |   0.0000 0.0000  0.0000  0.0000 0.000  0.00
# PAR t=176.00 gids n=2505 mint=3202 ret=697 age=[95 137 159] | sdeath tp n=0 [0.0 0.0 0.0] ba n=4096 [0.9 9.7 87.0] | stamps n=7275 tp=0 age50=105 max=169 | idfrac=0.9949
# HOLE t=176.00 Eh=649.426062 nin=175 eatF=384.9988 eatM=96.5820 eatS=167.8453
# QATOM t=176.86 dir=FD w=1.45321989 e=0.265980198688 i=1432 Em=0.1579 gid=1281
t=  178.00 -1.92e-15 | 0.0240  5.96   8212    3   4807   5784 | 1.3059 16.46 | 8.85e-03 1.98e-02 |   0.0000 0.0000  0.0000  0.0000 0.000  0.00
# PAR t=178.00 gids n=2507 mint=3212 ret=705 age=[97 139 161] | sdeath tp n=0 [0.0 0.0 0.0] ba n=4096 [0.9 9.4 87.9] | stamps n=7289 tp=0 age50=105 max=171 | idfrac=0.9950
# HOLE t=178.00 Eh=651.552168 nin=176 eatF=385.1119 eatM=97.8914 eatS=168.5489
# QATOM t=178.06 dir=DF w=2.52611175 e=0.462349646863 i=2358 Em=0.8896 gid=1741
# QATOM t=179.16 dir=DF w=2.46512863 e=0.4511880179 i=1411 Em=0.5963 gid=2409
t=  180.00 -1.92e-15 | 0.0240  5.97   8220    5   4843   5823 | 1.3059 16.49 | 6.58e-03 1.48e-02 |   0.0000 0.0000  0.0000  0.0000 0.000  0.00
# PAR t=180.00 gids n=2515 mint=3228 ret=713 age=[98 141 163] | sdeath tp n=0 [0.0 0.0 0.0] ba n=4096 [0.9 9.4 88.4] | stamps n=7331 tp=0 age50=106 max=173 | idfrac=0.9950
# HOLE t=180.00 Eh=654.215751 nin=177 eatF=386.0605 eatM=98.8575 eatS=169.2977
# QATOM t=180.48 dir=DF w=2.37195663 e=0.434134915426 i=160 Em=0.6480 gid=1748
# QATOM t=181.56 dir=FD w=1.49969047 e=0.274485624699 i=505 Em=0.1538 gid=2424
t=  182.00 -1.92e-15 | 0.0240  5.96   8208    5   4875   5856 | 1.3060 16.49 | 9.64e-03 2.27e-02 |   0.0000 0.0000  0.0000  0.0000 0.000  0.00
# PAR t=182.00 gids n=2512 mint=3238 ret=726 age=[99 143 165] | sdeath tp n=0 [0.0 0.0 0.0] ba n=4096 [0.9 9.2 89.3] | stamps n=7320 tp=0 age50=107 max=175 | idfrac=0.9951
# HOLE t=182.00 Eh=655.362971 nin=177 eatF=386.1303 eatM=98.8716 eatS=170.3611
# QATOM t=182.70 dir=DF w=1.99524948 e=0.365186890767 i=1700 Em=0.9414 gid=1391
# QATOM t=183.84 dir=FD w=1.46518366 e=0.536339808959 i=1532 Em=0.2552 gid=1263
t=  184.00 -1.92e-15 | 0.0240  5.96   8205    2   4912   5894 | 1.3058 16.52 | 7.31e-03 1.77e-02 |   0.0000 0.0000  0.0000  0.0000 0.000  0.00
# PAR t=184.00 gids n=2516 mint=3255 ret=739 age=[100 144 167] | sdeath tp n=0 [0.0 0.0 0.0] ba n=4096 [0.9 9.1 91.5] | stamps n=7339 tp=0 age50=108 max=177 | idfrac=0.9952
# HOLE t=184.00 Eh=656.186757 nin=177 eatF=386.2602 eatM=98.8838 eatS=171.0428
# QATOM t=184.96 dir=FD w=1.44457158 e=0.264397314238 i=2157 Em=0.1402 gid=2250
t=  186.00 -1.92e-15 | 0.0240  5.96   8209    0   4954   5941 | 1.3058 16.58 | 1.77e-02 3.77e-02 |   0.0000 0.0000  0.0000  0.0000 0.000  0.00
# PAR t=186.00 gids n=2510 mint=3268 ret=758 age=[101 146 169] | sdeath tp n=0 [0.0 0.0 0.0] ba n=4096 [0.8 8.8 92.3] | stamps n=7309 tp=0 age50=109 max=179 | idfrac=0.9952
# HOLE t=186.00 Eh=656.955007 nin=177 eatF=386.3806 eatM=98.8977 eatS=171.6767
# QATOM t=186.18 dir=DF w=2.02563848 e=0.370748933394 i=1620 Em=1.1416 gid=660
# QATOM t=187.32 dir=FD w=1.61875976 e=0.296278659482 i=1640 Em=0.0382 gid=1095
t=  188.00 -1.92e-15 | 0.0240  5.96   8208    0   4999   5965 | 1.3057 16.61 | 7.67e-03 1.83e-02 |   0.0000 0.0000  0.0000  0.0000 0.000  0.00
# PAR t=188.00 gids n=2516 mint=3281 ret=765 age=[103 148 171] | sdeath tp n=0 [0.0 0.0 0.0] ba n=4096 [0.8 8.6 92.3] | stamps n=7346 tp=0 age50=111 max=181 | idfrac=0.9953
# HOLE t=188.00 Eh=657.718297 nin=177 eatF=386.4963 eatM=98.9127 eatS=172.3093
# QATOM t=188.48 dir=FD w=1.49303652 e=0.273267763955 i=1217 Em=0.1977 gid=2510
# QATOM t=189.62 dir=FD w=1.46008742 e=0.267237149059 i=1019 Em=0.2240 gid=3222
t=  190.00 -1.92e-15 | 0.0240  5.96   8214    2   5038   6012 | 1.3056 16.64 | 6.94e-03 1.90e-02 |   0.0000 0.0000  0.0000  0.0000 0.000  0.00
# PAR t=190.00 gids n=2518 mint=3291 ret=773 age=[104 150 172] | sdeath tp n=0 [0.0 0.0 0.0] ba n=4096 [0.8 8.2 92.5] | stamps n=7358 tp=0 age50=112 max=183 | idfrac=0.9954
# HOLE t=190.00 Eh=659.924614 nin=178 eatF=386.8646 eatM=100.1122 eatS=172.9479
# QATOM t=190.78 dir=DF w=2.27980285 e=0.417268176954 i=1538 Em=0.8329 gid=3004
# QATOM t=191.92 dir=DF w=2.37186919 e=0.434118912494 i=820 Em=0.7347 gid=2983
t=  192.00 -1.92e-15 | 0.0240  5.96   8206    0   5074   6048 | 1.3051 16.66 | 1.39e-02 2.60e-02 |   0.0000 0.0000  0.0000  0.0000 0.000  0.00
# PAR t=192.00 gids n=2518 mint=3302 ret=784 age=[105 152 174] | sdeath tp n=0 [0.0 0.0 0.0] ba n=4096 [0.8 8.0 93.8] | stamps n=7367 tp=0 age50=114 max=185 | idfrac=0.9954
# HOLE t=192.00 Eh=663.641011 nin=180 eatF=388.1561 eatM=101.6107 eatS=173.8743
# QATOM t=193.10 dir=FD w=1.27925202 e=0.234139175376 i=2628 Em=0.5745 gid=2918
t=  194.00 -1.92e-15 | 0.0240  5.96   8208    4   5107   6079 | 1.3052 16.68 | 8.66e-03 1.96e-02 |   0.0000 0.0000  0.0000  0.0000 0.000  0.00
# PAR t=194.00 gids n=2525 mint=3319 ret=794 age=[106 153 176] | sdeath tp n=0 [0.0 0.0 0.0] ba n=4096 [0.8 7.9 94.2] | stamps n=7403 tp=0 age50=115 max=187 | idfrac=0.9955
# HOLE t=194.00 Eh=664.422967 nin=180 eatF=388.2420 eatM=101.6291 eatS=174.5519
# QATOM t=194.34 dir=FD w=1.38569388 e=0.25362103498 i=2327 Em=0.3650 gid=1020
# QATOM t=195.32 dir=DF w=2.70816528 e=0.49567057384 i=2098 Em=0.7750 gid=1964
t=  196.00 -1.92e-15 | 0.0240  5.96   8212    4   5136   6116 | 1.3054 16.72 | 5.21e-03 1.90e-02 |   0.0000 0.0000  0.0000  0.0000 0.000  0.00
# PAR t=196.00 gids n=2531 mint=3332 ret=801 age=[107 155 178] | sdeath tp n=0 [0.0 0.0 0.0] ba n=4096 [0.7 7.8 94.8] | stamps n=7440 tp=0 age50=116 max=189 | idfrac=0.9955
# HOLE t=196.00 Eh=665.830909 nin=180 eatF=388.4171 eatM=102.2342 eatS=175.1795
# QATOM t=196.44 dir=DF w=1.77477393 e=0.324833650495 i=925 Em=1.2243 gid=528
# QATOM t=197.68 dir=DF w=2.25414933 e=0.412572860357 i=1849 Em=0.4824 gid=559
t=  198.00 -1.92e-15 | 0.0240  5.97   8217    5   5169   6149 | 1.3050 16.78 | 1.18e-02 1.99e-02 |   0.0000 0.0000  0.0000  0.0000 0.000  0.00
# PAR t=198.00 gids n=2530 mint=3342 ret=812 age=[109 157 180] | sdeath tp n=0 [0.0 0.0 0.0] ba n=4096 [0.7 7.6 95.6] | stamps n=7430 tp=0 age50=118 max=191 | idfrac=0.9956
# HOLE t=198.00 Eh=666.560316 nin=179 eatF=388.5179 eatM=102.2485 eatS=175.7939
# QATOM t=198.88 dir=FD w=1.42787335 e=0.261341066352 i=1297 Em=0.1637 gid=926
t=  200.00 -1.92e-15 | 0.0240  5.96   8214    0   5194   6170 | 1.3047 16.81 | 6.48e-03 1.95e-02 |   0.0000 0.0000  0.0000  0.0000 0.000  0.00
# PAR t=200.00 gids n=2519 mint=3348 ret=829 age=[110 159 182] | sdeath tp n=0 [0.0 0.0 0.0] ba n=4096 [0.7 7.5 96.3] | stamps n=7363 tp=0 age50=119 max=193 | idfrac=0.9957
# HOLE t=200.00 Eh=667.572098 nin=180 eatF=388.8917 eatM=102.2704 eatS=176.4100
# QATOM t=200.18 dir=FD w=1.01475863 e=0.185729429375 i=519 Em=1.3035 gid=706
# QATOM t=201.30 dir=FD w=1.50136139 e=0.274791450014 i=994 Em=0.0576 gid=1505
t=  202.00 -1.92e-15 | 0.0239  5.97   8221    1   5219   6202 | 1.3051 16.82 | 6.75e-03 1.53e-02 |   0.0000 0.0000  0.0000  0.0000 0.000  0.00
# PAR t=202.00 gids n=2522 mint=3360 ret=838 age=[111 160 184] | sdeath tp n=0 [0.0 0.0 0.0] ba n=4096 [0.7 7.4 96.7] | stamps n=7384 tp=0 age50=120 max=195 | idfrac=0.9957
# HOLE t=202.00 Eh=668.317842 nin=180 eatF=388.9782 eatM=102.2903 eatS=177.0493
# QATOM t=202.60 dir=DF w=2.48446498 e=0.454727114969 i=1688 Em=0.4787 gid=3115
# QATOM t=203.84 dir=FD w=1.46207978 e=0.267601808506 i=1611 Em=0.1394 gid=3192
t=  204.00 -1.92e-15 | 0.0239  5.97   8221    5   5251   6230 | 1.3045 16.86 | 1.04e-02 2.15e-02 |   0.0000 0.0000  0.0000  0.0000 0.000  0.00
# PAR t=204.00 gids n=2523 mint=3375 ret=852 age=[112 162 186] | sdeath tp n=0 [0.0 0.0 0.0] ba n=4096 [0.7 7.2 96.9] | stamps n=7396 tp=0 age50=121 max=197 | idfrac=0.9958
# HOLE t=204.00 Eh=669.026058 nin=180 eatF=389.0521 eatM=102.3120 eatS=177.6619
# QATOM t=205.00 dir=FD w=1.57768317 e=0.288760485612 i=1541 Em=0.0664 gid=2133
t=  206.00 -1.92e-15 | 0.0239  5.96   8216    3   5289   6269 | 1.3048 16.87 | 9.52e-03 1.50e-02 |   0.0000 0.0000  0.0000  0.0000 0.000  0.00
# PAR t=206.00 gids n=2522 mint=3384 ret=862 age=[113 163 188] | sdeath tp n=0 [0.0 0.0 0.0] ba n=4096 [0.7 7.1 97.7] | stamps n=7387 tp=0 age50=123 max=199 | idfrac=0.9958
# HOLE t=206.00 Eh=670.403451 nin=180 eatF=389.2190 eatM=102.8938 eatS=178.2906
# QATOM t=206.26 dir=FD w=1.3748121 e=0.2516293632 i=2703 Em=0.3589 gid=2239
# QATOM t=207.46 dir=FD w=1.37638046 e=0.251916417107 i=2474 Em=0.3030 gid=1704
t=  208.00 -1.92e-15 | 0.0239  5.97   8219    8   5324   6307 | 1.3046 16.90 | 7.49e-03 2.00e-02 |   0.0000 0.0000  0.0000  0.0000 0.000  0.00
# PAR t=208.00 gids n=2519 mint=3396 ret=877 age=[114 165 190] | sdeath tp n=0 [0.0 0.0 0.0] ba n=4096 [0.7 6.9 98.1] | stamps n=7367 tp=0 age50=124 max=201 | idfrac=0.9959
# HOLE t=208.00 Eh=671.179351 nin=179 eatF=389.3606 eatM=102.9163 eatS=178.9024
# QATOM t=208.58 dir=FD w=1.19232668 e=0.218229388078 i=223 Em=0.7314 gid=113
# QATOM t=209.62 dir=FD w=1.41482325 e=0.258952530014 i=426 Em=0.1720 gid=2624
t=  210.00 -1.92e-15 | 0.0239  5.97   8221    2   5359   6344 | 1.3042 16.93 | 6.41e-03 1.61e-02 |   0.0000 0.0000  0.0000  0.0000 0.000  0.00
# PAR t=210.00 gids n=2522 mint=3407 ret=885 age=[115 167 192] | sdeath tp n=0 [0.0 0.0 0.0] ba n=4096 [0.7 6.8 98.8] | stamps n=7395 tp=0 age50=125 max=203 | idfrac=0.9959
# HOLE t=210.00 Eh=674.278008 nin=180 eatF=390.7109 eatM=104.0112 eatS=179.5559
# QATOM t=210.72 dir=FD w=1.26321799 e=0.231204495588 i=1326 Em=0.5934 gid=3373
# QATOM t=211.92 dir=FD w=1.33885259 e=0.24504775868 i=1091 Em=0.3173 gid=2441
t=  212.00 -1.92e-15 | 0.0239  5.96   8215    2   5390   6380 | 1.3040 16.94 | 6.36e-03 1.96e-02 |   0.0000 0.0000  0.0000  0.0000 0.000  0.00
# PAR t=212.00 gids n=2519 mint=3419 ret=900 age=[116 168 194] | sdeath tp n=0 [0.0 0.0 0.0] ba n=4096 [0.7 6.6 99.3] | stamps n=7374 tp=0 age50=127 max=205 | idfrac=0.9959
# HOLE t=212.00 Eh=677.783633 nin=181 eatF=392.8142 eatM=104.7341 eatS=180.2353
# QATOM t=212.96 dir=FD w=1.5050268 e=0.275462323622 i=187 Em=0.1904 gid=3393
t=  214.00 -1.92e-15 | 0.0239  5.97   8224    3   5432   6419 | 1.3044 16.98 | 7.67e-03 1.93e-02 |   0.0000 0.0000  0.0000  0.0000 0.000  0.00
# PAR t=214.00 gids n=2521 mint=3430 ret=909 age=[117 170 196] | sdeath tp n=0 [0.0 0.0 0.0] ba n=4096 [0.6 6.4 99.9] | stamps n=7384 tp=0 age50=127 max=207 | idfrac=0.9960
# HOLE t=214.00 Eh=678.549984 nin=182 eatF=392.9171 eatM=104.7606 eatS=180.8723
# QATOM t=214.16 dir=DF w=2.25746217 e=0.413179203471 i=2291 Em=0.6337 gid=1309
# QATOM t=215.22 dir=FD w=1.49817116 e=0.274207547255 i=59 Em=0.1708 gid=341
t=  216.00 -1.92e-15 | 0.0239  5.97   8220    3   5476   6459 | 1.3042 17.00 | 7.28e-03 1.74e-02 |   0.0000 0.0000  0.0000  0.0000 0.000  0.00
# PAR t=216.00 gids n=2520 mint=3437 ret=917 age=[118 172 198] | sdeath tp n=0 [0.0 0.0 0.0] ba n=4096 [0.6 6.2 100.8] | stamps n=7383 tp=0 age50=129 max=209 | idfrac=0.9960
# HOLE t=216.00 Eh=679.440255 nin=181 eatF=393.0076 eatM=104.7887 eatS=181.6440
# QATOM t=216.34 dir=FD w=1.52559289 e=0.279226496848 i=962 Em=0.0467 gid=3320
# QATOM t=217.56 dir=DF w=2.49324428 e=0.456333974011 i=296 Em=0.5388 gid=845
t=  218.00 -1.92e-15 | 0.0239  5.97   8220    6   5506   6496 | 1.3042 17.02 | 9.62e-03 2.10e-02 |   0.0000 0.0000  0.0000  0.0000 0.000  0.00
# PAR t=218.00 gids n=2519 mint=3449 ret=930 age=[120 174 200] | sdeath tp n=0 [0.0 0.0 0.0] ba n=4096 [0.6 6.0 101.1] | stamps n=7368 tp=0 age50=130 max=211 | idfrac=0.9961
# HOLE t=218.00 Eh=680.107397 nin=181 eatF=393.0922 eatM=104.8089 eatS=182.2063
# QATOM t=218.60 dir=DF w=2.22104113 e=0.406513126225 i=1127 Em=0.9020 gid=996
# QATOM t=219.78 dir=DF w=2.17211046 e=0.397557433929 i=2439 Em=0.6811 gid=205
t=  220.00 -1.92e-15 | 0.0239  5.97   8221    1   5537   6531 | 1.3041 17.04 | 1.04e-02 1.89e-02 |   0.0000 0.0000  0.0000  0.0000 0.000  0.00
# PAR t=220.00 gids n=2518 mint=3461 ret=943 age=[121 175 202] | sdeath tp n=0 [0.0 0.0 0.0] ba n=4096 [0.6 5.8 102.3] | stamps n=7355 tp=0 age50=131 max=213 | idfrac=0.9961
# HOLE t=220.00 Eh=680.725697 nin=181 eatF=393.1614 eatM=104.8262 eatS=182.7381
# QATOM t=220.88 dir=FD w=1.55213607 e=0.284084646301 i=568 Em=0.1311 gid=1534
t=  222.00 -1.92e-15 | 0.0239  5.97   8217    6   5562   6555 | 1.3043 17.05 | 8.17e-03 2.15e-02 |   0.0000 0.0000  0.0000  0.0000 0.000  0.00
# PAR t=222.00 gids n=2514 mint=3474 ret=960 age=[120 177 204] | sdeath tp n=0 [0.0 0.0 0.0] ba n=4096 [0.6 5.7 102.4] | stamps n=7333 tp=0 age50=132 max=215 | idfrac=0.9962
# HOLE t=222.00 Eh=681.324248 nin=181 eatF=393.2220 eatM=104.8391 eatS=183.2632
# QATOM t=222.00 dir=FD w=1.402196 e=0.256641388552 i=1197 Em=0.2939 gid=1737
# QATOM t=223.20 dir=DF w=2.33775416 e=0.427874899066 i=1979 Em=0.4659 gid=2263
t=  224.00 -1.92e-15 | 0.0239  5.96   8216    1   5582   6581 | 1.3041 17.06 | 7.91e-03 1.74e-02 |   0.0000 0.0000  0.0000  0.0000 0.000  0.00
# PAR t=224.00 gids n=2517 mint=3485 ret=968 age=[121 178 206] | sdeath tp n=0 [0.0 0.0 0.0] ba n=4096 [0.6 5.6 103.7] | stamps n=7353 tp=0 age50=134 max=217 | idfrac=0.9962
# HOLE t=224.00 Eh=681.952762 nin=181 eatF=393.2892 eatM=104.8544 eatS=183.8091
# QATOM t=224.24 dir=FD w=1.63959538 e=0.300092165572 i=2369 Em=0.0127 gid=739
# QATOM t=225.56 dir=DF w=2.47248491 e=0.452534425219 i=164 Em=0.5793 gid=1576
t=  226.00 -1.92e-15 | 0.0239  5.96   8213    2   5610   6605 | 1.3043 17.05 | 5.28e-03 1.32e-02 |   0.0000 0.0000  0.0000  0.0000 0.000  0.00
# PAR t=226.00 gids n=2509 mint=3495 ret=986 age=[123 180 208] | sdeath tp n=0 [0.0 0.0 0.0] ba n=4096 [0.6 5.5 104.1] | stamps n=7309 tp=0 age50=135 max=219 | idfrac=0.9962
# HOLE t=226.00 Eh=683.341319 nin=182 eatF=393.4139 eatM=105.3451 eatS=184.5823
# QATOM t=226.72 dir=DF w=2.60126022 e=0.476103935151 i=1375 Em=0.5223 gid=3440
# QATOM t=227.86 dir=FD w=1.62267095 e=0.29699451851 i=1975 Em=0.0278 gid=1129
t=  228.00 -1.92e-15 | 0.0239  5.96   8210    3   5646   6634 | 1.3039 17.11 | 1.02e-02 2.42e-02 |   0.0000 0.0000  0.0000  0.0000 0.000  0.00
# PAR t=228.00 gids n=2509 mint=3505 ret=996 age=[123 182 210] | sdeath tp n=0 [0.0 0.0 0.0] ba n=4096 [0.6 5.3 104.6] | stamps n=7308 tp=0 age50=136 max=221 | idfrac=0.9963
# HOLE t=228.00 Eh=683.995112 nin=182 eatF=393.4811 eatM=105.3563 eatS=185.1577
# QATOM t=229.10 dir=DF w=2.27747307 e=0.416841761686 i=930 Em=0.5456 gid=521
t=  230.00 -1.92e-15 | 0.0239  5.96   8209    2   5682   6671 | 1.3039 17.11 | 6.30e-03 2.16e-02 |   0.0000 0.0000  0.0000  0.0000 0.000  0.00
# PAR t=230.00 gids n=2508 mint=3518 ret=1010 age=[123 183 211] | sdeath tp n=0 [0.0 0.0 0.0] ba n=4096 [0.6 5.2 106.0] | stamps n=7304 tp=0 age50=136 max=223 | idfrac=0.9963
# HOLE t=230.00 Eh=685.795891 nin=183 eatF=393.6932 eatM=106.2035 eatS=185.8992
# QATOM t=230.18 dir=DF w=2.25174612 e=0.412133004084 i=2033 Em=0.4859 gid=2322
# QATOM t=231.42 dir=DF w=2.52909616 e=0.462895879367 i=792 Em=0.5544 gid=3494
t=  232.00 -1.92e-15 | 0.0239  5.96   8213    1   5711   6697 | 1.3036 17.18 | 7.68e-03 1.78e-02 |   0.0000 0.0000  0.0000  0.0000 0.000  0.00
# PAR t=232.00 gids n=2506 mint=3526 ret=1020 age=[123 185 213] | sdeath tp n=0 [0.0 0.0 0.0] ba n=4096 [0.6 5.1 106.2] | stamps n=7296 tp=0 age50=137 max=225 | idfrac=0.9963
# HOLE t=232.00 Eh=686.540543 nin=183 eatF=393.7760 eatM=106.2163 eatS=186.5482
# QATOM t=232.50 dir=FD w=1.35868734 e=0.248678076861 i=2671 Em=0.2257 gid=1811
# QATOM t=233.70 dir=DF w=2.2601181 e=0.41366531364 i=1158 Em=0.5438 gid=2587
t=  234.00 -1.92e-15 | 0.0239  5.97   8218    4   5739   6725 | 1.3034 17.21 | 2.06e-02 4.33e-02 |   0.0000 0.0000  0.0000  0.0000 0.000  0.00
# PAR t=234.00 gids n=2508 mint=3536 ret=1028 age=[124 187 215] | sdeath tp n=0 [0.0 0.0 0.0] ba n=4096 [0.6 5.0 106.7] | stamps n=7303 tp=0 age50=138 max=227 | idfrac=0.9964
# HOLE t=234.00 Eh=687.171952 nin=183 eatF=393.8366 eatM=106.2290 eatS=187.1063
# QATOM t=234.82 dir=DF w=2.2530121 e=0.412364713742 i=2416 Em=0.7341 gid=961
t=  236.00 -1.92e-15 | 0.0239  5.97   8228    2   5774   6765 | 1.3029 17.27 | 4.88e-03 1.62e-02 |   0.0000 0.0000  0.0000  0.0000 0.000  0.00
# PAR t=236.00 gids n=2502 mint=3549 ret=1047 age=[125 188 217] | sdeath tp n=0 [0.0 0.0 0.0] ba n=4096 [0.6 4.8 107.3] | stamps n=7271 tp=0 age50=139 max=229 | idfrac=0.9964
# HOLE t=236.00 Eh=687.798417 nin=183 eatF=393.9007 eatM=106.2426 eatS=187.6551
# QATOM t=236.00 dir=DF w=2.14648427 e=0.392867119782 i=1684 Em=0.7307 gid=2238
# QATOM t=237.10 dir=FD w=1.59907999 e=0.292676707531 i=186 Em=0.0148 gid=2097
t=  238.00 -1.92e-15 | 0.0239  5.97   8226    2   5808   6797 | 1.3032 17.28 | 9.26e-03 1.95e-02 |   0.0000 0.0000  0.0000  0.0000 0.000  0.00
# PAR t=238.00 gids n=2508 mint=3564 ret=1056 age=[125 190 219] | sdeath tp n=0 [0.0 0.0 0.0] ba n=4096 [0.6 4.8 107.5] | stamps n=7310 tp=0 age50=140 max=231 | idfrac=0.9964
# HOLE t=238.00 Eh=689.585751 nin=184 eatF=394.0711 eatM=107.2849 eatS=188.2298
# QATOM t=238.26 dir=DF w=2.43228619 e=0.445176926091 i=2201 Em=0.6101 gid=759
# QATOM t=239.38 dir=DF w=2.23907981 e=0.409814712133 i=1000 Em=0.4660 gid=313
t=  240.00 -1.73e-15 | 0.0239  5.97   8226    2   5834   6824 | 1.3035 17.29 | 6.64e-03 1.72e-02 |   0.0000 0.0000  0.0000  0.0000 0.000  0.00
# PAR t=240.00 gids n=2511 mint=3573 ret=1062 age=[126 192 221] | sdeath tp n=0 [0.0 0.0 0.0] ba n=4096 [0.6 4.7 108.0] | stamps n=7326 tp=0 age50=140 max=233 | idfrac=0.9965
# HOLE t=240.00 Eh=690.250974 nin=184 eatF=394.1421 eatM=107.3000 eatS=188.8089
# QATOM t=240.52 dir=FD w=1.15599145 e=0.211579016408 i=582 Em=0.8868 gid=395
# QATOM t=241.54 dir=FD w=1.45863216 e=0.266970796698 i=1084 Em=0.2697 gid=1261
t=  242.00 -1.73e-15 | 0.0239  5.97   8227    5   5863   6859 | 1.3038 17.31 | 8.23e-03 2.10e-02 |   0.0000 0.0000  0.0000  0.0000 0.000  0.00
# PAR t=242.00 gids n=2510 mint=3585 ret=1075 age=[128 194 223] | sdeath tp n=0 [0.0 0.0 0.0] ba n=4096 [0.6 4.6 108.2] | stamps n=7324 tp=0 age50=141 max=235 | idfrac=0.9965
# HOLE t=242.00 Eh=693.790663 nin=186 eatF=394.4955 eatM=109.8447 eatS=189.4504
# QATOM t=242.64 dir=FD w=1.48950048 e=0.272620568717 i=439 Em=0.1595 gid=2464
# QATOM t=243.74 dir=FD w=1.46385493 e=0.267926710635 i=1212 Em=0.1933 gid=3229
t=  244.00 -1.73e-15 | 0.0239  5.97   8225    1   5900   6899 | 1.3037 17.37 | 7.28e-03 1.92e-02 |   0.0000 0.0000  0.0000  0.0000 0.000  0.00
# PAR t=244.00 gids n=2507 mint=3599 ret=1092 age=[127 196 225] | sdeath tp n=0 [0.0 0.0 0.0] ba n=4096 [0.6 4.6 108.6] | stamps n=7314 tp=0 age50=141 max=237 | idfrac=0.9965
# HOLE t=244.00 Eh=695.936769 nin=187 eatF=394.9859 eatM=110.7452 eatS=190.2057
# QATOM t=244.78 dir=FD w=1.34919906 e=0.246941454898 i=1398 Em=0.3884 gid=929
# QATOM t=245.92 dir=FD w=1.43910956 e=0.263397609996 i=684 Em=0.2313 gid=555
t=  246.00 -1.73e-15 | 0.0238  5.97   8220    4   5941   6939 | 1.3035 17.39 | 6.41e-03 1.52e-02 |   0.0000 0.0000  0.0000  0.0000 0.000  0.00
# PAR t=246.00 gids n=2507 mint=3617 ret=1110 age=[125 197 227] | sdeath tp n=0 [0.0 0.0 0.0] ba n=4096 [0.5 4.4 109.5] | stamps n=7317 tp=0 age50=141 max=239 | idfrac=0.9965
# HOLE t=246.00 Eh=698.665904 nin=188 eatF=395.2151 eatM=112.5666 eatS=190.8843
# QATOM t=247.14 dir=FD w=1.18189518 e=0.216320128996 i=95 Em=0.7920 gid=307
t=  248.00 -1.73e-15 | 0.0238  5.97   8218    4   5977   6977 | 1.3033 17.39 | 5.83e-03 1.76e-02 |   0.0000 0.0000  0.0000  0.0000 0.000  0.00
# PAR t=248.00 gids n=2513 mint=3634 ret=1121 age=[125 198 229] | sdeath tp n=0 [0.0 0.0 0.0] ba n=4096 [0.5 4.3 110.6] | stamps n=7348 tp=0 age50=141 max=241 | idfrac=0.9966
# HOLE t=248.00 Eh=699.387000 nin=188 eatF=395.3149 eatM=112.5794 eatS=191.4927
# QATOM t=248.28 dir=FD w=1.37641005 e=0.251921832228 i=1618 Em=0.3195 gid=3152
# QATOM t=249.58 dir=FD w=1.49605253 e=0.273819778487 i=2151 Em=0.1241 gid=138
t=  250.00 -1.73e-15 | 0.0238  5.97   8220    3   6013   7011 | 1.3028 17.44 | 7.34e-03 2.32e-02 |   0.0000 0.0000  0.0000  0.0000 0.000  0.00
# PAR t=250.00 gids n=2504 mint=3642 ret=1138 age=[126 200 231] | sdeath tp n=0 [0.0 0.0 0.0] ba n=4096 [0.5 4.2 111.3] | stamps n=7295 tp=0 age50=143 max=243 | idfrac=0.9966
# HOLE t=250.00 Eh=700.123233 nin=187 eatF=395.4317 eatM=112.5936 eatS=192.0980
# QATOM t=250.68 dir=DF w=2.32982501 e=0.426423641629 i=413 Em=0.7553 gid=3168
# QATOM t=251.90 dir=DF w=2.47178395 e=0.452406129279 i=1927 Em=0.5533 gid=1572
t=  252.00 -1.92e-15 | 0.0238  5.97   8223    2   6035   7044 | 1.3027 17.46 | 6.05e-03 1.58e-02 |   0.0000 0.0000  0.0000  0.0000 0.000  0.00
# PAR t=252.00 gids n=2515 mint=3657 ret=1142 age=[126 202 233] | sdeath tp n=0 [0.0 0.0 0.0] ba n=4096 [0.5 4.1 111.6] | stamps n=7362 tp=0 age50=143 max=245 | idfrac=0.9966
# HOLE t=252.00 Eh=700.801784 nin=187 eatF=395.5297 eatM=112.6070 eatS=192.6651
# QATOM t=253.14 dir=DF w=2.13927939 e=0.391548423243 i=1704 Em=0.7417 gid=3264
t=  254.00 -1.73e-15 | 0.0238  5.97   8217    0   6071   7069 | 1.3025 17.47 | 8.07e-03 2.28e-02 |   0.0000 0.0000  0.0000  0.0000 0.000  0.00
# PAR t=254.00 gids n=2518 mint=3667 ret=1149 age=[127 203 235] | sdeath tp n=0 [0.0 0.0 0.0] ba n=4096 [0.5 4.0 112.0] | stamps n=7382 tp=0 age50=144 max=247 | idfrac=0.9967
# HOLE t=254.00 Eh=701.504300 nin=187 eatF=395.6401 eatM=112.6254 eatS=193.2388
# QATOM t=254.32 dir=DF w=2.86128274 e=0.523695386122 i=275 Em=0.7119 gid=3574
# QATOM t=255.50 dir=FD w=1.43898188 e=0.263374241999 i=1812 Em=0.1074 gid=2513
t=  256.00 -1.73e-15 | 0.0238  5.97   8217    0   6095   7103 | 1.3024 17.50 | 1.10e-02 2.03e-02 |   0.0000 0.0000  0.0000  0.0000 0.000  0.00
# PAR t=256.00 gids n=2514 mint=3679 ret=1165 age=[128 204 237] | sdeath tp n=0 [0.0 0.0 0.0] ba n=4096 [0.5 3.9 112.2] | stamps n=7351 tp=0 age50=145 max=249 | idfrac=0.9967
# HOLE t=256.00 Eh=702.170760 nin=187 eatF=395.7283 eatM=112.6393 eatS=193.8032
# QATOM t=256.72 dir=DF w=2.36474777 e=0.432815491719 i=1561 Em=0.4493 gid=2829
# QATOM t=257.92 dir=FD w=1.62560658 e=0.29753182171 i=2573 Em=0.0126 gid=3080
t=  258.00 -1.73e-15 | 0.0238  5.97   8221    2   6126   7125 | 1.3023 17.53 | 6.52e-03 1.63e-02 |   0.0000 0.0000  0.0000  0.0000 0.000  0.00
# PAR t=258.00 gids n=2508 mint=3683 ret=1175 age=[130 206 239] | sdeath tp n=0 [0.0 0.0 0.0] ba n=4096 [0.5 3.9 112.8] | stamps n=7314 tp=0 age50=146 max=251 | idfrac=0.9967
# HOLE t=258.00 Eh=702.786707 nin=187 eatF=395.7932 eatM=112.6535 eatS=194.3400
# QATOM t=259.26 dir=FD w=1.35362744 e=0.247751973514 i=459 Em=0.3654 gid=1708
t=  260.00 -1.73e-15 | 0.0238  5.97   8221    3   6155   7152 | 1.3024 17.54 | 1.02e-02 1.98e-02 |   0.0000 0.0000  0.0000  0.0000 0.000  0.00
# PAR t=260.00 gids n=2503 mint=3693 ret=1190 age=[130 208 241] | sdeath tp n=0 [0.0 0.0 0.0] ba n=4096 [0.5 3.8 113.2] | stamps n=7281 tp=0 age50=148 max=253 | idfrac=0.9967
# HOLE t=260.00 Eh=703.455571 nin=187 eatF=395.8891 eatM=112.6692 eatS=194.8973
# QATOM t=260.36 dir=FD w=1.44909605 e=0.530450838162 i=1439 Em=0.2798 gid=368
# QATOM t=261.28 dir=FD w=1.62778971 e=0.297931396232 i=907 Em=0.0214 gid=1360
t=  262.00 -1.73e-15 | 0.0238  5.97   8219    0   6179   7180 | 1.3024 17.56 | 6.17e-03 1.50e-02 |   0.0000 0.0000  0.0000  0.0000 0.000  0.00
# PAR t=262.00 gids n=2500 mint=3702 ret=1202 age=[131 210 243] | sdeath tp n=0 [0.0 0.0 0.0] ba n=4096 [0.5 3.7 113.8] | stamps n=7262 tp=0 age50=148 max=255 | idfrac=0.9968
# HOLE t=262.00 Eh=704.112842 nin=187 eatF=395.9709 eatM=112.6844 eatS=195.4575
# QATOM t=262.46 dir=DF w=2.30038134 e=0.421034620918 i=838 Em=0.7473 gid=3353
# QATOM t=263.56 dir=FD w=1.30031834 e=0.237994904473 i=1694 Em=0.3912 gid=3024
t=  264.00 -1.92e-15 | 0.0238  5.97   8224    2   6210   7206 | 1.3024 17.61 | 8.72e-03 1.45e-02 |   0.0000 0.0000  0.0000  0.0000 0.000  0.00
# PAR t=264.00 gids n=2495 mint=3713 ret=1218 age=[131 212 245] | sdeath tp n=0 [0.0 0.0 0.0] ba n=4096 [0.5 3.7 113.9] | stamps n=7232 tp=0 age50=150 max=257 | idfrac=0.9968
# HOLE t=264.00 Eh=704.745030 nin=187 eatF=396.0506 eatM=112.7001 eatS=195.9943
# QATOM t=264.56 dir=DF w=2.3418811 e=0.428630246015 i=498 Em=0.6074 gid=3571
# QATOM t=265.70 dir=FD w=1.45132371 e=0.265633144146 i=1338 Em=0.1675 gid=1697
t=  266.00 -1.92e-15 | 0.0238  5.97   8219    4   6239   7230 | 1.3020 17.64 | 4.69e-03 1.49e-02 |   0.0000 0.0000  0.0000  0.0000 0.000  0.00
# PAR t=266.00 gids n=2499 mint=3726 ret=1227 age=[130 213 247] | sdeath tp n=0 [0.0 0.0 0.0] ba n=4096 [0.5 3.6 114.1] | stamps n=7255 tp=0 age50=150 max=259 | idfrac=0.9968
# HOLE t=266.00 Eh=705.365681 nin=187 eatF=396.1282 eatM=112.7137 eatS=196.5238
# QATOM t=266.72 dir=DF w=2.53835569 e=0.46459063436 i=1107 Em=0.5990 gid=1643
# QATOM t=267.86 dir=DF w=2.37655957 e=0.434977383025 i=2542 Em=0.8693 gid=2126
t=  268.00 -1.92e-15 | 0.0238  5.97   8218    2   6269   7264 | 1.3019 17.69 | 8.71e-03 2.24e-02 |   0.0000 0.0000  0.0000  0.0000 0.000  0.00
# PAR t=268.00 gids n=2498 mint=3744 ret=1246 age=[129 214 249] | sdeath tp n=0 [0.0 0.0 0.0] ba n=4096 [0.5 3.6 115.6] | stamps n=7253 tp=0 age50=147 max=261 | idfrac=0.9968
# HOLE t=268.00 Eh=707.783839 nin=188 eatF=396.3219 eatM=114.4003 eatS=197.0616
# QATOM t=268.88 dir=FD w=1.5887632 e=0.581576887011 i=1795 Em=0.0679 gid=1036
# QATOM t=269.96 dir=DF w=2.4225952 e=0.886806404253 i=436 Em=0.9522 gid=3423
t=  270.00 -1.92e-15 | 0.0238  5.97   8220    4   6294   7290 | 1.3022 17.68 | 6.22e-03 1.74e-02 |   0.0000 0.0000  0.0000  0.0000 0.000  0.00
# PAR t=270.00 gids n=2491 mint=3752 ret=1261 age=[130 216 251] | sdeath tp n=0 [0.0 0.0 0.0] ba n=4096 [0.5 3.5 116.8] | stamps n=7216 tp=0 age50=149 max=263 | idfrac=0.9968
# HOLE t=270.00 Eh=709.590825 nin=189 eatF=396.4638 eatM=115.5073 eatS=197.6197
# QATOM t=271.20 dir=DF w=2.32233708 e=0.425053140258 i=1692 Em=0.6856 gid=2496
t=  272.00 -1.92e-15 | 0.0238  5.96   8215    3   6324   7317 | 1.3018 17.70 | 1.51e-02 3.42e-02 |   0.0000 0.0000  0.0000  0.0000 0.000  0.00
# PAR t=272.00 gids n=2495 mint=3771 ret=1276 age=[127 217 253] | sdeath tp n=0 [0.0 0.0 0.0] ba n=4096 [0.5 3.5 118.1] | stamps n=7242 tp=0 age50=149 max=265 | idfrac=0.9969
# HOLE t=272.00 Eh=711.579895 nin=190 eatF=397.2651 eatM=116.0128 eatS=198.3020
# QATOM t=272.30 dir=DF w=2.24847743 e=0.411534742881 i=1560 Em=0.5772 gid=2015
# QATOM t=273.44 dir=FD w=1.42670897 e=0.26112795318 i=1928 Em=0.2938 gid=2696
t=  274.00 -1.92e-15 | 0.0238  5.97   8222    3   6355   7347 | 1.3019 17.72 | 7.31e-03 1.98e-02 |   0.0000 0.0000  0.0000  0.0000 0.000  0.00
# PAR t=274.00 gids n=2497 mint=3789 ret=1292 age=[127 218 255] | sdeath tp n=0 [0.0 0.0 0.0] ba n=4096 [0.5 3.4 119.9] | stamps n=7251 tp=0 age50=149 max=267 | idfrac=0.9969
# HOLE t=274.00 Eh=712.288124 nin=189 eatF=397.3874 eatM=116.0298 eatS=198.8709
# QATOM t=274.56 dir=DF w=2.2555586 e=0.412830795235 i=967 Em=0.5070 gid=3147
# QATOM t=275.76 dir=FD w=1.64877359 e=0.3017720374 i=2067 Em=0.0006 gid=0
t=  276.00 -1.92e-15 | 0.0238  5.97   8222    5   6380   7374 | 1.3014 17.75 | 7.32e-03 1.54e-02 |   0.0000 0.0000  0.0000  0.0000 0.000  0.00
# PAR t=276.00 gids n=2493 mint=3801 ret=1308 age=[126 220 257] | sdeath tp n=0 [0.0 0.0 0.0] ba n=4096 [0.5 3.4 120.3] | stamps n=7231 tp=0 age50=149 max=269 | idfrac=0.9969
# HOLE t=276.00 Eh=714.699153 nin=190 eatF=397.5745 eatM=117.7329 eatS=199.3918
# QATOM t=276.90 dir=FD w=1.62925977 e=0.298200458339 i=376 Em=0.0223 gid=0
t=  278.00 -1.92e-15 | 0.0238  5.98   8231    2   6402   7403 | 1.3016 17.78 | 6.19e-03 1.67e-02 |   0.0000 0.0000  0.0000  0.0000 0.000  0.00
# PAR t=278.00 gids n=2491 mint=3816 ret=1325 age=[125 221 258] | sdeath tp n=0 [0.0 0.0 0.0] ba n=4096 [0.5 3.4 122.9] | stamps n=7211 tp=0 age50=147 max=271 | idfrac=0.9969
# HOLE t=278.00 Eh=715.314569 nin=190 eatF=397.6576 eatM=117.7510 eatS=199.9060
# QATOM t=278.06 dir=FD w=1.41751817 e=0.259445777655 i=2052 Em=0.2508 gid=1902
# QATOM t=279.16 dir=DF w=2.29400889 e=0.419868282352 i=418 Em=0.4747 gid=2502
t=  280.00 -1.92e-15 | 0.0238  5.98   8232    2   6423   7422 | 1.3015 17.82 | 4.94e-03 1.55e-02 |   0.0000 0.0000  0.0000  0.0000 0.000  0.00
# PAR t=280.00 gids n=2482 mint=3821 ret=1339 age=[126 222 260] | sdeath tp n=0 [0.0 0.0 0.0] ba n=4096 [0.5 3.4 123.7] | stamps n=7169 tp=0 age50=149 max=273 | idfrac=0.9969
# HOLE t=280.00 Eh=717.768167 nin=191 eatF=397.9225 eatM=119.4189 eatS=200.4267
# QATOM t=280.38 dir=FD w=1.56510688 e=0.286458670831 i=701 Em=0.0360 gid=1217
# QATOM t=281.56 dir=FD w=1.61849713 e=0.296230592144 i=2419 Em=0.0325 gid=631
t=  282.00 -1.92e-15 | 0.0238  5.97   8229    1   6452   7451 | 1.3013 17.82 | 6.99e-03 1.47e-02 |   0.0000 0.0000  0.0000  0.0000 0.000  0.00
# PAR t=282.00 gids n=2486 mint=3840 ret=1354 age=[125 223 262] | sdeath tp n=0 [0.0 0.0 0.0] ba n=4096 [0.5 3.3 124.2] | stamps n=7191 tp=0 age50=147 max=275 | idfrac=0.9970
# HOLE t=282.00 Eh=718.421437 nin=191 eatF=398.0186 eatM=119.4427 eatS=200.9601
# QATOM t=282.76 dir=DF w=2.24241014 e=0.410424257207 i=400 Em=0.5626 gid=275
# QATOM t=283.98 dir=DF w=2.10533468 e=0.385335585052 i=983 Em=0.6143 gid=3177
t=  284.00 -1.92e-15 | 0.0238  5.98   8235    5   6472   7471 | 1.3015 17.85 | 7.08e-03 1.97e-02 |   0.0000 0.0000  0.0000  0.0000 0.000  0.00
# PAR t=284.00 gids n=2483 mint=3851 ret=1368 age=[125 225 264] | sdeath tp n=0 [0.0 0.0 0.0] ba n=4096 [0.5 3.3 124.4] | stamps n=7175 tp=0 age50=148 max=277 | idfrac=0.9970
# HOLE t=284.00 Eh=719.051619 nin=191 eatF=398.1045 eatM=119.4634 eatS=201.4837
# QATOM t=285.14 dir=FD w=1.52509932 e=0.279136160573 i=2384 Em=0.1696 gid=237
t=  286.00 -1.92e-15 | 0.0238  5.98   8235    4   6496   7502 | 1.3014 17.86 | 6.18e-03 1.90e-02 |   0.0000 0.0000  0.0000  0.0000 0.000  0.00
# PAR t=286.00 gids n=2484 mint=3868 ret=1384 age=[124 226 266] | sdeath tp n=0 [0.0 0.0 0.0] ba n=4096 [0.5 3.3 125.8] | stamps n=7180 tp=0 age50=147 max=279 | idfrac=0.9970
# HOLE t=286.00 Eh=719.676126 nin=191 eatF=398.1879 eatM=119.4887 eatS=201.9995
# QATOM t=286.20 dir=FD w=1.33922229 e=0.245115424356 i=118 Em=0.4696 gid=3484
# QATOM t=287.30 dir=DF w=2.2791936 e=0.41715666695 i=1992 Em=0.4643 gid=86
t=  288.00 -1.92e-15 | 0.0237  5.98   8236    2   6523   7528 | 1.3016 17.88 | 6.97e-03 1.79e-02 |   0.0000 0.0000  0.0000  0.0000 0.000  0.00
# PAR t=288.00 gids n=2477 mint=3879 ret=1402 age=[124 228 268] | sdeath tp n=0 [0.0 0.0 0.0] ba n=4096 [0.5 3.3 126.7] | stamps n=7147 tp=0 age50=148 max=281 | idfrac=0.9970
# HOLE t=288.00 Eh=722.243021 nin=192 eatF=398.6556 eatM=121.0605 eatS=202.5269
# QATOM t=288.50 dir=FD w=1.60852684 e=0.294405747804 i=1768 Em=0.0356 gid=3390
# QATOM t=289.74 dir=DF w=2.24595768 e=0.411073556629 i=1197 Em=0.5089 gid=1737
t=  290.00 -1.92e-15 | 0.0237  5.97   8229    3   6543   7552 | 1.3011 17.90 | 7.67e-03 1.92e-02 |   0.0000 0.0000  0.0000  0.0000 0.000  0.00
# PAR t=290.00 gids n=2483 mint=3899 ret=1416 age=[124 229 270] | sdeath tp n=0 [0.0 0.0 0.0] ba n=4096 [0.5 3.2 127.5] | stamps n=7187 tp=0 age50=145 max=283 | idfrac=0.9970
# HOLE t=290.00 Eh=724.286464 nin=193 eatF=398.8635 eatM=122.3572 eatS=203.0658
# QATOM t=290.90 dir=FD w=1.17485677 e=0.215031902215 i=2162 Em=0.7941 gid=390
# QATOM t=291.96 dir=FD w=1.44987647 e=0.265368257255 i=2444 Em=0.0847 gid=426
t=  292.00 -1.92e-15 | 0.0237  5.97   8226    2   6571   7577 | 1.3011 17.92 | 8.79e-03 2.43e-02 |   0.0000 0.0000  0.0000  0.0000 0.000  0.00
# PAR t=292.00 gids n=2482 mint=3915 ret=1433 age=[122 230 272] | sdeath tp n=0 [0.0 0.0 0.0] ba n=4096 [0.5 3.2 128.6] | stamps n=7182 tp=0 age50=145 max=285 | idfrac=0.9970
# HOLE t=292.00 Eh=725.618327 nin=194 eatF=399.2153 eatM=122.7427 eatS=203.6604
# QATOM t=293.16 dir=FD w=1.29355448 e=0.236756928045 i=395 Em=0.4196 gid=1582
t=  294.00 -1.92e-15 | 0.0237  5.97   8222    0   6598   7598 | 1.3013 17.91 | 5.14e-03 1.42e-02 |   0.0000 0.0000  0.0000  0.0000 0.000  0.00
# PAR t=294.00 gids n=2492 mint=3933 ret=1441 age=[121 232 274] | sdeath tp n=0 [0.0 0.0 0.0] ba n=4096 [0.5 3.2 129.6] | stamps n=7243 tp=0 age50=144 max=287 | idfrac=0.9971
# HOLE t=294.00 Eh=727.581942 nin=194 eatF=399.4065 eatM=123.9624 eatS=204.2130
# QATOM t=294.20 dir=DF w=2.30159596 e=0.421256929232 i=817 Em=0.4352 gid=3681
# QATOM t=295.30 dir=DF w=2.31642878 e=0.423971753439 i=1895 Em=0.4667 gid=3302
t=  296.00 -1.92e-15 | 0.0237  5.97   8224    2   6621   7619 | 1.3011 17.95 | 8.50e-03 1.89e-02 |   0.0000 0.0000  0.0000  0.0000 0.000  0.00
# PAR t=296.00 gids n=2494 mint=3944 ret=1450 age=[121 234 276] | sdeath tp n=0 [0.0 0.0 0.0] ba n=4096 [0.5 3.2 129.9] | stamps n=7259 tp=0 age50=144 max=289 | idfrac=0.9971
# HOLE t=296.00 Eh=728.276018 nin=195 eatF=399.5105 eatM=123.9848 eatS=204.7808
# QATOM t=296.46 dir=FD w=1.59163873 e=0.291314747974 i=636 Em=0.0593 gid=3228
# QATOM t=297.52 dir=FD w=1.59789672 e=0.292460135849 i=842 Em=0.0336 gid=3559
t=  298.00 -1.92e-15 | 0.0237  5.97   8224    2   6652   7652 | 1.3014 17.96 | 1.03e-02 1.99e-02 |   0.0000 0.0000  0.0000  0.0000 0.000  0.00
# PAR t=298.00 gids n=2498 mint=3957 ret=1459 age=[119 235 278] | sdeath tp n=0 [0.0 0.0 0.0] ba n=4096 [0.5 3.1 130.3] | stamps n=7277 tp=0 age50=143 max=291 | idfrac=0.9971
# HOLE t=298.00 Eh=728.918272 nin=194 eatF=399.5755 eatM=124.0004 eatS=205.3424
# QATOM t=298.70 dir=FD w=1.50873588 e=0.276141189691 i=765 Em=0.0753 gid=3487
# QATOM t=299.80 dir=DF w=2.3044477 e=0.421778878126 i=2182 Em=0.4821 gid=2311
t=  300.00 -1.92e-15 | 0.0237  5.97   8219    4   6670   7678 | 1.3017 17.97 | 5.30e-03 1.59e-02 |   0.0000 0.0000  0.0000  0.0000 0.000  0.00
# PAR t=300.00 gids n=2497 mint=3965 ret=1468 age=[120 236 280] | sdeath tp n=0 [0.0 0.0 0.0] ba n=4096 [0.5 3.1 131.6] | stamps n=7271 tp=0 age50=143 max=293 | idfrac=0.9971
# HOLE t=300.00 Eh=729.569801 nin=194 eatF=399.6569 eatM=124.0189 eatS=205.8940
# QATOM t=300.88 dir=DF w=2.45170172 e=0.448730515145 i=2174 Em=0.5564 gid=262
t=  302.00 -1.92e-15 | 0.0237  5.97   8222    2   6696   7703 | 1.3018 18.01 | 6.18e-03 1.52e-02 |   0.0000 0.0000  0.0000  0.0000 0.000  0.00
# PAR t=302.00 gids n=2497 mint=3979 ret=1482 age=[119 238 282] | sdeath tp n=0 [0.0 0.0 0.0] ba n=4096 [0.5 3.1 134.4] | stamps n=7273 tp=0 age50=142 max=295 | idfrac=0.9971
# HOLE t=302.00 Eh=731.612890 nin=195 eatF=399.8403 eatM=125.3267 eatS=206.4459
# QATOM t=302.20 dir=FD w=1.4564427 e=0.266570063866 i=761 Em=0.2764 gid=1119
# QATOM t=303.28 dir=DF w=2.45116873 e=0.448632962464 i=113 Em=0.5644 gid=1854
t=  304.00 -1.92e-15 | 0.0237  5.97   8220    4   6719   7731 | 1.3015 18.03 | 4.81e-03 1.49e-02 |   0.0000 0.0000  0.0000  0.0000 0.000  0.00
# PAR t=304.00 gids n=2504 mint=3998 ret=1494 age=[120 239 284] | sdeath tp n=0 [0.0 0.0 0.0] ba n=4096 [0.5 3.0 135.8] | stamps n=7311 tp=0 age50=142 max=297 | idfrac=0.9971
# HOLE t=304.00 Eh=732.241490 nin=195 eatF=399.9146 eatM=125.3448 eatS=206.9821
# QATOM t=304.48 dir=DF w=2.2403694 e=0.410050744928 i=2384 Em=0.5544 gid=237
# QATOM t=305.58 dir=FD w=1.63729533 e=0.29967119219 i=2143 Em=0.0131 gid=0
t=  306.00 -1.92e-15 | 0.0237  5.97   8220    6   6747   7751 | 1.3014 18.02 | 1.18e-02 2.50e-02 |   0.0000 0.0000  0.0000  0.0000 0.000  0.00
# PAR t=306.00 gids n=2503 mint=4013 ret=1510 age=[119 241 286] | sdeath tp n=0 [0.0 0.0 0.0] ba n=4096 [0.5 3.0 136.4] | stamps n=7306 tp=0 age50=141 max=299 | idfrac=0.9972
# HOLE t=306.00 Eh=732.836063 nin=195 eatF=399.9689 eatM=125.3606 eatS=207.5066
# QATOM t=306.68 dir=DF w=2.47253816 e=0.452544170631 i=924 Em=0.6054 gid=2512
# QATOM t=307.90 dir=FD w=1.30402916 e=0.238674090251 i=1399 Em=0.5306 gid=1364
t=  308.00 -1.92e-15 | 0.0237  5.97   8217    1   6763   7777 | 1.3014 18.02 | 1.19e-02 2.75e-02 |   0.0000 0.0000  0.0000  0.0000 0.000  0.00
# PAR t=308.00 gids n=2513 mint=4029 ret=1516 age=[118 242 287] | sdeath tp n=0 [0.0 0.0 0.0] ba n=4096 [0.5 3.1 138.1] | stamps n=7368 tp=0 age50=141 max=301 | idfrac=0.9972
# HOLE t=308.00 Eh=733.458844 nin=194 eatF=400.0530 eatM=125.3778 eatS=208.0280
# QATOM t=309.14 dir=FD w=1.22018036 e=0.223327395364 i=2282 Em=0.7272 gid=2653
t=  310.00 -1.92e-15 | 0.0237  5.97   8228    2   6787   7798 | 1.3015 18.02 | 7.62e-03 2.22e-02 |   0.0000 0.0000  0.0000  0.0000 0.000  0.00
# PAR t=310.00 gids n=2509 mint=4043 ret=1534 age=[118 244 289] | sdeath tp n=0 [0.0 0.0 0.0] ba n=4096 [0.5 3.1 138.5] | stamps n=7339 tp=0 age50=139 max=303 | idfrac=0.9972
# HOLE t=310.00 Eh=734.079457 nin=194 eatF=400.1577 eatM=125.3951 eatS=208.5267
# QATOM t=310.34 dir=DF w=2.30767002 e=0.422368653726 i=1149 Em=0.6253 gid=2565
# QATOM t=311.52 dir=FD w=1.2428264 e=0.227472260003 i=2245 Em=0.5507 gid=261
t=  312.00 -1.92e-15 | 0.0237  5.97   8226    1   6807   7824 | 1.3014 18.04 | 6.92e-03 1.63e-02 |   0.0000 0.0000  0.0000  0.0000 0.000  0.00
# PAR t=312.00 gids n=2508 mint=4052 ret=1544 age=[119 245 291] | sdeath tp n=0 [0.0 0.0 0.0] ba n=4096 [0.5 3.1 140.2] | stamps n=7333 tp=0 age50=141 max=305 | idfrac=0.9972
# HOLE t=312.00 Eh=734.698401 nin=193 eatF=400.2545 eatM=125.4207 eatS=209.0232
# QATOM t=312.50 dir=DF w=2.23111983 e=0.408357812063 i=2468 Em=0.5164 gid=1288
# QATOM t=313.68 dir=DF w=2.58368545 e=0.472887257283 i=947 Em=0.4762 gid=2184
t=  314.00 -1.92e-15 | 0.0237  5.97   8227    1   6837   7845 | 1.3012 18.05 | 1.79e-02 3.10e-02 |   0.0000 0.0000  0.0000  0.0000 0.000  0.00
# PAR t=314.00 gids n=2503 mint=4057 ret=1554 age=[120 247 293] | sdeath tp n=0 [0.0 0.0 0.0] ba n=4096 [0.5 3.1 140.3] | stamps n=7303 tp=0 age50=142 max=307 | idfrac=0.9972
# HOLE t=314.00 Eh=735.296587 nin=193 eatF=400.3535 eatM=125.4418 eatS=209.5013
# QATOM t=314.80 dir=FD w=1.55684226 e=0.284946013319 i=1676 Em=0.1087 gid=3612
t=  316.00 -1.92e-15 | 0.0237  5.97   8224    1   6859   7866 | 1.3013 18.06 | 6.34e-03 1.71e-02 |   0.0000 0.0000  0.0000  0.0000 0.000  0.00
# PAR t=316.00 gids n=2500 mint=4067 ret=1567 age=[121 249 295] | sdeath tp n=0 [0.0 0.0 0.0] ba n=4096 [0.5 3.0 140.6] | stamps n=7284 tp=0 age50=141 max=309 | idfrac=0.9972
# HOLE t=316.00 Eh=735.883258 nin=192 eatF=400.4427 eatM=125.4636 eatS=209.9769
# QATOM t=316.16 dir=FD w=1.53708631 e=0.281330116307 i=2617 Em=0.1210 gid=2957
# QATOM t=317.24 dir=FD w=1.33801923 e=0.244895230402 i=1431 Em=0.2921 gid=844
t=  318.00 -1.92e-15 | 0.0237  5.97   8225    1   6886   7888 | 1.3010 18.09 | 8.27e-03 1.80e-02 |   0.0000 0.0000  0.0000  0.0000 0.000  0.00
# PAR t=318.00 gids n=2505 mint=4086 ret=1581 age=[120 250 297] | sdeath tp n=0 [0.0 0.0 0.0] ba n=4096 [0.5 3.0 141.4] | stamps n=7315 tp=0 age50=141 max=311 | idfrac=0.9973
# HOLE t=318.00 Eh=736.500292 nin=192 eatF=400.5632 eatM=125.4849 eatS=210.4522
# QATOM t=318.26 dir=FD w=1.54961275 e=0.283622808448 i=1302 Em=0.0980 gid=3363
# QATOM t=319.42 dir=DF w=2.32693505 e=0.425894697067 i=1111 Em=0.4774 gid=3581
t=  320.00 -1.92e-15 | 0.0237  5.97   8225    3   6906   7913 | 1.3013 18.09 | 6.87e-03 1.77e-02 |   0.0000 0.0000  0.0000  0.0000 0.000  0.00
# PAR t=320.00 gids n=2510 mint=4101 ret=1591 age=[119 251 299] | sdeath tp n=0 [0.0 0.0 0.0] ba n=4096 [0.5 3.0 141.9] | stamps n=7351 tp=0 age50=140 max=313 | idfrac=0.9973
# HOLE t=320.00 Eh=738.855259 nin=193 eatF=401.3311 eatM=126.5924 eatS=210.9317
# QATOM t=320.62 dir=FD w=1.55859723 e=0.285267221031 i=948 Em=0.1149 gid=3734
# QATOM t=321.78 dir=DF w=2.23499152 e=0.409066440368 i=22 Em=0.4530 gid=3735
t=  322.00 -1.92e-15 | 0.0237  5.97   8223    2   6925   7938 | 1.3010 18.11 | 7.01e-03 1.74e-02 |   0.0000 0.0000  0.0000  0.0000 0.000  0.00
# PAR t=322.00 gids n=2505 mint=4110 ret=1605 age=[120 253 301] | sdeath tp n=0 [0.0 0.0 0.0] ba n=4096 [0.5 3.0 143.1] | stamps n=7317 tp=0 age50=140 max=315 | idfrac=0.9973
# HOLE t=322.00 Eh=739.439205 nin=193 eatF=401.4351 eatM=126.6102 eatS=211.3939
# QATOM t=322.76 dir=DF w=2.50596566 e=0.458662346166 i=1812 Em=0.4922 gid=3879
# QATOM t=323.80 dir=FD w=1.43764441 e=0.263129447309 i=2468 Em=0.0558 gid=1288
t=  324.00 -1.92e-15 | 0.0237  5.98   8236    3   6942   7960 | 1.3011 18.16 | 5.40e-03 1.45e-02 |   0.0000 0.0000  0.0000  0.0000 0.000  0.00
# PAR t=324.00 gids n=2506 mint=4121 ret=1615 age=[119 254 303] | sdeath tp n=0 [0.0 0.0 0.0] ba n=4096 [0.5 3.0 144.4] | stamps n=7328 tp=0 age50=141 max=317 | idfrac=0.9973
# HOLE t=324.00 Eh=741.753210 nin=195 eatF=402.3500 eatM=127.4308 eatS=211.9725
# QATOM t=324.98 dir=DF w=2.25366761 e=0.412484690686 i=1195 Em=0.5762 gid=3526
t=  326.00 -1.92e-15 | 0.0237  5.97   8229    3   6965   7988 | 1.3011 18.13 | 6.84e-03 1.64e-02 |   0.0000 0.0000  0.0000  0.0000 0.000  0.00
# PAR t=326.00 gids n=2495 mint=4130 ret=1635 age=[119 255 305] | sdeath tp n=0 [0.0 0.0 0.0] ba n=4096 [0.5 3.0 145.3] | stamps n=7266 tp=0 age50=142 max=319 | idfrac=0.9973
# HOLE t=326.00 Eh=744.148801 nin=196 eatF=402.7137 eatM=128.9846 eatS=212.4505
# QATOM t=326.10 dir=DF w=2.27880327 e=0.417085225288 i=2239 Em=0.4486 gid=2874
# QATOM t=327.18 dir=DF w=2.19655225 e=0.402030970741 i=2139 Em=0.7973 gid=610
t=  328.00 -1.92e-15 | 0.0237  5.97   8227    2   6987   8005 | 1.3012 18.13 | 7.08e-03 1.47e-02 |   0.0000 0.0000  0.0000  0.0000 0.000  0.00
# PAR t=328.00 gids n=2494 mint=4139 ret=1645 age=[121 257 307] | sdeath tp n=0 [0.0 0.0 0.0] ba n=4096 [0.5 3.0 146.4] | stamps n=7256 tp=0 age50=144 max=321 | idfrac=0.9973
# HOLE t=328.00 Eh=744.784166 nin=196 eatF=402.8442 eatM=129.0033 eatS=212.9366
# QATOM t=328.38 dir=FD w=1.34029766 e=0.245312247649 i=464 Em=0.4693 gid=2182
# QATOM t=329.64 dir=FD w=1.52838693 e=0.559475770485 i=1043 Em=0.1222 gid=1832
t=  330.00 -1.92e-15 | 0.0237  5.97   8230    2   7010   8032 | 1.3012 18.16 | 6.02e-03 1.64e-02 |   0.0000 0.0000  0.0000  0.0000 0.000  0.00
# PAR t=330.00 gids n=2486 mint=4145 ret=1659 age=[123 259 309] | sdeath tp n=0 [0.0 0.0 0.0] ba n=4096 [0.5 2.9 147.5] | stamps n=7208 tp=0 age50=145 max=323 | idfrac=0.9973
# HOLE t=330.00 Eh=745.422071 nin=196 eatF=402.9715 eatM=129.0237 eatS=213.4270
# QATOM t=330.82 dir=FD w=1.52831092 e=0.279723973651 i=1952 Em=0.1497 gid=4010
# QATOM t=331.86 dir=DF w=2.79800092 e=0.512113029412 i=59 Em=0.7455 gid=341
t=  332.00 -1.92e-15 | 0.0237  5.97   8225    3   7033   8054 | 1.3012 18.17 | 7.22e-03 1.96e-02 |   0.0000 0.0000  0.0000  0.0000 0.000  0.00
# PAR t=332.00 gids n=2486 mint=4156 ret=1670 age=[122 260 311] | sdeath tp n=0 [0.0 0.0 0.0] ba n=4096 [0.5 2.9 147.7] | stamps n=7209 tp=0 age50=146 max=325 | idfrac=0.9974
# HOLE t=332.00 Eh=748.409011 nin=197 eatF=403.7083 eatM=130.7867 eatS=213.9140
# QATOM t=333.06 dir=FD w=1.47565164 e=0.270085840279 i=1735 Em=0.1425 gid=1192
t=  334.00 -1.92e-15 | 0.0236  5.97   8223    2   7054   8072 | 1.3008 18.20 | 7.55e-03 1.82e-02 |   0.0000 0.0000  0.0000  0.0000 0.000  0.00
# PAR t=334.00 gids n=2488 mint=4172 ret=1684 age=[121 262 312] | sdeath tp n=0 [0.0 0.0 0.0] ba n=4096 [0.5 2.9 150.0] | stamps n=7219 tp=0 age50=144 max=327 | idfrac=0.9974
# HOLE t=334.00 Eh=749.007767 nin=197 eatF=403.8001 eatM=130.8026 eatS=214.4051
# QATOM t=334.22 dir=FD w=1.57666867 e=0.288574804696 i=292 Em=0.0544 gid=3941
# QATOM t=335.42 dir=FD w=1.56304981 e=0.286082169928 i=1871 Em=0.1181 gid=1476
t=  336.00 -1.92e-15 | 0.0236  5.97   8230    3   7078   8096 | 1.3006 18.23 | 8.06e-03 2.52e-02 |   0.0000 0.0000  0.0000  0.0000 0.000  0.00
# PAR t=336.00 gids n=2495 mint=4189 ret=1694 age=[119 263 314] | sdeath tp n=0 [0.0 0.0 0.0] ba n=4096 [0.5 2.9 150.9] | stamps n=7257 tp=0 age50=144 max=329 | idfrac=0.9974
# HOLE t=336.00 Eh=750.806155 nin=198 eatF=404.0718 eatM=131.8365 eatS=214.8979
# QATOM t=336.72 dir=DF w=2.09091238 e=0.765391794266 i=411 Em=0.9740 gid=897
# QATOM t=337.98 dir=DF w=2.32535624 e=0.425605731707 i=1885 Em=0.6830 gid=4098
t=  338.00 -1.92e-15 | 0.0236  5.98   8232    2   7102   8120 | 1.3005 18.24 | 1.07e-02 2.10e-02 |   0.0000 0.0000  0.0000  0.0000 0.000  0.00
# PAR t=338.00 gids n=2492 mint=4202 ret=1710 age=[119 264 316] | sdeath tp n=0 [0.0 0.0 0.0] ba n=4096 [0.5 2.9 153.2] | stamps n=7236 tp=0 age50=145 max=331 | idfrac=0.9974
# HOLE t=338.00 Eh=751.407028 nin=197 eatF=404.1552 eatM=131.8528 eatS=215.3990
# QATOM t=339.04 dir=FD w=1.25878137 e=0.230392468086 i=902 Em=0.5951 gid=151
t=  340.00 -1.92e-15 | 0.0236  5.97   8226    1   7127   8146 | 1.3002 18.26 | 8.15e-03 2.25e-02 |   0.0000 0.0000  0.0000  0.0000 0.000  0.00
# PAR t=340.00 gids n=2488 mint=4214 ret=1726 age=[120 265 318] | sdeath tp n=0 [0.0 0.0 0.0] ba n=4096 [0.5 2.9 153.7] | stamps n=7216 tp=0 age50=146 max=333 | idfrac=0.9974
# HOLE t=340.00 Eh=751.984870 nin=196 eatF=404.2367 eatM=131.8725 eatS=215.8757
# QATOM t=340.22 dir=FD w=1.41830253 e=0.259589336655 i=1495 Em=0.2664 gid=753
# QATOM t=341.26 dir=DF w=2.33410839 e=0.427207621862 i=2647 Em=0.6077 gid=2167
t=  342.00 -1.92e-15 | 0.0236  5.97   8226    3   7151   8160 | 1.3001 18.27 | 1.03e-02 1.53e-02 |   0.0000 0.0000  0.0000  0.0000 0.000  0.00
# PAR t=342.00 gids n=2495 mint=4232 ret=1737 age=[118 266 320] | sdeath tp n=0 [0.0 0.0 0.0] ba n=4096 [0.5 2.9 153.9] | stamps n=7257 tp=0 age50=145 max=335 | idfrac=0.9974
# HOLE t=342.00 Eh=752.544134 nin=195 eatF=404.3183 eatM=131.8923 eatS=216.3336
# QATOM t=342.60 dir=FD w=1.61208815 e=0.295057568199 i=615 Em=0.0371 gid=2817
# QATOM t=343.78 dir=FD w=1.38382632 e=0.253279218307 i=2153 Em=0.1971 gid=1683
t=  344.00 -1.92e-15 | 0.0236  5.97   8224    3   7169   8186 | 1.3003 18.25 | 4.92e-03 1.60e-02 |   0.0000 0.0000  0.0000  0.0000 0.000  0.00
# PAR t=344.00 gids n=2499 mint=4248 ret=1749 age=[116 267 322] | sdeath tp n=0 [0.0 0.0 0.0] ba n=4096 [0.5 2.9 156.0] | stamps n=7278 tp=0 age50=143 max=337 | idfrac=0.9974
# HOLE t=344.00 Eh=753.067403 nin=194 eatF=404.3932 eatM=131.9111 eatS=216.7632
# QATOM t=344.96 dir=FD w=1.49310877 e=0.273280987281 i=1581 Em=0.1672 gid=3877
t=  346.00 -1.92e-15 | 0.0236  5.97   8228    1   7187   8211 | 1.3000 18.27 | 5.52e-03 1.79e-02 |   0.0000 0.0000  0.0000  0.0000 0.000  0.00
# PAR t=346.00 gids n=2498 mint=4258 ret=1760 age=[116 269 324] | sdeath tp n=0 [0.0 0.0 0.0] ba n=4096 [0.5 2.9 157.5] | stamps n=7269 tp=0 age50=144 max=339 | idfrac=0.9974
# HOLE t=346.00 Eh=753.601737 nin=194 eatF=404.4734 eatM=131.9288 eatS=217.1996
# QATOM t=346.26 dir=FD w=1.42040377 e=0.259973923187 i=2725 Em=0.2293 gid=4115
# QATOM t=347.48 dir=DF w=1.63651277 e=0.299527961376 i=515 Em=1.6081 gid=158
t=  348.00 -1.92e-15 | 0.0236  5.97   8228    4   7209   8226 | 1.2997 18.27 | 6.28e-03 1.79e-02 |   0.0000 0.0000  0.0000  0.0000 0.000  0.00
# PAR t=348.00 gids n=2492 mint=4266 ret=1774 age=[114 270 326] | sdeath tp n=0 [0.0 0.0 0.0] ba n=4096 [0.5 2.8 158.5] | stamps n=7236 tp=0 age50=144 max=341 | idfrac=0.9975
# HOLE t=348.00 Eh=754.162860 nin=194 eatF=404.5684 eatM=131.9474 eatS=217.6471
# QATOM t=348.72 dir=DF w=2.34753509 e=0.429665084844 i=2231 Em=0.4368 gid=3898
# QATOM t=349.98 dir=FD w=1.53519746 e=0.280984404844 i=916 Em=0.1422 gid=4207
t=  350.00 -1.92e-15 | 0.0236  5.98   8233    3   7229   8243 | 1.2999 18.28 | 5.60e-03 1.92e-02 |   0.0000 0.0000  0.0000  0.0000 0.000  0.00
# PAR t=350.00 gids n=2485 mint=4274 ret=1789 age=[115 272 328] | sdeath tp n=0 [0.0 0.0 0.0] ba n=4096 [0.5 2.8 160.1] | stamps n=7200 tp=0 age50=144 max=343 | idfrac=0.9975
# HOLE t=350.00 Eh=756.665345 nin=193 eatF=404.9549 eatM=133.6390 eatS=218.0714
# QATOM t=351.10 dir=FD w=1.6230604 e=0.297065797649 i=1421 Em=0.0317 gid=4218
t=  352.00 -1.92e-15 | 0.0236  5.97   8230    2   7245   8264 | 1.2998 18.30 | 6.02e-03 1.60e-02 |   0.0000 0.0000  0.0000  0.0000 0.000  0.00
# PAR t=352.00 gids n=2486 mint=4294 ret=1808 age=[114 273 329] | sdeath tp n=0 [0.0 0.0 0.0] ba n=4096 [0.5 2.8 160.6] | stamps n=7200 tp=0 age50=143 max=345 | idfrac=0.9975
# HOLE t=352.00 Eh=757.163929 nin=193 eatF=405.0183 eatM=133.6567 eatS=218.4889
# QATOM t=352.08 dir=FD w=1.21579893 e=0.222525470216 i=1227 Em=0.7372 gid=986
# QATOM t=353.30 dir=FD w=1.49165052 e=0.273014086815 i=1456 Em=0.0775 gid=132
t=  354.00 -1.92e-15 | 0.0236  5.98   8235    5   7276   8289 | 1.2999 18.33 | 1.04e-02 2.06e-02 |   0.0000 0.0000  0.0000  0.0000 0.000  0.00
# PAR t=354.00 gids n=2486 mint=4305 ret=1819 age=[114 275 331] | sdeath tp n=0 [0.0 0.0 0.0] ba n=4096 [0.5 2.8 161.1] | stamps n=7202 tp=0 age50=143 max=347 | idfrac=0.9975
# HOLE t=354.00 Eh=757.688358 nin=193 eatF=405.1118 eatM=133.6720 eatS=218.9045
# QATOM t=354.56 dir=FD w=1.30919844 e=0.23962021324 i=600 Em=0.5197 gid=1398
# QATOM t=355.62 dir=DF w=2.21887815 e=0.406117240366 i=2020 Em=0.6075 gid=1733
t=  356.00 -1.92e-15 | 0.0236  5.98   8236    3   7292   8309 | 1.2999 18.34 | 5.50e-03 1.39e-02 |   0.0000 0.0000  0.0000  0.0000 0.000  0.00
# PAR t=356.00 gids n=2486 mint=4315 ret=1829 age=[114 276 333] | sdeath tp n=0 [0.0 0.0 0.0] ba n=4096 [0.5 2.7 163.7] | stamps n=7203 tp=0 age50=140 max=349 | idfrac=0.9975
# HOLE t=356.00 Eh=758.323668 nin=193 eatF=405.2912 eatM=133.6885 eatS=219.3440
# QATOM t=356.78 dir=FD w=1.43120655 e=0.261951135967 i=2415 Em=0.2806 gid=3911
# QATOM t=357.92 dir=DF w=2.46003421 e=0.450255595378 i=1433 Em=0.8969 gid=4167
t=  358.00 -1.92e-15 | 0.0236  5.98   8239    2   7324   8338 | 1.3000 18.34 | 4.54e-03 1.37e-02 |   0.0000 0.0000  0.0000  0.0000 0.000  0.00
# PAR t=358.00 gids n=2489 mint=4330 ret=1841 age=[114 277 335] | sdeath tp n=0 [0.0 0.0 0.0] ba n=4096 [0.5 2.7 165.0] | stamps n=7222 tp=0 age50=138 max=351 | idfrac=0.9975
# HOLE t=358.00 Eh=758.889568 nin=193 eatF=405.3962 eatM=133.7065 eatS=219.7869
# QATOM t=359.14 dir=DF w=2.83743564 e=0.519330693125 i=716 Em=0.7180 gid=1965
t=  360.00 -1.92e-15 | 0.0236  5.98   8232    1   7346   8361 | 1.2993 18.36 | 6.97e-03 1.86e-02 |   0.0000 0.0000  0.0000  0.0000 0.000  0.00
# PAR t=360.00 gids n=2487 mint=4342 ret=1855 age=[115 278 337] | sdeath tp n=0 [0.0 0.0 0.0] ba n=4096 [0.4 2.6 165.8] | stamps n=7217 tp=0 age50=138 max=353 | idfrac=0.9975
# HOLE t=360.00 Eh=759.474601 nin=193 eatF=405.5250 eatM=133.7203 eatS=220.2293
# QATOM t=360.24 dir=DF w=2.51705119 e=0.460691308892 i=852 Em=0.5312 gid=195
# QATOM t=361.54 dir=FD w=1.57497868 e=0.288265488493 i=2074 Em=0.0735 gid=3932
t=  362.00 -1.92e-15 | 0.0235  5.98   8237    2   7368   8389 | 1.2995 18.38 | 5.12e-03 1.54e-02 |   0.0000 0.0000  0.0000  0.0000 0.000  0.00
# PAR t=362.00 gids n=2490 mint=4356 ret=1866 age=[115 280 339] | sdeath tp n=0 [0.0 0.0 0.0] ba n=4096 [0.4 2.6 166.0] | stamps n=7224 tp=0 age50=139 max=355 | idfrac=0.9975
# HOLE t=362.00 Eh=760.028491 nin=192 eatF=405.6320 eatM=133.7399 eatS=220.6566
# QATOM t=362.84 dir=FD w=1.45890578 e=0.267020876783 i=157 Em=0.0942 gid=969
t=  364.00 -1.92e-15 | 0.0235  5.98   8232    3   7385   8403 | 1.2998 18.35 | 5.16e-03 1.58e-02 |   0.0000 0.0000  0.0000  0.0000 0.000  0.00
# PAR t=364.00 gids n=2495 mint=4371 ret=1876 age=[114 280 340] | sdeath tp n=0 [0.0 0.0 0.0] ba n=4096 [0.4 2.6 166.1] | stamps n=7254 tp=0 age50=138 max=357 | idfrac=0.9975
# HOLE t=364.00 Eh=760.541215 nin=192 eatF=405.7132 eatM=133.7597 eatS=221.0683
# QATOM t=364.10 dir=DF w=2.17081169 e=0.397319722479 i=1059 Em=0.9412 gid=2159
# QATOM t=365.40 dir=DF w=2.49039168 e=0.455811868588 i=1053 Em=0.4681 gid=4255
t=  366.00 -1.92e-15 | 0.0235  5.97   8224    2   7416   8428 | 1.2996 18.34 | 1.33e-02 2.19e-02 |   0.0000 0.0000  0.0000  0.0000 0.000  0.00
# PAR t=366.00 gids n=2507 mint=4390 ret=1883 age=[114 281 342] | sdeath tp n=0 [0.0 0.0 0.0] ba n=4096 [0.4 2.5 167.3] | stamps n=7325 tp=0 age50=136 max=359 | idfrac=0.9976
# HOLE t=366.00 Eh=761.041322 nin=192 eatF=405.7919 eatM=133.7843 eatS=221.4651
# QATOM t=366.56 dir=DF w=2.41344443 e=0.441728353112 i=2326 Em=0.6112 gid=3040
# QATOM t=367.74 dir=FD w=1.45480409 e=0.266270151372 i=2749 Em=0.1614 gid=4304
t=  368.00 -1.92e-15 | 0.0235  5.97   8220    0   7444   8452 | 1.2995 18.34 | 5.16e-03 1.49e-02 |   0.0000 0.0000  0.0000  0.0000 0.000  0.00
# PAR t=368.00 gids n=2506 mint=4401 ret=1895 age=[114 282 344] | sdeath tp n=0 [0.0 0.0 0.0] ba n=4096 [0.4 2.5 168.9] | stamps n=7315 tp=0 age50=135 max=361 | idfrac=0.9976
# HOLE t=368.00 Eh=761.558957 nin=191 eatF=405.8956 eatM=133.8017 eatS=221.8617
# QATOM t=368.88 dir=DF w=2.2409479 e=0.410156625335 i=556 Em=0.5974 gid=2847
t=  370.00 -1.92e-15 | 0.0235  5.97   8220    3   7472   8484 | 1.2996 18.34 | 1.74e-02 2.48e-02 |   0.0000 0.0000  0.0000  0.0000 0.000  0.00
# PAR t=370.00 gids n=2503 mint=4409 ret=1906 age=[115 283 346] | sdeath tp n=0 [0.0 0.0 0.0] ba n=4096 [0.4 2.5 169.3] | stamps n=7295 tp=0 age50=135 max=363 | idfrac=0.9976
# HOLE t=370.00 Eh=762.029976 nin=191 eatF=405.9845 eatM=133.8212 eatS=222.2243
# QATOM t=370.18 dir=FD w=1.3829269 e=0.253114599742 i=147 Em=0.2650 gid=2698
# QATOM t=371.24 dir=FD w=1.59931247 e=0.292719257902 i=1491 Em=0.0554 gid=1899
t=  372.00 -1.92e-15 | 0.0235  5.97   8221    5   7499   8507 | 1.2998 18.34 | 8.32e-03 2.18e-02 |   0.0000 0.0000  0.0000  0.0000 0.000  0.00
# PAR t=372.00 gids n=2502 mint=4424 ret=1922 age=[111 285 348] | sdeath tp n=0 [0.0 0.0 0.0] ba n=4096 [0.4 2.4 172.1] | stamps n=7287 tp=0 age50=135 max=365 | idfrac=0.9976
# HOLE t=372.00 Eh=762.501176 nin=191 eatF=406.0526 eatM=133.8416 eatS=222.6070
# QATOM t=372.70 dir=FD w=1.31391946 e=0.240484293987 i=1400 Em=0.3882 gid=3968
# QATOM t=373.72 dir=FD w=1.63746864 e=0.299702912243 i=2640 Em=0.0113 gid=3297
t=  374.00 -1.92e-15 | 0.0236  5.97   8218    1   7518   8526 | 1.2997 18.35 | 5.54e-03 1.65e-02 |   0.0000 0.0000  0.0000  0.0000 0.000  0.00
# PAR t=374.00 gids n=2499 mint=4430 ret=1931 age=[111 286 350] | sdeath tp n=0 [0.0 0.0 0.0] ba n=4096 [0.4 2.4 173.4] | stamps n=7275 tp=0 age50=136 max=367 | idfrac=0.9976
# HOLE t=374.00 Eh=763.013850 nin=191 eatF=406.1296 eatM=133.8642 eatS=223.0201
# QATOM t=374.82 dir=DF w=2.30199713 e=0.421330355153 i=2327 Em=0.5344 gid=4336
# QATOM t=375.98 dir=FD w=1.57764815 e=0.28875407594 i=1235 Em=0.0948 gid=481
t=  376.00 -1.92e-15 | 0.0236  5.97   8226    3   7535   8548 | 1.3001 18.36 | 5.67e-03 1.76e-02 |   0.0000 0.0000  0.0000  0.0000 0.000  0.00
# PAR t=376.00 gids n=2493 mint=4442 ret=1949 age=[112 288 352] | sdeath tp n=0 [0.0 0.0 0.0] ba n=4096 [0.4 2.4 174.9] | stamps n=7238 tp=0 age50=135 max=369 | idfrac=0.9976
# HOLE t=376.00 Eh=763.481943 nin=190 eatF=406.1979 eatM=133.8821 eatS=223.4020
# QATOM t=377.20 dir=FD w=1.55807153 e=0.285171003682 i=907 Em=0.1104 gid=1360
t=  378.00 -1.92e-15 | 0.0236  5.97   8227    3   7551   8564 | 1.2999 18.39 | 5.06e-03 1.54e-02 |   0.0000 0.0000  0.0000  0.0000 0.000  0.00
# PAR t=378.00 gids n=2490 mint=4454 ret=1964 age=[112 289 354] | sdeath tp n=0 [0.0 0.0 0.0] ba n=4096 [0.4 2.4 175.9] | stamps n=7225 tp=0 age50=136 max=371 | idfrac=0.9976
# HOLE t=378.00 Eh=763.940211 nin=190 eatF=406.2620 eatM=133.9022 eatS=223.7760
# QATOM t=378.52 dir=FD w=1.56430865 e=0.286312572043 i=1128 Em=0.1092 gid=1723
# QATOM t=379.76 dir=FD w=1.50145038 e=0.274807736813 i=1461 Em=0.1241 gid=2523
t=  380.00 -1.92e-15 | 0.0235  5.97   8218    1   7567   8589 | 1.3000 18.36 | 7.51e-03 1.84e-02 |   0.0000 0.0000  0.0000  0.0000 0.000  0.00
# PAR t=380.00 gids n=2488 mint=4467 ret=1979 age=[113 291 356] | sdeath tp n=0 [0.0 0.0 0.0] ba n=4096 [0.4 2.4 177.6] | stamps n=7214 tp=0 age50=137 max=373 | idfrac=0.9976
# HOLE t=380.00 Eh=764.381486 nin=190 eatF=406.3250 eatM=133.9234 eatS=224.1331
# QATOM t=380.88 dir=FD w=1.28575898 e=0.235330131889 i=1095 Em=0.4637 gid=4298
# QATOM t=381.96 dir=FD w=1.26854483 e=0.232179456374 i=1941 Em=0.2058 gid=1279
t=  382.00 -1.92e-15 | 0.0235  5.97   8222    2   7589   8605 | 1.2999 18.36 | 1.21e-02 2.12e-02 |   0.0000 0.0000  0.0000  0.0000 0.000  0.00
# PAR t=382.00 gids n=2492 mint=4486 ret=1994 age=[112 292 358] | sdeath tp n=0 [0.0 0.0 0.0] ba n=4096 [0.4 2.4 178.7] | stamps n=7239 tp=0 age50=136 max=375 | idfrac=0.9976
# HOLE t=382.00 Eh=764.823903 nin=190 eatF=406.3930 eatM=133.9444 eatS=224.4865
# QATOM t=383.14 dir=FD w=1.34443421 e=0.246069353424 i=2726 Em=0.4720 gid=2982
t=  384.00 -1.92e-15 | 0.0235  5.97   8224    2   7602   8622 | 1.3000 18.37 | 7.23e-03 1.69e-02 |   0.0000 0.0000  0.0000  0.0000 0.000  0.00
# PAR t=384.00 gids n=2490 mint=4498 ret=2008 age=[112 293 360] | sdeath tp n=0 [0.0 0.0 0.0] ba n=4096 [0.4 2.4 180.5] | stamps n=7219 tp=0 age50=137 max=377 | idfrac=0.9976
# HOLE t=384.00 Eh=765.284170 nin=190 eatF=406.4603 eatM=133.9657 eatS=224.8582
# QATOM t=384.32 dir=FD w=1.51394063 e=0.277093805689 i=296 Em=0.1033 gid=845
# QATOM t=385.46 dir=DF w=2.32823232 e=0.426132135439 i=963 Em=0.7398 gid=800
t=  386.00 -1.92e-15 | 0.0235  5.97   8223    0   7620   8642 | 1.2999 18.39 | 1.16e-02 2.60e-02 |   0.0000 0.0000  0.0000  0.0000 0.000  0.00
# PAR t=386.00 gids n=2500 mint=4520 ret=2020 age=[112 293 362] | sdeath tp n=0 [0.0 0.0 0.0] ba n=4096 [0.4 2.5 182.4] | stamps n=7283 tp=0 age50=135 max=379 | idfrac=0.9976
# HOLE t=386.00 Eh=767.468833 nin=191 eatF=406.7016 eatM=135.5204 eatS=225.2468
# QATOM t=386.66 dir=FD w=1.48041954 e=0.270958500794 i=530 Em=0.1341 gid=4268
# QATOM t=387.80 dir=FD w=1.44624314 e=0.26470325582 i=1122 Em=0.1407 gid=4486
t=  388.00 -1.92e-15 | 0.0235  5.97   8226    2   7634   8656 | 1.2998 18.40 | 9.61e-03 2.53e-02 |   0.0000 0.0000  0.0000  0.0000 0.000  0.00
# PAR t=388.00 gids n=2498 mint=4535 ret=2037 age=[111 294 363] | sdeath tp n=0 [0.0 0.0 0.0] ba n=4096 [0.4 2.5 182.6] | stamps n=7273 tp=0 age50=136 max=381 | idfrac=0.9976
# HOLE t=388.00 Eh=767.939444 nin=191 eatF=406.7652 eatM=135.5363 eatS=225.6379
# QATOM t=388.82 dir=FD w=1.55532888 e=0.284669020769 i=1800 Em=0.1164 gid=2286
t=  390.00 -1.92e-15 | 0.0235  5.97   8219    0   7658   8678 | 1.2997 18.42 | 7.71e-03 1.78e-02 |   0.0000 0.0000  0.0000  0.0000 0.000  0.00
# PAR t=390.00 gids n=2491 mint=4546 ret=2055 age=[112 296 366] | sdeath tp n=0 [0.0 0.0 0.0] ba n=4096 [0.4 2.5 183.0] | stamps n=7233 tp=0 age50=137 max=383 | idfrac=0.9977
# HOLE t=390.00 Eh=768.406252 nin=191 eatF=406.8459 eatM=135.5528 eatS=226.0075
# QATOM t=390.08 dir=FD w=1.6428724 e=0.300691953393 i=1462 Em=0.0048 gid=0
# QATOM t=391.40 dir=FD w=1.52070689 e=0.278332220674 i=1731 Em=0.1711 gid=1586
t=  392.00 -1.92e-15 | 0.0235  5.97   8219    3   7680   8696 | 1.2997 18.43 | 6.73e-03 1.57e-02 |   0.0000 0.0000  0.0000  0.0000 0.000  0.00
# PAR t=392.00 gids n=2488 mint=4558 ret=2070 age=[112 298 368] | sdeath tp n=0 [0.0 0.0 0.0] ba n=4096 [0.4 2.5 183.1] | stamps n=7217 tp=0 age50=136 max=385 | idfrac=0.9977
# HOLE t=392.00 Eh=769.647541 nin=192 eatF=407.0087 eatM=136.2105 eatS=226.4284
# QATOM t=392.52 dir=FD w=1.4592167 e=0.267077783067 i=1456 Em=0.1950 gid=132
# QATOM t=393.74 dir=FD w=1.5638521 e=0.286229011391 i=1868 Em=0.1125 gid=2370
t=  394.00 -1.92e-15 | 0.0235  5.97   8223    3   7710   8722 | 1.2995 18.46 | 8.08e-03 1.68e-02 |   0.0000 0.0000  0.0000  0.0000 0.000  0.00
# PAR t=394.00 gids n=2487 mint=4570 ret=2083 age=[112 298 369] | sdeath tp n=0 [0.0 0.0 0.0] ba n=4096 [0.4 2.5 184.0] | stamps n=7211 tp=0 age50=134 max=387 | idfrac=0.9977
# HOLE t=394.00 Eh=770.141397 nin=192 eatF=407.0811 eatM=136.2317 eatS=226.8286
# QATOM t=394.94 dir=FD w=1.63341272 e=0.298960565207 i=2142 Em=0.0208 gid=3866
t=  396.00 -1.92e-15 | 0.0235  5.97   8223    2   7732   8748 | 1.2992 18.48 | 5.26e-03 1.52e-02 |   0.0000 0.0000  0.0000  0.0000 0.000  0.00
# PAR t=396.00 gids n=2490 mint=4588 ret=2098 age=[112 299 371] | sdeath tp n=0 [0.0 0.0 0.0] ba n=4096 [0.4 2.4 185.7] | stamps n=7230 tp=0 age50=133 max=389 | idfrac=0.9977
# HOLE t=396.00 Eh=771.446519 nin=194 eatF=407.2493 eatM=136.8716 eatS=227.3256
# QATOM t=396.02 dir=FD w=1.38793953 e=0.254032053342 i=959 Em=0.2478 gid=3535
# QATOM t=397.00 dir=FD w=1.25816241 e=0.230279181992 i=118 Em=0.5008 gid=4554
t=  398.00 -1.92e-15 | 0.0235  5.97   8223    4   7750   8767 | 1.2993 18.47 | 6.64e-03 1.80e-02 |   0.0000 0.0000  0.0000  0.0000 0.000  0.00
# PAR t=398.00 gids n=2494 mint=4605 ret=2111 age=[110 299 373] | sdeath tp n=0 [0.0 0.0 0.0] ba n=4096 [0.4 2.5 187.1] | stamps n=7249 tp=0 age50=132 max=391 | idfrac=0.9977
# HOLE t=398.00 Eh=771.978040 nin=193 eatF=407.3499 eatM=136.8888 eatS=227.7393
# QATOM t=398.14 dir=FD w=1.29257476 e=0.23657761231 i=2167 Em=0.4507 gid=3296
# QATOM t=399.48 dir=FD w=1.38815743 e=0.254071933712 i=52 Em=0.1211 gid=3425
t=  400.00 -1.92e-15 | 0.0235  5.97   8221    5   7767   8785 | 1.2991 18.47 | 5.94e-03 1.36e-02 |   0.0000 0.0000  0.0000  0.0000 0.000  0.00
# PAR t=400.00 gids n=2496 mint=4619 ret=2123 age=[111 300 375] | sdeath tp n=0 [0.0 0.0 0.0] ba n=4096 [0.4 2.5 187.9] | stamps n=7263 tp=0 age50=133 max=393 | idfrac=0.9977
# HOLE t=400.00 Eh=772.454566 nin=193 eatF=407.4518 eatM=136.9074 eatS=228.0954
# QATOM t=400.56 dir=FD w=1.36230816 e=0.24934078922 i=2347 Em=0.3708 gid=2088
# QATOM t=401.96 dir=FD w=1.31201874 e=0.240136408464 i=859 Em=0.5340 gid=459
t=  402.00 -1.92e-15 | 0.0235  5.97   8218    2   7783   8805 | 1.2990 18.48 | 6.07e-03 1.63e-02 |   0.0000 0.0000  0.0000  0.0000 0.000  0.00
# PAR t=402.00 gids n=2494 mint=4631 ret=2137 age=[112 300 377] | sdeath tp n=0 [0.0 0.0 0.0] ba n=4096 [0.4 2.5 190.0] | stamps n=7248 tp=0 age50=132 max=395 | idfrac=0.9977
# HOLE t=402.00 Eh=773.381867 nin=194 eatF=407.5787 eatM=137.3406 eatS=228.4626
# QATOM t=403.10 dir=FD w=1.2448487 e=0.227842398148 i=463 Em=0.6776 gid=3270
t=  404.00 -1.92e-15 | 0.0235  5.96   8214    2   7802   8828 | 1.2989 18.48 | 5.72e-03 1.71e-02 |   0.0000 0.0000  0.0000  0.0000 0.000  0.00
# PAR t=404.00 gids n=2492 mint=4649 ret=2157 age=[111 301 379] | sdeath tp n=0 [0.0 0.0 0.0] ba n=4096 [0.4 2.5 191.8] | stamps n=7231 tp=0 age50=131 max=397 | idfrac=0.9977
# HOLE t=404.00 Eh=773.950413 nin=194 eatF=407.6453 eatM=137.3583 eatS=228.9468
# QATOM t=404.16 dir=FD w=1.6170567 e=0.295966952095 i=222 Em=0.0083 gid=642
# QATOM t=405.46 dir=FD w=1.58557929 e=0.290205699467 i=687 Em=0.0480 gid=4425
t=  406.00 -1.92e-15 | 0.0235  5.96   8216    3   7820   8844 | 1.2990 18.51 | 8.48e-03 2.14e-02 |   0.0000 0.0000  0.0000  0.0000 0.000  0.00
# PAR t=406.00 gids n=2490 mint=4657 ret=2167 age=[113 301 381] | sdeath tp n=0 [0.0 0.0 0.0] ba n=4096 [0.4 2.5 193.9] | stamps n=7221 tp=0 age50=133 max=399 | idfrac=0.9977
# HOLE t=406.00 Eh=776.241380 nin=195 eatF=408.4684 eatM=138.4185 eatS=229.3545
# QATOM t=406.70 dir=DF w=2.43051729 e=0.44485316765 i=2406 Em=0.6552 gid=3811
# QATOM t=407.92 dir=FD w=1.64110196 e=0.300367912786 i=511 Em=0.0092 gid=0
t=  408.00 -1.92e-15 | 0.0235  5.97   8221    2   7842   8864 | 1.2987 18.53 | 5.74e-03 1.66e-02 |   0.0000 0.0000  0.0000  0.0000 0.000  0.00
# PAR t=408.00 gids n=2493 mint=4670 ret=2177 age=[113 303 383] | sdeath tp n=0 [0.0 0.0 0.0] ba n=4096 [0.4 2.5 195.0] | stamps n=7246 tp=0 age50=133 max=401 | idfrac=0.9977
# HOLE t=408.00 Eh=776.730435 nin=194 eatF=408.5530 eatM=138.4347 eatS=229.7427
# QATOM t=409.12 dir=DF w=2.51856059 e=0.460967572649 i=2131 Em=0.8505 gid=2538
t=  410.00 -1.92e-15 | 0.0234  5.97   8223    2   7857   8884 | 1.2988 18.53 | 9.89e-03 2.09e-02 |   0.0000 0.0000  0.0000  0.0000 0.000  0.00
# PAR t=410.00 gids n=2488 mint=4684 ret=2196 age=[113 303 384] | sdeath tp n=0 [0.0 0.0 0.0] ba n=4096 [0.4 2.5 196.2] | stamps n=7216 tp=0 age50=133 max=403 | idfrac=0.9977
# HOLE t=410.00 Eh=777.191072 nin=193 eatF=408.6411 eatM=138.4528 eatS=230.0972
# QATOM t=410.28 dir=DF w=2.54032075 e=0.464950294217 i=935 Em=0.5740 gid=1379
# QATOM t=411.38 dir=DF w=2.30931716 e=0.422670127551 i=1158 Em=0.4989 gid=2587
t=  412.00 -1.92e-15 | 0.0234  5.97   8220    2   7882   8905 | 1.2986 18.56 | 6.91e-03 1.84e-02 |   0.0000 0.0000  0.0000  0.0000 0.000  0.00
# PAR t=412.00 gids n=2493 mint=4701 ret=2208 age=[112 303 386] | sdeath tp n=0 [0.0 0.0 0.0] ba n=4096 [0.4 2.5 197.2] | stamps n=7238 tp=0 age50=132 max=405 | idfrac=0.9977
# HOLE t=412.00 Eh=777.617679 nin=193 eatF=408.7159 eatM=138.4710 eatS=230.4307
# QATOM t=412.42 dir=DF w=2.1723998 e=0.397610391307 i=2625 Em=0.5504 gid=2150
# QATOM t=413.74 dir=DF w=2.27019626 e=0.415509899164 i=337 Em=0.5398 gid=546
t=  414.00 -1.92e-15 | 0.0234  5.96   8215    1   7904   8923 | 1.2989 18.54 | 4.85e-03 1.41e-02 |   0.0000 0.0000  0.0000  0.0000 0.000  0.00
# PAR t=414.00 gids n=2495 mint=4717 ret=2222 age=[111 303 388] | sdeath tp n=0 [0.0 0.0 0.0] ba n=4096 [0.4 2.5 198.3] | stamps n=7252 tp=0 age50=132 max=407 | idfrac=0.9978
# HOLE t=414.00 Eh=779.724807 nin=193 eatF=409.0619 eatM=139.8872 eatS=230.7758
# QATOM t=414.92 dir=FD w=1.27653527 e=0.233641932521 i=1031 Em=0.5286 gid=3531
t=  416.00 -1.92e-15 | 0.0235  5.96   8216    1   7916   8940 | 1.2986 18.54 | 5.69e-03 1.80e-02 |   0.0000 0.0000  0.0000  0.0000 0.000  0.00
# PAR t=416.00 gids n=2490 mint=4733 ret=2243 age=[110 302 390] | sdeath tp n=0 [0.0 0.0 0.0] ba n=4096 [0.4 2.5 198.8] | stamps n=7222 tp=0 age50=131 max=409 | idfrac=0.9978
# HOLE t=416.00 Eh=780.203542 nin=193 eatF=409.1639 eatM=139.9055 eatS=231.1341
# QATOM t=416.22 dir=FD w=1.42190108 e=0.260247973747 i=2520 Em=0.1692 gid=3112
# QATOM t=417.32 dir=FD w=1.43333358 e=0.262340443269 i=558 Em=0.1642 gid=1587
t=  418.00 -1.92e-15 | 0.0234  5.96   8214    6   7955   8964 | 1.2980 18.58 | 6.35e-03 1.57e-02 |   0.0000 0.0000  0.0000  0.0000 0.000  0.00
# PAR t=418.00 gids n=2482 mint=4744 ret=2262 age=[111 304 391] | sdeath tp n=0 [0.0 0.0 0.0] ba n=4096 [0.4 2.4 199.0] | stamps n=7174 tp=0 age50=131 max=411 | idfrac=0.9978
# HOLE t=418.00 Eh=780.689452 nin=193 eatF=409.2586 eatM=139.9245 eatS=231.5064
# QATOM t=418.48 dir=FD w=1.64081366 e=0.300315145959 i=1242 Em=0.0066 gid=3550
# QATOM t=419.74 dir=FD w=1.39995721 e=0.256231626368 i=2539 Em=0.2254 gid=4374
t=  420.00 -1.92e-15 | 0.0234  5.97   8219    4   7981   8996 | 1.2981 18.59 | 7.65e-03 2.05e-02 |   0.0000 0.0000  0.0000  0.0000 0.000  0.00
# PAR t=420.00 gids n=2483 mint=4756 ret=2273 age=[112 306 393] | sdeath tp n=0 [0.0 0.0 0.0] ba n=4096 [0.4 2.4 203.4] | stamps n=7181 tp=0 age50=132 max=413 | idfrac=0.9978
# HOLE t=420.00 Eh=781.157109 nin=192 eatF=409.3518 eatM=139.9412 eatS=231.8641
# QATOM t=420.96 dir=DF w=2.50212003 e=0.457958485849 i=567 Em=0.5238 gid=517
t=  422.00 -1.92e-15 | 0.0234  5.97   8221    1   7999   9028 | 1.2983 18.59 | 5.96e-03 1.66e-02 |   0.0000 0.0000  0.0000  0.0000 0.000  0.00
# PAR t=422.00 gids n=2482 mint=4767 ret=2285 age=[111 303 395] | sdeath tp n=0 [0.0 0.0 0.0] ba n=4096 [0.4 2.4 205.9] | stamps n=7172 tp=0 age50=133 max=415 | idfrac=0.9978
# HOLE t=422.00 Eh=781.630581 nin=192 eatF=409.4594 eatM=139.9557 eatS=232.2155
# QATOM t=422.20 dir=FD w=1.33313169 e=0.244000673764 i=1293 Em=0.2894 gid=3579
# QATOM t=423.48 dir=FD w=1.45417063 e=0.266154210481 i=436 Em=0.1897 gid=3423
t=  424.00 -1.92e-15 | 0.0234  5.96   8216    4   8020   9045 | 1.2991 18.56 | 5.62e-03 1.67e-02 |   0.0000 0.0000  0.0000  0.0000 0.000  0.00
# PAR t=424.00 gids n=2479 mint=4778 ret=2299 age=[109 304 397] | sdeath tp n=0 [0.0 0.0 0.0] ba n=4096 [0.4 2.4 208.1] | stamps n=7151 tp=0 age50=133 max=417 | idfrac=0.9978
# HOLE t=424.00 Eh=782.849847 nin=192 eatF=409.9867 eatM=140.2774 eatS=232.5858
# QATOM t=424.54 dir=FD w=1.46502828 e=0.268141465638 i=748 Em=0.1981 gid=3610
# QATOM t=425.64 dir=FD w=1.64367029 e=0.300837989865 i=1566 Em=0.0037 gid=1123
t=  426.00 -1.92e-15 | 0.0234  5.97   8217    5   8044   9066 | 1.2993 18.56 | 8.28e-03 1.66e-02 |   0.0000 0.0000  0.0000  0.0000 0.000  0.00
# PAR t=426.00 gids n=2482 mint=4794 ret=2312 age=[109 302 399] | sdeath tp n=0 [0.0 0.0 0.0] ba n=4096 [0.4 2.4 209.6] | stamps n=7175 tp=0 age50=132 max=419 | idfrac=0.9978
# HOLE t=426.00 Eh=784.522176 nin=193 eatF=410.0929 eatM=141.4901 eatS=232.9392
# QATOM t=426.78 dir=DF w=2.39885716 e=0.439058471241 i=2416 Em=0.5092 gid=4106
# QATOM t=427.88 dir=FD w=1.29126058 e=0.236337078857 i=2684 Em=0.4856 gid=1825
t=  428.00 -1.92e-15 | 0.0234  5.97   8220    5   8063   9085 | 1.2989 18.59 | 5.36e-03 1.72e-02 |   0.0000 0.0000  0.0000  0.0000 0.000  0.00
# PAR t=428.00 gids n=2489 mint=4816 ret=2327 age=[108 301 401] | sdeath tp n=0 [0.0 0.0 0.0] ba n=4096 [0.4 2.4 213.0] | stamps n=7220 tp=0 age50=130 max=421 | idfrac=0.9978
# HOLE t=428.00 Eh=786.589012 nin=193 eatF=410.2012 eatM=143.0931 eatS=233.2947
# QATOM t=429.22 dir=DF w=2.59030275 e=0.474098410287 i=621 Em=0.5065 gid=4206
t=  430.00 -1.73e-15 | 0.0234  5.96   8215    0   8080   9099 | 1.2984 18.61 | 6.05e-03 1.78e-02 |   0.0000 0.0000  0.0000  0.0000 0.000  0.00
# PAR t=430.00 gids n=2487 mint=4826 ret=2339 age=[107 302 403] | sdeath tp n=0 [0.0 0.0 0.0] ba n=4096 [0.4 2.4 213.6] | stamps n=7211 tp=0 age50=130 max=423 | idfrac=0.9978
# HOLE t=430.00 Eh=787.518287 nin=193 eatF=410.3642 eatM=143.5140 eatS=233.6401
# QATOM t=430.52 dir=DF w=2.38246136 e=0.436057578352 i=1740 Em=0.6505 gid=4567
# QATOM t=431.66 dir=DF w=2.83991076 e=0.519783710705 i=1866 Em=0.7238 gid=4342
t=  432.00 -1.92e-15 | 0.0234  5.96   8213    0   8089   9113 | 1.2985 18.59 | 5.58e-03 1.45e-02 |   0.0000 0.0000  0.0000  0.0000 0.000  0.00
# PAR t=432.00 gids n=2478 mint=4839 ret=2361 age=[108 301 404] | sdeath tp n=0 [0.0 0.0 0.0] ba n=4096 [0.4 2.4 215.0] | stamps n=7159 tp=0 age50=129 max=425 | idfrac=0.9978
# HOLE t=432.00 Eh=788.006451 nin=193 eatF=410.4370 eatM=143.5384 eatS=234.0311
# QATOM t=433.02 dir=FD w=1.63398057 e=0.2990644969 i=2310 Em=0.0184 gid=4379
t=  434.00 -1.73e-15 | 0.0234  5.97   8226    2   8110   9128 | 1.2984 18.66 | 8.78e-03 1.55e-02 |   0.0000 0.0000  0.0000  0.0000 0.000  0.00
# PAR t=434.00 gids n=2472 mint=4854 ret=2382 age=[106 300 406] | sdeath tp n=0 [0.0 0.0 0.0] ba n=4096 [0.4 2.4 216.0] | stamps n=7121 tp=0 age50=130 max=427 | idfrac=0.9978
# HOLE t=434.00 Eh=789.821793 nin=195 eatF=411.3388 eatM=143.9235 eatS=234.5595
# QATOM t=434.12 dir=FD w=1.62595536 e=0.297595657809 i=293 Em=0.0256 gid=3882
# QATOM t=435.18 dir=FD w=1.48328551 e=0.271483053443 i=2525 Em=0.1062 gid=4550
t=  436.00 -1.73e-15 | 0.0234  5.97   8230    5   8130   9152 | 1.2981 18.67 | 6.19e-03 1.69e-02 |   0.0000 0.0000  0.0000  0.0000 0.000  0.00
# PAR t=436.00 gids n=2481 mint=4871 ret=2390 age=[104 299 408] | sdeath tp n=0 [0.0 0.0 0.0] ba n=4096 [0.4 2.4 218.1] | stamps n=7177 tp=0 age50=129 max=429 | idfrac=0.9978
# HOLE t=436.00 Eh=790.359501 nin=194 eatF=411.4165 eatM=143.9432 eatS=234.9998
# QATOM t=436.34 dir=FD w=1.44031557 e=0.263618344869 i=1576 Em=0.2763 gid=3662
# QATOM t=437.48 dir=DF w=2.59929417 e=0.475744092269 i=1712 Em=0.5167 gid=4281
t=  438.00 -1.73e-15 | 0.0234  5.97   8226    0   8141   9166 | 1.2981 18.66 | 5.96e-03 1.91e-02 |   0.0000 0.0000  0.0000  0.0000 0.000  0.00
# PAR t=438.00 gids n=2481 mint=4882 ret=2401 age=[105 295 410] | sdeath tp n=0 [0.0 0.0 0.0] ba n=4096 [0.4 2.4 218.7] | stamps n=7180 tp=0 age50=130 max=431 | idfrac=0.9978
# HOLE t=438.00 Eh=791.218318 nin=195 eatF=411.8142 eatM=143.9633 eatS=235.4409
# QATOM t=438.64 dir=FD w=1.27928935 e=0.468292014134 i=1049 Em=0.5482 gid=4405
# QATOM t=439.86 dir=DF w=2.45686858 e=0.449676196405 i=2487 Em=0.9319 gid=4565
t=  440.00 -1.73e-15 | 0.0234  5.97   8217    3   8157   9180 | 1.2983 18.62 | 5.05e-03 1.39e-02 |   0.0000 0.0000  0.0000  0.0000 0.000  0.00
# PAR t=440.00 gids n=2475 mint=4898 ret=2423 age=[104 293 411] | sdeath tp n=0 [0.0 0.0 0.0] ba n=4096 [0.4 2.4 219.1] | stamps n=7151 tp=0 age50=127 max=433 | idfrac=0.9978
# HOLE t=440.00 Eh=794.215048 nin=197 eatF=412.2112 eatM=146.1620 eatS=235.8418
# QATOM t=441.16 dir=FD w=1.30175361 e=0.238257599702 i=1709 Em=0.4849 gid=2086
t=  442.00 -1.73e-15 | 0.0234  5.97   8217    1   8175   9199 | 1.2981 18.64 | 5.08e-03 1.49e-02 |   0.0000 0.0000  0.0000  0.0000 0.000  0.00
# PAR t=442.00 gids n=2478 mint=4915 ret=2437 age=[104 292 413] | sdeath tp n=0 [0.0 0.0 0.0] ba n=4096 [0.4 2.4 221.8] | stamps n=7167 tp=0 age50=125 max=435 | idfrac=0.9978
# HOLE t=442.00 Eh=794.693812 nin=197 eatF=412.3039 eatM=146.1760 eatS=236.2139
# QATOM t=442.22 dir=FD w=1.44662171 e=0.264772544963 i=280 Em=0.2556 gid=4211
# QATOM t=443.48 dir=FD w=1.46916896 e=0.268899327645 i=183 Em=0.2379 gid=3952
t=  444.00 -1.73e-15 | 0.0234  5.97   8220    2   8191   9212 | 1.2982 18.63 | 7.64e-03 1.67e-02 |   0.0000 0.0000  0.0000  0.0000 0.000  0.00
# PAR t=444.00 gids n=2471 mint=4924 ret=2453 age=[105 293 415] | sdeath tp n=0 [0.0 0.0 0.0] ba n=4096 [0.4 2.4 222.2] | stamps n=7122 tp=0 age50=126 max=437 | idfrac=0.9978
# HOLE t=444.00 Eh=795.176414 nin=196 eatF=412.3982 eatM=146.1939 eatS=236.5842
# QATOM t=444.62 dir=FD w=1.41176708 e=0.258393164768 i=1129 Em=0.2774 gid=3311
# QATOM t=445.90 dir=FD w=1.62399891 e=0.297237571833 i=664 Em=0.0297 gid=394
t=  446.00 -1.73e-15 | 0.0234  5.97   8219    3   8204   9225 | 1.2982 18.64 | 1.50e-02 1.80e-02 |   0.0000 0.0000  0.0000  0.0000 0.000  0.00
# PAR t=446.00 gids n=2466 mint=4938 ret=2472 age=[105 292 417] | sdeath tp n=0 [0.0 0.0 0.0] ba n=4096 [0.4 2.4 222.7] | stamps n=7099 tp=0 age50=125 max=439 | idfrac=0.9979
# HOLE t=446.00 Eh=797.048390 nin=197 eatF=412.5291 eatM=147.5529 eatS=236.9663
# QATOM t=447.04 dir=DF w=2.17094436 e=0.397344004249 i=761 Em=0.5155 gid=1119
t=  448.00 -1.73e-15 | 0.0234  5.97   8226    1   8216   9250 | 1.2981 18.68 | 5.50e-03 1.38e-02 |   0.0000 0.0000  0.0000  0.0000 0.000  0.00
# PAR t=448.00 gids n=2464 mint=4954 ret=2490 age=[105 291 418] | sdeath tp n=0 [0.0 0.0 0.0] ba n=4096 [0.4 2.4 224.6] | stamps n=7087 tp=0 age50=125 max=441 | idfrac=0.9979
# HOLE t=448.00 Eh=797.561641 nin=197 eatF=412.6343 eatM=147.5728 eatS=237.3545
# QATOM t=448.32 dir=FD w=1.26906399 e=0.232274478626 i=1418 Em=0.5750 gid=6
# QATOM t=449.46 dir=DF w=2.00834019 e=0.367582859784 i=2689 Em=0.9218 gid=878
t=  450.00 -1.73e-15 | 0.0234  5.98   8231    3   8234   9267 | 1.2977 18.71 | 9.11e-03 1.80e-02 |   0.0000 0.0000  0.0000  0.0000 0.000  0.00
# PAR t=450.00 gids n=2458 mint=4972 ret=2514 age=[104 289 420] | sdeath tp n=0 [0.0 0.0 0.0] ba n=4096 [0.4 2.4 225.1] | stamps n=7045 tp=0 age50=122 max=443 | idfrac=0.9979
# HOLE t=450.00 Eh=798.042800 nin=197 eatF=412.7334 eatM=147.5896 eatS=237.7198
# QATOM t=450.66 dir=FD w=1.30398104 e=0.238665282855 i=2112 Em=0.4042 gid=4436
# QATOM t=451.90 dir=DF w=2.28967568 e=0.419075183661 i=898 Em=0.5448 gid=3584
t=  452.00 -1.73e-15 | 0.0234  5.97   8230    2   8248   9279 | 1.2980 18.69 | 7.31e-03 1.65e-02 |   0.0000 0.0000  0.0000  0.0000 0.000  0.00
# PAR t=452.00 gids n=2459 mint=4987 ret=2528 age=[103 289 422] | sdeath tp n=0 [0.0 0.0 0.0] ba n=4096 [0.4 2.4 227.8] | stamps n=7054 tp=0 age50=120 max=445 | idfrac=0.9979
# HOLE t=452.00 Eh=799.531032 nin=198 eatF=412.8626 eatM=148.5709 eatS=238.0975
# QATOM t=453.06 dir=DF w=2.68048647 e=0.490604573112 i=1211 Em=0.8113 gid=4743
t=  454.00 -1.73e-15 | 0.0234  5.97   8227    2   8266   9292 | 1.2979 18.70 | 7.88e-03 2.03e-02 |   0.0000 0.0000  0.0000  0.0000 0.000  0.00
# PAR t=454.00 gids n=2461 mint=5004 ret=2543 age=[103 289 424] | sdeath tp n=0 [0.0 0.0 0.0] ba n=4096 [0.4 2.4 228.8] | stamps n=7060 tp=0 age50=120 max=447 | idfrac=0.9979
# HOLE t=454.00 Eh=800.031680 nin=197 eatF=412.9790 eatM=148.5860 eatS=238.4667
# QATOM t=454.30 dir=DF w=2.37924364 e=0.435468644957 i=924 Em=0.6772 gid=4246
# QATOM t=455.52 dir=FD w=1.2663218 e=0.231772580423 i=2286 Em=0.5363 gid=2435
t=  456.00 -1.73e-15 | 0.0234  5.97   8224    1   8273   9307 | 1.2977 18.72 | 5.10e-03 1.69e-02 |   0.0000 0.0000  0.0000  0.0000 0.000  0.00
# PAR t=456.00 gids n=2467 mint=5023 ret=2556 age=[102 285 425] | sdeath tp n=0 [0.0 0.0 0.0] ba n=4096 [0.4 2.4 229.8] | stamps n=7093 tp=0 age50=120 max=449 | idfrac=0.9979
# HOLE t=456.00 Eh=802.300102 nin=197 eatF=413.0849 eatM=150.3982 eatS=238.8171
# QATOM t=456.80 dir=DF w=2.19262821 e=0.401312760714 i=56 Em=0.4981 gid=1132
t=  458.00 -1.73e-15 | 0.0234  5.98   8236    2   8280   9320 | 1.2975 18.75 | 7.06e-03 1.94e-02 |   0.0000 0.0000  0.0000  0.0000 0.000  0.00
# PAR t=458.00 gids n=2474 mint=5044 ret=2570 age=[102 285 427] | sdeath tp n=0 [0.0 0.0 0.0] ba n=4096 [0.4 2.4 230.2] | stamps n=7134 tp=0 age50=119 max=451 | idfrac=0.9979
# HOLE t=458.00 Eh=803.736784 nin=197 eatF=413.4765 eatM=151.0717 eatS=239.1886
# QATOM t=458.10 dir=DF w=2.41577116 e=0.442154209711 i=1918 Em=0.6115 gid=794
# QATOM t=459.36 dir=FD w=1.38799835 e=0.254042818653 i=1548 Em=0.3768 gid=400
t=  460.00 -1.73e-15 | 0.0233  5.98   8244    2   8291   9335 | 1.2975 18.77 | 6.14e-03 1.68e-02 |   0.0000 0.0000  0.0000  0.0000 0.000  0.00
# PAR t=460.00 gids n=2472 mint=5057 ret=2585 age=[102 285 428] | sdeath tp n=0 [0.0 0.0 0.0] ba n=4096 [0.4 2.4 231.6] | stamps n=7127 tp=0 age50=120 max=453 | idfrac=0.9979
# HOLE t=460.00 Eh=804.229808 nin=197 eatF=413.5805 eatM=151.0923 eatS=239.5570
# QATOM t=460.64 dir=FD w=1.27563994 e=0.233478061829 i=2629 Em=0.4858 gid=1666
# QATOM t=461.92 dir=FD w=1.60627542 e=0.293993673409 i=2491 Em=0.0488 gid=4122
t=  462.00 -1.73e-15 | 0.0233  5.99   8247    1   8297   9343 | 1.2975 18.78 | 7.21e-03 1.52e-02 |   0.0000 0.0000  0.0000  0.0000 0.000  0.00
# PAR t=462.00 gids n=2469 mint=5065 ret=2596 age=[103 286 430] | sdeath tp n=0 [0.0 0.0 0.0] ba n=4096 [0.4 2.4 232.1] | stamps n=7107 tp=0 age50=121 max=455 | idfrac=0.9979
# HOLE t=462.00 Eh=805.128220 nin=198 eatF=414.0712 eatM=151.1134 eatS=239.9436
# QATOM t=463.12 dir=DF w=2.61046221 e=0.477788159531 i=1582 Em=0.5195 gid=2276
t=  464.00 -1.73e-15 | 0.0233  5.98   8238    0   8309   9354 | 1.2973 18.81 | 4.60e-03 1.53e-02 |   0.0000 0.0000  0.0000  0.0000 0.000  0.00
# PAR t=464.00 gids n=2467 mint=5080 ret=2613 age=[103 287 432] | sdeath tp n=0 [0.0 0.0 0.0] ba n=4096 [0.4 2.4 233.0] | stamps n=7101 tp=0 age50=122 max=457 | idfrac=0.9979
# HOLE t=464.00 Eh=806.640855 nin=199 eatF=414.3712 eatM=151.9806 eatS=240.2890
# QATOM t=464.16 dir=FD w=1.63477398 e=0.299209714104 i=2680 Em=0.0130 gid=452
# QATOM t=465.38 dir=DF w=2.58311333 e=0.472782543196 i=590 Em=0.5248 gid=3813
t=  466.00 -1.73e-15 | 0.0233  5.97   8228    3   8325   9360 | 1.2971 18.80 | 8.97e-03 2.15e-02 |   0.0000 0.0000  0.0000  0.0000 0.000  0.00
# PAR t=466.00 gids n=2467 mint=5092 ret=2625 age=[104 287 434] | sdeath tp n=0 [0.0 0.0 0.0] ba n=4096 [0.4 2.4 233.0] | stamps n=7098 tp=0 age50=123 max=459 | idfrac=0.9979
# HOLE t=466.00 Eh=807.076580 nin=198 eatF=414.4256 eatM=152.0013 eatS=240.6497
# QATOM t=466.52 dir=FD w=1.43060198 e=0.261840483006 i=1691 Em=0.2317 gid=3016
# QATOM t=467.90 dir=FD w=1.03357109 e=0.18917263992 i=1560 Em=1.2401 gid=2015
t=  468.00 -1.92e-15 | 0.0233  5.98   8232    2   8341   9379 | 1.2972 18.81 | 7.26e-03 1.77e-02 |   0.0000 0.0000  0.0000  0.0000 0.000  0.00
# PAR t=468.00 gids n=2469 mint=5106 ret=2637 age=[104 286 436] | sdeath tp n=0 [0.0 0.0 0.0] ba n=4096 [0.4 2.4 234.7] | stamps n=7113 tp=0 age50=123 max=461 | idfrac=0.9979
# HOLE t=468.00 Eh=807.515792 nin=198 eatF=414.4997 eatM=152.0205 eatS=240.9956
# QATOM t=468.96 dir=FD w=1.51587856 e=0.277448501228 i=1488 Em=0.1458 gid=3358
t=  470.00 -1.92e-15 | 0.0233  5.98   8237    5   8353   9393 | 1.2974 18.81 | 9.73e-03 2.05e-02 |   0.0000 0.0000  0.0000  0.0000 0.000  0.00
# PAR t=470.00 gids n=2475 mint=5123 ret=2648 age=[104 286 438] | sdeath tp n=0 [0.0 0.0 0.0] ba n=4096 [0.4 2.4 236.9] | stamps n=7150 tp=0 age50=121 max=462 | idfrac=0.9979
# HOLE t=470.00 Eh=810.698907 nin=200 eatF=414.7247 eatM=154.6277 eatS=241.3465
# QATOM t=470.16 dir=DF w=2.67590475 e=0.489765989284 i=1597 Em=0.7025 gid=4226
# QATOM t=471.56 dir=DF w=2.31961443 e=0.424554817238 i=2320 Em=0.4585 gid=4697
t=  472.00 -1.92e-15 | 0.0233  5.98   8232    2   8371   9408 | 1.2972 18.80 | 5.71e-03 1.74e-02 |   0.0000 0.0000  0.0000  0.0000 0.000  0.00
# PAR t=472.00 gids n=2469 mint=5136 ret=2667 age=[106 288 440] | sdeath tp n=0 [0.0 0.0 0.0] ba n=4096 [0.4 2.4 239.1] | stamps n=7119 tp=0 age50=122 max=464 | idfrac=0.9979
# HOLE t=472.00 Eh=811.216363 nin=200 eatF=414.8372 eatM=154.6472 eatS=241.7319
# QATOM t=472.76 dir=FD w=1.56493064 e=0.286426413587 i=1644 Em=0.1015 gid=1658
# QATOM t=473.88 dir=FD w=1.57919145 e=0.289036544908 i=2293 Em=0.0925 gid=2026
t=  474.00 -1.92e-15 | 0.0233  5.98   8237    1   8392   9425 | 1.2972 18.81 | 7.32e-03 1.71e-02 |   0.0000 0.0000  0.0000  0.0000 0.000  0.00
# PAR t=474.00 gids n=2476 mint=5152 ret=2676 age=[104 286 441] | sdeath tp n=0 [0.0 0.0 0.0] ba n=4096 [0.4 2.4 240.8] | stamps n=7159 tp=0 age50=122 max=466 | idfrac=0.9979
# HOLE t=474.00 Eh=811.674675 nin=198 eatF=414.9206 eatM=154.6675 eatS=242.0866
# QATOM t=475.06 dir=DF w=2.14547528 e=0.392682445764 i=1917 Em=0.7091 gid=999
t=  476.00 -1.92e-15 | 0.0233  5.98   8235    1   8398   9435 | 1.2971 18.81 | 5.90e-03 1.48e-02 |   0.0000 0.0000  0.0000  0.0000 0.000  0.00
# PAR t=476.00 gids n=2481 mint=5165 ret=2684 age=[104 285 443] | sdeath tp n=0 [0.0 0.0 0.0] ba n=4096 [0.4 2.4 240.9] | stamps n=7195 tp=0 age50=121 max=468 | idfrac=0.9979
# HOLE t=476.00 Eh=813.568319 nin=200 eatF=415.2070 eatM=155.9205 eatS=242.4407
# QATOM t=476.24 dir=FD w=1.48724177 e=0.272207161961 i=2217 Em=0.2164 gid=3459
# QATOM t=477.54 dir=DF w=2.47272376 e=0.452578140501 i=2450 Em=0.6206 gid=2768
t=  478.00 -1.92e-15 | 0.0233  5.97   8227    1   8415   9449 | 1.2969 18.80 | 8.67e-03 2.03e-02 |   0.0000 0.0000  0.0000  0.0000 0.000  0.00
# PAR t=478.00 gids n=2481 mint=5176 ret=2695 age=[105 285 445] | sdeath tp n=0 [0.0 0.0 0.0] ba n=4096 [0.4 2.4 241.6] | stamps n=7194 tp=0 age50=122 max=470 | idfrac=0.9979
# HOLE t=478.00 Eh=814.037360 nin=199 eatF=415.2784 eatM=155.9390 eatS=242.8200
# QATOM t=478.66 dir=FD w=1.47751528 e=0.270426938705 i=1933 Em=0.1520 gid=5023
# QATOM t=479.92 dir=FD w=1.41326788 e=0.25866785484 i=2240 Em=0.2596 gid=2787
t=  480.00 -1.92e-15 | 0.0233  5.98   8236    1   8420   9459 | 1.2967 18.83 | 1.08e-02 2.02e-02 |   0.0000 0.0000  0.0000  0.0000 0.000  0.00
# PAR t=480.00 gids n=2481 mint=5190 ret=2709 age=[104 286 447] | sdeath tp n=0 [0.0 0.0 0.0] ba n=4096 [0.4 2.4 242.8] | stamps n=7186 tp=0 age50=124 max=472 | idfrac=0.9979
# HOLE t=480.00 Eh=814.548041 nin=199 eatF=415.3968 eatM=155.9594 eatS=243.1918
# QATOM t=481.26 dir=DF w=2.24672255 e=0.411213549316 i=1943 Em=0.5609 gid=2566
t=  482.00 -1.92e-15 | 0.0233  5.98   8236    1   8433   9473 | 1.2967 18.84 | 7.96e-03 1.46e-02 |   0.0000 0.0000  0.0000  0.0000 0.000  0.00
# PAR t=482.00 gids n=2485 mint=5201 ret=2716 age=[103 284 448] | sdeath tp n=0 [0.0 0.0 0.0] ba n=4096 [0.4 2.5 244.9] | stamps n=7209 tp=0 age50=123 max=474 | idfrac=0.9979
# HOLE t=482.00 Eh=815.011497 nin=199 eatF=415.5046 eatM=155.9794 eatS=243.5275
# QATOM t=482.50 dir=FD w=1.3501914 e=0.247123080404 i=1053 Em=0.4275 gid=4957
# QATOM t=483.82 dir=FD w=1.36024391 e=0.2489629736 i=916 Em=0.4198 gid=4595
t=  484.00 -1.92e-15 | 0.0233  5.98   8239    1   8440   9482 | 1.2967 18.85 | 7.94e-03 1.60e-02 |   0.0000 0.0000  0.0000  0.0000 0.000  0.00
# PAR t=484.00 gids n=2473 mint=5210 ret=2737 age=[104 285 450] | sdeath tp n=0 [0.0 0.0 0.0] ba n=4096 [0.4 2.5 245.5] | stamps n=7139 tp=0 age50=125 max=476 | idfrac=0.9979
# HOLE t=484.00 Eh=815.473154 nin=198 eatF=415.6086 eatM=155.9975 eatS=243.8671
# QATOM t=485.14 dir=FD w=1.5783655 e=0.57777074525 i=147 Em=0.0911 gid=2698
t=  486.00 -1.92e-15 | 0.0233  5.99   8245    1   8448   9492 | 1.2972 18.86 | 6.85e-03 1.91e-02 |   0.0000 0.0000  0.0000  0.0000 0.000  0.00
# PAR t=486.00 gids n=2468 mint=5223 ret=2755 age=[105 286 452] | sdeath tp n=0 [0.0 0.0 0.0] ba n=4096 [0.4 2.5 246.7] | stamps n=7116 tp=0 age50=125 max=478 | idfrac=0.9979
# HOLE t=486.00 Eh=817.377278 nin=199 eatF=415.9659 eatM=157.1847 eatS=244.2267
# QATOM t=486.46 dir=FD w=1.44551192 e=0.264569423336 i=337 Em=0.2818 gid=546
# QATOM t=487.64 dir=FD w=1.35953292 e=0.24883284271 i=871 Em=0.4447 gid=3760
t=  488.00 -1.92e-15 | 0.0233  5.98   8239    4   8455   9497 | 1.2970 18.85 | 7.45e-03 1.70e-02 |   0.0000 0.0000  0.0000  0.0000 0.000  0.00
# PAR t=488.00 gids n=2471 mint=5247 ret=2776 age=[104 283 454] | sdeath tp n=0 [0.0 0.0 0.0] ba n=4096 [0.5 2.5 247.3] | stamps n=7136 tp=0 age50=124 max=480 | idfrac=0.9980
# HOLE t=488.00 Eh=817.920356 nin=199 eatF=416.0638 eatM=157.2045 eatS=244.6520
# QATOM t=488.94 dir=FD w=1.54593537 e=0.282949744034 i=2669 Em=0.0621 gid=3688
t=  490.00 -1.92e-15 | 0.0233  5.98   8239    2   8469   9508 | 1.2969 18.88 | 6.49e-03 1.47e-02 |   0.0000 0.0000  0.0000  0.0000 0.000  0.00
# PAR t=490.00 gids n=2474 mint=5265 ret=2791 age=[104 283 456] | sdeath tp n=0 [0.0 0.0 0.0] ba n=4096 [0.5 2.5 248.6] | stamps n=7154 tp=0 age50=124 max=482 | idfrac=0.9980
# HOLE t=490.00 Eh=819.912309 nin=199 eatF=416.8385 eatM=158.0371 eatS=245.0367
# QATOM t=490.08 dir=DF w=2.258448 e=0.413359637752 i=2554 Em=0.5256 gid=5135
# QATOM t=491.42 dir=FD w=1.64350826 e=0.300808333871 i=838 Em=0.0074 gid=0
t=  492.00 -1.92e-15 | 0.0233  5.98   8240    2   8489   9528 | 1.2966 18.90 | 7.98e-03 1.64e-02 |   0.0000 0.0000  0.0000  0.0000 0.000  0.00
# PAR t=492.00 gids n=2465 mint=5272 ret=2807 age=[105 285 458] | sdeath tp n=0 [0.0 0.0 0.0] ba n=4096 [0.5 2.5 250.5] | stamps n=7102 tp=0 age50=126 max=484 | idfrac=0.9980
# HOLE t=492.00 Eh=821.689789 nin=200 eatF=416.9412 eatM=159.3575 eatS=245.3911
# QATOM t=492.68 dir=DF w=2.43658479 e=0.445963690667 i=1740 Em=0.5235 gid=4567
# QATOM t=493.90 dir=FD w=1.42633651 e=0.261059781605 i=1177 Em=0.3143 gid=4584
t=  494.00 -1.92e-15 | 0.0233  5.98   8240    0   8503   9536 | 1.2965 18.91 | 5.64e-03 1.73e-02 |   0.0000 0.0000  0.0000  0.0000 0.000  0.00
# PAR t=494.00 gids n=2465 mint=5285 ret=2820 age=[106 283 460] | sdeath tp n=0 [0.0 0.0 0.0] ba n=4096 [0.5 2.5 251.3] | stamps n=7108 tp=0 age50=126 max=486 | idfrac=0.9980
# HOLE t=494.00 Eh=823.753122 nin=201 eatF=417.2247 eatM=160.7586 eatS=245.7698
# QATOM t=495.10 dir=FD w=1.59239429 e=0.29145303638 i=2221 Em=0.0574 gid=2048
t=  496.00 -1.92e-15 | 0.0233  5.98   8235    4   8524   9550 | 1.2966 18.90 | 9.05e-03 1.84e-02 |   0.0000 0.0000  0.0000  0.0000 0.000  0.00
# PAR t=496.00 gids n=2476 mint=5307 ret=2831 age=[103 279 461] | sdeath tp n=0 [0.0 0.0 0.0] ba n=4096 [0.4 2.5 251.8] | stamps n=7159 tp=0 age50=126 max=488 | idfrac=0.9980
# HOLE t=496.00 Eh=824.267036 nin=201 eatF=417.3282 eatM=160.7781 eatS=246.1607
# QATOM t=496.36 dir=FD w=1.36116792 e=0.249132092571 i=2226 Em=0.3770 gid=3064
# QATOM t=497.56 dir=FD w=1.34371391 e=0.24593751742 i=678 Em=0.3711 gid=2902
t=  498.00 -1.92e-15 | 0.0233  5.98   8238    1   8538   9573 | 1.2968 18.90 | 5.72e-03 1.57e-02 |   0.0000 0.0000  0.0000  0.0000 0.000  0.00
# PAR t=498.00 gids n=2477 mint=5318 ret=2841 age=[103 278 463] | sdeath tp n=0 [0.0 0.0 0.0] ba n=4096 [0.5 2.5 253.3] | stamps n=7167 tp=0 age50=126 max=490 | idfrac=0.9980
# HOLE t=498.00 Eh=824.730867 nin=201 eatF=417.4147 eatM=160.7975 eatS=246.5187
# QATOM t=498.76 dir=FD w=1.6419027 e=0.30051447031 i=996 Em=0.0068 gid=4386
t=  500.00 -1.92e-15 | 0.0233  5.98   8238    2   8548   9588 | 1.2967 18.91 | 7.38e-03 1.39e-02 |   0.0000 0.0000  0.0000  0.0000 0.000  0.00
# PAR t=500.00 gids n=2487 mint=5339 ret=2852 age=[103 274 464] | sdeath tp n=0 [0.0 0.0 0.0] ba n=4096 [0.5 2.5 256.4] | stamps n=7228 tp=0 age50=124 max=492 | idfrac=0.9980
# HOLE t=500.00 Eh=825.189650 nin=201 eatF=417.5157 eatM=160.8164 eatS=246.8576
# QATOM t=500.06 dir=DF w=2.4767552 e=0.453316007003 i=581 Em=0.5188 gid=2883
# QATOM t=501.24 dir=FD w=0.940878003 e=0.172207192749 i=546 Em=1.5700 gid=171
t=  502.00 -1.92e-15 | 0.0233  5.98   8232    0   8560   9599 | 1.2969 18.88 | 6.31e-03 1.83e-02 |   0.0000 0.0000  0.0000  0.0000 0.000  0.00
# PAR t=502.00 gids n=2477 mint=5350 ret=2873 age=[104 276 467] | sdeath tp n=0 [0.0 0.0 0.0] ba n=4096 [0.5 2.5 257.8] | stamps n=7167 tp=0 age50=124 max=494 | idfrac=0.9980
# HOLE t=502.00 Eh=826.386772 nin=199 eatF=417.7333 eatM=161.4739 eatS=247.1796
# QATOM t=502.38 dir=FD w=1.53041305 e=0.280108722174 i=926 Em=0.1065 gid=4102
# QATOM t=503.68 dir=FD w=1.28872038 e=0.235872151438 i=219 Em=0.2834 gid=1382
t=  504.00 -1.73e-15 | 0.0233  5.98   8237    0   8571   9610 | 1.2969 18.91 | 8.03e-03 1.62e-02 |   0.0000 0.0000  0.0000  0.0000 0.000  0.00
# PAR t=504.00 gids n=2471 mint=5362 ret=2891 age=[105 275 468] | sdeath tp n=0 [0.0 0.0 0.0] ba n=4096 [0.5 2.5 257.8] | stamps n=7135 tp=0 age50=124 max=496 | idfrac=0.9980
# HOLE t=504.00 Eh=826.943831 nin=200 eatF=417.9327 eatM=161.4996 eatS=247.5115
# QATOM t=504.86 dir=FD w=1.64329319 e=0.300768968887 i=261 Em=0.0080 gid=0
t=  506.00 -1.73e-15 | 0.0233  5.98   8241    2   8585   9626 | 1.2968 18.93 | 6.41e-03 1.90e-02 |   0.0000 0.0000  0.0000  0.0000 0.000  0.00
# PAR t=506.00 gids n=2476 mint=5387 ret=2911 age=[103 271 469] | sdeath tp n=0 [0.0 0.0 0.0] ba n=4096 [0.5 2.5 258.3] | stamps n=7154 tp=0 age50=123 max=498 | idfrac=0.9980
# HOLE t=506.00 Eh=827.381120 nin=199 eatF=418.0178 eatM=161.5198 eatS=247.8436
# QATOM t=506.12 dir=FD w=1.53709166 e=0.281331096489 i=1017 Em=0.1414 gid=4715
# QATOM t=507.44 dir=DF w=2.1315552 e=0.390134677805 i=1744 Em=0.6836 gid=4786
t=  508.00 -1.73e-15 | 0.0233  5.98   8232    2   8602   9638 | 1.2965 18.93 | 7.20e-03 1.91e-02 |   0.0000 0.0000  0.0000  0.0000 0.000  0.00
# PAR t=508.00 gids n=2476 mint=5400 ret=2924 age=[103 270 471] | sdeath tp n=0 [0.0 0.0 0.0] ba n=4096 [0.5 2.5 259.9] | stamps n=7165 tp=0 age50=124 max=500 | idfrac=0.9980
# HOLE t=508.00 Eh=832.434475 nin=202 eatF=418.9736 eatM=165.2724 eatS=248.1885
# QATOM t=508.72 dir=DF w=2.29610856 e=0.420252580764 i=119 Em=0.5088 gid=2366
t=  510.00 -1.73e-15 | 0.0233  5.98   8233    1   8616   9654 | 1.2968 18.92 | 1.19e-02 2.53e-02 |   0.0000 0.0000  0.0000  0.0000 0.000  0.00
# PAR t=510.00 gids n=2468 mint=5412 ret=2944 age=[103 270 473] | sdeath tp n=0 [0.0 0.0 0.0] ba n=4096 [0.5 2.5 260.2] | stamps n=7121 tp=0 age50=125 max=502 | idfrac=0.9980
# HOLE t=510.00 Eh=832.896975 nin=202 eatF=419.0735 eatM=165.2966 eatS=248.5268
# QATOM t=510.00 dir=FD w=1.59724227 e=0.292340352352 i=789 Em=0.0599 gid=3057
# QATOM t=510.94 dir=FD w=1.54064333 e=0.281981152518 i=699 Em=0.0407 gid=612
t=  512.00 -1.73e-15 | 0.0233  5.98   8233    1   8630   9668 | 1.2970 18.95 | 7.03e-03 1.43e-02 |   0.0000 0.0000  0.0000  0.0000 0.000  0.00
# PAR t=512.00 gids n=2462 mint=5425 ret=2963 age=[103 270 474] | sdeath tp n=0 [0.0 0.0 0.0] ba n=4096 [0.5 2.5 262.0] | stamps n=7089 tp=0 age50=124 max=504 | idfrac=0.9980
# HOLE t=512.00 Eh=833.360128 nin=202 eatF=419.1766 eatM=165.3191 eatS=248.8645
# QATOM t=512.02 dir=DF w=2.33670844 e=0.427683502835 i=921 Em=0.4808 gid=4939
# QATOM t=513.38 dir=FD w=1.20298368 e=0.220179918423 i=100 Em=0.7699 gid=4564
t=  514.00 -1.73e-15 | 0.0233  5.97   8222    2   8641   9684 | 1.2971 18.93 | 4.84e-03 1.42e-02 |   0.0000 0.0000  0.0000  0.0000 0.000  0.00
# PAR t=514.00 gids n=2454 mint=5434 ret=2980 age=[103 269 476] | sdeath tp n=0 [0.0 0.0 0.0] ba n=4096 [0.5 2.5 265.5] | stamps n=7043 tp=0 age50=124 max=506 | idfrac=0.9980
# HOLE t=514.00 Eh=833.853524 nin=202 eatF=419.3086 eatM=165.3440 eatS=249.2009
# QATOM t=514.76 dir=DF w=2.38012809 e=0.435630524176 i=439 Em=0.5922 gid=5085
# QATOM t=515.98 dir=DF w=2.13492977 e=0.390752319541 i=1811 Em=0.7230 gid=924
t=  516.00 -1.73e-15 | 0.0233  5.97   8227    3   8655   9696 | 1.2970 18.93 | 5.60e-03 1.49e-02 |   0.0000 0.0000  0.0000  0.0000 0.000  0.00
# PAR t=516.00 gids n=2452 mint=5451 ret=2999 age=[104 269 478] | sdeath tp n=0 [0.0 0.0 0.0] ba n=4096 [0.5 2.5 266.2] | stamps n=7030 tp=0 age50=122 max=508 | idfrac=0.9980
# HOLE t=516.00 Eh=834.334507 nin=202 eatF=419.4218 eatM=165.3637 eatS=249.5489
# QATOM t=517.08 dir=FD w=1.62202646 e=0.296876558613 i=1801 Em=0.0339 gid=4974
t=  518.00 -1.73e-15 | 0.0233  5.98   8231    4   8669   9707 | 1.2969 18.94 | 6.35e-03 1.70e-02 |   0.0000 0.0000  0.0000  0.0000 0.000  0.00
# PAR t=518.00 gids n=2454 mint=5467 ret=3013 age=[103 267 479] | sdeath tp n=0 [0.0 0.0 0.0] ba n=4096 [0.5 2.5 266.8] | stamps n=7035 tp=0 age50=122 max=510 | idfrac=0.9980
# HOLE t=518.00 Eh=835.028396 nin=201 eatF=419.6991 eatM=165.3839 eatS=249.9454
# QATOM t=518.34 dir=FD w=1.44176506 e=0.263883640874 i=202 Em=0.1536 gid=5029
# QATOM t=519.50 dir=DF w=2.28573508 e=0.418353941546 i=774 Em=0.4742 gid=2683
t=  520.00 -1.73e-15 | 0.0233  5.98   8233    2   8685   9720 | 1.2967 18.97 | 6.59e-03 1.73e-02 |   0.0000 0.0000  0.0000  0.0000 0.000  0.00
# PAR t=520.00 gids n=2451 mint=5485 ret=3034 age=[102 265 481] | sdeath tp n=0 [0.0 0.0 0.0] ba n=4096 [0.5 2.5 268.7] | stamps n=7015 tp=0 age50=123 max=512 | idfrac=0.9980
# HOLE t=520.00 Eh=836.651779 nin=202 eatF=420.3433 eatM=166.0206 eatS=250.2879
# QATOM t=520.68 dir=DF w=2.21316679 e=0.810143800828 i=989 Em=0.8885 gid=4439
# QATOM t=521.84 dir=DF w=2.44738094 e=0.447939690463 i=1215 Em=0.5959 gid=5220
t=  522.00 -1.73e-15 | 0.0233  5.98   8235    0   8697   9738 | 1.2965 19.01 | 7.38e-03 2.00e-02 |   0.0000 0.0000  0.0000  0.0000 0.000  0.00
# PAR t=522.00 gids n=2453 mint=5506 ret=3053 age=[101 261 483] | sdeath tp n=0 [0.0 0.0 0.0] ba n=4096 [0.5 2.5 270.5] | stamps n=7031 tp=0 age50=122 max=514 | idfrac=0.9980
# HOLE t=522.00 Eh=837.157698 nin=202 eatF=420.4423 eatM=166.0445 eatS=250.6709
# QATOM t=522.84 dir=FD w=1.35643586 e=0.248265993198 i=14 Em=0.4113 gid=238
t=  524.00 -1.73e-15 | 0.0233  5.98   8237    1   8716   9754 | 1.2963 19.05 | 9.17e-03 1.89e-02 |   0.0000 0.0000  0.0000  0.0000 0.000  0.00
# PAR t=524.00 gids n=2453 mint=5523 ret=3070 age=[99 260 485] | sdeath tp n=0 [0.0 0.0 0.0] ba n=4096 [0.5 2.5 270.5] | stamps n=7032 tp=0 age50=121 max=516 | idfrac=0.9980
# HOLE t=524.00 Eh=837.608371 nin=202 eatF=420.5395 eatM=166.0699 eatS=250.9989
# QATOM t=524.12 dir=DF w=1.88746375 e=0.345459063731 i=2633 Em=1.0893 gid=584
# QATOM t=525.62 dir=DF w=2.31159976 e=0.423087907169 i=824 Em=0.4373 gid=5399
t=  526.00 -1.73e-15 | 0.0233  5.98   8237    2   8726   9768 | 1.2961 19.06 | 5.82e-03 1.41e-02 |   0.0000 0.0000  0.0000  0.0000 0.000  0.00
# PAR t=526.00 gids n=2454 mint=5538 ret=3084 age=[100 259 487] | sdeath tp n=0 [0.0 0.0 0.0] ba n=4096 [0.5 2.5 270.8] | stamps n=7041 tp=0 age50=120 max=518 | idfrac=0.9980
# HOLE t=526.00 Eh=838.076593 nin=201 eatF=420.6701 eatM=166.0908 eatS=251.3157
# QATOM t=526.72 dir=DF w=2.27627369 e=0.416622241279 i=2628 Em=0.7183 gid=3883
# QATOM t=527.96 dir=DF w=1.8953183 e=0.346896666994 i=345 Em=1.1037 gid=663
t=  528.00 -1.73e-15 | 0.0233  5.98   8241    0   8739   9781 | 1.2962 19.07 | 6.47e-03 1.78e-02 |   0.0000 0.0000  0.0000  0.0000 0.000  0.00
# PAR t=528.00 gids n=2466 mint=5561 ret=3095 age=[99 257 488] | sdeath tp n=0 [0.0 0.0 0.0] ba n=4096 [0.5 2.5 271.4] | stamps n=7107 tp=0 age50=118 max=520 | idfrac=0.9980
# HOLE t=528.00 Eh=838.511783 nin=200 eatF=420.7596 eatM=166.1148 eatS=251.6374
# QATOM t=529.12 dir=DF w=2.28833017 e=0.41882891652 i=1707 Em=0.4384 gid=69
t=  530.00 -1.73e-15 | 0.0233  5.99   8246    0   8750   9796 | 1.2960 19.09 | 5.37e-03 1.86e-02 |   0.0000 0.0000  0.0000  0.0000 0.000  0.00
# PAR t=530.00 gids n=2474 mint=5578 ret=3104 age=[97 258 489] | sdeath tp n=0 [0.0 0.0 0.0] ba n=4096 [0.5 2.5 272.1] | stamps n=7151 tp=0 age50=119 max=522 | idfrac=0.9980
# HOLE t=530.00 Eh=838.892492 nin=199 eatF=420.8340 eatM=166.1326 eatS=251.9259
# QATOM t=530.28 dir=DF w=2.64081717 e=0.483343972393 i=2377 Em=0.5109 gid=4089
# QATOM t=531.62 dir=FD w=1.39054583 e=0.254509078206 i=2551 Em=0.1195 gid=1953
t=  532.00 -1.73e-15 | 0.0232  5.99   8248    2   8762   9805 | 1.2963 19.08 | 6.17e-03 1.61e-02 |   0.0000 0.0000  0.0000  0.0000 0.000  0.00
# PAR t=532.00 gids n=2476 mint=5592 ret=3116 age=[98 257 491] | sdeath tp n=0 [0.0 0.0 0.0] ba n=4096 [0.5 2.5 272.8] | stamps n=7161 tp=0 age50=119 max=524 | idfrac=0.9980
# HOLE t=532.00 Eh=839.257912 nin=199 eatF=420.9017 eatM=166.1492 eatS=252.2070
# QATOM t=532.96 dir=FD w=1.37754397 e=0.252129372143 i=813 Em=0.1440 gid=2976
t=  534.00 -1.73e-15 | 0.0232  5.99   8246    2   8769   9819 | 1.2963 19.07 | 6.63e-03 1.41e-02 |   0.0000 0.0000  0.0000  0.0000 0.000  0.00
# PAR t=534.00 gids n=2479 mint=5614 ret=3135 age=[97 255 492] | sdeath tp n=0 [0.0 0.0 0.0] ba n=4096 [0.5 2.5 274.8] | stamps n=7178 tp=0 age50=118 max=526 | idfrac=0.9980
# HOLE t=534.00 Eh=839.840423 nin=200 eatF=421.1715 eatM=166.1683 eatS=252.5006
# QATOM t=534.28 dir=DF w=2.56944846 e=0.470281486097 i=2605 Em=0.5006 gid=3752
# QATOM t=535.38 dir=FD w=1.6404794 e=0.300253966266 i=2611 Em=0.0109 gid=3853
t=  536.00 -1.73e-15 | 0.0232  5.99   8248    0   8776   9827 | 1.2964 19.07 | 5.85e-03 1.46e-02 |   0.0000 0.0000  0.0000  0.0000 0.000  0.00
# PAR t=536.00 gids n=2485 mint=5630 ret=3145 age=[97 256 494] | sdeath tp n=0 [0.0 0.0 0.0] ba n=4096 [0.5 2.5 275.5] | stamps n=7209 tp=0 age50=119 max=528 | idfrac=0.9981
# HOLE t=536.00 Eh=840.256362 nin=199 eatF=421.2673 eatM=166.1890 eatS=252.8001
# QATOM t=536.66 dir=DF w=2.335689 e=0.427496916567 i=366 Em=0.4902 gid=479
# QATOM t=537.82 dir=FD w=1.33769404 e=0.244835711453 i=2496 Em=0.1151 gid=3995
t=  538.00 -1.73e-15 | 0.0232  5.98   8242    0   8793   9834 | 1.2965 19.06 | 6.60e-03 1.67e-02 |   0.0000 0.0000  0.0000  0.0000 0.000  0.00
# PAR t=538.00 gids n=2484 mint=5645 ret=3161 age=[97 256 496] | sdeath tp n=0 [0.0 0.0 0.0] ba n=4096 [0.5 2.5 275.5] | stamps n=7205 tp=0 age50=119 max=530 | idfrac=0.9981
# HOLE t=538.00 Eh=840.635578 nin=199 eatF=421.3535 eatM=166.2081 eatS=253.0740
# QATOM t=539.24 dir=FD w=1.3317321 e=0.243744509371 i=650 Em=0.3769 gid=3992
t=  540.00 -1.73e-15 | 0.0232  5.98   8237    1   8811   9850 | 1.2967 19.04 | 4.56e-03 1.56e-02 |   0.0000 0.0000  0.0000  0.0000 0.000  0.00
# PAR t=540.00 gids n=2479 mint=5659 ret=3180 age=[97 257 497] | sdeath tp n=0 [0.0 0.0 0.0] ba n=4096 [0.5 2.5 276.2] | stamps n=7182 tp=0 age50=118 max=532 | idfrac=0.9981
# HOLE t=540.00 Eh=843.139015 nin=200 eatF=422.1696 eatM=167.6033 eatS=253.3660
# QATOM t=540.60 dir=FD w=1.33981565 e=0.245224026627 i=844 Em=0.2798 gid=4081
# QATOM t=541.90 dir=FD w=1.41609166 e=0.259184685611 i=550 Em=0.2623 gid=1426
t=  542.00 -1.73e-15 | 0.0232  5.98   8238    2   8821   9863 | 1.2966 19.05 | 7.13e-03 1.93e-02 |   0.0000 0.0000  0.0000  0.0000 0.000  0.00
# PAR t=542.00 gids n=2477 mint=5671 ret=3194 age=[97 257 499] | sdeath tp n=0 [0.0 0.0 0.0] ba n=4096 [0.5 2.5 276.8] | stamps n=7165 tp=0 age50=118 max=534 | idfrac=0.9981
# HOLE t=542.00 Eh=843.530045 nin=199 eatF=422.2430 eatM=167.6238 eatS=253.6633
# QATOM t=543.28 dir=FD w=1.61090656 e=0.294841302796 i=644 Em=0.0492 gid=5453
t=  544.00 -1.73e-15 | 0.0232  5.98   8236    0   8833   9874 | 1.2964 19.04 | 8.82e-03 2.12e-02 |   0.0000 0.0000  0.0000  0.0000 0.000  0.00
# PAR t=544.00 gids n=2477 mint=5683 ret=3206 age=[98 258 501] | sdeath tp n=0 [0.0 0.0 0.0] ba n=4096 [0.5 2.5 277.3] | stamps n=7164 tp=0 age50=119 max=536 | idfrac=0.9981
# HOLE t=544.00 Eh=843.928356 nin=199 eatF=422.3325 eatM=167.6420 eatS=253.9538
# QATOM t=544.38 dir=FD w=1.59075587 e=0.291153159455 i=1746 Em=0.0703 gid=2946
# QATOM t=545.66 dir=FD w=1.23442334 e=0.225934262503 i=2196 Em=0.6773 gid=5242
t=  546.00 -1.73e-15 | 0.0232  5.98   8235    1   8845   9890 | 1.2966 19.03 | 4.34e-03 1.44e-02 |   0.0000 0.0000  0.0000  0.0000 0.000  0.00
# PAR t=546.00 gids n=2476 mint=5694 ret=3218 age=[98 258 503] | sdeath tp n=0 [0.0 0.0 0.0] ba n=4096 [0.5 2.5 277.8] | stamps n=7159 tp=0 age50=121 max=538 | idfrac=0.9981
# HOLE t=546.00 Eh=844.334307 nin=199 eatF=422.4096 eatM=167.6662 eatS=254.2586
# QATOM t=546.96 dir=DF w=2.3313599 e=0.426704570715 i=2341 Em=0.5674 gid=3474
t=  548.00 -1.73e-15 | 0.0232  5.98   8235    0   8857   9901 | 1.2965 19.04 | 5.08e-03 1.70e-02 |   0.0000 0.0000  0.0000  0.0000 0.000  0.00
# PAR t=548.00 gids n=2472 mint=5710 ret=3238 age=[98 258 504] | sdeath tp n=0 [0.0 0.0 0.0] ba n=4096 [0.5 2.5 280.7] | stamps n=7136 tp=0 age50=121 max=540 | idfrac=0.9981
# HOLE t=548.00 Eh=844.742568 nin=198 eatF=422.4935 eatM=167.6901 eatS=254.5590
# QATOM t=548.34 dir=FD w=1.55409921 e=0.284443957324 i=269 Em=0.0723 gid=3453
# QATOM t=549.64 dir=DF w=2.16955094 e=0.397088969243 i=1458 Em=0.7010 gid=5259
t=  550.00 -1.73e-15 | 0.0232  5.98   8234    2   8871   9917 | 1.2965 19.04 | 8.92e-03 1.90e-02 |   0.0000 0.0000  0.0000  0.0000 0.000  0.00
# PAR t=550.00 gids n=2477 mint=5730 ret=3253 age=[98 258 506] | sdeath tp n=0 [0.0 0.0 0.0] ba n=4096 [0.5 2.5 281.2] | stamps n=7166 tp=0 age50=122 max=542 | idfrac=0.9981
# HOLE t=550.00 Eh=845.739751 nin=199 eatF=422.7673 eatM=168.0995 eatS=254.8730
# QATOM t=550.92 dir=FD w=1.16941632 e=0.214036146657 i=1201 Em=0.7762 gid=2796
t=  552.00 -1.73e-15 | 0.0232  5.98   8233    3   8885   9927 | 1.2962 19.06 | 5.21e-03 1.67e-02 |   0.0000 0.0000  0.0000  0.0000 0.000  0.00
# PAR t=552.00 gids n=2469 mint=5741 ret=3272 age=[99 258 507] | sdeath tp n=0 [0.0 0.0 0.0] ba n=4096 [0.5 2.5 281.4] | stamps n=7122 tp=0 age50=121 max=544 | idfrac=0.9981
# HOLE t=552.00 Eh=846.144305 nin=199 eatF=422.8373 eatM=168.1313 eatS=255.1757
# QATOM t=552.30 dir=FD w=1.54417898 e=0.282628274575 i=1264 Em=0.1216 gid=3385
# QATOM t=553.76 dir=DF w=1.64473951 e=0.301033685937 i=103 Em=1.5894 gid=349
t=  554.00 -1.73e-15 | 0.0232  5.98   8237    0   8898   9937 | 1.2963 19.07 | 5.52e-03 1.68e-02 |   0.0000 0.0000  0.0000  0.0000 0.000  0.00
# PAR t=554.00 gids n=2466 mint=5750 ret=3284 age=[100 258 508] | sdeath tp n=0 [0.0 0.0 0.0] ba n=4096 [0.5 2.5 282.8] | stamps n=7117 tp=0 age50=121 max=546 | idfrac=0.9981
# HOLE t=554.00 Eh=849.619970 nin=201 eatF=423.1646 eatM=170.9593 eatS=255.4961
# QATOM t=555.14 dir=DF w=2.36975101 e=0.433731224927 i=371 Em=0.4368 gid=4327
t=  556.00 -1.73e-15 | 0.0232  5.98   8233    1   8907   9946 | 1.2961 19.07 | 8.42e-03 2.22e-02 |   0.0000 0.0000  0.0000  0.0000 0.000  0.00
# PAR t=556.00 gids n=2465 mint=5769 ret=3304 age=[100 259 510] | sdeath tp n=0 [0.0 0.0 0.0] ba n=4096 [0.5 2.5 282.9] | stamps n=7104 tp=0 age50=121 max=548 | idfrac=0.9981
# HOLE t=556.00 Eh=850.199468 nin=202 eatF=423.2499 eatM=170.9801 eatS=255.9695
# QATOM t=556.36 dir=FD w=1.59731886 e=0.292354371359 i=846 Em=0.0684 gid=862
# QATOM t=557.54 dir=FD w=1.27846351 e=0.233994855014 i=953 Em=0.4986 gid=3916
t=  558.00 -1.73e-15 | 0.0232  5.98   8234    1   8921   9963 | 1.2962 19.07 | 8.82e-03 1.98e-02 |   0.0000 0.0000  0.0000  0.0000 0.000  0.00
# PAR t=558.00 gids n=2472 mint=5793 ret=3321 age=[100 255 511] | sdeath tp n=0 [0.0 0.0 0.0] ba n=4096 [0.5 2.5 284.8] | stamps n=7142 tp=0 age50=121 max=550 | idfrac=0.9981
# HOLE t=558.00 Eh=850.695319 nin=201 eatF=423.3088 eatM=171.0006 eatS=256.3859
# QATOM t=558.60 dir=FD w=1.41345396 e=0.258701912831 i=1768 Em=0.2425 gid=4428
# QATOM t=559.82 dir=FD w=1.54867983 e=0.283452057213 i=110 Em=0.1326 gid=2029
t=  560.00 -1.73e-15 | 0.0232  5.98   8234    0   8937   9978 | 1.2963 19.08 | 8.53e-03 2.03e-02 |   0.0000 0.0000  0.0000  0.0000 0.000  0.00
# PAR t=560.00 gids n=2472 mint=5809 ret=3337 age=[99 255 513] | sdeath tp n=0 [0.0 0.0 0.0] ba n=4096 [0.5 2.5 285.4] | stamps n=7152 tp=0 age50=121 max=552 | idfrac=0.9981
# HOLE t=560.00 Eh=852.635150 nin=202 eatF=423.4543 eatM=172.4768 eatS=256.7041
# QATOM t=561.10 dir=FD w=1.4021482 e=0.256632639348 i=1680 Em=0.2281 gid=5764
t=  562.00 -1.73e-15 | 0.0232  5.98   8236    2   8954   9991 | 1.2963 19.09 | 5.27e-03 1.77e-02 |   0.0000 0.0000  0.0000  0.0000 0.000  0.00
# PAR t=562.00 gids n=2469 mint=5821 ret=3352 age=[98 256 514] | sdeath tp n=0 [0.0 0.0 0.0] ba n=4096 [0.5 2.5 285.5] | stamps n=7135 tp=0 age50=121 max=554 | idfrac=0.9981
# HOLE t=562.00 Eh=853.128962 nin=202 eatF=423.5898 eatM=172.5008 eatS=257.0384
# QATOM t=562.26 dir=FD w=1.32673451 e=0.242829808775 i=2550 Em=0.5074 gid=466
# QATOM t=563.40 dir=DF w=2.27153974 e=0.415755794878 i=1639 Em=0.5334 gid=755
t=  564.00 -1.73e-15 | 0.0232  5.98   8236    0   8959  10002 | 1.2964 19.10 | 8.64e-03 2.22e-02 |   0.0000 0.0000  0.0000  0.0000 0.000  0.00
# PAR t=564.00 gids n=2472 mint=5838 ret=3366 age=[98 256 516] | sdeath tp n=0 [0.0 0.0 0.0] ba n=4096 [0.5 2.5 286.1] | stamps n=7150 tp=0 age50=121 max=556 | idfrac=0.9981
# HOLE t=564.00 Eh=853.597137 nin=201 eatF=423.7129 eatM=172.5224 eatS=257.3619
# QATOM t=564.54 dir=DF w=2.57433555 e=0.471175962353 i=235 Em=0.5336 gid=2522
# QATOM t=565.82 dir=FD w=1.41599057 e=0.259166182492 i=2046 Em=0.3382 gid=259
t=  566.00 -1.92e-15 | 0.0232  5.98   8238    2   8971  10014 | 1.2964 19.09 | 7.77e-03 2.18e-02 |   0.0000 0.0000  0.0000  0.0000 0.000  0.00
# PAR t=566.00 gids n=2475 mint=5852 ret=3377 age=[98 258 518] | sdeath tp n=0 [0.0 0.0 0.0] ba n=4096 [0.5 2.5 287.8] | stamps n=7162 tp=0 age50=121 max=558 | idfrac=0.9981
# HOLE t=566.00 Eh=854.000736 nin=199 eatF=423.7909 eatM=172.5417 eatS=257.6682
# QATOM t=566.98 dir=DF w=2.35675712 e=0.431352976926 i=1212 Em=0.7476 gid=4260
t=  568.00 -1.92e-15 | 0.0232  5.98   8242    1   8984  10026 | 1.2964 19.09 | 7.22e-03 1.54e-02 |   0.0000 0.0000  0.0000  0.0000 0.000  0.00
# PAR t=568.00 gids n=2472 mint=5868 ret=3396 age=[98 254 519] | sdeath tp n=0 [0.0 0.0 0.0] ba n=4096 [0.5 2.5 289.5] | stamps n=7139 tp=0 age50=121 max=560 | idfrac=0.9981
# HOLE t=568.00 Eh=855.277165 nin=201 eatF=424.6502 eatM=172.5659 eatS=258.0612
# QATOM t=568.02 dir=DF w=2.29559205 e=0.420158044492 i=1375 Em=0.5216 gid=4867
# QATOM t=569.34 dir=FD w=1.35772729 e=0.248502361207 i=155 Em=0.4371 gid=4749
t=  570.00 -1.92e-15 | 0.0232  5.98   8239    2   8995  10039 | 1.2962 19.12 | 1.03e-02 3.69e-02 |   0.0000 0.0000  0.0000  0.0000 0.000  0.00
# PAR t=570.00 gids n=2466 mint=5881 ret=3415 age=[99 253 520] | sdeath tp n=0 [0.0 0.0 0.0] ba n=4096 [0.5 2.5 290.2] | stamps n=7105 tp=0 age50=122 max=562 | idfrac=0.9981
# HOLE t=570.00 Eh=857.280588 nin=201 eatF=425.9346 eatM=172.9444 eatS=258.4017
# QATOM t=570.60 dir=DF w=2.2120244 e=0.404862810699 i=89 Em=0.6246 gid=5246
# QATOM t=571.82 dir=DF w=2.30998599 e=0.422792541462 i=2681 Em=0.7895 gid=281
t=  572.00 -1.92e-15 | 0.0232  5.98   8241    4   9015  10053 | 1.2961 19.14 | 5.49e-03 1.88e-02 |   0.0000 0.0000  0.0000  0.0000 0.000  0.00
# PAR t=572.00 gids n=2466 mint=5897 ret=3431 age=[98 254 521] | sdeath tp n=0 [0.0 0.0 0.0] ba n=4096 [0.5 2.5 290.9] | stamps n=7099 tp=0 age50=122 max=564 | idfrac=0.9981
# HOLE t=572.00 Eh=857.697074 nin=200 eatF=426.0203 eatM=172.9686 eatS=258.7082
# QATOM t=573.06 dir=DF w=2.46224546 e=0.450660316981 i=539 Em=0.6069 gid=5456
t=  574.00 -1.92e-15 | 0.0232  5.98   8239    0   9030  10070 | 1.2958 19.18 | 7.52e-03 1.78e-02 |   0.0000 0.0000  0.0000  0.0000 0.000  0.00
# PAR t=574.00 gids n=2470 mint=5918 ret=3448 age=[97 255 523] | sdeath tp n=0 [0.0 0.0 0.0] ba n=4096 [0.5 2.5 296.0] | stamps n=7128 tp=0 age50=122 max=566 | idfrac=0.9981
# HOLE t=574.00 Eh=859.297905 nin=203 eatF=426.6903 eatM=173.5789 eatS=259.0287
# QATOM t=574.34 dir=FD w=1.21966372 e=0.22323283703 i=1865 Em=0.5920 gid=5060
# QATOM t=575.46 dir=DF w=2.34175926 e=0.428607945393 i=300 Em=0.6346 gid=4880
t=  576.00 -1.92e-15 | 0.0232  5.98   8241    0   9042  10082 | 1.2958 19.18 | 5.23e-03 1.50e-02 |   0.0000 0.0000  0.0000  0.0000 0.000  0.00
# PAR t=576.00 gids n=2466 mint=5928 ret=3462 age=[98 254 524] | sdeath tp n=0 [0.0 0.0 0.0] ba n=4096 [0.5 2.5 296.3] | stamps n=7102 tp=0 age50=123 max=568 | idfrac=0.9981
# HOLE t=576.00 Eh=859.707527 nin=203 eatF=426.7632 eatM=173.6011 eatS=259.3432
# QATOM t=576.76 dir=FD w=1.61834061 e=0.296201943292 i=493 Em=0.0244 gid=4915
t=  578.00 -1.73e-15 | 0.0232  5.98   8243    1   9052  10093 | 1.2959 19.19 | 6.63e-03 1.61e-02 |   0.0000 0.0000  0.0000  0.0000 0.000  0.00
# PAR t=578.00 gids n=2464 mint=5940 ret=3476 age=[98 253 526] | sdeath tp n=0 [0.0 0.0 0.0] ba n=4096 [0.5 2.5 297.3] | stamps n=7091 tp=0 age50=123 max=570 | idfrac=0.9981
# HOLE t=578.00 Eh=860.523193 nin=204 eatF=427.1997 eatM=173.6272 eatS=259.6963
# QATOM t=578.10 dir=FD w=1.25382497 e=0.22948530764 i=1473 Em=0.6271 gid=918
# QATOM t=579.32 dir=DF w=2.35026392 e=0.430164538297 i=752 Em=0.7607 gid=4084
t=  580.00 -1.92e-15 | 0.0232  5.99   8249    0   9068  10107 | 1.2961 19.20 | 8.47e-03 2.18e-02 |   0.0000 0.0000  0.0000  0.0000 0.000  0.00
# PAR t=580.00 gids n=2460 mint=5954 ret=3494 age=[97 249 528] | sdeath tp n=0 [0.0 0.0 0.0] ba n=4096 [0.5 2.6 297.6] | stamps n=7081 tp=0 age50=123 max=572 | idfrac=0.9981
# HOLE t=580.00 Eh=861.549714 nin=204 eatF=427.5860 eatM=173.8944 eatS=260.0693
# QATOM t=580.48 dir=FD w=1.56765711 e=0.28692543552 i=442 Em=0.1031 gid=5253
# QATOM t=581.76 dir=DF w=2.35483073 e=0.431000393009 i=2048 Em=0.6019 gid=5448
t=  582.00 -1.92e-15 | 0.0232  5.99   8252    1   9083  10117 | 1.2957 19.24 | 1.10e-02 5.00e-02 |   0.0000 0.0000  0.0000  0.0000 0.000  0.00
# PAR t=582.00 gids n=2458 mint=5967 ret=3509 age=[98 250 530] | sdeath tp n=0 [0.0 0.0 0.0] ba n=4096 [0.5 2.6 298.1] | stamps n=7076 tp=0 age50=125 max=574 | idfrac=0.9981
# HOLE t=582.00 Eh=861.968717 nin=202 eatF=427.6458 eatM=173.9185 eatS=260.4044
# QATOM t=582.82 dir=FD w=1.64908273 e=0.301828617827 i=1795 Em=0.0007 gid=0
t=  584.00 -1.92e-15 | 0.0232  5.99   8247    1   9089  10126 | 1.2958 19.21 | 5.70e-03 1.89e-02 |   0.0000 0.0000  0.0000  0.0000 0.000  0.00
# PAR t=584.00 gids n=2452 mint=5981 ret=3529 age=[98 250 530] | sdeath tp n=0 [0.0 0.0 0.0] ba n=4096 [0.5 2.6 298.8] | stamps n=7041 tp=0 age50=124 max=576 | idfrac=0.9981
# HOLE t=584.00 Eh=862.409555 nin=202 eatF=427.7492 eatM=173.9460 eatS=260.7143
# QATOM t=584.02 dir=FD w=1.57093152 e=0.287524744114 i=945 Em=0.0861 gid=1627
# QATOM t=585.20 dir=DF w=2.14190496 e=0.392028976128 i=35 Em=0.5925 gid=4766
t=  586.00 -1.92e-15 | 0.0232  5.99   8247    1   9097  10141 | 1.2961 19.18 | 4.75e-03 1.38e-02 |   0.0000 0.0000  0.0000  0.0000 0.000  0.00
# PAR t=586.00 gids n=2452 mint=5998 ret=3546 age=[98 250 532] | sdeath tp n=0 [0.0 0.0 0.0] ba n=4096 [0.5 2.6 300.5] | stamps n=7039 tp=0 age50=122 max=578 | idfrac=0.9981
# HOLE t=586.00 Eh=863.522618 nin=203 eatF=428.3015 eatM=174.1434 eatS=261.0777
# QATOM t=586.22 dir=FD w=1.63784221 e=0.299771287063 i=1802 Em=0.0070 gid=2128
# QATOM t=587.44 dir=FD w=1.04249301 e=0.190805603765 i=1454 Em=1.1917 gid=153
t=  588.00 -1.92e-15 | 0.0232  5.99   8250    1   9111  10153 | 1.2959 19.20 | 5.68e-03 1.60e-02 |   0.0000 0.0000  0.0000  0.0000 0.000  0.00
# PAR t=588.00 gids n=2453 mint=6018 ret=3565 age=[99 250 530] | sdeath tp n=0 [0.0 0.0 0.0] ba n=4096 [0.5 2.6 300.7] | stamps n=7044 tp=0 age50=121 max=580 | idfrac=0.9981
# HOLE t=588.00 Eh=864.900607 nin=203 eatF=428.5991 eatM=174.8826 eatS=261.4189
# QATOM t=588.78 dir=FD w=1.49796235 e=0.2741693288 i=880 Em=0.2033 gid=5073
# QATOM t=589.92 dir=FD w=1.38670569 e=0.253806224434 i=2155 Em=0.0500 gid=1285
t=  590.00 -1.92e-15 | 0.0232  5.99   8249    1   9125  10166 | 1.2960 19.20 | 6.34e-03 1.65e-02 |   0.0000 0.0000  0.0000  0.0000 0.000  0.00
# PAR t=590.00 gids n=2452 mint=6032 ret=3580 age=[99 250 532] | sdeath tp n=0 [0.0 0.0 0.0] ba n=4096 [0.5 2.5 300.7] | stamps n=7039 tp=0 age50=122 max=582 | idfrac=0.9981
# HOLE t=590.00 Eh=865.326975 nin=203 eatF=428.6646 eatM=174.9048 eatS=261.7576
# QATOM t=591.18 dir=FD w=1.41794267 e=0.259523472784 i=692 Em=0.2595 gid=5706
t=  592.00 -1.92e-15 | 0.0232  5.98   8243    2   9138  10174 | 1.2960 19.18 | 5.78e-03 1.44e-02 |   0.0000 0.0000  0.0000  0.0000 0.000  0.00
# PAR t=592.00 gids n=2450 mint=6050 ret=3600 age=[98 250 533] | sdeath tp n=0 [0.0 0.0 0.0] ba n=4096 [0.5 2.5 300.8] | stamps n=7029 tp=0 age50=122 max=584 | idfrac=0.9981
# HOLE t=592.00 Eh=866.750391 nin=204 eatF=428.8941 eatM=175.7205 eatS=262.1358
# QATOM t=592.40 dir=DF w=2.41461836 e=0.441943214245 i=2608 Em=0.5594 gid=178
# QATOM t=593.66 dir=FD w=1.60418428 e=0.2936109359 i=1855 Em=0.0105 gid=5027
t=  594.00 -1.92e-15 | 0.0232  5.98   8239    1   9148  10186 | 1.2959 19.20 | 4.67e-03 1.38e-02 |   0.0000 0.0000  0.0000  0.0000 0.000  0.00
# PAR t=594.00 gids n=2446 mint=6065 ret=3619 age=[100 252 534] | sdeath tp n=0 [0.0 0.0 0.0] ba n=4096 [0.5 2.5 300.8] | stamps n=7009 tp=0 age50=123 max=586 | idfrac=0.9981
# HOLE t=594.00 Eh=867.232246 nin=204 eatF=429.0011 eatM=175.7369 eatS=262.4942
# QATOM t=595.00 dir=FD w=1.55432891 e=0.284485998514 i=1911 Em=0.1245 gid=5520
t=  596.00 -1.92e-15 | 0.0232  5.98   8241    0   9155  10198 | 1.2960 19.20 | 6.16e-03 1.70e-02 |   0.0000 0.0000  0.0000  0.0000 0.000  0.00
# PAR t=596.00 gids n=2455 mint=6088 ret=3633 age=[98 252 534] | sdeath tp n=0 [0.0 0.0 0.0] ba n=4096 [0.5 2.5 301.2] | stamps n=7063 tp=0 age50=121 max=588 | idfrac=0.9981
# HOLE t=596.00 Eh=871.494881 nin=205 eatF=429.8677 eatM=178.8018 eatS=262.8254
# QATOM t=596.22 dir=FD w=1.58071139 e=0.289314736503 i=2533 Em=0.0469 gid=373
# QATOM t=597.56 dir=DF w=2.27833432 e=0.416999394018 i=1630 Em=0.5367 gid=5856
t=  598.00 -1.92e-15 | 0.0231  5.99   8247    0   9158  10206 | 1.2957 19.23 | 8.85e-03 2.08e-02 |   0.0000 0.0000  0.0000  0.0000 0.000  0.00
# PAR t=598.00 gids n=2443 mint=6099 ret=3656 age=[98 252 537] | sdeath tp n=0 [0.0 0.0 0.0] ba n=4096 [0.5 2.6 302.5] | stamps n=6991 tp=0 age50=121 max=590 | idfrac=0.9981
# HOLE t=598.00 Eh=871.943795 nin=205 eatF=429.9601 eatM=178.8194 eatS=263.1643
# QATOM t=598.78 dir=DF w=2.29856619 e=0.420702397437 i=2226 Em=0.4743 gid=3064
t=  600.00 -1.92e-15 | 0.0231  5.99   8247    2   9167  10214 | 1.2953 19.25 | 7.23e-03 1.69e-02 |   0.0000 0.0000  0.0000  0.0000 0.000  0.00
# PAR t=600.00 gids n=2443 mint=6120 ret=3677 age=[96 250 538] | sdeath tp n=0 [0.0 0.0 0.0] ba n=4096 [0.5 2.6 302.5] | stamps n=6988 tp=0 age50=120 max=592 | idfrac=0.9981
# HOLE t=600.00 Eh=872.369406 nin=205 eatF=430.0431 eatM=178.8398 eatS=263.4865
# QATOM t=600.04 dir=FD w=1.32501392 e=0.242514891728 i=849 Em=0.5052 gid=4422
# QATOM t=601.40 dir=DF w=2.32926737 e=0.426321578274 i=794 Em=0.4501 gid=3134
t=  602.00 -1.92e-15 | 0.0231  5.98   8241    2   9173  10224 | 1.2955 19.24 | 8.66e-03 1.81e-02 |   0.0000 0.0000  0.0000  0.0000 0.000  0.00
# PAR t=602.00 gids n=2451 mint=6139 ret=3688 age=[96 251 540] | sdeath tp n=0 [0.0 0.0 0.0] ba n=4096 [0.5 2.5 302.7] | stamps n=7030 tp=0 age50=120 max=594 | idfrac=0.9982
# HOLE t=602.00 Eh=872.775446 nin=204 eatF=430.1205 eatM=178.8578 eatS=263.7972
# QATOM t=602.80 dir=FD w=1.13075 e=0.206959119295 i=948 Em=0.9542 gid=4444
t=  604.00 -1.92e-15 | 0.0231  5.98   8240    1   9182  10230 | 1.2954 19.25 | 7.82e-03 1.55e-02 |   0.0000 0.0000  0.0000  0.0000 0.000  0.00
# PAR t=604.00 gids n=2445 mint=6153 ret=3708 age=[96 252 542] | sdeath tp n=0 [0.0 0.0 0.0] ba n=4096 [0.5 2.6 304.0] | stamps n=6997 tp=0 age50=119 max=596 | idfrac=0.9982
# HOLE t=604.00 Eh=873.163407 nin=204 eatF=430.1787 eatM=178.8808 eatS=264.1040
# QATOM t=604.14 dir=DF w=2.36502349 e=0.432865956377 i=1143 Em=0.7061 gid=5837
# QATOM t=605.44 dir=DF w=2.26756744 e=0.41502875243 i=1072 Em=0.5771 gid=6016
t=  606.00 -1.92e-15 | 0.0231  5.98   8236    1   9198  10245 | 1.2955 19.23 | 5.34e-03 1.44e-02 |   0.0000 0.0000  0.0000  0.0000 0.000  0.00
# PAR t=606.00 gids n=2429 mint=6163 ret=3734 age=[95 251 543] | sdeath tp n=0 [0.0 0.0 0.0] ba n=4096 [0.5 2.5 304.6] | stamps n=6904 tp=0 age50=120 max=598 | idfrac=0.9982
# HOLE t=606.00 Eh=873.587528 nin=203 eatF=430.2633 eatM=178.9017 eatS=264.4225
# QATOM t=606.86 dir=DF w=2.33892073 e=0.42808841482 i=80 Em=0.4816 gid=4077
t=  608.00 -1.92e-15 | 0.0231  5.98   8242    2   9206  10250 | 1.2959 19.23 | 5.59e-03 1.57e-02 |   0.0000 0.0000  0.0000  0.0000 0.000  0.00
# PAR t=608.00 gids n=2430 mint=6179 ret=3749 age=[94 252 544] | sdeath tp n=0 [0.0 0.0 0.0] ba n=4096 [0.5 2.5 304.6] | stamps n=6909 tp=0 age50=121 max=600 | idfrac=0.9982
# HOLE t=608.00 Eh=874.010455 nin=203 eatF=430.3430 eatM=178.9243 eatS=264.7432
# QATOM t=608.10 dir=FD w=1.43740008 e=0.263084726821 i=2718 Em=0.1750 gid=6039
# QATOM t=609.58 dir=FD w=1.51864518 e=0.277954870016 i=1665 Em=0.1522 gid=1256
t=  610.00 -1.92e-15 | 0.0231  5.98   8239    1   9215  10258 | 1.2957 19.23 | 9.95e-03 1.96e-02 |   0.0000 0.0000  0.0000  0.0000 0.000  0.00
# PAR t=610.00 gids n=2429 mint=6198 ret=3769 age=[94 249 545] | sdeath tp n=0 [0.0 0.0 0.0] ba n=4096 [0.5 2.5 305.0] | stamps n=6908 tp=0 age50=120 max=602 | idfrac=0.9982
# HOLE t=610.00 Eh=874.475005 nin=204 eatF=430.4453 eatM=178.9449 eatS=265.0849
# QATOM t=610.80 dir=DF w=2.16097945 e=0.395520145035 i=251 Em=0.4674 gid=5489
t=  612.00 -1.92e-15 | 0.0231  5.98   8237    0   9225  10269 | 1.2956 19.23 | 5.70e-03 1.51e-02 |   0.0000 0.0000  0.0000  0.0000 0.000  0.00
# PAR t=612.00 gids n=2428 mint=6216 ret=3788 age=[93 248 546] | sdeath tp n=0 [0.0 0.0 0.0] ba n=4096 [0.5 2.5 305.0] | stamps n=6898 tp=0 age50=118 max=604 | idfrac=0.9982
# HOLE t=612.00 Eh=874.861266 nin=204 eatF=430.5190 eatM=178.9651 eatS=265.3772
# QATOM t=612.08 dir=DF w=2.28954639 e=0.419051518475 i=1500 Em=0.8017 gid=6115
# QATOM t=613.46 dir=FD w=1.43883891 e=0.263348074064 i=1530 Em=0.1965 gid=6174
t=  614.00 -1.92e-15 | 0.0231  5.98   8233    1   9241  10287 | 1.2958 19.19 | 4.89e-03 1.60e-02 |   0.0000 0.0000  0.0000  0.0000 0.000  0.00
# PAR t=614.00 gids n=2432 mint=6233 ret=3801 age=[93 248 546] | sdeath tp n=0 [0.0 0.0 0.0] ba n=4096 [0.5 2.5 306.1] | stamps n=6921 tp=0 age50=118 max=606 | idfrac=0.9982
# HOLE t=614.00 Eh=875.270296 nin=204 eatF=430.6193 eatM=178.9849 eatS=265.6660
# QATOM t=614.70 dir=DF w=2.56685108 e=0.469806092934 i=2087 Em=0.8703 gid=5460
t=  616.00 -1.92e-15 | 0.0231  5.98   8232    1   9257  10303 | 1.2957 19.21 | 8.88e-03 1.75e-02 |   0.0000 0.0000  0.0000  0.0000 0.000  0.00
# PAR t=616.00 gids n=2433 mint=6252 ret=3819 age=[94 248 547] | sdeath tp n=0 [0.0 0.0 0.0] ba n=4096 [0.5 2.5 307.2] | stamps n=6919 tp=0 age50=118 max=608 | idfrac=0.9982
# HOLE t=616.00 Eh=875.685839 nin=204 eatF=430.7043 eatM=179.0064 eatS=265.9751
# QATOM t=616.04 dir=FD w=1.34146337 e=0.24552560561 i=860 Em=0.4689 gid=2245
# QATOM t=617.36 dir=FD w=1.57564668 e=0.288387751812 i=1270 Em=0.0519 gid=4661
t=  618.00 -1.92e-15 | 0.0231  5.98   8233    0   9268  10313 | 1.2957 19.22 | 6.74e-03 1.54e-02 |   0.0000 0.0000  0.0000  0.0000 0.000  0.00
# PAR t=618.00 gids n=2438 mint=6270 ret=3832 age=[93 247 548] | sdeath tp n=0 [0.0 0.0 0.0] ba n=4096 [0.5 2.5 307.9] | stamps n=6947 tp=0 age50=117 max=610 | idfrac=0.9982
# HOLE t=618.00 Eh=876.116591 nin=204 eatF=430.7975 eatM=179.0295 eatS=266.2897
# QATOM t=618.68 dir=FD w=1.35019957 e=0.247124575579 i=1094 Em=0.3628 gid=5265
# QATOM t=619.94 dir=DF w=2.49643592 e=0.456918133975 i=1877 Em=0.5454 gid=5675
t=  620.00 -1.92e-15 | 0.0231  5.98   8236    0   9279  10327 | 1.2955 19.23 | 5.34e-03 1.71e-02 |   0.0000 0.0000  0.0000  0.0000 0.000  0.00
# PAR t=620.00 gids n=2444 mint=6290 ret=3846 age=[92 244 549] | sdeath tp n=0 [0.0 0.0 0.0] ba n=4096 [0.5 2.5 307.9] | stamps n=6986 tp=0 age50=115 max=612 | idfrac=0.9982
# HOLE t=620.00 Eh=876.543453 nin=204 eatF=430.8749 eatM=179.0574 eatS=266.6111
# QATOM t=621.24 dir=FD w=1.30077684 e=0.238078823002 i=1806 Em=0.4610 gid=636
t=  622.00 -1.92e-15 | 0.0231  5.98   8244    0   9291  10338 | 1.2954 19.25 | 8.60e-03 1.73e-02 |   0.0000 0.0000  0.0000  0.0000 0.000  0.00
# PAR t=622.00 gids n=2442 mint=6307 ret=3865 age=[92 244 551] | sdeath tp n=0 [0.0 0.0 0.0] ba n=4096 [0.5 2.5 308.6] | stamps n=6974 tp=0 age50=116 max=614 | idfrac=0.9982
# HOLE t=622.00 Eh=876.953646 nin=203 eatF=430.9525 eatM=179.0787 eatS=266.9225
# QATOM t=622.52 dir=DF w=2.20396057 e=0.403386901074 i=556 Em=0.6165 gid=6153
# QATOM t=623.80 dir=FD w=1.36525474 e=0.249880097298 i=58 Em=0.4312 gid=457
t=  624.00 -1.92e-15 | 0.0231  5.98   8242    1   9295  10341 | 1.2956 19.26 | 5.94e-03 1.57e-02 |   0.0000 0.0000  0.0000  0.0000 0.000  0.00
# PAR t=624.00 gids n=2453 mint=6329 ret=3876 age=[92 243 552] | sdeath tp n=0 [0.0 0.0 0.0] ba n=4096 [0.5 2.5 308.6] | stamps n=7040 tp=0 age50=113 max=616 | idfrac=0.9982
# HOLE t=624.00 Eh=877.358982 nin=202 eatF=431.0314 eatM=179.1015 eatS=267.2261
# QATOM t=624.94 dir=FD w=1.62919729 e=0.298189022758 i=1578 Em=0.0128 gid=5992
t=  626.00 -1.92e-15 | 0.0231  5.98   8238    0   9306  10352 | 1.2955 19.26 | 6.63e-03 1.58e-02 |   0.0000 0.0000  0.0000  0.0000 0.000  0.00
# PAR t=626.00 gids n=2456 mint=6348 ret=3892 age=[92 243 553] | sdeath tp n=0 [0.0 0.0 0.0] ba n=4096 [0.5 2.5 309.2] | stamps n=7056 tp=0 age50=112 max=618 | idfrac=0.9982
# HOLE t=626.00 Eh=877.789511 nin=201 eatF=431.1268 eatM=179.1230 eatS=267.5396
# QATOM t=626.22 dir=FD w=1.54281735 e=0.282379059303 i=2498 Em=0.1111 gid=1345
# QATOM t=627.62 dir=DF w=2.20509232 e=0.807188087601 i=1220 Em=0.9052 gid=5705
t=  628.00 -1.92e-15 | 0.0231  5.98   8238    3   9318  10359 | 1.2953 19.27 | 7.09e-03 2.09e-02 |   0.0000 0.0000  0.0000  0.0000 0.000  0.00
# PAR t=628.00 gids n=2451 mint=6366 ret=3915 age=[91 243 553] | sdeath tp n=0 [0.0 0.0 0.0] ba n=4096 [0.5 2.5 309.2] | stamps n=7028 tp=0 age50=112 max=620 | idfrac=0.9982
# HOLE t=628.00 Eh=878.264718 nin=201 eatF=431.2500 eatM=179.1414 eatS=267.8734
# QATOM t=628.94 dir=FD w=1.24820314 e=0.456912710565 i=2047 Em=0.6229 gid=4421
t=  630.00 -1.92e-15 | 0.0231  5.98   8243    1   9325  10368 | 1.2954 19.28 | 4.55e-03 1.67e-02 |   0.0000 0.0000  0.0000  0.0000 0.000  0.00
# PAR t=630.00 gids n=2452 mint=6385 ret=3933 age=[91 242 553] | sdeath tp n=0 [0.0 0.0 0.0] ba n=4096 [0.5 2.5 310.2] | stamps n=7036 tp=0 age50=112 max=622 | idfrac=0.9982
# HOLE t=630.00 Eh=881.264943 nin=203 eatF=431.7162 eatM=181.3524 eatS=268.1964
# QATOM t=630.22 dir=DF w=2.2121448 e=0.404884847469 i=2657 Em=0.6295 gid=4324
# QATOM t=631.46 dir=FD w=1.34870325 e=0.246850706801 i=1221 Em=0.3937 gid=5153
t=  632.00 -1.92e-15 | 0.0231  5.98   8242    1   9330  10375 | 1.2956 19.28 | 5.68e-03 1.67e-02 |   0.0000 0.0000  0.0000  0.0000 0.000  0.00
# PAR t=632.00 gids n=2458 mint=6408 ret=3950 age=[88 240 553] | sdeath tp n=0 [0.0 0.0 0.0] ba n=4096 [0.5 2.5 310.5] | stamps n=7071 tp=0 age50=111 max=624 | idfrac=0.9982
# HOLE t=632.00 Eh=881.713124 nin=202 eatF=431.8228 eatM=181.3760 eatS=268.5143
# QATOM t=632.66 dir=FD w=1.30669071 e=0.23916122856 i=1419 Em=0.4583 gid=5562
t=  634.00 -1.92e-15 | 0.0231  5.98   8242    3   9340  10384 | 1.2954 19.29 | 4.98e-03 1.20e-02 |   0.0000 0.0000  0.0000  0.0000 0.000  0.00
# PAR t=634.00 gids n=2447 mint=6420 ret=3973 age=[88 240 555] | sdeath tp n=0 [0.0 0.0 0.0] ba n=4096 [0.5 2.5 310.5] | stamps n=7006 tp=0 age50=111 max=626 | idfrac=0.9982
# HOLE t=634.00 Eh=882.979014 nin=203 eatF=432.1221 eatM=182.0334 eatS=268.8235
# QATOM t=634.12 dir=DF w=2.49688091 e=0.456999579792 i=2510 Em=0.5048 gid=4265
# QATOM t=635.52 dir=DF w=2.30650783 e=0.422155940692 i=2364 Em=0.4595 gid=4227
t=  636.00 -1.92e-15 | 0.0231  5.99   8245    1   9354  10396 | 1.2953 19.31 | 6.57e-03 2.12e-02 |   0.0000 0.0000  0.0000  0.0000 0.000  0.00
# PAR t=636.00 gids n=2438 mint=6432 ret=3994 age=[88 241 557] | sdeath tp n=0 [0.0 0.0 0.0] ba n=4096 [0.5 2.5 311.3] | stamps n=6958 tp=0 age50=111 max=628 | idfrac=0.9982
# HOLE t=636.00 Eh=884.579341 nin=204 eatF=432.2344 eatM=183.2295 eatS=269.1155
# QATOM t=636.82 dir=FD w=1.6456006 e=0.301191290115 i=2520 Em=0.0030 gid=0
t=  638.00 -1.92e-15 | 0.0231  5.98   8238    1   9372  10411 | 1.2953 19.31 | 7.56e-03 2.04e-02 |   0.0000 0.0000  0.0000  0.0000 0.000  0.00
# PAR t=638.00 gids n=2447 mint=6458 ret=4011 age=[89 242 558] | sdeath tp n=0 [0.0 0.0 0.0] ba n=4096 [0.5 2.5 311.8] | stamps n=7012 tp=0 age50=110 max=630 | idfrac=0.9982
# HOLE t=638.00 Eh=884.972692 nin=204 eatF=432.3157 eatM=183.2577 eatS=269.3993
# QATOM t=638.04 dir=FD w=1.47112573 e=0.26925747188 i=1442 Em=0.0309 gid=5990
# QATOM t=639.56 dir=DF w=2.14880518 e=0.393291911507 i=385 Em=0.6791 gid=5084
t=  640.00 -1.92e-15 | 0.0231  5.98   8239    1   9380  10416 | 1.2953 19.31 | 1.14e-02 2.31e-02 |   0.0000 0.0000  0.0000  0.0000 0.000  0.00
# PAR t=640.00 gids n=2447 mint=6471 ret=4024 age=[88 242 559] | sdeath tp n=0 [0.0 0.0 0.0] ba n=4096 [0.5 2.5 312.4] | stamps n=7018 tp=0 age50=110 max=632 | idfrac=0.9982
# HOLE t=640.00 Eh=885.340712 nin=203 eatF=432.3790 eatM=183.2842 eatS=269.6775
# QATOM t=640.68 dir=FD w=1.53746974 e=0.281400295864 i=2714 Em=0.1142 gid=5966
# QATOM t=641.90 dir=FD w=1.6400594 e=0.300177094517 i=2704 Em=0.0105 gid=0
t=  642.00 -1.92e-15 | 0.0231  5.98   8240    0   9384  10424 | 1.2951 19.33 | 7.02e-03 1.55e-02 |   0.0000 0.0000  0.0000  0.0000 0.000  0.00
# PAR t=642.00 gids n=2449 mint=6486 ret=4037 age=[87 242 560] | sdeath tp n=0 [0.0 0.0 0.0] ba n=4096 [0.5 2.5 316.1] | stamps n=7027 tp=0 age50=110 max=634 | idfrac=0.9982
# HOLE t=642.00 Eh=885.735112 nin=202 eatF=432.4514 eatM=183.3162 eatS=269.9675
# QATOM t=643.26 dir=DF w=2.31749072 e=0.424166119755 i=118 Em=0.5188 gid=4554
t=  644.00 -1.92e-15 | 0.0231  5.98   8237    1   9390  10433 | 1.2951 19.33 | 1.11e-02 2.59e-02 |   0.0000 0.0000  0.0000  0.0000 0.000  0.00
# PAR t=644.00 gids n=2454 mint=6502 ret=4048 age=[87 241 559] | sdeath tp n=0 [0.0 0.0 0.0] ba n=4096 [0.5 2.6 317.4] | stamps n=7050 tp=0 age50=111 max=636 | idfrac=0.9982
# HOLE t=644.00 Eh=886.145673 nin=201 eatF=432.5281 eatM=183.3434 eatS=270.2742
# QATOM t=644.48 dir=FD w=1.4538243 e=0.266090821448 i=2158 Em=0.2472 gid=5470
t=  646.00 -1.92e-15 | 0.0231  5.98   8242    3   9401  10445 | 1.2951 19.33 | 5.36e-03 1.20e-02 |   0.0000 0.0000  0.0000  0.0000 0.000  0.00
# PAR t=646.00 gids n=2449 mint=6517 ret=4068 age=[88 240 561] | sdeath tp n=0 [0.0 0.0 0.0] ba n=4096 [0.5 2.6 317.7] | stamps n=7015 tp=0 age50=111 max=638 | idfrac=0.9982
# HOLE t=646.00 Eh=886.548514 nin=200 eatF=432.6189 eatM=183.3731 eatS=270.5566
# QATOM t=646.00 dir=FD w=1.57434375 e=0.288149278195 i=1998 Em=0.0723 gid=4193
# QATOM t=647.34 dir=FD w=1.62041095 e=0.296580874674 i=421 Em=0.0313 gid=4411
t=  648.00 -1.92e-15 | 0.0231  5.98   8244    0   9405  10456 | 1.2952 19.33 | 5.95e-03 1.59e-02 |   0.0000 0.0000  0.0000  0.0000 0.000  0.00
# PAR t=648.00 gids n=2456 mint=6537 ret=4081 age=[87 238 562] | sdeath tp n=0 [0.0 0.0 0.0] ba n=4096 [0.5 2.6 320.4] | stamps n=7055 tp=0 age50=110 max=640 | idfrac=0.9982
# HOLE t=648.00 Eh=886.973383 nin=199 eatF=432.7234 eatM=183.4083 eatS=270.8417
# QATOM t=648.54 dir=FD w=1.57087102 e=0.287513671273 i=1288 Em=0.1045 gid=4175
# QATOM t=649.78 dir=DF w=2.59630922 e=0.475197763815 i=1704 Em=0.5155 gid=6370
t=  650.00 -1.92e-15 | 0.0231  5.99   8247    1   9411  10460 | 1.2950 19.32 | 8.66e-03 2.36e-02 |   0.0000 0.0000  0.0000  0.0000 0.000  0.00
# PAR t=650.00 gids n=2457 mint=6554 ret=4097 age=[86 239 563] | sdeath tp n=0 [0.0 0.0 0.0] ba n=4096 [0.5 2.6 320.4] | stamps n=7062 tp=0 age50=110 max=642 | idfrac=0.9982
# HOLE t=650.00 Eh=887.421284 nin=199 eatF=432.8344 eatM=183.4384 eatS=271.1485
# QATOM t=651.04 dir=FD w=1.5570724 e=0.284988134867 i=101 Em=0.0830 gid=6054
t=  652.00 -1.92e-15 | 0.0231  5.98   8244    0   9420  10467 | 1.2952 19.30 | 5.92e-03 2.07e-02 |   0.0000 0.0000  0.0000  0.0000 0.000  0.00
# PAR t=652.00 gids n=2461 mint=6574 ret=4113 age=[87 239 563] | sdeath tp n=0 [0.0 0.0 0.0] ba n=4096 [0.5 2.6 323.1] | stamps n=7079 tp=0 age50=109 max=644 | idfrac=0.9982
# HOLE t=652.00 Eh=887.838630 nin=199 eatF=432.9181 eatM=183.4691 eatS=271.4514
# QATOM t=652.40 dir=FD w=1.29007145 e=0.236119436319 i=1177 Em=0.4239 gid=4584
# QATOM t=653.70 dir=FD w=1.60333261 e=0.29345505718 i=1326 Em=0.0499 gid=6217
t=  654.00 -1.92e-15 | 0.0231  5.99   8245    0   9430  10474 | 1.2952 19.30 | 4.86e-03 1.48e-02 |   0.0000 0.0000  0.0000  0.0000 0.000  0.00
# PAR t=654.00 gids n=2456 mint=6585 ret=4129 age=[86 239 564] | sdeath tp n=0 [0.0 0.0 0.0] ba n=4096 [0.5 2.6 323.1] | stamps n=7048 tp=0 age50=108 max=646 | idfrac=0.9982
# HOLE t=654.00 Eh=888.224180 nin=199 eatF=432.9821 eatM=183.4998 eatS=271.7423
# QATOM t=654.98 dir=DF w=2.28966655 e=0.419073511934 i=2001 Em=0.7600 gid=2947
t=  656.00 -1.92e-15 | 0.0231  5.99   8245    1   9435  10480 | 1.2954 19.30 | 5.25e-03 1.29e-02 |   0.0000 0.0000  0.0000  0.0000 0.000  0.00
# PAR t=656.00 gids n=2445 mint=6598 ret=4153 age=[86 240 566] | sdeath tp n=0 [0.0 0.0 0.0] ba n=4096 [0.5 2.6 323.1] | stamps n=6986 tp=0 age50=109 max=648 | idfrac=0.9982
# HOLE t=656.00 Eh=888.590870 nin=199 eatF=433.0424 eatM=183.5253 eatS=272.0232
# QATOM t=656.28 dir=FD w=1.24931909 e=0.228660605317 i=2460 Em=0.6624 gid=1203
# QATOM t=657.66 dir=FD w=1.64637081 e=0.301332261224 i=2034 Em=0.0042 gid=0
t=  658.00 -1.92e-15 | 0.0231  5.99   8246    0   9440  10485 | 1.2955 19.32 | 7.21e-03 1.55e-02 |   0.0000 0.0000  0.0000  0.0000 0.000  0.00
# PAR t=658.00 gids n=2449 mint=6621 ret=4172 age=[85 239 565] | sdeath tp n=0 [0.0 0.0 0.0] ba n=4096 [0.5 2.6 323.3] | stamps n=7009 tp=0 age50=108 max=650 | idfrac=0.9982
# HOLE t=658.00 Eh=888.953619 nin=199 eatF=433.1096 eatM=183.5507 eatS=272.2933
# QATOM t=658.96 dir=FD w=1.60330387 e=0.293449797084 i=896 Em=0.0226 gid=5132
t=  660.00 -1.92e-15 | 0.0230  5.98   8238    1   9450  10492 | 1.2957 19.29 | 5.57e-03 1.68e-02 |   0.0000 0.0000  0.0000  0.0000 0.000  0.00
# PAR t=660.00 gids n=2444 mint=6635 ret=4191 age=[85 240 566] | sdeath tp n=0 [0.0 0.0 0.0] ba n=4096 [0.5 2.6 323.3] | stamps n=6984 tp=0 age50=106 max=652 | idfrac=0.9982
# HOLE t=660.00 Eh=889.883618 nin=199 eatF=433.2511 eatM=184.0315 eatS=272.6011
# QATOM t=660.24 dir=FD w=1.60509512 e=0.293777645642 i=2658 Em=0.0571 gid=464
# QATOM t=661.80 dir=DF w=2.33192733 e=0.426808426369 i=1597 Em=0.7726 gid=4226
t=  662.00 -1.92e-15 | 0.0230  5.98   8239    0   9461  10503 | 1.2957 19.29 | 7.14e-03 1.67e-02 |   0.0000 0.0000  0.0000  0.0000 0.000  0.00
# PAR t=662.00 gids n=2453 mint=6656 ret=4203 age=[83 237 567] | sdeath tp n=0 [0.0 0.0 0.0] ba n=4096 [0.5 2.6 323.5] | stamps n=7034 tp=0 age50=106 max=654 | idfrac=0.9982
# HOLE t=662.00 Eh=890.359285 nin=200 eatF=433.3481 eatM=184.0576 eatS=272.9536
# QATOM t=663.16 dir=DF w=2.3020169 e=0.4213339743 i=1815 Em=0.5270 gid=5522
t=  664.00 -1.92e-15 | 0.0230  5.98   8233    2   9473  10512 | 1.2954 19.32 | 8.79e-03 1.77e-02 |   0.0000 0.0000  0.0000  0.0000 0.000  0.00
# PAR t=664.00 gids n=2455 mint=6674 ret=4219 age=[83 236 567] | sdeath tp n=0 [0.0 0.0 0.0] ba n=4096 [0.5 2.6 323.7] | stamps n=7043 tp=0 age50=106 max=656 | idfrac=0.9982
# HOLE t=664.00 Eh=890.789066 nin=199 eatF=433.4285 eatM=184.0849 eatS=273.2757
# QATOM t=664.54 dir=FD w=1.6130624 e=0.295235882432 i=1498 Em=0.0330 gid=321
# QATOM t=665.68 dir=DF w=2.28927832 e=0.419002455348 i=1323 Em=0.7404 gid=3648
t=  666.00 -1.92e-15 | 0.0230  5.98   8239    2   9484  10527 | 1.2953 19.36 | 6.37e-03 1.64e-02 |   0.0000 0.0000  0.0000  0.0000 0.000  0.00
# PAR t=666.00 gids n=2456 mint=6690 ret=4234 age=[82 234 567] | sdeath tp n=0 [0.0 0.0 0.0] ba n=4096 [0.5 2.6 324.4] | stamps n=7048 tp=0 age50=105 max=658 | idfrac=0.9982
# HOLE t=666.00 Eh=892.707259 nin=201 eatF=433.7144 eatM=185.4256 eatS=273.5673
# QATOM t=666.96 dir=FD w=1.3488789 e=0.246882855742 i=1254 Em=0.4240 gid=4987
t=  668.00 -1.92e-15 | 0.0230  5.98   8243    2   9490  10536 | 1.2952 19.38 | 5.03e-03 1.31e-02 |   0.0000 0.0000  0.0000  0.0000 0.000  0.00
# PAR t=668.00 gids n=2465 mint=6715 ret=4250 age=[82 233 568] | sdeath tp n=0 [0.0 0.0 0.0] ba n=4096 [0.5 2.6 326.6] | stamps n=7101 tp=0 age50=103 max=660 | idfrac=0.9982
# HOLE t=668.00 Eh=893.137182 nin=201 eatF=433.7718 eatM=185.4547 eatS=273.9107
# QATOM t=668.38 dir=FD w=1.42010432 e=0.259919116326 i=587 Em=0.2798 gid=3563
# QATOM t=669.72 dir=DF w=2.38748989 e=0.436977940401 i=1712 Em=1.0119 gid=6313
t=  670.00 -1.92e-15 | 0.0230  5.98   8242    1   9508  10550 | 1.2950 19.36 | 8.66e-03 1.65e-02 |   0.0000 0.0000  0.0000  0.0000 0.000  0.00
# PAR t=670.00 gids n=2465 mint=6732 ret=4267 age=[81 230 565] | sdeath tp n=0 [0.0 0.0 0.0] ba n=4096 [0.5 2.6 328.0] | stamps n=7099 tp=0 age50=103 max=662 | idfrac=0.9982
# HOLE t=670.00 Eh=893.512185 nin=200 eatF=433.8368 eatM=185.4834 eatS=274.1920
# QATOM t=671.02 dir=DF w=2.41087448 e=0.441257978886 i=1397 Em=0.6923 gid=2002
t=  672.00 -1.92e-15 | 0.0230  5.98   8243    0   9516  10561 | 1.2951 19.35 | 5.23e-03 1.65e-02 |   0.0000 0.0000  0.0000  0.0000 0.000  0.00
# PAR t=672.00 gids n=2459 mint=6744 ret=4285 age=[81 230 566] | sdeath tp n=0 [0.0 0.0 0.0] ba n=4096 [0.5 2.6 328.9] | stamps n=7057 tp=0 age50=103 max=664 | idfrac=0.9982
# HOLE t=672.00 Eh=893.909424 nin=200 eatF=433.9165 eatM=185.5169 eatS=274.4761
# QATOM t=672.34 dir=DF w=2.31189781 e=0.423142458252 i=1770 Em=0.7216 gid=1830
# QATOM t=673.90 dir=DF w=2.09714888 e=0.383837351704 i=1254 Em=0.7609 gid=4987
t=  674.00 -1.92e-15 | 0.0230  5.98   8237    1   9525  10574 | 1.2951 19.33 | 5.86e-03 1.42e-02 |   0.0000 0.0000  0.0000  0.0000 0.000  0.00
# PAR t=674.00 gids n=2451 mint=6752 ret=4301 age=[82 231 566] | sdeath tp n=0 [0.0 0.0 0.0] ba n=4096 [0.5 2.6 329.0] | stamps n=7018 tp=0 age50=104 max=666 | idfrac=0.9982
# HOLE t=674.00 Eh=894.919909 nin=199 eatF=434.0538 eatM=186.0756 eatS=274.7905
# QATOM t=675.22 dir=FD w=1.51552293 e=0.27738341117 i=1145 Em=0.1863 gid=5204
t=  676.00 -1.92e-15 | 0.0230  5.98   8234    1   9534  10581 | 1.2953 19.32 | 6.69e-03 1.63e-02 |   0.0000 0.0000  0.0000  0.0000 0.000  0.00
# PAR t=676.00 gids n=2461 mint=6777 ret=4316 age=[81 229 566] | sdeath tp n=0 [0.0 0.0 0.0] ba n=4096 [0.5 2.6 329.1] | stamps n=7077 tp=0 age50=103 max=668 | idfrac=0.9982
# HOLE t=676.00 Eh=895.381294 nin=199 eatF=434.1649 eatM=186.1017 eatS=275.1147
# QATOM t=676.42 dir=DF w=2.25110042 e=0.412014822802 i=1311 Em=0.8106 gid=4368
# QATOM t=677.58 dir=FD w=1.49240637 e=0.273152429004 i=1538 Em=0.1889 gid=5317
t=  678.00 -1.92e-15 | 0.0230  5.98   8234    2   9551  10594 | 1.2958 19.31 | 9.76e-03 2.41e-02 |   0.0000 0.0000  0.0000  0.0000 0.000  0.00
# PAR t=678.00 gids n=2461 mint=6794 ret=4333 age=[81 230 565] | sdeath tp n=0 [0.0 0.0 0.0] ba n=4096 [0.5 2.6 329.4] | stamps n=7072 tp=0 age50=102 max=670 | idfrac=0.9982
# HOLE t=678.00 Eh=896.104657 nin=199 eatF=434.5317 eatM=186.1259 eatS=275.4471
# QATOM t=678.70 dir=FD w=1.41060738 e=0.258180908575 i=1277 Em=0.3527 gid=622
t=  680.00 -1.92e-15 | 0.0230  5.98   8237    1   9565  10606 | 1.2957 19.34 | 7.75e-03 1.84e-02 |   0.0000 0.0000  0.0000  0.0000 0.000  0.00
# PAR t=680.00 gids n=2461 mint=6811 ret=4350 age=[81 230 567] | sdeath tp n=0 [0.0 0.0 0.0] ba n=4096 [0.5 2.6 329.4] | stamps n=7070 tp=0 age50=102 max=672 | idfrac=0.9982
# HOLE t=680.00 Eh=896.487740 nin=198 eatF=434.6263 eatM=186.1482 eatS=275.7133
# QATOM t=680.16 dir=FD w=1.34150338 e=0.245532928761 i=676 Em=0.0996 gid=4520
# QATOM t=681.32 dir=FD w=1.46620629 e=0.268357075301 i=2407 Em=0.0663 gid=589
t=  682.00 -1.92e-15 | 0.0230  5.98   8235    0   9574  10614 | 1.2957 19.35 | 5.72e-03 1.67e-02 |   0.0000 0.0000  0.0000  0.0000 0.000  0.00
# PAR t=682.00 gids n=2464 mint=6826 ret=4362 age=[81 230 566] | sdeath tp n=0 [0.0 0.0 0.0] ba n=4096 [0.5 2.6 332.1] | stamps n=7100 tp=0 age50=102 max=674 | idfrac=0.9982
# HOLE t=682.00 Eh=899.056844 nin=198 eatF=435.1599 eatM=187.9426 eatS=275.9543
# QATOM t=682.66 dir=FD w=1.59731657 e=0.29235395152 i=1247 Em=0.0278 gid=6670
# QATOM t=683.86 dir=FD w=1.36763719 e=0.250316151877 i=1622 Em=0.2147 gid=818
t=  684.00 -1.92e-15 | 0.0230  5.98   8238    1   9579  10618 | 1.2957 19.36 | 3.71e-03 1.21e-02 |   0.0000 0.0000  0.0000  0.0000 0.000  0.00
# PAR t=684.00 gids n=2460 mint=6836 ret=4376 age=[83 231 560] | sdeath tp n=0 [0.0 0.0 0.0] ba n=4096 [0.5 2.6 332.1] | stamps n=7076 tp=0 age50=103 max=676 | idfrac=0.9982
# HOLE t=684.00 Eh=899.386262 nin=196 eatF=435.2232 eatM=187.9660 eatS=276.1970
# QATOM t=685.08 dir=FD w=1.64558249 e=0.301187974838 i=2686 Em=0.0024 gid=0
t=  686.00 -1.92e-15 | 0.0230  5.98   8235    1   9586  10630 | 1.2960 19.35 | 5.78e-03 1.79e-02 |   0.0000 0.0000  0.0000  0.0000 0.000  0.00
# PAR t=686.00 gids n=2462 mint=6853 ret=4391 age=[82 230 560] | sdeath tp n=0 [0.0 0.0 0.0] ba n=4096 [0.5 2.7 333.0] | stamps n=7087 tp=0 age50=103 max=678 | idfrac=0.9982
# HOLE t=686.00 Eh=900.645464 nin=197 eatF=435.6382 eatM=188.5631 eatS=276.4441
# QATOM t=686.52 dir=FD w=1.39551906 e=0.255419319742 i=220 Em=0.2780 gid=4695
t=  688.00 -1.92e-15 | 0.0230  5.98   8234    2   9599  10643 | 1.2961 19.33 | 8.56e-03 1.87e-02 |   0.0000 0.0000  0.0000  0.0000 0.000  0.00
# PAR t=688.00 gids n=2456 mint=6866 ret=4410 age=[82 232 561] | sdeath tp n=0 [0.0 0.0 0.0] ba n=4096 [0.5 2.7 335.9] | stamps n=7052 tp=0 age50=104 max=680 | idfrac=0.9982
# HOLE t=688.00 Eh=902.477243 nin=198 eatF=435.8533 eatM=189.9206 eatS=276.7033
# QATOM t=688.06 dir=DF w=2.27653243 e=0.41666959834 i=681 Em=0.8586 gid=1691
# QATOM t=689.46 dir=FD w=1.60884125 e=0.294463293725 i=824 Em=0.0450 gid=5399
t=  690.00 -1.92e-15 | 0.0230  5.98   8238    0   9607  10651 | 1.2957 19.35 | 7.46e-03 1.53e-02 |   0.0000 0.0000  0.0000  0.0000 0.000  0.00
# PAR t=690.00 gids n=2453 mint=6877 ret=4424 age=[83 232 563] | sdeath tp n=0 [0.0 0.0 0.0] ba n=4096 [0.5 2.7 337.1] | stamps n=7033 tp=0 age50=105 max=682 | idfrac=0.9982
# HOLE t=690.00 Eh=902.840054 nin=198 eatF=435.9325 eatM=189.9401 eatS=276.9675
# QATOM t=690.72 dir=DF w=2.28447473 e=0.418123263181 i=1105 Em=0.4891 gid=474
t=  692.00 -1.92e-15 | 0.0230  5.98   8238    1   9616  10656 | 1.2956 19.36 | 5.00e-03 1.70e-02 |   0.0000 0.0000  0.0000  0.0000 0.000  0.00
# PAR t=692.00 gids n=2457 mint=6896 ret=4439 age=[82 229 561] | sdeath tp n=0 [0.0 0.0 0.0] ba n=4096 [0.5 2.7 337.1] | stamps n=7057 tp=0 age50=104 max=684 | idfrac=0.9982
# HOLE t=692.00 Eh=904.679447 nin=199 eatF=436.0806 eatM=191.3410 eatS=277.2578
# QATOM t=692.20 dir=DF w=2.2252584 e=0.407285004652 i=1767 Em=0.4711 gid=694
# QATOM t=693.58 dir=DF w=2.5552478 e=0.46768236588 i=1642 Em=0.5309 gid=306
t=  694.00 -1.92e-15 | 0.0230  5.98   8239    1   9620  10664 | 1.2956 19.37 | 7.08e-03 1.69e-02 |   0.0000 0.0000  0.0000  0.0000 0.000  0.00
# PAR t=694.00 gids n=2453 mint=6908 ret=4455 age=[83 229 561] | sdeath tp n=0 [0.0 0.0 0.0] ba n=4096 [0.5 2.7 337.9] | stamps n=7038 tp=0 age50=104 max=686 | idfrac=0.9982
# HOLE t=694.00 Eh=905.100531 nin=199 eatF=436.1633 eatM=191.3615 eatS=277.5757
# QATOM t=694.90 dir=FD w=1.41759651 e=0.259460114878 i=1216 Em=0.1497 gid=2601
t=  696.00 -1.92e-15 | 0.0230  5.98   8233    1   9625  10671 | 1.2956 19.36 | 5.74e-03 1.85e-02 |   0.0000 0.0000  0.0000  0.0000 0.000  0.00
# PAR t=696.00 gids n=2456 mint=6921 ret=4465 age=[84 230 560] | sdeath tp n=0 [0.0 0.0 0.0] ba n=4096 [0.5 2.7 337.9] | stamps n=7051 tp=0 age50=105 max=688 | idfrac=0.9982
# HOLE t=696.00 Eh=905.521592 nin=198 eatF=436.2488 eatM=191.3849 eatS=277.8879
# QATOM t=696.02 dir=DF w=2.18571171 e=0.400046847009 i=351 Em=0.4998 gid=5816
# QATOM t=697.26 dir=DF w=2.57224542 e=0.470793409089 i=2081 Em=0.5003 gid=720
t=  698.00 -1.92e-15 | 0.0230  5.98   8233    0   9634  10681 | 1.2955 19.35 | 6.41e-03 1.65e-02 |   0.0000 0.0000  0.0000  0.0000 0.000  0.00
# PAR t=698.00 gids n=2463 mint=6940 ret=4477 age=[84 230 558] | sdeath tp n=0 [0.0 0.0 0.0] ba n=4096 [0.5 2.7 338.9] | stamps n=7088 tp=0 age50=104 max=690 | idfrac=0.9982
# HOLE t=698.00 Eh=905.939239 nin=198 eatF=436.3283 eatM=191.4102 eatS=278.2008
# QATOM t=698.82 dir=DF w=2.33281693 e=0.426971247356 i=872 Em=0.5006 gid=3982
t=  700.00 -1.92e-15 | 0.0230  5.98   8236    2   9642  10686 | 1.2954 19.37 | 7.50e-03 1.59e-02 |   0.0000 0.0000  0.0000  0.0000 0.000  0.00
# PAR t=700.00 gids n=2469 mint=6956 ret=4487 age=[85 230 555] | sdeath tp n=0 [0.0 0.0 0.0] ba n=4096 [0.5 2.7 338.9] | stamps n=7123 tp=0 age50=105 max=692 | idfrac=0.9982
# HOLE t=700.00 Eh=906.312131 nin=198 eatF=436.3900 eatM=191.4382 eatS=278.4840
# QATOM t=700.30 dir=DF w=2.34953465 e=0.430031061576 i=154 Em=0.5008 gid=2790
# QATOM t=701.42 dir=FD w=1.53220662 e=0.560873991015 i=2504 Em=0.1536 gid=5445
t=  702.00 -1.92e-15 | 0.0230  5.98   8236    2   9646  10694 | 1.2950 19.37 | 1.01e-02 2.25e-02 |   0.0000 0.0000  0.0000  0.0000 0.000  0.00
# PAR t=702.00 gids n=2477 mint=6978 ret=4501 age=[84 228 551] | sdeath tp n=0 [0.0 0.0 0.0] ba n=4096 [0.5 2.7 339.0] | stamps n=7174 tp=0 age50=104 max=694 | idfrac=0.9982
# HOLE t=702.00 Eh=908.238532 nin=199 eatF=436.7659 eatM=192.7246 eatS=278.7480
# QATOM t=702.82 dir=DF w=2.46287497 e=0.450775534351 i=1589 Em=0.6276 gid=5264
t=  704.00 -1.92e-15 | 0.0230  5.98   8237    2   9657  10704 | 1.2955 19.37 | 1.18e-02 5.00e-02 |   0.0000 0.0000  0.0000  0.0000 0.000  0.00
# PAR t=704.00 gids n=2468 mint=6987 ret=4519 age=[86 229 553] | sdeath tp n=0 [0.0 0.0 0.0] ba n=4096 [0.5 2.7 342.1] | stamps n=7116 tp=0 age50=105 max=696 | idfrac=0.9982
# HOLE t=704.00 Eh=908.598813 nin=198 eatF=436.8294 eatM=192.7493 eatS=279.0201
# QATOM t=704.16 dir=DF w=2.82298547 e=0.516685905962 i=1411 Em=0.7165 gid=6474
# QATOM t=705.52 dir=DF w=2.13379878 e=0.390545316965 i=159 Em=0.6638 gid=2446
t=  706.00 -1.92e-15 | 0.0230  5.98   8239    2   9671  10713 | 1.2955 19.37 | 1.20e-02 5.00e-02 |   0.0000 0.0000  0.0000  0.0000 0.000  0.00
# PAR t=706.00 gids n=2470 mint=7000 ret=4530 age=[86 228 553] | sdeath tp n=0 [0.0 0.0 0.0] ba n=4096 [0.5 2.7 342.2] | stamps n=7135 tp=0 age50=105 max=698 | idfrac=0.9982
# HOLE t=706.00 Eh=909.004237 nin=198 eatF=436.9171 eatM=192.7722 eatS=279.3149
# QATOM t=706.62 dir=FD w=1.38804841 e=0.254051981408 i=541 Em=0.2261 gid=5047
t=  708.00 -1.92e-15 | 0.0230  5.98   8242    3   9680  10725 | 1.2953 19.38 | 5.05e-03 1.28e-02 |   0.0000 0.0000  0.0000  0.0000 0.000  0.00
# PAR t=708.00 gids n=2470 mint=7017 ret=4547 age=[87 228 554] | sdeath tp n=0 [0.0 0.0 0.0] ba n=4096 [0.5 2.7 342.6] | stamps n=7138 tp=0 age50=106 max=700 | idfrac=0.9982
# HOLE t=708.00 Eh=911.679605 nin=200 eatF=437.4634 eatM=194.5811 eatS=279.6351
# QATOM t=708.08 dir=FD w=1.34254318 e=0.245723241461 i=1494 Em=0.2373 gid=6105
# QATOM t=709.50 dir=DF w=2.40076101 e=0.439406929512 i=1447 Em=0.6050 gid=5984
t=  710.00 -1.92e-15 | 0.0230  5.98   8235    1   9692  10735 | 1.2954 19.37 | 6.43e-03 1.59e-02 |   0.0000 0.0000  0.0000  0.0000 0.000  0.00
# PAR t=710.00 gids n=2469 mint=7029 ret=4560 age=[88 230 555] | sdeath tp n=0 [0.0 0.0 0.0] ba n=4096 [0.5 2.8 343.9] | stamps n=7126 tp=0 age50=108 max=702 | idfrac=0.9982
# HOLE t=710.00 Eh=912.069219 nin=200 eatF=437.5282 eatM=194.6015 eatS=279.9395
# QATOM t=710.94 dir=FD w=1.35736561 e=0.248436163901 i=652 Em=0.2000 gid=6947
t=  712.00 -1.92e-15 | 0.0230  5.98   8234    1   9703  10747 | 1.2955 19.37 | 9.76e-03 1.92e-02 |   0.0000 0.0000  0.0000  0.0000 0.000  0.00
# PAR t=712.00 gids n=2471 mint=7045 ret=4574 age=[89 228 549] | sdeath tp n=0 [0.0 0.0 0.0] ba n=4096 [0.5 2.8 344.5] | stamps n=7141 tp=0 age50=107 max=704 | idfrac=0.9982
# HOLE t=712.00 Eh=913.400781 nin=201 eatF=437.8026 eatM=195.3671 eatS=280.2311
# QATOM t=712.22 dir=DF w=2.11754136 e=0.387569751361 i=1022 Em=0.9375 gid=6826
# QATOM t=713.84 dir=FD w=1.26451729 e=0.23144230312 i=2144 Em=0.3739 gid=4107
t=  714.00 -1.92e-15 | 0.0230  5.98   8233    0   9715  10760 | 1.2955 19.39 | 5.83e-03 1.52e-02 |   0.0000 0.0000  0.0000  0.0000 0.000  0.00
# PAR t=714.00 gids n=2458 mint=7053 ret=4595 age=[90 229 552] | sdeath tp n=0 [0.0 0.0 0.0] ba n=4096 [0.5 2.8 345.7] | stamps n=7065 tp=0 age50=108 max=706 | idfrac=0.9982
# HOLE t=714.00 Eh=913.766447 nin=200 eatF=437.8650 eatM=195.3901 eatS=280.5113
# QATOM t=715.02 dir=DF w=2.32273495 e=0.425125960772 i=1373 Em=0.5078 gid=6361
t=  716.00 -1.92e-15 | 0.0230  5.98   8236    3   9721  10767 | 1.2957 19.38 | 5.76e-03 1.78e-02 |   0.0000 0.0000  0.0000  0.0000 0.000  0.00
# PAR t=716.00 gids n=2458 mint=7076 ret=4618 age=[90 229 554] | sdeath tp n=0 [0.0 0.0 0.0] ba n=4096 [0.5 2.8 346.4] | stamps n=7061 tp=0 age50=109 max=708 | idfrac=0.9982
# HOLE t=716.00 Eh=914.104401 nin=200 eatF=437.9247 eatM=195.4120 eatS=280.7677
# QATOM t=716.22 dir=DF w=2.24461152 e=0.410827170734 i=1194 Em=0.5862 gid=1260
# QATOM t=717.72 dir=FD w=1.38648275 e=0.253765421359 i=43 Em=0.3724 gid=2956
t=  718.00 -1.92e-15 | 0.0230  5.98   8238    2   9737  10781 | 1.2955 19.39 | 6.87e-03 1.79e-02 |   0.0000 0.0000  0.0000  0.0000 0.000  0.00
# PAR t=718.00 gids n=2461 mint=7095 ret=4634 age=[90 230 555] | sdeath tp n=0 [0.0 0.0 0.0] ba n=4096 [0.5 2.8 348.2] | stamps n=7073 tp=0 age50=108 max=710 | idfrac=0.9983
# HOLE t=718.00 Eh=914.463691 nin=200 eatF=438.0015 eatM=195.4363 eatS=281.0258
# QATOM t=719.00 dir=FD w=1.42882822 e=0.261515835192 i=1077 Em=0.3103 gid=5396
t=  720.00 -1.92e-15 | 0.0230  5.98   8240    0   9751  10799 | 1.2956 19.40 | 7.15e-03 1.66e-02 |   0.0000 0.0000  0.0000  0.0000 0.000  0.00
# PAR t=720.00 gids n=2466 mint=7111 ret=4645 age=[91 230 555] | sdeath tp n=0 [0.0 0.0 0.0] ba n=4096 [0.5 2.8 350.1] | stamps n=7103 tp=0 age50=109 max=712 | idfrac=0.9983
# HOLE t=720.00 Eh=917.013322 nin=202 eatF=438.7462 eatM=196.9246 eatS=281.3426
# QATOM t=720.36 dir=FD w=1.63383829 e=0.299038456223 i=120 Em=0.0187 gid=0
# QATOM t=721.74 dir=DF w=2.41638058 e=0.442265750057 i=801 Em=0.5405 gid=5641
t=  722.00 -1.92e-15 | 0.0230  5.98   8239    1   9762  10810 | 1.2953 19.41 | 7.41e-03 1.92e-02 |   0.0000 0.0000  0.0000  0.0000 0.000  0.00
# PAR t=722.00 gids n=2466 mint=7121 ret=4655 age=[91 229 551] | sdeath tp n=0 [0.0 0.0 0.0] ba n=4096 [0.5 2.8 350.5] | stamps n=7107 tp=0 age50=110 max=714 | idfrac=0.9983
# HOLE t=722.00 Eh=917.468701 nin=202 eatF=438.8136 eatM=196.9567 eatS=281.6984
# QATOM t=723.08 dir=DF w=2.2993215 e=0.420840639166 i=2118 Em=0.4219 gid=5835
t=  724.00 -1.92e-15 | 0.0230  5.98   8237    2   9773  10819 | 1.2956 19.39 | 8.39e-03 2.49e-02 |   0.0000 0.0000  0.0000  0.0000 0.000  0.00
# PAR t=724.00 gids n=2462 mint=7135 ret=4673 age=[93 230 553] | sdeath tp n=0 [0.0 0.0 0.0] ba n=4096 [0.5 2.8 351.4] | stamps n=7080 tp=0 age50=111 max=716 | idfrac=0.9983
# HOLE t=724.00 Eh=917.925751 nin=202 eatF=438.9251 eatM=196.9887 eatS=282.0120
# QATOM t=724.58 dir=DF w=2.60822114 e=0.477377979443 i=678 Em=0.5365 gid=2902
t=  726.00 -1.92e-15 | 0.0230  5.98   8236    1   9785  10833 | 1.2955 19.37 | 7.07e-03 1.80e-02 |   0.0000 0.0000  0.0000  0.0000 0.000  0.00
# PAR t=726.00 gids n=2456 mint=7144 ret=4688 age=[94 232 555] | sdeath tp n=0 [0.0 0.0 0.0] ba n=4096 [0.5 2.8 352.0] | stamps n=7038 tp=0 age50=112 max=718 | idfrac=0.9983
# HOLE t=726.00 Eh=918.331311 nin=201 eatF=439.0173 eatM=197.0194 eatS=282.2946
# QATOM t=726.14 dir=DF w=2.15341388 e=0.394135432562 i=2669 Em=0.6635 gid=5846
# QATOM t=727.44 dir=DF w=2.4350221 e=0.445677674559 i=182 Em=0.6737 gid=4764
t=  728.00 -1.92e-15 | 0.0230  5.98   8239    2   9793  10843 | 1.2953 19.41 | 7.43e-03 1.79e-02 |   0.0000 0.0000  0.0000  0.0000 0.000  0.00
# PAR t=728.00 gids n=2448 mint=7155 ret=4707 age=[94 232 555] | sdeath tp n=0 [0.0 0.0 0.0] ba n=4096 [0.5 2.8 354.1] | stamps n=6998 tp=0 age50=113 max=720 | idfrac=0.9983
# HOLE t=728.00 Eh=919.621798 nin=202 eatF=439.1508 eatM=197.8936 eatS=282.5774
# QATOM t=729.08 dir=DF w=2.38641294 e=0.436780828888 i=2183 Em=0.4391 gid=5006
t=  730.00 -1.92e-15 | 0.0229  5.98   8241    1   9809  10855 | 1.2954 19.41 | 7.69e-03 1.56e-02 |   0.0000 0.0000  0.0000  0.0000 0.000  0.00
# PAR t=730.00 gids n=2446 mint=7170 ret=4724 age=[93 232 554] | sdeath tp n=0 [0.0 0.0 0.0] ba n=4096 [0.5 2.8 354.2] | stamps n=6988 tp=0 age50=114 max=722 | idfrac=0.9983
# HOLE t=730.00 Eh=920.081705 nin=202 eatF=439.2545 eatM=197.9244 eatS=282.9028
# QATOM t=730.44 dir=FD w=1.31185084 e=0.240105678158 i=142 Em=0.4103 gid=128
# QATOM t=731.70 dir=DF w=2.22928004 e=0.408021078517 i=361 Em=0.4787 gid=5346
t=  732.00 -1.92e-15 | 0.0229  5.98   8236    2   9817  10869 | 1.2955 19.40 | 6.01e-03 1.70e-02 |   0.0000 0.0000  0.0000  0.0000 0.000  0.00
# PAR t=732.00 gids n=2449 mint=7187 ret=4738 age=[94 231 554] | sdeath tp n=0 [0.0 0.0 0.0] ba n=4096 [0.5 2.8 354.6] | stamps n=6998 tp=0 age50=114 max=724 | idfrac=0.9983
# HOLE t=732.00 Eh=920.548123 nin=202 eatF=439.3624 eatM=197.9511 eatS=283.2347
# QATOM t=733.20 dir=DF w=2.22088562 e=0.406484663696 i=135 Em=0.6609 gid=6590
t=  734.00 -1.92e-15 | 0.0230  5.98   8237    3   9832  10881 | 1.2955 19.41 | 8.62e-03 2.30e-02 |   0.0000 0.0000  0.0000  0.0000 0.000  0.00
# PAR t=734.00 gids n=2453 mint=7199 ret=4746 age=[95 230 554] | sdeath tp n=0 [0.0 0.0 0.0] ba n=4096 [0.5 2.8 355.8] | stamps n=7020 tp=0 age50=115 max=726 | idfrac=0.9983
# HOLE t=734.00 Eh=920.987821 nin=202 eatF=439.4676 eatM=197.9743 eatS=283.5460
# QATOM t=734.56 dir=FD w=1.20760756 e=0.22102621995 i=197 Em=0.7301 gid=545
# QATOM t=735.88 dir=FD w=1.28778856 e=0.235701601962 i=1510 Em=0.5294 gid=4224
t=  736.00 -1.92e-15 | 0.0229  5.98   8232    0   9844  10892 | 1.2956 19.40 | 6.30e-03 1.34e-02 |   0.0000 0.0000  0.0000  0.0000 0.000  0.00
# PAR t=736.00 gids n=2459 mint=7218 ret=4759 age=[94 229 553] | sdeath tp n=0 [0.0 0.0 0.0] ba n=4096 [0.5 2.8 357.4] | stamps n=7054 tp=0 age50=115 max=728 | idfrac=0.9983
# HOLE t=736.00 Eh=921.358233 nin=202 eatF=439.5360 eatM=197.9967 eatS=283.8255
# QATOM t=737.32 dir=DF w=2.29201462 e=0.419503273995 i=2411 Em=0.4936 gid=5959
t=  738.00 -1.92e-15 | 0.0229  5.98   8234    0   9852  10896 | 1.2952 19.42 | 7.28e-03 1.82e-02 |   0.0000 0.0000  0.0000  0.0000 0.000  0.00
# PAR t=738.00 gids n=2460 mint=7240 ret=4780 age=[94 225 552] | sdeath tp n=0 [0.0 0.0 0.0] ba n=4096 [0.5 2.8 357.6] | stamps n=7062 tp=0 age50=115 max=730 | idfrac=0.9983
# HOLE t=738.00 Eh=921.740909 nin=202 eatF=439.6143 eatM=198.0179 eatS=284.1087
# QATOM t=738.64 dir=FD w=1.57429746 e=0.28814080687 i=2457 Em=0.0845 gid=3585
t=  740.00 -1.92e-15 | 0.0229  5.98   8236    0   9862  10910 | 1.2952 19.45 | 5.69e-03 1.52e-02 |   0.0000 0.0000  0.0000  0.0000 0.000  0.00
# PAR t=740.00 gids n=2462 mint=7258 ret=4796 age=[93 225 548] | sdeath tp n=0 [0.0 0.0 0.0] ba n=4096 [0.5 2.8 359.6] | stamps n=7069 tp=0 age50=116 max=732 | idfrac=0.9983
# HOLE t=740.00 Eh=922.136690 nin=200 eatF=439.7039 eatM=198.0406 eatS=284.3922
# QATOM t=740.16 dir=DF w=2.51980427 e=0.461195200931 i=414 Em=0.5772 gid=3636
# QATOM t=741.32 dir=DF w=2.37253535 e=0.434240837104 i=871 Em=0.4510 gid=7152
t=  742.00 -1.92e-15 | 0.0229  5.98   8238    1   9876  10921 | 1.2951 19.47 | 5.52e-03 1.46e-02 |   0.0000 0.0000  0.0000  0.0000 0.000  0.00
# PAR t=742.00 gids n=2452 mint=7269 ret=4817 age=[95 226 551] | sdeath tp n=0 [0.0 0.0 0.0] ba n=4096 [0.5 2.8 360.5] | stamps n=7015 tp=0 age50=116 max=734 | idfrac=0.9983
# HOLE t=742.00 Eh=923.272225 nin=201 eatF=439.9808 eatM=198.6612 eatS=284.6303
# QATOM t=742.68 dir=FD w=1.44273142 e=0.264060512116 i=2551 Em=0.2008 gid=1953
# QATOM t=743.96 dir=FD w=1.49568685 e=0.273752848443 i=1727 Em=0.2008 gid=251
t=  744.00 -1.92e-15 | 0.0229  5.98   8235    1   9888  10940 | 1.2949 19.48 | 6.90e-03 1.89e-02 |   0.0000 0.0000  0.0000  0.0000 0.000  0.00
# PAR t=744.00 gids n=2460 mint=7289 ret=4829 age=[95 226 548] | sdeath tp n=0 [0.0 0.0 0.0] ba n=4096 [0.5 2.8 364.3] | stamps n=7066 tp=0 age50=115 max=736 | idfrac=0.9983
# HOLE t=744.00 Eh=923.605777 nin=201 eatF=440.0438 eatM=198.6868 eatS=284.8751
# QATOM t=745.30 dir=FD w=1.61798964 e=0.592275412752 i=1832 Em=0.0317 gid=6619
t=  746.00 -1.92e-15 | 0.0229  5.98   8237    2   9897  10949 | 1.2951 19.49 | 4.89e-03 1.49e-02 |   0.0000 0.0000  0.0000  0.0000 0.000  0.00
# PAR t=746.00 gids n=2468 mint=7310 ret=4842 age=[94 225 544] | sdeath tp n=0 [0.0 0.0 0.0] ba n=4096 [0.5 2.8 368.7] | stamps n=7110 tp=0 age50=115 max=738 | idfrac=0.9983
# HOLE t=746.00 Eh=923.962727 nin=201 eatF=440.1020 eatM=198.7113 eatS=285.1494
# QATOM t=746.50 dir=DF w=2.25412389 e=0.412568203208 i=151 Em=0.4752 gid=687
# QATOM t=747.98 dir=DF w=2.36186799 e=0.43228841006 i=2320 Em=0.7648 gid=4697
t=  748.00 -1.92e-15 | 0.0229  5.98   8242    1   9907  10959 | 1.2951 19.50 | 1.08e-02 1.49e-02 |   0.0000 0.0000  0.0000  0.0000 0.000  0.00
# PAR t=748.00 gids n=2471 mint=7328 ret=4857 age=[94 225 543] | sdeath tp n=0 [0.0 0.0 0.0] ba n=4096 [0.5 2.9 370.5] | stamps n=7130 tp=0 age50=114 max=740 | idfrac=0.9983
# HOLE t=748.00 Eh=924.312377 nin=199 eatF=440.1602 eatM=198.7367 eatS=285.4155
# QATOM t=749.46 dir=DF w=2.18751099 e=0.400376165148 i=1936 Em=0.4807 gid=5655
t=  750.00 -1.92e-15 | 0.0229  5.98   8235    2   9925  10972 | 1.2952 19.47 | 1.41e-02 5.00e-02 |   0.0000 0.0000  0.0000  0.0000 0.000  0.00
# PAR t=750.00 gids n=2469 mint=7335 ret=4866 age=[94 226 545] | sdeath tp n=0 [0.0 0.0 0.0] ba n=4096 [0.5 2.9 371.2] | stamps n=7116 tp=0 age50=115 max=742 | idfrac=0.9983
# HOLE t=750.00 Eh=924.688350 nin=200 eatF=440.2462 eatM=198.7590 eatS=285.6832
# QATOM t=750.84 dir=DF w=2.30390343 e=0.421679262309 i=1775 Em=0.4401 gid=5500
t=  752.00 -1.92e-15 | 0.0229  5.98   8243    1   9930  10985 | 1.2947 19.50 | 5.80e-03 1.69e-02 |   0.0000 0.0000  0.0000  0.0000 0.000  0.00
# PAR t=752.00 gids n=2453 mint=7346 ret=4893 age=[96 228 550] | sdeath tp n=0 [0.0 0.0 0.0] ba n=4096 [0.5 2.9 373.9] | stamps n=7033 tp=0 age50=115 max=744 | idfrac=0.9983
# HOLE t=752.00 Eh=928.655161 nin=204 eatF=440.7038 eatM=201.9878 eatS=285.9636
# QATOM t=752.18 dir=DF w=2.370044 e=0.433784851115 i=1175 Em=0.7316 gid=5120
# QATOM t=753.62 dir=FD w=1.51584765 e=0.277442843544 i=1894 Em=0.1113 gid=4890
t=  754.00 -1.92e-15 | 0.0229  5.98   8240    0   9937  10994 | 1.2947 19.51 | 4.90e-03 1.30e-02 |   0.0000 0.0000  0.0000  0.0000 0.000  0.00
# PAR t=754.00 gids n=2449 mint=7359 ret=4910 age=[96 228 547] | sdeath tp n=0 [0.0 0.0 0.0] ba n=4096 [0.5 2.9 374.7] | stamps n=7017 tp=0 age50=116 max=746 | idfrac=0.9983
# HOLE t=754.00 Eh=930.463979 nin=204 eatF=441.1438 eatM=203.0412 eatS=286.2790
# QATOM t=754.82 dir=DF w=2.33578784 e=0.427515008422 i=1888 Em=0.6342 gid=359
t=  756.00 -1.92e-15 | 0.0229  5.98   8243    2   9947  11000 | 1.2947 19.52 | 5.22e-03 1.47e-02 |   0.0000 0.0000  0.0000  0.0000 0.000  0.00
# PAR t=756.00 gids n=2452 mint=7377 ret=4925 age=[95 228 546] | sdeath tp n=0 [0.0 0.0 0.0] ba n=4096 [0.5 2.9 374.7] | stamps n=7035 tp=0 age50=116 max=748 | idfrac=0.9983
# HOLE t=756.00 Eh=930.893395 nin=203 eatF=441.2236 eatM=203.0655 eatS=286.6043
# QATOM t=756.22 dir=DF w=2.40682553 e=0.440516907568 i=643 Em=0.4961 gid=4744
# QATOM t=757.52 dir=DF w=2.3510364 e=0.430305924812 i=2032 Em=0.4815 gid=3156
t=  758.00 -1.92e-15 | 0.0229  5.98   8232    1   9960  11012 | 1.2949 19.48 | 7.13e-03 2.08e-02 |   0.0000 0.0000  0.0000  0.0000 0.000  0.00
# PAR t=758.00 gids n=2452 mint=7392 ret=4940 age=[96 230 548] | sdeath tp n=0 [0.0 0.0 0.0] ba n=4096 [0.5 2.9 376.7] | stamps n=7027 tp=0 age50=118 max=750 | idfrac=0.9983
# HOLE t=758.00 Eh=931.319229 nin=203 eatF=441.3117 eatM=203.0913 eatS=286.9162
# QATOM t=758.72 dir=DF w=2.26287239 e=0.414169424804 i=2182 Em=0.6545 gid=7233
t=  760.00 -1.92e-15 | 0.0229  5.97   8229    1   9965  11019 | 1.2949 19.48 | 4.75e-03 1.44e-02 |   0.0000 0.0000  0.0000  0.0000 0.000  0.00
# PAR t=760.00 gids n=2447 mint=7410 ret=4963 age=[97 230 546] | sdeath tp n=0 [0.0 0.0 0.0] ba n=4096 [0.5 2.9 377.9] | stamps n=6994 tp=0 age50=118 max=752 | idfrac=0.9983
# HOLE t=760.00 Eh=932.244642 nin=205 eatF=441.8953 eatM=203.1174 eatS=287.2320
# QATOM t=760.02 dir=FD w=1.30185769 e=0.2382766494 i=1110 Em=0.5301 gid=6257
# QATOM t=761.44 dir=FD w=1.6087222 e=0.294441504339 i=844 Em=0.0424 gid=7420
t=  762.00 -1.92e-15 | 0.0229  5.98   8234    1   9981  11033 | 1.2951 19.49 | 5.68e-03 1.42e-02 |   0.0000 0.0000  0.0000  0.0000 0.000  0.00
# PAR t=762.00 gids n=2449 mint=7428 ret=4979 age=[97 231 548] | sdeath tp n=0 [0.0 0.0 0.0] ba n=4096 [0.5 2.9 378.3] | stamps n=7006 tp=0 age50=117 max=754 | idfrac=0.9983
# HOLE t=762.00 Eh=932.640022 nin=203 eatF=441.9684 eatM=203.1426 eatS=287.5290
# QATOM t=762.74 dir=FD w=1.63674645 e=0.299570731452 i=1145 Em=0.0055 gid=7325
t=  764.00 -1.92e-15 | 0.0229  5.98   8236    0   9992  11045 | 1.2948 19.50 | 6.11e-03 1.37e-02 |   0.0000 0.0000  0.0000  0.0000 0.000  0.00
# PAR t=764.00 gids n=2453 mint=7446 ret=4993 age=[97 231 544] | sdeath tp n=0 [0.0 0.0 0.0] ba n=4096 [0.5 2.9 378.8] | stamps n=7026 tp=0 age50=117 max=756 | idfrac=0.9983
# HOLE t=764.00 Eh=933.014794 nin=203 eatF=442.0444 eatM=203.1664 eatS=287.8040
# QATOM t=764.14 dir=DF w=2.24224735 e=0.410394461878 i=255 Em=0.6073 gid=5819
# QATOM t=765.56 dir=FD w=1.49530705 e=0.273683335405 i=1723 Em=0.2095 gid=4702
t=  766.00 -1.92e-15 | 0.0229  5.98   8237    1  10003  11053 | 1.2945 19.52 | 6.47e-03 1.59e-02 |   0.0000 0.0000  0.0000  0.0000 0.000  0.00
# PAR t=766.00 gids n=2461 mint=7464 ret=5003 age=[97 231 543] | sdeath tp n=0 [0.0 0.0 0.0] ba n=4096 [0.5 2.9 378.8] | stamps n=7068 tp=0 age50=117 max=758 | idfrac=0.9983
# HOLE t=766.00 Eh=933.377185 nin=203 eatF=442.1115 eatM=203.1918 eatS=288.0739
# QATOM t=766.96 dir=DF w=2.29158546 e=0.419424726629 i=554 Em=0.7284 gid=7278
t=  768.00 -1.92e-15 | 0.0229  5.97   8230    1  10017  11060 | 1.2943 19.52 | 7.36e-03 1.63e-02 |   0.0000 0.0000  0.0000  0.0000 0.000  0.00
# PAR t=768.00 gids n=2465 mint=7483 ret=5018 age=[96 230 535] | sdeath tp n=0 [0.0 0.0 0.0] ba n=4096 [0.5 2.9 380.6] | stamps n=7094 tp=0 age50=116 max=760 | idfrac=0.9983
# HOLE t=768.00 Eh=933.782180 nin=202 eatF=442.2108 eatM=203.2144 eatS=288.3570
# QATOM t=768.40 dir=FD w=1.48726463 e=0.272211345898 i=2752 Em=0.2066 gid=4583
# QATOM t=769.62 dir=DF w=2.26660856 e=0.414853250171 i=730 Em=0.4930 gid=1646
t=  770.00 -1.92e-15 | 0.0229  5.97   8230    2  10029  11073 | 1.2943 19.54 | 9.74e-03 1.98e-02 |   0.0000 0.0000  0.0000  0.0000 0.000  0.00
# PAR t=770.00 gids n=2464 mint=7501 ret=5037 age=[95 229 532] | sdeath tp n=0 [0.0 0.0 0.0] ba n=4096 [0.5 2.9 381.5] | stamps n=7092 tp=0 age50=116 max=762 | idfrac=0.9983
# HOLE t=770.00 Eh=934.233430 nin=202 eatF=442.3283 eatM=203.2409 eatS=288.6643
# QATOM t=770.90 dir=DF w=2.29450041 e=0.419958244897 i=1132 Em=0.5064 gid=1372
t=  772.00 -1.92e-15 | 0.0229  5.98   8232    1  10037  11082 | 1.2946 19.54 | 4.86e-03 1.55e-02 |   0.0000 0.0000  0.0000  0.0000 0.000  0.00
# PAR t=772.00 gids n=2465 mint=7517 ret=5052 age=[95 230 534] | sdeath tp n=0 [0.0 0.0 0.0] ba n=4096 [0.5 2.9 382.6] | stamps n=7100 tp=0 age50=116 max=764 | idfrac=0.9983
# HOLE t=772.00 Eh=934.690395 nin=202 eatF=442.4478 eatM=203.2611 eatS=288.9815
# QATOM t=772.48 dir=DF w=2.31095852 e=0.422970543015 i=2413 Em=0.4629 gid=547
# QATOM t=773.90 dir=FD w=1.64876655 e=0.301770749018 i=1292 Em=0.0002 gid=0
t=  774.00 -1.92e-15 | 0.0229  5.98   8237    0  10044  11089 | 1.2946 19.56 | 6.94e-03 1.64e-02 |   0.0000 0.0000  0.0000  0.0000 0.000  0.00
# PAR t=774.00 gids n=2459 mint=7526 ret=5067 age=[96 232 535] | sdeath tp n=0 [0.0 0.0 0.0] ba n=4096 [0.5 2.9 382.9] | stamps n=7068 tp=0 age50=117 max=766 | idfrac=0.9983
# HOLE t=774.00 Eh=936.320756 nin=202 eatF=442.8040 eatM=204.2343 eatS=289.2824
# QATOM t=775.30 dir=DF w=2.09297883 e=0.383074115323 i=2177 Em=1.0516 gid=329
t=  776.00 -1.92e-15 | 0.0229  5.98   8241    2  10049  11094 | 1.2943 19.59 | 1.49e-02 2.72e-02 |   0.0000 0.0000  0.0000  0.0000 0.000  0.00
# PAR t=776.00 gids n=2463 mint=7539 ret=5076 age=[97 232 536] | sdeath tp n=0 [0.0 0.0 0.0] ba n=4096 [0.5 2.9 383.2] | stamps n=7094 tp=0 age50=117 max=768 | idfrac=0.9983
# HOLE t=776.00 Eh=936.733154 nin=201 eatF=442.9017 eatM=204.2542 eatS=289.5772
# QATOM t=776.66 dir=FD w=1.44042765 e=0.263638857359 i=1024 Em=0.2936 gid=212
t=  778.00 -1.92e-15 | 0.0229  5.98   8239    1  10057  11101 | 1.2943 19.59 | 8.06e-03 1.36e-02 |   0.0000 0.0000  0.0000  0.0000 0.000  0.00
# PAR t=778.00 gids n=2456 mint=7551 ret=5095 age=[97 233 539] | sdeath tp n=0 [0.0 0.0 0.0] ba n=4096 [0.5 2.9 384.8] | stamps n=7054 tp=0 age50=118 max=770 | idfrac=0.9983
# HOLE t=778.00 Eh=937.113347 nin=200 eatF=442.9885 eatM=204.2790 eatS=289.8459
# QATOM t=778.18 dir=FD w=1.35021301 e=0.247127035169 i=326 Em=0.4075 gid=5424
# QATOM t=779.54 dir=FD w=1.58060039 e=0.289294419154 i=1971 Em=0.0546 gid=6132
t=  780.00 -1.92e-15 | 0.0229  5.99   8246    1  10065  11111 | 1.2944 19.60 | 5.15e-03 1.40e-02 |   0.0000 0.0000  0.0000  0.0000 0.000  0.00
# PAR t=780.00 gids n=2458 mint=7569 ret=5111 age=[95 233 538] | sdeath tp n=0 [0.0 0.0 0.0] ba n=4096 [0.5 3.0 385.5] | stamps n=7066 tp=0 age50=118 max=772 | idfrac=0.9983
# HOLE t=780.00 Eh=937.515868 nin=200 eatF=443.0895 eatM=204.3058 eatS=290.1205
# QATOM t=780.90 dir=DF w=2.25895489 e=0.413452412587 i=425 Em=0.5898 gid=5589
t=  782.00 -1.92e-15 | 0.0229  5.98   8240    0  10075  11121 | 1.2944 19.60 | 3.80e-03 1.35e-02 |   0.0000 0.0000  0.0000  0.0000 0.000  0.00
# PAR t=782.00 gids n=2461 mint=7586 ret=5125 age=[95 234 536] | sdeath tp n=0 [0.0 0.0 0.0] ba n=4096 [0.5 3.0 385.7] | stamps n=7076 tp=0 age50=118 max=774 | idfrac=0.9983
# HOLE t=782.00 Eh=938.570570 nin=201 eatF=443.8082 eatM=204.3330 eatS=290.4294
# QATOM t=782.34 dir=FD w=1.43387534 e=0.262439601151 i=454 Em=0.2022 gid=3821
# QATOM t=783.70 dir=FD w=1.35245572 e=0.247537514931 i=1578 Em=0.4126 gid=5992
t=  784.00 -1.92e-15 | 0.0229  5.98   8235    1  10087  11129 | 1.2944 19.60 | 5.52e-03 1.50e-02 |   0.0000 0.0000  0.0000  0.0000 0.000  0.00
# PAR t=784.00 gids n=2459 mint=7595 ret=5136 age=[94 235 536] | sdeath tp n=0 [0.0 0.0 0.0] ba n=4096 [0.5 3.0 386.4] | stamps n=7070 tp=0 age50=118 max=776 | idfrac=0.9983
# HOLE t=784.00 Eh=939.361166 nin=202 eatF=443.9437 eatM=204.6896 eatS=290.7279
# QATOM t=785.18 dir=FD w=1.53945856 e=0.281764304572 i=2404 Em=0.1456 gid=5839
t=  786.00 -1.92e-15 | 0.0229  5.98   8233    0  10100  11139 | 1.2945 19.59 | 6.83e-03 1.60e-02 |   0.0000 0.0000  0.0000  0.0000 0.000  0.00
# PAR t=786.00 gids n=2463 mint=7609 ret=5146 age=[95 235 535] | sdeath tp n=0 [0.0 0.0 0.0] ba n=4096 [0.5 3.0 386.4] | stamps n=7093 tp=0 age50=119 max=778 | idfrac=0.9983
# HOLE t=786.00 Eh=939.742143 nin=201 eatF=444.0137 eatM=204.7112 eatS=291.0173
# QATOM t=786.32 dir=FD w=1.62774602 e=0.595846796517 i=2258 Em=0.0266 gid=7061
# QATOM t=787.68 dir=DF w=2.37826957 e=0.435290361972 i=824 Em=0.9093 gid=5399
t=  788.00 -1.92e-15 | 0.0229  5.98   8236    0  10115  11161 | 1.2943 19.62 | 5.98e-03 1.64e-02 |   0.0000 0.0000  0.0000  0.0000 0.000  0.00
# PAR t=788.00 gids n=2456 mint=7623 ret=5167 age=[95 234 535] | sdeath tp n=0 [0.0 0.0 0.0] ba n=4096 [0.5 3.0 390.4] | stamps n=7048 tp=0 age50=120 max=780 | idfrac=0.9983
# HOLE t=788.00 Eh=940.144094 nin=201 eatF=444.1332 eatM=204.7293 eatS=291.2817
# QATOM t=789.04 dir=FD w=1.54294036 e=0.28240157366 i=1324 Em=0.1250 gid=681
t=  790.00 -1.92e-15 | 0.0229  5.98   8240    0  10128  11174 | 1.2947 19.62 | 7.66e-03 1.47e-02 |   0.0000 0.0000  0.0000  0.0000 0.000  0.00
# PAR t=790.00 gids n=2465 mint=7645 ret=5180 age=[94 235 531] | sdeath tp n=0 [0.0 0.0 0.0] ba n=4096 [0.5 3.0 392.1] | stamps n=7098 tp=0 age50=120 max=782 | idfrac=0.9983
# HOLE t=790.00 Eh=940.513939 nin=200 eatF=444.2109 eatM=204.7511 eatS=291.5520
# QATOM t=790.50 dir=FD w=1.34938249 e=0.246975027102 i=1560 Em=0.2818 gid=2015
# QATOM t=791.72 dir=DF w=2.2340495 e=0.408894023422 i=2649 Em=0.5177 gid=6373
t=  792.00 -1.92e-15 | 0.0229  5.98   8237    1  10135  11182 | 1.2947 19.60 | 5.80e-03 1.71e-02 |   0.0000 0.0000  0.0000  0.0000 0.000  0.00
# PAR t=792.00 gids n=2471 mint=7664 ret=5193 age=[95 235 531] | sdeath tp n=0 [0.0 0.0 0.0] ba n=4096 [0.5 3.0 392.5] | stamps n=7133 tp=0 age50=118 max=784 | idfrac=0.9983
# HOLE t=792.00 Eh=940.880180 nin=200 eatF=444.2784 eatM=204.7737 eatS=291.8281
# QATOM t=793.22 dir=DF w=2.40087728 e=0.43942820979 i=483 Em=0.6015 gid=5885
t=  794.00 -1.92e-15 | 0.0229  5.98   8241    1  10140  11192 | 1.2947 19.61 | 5.96e-03 1.38e-02 |   0.0000 0.0000  0.0000  0.0000 0.000  0.00
# PAR t=794.00 gids n=2465 mint=7680 ret=5215 age=[95 237 533] | sdeath tp n=0 [0.0 0.0 0.0] ba n=4096 [0.5 3.0 392.8] | stamps n=7092 tp=0 age50=120 max=786 | idfrac=0.9983
# HOLE t=794.00 Eh=942.639368 nin=199 eatF=444.4047 eatM=206.1313 eatS=292.1033
# QATOM t=794.70 dir=FD w=1.47722118 e=0.270373111039 i=137 Em=0.1451 gid=40
t=  796.00 -1.92e-15 | 0.0229  5.98   8239    2  10154  11202 | 1.2948 19.61 | 5.12e-03 1.69e-02 |   0.0000 0.0000  0.0000  0.0000 0.000  0.00
# PAR t=796.00 gids n=2458 mint=7692 ret=5234 age=[96 239 532] | sdeath tp n=0 [0.0 0.0 0.0] ba n=4096 [0.5 3.0 394.5] | stamps n=7049 tp=0 age50=121 max=788 | idfrac=0.9983
# HOLE t=796.00 Eh=942.973358 nin=199 eatF=444.4712 eatM=206.1505 eatS=292.3517
# QATOM t=796.00 dir=DF w=2.24521463 e=0.41093755802 i=1183 Em=0.5672 gid=6615
# QATOM t=797.26 dir=DF w=2.42460236 e=0.443770568434 i=1928 Em=0.6523 gid=4847
t=  798.00 -1.92e-15 | 0.0229  5.98   8237    1  10160  11211 | 1.2946 19.61 | 5.61e-03 1.57e-02 |   0.0000 0.0000  0.0000  0.0000 0.000  0.00
# PAR t=798.00 gids n=2446 mint=7703 ret=5257 age=[97 239 532] | sdeath tp n=0 [0.0 0.0 0.0] ba n=4096 [0.5 3.0 394.8] | stamps n=6990 tp=0 age50=122 max=790 | idfrac=0.9983
# HOLE t=798.00 Eh=944.240845 nin=200 eatF=444.6423 eatM=207.0129 eatS=292.5857
# QATOM t=798.64 dir=DF w=2.06574295 e=0.378089182058 i=2495 Em=0.7915 gid=2917
# QATOM t=799.96 dir=DF w=2.52799488 e=0.462694313957 i=204 Em=0.5797 gid=183
t=  800.00 -1.92e-15 | 0.0229  5.98   8243    2  10169  11220 | 1.2946 19.61 | 4.96e-03 1.55e-02 |   0.0000 0.0000  0.0000  0.0000 0.000  0.00
# PAR t=800.00 gids n=2448 mint=7722 ret=5274 age=[97 239 533] | sdeath tp n=0 [0.0 0.0 0.0] ba n=4096 [0.5 3.0 396.2] | stamps n=6999 tp=0 age50=121 max=792 | idfrac=0.9983
# HOLE t=800.00 Eh=945.597105 nin=202 eatF=444.8796 eatM=207.8647 eatS=292.8529
# QATOM t=801.46 dir=DF w=2.36296606 e=0.432489388473 i=2317 Em=0.6278 gid=5348
t=  802.00 -1.92e-15 | 0.0229  5.98   8241    1  10175  11230 | 1.2944 19.62 | 5.21e-03 1.48e-02 |   0.0000 0.0000  0.0000  0.0000 0.000  0.00
# PAR t=802.00 gids n=2446 mint=7737 ret=5291 age=[97 240 535] | sdeath tp n=0 [0.0 0.0 0.0] ba n=4096 [0.5 3.1 397.9] | stamps n=6993 tp=0 age50=121 max=794 | idfrac=0.9983
# HOLE t=802.00 Eh=948.207253 nin=203 eatF=445.2457 eatM=209.8541 eatS=293.1074
# QATOM t=802.92 dir=DF w=2.43213809 e=0.445149818536 i=523 Em=0.6598 gid=7217
t=  804.00 -1.92e-15 | 0.0229  5.98   8237    0  10191  11242 | 1.2948 19.59 | 6.65e-03 1.56e-02 |   0.0000 0.0000  0.0000  0.0000 0.000  0.00
# PAR t=804.00 gids n=2442 mint=7754 ret=5312 age=[96 241 537] | sdeath tp n=0 [0.0 0.0 0.0] ba n=4096 [0.5 3.1 398.5] | stamps n=6977 tp=0 age50=119 max=796 | idfrac=0.9983
# HOLE t=804.00 Eh=948.543100 nin=202 eatF=445.3043 eatM=209.8831 eatS=293.3557
# QATOM t=804.14 dir=DF w=2.26634269 e=0.414804587244 i=971 Em=0.8450 gid=1662
# QATOM t=805.66 dir=DF w=2.52762536 e=0.462626680227 i=1107 Em=0.4627 gid=7345
t=  806.00 -1.92e-15 | 0.0229  5.98   8237    0  10205  11248 | 1.2947 19.58 | 6.78e-03 1.59e-02 |   0.0000 0.0000  0.0000  0.0000 0.000  0.00
# PAR t=806.00 gids n=2444 mint=7772 ret=5328 age=[95 241 538] | sdeath tp n=0 [0.0 0.0 0.0] ba n=4096 [0.5 3.1 398.5] | stamps n=6991 tp=0 age50=116 max=798 | idfrac=0.9983
# HOLE t=806.00 Eh=948.934133 nin=201 eatF=445.3977 eatM=209.9117 eatS=293.6247
# QATOM t=807.08 dir=FD w=1.64583789 e=0.602469443281 i=1608 Em=0.0004 gid=0
t=  808.00 -1.92e-15 | 0.0229  5.98   8237    4  10216  11261 | 1.2947 19.58 | 7.73e-03 1.84e-02 |   0.0000 0.0000  0.0000  0.0000 0.000  0.00
# PAR t=808.00 gids n=2435 mint=7784 ret=5349 age=[96 243 540] | sdeath tp n=0 [0.0 0.0 0.0] ba n=4096 [0.5 3.1 400.6] | stamps n=6944 tp=0 age50=118 max=800 | idfrac=0.9983
# HOLE t=808.00 Eh=949.702268 nin=201 eatF=445.4939 eatM=210.2965 eatS=293.9118
# QATOM t=808.38 dir=FD w=1.63387485 e=0.299045146858 i=801 Em=0.0188 gid=5641
# QATOM t=809.84 dir=FD w=1.556871 e=0.28495127336 i=1192 Em=0.0737 gid=5606
t=  810.00 -1.92e-15 | 0.0228  5.98   8232    1  10228  11273 | 1.2953 19.57 | 5.70e-03 1.50e-02 |   0.0000 0.0000  0.0000  0.0000 0.000  0.00
# PAR t=810.00 gids n=2435 mint=7802 ret=5367 age=[95 241 538] | sdeath tp n=0 [0.0 0.0 0.0] ba n=4096 [0.5 3.1 401.7] | stamps n=6938 tp=0 age50=116 max=802 | idfrac=0.9983
# HOLE t=810.00 Eh=950.142429 nin=199 eatF=445.6239 eatM=210.3168 eatS=294.2017
# QATOM t=811.06 dir=DF w=2.20309371 e=0.403228241481 i=475 Em=0.6058 gid=1663
t=  812.00 -1.92e-15 | 0.0228  5.97   8226    3  10245  11292 | 1.2951 19.57 | 6.70e-03 1.45e-02 |   0.0000 0.0000  0.0000  0.0000 0.000  0.00
# PAR t=812.00 gids n=2431 mint=7819 ret=5388 age=[96 239 540] | sdeath tp n=0 [0.0 0.0 0.0] ba n=4096 [0.5 3.1 402.0] | stamps n=6912 tp=0 age50=116 max=804 | idfrac=0.9983
# HOLE t=812.00 Eh=950.530975 nin=198 eatF=445.7183 eatM=210.3336 eatS=294.4791
# QATOM t=812.38 dir=DF w=2.2741297 e=0.416229830623 i=1457 Em=0.5172 gid=7603
# QATOM t=813.88 dir=FD w=1.48450654 e=0.271706536995 i=953 Em=0.1942 gid=3916
t=  814.00 -1.92e-15 | 0.0228  5.97   8227    2  10260  11303 | 1.2949 19.59 | 6.00e-03 1.83e-02 |   0.0000 0.0000  0.0000  0.0000 0.000  0.00
# PAR t=814.00 gids n=2432 mint=7839 ret=5407 age=[96 238 539] | sdeath tp n=0 [0.0 0.0 0.0] ba n=4096 [0.5 3.1 403.6] | stamps n=6915 tp=0 age50=117 max=806 | idfrac=0.9983
# HOLE t=814.00 Eh=951.722133 nin=200 eatF=446.5906 eatM=210.3499 eatS=294.7816
# QATOM t=815.40 dir=FD w=1.35841598 e=0.248628410024 i=1905 Em=0.3526 gid=1798
t=  816.00 -1.92e-15 | 0.0228  5.98   8231    2  10267  11314 | 1.2944 19.62 | 8.95e-03 1.84e-02 |   0.0000 0.0000  0.0000  0.0000 0.000  0.00
# PAR t=816.00 gids n=2434 mint=7856 ret=5422 age=[96 236 536] | sdeath tp n=0 [0.0 0.0 0.0] ba n=4096 [0.5 3.1 403.8] | stamps n=6926 tp=0 age50=116 max=808 | idfrac=0.9983
# HOLE t=816.00 Eh=952.068311 nin=200 eatF=446.6623 eatM=210.3681 eatS=295.0378
# QATOM t=816.74 dir=DF w=2.34322899 e=0.428876947953 i=395 Em=0.5859 gid=5437
# QATOM t=817.98 dir=FD w=1.47293798 e=0.269589164343 i=1740 Em=0.2478 gid=7425
t=  818.00 -1.92e-15 | 0.0228  5.97   8222    0  10279  11321 | 1.2945 19.60 | 8.01e-03 1.80e-02 |   0.0000 0.0000  0.0000  0.0000 0.000  0.00
# PAR t=818.00 gids n=2442 mint=7874 ret=5432 age=[95 237 536] | sdeath tp n=0 [0.0 0.0 0.0] ba n=4096 [0.5 3.1 404.5] | stamps n=6975 tp=0 age50=117 max=810 | idfrac=0.9983
# HOLE t=818.00 Eh=952.403001 nin=200 eatF=446.7365 eatM=210.3869 eatS=295.2796
# QATOM t=819.44 dir=FD w=1.4764113 e=0.270224879895 i=811 Em=0.2292 gid=5847
t=  820.00 -1.92e-15 | 0.0228  5.97   8229    1  10289  11337 | 1.2945 19.62 | 8.22e-03 1.68e-02 |   0.0000 0.0000  0.0000  0.0000 0.000  0.00
# PAR t=820.00 gids n=2445 mint=7891 ret=5446 age=[92 236 537] | sdeath tp n=0 [0.0 0.0 0.0] ba n=4096 [0.5 3.1 408.7] | stamps n=6993 tp=0 age50=115 max=812 | idfrac=0.9983
# HOLE t=820.00 Eh=954.627758 nin=202 eatF=447.5186 eatM=211.5920 eatS=295.5172
# QATOM t=820.94 dir=FD w=1.64110285 e=0.300368075309 i=920 Em=0.0050 gid=0
t=  822.00 -1.92e-15 | 0.0228  5.97   8230    3  10305  11354 | 1.2946 19.62 | 7.52e-03 2.04e-02 |   0.0000 0.0000  0.0000  0.0000 0.000  0.00
# PAR t=822.00 gids n=2449 mint=7916 ret=5467 age=[91 232 533] | sdeath tp n=0 [0.0 0.0 0.0] ba n=4096 [0.5 3.1 409.4] | stamps n=7008 tp=0 age50=113 max=814 | idfrac=0.9983
# HOLE t=822.00 Eh=955.013879 nin=201 eatF=447.6111 eatM=211.6218 eatS=295.7809
# QATOM t=822.42 dir=FD w=1.35755889 e=0.24847153938 i=2395 Em=0.3944 gid=6664
# QATOM t=823.78 dir=DF w=2.2386019 e=0.409727242203 i=939 Em=0.4109 gid=7517
t=  824.00 -1.92e-15 | 0.0228  5.98   8231    1  10315  11366 | 1.2948 19.61 | 7.19e-03 1.37e-02 |   0.0000 0.0000  0.0000  0.0000 0.000  0.00
# PAR t=824.00 gids n=2454 mint=7938 ret=5484 age=[90 231 532] | sdeath tp n=0 [0.0 0.0 0.0] ba n=4096 [0.5 3.1 411.1] | stamps n=7036 tp=0 age50=113 max=816 | idfrac=0.9983
# HOLE t=824.00 Eh=955.370445 nin=200 eatF=447.6918 eatM=211.6507 eatS=296.0280
# QATOM t=825.08 dir=FD w=1.37117092 e=0.250962925073 i=505 Em=0.3870 gid=6794
t=  826.00 -1.92e-15 | 0.0228  5.97   8226    0  10325  11378 | 1.2950 19.60 | 7.45e-03 1.70e-02 |   0.0000 0.0000  0.0000  0.0000 0.000  0.00
# PAR t=826.00 gids n=2455 mint=7949 ret=5494 age=[91 231 534] | sdeath tp n=0 [0.0 0.0 0.0] ba n=4096 [0.5 3.1 412.2] | stamps n=7040 tp=0 age50=113 max=818 | idfrac=0.9983
# HOLE t=826.00 Eh=955.714110 nin=200 eatF=447.7662 eatM=211.6751 eatS=296.2728
# QATOM t=826.42 dir=DF w=2.26033704 e=0.413705385779 i=2265 Em=0.5895 gid=6053
t=  828.00 -1.92e-15 | 0.0228  5.97   8228    3  10338  11388 | 1.2951 19.61 | 6.23e-03 1.73e-02 |   0.0000 0.0000  0.0000  0.0000 0.000  0.00
# PAR t=828.00 gids n=2450 mint=7965 ret=5515 age=[92 232 535] | sdeath tp n=0 [0.0 0.0 0.0] ba n=4096 [0.5 3.1 412.7] | stamps n=7007 tp=0 age50=114 max=820 | idfrac=0.9983
# HOLE t=828.00 Eh=956.067070 nin=200 eatF=447.8438 eatM=211.6990 eatS=296.5243
# QATOM t=828.02 dir=FD w=1.09602081 e=0.200602699722 i=2747 Em=1.0412 gid=91
# QATOM t=829.52 dir=DF w=2.59785595 e=0.475480857716 i=190 Em=0.4970 gid=5214
t=  830.00 -1.92e-15 | 0.0228  5.97   8228    0  10350  11401 | 1.2949 19.60 | 5.56e-03 1.34e-02 |   0.0000 0.0000  0.0000  0.0000 0.000  0.00
# PAR t=830.00 gids n=2440 mint=7980 ret=5540 age=[93 233 534] | sdeath tp n=0 [0.0 0.0 0.0] ba n=4096 [0.5 3.1 414.6] | stamps n=6950 tp=0 age50=115 max=822 | idfrac=0.9983
# HOLE t=830.00 Eh=956.461594 nin=200 eatF=447.9370 eatM=211.7239 eatS=296.8007
# QATOM t=830.86 dir=FD w=1.59251975 e=0.291475999388 i=1413 Em=0.0739 gid=219
t=  832.00 -1.92e-15 | 0.0228  5.97   8230    0  10355  11411 | 1.2949 19.61 | 6.52e-03 1.64e-02 |   0.0000 0.0000  0.0000  0.0000 0.000  0.00
# PAR t=832.00 gids n=2447 mint=8001 ret=5554 age=[93 233 530] | sdeath tp n=0 [0.0 0.0 0.0] ba n=4096 [0.5 3.2 417.3] | stamps n=6994 tp=0 age50=114 max=824 | idfrac=0.9983
# HOLE t=832.00 Eh=956.854515 nin=199 eatF=448.0338 eatM=211.7453 eatS=297.0754
# QATOM t=832.18 dir=FD w=1.40230506 e=0.256661348442 i=2287 Em=0.3427 gid=6202
# QATOM t=833.54 dir=FD w=1.60300485 e=0.293395067955 i=2327 Em=0.0581 gid=5599
t=  834.00 -1.92e-15 | 0.0228  5.98   8232    0  10363  11420 | 1.2946 19.61 | 5.49e-03 1.54e-02 |   0.0000 0.0000  0.0000  0.0000 0.000  0.00
# PAR t=834.00 gids n=2452 mint=8024 ret=5572 age=[92 233 530] | sdeath tp n=0 [0.0 0.0 0.0] ba n=4096 [0.5 3.2 417.3] | stamps n=7025 tp=0 age50=114 max=826 | idfrac=0.9983
# HOLE t=834.00 Eh=957.207230 nin=198 eatF=448.0987 eatM=211.7694 eatS=297.3391
# QATOM t=835.06 dir=FD w=1.07641613 e=0.197014490283 i=427 Em=1.1018 gid=295
t=  836.00 -1.92e-15 | 0.0228  5.98   8233    8  10376  11425 | 1.2945 19.61 | 7.73e-03 1.88e-02 |   0.0000 0.0000  0.0000  0.0000 0.000  0.00
# PAR t=836.00 gids n=2443 mint=8037 ret=5594 age=[93 235 531] | sdeath tp n=0 [0.0 0.0 0.0] ba n=4096 [0.5 3.2 417.3] | stamps n=6962 tp=0 age50=116 max=828 | idfrac=0.9983
# HOLE t=836.00 Eh=957.574094 nin=198 eatF=448.1878 eatM=211.7991 eatS=297.5872
# QATOM t=836.62 dir=DF w=2.43914286 e=0.446431890074 i=2579 Em=0.5017 gid=4612
t=  838.00 -1.92e-15 | 0.0228  5.98   8236    0  10389  11444 | 1.2947 19.61 | 7.07e-03 1.47e-02 |   0.0000 0.0000  0.0000  0.0000 0.000  0.00
# PAR t=838.00 gids n=2446 mint=8052 ret=5606 age=[93 236 530] | sdeath tp n=0 [0.0 0.0 0.0] ba n=4096 [0.5 3.2 420.3] | stamps n=6982 tp=0 age50=114 max=830 | idfrac=0.9983
# HOLE t=838.00 Eh=957.924101 nin=197 eatF=448.2695 eatM=211.8297 eatS=297.8249
# QATOM t=838.02 dir=DF w=2.52948914 e=0.462967804306 i=1402 Em=0.7277 gid=4734
# QATOM t=839.66 dir=DF w=2.1523197 e=0.393935167464 i=633 Em=0.6918 gid=5251
t=  840.00 -1.92e-15 | 0.0228  5.98   8240    0  10402  11452 | 1.2944 19.65 | 8.44e-03 2.16e-02 |   0.0000 0.0000  0.0000  0.0000 0.000  0.00
# PAR t=840.00 gids n=2448 mint=8069 ret=5621 age=[93 236 531] | sdeath tp n=0 [0.0 0.0 0.0] ba n=4096 [0.5 3.2 420.3] | stamps n=6991 tp=0 age50=114 max=832 | idfrac=0.9983
# HOLE t=840.00 Eh=958.230220 nin=197 eatF=448.3455 eatM=211.8571 eatS=298.0276
# QATOM t=840.88 dir=DF w=2.37370572 e=0.434455048893 i=551 Em=0.4473 gid=6364
t=  842.00 -1.92e-15 | 0.0228  5.98   8239    0  10414  11464 | 1.2943 19.65 | 7.82e-03 1.65e-02 |   0.0000 0.0000  0.0000  0.0000 0.000  0.00
# PAR t=842.00 gids n=2443 mint=8088 ret=5645 age=[91 235 528] | sdeath tp n=0 [0.0 0.0 0.0] ba n=4096 [0.5 3.2 421.4] | stamps n=6965 tp=0 age50=113 max=834 | idfrac=0.9983
# HOLE t=842.00 Eh=958.539736 nin=197 eatF=448.4185 eatM=211.8832 eatS=298.2380
# QATOM t=842.28 dir=DF w=2.30675141 e=0.422200522354 i=1031 Em=0.7711 gid=3531
# QATOM t=843.76 dir=DF w=2.36733756 e=0.433289496253 i=2391 Em=0.4624 gid=7587
t=  844.00 -1.92e-15 | 0.0228  5.98   8238    0  10419  11471 | 1.2942 19.64 | 5.86e-03 1.62e-02 |   0.0000 0.0000  0.0000  0.0000 0.000  0.00
# PAR t=844.00 gids n=2436 mint=8104 ret=5668 age=[91 236 530] | sdeath tp n=0 [0.0 0.0 0.0] ba n=4096 [0.5 3.2 421.4] | stamps n=6925 tp=0 age50=113 max=836 | idfrac=0.9983
# HOLE t=844.00 Eh=958.885051 nin=197 eatF=448.5085 eatM=211.9071 eatS=298.4695
# QATOM t=845.38 dir=FD w=1.37318575 e=0.502663390674 i=2328 Em=0.3820 gid=5653
t=  846.00 -1.92e-15 | 0.0228  5.98   8236    2  10429  11478 | 1.2944 19.63 | 3.93e-03 1.57e-02 |   0.0000 0.0000  0.0000  0.0000 0.000  0.00
# PAR t=846.00 gids n=2429 mint=8117 ret=5688 age=[92 238 530] | sdeath tp n=0 [0.0 0.0 0.0] ba n=4096 [0.5 3.2 421.4] | stamps n=6887 tp=0 age50=113 max=838 | idfrac=0.9983
# HOLE t=846.00 Eh=960.770954 nin=198 eatF=448.7695 eatM=213.2921 eatS=298.7094
# QATOM t=846.64 dir=DF w=2.2363208 e=0.409309736432 i=2351 Em=0.6048 gid=7401
t=  848.00 -1.92e-15 | 0.0228  5.98   8241    2  10437  11487 | 1.2943 19.65 | 4.71e-03 1.31e-02 |   0.0000 0.0000  0.0000  0.0000 0.000  0.00
# PAR t=848.00 gids n=2435 mint=8134 ret=5699 age=[91 237 525] | sdeath tp n=0 [0.0 0.0 0.0] ba n=4096 [0.5 3.2 421.4] | stamps n=6923 tp=0 age50=113 max=840 | idfrac=0.9983
# HOLE t=848.00 Eh=961.114300 nin=198 eatF=448.8501 eatM=213.3159 eatS=298.9483
# QATOM t=848.14 dir=DF w=2.23508941 e=0.409084357772 i=647 Em=0.5693 gid=1204
# QATOM t=849.38 dir=DF w=2.33381264 e=0.427153490386 i=2515 Em=0.4346 gid=3656
t=  850.00 -1.92e-15 | 0.0228  5.98   8241    0  10446  11497 | 1.2943 19.65 | 6.11e-03 1.69e-02 |   0.0000 0.0000  0.0000  0.0000 0.000  0.00
# PAR t=850.00 gids n=2438 mint=8151 ret=5713 age=[92 237 527] | sdeath tp n=0 [0.0 0.0 0.0] ba n=4096 [0.5 3.2 421.6] | stamps n=6935 tp=0 age50=115 max=842 | idfrac=0.9983
# HOLE t=850.00 Eh=961.452245 nin=197 eatF=448.9251 eatM=213.3415 eatS=299.1857
# QATOM t=850.84 dir=FD w=1.00934283 e=0.184738185508 i=303 Em=1.3218 gid=6267
t=  852.00 -1.92e-15 | 0.0228  5.99   8249    1  10454  11504 | 1.2940 19.66 | 4.85e-03 1.57e-02 |   0.0000 0.0000  0.0000  0.0000 0.000  0.00
# PAR t=852.00 gids n=2435 mint=8168 ret=5733 age=[91 237 528] | sdeath tp n=0 [0.0 0.0 0.0] ba n=4096 [0.5 3.2 422.0] | stamps n=6916 tp=0 age50=115 max=844 | idfrac=0.9983
# HOLE t=852.00 Eh=961.810425 nin=196 eatF=449.0269 eatM=213.3702 eatS=299.4133
# QATOM t=852.32 dir=FD w=1.6387346 e=0.299934618043 i=47 Em=0.0136 gid=4815
# QATOM t=853.80 dir=DF w=2.54107385 e=0.465088134494 i=561 Em=0.5760 gid=7886
t=  854.00 -1.92e-15 | 0.0228  5.99   8248    1  10457  11512 | 1.2938 19.67 | 8.28e-03 1.91e-02 |   0.0000 0.0000  0.0000  0.0000 0.000  0.00
# PAR t=854.00 gids n=2433 mint=8181 ret=5748 age=[92 238 530] | sdeath tp n=0 [0.0 0.0 0.0] ba n=4096 [0.5 3.2 423.1] | stamps n=6914 tp=0 age50=115 max=846 | idfrac=0.9983
# HOLE t=854.00 Eh=962.914951 nin=197 eatF=449.5301 eatM=213.7478 eatS=299.6370
# QATOM t=855.08 dir=FD w=1.23874753 e=0.226725711837 i=391 Em=0.6417 gid=3658
t=  856.00 -1.92e-15 | 0.0228  5.99   8249    0  10462  11517 | 1.2940 19.67 | 7.85e-03 1.91e-02 |   0.0000 0.0000  0.0000  0.0000 0.000  0.00
# PAR t=856.00 gids n=2435 mint=8202 ret=5767 age=[92 238 528] | sdeath tp n=0 [0.0 0.0 0.0] ba n=4096 [0.5 3.2 423.3] | stamps n=6918 tp=0 age50=115 max=848 | idfrac=0.9983
# HOLE t=856.00 Eh=963.241309 nin=196 eatF=449.6153 eatM=213.7654 eatS=299.8606
# QATOM t=856.56 dir=FD w=1.47878792 e=0.270659867823 i=2442 Em=0.1533 gid=3632
t=  858.00 -1.92e-15 | 0.0228  5.99   8249    0  10466  11523 | 1.2939 19.68 | 4.99e-03 1.24e-02 |   0.0000 0.0000  0.0000  0.0000 0.000  0.00
# PAR t=858.00 gids n=2438 mint=8224 ret=5786 age=[90 237 526] | sdeath tp n=0 [0.0 0.0 0.0] ba n=4096 [0.5 3.2 423.5] | stamps n=6927 tp=0 age50=113 max=850 | idfrac=0.9983
# HOLE t=858.00 Eh=964.531908 nin=196 eatF=449.7459 eatM=214.7001 eatS=300.0859
# QATOM t=858.00 dir=FD w=1.25472071 e=0.229649254264 i=1417 Em=0.5100 gid=7244
# QATOM t=859.48 dir=DF w=2.23796995 e=0.409611576462 i=904 Em=0.5840 gid=7923
t=  860.00 -1.92e-15 | 0.0228  5.99   8248    1  10476  11527 | 1.2941 19.68 | 4.31e-03 1.83e-02 |   0.0000 0.0000  0.0000  0.0000 0.000  0.00
# PAR t=860.00 gids n=2439 mint=8243 ret=5804 age=[89 237 527] | sdeath tp n=0 [0.0 0.0 0.0] ba n=4096 [0.5 3.2 423.5] | stamps n=6939 tp=0 age50=113 max=852 | idfrac=0.9983
# HOLE t=860.00 Eh=964.864482 nin=196 eatF=449.8170 eatM=214.7224 eatS=300.3250
# QATOM t=860.88 dir=FD w=1.46377628 e=0.535824628441 i=428 Em=0.2035 gid=5420
t=  862.00 -1.92e-15 | 0.0228  5.98   8243    4  10483  11533 | 1.2943 19.65 | 5.16e-03 1.81e-02 |   0.0000 0.0000  0.0000  0.0000 0.000  0.00
# PAR t=862.00 gids n=2446 mint=8263 ret=5817 age=[88 236 525] | sdeath tp n=0 [0.0 0.0 0.0] ba n=4096 [0.5 3.2 423.5] | stamps n=6975 tp=0 age50=109 max=854 | idfrac=0.9983
# HOLE t=862.00 Eh=965.228493 nin=196 eatF=449.9006 eatM=214.7479 eatS=300.5800
# QATOM t=862.32 dir=DF w=2.32590873 e=0.425706852725 i=1407 Em=0.7802 gid=8206
# QATOM t=863.94 dir=DF w=2.56383672 e=0.469254379613 i=2203 Em=0.5547 gid=5226
t=  864.00 -1.92e-15 | 0.0228  5.98   8242    0  10488  11544 | 1.2944 19.65 | 5.29e-03 1.63e-02 |   0.0000 0.0000  0.0000  0.0000 0.000  0.00
# PAR t=864.00 gids n=2444 mint=8281 ret=5837 age=[87 235 523] | sdeath tp n=0 [0.0 0.0 0.0] ba n=4096 [0.5 3.2 425.4] | stamps n=6965 tp=0 age50=110 max=856 | idfrac=0.9983
# HOLE t=864.00 Eh=965.556763 nin=196 eatF=449.9680 eatM=214.7759 eatS=300.8129
# QATOM t=865.40 dir=DF w=1.67489768 e=0.306553481375 i=998 Em=1.5225 gid=51
t=  866.00 -1.92e-15 | 0.0228  5.99   8246    1  10492  11547 | 1.2945 19.66 | 5.80e-03 1.48e-02 |   0.0000 0.0000  0.0000  0.0000 0.000  0.00
# PAR t=866.00 gids n=2447 mint=8304 ret=5857 age=[87 236 524] | sdeath tp n=0 [0.0 0.0 0.0] ba n=4096 [0.5 3.2 426.0] | stamps n=6986 tp=0 age50=109 max=858 | idfrac=0.9983
# HOLE t=866.00 Eh=965.866164 nin=195 eatF=450.0320 eatM=214.8019 eatS=301.0323
# QATOM t=866.68 dir=FD w=1.53204686 e=0.280407754593 i=2621 Em=0.0968 gid=1607
t=  868.00 -1.92e-15 | 0.0228  5.99   8250    0  10499  11553 | 1.2943 19.69 | 5.41e-03 1.71e-02 |   0.0000 0.0000  0.0000  0.0000 0.000  0.00
# PAR t=868.00 gids n=2453 mint=8329 ret=5876 age=[84 234 521] | sdeath tp n=0 [0.0 0.0 0.0] ba n=4096 [0.5 3.2 426.2] | stamps n=7019 tp=0 age50=108 max=860 | idfrac=0.9983
# HOLE t=868.00 Eh=966.185043 nin=195 eatF=450.0987 eatM=214.8282 eatS=301.2582
# QATOM t=868.14 dir=DF w=2.30312713 e=0.421537177612 i=2444 Em=0.7804 gid=7538
# QATOM t=869.64 dir=FD w=1.47910433 e=0.270717779929 i=1130 Em=0.1955 gid=604
t=  870.00 -1.92e-15 | 0.0228  5.99   8252    0  10504  11558 | 1.2942 19.69 | 5.75e-03 1.62e-02 |   0.0000 0.0000  0.0000  0.0000 0.000  0.00
# PAR t=870.00 gids n=2448 mint=8343 ret=5895 age=[85 234 523] | sdeath tp n=0 [0.0 0.0 0.0] ba n=4096 [0.5 3.2 426.4] | stamps n=6985 tp=0 age50=108 max=862 | idfrac=0.9983
# HOLE t=870.00 Eh=966.672156 nin=196 eatF=450.2902 eatM=214.8536 eatS=301.5283
# QATOM t=871.00 dir=FD w=1.52810013 e=0.279685392672 i=1046 Em=0.0636 gid=1103
t=  872.00 -1.92e-15 | 0.0228  5.98   8244    0  10511  11561 | 1.2945 19.67 | 4.04e-03 1.20e-02 |   0.0000 0.0000  0.0000  0.0000 0.000  0.00
# PAR t=872.00 gids n=2446 mint=8372 ret=5926 age=[83 234 521] | sdeath tp n=0 [0.0 0.0 0.0] ba n=4096 [0.5 3.2 426.8] | stamps n=6977 tp=0 age50=108 max=864 | idfrac=0.9983
# HOLE t=872.00 Eh=969.230507 nin=198 eatF=450.6440 eatM=216.8126 eatS=301.7739
# QATOM t=872.24 dir=FD w=1.28388997 e=0.234988050769 i=480 Em=0.5130 gid=7229
# QATOM t=873.72 dir=DF w=2.2238562 e=0.407028363793 i=1788 Em=0.6287 gid=8136
t=  874.00 -1.92e-15 | 0.0228  5.98   8243    0  10514  11567 | 1.2942 19.68 | 4.04e-03 1.55e-02 |   0.0000 0.0000  0.0000  0.0000 0.000  0.00
# PAR t=874.00 gids n=2441 mint=8387 ret=5946 age=[84 236 522] | sdeath tp n=0 [0.0 0.0 0.0] ba n=4096 [0.5 3.2 426.8] | stamps n=6949 tp=0 age50=108 max=866 | idfrac=0.9983
# HOLE t=874.00 Eh=969.529627 nin=196 eatF=450.6954 eatM=216.8320 eatS=302.0022
# QATOM t=875.20 dir=FD w=1.32730271 e=0.242933805237 i=1862 Em=0.4753 gid=3963
t=  876.00 -1.92e-15 | 0.0228  5.99   8249    3  10523  11573 | 1.2939 19.69 | 4.79e-03 1.22e-02 |   0.0000 0.0000  0.0000  0.0000 0.000  0.00
# PAR t=876.00 gids n=2439 mint=8401 ret=5962 age=[85 237 524] | sdeath tp n=0 [0.0 0.0 0.0] ba n=4096 [0.5 3.2 426.8] | stamps n=6942 tp=0 age50=109 max=868 | idfrac=0.9983
# HOLE t=876.00 Eh=969.829189 nin=196 eatF=450.7617 eatM=216.8493 eatS=302.2182
# QATOM t=876.70 dir=FD w=1.64041361 e=0.300241924729 i=1567 Em=0.0079 gid=8170
t=  878.00 -1.92e-15 | 0.0228  5.99   8246    2  10529  11582 | 1.2939 19.70 | 6.18e-03 1.93e-02 |   0.0000 0.0000  0.0000  0.0000 0.000  0.00
# PAR t=878.00 gids n=2441 mint=8421 ret=5980 age=[83 236 522] | sdeath tp n=0 [0.0 0.0 0.0] ba n=4096 [0.5 3.2 427.2] | stamps n=6958 tp=0 age50=109 max=870 | idfrac=0.9983
# HOLE t=878.00 Eh=970.863569 nin=197 eatF=450.9225 eatM=217.4724 eatS=302.4686
# QATOM t=878.14 dir=DF w=2.35895559 e=0.431755358791 i=2578 Em=0.4618 gid=5645
# QATOM t=879.82 dir=FD w=1.3657577 e=0.249972152676 i=1158 Em=0.3511 gid=5849
t=  880.00 -1.92e-15 | 0.0227  5.98   8240    0  10532  11588 | 1.2940 19.69 | 9.97e-03 1.86e-02 |   0.0000 0.0000  0.0000  0.0000 0.000  0.00
# PAR t=880.00 gids n=2444 mint=8443 ret=5999 age=[82 236 524] | sdeath tp n=0 [0.0 0.0 0.0] ba n=4096 [0.5 3.3 428.3] | stamps n=6965 tp=0 age50=108 max=872 | idfrac=0.9983
# HOLE t=880.00 Eh=971.240559 nin=197 eatF=451.0170 eatM=217.4911 eatS=302.7325
# QATOM t=881.34 dir=FD w=1.03539258 e=0.189506023328 i=187 Em=1.2353 gid=3393
t=  882.00 -1.92e-15 | 0.0227  5.98   8238    2  10539  11593 | 1.2943 19.69 | 6.48e-03 1.94e-02 |   0.0000 0.0000  0.0000  0.0000 0.000  0.00
# PAR t=882.00 gids n=2435 mint=8455 ret=6020 age=[82 235 524] | sdeath tp n=0 [0.0 0.0 0.0] ba n=4096 [0.5 3.3 428.4] | stamps n=6918 tp=0 age50=107 max=874 | idfrac=0.9983
# HOLE t=882.00 Eh=971.593208 nin=197 eatF=451.1063 eatM=217.5072 eatS=302.9797
# QATOM t=882.68 dir=DF w=2.60296122 e=0.476415266708 i=1711 Em=0.5358 gid=7854
t=  884.00 -1.92e-15 | 0.0228  5.98   8235    2  10556  11608 | 1.2942 19.67 | 6.37e-03 1.77e-02 |   0.0000 0.0000  0.0000  0.0000 0.000  0.00
# PAR t=884.00 gids n=2440 mint=8475 ret=6035 age=[80 233 523] | sdeath tp n=0 [0.0 0.0 0.0] ba n=4096 [0.5 3.3 430.2] | stamps n=6948 tp=0 age50=107 max=876 | idfrac=0.9983
# HOLE t=884.00 Eh=973.194477 nin=198 eatF=451.2967 eatM=218.6568 eatS=303.2409
# QATOM t=884.16 dir=FD w=1.27601988 e=0.233547602098 i=542 Em=0.6023 gid=6499
# QATOM t=885.58 dir=FD w=1.39705938 e=0.255701241468 i=289 Em=0.3407 gid=7348
t=  886.00 -1.92e-15 | 0.0228  5.98   8238    1  10569  11620 | 1.2937 19.71 | 6.38e-03 1.74e-02 |   0.0000 0.0000  0.0000  0.0000 0.000  0.00
# PAR t=886.00 gids n=2436 mint=8496 ret=6060 age=[80 230 521] | sdeath tp n=0 [0.0 0.0 0.0] ba n=4096 [0.6 3.3 430.2] | stamps n=6933 tp=0 age50=105 max=878 | idfrac=0.9983
# HOLE t=886.00 Eh=976.023540 nin=198 eatF=451.8182 eatM=220.7036 eatS=303.5017
# QATOM t=886.80 dir=DF w=2.32058356 e=0.42473219576 i=1464 Em=0.4973 gid=7589
t=  888.00 -1.92e-15 | 0.0228  5.98   8236    2  10573  11626 | 1.2937 19.72 | 3.41e-03 1.46e-02 |   0.0000 0.0000  0.0000  0.0000 0.000  0.00
# PAR t=888.00 gids n=2436 mint=8513 ret=6077 age=[79 231 522] | sdeath tp n=0 [0.0 0.0 0.0] ba n=4096 [0.6 3.3 431.8] | stamps n=6928 tp=0 age50=104 max=880 | idfrac=0.9983
# HOLE t=888.00 Eh=976.761209 nin=197 eatF=451.9012 eatM=221.1294 eatS=303.7306
# QATOM t=888.26 dir=DF w=2.29997768 e=0.420960739661 i=1039 Em=0.4307 gid=8265
# QATOM t=889.70 dir=DF w=2.22803753 e=0.407793663704 i=1256 Em=0.5791 gid=1999
t=  890.00 -1.92e-15 | 0.0228  5.99   8245    2  10578  11634 | 1.2939 19.75 | 7.28e-03 1.77e-02 |   0.0000 0.0000  0.0000  0.0000 0.000  0.00
# PAR t=890.00 gids n=2433 mint=8533 ret=6100 age=[80 232 522] | sdeath tp n=0 [0.0 0.0 0.0] ba n=4096 [0.6 3.3 433.5] | stamps n=6910 tp=0 age50=104 max=882 | idfrac=0.9983
# HOLE t=890.00 Eh=977.106545 nin=198 eatF=451.9687 eatM=221.1494 eatS=303.9885
# QATOM t=891.16 dir=DF w=2.28876769 e=0.418908995419 i=1729 Em=0.8120 gid=8437
t=  892.00 -1.92e-15 | 0.0228  5.99   8246    0  10583  11643 | 1.2941 19.72 | 4.70e-03 1.36e-02 |   0.0000 0.0000  0.0000  0.0000 0.000  0.00
# PAR t=892.00 gids n=2439 mint=8553 ret=6114 age=[80 233 520] | sdeath tp n=0 [0.0 0.0 0.0] ba n=4096 [0.6 3.4 434.4] | stamps n=6948 tp=0 age50=104 max=884 | idfrac=0.9983
# HOLE t=892.00 Eh=977.799200 nin=199 eatF=452.3920 eatM=221.1673 eatS=304.2398
# QATOM t=892.60 dir=DF w=2.34509825 e=0.429219075456 i=1234 Em=0.4424 gid=8244
# QATOM t=893.90 dir=FD w=1.62451852 e=0.297332675271 i=2201 Em=0.0266 gid=8317
t=  894.00 -1.92e-15 | 0.0227  5.99   8246    0  10586  11646 | 1.2942 19.73 | 5.49e-03 1.65e-02 |   0.0000 0.0000  0.0000  0.0000 0.000  0.00
# PAR t=894.00 gids n=2433 mint=8574 ret=6141 age=[80 232 522] | sdeath tp n=0 [0.0 0.0 0.0] ba n=4096 [0.6 3.4 434.4] | stamps n=6916 tp=0 age50=104 max=886 | idfrac=0.9983
# HOLE t=894.00 Eh=978.236557 nin=199 eatF=452.5413 eatM=221.1862 eatS=304.5091
# QATOM t=895.30 dir=FD w=1.393297 e=0.255012621174 i=2621 Em=0.3265 gid=1607
t=  896.00 -1.92e-15 | 0.0227  5.99   8246    1  10591  11651 | 1.2940 19.74 | 4.81e-03 1.59e-02 |   0.0000 0.0000  0.0000  0.0000 0.000  0.00
# PAR t=896.00 gids n=2433 mint=8589 ret=6156 age=[81 232 520] | sdeath tp n=0 [0.0 0.0 0.0] ba n=4096 [0.6 3.4 434.5] | stamps n=6914 tp=0 age50=105 max=888 | idfrac=0.9983
# HOLE t=896.00 Eh=978.638234 nin=199 eatF=452.6268 eatM=221.2111 eatS=304.8003
# QATOM t=896.68 dir=FD w=1.59321167 e=0.583205279798 i=1329 Em=0.0637 gid=7912
t=  898.00 -1.92e-15 | 0.0227  5.99   8249    0  10595  11654 | 1.2936 19.75 | 5.52e-03 1.44e-02 |   0.0000 0.0000  0.0000  0.0000 0.000  0.00
# PAR t=898.00 gids n=2427 mint=8605 ret=6178 age=[81 233 522] | sdeath tp n=0 [0.0 0.0 0.0] ba n=4096 [0.6 3.4 435.5] | stamps n=6876 tp=0 age50=105 max=890 | idfrac=0.9983
# HOLE t=898.00 Eh=978.994003 nin=199 eatF=452.7006 eatM=221.2304 eatS=305.0630
# QATOM t=898.24 dir=FD w=1.64841898 e=0.301707133363 i=2428 Em=0.0004 gid=0
# QATOM t=899.58 dir=DF w=2.41299299 e=0.441645726547 i=1564 Em=0.6781 gid=7661
t=  900.00 -1.92e-15 | 0.0227  5.99   8245    0  10600  11659 | 1.2937 19.74 | 5.35e-03 1.41e-02 |   0.0000 0.0000  0.0000  0.0000 0.000  0.00
# PAR t=900.00 gids n=2428 mint=8624 ret=6196 age=[81 233 522] | sdeath tp n=0 [0.0 0.0 0.0] ba n=4096 [0.6 3.4 435.5] | stamps n=6879 tp=0 age50=104 max=892 | idfrac=0.9983
# HOLE t=900.00 Eh=979.321328 nin=199 eatF=452.7679 eatM=221.2491 eatS=305.3043
# QATOM t=901.08 dir=DF w=2.6851433 e=0.491456902798 i=2516 Em=0.7705 gid=5781
t=  902.00 -1.92e-15 | 0.0227  5.99   8250    0  10607  11664 | 1.2938 19.76 | 6.10e-03 1.31e-02 |   0.0000 0.0000  0.0000  0.0000 0.000  0.00
# PAR t=902.00 gids n=2429 mint=8641 ret=6212 age=[81 233 522] | sdeath tp n=0 [0.0 0.0 0.0] ba n=4096 [0.6 3.4 435.5] | stamps n=6879 tp=0 age50=103 max=894 | idfrac=0.9983
# HOLE t=902.00 Eh=979.650982 nin=198 eatF=452.8342 eatM=221.2693 eatS=305.5474
# QATOM t=902.50 dir=DF w=2.26416625 e=0.414406238508 i=720 Em=0.4606 gid=8336
t=  904.00 -1.92e-15 | 0.0227  5.99   8246    0  10614  11669 | 1.2939 19.74 | 4.44e-03 1.46e-02 |   0.0000 0.0000  0.0000  0.0000 0.000  0.00
# PAR t=904.00 gids n=2432 mint=8664 ret=6232 age=[82 230 518] | sdeath tp n=0 [0.0 0.0 0.0] ba n=4096 [0.6 3.4 435.5] | stamps n=6898 tp=0 age50=100 max=896 | idfrac=0.9983
# HOLE t=904.00 Eh=979.983106 nin=197 eatF=452.9115 eatM=221.2934 eatS=305.7782
# QATOM t=904.00 dir=FD w=1.55200582 e=0.284060807307 i=1580 Em=0.0881 gid=7502
# QATOM t=905.32 dir=FD w=1.59026583 e=0.582126935223 i=1006 Em=0.0503 gid=97
t=  906.00 -1.92e-15 | 0.0227  5.99   8246    2  10626  11678 | 1.2940 19.74 | 6.41e-03 1.68e-02 |   0.0000 0.0000  0.0000  0.0000 0.000  0.00
# PAR t=906.00 gids n=2434 mint=8688 ret=6254 age=[79 227 518] | sdeath tp n=0 [0.0 0.0 0.0] ba n=4096 [0.6 3.4 436.2] | stamps n=6911 tp=0 age50=97 max=898 | idfrac=0.9983
# HOLE t=906.00 Eh=980.298270 nin=196 eatF=452.9937 eatM=221.3158 eatS=305.9888
# QATOM t=906.78 dir=FD w=1.42367558 e=0.260572757334 i=166 Em=0.2425 gid=6549
t=  908.00 -1.92e-15 | 0.0227  5.99   8245    2  10633  11684 | 1.2938 19.75 | 5.06e-03 1.29e-02 |   0.0000 0.0000  0.0000  0.0000 0.000  0.00
# PAR t=908.00 gids n=2442 mint=8706 ret=6264 age=[79 226 513] | sdeath tp n=0 [0.0 0.0 0.0] ba n=4096 [0.6 3.4 436.2] | stamps n=6957 tp=0 age50=97 max=900 | idfrac=0.9983
# HOLE t=908.00 Eh=980.788402 nin=197 eatF=453.1690 eatM=221.3410 eatS=306.2785
# QATOM t=908.30 dir=DF w=2.31321369 e=0.423383301866 i=2127 Em=0.4537 gid=6705
t=  910.00 -1.92e-15 | 0.0227  5.99   8245    0  10640  11695 | 1.2937 19.76 | 6.20e-03 2.10e-02 |   0.0000 0.0000  0.0000  0.0000 0.000  0.00
# PAR t=910.00 gids n=2438 mint=8724 ret=6286 age=[78 221 512] | sdeath tp n=0 [0.0 0.0 0.0] ba n=4096 [0.6 3.4 437.3] | stamps n=6936 tp=0 age50=97 max=902 | idfrac=0.9983
# HOLE t=910.00 Eh=981.173706 nin=197 eatF=453.2514 eatM=221.3673 eatS=306.5550
# QATOM t=910.02 dir=DF w=2.55090344 e=0.466887225987 i=1390 Em=0.5446 gid=5056
# QATOM t=911.60 dir=FD w=1.33960731 e=0.245185894463 i=891 Em=0.4193 gid=8451
t=  912.00 -1.92e-15 | 0.0227  5.99   8246    1  10649  11701 | 1.2937 19.76 | 6.61e-03 1.84e-02 |   0.0000 0.0000  0.0000  0.0000 0.000  0.00
# PAR t=912.00 gids n=2427 mint=8737 ret=6310 age=[79 222 512] | sdeath tp n=0 [0.0 0.0 0.0] ba n=4096 [0.6 3.4 440.8] | stamps n=6866 tp=0 age50=98 max=904 | idfrac=0.9983
# HOLE t=912.00 Eh=981.477943 nin=196 eatF=453.3063 eatM=221.3876 eatS=306.7840
# QATOM t=913.16 dir=DF w=2.25128747 e=0.412049057772 i=849 Em=0.5338 gid=4422
t=  914.00 -1.92e-15 | 0.0227  5.99   8245    2  10656  11707 | 1.2936 19.76 | 4.93e-03 1.55e-02 |   0.0000 0.0000  0.0000  0.0000 0.000  0.00
# PAR t=914.00 gids n=2426 mint=8756 ret=6330 age=[79 220 511] | sdeath tp n=0 [0.0 0.0 0.0] ba n=4096 [0.6 3.4 440.8] | stamps n=6861 tp=0 age50=99 max=906 | idfrac=0.9983
# HOLE t=914.00 Eh=981.806623 nin=196 eatF=453.3747 eatM=221.4107 eatS=307.0211
# QATOM t=914.64 dir=DF w=2.28640769 e=0.418477048625 i=1702 Em=0.4812 gid=5294
t=  916.00 -1.92e-15 | 0.0227  5.99   8252    0  10664  11715 | 1.2936 19.79 | 9.90e-03 5.00e-02 |   0.0000 0.0000  0.0000  0.0000 0.000  0.00
# PAR t=916.00 gids n=2429 mint=8776 ret=6347 age=[79 220 507] | sdeath tp n=0 [0.0 0.0 0.0] ba n=4096 [0.6 3.4 441.3] | stamps n=6878 tp=0 age50=98 max=908 | idfrac=0.9983
# HOLE t=916.00 Eh=982.191988 nin=197 eatF=453.4584 eatM=221.4371 eatS=307.2965
# QATOM t=916.18 dir=DF w=2.30248998 e=0.421420560965 i=604 Em=0.8115 gid=6824
# QATOM t=917.70 dir=FD w=1.30188875 e=0.238282334225 i=2658 Em=0.4458 gid=464
t=  918.00 -1.92e-15 | 0.0227  5.99   8247    2  10675  11721 | 1.2940 19.75 | 4.56e-03 1.45e-02 |   0.0000 0.0000  0.0000  0.0000 0.000  0.00
# PAR t=918.00 gids n=2439 mint=8801 ret=6362 age=[78 221 507] | sdeath tp n=0 [0.0 0.0 0.0] ba n=4096 [0.6 3.4 442.1] | stamps n=6936 tp=0 age50=99 max=910 | idfrac=0.9983
# HOLE t=918.00 Eh=982.597313 nin=197 eatF=453.5554 eatM=221.4631 eatS=307.5788
# QATOM t=919.10 dir=DF w=1.98622445 e=0.363535054545 i=2467 Em=0.9491 gid=7063
t=  920.00 -1.92e-15 | 0.0227  5.98   8243    0  10682  11731 | 1.2943 19.72 | 6.40e-03 1.51e-02 |   0.0000 0.0000  0.0000  0.0000 0.000  0.00
# PAR t=920.00 gids n=2443 mint=8822 ret=6379 age=[78 220 507] | sdeath tp n=0 [0.0 0.0 0.0] ba n=4096 [0.6 3.4 442.1] | stamps n=6960 tp=0 age50=98 max=912 | idfrac=0.9983
# HOLE t=920.00 Eh=982.984566 nin=197 eatF=453.6321 eatM=221.4837 eatS=307.8687
# QATOM t=920.40 dir=DF w=2.30422907 e=0.421738864084 i=701 Em=0.4606 gid=8590
t=  922.00 -1.92e-15 | 0.0227  5.98   8237    1  10689  11738 | 1.2940 19.72 | 6.21e-03 1.64e-02 |   0.0000 0.0000  0.0000  0.0000 0.000  0.00
# PAR t=922.00 gids n=2448 mint=8843 ret=6395 age=[77 220 503] | sdeath tp n=0 [0.0 0.0 0.0] ba n=4096 [0.6 3.4 442.1] | stamps n=6992 tp=0 age50=98 max=914 | idfrac=0.9983
# HOLE t=922.00 Eh=983.341960 nin=197 eatF=453.7070 eatM=221.5073 eatS=308.1277
# QATOM t=922.12 dir=FD w=1.44905312 e=0.265217561971 i=1174 Em=0.2179 gid=6418
# QATOM t=923.52 dir=FD w=1.55746693 e=0.285060344971 i=1195 Em=0.0907 gid=6897
t=  924.00 -1.92e-15 | 0.0227  5.98   8237    3  10696  11745 | 1.2938 19.74 | 8.01e-03 2.01e-02 |   0.0000 0.0000  0.0000  0.0000 0.000  0.00
# PAR t=924.00 gids n=2446 mint=8863 ret=6417 age=[76 219 504] | sdeath tp n=0 [0.0 0.0 0.0] ba n=4096 [0.6 3.4 442.1] | stamps n=6988 tp=0 age50=96 max=916 | idfrac=0.9983
# HOLE t=924.00 Eh=984.291920 nin=198 eatF=453.8096 eatM=222.1145 eatS=308.3678
# QATOM t=924.98 dir=DF w=2.22592281 e=0.407406611374 i=1704 Em=0.9805 gid=6370
t=  926.00 -1.92e-15 | 0.0227  5.98   8236    1  10706  11757 | 1.2940 19.74 | 5.48e-03 1.50e-02 |   0.0000 0.0000  0.0000  0.0000 0.000  0.00
# PAR t=926.00 gids n=2439 mint=8873 ret=6434 age=[77 221 507] | sdeath tp n=0 [0.0 0.0 0.0] ba n=4096 [0.6 3.4 445.7] | stamps n=6944 tp=0 age50=98 max=918 | idfrac=0.9983
# HOLE t=926.00 Eh=984.687435 nin=198 eatF=453.9032 eatM=222.1459 eatS=308.6383
# QATOM t=926.44 dir=DF w=2.37493198 e=0.434679487948 i=2011 Em=0.4885 gid=8549
# QATOM t=927.92 dir=FD w=1.58177102 e=0.289508678886 i=1802 Em=0.0555 gid=8678
t=  928.00 -1.92e-15 | 0.0227  5.98   8238    1  10713  11763 | 1.2941 19.74 | 8.22e-03 2.09e-02 |   0.0000 0.0000  0.0000  0.0000 0.000  0.00
# PAR t=928.00 gids n=2439 mint=8892 ret=6453 age=[78 221 508] | sdeath tp n=0 [0.0 0.0 0.0] ba n=4096 [0.6 3.4 446.3] | stamps n=6940 tp=0 age50=98 max=920 | idfrac=0.9983
# HOLE t=928.00 Eh=985.183965 nin=198 eatF=454.0889 eatM=222.1782 eatS=308.9168
# QATOM t=929.44 dir=DF w=2.31780241 e=0.424223166386 i=1395 Em=0.4276 gid=2221
t=  930.00 -1.92e-15 | 0.0227  5.98   8231    2  10717  11767 | 1.2943 19.71 | 4.07e-03 1.33e-02 |   0.0000 0.0000  0.0000  0.0000 0.000  0.00
# PAR t=930.00 gids n=2436 mint=8908 ret=6472 age=[77 221 509] | sdeath tp n=0 [0.0 0.0 0.0] ba n=4096 [0.6 3.4 446.4] | stamps n=6919 tp=0 age50=99 max=922 | idfrac=0.9983
# HOLE t=930.00 Eh=986.782037 nin=198 eatF=454.2636 eatM=223.3624 eatS=309.1561
# QATOM t=930.96 dir=DF w=2.34512691 e=0.429224320101 i=172 Em=0.4403 gid=4222
t=  932.00 -1.92e-15 | 0.0227  5.98   8234    1  10723  11774 | 1.2939 19.73 | 5.33e-03 1.54e-02 |   0.0000 0.0000  0.0000  0.0000 0.000  0.00
# PAR t=932.00 gids n=2430 mint=8928 ret=6498 age=[77 221 510] | sdeath tp n=0 [0.0 0.0 0.0] ba n=4096 [0.6 3.5 448.0] | stamps n=6892 tp=0 age50=99 max=924 | idfrac=0.9983
# HOLE t=932.00 Eh=988.112504 nin=199 eatF=454.4948 eatM=224.2216 eatS=309.3961
# QATOM t=932.46 dir=DF w=2.30837118 e=0.422496986629 i=325 Em=0.5136 gid=4919
# QATOM t=933.76 dir=FD w=1.56530302 e=0.286494569481 i=2429 Em=0.1048 gid=6701
t=  934.00 -1.92e-15 | 0.0227  5.98   8242    1  10728  11780 | 1.2940 19.77 | 7.70e-03 2.19e-02 |   0.0000 0.0000  0.0000  0.0000 0.000  0.00
# PAR t=934.00 gids n=2436 mint=8949 ret=6513 age=[76 219 504] | sdeath tp n=0 [0.0 0.0 0.0] ba n=4096 [0.6 3.5 450.9] | stamps n=6926 tp=0 age50=98 max=926 | idfrac=0.9983
# HOLE t=934.00 Eh=988.450722 nin=199 eatF=454.5500 eatM=224.2544 eatS=309.6464
# QATOM t=935.24 dir=DF w=2.24222641 e=0.410390629145 i=1557 Em=0.5885 gid=7046
t=  936.00 -1.92e-15 | 0.0227  5.98   8241    0  10736  11784 | 1.2937 19.78 | 7.78e-03 1.48e-02 |   0.0000 0.0000  0.0000  0.0000 0.000  0.00
# PAR t=936.00 gids n=2430 mint=8967 ret=6537 age=[77 221 503] | sdeath tp n=0 [0.0 0.0 0.0] ba n=4096 [0.6 3.5 450.9] | stamps n=6890 tp=0 age50=98 max=928 | idfrac=0.9983
# HOLE t=936.00 Eh=988.776388 nin=199 eatF=454.6079 eatM=224.2865 eatS=309.8821
# QATOM t=936.72 dir=DF w=2.20232957 e=0.403088382294 i=1743 Em=0.5906 gid=8862
t=  938.00 -1.92e-15 | 0.0227  5.98   8239    0  10740  11791 | 1.2935 19.78 | 4.75e-03 1.27e-02 |   0.0000 0.0000  0.0000  0.0000 0.000  0.00
# PAR t=938.00 gids n=2432 mint=8988 ret=6556 age=[76 220 504] | sdeath tp n=0 [0.0 0.0 0.0] ba n=4096 [0.6 3.5 450.9] | stamps n=6895 tp=0 age50=98 max=930 | idfrac=0.9983
# HOLE t=938.00 Eh=989.122605 nin=199 eatF=454.6600 eatM=224.3243 eatS=310.1383
# QATOM t=938.14 dir=FD w=1.29259399 e=0.236581131494 i=2029 Em=0.5511 gid=735
# QATOM t=939.64 dir=FD w=1.56362469 e=0.28618738829 i=383 Em=0.1073 gid=7615
t=  940.00 -1.92e-15 | 0.0227  5.98   8233    1  10750  11796 | 1.2937 19.76 | 7.04e-03 2.12e-02 |   0.0000 0.0000  0.0000  0.0000 0.000  0.00
# PAR t=940.00 gids n=2435 mint=9003 ret=6568 age=[76 220 500] | sdeath tp n=0 [0.0 0.0 0.0] ba n=4096 [0.6 3.5 450.9] | stamps n=6909 tp=0 age50=98 max=932 | idfrac=0.9983
# HOLE t=940.00 Eh=989.476411 nin=198 eatF=454.7343 eatM=224.3570 eatS=310.3851
# QATOM t=941.22 dir=FD w=1.42228372 e=0.260318007477 i=1661 Em=0.1922 gid=6723
t=  942.00 -1.92e-15 | 0.0227  5.98   8233    2  10757  11808 | 1.2939 19.75 | 8.71e-03 1.51e-02 |   0.0000 0.0000  0.0000  0.0000 0.000  0.00
# PAR t=942.00 gids n=2427 mint=9021 ret=6594 age=[77 220 504] | sdeath tp n=0 [0.0 0.0 0.0] ba n=4096 [0.6 3.5 451.0] | stamps n=6866 tp=0 age50=97 max=934 | idfrac=0.9983
# HOLE t=942.00 Eh=989.800695 nin=198 eatF=454.7974 eatM=224.3862 eatS=310.6170
# QATOM t=942.90 dir=DF w=2.4351346 e=0.445698264933 i=641 Em=0.6726 gid=7565
t=  944.00 -1.92e-15 | 0.0227  5.97   8230    1  10773  11818 | 1.2941 19.73 | 7.70e-03 1.67e-02 |   0.0000 0.0000  0.0000  0.0000 0.000  0.00
# PAR t=944.00 gids n=2423 mint=9038 ret=6615 age=[78 218 507] | sdeath tp n=0 [0.0 0.0 0.0] ba n=4096 [0.6 3.5 451.9] | stamps n=6852 tp=0 age50=97 max=936 | idfrac=0.9983
# HOLE t=944.00 Eh=991.684000 nin=199 eatF=454.9190 eatM=225.8697 eatS=310.8953
# QATOM t=944.44 dir=DF w=2.29178082 e=0.419460482771 i=219 Em=0.4628 gid=7798
# QATOM t=945.94 dir=DF w=2.3263187 e=0.425781887969 i=2145 Em=0.4582 gid=4800
t=  946.00 -1.92e-15 | 0.0227  5.98   8238    1  10782  11829 | 1.2939 19.76 | 7.71e-03 1.64e-02 |   0.0000 0.0000  0.0000  0.0000 0.000  0.00
# PAR t=946.00 gids n=2430 mint=9057 ret=6627 age=[78 218 505] | sdeath tp n=0 [0.0 0.0 0.0] ba n=4096 [0.6 3.5 452.1] | stamps n=6894 tp=0 age50=96 max=938 | idfrac=0.9983
# HOLE t=946.00 Eh=992.012276 nin=199 eatF=454.9649 eatM=225.8956 eatS=311.1517
# QATOM t=947.60 dir=FD w=1.43688521 e=0.525980983007 i=1902 Em=0.3013 gid=8914
t=  948.00 -1.92e-15 | 0.0227  5.98   8232    1  10799  11842 | 1.2940 19.75 | 6.64e-03 1.82e-02 |   0.0000 0.0000  0.0000  0.0000 0.000  0.00
# PAR t=948.00 gids n=2425 mint=9071 ret=6646 age=[77 218 505] | sdeath tp n=0 [0.0 0.0 0.0] ba n=4096 [0.6 3.5 453.0] | stamps n=6870 tp=0 age50=97 max=940 | idfrac=0.9983
# HOLE t=948.00 Eh=992.328881 nin=198 eatF=455.0178 eatM=225.9206 eatS=311.3905
# QATOM t=949.04 dir=FD w=1.39541591 e=0.255400441027 i=1061 Em=0.2968 gid=7258
t=  950.00 -1.92e-15 | 0.0227  5.97   8230    1  10806  11849 | 1.2939 19.74 | 7.34e-03 1.64e-02 |   0.0000 0.0000  0.0000  0.0000 0.000  0.00
# PAR t=950.00 gids n=2426 mint=9087 ret=6661 age=[77 216 504] | sdeath tp n=0 [0.0 0.0 0.0] ba n=4096 [0.6 3.5 453.5] | stamps n=6873 tp=0 age50=96 max=942 | idfrac=0.9983
# HOLE t=950.00 Eh=992.621264 nin=197 eatF=455.0755 eatM=225.9411 eatS=311.6047
# QATOM t=950.54 dir=FD w=1.4418665 e=0.263902208473 i=2140 Em=0.2108 gid=7757
t=  952.00 -1.92e-15 | 0.0227  5.97   8226    1  10810  11856 | 1.2940 19.72 | 5.79e-03 1.70e-02 |   0.0000 0.0000  0.0000  0.0000 0.000  0.00
# PAR t=952.00 gids n=2428 mint=9104 ret=6676 age=[77 217 504] | sdeath tp n=0 [0.0 0.0 0.0] ba n=4096 [0.6 3.5 454.0] | stamps n=6883 tp=0 age50=96 max=944 | idfrac=0.9983
# HOLE t=952.00 Eh=992.908602 nin=197 eatF=455.1341 eatM=225.9591 eatS=311.8153
# QATOM t=952.02 dir=FD w=1.49993574 e=0.274530514921 i=2061 Em=0.1827 gid=7031
# QATOM t=953.80 dir=DF w=2.14948647 e=0.393416606584 i=1150 Em=0.7226 gid=6173
t=  954.00 -1.92e-15 | 0.0226  5.97   8229    0  10820  11870 | 1.2940 19.73 | 6.47e-03 1.67e-02 |   0.0000 0.0000  0.0000  0.0000 0.000  0.00
# PAR t=954.00 gids n=2431 mint=9124 ret=6693 age=[77 217 505] | sdeath tp n=0 [0.0 0.0 0.0] ba n=4096 [0.6 3.5 455.3] | stamps n=6907 tp=0 age50=96 max=946 | idfrac=0.9983
# HOLE t=954.00 Eh=993.235907 nin=197 eatF=455.2271 eatM=225.9791 eatS=312.0298
# QATOM t=955.20 dir=FD w=1.41250207 e=0.258527689364 i=1167 Em=0.3431 gid=8623
t=  956.00 -1.92e-15 | 0.0226  5.98   8234    6  10828  11876 | 1.2936 19.75 | 6.32e-03 1.97e-02 |   0.0000 0.0000  0.0000  0.0000 0.000  0.00
# PAR t=956.00 gids n=2430 mint=9146 ret=6716 age=[77 216 506] | sdeath tp n=0 [0.0 0.0 0.0] ba n=4096 [0.6 3.5 455.6] | stamps n=6895 tp=0 age50=98 max=948 | idfrac=0.9983
# HOLE t=956.00 Eh=993.568807 nin=197 eatF=455.3018 eatM=226.0057 eatS=312.2613
# QATOM t=956.70 dir=FD w=1.64740652 e=0.301521825416 i=2002 Em=0.0028 gid=0
t=  958.00 -1.92e-15 | 0.0226  5.98   8237    2  10838  11888 | 1.2936 19.75 | 1.33e-02 5.00e-02 |   0.0000 0.0000  0.0000  0.0000 0.000  0.00
# PAR t=958.00 gids n=2428 mint=9165 ret=6737 age=[78 217 505] | sdeath tp n=0 [0.0 0.0 0.0] ba n=4096 [0.6 3.5 459.1] | stamps n=6879 tp=0 age50=98 max=950 | idfrac=0.9983
# HOLE t=958.00 Eh=993.911405 nin=196 eatF=455.3818 eatM=226.0297 eatS=312.4999
# QATOM t=958.12 dir=DF w=2.58946381 e=0.473944859965 i=1921 Em=0.4884 gid=8828
# QATOM t=959.76 dir=FD w=1.47231157 e=0.269474512849 i=1170 Em=0.1445 gid=4168
t=  960.00 -1.92e-15 | 0.0226  5.98   8232    3  10845  11894 | 1.2937 19.74 | 4.88e-03 1.68e-02 |   0.0000 0.0000  0.0000  0.0000 0.000  0.00
# PAR t=960.00 gids n=2432 mint=9184 ret=6752 age=[78 217 505] | sdeath tp n=0 [0.0 0.0 0.0] ba n=4096 [0.6 3.5 461.7] | stamps n=6900 tp=0 age50=98 max=952 | idfrac=0.9983
# HOLE t=960.00 Eh=994.353600 nin=197 eatF=455.5606 eatM=226.0522 eatS=312.7408
# QATOM t=961.08 dir=FD w=1.60839198 e=0.294381063927 i=1072 Em=0.0370 gid=8233
t=  962.00 -1.92e-15 | 0.0226  5.98   8232    0  10863  11907 | 1.2939 19.74 | 5.23e-03 1.52e-02 |   0.0000 0.0000  0.0000  0.0000 0.000  0.00
# PAR t=962.00 gids n=2440 mint=9208 ret=6768 age=[77 216 497] | sdeath tp n=0 [0.0 0.0 0.0] ba n=4096 [0.6 3.5 463.6] | stamps n=6951 tp=0 age50=97 max=954 | idfrac=0.9983
# HOLE t=962.00 Eh=994.702288 nin=197 eatF=455.6159 eatM=226.0779 eatS=313.0085
# QATOM t=962.60 dir=DF w=2.42877247 e=0.444533815259 i=1635 Em=0.5220 gid=8257
# QATOM t=963.98 dir=FD w=1.57096654 e=0.287531152917 i=1267 Em=0.0982 gid=4400
t=  964.00 -1.92e-15 | 0.0226  5.97   8229    0  10872  11920 | 1.2939 19.74 | 9.86e-03 2.45e-02 |   0.0000 0.0000  0.0000  0.0000 0.000  0.00
# PAR t=964.00 gids n=2443 mint=9232 ret=6789 age=[77 213 496] | sdeath tp n=0 [0.0 0.0 0.0] ba n=4096 [0.6 3.5 468.2] | stamps n=6968 tp=0 age50=97 max=956 | idfrac=0.9983
# HOLE t=964.00 Eh=995.045871 nin=197 eatF=455.6687 eatM=226.1019 eatS=313.2753
# QATOM t=965.66 dir=FD w=1.39815957 e=0.255902608028 i=605 Em=0.3809 gid=8666
t=  966.00 -1.92e-15 | 0.0226  5.98   8231    2  10879  11926 | 1.2940 19.75 | 6.49e-03 1.68e-02 |   0.0000 0.0000  0.0000  0.0000 0.000  0.00
# PAR t=966.00 gids n=2450 mint=9252 ret=6802 age=[77 212 495] | sdeath tp n=0 [0.0 0.0 0.0] ba n=4096 [0.6 3.5 468.4] | stamps n=6999 tp=0 age50=97 max=958 | idfrac=0.9983
# HOLE t=966.00 Eh=995.384566 nin=197 eatF=455.7261 eatM=226.1227 eatS=313.5358
# QATOM t=967.10 dir=FD w=1.37237099 e=0.251182571394 i=1860 Em=0.4211 gid=7049
t=  968.00 -1.92e-15 | 0.0226  5.97   8229    1  10890  11940 | 1.2939 19.75 | 4.95e-03 1.66e-02 |   0.0000 0.0000  0.0000  0.0000 0.000  0.00
# PAR t=968.00 gids n=2448 mint=9272 ret=6824 age=[76 212 492] | sdeath tp n=0 [0.0 0.0 0.0] ba n=4096 [0.6 3.6 469.0] | stamps n=6985 tp=0 age50=97 max=960 | idfrac=0.9983
# HOLE t=968.00 Eh=995.731587 nin=197 eatF=455.8066 eatM=226.1441 eatS=313.7809
# QATOM t=968.80 dir=FD w=1.4280678 e=0.261376656266 i=2508 Em=0.2121 gid=8013
t=  970.00 -1.92e-15 | 0.0226  5.97   8227    2  10906  11950 | 1.2938 19.73 | 6.16e-03 1.60e-02 |   0.0000 0.0000  0.0000  0.0000 0.000  0.00
# PAR t=970.00 gids n=2454 mint=9295 ret=6841 age=[76 212 493] | sdeath tp n=0 [0.0 0.0 0.0] ba n=4096 [0.6 3.6 470.4] | stamps n=7019 tp=0 age50=96 max=962 | idfrac=0.9983
# HOLE t=970.00 Eh=996.058058 nin=197 eatF=455.8772 eatM=226.1636 eatS=314.0173
# QATOM t=970.04 dir=FD w=1.64174296 e=0.300485234193 i=1313 Em=0.0056 gid=0
# QATOM t=971.50 dir=DF w=2.27812542 e=0.416961159944 i=1988 Em=0.5033 gid=8736
t=  972.00 -1.92e-15 | 0.0226  5.97   8228    3  10914  11958 | 1.2939 19.75 | 6.86e-03 1.97e-02 |   0.0000 0.0000  0.0000  0.0000 0.000  0.00
# PAR t=972.00 gids n=2453 mint=9309 ret=6856 age=[76 210 493] | sdeath tp n=0 [0.0 0.0 0.0] ba n=4096 [0.6 3.6 471.4] | stamps n=7014 tp=0 age50=95 max=964 | idfrac=0.9983
# HOLE t=972.00 Eh=997.663871 nin=197 eatF=456.4176 eatM=227.0065 eatS=314.2398
# QATOM t=972.98 dir=FD w=1.60027111 e=0.292894716468 i=878 Em=0.0596 gid=8057
t=  974.00 -1.92e-15 | 0.0227  5.97   8229    2  10925  11971 | 1.2942 19.74 | 1.04e-02 3.55e-02 |   0.0000 0.0000  0.0000  0.0000 0.000  0.00
# PAR t=974.00 gids n=2455 mint=9323 ret=6868 age=[76 211 494] | sdeath tp n=0 [0.0 0.0 0.0] ba n=4096 [0.6 3.6 472.6] | stamps n=7034 tp=0 age50=95 max=966 | idfrac=0.9983
# HOLE t=974.00 Eh=998.987910 nin=198 eatF=456.6304 eatM=227.8929 eatS=314.4647
# QATOM t=974.20 dir=FD w=1.31009101 e=0.239783579948 i=546 Em=0.5112 gid=5480
# QATOM t=975.76 dir=FD w=1.2806947 e=0.234403226804 i=1737 Em=0.4627 gid=5694
t=  976.00 -1.92e-15 | 0.0226  5.98   8233    2  10942  11991 | 1.2943 19.75 | 6.24e-03 1.53e-02 |   0.0000 0.0000  0.0000  0.0000 0.000  0.00
# PAR t=976.00 gids n=2451 mint=9342 ret=6891 age=[76 212 490] | sdeath tp n=0 [0.0 0.0 0.0] ba n=4096 [0.6 3.6 478.4] | stamps n=7003 tp=0 age50=96 max=968 | idfrac=0.9983
# HOLE t=976.00 Eh=999.328924 nin=198 eatF=456.6908 eatM=227.9325 eatS=314.7056
# QATOM t=977.32 dir=DF w=2.35679808 e=0.431360473294 i=1684 Em=0.6421 gid=8051
t=  978.00 -1.92e-15 | 0.0226  5.98   8235    0  10948  12003 | 1.2941 19.76 | 4.83e-03 1.23e-02 |   0.0000 0.0000  0.0000  0.0000 0.000  0.00
# PAR t=978.00 gids n=2452 mint=9354 ret=6902 age=[77 213 492] | sdeath tp n=0 [0.0 0.0 0.0] ba n=4096 [0.6 3.6 480.9] | stamps n=7010 tp=0 age50=95 max=970 | idfrac=0.9983
# HOLE t=978.00 Eh=999.683016 nin=198 eatF=456.7589 eatM=227.9527 eatS=314.9714
# QATOM t=978.94 dir=DF w=2.49497814 e=0.456651319799 i=962 Em=0.6513 gid=4393
t=  980.00 -1.92e-15 | 0.0226  5.98   8237    0  10953  12009 | 1.2937 19.77 | 1.02e-02 2.03e-02 |   0.0000 0.0000  0.0000  0.0000 0.000  0.00
# PAR t=980.00 gids n=2449 mint=9368 ret=6919 age=[76 212 493] | sdeath tp n=0 [0.0 0.0 0.0] ba n=4096 [0.6 3.6 481.4] | stamps n=7000 tp=0 age50=96 max=972 | idfrac=0.9983
# HOLE t=980.00 Eh=1001.720159 nin=200 eatF=457.1762 eatM=229.2372 eatS=315.3067
# QATOM t=980.44 dir=DF w=2.27916371 e=0.417151196515 i=2173 Em=0.4494 gid=7156
# QATOM t=981.86 dir=FD w=1.58910256 e=0.290850556439 i=1296 Em=0.0795 gid=7314
t=  982.00 -1.92e-15 | 0.0226  5.98   8232    1  10962  12013 | 1.2937 19.76 | 5.20e-03 1.63e-02 |   0.0000 0.0000  0.0000  0.0000 0.000  0.00
# PAR t=982.00 gids n=2453 mint=9383 ret=6930 age=[78 211 494] | sdeath tp n=0 [0.0 0.0 0.0] ba n=4096 [0.6 3.6 481.4] | stamps n=7020 tp=0 age50=97 max=974 | idfrac=0.9983
# HOLE t=982.00 Eh=1002.103621 nin=200 eatF=457.2449 eatM=229.2600 eatS=315.5988
# QATOM t=983.20 dir=DF w=2.32462678 e=0.425472219007 i=1966 Em=0.6702 gid=8650
t=  984.00 -1.92e-15 | 0.0226  5.98   8240    1  10971  12021 | 1.2935 19.79 | 5.59e-03 1.46e-02 |   0.0000 0.0000  0.0000  0.0000 0.000  0.00
# PAR t=984.00 gids n=2450 mint=9404 ret=6954 age=[78 212 491] | sdeath tp n=0 [0.0 0.0 0.0] ba n=4096 [0.6 3.6 481.5] | stamps n=7000 tp=0 age50=97 max=976 | idfrac=0.9983
# HOLE t=984.00 Eh=1002.509835 nin=200 eatF=457.3229 eatM=229.2847 eatS=315.9022
# QATOM t=984.86 dir=FD w=1.35494209 e=0.247992591647 i=920 Em=0.3662 gid=8765
t=  986.00 -1.92e-15 | 0.0226  5.98   8242    0  10977  12025 | 1.2937 19.79 | 5.45e-03 1.53e-02 |   0.0000 0.0000  0.0000  0.0000 0.000  0.00
# PAR t=986.00 gids n=2456 mint=9421 ret=6965 age=[78 211 492] | sdeath tp n=0 [0.0 0.0 0.0] ba n=4096 [0.6 3.6 482.0] | stamps n=7040 tp=0 age50=97 max=978 | idfrac=0.9983
# HOLE t=986.00 Eh=1002.912894 nin=200 eatF=457.3966 eatM=229.3071 eatS=316.2092
# QATOM t=986.30 dir=FD w=1.49067595 e=0.27283571329 i=521 Em=0.1011 gid=6506
# QATOM t=987.64 dir=FD w=1.41471506 e=0.258932728372 i=236 Em=0.1621 gid=8104
t=  988.00 -1.92e-15 | 0.0226  5.98   8238    2  10980  12034 | 1.2938 19.80 | 7.42e-03 2.12e-02 |   0.0000 0.0000  0.0000  0.0000 0.000  0.00
# PAR t=988.00 gids n=2443 mint=9432 ret=6989 age=[80 210 492] | sdeath tp n=0 [0.0 0.0 0.0] ba n=4096 [0.6 3.6 484.6] | stamps n=6964 tp=0 age50=98 max=980 | idfrac=0.9983
# HOLE t=988.00 Eh=1003.273848 nin=200 eatF=457.4506 eatM=229.3307 eatS=316.4926
# QATOM t=989.08 dir=FD w=1.50647862 e=0.275728046983 i=1561 Em=0.1872 gid=9401
t=  990.00 -1.92e-15 | 0.0226  5.98   8233    1  10983  12038 | 1.2939 19.79 | 9.20e-03 2.35e-02 |   0.0000 0.0000  0.0000  0.0000 0.000  0.00
# PAR t=990.00 gids n=2433 mint=9446 ret=7013 age=[80 211 492] | sdeath tp n=0 [0.0 0.0 0.0] ba n=4096 [0.6 3.6 485.2] | stamps n=6909 tp=0 age50=99 max=982 | idfrac=0.9983
# HOLE t=990.00 Eh=1004.658549 nin=201 eatF=457.5931 eatM=230.3148 eatS=316.7507
# QATOM t=990.32 dir=FD w=1.47258488 e=0.269524536755 i=2377 Em=0.2442 gid=4089
# QATOM t=991.82 dir=DF w=2.22122585 e=0.406546935099 i=1156 Em=0.2129 gid=6300
t=  992.00 -1.92e-15 | 0.0226  5.98   8237    1  10985  12045 | 1.2936 19.83 | 4.93e-03 1.42e-02 |   0.0000 0.0000  0.0000  0.0000 0.000  0.00
# PAR t=992.00 gids n=2431 mint=9465 ret=7034 age=[79 210 489] | sdeath tp n=0 [0.0 0.0 0.0] ba n=4096 [0.6 3.6 488.2] | stamps n=6904 tp=0 age50=98 max=984 | idfrac=0.9983
# HOLE t=992.00 Eh=1005.018816 nin=201 eatF=457.6605 eatM=230.3416 eatS=317.0167
# QATOM t=993.20 dir=DF w=2.45349874 e=0.449059420747 i=2398 Em=0.5726 gid=9427
t=  994.00 -1.92e-15 | 0.0226  5.98   8236    1  10988  12049 | 1.2933 19.85 | 7.11e-03 1.59e-02 |   0.0000 0.0000  0.0000  0.0000 0.000  0.00
# PAR t=994.00 gids n=2426 mint=9482 ret=7056 age=[80 210 490] | sdeath tp n=0 [0.0 0.0 0.0] ba n=4096 [0.6 3.6 488.3] | stamps n=6879 tp=0 age50=98 max=986 | idfrac=0.9983
# HOLE t=994.00 Eh=1005.336170 nin=201 eatF=457.7087 eatM=230.3699 eatS=317.2576
# QATOM t=994.68 dir=FD w=1.39113396 e=0.254616723479 i=2546 Em=0.2333 gid=7916
t=  996.00 -1.92e-15 | 0.0226  5.98   8235    1  10999  12053 | 1.2934 19.85 | 8.02e-03 1.95e-02 |   0.0000 0.0000  0.0000  0.0000 0.000  0.00
# PAR t=996.00 gids n=2424 mint=9498 ret=7074 age=[81 211 488] | sdeath tp n=0 [0.0 0.0 0.0] ba n=4096 [0.6 3.6 488.8] | stamps n=6866 tp=0 age50=99 max=988 | idfrac=0.9983
# HOLE t=996.00 Eh=1005.654463 nin=200 eatF=457.7574 eatM=230.4016 eatS=317.4955
# QATOM t=996.30 dir=FD w=1.41571423 e=0.259115604581 i=1901 Em=0.2485 gid=7591
# QATOM t=997.78 dir=FD w=1.37276234 e=0.251254198196 i=1375 Em=0.3906 gid=8899
t=  998.00 -1.92e-15 | 0.0226  5.98   8236    1  11004  12063 | 1.2932 19.85 | 5.57e-03 1.80e-02 |   0.0000 0.0000  0.0000  0.0000 0.000  0.00
# PAR t=998.00 gids n=2431 mint=9520 ret=7089 age=[81 211 487] | sdeath tp n=0 [0.0 0.0 0.0] ba n=4096 [0.6 3.6 489.7] | stamps n=6901 tp=0 age50=100 max=990 | idfrac=0.9983
# HOLE t=998.00 Eh=1005.956529 nin=199 eatF=457.8100 eatM=230.4284 eatS=317.7181
# QATOM t=999.30 dir=FD w=1.4688546 e=0.268841790926 i=642 Em=0.1929 gid=9235
t= 1000.00 -1.92e-15 | 0.0226  5.98   8235    0  11011  12068 | 1.2934 19.86 | 9.69e-03 2.18e-02 |   0.0000 0.0000  0.0000  0.0000 0.000  0.00
# PAR t=1000.00 gids n=2430 mint=9537 ret=7107 age=[82 210 488] | sdeath tp n=0 [0.0 0.0 0.0] ba n=4096 [0.6 3.6 491.0] | stamps n=6895 tp=0 age50=100 max=992 | idfrac=0.9983
# HOLE t=1000.00 Eh=1006.271403 nin=199 eatF=457.8644 eatM=230.4560 eatS=317.9510
# QATOM t=1000.82 dir=DF w=2.37631898 e=0.434933349092 i=2109 Em=0.4430 gid=5292
t= 1002.00 -1.92e-15 | 0.0226  5.98   8236    0  11019  12074 | 1.2933 19.87 | 7.10e-03 1.92e-02 |   0.0000 0.0000  0.0000  0.0000 0.000  0.00
# PAR t=1002.00 gids n=2422 mint=9547 ret=7125 age=[83 211 488] | sdeath tp n=0 [0.0 0.0 0.0] ba n=4096 [0.6 3.6 491.7] | stamps n=6848 tp=0 age50=101 max=994 | idfrac=0.9983
# HOLE t=1002.00 Eh=1006.605149 nin=199 eatF=457.9349 eatM=230.4867 eatS=318.1836
# QATOM t=1002.46 dir=DF w=2.29437362 e=0.419935037932 i=1567 Em=0.4431 gid=8170
t= 1004.00 -1.92e-15 | 0.0226  5.98   8237    2  11029  12080 | 1.2931 19.89 | 5.68e-03 1.52e-02 |   0.0000 0.0000  0.0000  0.0000 0.000  0.00
# PAR t=1004.00 gids n=2421 mint=9566 ret=7145 age=[83 210 490] | sdeath tp n=0 [0.0 0.0 0.0] ba n=4096 [0.6 3.6 491.7] | stamps n=6841 tp=0 age50=101 max=996 | idfrac=0.9983
# HOLE t=1004.00 Eh=1008.028934 nin=200 eatF=458.0379 eatM=231.5870 eatS=318.4040
# QATOM t=1004.00 dir=DF w=2.31277255 e=0.42330256107 i=623 Em=0.6823 gid=8808
# QATOM t=1005.74 dir=FD w=1.35183212 e=0.24742337939 i=1028 Em=0.4070 gid=7947
t= 1006.00 -1.92e-15 | 0.0226  5.98   8239    0  11038  12092 | 1.2933 19.87 | 4.40e-03 1.46e-02 |   0.0000 0.0000  0.0000  0.0000 0.000  0.00
# PAR t=1006.00 gids n=2424 mint=9586 ret=7162 age=[83 208 491] | sdeath tp n=0 [0.0 0.0 0.0] ba n=4096 [0.6 3.6 493.6] | stamps n=6854 tp=0 age50=102 max=998 | idfrac=0.9983
# HOLE t=1006.00 Eh=1008.552854 nin=201 eatF=458.2516 eatM=231.6219 eatS=318.6794
# QATOM t=1007.10 dir=DF w=2.20456808 e=0.403498094158 i=2463 Em=0.6042 gid=9379
t= 1008.00 -1.92e-15 | 0.0226  5.98   8234    1  11045  12099 | 1.2934 19.87 | 6.54e-03 1.57e-02 |   0.0000 0.0000  0.0000  0.0000 0.000  0.00
# PAR t=1008.00 gids n=2419 mint=9599 ret=7180 age=[85 209 492] | sdeath tp n=0 [0.0 0.0 0.0] ba n=4096 [0.6 3.6 494.9] | stamps n=6823 tp=0 age50=103 max=1000 | idfrac=0.9983
# HOLE t=1008.00 Eh=1008.931858 nin=201 eatF=458.3286 eatM=231.6467 eatS=318.9566
# QATOM t=1008.58 dir=FD w=1.36634844 e=0.250080274071 i=2180 Em=0.3977 gid=125
t= 1010.00 -1.92e-15 | 0.0226  5.98   8234    2  11053  12107 | 1.2936 19.86 | 5.26e-03 1.72e-02 |   0.0000 0.0000  0.0000  0.0000 0.000  0.00
# PAR t=1010.00 gids n=2427 mint=9625 ret=7198 age=[82 206 492] | sdeath tp n=0 [0.0 0.0 0.0] ba n=4096 [0.6 3.7 496.0] | stamps n=6870 tp=0 age50=101 max=1002 | idfrac=0.9983
# HOLE t=1010.00 Eh=1009.257954 nin=200 eatF=458.3828 eatM=231.6689 eatS=319.2063
# QATOM t=1010.00 dir=FD w=1.61434507 e=0.295470648096 i=1402 Em=0.0421 gid=9553
# QATOM t=1011.64 dir=DF w=2.36000824 e=0.431948024591 i=1420 Em=0.4391 gid=764
t= 1012.00 -1.92e-15 | 0.0226  5.98   8232    1  11058  12112 | 1.2934 19.88 | 8.38e-03 2.04e-02 |   0.0000 0.0000  0.0000  0.0000 0.000  0.00
# PAR t=1012.00 gids n=2423 mint=9639 ret=7216 age=[83 205 494] | sdeath tp n=0 [0.0 0.0 0.0] ba n=4096 [0.6 3.7 497.1] | stamps n=6854 tp=0 age50=101 max=1004 | idfrac=0.9983
# HOLE t=1012.00 Eh=1010.709056 nin=201 eatF=458.5162 eatM=232.7516 eatS=319.4413
# QATOM t=1013.14 dir=FD w=1.50279907 e=0.275054584756 i=830 Em=0.1962 gid=6281
t= 1014.00 -1.92e-15 | 0.0226  5.98   8236    0  11060  12116 | 1.2933 19.89 | 1.08e-02 2.32e-02 |   0.0000 0.0000  0.0000  0.0000 0.000  0.00
# PAR t=1014.00 gids n=2426 mint=9656 ret=7230 age=[83 205 495] | sdeath tp n=0 [0.0 0.0 0.0] ba n=4096 [0.6 3.7 498.1] | stamps n=6869 tp=0 age50=100 max=1006 | idfrac=0.9983
# HOLE t=1014.00 Eh=1011.063925 nin=201 eatF=458.5869 eatM=232.7753 eatS=319.7017
# QATOM t=1014.82 dir=FD w=1.3672955 e=0.250253613823 i=274 Em=0.4302 gid=7391
t= 1016.00 -1.92e-15 | 0.0226  5.98   8238    1  11069  12118 | 1.2936 19.88 | 8.90e-03 1.55e-02 |   0.0000 0.0000  0.0000  0.0000 0.000  0.00
# PAR t=1016.00 gids n=2419 mint=9670 ret=7251 age=[84 205 495] | sdeath tp n=0 [0.0 0.0 0.0] ba n=4096 [0.6 3.7 498.9] | stamps n=6830 tp=0 age50=101 max=1008 | idfrac=0.9983
# HOLE t=1016.00 Eh=1011.705460 nin=199 eatF=458.8272 eatM=232.8660 eatS=320.0123
# QATOM t=1016.42 dir=DF w=2.15609487 e=0.394626130317 i=2140 Em=0.9568 gid=7757
# QATOM t=1017.90 dir=FD w=1.42057151 e=0.260004625249 i=1133 Em=0.3036 gid=9478
t= 1018.00 -1.92e-15 | 0.0226  5.98   8232    3  11072  12128 | 1.2937 19.87 | 7.18e-03 1.76e-02 |   0.0000 0.0000  0.0000  0.0000 0.000  0.00
# PAR t=1018.00 gids n=2425 mint=9698 ret=7273 age=[83 204 494] | sdeath tp n=0 [0.0 0.0 0.0] ba n=4096 [0.6 3.7 498.9] | stamps n=6868 tp=0 age50=100 max=1010 | idfrac=0.9983
# HOLE t=1018.00 Eh=1012.044491 nin=198 eatF=458.9009 eatM=232.8827 eatS=320.2609
# QATOM t=1019.20 dir=FD w=1.59186383 e=0.291355946504 i=2622 Em=0.0543 gid=7834
t= 1020.00 -1.92e-15 | 0.0226  5.98   8235    1  11080  12134 | 1.2934 19.90 | 7.63e-03 1.83e-02 |   0.0000 0.0000  0.0000  0.0000 0.000  0.00
# PAR t=1020.00 gids n=2425 mint=9716 ret=7291 age=[84 205 494] | sdeath tp n=0 [0.0 0.0 0.0] ba n=4096 [0.6 3.7 500.2] | stamps n=6870 tp=0 age50=100 max=1012 | idfrac=0.9983
# HOLE t=1020.00 Eh=1014.182535 nin=199 eatF=459.6028 eatM=234.0773 eatS=320.5024
# QATOM t=1021.08 dir=DF w=1.60910524 e=0.294511610304 i=1285 Em=1.6695 gid=88
t= 1022.00 -1.92e-15 | 0.0226  5.98   8231    1  11089  12142 | 1.2936 19.89 | 5.43e-03 1.67e-02 |   0.0000 0.0000  0.0000  0.0000 0.000  0.00
# PAR t=1022.00 gids n=2433 mint=9734 ret=7301 age=[84 204 494] | sdeath tp n=0 [0.0 0.0 0.0] ba n=4096 [0.6 3.7 506.2] | stamps n=6912 tp=0 age50=101 max=1014 | idfrac=0.9983
# HOLE t=1022.00 Eh=1014.499177 nin=199 eatF=459.6659 eatM=234.0981 eatS=320.7351
# QATOM t=1022.38 dir=DF w=2.06532964 e=0.378013534256 i=1009 Em=0.8393 gid=9481
# QATOM t=1023.66 dir=DF w=2.57219134 e=0.470783511047 i=1883 Em=0.4955 gid=7536
t= 1024.00 -1.92e-15 | 0.0226  5.97   8229    2  11102  12150 | 1.2937 19.89 | 1.11e-02 2.96e-02 |   0.0000 0.0000  0.0000  0.0000 0.000  0.00
# PAR t=1024.00 gids n=2431 mint=9749 ret=7318 age=[83 204 492] | sdeath tp n=0 [0.0 0.0 0.0] ba n=4096 [0.6 3.7 508.7] | stamps n=6900 tp=0 age50=100 max=1016 | idfrac=0.9983
# HOLE t=1024.00 Eh=1015.666149 nin=199 eatF=460.2610 eatM=234.4377 eatS=320.9674
# QATOM t=1025.32 dir=FD w=1.64675006 e=0.301401674552 i=1661 Em=0.0038 gid=0
t= 1026.00 -1.92e-15 | 0.0226  5.97   8229    0  11105  12160 | 1.2935 19.91 | 7.94e-03 2.27e-02 |   0.0000 0.0000  0.0000  0.0000 0.000  0.00
# PAR t=1026.00 gids n=2430 mint=9771 ret=7341 age=[83 202 491] | sdeath tp n=0 [0.0 0.0 0.0] ba n=4096 [0.6 3.8 510.8] | stamps n=6891 tp=0 age50=98 max=1018 | idfrac=0.9983
# HOLE t=1026.00 Eh=1016.155924 nin=200 eatF=460.4830 eatM=234.4629 eatS=321.2101
# QATOM t=1027.22 dir=FD w=1.4592402 e=0.267082084445 i=1143 Em=0.2352 gid=5837
t= 1028.00 -1.92e-15 | 0.0226  5.97   8229    4  11112  12166 | 1.2936 19.89 | 4.99e-03 1.49e-02 |   0.0000 0.0000  0.0000  0.0000 0.000  0.00
# PAR t=1028.00 gids n=2428 mint=9787 ret=7359 age=[83 200 490] | sdeath tp n=0 [0.0 0.0 0.0] ba n=4096 [0.6 3.8 510.8] | stamps n=6877 tp=0 age50=99 max=1020 | idfrac=0.9983
# HOLE t=1028.00 Eh=1016.939398 nin=201 eatF=460.5775 eatM=234.9256 eatS=321.4363
# QATOM t=1028.64 dir=FD w=1.40356057 e=0.25689114258 i=1637 Em=0.1781 gid=9005
# QATOM t=1029.94 dir=DF w=2.60239132 e=0.476310959097 i=1007 Em=0.5035 gid=9584
t= 1030.00 -1.92e-15 | 0.0226  5.98   8236    1  11123  12174 | 1.2932 19.92 | 7.08e-03 2.71e-02 |   0.0000 0.0000  0.0000  0.0000 0.000  0.00
# PAR t=1030.00 gids n=2432 mint=9810 ret=7378 age=[82 199 491] | sdeath tp n=0 [0.0 0.0 0.0] ba n=4096 [0.6 3.8 515.4] | stamps n=6903 tp=0 age50=99 max=1022 | idfrac=0.9983
# HOLE t=1030.00 Eh=1017.256986 nin=201 eatF=460.6345 eatM=234.9462 eatS=321.6763
# QATOM t=1031.34 dir=DF w=2.17862316 e=0.398749441824 i=836 Em=0.6892 gid=6001
t= 1032.00 -1.92e-15 | 0.0226  5.98   8234    0  11128  12181 | 1.2933 19.92 | 3.82e-03 1.18e-02 |   0.0000 0.0000  0.0000  0.0000 0.000  0.00
# PAR t=1032.00 gids n=2424 mint=9823 ret=7399 age=[81 200 490] | sdeath tp n=0 [0.0 0.0 0.0] ba n=4096 [0.6 3.8 517.2] | stamps n=6863 tp=0 age50=99 max=1024 | idfrac=0.9983
# HOLE t=1032.00 Eh=1019.154222 nin=202 eatF=461.0118 eatM=236.2289 eatS=321.9135
# QATOM t=1033.08 dir=FD w=1.63656779 e=0.299538031089 i=74 Em=0.0118 gid=7235
t= 1034.00 -1.92e-15 | 0.0226  5.98   8231    2  11134  12186 | 1.2932 19.92 | 4.54e-03 1.78e-02 |   0.0000 0.0000  0.0000  0.0000 0.000  0.00
# PAR t=1034.00 gids n=2422 mint=9837 ret=7415 age=[82 202 492] | sdeath tp n=0 [0.0 0.0 0.0] ba n=4096 [0.6 3.7 517.2] | stamps n=6852 tp=0 age50=101 max=1026 | idfrac=0.9983
# HOLE t=1034.00 Eh=1019.480114 nin=202 eatF=461.0619 eatM=236.2508 eatS=322.1674
# QATOM t=1034.62 dir=DF w=2.24883257 e=0.411599742984 i=954 Em=0.5141 gid=4197
t= 1036.00 -1.92e-15 | 0.0226  5.98   8235    2  11144  12201 | 1.2934 19.92 | 6.22e-03 1.94e-02 |   0.0000 0.0000  0.0000  0.0000 0.000  0.00
# PAR t=1036.00 gids n=2423 mint=9852 ret=7429 age=[82 202 489] | sdeath tp n=0 [0.0 0.0 0.0] ba n=4096 [0.6 3.8 519.7] | stamps n=6855 tp=0 age50=101 max=1028 | idfrac=0.9983
# HOLE t=1036.00 Eh=1019.817182 nin=201 eatF=461.1343 eatM=236.2724 eatS=322.4105
# QATOM t=1036.20 dir=FD w=1.64042579 e=0.300244153938 i=1574 Em=0.0115 gid=8595
# QATOM t=1037.80 dir=DF w=2.14921692 e=0.393367270347 i=2254 Em=0.7237 gid=8159
t= 1038.00 -1.92e-15 | 0.0226  5.98   8241    1  11151  12209 | 1.2934 19.92 | 6.75e-03 1.60e-02 |   0.0000 0.0000  0.0000  0.0000 0.000  0.00
# PAR t=1038.00 gids n=2429 mint=9870 ret=7441 age=[82 201 490] | sdeath tp n=0 [0.0 0.0 0.0] ba n=4096 [0.6 3.8 520.4] | stamps n=6898 tp=0 age50=102 max=1030 | idfrac=0.9983
# HOLE t=1038.00 Eh=1020.151873 nin=201 eatF=461.2084 eatM=236.3025 eatS=322.6410
# QATOM t=1039.18 dir=DF w=2.15251795 e=0.393971452788 i=1334 Em=0.7220 gid=8036
t= 1040.00 -1.92e-15 | 0.0226  5.99   8245    0  11163  12221 | 1.2935 19.92 | 3.56e-03 1.28e-02 |   0.0000 0.0000  0.0000  0.0000 0.000  0.00
# PAR t=1040.00 gids n=2435 mint=9895 ret=7460 age=[83 200 488] | sdeath tp n=0 [0.0 0.0 0.0] ba n=4096 [0.6 3.8 525.9] | stamps n=6927 tp=0 age50=102 max=1032 | idfrac=0.9983
# HOLE t=1040.00 Eh=1020.573930 nin=201 eatF=461.3541 eatM=236.3341 eatS=322.8857
# QATOM t=1040.70 dir=DF w=2.27446784 e=0.416291720218 i=2076 Em=0.4419 gid=8225
t= 1042.00 -1.92e-15 | 0.0226  5.99   8245    2  11167  12226 | 1.2933 19.94 | 5.57e-03 1.58e-02 |   0.0000 0.0000  0.0000  0.0000 0.000  0.00
# PAR t=1042.00 gids n=2444 mint=9917 ret=7473 age=[82 200 487] | sdeath tp n=0 [0.0 0.0 0.0] ba n=4096 [0.6 3.8 526.5] | stamps n=6977 tp=0 age50=101 max=1034 | idfrac=0.9983
# HOLE t=1042.00 Eh=1020.898454 nin=201 eatF=461.4170 eatM=236.3612 eatS=323.1203
# QATOM t=1042.08 dir=DF w=2.52957036 e=0.46298267076 i=1772 Em=0.5820 gid=7421
# QATOM t=1043.68 dir=FD w=1.36489642 e=0.24981451299 i=118 Em=0.4036 gid=7094
t= 1044.00 -1.92e-15 | 0.0226  5.99   8245    0  11176  12232 | 1.2933 19.94 | 9.92e-03 2.05e-02 |   0.0000 0.0000  0.0000  0.0000 0.000  0.00
# PAR t=1044.00 gids n=2434 mint=9937 ret=7503 age=[83 199 487] | sdeath tp n=0 [0.0 0.0 0.0] ba n=4096 [0.6 3.8 526.5] | stamps n=6914 tp=0 age50=101 max=1036 | idfrac=0.9983
# HOLE t=1044.00 Eh=1021.212494 nin=201 eatF=461.4760 eatM=236.3928 eatS=323.3437
# QATOM t=1045.28 dir=FD w=1.64177963 e=0.300491944962 i=2523 Em=0.0071 gid=0
t= 1046.00 -1.92e-15 | 0.0226  5.98   8239    0  11182  12240 | 1.2929 19.95 | 6.07e-03 1.70e-02 |   0.0000 0.0000  0.0000  0.0000 0.000  0.00
# PAR t=1046.00 gids n=2433 mint=9958 ret=7525 age=[83 198 489] | sdeath tp n=0 [0.0 0.0 0.0] ba n=4096 [0.6 3.8 527.4] | stamps n=6914 tp=0 age50=102 max=1038 | idfrac=0.9983
# HOLE t=1046.00 Eh=1021.548679 nin=201 eatF=461.5425 eatM=236.4232 eatS=323.5830
# QATOM t=1046.70 dir=FD w=1.47559408 e=0.270075305279 i=259 Em=0.1977 gid=9705
t= 1048.00 -1.92e-15 | 0.0226  5.98   8235    1  11198  12252 | 1.2932 19.91 | 5.24e-03 1.40e-02 |   0.0000 0.0000  0.0000  0.0000 0.000  0.00
# PAR t=1048.00 gids n=2433 mint=9977 ret=7544 age=[84 198 487] | sdeath tp n=0 [0.0 0.0 0.0] ba n=4096 [0.6 3.7 527.4] | stamps n=6918 tp=0 age50=102 max=1040 | idfrac=0.9983
# HOLE t=1048.00 Eh=1021.937360 nin=201 eatF=461.6284 eatM=236.4538 eatS=323.8552
# QATOM t=1048.38 dir=DF w=2.38801483 e=0.437074019611 i=66 Em=0.5850 gid=9706
t= 1050.00 -1.92e-15 | 0.0226  5.98   8236    0  11204  12259 | 1.2935 19.90 | 6.55e-03 1.48e-02 |   0.0000 0.0000  0.0000  0.0000 0.000  0.00
# PAR t=1050.00 gids n=2431 mint=9989 ret=7558 age=[85 200 486] | sdeath tp n=0 [0.0 0.0 0.0] ba n=4096 [0.6 3.8 527.7] | stamps n=6911 tp=0 age50=103 max=1042 | idfrac=0.9983
# HOLE t=1050.00 Eh=1022.335335 nin=201 eatF=461.7355 eatM=236.4808 eatS=324.1190
# QATOM t=1050.08 dir=DF w=2.58463412 e=0.473060891563 i=249 Em=0.5611 gid=6283
# QATOM t=1051.46 dir=FD w=1.21954687 e=0.223211449865 i=166 Em=0.7338 gid=9514
t= 1052.00 -1.92e-15 | 0.0226  5.98   8235    1  11207  12262 | 1.2937 19.90 | 5.58e-03 1.88e-02 |   0.0000 0.0000  0.0000  0.0000 0.000  0.00
# PAR t=1052.00 gids n=2434 mint=10009 ret=7575 age=[85 200 485] | sdeath tp n=0 [0.0 0.0 0.0] ba n=4096 [0.6 3.8 527.7] | stamps n=6928 tp=0 age50=102 max=1044 | idfrac=0.9983
# HOLE t=1052.00 Eh=1022.693937 nin=201 eatF=461.8149 eatM=236.5090 eatS=324.3701
# QATOM t=1052.86 dir=DF w=2.01586931 e=0.368960900611 i=1169 Em=0.7972 gid=9206
t= 1054.00 -1.92e-15 | 0.0226  5.98   8239    1  11215  12268 | 1.2936 19.93 | 5.17e-03 1.68e-02 |   0.0000 0.0000  0.0000  0.0000 0.000  0.00
# PAR t=1054.00 gids n=2433 mint=10027 ret=7594 age=[85 200 481] | sdeath tp n=0 [0.0 0.0 0.0] ba n=4096 [0.6 3.8 528.1] | stamps n=6919 tp=0 age50=101 max=1046 | idfrac=0.9983
# HOLE t=1054.00 Eh=1023.023410 nin=199 eatF=461.8866 eatM=236.5322 eatS=324.6047
# QATOM t=1054.46 dir=DF w=2.21955776 e=0.406241626713 i=743 Em=0.4866 gid=7635
t= 1056.00 -1.92e-15 | 0.0226  5.98   8234    0  11222  12276 | 1.2933 19.93 | 5.56e-03 1.57e-02 |   0.0000 0.0000  0.0000  0.0000 0.000  0.00
# PAR t=1056.00 gids n=2427 mint=10040 ret=7613 age=[85 200 482] | sdeath tp n=0 [0.0 0.0 0.0] ba n=4096 [0.6 3.8 529.0] | stamps n=6879 tp=0 age50=102 max=1048 | idfrac=0.9983
# HOLE t=1056.00 Eh=1023.490695 nin=199 eatF=462.0972 eatM=236.5580 eatS=324.8355
# QATOM t=1056.08 dir=DF w=2.30201136 e=0.421332960521 i=9 Em=0.5300 gid=4947
# QATOM t=1057.70 dir=FD w=1.28210568 e=0.234661474179 i=1867 Em=0.5429 gid=3203
t= 1058.00 -1.92e-15 | 0.0226  5.98   8237    4  11229  12282 | 1.2931 19.95 | 6.82e-03 1.91e-02 |   0.0000 0.0000  0.0000  0.0000 0.000  0.00
# PAR t=1058.00 gids n=2427 mint=10054 ret=7627 age=[84 200 484] | sdeath tp n=0 [0.0 0.0 0.0] ba n=4096 [0.6 3.8 529.2] | stamps n=6872 tp=0 age50=102 max=1050 | idfrac=0.9983
# HOLE t=1058.00 Eh=1023.795344 nin=199 eatF=462.1515 eatM=236.5838 eatS=325.0601
# QATOM t=1059.28 dir=DF w=2.37713121 e=0.435082010313 i=1634 Em=0.4538 gid=4462
t= 1060.00 -1.92e-15 | 0.0226  5.98   8236    2  11241  12293 | 1.2934 19.94 | 7.79e-03 1.64e-02 |   0.0000 0.0000  0.0000  0.0000 0.000  0.00
# PAR t=1060.00 gids n=2442 mint=10080 ret=7638 age=[83 200 482] | sdeath tp n=0 [0.0 0.0 0.0] ba n=4096 [0.6 3.8 531.1] | stamps n=6958 tp=0 age50=101 max=1052 | idfrac=0.9983
# HOLE t=1060.00 Eh=1024.112331 nin=199 eatF=462.2212 eatM=236.6038 eatS=325.2874
# QATOM t=1060.80 dir=FD w=1.55055517 e=0.283795296915 i=2429 Em=0.1095 gid=6701
t= 1062.00 -1.92e-15 | 0.0226  5.98   8238    2  11248  12305 | 1.2932 19.95 | 4.90e-03 1.36e-02 |   0.0000 0.0000  0.0000  0.0000 0.000  0.00
# PAR t=1062.00 gids n=2438 mint=10093 ret=7655 age=[83 200 478] | sdeath tp n=0 [0.0 0.0 0.0] ba n=4096 [0.6 3.8 533.4] | stamps n=6931 tp=0 age50=102 max=1054 | idfrac=0.9983
# HOLE t=1062.00 Eh=1024.424960 nin=199 eatF=462.2882 eatM=236.6233 eatS=325.5135
# QATOM t=1062.40 dir=DF w=2.26569331 e=0.414685733179 i=1184 Em=0.5192 gid=8417
# QATOM t=1063.86 dir=FD w=1.54940763 e=0.283585265787 i=366 Em=0.1283 gid=5743
t= 1064.00 -1.92e-15 | 0.0226  5.98   8244    2  11261  12313 | 1.2932 19.95 | 5.39e-03 1.50e-02 |   0.0000 0.0000  0.0000  0.0000 0.000  0.00
# PAR t=1064.00 gids n=2443 mint=10119 ret=7676 age=[82 199 479] | sdeath tp n=0 [0.0 0.0 0.0] ba n=4096 [0.6 3.8 535.0] | stamps n=6953 tp=0 age50=102 max=1056 | idfrac=0.9983
# HOLE t=1064.00 Eh=1024.732764 nin=197 eatF=462.3492 eatM=236.6444 eatS=325.7392
# QATOM t=1065.48 dir=FD w=1.44074581 e=0.263697090137 i=936 Em=0.2141 gid=9217
t= 1066.00 -1.92e-15 | 0.0225  5.98   8243    0  11265  12318 | 1.2932 19.93 | 5.95e-03 1.74e-02 |   0.0000 0.0000  0.0000  0.0000 0.000  0.00
# PAR t=1066.00 gids n=2441 mint=10133 ret=7692 age=[81 200 476] | sdeath tp n=0 [0.0 0.0 0.0] ba n=4096 [0.6 3.8 535.9] | stamps n=6945 tp=0 age50=102 max=1058 | idfrac=0.9983
# HOLE t=1066.00 Eh=1025.424705 nin=198 eatF=462.4906 eatM=236.8980 eatS=326.0361
# QATOM t=1067.14 dir=DF w=2.53285957 e=0.463584688181 i=436 Em=0.6154 gid=9223
t= 1068.00 -1.92e-15 | 0.0225  5.98   8241    0  11272  12325 | 1.2932 19.93 | 5.29e-03 1.82e-02 |   0.0000 0.0000  0.0000  0.0000 0.000  0.00
# PAR t=1068.00 gids n=2439 mint=10148 ret=7709 age=[79 199 478] | sdeath tp n=0 [0.0 0.0 0.0] ba n=4096 [0.6 3.8 536.1] | stamps n=6934 tp=0 age50=102 max=1060 | idfrac=0.9983
# HOLE t=1068.00 Eh=1026.423127 nin=198 eatF=463.2125 eatM=236.9220 eatS=326.2886
# QATOM t=1068.48 dir=DF w=2.28369774 e=0.417981052323 i=2243 Em=0.6350 gid=4263
t= 1070.00 -1.92e-15 | 0.0225  5.98   8243    1  11283  12336 | 1.2931 19.95 | 5.30e-03 1.65e-02 |   0.0000 0.0000  0.0000  0.0000 0.000  0.00
# PAR t=1070.00 gids n=2430 mint=10162 ret=7732 age=[79 199 477] | sdeath tp n=0 [0.0 0.0 0.0] ba n=4096 [0.6 3.8 542.5] | stamps n=6884 tp=0 age50=102 max=1062 | idfrac=0.9983
# HOLE t=1070.00 Eh=1026.703413 nin=196 eatF=463.2711 eatM=236.9414 eatS=326.4909
# QATOM t=1070.12 dir=FD w=1.46010649 e=0.267240640335 i=1820 Em=0.2474 gid=9393
# QATOM t=1071.66 dir=FD w=1.64443803 e=0.300978506562 i=1907 Em=0.0061 gid=9521
t= 1072.00 -1.92e-15 | 0.0225  5.98   8243    1  11291  12343 | 1.2932 19.96 | 5.98e-03 1.57e-02 |   0.0000 0.0000  0.0000  0.0000 0.000  0.00
# PAR t=1072.00 gids n=2430 mint=10181 ret=7751 age=[80 200 476] | sdeath tp n=0 [0.0 0.0 0.0] ba n=4096 [0.6 3.8 545.9] | stamps n=6882 tp=0 age50=103 max=1064 | idfrac=0.9983
# HOLE t=1072.00 Eh=1026.988356 nin=197 eatF=463.3334 eatM=236.9627 eatS=326.6922
# QATOM t=1073.36 dir=DF w=2.55999963 e=0.468552084707 i=2117 Em=0.5820 gid=2786
t= 1074.00 -1.92e-15 | 0.0225  5.99   8245    2  11298  12351 | 1.2933 19.96 | 4.00e-03 1.60e-02 |   0.0000 0.0000  0.0000  0.0000 0.000  0.00
# PAR t=1074.00 gids n=2434 mint=10208 ret=7774 age=[78 197 475] | sdeath tp n=0 [0.0 0.0 0.0] ba n=4096 [0.6 3.8 545.9] | stamps n=6899 tp=0 age50=103 max=1066 | idfrac=0.9983
# HOLE t=1074.00 Eh=1027.297120 nin=197 eatF=463.4070 eatM=236.9854 eatS=326.9047
# QATOM t=1074.94 dir=FD w=1.4491627 e=0.265237617798 i=2645 Em=0.1366 gid=4043
t= 1076.00 -1.92e-15 | 0.0225  5.99   8247    0  11302  12361 | 1.2931 19.96 | 5.89e-03 1.53e-02 |   0.0000 0.0000  0.0000  0.0000 0.000  0.00
# PAR t=1076.00 gids n=2426 mint=10228 ret=7802 age=[78 197 476] | sdeath tp n=0 [0.0 0.0 0.0] ba n=4096 [0.6 3.8 548.6] | stamps n=6859 tp=0 age50=101 max=1068 | idfrac=0.9983
# HOLE t=1076.00 Eh=1027.611256 nin=197 eatF=463.4737 eatM=237.0127 eatS=327.1248
# QATOM t=1076.46 dir=DF w=2.18476374 e=0.399873341759 i=236 Em=0.6191 gid=9789
# QATOM t=1077.98 dir=DF w=2.38473398 e=0.43647353096 i=661 Em=0.7042 gid=9184
t= 1078.00 -1.92e-15 | 0.0225  5.99   8245    1  11312  12369 | 1.2932 19.96 | 5.54e-03 1.56e-02 |   0.0000 0.0000  0.0000  0.0000 0.000  0.00
# PAR t=1078.00 gids n=2428 mint=10252 ret=7824 age=[76 195 472] | sdeath tp n=0 [0.0 0.0 0.0] ba n=4096 [0.6 3.8 548.9] | stamps n=6870 tp=0 age50=98 max=1070 | idfrac=0.9983
# HOLE t=1078.00 Eh=1027.925367 nin=197 eatF=463.5412 eatM=237.0367 eatS=327.3474
# QATOM t=1079.40 dir=DF w=2.60006158 e=0.475884549959 i=1600 Em=0.4799 gid=9357
t= 1080.00 -1.92e-15 | 0.0225  5.99   8246    0  11320  12376 | 1.2932 19.95 | 9.07e-03 2.13e-02 |   0.0000 0.0000  0.0000  0.0000 0.000  0.00
# PAR t=1080.00 gids n=2427 mint=10270 ret=7843 age=[76 195 473] | sdeath tp n=0 [0.0 0.0 0.0] ba n=4096 [0.6 3.8 550.9] | stamps n=6868 tp=0 age50=98 max=1072 | idfrac=0.9983
# HOLE t=1080.00 Eh=1029.216567 nin=197 eatF=463.6353 eatM=238.0262 eatS=327.5550
# QATOM t=1081.06 dir=FD w=1.55514443 e=0.284635262171 i=176 Em=0.0377 gid=10198
t= 1082.00 -1.92e-15 | 0.0225  5.98   8243    0  11328  12383 | 1.2931 19.93 | 8.52e-03 1.79e-02 |   0.0000 0.0000  0.0000  0.0000 0.000  0.00
# PAR t=1082.00 gids n=2425 mint=10286 ret=7861 age=[77 195 475] | sdeath tp n=0 [0.0 0.0 0.0] ba n=4096 [0.6 3.8 552.5] | stamps n=6854 tp=0 age50=97 max=1074 | idfrac=0.9983
# HOLE t=1082.00 Eh=1029.496350 nin=197 eatF=463.6924 eatM=238.0494 eatS=327.7546
# QATOM t=1082.52 dir=FD w=1.54796479 e=0.283321184679 i=1636 Em=0.0961 gid=9253
t= 1084.00 -1.92e-15 | 0.0225  5.98   8244    1  11333  12387 | 1.2930 19.94 | 5.26e-03 1.27e-02 |   0.0000 0.0000  0.0000  0.0000 0.000  0.00
# PAR t=1084.00 gids n=2428 mint=10308 ret=7880 age=[75 195 474] | sdeath tp n=0 [0.0 0.0 0.0] ba n=4096 [0.6 3.8 552.5] | stamps n=6869 tp=0 age50=94 max=1076 | idfrac=0.9983
# HOLE t=1084.00 Eh=1029.799210 nin=197 eatF=463.7658 eatM=238.0809 eatS=327.9525
# QATOM t=1084.00 dir=FD w=1.64677716 e=0.301406634706 i=280 Em=0.0015 gid=0
# QATOM t=1085.60 dir=FD w=1.38445398 e=0.253394098341 i=2194 Em=0.3644 gid=9582
t= 1086.00 -1.73e-15 | 0.0225  5.98   8243    0  11335  12391 | 1.2932 19.93 | 8.28e-03 1.55e-02 |   0.0000 0.0000  0.0000  0.0000 0.000  0.00
# PAR t=1086.00 gids n=2418 mint=10319 ret=7901 age=[77 197 475] | sdeath tp n=0 [0.0 0.0 0.0] ba n=4096 [0.6 3.8 553.2] | stamps n=6812 tp=0 age50=96 max=1078 | idfrac=0.9983
# HOLE t=1086.00 Eh=1030.734458 nin=198 eatF=463.8793 eatM=238.7103 eatS=328.1449
# QATOM t=1087.08 dir=FD w=1.35723168 e=0.248411649803 i=539 Em=0.3611 gid=9452
t= 1088.00 -1.92e-15 | 0.0225  5.98   8238    1  11341  12397 | 1.2933 19.92 | 6.80e-03 1.98e-02 |   0.0000 0.0000  0.0000  0.0000 0.000  0.00
# PAR t=1088.00 gids n=2409 mint=10331 ret=7922 age=[78 197 478] | sdeath tp n=0 [0.0 0.0 0.0] ba n=4096 [0.6 3.8 554.9] | stamps n=6764 tp=0 age50=98 max=1080 | idfrac=0.9983
# HOLE t=1088.00 Eh=1031.012410 nin=197 eatF=463.9479 eatM=238.7358 eatS=328.3287
# QATOM t=1088.74 dir=DF w=2.08842007 e=0.382239733096 i=1171 Em=0.7901 gid=10231
t= 1090.00 -1.73e-15 | 0.0225  5.98   8233    1  11350  12402 | 1.2934 19.92 | 1.01e-02 2.13e-02 |   0.0000 0.0000  0.0000  0.0000 0.000  0.00
# PAR t=1090.00 gids n=2413 mint=10351 ret=7938 age=[78 198 479] | sdeath tp n=0 [0.0 0.0 0.0] ba n=4096 [0.6 3.9 556.6] | stamps n=6785 tp=0 age50=98 max=1082 | idfrac=0.9983
# HOLE t=1090.00 Eh=1031.497578 nin=197 eatF=464.2314 eatM=238.7640 eatS=328.5022
# QATOM t=1090.50 dir=FD w=1.5329123 e=0.280566154738 i=2659 Em=0.1390 gid=10320
# QATOM t=1091.90 dir=DF w=2.46231155 e=0.450672412542 i=1452 Em=0.6567 gid=8370
t= 1092.00 -1.92e-15 | 0.0225  5.98   8239    0  11357  12408 | 1.2930 19.95 | 7.24e-03 1.86e-02 |   0.0000 0.0000  0.0000  0.0000 0.000  0.00
# PAR t=1092.00 gids n=2402 mint=10370 ret=7968 age=[79 198 480] | sdeath tp n=0 [0.0 0.0 0.0] ba n=4096 [0.6 3.9 556.6] | stamps n=6731 tp=0 age50=98 max=1084 | idfrac=0.9983
# HOLE t=1092.00 Eh=1031.766684 nin=197 eatF=464.2907 eatM=238.7883 eatS=328.6877
# QATOM t=1093.54 dir=FD w=1.0515163 e=0.192457119764 i=546 Em=1.1850 gid=5480
t= 1094.00 -1.92e-15 | 0.0225  5.98   8240    1  11358  12410 | 1.2932 19.93 | 6.88e-03 1.61e-02 |   0.0000 0.0000  0.0000  0.0000 0.000  0.00
# PAR t=1094.00 gids n=2421 mint=10400 ret=7979 age=[77 198 480] | sdeath tp n=0 [0.0 0.0 0.0] ba n=4096 [0.6 3.9 556.7] | stamps n=6845 tp=0 age50=96 max=1086 | idfrac=0.9983
# HOLE t=1094.00 Eh=1032.061372 nin=197 eatF=464.3679 eatM=238.8123 eatS=328.8812
# QATOM t=1095.16 dir=DF w=2.37158365 e=0.434066649471 i=2287 Em=0.4827 gid=6202
t= 1096.00 -1.73e-15 | 0.0225  5.98   8237    2  11368  12417 | 1.2932 19.94 | 5.63e-03 1.28e-02 |   0.0000 0.0000  0.0000  0.0000 0.000  0.00
# PAR t=1096.00 gids n=2424 mint=10422 ret=7998 age=[76 198 479] | sdeath tp n=0 [0.0 0.0 0.0] ba n=4096 [0.6 3.9 556.7] | stamps n=6869 tp=0 age50=94 max=1088 | idfrac=0.9983
# HOLE t=1096.00 Eh=1033.882780 nin=197 eatF=464.5848 eatM=240.2203 eatS=329.0777
# QATOM t=1096.70 dir=DF w=2.44434406 e=0.447383856038 i=2374 Em=0.5119 gid=7319
t= 1098.00 -1.92e-15 | 0.0225  5.98   8231    2  11379  12429 | 1.2931 19.92 | 4.27e-03 1.38e-02 |   0.0000 0.0000  0.0000  0.0000 0.000  0.00
# PAR t=1098.00 gids n=2414 mint=10446 ret=8032 age=[76 198 478] | sdeath tp n=0 [0.0 0.0 0.0] ba n=4096 [0.6 3.9 560.1] | stamps n=6806 tp=0 age50=94 max=1090 | idfrac=0.9983
# HOLE t=1098.00 Eh=1034.200861 nin=198 eatF=464.6524 eatM=240.2452 eatS=329.3033
# QATOM t=1098.30 dir=DF w=2.32210815 e=0.425011239008 i=1457 Em=0.4727 gid=7603
# QATOM t=1099.82 dir=FD w=1.43995583 e=0.263552501973 i=818 Em=0.2894 gid=9687
t= 1100.00 -1.73e-15 | 0.0225  5.97   8230    2  11384  12437 | 1.2930 19.93 | 4.92e-03 1.57e-02 |   0.0000 0.0000  0.0000  0.0000 0.000  0.00
# PAR t=1100.00 gids n=2415 mint=10467 ret=8052 age=[76 196 479] | sdeath tp n=0 [0.0 0.0 0.0] ba n=4096 [0.6 4.0 560.1] | stamps n=6806 tp=0 age50=94 max=1092 | idfrac=0.9983
# HOLE t=1100.00 Eh=1034.511363 nin=197 eatF=464.7080 eatM=240.2721 eatS=329.5312
# QATOM t=1101.48 dir=FD w=1.40444403 e=0.257052841628 i=136 Em=0.1409 gid=4351
t= 1102.00 -1.73e-15 | 0.0225  5.97   8230    1  11391  12442 | 1.2933 19.92 | 4.77e-03 1.40e-02 |   0.0000 0.0000  0.0000  0.0000 0.000  0.00
# PAR t=1102.00 gids n=2412 mint=10491 ret=8079 age=[76 196 475] | sdeath tp n=0 [0.0 0.0 0.0] ba n=4096 [0.6 4.0 560.5] | stamps n=6790 tp=0 age50=93 max=1094 | idfrac=0.9983
# HOLE t=1102.00 Eh=1036.493161 nin=198 eatF=464.9508 eatM=241.8153 eatS=329.7271
# QATOM t=1103.06 dir=FD w=1.41415823 e=0.258830812877 i=621 Em=0.3434 gid=10124
t= 1104.00 -1.73e-15 | 0.0225  5.98   8236    3  11397  12449 | 1.2930 19.95 | 3.94e-03 1.34e-02 |   0.0000 0.0000  0.0000  0.0000 0.000  0.00
# PAR t=1104.00 gids n=2402 mint=10509 ret=8107 age=[75 196 475] | sdeath tp n=0 [0.0 0.0 0.0] ba n=4096 [0.6 4.0 562.1] | stamps n=6733 tp=0 age50=92 max=1096 | idfrac=0.9983
# HOLE t=1104.00 Eh=1036.783938 nin=198 eatF=465.0059 eatM=241.8397 eatS=329.9383
# QATOM t=1104.70 dir=DF w=2.33774589 e=0.427873386086 i=929 Em=0.4390 gid=9428
t= 1106.00 -1.73e-15 | 0.0225  5.98   8242    2  11404  12459 | 1.2929 19.96 | 4.86e-03 1.56e-02 |   0.0000 0.0000  0.0000  0.0000 0.000  0.00
# PAR t=1106.00 gids n=2402 mint=10523 ret=8121 age=[76 196 476] | sdeath tp n=0 [0.0 0.0 0.0] ba n=4096 [0.6 4.0 564.1] | stamps n=6741 tp=0 age50=94 max=1098 | idfrac=0.9983
# HOLE t=1106.00 Eh=1038.046954 nin=199 eatF=465.0725 eatM=242.8161 eatS=330.1584
# QATOM t=1106.12 dir=FD w=1.34066807 e=0.245380042551 i=1378 Em=0.2099 gid=9906
# QATOM t=1107.58 dir=FD w=1.31205177 e=0.480284905446 i=1020 Em=0.3540 gid=4204
t= 1108.00 -1.92e-15 | 0.0225  5.99   8250    0  11409  12468 | 1.2928 19.97 | 6.39e-03 1.69e-02 |   0.0000 0.0000  0.0000  0.0000 0.000  0.00
# PAR t=1108.00 gids n=2402 mint=10543 ret=8141 age=[75 195 478] | sdeath tp n=0 [0.0 0.0 0.0] ba n=4096 [0.6 4.0 565.4] | stamps n=6739 tp=0 age50=94 max=1100 | idfrac=0.9983
# HOLE t=1108.00 Eh=1038.360854 nin=199 eatF=465.1376 eatM=242.8364 eatS=330.3868
# QATOM t=1109.00 dir=FD w=1.07448178 e=0.196660450091 i=2400 Em=1.1150 gid=157
t= 1110.00 -1.73e-15 | 0.0225  5.99   8246    1  11419  12473 | 1.2933 19.96 | 1.19e-02 1.54e-02 |   0.0000 0.0000  0.0000  0.0000 0.000  0.00
# PAR t=1110.00 gids n=2412 mint=10569 ret=8157 age=[74 195 476] | sdeath tp n=0 [0.0 0.0 0.0] ba n=4096 [0.6 4.0 565.5] | stamps n=6786 tp=0 age50=93 max=1102 | idfrac=0.9983
# HOLE t=1110.00 Eh=1038.704045 nin=199 eatF=465.2226 eatM=242.8589 eatS=330.6225
# QATOM t=1110.52 dir=FD w=1.3103741 e=0.239835392994 i=240 Em=0.5375 gid=9847
t= 1112.00 -1.73e-15 | 0.0225  5.99   8248    1  11426  12482 | 1.2935 19.95 | 7.15e-03 1.93e-02 |   0.0000 0.0000  0.0000  0.0000 0.000  0.00
# PAR t=1112.00 gids n=2415 mint=10591 ret=8176 age=[74 196 475] | sdeath tp n=0 [0.0 0.0 0.0] ba n=4096 [0.6 4.1 566.3] | stamps n=6812 tp=0 age50=93 max=1104 | idfrac=0.9983
# HOLE t=1112.00 Eh=1039.372770 nin=200 eatF=465.6368 eatM=242.8818 eatS=330.8542
# QATOM t=1112.04 dir=DF w=2.31989059 e=0.424605362777 i=2183 Em=0.4721 gid=10464
# QATOM t=1113.72 dir=FD w=1.36607263 e=0.250029794102 i=1313 Em=0.3434 gid=9296
t= 1114.00 -1.92e-15 | 0.0225  5.99   8246    1  11429  12488 | 1.2934 19.96 | 7.51e-03 1.86e-02 |   0.0000 0.0000  0.0000  0.0000 0.000  0.00
# PAR t=1114.00 gids n=2421 mint=10617 ret=8196 age=[74 195 476] | sdeath tp n=0 [0.0 0.0 0.0] ba n=4096 [0.6 4.1 567.2] | stamps n=6838 tp=0 age50=92 max=1106 | idfrac=0.9983
# HOLE t=1114.00 Eh=1039.755601 nin=200 eatF=465.7200 eatM=242.9079 eatS=331.1277
# QATOM t=1115.32 dir=FD w=1.62929831 e=0.298207512469 i=1794 Em=0.0210 gid=10598
t= 1116.00 -1.73e-15 | 0.0225  5.98   8242    1  11434  12495 | 1.2938 19.93 | 8.24e-03 2.01e-02 |   0.0000 0.0000  0.0000  0.0000 0.000  0.00
# PAR t=1116.00 gids n=2429 mint=10646 ret=8217 age=[73 195 473] | sdeath tp n=0 [0.0 0.0 0.0] ba n=4096 [0.6 4.1 567.2] | stamps n=6883 tp=0 age50=91 max=1108 | idfrac=0.9983
# HOLE t=1116.00 Eh=1040.098211 nin=200 eatF=465.7836 eatM=242.9292 eatS=331.3854
# QATOM t=1117.04 dir=DF w=2.27880388 e=0.417085337296 i=1214 Em=0.5509 gid=6064
t= 1118.00 -1.73e-15 | 0.0225  5.99   8245    1  11440  12500 | 1.2938 19.94 | 6.51e-03 1.56e-02 |   0.0000 0.0000  0.0000  0.0000 0.000  0.00
# PAR t=1118.00 gids n=2436 mint=10671 ret=8235 age=[72 193 474] | sdeath tp n=0 [0.0 0.0 0.0] ba n=4096 [0.6 4.1 568.7] | stamps n=6920 tp=0 age50=90 max=1110 | idfrac=0.9983
# HOLE t=1118.00 Eh=1040.418815 nin=200 eatF=465.8489 eatM=242.9501 eatS=331.6197
# QATOM t=1118.78 dir=DF w=2.13396043 e=0.390574904317 i=199 Em=0.7358 gid=3700
t= 1120.00 -1.73e-15 | 0.0225  5.98   8240    1  11448  12503 | 1.2935 19.94 | 5.45e-03 1.77e-02 |   0.0000 0.0000  0.0000  0.0000 0.000  0.00
# PAR t=1120.00 gids n=2436 mint=10687 ret=8251 age=[72 193 472] | sdeath tp n=0 [0.0 0.0 0.0] ba n=4096 [0.6 4.1 568.7] | stamps n=6919 tp=0 age50=91 max=1112 | idfrac=0.9983
# HOLE t=1120.00 Eh=1040.739311 nin=200 eatF=465.9224 eatM=242.9729 eatS=331.8439
# QATOM t=1120.32 dir=FD w=1.61288226 e=0.295202911084 i=2324 Em=0.0429 gid=8227
# QATOM t=1121.96 dir=FD w=1.57763464 e=0.288751604421 i=1712 Em=0.0575 gid=9493
t= 1122.00 -1.92e-15 | 0.0225  5.98   8239    0  11453  12510 | 1.2931 19.98 | 5.67e-03 1.90e-02 |   0.0000 0.0000  0.0000  0.0000 0.000  0.00
# PAR t=1122.00 gids n=2433 mint=10703 ret=8270 age=[73 193 470] | sdeath tp n=0 [0.0 0.0 0.0] ba n=4096 [0.6 4.1 568.7] | stamps n=6905 tp=0 age50=91 max=1114 | idfrac=0.9983
# HOLE t=1122.00 Eh=1041.067722 nin=199 eatF=466.0054 eatM=242.9956 eatS=332.0667
# QATOM t=1123.48 dir=DF w=2.50157323 e=0.457858406512 i=2679 Em=0.4864 gid=9984
t= 1124.00 -1.73e-15 | 0.0225  5.98   8232    0  11461  12517 | 1.2932 19.97 | 5.32e-03 1.47e-02 |   0.0000 0.0000  0.0000  0.0000 0.000  0.00
# PAR t=1124.00 gids n=2439 mint=10730 ret=8291 age=[71 193 469] | sdeath tp n=0 [0.0 0.0 0.0] ba n=4096 [0.6 4.1 568.7] | stamps n=6936 tp=0 age50=89 max=1116 | idfrac=0.9983
# HOLE t=1124.00 Eh=1041.357840 nin=199 eatF=466.0701 eatM=243.0170 eatS=332.2707
# QATOM t=1125.20 dir=FD w=1.63427834 e=0.299118997182 i=1009 Em=0.0178 gid=10490
t= 1126.00 -1.92e-15 | 0.0225  5.98   8237    1  11469  12522 | 1.2930 19.99 | 4.13e-03 1.50e-02 |   0.0000 0.0000  0.0000  0.0000 0.000  0.00
# PAR t=1126.00 gids n=2429 mint=10742 ret=8313 age=[72 194 471] | sdeath tp n=0 [0.0 0.0 0.0] ba n=4096 [0.6 4.1 569.3] | stamps n=6880 tp=0 age50=90 max=1118 | idfrac=0.9983
# HOLE t=1126.00 Eh=1041.633840 nin=199 eatF=466.1329 eatM=243.0370 eatS=332.4640
# QATOM t=1126.82 dir=FD w=1.31665523 e=0.240985016873 i=166 Em=0.4741 gid=9514
t= 1128.00 -1.92e-15 | 0.0225  5.98   8242    0  11478  12529 | 1.2930 20.02 | 8.28e-03 1.60e-02 |   0.0000 0.0000  0.0000  0.0000 0.000  0.00
# PAR t=1128.00 gids n=2435 mint=10763 ret=8328 age=[71 193 472] | sdeath tp n=0 [0.0 0.0 0.0] ba n=4096 [0.6 4.1 570.4] | stamps n=6913 tp=0 age50=90 max=1120 | idfrac=0.9983
# HOLE t=1128.00 Eh=1041.921829 nin=199 eatF=466.2007 eatM=243.0554 eatS=332.6658
# QATOM t=1128.72 dir=FD w=1.62578419 e=0.297564328545 i=911 Em=0.0150 gid=10677
t= 1130.00 -1.73e-15 | 0.0225  5.98   8242    0  11483  12538 | 1.2928 20.04 | 4.56e-03 1.59e-02 |   0.0000 0.0000  0.0000  0.0000 0.000  0.00
# PAR t=1130.00 gids n=2432 mint=10780 ret=8348 age=[71 194 473] | sdeath tp n=0 [0.0 0.0 0.0] ba n=4096 [0.6 4.2 571.4] | stamps n=6901 tp=0 age50=91 max=1122 | idfrac=0.9983
# HOLE t=1130.00 Eh=1043.134556 nin=200 eatF=466.2672 eatM=244.0072 eatS=332.8602
# QATOM t=1130.30 dir=FD w=1.53227244 e=0.280449043087 i=971 Em=0.1379 gid=1662
# QATOM t=1131.80 dir=DF w=2.56688737 e=0.469812735345 i=886 Em=0.7373 gid=10338
t= 1132.00 -1.73e-15 | 0.0225  5.98   8237    1  11488  12543 | 1.2930 20.01 | 7.05e-03 1.49e-02 |   0.0000 0.0000  0.0000  0.0000 0.000  0.00
# PAR t=1132.00 gids n=2433 mint=10795 ret=8362 age=[71 195 473] | sdeath tp n=0 [0.0 0.0 0.0] ba n=4096 [0.6 4.2 571.5] | stamps n=6908 tp=0 age50=90 max=1124 | idfrac=0.9983
# HOLE t=1132.00 Eh=1044.109397 nin=201 eatF=466.9807 eatM=244.0354 eatS=333.0933
# QATOM t=1133.32 dir=FD w=1.56898894 e=0.574338394572 i=2098 Em=0.0770 gid=9889
t= 1134.00 -1.73e-15 | 0.0225  5.98   8238    0  11494  12548 | 1.2928 20.03 | 5.11e-03 1.61e-02 |   0.0000 0.0000  0.0000  0.0000 0.000  0.00
# PAR t=1134.00 gids n=2441 mint=10814 ret=8373 age=[71 196 473] | sdeath tp n=0 [0.0 0.0 0.0] ba n=4096 [0.6 4.2 571.5] | stamps n=6950 tp=0 age50=91 max=1126 | idfrac=0.9983
# HOLE t=1134.00 Eh=1044.425318 nin=201 eatF=467.0389 eatM=244.0578 eatS=333.3287
# QATOM t=1134.94 dir=FD w=1.50780121 e=0.275970117817 i=2694 Em=0.1887 gid=9157
t= 1136.00 -1.92e-15 | 0.0225  5.98   8236    2  11500  12549 | 1.2930 20.00 | 4.25e-03 1.22e-02 |   0.0000 0.0000  0.0000  0.0000 0.000  0.00
# PAR t=1136.00 gids n=2441 mint=10831 ret=8390 age=[72 196 475] | sdeath tp n=0 [0.0 0.0 0.0] ba n=4096 [0.6 4.2 571.5] | stamps n=6947 tp=0 age50=91 max=1128 | idfrac=0.9983
# HOLE t=1136.00 Eh=1045.224395 nin=202 eatF=467.4144 eatM=244.2528 eatS=333.5572
# QATOM t=1136.60 dir=FD w=1.42983738 e=0.261700539153 i=750 Em=0.2827 gid=10228
t= 1138.00 -1.73e-15 | 0.0225  5.98   8237    2  11503  12554 | 1.2929 20.01 | 5.21e-03 1.41e-02 |   0.0000 0.0000  0.0000  0.0000 0.000  0.00
# PAR t=1138.00 gids n=2440 mint=10846 ret=8406 age=[71 197 477] | sdeath tp n=0 [0.0 0.0 0.0] ba n=4096 [0.6 4.2 572.6] | stamps n=6942 tp=0 age50=92 max=1130 | idfrac=0.9983
# HOLE t=1138.00 Eh=1046.909974 nin=203 eatF=467.7844 eatM=245.3224 eatS=333.8031
# QATOM t=1138.46 dir=DF w=2.3163469 e=0.423956767732 i=1497 Em=0.4620 gid=1159
t= 1140.00 -1.73e-15 | 0.0225  5.98   8241    0  11504  12560 | 1.2933 19.99 | 5.62e-03 1.55e-02 |   0.0000 0.0000  0.0000  0.0000 0.000  0.00
# PAR t=1140.00 gids n=2445 mint=10865 ret=8420 age=[71 197 477] | sdeath tp n=0 [0.0 0.0 0.0] ba n=4096 [0.6 4.3 572.6] | stamps n=6969 tp=0 age50=92 max=1132 | idfrac=0.9983
# HOLE t=1140.00 Eh=1047.230342 nin=202 eatF=467.8481 eatM=245.3440 eatS=334.0383
# QATOM t=1140.16 dir=FD w=1.43059371 e=0.261838970321 i=72 Em=0.3162 gid=9495
# QATOM t=1141.94 dir=DF w=2.551032 e=0.466910755417 i=952 Em=0.4909 gid=9886
t= 1142.00 -1.73e-15 | 0.0225  5.98   8242    0  11508  12562 | 1.2930 20.01 | 6.60e-03 1.72e-02 |   0.0000 0.0000  0.0000  0.0000 0.000  0.00
# PAR t=1142.00 gids n=2449 mint=10890 ret=8441 age=[70 198 474] | sdeath tp n=0 [0.0 0.0 0.0] ba n=4096 [0.6 4.3 572.6] | stamps n=7002 tp=0 age50=91 max=1134 | idfrac=0.9983
# HOLE t=1142.00 Eh=1047.544362 nin=202 eatF=467.9129 eatM=245.3636 eatS=334.2679
# QATOM t=1143.30 dir=FD w=1.32790867 e=0.243044713279 i=1646 Em=0.2565 gid=10609
t= 1144.00 -1.92e-15 | 0.0225  5.99   8246    1  11508  12563 | 1.2931 20.01 | 4.96e-03 1.65e-02 |   0.0000 0.0000  0.0000  0.0000 0.000  0.00
# PAR t=1144.00 gids n=2440 mint=10901 ret=8461 age=[72 199 476] | sdeath tp n=0 [0.0 0.0 0.0] ba n=4096 [0.6 4.3 572.6] | stamps n=6946 tp=0 age50=93 max=1136 | idfrac=0.9983
# HOLE t=1144.00 Eh=1048.835349 nin=202 eatF=468.0059 eatM=246.3184 eatS=334.5111
# QATOM t=1144.86 dir=FD w=1.59727955 e=0.292347176686 i=469 Em=0.0666 gid=10869
t= 1146.00 -1.73e-15 | 0.0225  5.98   8240    0  11520  12574 | 1.2932 20.00 | 5.65e-03 1.38e-02 |   0.0000 0.0000  0.0000  0.0000 0.000  0.00
# PAR t=1146.00 gids n=2440 mint=10913 ret=8473 age=[73 200 478] | sdeath tp n=0 [0.0 0.0 0.0] ba n=4096 [0.6 4.3 576.6] | stamps n=6947 tp=0 age50=93 max=1138 | idfrac=0.9983
# HOLE t=1146.00 Eh=1049.196063 nin=201 eatF=468.0898 eatM=246.3388 eatS=334.7674
# QATOM t=1146.60 dir=FD w=1.07707974 e=0.197135949984 i=168 Em=1.1019 gid=460
t= 1148.00 -1.73e-15 | 0.0225  5.98   8243    2  11524  12581 | 1.2929 20.01 | 3.89e-03 1.54e-02 |   0.0000 0.0000  0.0000  0.0000 0.000  0.00
# PAR t=1148.00 gids n=2436 mint=10927 ret=8491 age=[73 199 474] | sdeath tp n=0 [0.0 0.0 0.0] ba n=4096 [0.6 4.4 576.6] | stamps n=6927 tp=0 age50=94 max=1140 | idfrac=0.9983
# HOLE t=1148.00 Eh=1049.515523 nin=201 eatF=468.1503 eatM=246.3607 eatS=335.0045
# QATOM t=1148.10 dir=DF w=2.31953216 e=0.424539760336 i=2318 Em=0.4796 gid=10404
# QATOM t=1149.76 dir=FD w=1.62448344 e=0.297326255687 i=1658 Em=0.0311 gid=10854
t= 1150.00 -1.92e-15 | 0.0225  5.98   8243    2  11533  12587 | 1.2931 19.99 | 7.39e-03 2.01e-02 |   0.0000 0.0000  0.0000  0.0000 0.000  0.00
# PAR t=1150.00 gids n=2432 mint=10947 ret=8515 age=[74 199 476] | sdeath tp n=0 [0.0 0.0 0.0] ba n=4096 [0.6 4.4 576.7] | stamps n=6915 tp=0 age50=93 max=1142 | idfrac=0.9983
# HOLE t=1150.00 Eh=1051.899015 nin=201 eatF=468.3631 eatM=248.2827 eatS=335.2532
# QATOM t=1151.40 dir=FD w=1.51208392 e=0.276753973925 i=1041 Em=0.1875 gid=5555
t= 1152.00 -1.92e-15 | 0.0225  5.98   8244    2  11543  12593 | 1.2932 19.99 | 4.85e-03 1.26e-02 |   0.0000 0.0000  0.0000  0.0000 0.000  0.00
# PAR t=1152.00 gids n=2439 mint=10974 ret=8535 age=[74 198 472] | sdeath tp n=0 [0.0 0.0 0.0] ba n=4096 [0.6 4.4 577.6] | stamps n=6950 tp=0 age50=93 max=1144 | idfrac=0.9983
# HOLE t=1152.00 Eh=1052.236282 nin=201 eatF=468.4294 eatM=248.3046 eatS=335.5022
# QATOM t=1152.98 dir=FD w=1.55407119 e=0.284438829212 i=1921 Em=0.0124 gid=8828
t= 1154.00 -1.92e-15 | 0.0224  5.98   8241    0  11545  12597 | 1.2932 19.99 | 5.44e-03 1.60e-02 |   0.0000 0.0000  0.0000  0.0000 0.000  0.00
# PAR t=1154.00 gids n=2438 mint=10990 ret=8552 age=[73 197 467] | sdeath tp n=0 [0.0 0.0 0.0] ba n=4096 [0.6 4.4 578.5] | stamps n=6947 tp=0 age50=92 max=1146 | idfrac=0.9983
# HOLE t=1154.00 Eh=1052.540456 nin=200 eatF=468.4881 eatM=248.3255 eatS=335.7268
# QATOM t=1154.68 dir=DF w=2.31899342 e=0.424441155198 i=1823 Em=0.4856 gid=8851
t= 1156.00 -1.92e-15 | 0.0224  5.97   8228    0  11547  12601 | 1.2936 19.94 | 1.19e-02 2.17e-02 |   0.0000 0.0000  0.0000  0.0000 0.000  0.00
# PAR t=1156.00 gids n=2441 mint=11010 ret=8569 age=[74 197 469] | sdeath tp n=0 [0.0 0.0 0.0] ba n=4096 [0.6 4.4 581.5] | stamps n=6961 tp=0 age50=93 max=1148 | idfrac=0.9983
# HOLE t=1156.00 Eh=1052.856245 nin=199 eatF=468.5569 eatM=248.3494 eatS=335.9499
# QATOM t=1156.20 dir=FD w=1.38581924 e=0.253643980264 i=1356 Em=0.3968 gid=10840
# QATOM t=1157.74 dir=DF w=2.43138914 e=0.445012740129 i=1545 Em=0.6569 gid=8429
t= 1158.00 -1.92e-15 | 0.0225  5.98   8235    1  11554  12613 | 1.2935 19.97 | 4.01e-03 1.11e-02 |   0.0000 0.0000  0.0000  0.0000 0.000  0.00
# PAR t=1158.00 gids n=2429 mint=11026 ret=8597 age=[74 199 466] | sdeath tp n=0 [0.0 0.0 0.0] ba n=4096 [0.6 4.4 582.3] | stamps n=6890 tp=0 age50=92 max=1150 | idfrac=0.9983
# HOLE t=1158.00 Eh=1053.329474 nin=200 eatF=468.7728 eatM=248.3721 eatS=336.1846
# QATOM t=1159.32 dir=FD w=1.53668126 e=0.281255981266 i=1498 Em=0.1321 gid=321
t= 1160.00 -1.92e-15 | 0.0224  5.98   8233    1  11560  12617 | 1.2933 19.96 | 5.27e-03 1.69e-02 |   0.0000 0.0000  0.0000  0.0000 0.000  0.00
# PAR t=1160.00 gids n=2428 mint=11044 ret=8616 age=[74 199 468] | sdeath tp n=0 [0.0 0.0 0.0] ba n=4096 [0.6 4.4 582.3] | stamps n=6878 tp=0 age50=93 max=1152 | idfrac=0.9983
# HOLE t=1160.00 Eh=1053.674382 nin=200 eatF=468.8563 eatM=248.3945 eatS=336.4236
# QATOM t=1161.04 dir=FD w=1.61636785 e=0.295840873282 i=96 Em=0.0363 gid=3887
t= 1162.00 -1.92e-15 | 0.0224  5.98   8237    2  11568  12622 | 1.2933 20.00 | 4.14e-03 1.42e-02 |   0.0000 0.0000  0.0000  0.0000 0.000  0.00
# PAR t=1162.00 gids n=2429 mint=11062 ret=8633 age=[74 200 470] | sdeath tp n=0 [0.0 0.0 0.0] ba n=4096 [0.6 4.4 585.3] | stamps n=6884 tp=0 age50=93 max=1154 | idfrac=0.9983
# HOLE t=1162.00 Eh=1054.670759 nin=200 eatF=468.9273 eatM=249.0973 eatS=336.6462
# QATOM t=1162.50 dir=FD w=1.57668984 e=0.288578679078 i=1517 Em=0.0810 gid=11014
# QATOM t=1163.98 dir=DF w=2.55127157 e=0.466954604502 i=176 Em=0.5859 gid=10198
t= 1164.00 -1.92e-15 | 0.0224  5.98   8233    1  11574  12626 | 1.2931 20.01 | 5.67e-03 1.44e-02 |   0.0000 0.0000  0.0000  0.0000 0.000  0.00
# PAR t=1164.00 gids n=2430 mint=11083 ret=8653 age=[74 200 467] | sdeath tp n=0 [0.0 0.0 0.0] ba n=4096 [0.6 4.4 585.8] | stamps n=6892 tp=0 age50=92 max=1156 | idfrac=0.9983
# HOLE t=1164.00 Eh=1054.960835 nin=197 eatF=468.9952 eatM=249.1212 eatS=336.8445
# QATOM t=1165.84 dir=FD w=1.57954791 e=0.28910178725 i=1124 Em=0.0928 gid=10498
t= 1166.00 -1.92e-15 | 0.0224  5.98   8231    0  11578  12631 | 1.2928 20.01 | 5.04e-03 1.67e-02 |   0.0000 0.0000  0.0000  0.0000 0.000  0.00
# PAR t=1166.00 gids n=2420 mint=11093 ret=8673 age=[75 202 469] | sdeath tp n=0 [0.0 0.0 0.0] ba n=4096 [0.6 4.4 587.4] | stamps n=6840 tp=0 age50=94 max=1158 | idfrac=0.9983
# HOLE t=1166.00 Eh=1056.129804 nin=198 eatF=469.3948 eatM=249.7158 eatS=337.0193
# QATOM t=1167.44 dir=DF w=2.24366424 e=0.410653791831 i=229 Em=0.5253 gid=3215
t= 1168.00 -1.92e-15 | 0.0224  5.97   8229    3  11582  12636 | 1.2927 20.01 | 7.38e-03 1.72e-02 |   0.0000 0.0000  0.0000  0.0000 0.000  0.00
# PAR t=1168.00 gids n=2405 mint=11110 ret=8705 age=[75 201 468] | sdeath tp n=0 [0.0 0.0 0.0] ba n=4096 [0.6 4.4 587.5] | stamps n=6753 tp=0 age50=95 max=1160 | idfrac=0.9983
# HOLE t=1168.00 Eh=1056.792715 nin=199 eatF=469.5048 eatM=250.0873 eatS=337.2007
# QATOM t=1169.10 dir=DF w=2.3788389 e=0.435394566048 i=1081 Em=0.4399 gid=9225
t= 1170.00 -1.92e-15 | 0.0224  5.98   8237    1  11588  12643 | 1.2928 20.04 | 7.95e-03 2.02e-02 |   0.0000 0.0000  0.0000  0.0000 0.000  0.00
# PAR t=1170.00 gids n=2405 mint=11133 ret=8728 age=[76 202 469] | sdeath tp n=0 [0.0 0.0 0.0] ba n=4096 [0.6 4.5 587.8] | stamps n=6765 tp=0 age50=95 max=1162 | idfrac=0.9983
# HOLE t=1170.00 Eh=1057.715155 nin=200 eatF=469.6161 eatM=250.7188 eatS=337.3803
# QATOM t=1170.90 dir=DF w=2.60164754 e=0.4761748269 i=2383 Em=0.5185 gid=10971
t= 1172.00 -1.92e-15 | 0.0224  5.97   8228    1  11599  12652 | 1.2928 20.02 | 8.10e-03 1.82e-02 |   0.0000 0.0000  0.0000  0.0000 0.000  0.00
# PAR t=1172.00 gids n=2415 mint=11155 ret=8740 age=[75 201 467] | sdeath tp n=0 [0.0 0.0 0.0] ba n=4096 [0.6 4.4 590.7] | stamps n=6824 tp=0 age50=95 max=1164 | idfrac=0.9983
# HOLE t=1172.00 Eh=1057.958016 nin=200 eatF=469.6704 eatM=250.7349 eatS=337.5527
# QATOM t=1172.36 dir=FD w=1.64260988 e=0.300643904563 i=932 Em=0.0084 gid=10316
# QATOM t=1173.98 dir=FD w=1.38205912 e=0.252955770875 i=2458 Em=0.3472 gid=10384
t= 1174.00 -1.92e-15 | 0.0224  5.97   8229    0  11605  12658 | 1.2929 20.02 | 4.75e-03 1.38e-02 |   0.0000 0.0000  0.0000  0.0000 0.000  0.00
# PAR t=1174.00 gids n=2418 mint=11179 ret=8761 age=[75 199 465] | sdeath tp n=0 [0.0 0.0 0.0] ba n=4096 [0.6 4.4 590.7] | stamps n=6839 tp=0 age50=94 max=1166 | idfrac=0.9983
# HOLE t=1174.00 Eh=1058.947165 nin=201 eatF=469.7551 eatM=251.4554 eatS=337.7367
# QATOM t=1175.60 dir=FD w=1.50411211 e=0.275294908405 i=1163 Em=0.1135 gid=10111
t= 1176.00 -1.92e-15 | 0.0224  5.98   8233    0  11610  12663 | 1.2928 20.03 | 7.03e-03 1.63e-02 |   0.0000 0.0000  0.0000  0.0000 0.000  0.00
# PAR t=1176.00 gids n=2414 mint=11197 ret=8783 age=[76 198 465] | sdeath tp n=0 [0.0 0.0 0.0] ba n=4096 [0.6 4.5 593.9] | stamps n=6811 tp=0 age50=95 max=1168 | idfrac=0.9983
# HOLE t=1176.00 Eh=1059.249252 nin=201 eatF=469.8249 eatM=251.4775 eatS=337.9468
# QATOM t=1177.44 dir=FD w=1.60932971 e=0.294552695384 i=1370 Em=0.0519 gid=1008
t= 1178.00 -1.92e-15 | 0.0224  5.98   8238    0  11614  12669 | 1.2927 20.05 | 4.49e-03 1.51e-02 |   0.0000 0.0000  0.0000  0.0000 0.000  0.00
# PAR t=1178.00 gids n=2404 mint=11215 ret=8811 age=[77 199 466] | sdeath tp n=0 [0.0 0.0 0.0] ba n=4096 [0.6 4.5 593.9] | stamps n=6758 tp=0 age50=96 max=1170 | idfrac=0.9983
# HOLE t=1178.00 Eh=1060.479121 nin=202 eatF=470.0385 eatM=252.2742 eatS=338.1664
# QATOM t=1179.18 dir=FD w=1.39481143 e=0.255289803222 i=515 Em=0.3100 gid=158
t= 1180.00 -1.92e-15 | 0.0224  5.98   8237    2  11626  12675 | 1.2927 20.05 | 8.03e-03 1.79e-02 |   0.0000 0.0000  0.0000  0.0000 0.000  0.00
# PAR t=1180.00 gids n=2406 mint=11235 ret=8829 age=[77 198 465] | sdeath tp n=0 [0.0 0.0 0.0] ba n=4096 [0.6 4.5 596.7] | stamps n=6764 tp=0 age50=95 max=1172 | idfrac=0.9983
# HOLE t=1180.00 Eh=1060.970919 nin=203 eatF=470.2262 eatM=252.2997 eatS=338.4450
# QATOM t=1180.80 dir=FD w=1.48684544 e=0.544269243114 i=883 Em=0.2252 gid=10921
t= 1182.00 -1.92e-15 | 0.0224  5.98   8231    2  11636  12684 | 1.2931 20.02 | 5.49e-03 1.29e-02 |   0.0000 0.0000  0.0000  0.0000 0.000  0.00
# PAR t=1182.00 gids n=2415 mint=11255 ret=8840 age=[76 200 464] | sdeath tp n=0 [0.0 0.0 0.0] ba n=4096 [0.6 4.5 600.1] | stamps n=6814 tp=0 age50=94 max=1174 | idfrac=0.9983
# HOLE t=1182.00 Eh=1061.283039 nin=203 eatF=470.2833 eatM=252.3246 eatS=338.6752
# QATOM t=1182.34 dir=FD w=1.41963001 e=0.259832303222 i=204 Em=0.2433 gid=183
t= 1184.00 -1.92e-15 | 0.0224  5.98   8235    0  11645  12696 | 1.2930 20.03 | 6.11e-03 1.56e-02 |   0.0000 0.0000  0.0000  0.0000 0.000  0.00
# PAR t=1184.00 gids n=2409 mint=11268 ret=8859 age=[77 199 464] | sdeath tp n=0 [0.0 0.0 0.0] ba n=4096 [0.6 4.5 602.3] | stamps n=6781 tp=0 age50=96 max=1176 | idfrac=0.9983
# HOLE t=1184.00 Eh=1062.232342 nin=203 eatF=470.3414 eatM=252.9933 eatS=338.8976
# QATOM t=1184.04 dir=DF w=2.39256075 e=0.437906049897 i=1636 Em=0.4392 gid=9253
# QATOM t=1185.78 dir=DF w=2.29921632 e=0.420821388916 i=1002 Em=0.4927 gid=10510
t= 1186.00 -1.92e-15 | 0.0224  5.98   8235    2  11651  12705 | 1.2929 20.03 | 9.14e-03 2.22e-02 |   0.0000 0.0000  0.0000  0.0000 0.000  0.00
# PAR t=1186.00 gids n=2406 mint=11287 ret=8881 age=[77 196 460] | sdeath tp n=0 [0.0 0.0 0.0] ba n=4096 [0.6 4.5 602.9] | stamps n=6767 tp=0 age50=95 max=1178 | idfrac=0.9983
# HOLE t=1186.00 Eh=1062.538919 nin=203 eatF=470.4128 eatM=253.0187 eatS=339.1074
# QATOM t=1187.42 dir=DF w=2.65044013 e=0.485105244875 i=2059 Em=0.5101 gid=8352
t= 1188.00 -1.92e-15 | 0.0224  5.98   8234    0  11656  12710 | 1.2930 20.01 | 7.44e-03 2.25e-02 |   0.0000 0.0000  0.0000  0.0000 0.000  0.00
# PAR t=1188.00 gids n=2413 mint=11306 ret=8893 age=[77 197 460] | sdeath tp n=0 [0.0 0.0 0.0] ba n=4096 [0.6 4.5 608.7] | stamps n=6811 tp=0 age50=96 max=1180 | idfrac=0.9983
# HOLE t=1188.00 Eh=1062.823862 nin=203 eatF=470.4619 eatM=253.0435 eatS=339.3185
# QATOM t=1189.20 dir=FD w=1.64881296 e=0.301779242976 i=2485 Em=0.0001 gid=0
t= 1190.00 -1.92e-15 | 0.0224  5.98   8234    0  11661  12715 | 1.2934 19.99 | 5.67e-03 1.61e-02 |   0.0000 0.0000  0.0000  0.0000 0.000  0.00
# PAR t=1190.00 gids n=2419 mint=11332 ret=8913 age=[77 197 458] | sdeath tp n=0 [0.0 0.0 0.0] ba n=4096 [0.6 4.5 609.0] | stamps n=6851 tp=0 age50=96 max=1182 | idfrac=0.9983
# HOLE t=1190.00 Eh=1063.123071 nin=202 eatF=470.5296 eatM=253.0687 eatS=339.5247
# QATOM t=1191.02 dir=FD w=1.40261739 e=0.25671851374 i=2341 Em=0.3228 gid=9254
t= 1192.00 -1.92e-15 | 0.0224  5.98   8239    1  11668  12719 | 1.2932 20.00 | 6.51e-03 1.48e-02 |   0.0000 0.0000  0.0000  0.0000 0.000  0.00
# PAR t=1192.00 gids n=2423 mint=11350 ret=8927 age=[78 196 457] | sdeath tp n=0 [0.0 0.0 0.0] ba n=4096 [0.6 4.5 609.5] | stamps n=6866 tp=0 age50=97 max=1184 | idfrac=0.9983
# HOLE t=1192.00 Eh=1063.433497 nin=201 eatF=470.6120 eatM=253.0886 eatS=339.7328
# QATOM t=1192.76 dir=DF w=2.32755956 e=0.426009000978 i=2491 Em=0.4465 gid=6651
t= 1194.00 -1.92e-15 | 0.0224  5.98   8234    1  11673  12726 | 1.2933 19.99 | 5.82e-03 1.50e-02 |   0.0000 0.0000  0.0000  0.0000 0.000  0.00
# PAR t=1194.00 gids n=2409 mint=11365 ret=8956 age=[79 195 460] | sdeath tp n=0 [0.0 0.0 0.0] ba n=4096 [0.6 4.5 614.7] | stamps n=6775 tp=0 age50=97 max=1186 | idfrac=0.9983
# HOLE t=1194.00 Eh=1065.313363 nin=200 eatF=471.1072 eatM=254.2611 eatS=339.9451
# QATOM t=1194.22 dir=FD w=1.54330467 e=0.282468251171 i=1794 Em=0.1351 gid=10598
t= 1196.00 -1.92e-15 | 0.0224  5.98   8241    0  11677  12732 | 1.2931 20.00 | 8.40e-03 1.80e-02 |   0.0000 0.0000  0.0000  0.0000 0.000  0.00
# PAR t=1196.00 gids n=2412 mint=11382 ret=8970 age=[78 194 460] | sdeath tp n=0 [0.0 0.0 0.0] ba n=4096 [0.6 4.5 614.9] | stamps n=6790 tp=0 age50=97 max=1188 | idfrac=0.9983
# HOLE t=1196.00 Eh=1065.647914 nin=200 eatF=471.1950 eatM=254.2866 eatS=340.1662
# QATOM t=1196.04 dir=DF w=2.33599377 e=0.427552699485 i=859 Em=0.6907 gid=459
# QATOM t=1197.78 dir=FD w=1.53511831 e=0.280969917872 i=765 Em=0.1160 gid=10855
t= 1198.00 -1.92e-15 | 0.0224  5.98   8240    1  11683  12736 | 1.2930 20.00 | 7.27e-03 1.60e-02 |   0.0000 0.0000  0.0000  0.0000 0.000  0.00
# PAR t=1198.00 gids n=2422 mint=11409 ret=8987 age=[77 194 456] | sdeath tp n=0 [0.0 0.0 0.0] ba n=4096 [0.6 4.5 614.9] | stamps n=6849 tp=0 age50=97 max=1190 | idfrac=0.9983
# HOLE t=1198.00 Eh=1067.477612 nin=201 eatF=471.2948 eatM=255.7712 eatS=340.4116
# QATOM t=1199.30 dir=FD w=1.58403575 e=0.289923187213 i=2407 Em=0.0816 gid=10930
t= 1200.00 -1.92e-15 | 0.0224  5.98   8244    0  11691  12746 | 1.2925 20.04 | 7.00e-03 1.91e-02 |   0.0000 0.0000  0.0000  0.0000 0.000  0.00
# PAR t=1200.00 gids n=2417 mint=11426 ret=9009 age=[78 196 459] | sdeath tp n=0 [0.0 0.0 0.0] ba n=4096 [0.6 4.5 616.3] | stamps n=6826 tp=0 age50=97 max=1192 | idfrac=0.9983
# HOLE t=1200.00 Eh=1067.796276 nin=201 eatF=471.3459 eatM=255.7919 eatS=340.6585
# QATOM t=1201.10 dir=FD w=1.62422951 e=0.297279778749 i=1145 Em=0.0193 gid=11267
t= 1202.00 -1.92e-15 | 0.0224  5.99   8246    2  11695  12752 | 1.2926 20.02 | 8.29e-03 1.71e-02 |   0.0000 0.0000  0.0000  0.0000 0.000  0.00
# PAR t=1202.00 gids n=2408 mint=11445 ret=9037 age=[79 196 460] | sdeath tp n=0 [0.0 0.0 0.0] ba n=4096 [0.6 4.5 616.3] | stamps n=6766 tp=0 age50=97 max=1194 | idfrac=0.9983
# HOLE t=1202.00 Eh=1068.136997 nin=201 eatF=471.4174 eatM=255.8139 eatS=340.9057
# QATOM t=1202.80 dir=DF w=2.17217236 e=0.397568763327 i=27 Em=0.9429 gid=8541
t= 1204.00 -1.92e-15 | 0.0224  5.98   8241    2  11699  12756 | 1.2930 20.00 | 4.29e-03 1.50e-02 |   0.0000 0.0000  0.0000  0.0000 0.000  0.00
# PAR t=1204.00 gids n=2414 mint=11468 ret=9054 age=[78 194 457] | sdeath tp n=0 [0.0 0.0 0.0] ba n=4096 [0.6 4.5 616.9] | stamps n=6807 tp=0 age50=96 max=1196 | idfrac=0.9983
# HOLE t=1204.00 Eh=1068.478823 nin=201 eatF=471.4886 eatM=255.8382 eatS=341.1520
# QATOM t=1204.32 dir=FD w=1.51165456 e=0.276675390146 i=2447 Em=0.1150 gid=9614
# QATOM t=1205.88 dir=DF w=2.31803377 e=0.424265513318 i=26 Em=0.4586 gid=9913
t= 1206.00 -1.92e-15 | 0.0224  5.98   8243    1  11703  12762 | 1.2925 20.02 | 6.18e-03 1.65e-02 |   0.0000 0.0000  0.0000  0.0000 0.000  0.00
# PAR t=1206.00 gids n=2407 mint=11481 ret=9074 age=[79 195 457] | sdeath tp n=0 [0.0 0.0 0.0] ba n=4096 [0.6 4.5 619.2] | stamps n=6766 tp=0 age50=97 max=1198 | idfrac=0.9983
# HOLE t=1206.00 Eh=1069.201560 nin=203 eatF=471.6197 eatM=256.1856 eatS=341.3962
# QATOM t=1207.58 dir=DF w=2.41892227 e=0.442730952553 i=1645 Em=0.5212 gid=967
t= 1208.00 -1.92e-15 | 0.0224  5.98   8244    0  11709  12769 | 1.2926 20.02 | 8.45e-03 1.59e-02 |   0.0000 0.0000  0.0000  0.0000 0.000  0.00
# PAR t=1208.00 gids n=2404 mint=11494 ret=9090 age=[80 196 459] | sdeath tp n=0 [0.0 0.0 0.0] ba n=4096 [0.6 4.6 619.2] | stamps n=6747 tp=0 age50=99 max=1200 | idfrac=0.9983
# HOLE t=1208.00 Eh=1069.530203 nin=202 eatF=471.6865 eatM=256.2077 eatS=341.6360
# QATOM t=1209.38 dir=DF w=2.72855977 e=0.499403341379 i=1795 Em=0.7795 gid=9941
t= 1210.00 -1.92e-15 | 0.0224  5.98   8243    1  11718  12774 | 1.2927 20.03 | 4.12e-03 1.29e-02 |   0.0000 0.0000  0.0000  0.0000 0.000  0.00
# PAR t=1210.00 gids n=2405 mint=11518 ret=9113 age=[79 194 454] | sdeath tp n=0 [0.0 0.0 0.0] ba n=4096 [0.6 4.6 619.2] | stamps n=6748 tp=0 age50=99 max=1201 | idfrac=0.9983
# HOLE t=1210.00 Eh=1069.852737 nin=202 eatF=471.7431 eatM=256.2350 eatS=341.8746
# QATOM t=1211.04 dir=FD w=1.63041348 e=0.298411619709 i=2051 Em=0.0142 gid=11465
t= 1212.00 -1.92e-15 | 0.0224  5.98   8243    1  11722  12776 | 1.2925 20.04 | 5.30e-03 1.43e-02 |   0.0000 0.0000  0.0000  0.0000 0.000  0.00
# PAR t=1212.00 gids n=2402 mint=11540 ret=9138 age=[79 193 450] | sdeath tp n=0 [0.0 0.0 0.0] ba n=4096 [0.6 4.6 622.1] | stamps n=6733 tp=0 age50=99 max=1203 | idfrac=0.9983
# HOLE t=1212.00 Eh=1070.195991 nin=200 eatF=471.8015 eatM=256.2628 eatS=342.1317
# QATOM t=1212.70 dir=FD w=1.46898493 e=0.268865645629 i=148 Em=0.1889 gid=10896
t= 1214.00 -1.92e-15 | 0.0224  5.98   8240    3  11723  12784 | 1.2924 20.06 | 7.48e-03 1.52e-02 |   0.0000 0.0000  0.0000  0.0000 0.000  0.00
# PAR t=1214.00 gids n=2402 mint=11559 ret=9157 age=[79 193 451] | sdeath tp n=0 [0.0 0.0 0.0] ba n=4096 [0.6 4.6 622.1] | stamps n=6730 tp=0 age50=99 max=1205 | idfrac=0.9983
# HOLE t=1214.00 Eh=1070.535215 nin=200 eatF=471.8617 eatM=256.2882 eatS=342.3853
# QATOM t=1214.40 dir=FD w=1.3280179 e=0.243064704575 i=2424 Em=0.2287 gid=3186
t= 1216.00 -1.92e-15 | 0.0224  5.98   8242    0  11734  12792 | 1.2924 20.08 | 5.77e-03 1.77e-02 |   0.0000 0.0000  0.0000  0.0000 0.000  0.00
# PAR t=1216.00 gids n=2401 mint=11582 ret=9181 age=[77 193 451] | sdeath tp n=0 [0.0 0.0 0.0] ba n=4096 [0.6 4.6 623.6] | stamps n=6732 tp=0 age50=99 max=1207 | idfrac=0.9983
# HOLE t=1216.00 Eh=1070.854856 nin=200 eatF=471.9357 eatM=256.3131 eatS=342.6060
# QATOM t=1216.20 dir=DF w=2.37961825 e=0.435537208502 i=2523 Em=0.5688 gid=9950
# QATOM t=1217.70 dir=DF w=2.61922719 e=0.479392397971 i=2156 Em=0.5077 gid=11313
t= 1218.00 -1.92e-15 | 0.0224  5.98   8244    0  11739  12795 | 1.2924 20.09 | 7.65e-03 1.77e-02 |   0.0000 0.0000  0.0000  0.0000 0.000  0.00
# PAR t=1218.00 gids n=2399 mint=11601 ret=9202 age=[77 193 451] | sdeath tp n=0 [0.0 0.0 0.0] ba n=4096 [0.6 4.6 623.6] | stamps n=6719 tp=0 age50=98 max=1209 | idfrac=0.9983
# HOLE t=1218.00 Eh=1071.147840 nin=200 eatF=472.0058 eatM=256.3319 eatS=342.8101
# QATOM t=1219.44 dir=FD w=1.3651223 e=0.249855856058 i=1596 Em=0.4101 gid=6262
t= 1220.00 -1.92e-15 | 0.0224  5.98   8244    0  11742  12799 | 1.2925 20.09 | 6.35e-03 1.57e-02 |   0.0000 0.0000  0.0000  0.0000 0.000  0.00
# PAR t=1220.00 gids n=2404 mint=11624 ret=9220 age=[75 191 451] | sdeath tp n=0 [0.0 0.0 0.0] ba n=4096 [0.6 4.6 624.8] | stamps n=6739 tp=0 age50=97 max=1211 | idfrac=0.9983
# HOLE t=1220.00 Eh=1071.426449 nin=199 eatF=472.0707 eatM=256.3523 eatS=343.0035
# QATOM t=1221.02 dir=FD w=1.55741122 e=0.285050147926 i=2103 Em=0.1151 gid=9222
t= 1222.00 -1.92e-15 | 0.0224  5.98   8243    3  11752  12802 | 1.2927 20.07 | 5.42e-03 1.46e-02 |   0.0000 0.0000  0.0000  0.0000 0.000  0.00
# PAR t=1222.00 gids n=2405 mint=11647 ret=9242 age=[74 191 450] | sdeath tp n=0 [0.0 0.0 0.0] ba n=4096 [0.6 4.6 624.8] | stamps n=6741 tp=0 age50=97 max=1213 | idfrac=0.9983
# HOLE t=1222.00 Eh=1071.688567 nin=198 eatF=472.1274 eatM=256.3708 eatS=343.1904
# QATOM t=1222.60 dir=FD w=1.36880698 e=0.250530255861 i=1492 Em=0.2704 gid=10821
t= 1224.00 -1.92e-15 | 0.0224  5.98   8241    0  11753  12807 | 1.2928 20.06 | 5.26e-03 1.48e-02 |   0.0000 0.0000  0.0000  0.0000 0.000  0.00
# PAR t=1224.00 gids n=2412 mint=11667 ret=9255 age=[73 190 440] | sdeath tp n=0 [0.0 0.0 0.0] ba n=4096 [0.6 4.7 625.6] | stamps n=6783 tp=0 age50=96 max=1215 | idfrac=0.9983
# HOLE t=1224.00 Eh=1072.041589 nin=199 eatF=472.2428 eatM=256.3937 eatS=343.4050
# QATOM t=1224.12 dir=DF w=2.36493428 e=0.43284962754 i=1970 Em=0.4386 gid=11501
# QATOM t=1225.84 dir=DF w=2.59526279 e=0.475006236864 i=1020 Em=0.4867 gid=4204
t= 1226.00 -1.92e-15 | 0.0224  5.98   8235    1  11757  12808 | 1.2931 20.05 | 7.44e-03 1.84e-02 |   0.0000 0.0000  0.0000  0.0000 0.000  0.00
# PAR t=1226.00 gids n=2411 mint=11688 ret=9277 age=[73 190 441] | sdeath tp n=0 [0.0 0.0 0.0] ba n=4096 [0.6 4.7 625.6] | stamps n=6783 tp=0 age50=96 max=1217 | idfrac=0.9983
# HOLE t=1226.00 Eh=1072.340160 nin=199 eatF=472.3038 eatM=256.4143 eatS=343.6220
# QATOM t=1227.46 dir=FD w=1.25987067 e=0.230591842062 i=1393 Em=0.4423 gid=6494
t= 1228.00 -1.92e-15 | 0.0224  5.98   8237    0  11759  12815 | 1.2931 20.05 | 8.09e-03 1.85e-02 |   0.0000 0.0000  0.0000  0.0000 0.000  0.00
# PAR t=1228.00 gids n=2418 mint=11711 ret=9293 age=[72 189 441] | sdeath tp n=0 [0.0 0.0 0.0] ba n=4096 [0.6 4.7 629.0] | stamps n=6823 tp=0 age50=95 max=1219 | idfrac=0.9983
# HOLE t=1228.00 Eh=1072.622968 nin=199 eatF=472.3651 eatM=256.4336 eatS=343.8243
# QATOM t=1228.92 dir=DF w=2.32210319 e=0.425010330791 i=2409 Em=0.7525 gid=10714
t= 1230.00 -1.92e-15 | 0.0224  5.98   8240    1  11764  12820 | 1.2929 20.05 | 5.63e-03 1.66e-02 |   0.0000 0.0000  0.0000  0.0000 0.000  0.00
# PAR t=1230.00 gids n=2413 mint=11731 ret=9318 age=[72 189 440] | sdeath tp n=0 [0.0 0.0 0.0] ba n=4096 [0.6 4.7 629.2] | stamps n=6794 tp=0 age50=95 max=1221 | idfrac=0.9983
# HOLE t=1230.00 Eh=1072.878530 nin=198 eatF=472.4173 eatM=256.4561 eatS=344.0052
# QATOM t=1230.58 dir=FD w=1.30812626 e=0.239423974667 i=565 Em=0.5385 gid=10410
t= 1232.00 -1.92e-15 | 0.0224  5.99   8246    0  11771  12827 | 1.2927 20.07 | 5.01e-03 1.45e-02 |   0.0000 0.0000  0.0000  0.0000 0.000  0.00
# PAR t=1232.00 gids n=2420 mint=11749 ret=9329 age=[72 188 438] | sdeath tp n=0 [0.0 0.0 0.0] ba n=4096 [0.6 4.8 629.3] | stamps n=6833 tp=0 age50=94 max=1223 | idfrac=0.9983
# HOLE t=1232.00 Eh=1073.132449 nin=197 eatF=472.4696 eatM=256.4809 eatS=344.1820
# QATOM t=1232.44 dir=DF w=2.19013708 e=0.400856814285 i=1058 Em=0.6482 gid=10713
t= 1234.00 -1.92e-15 | 0.0224  5.98   8244    2  11775  12829 | 1.2926 20.06 | 7.41e-03 1.49e-02 |   0.0000 0.0000  0.0000  0.0000 0.000  0.00
# PAR t=1234.00 gids n=2423 mint=11767 ret=9344 age=[72 188 439] | sdeath tp n=0 [0.0 0.0 0.0] ba n=4096 [0.6 4.8 629.4] | stamps n=6851 tp=0 age50=93 max=1225 | idfrac=0.9983
# HOLE t=1234.00 Eh=1073.393197 nin=197 eatF=472.5214 eatM=256.5051 eatS=344.3666
# QATOM t=1234.16 dir=DF w=2.23890111 e=0.409782005885 i=1790 Em=0.5147 gid=9112
# QATOM t=1235.94 dir=DF w=2.18406505 e=0.399745461295 i=1275 Em=0.6553 gid=11175
t= 1236.00 -1.73e-15 | 0.0224  5.99   8247    0  11778  12837 | 1.2928 20.07 | 5.20e-03 1.40e-02 |   0.0000 0.0000  0.0000  0.0000 0.000  0.00
# PAR t=1236.00 gids n=2420 mint=11780 ret=9360 age=[73 190 441] | sdeath tp n=0 [0.0 0.0 0.0] ba n=4096 [0.6 4.8 632.7] | stamps n=6832 tp=0 age50=95 max=1227 | idfrac=0.9983
# HOLE t=1236.00 Eh=1073.676540 nin=197 eatF=472.5796 eatM=256.5305 eatS=344.5664
# QATOM t=1237.60 dir=FD w=1.58258687 e=0.289658002395 i=267 Em=0.0676 gid=11148
t= 1238.00 -1.92e-15 | 0.0224  5.98   8241    1  11782  12841 | 1.2928 20.05 | 5.94e-03 1.59e-02 |   0.0000 0.0000  0.0000  0.0000 0.000  0.00
# PAR t=1238.00 gids n=2424 mint=11800 ret=9376 age=[72 190 441] | sdeath tp n=0 [0.0 0.0 0.0] ba n=4096 [0.6 4.7 632.7] | stamps n=6852 tp=0 age50=94 max=1229 | idfrac=0.9983
# HOLE t=1238.00 Eh=1073.953027 nin=196 eatF=472.6380 eatM=256.5555 eatS=344.7596
# QATOM t=1239.54 dir=FD w=1.36934379 e=0.250628507753 i=46 Em=0.3646 gid=10658
t= 1240.00 -1.92e-15 | 0.0224  5.98   8244    0  11788  12845 | 1.2928 20.08 | 5.20e-03 1.83e-02 |   0.0000 0.0000  0.0000  0.0000 0.000  0.00
# PAR t=1240.00 gids n=2412 mint=11815 ret=9403 age=[73 192 442] | sdeath tp n=0 [0.0 0.0 0.0] ba n=4096 [0.6 4.8 633.5] | stamps n=6786 tp=0 age50=94 max=1231 | idfrac=0.9983
# HOLE t=1240.00 Eh=1075.661916 nin=197 eatF=472.9616 eatM=257.7548 eatS=344.9455
# QATOM t=1241.14 dir=FD w=1.47863117 e=0.270631179505 i=2320 Em=0.1915 gid=11306
t= 1242.00 -1.92e-15 | 0.0224  5.98   8243    2  11793  12850 | 1.2932 20.05 | 6.25e-03 1.45e-02 |   0.0000 0.0000  0.0000  0.0000 0.000  0.00
# PAR t=1242.00 gids n=2417 mint=11840 ret=9423 age=[72 191 442] | sdeath tp n=0 [0.0 0.0 0.0] ba n=4096 [0.6 4.8 633.5] | stamps n=6812 tp=0 age50=92 max=1233 | idfrac=0.9983
# HOLE t=1242.00 Eh=1075.920320 nin=197 eatF=473.0161 eatM=257.7802 eatS=345.1240
# QATOM t=1242.82 dir=DF w=1.90553494 e=0.348766600821 i=1410 Em=1.0662 gid=563
t= 1244.00 -1.92e-15 | 0.0224  5.98   8244    1  11796  12854 | 1.2930 20.05 | 4.72e-03 1.42e-02 |   0.0000 0.0000  0.0000  0.0000 0.000  0.00
# PAR t=1244.00 gids n=2416 mint=11858 ret=9442 age=[73 191 440] | sdeath tp n=0 [0.0 0.0 0.0] ba n=4096 [0.6 4.8 633.5] | stamps n=6807 tp=0 age50=93 max=1235 | idfrac=0.9983
# HOLE t=1244.00 Eh=1076.376769 nin=198 eatF=473.1612 eatM=257.8846 eatS=345.3309
# QATOM t=1244.56 dir=FD w=1.3473519 e=0.246603372767 i=1966 Em=0.4582 gid=11453
t= 1246.00 -1.92e-15 | 0.0224  5.99   8248    2  11798  12857 | 1.2929 20.06 | 5.21e-03 1.31e-02 |   0.0000 0.0000  0.0000  0.0000 0.000  0.00
# PAR t=1246.00 gids n=2412 mint=11875 ret=9463 age=[74 191 442] | sdeath tp n=0 [0.0 0.0 0.0] ba n=4096 [0.6 4.8 634.5] | stamps n=6788 tp=0 age50=94 max=1237 | idfrac=0.9983
# HOLE t=1246.00 Eh=1076.974584 nin=198 eatF=473.4477 eatM=257.9088 eatS=345.6181
# QATOM t=1246.28 dir=DF w=2.14429023 e=0.392465547341 i=2604 Em=0.7173 gid=5734
# QATOM t=1247.94 dir=DF w=2.2515748 e=0.412101648343 i=52 Em=0.5735 gid=8821
t= 1248.00 -1.92e-15 | 0.0224  5.98   8244    1  11801  12860 | 1.2931 20.04 | 7.88e-03 1.69e-02 |   0.0000 0.0000  0.0000  0.0000 0.000  0.00
# PAR t=1248.00 gids n=2413 mint=11895 ret=9482 age=[75 191 442] | sdeath tp n=0 [0.0 0.0 0.0] ba n=4096 [0.6 4.8 634.8] | stamps n=6790 tp=0 age50=94 max=1239 | idfrac=0.9983
# HOLE t=1248.00 Eh=1077.283575 nin=198 eatF=473.5280 eatM=257.9352 eatS=345.8204
# QATOM t=1249.40 dir=FD w=1.6032138 e=0.293433311156 i=1090 Em=0.0583 gid=8248
t= 1250.00 -1.92e-15 | 0.0224  5.98   8242    0  11810  12865 | 1.2931 20.04 | 4.26e-03 1.39e-02 |   0.0000 0.0000  0.0000  0.0000 0.000  0.00
# PAR t=1250.00 gids n=2406 mint=11910 ret=9504 age=[75 191 441] | sdeath tp n=0 [0.0 0.0 0.0] ba n=4096 [0.6 4.8 635.1] | stamps n=6749 tp=0 age50=94 max=1241 | idfrac=0.9983
# HOLE t=1250.00 Eh=1077.559581 nin=198 eatF=473.5742 eatM=257.9575 eatS=346.0279
# QATOM t=1251.50 dir=DF w=2.44790319 e=0.448035276091 i=1048 Em=0.5663 gid=11720
t= 1252.00 -1.92e-15 | 0.0224  5.98   8238    1  11814  12867 | 1.2933 20.02 | 4.33e-03 1.19e-02 |   0.0000 0.0000  0.0000  0.0000 0.000  0.00
# PAR t=1252.00 gids n=2404 mint=11925 ret=9521 age=[76 192 442] | sdeath tp n=0 [0.0 0.0 0.0] ba n=4096 [0.6 4.8 636.7] | stamps n=6738 tp=0 age50=94 max=1243 | idfrac=0.9983
# HOLE t=1252.00 Eh=1077.842520 nin=198 eatF=473.6295 eatM=257.9817 eatS=346.2313
# QATOM t=1253.12 dir=DF w=2.48402381 e=0.454646369073 i=567 Em=0.5850 gid=6808
t= 1254.00 -1.92e-15 | 0.0224  5.98   8242    1  11820  12875 | 1.2933 20.03 | 7.08e-03 1.42e-02 |   0.0000 0.0000  0.0000  0.0000 0.000  0.00
# PAR t=1254.00 gids n=2410 mint=11945 ret=9535 age=[75 191 443] | sdeath tp n=0 [0.0 0.0 0.0] ba n=4096 [0.6 4.8 638.3] | stamps n=6767 tp=0 age50=94 max=1245 | idfrac=0.9983
# HOLE t=1254.00 Eh=1078.476616 nin=199 eatF=473.9930 eatM=258.0042 eatS=346.4794
# QATOM t=1254.88 dir=DF w=2.42127793 e=0.44316210411 i=307 Em=0.6357 gid=9186
t= 1256.00 -1.92e-15 | 0.0224  5.98   8239    0  11828  12882 | 1.2932 20.03 | 5.62e-03 1.26e-02 |   0.0000 0.0000  0.0000  0.0000 0.000  0.00
# PAR t=1256.00 gids n=2407 mint=11964 ret=9557 age=[76 193 445] | sdeath tp n=0 [0.0 0.0 0.0] ba n=4096 [0.7 4.8 640.4] | stamps n=6761 tp=0 age50=96 max=1247 | idfrac=0.9983
# HOLE t=1256.00 Eh=1080.248125 nin=201 eatF=474.5076 eatM=259.0272 eatS=346.7134
# QATOM t=1256.44 dir=FD w=1.35179655 e=0.247416867529 i=1671 Em=0.4581 gid=7703
t= 1258.00 -1.92e-15 | 0.0224  5.98   8240    0  11831  12886 | 1.2932 20.04 | 6.35e-03 1.46e-02 |   0.0000 0.0000  0.0000  0.0000 0.000  0.00
# PAR t=1258.00 gids n=2404 mint=11981 ret=9577 age=[77 191 443] | sdeath tp n=0 [0.0 0.0 0.0] ba n=4096 [0.7 4.8 640.4] | stamps n=6748 tp=0 age50=95 max=1249 | idfrac=0.9983
# HOLE t=1258.00 Eh=1081.368242 nin=202 eatF=474.6098 eatM=259.8172 eatS=346.9413
# QATOM t=1258.06 dir=DF w=2.3222266 e=0.425032919407 i=293 Em=0.4946 gid=8213
# QATOM t=1259.66 dir=DF w=2.55989467 e=0.468532874733 i=1800 Em=0.5358 gid=9341
t= 1260.00 -1.92e-15 | 0.0224  5.98   8242    2  11834  12890 | 1.2930 20.06 | 3.93e-03 1.20e-02 |   0.0000 0.0000  0.0000  0.0000 0.000  0.00
# PAR t=1260.00 gids n=2400 mint=12005 ret=9605 age=[75 189 441] | sdeath tp n=0 [0.0 0.0 0.0] ba n=4096 [0.7 4.8 640.7] | stamps n=6725 tp=0 age50=94 max=1251 | idfrac=0.9983
# HOLE t=1260.00 Eh=1082.039747 nin=202 eatF=474.8923 eatM=259.9867 eatS=347.1607
# QATOM t=1261.26 dir=DF w=2.20146221 e=0.4029296323 i=1667 Em=0.4709 gid=11682
t= 1262.00 -1.92e-15 | 0.0224  5.98   8239    0  11845  12895 | 1.2930 20.06 | 6.04e-03 1.48e-02 |   0.0000 0.0000  0.0000  0.0000 0.000  0.00
# PAR t=1262.00 gids n=2408 mint=12035 ret=9627 age=[74 190 441] | sdeath tp n=0 [0.0 0.0 0.0] ba n=4096 [0.7 4.8 641.5] | stamps n=6775 tp=0 age50=92 max=1253 | idfrac=0.9983
# HOLE t=1262.00 Eh=1082.315815 nin=202 eatF=474.9506 eatM=260.0063 eatS=347.3589
# QATOM t=1262.88 dir=FD w=1.39149461 e=0.254682731466 i=758 Em=0.2989 gid=5723
t= 1264.00 -1.92e-15 | 0.0224  5.98   8243    1  11851  12903 | 1.2932 20.06 | 7.28e-03 1.61e-02 |   0.0000 0.0000  0.0000  0.0000 0.000  0.00
# PAR t=1264.00 gids n=2412 mint=12057 ret=9645 age=[74 189 442] | sdeath tp n=0 [0.0 0.0 0.0] ba n=4096 [0.6 4.8 643.0] | stamps n=6800 tp=0 age50=93 max=1255 | idfrac=0.9983
# HOLE t=1264.00 Eh=1082.617292 nin=201 eatF=475.0192 eatM=260.0308 eatS=347.5673
# QATOM t=1264.34 dir=DF w=2.45123515 e=0.448645119043 i=2520 Em=0.4863 gid=11345
t= 1266.00 -1.92e-15 | 0.0223  5.98   8239    2  11861  12908 | 1.2932 20.05 | 4.69e-03 1.47e-02 |   0.0000 0.0000  0.0000  0.0000 0.000  0.00
# PAR t=1266.00 gids n=2410 mint=12078 ret=9668 age=[74 190 437] | sdeath tp n=0 [0.0 0.0 0.0] ba n=4096 [0.6 4.8 643.0] | stamps n=6787 tp=0 age50=93 max=1257 | idfrac=0.9983
# HOLE t=1266.00 Eh=1082.944193 nin=200 eatF=475.0987 eatM=260.0497 eatS=347.7958
# QATOM t=1266.18 dir=DF w=2.51940621 e=0.461122344265 i=1113 Em=0.5830 gid=10082
t= 1268.00 -1.92e-15 | 0.0224  5.98   8239    2  11865  12919 | 1.2931 20.05 | 5.28e-03 1.70e-02 |   0.0000 0.0000  0.0000  0.0000 0.000  0.00
# PAR t=1268.00 gids n=2414 mint=12095 ret=9681 age=[73 191 436] | sdeath tp n=0 [0.0 0.0 0.0] ba n=4096 [0.7 4.8 646.2] | stamps n=6803 tp=0 age50=93 max=1259 | idfrac=0.9983
# HOLE t=1268.00 Eh=1083.324098 nin=201 eatF=475.2445 eatM=260.0711 eatS=348.0086
# QATOM t=1268.16 dir=FD w=1.64825463 e=0.603354106619 i=738 Em=0.0004 gid=0
# QATOM t=1269.68 dir=DF w=2.16549903 e=0.396347355496 i=1638 Em=0.5046 gid=11088
t= 1270.00 -1.92e-15 | 0.0223  5.98   8241    1  11871  12924 | 1.2929 20.06 | 6.05e-03 1.70e-02 |   0.0000 0.0000  0.0000  0.0000 0.000  0.00
# PAR t=1270.00 gids n=2404 mint=12118 ret=9714 age=[73 192 436] | sdeath tp n=0 [0.0 0.0 0.0] ba n=4096 [0.7 4.8 647.2] | stamps n=6745 tp=0 age50=92 max=1261 | idfrac=0.9983
# HOLE t=1270.00 Eh=1083.594201 nin=200 eatF=475.2954 eatM=260.0931 eatS=348.2057
# QATOM t=1271.52 dir=FD w=1.5272242 e=0.279525072459 i=970 Em=0.1345 gid=9417
t= 1272.00 -1.92e-15 | 0.0223  5.98   8242    0  11880  12929 | 1.2929 20.07 | 5.59e-03 1.56e-02 |   0.0000 0.0000  0.0000  0.0000 0.000  0.00
# PAR t=1272.00 gids n=2396 mint=12134 ret=9738 age=[74 192 438] | sdeath tp n=0 [0.0 0.0 0.0] ba n=4096 [0.7 4.8 647.2] | stamps n=6713 tp=0 age50=93 max=1263 | idfrac=0.9983
# HOLE t=1272.00 Eh=1084.771844 nin=201 eatF=475.8781 eatM=260.5021 eatS=348.3917
# QATOM t=1273.36 dir=FD w=1.26855431 e=0.23218119275 i=163 Em=0.5725 gid=11314
t= 1274.00 -1.92e-15 | 0.0223  5.98   8239    1  11888  12938 | 1.2932 20.07 | 6.97e-03 1.50e-02 |   0.0000 0.0000  0.0000  0.0000 0.000  0.00
# PAR t=1274.00 gids n=2397 mint=12161 ret=9764 age=[73 191 432] | sdeath tp n=0 [0.0 0.0 0.0] ba n=4096 [0.7 4.8 647.2] | stamps n=6716 tp=0 age50=93 max=1265 | idfrac=0.9983
# HOLE t=1274.00 Eh=1085.156493 nin=201 eatF=476.0308 eatM=260.5221 eatS=348.6036
# QATOM t=1275.02 dir=FD w=1.48790452 e=0.272328463026 i=2536 Em=0.2005 gid=12059
t= 1276.00 -1.92e-15 | 0.0223  5.98   8236    1  11897  12950 | 1.2932 20.06 | 4.75e-03 1.39e-02 |   0.0000 0.0000  0.0000  0.0000 0.000  0.00
# PAR t=1276.00 gids n=2393 mint=12185 ret=9792 age=[73 190 433] | sdeath tp n=0 [0.0 0.0 0.0] ba n=4096 [0.7 4.8 655.3] | stamps n=6699 tp=0 age50=92 max=1267 | idfrac=0.9983
# HOLE t=1276.00 Eh=1088.540573 nin=203 eatF=476.5928 eatM=263.1317 eatS=348.8160
# QATOM t=1276.60 dir=FD w=1.36092347 e=0.249087351657 i=2278 Em=0.4127 gid=10485
t= 1278.00 -1.92e-15 | 0.0223  5.98   8234    0  11913  12960 | 1.2929 20.06 | 4.38e-03 1.45e-02 |   0.0000 0.0000  0.0000  0.0000 0.000  0.00
# PAR t=1278.00 gids n=2388 mint=12200 ret=9812 age=[73 189 434] | sdeath tp n=0 [0.0 0.0 0.0] ba n=4096 [0.7 4.8 656.4] | stamps n=6671 tp=0 age50=92 max=1269 | idfrac=0.9983
# HOLE t=1278.00 Eh=1088.811600 nin=202 eatF=476.6431 eatM=263.1476 eatS=349.0209
# QATOM t=1278.48 dir=DF w=2.31616679 e=0.423923802306 i=894 Em=0.5249 gid=8967
t= 1280.00 -1.92e-15 | 0.0223  5.98   8232    2  11919  12968 | 1.2927 20.05 | 6.46e-03 1.81e-02 |   0.0000 0.0000  0.0000  0.0000 0.000  0.00
# PAR t=1280.00 gids n=2382 mint=12224 ret=9842 age=[72 187 430] | sdeath tp n=0 [0.0 0.0 0.0] ba n=4096 [0.7 4.9 659.2] | stamps n=6632 tp=0 age50=91 max=1271 | idfrac=0.9983
# HOLE t=1280.00 Eh=1089.350855 nin=203 eatF=476.9370 eatM=263.1738 eatS=349.2401
# QATOM t=1280.18 dir=DF w=2.47988237 e=0.453888368834 i=377 Em=0.6124 gid=11462
# QATOM t=1281.74 dir=DF w=2.37569958 e=0.43481998133 i=883 Em=0.5257 gid=10921
t= 1282.00 -1.92e-15 | 0.0223  5.98   8237    1  11928  12980 | 1.2931 20.04 | 6.40e-03 1.46e-02 |   0.0000 0.0000  0.0000  0.0000 0.000  0.00
# PAR t=1282.00 gids n=2384 mint=12251 ret=9867 age=[71 188 428] | sdeath tp n=0 [0.0 0.0 0.0] ba n=4096 [0.7 4.9 661.7] | stamps n=6645 tp=0 age50=91 max=1273 | idfrac=0.9983
# HOLE t=1282.00 Eh=1089.685856 nin=203 eatF=477.0038 eatM=263.1936 eatS=349.4885
# QATOM t=1283.34 dir=DF w=2.24151325 e=0.410260101015 i=1124 Em=0.4615 gid=10498
t= 1284.00 -1.92e-15 | 0.0223  5.98   8238    1  11937  12991 | 1.2929 20.04 | 4.32e-03 1.26e-02 |   0.0000 0.0000  0.0000  0.0000 0.000  0.00
# PAR t=1284.00 gids n=2387 mint=12269 ret=9882 age=[71 188 428] | sdeath tp n=0 [0.0 0.0 0.0] ba n=4096 [0.7 4.9 663.7] | stamps n=6665 tp=0 age50=90 max=1275 | idfrac=0.9983
# HOLE t=1284.00 Eh=1090.004473 nin=203 eatF=477.0580 eatM=263.2170 eatS=349.7295
# QATOM t=1285.08 dir=DF w=2.35075703 e=0.43025479197 i=804 Em=0.4823 gid=10553
t= 1286.00 -1.92e-15 | 0.0223  5.98   8241    3  11950  13000 | 1.2926 20.06 | 5.23e-03 1.19e-02 |   0.0000 0.0000  0.0000  0.0000 0.000  0.00
# PAR t=1286.00 gids n=2392 mint=12293 ret=9901 age=[71 187 429] | sdeath tp n=0 [0.0 0.0 0.0] ba n=4096 [0.7 4.9 664.0] | stamps n=6692 tp=0 age50=89 max=1277 | idfrac=0.9983
# HOLE t=1286.00 Eh=1090.864436 nin=202 eatF=477.6614 eatM=263.2483 eatS=349.9548
# QATOM t=1286.88 dir=DF w=2.33633048 e=0.427614325389 i=47 Em=0.4976 gid=4815
t= 1288.00 -1.92e-15 | 0.0223  5.98   8241    0  11954  13009 | 1.2927 20.06 | 6.01e-03 1.82e-02 |   0.0000 0.0000  0.0000  0.0000 0.000  0.00
# PAR t=1288.00 gids n=2400 mint=12314 ret=9914 age=[71 188 430] | sdeath tp n=0 [0.0 0.0 0.0] ba n=4096 [0.7 4.9 666.5] | stamps n=6737 tp=0 age50=90 max=1279 | idfrac=0.9983
# HOLE t=1288.00 Eh=1091.665298 nin=203 eatF=477.8418 eatM=263.6366 eatS=350.1869
# QATOM t=1288.54 dir=DF w=2.35404914 e=0.430857340239 i=2256 Em=0.7625 gid=12191
t= 1290.00 -1.73e-15 | 0.0223  5.98   8239    1  11966  13013 | 1.2926 20.06 | 5.10e-03 1.35e-02 |   0.0000 0.0000  0.0000  0.0000 0.000  0.00
# PAR t=1290.00 gids n=2401 mint=12332 ret=9931 age=[72 189 432] | sdeath tp n=0 [0.0 0.0 0.0] ba n=4096 [0.7 4.9 666.5] | stamps n=6745 tp=0 age50=90 max=1281 | idfrac=0.9983
# HOLE t=1290.00 Eh=1092.015496 nin=202 eatF=477.9159 eatM=263.6668 eatS=350.4328
# QATOM t=1290.50 dir=DF w=2.30236662 e=0.42139798175 i=1678 Em=0.7070 gid=8181
t= 1292.00 -1.73e-15 | 0.0223  5.98   8232    3  11971  13025 | 1.2927 20.04 | 5.34e-03 1.43e-02 |   0.0000 0.0000  0.0000  0.0000 0.000  0.00
# PAR t=1292.00 gids n=2404 mint=12356 ret=9952 age=[71 189 432] | sdeath tp n=0 [0.0 0.0 0.0] ba n=4096 [0.7 5.0 669.8] | stamps n=6758 tp=0 age50=89 max=1283 | idfrac=0.9983
# HOLE t=1292.00 Eh=1092.602265 nin=202 eatF=478.2186 eatM=263.6911 eatS=350.6925
# QATOM t=1292.20 dir=FD w=1.41010792 e=0.258089491894 i=1823 Em=0.3505 gid=8851
t= 1294.00 -1.73e-15 | 0.0223  5.98   8239    2  11984  13037 | 1.2925 20.06 | 8.60e-03 1.51e-02 |   0.0000 0.0000  0.0000  0.0000 0.000  0.00
# PAR t=1294.00 gids n=2406 mint=12376 ret=9970 age=[71 189 432] | sdeath tp n=0 [0.0 0.0 0.0] ba n=4096 [0.7 5.0 670.3] | stamps n=6768 tp=0 age50=88 max=1285 | idfrac=0.9983
# HOLE t=1294.00 Eh=1092.954864 nin=201 eatF=478.2998 eatM=263.7099 eatS=350.9451
# QATOM t=1294.00 dir=DF w=2.2938343 e=0.419836326846 i=423 Em=0.5419 gid=11887
# QATOM t=1295.80 dir=FD w=1.37470041 e=0.251608920703 i=2063 Em=0.4157 gid=9009
t= 1296.00 -1.92e-15 | 0.0223  5.98   8235    2  11995  13046 | 1.2927 20.06 | 4.54e-03 1.50e-02 |   0.0000 0.0000  0.0000  0.0000 0.000  0.00
# PAR t=1296.00 gids n=2403 mint=12394 ret=9991 age=[72 190 434] | sdeath tp n=0 [0.0 0.0 0.0] ba n=4096 [0.7 5.0 671.8] | stamps n=6750 tp=0 age50=89 max=1287 | idfrac=0.9983
# HOLE t=1296.00 Eh=1093.280089 nin=201 eatF=478.3824 eatM=263.7301 eatS=351.1676
# QATOM t=1297.32 dir=DF w=2.27882762 e=0.417089682467 i=1293 Em=1.0806 gid=7794
t= 1298.00 -1.73e-15 | 0.0223  5.98   8240    1  12003  13059 | 1.2926 20.08 | 9.13e-03 2.43e-02 |   0.0000 0.0000  0.0000  0.0000 0.000  0.00
# PAR t=1298.00 gids n=2391 mint=12409 ret=10018 age=[73 189 435] | sdeath tp n=0 [0.0 0.0 0.0] ba n=4096 [0.7 5.1 673.3] | stamps n=6678 tp=0 age50=89 max=1289 | idfrac=0.9983
# HOLE t=1298.00 Eh=1093.589196 nin=200 eatF=478.4554 eatM=263.7476 eatS=351.3862
# QATOM t=1299.12 dir=FD w=1.5132732 e=0.276971646562 i=686 Em=0.1674 gid=10772
t= 1300.00 -1.92e-15 | 0.0223  5.98   8242    0  12014  13069 | 1.2926 20.07 | 6.04e-03 1.67e-02 |   0.0000 0.0000  0.0000  0.0000 0.000  0.00
# PAR t=1300.00 gids n=2383 mint=12424 ret=10041 age=[73 191 434] | sdeath tp n=0 [0.0 0.0 0.0] ba n=4096 [0.7 5.1 673.5] | stamps n=6639 tp=0 age50=90 max=1291 | idfrac=0.9983
# HOLE t=1300.00 Eh=1095.581452 nin=201 eatF=479.0755 eatM=264.9079 eatS=351.5980
# QATOM t=1300.86 dir=DF w=1.85119148 e=0.338820216227 i=2267 Em=1.1751 gid=6623
t= 1302.00 -1.73e-15 | 0.0223  5.98   8237    1  12016  13074 | 1.2927 20.04 | 5.63e-03 1.60e-02 |   0.0000 0.0000  0.0000  0.0000 0.000  0.00
# PAR t=1302.00 gids n=2385 mint=12445 ret=10060 age=[74 191 436] | sdeath tp n=0 [0.0 0.0 0.0] ba n=4096 [0.7 5.1 673.5] | stamps n=6650 tp=0 age50=90 max=1293 | idfrac=0.9983
# HOLE t=1302.00 Eh=1095.878842 nin=200 eatF=479.1481 eatM=264.9275 eatS=351.8032
# QATOM t=1302.70 dir=FD w=1.6217261 e=0.296821583676 i=2017 Em=0.0288 gid=10248
t= 1304.00 -1.92e-15 | 0.0223  5.98   8238    0  12025  13078 | 1.2927 20.04 | 6.08e-03 1.75e-02 |   0.0000 0.0000  0.0000  0.0000 0.000  0.00
# PAR t=1304.00 gids n=2384 mint=12466 ret=10082 age=[73 190 436] | sdeath tp n=0 [0.0 0.0 0.0] ba n=4096 [0.7 5.1 673.5] | stamps n=6639 tp=0 age50=90 max=1295 | idfrac=0.9983
# HOLE t=1304.00 Eh=1096.370753 nin=199 eatF=479.4267 eatM=264.9492 eatS=351.9948
# QATOM t=1304.20 dir=FD w=1.43973623 e=0.26351230797 i=1506 Em=0.0891 gid=9826
# QATOM t=1305.98 dir=FD w=1.37961215 e=0.252507907256 i=1092 Em=0.3227 gid=12287
t= 1306.00 -1.73e-15 | 0.0223  5.98   8240    2  12032  13082 | 1.2926 20.05 | 4.92e-03 1.48e-02 |   0.0000 0.0000  0.0000  0.0000 0.000  0.00
# PAR t=1306.00 gids n=2402 mint=12493 ret=10091 age=[71 190 434] | sdeath tp n=0 [0.0 0.0 0.0] ba n=4096 [0.7 5.1 674.3] | stamps n=6734 tp=0 age50=89 max=1297 | idfrac=0.9983
# HOLE t=1306.00 Eh=1096.662761 nin=198 eatF=479.4925 eatM=264.9694 eatS=352.2008
# QATOM t=1307.72 dir=FD w=1.54523858 e=0.282822212343 i=2229 Em=0.0777 gid=11167
t= 1308.00 -1.92e-15 | 0.0223  5.98   8238    1  12035  13091 | 1.2924 20.05 | 5.48e-03 1.31e-02 |   0.0000 0.0000  0.0000  0.0000 0.000  0.00
# PAR t=1308.00 gids n=2399 mint=12513 ret=10114 age=[71 190 434] | sdeath tp n=0 [0.0 0.0 0.0] ba n=4096 [0.7 5.1 674.5] | stamps n=6723 tp=0 age50=90 max=1299 | idfrac=0.9983
# HOLE t=1308.00 Eh=1096.938104 nin=197 eatF=479.5603 eatM=264.9877 eatS=352.3901
# QATOM t=1309.56 dir=DF w=2.30858987 e=0.422537012418 i=1067 Em=0.4516 gid=12207
t= 1310.00 -1.73e-15 | 0.0223  5.98   8239    0  12042  13097 | 1.2926 20.04 | 1.29e-02 1.61e-02 |   0.0000 0.0000  0.0000  0.0000 0.000  0.00
# PAR t=1310.00 gids n=2402 mint=12536 ret=10134 age=[70 189 432] | sdeath tp n=0 [0.0 0.0 0.0] ba n=4096 [0.7 5.2 676.2] | stamps n=6731 tp=0 age50=89 max=1301 | idfrac=0.9983
# HOLE t=1310.00 Eh=1097.222443 nin=197 eatF=479.6318 eatM=265.0063 eatS=352.5844
# QATOM t=1311.22 dir=FD w=1.33616439 e=0.244555743145 i=744 Em=0.4878 gid=12321
t= 1312.00 -1.92e-15 | 0.0223  5.98   8237    3  12052  13101 | 1.2927 20.03 | 6.61e-03 1.90e-02 |   0.0000 0.0000  0.0000  0.0000 0.000  0.00
# PAR t=1312.00 gids n=2393 mint=12560 ret=10167 age=[70 189 434] | sdeath tp n=0 [0.0 0.0 0.0] ba n=4096 [0.7 5.2 676.2] | stamps n=6684 tp=0 age50=88 max=1303 | idfrac=0.9983
# HOLE t=1312.00 Eh=1097.491912 nin=197 eatF=479.6955 eatM=265.0238 eatS=352.7726
# QATOM t=1312.92 dir=DF w=2.32913131 e=0.42629667496 i=442 Em=0.6974 gid=9215
t= 1314.00 -1.92e-15 | 0.0223  5.98   8243    1  12058  13114 | 1.2926 20.05 | 6.05e-03 1.74e-02 |   0.0000 0.0000  0.0000  0.0000 0.000  0.00
# PAR t=1314.00 gids n=2388 mint=12579 ret=10191 age=[70 190 436] | sdeath tp n=0 [0.0 0.0 0.0] ba n=4096 [0.7 5.2 676.4] | stamps n=6656 tp=0 age50=90 max=1305 | idfrac=0.9983
# HOLE t=1314.00 Eh=1097.895874 nin=198 eatF=479.8165 eatM=265.0424 eatS=353.0369
# QATOM t=1314.58 dir=DF w=2.34410784 e=0.42903780237 i=1678 Em=0.7009 gid=8181
t= 1316.00 -1.92e-15 | 0.0223  5.98   8242    1  12064  13120 | 1.2925 20.05 | 4.50e-03 1.25e-02 |   0.0000 0.0000  0.0000  0.0000 0.000  0.00
# PAR t=1316.00 gids n=2380 mint=12599 ret=10219 age=[70 190 436] | sdeath tp n=0 [0.0 0.0 0.0] ba n=4096 [0.7 5.2 677.0] | stamps n=6613 tp=0 age50=90 max=1307 | idfrac=0.9983
# HOLE t=1316.00 Eh=1099.065320 nin=200 eatF=480.0829 eatM=265.7340 eatS=353.2484
# QATOM t=1316.26 dir=FD w=1.49461884 e=0.273557372434 i=739 Em=0.2443 gid=5859
# QATOM t=1317.94 dir=DF w=2.5422344 e=0.465300546596 i=2165 Em=0.5797 gid=6940
t= 1318.00 -1.92e-15 | 0.0223  5.98   8236    0  12072  13127 | 1.2926 20.05 | 9.31e-03 1.98e-02 |   0.0000 0.0000  0.0000  0.0000 0.000  0.00
# PAR t=1318.00 gids n=2389 mint=12632 ret=10243 age=[67 187 432] | sdeath tp n=0 [0.0 0.0 0.0] ba n=4096 [0.7 5.1 677.9] | stamps n=6667 tp=0 age50=89 max=1309 | idfrac=0.9983
# HOLE t=1318.00 Eh=1099.373072 nin=200 eatF=480.1507 eatM=265.7568 eatS=353.4656
# QATOM t=1319.62 dir=FD w=1.41544906 e=0.259067072131 i=855 Em=0.3392 gid=12415
t= 1320.00 -1.92e-15 | 0.0223  5.98   8238    3  12081  13134 | 1.2926 20.05 | 7.14e-03 1.63e-02 |   0.0000 0.0000  0.0000  0.0000 0.000  0.00
# PAR t=1320.00 gids n=2393 mint=12653 ret=10260 age=[66 187 432] | sdeath tp n=0 [0.0 0.0 0.0] ba n=4096 [0.7 5.2 678.0] | stamps n=6688 tp=0 age50=88 max=1311 | idfrac=0.9983
# HOLE t=1320.00 Eh=1101.318910 nin=199 eatF=480.2669 eatM=267.3911 eatS=353.6608
# QATOM t=1321.52 dir=DF w=2.49628432 e=0.456890387232 i=1696 Em=0.5174 gid=10360
t= 1322.00 -1.92e-15 | 0.0223  5.98   8231    2  12084  13139 | 1.2928 20.02 | 9.13e-03 1.97e-02 |   0.0000 0.0000  0.0000  0.0000 0.000  0.00
# PAR t=1322.00 gids n=2399 mint=12673 ret=10274 age=[66 186 433] | sdeath tp n=0 [0.0 0.0 0.0] ba n=4096 [0.7 5.2 685.5] | stamps n=6721 tp=0 age50=88 max=1313 | idfrac=0.9983
# HOLE t=1322.00 Eh=1101.599927 nin=199 eatF=480.3267 eatM=267.4132 eatS=353.8600
# QATOM t=1323.32 dir=FD w=1.57413171 e=0.288110468602 i=1217 Em=0.0928 gid=8645
t= 1324.00 -1.92e-15 | 0.0223  5.97   8227    2  12096  13147 | 1.2930 20.01 | 5.02e-03 1.49e-02 |   0.0000 0.0000  0.0000  0.0000 0.000  0.00
# PAR t=1324.00 gids n=2409 mint=12704 ret=10295 age=[65 183 431] | sdeath tp n=0 [0.0 0.0 0.0] ba n=4096 [0.7 5.2 685.5] | stamps n=6773 tp=0 age50=86 max=1315 | idfrac=0.9983
# HOLE t=1324.00 Eh=1101.915736 nin=199 eatF=480.3966 eatM=267.4341 eatS=354.0850
# QATOM t=1325.08 dir=FD w=1.45415305 e=0.266150992924 i=1723 Em=0.1686 gid=12572
t= 1326.00 -1.92e-15 | 0.0223  5.97   8221    0  12104  13159 | 1.2935 19.98 | 6.32e-03 1.44e-02 |   0.0000 0.0000  0.0000  0.0000 0.000  0.00
# PAR t=1326.00 gids n=2410 mint=12725 ret=10315 age=[66 183 430] | sdeath tp n=0 [0.0 0.0 0.0] ba n=4096 [0.7 5.3 688.6] | stamps n=6779 tp=0 age50=86 max=1317 | idfrac=0.9983
# HOLE t=1326.00 Eh=1102.885503 nin=200 eatF=480.5948 eatM=267.9621 eatS=354.3287
# QATOM t=1326.88 dir=FD w=1.5039019 e=0.275256433703 i=2336 Em=0.1945 gid=10700
t= 1328.00 -1.92e-15 | 0.0223  5.97   8223    2  12112  13166 | 1.2933 20.00 | 5.59e-03 1.50e-02 |   0.0000 0.0000  0.0000  0.0000 0.000  0.00
# PAR t=1328.00 gids n=2415 mint=12751 ret=10336 age=[66 181 428] | sdeath tp n=0 [0.0 0.0 0.0] ba n=4096 [0.7 5.3 689.5] | stamps n=6806 tp=0 age50=86 max=1319 | idfrac=0.9983
# HOLE t=1328.00 Eh=1103.238337 nin=199 eatF=480.6947 eatM=267.9858 eatS=354.5578
# QATOM t=1328.76 dir=FD w=1.33355942 e=0.244078960408 i=2314 Em=0.4895 gid=10465
t= 1330.00 -1.92e-15 | 0.0223  5.97   8228    1  12118  13174 | 1.2930 20.03 | 4.80e-03 1.81e-02 |   0.0000 0.0000  0.0000  0.0000 0.000  0.00
# PAR t=1330.00 gids n=2413 mint=12768 ret=10355 age=[67 180 426] | sdeath tp n=0 [0.0 0.0 0.0] ba n=4096 [0.7 5.3 689.5] | stamps n=6790 tp=0 age50=85 max=1321 | idfrac=0.9983
# HOLE t=1330.00 Eh=1103.536260 nin=199 eatF=480.7629 eatM=268.0080 eatS=354.7653
# QATOM t=1330.54 dir=FD w=1.43729637 e=0.263065745665 i=111 Em=0.2810 gid=11038
t= 1332.00 -1.92e-15 | 0.0223  5.98   8232    0  12124  13181 | 1.2930 20.03 | 7.32e-03 1.85e-02 |   0.0000 0.0000  0.0000  0.0000 0.000  0.00
# PAR t=1332.00 gids n=2398 mint=12791 ret=10393 age=[67 181 427] | sdeath tp n=0 [0.0 0.0 0.0] ba n=4096 [0.7 5.3 692.7] | stamps n=6712 tp=0 age50=85 max=1323 | idfrac=0.9983
# HOLE t=1332.00 Eh=1103.828041 nin=198 eatF=480.8262 eatM=268.0278 eatS=354.9741
# QATOM t=1332.30 dir=DF w=2.11824652 e=0.387698815343 i=2140 Em=0.7677 gid=7757
t= 1334.00 -1.92e-15 | 0.0223  5.98   8235    0  12135  13188 | 1.2928 20.03 | 5.11e-03 1.71e-02 |   0.0000 0.0000  0.0000  0.0000 0.000  0.00
# PAR t=1334.00 gids n=2402 mint=12810 ret=10408 age=[66 180 427] | sdeath tp n=0 [0.0 0.0 0.0] ba n=4096 [0.7 5.3 693.4] | stamps n=6731 tp=0 age50=85 max=1325 | idfrac=0.9983
# HOLE t=1334.00 Eh=1104.113581 nin=197 eatF=480.8925 eatM=268.0504 eatS=355.1706
# QATOM t=1334.32 dir=FD w=1.36176298 e=0.249241005152 i=329 Em=0.3478 gid=11800
t= 1336.00 -1.92e-15 | 0.0223  5.98   8231    0  12143  13195 | 1.2932 20.00 | 5.10e-03 1.51e-02 |   0.0000 0.0000  0.0000  0.0000 0.000  0.00
# PAR t=1336.00 gids n=2402 mint=12826 ret=10424 age=[67 181 426] | sdeath tp n=0 [0.0 0.0 0.0] ba n=4096 [0.7 5.3 697.0] | stamps n=6731 tp=0 age50=85 max=1327 | idfrac=0.9983
# HOLE t=1336.00 Eh=1105.650601 nin=198 eatF=481.4864 eatM=268.7824 eatS=355.3818
# QATOM t=1336.04 dir=DF w=2.32879186 e=0.426234546721 i=1904 Em=0.4887 gid=11685
# QATOM t=1337.82 dir=FD w=1.42678759 e=0.261142342573 i=597 Em=0.2753 gid=12237
t= 1338.00 -1.92e-15 | 0.0223  5.98   8240    2  12151  13207 | 1.2930 20.02 | 4.55e-03 1.40e-02 |   0.0000 0.0000  0.0000  0.0000 0.000  0.00
# PAR t=1338.00 gids n=2392 mint=12842 ret=10450 age=[67 180 428] | sdeath tp n=0 [0.0 0.0 0.0] ba n=4096 [0.7 5.3 701.1] | stamps n=6681 tp=0 age50=85 max=1329 | idfrac=0.9983
# HOLE t=1338.00 Eh=1105.939870 nin=198 eatF=481.5407 eatM=268.8011 eatS=355.5980
# QATOM t=1339.34 dir=FD w=1.33932591 e=0.245134390654 i=2114 Em=0.3442 gid=7205
t= 1340.00 -1.92e-15 | 0.0223  5.98   8242    0  12156  13215 | 1.2925 20.05 | 6.11e-03 1.89e-02 |   0.0000 0.0000  0.0000  0.0000 0.000  0.00
# PAR t=1340.00 gids n=2389 mint=12854 ret=10465 age=[68 180 429] | sdeath tp n=0 [0.0 0.0 0.0] ba n=4096 [0.7 5.3 704.2] | stamps n=6669 tp=0 age50=86 max=1331 | idfrac=0.9983
# HOLE t=1340.00 Eh=1106.261672 nin=198 eatF=481.6030 eatM=268.8230 eatS=355.8357
# QATOM t=1341.12 dir=DF w=2.07085601 e=0.379025015246 i=829 Em=0.8009 gid=11027
t= 1342.00 -1.92e-15 | 0.0223  5.98   8243    0  12163  13222 | 1.2924 20.07 | 6.34e-03 1.34e-02 |   0.0000 0.0000  0.0000  0.0000 0.000  0.00
# PAR t=1342.00 gids n=2396 mint=12876 ret=10480 age=[67 180 427] | sdeath tp n=0 [0.0 0.0 0.0] ba n=4096 [0.7 5.4 707.2] | stamps n=6711 tp=0 age50=86 max=1333 | idfrac=0.9983
# HOLE t=1342.00 Eh=1106.578469 nin=197 eatF=481.6672 eatM=268.8442 eatS=356.0671
# QATOM t=1342.96 dir=FD w=1.60637357 e=0.294011637403 i=2592 Em=0.0398 gid=11714
t= 1344.00 -1.92e-15 | 0.0223  5.98   8242    0  12166  13225 | 1.2923 20.07 | 6.96e-03 1.97e-02 |   0.0000 0.0000  0.0000  0.0000 0.000  0.00
# PAR t=1344.00 gids n=2394 mint=12896 ret=10502 age=[68 181 429] | sdeath tp n=0 [0.0 0.0 0.0] ba n=4096 [0.7 5.4 707.2] | stamps n=6695 tp=0 age50=85 max=1335 | idfrac=0.9983
# HOLE t=1344.00 Eh=1106.858434 nin=197 eatF=481.7240 eatM=268.8648 eatS=356.2696
# QATOM t=1344.60 dir=DF w=2.27888831 e=0.417100791019 i=327 Em=0.5588 gid=5475
t= 1346.00 -1.92e-15 | 0.0223  5.98   8241    1  12170  13226 | 1.2922 20.07 | 5.43e-03 1.29e-02 |   0.0000 0.0000  0.0000  0.0000 0.000  0.00
# PAR t=1346.00 gids n=2385 mint=12917 ret=10532 age=[67 180 429] | sdeath tp n=0 [0.0 0.0 0.0] ba n=4096 [0.7 5.4 708.2] | stamps n=6644 tp=0 age50=86 max=1337 | idfrac=0.9983
# HOLE t=1346.00 Eh=1107.143672 nin=196 eatF=481.7795 eatM=268.8847 eatS=356.4795
# QATOM t=1346.30 dir=FD w=1.51508874 e=0.277303942066 i=1941 Em=0.0614 gid=12547
# QATOM t=1347.92 dir=FD w=1.38651412 e=0.253771162664 i=1925 Em=0.3873 gid=12397
t= 1348.00 -1.92e-15 | 0.0223  5.98   8241    1  12176  13231 | 1.2921 20.08 | 1.06e-02 2.31e-02 |   0.0000 0.0000  0.0000  0.0000 0.000  0.00
# PAR t=1348.00 gids n=2384 mint=12938 ret=10554 age=[67 181 428] | sdeath tp n=0 [0.0 0.0 0.0] ba n=4096 [0.7 5.4 709.5] | stamps n=6638 tp=0 age50=87 max=1339 | idfrac=0.9983
# HOLE t=1348.00 Eh=1108.422810 nin=197 eatF=481.8663 eatM=269.8792 eatS=356.6773
# QATOM t=1349.80 dir=DF w=2.3427936 e=0.428797259403 i=1626 Em=0.6119 gid=10008
t= 1350.00 -1.92e-15 | 0.0223  5.98   8239    2  12180  13235 | 1.2922 20.07 | 5.13e-03 1.72e-02 |   0.0000 0.0000  0.0000  0.0000 0.000  0.00
# PAR t=1350.00 gids n=2388 mint=12959 ret=10571 age=[68 180 427] | sdeath tp n=0 [0.0 0.0 0.0] ba n=4096 [0.7 5.4 710.9] | stamps n=6656 tp=0 age50=87 max=1341 | idfrac=0.9983
# HOLE t=1350.00 Eh=1108.703380 nin=197 eatF=481.9427 eatM=269.9003 eatS=356.8604
# QATOM t=1351.52 dir=DF w=2.42230013 e=0.443349194353 i=559 Em=0.5691 gid=12365
t= 1352.00 -1.92e-15 | 0.0223  5.98   8242    1  12184  13242 | 1.2923 20.07 | 7.09e-03 1.72e-02 |   0.0000 0.0000  0.0000  0.0000 0.000  0.00
# PAR t=1352.00 gids n=2397 mint=12994 ret=10597 age=[66 179 425] | sdeath tp n=0 [0.0 0.0 0.0] ba n=4096 [0.7 5.4 716.1] | stamps n=6708 tp=0 age50=85 max=1343 | idfrac=0.9983
# HOLE t=1352.00 Eh=1108.960161 nin=196 eatF=482.0011 eatM=269.9226 eatS=357.0364
# QATOM t=1353.44 dir=FD w=1.39307301 e=0.254971623561 i=1249 Em=0.2027 gid=11036
t= 1354.00 -1.92e-15 | 0.0223  5.98   8237    0  12191  13247 | 1.2920 20.09 | 5.73e-03 1.59e-02 |   0.0000 0.0000  0.0000  0.0000 0.000  0.00
# PAR t=1354.00 gids n=2408 mint=13024 ret=10616 age=[65 179 423] | sdeath tp n=0 [0.0 0.0 0.0] ba n=4096 [0.7 5.5 717.2] | stamps n=6764 tp=0 age50=83 max=1345 | idfrac=0.9983
# HOLE t=1354.00 Eh=1109.222305 nin=196 eatF=482.0617 eatM=269.9458 eatS=357.2148
# QATOM t=1355.22 dir=FD w=1.29765943 e=0.23750824988 i=1405 Em=0.3780 gid=11325
t= 1356.00 -1.92e-15 | 0.0223  5.98   8232    1  12195  13249 | 1.2922 20.08 | 5.50e-03 1.88e-02 |   0.0000 0.0000  0.0000  0.0000 0.000  0.00
# PAR t=1356.00 gids n=2401 mint=13043 ret=10642 age=[65 180 425] | sdeath tp n=0 [0.0 0.0 0.0] ba n=4096 [0.7 5.4 717.2] | stamps n=6718 tp=0 age50=84 max=1347 | idfrac=0.9983
# HOLE t=1356.00 Eh=1109.877280 nin=197 eatF=482.4812 eatM=269.9716 eatS=357.4245
# QATOM t=1356.78 dir=DF w=2.24580313 e=0.411045270421 i=1768 Em=0.4342 gid=10002
t= 1358.00 -1.92e-15 | 0.0223  5.98   8234    0  12200  13252 | 1.2923 20.09 | 8.71e-03 1.90e-02 |   0.0000 0.0000  0.0000  0.0000 0.000  0.00
# PAR t=1358.00 gids n=2404 mint=13066 ret=10662 age=[65 178 424] | sdeath tp n=0 [0.0 0.0 0.0] ba n=4096 [0.7 5.4 717.2] | stamps n=6736 tp=0 age50=83 max=1349 | idfrac=0.9983
# HOLE t=1358.00 Eh=1110.172010 nin=197 eatF=482.5442 eatM=269.9963 eatS=357.6316
# QATOM t=1358.56 dir=DF w=2.5279516 e=0.462686391711 i=2143 Em=0.5707 gid=12697
t= 1360.00 -1.92e-15 | 0.0223  5.98   8233    2  12204  13257 | 1.2922 20.09 | 5.44e-03 1.41e-02 |   0.0000 0.0000  0.0000  0.0000 0.000  0.00
# PAR t=1360.00 gids n=2414 mint=13095 ret=10681 age=[64 176 423] | sdeath tp n=0 [0.0 0.0 0.0] ba n=4096 [0.7 5.5 718.4] | stamps n=6786 tp=0 age50=83 max=1351 | idfrac=0.9983
# HOLE t=1360.00 Eh=1110.473031 nin=197 eatF=482.6073 eatM=270.0227 eatS=357.8431
# QATOM t=1360.28 dir=FD w=1.47986686 e=0.270857345096 i=1600 Em=0.1366 gid=9357
t= 1362.00 -1.92e-15 | 0.0223  5.97   8230    2  12212  13264 | 1.2925 20.06 | 4.37e-03 1.39e-02 |   0.0000 0.0000  0.0000  0.0000 0.000  0.00
# PAR t=1362.00 gids n=2416 mint=13116 ret=10700 age=[64 176 424] | sdeath tp n=0 [0.0 0.0 0.0] ba n=4096 [0.7 5.5 719.0] | stamps n=6793 tp=0 age50=82 max=1353 | idfrac=0.9983
# HOLE t=1362.00 Eh=1110.789920 nin=196 eatF=482.6702 eatM=270.0472 eatS=358.0726
# QATOM t=1362.02 dir=DF w=2.35256412 e=0.430585539723 i=1762 Em=0.4749 gid=10483
# QATOM t=1363.70 dir=FD w=1.41426758 e=0.258850828194 i=793 Em=0.1667 gid=12403
t= 1364.00 -1.92e-15 | 0.0223  5.97   8230    1  12219  13269 | 1.2926 20.07 | 5.01e-03 1.80e-02 |   0.0000 0.0000  0.0000  0.0000 0.000  0.00
# PAR t=1364.00 gids n=2416 mint=13128 ret=10712 age=[65 177 423] | sdeath tp n=0 [0.0 0.0 0.0] ba n=4096 [0.7 5.5 719.1] | stamps n=6798 tp=0 age50=83 max=1355 | idfrac=0.9983
# HOLE t=1364.00 Eh=1111.685282 nin=196 eatF=482.7393 eatM=270.6637 eatS=358.2823
# QATOM t=1365.50 dir=DF w=2.1974166 e=0.402189171725 i=2619 Em=0.6098 gid=917
t= 1366.00 -1.92e-15 | 0.0223  5.97   8227    2  12225  13273 | 1.2925 20.06 | 3.82e-03 1.17e-02 |   0.0000 0.0000  0.0000  0.0000 0.000  0.00
# PAR t=1366.00 gids n=2409 mint=13145 ret=10736 age=[63 178 426] | sdeath tp n=0 [0.0 0.0 0.0] ba n=4096 [0.7 5.5 719.2] | stamps n=6758 tp=0 age50=83 max=1357 | idfrac=0.9983
# HOLE t=1366.00 Eh=1111.998356 nin=197 eatF=482.8221 eatM=270.6877 eatS=358.4885
# QATOM t=1367.08 dir=FD w=1.51166313 e=0.27667695854 i=2657 Em=0.1831 gid=11464
t= 1368.00 -1.92e-15 | 0.0223  5.97   8229    0  12231  13281 | 1.2924 20.08 | 5.42e-03 1.58e-02 |   0.0000 0.0000  0.0000  0.0000 0.000  0.00
# PAR t=1368.00 gids n=2418 mint=13170 ret=10752 age=[63 177 425] | sdeath tp n=0 [0.0 0.0 0.0] ba n=4096 [0.7 5.6 720.0] | stamps n=6809 tp=0 age50=82 max=1359 | idfrac=0.9983
# HOLE t=1368.00 Eh=1112.301080 nin=197 eatF=482.8740 eatM=270.7164 eatS=358.7106
# QATOM t=1368.98 dir=DF w=2.28559165 e=0.418327689823 i=498 Em=0.5450 gid=9658
t= 1370.00 -1.92e-15 | 0.0223  5.98   8232    2  12235  13286 | 1.2925 20.08 | 7.92e-03 2.01e-02 |   0.0000 0.0000  0.0000  0.0000 0.000  0.00
# PAR t=1370.00 gids n=2420 mint=13188 ret=10768 age=[64 177 424] | sdeath tp n=0 [0.0 0.0 0.0] ba n=4096 [0.7 5.6 721.9] | stamps n=6821 tp=0 age50=82 max=1361 | idfrac=0.9983
# HOLE t=1370.00 Eh=1112.588084 nin=197 eatF=482.9221 eatM=270.7445 eatS=358.9214
# QATOM t=1370.76 dir=FD w=1.63249973 e=0.29879346191 i=939 Em=0.0186 gid=12256
t= 1372.00 -1.92e-15 | 0.0223  5.98   8233    2  12241  13292 | 1.2927 20.05 | 7.92e-03 1.32e-02 |   0.0000 0.0000  0.0000  0.0000 0.000  0.00
# PAR t=1372.00 gids n=2421 mint=13209 ret=10788 age=[64 177 426] | sdeath tp n=0 [0.0 0.0 0.0] ba n=4096 [0.7 5.6 722.1] | stamps n=6824 tp=0 age50=83 max=1363 | idfrac=0.9983
# HOLE t=1372.00 Eh=1112.860033 nin=196 eatF=482.9660 eatM=270.7700 eatS=359.1241
# QATOM t=1372.50 dir=FD w=1.36700258 e=0.250200001286 i=584 Em=0.3596 gid=11241
t= 1374.00 -1.92e-15 | 0.0223  5.98   8239    3  12246  13301 | 1.2926 20.06 | 9.54e-03 1.98e-02 |   0.0000 0.0000  0.0000  0.0000 0.000  0.00
# PAR t=1374.00 gids n=2428 mint=13232 ret=10804 age=[65 177 427] | sdeath tp n=0 [0.0 0.0 0.0] ba n=4096 [0.7 5.6 729.5] | stamps n=6868 tp=0 age50=83 max=1365 | idfrac=0.9983
# HOLE t=1374.00 Eh=1113.515076 nin=197 eatF=483.0732 eatM=271.1163 eatS=359.3256
# QATOM t=1374.20 dir=FD w=1.59268127 e=0.291505561944 i=1714 Em=0.0710 gid=12373
# QATOM t=1375.96 dir=DF w=2.32315545 e=0.425202924834 i=1456 Em=0.7591 gid=11046
t= 1376.00 -1.92e-15 | 0.0223  5.98   8239    0  12250  13311 | 1.2924 20.07 | 8.55e-03 2.60e-02 |   0.0000 0.0000  0.0000  0.0000 0.000  0.00
# PAR t=1376.00 gids n=2428 mint=13248 ret=10820 age=[67 177 426] | sdeath tp n=0 [0.0 0.0 0.0] ba n=4096 [0.7 5.6 730.8] | stamps n=6874 tp=0 age50=85 max=1367 | idfrac=0.9983
# HOLE t=1376.00 Eh=1115.203704 nin=198 eatF=483.3524 eatM=272.3113 eatS=359.5400
# QATOM t=1377.54 dir=DF w=2.30606859 e=0.422075548212 i=1292 Em=0.5577 gid=11679
t= 1378.00 -1.92e-15 | 0.0222  5.98   8240    0  12258  13317 | 1.2925 20.07 | 6.39e-03 1.66e-02 |   0.0000 0.0000  0.0000  0.0000 0.000  0.00
# PAR t=1378.00 gids n=2429 mint=13274 ret=10845 age=[66 176 426] | sdeath tp n=0 [0.0 0.0 0.0] ba n=4096 [0.7 5.6 733.2] | stamps n=6872 tp=0 age50=85 max=1369 | idfrac=0.9983
# HOLE t=1378.00 Eh=1115.609981 nin=197 eatF=483.4800 eatM=272.3393 eatS=359.7907
# QATOM t=1379.34 dir=DF w=2.39068586 e=0.437562892914 i=2325 Em=0.4435 gid=9247
t= 1380.00 -1.92e-15 | 0.0222  5.98   8236    1  12265  13323 | 1.2928 20.03 | 7.59e-03 2.15e-02 |   0.0000 0.0000  0.0000  0.0000 0.000  0.00
# PAR t=1380.00 gids n=2420 mint=13286 ret=10866 age=[67 177 428] | sdeath tp n=0 [0.0 0.0 0.0] ba n=4096 [0.7 5.6 733.2] | stamps n=6827 tp=0 age50=86 max=1371 | idfrac=0.9983
# HOLE t=1380.00 Eh=1115.926526 nin=197 eatF=483.5407 eatM=272.3668 eatS=360.0190
# QATOM t=1381.18 dir=FD w=1.32842782 e=0.243139732283 i=233 Em=0.4254 gid=10906
t= 1382.00 -1.92e-15 | 0.0222  5.98   8236    3  12275  13331 | 1.2928 20.02 | 5.17e-03 1.52e-02 |   0.0000 0.0000  0.0000  0.0000 0.000  0.00
# PAR t=1382.00 gids n=2418 mint=13303 ret=10885 age=[67 177 428] | sdeath tp n=0 [0.0 0.0 0.0] ba n=4096 [0.7 5.6 734.0] | stamps n=6809 tp=0 age50=86 max=1373 | idfrac=0.9983
# HOLE t=1382.00 Eh=1116.253704 nin=197 eatF=483.6062 eatM=272.3929 eatS=360.2546
# QATOM t=1382.98 dir=DF w=2.10662419 e=0.385571600365 i=2695 Em=0.7200 gid=12634
t= 1384.00 -1.92e-15 | 0.0222  5.98   8235    1  12279  13338 | 1.2927 20.02 | 6.35e-03 1.73e-02 |   0.0000 0.0000  0.0000  0.0000 0.000  0.00
# PAR t=1384.00 gids n=2426 mint=13324 ret=10898 age=[68 178 428] | sdeath tp n=0 [0.0 0.0 0.0] ba n=4096 [0.7 5.6 734.9] | stamps n=6860 tp=0 age50=85 max=1375 | idfrac=0.9983
# HOLE t=1384.00 Eh=1116.560024 nin=196 eatF=483.6635 eatM=272.4209 eatS=360.4755
# QATOM t=1384.78 dir=DF w=2.26505685 e=0.414569243313 i=1039 Em=0.5425 gid=11478
t= 1386.00 -1.92e-15 | 0.0222  5.98   8237    0  12285  13345 | 1.2926 20.04 | 9.80e-03 2.21e-02 |   0.0000 0.0000  0.0000  0.0000 0.000  0.00
# PAR t=1386.00 gids n=2419 mint=13344 ret=10925 age=[68 177 430] | sdeath tp n=0 [0.0 0.0 0.0] ba n=4096 [0.7 5.7 739.3] | stamps n=6821 tp=0 age50=85 max=1377 | idfrac=0.9983
# HOLE t=1386.00 Eh=1116.840489 nin=196 eatF=483.7147 eatM=272.4405 eatS=360.6853
# QATOM t=1386.58 dir=FD w=1.41631578 e=0.259225705298 i=2216 Em=0.3202 gid=12257
t= 1388.00 -1.92e-15 | 0.0222  5.98   8244    0  12289  13349 | 1.2920 20.10 | 6.31e-03 1.73e-02 |   0.0000 0.0000  0.0000  0.0000 0.000  0.00
# PAR t=1388.00 gids n=2410 mint=13360 ret=10950 age=[69 177 429] | sdeath tp n=0 [0.0 0.0 0.0] ba n=4096 [0.7 5.7 739.3] | stamps n=6775 tp=0 age50=85 max=1379 | idfrac=0.9983
# HOLE t=1388.00 Eh=1117.945421 nin=197 eatF=484.2040 eatM=272.8230 eatS=360.9184
# QATOM t=1388.28 dir=DF w=2.62412961 e=0.480289677895 i=2025 Em=0.4927 gid=13120
t= 1390.00 -1.92e-15 | 0.0222  5.98   8237    0  12315  13371 | 1.2925 20.07 | 5.52e-03 2.74e-02 |   0.0000 0.0000  0.0000  0.0000 0.000  0.00
# PAR t=1390.00 gids n=2407 mint=13374 ret=10967 age=[69 178 431] | sdeath tp n=0 [0.0 0.0 0.0] ba n=4096 [0.7 5.6 742.6] | stamps n=6750 tp=0 age50=86 max=1381 | idfrac=0.9983
# HOLE t=1390.00 Eh=1118.303437 nin=197 eatF=484.2794 eatM=272.8455 eatS=361.1786
# QATOM t=1390.16 dir=DF w=2.41456981 e=0.441934329614 i=1819 Em=0.5359 gid=8796
# QATOM t=1391.80 dir=FD w=1.56415816 e=0.286285027645 i=2584 Em=0.0746 gid=945
t= 1392.00 -1.92e-15 | 0.0222  5.98   8238    4  12335  13384 | 1.2922 20.09 | 6.28e-03 1.63e-02 |   0.0000 0.0000  0.0000  0.0000 0.000  0.00
# PAR t=1392.00 gids n=2413 mint=13392 ret=10979 age=[69 178 431] | sdeath tp n=0 [0.0 0.0 0.0] ba n=4096 [0.7 5.6 742.6] | stamps n=6786 tp=0 age50=87 max=1383 | idfrac=0.9983
# HOLE t=1392.00 Eh=1118.633334 nin=197 eatF=484.3552 eatM=272.8705 eatS=361.4076
# QATOM t=1393.44 dir=FD w=1.36544596 e=0.249915094302 i=1713 Em=0.3661 gid=12231
t= 1394.00 -1.92e-15 | 0.0222  5.98   8239    2  12342  13393 | 1.2921 20.09 | 7.25e-03 1.86e-02 |   0.0000 0.0000  0.0000  0.0000 0.000  0.00
# PAR t=1394.00 gids n=2405 mint=13404 ret=10999 age=[70 179 434] | sdeath tp n=0 [0.0 0.0 0.0] ba n=4096 [0.7 5.6 743.8] | stamps n=6742 tp=0 age50=87 max=1385 | idfrac=0.9983
# HOLE t=1394.00 Eh=1118.943396 nin=197 eatF=484.4269 eatM=272.8927 eatS=361.6238
# QATOM t=1395.28 dir=DF w=1.90702017 e=0.349038438733 i=393 Em=1.0813 gid=12912
t= 1396.00 -1.92e-15 | 0.0222  5.98   8233    0  12346  13402 | 1.2923 20.09 | 6.06e-03 1.60e-02 |   0.0000 0.0000  0.0000  0.0000 0.000  0.00
# PAR t=1396.00 gids n=2402 mint=13423 ret=11021 age=[71 179 433] | sdeath tp n=0 [0.0 0.0 0.0] ba n=4096 [0.7 5.6 748.1] | stamps n=6718 tp=0 age50=88 max=1387 | idfrac=0.9983
# HOLE t=1396.00 Eh=1119.431646 nin=197 eatF=484.7065 eatM=272.9132 eatS=361.8119
# QATOM t=1396.98 dir=FD w=1.36634858 e=0.25008029995 i=216 Em=0.2919 gid=8760
t= 1398.00 -1.92e-15 | 0.0222  5.98   8239    1  12347  13405 | 1.2921 20.11 | 4.89e-03 1.36e-02 |   0.0000 0.0000  0.0000  0.0000 0.000  0.00
# PAR t=1398.00 gids n=2400 mint=13441 ret=11041 age=[71 178 434] | sdeath tp n=0 [0.0 0.0 0.0] ba n=4096 [0.7 5.6 750.6] | stamps n=6708 tp=0 age50=87 max=1389 | idfrac=0.9983
# HOLE t=1398.00 Eh=1119.690726 nin=196 eatF=484.7651 eatM=272.9343 eatS=361.9913
# QATOM t=1398.48 dir=FD w=1.63559693 e=0.299360336807 i=2047 Em=0.0129 gid=9176
t= 1400.00 -1.92e-15 | 0.0222  5.98   8240    1  12350  13408 | 1.2921 20.11 | 5.06e-03 1.33e-02 |   0.0000 0.0000  0.0000  0.0000 0.000  0.00
# PAR t=1400.00 gids n=2394 mint=13460 ret=11066 age=[72 177 432] | sdeath tp n=0 [0.0 0.0 0.0] ba n=4096 [0.7 5.6 750.6] | stamps n=6683 tp=0 age50=88 max=1391 | idfrac=0.9983
# HOLE t=1400.00 Eh=1119.953145 nin=196 eatF=484.8275 eatM=272.9558 eatS=362.1698
# QATOM t=1400.28 dir=FD w=1.49670975 e=0.273940068165 i=2508 Em=0.1038 gid=12352
t= 1402.00 -1.92e-15 | 0.0222  5.98   8243    2  12357  13410 | 1.2922 20.11 | 6.99e-03 1.86e-02 |   0.0000 0.0000  0.0000  0.0000 0.000  0.00
# PAR t=1402.00 gids n=2398 mint=13479 ret=11081 age=[72 177 431] | sdeath tp n=0 [0.0 0.0 0.0] ba n=4096 [0.7 5.6 750.6] | stamps n=6712 tp=0 age50=88 max=1393 | idfrac=0.9983
# HOLE t=1402.00 Eh=1120.245740 nin=196 eatF=484.8962 eatM=272.9792 eatS=362.3703
# QATOM t=1402.22 dir=DF w=2.62433246 e=0.480326805008 i=304 Em=0.4997 gid=6402
t= 1404.00 -1.92e-15 | 0.0222  5.98   8244    1  12361  13419 | 1.2922 20.11 | 4.93e-03 1.41e-02 |   0.0000 0.0000  0.0000  0.0000 0.000  0.00
# PAR t=1404.00 gids n=2392 mint=13498 ret=11106 age=[72 178 430] | sdeath tp n=0 [0.0 0.0 0.0] ba n=4096 [0.7 5.6 750.6] | stamps n=6675 tp=0 age50=88 max=1395 | idfrac=0.9983
# HOLE t=1404.00 Eh=1120.540465 nin=196 eatF=484.9724 eatM=272.9973 eatS=362.5708
# QATOM t=1404.04 dir=DF w=1.91635344 e=0.350746690512 i=904 Em=1.0680 gid=7923
# QATOM t=1405.64 dir=FD w=1.64386546 e=0.300873711673 i=2472 Em=0.0059 gid=12975
t= 1406.00 -1.92e-15 | 0.0222  5.99   8246    0  12369  13424 | 1.2920 20.12 | 5.95e-03 1.64e-02 |   0.0000 0.0000  0.0000  0.0000 0.000  0.00
# PAR t=1406.00 gids n=2389 mint=13516 ret=11127 age=[73 179 429] | sdeath tp n=0 [0.0 0.0 0.0] ba n=4096 [0.7 5.6 751.0] | stamps n=6656 tp=0 age50=89 max=1397 | idfrac=0.9983
# HOLE t=1406.00 Eh=1121.669809 nin=197 eatF=485.1894 eatM=273.6957 eatS=362.7847
# QATOM t=1407.54 dir=FD w=1.49474421 e=0.273580319992 i=2059 Em=0.2017 gid=13444
t= 1408.00 -1.92e-15 | 0.0222  5.98   8243    1  12377  13437 | 1.2921 20.13 | 1.00e-02 2.13e-02 |   0.0000 0.0000  0.0000  0.0000 0.000  0.00
# PAR t=1408.00 gids n=2387 mint=13536 ret=11149 age=[73 180 426] | sdeath tp n=0 [0.0 0.0 0.0] ba n=4096 [0.7 5.6 751.0] | stamps n=6643 tp=0 age50=90 max=1399 | idfrac=0.9983
# HOLE t=1408.00 Eh=1121.987047 nin=197 eatF=485.2689 eatM=273.7158 eatS=363.0023
# QATOM t=1409.36 dir=DF w=2.37388768 e=0.434488352609 i=2679 Em=0.4537 gid=9984
t= 1410.00 -1.92e-15 | 0.0222  5.99   8247    1  12383  13441 | 1.2920 20.14 | 7.72e-03 2.07e-02 |   0.0000 0.0000  0.0000  0.0000 0.000  0.00
# PAR t=1410.00 gids n=2386 mint=13560 ret=11174 age=[71 181 428] | sdeath tp n=0 [0.0 0.0 0.0] ba n=4096 [0.7 5.6 751.1] | stamps n=6636 tp=0 age50=89 max=1401 | idfrac=0.9983
# HOLE t=1410.00 Eh=1123.180968 nin=198 eatF=486.2157 eatM=273.7500 eatS=363.2153
# QATOM t=1410.98 dir=DF w=2.53551053 e=0.464069889887 i=2057 Em=0.4874 gid=6847
t= 1412.00 -1.92e-15 | 0.0222  5.98   8241    1  12385  13447 | 1.2922 20.11 | 6.07e-03 1.67e-02 |   0.0000 0.0000  0.0000  0.0000 0.000  0.00
# PAR t=1412.00 gids n=2388 mint=13580 ret=11192 age=[71 180 430] | sdeath tp n=0 [0.0 0.0 0.0] ba n=4096 [0.7 5.6 751.1] | stamps n=6652 tp=0 age50=89 max=1403 | idfrac=0.9983
# HOLE t=1412.00 Eh=1123.468640 nin=198 eatF=486.2900 eatM=273.7701 eatS=363.4085
# QATOM t=1412.92 dir=FD w=1.54067234 e=0.281986461282 i=1219 Em=0.1267 gid=12088
t= 1414.00 -1.92e-15 | 0.0222  5.98   8243    0  12390  13450 | 1.2920 20.13 | 7.89e-03 2.07e-02 |   0.0000 0.0000  0.0000  0.0000 0.000  0.00
# PAR t=1414.00 gids n=2387 mint=13606 ret=11219 age=[71 180 432] | sdeath tp n=0 [0.0 0.0 0.0] ba n=4096 [0.7 5.6 752.0] | stamps n=6647 tp=0 age50=90 max=1405 | idfrac=0.9983
# HOLE t=1414.00 Eh=1124.181188 nin=198 eatF=486.3914 eatM=274.1840 eatS=363.6058
# QATOM t=1414.92 dir=FD w=1.61518736 e=0.295624810444 i=460 Em=0.0446 gid=13507
t= 1416.00 -1.92e-15 | 0.0222  5.98   8242    1  12396  13453 | 1.2920 20.11 | 6.03e-03 1.65e-02 |   0.0000 0.0000  0.0000  0.0000 0.000  0.00
# PAR t=1416.00 gids n=2383 mint=13623 ret=11240 age=[72 180 429] | sdeath tp n=0 [0.0 0.0 0.0] ba n=4096 [0.7 5.6 752.0] | stamps n=6633 tp=0 age50=90 max=1407 | idfrac=0.9983
# HOLE t=1416.00 Eh=1125.489052 nin=198 eatF=486.5108 eatM=275.1760 eatS=363.8023
# QATOM t=1416.60 dir=DF w=2.48510355 e=0.454843991919 i=2429 Em=0.6173 gid=13247
t= 1418.00 -1.92e-15 | 0.0222  5.98   8238    1  12401  13460 | 1.2921 20.09 | 4.07e-03 1.55e-02 |   0.0000 0.0000  0.0000  0.0000 0.000  0.00
# PAR t=1418.00 gids n=2387 mint=13651 ret=11264 age=[71 179 427] | sdeath tp n=0 [0.0 0.0 0.0] ba n=4096 [0.7 5.6 752.5] | stamps n=6646 tp=0 age50=90 max=1409 | idfrac=0.9983
# HOLE t=1418.00 Eh=1126.021182 nin=199 eatF=486.7902 eatM=275.1985 eatS=364.0325
# QATOM t=1418.22 dir=FD w=1.50052645 e=0.274638631621 i=71 Em=0.1905 gid=13590
t= 1420.00 -1.92e-15 | 0.0222  5.98   8241    1  12420  13471 | 1.2919 20.11 | 6.20e-03 3.51e-02 |   0.0000 0.0000  0.0000  0.0000 0.000  0.00
# PAR t=1420.00 gids n=2389 mint=13674 ret=11285 age=[71 179 428] | sdeath tp n=0 [0.0 0.0 0.0] ba n=4096 [0.7 5.6 756.0] | stamps n=6664 tp=0 age50=90 max=1411 | idfrac=0.9983
# HOLE t=1420.00 Eh=1126.631962 nin=199 eatF=487.1362 eatM=275.2226 eatS=364.2732
# QATOM t=1420.04 dir=FD w=1.54702529 e=0.283149229943 i=1506 Em=0.1234 gid=9826
# QATOM t=1421.70 dir=FD w=1.50100441 e=0.274726112225 i=481 Em=0.0999 gid=13167
t= 1422.00 -1.92e-15 | 0.0222  5.98   8237    0  12428  13483 | 1.2922 20.08 | 7.82e-03 1.59e-02 |   0.0000 0.0000  0.0000  0.0000 0.000  0.00
# PAR t=1422.00 gids n=2385 mint=13693 ret=11308 age=[71 178 429] | sdeath tp n=0 [0.0 0.0 0.0] ba n=4096 [0.7 5.6 756.0] | stamps n=6643 tp=0 age50=90 max=1413 | idfrac=0.9983
# HOLE t=1422.00 Eh=1127.089518 nin=200 eatF=487.3229 eatM=275.2477 eatS=364.5189
# QATOM t=1423.36 dir=FD w=1.56810428 e=0.287007280059 i=1339 Em=0.0913 gid=12549
t= 1424.00 -1.92e-15 | 0.0222  5.98   8237    0  12433  13488 | 1.2921 20.09 | 4.96e-03 1.28e-02 |   0.0000 0.0000  0.0000  0.0000 0.000  0.00
# PAR t=1424.00 gids n=2383 mint=13713 ret=11330 age=[72 178 429] | sdeath tp n=0 [0.0 0.0 0.0] ba n=4096 [0.7 5.6 756.8] | stamps n=6630 tp=0 age50=91 max=1415 | idfrac=0.9983
# HOLE t=1424.00 Eh=1127.405497 nin=200 eatF=487.3859 eatM=275.2754 eatS=364.7442
# QATOM t=1425.26 dir=FD w=1.2338427 e=0.22582799025 i=1398 Em=0.6948 gid=10314
t= 1426.00 -1.92e-15 | 0.0222  5.98   8235    0  12440  13494 | 1.2923 20.07 | 6.24e-03 1.65e-02 |   0.0000 0.0000  0.0000  0.0000 0.000  0.00
# PAR t=1426.00 gids n=2377 mint=13737 ret=11360 age=[72 176 429] | sdeath tp n=0 [0.0 0.0 0.0] ba n=4096 [0.7 5.6 756.8] | stamps n=6596 tp=0 age50=90 max=1417 | idfrac=0.9983
# HOLE t=1426.00 Eh=1127.716155 nin=200 eatF=487.4532 eatM=275.3022 eatS=364.9608
# QATOM t=1427.12 dir=DF w=2.08851628 e=0.382257342402 i=2153 Em=0.6065 gid=12773
t= 1428.00 -1.92e-15 | 0.0222  5.98   8233    1  12443  13496 | 1.2920 20.09 | 8.64e-03 1.75e-02 |   0.0000 0.0000  0.0000  0.0000 0.000  0.00
# PAR t=1428.00 gids n=2387 mint=13759 ret=11372 age=[72 177 427] | sdeath tp n=0 [0.0 0.0 0.0] ba n=4096 [0.7 5.6 756.8] | stamps n=6654 tp=0 age50=88 max=1419 | idfrac=0.9983
# HOLE t=1428.00 Eh=1128.000655 nin=199 eatF=487.5149 eatM=275.3277 eatS=365.1580
# QATOM t=1428.78 dir=FD w=1.43894698 e=0.263367852902 i=2152 Em=0.2334 gid=13409
t= 1430.00 -1.92e-15 | 0.0222  5.97   8230    0  12452  13502 | 1.2920 20.07 | 4.04e-03 1.34e-02 |   0.0000 0.0000  0.0000  0.0000 0.000  0.00
# PAR t=1430.00 gids n=2398 mint=13787 ret=11389 age=[72 176 426] | sdeath tp n=0 [0.0 0.0 0.0] ba n=4096 [0.7 5.6 756.8] | stamps n=6715 tp=0 age50=88 max=1421 | idfrac=0.9983
# HOLE t=1430.00 Eh=1129.152624 nin=201 eatF=487.6963 eatM=276.0632 eatS=365.3931
# QATOM t=1430.76 dir=FD w=1.33306816 e=0.243989045218 i=1848 Em=0.4650 gid=12541
t= 1432.00 -1.92e-15 | 0.0222  5.97   8227    2  12456  13506 | 1.2921 20.05 | 8.22e-03 2.08e-02 |   0.0000 0.0000  0.0000  0.0000 0.000  0.00
# PAR t=1432.00 gids n=2397 mint=13810 ret=11413 age=[72 176 427] | sdeath tp n=0 [0.0 0.0 0.0] ba n=4096 [0.7 5.6 756.8] | stamps n=6718 tp=0 age50=88 max=1423 | idfrac=0.9983
# HOLE t=1432.00 Eh=1130.731269 nin=200 eatF=487.8770 eatM=277.2356 eatS=365.6187
# QATOM t=1432.64 dir=FD w=1.56946864 e=0.287256995322 i=830 Em=0.0842 gid=13776
t= 1434.00 -1.73e-15 | 0.0222  5.97   8217    4  12465  13511 | 1.2925 20.02 | 9.46e-03 2.53e-02 |   0.0000 0.0000  0.0000  0.0000 0.000  0.00
# PAR t=1434.00 gids n=2400 mint=13833 ret=11433 age=[73 175 427] | sdeath tp n=0 [0.0 0.0 0.0] ba n=4096 [0.7 5.6 757.7] | stamps n=6721 tp=0 age50=89 max=1425 | idfrac=0.9983
# HOLE t=1434.00 Eh=1131.039199 nin=200 eatF=487.9404 eatM=277.2648 eatS=365.8340
# QATOM t=1434.36 dir=FD w=1.39806195 e=0.255884739967 i=1555 Em=0.3001 gid=8977
t= 1436.00 -1.73e-15 | 0.0222  5.97   8217    1  12470  13520 | 1.2925 20.01 | 6.70e-03 1.66e-02 |   0.0000 0.0000  0.0000  0.0000 0.000  0.00
# PAR t=1436.00 gids n=2388 mint=13847 ret=11459 age=[73 176 429] | sdeath tp n=0 [0.0 0.0 0.0] ba n=4096 [0.7 5.6 760.8] | stamps n=6663 tp=0 age50=90 max=1427 | idfrac=0.9983
# HOLE t=1436.00 Eh=1131.425176 nin=200 eatF=488.0094 eatM=277.3592 eatS=366.0566
# QATOM t=1436.18 dir=FD w=1.3991417 e=0.256082365721 i=73 Em=0.2100 gid=12847
# QATOM t=1437.90 dir=DF w=2.15082337 e=0.393661295935 i=2204 Em=0.6266 gid=13554
t= 1438.00 -1.92e-15 | 0.0222  5.97   8225    6  12480  13523 | 1.2923 20.04 | 1.27e-02 5.00e-02 |   0.0000 0.0000  0.0000  0.0000 0.000  0.00
# PAR t=1438.00 gids n=2386 mint=13866 ret=11480 age=[73 178 429] | sdeath tp n=0 [0.0 0.0 0.0] ba n=4096 [0.7 5.7 763.6] | stamps n=6647 tp=0 age50=90 max=1429 | idfrac=0.9983
# HOLE t=1438.00 Eh=1131.729926 nin=199 eatF=488.0698 eatM=277.3807 eatS=366.2795
# QATOM t=1439.76 dir=DF w=2.29504178 e=0.420057329783 i=75 Em=0.4392 gid=10150
t= 1440.00 -1.92e-15 | 0.0222  5.98   8232    5  12495  13537 | 1.2923 20.04 | 5.48e-03 1.36e-02 |   0.0000 0.0000  0.0000  0.0000 0.000  0.00
# PAR t=1440.00 gids n=2395 mint=13889 ret=11494 age=[73 177 428] | sdeath tp n=0 [0.0 0.0 0.0] ba n=4096 [0.7 5.7 766.8] | stamps n=6691 tp=0 age50=90 max=1431 | idfrac=0.9983
# HOLE t=1440.00 Eh=1132.197993 nin=200 eatF=488.2855 eatM=277.4028 eatS=366.5096
# QATOM t=1441.46 dir=DF w=2.24656561 e=0.411184825228 i=2367 Em=0.5736 gid=9727
t= 1442.00 -1.92e-15 | 0.0222  5.98   8235    1  12501  13555 | 1.2925 20.04 | 5.78e-03 1.53e-02 |   0.0000 0.0000  0.0000  0.0000 0.000  0.00
# PAR t=1442.00 gids n=2403 mint=13913 ret=11510 age=[72 178 426] | sdeath tp n=0 [0.0 0.0 0.0] ba n=4096 [0.7 5.8 772.4] | stamps n=6737 tp=0 age50=90 max=1433 | idfrac=0.9983
# HOLE t=1442.00 Eh=1133.225093 nin=201 eatF=488.3917 eatM=278.0758 eatS=366.7576
# QATOM t=1443.40 dir=DF w=2.36634843 e=0.433108457477 i=658 Em=0.4671 gid=8030
t= 1444.00 -1.92e-15 | 0.0222  5.98   8236    1  12504  13561 | 1.2926 20.03 | 8.16e-03 1.55e-02 |   0.0000 0.0000  0.0000  0.0000 0.000  0.00
# PAR t=1444.00 gids n=2407 mint=13938 ret=11531 age=[72 177 424] | sdeath tp n=0 [0.0 0.0 0.0] ba n=4096 [0.7 5.8 773.0] | stamps n=6761 tp=0 age50=89 max=1435 | idfrac=0.9983
# HOLE t=1444.00 Eh=1135.004249 nin=200 eatF=488.4716 eatM=279.5698 eatS=366.9629
# QATOM t=1445.12 dir=FD w=1.49543944 e=0.273707566226 i=1956 Em=0.1646 gid=4356
t= 1446.00 -1.92e-15 | 0.0222  5.98   8236    2  12510  13565 | 1.2925 20.02 | 4.37e-03 1.39e-02 |   0.0000 0.0000  0.0000  0.0000 0.000  0.00
# PAR t=1446.00 gids n=2398 mint=13952 ret=11554 age=[72 178 428] | sdeath tp n=0 [0.0 0.0 0.0] ba n=4096 [0.7 5.8 773.8] | stamps n=6712 tp=0 age50=90 max=1437 | idfrac=0.9983
# HOLE t=1446.00 Eh=1135.298039 nin=200 eatF=488.5377 eatM=279.5985 eatS=367.1618
# QATOM t=1446.74 dir=FD w=1.31516761 e=0.240712739207 i=1204 Em=0.4626 gid=9044
t= 1448.00 -1.92e-15 | 0.0222  5.98   8242    0  12518  13571 | 1.2920 20.06 | 5.37e-03 1.38e-02 |   0.0000 0.0000  0.0000  0.0000 0.000  0.00
# PAR t=1448.00 gids n=2392 mint=13972 ret=11580 age=[72 180 429] | sdeath tp n=0 [0.0 0.0 0.0] ba n=4096 [0.7 5.8 776.7] | stamps n=6685 tp=0 age50=90 max=1439 | idfrac=0.9983
# HOLE t=1448.00 Eh=1136.736383 nin=201 eatF=489.0378 eatM=280.3251 eatS=367.3735
# QATOM t=1448.44 dir=DF w=2.31169134 e=0.42310466934 i=2537 Em=0.5109 gid=948
# QATOM t=1449.98 dir=DF w=2.2683699 e=0.415175625084 i=1657 Em=0.4377 gid=4690
t= 1450.00 -1.92e-15 | 0.0222  5.98   8236    3  12522  13574 | 1.2918 20.05 | 5.09e-03 1.47e-02 |   0.0000 0.0000  0.0000  0.0000 0.000  0.00
# PAR t=1450.00 gids n=2395 mint=14009 ret=11614 age=[71 178 428] | sdeath tp n=0 [0.0 0.0 0.0] ba n=4096 [0.7 5.8 776.7] | stamps n=6700 tp=0 age50=90 max=1441 | idfrac=0.9983
# HOLE t=1450.00 Eh=1137.040424 nin=200 eatF=489.0894 eatM=280.3589 eatS=367.5921
# QATOM t=1451.66 dir=FD w=1.64978452 e=0.301957065027 i=786 Em=0.0000 gid=0
t= 1452.00 -1.92e-15 | 0.0222  5.98   8239    0  12528  13581 | 1.2920 20.05 | 6.35e-03 1.82e-02 |   0.0000 0.0000  0.0000  0.0000 0.000  0.00
# PAR t=1452.00 gids n=2397 mint=14030 ret=11633 age=[70 178 426] | sdeath tp n=0 [0.0 0.0 0.0] ba n=4096 [0.7 5.8 778.9] | stamps n=6710 tp=0 age50=91 max=1443 | idfrac=0.9983
# HOLE t=1452.00 Eh=1137.336402 nin=199 eatF=489.1416 eatM=280.3915 eatS=367.8033
# QATOM t=1453.32 dir=FD w=1.63054047 e=0.298434862003 i=2744 Em=0.0121 gid=12435
t= 1454.00 -1.92e-15 | 0.0222  5.98   8243    0  12532  13584 | 1.2919 20.06 | 5.24e-03 1.68e-02 |   0.0000 0.0000  0.0000  0.0000 0.000  0.00
# PAR t=1454.00 gids n=2387 mint=14051 ret=11664 age=[70 179 427] | sdeath tp n=0 [0.0 0.0 0.0] ba n=4096 [0.7 5.8 778.9] | stamps n=6657 tp=0 age50=89 max=1445 | idfrac=0.9983
# HOLE t=1454.00 Eh=1137.616946 nin=199 eatF=489.1948 eatM=280.4188 eatS=368.0033
# QATOM t=1455.02 dir=FD w=1.43660737 e=0.262939638625 i=1864 Em=0.2424 gid=11676
t= 1456.00 -1.92e-15 | 0.0222  5.99   8245    2  12538  13589 | 1.2922 20.06 | 4.55e-03 1.20e-02 |   0.0000 0.0000  0.0000  0.0000 0.000  0.00
# PAR t=1456.00 gids n=2398 mint=14080 ret=11682 age=[68 178 425] | sdeath tp n=0 [0.0 0.0 0.0] ba n=4096 [0.7 5.8 780.2] | stamps n=6718 tp=0 age50=88 max=1447 | idfrac=0.9983
# HOLE t=1456.00 Eh=1137.907139 nin=199 eatF=489.2602 eatM=280.4471 eatS=368.1998
# QATOM t=1456.88 dir=DF w=2.4987979 e=0.457350442518 i=1022 Em=0.5860 gid=7815
t= 1458.00 -1.92e-15 | 0.0222  5.98   8242    1  12544  13592 | 1.2924 20.06 | 6.48e-03 4.29e-02 |   0.0000 0.0000  0.0000  0.0000 0.000  0.00
# PAR t=1458.00 gids n=2390 mint=14098 ret=11708 age=[68 177 424] | sdeath tp n=0 [0.0 0.0 0.0] ba n=4096 [0.7 5.8 781.0] | stamps n=6676 tp=0 age50=89 max=1449 | idfrac=0.9983
# HOLE t=1458.00 Eh=1138.276624 nin=198 eatF=489.3991 eatM=280.4741 eatS=368.4035
# QATOM t=1458.68 dir=FD w=1.54998507 e=0.283690953064 i=762 Em=0.1199 gid=11247
t= 1460.00 -1.92e-15 | 0.0222  5.98   8238    0  12551  13600 | 1.2927 20.06 | 6.51e-03 1.79e-02 |   0.0000 0.0000  0.0000  0.0000 0.000  0.00
# PAR t=1460.00 gids n=2391 mint=14125 ret=11734 age=[66 178 425] | sdeath tp n=0 [0.0 0.0 0.0] ba n=4096 [0.7 5.7 781.5] | stamps n=6680 tp=0 age50=89 max=1451 | idfrac=0.9983
# HOLE t=1460.00 Eh=1138.895689 nin=198 eatF=489.7328 eatM=280.4960 eatS=368.6669
# QATOM t=1460.40 dir=FD w=1.4237648 e=0.260589086086 i=2123 Em=0.3262 gid=9173
t= 1462.00 -1.92e-15 | 0.0222  5.98   8236    0  12558  13610 | 1.2924 20.06 | 5.20e-03 1.48e-02 |   0.0000 0.0000  0.0000  0.0000 0.000  0.00
# PAR t=1462.00 gids n=2385 mint=14146 ret=11761 age=[65 179 425] | sdeath tp n=0 [0.0 0.0 0.0] ba n=4096 [0.7 5.8 783.3] | stamps n=6640 tp=0 age50=89 max=1453 | idfrac=0.9983
# HOLE t=1462.00 Eh=1139.837520 nin=203 eatF=490.0815 eatM=280.7347 eatS=369.0213
# QATOM t=1462.52 dir=DF w=2.31146468 e=0.423063184858 i=515 Em=0.4936 gid=158
t= 1464.00 -1.92e-15 | 0.0222  5.98   8236    0  12564  13614 | 1.2924 20.07 | 7.56e-03 2.04e-02 |   0.0000 0.0000  0.0000  0.0000 0.000  0.00
# PAR t=1464.00 gids n=2372 mint=14164 ret=11792 age=[66 179 426] | sdeath tp n=0 [0.0 0.0 0.0] ba n=4096 [0.7 5.8 783.3] | stamps n=6568 tp=0 age50=90 max=1455 | idfrac=0.9983
# HOLE t=1464.00 Eh=1140.202156 nin=202 eatF=490.1420 eatM=280.7582 eatS=369.3020
# QATOM t=1464.24 dir=FD w=1.64307805 e=0.300729593368 i=1235 Em=0.0044 gid=13983
# QATOM t=1465.80 dir=DF w=2.47255186 e=0.452546678485 i=727 Em=0.5629 gid=13968
t= 1466.00 -1.92e-15 | 0.0222  5.98   8234    1  12573  13623 | 1.2925 20.06 | 5.28e-03 1.56e-02 |   0.0000 0.0000  0.0000  0.0000 0.000  0.00
# PAR t=1466.00 gids n=2367 mint=14182 ret=11815 age=[66 180 428] | sdeath tp n=0 [0.0 0.0 0.0] ba n=4096 [0.7 5.8 787.3] | stamps n=6543 tp=0 age50=89 max=1457 | idfrac=0.9983
# HOLE t=1466.00 Eh=1142.245507 nin=204 eatF=490.5455 eatM=282.1639 eatS=369.5361
# QATOM t=1467.72 dir=DF w=2.38383818 e=0.436309573951 i=471 Em=0.4508 gid=14069
t= 1468.00 -1.92e-15 | 0.0222  5.98   8234    1  12578  13629 | 1.2924 20.07 | 3.85e-03 1.22e-02 |   0.0000 0.0000  0.0000  0.0000 0.000  0.00
# PAR t=1468.00 gids n=2363 mint=14202 ret=11839 age=[66 180 430] | sdeath tp n=0 [0.0 0.0 0.0] ba n=4096 [0.7 5.8 787.3] | stamps n=6523 tp=0 age50=90 max=1459 | idfrac=0.9983
# HOLE t=1468.00 Eh=1142.539472 nin=203 eatF=490.5955 eatM=282.1871 eatS=369.7569
# QATOM t=1469.42 dir=DF w=2.35899609 e=0.431762772527 i=1671 Em=0.4533 gid=13588
t= 1470.00 -1.92e-15 | 0.0222  5.98   8239    0  12586  13642 | 1.2926 20.09 | 4.58e-03 1.43e-02 |   0.0000 0.0000  0.0000  0.0000 0.000  0.00
# PAR t=1470.00 gids n=2363 mint=14234 ret=11871 age=[64 179 426] | sdeath tp n=0 [0.0 0.0 0.0] ba n=4096 [0.7 5.9 787.9] | stamps n=6524 tp=0 age50=87 max=1461 | idfrac=0.9983
# HOLE t=1470.00 Eh=1142.845990 nin=202 eatF=490.6515 eatM=282.2101 eatS=369.9844
# QATOM t=1471.04 dir=FD w=1.40374479 e=0.256924860154 i=1333 Em=0.3586 gid=14047
t= 1472.00 -1.92e-15 | 0.0222  5.98   8236    1  12597  13650 | 1.2924 20.10 | 4.77e-03 1.42e-02 |   0.0000 0.0000  0.0000  0.0000 0.000  0.00
# PAR t=1472.00 gids n=2370 mint=14259 ret=11889 age=[64 180 426] | sdeath tp n=0 [0.0 0.0 0.0] ba n=4096 [0.7 5.9 788.0] | stamps n=6561 tp=0 age50=87 max=1463 | idfrac=0.9982
# HOLE t=1472.00 Eh=1143.144065 nin=202 eatF=490.7063 eatM=282.2350 eatS=370.2028
# QATOM t=1472.86 dir=FD w=1.32737034 e=0.242946182978 i=639 Em=0.5000 gid=4398
t= 1474.00 -1.92e-15 | 0.0222  5.98   8241    2  12600  13654 | 1.2923 20.12 | 6.72e-03 1.01e-02 |   0.0000 0.0000  0.0000  0.0000 0.000  0.00
# PAR t=1474.00 gids n=2377 mint=14284 ret=11907 age=[63 178 421] | sdeath tp n=0 [0.0 0.0 0.0] ba n=4096 [0.7 6.0 790.0] | stamps n=6596 tp=0 age50=85 max=1465 | idfrac=0.9982
# HOLE t=1474.00 Eh=1143.451257 nin=202 eatF=490.7820 eatM=282.2611 eatS=370.4081
# QATOM t=1474.94 dir=FD w=1.28775585 e=0.23569561467 i=1949 Em=0.4113 gid=13924
t= 1476.00 -1.92e-15 | 0.0222  5.98   8242    0  12602  13658 | 1.2922 20.11 | 5.20e-03 1.64e-02 |   0.0000 0.0000  0.0000  0.0000 0.000  0.00
# PAR t=1476.00 gids n=2379 mint=14312 ret=11933 age=[63 178 419] | sdeath tp n=0 [0.0 0.0 0.0] ba n=4096 [0.7 6.0 791.6] | stamps n=6617 tp=0 age50=83 max=1467 | idfrac=0.9982
# HOLE t=1476.00 Eh=1143.721785 nin=202 eatF=490.8311 eatM=282.2874 eatS=370.6033
# QATOM t=1476.94 dir=FD w=1.41423343 e=0.258844577785 i=1602 Em=0.2303 gid=14038
t= 1478.00 -1.92e-15 | 0.0222  5.98   8242    1  12609  13664 | 1.2923 20.10 | 5.51e-03 1.61e-02 |   0.0000 0.0000  0.0000  0.0000 0.000  0.00
# PAR t=1478.00 gids n=2370 mint=14329 ret=11959 age=[64 179 421] | sdeath tp n=0 [0.0 0.0 0.0] ba n=4096 [0.7 6.1 791.6] | stamps n=6569 tp=0 age50=82 max=1469 | idfrac=0.9982
# HOLE t=1478.00 Eh=1144.003665 nin=202 eatF=490.8859 eatM=282.3149 eatS=370.8028
# QATOM t=1478.62 dir=FD w=1.35225898 e=0.247501506376 i=10 Em=0.3914 gid=11522
t= 1480.00 -1.73e-15 | 0.0222  5.98   8243    0  12618  13674 | 1.2922 20.11 | 3.85e-03 1.20e-02 |   0.0000 0.0000  0.0000  0.0000 0.000  0.00
# PAR t=1480.00 gids n=2372 mint=14346 ret=11974 age=[64 177 422] | sdeath tp n=0 [0.0 0.0 0.0] ba n=4096 [0.7 6.1 792.0] | stamps n=6573 tp=0 age50=82 max=1471 | idfrac=0.9982
# HOLE t=1480.00 Eh=1144.505643 nin=203 eatF=491.1235 eatM=282.3435 eatS=371.0386
# QATOM t=1480.70 dir=FD w=1.64136468 e=0.300415997803 i=423 Em=0.0053 gid=0
t= 1482.00 -1.92e-15 | 0.0222  5.98   8244    0  12623  13677 | 1.2922 20.12 | 4.61e-03 1.31e-02 |   0.0000 0.0000  0.0000  0.0000 0.000  0.00
# PAR t=1482.00 gids n=2381 mint=14373 ret=11992 age=[64 176 419] | sdeath tp n=0 [0.0 0.0 0.0] ba n=4096 [0.7 6.1 792.0] | stamps n=6623 tp=0 age50=81 max=1473 | idfrac=0.9982
# HOLE t=1482.00 Eh=1144.832190 nin=203 eatF=491.1937 eatM=282.3690 eatS=371.2695
# QATOM t=1482.42 dir=FD w=1.47967 e=0.270821313708 i=2421 Em=0.1961 gid=13325
# QATOM t=1483.94 dir=FD w=1.6263057 e=0.297659779448 i=610 Em=0.0249 gid=0
t= 1484.00 -1.92e-15 | 0.0222  5.99   8245    1  12625  13680 | 1.2921 20.13 | 6.29e-03 1.69e-02 |   0.0000 0.0000  0.0000  0.0000 0.000  0.00
# PAR t=1484.00 gids n=2379 mint=14389 ret=12010 age=[65 176 416] | sdeath tp n=0 [0.0 0.0 0.0] ba n=4096 [0.7 6.1 792.0] | stamps n=6609 tp=0 age50=82 max=1475 | idfrac=0.9982
# HOLE t=1484.00 Eh=1146.282966 nin=203 eatF=491.3437 eatM=283.4309 eatS=371.5083
# QATOM t=1485.92 dir=FD w=1.54693878 e=0.283133395896 i=505 Em=0.1165 gid=12062
t= 1486.00 -1.92e-15 | 0.0222  5.99   8247    0  12627  13686 | 1.2920 20.15 | 4.78e-03 1.48e-02 |   0.0000 0.0000  0.0000  0.0000 0.000  0.00
# PAR t=1486.00 gids n=2387 mint=14418 ret=12031 age=[63 175 414] | sdeath tp n=0 [0.0 0.0 0.0] ba n=4096 [0.7 6.1 792.2] | stamps n=6656 tp=0 age50=80 max=1477 | idfrac=0.9982
# HOLE t=1486.00 Eh=1146.560302 nin=202 eatF=491.3912 eatM=283.4522 eatS=371.7169
# QATOM t=1487.94 dir=DF w=2.33689483 e=0.427717618921 i=218 Em=0.4596 gid=13017
t= 1488.00 -1.92e-15 | 0.0222  5.98   8240    0  12630  13689 | 1.2924 20.13 | 7.09e-03 1.89e-02 |   0.0000 0.0000  0.0000  0.0000 0.000  0.00
# PAR t=1488.00 gids n=2380 mint=14438 ret=12058 age=[64 176 415] | sdeath tp n=0 [0.0 0.0 0.0] ba n=4096 [0.7 6.1 792.2] | stamps n=6620 tp=0 age50=81 max=1479 | idfrac=0.9982
# HOLE t=1488.00 Eh=1146.807334 nin=200 eatF=491.4315 eatM=283.4738 eatS=371.9021
# QATOM t=1489.78 dir=FD w=1.57384747 e=0.288058444473 i=485 Em=0.1008 gid=6730
t= 1490.00 -1.92e-15 | 0.0221  5.98   8237    0  12637  13690 | 1.2923 20.13 | 4.88e-03 1.47e-02 |   0.0000 0.0000  0.0000  0.0000 0.000  0.00
# PAR t=1490.00 gids n=2385 mint=14464 ret=12079 age=[63 176 415] | sdeath tp n=0 [0.0 0.0 0.0] ba n=4096 [0.7 6.1 792.3] | stamps n=6649 tp=0 age50=81 max=1481 | idfrac=0.9982
# HOLE t=1490.00 Eh=1147.052753 nin=199 eatF=491.4837 eatM=283.4926 eatS=372.0765
# QATOM t=1491.68 dir=FD w=1.32357002 e=0.242250617277 i=44 Em=0.4667 gid=14344
t= 1492.00 -1.92e-15 | 0.0221  5.98   8234    2  12643  13694 | 1.2921 20.13 | 1.06e-02 2.64e-02 |   0.0000 0.0000  0.0000  0.0000 0.000  0.00
# PAR t=1492.00 gids n=2390 mint=14491 ret=12101 age=[63 175 416] | sdeath tp n=0 [0.0 0.0 0.0] ba n=4096 [0.7 6.1 792.3] | stamps n=6673 tp=0 age50=80 max=1483 | idfrac=0.9982
# HOLE t=1492.00 Eh=1147.990117 nin=200 eatF=491.6056 eatM=284.1340 eatS=372.2504
# QATOM t=1493.40 dir=DF w=2.49323046 e=0.456331445036 i=1461 Em=0.6235 gid=10733
t= 1494.00 -1.92e-15 | 0.0221  5.98   8236    1  12647  13700 | 1.2919 20.15 | 6.16e-03 1.21e-02 |   0.0000 0.0000  0.0000  0.0000 0.000  0.00
# PAR t=1494.00 gids n=2395 mint=14513 ret=12118 age=[63 176 416] | sdeath tp n=0 [0.0 0.0 0.0] ba n=4096 [0.7 6.2 792.3] | stamps n=6707 tp=0 age50=81 max=1485 | idfrac=0.9982
# HOLE t=1494.00 Eh=1148.247779 nin=200 eatF=491.6667 eatM=284.1574 eatS=372.4236
# QATOM t=1495.14 dir=FD w=1.36832816 e=0.250442618789 i=2177 Em=0.4106 gid=329
t= 1496.00 -1.92e-15 | 0.0221  5.98   8237    2  12651  13706 | 1.2918 20.15 | 5.96e-03 1.65e-02 |   0.0000 0.0000  0.0000  0.0000 0.000  0.00
# PAR t=1496.00 gids n=2391 mint=14538 ret=12147 age=[63 175 415] | sdeath tp n=0 [0.0 0.0 0.0] ba n=4096 [0.7 6.2 792.3] | stamps n=6683 tp=0 age50=80 max=1487 | idfrac=0.9982
# HOLE t=1496.00 Eh=1148.762250 nin=201 eatF=491.9573 eatM=284.1916 eatS=372.6134
# QATOM t=1496.96 dir=DF w=2.56595107 e=0.469641366829 i=1996 Em=0.5555 gid=13320
t= 1498.00 -1.92e-15 | 0.0221  5.98   8244    0  12656  13712 | 1.2917 20.17 | 7.67e-03 1.37e-02 |   0.0000 0.0000  0.0000  0.0000 0.000  0.00
# PAR t=1498.00 gids n=2389 mint=14556 ret=12167 age=[62 175 416] | sdeath tp n=0 [0.0 0.0 0.0] ba n=4096 [0.7 6.2 794.1] | stamps n=6671 tp=0 age50=81 max=1489 | idfrac=0.9982
# HOLE t=1498.00 Eh=1149.851138 nin=204 eatF=492.7804 eatM=284.2131 eatS=372.8577
# QATOM t=1499.10 dir=FD w=1.2744319 e=0.233256957279 i=815 Em=0.6076 gid=12279
t= 1500.00 -1.92e-15 | 0.0221  5.98   8240    2  12658  13714 | 1.2916 20.18 | 7.99e-03 1.83e-02 |   0.0000 0.0000  0.0000  0.0000 0.000  0.00
# PAR t=1500.00 gids n=2387 mint=14573 ret=12186 age=[62 176 418] | sdeath tp n=0 [0.0 0.0 0.0] ba n=4096 [0.7 6.2 794.1] | stamps n=6661 tp=0 age50=82 max=1491 | idfrac=0.9982
# HOLE t=1500.00 Eh=1150.119800 nin=203 eatF=492.8166 eatM=284.2334 eatS=373.0697
#
# RESULT drift_rel -1.923e-15
# RESULT births 12658 deaths 13714 beta_returns 148 beta_energy 4.408636e-02
# RESULT conv rough=150.696482 cond=34242.283012 evap=268.410596 backs=4976.820006 rad=37736.512971
# RESULT credit qcnvD=607.430982 qcnvF=1121.409591
# RESULT par mints=14573 retires=12186 live=2387 del_id=349369.824975 del_tot=349986.942550 idfrac=0.9982
# RESULT hole Eh=1150.119800 nin=203 eatF=492.816629 eatM=284.233436 eatS=373.069734
# RESULT geometry phi_nom=0.0221 z_live=5.98 dbar=1.2916 sigma_d=0.2018
# RESULT ds exposure=453.461391 gate=[0,30] screen_x=56 nbin=96
# SCREEN y=0.3333 I=3.33709096
# SCREEN y=1.0000 I=7.20711873
# SCREEN y=1.6667 I=0.79246774
# SCREEN y=2.3333 I=3.37724689
# SCREEN y=3.0000 I=0.05458354
# SCREEN y=3.6667 I=2.25623879
# SCREEN y=4.3333 I=1.07456186
# SCREEN y=5.0000 I=2.84982910
# SCREEN y=5.6667 I=4.66237141
# SCREEN y=6.3333 I=0.00000000
# SCREEN y=7.0000 I=2.88204524
# SCREEN y=7.6667 I=2.38085208
# SCREEN y=8.3333 I=2.27213272
# SCREEN y=9.0000 I=4.11381803
# SCREEN y=9.6667 I=3.14428854
# SCREEN y=10.3333 I=2.32973933
# SCREEN y=11.0000 I=3.36786607
# SCREEN y=11.6667 I=7.37283382
# SCREEN y=12.3333 I=5.44574719
# SCREEN y=13.0000 I=4.93200949
# SCREEN y=13.6667 I=7.79812713
# SCREEN y=14.3333 I=0.00000000
# SCREEN y=15.0000 I=15.73715858
# SCREEN y=15.6667 I=0.00000000
# SCREEN y=16.3333 I=8.51607727
# SCREEN y=17.0000 I=0.00000000
# SCREEN y=17.6667 I=6.61365154
# SCREEN y=18.3333 I=2.26667903
# SCREEN y=19.0000 I=6.49175249
# SCREEN y=19.6667 I=0.00000000
# SCREEN y=20.3333 I=5.90332401
# SCREEN y=21.0000 I=0.00000000
# SCREEN y=21.6667 I=9.51588633
# SCREEN y=22.3333 I=0.00000000
# SCREEN y=23.0000 I=8.41276838
# SCREEN y=23.6667 I=25.25938698
# SCREEN y=24.3333 I=1.17233722
# SCREEN y=25.0000 I=10.54212884
# SCREEN y=25.6667 I=2.11986182
# SCREEN y=26.3333 I=9.50882006
# SCREEN y=27.0000 I=6.13984186
# SCREEN y=27.6667 I=11.71194416
# SCREEN y=28.3333 I=8.69776304
# SCREEN y=29.0000 I=2.57383151
# SCREEN y=29.6667 I=13.81455513
# SCREEN y=30.3333 I=0.00000000
# SCREEN y=31.0000 I=15.84789003
# SCREEN y=31.6667 I=14.07202555
# SCREEN y=32.3333 I=0.00000000
# SCREEN y=33.0000 I=16.70241262
# SCREEN y=33.6667 I=0.00000000
# SCREEN y=34.3333 I=7.90657343
# SCREEN y=35.0000 I=3.72930667
# SCREEN y=35.6667 I=4.38187308
# SCREEN y=36.3333 I=11.44611121
# SCREEN y=37.0000 I=0.00000000
# SCREEN y=37.6667 I=11.12255124
# SCREEN y=38.3333 I=5.85578596
# SCREEN y=39.0000 I=1.76678805
# SCREEN y=39.6667 I=7.29246114
# SCREEN y=40.3333 I=9.14402924
# SCREEN y=41.0000 I=6.56145471
# SCREEN y=41.6667 I=5.91900322
# SCREEN y=42.3333 I=3.40145596
# SCREEN y=43.0000 I=0.58534545
# SCREEN y=43.6667 I=5.82118425
# SCREEN y=44.3333 I=6.42781473
# SCREEN y=45.0000 I=0.00000000
# SCREEN y=45.6667 I=12.74299868
# SCREEN y=46.3333 I=0.00000000
# SCREEN y=47.0000 I=6.76801144
# SCREEN y=47.6667 I=0.00000000
# SCREEN y=48.3333 I=11.83997309
# SCREEN y=49.0000 I=0.00000000
# SCREEN y=49.6667 I=8.95115612
# SCREEN y=50.3333 I=0.45040125
# SCREEN y=51.0000 I=3.16870237
# SCREEN y=51.6667 I=5.74732326
# SCREEN y=52.3333 I=0.00000000
# SCREEN y=53.0000 I=2.38417931
# SCREEN y=53.6667 I=2.24075234
# SCREEN y=54.3333 I=0.00000000
# SCREEN y=55.0000 I=3.48428740
# SCREEN y=55.6667 I=0.00000000
# SCREEN y=56.3333 I=4.79208522
# SCREEN y=57.0000 I=0.64361289
# SCREEN y=57.6667 I=0.19971965
# SCREEN y=58.3333 I=5.76729796
# SCREEN y=59.0000 I=0.00000000
# SCREEN y=59.6667 I=2.56131225
# SCREEN y=60.3333 I=3.95045276
# SCREEN y=61.0000 I=0.00000000
# SCREEN y=61.6667 I=6.89224172
# SCREEN y=62.3333 I=0.00000000
# SCREEN y=63.0000 I=6.24408010
# SCREEN y=63.6667 I=0.00000000
# SCREENCELL y=56.2765 x=55.2368 I=4.79208522
# SCREENCELL y=49.6441 x=56.3776 I=0.45040125
# SCREENCELL y=54.0119 x=54.3953 I=0.03358522
# SCREENCELL y=9.4421 x=55.6894 I=4.18790626
# SCREENCELL y=19.8711 x=54.7251 I=6.49175249
# SCREENCELL y=9.0716 x=54.2919 I=4.57889657
# SCREENCELL y=33.6797 x=53.9643 I=16.70241262
# SCREENCELL y=43.8080 x=55.3025 I=6.42781473
# SCREENCELL y=11.0128 x=55.5127 I=2.32973933
# SCREENCELL y=51.0306 x=56.1275 I=5.74732326
# SCREENCELL y=49.9958 x=55.0384 I=3.16870237
# SCREENCELL y=15.8770 x=54.4570 I=7.89389961
# SCREENCELL y=15.0944 x=55.6372 I=7.84325897
# SCREENCELL y=57.6018 x=54.8931 I=5.96701761
# SCREENCELL y=39.6788 x=55.5247 I=16.43649038
# SCREENCELL y=25.8610 x=53.1298 I=11.71446606
# SCREENCELL y=63.3090 x=55.6776 I=6.24408010
# SCREENCELL y=3.1880 x=55.0680 I=2.25623879
# SCREENCELL y=1.8956 x=55.2786 I=3.43183044
# SCREENCELL y=1.6022 x=56.4914 I=7.99958647
# SCREENCELL y=37.7764 x=54.0521 I=11.12255124
# SCREENCELL y=41.0981 x=55.7642 I=12.48045793
# SCREENCELL y=36.3993 x=54.0526 I=11.44611121
# SCREENCELL y=4.4196 x=55.3814 I=3.92439096
# SCREENCELL y=12.9914 x=56.9557 I=4.93200949
# SCREENCELL y=38.2616 x=55.3735 I=7.62257401
# SCREENCELL y=22.7181 x=55.0093 I=9.51588633
# SCREENCELL y=54.9843 x=55.4908 I=3.45070218
# SCREENCELL y=41.1370 x=57.1207 I=3.98680142
# SCREENCELL y=61.1930 x=54.9850 I=6.89224172
# SCREENCELL y=26.6936 x=51.9245 I=2.11986182
# SCREENCELL y=35.0591 x=53.9787 I=7.90657343
# SCREENCELL y=24.5229 x=52.9937 I=20.99168381
# SCREENCELL y=47.3212 x=55.7146 I=4.93030627
# SCREENCELL y=18.5187 x=54.6045 I=6.61365154
# SCREENCELL y=52.3098 x=55.9480 I=2.38417931
# SCREENCELL y=28.8568 x=54.7500 I=7.25570381
# SCREENCELL y=27.1683 x=53.2946 I=9.50882006
# SCREENCELL y=11.7447 x=54.3830 I=3.36786607
# SCREENCELL y=16.4752 x=55.6701 I=8.51607727
# SCREENCELL y=56.6434 x=53.9141 I=0.64361289
# SCREENCELL y=27.5831 x=54.6097 I=11.71194416
# SCREENCELL y=19.0988 x=55.9462 I=2.26667903
# SCREENCELL y=28.4174 x=53.4589 I=4.01589074
# SCREENCELL y=6.7922 x=56.0110 I=2.88204524
# SCREENCELL y=32.3819 x=53.8822 I=14.07202555
# SCREENCELL y=29.6509 x=53.6297 I=7.78975036
# SCREENCELL y=24.9597 x=54.2135 I=4.26770317
# SCREENCELL y=57.9424 x=53.6071 I=0.01864401
# SCREENCELL y=24.1244 x=55.1848 I=8.41276838
# SCREENCELL y=34.4796 x=52.7634 I=1.56141651
# SCREENCELL y=13.0758 x=54.4271 I=5.44574719
# SCREENCELL y=10.3645 x=54.4130 I=3.14428854
# SCREENCELL y=21.3030 x=54.8704 I=5.90332401
# SCREENCELL y=31.0448 x=53.8079 I=15.84789003
# SCREENCELL y=46.4511 x=54.6021 I=6.76801144
# SCREENCELL y=53.7150 x=55.6869 I=2.24075234
# SCREENCELL y=35.4936 x=55.3870 I=6.54976324
# SCREENCELL y=58.9231 x=54.5157 I=2.54266824
# SCREENCELL y=30.2288 x=54.9261 I=6.02480477
# SCREENCELL y=13.6340 x=55.7012 I=7.79812713
# SCREENCELL y=59.9024 x=55.4253 I=3.95045276
# SCREENCELL y=48.6636 x=55.3495 I=8.95115612
# SCREENCELL y=0.6678 x=55.4497 I=3.33709096
# SCREENCELL y=12.3217 x=55.6445 I=7.37283382
# SCREENCELL y=42.5414 x=55.5754 I=5.82118425
# SCREENCELL y=47.7307 x=54.3033 I=6.90966682
# SCREENCELL y=5.6312 x=55.6723 I=4.66237141
# SCREENCELL y=27.9552 x=52.1612 I=6.13984186
# SCREENCELL y=45.1187 x=55.0318 I=12.74299868
