{
  "time": [
    0.0,
    0.5,
    1.0,
    1.5,
    2.0,
    2.5,
    3.0,
    3.5,
    4.0,
    4.5,
    5.0,
    5.5,
    6.0,
    6.5,
    7.0,
    7.5,
    8.0,
    8.5,
    9.0,
    9.5,
    10.0,
    10.5,
    11.0,
    11.5,
    12.0,
    12.5,
    13.0,
    13.5,
    14.0,
    14.5,
    15.0,
    15.5,
    16.0,
    16.5,
    17.0,
    17.5,
    18.0,
    18.5,
    19.0,
    19.5,
    20.0,
    20.5,
    21.0,
    21.5,
    22.0,
    22.5,
    23.0,
    23.5,
    24.0,
    24.5
  ],
  "energy_density_peak": [
    22265.515202242343,
    14694.05040496992,
    8725.517922037578,
    4325.506542400168,
    1458.8208664710896,
    120.88620792679448,
    10.124051433536101,
    5.652650482750656,
    5.008491222415385,
    3.4734610191974964,
    1.4684393128749007,
    1.3615703765681668,
    0.7241821629102795,
    0.44374719495969284,
    0.3218983172607276,
    0.33720303295162823,
    0.31197564220883317,
    0.21079543907837203,
    0.16630230194568887,
    0.1444223095560035,
    0.16514938484641994,
    0.13375511765716225,
    0.10342297061206518,
    0.10168885522767714,
    0.12298399742642822,
    0.09564857705471831,
    0.0857898125625502,
    0.07709871922663239,
    0.09867895600557727,
    0.1165271230483845,
    0.10087911860244439,
    0.08383600891440365,
    0.10174034325885303,
    0.16159409637792949,
    0.16857443450510204,
    0.1131288483522815,
    0.1515781828192671,
    0.11087722440735527,
    0.14734040929193204,
    0.12723309062253307,
    0.1325323449460372,
    0.13295250975518258,
    0.11645849167062625,
    0.11081685453362003,
    0.15229689586760048,
    0.12947846681985598,
    0.1550927628052335,
    0.10836671356063811,
    0.16787964947218947,
    0.21014965794937274
  ],
  "b_charge_total": [
    1.0,
    1.0,
    1.0,
    1.0,
    1.0,
    1.0,
    1.0,
    1.0,
    1.0,
    1.0,
    1.0,
    1.0,
    1.0,
    1.0,
    1.0,
    1.0,
    1.0,
    1.0,
    1.0,
    1.0,
    1.0,
    1.0,
    1.0,
    1.0,
    1.0,
    1.0,
    1.0,
    1.0,
    1.0,
    1.0,
    1.0,
    1.0,
    1.0,
    1.0,
    1.0,
    1.0,
    1.0,
    1.0,
    1.0,
    1.0,
    1.0,
    1.0,
    1.0,
    1.0,
    1.0,
    1.0,
    1.0,
    1.0,
    1.0,
    1.0
  ],
  "mutual_shear_amplitude": [
    44.06070524723502,
    32.35071807186534,
    21.594350805043582,
    12.657852523081775,
    5.886392993663929,
    1.3948494750791032,
    0.6405066707147913,
    0.6284086875670629,
    0.6264383873356949,
    0.6192992935137486,
    0.5981321246975709,
    0.6052455001161654,
    0.6031499076485973,
    0.5987824656072754,
    0.5983409521507109,
    0.6000869870709599,
    0.6027612672118797,
    0.6053437227367527,
    0.6089072011109975,
    0.5983662155873165,
    0.5815899708792824,
    0.5737822544070419,
    0.5880732488200963,
    0.6128493619697523,
    0.6243868072984642,
    0.6085473651361184,
    0.575767368655157,
    0.5594227620892647,
    0.5785244713335853,
    0.6104997166106869,
    0.6119844187796788,
    0.5852205193528109,
    0.5729880803781996,
    0.5891448027684387,
    0.6018823273330836,
    0.602411801612782,
    0.6033968980861125,
    0.6012963493260011,
    0.6010241879193727,
    0.5973018672892764,
    0.5915831529007738,
    0.579737454927295,
    0.5706793977426801,
    0.5805966233119295,
    0.5785432829755384,
    0.5779281931949205,
    0.5947920566767932,
    0.6050627598320718,
    0.6163105843933618,
    0.6035343700913854
  ]
}