# freecell — v89 free-cell substance test (exp=ring)
# laws = laws_V2g VERBATIM (defaults): C=1 w1=1.65 w2=2.9 q_detune=1.2
# gamma_res=0.25 gamma_res_m=0.1 p_gate=8 lock_floor=0.005 k_dep=1.2 k_dep_m=2 cap=2.5
# e_s0=1 es_floor=0.05 e_cond=0 f_conv=0.25 f_evap=0.5 s_pull=0.15
# kappa_lock=1 kappa_align=0.5 s_k=0.06 s_disp=0.3 sigma_tumble=0.01
# comb_limit=6 rough_k=0.35 gamma_rough=0.5 mob_sym=1 mob_floor=0.004 field_J=1.8
# quant_A0=1.15 quant_mode=2 (A0eff=1.15)
# v91 radiance (laws_V3r candidate A): k_rad=0.05 p_rad=4 rad_clock=0
# GEOMETRY (apparatus): cfac=1.15 k_rep=1 mob_geo=1 kappa_bond=1 freeze_geo=0
# bath=1 bath_frac=1 jam_sweeps=800 jam_k=0.1 L=16 dt=0.02 T=5000 seed=20260802 diag_every=200
# JAM sweeps=800 max_step=1.402e-04 (tol 1.0e-04, k_end=0.0010) — witness for the settle
# CARVE removed 2700 bath cells (clear=14.45)
# SEED ring: n=48 x=0.5000 d*=1.733292 d_edge=1.733292 edges=48
# SEED noise: amp=0.3 (e1-class churn)
# INIT NC=48 slots=68 live=4 phi_nom=0.0252 z_live=0.17 dbar=0.1332 sigma_d=0.00% E0=107.457607670
#
# t | drift_rel | phi_nom z_live NLa NLd births deaths | dbar sigma_d% | maxstep maxbond | Em_tag ret com_dev rms conn z_tag | pair: d delta gf gb | core/far
t=    0.00 +0.00e+00 | 0.0252  0.17      4    0      0      0 | 0.1332  0.00 | 0.00e+00 0.00e+00 |  60.0000 1.0000  0.0000  6.8091 0.042  0.17 | edge_dev mean=0.0000 max=0.0000 gg=0.0000 shape_dev=0.0000 xbar=0.5000
# CONVTAG t=0.00 rough=0.000000 cond=0.000000 evap=0.000000 backs=0.000000
# QATOM t=1.26 dir=DF w=1.76599359 e=0.323226600474 i=5 Em=0.9832
# QATOM t=1.60 dir=DF w=1.75582475 e=0.321365416524 i=41 Em=1.0214
t=    4.00 +1.32e-16 | 0.0255  1.75     42    0     31     25 | 1.4348 21.82 | 3.04e-03 5.00e-02 |  56.9950 0.9499  0.0554  6.6108 0.812  1.75 | edge_dev mean=2.1961 max=12.7459 gg=0.3529 shape_dev=1.6743 xbar=0.4769
# CONVTAG t=4.00 rough=3.004950 cond=0.000000 evap=0.000000 backs=0.391950
# QATOM t=5.00 dir=DF w=1.79377677 e=0.328311705084 i=34 Em=1.0578
t=    8.00 +1.32e-16 | 0.0255  2.54     61    0     32     36 | 1.5815  1.26 | 1.64e-03 1.95e-03 |  56.3315 0.9389  0.1630  6.5599 1.000  2.54 | edge_dev mean=2.1988 max=12.1489 gg=0.3016 shape_dev=2.3525 xbar=0.4698
# CONVTAG t=8.00 rough=3.668550 cond=0.000000 evap=0.000000 backs=0.478506
t=   12.00 +2.64e-16 | 0.0256  2.54     61    0     33     36 | 1.6016  0.79 | 2.63e-04 1.13e-03 |  55.3468 0.9224  0.1801  6.5462 1.000  2.54 | edge_dev mean=2.1924 max=12.1852 gg=0.3102 shape_dev=2.1878 xbar=0.4612
# CONVTAG t=12.00 rough=3.668550 cond=0.000000 evap=0.984602 backs=0.606933
# QATOM t=12.78 dir=DF w=1.86926961 e=0.342129022302 i=2 Em=1.1375
t=   16.00 +5.29e-16 | 0.0256  2.50     60    0     33     36 | 1.6064  0.78 | 8.75e-05 5.85e-04 |  55.2223 0.9204  0.2058  6.5564 1.000  2.50 | edge_dev mean=2.1951 max=12.2061 gg=0.3183 shape_dev=2.0555 xbar=0.4603
# CONVTAG t=16.00 rough=3.668550 cond=0.189159 evap=1.326731 backs=0.651558
t=   20.00 +5.29e-16 | 0.0256  2.42     58    0     33     36 | 1.6082  0.73 | 9.33e-05 3.95e-04 |  55.5700 0.9262  0.2561  6.5798 0.979  2.42 | edge_dev mean=2.1976 max=12.2230 gg=0.2325 shape_dev=1.9881 xbar=0.4631
# CONVTAG t=20.00 rough=3.668550 cond=0.759553 evap=1.634980 backs=0.691765
# QATOM t=20.80 dir=FD w=1.03495975 e=0.189426804036 i=20 Em=1.2378
# QATOM t=22.90 dir=FD w=1.28491183 e=0.235175079505 i=29 Em=0.5919
t=   24.00 +3.97e-16 | 0.0255  1.92     46    0     33     36 | 1.6083  0.76 | 6.38e-05 2.15e-04 |  56.6561 0.9443  0.1453  6.6275 0.875  1.92 | edge_dev mean=2.1984 max=12.2258 gg=0.1954 shape_dev=1.9576 xbar=0.4721
# CONVTAG t=24.00 rough=3.668550 cond=2.009393 evap=1.986182 backs=0.737574
# QATOM t=26.88 dir=FD w=1.04207324 e=0.190728773241 i=17 Em=1.2154
t=   28.00 +6.61e-16 | 0.0254  1.58     38    0     33     36 | 1.6091  0.82 | 1.07e-05 3.01e-05 |  57.7420 0.9624  0.1910  6.6070 0.729  1.58 | edge_dev mean=2.1987 max=12.2282 gg=0.1491 shape_dev=1.9483 xbar=0.4812
# CONVTAG t=28.00 rough=3.668550 cond=2.953648 evap=1.986182 backs=0.737574
# QATOM t=30.56 dir=FD w=0.958906294 e=0.175506878151 i=31 Em=1.5015
t=   32.00 +6.61e-16 | 0.0253  1.25     30    0     33     36 | 1.6087  0.73 | 1.29e-06 9.16e-07 |  58.5596 0.9760  0.1441  6.6150 0.417  1.25 | edge_dev mean=2.1987 max=12.2288 gg=0.1076 shape_dev=1.9473 xbar=0.4880
# CONVTAG t=32.00 rough=3.668550 cond=3.664656 evap=1.986182 backs=0.737574
t=   36.00 +6.61e-16 | 0.0253  1.04     25    0     33     36 | 1.6100  0.71 | 1.24e-07 5.47e-08 |  59.4243 0.9904  0.1402  6.5949 0.312  1.04 | edge_dev mean=2.1987 max=12.2288 gg=0.1363 shape_dev=1.9473 xbar=0.4952
# CONVTAG t=36.00 rough=3.668550 cond=4.416556 evap=1.986182 backs=0.737574
# QATOM t=36.08 dir=FD w=1.09672963 e=0.200732433611 i=30 Em=1.0510
t=   40.00 +6.61e-16 | 0.0252  1.00     24    0     33     36 | 1.6105  0.76 | 4.37e-05 1.03e-06 |  60.1092 1.0018  0.1281  6.5961 0.312  1.00 | edge_dev mean=2.1986 max=12.2288 gg=0.0700 shape_dev=1.9478 xbar=0.5009
# CONVTAG t=40.00 rough=3.668550 cond=5.266056 evap=2.278207 backs=0.775664
# QATOM t=40.00 dir=DF w=1.69969071 e=0.311091304543 i=5 Em=1.4712
t=   44.00 +6.61e-16 | 0.0252  0.92     22    0     33     36 | 1.6127  0.85 | 7.45e-06 3.17e-06 |  60.4373 1.0073  0.1405  6.5750 0.312  0.92 | edge_dev mean=2.1983 max=12.2288 gg=0.0822 shape_dev=1.9519 xbar=0.5036
# CONVTAG t=44.00 rough=3.668550 cond=5.821911 evap=2.589298 backs=0.816241
# QATOM t=44.32 dir=FD w=0.95820099 e=0.175377787723 i=0 Em=1.5040
# QATOM t=46.48 dir=FD w=1.04058177 e=0.19045579247 i=34 Em=1.2200
t=   48.00 +7.93e-16 | 0.0251  0.71     17    0     33     36 | 1.6136  0.82 | 4.17e-07 2.21e-07 |  61.6269 1.0271  0.0596  6.5816 0.229  0.71 | edge_dev mean=2.1983 max=12.2288 gg=0.0855 shape_dev=1.9519 xbar=0.5136
# CONVTAG t=48.00 rough=3.668550 cond=7.147345 evap=2.924039 backs=0.859903
# QATOM t=50.50 dir=FD w=0.920603157 e=0.168496324591 i=27 Em=1.6505
t=   52.00 +7.93e-16 | 0.0251  0.54     13    0     33     36 | 1.6144  0.78 | 2.33e-08 7.73e-09 |  62.1433 1.0357  0.0843  6.5877 0.188  0.54 | edge_dev mean=2.1983 max=12.2288 gg=0.0645 shape_dev=1.9519 xbar=0.5179
# CONVTAG t=52.00 rough=3.668550 cond=7.841770 evap=3.206150 backs=0.896700
t=   56.00 +1.19e-15 | 0.0250  0.46     11    0     33     36 | 1.6151  0.81 | 1.02e-09 4.48e-12 |  62.5699 1.0428  0.1057  6.6010 0.083  0.46 | edge_dev mean=2.1983 max=12.2288 gg=0.0499 shape_dev=1.9519 xbar=0.5214
# CONVTAG t=56.00 rough=3.668550 cond=8.212712 evap=3.206150 backs=0.896700
# QATOM t=57.88 dir=FD w=1.00371039 e=0.183707290579 i=40 Em=1.3415
t=   60.00 +1.45e-15 | 0.0250  0.46     11    0     33     36 | 1.6151  0.81 | 1.79e-11 2.98e-16 |  62.9740 1.0496  0.0940  6.6183 0.083  0.46 | edge_dev mean=2.1983 max=12.2288 gg=0.0688 shape_dev=1.9519 xbar=0.5248
# CONVTAG t=60.00 rough=3.668550 cond=8.564122 evap=3.206150 backs=0.896700
t=   64.00 +1.59e-15 | 0.0250  0.46     11    0     33     36 | 1.6151  0.81 | 3.17e-13 2.53e-16 |  63.3920 1.0565  0.0701  6.6045 0.083  0.46 | edge_dev mean=2.1983 max=12.2288 gg=0.0506 shape_dev=1.9519 xbar=0.5283
# CONVTAG t=64.00 rough=3.668550 cond=8.927534 evap=3.206150 backs=0.896700
# QATOM t=67.92 dir=DF w=1.8931364 e=0.346497318616 i=29 Em=1.1080
t=   68.00 +1.59e-15 | 0.0250  0.46     11    0     33     36 | 1.6151  0.81 | 5.63e-15 1.87e-17 |  62.9544 1.0492  0.1027  6.5618 0.083  0.46 | edge_dev mean=2.1983 max=12.2288 gg=0.1016 shape_dev=1.9519 xbar=0.5246
# CONVTAG t=68.00 rough=3.668550 cond=9.092141 evap=3.832986 backs=0.978461
t=   72.00 +1.72e-15 | 0.0250  0.42     10    0     33     36 | 1.6165  0.80 | 8.87e-16 2.35e-18 |  62.7526 1.0459  0.0741  6.5527 0.083  0.42 | edge_dev mean=2.1983 max=12.2288 gg=0.0601 shape_dev=1.9519 xbar=0.5229
# CONVTAG t=72.00 rough=3.668550 cond=9.419681 evap=4.411481 backs=1.053917
# QATOM t=72.20 dir=DF w=1.51797398 e=0.277832022005 i=0 Em=1.8966
t=   76.00 +1.72e-15 | 0.0250  0.42     10    0     33     36 | 1.6165  0.80 | 8.87e-16 1.95e-16 |  62.7291 1.0455  0.0845  6.5761 0.083  0.42 | edge_dev mean=2.1983 max=12.2288 gg=0.0192 shape_dev=1.9519 xbar=0.5227
# CONVTAG t=76.00 rough=3.668550 cond=9.640838 evap=4.689313 backs=1.090156
t=   80.00 +1.72e-15 | 0.0250  0.42     10    0     33     36 | 1.6165  0.80 | 8.87e-16 1.94e-16 |  62.4493 1.0408  0.0510  6.5708 0.083  0.42 | edge_dev mean=2.1983 max=12.2288 gg=0.0566 shape_dev=1.9519 xbar=0.5204
# CONVTAG t=80.00 rough=3.668550 cond=9.640838 evap=4.969130 backs=1.126654
# QATOM t=82.60 dir=FD w=1.03062774 e=0.188633923567 i=13 Em=1.2520
t=   84.00 +1.72e-15 | 0.0251  0.50     12    0     33     36 | 1.6126  0.89 | 9.69e-06 6.58e-08 |  62.0751 1.0346  0.0481  6.5690 0.104  0.50 | edge_dev mean=2.1980 max=12.2309 gg=0.0385 shape_dev=1.9509 xbar=0.5173
# CONVTAG t=84.00 rough=3.668550 cond=9.829472 evap=5.560286 backs=1.203761
# QATOM t=87.94 dir=FD w=0.897423032 e=0.164253708339 i=27 Em=1.7470
t=   88.00 +1.98e-15 | 0.0250  0.50     12    0     33     36 | 1.6127  0.89 | 1.62e-07 3.38e-10 |  62.5780 1.0430  0.0225  6.5805 0.104  0.50 | edge_dev mean=2.1980 max=12.2314 gg=0.0752 shape_dev=1.9509 xbar=0.5215
# CONVTAG t=88.00 rough=3.668550 cond=10.506521 evap=5.835943 backs=1.239716
t=   92.00 +2.25e-15 | 0.0250  0.50     12    0     33     36 | 1.6127  0.89 | 2.84e-09 1.81e-11 |  62.6819 1.0447  0.0466  6.5756 0.104  0.50 | edge_dev mean=2.1980 max=12.2314 gg=0.0395 shape_dev=1.9509 xbar=0.5223
# CONVTAG t=92.00 rough=3.668550 cond=10.853576 evap=6.131142 backs=1.278221
t=   96.00 +2.51e-15 | 0.0250  0.46     11    0     33     36 | 1.6137  0.90 | 4.96e-11 8.58e-13 |  62.8931 1.0482  0.0623  6.5852 0.104  0.46 | edge_dev mean=2.1980 max=12.2314 gg=0.0741 shape_dev=1.9509 xbar=0.5241
# CONVTAG t=96.00 rough=3.668550 cond=11.037178 evap=6.131142 backs=1.278221
# QATOM t=96.20 dir=FD w=0.936128391 e=0.171337879938 i=8 Em=1.5887
t=  100.00 +2.64e-15 | 0.0250  0.42     10    0     33     36 | 1.6154  0.88 | 3.67e-13 1.52e-14 |  63.2583 1.0543  0.0454  6.6050 0.083  0.42 | edge_dev mean=2.1980 max=12.2314 gg=0.0867 shape_dev=1.9509 xbar=0.5272
# CONVTAG t=100.00 rough=3.668550 cond=11.594026 evap=6.406263 backs=1.314106
t=  104.00 +2.38e-15 | 0.0250  0.42     10    0     33     36 | 1.6154  0.88 | 9.02e-16 5.01e-16 |  63.2583 1.0543  0.0454  6.6050 0.083  0.42 | edge_dev mean=2.1980 max=12.2314 gg=0.1216 shape_dev=1.9509 xbar=0.5272
# CONVTAG t=104.00 rough=3.668550 cond=11.594026 evap=6.406263 backs=1.314106
t=  108.00 +2.25e-15 | 0.0249  0.42     10    0     33     36 | 1.6154  0.88 | 9.01e-16 5.31e-16 |  63.4431 1.0574  0.0381  6.5976 0.083  0.42 | edge_dev mean=2.1980 max=12.2314 gg=0.1387 shape_dev=1.9509 xbar=0.5287
# CONVTAG t=108.00 rough=3.668550 cond=11.754682 evap=6.406263 backs=1.314106
# QATOM t=108.00 dir=FD w=0.996165947 e=0.182326444871 i=37 Em=1.3671
t=  112.00 +1.98e-15 | 0.0250  0.54     13    0     33     36 | 1.6136  0.88 | 1.30e-04 6.67e-05 |  62.7553 1.0459  0.0147  6.6085 0.125  0.54 | edge_dev mean=2.1983 max=12.2314 gg=0.0623 shape_dev=1.9499 xbar=0.5230
# CONVTAG t=112.00 rough=3.668550 cond=11.937008 evap=7.303754 backs=1.431170
# QATOM t=112.54 dir=DF w=1.56453958 e=0.286354838791 i=42 Em=1.7783
t=  116.00 +1.98e-15 | 0.0250  0.54     13    0     33     36 | 1.6167  0.84 | 4.65e-06 3.82e-06 |  62.2993 1.0383  0.1029  6.5973 0.104  0.54 | edge_dev mean=2.1983 max=12.2314 gg=0.0971 shape_dev=1.9483 xbar=0.5192
# CONVTAG t=116.00 rough=3.668550 cond=12.293388 evap=8.169577 backs=1.544104
# QATOM t=118.36 dir=DF w=1.60855617 e=0.294411115594 i=13 Em=1.6726
t=  120.00 +2.25e-15 | 0.0251  0.58     14    0     33     36 | 1.6153  0.88 | 7.19e-07 3.91e-07 |  62.1098 1.0352  0.1303  6.6170 0.104  0.58 | edge_dev mean=2.1983 max=12.2314 gg=0.1140 shape_dev=1.9481 xbar=0.5176
# CONVTAG t=120.00 rough=3.668550 cond=12.656305 evap=8.776426 backs=1.623258
t=  124.00 +2.64e-15 | 0.0250  0.54     13    0     33     36 | 1.6163  0.88 | 3.21e-08 2.87e-08 |  62.3121 1.0385  0.1036  6.6313 0.104  0.54 | edge_dev mean=2.1983 max=12.2314 gg=0.0760 shape_dev=1.9481 xbar=0.5193
# CONVTAG t=124.00 rough=3.668550 cond=12.832280 evap=8.776426 backs=1.623258
# QATOM t=124.80 dir=FD w=0.897212727 e=0.164215216634 i=47 Em=1.7480
t=  128.00 +2.91e-15 | 0.0251  0.75     18    0     33     36 | 1.6127  0.88 | 7.07e-05 7.66e-05 |  61.7903 1.0298  0.0839  6.6364 0.208  0.75 | edge_dev mean=2.1980 max=12.2314 gg=0.0904 shape_dev=1.9467 xbar=0.5149
# CONVTAG t=128.00 rough=3.668550 cond=13.168525 evap=9.684953 backs=1.741761
# QATOM t=128.90 dir=FD w=0.971969865 e=0.177897879778 i=35 Em=1.4533
# QATOM t=130.86 dir=DF w=1.70211105 e=0.311534296174 i=32 Em=1.4662
t=  132.00 +3.04e-15 | 0.0251  0.83     20    0     33     36 | 1.6119  0.83 | 3.34e-05 2.46e-05 |  61.1834 1.0197  0.1801  6.6137 0.167  0.83 | edge_dev mean=2.1982 max=12.2314 gg=0.1000 shape_dev=1.9436 xbar=0.5099
# CONVTAG t=132.00 rough=3.668550 cond=13.725768 evap=10.932670 backs=1.904507
# QATOM t=134.70 dir=FD w=0.873032568 e=0.159789565983 i=27 Em=1.8540
t=  136.00 +3.04e-15 | 0.0251  0.71     17    0     33     36 | 1.6150  0.85 | 4.31e-06 3.63e-07 |  61.8811 1.0314  0.2133  6.5573 0.188  0.71 | edge_dev mean=2.1980 max=12.2314 gg=0.1256 shape_dev=1.9429 xbar=0.5157
# CONVTAG t=136.00 rough=3.668550 cond=14.852444 evap=11.530629 backs=1.982502
# QATOM t=138.08 dir=FD w=0.957033086 e=0.175164028214 i=24 Em=1.5080
t=  140.00 +3.31e-15 | 0.0251  0.75     18    0     33     36 | 1.6172  0.95 | 9.60e-06 4.77e-07 |  62.1327 1.0355  0.1847  6.5390 0.188  0.75 | edge_dev mean=2.1980 max=12.2375 gg=0.0665 shape_dev=1.9414 xbar=0.5178
# CONVTAG t=140.00 rough=3.668550 cond=15.359109 evap=11.861730 backs=2.025689
t=  144.00 +3.44e-15 | 0.0250  0.54     13    0     33     36 | 1.6177  1.08 | 9.25e-08 5.73e-08 |  62.5840 1.0431  0.1458  6.5551 0.104  0.54 | edge_dev mean=2.1980 max=12.2377 gg=0.0537 shape_dev=1.9414 xbar=0.5215
# CONVTAG t=144.00 rough=3.668550 cond=15.751536 evap=11.861730 backs=2.025689
# QATOM t=144.24 dir=DF w=1.56718519 e=0.286839059685 i=20 Em=1.7718
t=  148.00 +3.97e-15 | 0.0251  0.46     11    0     33     36 | 1.6200  1.11 | 1.96e-09 1.18e-08 |  61.6490 1.0275  0.1029  6.5861 0.104  0.46 | edge_dev mean=2.1980 max=12.2377 gg=0.0502 shape_dev=1.9414 xbar=0.5137
# CONVTAG t=148.00 rough=3.668550 cond=15.945708 evap=13.020061 backs=2.176775
# QATOM t=149.74 dir=FD w=1.02149652 e=0.186962653849 i=30 Em=1.2818
t=  152.00 +4.23e-15 | 0.0251  0.54     13    0     33     36 | 1.6206  1.06 | 1.01e-06 7.28e-09 |  61.7920 1.0299  0.0575  6.5984 0.104  0.54 | edge_dev mean=2.1979 max=12.2377 gg=0.0843 shape_dev=1.9420 xbar=0.5149
# CONVTAG t=152.00 rough=3.668550 cond=16.345228 evap=13.336488 backs=2.218048
# QATOM t=155.32 dir=DF w=1.50895368 e=0.276181052938 i=0 Em=1.9204
t=  156.00 +4.50e-15 | 0.0251  0.71     17    0     33     36 | 1.6154  0.99 | 1.04e-04 6.63e-05 |  61.5375 1.0256  0.0872  6.6147 0.146  0.71 | edge_dev mean=2.1982 max=12.2377 gg=0.0688 shape_dev=1.9410 xbar=0.5128
# CONVTAG t=156.00 rough=3.668550 cond=16.909415 evap=14.239806 backs=2.335872
# QATOM t=157.98 dir=FD w=1.01150302 e=0.185133562081 i=6 Em=1.3151
t=  160.00 +4.50e-15 | 0.0250  0.54     13    0     33     36 | 1.6116  0.80 | 1.60e-06 1.55e-07 |  62.3293 1.0388  0.0583  6.6407 0.104  0.54 | edge_dev mean=2.1985 max=12.2377 gg=0.0682 shape_dev=1.9400 xbar=0.5194
# CONVTAG t=160.00 rough=3.668550 cond=18.130878 evap=14.852612 backs=2.415804
# QATOM t=160.48 dir=FD w=1.04830069 e=0.191868571571 i=22 Em=1.1958
t=  164.00 +4.76e-15 | 0.0250  0.50     12    0     33     36 | 1.6110  0.82 | 3.93e-08 2.07e-09 |  62.9412 1.0490  0.0956  6.6374 0.104  0.50 | edge_dev mean=2.1985 max=12.2377 gg=0.0689 shape_dev=1.9400 xbar=0.5245
# CONVTAG t=164.00 rough=3.668550 cond=18.662896 evap=14.852612 backs=2.415804
t=  168.00 +4.89e-15 | 0.0250  0.54     13    0     33     36 | 1.6111  0.79 | 3.36e-08 8.85e-09 |  62.8313 1.0472  0.0729  6.6155 0.104  0.54 | edge_dev mean=2.1984 max=12.2377 gg=0.0476 shape_dev=1.9399 xbar=0.5236
# CONVTAG t=168.00 rough=3.668550 cond=18.831676 evap=15.156578 backs=2.455451
# QATOM t=169.70 dir=FD w=1.14108394 e=0.208850521366 i=46 Em=0.9292
t=  172.00 +5.03e-15 | 0.0250  0.54     13    0     33     36 | 1.6109  0.79 | 8.50e-06 2.83e-06 |  62.9859 1.0498  0.0470  6.6125 0.083  0.54 | edge_dev mean=2.1988 max=12.2377 gg=0.0300 shape_dev=1.9392 xbar=0.5249
# CONVTAG t=172.00 rough=3.668550 cond=19.228840 evap=15.458674 backs=2.494855
# QATOM t=172.24 dir=DF w=1.53408389 e=0.280780588531 i=47 Em=2.0387
t=  176.00 +5.16e-15 | 0.0250  0.46     11    0     33     36 | 1.6085  0.62 | 1.46e-04 1.78e-05 |  62.4559 1.0409  0.0204  6.5999 0.083  0.46 | edge_dev mean=2.1987 max=12.2377 gg=0.0422 shape_dev=1.9389 xbar=0.5205
# CONVTAG t=176.00 rough=3.668550 cond=19.792320 evap=16.636720 backs=2.648513
# QATOM t=176.12 dir=FD w=1.06881772 e=0.19562376714 i=18 Em=1.1328
t=  180.00 +5.42e-15 | 0.0250  0.54     13    0     33     36 | 1.6099  0.76 | 4.54e-05 1.51e-05 |  62.5507 1.0425  0.0363  6.6296 0.125  0.54 | edge_dev mean=2.1983 max=12.2377 gg=0.0737 shape_dev=1.9371 xbar=0.5213
# CONVTAG t=180.00 rough=3.668550 cond=20.158421 evap=16.962902 backs=2.691059
# QATOM t=183.54 dir=FD w=1.0508052 e=0.19232696737 i=30 Em=1.1880
t=  184.00 +5.95e-15 | 0.0250  0.54     13    0     33     36 | 1.6104  0.77 | 2.22e-06 5.64e-07 |  62.6993 1.0450  0.0330  6.6485 0.125  0.54 | edge_dev mean=2.1983 max=12.2377 gg=0.0941 shape_dev=1.9365 xbar=0.5225
# CONVTAG t=184.00 rough=3.668550 cond=20.532781 evap=17.244864 backs=2.727837
t=  188.00 +6.35e-15 | 0.0250  0.54     13    0     33     36 | 1.6093  0.49 | 1.02e-04 8.31e-05 |  62.4866 1.0414  0.0670  6.6737 0.104  0.54 | edge_dev mean=2.1981 max=12.2377 gg=0.0941 shape_dev=1.9360 xbar=0.5207
# CONVTAG t=188.00 rough=3.668550 cond=20.913710 evap=17.895658 backs=2.812723
# QATOM t=190.78 dir=FD w=0.894896416 e=0.163791266452 i=47 Em=1.7579
t=  192.00 +6.61e-15 | 0.0250  0.33      8    0     33     36 | 1.6111  0.54 | 1.26e-06 3.58e-07 |  63.1190 1.0520  0.0618  6.6637 0.083  0.33 | edge_dev mean=2.1979 max=12.2377 gg=0.1194 shape_dev=1.9355 xbar=0.5260
# CONVTAG t=192.00 rough=3.668550 cond=21.463621 evap=17.895658 backs=2.812723
# QATOM t=193.74 dir=FD w=1.04164247 e=0.190649930147 i=9 Em=1.2167
t=  196.00 +6.88e-15 | 0.0249  0.33      8    0     33     36 | 1.6085  0.48 | 1.06e-06 2.21e-09 |  63.4528 1.0575  0.0485  6.6402 0.083  0.33 | edge_dev mean=2.1979 max=12.2377 gg=0.0755 shape_dev=1.9354 xbar=0.5288
# CONVTAG t=196.00 rough=3.668550 cond=22.007993 evap=18.187800 backs=2.850828
t=  200.00 +7.14e-15 | 0.0250  0.38      9    0     33     36 | 1.6075  0.52 | 7.81e-06 1.02e-05 |  63.0677 1.0511  0.0948  6.6739 0.104  0.38 | edge_dev mean=2.1979 max=12.2377 gg=0.0762 shape_dev=1.9340 xbar=0.5256
# CONVTAG t=200.00 rough=3.668550 cond=22.196714 evap=18.789934 backs=2.929367
# QATOM t=201.64 dir=FD w=1.08105916 e=0.197864294556 i=44 Em=1.0964
t=  204.00 +7.41e-15 | 0.0249  0.21      5    0     33     36 | 1.6062  0.48 | 4.08e-08 2.58e-08 |  63.6341 1.0606  0.0946  6.6589 0.062  0.21 | edge_dev mean=2.1979 max=12.2377 gg=0.0843 shape_dev=1.9339 xbar=0.5303
# CONVTAG t=204.00 rough=3.668550 cond=22.955655 evap=19.096317 backs=2.969330
# QATOM t=204.50 dir=DF w=1.55447595 e=0.284512911005 i=42 Em=1.8033
t=  208.00 +7.41e-15 | 0.0250  0.21      5    0     33     36 | 1.6062  0.48 | 3.61e-11 2.30e-11 |  63.1584 1.0526  0.1336  6.6335 0.062  0.21 | edge_dev mean=2.1979 max=12.2378 gg=0.0918 shape_dev=1.9339 xbar=0.5263
# CONVTAG t=208.00 rough=3.668550 cond=23.331723 evap=20.004548 backs=3.087795
# QATOM t=210.22 dir=FD w=0.853065165 e=0.156134968545 i=47 Em=1.9462
t=  212.00 +7.41e-15 | 0.0250  0.33      8    0     33     36 | 1.6032  0.85 | 1.69e-05 1.21e-05 |  62.8537 1.0476  0.1387  6.6298 0.146  0.33 | edge_dev mean=2.1979 max=12.2378 gg=0.0668 shape_dev=1.9327 xbar=0.5238
# CONVTAG t=212.00 rough=3.668550 cond=23.852574 evap=20.908220 backs=3.205666
# QATOM t=212.92 dir=FD w=1.01870064 e=0.186450929238 i=1 Em=1.2909
t=  216.00 +7.27e-15 | 0.0250  0.33      8    0     33     36 | 1.6035  0.87 | 4.17e-07 3.56e-07 |  63.2690 1.0545  0.0975  6.6353 0.146  0.33 | edge_dev mean=2.1979 max=12.2378 gg=0.0869 shape_dev=1.9326 xbar=0.5272
# CONVTAG t=216.00 rough=3.668550 cond=24.213689 evap=20.908220 backs=3.205666
# QATOM t=219.80 dir=FD w=0.895505485 e=0.16390274327 i=0 Em=1.7551
t=  220.00 +7.27e-15 | 0.0250  0.46     11    0     33     36 | 1.6068  0.92 | 8.54e-05 1.28e-06 |  63.0346 1.0506  0.0774  6.6451 0.167  0.46 | edge_dev mean=2.1981 max=12.2378 gg=0.0600 shape_dev=1.9314 xbar=0.5253
# CONVTAG t=220.00 rough=3.668550 cond=24.559245 evap=21.539958 backs=3.288066
t=  224.00 +7.27e-15 | 0.0250  0.46     11    0     33     36 | 1.6054  0.95 | 1.38e-05 1.35e-05 |  62.8757 1.0479  0.0610  6.6461 0.083  0.46 | edge_dev mean=2.1978 max=12.2378 gg=0.0592 shape_dev=1.9297 xbar=0.5240
# CONVTAG t=224.00 rough=3.668550 cond=24.970863 evap=22.172200 backs=3.370533
# QATOM t=226.08 dir=FD w=1.04078024 e=0.190492117212 i=28 Em=1.2195
t=  228.00 +7.27e-15 | 0.0250  0.46     11    0     33     36 | 1.6055  0.94 | 1.42e-07 1.49e-07 |  62.8003 1.0467  0.0595  6.6514 0.083  0.46 | edge_dev mean=2.1978 max=12.2378 gg=0.0591 shape_dev=1.9295 xbar=0.5233
# CONVTAG t=228.00 rough=3.668550 cond=25.161355 evap=22.466744 backs=3.408951
# QATOM t=229.54 dir=FD w=1.02125184 e=0.186917869387 i=13 Em=1.2826
t=  232.00 +7.41e-15 | 0.0250  0.33      8    0     33     36 | 1.6062  0.71 | 1.60e-07 3.38e-12 |  63.1217 1.0520  0.1272  6.6439 0.062  0.33 | edge_dev mean=2.1979 max=12.2378 gg=0.0701 shape_dev=1.9293 xbar=0.5260
# CONVTAG t=232.00 rough=3.668550 cond=25.969347 evap=23.074542 backs=3.488229
# QATOM t=235.44 dir=DF w=1.64819205 e=0.301665599339 i=23 Em=1.5823
t=  236.00 +7.67e-15 | 0.0249  0.25      6    0     33     36 | 1.6023  0.56 | 8.21e-14 1.28e-15 |  63.4813 1.0580  0.1134  6.6586 0.062  0.25 | edge_dev mean=2.1979 max=12.2378 gg=0.0435 shape_dev=1.9293 xbar=0.5290
# CONVTAG t=236.00 rough=3.668550 cond=26.544416 evap=23.376208 backs=3.527577
# QATOM t=237.96 dir=DF w=1.65999347 e=0.303825591938 i=35 Em=1.5562
t=  240.00 +8.07e-15 | 0.0250  0.46     11    0     33     36 | 1.6029  0.82 | 3.78e-05 1.44e-05 |  62.3763 1.0396  0.1686  6.6625 0.104  0.46 | edge_dev mean=2.1981 max=12.2378 gg=0.0584 shape_dev=1.9278 xbar=0.5198
# CONVTAG t=240.00 rough=3.668550 cond=26.896503 evap=24.886091 backs=3.724518
# QATOM t=240.94 dir=FD w=1.00107534 e=0.183225001375 i=39 Em=1.3505
t=  244.00 +8.33e-15 | 0.0250  0.29      7    0     33     36 | 1.6010  0.89 | 2.84e-08 1.07e-09 |  62.7295 1.0455  0.1285  6.6306 0.062  0.29 | edge_dev mean=2.1982 max=12.2378 gg=0.0447 shape_dev=1.9275 xbar=0.5227
# CONVTAG t=244.00 rough=3.668550 cond=27.483014 evap=25.207436 backs=3.766433
t=  248.00 +8.60e-15 | 0.0250  0.29      7    0     33     36 | 1.6010  0.89 | 8.08e-12 1.69e-14 |  62.9223 1.0487  0.1197  6.6223 0.062  0.29 | edge_dev mean=2.1982 max=12.2378 gg=0.0332 shape_dev=1.9275 xbar=0.5244
# CONVTAG t=248.00 rough=3.668550 cond=27.650677 evap=25.207436 backs=3.766433
# QATOM t=249.90 dir=FD w=0.903897209 e=0.165438665157 i=42 Em=1.7196
t=  252.00 +8.99e-15 | 0.0250  0.25      6    0     33     36 | 1.5985  0.87 | 2.32e-15 4.15e-17 |  63.1796 1.0530  0.1727  6.6388 0.062  0.25 | edge_dev mean=2.1982 max=12.2378 gg=0.0672 shape_dev=1.9275 xbar=0.5265
# CONVTAG t=252.00 rough=3.668550 cond=28.398891 evap=25.810624 backs=3.845110
# QATOM t=254.62 dir=FD w=0.9633456 e=0.17631939633 i=16 Em=1.4850
t=  256.00 +8.99e-15 | 0.0250  0.21      5    0     33     36 | 1.6037  0.63 | 1.48e-05 1.94e-17 |  63.2785 1.0546  0.1531  6.6472 0.042  0.21 | edge_dev mean=2.1981 max=12.2378 gg=0.0358 shape_dev=1.9274 xbar=0.5273
# CONVTAG t=256.00 rough=3.668550 cond=28.746152 evap=26.111067 backs=3.884298
# QATOM t=259.44 dir=FD w=1.09937023 e=0.201215737301 i=12 Em=1.0435
t=  260.00 +9.12e-15 | 0.0249  0.21      5    0     33     36 | 1.6063  0.57 | 6.44e-06 1.79e-14 |  63.6425 1.0607  0.1113  6.6402 0.062  0.21 | edge_dev mean=2.1976 max=12.2378 gg=0.0554 shape_dev=1.9266 xbar=0.5304
# CONVTAG t=260.00 rough=3.668550 cond=29.337293 evap=26.426884 backs=3.925491
t=  264.00 +9.26e-15 | 0.0249  0.17      4    0     33     36 | 1.6083  0.58 | 2.65e-09 3.08e-17 |  63.8446 1.0641  0.1165  6.6320 0.042  0.17 | edge_dev mean=2.1976 max=12.2378 gg=0.0228 shape_dev=1.9266 xbar=0.5320
# CONVTAG t=264.00 rough=3.668550 cond=29.513083 evap=26.426884 backs=3.925491
t=  268.00 +9.26e-15 | 0.0249  0.25      6    0     33     36 | 1.5975  1.07 | 6.46e-07 3.87e-07 |  63.4609 1.0577  0.0666  6.6522 0.083  0.25 | edge_dev mean=2.1976 max=12.2378 gg=0.0327 shape_dev=1.9266 xbar=0.5288
# CONVTAG t=268.00 rough=3.668550 cond=29.683013 evap=27.006017 backs=4.001030
# QATOM t=268.30 dir=DF w=1.7427595 e=0.318974108184 i=3 Em=1.3834
t=  272.00 +9.39e-15 | 0.0250  0.38      9    0     33     36 | 1.6004  0.92 | 1.74e-05 2.09e-05 |  63.0825 1.0514  0.0741  6.6598 0.083  0.38 | edge_dev mean=2.1980 max=12.2378 gg=0.0555 shape_dev=1.9245 xbar=0.5257
# CONVTAG t=272.00 rough=3.668550 cond=29.900369 evap=27.634392 backs=4.082992
# QATOM t=274.60 dir=DF w=1.70147929 e=0.31141866598 i=17 Em=1.4675
t=  276.00 +9.52e-15 | 0.0250  0.42     10    0     33     36 | 1.6060  0.76 | 2.20e-08 1.37e-08 |  62.8756 1.0479  0.0448  6.6280 0.083  0.42 | edge_dev mean=2.1980 max=12.2378 gg=0.1120 shape_dev=1.9243 xbar=0.5240
# CONVTAG t=276.00 rough=3.668550 cond=30.257011 evap=28.251426 backs=4.163475
t=  280.00 +9.65e-15 | 0.0250  0.38      9    0     33     36 | 1.6094  0.77 | 6.08e-09 9.54e-10 |  62.9734 1.0496  0.0402  6.5955 0.083  0.38 | edge_dev mean=2.1979 max=12.2378 gg=0.0955 shape_dev=1.9241 xbar=0.5248
# CONVTAG t=280.00 rough=3.668550 cond=30.619557 evap=28.570562 backs=4.205102
# QATOM t=282.40 dir=FD w=1.02558397 e=0.18771077262 i=18 Em=1.2684
t=  284.00 +9.92e-15 | 0.0250  0.38      9    0     33     36 | 1.6168  0.45 | 1.84e-07 4.04e-08 |  63.0502 1.0508  0.1034  6.5858 0.146  0.38 | edge_dev mean=2.1980 max=12.2378 gg=0.0989 shape_dev=1.9242 xbar=0.5254
# CONVTAG t=284.00 rough=3.668550 cond=30.979480 evap=28.907650 backs=4.249070
# QATOM t=286.98 dir=FD w=1.05332572 e=0.192788294754 i=37 Em=1.1793
t=  288.00 +9.92e-15 | 0.0250  0.33      8    0     33     36 | 1.6134  0.71 | 3.39e-06 2.30e-06 |  63.3085 1.0551  0.0726  6.5654 0.104  0.33 | edge_dev mean=2.1978 max=12.2402 gg=0.0745 shape_dev=1.9232 xbar=0.5276
# CONVTAG t=288.00 rough=3.668550 cond=31.730771 evap=29.513373 backs=4.328077
t=  292.00 +1.02e-14 | 0.0250  0.33      8    0     33     36 | 1.6134  0.71 | 2.46e-10 8.40e-11 |  62.9767 1.0496  0.0887  6.5501 0.104  0.33 | edge_dev mean=2.1978 max=12.2403 gg=0.0931 shape_dev=1.9232 xbar=0.5248
# CONVTAG t=292.00 rough=3.668550 cond=31.730771 evap=29.845181 backs=4.371356
# QATOM t=292.22 dir=FD w=1.04014057 e=0.190375039643 i=6 Em=1.2215
t=  296.00 +1.02e-14 | 0.0250  0.33      8    0     33     36 | 1.6059  0.95 | 3.93e-08 7.38e-14 |  62.2497 1.0375  0.1143  6.5741 0.083  0.33 | edge_dev mean=2.1981 max=12.2403 gg=0.1039 shape_dev=1.9229 xbar=0.5187
# CONVTAG t=296.00 rough=3.668550 cond=32.115580 evap=31.014624 backs=4.523892
# QATOM t=296.88 dir=DF w=1.64674484 e=0.301400718595 i=27 Em=1.5854
# QATOM t=298.64 dir=DF w=1.68740068 e=0.308841883218 i=13 Em=1.6992
t=  300.00 +1.04e-14 | 0.0251  0.25      6    0     33     36 | 1.5991  0.50 | 5.25e-05 2.34e-14 |  61.6977 1.0283  0.0586  6.6193 0.042  0.25 | edge_dev mean=2.1985 max=12.2403 gg=0.0739 shape_dev=1.9223 xbar=0.5141
# CONVTAG t=300.00 rough=3.668550 cond=32.676157 evap=32.211349 backs=4.679987
# QATOM t=302.36 dir=FD w=1.03044435 e=0.188600359332 i=35 Em=1.2526
t=  304.00 +1.11e-14 | 0.0251  0.21      5    0     33     36 | 1.6038  0.33 | 4.09e-07 5.42e-12 |  61.4087 1.0235  0.0750  6.5782 0.042  0.21 | edge_dev mean=2.1985 max=12.2403 gg=0.0546 shape_dev=1.9221 xbar=0.5117
# CONVTAG t=304.00 rough=3.668550 cond=33.204165 evap=33.107495 backs=4.796875
# QATOM t=305.02 dir=FD w=1.02080486 e=0.186836059839 i=27 Em=1.2840
t=  308.00 +1.12e-14 | 0.0250  0.17      4    0     33     36 | 1.6032  0.36 | 1.15e-10 9.29e-12 |  62.4691 1.0412  0.0420  6.5860 0.042  0.17 | edge_dev mean=2.1985 max=12.2403 gg=0.0839 shape_dev=1.9221 xbar=0.5206
# CONVTAG t=308.00 rough=3.668550 cond=34.126174 evap=33.107495 backs=4.796875
t=  312.00 +1.14e-14 | 0.0250  0.12      3    0     33     36 | 1.6013  0.35 | 8.84e-16 3.89e-21 |  62.9049 1.0484  0.0288  6.6058 0.042  0.12 | edge_dev mean=2.1985 max=12.2403 gg=0.1212 shape_dev=1.9221 xbar=0.5242
# CONVTAG t=312.00 rough=3.668550 cond=34.505187 evap=33.107495 backs=4.796875
# QATOM t=313.66 dir=FD w=0.959578414 e=0.175629895083 i=27 Em=1.4989
t=  316.00 +1.14e-14 | 0.0250  0.12      3    0     33     36 | 1.6013  0.35 | 8.84e-16 2.45e-25 |  63.1069 1.0518  0.0456  6.6047 0.042  0.12 | edge_dev mean=2.1985 max=12.2403 gg=0.1064 shape_dev=1.9221 xbar=0.5259
# CONVTAG t=316.00 rough=3.668550 cond=34.680817 evap=33.107495 backs=4.796875
t=  320.00 +1.15e-14 | 0.0250  0.12      3    0     33     36 | 1.6013  0.35 | 8.84e-16 2.38e-27 |  62.7929 1.0465  0.0150  6.5995 0.042  0.12 | edge_dev mean=2.1985 max=12.2403 gg=0.1032 shape_dev=1.9221 xbar=0.5233
# CONVTAG t=320.00 rough=3.668550 cond=34.680817 evap=33.421474 backs=4.837829
t=  324.00 +1.16e-14 | 0.0250  0.12      3    0     33     36 | 1.6013  0.35 | 8.84e-16 3.40e-24 |  62.9937 1.0499  0.0096  6.5908 0.042  0.12 | edge_dev mean=2.1985 max=12.2403 gg=0.1261 shape_dev=1.9221 xbar=0.5249
# CONVTAG t=324.00 rough=3.668550 cond=34.855424 evap=33.421474 backs=4.837829
# QATOM t=327.30 dir=FD w=1.07157413 e=0.196128267058 i=28 Em=1.1246
t=  328.00 +1.16e-14 | 0.0249  0.12      3    0     33     36 | 1.6013  0.35 | 8.84e-16 7.95e-22 |  63.8125 1.0635  0.0256  6.5999 0.042  0.12 | edge_dev mean=2.1985 max=12.2403 gg=0.0899 shape_dev=1.9221 xbar=0.5318
# CONVTAG t=328.00 rough=3.668550 cond=35.567439 evap=33.421474 backs=4.837829
t=  332.00 +1.18e-14 | 0.0249  0.12      3    0     33     36 | 1.6013  0.35 | 8.84e-16 5.54e-20 |  63.7039 1.0617  0.0396  6.5992 0.042  0.12 | edge_dev mean=2.1985 max=12.2403 gg=0.1126 shape_dev=1.9221 xbar=0.5309
# CONVTAG t=332.00 rough=3.668550 cond=35.734613 evap=33.722331 backs=4.877071
# QATOM t=333.98 dir=FD w=1.02452525 e=0.37503399459 i=21 Em=1.2719
t=  336.00 +1.18e-14 | 0.0249  0.08      2    0     33     36 | 1.6044  0.25 | 1.14e-07 2.02e-10 |  63.7189 1.0620  0.0416  6.5953 0.042  0.08 | edge_dev mean=2.1985 max=12.2464 gg=0.0999 shape_dev=1.9216 xbar=0.5310
# CONVTAG t=336.00 rough=3.668550 cond=36.271383 evap=34.324641 backs=4.955634
t=  340.00 +1.18e-14 | 0.0249  0.08      2    0     33     36 | 1.6044  0.25 | 3.16e-11 7.73e-13 |  63.4396 1.0573  0.0407  6.6065 0.042  0.08 | edge_dev mean=2.1985 max=12.2464 gg=0.0638 shape_dev=1.9216 xbar=0.5287
# CONVTAG t=340.00 rough=3.668550 cond=36.271383 evap=34.603928 backs=4.992062
# QATOM t=341.50 dir=FD w=0.901194775 e=0.164944043679 i=42 Em=1.7310
t=  344.00 +1.19e-14 | 0.0250  0.25      6    0     33     36 | 1.6112  0.59 | 2.85e-05 9.76e-06 |  62.7089 1.0451  0.0246  6.5878 0.062  0.25 | edge_dev mean=2.1989 max=12.2464 gg=0.1207 shape_dev=1.9201 xbar=0.5226
# CONVTAG t=344.00 rough=3.668550 cond=36.436327 evap=35.524338 backs=5.112116
# QATOM t=345.02 dir=DF w=1.55626025 e=0.284839487563 i=16 Em=1.7988
t=  348.00 +1.20e-14 | 0.0251  0.38      9    0     33     36 | 1.6141  0.54 | 1.82e-06 1.16e-06 |  61.9989 1.0333  0.1002  6.5713 0.083  0.38 | edge_dev mean=2.1990 max=12.2464 gg=0.1338 shape_dev=1.9192 xbar=0.5167
# CONVTAG t=348.00 rough=3.668550 cond=36.622764 evap=36.448757 backs=5.232692
t=  352.00 +1.22e-14 | 0.0251  0.42     10    0     33     36 | 1.6100  0.91 | 4.76e-09 3.01e-09 |  61.4286 1.0238  0.1149  6.5962 0.083  0.42 | edge_dev mean=2.1990 max=12.2464 gg=0.0997 shape_dev=1.9191 xbar=0.5119
# CONVTAG t=352.00 rough=3.668550 cond=36.622764 evap=37.018985 backs=5.307070
t=  356.00 +1.23e-14 | 0.0251  0.42     10    0     33     36 | 1.6100  0.91 | 1.24e-11 7.86e-12 |  61.4286 1.0238  0.1149  6.5962 0.083  0.42 | edge_dev mean=2.1990 max=12.2464 gg=0.0977 shape_dev=1.9191 xbar=0.5119
# CONVTAG t=356.00 rough=3.668550 cond=36.622764 evap=37.018985 backs=5.307070
# QATOM t=356.90 dir=FD w=0.978398886 e=0.179074571947 i=36 Em=1.4301
# QATOM t=359.38 dir=FD w=1.09258594 e=0.399948043753 i=3 Em=1.0605
t=  360.00 +1.24e-14 | 0.0251  0.54     13    0     33     36 | 1.6112  0.54 | 1.84e-04 1.16e-05 |  61.5102 1.0252  0.1230  6.5695 0.104  0.54 | edge_dev mean=2.1992 max=12.2464 gg=0.1385 shape_dev=1.9172 xbar=0.5126
# CONVTAG t=360.00 rough=3.668550 cond=37.765557 evap=38.251670 backs=5.467855
# QATOM t=363.72 dir=FD w=1.11490793 e=0.204059574097 i=44 Em=0.9999
t=  364.00 +1.23e-14 | 0.0251  0.38      9    0     33     36 | 1.6093  0.43 | 7.54e-07 6.07e-07 |  61.8628 1.0310  0.0656  6.5639 0.104  0.38 | edge_dev mean=2.1992 max=12.2464 gg=0.1002 shape_dev=1.9165 xbar=0.5155
# CONVTAG t=364.00 rough=3.668550 cond=38.329589 evap=38.547667 backs=5.506463
t=  368.00 +1.20e-14 | 0.0250  0.33      8    0     33     36 | 1.6102  0.42 | 1.29e-09 8.94e-10 |  62.7198 1.0453  0.0928  6.5486 0.083  0.33 | edge_dev mean=2.1992 max=12.2464 gg=0.0816 shape_dev=1.9165 xbar=0.5227
# CONVTAG t=368.00 rough=3.668550 cond=39.074800 evap=38.547667 backs=5.506463
# QATOM t=368.46 dir=FD w=0.999323946 e=0.182904447639 i=31 Em=1.3565
# QATOM t=371.06 dir=FD w=0.955569719 e=0.174896190863 i=16 Em=1.5140
t=  372.00 +1.19e-14 | 0.0251  0.42     10    0     33     36 | 1.6112  0.46 | 2.81e-07 4.66e-08 |  61.8310 1.0305  0.0956  6.5915 0.083  0.42 | edge_dev mean=2.1991 max=12.2464 gg=0.1048 shape_dev=1.9160 xbar=0.5153
# CONVTAG t=372.00 rough=3.668550 cond=39.601995 evap=40.042739 backs=5.701472
t=  376.00 +1.19e-14 | 0.0251  0.33      8    0     33     36 | 1.6101  0.42 | 1.74e-15 1.35e-15 |  61.9981 1.0333  0.0650  6.6094 0.083  0.33 | edge_dev mean=2.1991 max=12.2464 gg=0.0786 shape_dev=1.9160 xbar=0.5167
# CONVTAG t=376.00 rough=3.668550 cond=40.001021 evap=40.334575 backs=5.739538
# QATOM t=376.48 dir=FD w=1.07073885 e=0.195975387237 i=6 Em=1.1271
t=  380.00 +1.20e-14 | 0.0250  0.29      7    0     33     36 | 1.6105  0.45 | 8.48e-16 6.19e-16 |  63.0584 1.0510  0.0250  6.5979 0.083  0.29 | edge_dev mean=2.1991 max=12.2464 gg=0.0456 shape_dev=1.9160 xbar=0.5255
# CONVTAG t=380.00 rough=3.668550 cond=40.923063 evap=40.334575 backs=5.739538
# QATOM t=383.82 dir=FD w=0.924225857 e=0.169159380786 i=36 Em=1.6360
t=  384.00 +1.20e-14 | 0.0249  0.29      7    0     33     36 | 1.6105  0.45 | 7.46e-16 2.01e-16 |  63.4482 1.0575  0.0317  6.5817 0.083  0.29 | edge_dev mean=2.1991 max=12.2464 gg=0.0455 shape_dev=1.9160 xbar=0.5287
# CONVTAG t=384.00 rough=3.668550 cond=41.262039 evap=40.334575 backs=5.739538
t=  388.00 +1.18e-14 | 0.0250  0.33      8    0     33     36 | 1.6113  0.52 | 3.43e-05 4.56e-07 |  62.5242 1.0421  0.0605  6.5832 0.104  0.33 | edge_dev mean=2.1995 max=12.2464 gg=0.0638 shape_dev=1.9153 xbar=0.5210
# CONVTAG t=388.00 rough=3.668550 cond=41.262039 evap=41.258565 backs=5.860058
t=  392.00 +1.15e-14 | 0.0250  0.38      9    0     33     36 | 1.6100  0.58 | 7.81e-07 1.19e-08 |  62.5242 1.0421  0.0605  6.5832 0.125  0.38 | edge_dev mean=2.1995 max=12.2464 gg=0.1045 shape_dev=1.9151 xbar=0.5210
# CONVTAG t=392.00 rough=3.668550 cond=41.262039 evap=41.258565 backs=5.860058
# QATOM t=394.18 dir=FD w=0.953233773 e=0.174468646917 i=3 Em=1.5204
t=  396.00 +1.11e-14 | 0.0250  0.33      8    0     33     36 | 1.6107  0.60 | 3.51e-08 7.91e-12 |  63.3326 1.0555  0.0764  6.5819 0.104  0.33 | edge_dev mean=2.1995 max=12.2464 gg=0.0589 shape_dev=1.9151 xbar=0.5278
# CONVTAG t=396.00 rough=3.668550 cond=41.965001 evap=41.258565 backs=5.860058
# QATOM t=398.68 dir=FD w=1.01464687 e=0.185708973883 i=25 Em=1.3045
t=  400.00 +1.08e-14 | 0.0249  0.38      9    0     33     36 | 1.6125  0.58 | 2.73e-05 1.62e-06 |  63.6104 1.0602  0.0497  6.5921 0.125  0.38 | edge_dev mean=2.1997 max=12.2464 gg=0.0717 shape_dev=1.9145 xbar=0.5301
# CONVTAG t=400.00 rough=3.668550 cond=42.490365 evap=41.584963 backs=5.902632
t=  404.00 +1.06e-14 | 0.0250  0.38      9    0     33     36 | 1.6129  0.58 | 9.55e-07 2.27e-07 |  63.0374 1.0506  0.0591  6.6053 0.125  0.38 | edge_dev mean=2.1997 max=12.2464 gg=0.0784 shape_dev=1.9141 xbar=0.5253
# CONVTAG t=404.00 rough=3.668550 cond=42.490365 evap=42.157976 backs=5.977373
# QATOM t=406.04 dir=DF w=1.7502325 e=0.320341877072 i=4 Em=1.3686
t=  408.00 +1.02e-14 | 0.0251  0.38      9    0     33     36 | 1.6130  0.58 | 4.33e-08 2.23e-08 |  62.1087 1.0351  0.1091  6.6058 0.125  0.38 | edge_dev mean=2.1997 max=12.2464 gg=0.1113 shape_dev=1.9141 xbar=0.5176
# CONVTAG t=408.00 rough=3.668550 cond=42.490365 evap=43.086720 backs=6.098513
# QATOM t=410.80 dir=FD w=1.07918514 e=0.197521296398 i=24 Em=1.1017
t=  412.00 +9.79e-15 | 0.0251  0.50     12    0     33     36 | 1.6074  0.93 | 7.39e-05 1.31e-07 |  61.8437 1.0307  0.1104  6.6144 0.104  0.50 | edge_dev mean=2.2001 max=12.2464 gg=0.1166 shape_dev=1.9126 xbar=0.5154
# CONVTAG t=412.00 rough=3.668550 cond=43.049515 evap=43.994651 backs=6.216939
# QATOM t=413.46 dir=DF w=1.56992265 e=0.287340092704 i=31 Em=1.7651
t=  416.00 +9.52e-15 | 0.0251  0.42     10    0     33     36 | 1.6093  0.81 | 9.01e-05 6.01e-06 |  61.1568 1.0193  0.0691  6.6230 0.125  0.42 | edge_dev mean=2.1999 max=12.2464 gg=0.1476 shape_dev=1.9118 xbar=0.5096
# CONVTAG t=416.00 rough=3.668550 cond=43.449042 evap=45.141000 backs=6.366463
# QATOM t=416.18 dir=FD w=0.980086255 e=0.179383407949 i=16 Em=1.4240
t=  420.00 +9.26e-15 | 0.0251  0.46     11    0     33     36 | 1.6088  0.84 | 1.80e-05 9.13e-07 |  61.4276 1.0238  0.0414  6.6152 0.104  0.46 | edge_dev mean=2.2001 max=12.2464 gg=0.1066 shape_dev=1.9107 xbar=0.5119
# CONVTAG t=420.00 rough=3.668550 cond=44.215629 evap=45.751822 backs=6.446135
# QATOM t=422.02 dir=FD w=0.951982227 e=0.174239578651 i=27 Em=1.5276
t=  424.00 +9.26e-15 | 0.0251  0.38      9    0     33     36 | 1.6081  0.89 | 3.98e-06 2.13e-06 |  61.1956 1.0199  0.1238  6.5961 0.104  0.38 | edge_dev mean=2.2000 max=12.2464 gg=0.0601 shape_dev=1.9103 xbar=0.5100
# CONVTAG t=424.00 rough=3.668550 cond=44.581915 evap=46.405014 backs=6.531334
t=  428.00 +9.65e-15 | 0.0251  0.29      7    0     33     36 | 1.6111  0.83 | 1.09e-08 3.54e-08 |  61.6253 1.0271  0.1347  6.5862 0.083  0.29 | edge_dev mean=2.2000 max=12.2464 gg=0.0717 shape_dev=1.9103 xbar=0.5135
# CONVTAG t=428.00 rough=3.668550 cond=44.955512 evap=46.405014 backs=6.531334
# QATOM t=428.28 dir=FD w=1.20222042 e=0.220040221339 i=7 Em=0.7760
t=  432.00 +9.92e-15 | 0.0250  0.25      6    0     33     36 | 1.6092  0.84 | 5.41e-12 4.67e-12 |  62.5205 1.0420  0.0595  6.6017 0.062  0.25 | edge_dev mean=2.2000 max=12.2464 gg=0.0886 shape_dev=1.9103 xbar=0.5210
# CONVTAG t=432.00 rough=3.668550 cond=45.733939 evap=46.405014 backs=6.531334
# QATOM t=432.92 dir=DF w=1.57926569 e=0.289050131635 i=42 Em=1.9314
t=  436.00 +1.01e-14 | 0.0250  0.21      5    0     33     36 | 1.6074  0.88 | 6.30e-16 6.38e-16 |  63.0393 1.0507  0.0951  6.5797 0.062  0.21 | edge_dev mean=2.2000 max=12.2464 gg=0.0918 shape_dev=1.9103 xbar=0.5253
# CONVTAG t=436.00 rough=3.668550 cond=46.436490 evap=46.694064 backs=6.569037
# QATOM t=439.24 dir=FD w=0.965306577 e=0.176678310351 i=31 Em=1.4777
t=  440.00 +1.01e-14 | 0.0250  0.21      5    0     33     36 | 1.6074  0.88 | 6.00e-16 1.76e-16 |  62.9652 1.0494  0.1044  6.6000 0.062  0.21 | edge_dev mean=2.2000 max=12.2464 gg=0.0593 shape_dev=1.9103 xbar=0.5247
# CONVTAG t=440.00 rough=3.668550 cond=46.613168 evap=46.971386 backs=6.605209
t=  444.00 +1.02e-14 | 0.0250  0.21      5    0     33     36 | 1.6074  0.88 | 5.98e-16 8.68e-17 |  62.5898 1.0432  0.0889  6.6084 0.062  0.21 | edge_dev mean=2.2000 max=12.2464 gg=0.0851 shape_dev=1.9103 xbar=0.5216
# CONVTAG t=444.00 rough=3.668550 cond=46.793051 evap=47.553694 backs=6.681162
# QATOM t=447.94 dir=DF w=1.85924722 e=0.340294643 i=19 Em=1.1662
t=  448.00 +1.04e-14 | 0.0250  0.25      6    0     33     36 | 1.6127  1.09 | 6.71e-05 7.33e-09 |  62.4528 1.0409  0.0470  6.5879 0.062  0.25 | edge_dev mean=2.2000 max=12.2464 gg=0.0523 shape_dev=1.9103 xbar=0.5204
# CONVTAG t=448.00 rough=3.668550 cond=46.969893 evap=47.893988 backs=6.725548
t=  452.00 +1.08e-14 | 0.0250  0.25      6    0     33     36 | 1.6133  1.14 | 2.04e-08 4.78e-09 |  62.8781 1.0480  0.0774  6.5861 0.062  0.25 | edge_dev mean=2.2000 max=12.2465 gg=0.0591 shape_dev=1.9102 xbar=0.5240
# CONVTAG t=452.00 rough=3.668550 cond=47.339685 evap=47.893988 backs=6.725548
t=  456.00 +1.14e-14 | 0.0250  0.21      5    0     33     36 | 1.6074  0.88 | 6.00e-16 1.26e-16 |  62.7812 1.0464  0.0678  6.5863 0.062  0.21 | edge_dev mean=2.1998 max=12.2465 gg=0.0762 shape_dev=1.9099 xbar=0.5232
# CONVTAG t=456.00 rough=3.668550 cond=47.532864 evap=48.213075 backs=6.767168
# QATOM t=458.80 dir=DF w=1.5852141 e=0.29013885876 i=27 Em=1.7279
t=  460.00 +1.15e-14 | 0.0250  0.25      6    0     33     36 | 1.6080  0.80 | 1.27e-05 3.44e-06 |  62.8802 1.0480  0.0682  6.5930 0.062  0.25 | edge_dev mean=2.1998 max=12.2465 gg=0.0675 shape_dev=1.9098 xbar=0.5240
# CONVTAG t=460.00 rough=3.668550 cond=47.871315 evap=48.503214 backs=6.805013
t=  464.00 +1.19e-14 | 0.0249  0.17      4    0     33     36 | 1.6031  0.78 | 6.01e-16 8.37e-16 |  63.5853 1.0598  0.0568  6.5881 0.062  0.17 | edge_dev mean=2.1998 max=12.2465 gg=0.0732 shape_dev=1.9097 xbar=0.5299
# CONVTAG t=464.00 rough=3.668550 cond=48.484396 evap=48.503214 backs=6.805013
# QATOM t=465.22 dir=DF w=1.77504079 e=0.324882492734 i=30 Em=1.3203
t=  468.00 +1.22e-14 | 0.0250  0.17      4    0     33     36 | 1.6031  0.78 | 7.54e-16 1.14e-15 |  63.2604 1.0543  0.0230  6.5659 0.062  0.17 | edge_dev mean=2.1998 max=12.2465 gg=0.0680 shape_dev=1.9097 xbar=0.5272
# CONVTAG t=468.00 rough=3.668550 cond=48.484396 evap=48.828096 backs=6.847389
t=  472.00 +1.24e-14 | 0.0250  0.33      8    0     33     36 | 1.6061  0.63 | 1.83e-05 3.09e-06 |  62.3227 1.0387  0.0518  6.5617 0.083  0.33 | edge_dev mean=2.1998 max=12.2465 gg=0.1255 shape_dev=1.9093 xbar=0.5194
# CONVTAG t=472.00 rough=3.668550 cond=48.484396 evap=49.765799 backs=6.969698
# QATOM t=472.80 dir=DF w=1.66376174 e=0.30451529126 i=36 Em=1.5480
t=  476.00 +1.27e-14 | 0.0251  0.42     10    0     33     36 | 1.6056  0.58 | 4.39e-06 2.50e-06 |  61.3792 1.0230  0.0523  6.5906 0.083  0.42 | edge_dev mean=2.1993 max=12.2465 gg=0.0986 shape_dev=1.9084 xbar=0.5115
# CONVTAG t=476.00 rough=3.668550 cond=48.688748 evap=50.944337 backs=7.123420
# QATOM t=477.00 dir=FD w=1.10228688 e=0.403499133703 i=45 Em=1.0352
t=  480.00 +1.31e-14 | 0.0252  0.62     15    0     33     36 | 1.6063  1.02 | 2.45e-05 1.71e-05 |  60.9400 1.0157  0.0487  6.5763 0.167  0.62 | edge_dev mean=2.1988 max=12.2480 gg=0.1282 shape_dev=1.9071 xbar=0.5078
# CONVTAG t=480.00 rough=3.668550 cond=49.092247 evap=51.847540 backs=7.241229
# QATOM t=481.46 dir=DF w=1.60146414 e=0.293113074442 i=9 Em=1.6893
t=  484.00 +1.34e-14 | 0.0251  0.42     10    0     33     36 | 1.6001  0.69 | 2.01e-06 1.42e-06 |  61.4687 1.0245  0.0332  6.5903 0.104  0.42 | edge_dev mean=2.1987 max=12.2480 gg=0.0959 shape_dev=1.9065 xbar=0.5122
# CONVTAG t=484.00 rough=3.668550 cond=50.062572 evap=52.434660 backs=7.317810
# QATOM t=484.28 dir=FD w=0.976267489 e=0.178684466098 i=27 Em=1.4377
# QATOM t=486.64 dir=DF w=1.57826787 e=0.288867503239 i=21 Em=1.7447
t=  488.00 +1.38e-14 | 0.0251  0.33      8    0     33     36 | 1.6066  0.41 | 4.48e-05 2.90e-06 |  61.7847 1.0297  0.0322  6.5983 0.083  0.33 | edge_dev mean=2.1987 max=12.2480 gg=0.0381 shape_dev=1.9053 xbar=0.5149
# CONVTAG t=488.00 rough=3.668550 cond=51.135858 evap=53.352998 backs=7.437593
t=  492.00 +1.40e-14 | 0.0251  0.33      8    0     33     36 | 1.6073  0.43 | 7.75e-07 1.29e-08 |  61.9934 1.0332  0.0243  6.5929 0.083  0.33 | edge_dev mean=2.1987 max=12.2480 gg=0.0545 shape_dev=1.9049 xbar=0.5166
# CONVTAG t=492.00 rough=3.668550 cond=51.317323 evap=53.352998 backs=7.437593
# QATOM t=493.70 dir=FD w=1.14184728 e=0.208990235017 i=39 Em=0.9271
t=  496.00 +1.42e-14 | 0.0251  0.29      7    0     33     36 | 1.6031  0.45 | 6.51e-05 8.02e-17 |  62.0579 1.0343  0.0438  6.6093 0.062  0.29 | edge_dev mean=2.1987 max=12.2480 gg=0.0720 shape_dev=1.9049 xbar=0.5171
# CONVTAG t=496.00 rough=3.668550 cond=51.879868 evap=53.935399 backs=7.513559
# QATOM t=498.26 dir=FD w=0.987936018 e=0.180820135861 i=9 Em=1.3961
t=  500.00 +1.45e-14 | 0.0251  0.33      8    0     33     36 | 1.6022  0.48 | 7.44e-07 4.43e-07 |  61.9761 1.0329  0.0578  6.6211 0.083  0.33 | edge_dev mean=2.1988 max=12.2480 gg=0.0797 shape_dev=1.9045 xbar=0.5165
# CONVTAG t=500.00 rough=3.668550 cond=52.060688 evap=54.225169 backs=7.551355
t=  504.00 +1.51e-14 | 0.0251  0.33      8    0     33     36 | 1.6046  0.53 | 1.27e-05 6.40e-06 |  62.0813 1.0347  0.0624  6.6287 0.083  0.33 | edge_dev mean=2.1984 max=12.2480 gg=0.0724 shape_dev=1.9034 xbar=0.5173
# CONVTAG t=504.00 rough=3.668550 cond=52.433979 evap=54.549215 backs=7.593622
# QATOM t=506.18 dir=FD w=0.974804621 e=0.178416719993 i=12 Em=1.4430
t=  508.00 +1.55e-14 | 0.0250  0.33      8    0     33     36 | 1.6048  0.54 | 4.53e-07 2.20e-08 |  62.4810 1.0413  0.0559  6.6118 0.083  0.33 | edge_dev mean=2.1984 max=12.2480 gg=0.0820 shape_dev=1.9033 xbar=0.5207
# CONVTAG t=508.00 rough=3.668550 cond=52.781496 evap=54.549215 backs=7.593622
t=  512.00 +1.56e-14 | 0.0251  0.50     12    0     33     36 | 1.6068  0.53 | 1.54e-05 2.21e-06 |  62.0202 1.0337  0.0704  6.6126 0.167  0.50 | edge_dev mean=2.1987 max=12.2480 gg=0.0919 shape_dev=1.9018 xbar=0.5168
# CONVTAG t=512.00 rough=3.668550 cond=52.957114 evap=55.211944 backs=7.680064
# QATOM t=512.22 dir=FD w=0.952488447 e=0.348664462486 i=37 Em=1.5256
t=  516.00 +1.56e-14 | 0.0251  0.50     12    0     33     36 | 1.6113  0.68 | 1.97e-06 2.02e-08 |  61.5051 1.0251  0.0045  6.5952 0.146  0.50 | edge_dev mean=2.1986 max=12.2480 gg=0.0365 shape_dev=1.9016 xbar=0.5125
# CONVTAG t=516.00 rough=3.668550 cond=53.305779 evap=56.127964 backs=7.799545
# QATOM t=519.78 dir=FD w=1.0382424 e=0.190027622308 i=23 Em=1.2275
t=  520.00 +1.61e-14 | 0.0251  0.46     11    0     33     36 | 1.6121  0.64 | 3.85e-06 1.52e-06 |  61.9107 1.0318  0.0972  6.5870 0.083  0.46 | edge_dev mean=2.1985 max=12.2480 gg=0.0870 shape_dev=1.9011 xbar=0.5159
# CONVTAG t=520.00 rough=3.668550 cond=53.938318 evap=56.449812 backs=7.841525
# QATOM t=523.10 dir=FD w=0.878014211 e=0.160701347132 i=47 Em=1.8318
t=  524.00 +1.68e-14 | 0.0251  0.54     13    0     33     36 | 1.6133  0.56 | 3.40e-05 1.88e-06 |  61.5686 1.0261  0.1825  6.5832 0.083  0.54 | edge_dev mean=2.1984 max=12.2480 gg=0.0865 shape_dev=1.9003 xbar=0.5131
# CONVTAG t=524.00 rough=3.668550 cond=54.436968 evap=57.365361 backs=7.960945
t=  528.00 +1.69e-14 | 0.0252  0.58     14    0     33     36 | 1.6140  0.55 | 5.57e-07 7.57e-08 |  60.9527 1.0159  0.1649  6.5718 0.083  0.58 | edge_dev mean=2.1985 max=12.2480 gg=0.1042 shape_dev=1.9000 xbar=0.5079
# CONVTAG t=528.00 rough=3.668550 cond=54.436968 evap=57.981250 backs=8.041278
# QATOM t=529.74 dir=DF w=1.73659752 e=0.317846290899 i=18 Em=1.3957
t=  532.00 +1.73e-14 | 0.0251  0.46     11    0     33     36 | 1.6139  0.61 | 1.83e-11 8.21e-14 |  61.4685 1.0245  0.1363  6.5360 0.083  0.46 | edge_dev mean=2.1985 max=12.2480 gg=0.0578 shape_dev=1.9000 xbar=0.5122
# CONVTAG t=532.00 rough=3.668550 cond=55.161864 evap=58.299097 backs=8.082736
# QATOM t=532.92 dir=FD w=1.05746568 e=0.193546024464 i=39 Em=1.1674
t=  536.00 +1.79e-14 | 0.0251  0.33      8    0     33     36 | 1.6131  0.54 | 8.99e-06 5.90e-11 |  62.0395 1.0340  0.1480  6.5647 0.104  0.33 | edge_dev mean=2.1990 max=12.2480 gg=0.1072 shape_dev=1.8977 xbar=0.5170
# CONVTAG t=536.00 rough=3.668550 cond=55.933341 evap=58.615311 backs=8.123982
# QATOM t=537.56 dir=FD w=0.984323922 e=0.180159020549 i=45 Em=1.4089
t=  540.00 +1.82e-14 | 0.0250  0.33      8    0     33     36 | 1.6133  0.54 | 8.59e-07 2.16e-14 |  62.7044 1.0451  0.0949  6.5956 0.104  0.33 | edge_dev mean=2.1990 max=12.2480 gg=0.0964 shape_dev=1.8975 xbar=0.5225
# CONVTAG t=540.00 rough=3.668550 cond=56.511554 evap=58.615311 backs=8.123982
t=  544.00 +1.84e-14 | 0.0250  0.33      8    0     33     36 | 1.6133  0.54 | 8.07e-08 5.54e-16 |  62.6131 1.0436  0.0581  6.5894 0.104  0.33 | edge_dev mean=2.1990 max=12.2480 gg=0.0664 shape_dev=1.8975 xbar=0.5218
# CONVTAG t=544.00 rough=3.668550 cond=56.676366 evap=58.896201 backs=8.160620
t=  548.00 +1.88e-14 | 0.0250  0.33      8    0     33     36 | 1.6133  0.54 | 7.59e-09 1.09e-10 |  62.6131 1.0436  0.0581  6.5894 0.104  0.33 | edge_dev mean=2.1989 max=12.2480 gg=0.0566 shape_dev=1.8975 xbar=0.5218
# CONVTAG t=548.00 rough=3.668550 cond=56.676366 evap=58.896201 backs=8.160620
# QATOM t=551.28 dir=FD w=0.916086271 e=0.167669607157 i=42 Em=1.6690
t=  552.00 +1.90e-14 | 0.0251  0.33      8    0     33     36 | 1.6133  0.54 | 6.59e-10 4.87e-10 |  62.1116 1.0352  0.0755  6.6151 0.104  0.33 | edge_dev mean=2.1989 max=12.2480 gg=0.0517 shape_dev=1.8975 xbar=0.5176
# CONVTAG t=552.00 rough=3.668550 cond=56.998072 evap=59.767648 backs=8.274287
# QATOM t=554.94 dir=DF w=1.64222866 e=0.300574131115 i=31 Em=1.5956
t=  556.00 +1.93e-14 | 0.0251  0.33      8    0     33     36 | 1.6127  0.62 | 5.56e-05 1.99e-06 |  61.9743 1.0329  0.0676  6.5934 0.062  0.33 | edge_dev mean=2.1992 max=12.2480 gg=0.0564 shape_dev=1.8966 xbar=0.5165
# CONVTAG t=556.00 rough=3.668550 cond=57.405509 evap=60.373478 backs=8.353308
# QATOM t=559.90 dir=FD w=0.86133936 e=0.157649379388 i=37 Em=1.9075
t=  560.00 +1.97e-14 | 0.0250  0.29      7    0     33     36 | 1.6146  0.65 | 6.33e-07 9.34e-08 |  62.9424 1.0490  0.0924  6.5749 0.062  0.29 | edge_dev mean=2.1992 max=12.2480 gg=0.0828 shape_dev=1.8963 xbar=0.5245
# CONVTAG t=560.00 rough=3.668550 cond=58.499129 evap=60.663088 backs=8.391083
# QATOM t=560.96 dir=DF w=1.66151923 e=0.304104849073 i=3 Em=1.5505
t=  564.00 +2.01e-14 | 0.0250  0.29      7    0     33     36 | 1.6110  0.59 | 4.35e-06 8.98e-08 |  62.3707 1.0395  0.1213  6.5791 0.083  0.29 | edge_dev mean=2.1987 max=12.2480 gg=0.0902 shape_dev=1.8940 xbar=0.5198
# CONVTAG t=564.00 rough=3.668550 cond=59.031912 evap=61.847464 backs=8.545567
# QATOM t=566.78 dir=DF w=1.57437033 e=0.288154143298 i=27 Em=1.7542
t=  568.00 +2.08e-14 | 0.0250  0.29      7    0     33     36 | 1.6110  0.59 | 2.35e-08 5.46e-10 |  62.2876 1.0381  0.1319  6.5749 0.083  0.29 | edge_dev mean=2.1987 max=12.2480 gg=0.1444 shape_dev=1.8940 xbar=0.5191
# CONVTAG t=568.00 rough=3.668550 cond=59.210215 evap=62.135618 backs=8.583152
# QATOM t=570.92 dir=FD w=0.972003131 e=0.177903968457 i=13 Em=1.4531
t=  572.00 +2.10e-14 | 0.0250  0.33      8    0     33     36 | 1.6136  0.54 | 1.52e-04 3.38e-05 |  62.3488 1.0391  0.1546  6.5623 0.125  0.33 | edge_dev mean=2.1987 max=12.2480 gg=0.0881 shape_dev=1.8934 xbar=0.5196
# CONVTAG t=572.00 rough=3.668550 cond=60.308202 evap=63.337096 backs=8.739867
# QATOM t=575.36 dir=FD w=0.968484761 e=0.177260007562 i=27 Em=1.4660
t=  576.00 +2.10e-14 | 0.0250  0.33      8    0     33     36 | 1.6157  0.47 | 4.64e-06 3.61e-06 |  62.5526 1.0425  0.1469  6.5617 0.125  0.33 | edge_dev mean=2.1989 max=12.2480 gg=0.0690 shape_dev=1.8919 xbar=0.5213
# CONVTAG t=576.00 rough=3.668550 cond=60.485462 evap=63.337096 backs=8.739867
# QATOM t=579.76 dir=DF w=1.73249704 e=0.317095787822 i=11 Em=1.4039
t=  580.00 +2.12e-14 | 0.0250  0.33      8    0     33     36 | 1.6125  0.45 | 7.76e-05 5.69e-05 |  63.0964 1.0516  0.1259  6.5732 0.104  0.33 | edge_dev mean=2.1990 max=12.2480 gg=0.0746 shape_dev=1.8917 xbar=0.5258
# CONVTAG t=580.00 rough=3.668550 cond=61.234075 evap=63.654191 backs=8.781227
t=  584.00 +2.10e-14 | 0.0250  0.29      7    0     33     36 | 1.6119  0.54 | 1.15e-05 5.16e-07 |  63.0051 1.0501  0.1144  6.5814 0.104  0.29 | edge_dev mean=2.1991 max=12.2480 gg=0.0880 shape_dev=1.8912 xbar=0.5250
# CONVTAG t=584.00 rough=3.668550 cond=61.425805 evap=63.966016 backs=8.821900
# QATOM t=586.30 dir=DF w=1.56772409 e=0.286937693963 i=21 Em=1.7704
t=  588.00 +2.08e-14 | 0.0250  0.33      8    0     33     36 | 1.6164  0.39 | 1.70e-05 7.82e-07 |  62.5916 1.0432  0.0810  6.5951 0.104  0.33 | edge_dev mean=2.1997 max=12.2480 gg=0.0748 shape_dev=1.8892 xbar=0.5216
# CONVTAG t=588.00 rough=3.668550 cond=61.593438 evap=64.572284 backs=8.900978
# QATOM t=590.38 dir=FD w=1.12802563 e=0.20646048263 i=2 Em=0.9616
t=  592.00 +2.10e-14 | 0.0250  0.38      9    0     33     36 | 1.6099  0.82 | 1.59e-06 1.51e-06 |  62.6504 1.0442  0.0937  6.6177 0.104  0.38 | edge_dev mean=2.1996 max=12.2480 gg=0.0997 shape_dev=1.8888 xbar=0.5221
# CONVTAG t=592.00 rough=3.668550 cond=62.125311 evap=65.125194 backs=8.973097
t=  596.00 +2.13e-14 | 0.0250  0.33      8    0     33     36 | 1.6175  0.56 | 3.57e-06 2.53e-09 |  62.9457 1.0491  0.0651  6.5837 0.104  0.33 | edge_dev mean=2.1996 max=12.2450 gg=0.0525 shape_dev=1.8901 xbar=0.5245
# CONVTAG t=596.00 rough=3.668550 cond=62.678709 evap=65.466284 backs=9.017587
# QATOM t=598.92 dir=FD w=0.859609921 e=0.157332843178 i=37 Em=1.9156
t=  600.00 +2.16e-14 | 0.0250  0.33      8    0     33     36 | 1.6176  0.56 | 2.13e-09 1.72e-14 |  63.1266 1.0521  0.0735  6.5763 0.104  0.33 | edge_dev mean=2.1996 max=12.2449 gg=0.0843 shape_dev=1.8902 xbar=0.5261
# CONVTAG t=600.00 rough=3.668550 cond=62.836042 evap=65.466284 backs=9.017587
# QATOM t=603.44 dir=DF w=1.53109207 e=0.280233002505 i=27 Em=1.8627
t=  604.00 +2.16e-14 | 0.0251  0.25      6    0     33     36 | 1.6080  0.79 | 1.03e-05 6.09e-08 |  62.1779 1.0363  0.1338  6.5953 0.083  0.25 | edge_dev mean=2.1995 max=12.2449 gg=0.0792 shape_dev=1.8901 xbar=0.5181
# CONVTAG t=604.00 rough=3.668550 cond=63.052936 evap=66.664456 backs=9.173870
t=  608.00 +2.22e-14 | 0.0251  0.25      6    0     33     36 | 1.6081  0.77 | 2.73e-09 1.54e-10 |  61.7435 1.0291  0.1312  6.5982 0.083  0.25 | edge_dev mean=2.1995 max=12.2449 gg=0.1070 shape_dev=1.8901 xbar=0.5145
# CONVTAG t=608.00 rough=3.668550 cond=63.467706 evap=67.575857 backs=9.292749
# QATOM t=608.40 dir=DF w=1.5920656 e=0.291392876343 i=31 Em=1.7115
t=  612.00 +2.30e-14 | 0.0251  0.25      6    0     33     36 | 1.6081  0.77 | 4.40e-13 1.32e-13 |  61.1875 1.0198  0.0901  6.5962 0.083  0.25 | edge_dev mean=2.1995 max=12.2449 gg=0.0942 shape_dev=1.8901 xbar=0.5099
# CONVTAG t=612.00 rough=3.668550 cond=63.467706 evap=68.131805 backs=9.365264
# QATOM t=614.86 dir=DF w=1.72522141 e=0.315764142282 i=34 Em=1.4186
t=  616.00 +2.33e-14 | 0.0252  0.25      6    0     33     36 | 1.6136  0.29 | 7.45e-06 4.23e-06 |  60.5895 1.0098  0.0932  6.5610 0.083  0.25 | edge_dev mean=2.1996 max=12.2449 gg=0.0926 shape_dev=1.8897 xbar=0.5049
# CONVTAG t=616.00 rough=3.668550 cond=64.009422 evap=69.352738 backs=9.524516
# QATOM t=619.76 dir=FD w=1.13725535 e=0.208149782438 i=43 Em=0.9393
t=  620.00 +2.27e-14 | 0.0251  0.25      6    0     33     36 | 1.6137  0.30 | 4.76e-09 2.60e-09 |  61.2193 1.0203  0.1273  6.5551 0.083  0.25 | edge_dev mean=2.1996 max=12.2449 gg=0.1013 shape_dev=1.8897 xbar=0.5102
# CONVTAG t=620.00 rough=3.668550 cond=64.556998 evap=69.352738 backs=9.524516
# QATOM t=623.52 dir=DF w=1.60409466 e=0.293594532977 i=3 Em=1.6807
t=  624.00 +2.23e-14 | 0.0251  0.25      6    0     33     36 | 1.6137  0.30 | 5.32e-12 2.60e-12 |  61.0328 1.0172  0.1238  6.5577 0.083  0.25 | edge_dev mean=2.1996 max=12.2449 gg=0.1079 shape_dev=1.8897 xbar=0.5086
# CONVTAG t=624.00 rough=3.668550 cond=64.907724 evap=69.942502 backs=9.601442
t=  628.00 +2.22e-14 | 0.0251  0.38      9    0     33     36 | 1.6082  0.94 | 1.36e-06 9.32e-07 |  61.3589 1.0226  0.1566  6.5925 0.146  0.38 | edge_dev mean=2.1996 max=12.2449 gg=0.1118 shape_dev=1.8895 xbar=0.5113
# CONVTAG t=628.00 rough=3.668550 cond=65.448263 evap=70.238082 backs=9.639995
# QATOM t=628.34 dir=FD w=0.838397819 e=0.153450430714 i=37 Em=2.0167
# QATOM t=631.94 dir=FD w=1.03745932 e=0.189884295387 i=18 Em=1.2300
t=  632.00 +2.20e-14 | 0.0251  0.29      7    0     33     36 | 1.6047  0.94 | 1.94e-07 4.39e-08 |  62.1280 1.0355  0.1214  6.5962 0.104  0.29 | edge_dev mean=2.1996 max=12.2449 gg=0.0601 shape_dev=1.8894 xbar=0.5177
# CONVTAG t=632.00 rough=3.668550 cond=66.351583 evap=70.507783 backs=9.675174
t=  636.00 +2.18e-14 | 0.0251  0.25      6    0     33     36 | 1.6137  0.30 | 9.64e-06 9.30e-12 |  62.1962 1.0366  0.1172  6.5912 0.062  0.25 | edge_dev mean=2.1996 max=12.2449 gg=0.0400 shape_dev=1.8892 xbar=0.5183
# CONVTAG t=636.00 rough=3.668550 cond=66.935118 evap=71.110637 backs=9.753807
# QATOM t=637.20 dir=FD w=0.942306703 e=0.172468685226 i=14 Em=1.5646
t=  640.00 +2.16e-14 | 0.0250  0.25      6    0     33     36 | 1.6129  0.32 | 4.87e-05 1.21e-07 |  62.3161 1.0386  0.0806  6.6110 0.062  0.25 | edge_dev mean=2.1995 max=12.2449 gg=0.0638 shape_dev=1.8890 xbar=0.5193
# CONVTAG t=640.00 rough=3.668550 cond=67.309737 evap=71.421522 backs=9.794357
# QATOM t=642.82 dir=FD w=0.909787466 e=0.166516748191 i=42 Em=1.6950
t=  644.00 +2.17e-14 | 0.0250  0.29      7    0     33     36 | 1.6081  0.83 | 1.39e-05 7.85e-11 |  62.3587 1.0393  0.1257  6.6403 0.062  0.29 | edge_dev mean=2.1995 max=12.2449 gg=0.0615 shape_dev=1.8886 xbar=0.5197
# CONVTAG t=644.00 rough=3.668550 cond=67.874648 evap=72.028638 backs=9.873546
t=  648.00 +2.20e-14 | 0.0250  0.29      7    0     33     36 | 1.6082  0.82 | 3.95e-09 4.74e-14 |  62.5392 1.0423  0.1320  6.6328 0.062  0.29 | edge_dev mean=2.1996 max=12.2449 gg=0.0873 shape_dev=1.8886 xbar=0.5212
# CONVTAG t=648.00 rough=3.668550 cond=68.031669 evap=72.028638 backs=9.873546
# QATOM t=649.70 dir=FD w=1.11170547 e=0.203473433178 i=16 Em=1.0088
t=  652.00 +2.23e-14 | 0.0250  0.21      5    0     33     36 | 1.6124  0.31 | 9.13e-16 4.22e-16 |  62.3777 1.0396  0.1175  6.6252 0.062  0.21 | edge_dev mean=2.1996 max=12.2449 gg=0.0362 shape_dev=1.8886 xbar=0.5198
# CONVTAG t=652.00 rough=3.668550 cond=68.407254 evap=72.622085 backs=9.950952
t=  656.00 +2.26e-14 | 0.0250  0.17      4    0     33     36 | 1.6126  0.34 | 5.51e-16 5.08e-17 |  62.3242 1.0387  0.0840  6.5975 0.062  0.17 | edge_dev mean=2.1996 max=12.2449 gg=0.0339 shape_dev=1.8886 xbar=0.5194
# CONVTAG t=656.00 rough=3.668550 cond=68.602926 evap=72.900634 backs=9.987285
# QATOM t=657.72 dir=FD w=0.961031671 e=0.175895882108 i=27 Em=1.4936
t=  660.00 +2.27e-14 | 0.0250  0.17      4    0     33     36 | 1.6126  0.34 | 5.49e-16 3.95e-18 |  62.6317 1.0439  0.0823  6.5995 0.062  0.17 | edge_dev mean=2.1996 max=12.2449 gg=0.0705 shape_dev=1.8886 xbar=0.5219
# CONVTAG t=660.00 rough=3.668550 cond=69.099923 evap=73.164709 backs=10.021729
t=  664.00 +2.30e-14 | 0.0250  0.17      4    0     33     36 | 1.6126  0.34 | 4.56e-16 1.90e-16 |  62.6317 1.0439  0.0823  6.5995 0.062  0.17 | edge_dev mean=2.1996 max=12.2449 gg=0.0562 shape_dev=1.8886 xbar=0.5219
# CONVTAG t=664.00 rough=3.668550 cond=69.099923 evap=73.164709 backs=10.021729
# QATOM t=665.04 dir=DF w=1.57077283 e=0.287495698914 i=14 Em=1.7630
t=  668.00 +2.31e-14 | 0.0251  0.25      6    0     33     36 | 1.6065  0.62 | 9.20e-07 9.24e-07 |  62.0474 1.0341  0.1067  6.6196 0.062  0.25 | edge_dev mean=2.1991 max=12.2449 gg=0.0715 shape_dev=1.8879 xbar=0.5171
# CONVTAG t=668.00 rough=3.668550 cond=69.099923 evap=73.749011 backs=10.097943
t=  672.00 +2.34e-14 | 0.0251  0.29      7    0     33     36 | 1.6019  0.92 | 2.04e-07 2.35e-07 |  62.1442 1.0357  0.1236  6.6368 0.083  0.29 | edge_dev mean=2.1992 max=12.2449 gg=0.0657 shape_dev=1.8879 xbar=0.5179
# CONVTAG t=672.00 rough=3.668550 cond=69.433638 evap=74.035974 backs=10.135373
# QATOM t=673.88 dir=FD w=1.04408889 e=0.191097694168 i=32 Em=1.2090
t=  676.00 +2.37e-14 | 0.0250  0.29      7    0     33     36 | 1.6019  0.92 | 5.10e-10 5.45e-10 |  62.5672 1.0428  0.1233  6.6355 0.083  0.29 | edge_dev mean=2.1992 max=12.2449 gg=0.0721 shape_dev=1.8879 xbar=0.5214
# CONVTAG t=676.00 rough=3.668550 cond=69.801526 evap=74.035974 backs=10.135373
# QATOM t=677.60 dir=DF w=1.55753989 e=0.285073698217 i=21 Em=1.7956
t=  680.00 +2.37e-14 | 0.0251  0.21      5    0     33     36 | 1.6099  0.46 | 5.51e-16 4.86e-16 |  61.7976 1.0300  0.0931  6.6269 0.062  0.21 | edge_dev mean=2.1992 max=12.2449 gg=0.0776 shape_dev=1.8879 xbar=0.5150
# CONVTAG t=680.00 rough=3.668550 cond=70.132616 evap=75.186406 backs=10.285429
t=  684.00 +2.38e-14 | 0.0250  0.17      4    0     33     36 | 1.6126  0.34 | 5.51e-16 1.06e-19 |  62.2256 1.0371  0.1116  6.6083 0.062  0.17 | edge_dev mean=2.1992 max=12.2449 gg=0.0677 shape_dev=1.8879 xbar=0.5185
# CONVTAG t=684.00 rough=3.668550 cond=70.504874 evap=75.186406 backs=10.285429
# QATOM t=684.50 dir=FD w=1.00463801 e=0.183877070926 i=22 Em=1.3383
# QATOM t=687.24 dir=FD w=1.007495 e=0.184399980695 i=31 Em=1.3286
t=  688.00 +2.39e-14 | 0.0250  0.17      4    0     33     36 | 1.6126  0.34 | 5.51e-16 2.96e-17 |  62.6192 1.0437  0.1412  6.6055 0.062  0.17 | edge_dev mean=2.1992 max=12.2449 gg=0.0907 shape_dev=1.8879 xbar=0.5218
# CONVTAG t=688.00 rough=3.668550 cond=71.371874 evap=75.789918 backs=10.364148
t=  692.00 +2.43e-14 | 0.0250  0.21      5    0     33     36 | 1.6141  0.36 | 4.22e-08 3.60e-16 |  62.3035 1.0384  0.1809  6.5900 0.062  0.21 | edge_dev mean=2.1992 max=12.2449 gg=0.1141 shape_dev=1.8877 xbar=0.5192
# CONVTAG t=692.00 rough=3.668550 cond=71.371874 evap=76.105569 backs=10.405320
# QATOM t=693.66 dir=FD w=1.03938204 e=0.190236207669 i=45 Em=1.2239
t=  696.00 +2.47e-14 | 0.0250  0.21      5    0     33     36 | 1.6141  0.36 | 1.20e-11 3.04e-16 |  62.3541 1.0392  0.1566  6.5863 0.062  0.21 | edge_dev mean=2.1992 max=12.2449 gg=0.0746 shape_dev=1.8877 xbar=0.5196
# CONVTAG t=696.00 rough=3.668550 cond=71.919261 evap=76.684457 backs=10.480827
t=  700.00 +2.53e-14 | 0.0251  0.25      6    0     33     36 | 1.6139  0.33 | 6.27e-08 2.46e-11 |  61.4716 1.0245  0.0993  6.5546 0.062  0.25 | edge_dev mean=2.1991 max=12.2449 gg=0.1136 shape_dev=1.8876 xbar=0.5123
# CONVTAG t=700.00 rough=3.668550 cond=71.919261 evap=77.567038 backs=10.595946
# QATOM t=701.10 dir=FD w=1.07061653 e=0.19595300056 i=8 Em=1.1274
t=  704.00 +2.51e-14 | 0.0251  0.17      4    0     33     36 | 1.6126  0.34 | 4.55e-16 1.91e-16 |  62.1538 1.0359  0.0998  6.5758 0.062  0.17 | edge_dev mean=2.1991 max=12.2449 gg=0.1164 shape_dev=1.8876 xbar=0.5179
# CONVTAG t=704.00 rough=3.668550 cond=72.512516 evap=77.567038 backs=10.595946
# QATOM t=707.04 dir=FD w=0.954106194 e=0.174628324501 i=42 Em=1.5195
t=  708.00 +2.54e-14 | 0.0250  0.17      4    0     33     36 | 1.6126  0.34 | 5.48e-16 5.25e-18 |  62.7389 1.0456  0.1432  6.5906 0.062  0.17 | edge_dev mean=2.1991 max=12.2449 gg=0.0966 shape_dev=1.8876 xbar=0.5228
# CONVTAG t=708.00 rough=3.668550 cond=73.021285 evap=77.567038 backs=10.595946
t=  712.00 +2.54e-14 | 0.0250  0.21      5    0     33     36 | 1.6107  0.61 | 1.33e-05 4.10e-08 |  62.6274 1.0438  0.1412  6.6088 0.083  0.21 | edge_dev mean=2.1987 max=12.2449 gg=0.0964 shape_dev=1.8864 xbar=0.5219
# CONVTAG t=712.00 rough=3.668550 cond=73.204387 evap=77.889090 backs=10.637953
# QATOM t=714.92 dir=FD w=0.915816745 e=0.167620276211 i=13 Em=1.6701
t=  716.00 +2.55e-14 | 0.0250  0.17      4    0     33     36 | 1.6159  0.08 | 2.07e-06 4.71e-17 |  62.7158 1.0453  0.1554  6.6119 0.062  0.17 | edge_dev mean=2.1988 max=12.2449 gg=0.0714 shape_dev=1.8858 xbar=0.5226
# CONVTAG t=716.00 rough=3.668550 cond=73.537783 evap=78.184060 backs=10.676427
# QATOM t=719.06 dir=FD w=0.9562498 e=0.175020664891 i=3 Em=1.5090
t=  720.00 +2.55e-14 | 0.0251  0.17      4    0     33     36 | 1.6159  0.08 | 7.72e-09 8.71e-18 |  62.2058 1.0368  0.1551  6.6028 0.062  0.17 | edge_dev mean=2.1988 max=12.2449 gg=0.0917 shape_dev=1.8858 xbar=0.5184
# CONVTAG t=720.00 rough=3.668550 cond=73.866113 evap=79.071719 backs=10.792209
t=  724.00 +2.55e-14 | 0.0251  0.17      4    0     33     36 | 1.6159  0.08 | 3.26e-11 1.01e-18 |  62.1243 1.0354  0.1185  6.6038 0.062  0.17 | edge_dev mean=2.1988 max=12.2449 gg=0.0755 shape_dev=1.8858 xbar=0.5177
# CONVTAG t=724.00 rough=3.668550 cond=74.036519 evap=79.349148 backs=10.828395
# QATOM t=725.46 dir=DF w=1.7004482 e=0.311229947622 i=1 Em=1.4697
t=  728.00 +2.55e-14 | 0.0251  0.38      9    0     33     36 | 1.6045  0.82 | 4.86e-06 3.49e-06 |  61.9397 1.0323  0.1536  6.6245 0.146  0.38 | edge_dev mean=2.1989 max=12.2449 gg=0.0300 shape_dev=1.8845 xbar=0.5162
# CONVTAG t=728.00 rough=3.668550 cond=74.390260 evap=79.940593 backs=10.905540
# QATOM t=731.84 dir=FD w=1.10444531 e=0.202144620563 i=12 Em=1.0291
t=  732.00 +2.57e-14 | 0.0251  0.25      6    0     33     36 | 1.6129  0.24 | 7.53e-07 2.28e-07 |  61.7991 1.0300  0.1334  6.6212 0.062  0.25 | edge_dev mean=2.1991 max=12.2449 gg=0.0492 shape_dev=1.8838 xbar=0.5150
# CONVTAG t=732.00 rough=3.668550 cond=74.774583 evap=80.523072 backs=10.981516
t=  736.00 +2.59e-14 | 0.0251  0.25      6    0     33     36 | 1.6129  0.24 | 8.56e-10 9.07e-11 |  61.9294 1.0322  0.1342  6.6151 0.062  0.25 | edge_dev mean=2.1991 max=12.2449 gg=0.0722 shape_dev=1.8837 xbar=0.5161
# CONVTAG t=736.00 rough=3.668550 cond=75.160138 evap=80.836174 backs=11.022355
# QATOM t=736.74 dir=DF w=1.91266386 e=0.350071393466 i=20 Em=1.0754
t=  740.00 +2.58e-14 | 0.0252  0.42     10    0     33     36 | 1.6154  0.30 | 6.04e-05 4.08e-05 |  60.8419 1.0140  0.0603  6.6095 0.104  0.42 | edge_dev mean=2.1995 max=12.2479 gg=0.1387 shape_dev=1.8821 xbar=0.5070
# CONVTAG t=740.00 rough=3.668550 cond=75.331897 evap=82.121227 backs=11.189971
# QATOM t=740.36 dir=FD w=1.08453844 e=0.1985011023 i=11 Em=1.0862
# QATOM t=742.86 dir=DF w=1.66106517 e=0.304021741987 i=0 Em=1.7528
t=  744.00 +2.58e-14 | 0.0252  0.38      9    0     33     36 | 1.6164  0.55 | 2.80e-05 9.45e-06 |  60.3850 1.0064  0.0667  6.5677 0.083  0.38 | edge_dev mean=2.1995 max=12.2479 gg=0.1033 shape_dev=1.8817 xbar=0.5032
# CONVTAG t=744.00 rough=3.668550 cond=76.238036 evap=83.620172 backs=11.385485
# QATOM t=745.52 dir=FD w=1.07914364 e=0.3950274026 i=34 Em=1.1020
t=  748.00 +2.59e-14 | 0.0251  0.33      8    0     33     36 | 1.6119  0.58 | 3.55e-06 1.39e-06 |  61.1327 1.0189  0.0927  6.5416 0.083  0.33 | edge_dev mean=2.1993 max=12.2479 gg=0.1417 shape_dev=1.8807 xbar=0.5094
# CONVTAG t=748.00 rough=3.668550 cond=77.174907 evap=83.949876 backs=11.428490
# QATOM t=750.16 dir=FD w=0.972573135 e=0.178008295243 i=31 Em=1.4511
t=  752.00 +2.61e-14 | 0.0251  0.33      8    0     33     36 | 1.6075  0.55 | 2.44e-05 7.76e-08 |  61.2032 1.0201  0.1096  6.5589 0.083  0.33 | edge_dev mean=2.1995 max=12.2479 gg=0.1196 shape_dev=1.8805 xbar=0.5100
# CONVTAG t=752.00 rough=3.668550 cond=77.527503 evap=84.284908 backs=11.472190
t=  756.00 +2.59e-14 | 0.0252  0.33      8    0     33     36 | 1.6076  0.53 | 9.02e-09 3.36e-09 |  60.8189 1.0136  0.0869  6.5641 0.083  0.33 | edge_dev mean=2.1995 max=12.2479 gg=0.1225 shape_dev=1.8805 xbar=0.5068
# CONVTAG t=756.00 rough=3.668550 cond=77.680527 evap=84.845161 backs=11.545267
# QATOM t=757.82 dir=FD w=1.10404095 e=0.202070611399 i=6 Em=1.0302
t=  760.00 +2.58e-14 | 0.0251  0.25      6    0     33     36 | 1.6081  0.43 | 3.30e-10 2.00e-10 |  61.2953 1.0216  0.0385  6.5745 0.083  0.25 | edge_dev mean=2.1995 max=12.2479 gg=0.0866 shape_dev=1.8805 xbar=0.5108
# CONVTAG t=760.00 rough=3.668550 cond=78.094754 evap=84.845161 backs=11.545267
# QATOM t=762.76 dir=DF w=1.66374727 e=0.304512643131 i=9 Em=1.5480
t=  764.00 +2.58e-14 | 0.0251  0.29      7    0     33     36 | 1.6100  0.49 | 7.42e-06 9.02e-08 |  61.0882 1.0181  0.0937  6.5892 0.083  0.29 | edge_dev mean=2.1994 max=12.2479 gg=0.0646 shape_dev=1.8803 xbar=0.5091
# CONVTAG t=764.00 rough=3.668550 cond=78.425828 evap=85.432954 backs=11.621935
t=  768.00 +2.58e-14 | 0.0251  0.25      6    0     33     36 | 1.6060  0.79 | 6.69e-06 2.20e-10 |  61.2572 1.0210  0.0862  6.6100 0.062  0.25 | edge_dev mean=2.1994 max=12.2479 gg=0.0471 shape_dev=1.8802 xbar=0.5105
# CONVTAG t=768.00 rough=3.668550 cond=78.821876 evap=85.719387 backs=11.659296
# QATOM t=768.46 dir=DF w=1.75608663 e=0.321413346994 i=23 Em=1.3571
t=  772.00 +2.59e-14 | 0.0251  0.38      9    0     33     36 | 1.6051  0.86 | 2.52e-06 1.30e-06 |  61.5488 1.0258  0.1047  6.6302 0.104  0.38 | edge_dev mean=2.1994 max=12.2479 gg=0.0563 shape_dev=1.8792 xbar=0.5129
# CONVTAG t=772.00 rough=3.668550 cond=79.354917 evap=86.040800 backs=11.701220
# QATOM t=773.28 dir=DF w=1.83890539 e=0.336571514547 i=5 Em=1.2021
t=  776.00 +2.59e-14 | 0.0250  0.25      6    0     33     36 | 1.6101  0.75 | 8.05e-08 5.74e-08 |  62.2678 1.0378  0.1575  6.5947 0.062  0.25 | edge_dev mean=2.1994 max=12.2479 gg=0.0515 shape_dev=1.8791 xbar=0.5189
# CONVTAG t=776.00 rough=3.668550 cond=80.272782 evap=86.377372 backs=11.745120
# QATOM t=776.94 dir=FD w=1.12397721 e=0.205719507645 i=10 Em=0.9749
t=  780.00 +2.59e-14 | 0.0250  0.25      6    0     33     36 | 1.6106  0.79 | 3.17e-07 2.03e-07 |  62.5505 1.0425  0.1346  6.5967 0.083  0.25 | edge_dev mean=2.1993 max=12.2479 gg=0.0722 shape_dev=1.8789 xbar=0.5213
# CONVTAG t=780.00 rough=3.668550 cond=80.832997 evap=86.738939 backs=11.792281
t=  784.00 +2.58e-14 | 0.0250  0.21      5    0     33     36 | 1.6096  0.85 | 7.24e-09 5.77e-10 |  62.9813 1.0497  0.1479  6.5820 0.062  0.21 | edge_dev mean=2.1993 max=12.2479 gg=0.0657 shape_dev=1.8789 xbar=0.5248
# CONVTAG t=784.00 rough=3.668550 cond=81.207684 evap=86.738939 backs=11.792281
# QATOM t=784.04 dir=DF w=1.72024014 e=0.314852430444 i=32 Em=1.4288
# QATOM t=786.34 dir=DF w=1.64820155 e=0.301667337456 i=13 Em=1.5823
t=  788.00 +2.57e-14 | 0.0251  0.38      9    0     33     36 | 1.6030  1.06 | 3.00e-05 4.01e-06 |  61.5931 1.0266  0.1314  6.5888 0.104  0.38 | edge_dev mean=2.1996 max=12.2479 gg=0.0732 shape_dev=1.8771 xbar=0.5133
# CONVTAG t=788.00 rough=3.668550 cond=81.557325 evap=88.529263 backs=12.025802
# QATOM t=789.92 dir=DF w=1.57397868 e=0.288082460852 i=34 Em=1.7550
t=  792.00 +2.57e-14 | 0.0251  0.29      7    0     33     36 | 1.5986  0.95 | 9.38e-07 1.95e-08 |  61.4422 1.0240  0.1161  6.5618 0.104  0.29 | edge_dev mean=2.1996 max=12.2479 gg=0.1122 shape_dev=1.8766 xbar=0.5120
# CONVTAG t=792.00 rough=3.668550 cond=82.163866 evap=89.377732 backs=12.136472
# QATOM t=794.46 dir=FD w=1.02212057 e=0.187076872224 i=13 Em=1.2798
t=  796.00 +2.58e-14 | 0.0251  0.17      4    0     33     36 | 1.6013  1.20 | 3.05e-09 2.15e-10 |  61.5669 1.0261  0.0858  6.5525 0.042  0.17 | edge_dev mean=2.1996 max=12.2479 gg=0.0475 shape_dev=1.8766 xbar=0.5131
# CONVTAG t=796.00 rough=3.668550 cond=82.528900 evap=89.672779 backs=12.174956
t=  800.00 +2.58e-14 | 0.0250  0.12      3    0     33     36 | 1.5936  1.00 | 5.71e-13 8.38e-14 |  62.4142 1.0402  0.1190  6.5743 0.042  0.12 | edge_dev mean=2.1996 max=12.2479 gg=0.0607 shape_dev=1.8766 xbar=0.5201
# CONVTAG t=800.00 rough=3.668550 cond=83.265686 evap=89.672779 backs=12.174956
# QATOM t=800.26 dir=DF w=1.69605631 e=0.310426107182 i=6 Em=1.4789
t=  804.00 +2.58e-14 | 0.0250  0.17      4    0     33     36 | 1.6026  1.30 | 4.33e-08 1.49e-08 |  62.3133 1.0386  0.1752  6.5464 0.042  0.17 | edge_dev mean=2.1996 max=12.2479 gg=0.0847 shape_dev=1.8766 xbar=0.5193
# CONVTAG t=804.00 rough=3.668550 cond=83.447902 evap=89.983205 backs=12.215446
t=  808.00 +2.62e-14 | 0.0251  0.21      5    0     33     36 | 1.6025  1.16 | 1.03e-08 5.12e-14 |  62.1846 1.0364  0.2238  6.5455 0.042  0.21 | edge_dev mean=2.1996 max=12.2479 gg=0.0824 shape_dev=1.8765 xbar=0.5182
# CONVTAG t=808.00 rough=3.668550 cond=83.608667 evap=90.296814 backs=12.256352
t=  812.00 +2.66e-14 | 0.0251  0.21      5    0     33     36 | 1.6025  1.16 | 2.94e-12 6.23e-16 |  62.1846 1.0364  0.2238  6.5455 0.042  0.21 | edge_dev mean=2.1996 max=12.2479 gg=0.0923 shape_dev=1.8765 xbar=0.5182
# CONVTAG t=812.00 rough=3.668550 cond=83.608667 evap=90.296814 backs=12.256352
# QATOM t=812.46 dir=FD w=1.07072375 e=0.391945249546 i=46 Em=1.1271
# QATOM t=815.34 dir=DF w=1.75058687 e=0.320406737621 i=44 Em=1.3679
t=  816.00 +2.67e-14 | 0.0251  0.38      9    0     33     36 | 1.6087  1.04 | 1.58e-04 9.38e-07 |  61.6690 1.0278  0.2151  6.5384 0.125  0.38 | edge_dev mean=2.1996 max=12.2479 gg=0.0626 shape_dev=1.8754 xbar=0.5139
# CONVTAG t=816.00 rough=3.668550 cond=84.511087 evap=91.850175 backs=12.458964
# QATOM t=819.76 dir=FD w=1.06996425 e=0.195833613728 i=45 Em=1.1294
t=  820.00 +2.66e-14 | 0.0250  0.29      7    0     33     36 | 1.6094  1.20 | 8.92e-07 1.50e-07 |  62.3634 1.0394  0.2081  6.5221 0.083  0.29 | edge_dev mean=2.1997 max=12.2479 gg=0.1082 shape_dev=1.8746 xbar=0.5197
# CONVTAG t=820.00 rough=3.668550 cond=85.114851 evap=91.850175 backs=12.458964
t=  824.00 +2.67e-14 | 0.0250  0.17      4    0     33     36 | 1.6042  1.20 | 3.46e-09 5.69e-16 |  62.4925 1.0415  0.1785  6.5158 0.042  0.17 | edge_dev mean=2.1997 max=12.2479 gg=0.0894 shape_dev=1.8746 xbar=0.5208
# CONVTAG t=824.00 rough=3.668550 cond=85.497232 evap=92.160805 backs=12.499481
# QATOM t=826.34 dir=DF w=1.62796034 e=0.297962626449 i=3 Em=1.6255
t=  828.00 +2.66e-14 | 0.0250  0.17      4    0     33     36 | 1.6042  1.20 | 9.86e-13 6.03e-16 |  62.3205 1.0387  0.1571  6.5172 0.042  0.17 | edge_dev mean=2.1997 max=12.2479 gg=0.0870 shape_dev=1.8746 xbar=0.5193
# CONVTAG t=828.00 rough=3.668550 cond=85.841403 evap=92.728577 backs=12.573538
# QATOM t=829.00 dir=DF w=1.64315094 e=0.300742933211 i=14 Em=1.5935
t=  832.00 +2.64e-14 | 0.0251  0.29      7    0     33     36 | 1.6068  1.01 | 6.50e-06 4.89e-06 |  61.8746 1.0312  0.1705  6.5413 0.104  0.29 | edge_dev mean=2.1997 max=12.2479 gg=0.1561 shape_dev=1.8738 xbar=0.5156
# CONVTAG t=832.00 rough=3.668550 cond=86.218042 evap=93.607615 backs=12.688195
# QATOM t=834.30 dir=DF w=1.74711203 e=0.319770742959 i=36 Em=1.3748
t=  836.00 +2.64e-14 | 0.0251  0.33      8    0     33     36 | 1.6050  0.96 | 1.52e-05 9.08e-06 |  62.2668 1.0378  0.1802  6.5602 0.083  0.33 | edge_dev mean=2.1995 max=12.2479 gg=0.1215 shape_dev=1.8732 xbar=0.5189
# CONVTAG t=836.00 rough=3.668550 cond=87.089195 evap=94.217235 backs=12.767711
# QATOM t=838.74 dir=DF w=1.77809702 e=0.325441869162 i=11 Em=1.3145
t=  840.00 +2.63e-14 | 0.0250  0.38      9    0     33     36 | 1.6072  0.95 | 2.09e-05 1.20e-05 |  62.3659 1.0394  0.1977  6.5558 0.083  0.38 | edge_dev mean=2.1995 max=12.2479 gg=0.1002 shape_dev=1.8725 xbar=0.5197
# CONVTAG t=840.00 rough=3.668550 cond=87.458356 evap=94.542677 backs=12.810160
# QATOM t=842.82 dir=DF w=1.70497391 e=0.312058279339 i=16 Em=1.4602
t=  844.00 +2.66e-14 | 0.0251  0.42     10    0     33     36 | 1.6072  0.89 | 1.22e-05 3.30e-06 |  62.0083 1.0335  0.2043  6.5505 0.125  0.42 | edge_dev mean=2.1995 max=12.2479 gg=0.0686 shape_dev=1.8722 xbar=0.5167
# CONVTAG t=844.00 rough=3.668550 cond=87.674869 evap=95.149287 backs=12.889283
# QATOM t=847.50 dir=DF w=1.68387592 e=0.308196752625 i=35 Em=1.5046
t=  848.00 +2.67e-14 | 0.0251  0.38      9    0     33     36 | 1.6112  0.75 | 3.48e-05 3.34e-08 |  61.2315 1.0205  0.1350  6.5573 0.083  0.38 | edge_dev mean=2.1994 max=12.2479 gg=0.0693 shape_dev=1.8720 xbar=0.5103
# CONVTAG t=848.00 rough=3.668550 cond=88.026783 evap=96.330710 backs=13.043382
t=  852.00 +2.70e-14 | 0.0251  0.38      9    0     33     36 | 1.6115  0.75 | 8.32e-07 8.06e-12 |  61.3336 1.0222  0.1146  6.5523 0.083  0.38 | edge_dev mean=2.1993 max=12.2479 gg=0.0703 shape_dev=1.8718 xbar=0.5111
# CONVTAG t=852.00 rough=3.668550 cond=88.360228 evap=96.612122 backs=13.080088
# QATOM t=853.64 dir=DF w=1.71106585 e=0.313173276198 i=0 Em=1.4476
t=  856.00 +2.71e-14 | 0.0251  0.33      8    0     33     36 | 1.6058  0.84 | 2.19e-05 1.74e-05 |  61.1049 1.0184  0.1077  6.5681 0.062  0.33 | edge_dev mean=2.1987 max=12.2479 gg=0.0414 shape_dev=1.8708 xbar=0.5092
# CONVTAG t=856.00 rough=3.668550 cond=88.914625 evap=97.478348 backs=13.193074
# QATOM t=859.48 dir=FD w=0.993607478 e=0.181858172884 i=34 Em=1.3762
t=  860.00 +2.72e-14 | 0.0251  0.38      9    0     33     36 | 1.6045  0.82 | 2.77e-07 2.75e-07 |  61.3141 1.0219  0.1083  6.5627 0.083  0.38 | edge_dev mean=2.1987 max=12.2479 gg=0.0976 shape_dev=1.8707 xbar=0.5110
# CONVTAG t=860.00 rough=3.668550 cond=89.096483 evap=97.478348 backs=13.193074
t=  864.00 +2.74e-14 | 0.0251  0.38      9    0     33     36 | 1.6045  0.82 | 6.81e-09 2.20e-09 |  62.1319 1.0355  0.1492  6.5658 0.083  0.38 | edge_dev mean=2.1987 max=12.2479 gg=0.0834 shape_dev=1.8707 xbar=0.5178
# CONVTAG t=864.00 rough=3.668550 cond=89.807644 evap=97.478348 backs=13.193074
# QATOM t=866.24 dir=DF w=1.76938555 e=0.323847424095 i=17 Em=1.3312
t=  868.00 +2.75e-14 | 0.0250  0.29      7    0     33     36 | 1.6093  0.83 | 1.57e-06 7.41e-07 |  62.2461 1.0374  0.1713  6.5532 0.083  0.29 | edge_dev mean=2.1985 max=12.2479 gg=0.0902 shape_dev=1.8715 xbar=0.5187
# CONVTAG t=868.00 rough=3.668550 cond=90.188532 evap=97.802195 backs=13.235315
t=  872.00 +2.78e-14 | 0.0250  0.21      5    0     33     36 | 1.6143  0.76 | 7.44e-11 1.28e-11 |  62.6735 1.0446  0.1825  6.5382 0.042  0.21 | edge_dev mean=2.1985 max=12.2479 gg=0.1119 shape_dev=1.8715 xbar=0.5223
# CONVTAG t=872.00 rough=3.668550 cond=90.560184 evap=97.802195 backs=13.235315
# QATOM t=872.88 dir=DF w=1.70464439 e=0.311997967725 i=9 Em=1.4609
# QATOM t=874.30 dir=DF w=1.54027922 e=0.281914509154 i=21 Em=2.0236
t=  876.00 +2.79e-14 | 0.0251  0.21      5    0     33     36 | 1.6160  0.85 | 2.90e-07 1.95e-07 |  61.8637 1.0311  0.1498  6.5566 0.042  0.21 | edge_dev mean=2.1984 max=12.2479 gg=0.0638 shape_dev=1.8714 xbar=0.5155
# CONVTAG t=876.00 rough=3.668550 cond=90.916065 evap=99.021265 backs=13.394324
t=  880.00 +2.82e-14 | 0.0251  0.42     10    0     33     36 | 1.6194  1.18 | 4.42e-05 1.36e-08 |  61.6255 1.0271  0.1997  6.5499 0.104  0.42 | edge_dev mean=2.1984 max=12.2477 gg=0.0352 shape_dev=1.8717 xbar=0.5135
# CONVTAG t=880.00 rough=3.668550 cond=91.263047 evap=99.658482 backs=13.477439
# QATOM t=880.80 dir=DF w=1.6884443 e=0.309032895127 i=13 Em=1.4949
# QATOM t=882.40 dir=FD w=1.02332432 e=0.187297193235 i=46 Em=1.2758
t=  884.00 +2.84e-14 | 0.0251  0.42     10    0     33     36 | 1.6157  1.24 | 7.59e-06 2.88e-06 |  61.3735 1.0229  0.1556  6.5706 0.083  0.42 | edge_dev mean=2.1983 max=12.2475 gg=0.0388 shape_dev=1.8709 xbar=0.5114
# CONVTAG t=884.00 rough=3.668550 cond=91.836079 evap=100.569397 backs=13.596254
# QATOM t=886.28 dir=DF w=1.57781737 e=0.288785048284 i=27 Em=1.7458
t=  888.00 +2.87e-14 | 0.0251  0.33      8    0     33     36 | 1.6193  1.35 | 2.86e-05 1.08e-06 |  61.0683 1.0178  0.1351  6.5441 0.125  0.33 | edge_dev mean=2.1982 max=12.2475 gg=0.0792 shape_dev=1.8718 xbar=0.5089
# CONVTAG t=888.00 rough=3.668550 cond=92.400728 evap=101.523969 backs=13.720763
# QATOM t=889.50 dir=FD w=1.03149755 e=0.188793124072 i=4 Em=1.2492
t=  892.00 +2.90e-14 | 0.0251  0.29      7    0     33     36 | 1.6226  1.35 | 7.74e-08 8.56e-08 |  61.5630 1.0261  0.1602  6.5351 0.104  0.29 | edge_dev mean=2.1982 max=12.2475 gg=0.0546 shape_dev=1.8722 xbar=0.5130
# CONVTAG t=892.00 rough=3.668550 cond=93.333595 evap=102.102067 backs=13.796167
# QATOM t=892.80 dir=FD w=1.22419336 e=0.448123775072 i=19 Em=0.7246
t=  896.00 +2.91e-14 | 0.0251  0.25      6    0     33     36 | 1.6100  1.04 | 1.05e-05 5.17e-06 |  62.1795 1.0363  0.0997  6.5892 0.083  0.25 | edge_dev mean=2.1979 max=12.2475 gg=0.0712 shape_dev=1.8715 xbar=0.5182
# CONVTAG t=896.00 rough=3.668550 cond=94.139690 evap=102.412632 backs=13.836676
# QATOM t=898.88 dir=DF w=1.63208434 e=0.298717434419 i=47 Em=1.8139
t=  900.00 +2.92e-14 | 0.0250  0.21      5    0     33     36 | 1.6129  0.99 | 9.74e-06 2.84e-18 |  62.5189 1.0420  0.0826  6.5756 0.042  0.21 | edge_dev mean=2.1980 max=12.2475 gg=0.0583 shape_dev=1.8714 xbar=0.5210
# CONVTAG t=900.00 rough=3.668550 cond=94.694608 evap=102.711350 backs=13.875639
t=  904.00 +2.94e-14 | 0.0250  0.12      3    0     33     36 | 1.6095  0.53 | 2.77e-09 1.22e-21 |  63.3942 1.0566  0.0323  6.5971 0.042  0.12 | edge_dev mean=2.1980 max=12.2475 gg=0.0763 shape_dev=1.8713 xbar=0.5283
# CONVTAG t=904.00 rough=3.668550 cond=95.455758 evap=102.711350 backs=13.875639
# QATOM t=905.82 dir=FD w=1.02756186 e=0.188072782305 i=45 Em=1.2620
t=  908.00 +2.96e-14 | 0.0250  0.17      4    0     33     36 | 1.6107  0.48 | 6.93e-08 3.27e-09 |  63.2048 1.0534  0.0410  6.6005 0.042  0.17 | edge_dev mean=2.1981 max=12.2475 gg=0.0286 shape_dev=1.8712 xbar=0.5267
# CONVTAG t=908.00 rough=3.668550 cond=95.811787 evap=103.310169 backs=13.953746
# QATOM t=908.72 dir=DF w=1.65369146 e=0.302672145812 i=18 Em=1.5701
t=  912.00 +2.98e-14 | 0.0250  0.21      5    0     33     36 | 1.6146  0.34 | 4.94e-06 1.21e-07 |  62.7586 1.0460  0.0560  6.5935 0.104  0.21 | edge_dev mean=2.1983 max=12.2475 gg=0.0578 shape_dev=1.8708 xbar=0.5230
# CONVTAG t=912.00 rough=3.668550 cond=96.204760 evap=104.208280 backs=14.070891
t=  916.00 +2.98e-14 | 0.0250  0.21      5    0     33     36 | 1.6148  0.33 | 1.84e-07 6.94e-09 |  62.7035 1.0451  0.0935  6.5980 0.104  0.21 | edge_dev mean=2.1983 max=12.2475 gg=0.0418 shape_dev=1.8707 xbar=0.5225
# CONVTAG t=916.00 rough=3.668550 cond=96.386069 evap=104.471916 backs=14.105278
# QATOM t=916.74 dir=FD w=0.986918161 e=0.180633839318 i=22 Em=1.3997
t=  920.00 +2.98e-14 | 0.0250  0.21      5    0     33     36 | 1.6148  0.33 | 6.15e-09 1.51e-09 |  62.6129 1.0435  0.0769  6.6051 0.104  0.21 | edge_dev mean=2.1983 max=12.2475 gg=0.0597 shape_dev=1.8707 xbar=0.5218
# CONVTAG t=920.00 rough=3.668550 cond=96.566702 evap=104.770211 backs=14.144186
t=  924.00 +2.99e-14 | 0.0250  0.21      5    0     33     36 | 1.6148  0.33 | 1.89e-10 6.38e-11 |  62.3115 1.0385  0.0595  6.6130 0.104  0.21 | edge_dev mean=2.1983 max=12.2475 gg=0.0993 shape_dev=1.8707 xbar=0.5193
# CONVTAG t=924.00 rough=3.668550 cond=96.566702 evap=105.071620 backs=14.183500
# QATOM t=925.74 dir=FD w=1.00842992 e=0.184571096973 i=35 Em=1.3254
# QATOM t=927.46 dir=DF w=1.5996132 e=0.292774300343 i=46 Em=1.6936
t=  928.00 +2.98e-14 | 0.0250  0.21      5    0     33     36 | 1.6148  0.33 | 5.44e-12 1.06e-12 |  62.4467 1.0408  0.0501  6.6187 0.104  0.21 | edge_dev mean=2.1983 max=12.2475 gg=0.0420 shape_dev=1.8707 xbar=0.5204
# CONVTAG t=928.00 rough=3.668550 cond=97.434222 evap=105.934114 backs=14.296000
# QATOM t=931.52 dir=FD w=0.874512202 e=0.160060380683 i=21 Em=1.8474
t=  932.00 +2.96e-14 | 0.0251  0.38      9    0     33     36 | 1.6098  0.62 | 3.15e-05 1.49e-05 |  61.8386 1.0306  0.1273  6.6422 0.188  0.38 | edge_dev mean=2.1978 max=12.2475 gg=0.0763 shape_dev=1.8665 xbar=0.5153
# CONVTAG t=932.00 rough=3.668550 cond=97.967965 evap=107.156042 backs=14.455381
t=  936.00 +2.95e-14 | 0.0251  0.50     12    0     33     36 | 1.6119  0.59 | 7.18e-06 1.50e-04 |  61.7187 1.0286  0.1803  6.6295 0.250  0.50 | edge_dev mean=2.1979 max=12.2475 gg=0.0896 shape_dev=1.8643 xbar=0.5143
# CONVTAG t=936.00 rough=3.668550 cond=98.148541 evap=107.483571 backs=14.498103
# QATOM t=937.18 dir=FD w=1.1247126 e=0.411708209585 i=39 Em=0.9698
t=  940.00 +2.95e-14 | 0.0250  0.42     10    0     33     36 | 1.6073  0.70 | 1.22e-05 1.32e-05 |  62.3871 1.0398  0.0990  6.6206 0.104  0.42 | edge_dev mean=2.1978 max=12.2475 gg=0.0639 shape_dev=1.8639 xbar=0.5199
# CONVTAG t=940.00 rough=3.668550 cond=98.993040 evap=107.786369 backs=14.537598
t=  944.00 +2.94e-14 | 0.0250  0.42     10    0     33     36 | 1.6074  0.70 | 4.72e-08 3.67e-08 |  62.3871 1.0398  0.0990  6.6206 0.104  0.42 | edge_dev mean=2.1977 max=12.2475 gg=0.1013 shape_dev=1.8638 xbar=0.5199
# CONVTAG t=944.00 rough=3.668550 cond=98.993040 evap=107.786369 backs=14.537598
t=  948.00 +2.92e-14 | 0.0250  0.29      7    0     33     36 | 1.6040  0.61 | 3.53e-12 8.92e-13 |  63.2582 1.0543  0.1132  6.5917 0.083  0.29 | edge_dev mean=2.1977 max=12.2475 gg=0.0652 shape_dev=1.8638 xbar=0.5272
# CONVTAG t=948.00 rough=3.668550 cond=99.750524 evap=107.786369 backs=14.537598
# QATOM t=948.54 dir=DF w=1.61338587 e=0.295295086295 i=27 Em=1.6614
t=  952.00 +2.92e-14 | 0.0250  0.42     10    0     33     36 | 1.6039  0.56 | 1.24e-06 5.73e-08 |  63.0288 1.0505  0.1177  6.5902 0.125  0.42 | edge_dev mean=2.1977 max=12.2475 gg=0.0502 shape_dev=1.8635 xbar=0.5252
# CONVTAG t=952.00 rough=3.668550 cond=100.116856 evap=108.437066 backs=14.622472
# QATOM t=953.72 dir=DF w=1.74016177 e=0.318498649806 i=8 Em=1.3886
t=  956.00 +2.92e-14 | 0.0250  0.46     11    0     33     36 | 1.6069  0.64 | 4.08e-06 2.71e-08 |  63.0266 1.0504  0.1209  6.5948 0.125  0.46 | edge_dev mean=2.1979 max=12.2475 gg=0.0689 shape_dev=1.8629 xbar=0.5252
# CONVTAG t=956.00 rough=3.668550 cond=100.640066 evap=109.040909 backs=14.701234
# QATOM t=957.36 dir=FD w=1.11856773 e=0.204729420503 i=11 Em=0.9898
t=  960.00 +2.94e-14 | 0.0250  0.42     10    0     33     36 | 1.6016  0.75 | 5.92e-06 3.65e-08 |  63.1866 1.0531  0.1053  6.5880 0.125  0.42 | edge_dev mean=2.1979 max=12.2475 gg=0.0462 shape_dev=1.8628 xbar=0.5266
# CONVTAG t=960.00 rough=3.668550 cond=101.038307 evap=109.338873 backs=14.740099
t=  964.00 +2.94e-14 | 0.0250  0.38      9    0     33     36 | 1.6019  0.76 | 9.68e-06 1.30e-10 |  62.8136 1.0469  0.0936  6.5827 0.083  0.38 | edge_dev mean=2.1981 max=12.2475 gg=0.0596 shape_dev=1.8625 xbar=0.5234
# CONVTAG t=964.00 rough=3.668550 cond=101.220358 evap=109.921226 backs=14.816058
t=  968.00 +2.96e-14 | 0.0250  0.42     10    0     33     36 | 1.6034  0.76 | 3.36e-07 2.14e-07 |  62.8136 1.0469  0.0936  6.5827 0.104  0.42 | edge_dev mean=2.1981 max=12.2475 gg=0.0496 shape_dev=1.8624 xbar=0.5234
# CONVTAG t=968.00 rough=3.668550 cond=101.220358 evap=109.921226 backs=14.816058
# QATOM t=968.34 dir=FD w=0.955186745 e=0.174826095801 i=47 Em=1.5154
# QATOM t=971.46 dir=FD w=1.02655881 e=0.187889196038 i=0 Em=1.2652
t=  972.00 +2.98e-14 | 0.0249  0.25      6    0     33     36 | 1.6050  0.55 | 4.30e-13 3.50e-13 |  63.7962 1.0633  0.0861  6.5788 0.062  0.25 | edge_dev mean=2.1981 max=12.2475 gg=0.0922 shape_dev=1.8624 xbar=0.5316
# CONVTAG t=972.00 rough=3.668550 cond=102.313790 evap=110.196145 backs=14.851917
t=  976.00 +2.98e-14 | 0.0250  0.25      6    0     33     36 | 1.6050  0.55 | 8.62e-16 2.26e-16 |  62.6479 1.0441  0.0413  6.5861 0.062  0.25 | edge_dev mean=2.1981 max=12.2475 gg=0.0823 shape_dev=1.8624 xbar=0.5221
# CONVTAG t=976.00 rough=3.668550 cond=102.313790 evap=111.344418 backs=15.001691
# QATOM t=977.50 dir=DF w=1.80307339 e=0.330013249653 i=23 Em=1.2674
t=  980.00 +2.99e-14 | 0.0251  0.42     10    0     33     36 | 1.6050  0.52 | 6.83e-06 1.45e-06 |  61.4090 1.0235  0.0253  6.5974 0.104  0.42 | edge_dev mean=2.1988 max=12.2475 gg=0.0820 shape_dev=1.8611 xbar=0.5117
# CONVTAG t=980.00 rough=3.668550 cond=102.313790 evap=112.583338 backs=15.163290
# QATOM t=981.48 dir=FD w=0.944757029 e=0.172917163841 i=42 Em=1.5552
t=  984.00 +2.99e-14 | 0.0251  0.29      7    0     33     36 | 1.6071  0.48 | 3.25e-08 1.11e-08 |  61.9056 1.0318  0.0389  6.5969 0.062  0.29 | edge_dev mean=2.1988 max=12.2475 gg=0.1266 shape_dev=1.8611 xbar=0.5159
# CONVTAG t=984.00 rough=3.668550 cond=103.016509 evap=112.894861 backs=15.203923
# QATOM t=987.26 dir=FD w=1.01365754 e=0.371055800152 i=22 Em=1.3078
t=  988.00 +2.98e-14 | 0.0250  0.25      6    0     33     36 | 1.6074  0.52 | 1.53e-10 5.91e-11 |  62.7678 1.0461  0.0225  6.5934 0.062  0.25 | edge_dev mean=2.1988 max=12.2475 gg=0.0864 shape_dev=1.8611 xbar=0.5231
# CONVTAG t=988.00 rough=3.668550 cond=103.766263 evap=112.894861 backs=15.203923
t=  992.00 +2.98e-14 | 0.0250  0.29      7    0     33     36 | 1.6057  0.54 | 3.91e-06 1.40e-07 |  63.0570 1.0509  0.0241  6.5803 0.083  0.29 | edge_dev mean=2.1988 max=12.2475 gg=0.0514 shape_dev=1.8609 xbar=0.5255
# CONVTAG t=992.00 rough=3.668550 cond=104.280064 evap=113.196553 backs=15.243274
t=  996.00 +2.98e-14 | 0.0250  0.29      7    0     33     36 | 1.6058  0.54 | 6.43e-08 3.37e-08 |  63.0570 1.0509  0.0241  6.5803 0.083  0.29 | edge_dev mean=2.1988 max=12.2475 gg=0.0567 shape_dev=1.8608 xbar=0.5255
# CONVTAG t=996.00 rough=3.668550 cond=104.280064 evap=113.196553 backs=15.243274
# QATOM t=998.30 dir=DF w=1.46947283 e=0.268954944708 i=21 Em=2.0281
t= 1000.00 +2.96e-14 | 0.0250  0.29      7    0     33     36 | 1.6058  0.54 | 7.32e-10 3.07e-10 |  62.7272 1.0455  0.0479  6.5970 0.083  0.29 | edge_dev mean=2.1988 max=12.2475 gg=0.0442 shape_dev=1.8608 xbar=0.5227
# CONVTAG t=1000.00 rough=3.668550 cond=104.474362 evap=113.749787 backs=15.315435
# QATOM t=1001.16 dir=DF w=1.53005101 e=0.280042459002 i=31 Em=1.8653
t= 1004.00 +2.96e-14 | 0.0250  0.29      7    0     33     36 | 1.6058  0.54 | 7.89e-12 3.70e-12 |  62.3430 1.0391  0.0757  6.5799 0.083  0.29 | edge_dev mean=2.1988 max=12.2475 gg=0.1003 shape_dev=1.8608 xbar=0.5195
# CONVTAG t=1004.00 rough=3.668550 cond=104.653821 evap=114.340308 backs=15.392460
t= 1008.00 +2.95e-14 | 0.0250  0.33      8    0     33     36 | 1.6064  0.51 | 1.45e-07 3.28e-16 |  62.2260 1.0371  0.0581  6.5918 0.083  0.33 | edge_dev mean=2.1986 max=12.2475 gg=0.0809 shape_dev=1.8605 xbar=0.5185
# CONVTAG t=1008.00 rough=3.668550 cond=104.817558 evap=114.645691 backs=15.432292
# QATOM t=1008.84 dir=FD w=1.08960027 e=0.199427560168 i=26 Em=1.0715
t= 1012.00 +2.94e-14 | 0.0250  0.25      6    0     33     36 | 1.6077  0.48 | 1.19e-15 6.34e-16 |  63.0073 1.0501  0.0646  6.5679 0.062  0.25 | edge_dev mean=2.1986 max=12.2475 gg=0.0877 shape_dev=1.8605 xbar=0.5251
# CONVTAG t=1012.00 rough=3.668550 cond=105.783000 evap=114.974636 backs=15.475198
t= 1016.00 +2.92e-14 | 0.0250  0.25      6    0     33     36 | 1.6077  0.48 | 9.10e-16 3.77e-16 |  62.3724 1.0395  0.0229  6.5383 0.062  0.25 | edge_dev mean=2.1986 max=12.2475 gg=0.0980 shape_dev=1.8605 xbar=0.5198
# CONVTAG t=1016.00 rough=3.668550 cond=105.783000 evap=115.609506 backs=15.558007
# QATOM t=1016.52 dir=FD w=0.953392651 e=0.174497726112 i=37 Em=1.5222
# QATOM t=1019.12 dir=DF w=1.91786603 e=0.351023537738 i=29 Em=1.0669
t= 1020.00 +2.90e-14 | 0.0251  0.38      9    0     33     36 | 1.6101  0.56 | 8.46e-05 2.93e-04 |  61.7825 1.0297  0.1118  6.4682 0.083  0.38 | edge_dev mean=2.1986 max=12.2462 gg=0.0570 shape_dev=1.8596 xbar=0.5149
# CONVTAG t=1020.00 rough=3.668550 cond=106.334048 evap=116.833065 backs=15.717602
t= 1024.00 +2.90e-14 | 0.0250  0.29      7    0     33     36 | 1.6088  0.50 | 2.19e-07 3.20e-07 |  62.7567 1.0459  0.0597  6.5026 0.062  0.29 | edge_dev mean=2.1986 max=12.2463 gg=0.0851 shape_dev=1.8593 xbar=0.5230
# CONVTAG t=1024.00 rough=3.668550 cond=107.181171 evap=116.833065 backs=15.717602
# QATOM t=1025.84 dir=DF w=1.75648334 e=0.321485957505 i=5 Em=1.3563
t= 1028.00 +2.90e-14 | 0.0250  0.25      6    0     33     36 | 1.6069  0.44 | 7.73e-10 5.48e-11 |  62.5789 1.0430  0.0604  6.5281 0.062  0.25 | edge_dev mean=2.1986 max=12.2463 gg=0.0930 shape_dev=1.8593 xbar=0.5215
# CONVTAG t=1028.00 rough=3.668550 cond=107.551645 evap=117.436982 backs=15.796374
# QATOM t=1029.06 dir=FD w=1.10239476 e=0.201769312425 i=30 Em=1.0349
t= 1032.00 +2.88e-14 | 0.0250  0.21      5    0     33     36 | 1.6061  0.47 | 8.80e-16 6.42e-17 |  62.9981 1.0500  0.1088  6.5527 0.062  0.21 | edge_dev mean=2.1986 max=12.2463 gg=0.1060 shape_dev=1.8593 xbar=0.5250
# CONVTAG t=1032.00 rough=3.668550 cond=107.916162 evap=117.436982 backs=15.796374
t= 1036.00 +2.88e-14 | 0.0250  0.21      5    0     33     36 | 1.6061  0.47 | 1.06e-15 4.25e-16 |  62.9036 1.0484  0.0962  6.5639 0.062  0.21 | edge_dev mean=2.1986 max=12.2463 gg=0.0564 shape_dev=1.8593 xbar=0.5242
# CONVTAG t=1036.00 rough=3.668550 cond=108.085904 evap=117.726617 backs=15.834152
# QATOM t=1039.38 dir=DF w=1.71162302 e=0.313275253189 i=39 Em=1.4433
t= 1040.00 +2.90e-14 | 0.0251  0.33      8    0     33     36 | 1.6019  0.58 | 7.03e-05 6.59e-05 |  61.7291 1.0288  0.0837  6.5718 0.104  0.33 | edge_dev mean=2.1987 max=12.2463 gg=0.0422 shape_dev=1.8591 xbar=0.5144
# CONVTAG t=1040.00 rough=3.668550 cond=108.085904 evap=118.901108 backs=15.987347
# QATOM t=1043.10 dir=FD w=1.15022765 e=0.210524078178 i=28 Em=0.9052
t= 1044.00 +2.90e-14 | 0.0251  0.29      7    0     33     36 | 1.6031  0.56 | 1.60e-06 2.68e-07 |  62.0886 1.0348  0.0628  6.5871 0.083  0.29 | edge_dev mean=2.1987 max=12.2463 gg=0.0554 shape_dev=1.8582 xbar=0.5174
# CONVTAG t=1044.00 rough=3.668550 cond=108.682593 evap=119.227863 backs=16.029967
t= 1048.00 +2.88e-14 | 0.0251  0.29      7    0     33     36 | 1.6031  0.56 | 6.23e-08 9.51e-09 |  62.3929 1.0399  0.1368  6.5793 0.083  0.29 | edge_dev mean=2.1987 max=12.2463 gg=0.0238 shape_dev=1.8582 xbar=0.5199
# CONVTAG t=1048.00 rough=3.668550 cond=109.213451 evap=119.533987 backs=16.069896
# QATOM t=1048.86 dir=DF w=1.69487971 e=0.310210756783 i=0 Em=1.4813
t= 1052.00 +2.87e-14 | 0.0251  0.29      7    0     33     36 | 1.6015  0.53 | 4.82e-07 1.31e-12 |  61.9805 1.0330  0.1173  6.6015 0.062  0.29 | edge_dev mean=2.1986 max=12.2463 gg=0.0461 shape_dev=1.8581 xbar=0.5165
# CONVTAG t=1052.00 rough=3.668550 cond=109.391771 evap=120.151437 backs=16.150433
# QATOM t=1053.66 dir=FD w=0.924197845 e=0.169154253721 i=46 Em=1.6361
t= 1056.00 +2.88e-14 | 0.0251  0.25      6    0     33     36 | 1.6030  0.52 | 2.88e-04 1.20e-04 |  61.6966 1.0283  0.1122  6.6151 0.062  0.25 | edge_dev mean=2.1987 max=12.2463 gg=0.0845 shape_dev=1.8580 xbar=0.5141
# CONVTAG t=1056.00 rough=3.668550 cond=109.929715 evap=121.053997 backs=16.268158
# QATOM t=1056.74 dir=FD w=0.947430673 e=0.173406516121 i=47 Em=1.5449
t= 1060.00 +2.91e-14 | 0.0251  0.21      5    0     33     36 | 1.6059  0.49 | 5.41e-07 7.11e-08 |  62.2014 1.0367  0.1058  6.6107 0.062  0.21 | edge_dev mean=2.1990 max=12.2463 gg=0.0907 shape_dev=1.8574 xbar=0.5183
# CONVTAG t=1060.00 rough=3.668550 cond=110.645448 evap=121.372320 backs=16.309679
# QATOM t=1062.72 dir=FD w=1.0067784 e=0.184268823141 i=34 Em=1.3309
t= 1064.00 +2.94e-14 | 0.0251  0.21      5    0     33     36 | 1.6059  0.49 | 1.37e-10 2.57e-12 |  62.1299 1.0355  0.0873  6.6002 0.062  0.21 | edge_dev mean=2.1990 max=12.2463 gg=0.0770 shape_dev=1.8574 xbar=0.5177
# CONVTAG t=1064.00 rough=3.668550 cond=110.829717 evap=121.655728 backs=16.346645
t= 1068.00 +2.95e-14 | 0.0251  0.21      5    0     33     36 | 1.6059  0.49 | 4.13e-14 3.05e-17 |  62.0789 1.0346  0.0383  6.5712 0.062  0.21 | edge_dev mean=2.1990 max=12.2463 gg=0.0989 shape_dev=1.8574 xbar=0.5173
# CONVTAG t=1068.00 rough=3.668550 cond=111.029103 evap=121.935971 backs=16.383198
t= 1072.00 +2.96e-14 | 0.0250  0.17      4    0     33     36 | 1.6041  0.48 | 8.08e-16 2.72e-17 |  62.7494 1.0458  0.0242  6.5645 0.062  0.17 | edge_dev mean=2.1990 max=12.2463 gg=0.0882 shape_dev=1.8574 xbar=0.5229
# CONVTAG t=1072.00 rough=3.668550 cond=111.612102 evap=121.935971 backs=16.383198
# QATOM t=1072.54 dir=DF w=1.54361635 e=0.282525297667 i=46 Em=1.8306
t= 1076.00 +2.99e-14 | 0.0251  0.17      4    0     33     36 | 1.6041  0.48 | 9.08e-16 1.99e-16 |  62.1884 1.0365  0.0126  6.5586 0.062  0.17 | edge_dev mean=2.1990 max=12.2463 gg=0.0567 shape_dev=1.8574 xbar=0.5182
# CONVTAG t=1076.00 rough=3.668550 cond=111.612102 evap=122.496924 backs=16.456366
# QATOM t=1078.70 dir=FD w=0.977770574 e=0.178959573093 i=37 Em=1.4323
t= 1080.00 +3.00e-14 | 0.0250  0.17      4    0     33     36 | 1.6023  0.49 | 4.99e-08 3.15e-17 |  62.2289 1.0371  0.0501  6.5572 0.062  0.17 | edge_dev mean=2.1989 max=12.2463 gg=0.0538 shape_dev=1.8571 xbar=0.5186
# CONVTAG t=1080.00 rough=3.668550 cond=112.178387 evap=123.107713 backs=16.536034
# QATOM t=1081.92 dir=FD w=0.937775131 e=0.171639279831 i=42 Em=1.5823
t= 1084.00 +3.00e-14 | 0.0251  0.25      6    0     33     36 | 1.6121  0.44 | 7.18e-05 4.74e-06 |  61.6890 1.0281  0.0904  6.5651 0.104  0.25 | edge_dev mean=2.1986 max=12.2463 gg=0.0675 shape_dev=1.8543 xbar=0.5141
# CONVTAG t=1084.00 rough=3.668550 cond=112.535905 evap=124.058742 backs=16.660082
t= 1088.00 +2.98e-14 | 0.0251  0.29      7    0     33     36 | 1.6135  0.47 | 1.66e-06 6.12e-07 |  62.0849 1.0347  0.1182  6.5778 0.104  0.29 | edge_dev mean=2.1985 max=12.2463 gg=0.0637 shape_dev=1.8535 xbar=0.5174
# CONVTAG t=1088.00 rough=3.668550 cond=112.880143 evap=124.058742 backs=16.660082
# QATOM t=1089.22 dir=FD w=1.04626443 e=0.19149587961 i=14 Em=1.2022
t= 1092.00 +2.98e-14 | 0.0250  0.29      7    0     33     36 | 1.6089  0.39 | 3.35e-07 6.46e-08 |  62.2255 1.0371  0.1157  6.5832 0.104  0.29 | edge_dev mean=2.1985 max=12.2463 gg=0.0662 shape_dev=1.8533 xbar=0.5185
# CONVTAG t=1092.00 rough=3.668550 cond=113.253367 evap=124.347311 backs=16.697721
# QATOM t=1094.82 dir=DF w=1.85634774 e=0.339763957619 i=7 Em=1.1712
t= 1096.00 +2.98e-14 | 0.0251  0.33      8    0     33     36 | 1.6089  0.78 | 2.45e-05 1.98e-06 |  62.1900 1.0365  0.1020  6.5605 0.083  0.33 | edge_dev mean=2.1983 max=12.2463 gg=0.0744 shape_dev=1.8546 xbar=0.5183
# CONVTAG t=1096.00 rough=3.668550 cond=114.026734 evap=125.272166 backs=16.818354
t= 1100.00 +2.98e-14 | 0.0250  0.25      6    0     33     36 | 1.6133  0.76 | 4.77e-08 1.60e-09 |  62.3893 1.0398  0.0896  6.5556 0.083  0.25 | edge_dev mean=2.1983 max=12.2463 gg=0.0320 shape_dev=1.8549 xbar=0.5199
# CONVTAG t=1100.00 rough=3.668550 cond=114.199987 evap=125.272166 backs=16.818354
# QATOM t=1103.66 dir=FD w=1.02222995 e=0.187096891221 i=9 Em=1.2794
t= 1104.00 +2.98e-14 | 0.0250  0.21      5    0     33     36 | 1.6141  0.83 | 1.27e-10 4.57e-11 |  63.0010 1.0500  0.1122  6.5581 0.083  0.21 | edge_dev mean=2.1983 max=12.2463 gg=0.0313 shape_dev=1.8549 xbar=0.5250
# CONVTAG t=1104.00 rough=3.668550 cond=114.731908 evap=125.272166 backs=16.818354
t= 1108.00 +2.98e-14 | 0.0249  0.12      3    0     33     36 | 1.6111  1.02 | 2.12e-13 8.31e-16 |  63.4291 1.0572  0.0953  6.5547 0.042  0.12 | edge_dev mean=2.1983 max=12.2463 gg=0.0706 shape_dev=1.8549 xbar=0.5286
# CONVTAG t=1108.00 rough=3.668550 cond=115.104185 evap=125.272166 backs=16.818354
# QATOM t=1109.76 dir=DF w=1.64089021 e=0.300329155556 i=45 Em=1.5986
t= 1112.00 +2.99e-14 | 0.0250  0.29      7    0     33     36 | 1.6187  1.01 | 7.53e-05 8.22e-06 |  62.4247 1.0404  0.1205  6.5319 0.083  0.29 | edge_dev mean=2.1982 max=12.2413 gg=0.1132 shape_dev=1.8577 xbar=0.5202
# CONVTAG t=1112.00 rough=3.668550 cond=115.317139 evap=126.521463 backs=16.981306
# QATOM t=1114.32 dir=DF w=1.84045514 e=0.336855163515 i=33 Em=1.1994
t= 1116.00 +3.00e-14 | 0.0251  0.33      8    0     33     36 | 1.6200  0.94 | 2.81e-06 9.66e-07 |  61.5269 1.0254  0.0632  6.5149 0.083  0.33 | edge_dev mean=2.1985 max=12.2412 gg=0.1001 shape_dev=1.8569 xbar=0.5127
# CONVTAG t=1116.00 rough=3.668550 cond=115.317139 evap=127.419273 backs=17.098412
# QATOM t=1118.50 dir=FD w=0.961075713 e=0.175903942986 i=42 Em=1.4934
t= 1120.00 +3.03e-14 | 0.0251  0.21      5    0     33     36 | 1.6197  1.16 | 1.02e-07 1.21e-06 |  62.0720 1.0345  0.0653  6.5167 0.042  0.21 | edge_dev mean=2.1985 max=12.2413 gg=0.0990 shape_dev=1.8569 xbar=0.5173
# CONVTAG t=1120.00 rough=3.668550 cond=116.069416 evap=127.739294 backs=17.140154
# QATOM t=1123.60 dir=DF w=1.62346928 e=0.297140634282 i=37 Em=1.6381
t= 1124.00 +3.05e-14 | 0.0250  0.17      4    0     33     36 | 1.6200  1.30 | 1.96e-08 7.86e-09 |  62.4239 1.0404  0.0966  6.5267 0.042  0.17 | edge_dev mean=2.1985 max=12.2412 gg=0.0667 shape_dev=1.8569 xbar=0.5202
# CONVTAG t=1124.00 rough=3.668550 cond=116.633771 evap=128.036435 backs=17.178911
t= 1128.00 +3.07e-14 | 0.0250  0.21      5    0     33     36 | 1.6125  0.82 | 2.86e-07 7.08e-09 |  62.3469 1.0391  0.1365  6.5515 0.062  0.21 | edge_dev mean=2.1987 max=12.2412 gg=0.0264 shape_dev=1.8566 xbar=0.5196
# CONVTAG t=1128.00 rough=3.668550 cond=116.857491 evap=128.370655 backs=17.222505
# QATOM t=1129.56 dir=DF w=1.68860325 e=0.309061987416 i=9 Em=1.4946
t= 1132.00 +3.05e-14 | 0.0250  0.29      7    0     33     36 | 1.6136  0.71 | 2.62e-06 1.43e-06 |  62.2320 1.0372  0.1462  6.5702 0.083  0.29 | edge_dev mean=2.1987 max=12.2412 gg=0.0706 shape_dev=1.8561 xbar=0.5186
# CONVTAG t=1132.00 rough=3.668550 cond=117.574611 evap=129.310208 backs=17.345055
# QATOM t=1132.38 dir=FD w=1.02772969 e=0.188103499612 i=16 Em=1.2614
t= 1136.00 +3.04e-14 | 0.0251  0.29      7    0     33     36 | 1.6126  0.70 | 5.32e-07 1.68e-09 |  61.9884 1.0331  0.1333  6.5720 0.062  0.29 | edge_dev mean=2.1987 max=12.2412 gg=0.0512 shape_dev=1.8559 xbar=0.5166
# CONVTAG t=1136.00 rough=3.668550 cond=118.156690 evap=130.223266 backs=17.464150
# QATOM t=1136.74 dir=FD w=0.909629563 e=0.166487847602 i=42 Em=1.6957
t= 1140.00 +3.04e-14 | 0.0251  0.33      8    0     33     36 | 1.6104  0.75 | 5.11e-04 5.19e-04 |  61.8644 1.0311  0.1685  6.5926 0.062  0.33 | edge_dev mean=2.1987 max=12.2412 gg=0.0962 shape_dev=1.8558 xbar=0.5155
# CONVTAG t=1140.00 rough=3.668550 cond=118.323178 evap=130.538692 backs=17.505292
# QATOM t=1142.46 dir=FD w=1.07446847 e=0.196658013614 i=15 Em=1.1159
t= 1144.00 +3.05e-14 | 0.0251  0.29      7    0     33     36 | 1.6115  0.62 | 3.26e-06 3.10e-07 |  61.8737 1.0312  0.1316  6.5792 0.062  0.29 | edge_dev mean=2.1991 max=12.2412 gg=0.0962 shape_dev=1.8554 xbar=0.5156
# CONVTAG t=1144.00 rough=3.668550 cond=119.091652 evap=131.413127 backs=17.619349
# QATOM t=1144.34 dir=FD w=0.970492169 e=0.177627419862 i=46 Em=1.4587
t= 1148.00 +3.05e-14 | 0.0251  0.29      7    0     33     36 | 1.6181  0.92 | 6.12e-07 8.80e-10 |  62.1182 1.0353  0.1535  6.5537 0.083  0.29 | edge_dev mean=2.1989 max=12.2414 gg=0.0399 shape_dev=1.8551 xbar=0.5177
# CONVTAG t=1148.00 rough=3.668550 cond=119.844299 evap=132.034220 backs=17.700361
# QATOM t=1149.12 dir=DF w=1.57089698 e=0.2875184216 i=22 Em=1.7627
# QATOM t=1151.10 dir=DF w=1.64574928 e=0.301218502315 i=21 Em=1.5877
t= 1152.00 +3.07e-14 | 0.0251  0.29      7    0     33     36 | 1.6199  0.83 | 1.11e-06 9.53e-09 |  61.9923 1.0332  0.1669  6.5490 0.083  0.29 | edge_dev mean=2.1988 max=12.2414 gg=0.0674 shape_dev=1.8547 xbar=0.5166
# CONVTAG t=1152.00 rough=3.668550 cond=120.764404 evap=133.218249 backs=17.854800
t= 1156.00 +3.07e-14 | 0.0251  0.25      6    0     33     36 | 1.6200  0.90 | 1.57e-09 1.18e-13 |  61.9413 1.0324  0.1047  6.5249 0.083  0.25 | edge_dev mean=2.1988 max=12.2414 gg=0.0676 shape_dev=1.8547 xbar=0.5162
# CONVTAG t=1156.00 rough=3.668550 cond=120.962240 evap=133.496754 backs=17.891127
# QATOM t=1157.38 dir=DF w=1.78472886 e=0.326655683197 i=6 Em=1.3019
# QATOM t=1159.88 dir=DF w=1.53827646 e=0.281547948438 i=32 Em=1.8442
t= 1160.00 +3.07e-14 | 0.0251  0.29      7    0     33     36 | 1.6116  1.00 | 8.39e-05 5.73e-05 |  61.8981 1.0316  0.1307  6.5290 0.104  0.29 | edge_dev mean=2.1983 max=12.2414 gg=0.0445 shape_dev=1.8536 xbar=0.5158
# CONVTAG t=1160.00 rough=3.668550 cond=121.720787 evap=134.412247 backs=18.010539
t= 1164.00 +3.05e-14 | 0.0251  0.38      9    0     33     36 | 1.6101  0.96 | 3.43e-06 3.55e-06 |  62.1145 1.0352  0.1436  6.5235 0.146  0.38 | edge_dev mean=2.1982 max=12.2414 gg=0.0761 shape_dev=1.8523 xbar=0.5176
# CONVTAG t=1164.00 rough=3.668550 cond=121.908946 evap=134.412247 backs=18.010539
t= 1168.00 +3.04e-14 | 0.0250  0.29      7    0     33     36 | 1.6055  0.70 | 8.94e-08 9.26e-08 |  62.7957 1.0466  0.0944  6.5251 0.125  0.29 | edge_dev mean=2.1982 max=12.2414 gg=0.0530 shape_dev=1.8522 xbar=0.5233
# CONVTAG t=1168.00 rough=3.668550 cond=122.501314 evap=134.412247 backs=18.010539
t= 1172.00 +3.03e-14 | 0.0250  0.29      7    0     33     36 | 1.6055  0.70 | 1.89e-09 2.36e-09 |  62.9888 1.0498  0.0799  6.5205 0.125  0.29 | edge_dev mean=2.1982 max=12.2414 gg=0.0845 shape_dev=1.8522 xbar=0.5249
# CONVTAG t=1172.00 rough=3.668550 cond=122.669256 evap=134.412247 backs=18.010539
# QATOM t=1173.72 dir=FD w=0.93107546 e=0.170413051158 i=42 Em=1.6086
t= 1176.00 +3.02e-14 | 0.0250  0.29      7    0     33     36 | 1.6055  0.70 | 5.77e-11 7.91e-11 |  63.3881 1.0565  0.1095  6.5289 0.125  0.29 | edge_dev mean=2.1982 max=12.2414 gg=0.0842 shape_dev=1.8522 xbar=0.5282
# CONVTAG t=1176.00 rough=3.668550 cond=123.016474 evap=134.412247 backs=18.010539
t= 1180.00 +3.00e-14 | 0.0249  0.29      7    0     33     36 | 1.6055  0.70 | 2.35e-12 3.02e-12 |  63.5914 1.0599  0.1206  6.5238 0.125  0.29 | edge_dev mean=2.1982 max=12.2414 gg=0.0806 shape_dev=1.8522 xbar=0.5299
# CONVTAG t=1180.00 rough=3.668550 cond=123.193198 evap=134.412247 backs=18.010539
t= 1184.00 +2.99e-14 | 0.0250  0.29      7    0     33     36 | 1.6055  0.70 | 8.71e-14 1.16e-13 |  63.3107 1.0552  0.1394  6.5302 0.125  0.29 | edge_dev mean=2.1982 max=12.2414 gg=0.0844 shape_dev=1.8522 xbar=0.5276
# CONVTAG t=1184.00 rough=3.668550 cond=123.193198 evap=134.692947 backs=18.047152
# QATOM t=1186.88 dir=DF w=1.77293581 e=0.324497223017 i=10 Em=1.3244
t= 1188.00 +2.99e-14 | 0.0250  0.38      9    0     33     36 | 1.6086  0.72 | 1.63e-05 1.06e-11 |  62.7656 1.0461  0.1496  6.5383 0.125  0.38 | edge_dev mean=2.1981 max=12.2414 gg=0.0938 shape_dev=1.8521 xbar=0.5230
# CONVTAG t=1188.00 rough=3.668550 cond=123.526597 evap=135.621446 backs=18.168260
# QATOM t=1190.90 dir=FD w=1.0458951 e=0.191428282013 i=12 Em=1.2033
t= 1192.00 +3.00e-14 | 0.0250  0.25      6    0     33     36 | 1.6113  0.71 | 6.99e-08 1.69e-11 |  63.1984 1.0533  0.1439  6.5200 0.062  0.25 | edge_dev mean=2.1981 max=12.2414 gg=0.0815 shape_dev=1.8520 xbar=0.5267
# CONVTAG t=1192.00 rough=3.668550 cond=123.902996 evap=135.621446 backs=18.168260
t= 1196.00 +2.99e-14 | 0.0250  0.12      3    0     33     36 | 1.6080  0.81 | 4.35e-16 5.29e-25 |  63.3155 1.0553  0.1102  6.5171 0.062  0.12 | edge_dev mean=2.1981 max=12.2414 gg=0.0276 shape_dev=1.8520 xbar=0.5276
# CONVTAG t=1196.00 rough=3.668550 cond=124.508067 evap=136.200191 backs=18.243749
# QATOM t=1196.00 dir=DF w=1.68030797 e=0.307543717332 i=45 Em=1.5122
t= 1200.00 +2.99e-14 | 0.0250  0.17      4    0     33     36 | 1.6135  0.69 | 9.62e-07 1.79e-08 |  62.9133 1.0486  0.1441  6.5213 0.083  0.17 | edge_dev mean=2.1987 max=12.2414 gg=0.0251 shape_dev=1.8505 xbar=0.5243
# CONVTAG t=1200.00 rough=3.668550 cond=124.697446 evap=136.820239 backs=18.324625
# QATOM t=1202.04 dir=DF w=1.66180431 e=0.304157025657 i=37 Em=1.5522
t= 1204.00 +2.99e-14 | 0.0250  0.12      3    0     33     36 | 1.6133  0.80 | 5.12e-09 3.59e-14 |  62.7442 1.0457  0.1001  6.5401 0.062  0.12 | edge_dev mean=2.1987 max=12.2414 gg=0.0492 shape_dev=1.8505 xbar=0.5229
# CONVTAG t=1204.00 rough=3.668550 cond=125.072468 evap=137.420555 backs=18.402927
# QATOM t=1205.82 dir=DF w=1.81750366 e=0.332654395563 i=20 Em=1.2408
t= 1208.00 +2.99e-14 | 0.0251  0.25      6    0     33     36 | 1.6109  0.62 | 3.45e-06 2.20e-13 |  61.9145 1.0319  0.0323  6.5582 0.062  0.25 | edge_dev mean=2.1989 max=12.2442 gg=0.0690 shape_dev=1.8500 xbar=0.5160
# CONVTAG t=1208.00 rough=3.668550 cond=125.409389 evap=138.637744 backs=18.561690
# QATOM t=1209.86 dir=FD w=0.953926913 e=0.174595511093 i=42 Em=1.5202
t= 1212.00 +3.00e-14 | 0.0250  0.21      5    0     33     36 | 1.6126  0.63 | 4.78e-09 1.47e-17 |  62.3134 1.0386  0.1051  6.5616 0.062  0.21 | edge_dev mean=2.1988 max=12.2443 gg=0.0757 shape_dev=1.8498 xbar=0.5193
# CONVTAG t=1212.00 rough=3.668550 cond=126.546647 evap=139.546694 backs=18.680249
# QATOM t=1213.04 dir=FD w=0.990764833 e=0.181337888711 i=2 Em=1.3862
t= 1216.00 +3.02e-14 | 0.0251  0.21      5    0     33     36 | 1.6126  0.63 | 1.36e-12 2.05e-19 |  61.9581 1.0326  0.0745  6.5380 0.062  0.21 | edge_dev mean=2.1988 max=12.2443 gg=0.0885 shape_dev=1.8498 xbar=0.5163
# CONVTAG t=1216.00 rough=3.668550 cond=126.727985 evap=140.110519 backs=18.753792
# QATOM t=1217.56 dir=FD w=1.05751439 e=0.19355493812 i=16 Em=1.1672
t= 1220.00 +3.00e-14 | 0.0250  0.21      5    0     33     36 | 1.6126  0.63 | 8.59e-16 1.98e-17 |  62.4972 1.0416  0.0996  6.5165 0.062  0.21 | edge_dev mean=2.1988 max=12.2443 gg=0.1089 shape_dev=1.8498 xbar=0.5208
# CONVTAG t=1220.00 rough=3.668550 cond=127.475103 evap=140.430614 backs=18.795543
t= 1224.00 +2.99e-14 | 0.0251  0.29      7    0     33     36 | 1.6075  0.75 | 6.53e-06 9.71e-06 |  61.8651 1.0311  0.0617  6.5052 0.104  0.29 | edge_dev mean=2.1988 max=12.2443 gg=0.0649 shape_dev=1.8494 xbar=0.5155
# CONVTAG t=1224.00 rough=3.668550 cond=127.475103 evap=141.062679 backs=18.877986
# QATOM t=1225.94 dir=FD w=0.989739824 e=0.181150283114 i=16 Em=1.3898
t= 1228.00 +2.99e-14 | 0.0251  0.25      6    0     33     36 | 1.6119  0.90 | 1.12e-05 5.91e-08 |  62.1984 1.0366  0.0526  6.4892 0.062  0.25 | edge_dev mean=2.1987 max=12.2443 gg=0.0514 shape_dev=1.8491 xbar=0.5183
# CONVTAG t=1228.00 rough=3.668550 cond=128.051950 evap=141.392749 backs=18.921039
# QATOM t=1228.38 dir=FD w=1.03658323 e=0.189723947012 i=35 Em=1.2328
# QATOM t=1231.18 dir=FD w=1.12383021 e=0.205692603043 i=6 Em=0.9745
t= 1232.00 +2.98e-14 | 0.0250  0.21      5    0     33     36 | 1.6066  0.73 | 7.17e-06 1.82e-08 |  62.8468 1.0474  0.1143  6.5561 0.062  0.21 | edge_dev mean=2.1989 max=12.2443 gg=0.0591 shape_dev=1.8487 xbar=0.5237
# CONVTAG t=1232.00 rough=3.668550 cond=129.177293 evap=142.038573 backs=19.005277
# QATOM t=1235.58 dir=FD w=0.99605775 e=0.182306641744 i=47 Em=1.3678
t= 1236.00 +2.96e-14 | 0.0250  0.29      7    0     33     36 | 1.6045  0.84 | 4.38e-05 4.28e-06 |  62.6597 1.0443  0.1579  6.5641 0.062  0.29 | edge_dev mean=2.1990 max=12.2443 gg=0.0728 shape_dev=1.8484 xbar=0.5222
# CONVTAG t=1236.00 rough=3.668550 cond=129.528386 evap=142.629381 backs=19.082339
t= 1240.00 +2.96e-14 | 0.0250  0.21      5    0     33     36 | 1.6082  0.85 | 1.24e-07 1.90e-10 |  62.5983 1.0433  0.1367  6.5366 0.062  0.21 | edge_dev mean=2.1990 max=12.2443 gg=0.0782 shape_dev=1.8483 xbar=0.5217
# CONVTAG t=1240.00 rough=3.668550 cond=129.715678 evap=142.906211 backs=19.118447
t= 1244.00 +2.96e-14 | 0.0250  0.21      5    0     33     36 | 1.6082  0.85 | 5.68e-10 3.42e-17 |  62.5983 1.0433  0.1367  6.5366 0.062  0.21 | edge_dev mean=2.1990 max=12.2443 gg=0.0558 shape_dev=1.8483 xbar=0.5217
# CONVTAG t=1244.00 rough=3.668550 cond=129.715678 evap=142.906211 backs=19.118447
# QATOM t=1247.74 dir=FD w=1.07729224 e=0.197174843734 i=14 Em=1.1075
t= 1248.00 +2.98e-14 | 0.0250  0.08      2    0     33     36 | 1.6192  0.30 | 5.64e-16 1.79e-17 |  62.7394 1.0457  0.0981  6.5303 0.042  0.08 | edge_dev mean=2.1990 max=12.2443 gg=0.0540 shape_dev=1.8483 xbar=0.5228
# CONVTAG t=1248.00 rough=3.668550 cond=130.107771 evap=143.216028 backs=19.158858
t= 1252.00 +3.00e-14 | 0.0251  0.12      3    0     33     36 | 1.6101  0.83 | 3.61e-05 3.03e-16 |  62.1195 1.0353  0.0823  6.5373 0.042  0.12 | edge_dev mean=2.1990 max=12.2443 gg=0.0366 shape_dev=1.8482 xbar=0.5177
# CONVTAG t=1252.00 rough=3.668550 cond=130.107771 evap=143.835876 backs=19.239708
# QATOM t=1252.62 dir=FD w=1.0546521 e=0.386062117101 i=38 Em=1.1760
t= 1256.00 +3.02e-14 | 0.0250  0.12      3    0     33     36 | 1.6107  0.78 | 1.03e-08 8.47e-14 |  62.4660 1.0411  0.0900  6.5218 0.042  0.12 | edge_dev mean=2.1990 max=12.2443 gg=0.0956 shape_dev=1.8481 xbar=0.5206
# CONVTAG t=1256.00 rough=3.668550 cond=130.654266 evap=144.117848 backs=19.276487
t= 1260.00 +3.03e-14 | 0.0250  0.08      2    0     33     36 | 1.6192  0.30 | 5.55e-16 7.48e-19 |  62.6848 1.0447  0.0909  6.5124 0.042  0.08 | edge_dev mean=2.1990 max=12.2443 gg=0.0269 shape_dev=1.8481 xbar=0.5224
# CONVTAG t=1260.00 rough=3.668550 cond=130.844516 evap=144.117848 backs=19.276487
t= 1264.00 +3.03e-14 | 0.0250  0.08      2    0     33     36 | 1.6192  0.30 | 5.55e-16 4.50e-18 |  62.6848 1.0447  0.0909  6.5124 0.042  0.08 | edge_dev mean=2.1990 max=12.2443 gg=0.0588 shape_dev=1.8481 xbar=0.5224
# CONVTAG t=1264.00 rough=3.668550 cond=130.844516 evap=144.117848 backs=19.276487
# QATOM t=1267.40 dir=FD w=1.07081908 e=0.195990072924 i=40 Em=1.1268
t= 1268.00 +3.03e-14 | 0.0250  0.08      2    0     33     36 | 1.6192  0.30 | 5.55e-16 6.93e-18 |  63.0136 1.0502  0.1208  6.5337 0.042  0.08 | edge_dev mean=2.1990 max=12.2443 gg=0.0953 shape_dev=1.8481 xbar=0.5251
# CONVTAG t=1268.00 rough=3.668550 cond=131.385747 evap=144.411454 backs=19.314783
t= 1272.00 +3.04e-14 | 0.0250  0.12      3    0     33     36 | 1.6266  0.70 | 8.13e-07 7.16e-18 |  62.6756 1.0446  0.1537  6.5264 0.042  0.12 | edge_dev mean=2.1991 max=12.2443 gg=0.0794 shape_dev=1.8478 xbar=0.5223
# CONVTAG t=1272.00 rough=3.668550 cond=131.385747 evap=144.749486 backs=19.358874
# QATOM t=1275.26 dir=DF w=1.62653341 e=0.297701457306 i=21 Em=1.6311
t= 1276.00 +3.05e-14 | 0.0251  0.17      4    0     33     36 | 1.6229  0.73 | 1.84e-05 1.93e-08 |  61.9844 1.0331  0.1089  6.5348 0.042  0.17 | edge_dev mean=2.1991 max=12.2458 gg=0.0906 shape_dev=1.8477 xbar=0.5165
# CONVTAG t=1276.00 rough=3.668550 cond=131.566923 evap=145.649005 backs=19.476203
t= 1280.00 +3.07e-14 | 0.0251  0.08      2    0     33     36 | 1.6192  0.30 | 5.29e-16 2.88e-18 |  61.8757 1.0313  0.1123  6.5464 0.042  0.08 | edge_dev mean=2.1991 max=12.2462 gg=0.1095 shape_dev=1.8477 xbar=0.5156
# CONVTAG t=1280.00 rough=3.668550 cond=131.991729 evap=146.246196 backs=19.554097
# QATOM t=1280.26 dir=FD w=0.898887286 e=0.164521708164 i=31 Em=1.7408
# QATOM t=1283.98 dir=DF w=1.72292806 e=0.315344395127 i=12 Em=1.4233
t= 1284.00 +3.08e-14 | 0.0250  0.12      3    0     33     36 | 1.6141  0.51 | 9.59e-07 1.16e-18 |  62.0240 1.0337  0.1356  6.5346 0.042  0.12 | edge_dev mean=2.1990 max=12.2462 gg=0.1115 shape_dev=1.8475 xbar=0.5169
# CONVTAG t=1284.00 rough=3.668550 cond=132.902154 evap=147.144961 backs=19.671328
# QATOM t=1287.00 dir=FD w=1.02765752 e=0.188090289318 i=26 Em=1.2616
t= 1288.00 +3.11e-14 | 0.0250  0.33      8    0     33     36 | 1.6147  0.55 | 3.91e-06 1.71e-07 |  62.2320 1.0372  0.1341  6.5310 0.062  0.33 | edge_dev mean=2.1985 max=12.2462 gg=0.0397 shape_dev=1.8458 xbar=0.5186
# CONVTAG t=1288.00 rough=3.668550 cond=133.638831 evap=147.784071 backs=19.754690
# QATOM t=1290.84 dir=FD w=1.07711445 e=0.197142302379 i=33 Em=1.1081
t= 1292.00 +3.12e-14 | 0.0251  0.25      6    0     33     36 | 1.6170  0.47 | 4.93e-06 3.82e-07 |  61.7055 1.0284  0.1357  6.5103 0.104  0.25 | edge_dev mean=2.1985 max=12.2462 gg=0.0263 shape_dev=1.8453 xbar=0.5142
# CONVTAG t=1292.00 rough=3.668550 cond=134.216386 evap=148.974835 backs=19.910007
# QATOM t=1292.98 dir=FD w=1.08298563 e=0.198216893482 i=9 Em=1.0907
t= 1296.00 +3.15e-14 | 0.0251  0.21      5    0     33     36 | 1.6169  0.43 | 1.98e-07 2.44e-08 |  61.7989 1.0300  0.1484  6.5382 0.062  0.21 | edge_dev mean=2.1983 max=12.2462 gg=0.0305 shape_dev=1.8450 xbar=0.5150
# CONVTAG t=1296.00 rough=3.668550 cond=134.587942 evap=149.308712 backs=19.953556
# QATOM t=1298.96 dir=FD w=0.919647621 e=0.168321434481 i=31 Em=1.6545
t= 1300.00 +3.16e-14 | 0.0251  0.12      3    0     33     36 | 1.6015  0.66 | 4.44e-07 3.13e-07 |  62.0732 1.0346  0.1399  6.5560 0.062  0.12 | edge_dev mean=2.1983 max=12.2462 gg=0.0549 shape_dev=1.8449 xbar=0.5173
# CONVTAG t=1300.00 rough=3.668550 cond=135.357432 evap=149.919337 backs=20.033203
t= 1304.00 +3.19e-14 | 0.0251  0.17      4    0     33     36 | 1.6035  0.61 | 4.95e-05 3.30e-10 |  61.9559 1.0326  0.1831  6.5556 0.062  0.17 | edge_dev mean=2.1983 max=12.2462 gg=0.0159 shape_dev=1.8449 xbar=0.5163
# CONVTAG t=1304.00 rough=3.668550 cond=135.541574 evap=150.248402 backs=20.076124
# QATOM t=1307.78 dir=DF w=1.85224671 e=0.339013353157 i=23 Em=1.1784
t= 1308.00 +3.20e-14 | 0.0251  0.29      7    0     33     36 | 1.6067  0.62 | 5.85e-05 1.97e-10 |  61.8378 1.0306  0.1885  6.5684 0.062  0.29 | edge_dev mean=2.1983 max=12.2462 gg=0.0338 shape_dev=1.8447 xbar=0.5153
# CONVTAG t=1308.00 rough=3.668550 cond=135.733671 evap=150.587415 backs=20.120343
t= 1312.00 +3.21e-14 | 0.0250  0.25      6    0     33     36 | 1.6074  0.71 | 2.48e-07 1.25e-13 |  62.2604 1.0377  0.1702  6.5644 0.062  0.25 | edge_dev mean=2.1983 max=12.2462 gg=0.0610 shape_dev=1.8445 xbar=0.5188
# CONVTAG t=1312.00 rough=3.668550 cond=136.101197 evap=150.587415 backs=20.120343
# QATOM t=1314.82 dir=FD w=1.17609685 e=0.215258870977 i=23 Em=0.8395
t= 1316.00 +3.23e-14 | 0.0250  0.08      2    0     33     36 | 1.6142  0.14 | 6.35e-15 1.08e-17 |  62.6388 1.0440  0.1455  6.5581 0.042  0.08 | edge_dev mean=2.1983 max=12.2462 gg=0.0458 shape_dev=1.8445 xbar=0.5220
# CONVTAG t=1316.00 rough=3.668550 cond=136.689860 evap=150.886009 backs=20.159290
t= 1320.00 +3.25e-14 | 0.0250  0.12      3    0     33     36 | 1.6130  0.15 | 2.15e-05 3.54e-06 |  62.3268 1.0388  0.1326  6.5719 0.042  0.12 | edge_dev mean=2.1982 max=12.2462 gg=0.0619 shape_dev=1.8442 xbar=0.5194
# CONVTAG t=1320.00 rough=3.668550 cond=136.689860 evap=151.197999 backs=20.199985
# QATOM t=1322.46 dir=DF w=1.55566774 e=0.284731041744 i=32 Em=1.8003
t= 1324.00 +3.31e-14 | 0.0251  0.33      8    0     33     36 | 1.6110  0.69 | 2.61e-05 4.91e-06 |  61.3128 1.0219  0.1952  6.5488 0.083  0.33 | edge_dev mean=2.1983 max=12.2462 gg=0.0297 shape_dev=1.8429 xbar=0.5109
# CONVTAG t=1324.00 rough=3.668550 cond=136.888311 evap=152.440252 backs=20.362018
t= 1328.00 +3.32e-14 | 0.0251  0.33      8    0     33     36 | 1.6117  0.68 | 1.09e-06 4.80e-07 |  61.0217 1.0170  0.1851  6.5566 0.083  0.33 | edge_dev mean=2.1983 max=12.2462 gg=0.0376 shape_dev=1.8424 xbar=0.5085
# CONVTAG t=1328.00 rough=3.668550 cond=136.888311 evap=152.731266 backs=20.399976
# QATOM t=1329.22 dir=DF w=1.587453 e=0.290548640743 i=2 Em=1.7225
# QATOM t=1330.94 dir=FD w=1.06723853 e=0.19533473106 i=24 Em=1.1376
t= 1332.00 +3.32e-14 | 0.0251  0.29      7    0     33     36 | 1.6099  0.60 | 3.79e-06 3.79e-08 |  61.4556 1.0243  0.1855  6.5473 0.083  0.29 | edge_dev mean=2.1985 max=12.2462 gg=0.0871 shape_dev=1.8419 xbar=0.5121
# CONVTAG t=1332.00 rough=3.668550 cond=138.036120 evap=153.617432 backs=20.515563
t= 1336.00 +3.33e-14 | 0.0251  0.38      9    0     33     36 | 1.6075  0.62 | 1.92e-05 1.87e-05 |  61.1551 1.0193  0.1707  6.5600 0.083  0.38 | edge_dev mean=2.1984 max=12.2462 gg=0.1077 shape_dev=1.8416 xbar=0.5096
# CONVTAG t=1336.00 rough=3.668550 cond=138.036120 evap=153.917839 backs=20.554746
# QATOM t=1337.22 dir=FD w=1.05404533 e=0.192920003949 i=46 Em=1.1779
t= 1340.00 +3.33e-14 | 0.0251  0.29      7    0     33     36 | 1.6111  0.50 | 2.83e-08 1.93e-08 |  61.9004 1.0317  0.1382  6.5368 0.062  0.29 | edge_dev mean=2.1985 max=12.2462 gg=0.1129 shape_dev=1.8415 xbar=0.5158
# CONVTAG t=1340.00 rough=3.668550 cond=138.928753 evap=154.199111 backs=20.591434
t= 1344.00 +3.33e-14 | 0.0251  0.25      6    0     33     36 | 1.6137  0.32 | 8.88e-16 1.19e-15 |  62.1019 1.0350  0.1522  6.5315 0.062  0.25 | edge_dev mean=2.1985 max=12.2462 gg=0.0843 shape_dev=1.8415 xbar=0.5175
# CONVTAG t=1344.00 rough=3.668550 cond=139.104005 evap=154.199111 backs=20.591434
# QATOM t=1346.18 dir=FD w=0.977857518 e=0.178975486314 i=2 Em=1.4320
t= 1348.00 +3.36e-14 | 0.0251  0.29      7    0     33     36 | 1.6149  0.34 | 3.34e-06 1.57e-06 |  61.9842 1.0331  0.1816  6.5338 0.062  0.29 | edge_dev mean=2.1984 max=12.2462 gg=0.0739 shape_dev=1.8414 xbar=0.5165
# CONVTAG t=1348.00 rough=3.668550 cond=139.282981 evap=154.522668 backs=20.633637
t= 1352.00 +3.40e-14 | 0.0251  0.33      8    0     33     36 | 1.6142  0.34 | 2.62e-05 8.21e-06 |  61.8662 1.0311  0.2230  6.5219 0.062  0.33 | edge_dev mean=2.1984 max=12.2462 gg=0.0723 shape_dev=1.8413 xbar=0.5156
# CONVTAG t=1352.00 rough=3.668550 cond=139.448917 evap=154.831522 backs=20.673922
# QATOM t=1354.04 dir=FD w=0.986907383 e=0.180631866636 i=46 Em=1.3998
t= 1356.00 +3.44e-14 | 0.0250  0.25      6    0     33     36 | 1.6154  0.36 | 4.44e-14 6.00e-17 |  62.2168 1.0369  0.2123  6.5232 0.062  0.25 | edge_dev mean=2.1984 max=12.2462 gg=0.0904 shape_dev=1.8412 xbar=0.5185
# CONVTAG t=1356.00 rough=3.668550 cond=140.016409 evap=155.133522 backs=20.713314
t= 1360.00 +3.46e-14 | 0.0250  0.21      5    0     33     36 | 1.6141  0.35 | 8.89e-16 2.87e-16 |  62.6279 1.0438  0.2154  6.5361 0.062  0.21 | edge_dev mean=2.1984 max=12.2462 gg=0.0729 shape_dev=1.8412 xbar=0.5219
# CONVTAG t=1360.00 rough=3.668550 cond=140.373917 evap=155.133522 backs=20.713314
# QATOM t=1360.00 dir=DF w=1.51709562 e=0.277671257787 i=22 Em=1.8991
t= 1364.00 +3.50e-14 | 0.0250  0.29      7    0     33     36 | 1.6086  0.62 | 3.78e-06 2.12e-06 |  62.2520 1.0375  0.1899  6.5487 0.062  0.29 | edge_dev mean=2.1982 max=12.2462 gg=0.1198 shape_dev=1.8409 xbar=0.5188
# CONVTAG t=1364.00 rough=3.668550 cond=140.561191 evap=155.724822 backs=20.790440
# QATOM t=1365.06 dir=DF w=1.76754558 e=0.323510659339 i=33 Em=1.3348
t= 1368.00 +3.53e-14 | 0.0251  0.33      8    0     33     36 | 1.6102  0.63 | 8.44e-07 5.32e-09 |  61.8288 1.0305  0.1625  6.5459 0.062  0.33 | edge_dev mean=2.1983 max=12.2462 gg=0.1054 shape_dev=1.8407 xbar=0.5152
# CONVTAG t=1368.00 rough=3.668550 cond=140.725283 evap=156.336737 backs=20.870255
t= 1372.00 +3.54e-14 | 0.0251  0.25      6    0     33     36 | 1.6153  0.36 | 3.99e-09 4.96e-11 |  61.6457 1.0274  0.1357  6.5419 0.062  0.25 | edge_dev mean=2.1983 max=12.2462 gg=0.0946 shape_dev=1.8407 xbar=0.5137
# CONVTAG t=1372.00 rough=3.668550 cond=141.091565 evap=156.941007 backs=20.949073
# QATOM t=1372.48 dir=FD w=0.961553928 e=0.17599146972 i=13 Em=1.4916
t= 1376.00 +3.56e-14 | 0.0251  0.21      5    0     33     36 | 1.6141  0.35 | 1.58e-12 3.71e-14 |  61.4973 1.0250  0.0954  6.5258 0.062  0.21 | edge_dev mean=2.1983 max=12.2462 gg=0.1003 shape_dev=1.8407 xbar=0.5125
# CONVTAG t=1376.00 rough=3.668550 cond=141.470865 evap=157.525612 backs=21.025325
# QATOM t=1377.86 dir=FD w=0.92787067 e=0.169826484242 i=22 Em=1.6214
t= 1380.00 +3.57e-14 | 0.0251  0.21      5    0     33     36 | 1.6141  0.35 | 8.57e-16 3.53e-17 |  61.6193 1.0270  0.1210  6.5138 0.062  0.21 | edge_dev mean=2.1983 max=12.2462 gg=0.0694 shape_dev=1.8407 xbar=0.5135
# CONVTAG t=1380.00 rough=3.668550 cond=141.829985 evap=157.816614 backs=21.063282
# QATOM t=1382.68 dir=FD w=0.920475417 e=0.168472944476 i=31 Em=1.6511
t= 1384.00 +3.60e-14 | 0.0251  0.21      5    0     33     36 | 1.6124  0.30 | 6.24e-07 5.60e-14 |  61.4124 1.0235  0.1953  6.5220 0.062  0.21 | edge_dev mean=2.1984 max=12.2462 gg=0.0474 shape_dev=1.8406 xbar=0.5118
# CONVTAG t=1384.00 rough=3.668550 cond=142.187486 evap=158.434704 backs=21.143903
t= 1388.00 +3.58e-14 | 0.0251  0.21      5    0     33     36 | 1.6124  0.30 | 1.80e-10 2.98e-13 |  61.6186 1.0270  0.1989  6.5262 0.062  0.21 | edge_dev mean=2.1984 max=12.2462 gg=0.0748 shape_dev=1.8406 xbar=0.5135
# CONVTAG t=1388.00 rough=3.668550 cond=142.366786 evap=158.434704 backs=21.143903
# QATOM t=1390.56 dir=FD w=1.15547255 e=0.21148404227 i=11 Em=0.8916
t= 1392.00 +3.57e-14 | 0.0251  0.17      4    0     33     36 | 1.6083  0.38 | 1.20e-05 1.13e-05 |  62.1302 1.0355  0.1807  6.5151 0.042  0.17 | edge_dev mean=2.1984 max=12.2462 gg=0.0885 shape_dev=1.8401 xbar=0.5178
# CONVTAG t=1392.00 rough=3.668550 cond=143.351662 evap=159.055619 backs=21.224892
t= 1396.00 +3.60e-14 | 0.0250  0.12      3    0     33     36 | 1.6108  0.31 | 8.50e-16 1.54e-16 |  62.5395 1.0423  0.1973  6.5197 0.042  0.12 | edge_dev mean=2.1984 max=12.2462 gg=0.0496 shape_dev=1.8401 xbar=0.5212
# CONVTAG t=1396.00 rough=3.668550 cond=143.707502 evap=159.055619 backs=21.224892
# QATOM t=1396.68 dir=FD w=0.881405884 e=0.16132211875 i=22 Em=1.8167
t= 1400.00 +3.58e-14 | 0.0250  0.12      3    0     33     36 | 1.6108  0.31 | 8.68e-16 1.91e-16 |  62.3598 1.0393  0.1890  6.5211 0.042  0.12 | edge_dev mean=2.1984 max=12.2462 gg=0.0777 shape_dev=1.8401 xbar=0.5197
# CONVTAG t=1400.00 rough=3.668550 cond=144.056642 evap=159.636812 backs=21.300699
# QATOM t=1400.06 dir=DF w=1.62359761 e=0.297164122179 i=2 Em=1.6378
t= 1404.00 +3.56e-14 | 0.0251  0.12      3    0     33     36 | 1.6108  0.31 | 8.10e-16 2.17e-16 |  61.0352 1.0173  0.1382  6.5391 0.042  0.12 | edge_dev mean=2.1984 max=12.2462 gg=0.1276 shape_dev=1.8401 xbar=0.5086
# CONVTAG t=1404.00 rough=3.668550 cond=144.216805 evap=161.145542 backs=21.497490
# QATOM t=1406.28 dir=FD w=1.00590006 e=0.184108062416 i=34 Em=1.3339
t= 1408.00 +3.52e-14 | 0.0251  0.12      3    0     33     36 | 1.6108  0.31 | 8.22e-16 2.41e-16 |  61.6030 1.0267  0.1915  6.5418 0.042  0.12 | edge_dev mean=2.1984 max=12.2462 gg=0.0750 shape_dev=1.8401 xbar=0.5134
# CONVTAG t=1408.00 rough=3.668550 cond=144.971043 evap=161.445149 backs=21.536569
# QATOM t=1409.08 dir=FD w=1.02518436 e=0.375275265371 i=24 Em=1.2697
t= 1412.00 +3.49e-14 | 0.0250  0.12      3    0     33     36 | 1.6108  0.31 | 8.31e-16 4.11e-16 |  62.6591 1.0443  0.2232  6.5155 0.042  0.12 | edge_dev mean=2.1984 max=12.2462 gg=0.0760 shape_dev=1.8401 xbar=0.5222
# CONVTAG t=1412.00 rough=3.668550 cond=145.889407 evap=161.445149 backs=21.536569
t= 1416.00 +3.45e-14 | 0.0250  0.12      3    0     33     36 | 1.6108  0.31 | 8.34e-16 1.09e-15 |  62.3813 1.0397  0.2173  6.5268 0.042  0.12 | edge_dev mean=2.1984 max=12.2462 gg=0.1240 shape_dev=1.8401 xbar=0.5198
# CONVTAG t=1416.00 rough=3.668550 cond=145.889407 evap=161.722921 backs=21.572800
# QATOM t=1418.06 dir=DF w=1.59945315 e=0.292745006314 i=13 Em=1.6940
t= 1420.00 +3.43e-14 | 0.0250  0.17      4    0     33     36 | 1.6073  0.46 | 2.70e-06 3.04e-09 |  62.2876 1.0381  0.2428  6.5327 0.042  0.17 | edge_dev mean=2.1986 max=12.2462 gg=0.0975 shape_dev=1.8399 xbar=0.5191
# CONVTAG t=1420.00 rough=3.668550 cond=146.062476 evap=162.015666 backs=21.610985
t= 1424.00 +3.40e-14 | 0.0251  0.17      4    0     33     36 | 1.6073  0.46 | 7.67e-10 4.48e-16 |  62.1847 1.0364  0.2115  6.5294 0.042  0.17 | edge_dev mean=2.1986 max=12.2462 gg=0.1148 shape_dev=1.8399 xbar=0.5182
# CONVTAG t=1424.00 rough=3.668550 cond=146.248001 evap=162.331958 backs=21.652240
t= 1428.00 +3.40e-14 | 0.0250  0.12      3    0     33     36 | 1.6108  0.31 | 8.10e-16 2.17e-16 |  62.5827 1.0430  0.2126  6.5164 0.042  0.12 | edge_dev mean=2.1986 max=12.2462 gg=0.0955 shape_dev=1.8399 xbar=0.5215
# CONVTAG t=1428.00 rough=3.668550 cond=146.594053 evap=162.331958 backs=21.652240
# QATOM t=1429.36 dir=FD w=0.89730509 e=0.164232121542 i=31 Em=1.7476
t= 1432.00 +3.43e-14 | 0.0250  0.12      3    0     33     36 | 1.6108  0.31 | 7.90e-16 1.76e-16 |  62.6558 1.0443  0.2278  6.4976 0.042  0.12 | edge_dev mean=2.1986 max=12.2462 gg=0.0749 shape_dev=1.8399 xbar=0.5221
# CONVTAG t=1432.00 rough=3.668550 cond=147.154004 evap=162.902744 backs=21.726690
# QATOM t=1433.84 dir=DF w=1.51332714 e=0.276981519541 i=22 Em=1.9090
t= 1436.00 +3.41e-14 | 0.0250  0.12      3    0     33     36 | 1.6108  0.31 | 7.74e-16 1.44e-16 |  62.5742 1.0429  0.2086  6.4971 0.042  0.12 | edge_dev mean=2.1986 max=12.2462 gg=0.0801 shape_dev=1.8399 xbar=0.5215
# CONVTAG t=1436.00 rough=3.668550 cond=147.323901 evap=163.179725 backs=21.762818
# QATOM t=1439.92 dir=DF w=1.86939301 e=0.342151609272 i=19 Em=1.1486
t= 1440.00 +3.40e-14 | 0.0251  0.21      5    0     33     36 | 1.6222  0.90 | 8.90e-05 1.18e-05 |  62.0647 1.0344  0.2451  6.4682 0.062  0.21 | edge_dev mean=2.1985 max=12.2464 gg=0.0740 shape_dev=1.8397 xbar=0.5172
# CONVTAG t=1440.00 rough=3.668550 cond=147.709341 evap=164.132534 backs=21.887098
t= 1444.00 +3.43e-14 | 0.0250  0.17      4    0     33     36 | 1.6181  0.83 | 1.95e-07 8.04e-10 |  62.2936 1.0382  0.2209  6.4852 0.042  0.17 | edge_dev mean=2.1985 max=12.2483 gg=0.0817 shape_dev=1.8393 xbar=0.5191
# CONVTAG t=1444.00 rough=3.668550 cond=147.908432 evap=164.132534 backs=21.887098
t= 1448.00 +3.44e-14 | 0.0250  0.17      4    0     33     36 | 1.6181  0.83 | 8.31e-11 3.77e-11 |  62.7307 1.0455  0.2110  6.5165 0.042  0.17 | edge_dev mean=2.1985 max=12.2483 gg=0.0529 shape_dev=1.8393 xbar=0.5228
# CONVTAG t=1448.00 rough=3.668550 cond=148.288526 evap=164.132534 backs=21.887098
# QATOM t=1448.94 dir=DF w=1.77591386 e=0.325042290571 i=9 Em=1.3187
t= 1452.00 +3.45e-14 | 0.0250  0.38      9    0     33     36 | 1.6164  0.77 | 1.13e-05 1.29e-07 |  62.2769 1.0379  0.2607  6.5247 0.104  0.38 | edge_dev mean=2.1985 max=12.2483 gg=0.1003 shape_dev=1.8378 xbar=0.5190
# CONVTAG t=1452.00 rough=3.668550 cond=148.457868 evap=164.781097 backs=21.971693
# QATOM t=1455.90 dir=DF w=1.65638875 e=0.303165825838 i=0 Em=1.5642
t= 1456.00 +3.44e-14 | 0.0251  0.38      9    0     33     36 | 1.6123  0.63 | 2.93e-04 4.35e-04 |  61.6143 1.0269  0.2198  6.5635 0.104  0.38 | edge_dev mean=2.1984 max=12.2483 gg=0.1089 shape_dev=1.8375 xbar=0.5135
# CONVTAG t=1456.00 rough=3.668550 cond=148.650184 evap=165.664837 backs=22.086963
t= 1460.00 +3.48e-14 | 0.0250  0.25      6    0     33     36 | 1.6087  0.51 | 2.45e-11 1.63e-11 |  62.2422 1.0374  0.2330  6.5752 0.042  0.25 | edge_dev mean=2.1984 max=12.2483 gg=0.0848 shape_dev=1.8374 xbar=0.5187
# CONVTAG t=1460.00 rough=3.668550 cond=149.196134 evap=165.664837 backs=22.086963
# QATOM t=1462.10 dir=FD w=0.931078472 e=0.170413602382 i=13 Em=1.6086
t= 1464.00 +3.52e-14 | 0.0250  0.17      4    0     33     36 | 1.6131  0.36 | 7.04e-16 2.05e-16 |  62.8262 1.0471  0.1987  6.5515 0.042  0.17 | edge_dev mean=2.1983 max=12.2483 gg=0.0830 shape_dev=1.8373 xbar=0.5236
# CONVTAG t=1464.00 rough=3.668550 cond=149.950663 evap=165.948479 backs=22.123960
t= 1468.00 +3.53e-14 | 0.0250  0.17      4    0     33     36 | 1.6131  0.36 | 7.03e-16 9.23e-18 |  62.5462 1.0424  0.1717  6.5327 0.042  0.17 | edge_dev mean=2.1983 max=12.2483 gg=0.0848 shape_dev=1.8373 xbar=0.5212
# CONVTAG t=1468.00 rough=3.668550 cond=149.950663 evap=166.228542 backs=22.160490
# QATOM t=1470.74 dir=FD w=0.950921638 e=0.174045461022 i=1 Em=1.5315
t= 1472.00 +3.54e-14 | 0.0250  0.17      4    0     33     36 | 1.6131  0.36 | 7.02e-16 9.32e-19 |  63.0905 1.0515  0.1900  6.5125 0.042  0.17 | edge_dev mean=2.1983 max=12.2483 gg=0.0622 shape_dev=1.8373 xbar=0.5258
# CONVTAG t=1472.00 rough=3.668550 cond=150.671321 evap=166.512960 backs=22.197588
# QATOM t=1474.66 dir=DF w=1.70389988 e=0.311861701752 i=33 Em=1.4624
t= 1476.00 +3.56e-14 | 0.0250  0.21      5    0     33     36 | 1.6206  0.98 | 1.34e-05 3.75e-19 |  62.4524 1.0409  0.2077  6.4903 0.042  0.21 | edge_dev mean=2.1982 max=12.2483 gg=0.0433 shape_dev=1.8371 xbar=0.5204
# CONVTAG t=1476.00 rough=3.668550 cond=150.671321 evap=167.151101 backs=22.280824
# QATOM t=1477.42 dir=DF w=1.69624131 e=0.310459967885 i=14 Em=1.4785
t= 1480.00 +3.58e-14 | 0.0251  0.21      5    0     33     36 | 1.6207  0.99 | 3.81e-09 2.83e-18 |  61.7401 1.0290  0.2069  6.5007 0.042  0.21 | edge_dev mean=2.1982 max=12.2483 gg=0.0329 shape_dev=1.8371 xbar=0.5145
# CONVTAG t=1480.00 rough=3.668550 cond=150.831091 evap=168.047074 backs=22.397690
t= 1484.00 +3.60e-14 | 0.0251  0.21      5    0     33     36 | 1.6122  0.34 | 8.48e-06 1.09e-06 |  61.0712 1.0179  0.1296  6.5398 0.062  0.21 | edge_dev mean=2.1982 max=12.2483 gg=0.0806 shape_dev=1.8370 xbar=0.5089
# CONVTAG t=1484.00 rough=3.668550 cond=151.036513 evap=168.952236 backs=22.515755
# QATOM t=1484.30 dir=FD w=0.937077167 e=0.171511532725 i=42 Em=1.5850
t= 1488.00 +3.61e-14 | 0.0251  0.29      7    0     33     36 | 1.6090  0.50 | 1.76e-05 1.45e-05 |  61.0894 1.0182  0.1341  6.5502 0.104  0.29 | edge_dev mean=2.1983 max=12.2483 gg=0.0774 shape_dev=1.8365 xbar=0.5091
# CONVTAG t=1488.00 rough=3.668550 cond=151.586540 evap=169.566585 backs=22.595887
# QATOM t=1488.72 dir=FD w=1.18941931 e=0.21769725643 i=19 Em=0.8067
t= 1492.00 +3.62e-14 | 0.0250  0.17      4    0     33     36 | 1.6143  0.26 | 5.15e-08 1.72e-13 |  62.3120 1.0385  0.1788  6.5497 0.042  0.17 | edge_dev mean=2.1983 max=12.2483 gg=0.0750 shape_dev=1.8363 xbar=0.5193
# CONVTAG t=1492.00 rough=3.668550 cond=152.933995 evap=169.893566 backs=22.638537
# QATOM t=1493.22 dir=FD w=0.971707072 e=0.177849781295 i=32 Em=1.4543
t= 1496.00 +3.64e-14 | 0.0250  0.17      4    0     33     36 | 1.6143  0.26 | 1.46e-11 1.64e-17 |  62.5165 1.0419  0.1844  6.5536 0.042  0.17 | edge_dev mean=2.1983 max=12.2483 gg=0.0968 shape_dev=1.8363 xbar=0.5210
# CONVTAG t=1496.00 rough=3.668550 cond=153.111845 evap=169.893566 backs=22.638537
t= 1500.00 +3.65e-14 | 0.0250  0.12      3    0     33     36 | 1.6159  0.22 | 7.02e-16 1.12e-18 |  62.6020 1.0434  0.1426  6.5128 0.042  0.12 | edge_dev mean=2.1983 max=12.2483 gg=0.0829 shape_dev=1.8363 xbar=0.5217
# CONVTAG t=1500.00 rough=3.668550 cond=153.481125 evap=170.232793 backs=22.682784
# QATOM t=1500.96 dir=FD w=1.05725746 e=0.193507914087 i=14 Em=1.1680
t= 1504.00 +3.66e-14 | 0.0251  0.12      3    0     33     36 | 1.6159  0.22 | 7.02e-16 5.86e-17 |  62.0929 1.0349  0.1370  6.5184 0.042  0.12 | edge_dev mean=2.1983 max=12.2483 gg=0.0438 shape_dev=1.8363 xbar=0.5174
# CONVTAG t=1504.00 rough=3.668550 cond=153.838441 evap=171.152802 backs=22.802785
# QATOM t=1506.04 dir=DF w=1.81885114 e=0.332901022621 i=8 Em=1.2384
t= 1508.00 +3.66e-14 | 0.0251  0.21      5    0     33     36 | 1.6188  0.31 | 4.99e-06 3.34e-16 |  61.9256 1.0321  0.1848  6.5313 0.062  0.21 | edge_dev mean=2.1984 max=12.2483 gg=0.0511 shape_dev=1.8359 xbar=0.5160
# CONVTAG t=1508.00 rough=3.668550 cond=154.234518 evap=171.775552 backs=22.884013
# QATOM t=1511.60 dir=DF w=1.71150058 e=0.313252843977 i=38 Em=1.4466
t= 1512.00 +3.66e-14 | 0.0251  0.29      7    0     33     36 | 1.6143  0.55 | 5.56e-05 5.20e-05 |  61.5165 1.0253  0.1778  6.5272 0.062  0.29 | edge_dev mean=2.1984 max=12.2483 gg=0.0489 shape_dev=1.8357 xbar=0.5126
# CONVTAG t=1512.00 rough=3.668550 cond=154.425300 evap=172.404063 backs=22.965993
t= 1516.00 +3.68e-14 | 0.0251  0.25      6    0     33     36 | 1.6141  0.54 | 3.62e-07 1.63e-07 |  61.4028 1.0234  0.1333  6.5105 0.062  0.25 | edge_dev mean=2.1985 max=12.2483 gg=0.0789 shape_dev=1.8354 xbar=0.5117
# CONVTAG t=1516.00 rough=3.668550 cond=154.813840 evap=172.964571 backs=23.039103
# QATOM t=1516.06 dir=FD w=0.975117335 e=0.178473955638 i=1 Em=1.4418
t= 1520.00 +3.70e-14 | 0.0251  0.21      5    0     33     36 | 1.6148  0.58 | 1.73e-11 2.19e-12 |  62.0019 1.0334  0.0958  6.5104 0.042  0.21 | edge_dev mean=2.1985 max=12.2483 gg=0.0577 shape_dev=1.8354 xbar=0.5167
# CONVTAG t=1520.00 rough=3.668550 cond=155.591209 evap=173.259451 backs=23.077565
# QATOM t=1521.42 dir=DF w=1.72982313 e=0.316606387588 i=28 Em=1.4093
t= 1524.00 +3.72e-14 | 0.0251  0.21      5    0     33     36 | 1.6148  0.58 | 3.61e-15 4.43e-17 |  61.8874 1.0315  0.1618  6.5174 0.042  0.21 | edge_dev mean=2.1985 max=12.2483 gg=0.0806 shape_dev=1.8354 xbar=0.5157
# CONVTAG t=1524.00 rough=3.668550 cond=155.766976 evap=173.576057 backs=23.118862
# QATOM t=1526.16 dir=FD w=1.05141395 e=0.192438386601 i=40 Em=1.1861
t= 1528.00 +3.72e-14 | 0.0251  0.21      5    0     33     36 | 1.6148  0.58 | 1.19e-15 1.54e-17 |  61.9489 1.0325  0.1761  6.5277 0.042  0.21 | edge_dev mean=2.1985 max=12.2483 gg=0.0259 shape_dev=1.8354 xbar=0.5162
# CONVTAG t=1528.00 rough=3.668550 cond=156.331667 evap=174.163919 backs=23.195539
t= 1532.00 +3.73e-14 | 0.0250  0.21      5    0     33     36 | 1.6148  0.58 | 1.19e-15 5.90e-17 |  62.3695 1.0395  0.1593  6.5416 0.042  0.21 | edge_dev mean=2.1985 max=12.2483 gg=0.0055 shape_dev=1.8354 xbar=0.5197
# CONVTAG t=1532.00 rough=3.668550 cond=156.697325 evap=174.163919 backs=23.195539
# QATOM t=1534.30 dir=FD w=0.971661482 e=0.355682874286 i=22 Em=1.4544
t= 1536.00 +3.74e-14 | 0.0250  0.21      5    0     33     36 | 1.6148  0.58 | 1.19e-15 2.82e-18 |  62.7006 1.0450  0.1955  6.5330 0.042  0.21 | edge_dev mean=2.1985 max=12.2483 gg=0.0232 shape_dev=1.8354 xbar=0.5225
# CONVTAG t=1536.00 rough=3.668550 cond=157.238016 evap=174.454589 backs=23.233453
t= 1540.00 +3.76e-14 | 0.0251  0.29      7    0     33     36 | 1.6179  0.59 | 2.77e-05 6.75e-06 |  61.9526 1.0325  0.2332  6.5301 0.083  0.29 | edge_dev mean=2.1985 max=12.2483 gg=0.0678 shape_dev=1.8357 xbar=0.5163
# CONVTAG t=1540.00 rough=3.668550 cond=157.404388 evap=175.393855 backs=23.355966
# QATOM t=1541.14 dir=FD w=0.974539351 e=0.178368168103 i=23 Em=1.4440
t= 1544.00 +3.76e-14 | 0.0250  0.29      7    0     33     36 | 1.6182  0.61 | 2.06e-08 1.63e-12 |  62.5597 1.0427  0.2388  6.5057 0.083  0.29 | edge_dev mean=2.1984 max=12.2483 gg=0.0611 shape_dev=1.8360 xbar=0.5213
# CONVTAG t=1544.00 rough=3.668550 cond=157.932300 evap=175.393855 backs=23.355966
t= 1548.00 +3.77e-14 | 0.0250  0.25      6    0     33     36 | 1.6174  0.65 | 2.01e-11 1.27e-19 |  62.9955 1.0499  0.2117  6.5266 0.062  0.25 | edge_dev mean=2.1984 max=12.2483 gg=0.0758 shape_dev=1.8360 xbar=0.5250
# CONVTAG t=1548.00 rough=3.668550 cond=158.311180 evap=175.393855 backs=23.355966
# QATOM t=1548.44 dir=DF w=1.74838108 e=0.320003014994 i=36 Em=1.3722
# QATOM t=1551.04 dir=DF w=1.86851948 e=0.341991727961 i=20 Em=1.1501
t= 1552.00 +3.78e-14 | 0.0251  0.38      9    0     33     36 | 1.6149  0.63 | 2.40e-05 7.41e-07 |  62.0491 1.0342  0.1279  6.5296 0.083  0.38 | edge_dev mean=2.1983 max=12.2516 gg=0.0529 shape_dev=1.8356 xbar=0.5171
# CONVTAG t=1552.00 rough=3.668550 cond=158.816367 evap=176.921205 backs=23.555185
# QATOM t=1554.70 dir=DF w=1.73238631 e=0.317075521531 i=47 Em=1.4041
t= 1556.00 +3.78e-14 | 0.0251  0.38      9    0     33     36 | 1.6156  0.67 | 6.95e-07 8.17e-08 |  62.0605 1.0343  0.1641  6.5660 0.083  0.38 | edge_dev mean=2.1989 max=12.2523 gg=0.0980 shape_dev=1.8350 xbar=0.5172
# CONVTAG t=1556.00 rough=3.668550 cond=159.393669 evap=177.573642 backs=23.640286
# QATOM t=1558.46 dir=DF w=1.69700065 e=0.310598949057 i=0 Em=1.4769
t= 1560.00 +3.80e-14 | 0.0251  0.54     13    0     33     36 | 1.6119  0.85 | 2.10e-05 6.57e-06 |  61.3542 1.0226  0.0633  6.5486 0.104  0.54 | edge_dev mean=2.1988 max=12.2523 gg=0.1163 shape_dev=1.8334 xbar=0.5113
# CONVTAG t=1560.00 rough=3.668550 cond=159.597641 evap=178.514498 backs=23.763006
t= 1564.00 +3.78e-14 | 0.0251  0.50     12    0     33     36 | 1.6121  0.88 | 1.33e-06 5.08e-07 |  61.3048 1.0217  0.0571  6.5456 0.104  0.50 | edge_dev mean=2.1988 max=12.2523 gg=0.0929 shape_dev=1.8331 xbar=0.5109
# CONVTAG t=1564.00 rough=3.668550 cond=159.798293 evap=178.794674 backs=23.799551
# QATOM t=1564.92 dir=FD w=1.03224014 e=0.377858079068 i=39 Em=1.2468
t= 1568.00 +3.78e-14 | 0.0251  0.25      6    0     33     36 | 1.6135  0.71 | 9.16e-09 1.13e-09 |  61.9094 1.0318  0.1247  6.5526 0.062  0.25 | edge_dev mean=2.1988 max=12.2523 gg=0.0651 shape_dev=1.8331 xbar=0.5159
# CONVTAG t=1568.00 rough=3.668550 cond=160.595254 evap=179.106545 backs=23.840230
# QATOM t=1569.94 dir=DF w=1.5644029 e=0.286329822907 i=2 Em=1.7786
t= 1572.00 +3.80e-14 | 0.0251  0.21      5    0     33     36 | 1.6139  0.78 | 2.48e-12 1.98e-13 |  61.9298 1.0322  0.1041  6.5509 0.042  0.21 | edge_dev mean=2.1988 max=12.2523 gg=0.0491 shape_dev=1.8331 xbar=0.5161
# CONVTAG t=1572.00 rough=3.668550 cond=161.119685 evap=179.689294 backs=23.916241
t= 1576.00 +3.81e-14 | 0.0251  0.21      5    0     33     36 | 1.6139  0.78 | 8.57e-16 3.22e-16 |  61.9298 1.0322  0.1041  6.5509 0.042  0.21 | edge_dev mean=2.1988 max=12.2523 gg=0.1024 shape_dev=1.8331 xbar=0.5161
# CONVTAG t=1576.00 rough=3.668550 cond=161.119685 evap=179.689294 backs=23.916241
# QATOM t=1578.82 dir=FD w=0.947481445 e=0.173415808727 i=1 Em=1.5446
t= 1580.00 +3.84e-14 | 0.0250  0.21      5    0     33     36 | 1.6139  0.78 | 8.26e-16 5.52e-19 |  62.5130 1.0419  0.1465  6.5646 0.042  0.21 | edge_dev mean=2.1988 max=12.2523 gg=0.0603 shape_dev=1.8331 xbar=0.5209
# CONVTAG t=1580.00 rough=3.668550 cond=161.626783 evap=179.689294 backs=23.916241
t= 1584.00 +3.85e-14 | 0.0250  0.21      5    0     33     36 | 1.6139  0.78 | 8.26e-16 4.32e-19 |  62.9340 1.0489  0.1480  6.5501 0.042  0.21 | edge_dev mean=2.1988 max=12.2523 gg=0.0494 shape_dev=1.8331 xbar=0.5245
# CONVTAG t=1584.00 rough=3.668550 cond=161.992931 evap=179.689294 backs=23.916241
# QATOM t=1587.58 dir=DF w=1.58419746 e=0.289952784765 i=24 Em=1.7304
t= 1588.00 +3.87e-14 | 0.0251  0.25      6    0     33     36 | 1.6123  0.72 | 1.17e-04 3.64e-06 |  62.0445 1.0341  0.1618  6.5681 0.062  0.25 | edge_dev mean=2.1987 max=12.2523 gg=0.0598 shape_dev=1.8328 xbar=0.5170
# CONVTAG t=1588.00 rough=3.668550 cond=161.992931 evap=180.578835 backs=24.032268
t= 1592.00 +3.90e-14 | 0.0251  0.33      8    0     33     36 | 1.6120  0.67 | 1.35e-04 4.99e-05 |  61.3637 1.0227  0.1879  6.5469 0.125  0.33 | edge_dev mean=2.1986 max=12.2523 gg=0.0604 shape_dev=1.8319 xbar=0.5114
# CONVTAG t=1592.00 rough=3.668550 cond=162.205446 evap=181.504012 backs=24.152943
# QATOM t=1592.68 dir=DF w=1.56746643 e=0.286890534439 i=32 Em=1.7711
# QATOM t=1595.82 dir=FD w=0.961368098 e=0.175957457576 i=2 Em=1.4922
t= 1596.00 +3.91e-14 | 0.0251  0.29      7    0     33     36 | 1.6182  0.38 | 5.28e-06 2.61e-07 |  61.3503 1.0225  0.1401  6.5045 0.104  0.29 | edge_dev mean=2.1987 max=12.2523 gg=0.0837 shape_dev=1.8304 xbar=0.5113
# CONVTAG t=1596.00 rough=3.668550 cond=162.951584 evap=182.375445 backs=24.266608
t= 1600.00 +3.93e-14 | 0.0251  0.33      8    0     33     36 | 1.6135  0.70 | 4.53e-08 5.71e-09 |  61.2421 1.0207  0.1574  6.5085 0.104  0.33 | edge_dev mean=2.1990 max=12.2523 gg=0.0457 shape_dev=1.8299 xbar=0.5104
# CONVTAG t=1600.00 rough=3.668550 cond=163.115964 evap=182.672738 backs=24.305385
# QATOM t=1601.30 dir=FD w=0.963553212 e=0.176357395034 i=32 Em=1.4842
t= 1604.00 +3.93e-14 | 0.0251  0.29      7    0     33     36 | 1.6149  0.70 | 8.43e-10 3.64e-15 |  61.9372 1.0323  0.1455  6.4943 0.104  0.29 | edge_dev mean=2.1990 max=12.2523 gg=0.0646 shape_dev=1.8299 xbar=0.5161
# CONVTAG t=1604.00 rough=3.668550 cond=164.235982 evap=183.265661 backs=24.382723
# QATOM t=1606.02 dir=DF w=1.58870011 e=0.290776896855 i=37 Em=1.7195
t= 1608.00 +3.94e-14 | 0.0251  0.25      6    0     33     36 | 1.6188  0.41 | 1.57e-11 7.09e-14 |  61.7725 1.0295  0.1246  6.5176 0.104  0.25 | edge_dev mean=2.1990 max=12.2523 gg=0.0414 shape_dev=1.8299 xbar=0.5148
# CONVTAG t=1608.00 rough=3.668550 cond=164.585076 evap=183.831750 backs=24.456561
# QATOM t=1609.62 dir=FD w=0.990364789 e=0.181264669354 i=39 Em=1.3876
t= 1612.00 +3.95e-14 | 0.0251  0.29      7    0     33     36 | 1.6109  0.71 | 9.10e-05 5.52e-15 |  61.6041 1.0267  0.1158  6.5430 0.083  0.29 | edge_dev mean=2.1991 max=12.2523 gg=0.0573 shape_dev=1.8298 xbar=0.5134
# CONVTAG t=1612.00 rough=3.668550 cond=164.960833 evap=184.432330 backs=24.534897
# QATOM t=1614.50 dir=FD w=0.97875288 e=0.179139362839 i=37 Em=1.4288
t= 1616.00 +3.98e-14 | 0.0251  0.42     10    0     33     36 | 1.6145  0.45 | 9.95e-05 2.32e-05 |  61.5587 1.0260  0.1334  6.5552 0.083  0.42 | edge_dev mean=2.1993 max=12.2523 gg=0.1462 shape_dev=1.8291 xbar=0.5130
# CONVTAG t=1616.00 rough=3.668550 cond=165.498290 evap=185.095750 backs=24.621430
# QATOM t=1618.58 dir=FD w=1.01205933 e=0.185235381641 i=26 Em=1.3132
t= 1620.00 +4.01e-14 | 0.0251  0.42     10    0     33     36 | 1.6174  0.50 | 2.62e-05 7.15e-07 |  61.3533 1.0226  0.1484  6.5367 0.104  0.42 | edge_dev mean=2.1996 max=12.2523 gg=0.0628 shape_dev=1.8287 xbar=0.5113
# CONVTAG t=1620.00 rough=3.668550 cond=165.859378 evap=185.716430 backs=24.702389
t= 1624.00 +4.02e-14 | 0.0251  0.33      8    0     33     36 | 1.6157  0.50 | 3.29e-05 5.63e-14 |  61.7656 1.0294  0.1267  6.5303 0.083  0.33 | edge_dev mean=2.1994 max=12.2523 gg=0.0909 shape_dev=1.8283 xbar=0.5147
# CONVTAG t=1624.00 rough=3.668550 cond=166.507593 evap=186.049590 backs=24.745844
# QATOM t=1625.04 dir=FD w=0.918824849 e=0.168170843959 i=1 Em=1.6578
# QATOM t=1627.86 dir=FD w=1.17601484 e=0.430487722983 i=43 Em=0.8397
t= 1628.00 +4.02e-14 | 0.0250  0.29      7    0     33     36 | 1.6142  0.47 | 3.87e-07 1.50e-15 |  62.4893 1.0415  0.2083  6.5030 0.083  0.29 | edge_dev mean=2.1994 max=12.2523 gg=0.0974 shape_dev=1.8294 xbar=0.5207
# CONVTAG t=1628.00 rough=3.668550 cond=167.674860 evap=186.668270 backs=24.826542
t= 1632.00 +4.02e-14 | 0.0250  0.25      6    0     33     36 | 1.6133  0.48 | 1.10e-10 9.98e-17 |  62.6223 1.0437  0.2501  6.5257 0.083  0.25 | edge_dev mean=2.1994 max=12.2523 gg=0.0772 shape_dev=1.8294 xbar=0.5219
# CONVTAG t=1632.00 rough=3.668550 cond=168.040644 evap=186.955853 backs=24.864052
# QATOM t=1634.58 dir=FD w=0.934751234 e=0.171085821413 i=31 Em=1.5941
t= 1636.00 +4.05e-14 | 0.0250  0.29      7    0     33     36 | 1.6125  0.46 | 3.59e-09 3.30e-17 |  62.2096 1.0368  0.2317  6.5365 0.083  0.29 | edge_dev mean=2.1994 max=12.2523 gg=0.0660 shape_dev=1.8293 xbar=0.5184
# CONVTAG t=1636.00 rough=3.668550 cond=168.211730 evap=187.565329 backs=24.943549
t= 1640.00 +4.06e-14 | 0.0250  0.29      7    0     33     36 | 1.6125  0.46 | 1.02e-12 3.74e-17 |  62.4063 1.0401  0.2367  6.5357 0.083  0.29 | edge_dev mean=2.1994 max=12.2523 gg=0.0308 shape_dev=1.8293 xbar=0.5201
# CONVTAG t=1640.00 rough=3.668550 cond=168.382725 evap=187.565329 backs=24.943549
# QATOM t=1643.32 dir=FD w=1.08304258 e=0.198227316769 i=40 Em=1.0906
t= 1644.00 +4.07e-14 | 0.0250  0.29      7    0     33     36 | 1.6125  0.46 | 8.26e-16 4.13e-17 |  62.5522 1.0425  0.2159  6.5139 0.083  0.29 | edge_dev mean=2.1994 max=12.2523 gg=0.0186 shape_dev=1.8293 xbar=0.5213
# CONVTAG t=1644.00 rough=3.668550 cond=168.750167 evap=187.841991 backs=24.979636
# QATOM t=1644.98 dir=FD w=1.10590129 e=0.202411104835 i=3 Em=1.0250
t= 1648.00 +4.07e-14 | 0.0251  0.25      6    0     33     36 | 1.5991  2.09 | 2.14e-04 5.35e-03 |  61.9461 1.0324  0.3002  6.4702 0.062  0.25 | edge_dev mean=2.1976 max=12.2523 gg=0.0558 shape_dev=1.8326 xbar=0.5162
# CONVTAG t=1648.00 rough=3.668550 cond=169.305266 evap=189.086365 backs=25.141945
t= 1652.00 +4.07e-14 | 0.0250  0.25      6    0     33     36 | 1.6088  0.83 | 7.63e-04 6.77e-04 |  62.4031 1.0401  0.2751  6.4696 0.062  0.25 | edge_dev mean=2.1985 max=12.2523 gg=0.0542 shape_dev=1.8306 xbar=0.5200
# CONVTAG t=1652.00 rough=3.668550 cond=169.702600 evap=189.086365 backs=25.141945
# QATOM t=1652.36 dir=FD w=1.10603919 e=0.40487268836 i=6 Em=1.0246
# QATOM t=1655.18 dir=FD w=0.988626111 e=0.180946442235 i=32 Em=1.3937
t= 1656.00 +4.07e-14 | 0.0250  0.25      6    0     33     36 | 1.6173  0.69 | 4.00e-05 8.52e-05 |  62.8978 1.0483  0.2092  6.5179 0.062  0.25 | edge_dev mean=2.1993 max=12.2523 gg=0.0790 shape_dev=1.8290 xbar=0.5241
# CONVTAG t=1656.00 rough=3.668550 cond=170.623022 evap=189.650094 backs=25.215475
t= 1660.00 +4.09e-14 | 0.0250  0.21      5    0     33     36 | 1.6195  0.80 | 1.34e-07 9.43e-09 |  62.5963 1.0433  0.2236  6.5303 0.042  0.21 | edge_dev mean=2.1994 max=12.2523 gg=0.0636 shape_dev=1.8288 xbar=0.5216
# CONVTAG t=1660.00 rough=3.668550 cond=170.623022 evap=189.951674 backs=25.254812
t= 1664.00 +4.09e-14 | 0.0251  0.21      5    0     33     36 | 1.6195  0.80 | 4.21e-11 1.35e-14 |  62.0413 1.0340  0.1967  6.5295 0.042  0.21 | edge_dev mean=2.1994 max=12.2523 gg=0.0577 shape_dev=1.8288 xbar=0.5170
# CONVTAG t=1664.00 rough=3.668550 cond=170.623022 evap=190.506589 backs=25.327192
# QATOM t=1667.26 dir=FD w=1.02151963 e=0.186966882667 i=12 Em=1.2818
t= 1668.00 +4.09e-14 | 0.0250  0.21      5    0     33     36 | 1.6195  0.80 | 1.20e-14 4.22e-22 |  62.6472 1.0441  0.2332  6.5367 0.042  0.21 | edge_dev mean=2.1994 max=12.2523 gg=0.0373 shape_dev=1.8288 xbar=0.5221
# CONVTAG t=1668.00 rough=3.668550 cond=171.149835 evap=190.506589 backs=25.327192
# QATOM t=1671.56 dir=DF w=1.58894093 e=0.290820973598 i=34 Em=1.7189
t= 1672.00 +4.09e-14 | 0.0251  0.33      8    0     33     36 | 1.6184  0.94 | 2.36e-05 2.82e-06 |  61.5773 1.0263  0.2132  6.5382 0.125  0.33 | edge_dev mean=2.1994 max=12.2523 gg=0.0520 shape_dev=1.8255 xbar=0.5131
# CONVTAG t=1672.00 rough=3.668550 cond=171.320202 evap=191.772346 backs=25.492291
t= 1676.00 +4.09e-14 | 0.0251  0.33      8    0     33     36 | 1.6189  0.94 | 1.58e-06 8.12e-11 |  61.7788 1.0296  0.2251  6.5372 0.125  0.33 | edge_dev mean=2.1994 max=12.2523 gg=0.0775 shape_dev=1.8251 xbar=0.5148
# CONVTAG t=1676.00 rough=3.668550 cond=171.495419 evap=191.772346 backs=25.492291
t= 1680.00 +4.10e-14 | 0.0251  0.33      8    0     33     36 | 1.6190  0.94 | 1.09e-07 3.05e-08 |  61.4533 1.0242  0.1913  6.5147 0.125  0.33 | edge_dev mean=2.1994 max=12.2523 gg=0.1253 shape_dev=1.8250 xbar=0.5121
# CONVTAG t=1680.00 rough=3.668550 cond=171.495419 evap=192.097903 backs=25.534755
# QATOM t=1680.90 dir=DF w=1.6802142 e=0.307526553965 i=14 Em=1.5124
# QATOM t=1683.60 dir=FD w=1.18895018 e=0.217611392893 i=20 Em=0.8074
t= 1684.00 +4.11e-14 | 0.0251  0.33      8    0     33     36 | 1.6191  1.25 | 2.81e-05 1.35e-05 |  61.5718 1.0262  0.2360  6.5345 0.083  0.33 | edge_dev mean=2.1993 max=12.2517 gg=0.0832 shape_dev=1.8247 xbar=0.5131
# CONVTAG t=1684.00 rough=3.668550 cond=172.443755 evap=193.070010 backs=25.661551
t= 1688.00 +4.14e-14 | 0.0251  0.42     10    0     33     36 | 1.6168  1.15 | 3.48e-07 3.94e-09 |  61.1576 1.0193  0.1995  6.5083 0.083  0.42 | edge_dev mean=2.1993 max=12.2515 gg=0.0757 shape_dev=1.8246 xbar=0.5096
# CONVTAG t=1688.00 rough=3.668550 cond=172.617072 evap=193.683447 backs=25.741565
# QATOM t=1688.26 dir=DF w=1.67379556 e=0.306351762793 i=26 Em=1.5262
# QATOM t=1690.94 dir=DF w=1.51814824 e=0.277863916328 i=31 Em=1.8963
t= 1692.00 +4.15e-14 | 0.0252  0.46     11    0     33     36 | 1.6143  1.21 | 9.73e-05 3.79e-05 |  60.5755 1.0096  0.1865  6.5417 0.125  0.46 | edge_dev mean=2.1991 max=12.2515 gg=0.0542 shape_dev=1.8239 xbar=0.5048
# CONVTAG t=1692.00 rough=3.668550 cond=173.406763 evap=195.173692 backs=25.935945
# QATOM t=1692.56 dir=FD w=1.14197744 e=0.209014058434 i=3 Em=0.9268
# QATOM t=1694.94 dir=FD w=0.946376225 e=0.173213522429 i=42 Em=1.5489
t= 1696.00 +4.17e-14 | 0.0252  0.46     11    0     33     36 | 1.6136  1.25 | 4.49e-04 3.06e-03 |  60.2142 1.0036  0.2416  6.5393 0.104  0.46 | edge_dev mean=2.1983 max=12.2523 gg=0.0524 shape_dev=1.8246 xbar=0.5018
# CONVTAG t=1696.00 rough=3.668550 cond=174.175444 evap=196.419012 backs=26.098378
# QATOM t=1697.04 dir=FD w=0.965924383 e=0.176791386209 i=16 Em=1.4754
t= 1700.00 +4.17e-14 | 0.0252  0.46     11    0     33     36 | 1.6143  0.98 | 2.36e-05 7.53e-05 |  60.8351 1.0139  0.2658  6.5429 0.104  0.46 | edge_dev mean=2.1988 max=12.2523 gg=0.0902 shape_dev=1.8225 xbar=0.5070
# CONVTAG t=1700.00 rough=3.668550 cond=174.985511 evap=196.729736 backs=26.138907
# QATOM t=1702.68 dir=FD w=1.03457122 e=0.189355692343 i=47 Em=1.2393
t= 1704.00 +4.18e-14 | 0.0251  0.38      9    0     33     36 | 1.6167  1.05 | 1.35e-06 5.52e-07 |  61.1685 1.0195  0.2370  6.5253 0.083  0.38 | edge_dev mean=2.1988 max=12.2523 gg=0.0998 shape_dev=1.8222 xbar=0.5097
# CONVTAG t=1704.00 rough=3.668550 cond=175.522708 evap=197.014084 backs=26.175996
t= 1708.00 +4.19e-14 | 0.0251  0.33      8    0     33     36 | 1.6198  0.95 | 2.78e-08 2.72e-10 |  61.3979 1.0233  0.2362  6.5153 0.083  0.33 | edge_dev mean=2.1988 max=12.2523 gg=0.0490 shape_dev=1.8222 xbar=0.5116
# CONVTAG t=1708.00 rough=3.668550 cond=175.722223 evap=197.014084 backs=26.175996
# QATOM t=1709.52 dir=FD w=0.955768104 e=0.174932500975 i=32 Em=1.5133
t= 1712.00 +4.19e-14 | 0.0251  0.29      7    0     33     36 | 1.6186  0.99 | 3.62e-10 7.20e-11 |  61.6599 1.0277  0.2553  6.5353 0.062  0.29 | edge_dev mean=2.1988 max=12.2523 gg=0.0554 shape_dev=1.8222 xbar=0.5138
# CONVTAG t=1712.00 rough=3.668550 cond=176.445565 evap=197.583998 backs=26.250332
# QATOM t=1714.28 dir=DF w=1.57769429 e=0.2887625221 i=37 Em=1.7461
t= 1716.00 +4.21e-14 | 0.0251  0.29      7    0     33     36 | 1.6197  1.02 | 7.90e-07 1.04e-15 |  61.2421 1.0207  0.2870  6.5171 0.062  0.29 | edge_dev mean=2.1986 max=12.2523 gg=0.0402 shape_dev=1.8219 xbar=0.5104
# CONVTAG t=1716.00 rough=3.668550 cond=176.624900 evap=198.207952 backs=26.331718
t= 1720.00 +4.19e-14 | 0.0251  0.25      6    0     33     36 | 1.6180  1.07 | 6.04e-16 8.85e-16 |  61.5767 1.0263  0.2502  6.5287 0.062  0.25 | edge_dev mean=2.1986 max=12.2523 gg=0.0589 shape_dev=1.8219 xbar=0.5131
# CONVTAG t=1720.00 rough=3.668550 cond=177.176242 evap=198.507390 backs=26.370775
# QATOM t=1720.80 dir=FD w=0.930368208 e=0.170283604056 i=12 Em=1.6114
t= 1724.00 +4.18e-14 | 0.0251  0.25      6    0     33     36 | 1.6180  1.07 | 6.04e-16 5.66e-16 |  61.9769 1.0329  0.2484  6.5121 0.062  0.25 | edge_dev mean=2.1986 max=12.2523 gg=0.0628 shape_dev=1.8219 xbar=0.5165
# CONVTAG t=1724.00 rough=3.668550 cond=177.524220 evap=198.507390 backs=26.370775
t= 1728.00 +4.17e-14 | 0.0251  0.25      6    0     33     36 | 1.6180  1.07 | 6.04e-16 2.72e-16 |  62.0680 1.0345  0.2907  6.5264 0.062  0.25 | edge_dev mean=2.1986 max=12.2523 gg=0.0792 shape_dev=1.8219 xbar=0.5172
# CONVTAG t=1728.00 rough=3.668550 cond=177.871062 evap=198.815211 backs=26.410925
# QATOM t=1729.70 dir=DF w=1.78932318 e=0.327496573082 i=21 Em=1.2932
t= 1732.00 +4.14e-14 | 0.0251  0.33      8    0     33     36 | 1.6162  0.99 | 2.98e-06 7.74e-08 |  61.6378 1.0273  0.2242  6.5013 0.062  0.33 | edge_dev mean=2.1986 max=12.2546 gg=0.1314 shape_dev=1.8216 xbar=0.5136
# CONVTAG t=1732.00 rough=3.668550 cond=178.032775 evap=199.431316 backs=26.491287
t= 1736.00 +4.18e-14 | 0.0251  0.42     10    0     33     36 | 1.6114  1.07 | 1.30e-04 1.60e-04 |  61.5645 1.0261  0.2074  6.5048 0.062  0.42 | edge_dev mean=2.1986 max=12.2547 gg=0.0999 shape_dev=1.8215 xbar=0.5130
# CONVTAG t=1736.00 rough=3.668550 cond=178.224328 evap=199.724967 backs=26.529589
# QATOM t=1737.46 dir=DF w=1.47975795 e=0.270837411131 i=31 Em=1.9995
t= 1740.00 +4.22e-14 | 0.0251  0.42     10    0     33     36 | 1.6123  1.02 | 2.00e-07 1.11e-07 |  61.2936 1.0216  0.1847  6.4923 0.062  0.42 | edge_dev mean=2.1987 max=12.2547 gg=0.0457 shape_dev=1.8211 xbar=0.5108
# CONVTAG t=1740.00 rough=3.668550 cond=178.224328 evap=199.995804 backs=26.564916
# QATOM t=1742.26 dir=DF w=1.79473686 e=0.328487429265 i=36 Em=1.2830
t= 1744.00 +4.23e-14 | 0.0252  0.50     12    0     33     36 | 1.6109  1.01 | 1.03e-05 4.21e-06 |  60.9787 1.0163  0.2000  6.5276 0.104  0.50 | edge_dev mean=2.1987 max=12.2547 gg=0.0406 shape_dev=1.8204 xbar=0.5082
# CONVTAG t=1744.00 rough=3.668550 cond=178.730692 evap=200.893001 backs=26.681941
# QATOM t=1746.16 dir=DF w=1.59085168 e=0.291170695237 i=32 Em=1.7144
t= 1748.00 +4.26e-14 | 0.0252  0.42     10    0     33     36 | 1.6188  0.86 | 6.68e-06 9.60e-06 |  60.2056 1.0034  0.2095  6.5087 0.062  0.42 | edge_dev mean=2.1984 max=12.2570 gg=0.1077 shape_dev=1.8198 xbar=0.5017
# CONVTAG t=1748.00 rough=3.668550 cond=179.081670 evap=202.069761 backs=26.835432
# QATOM t=1751.78 dir=FD w=1.12743676 e=0.412705407574 i=21 Em=0.9656
t= 1752.00 +4.28e-14 | 0.0251  0.25      6    0     33     36 | 1.6163  0.96 | 5.57e-10 5.84e-13 |  61.3899 1.0232  0.2418  6.4904 0.062  0.25 | edge_dev mean=2.1984 max=12.2573 gg=0.0679 shape_dev=1.8197 xbar=0.5116
# CONVTAG t=1752.00 rough=3.668550 cond=180.111480 evap=202.069761 backs=26.835432
t= 1756.00 +4.32e-14 | 0.0251  0.25      6    0     33     36 | 1.6163  0.96 | 1.91e-13 6.07e-14 |  61.6614 1.0277  0.2939  6.4947 0.062  0.25 | edge_dev mean=2.1984 max=12.2573 gg=0.0592 shape_dev=1.8197 xbar=0.5138
# CONVTAG t=1756.00 rough=3.668550 cond=180.626949 evap=202.391060 backs=26.877340
# QATOM t=1758.54 dir=FD w=0.917379486 e=0.167906301935 i=42 Em=1.6638
t= 1760.00 +4.36e-14 | 0.0251  0.29      7    0     33     36 | 1.6176  0.91 | 1.45e-05 2.95e-08 |  61.9703 1.0328  0.3051  6.5071 0.062  0.29 | edge_dev mean=2.1983 max=12.2573 gg=0.0487 shape_dev=1.8196 xbar=0.5164
# CONVTAG t=1760.00 rough=3.668550 cond=181.154457 evap=202.688756 backs=26.916170
# QATOM t=1763.66 dir=FD w=0.995989592 e=0.182294166929 i=16 Em=1.3680
t= 1764.00 +4.38e-14 | 0.0251  0.25      6    0     33     36 | 1.6186  0.98 | 5.66e-08 1.12e-10 |  61.8966 1.0316  0.2763  6.5136 0.062  0.25 | edge_dev mean=2.1983 max=12.2573 gg=0.0487 shape_dev=1.8195 xbar=0.5158
# CONVTAG t=1764.00 rough=3.668550 cond=181.336751 evap=202.972111 backs=26.953130
t= 1768.00 +4.38e-14 | 0.0251  0.25      6    0     33     36 | 1.6186  0.98 | 1.61e-11 6.33e-17 |  61.2806 1.0213  0.2443  6.5152 0.062  0.25 | edge_dev mean=2.1983 max=12.2573 gg=0.0736 shape_dev=1.8195 xbar=0.5107
# CONVTAG t=1768.00 rough=3.668550 cond=181.336751 evap=203.588074 backs=27.033473
# QATOM t=1770.92 dir=FD w=0.978038006 e=0.179008520674 i=22 Em=1.4314
t= 1772.00 +4.40e-14 | 0.0252  0.25      6    0     33     36 | 1.6186  0.98 | 4.56e-15 2.42e-16 |  60.9257 1.0154  0.2568  6.5332 0.062  0.25 | edge_dev mean=2.1987 max=12.2573 gg=0.0556 shape_dev=1.8191 xbar=0.5077
# CONVTAG t=1772.00 rough=3.668550 cond=181.515760 evap=204.148877 backs=27.106621
t= 1776.00 +4.42e-14 | 0.0251  0.25      6    0     33     36 | 1.6186  0.98 | 5.81e-16 5.14e-16 |  61.5704 1.0262  0.2865  6.5177 0.062  0.25 | edge_dev mean=2.1987 max=12.2573 gg=0.0502 shape_dev=1.8191 xbar=0.5131
# CONVTAG t=1776.00 rough=3.668550 cond=182.076367 evap=204.148877 backs=27.106621
# QATOM t=1778.68 dir=FD w=0.881651647 e=0.161367100287 i=12 Em=1.8156
t= 1780.00 +4.43e-14 | 0.0251  0.25      6    0     33     36 | 1.6186  0.98 | 5.39e-16 6.87e-16 |  61.6698 1.0278  0.2502  6.4861 0.062  0.25 | edge_dev mean=2.1987 max=12.2573 gg=0.0857 shape_dev=1.8191 xbar=0.5139
# CONVTAG t=1780.00 rough=3.668550 cond=182.406838 evap=204.429523 backs=27.143227
# QATOM t=1783.50 dir=FD w=0.922690467 e=0.168878361148 i=31 Em=1.6422
t= 1784.00 +4.44e-14 | 0.0251  0.25      6    0     33     36 | 1.6186  0.98 | 5.44e-16 7.95e-16 |  61.6941 1.0282  0.2629  6.5043 0.062  0.25 | edge_dev mean=2.1987 max=12.2573 gg=0.1263 shape_dev=1.8191 xbar=0.5141
# CONVTAG t=1784.00 rough=3.668550 cond=182.928595 evap=205.005264 backs=27.218324
t= 1788.00 +4.47e-14 | 0.0251  0.25      6    0     33     36 | 1.6186  0.98 | 5.90e-16 8.88e-16 |  61.6941 1.0282  0.2629  6.5043 0.062  0.25 | edge_dev mean=2.1987 max=12.2573 gg=0.0768 shape_dev=1.8191 xbar=0.5141
# CONVTAG t=1788.00 rough=3.668550 cond=182.928595 evap=205.005264 backs=27.218324
# QATOM t=1790.16 dir=DF w=1.65028691 e=0.302049016752 i=16 Em=1.5776
t= 1792.00 +4.47e-14 | 0.0252  0.42     10    0     33     36 | 1.6148  0.83 | 8.12e-06 6.38e-08 |  60.7275 1.0121  0.3091  6.5062 0.146  0.42 | edge_dev mean=2.1989 max=12.2573 gg=0.0537 shape_dev=1.8181 xbar=0.5061
# CONVTAG t=1792.00 rough=3.668550 cond=183.103818 evap=206.173351 backs=27.370683
t= 1796.00 +4.47e-14 | 0.0251  0.25      6    0     33     36 | 1.6170  0.95 | 2.47e-09 2.32e-10 |  61.5729 1.0262  0.2892  6.5018 0.062  0.25 | edge_dev mean=2.1989 max=12.2573 gg=0.0716 shape_dev=1.8180 xbar=0.5131
# CONVTAG t=1796.00 rough=3.668550 cond=183.838931 evap=206.173351 backs=27.370683
# QATOM t=1797.18 dir=FD w=0.977439712 e=0.178899016003 i=2 Em=1.4335
t= 1800.00 +4.48e-14 | 0.0251  0.25      6    0     33     36 | 1.6192  0.72 | 3.21e-07 1.99e-07 |  61.0382 1.0173  0.2751  6.4972 0.062  0.25 | edge_dev mean=2.1994 max=12.2573 gg=0.0890 shape_dev=1.8176 xbar=0.5087
# CONVTAG t=1800.00 rough=3.668550 cond=184.182800 evap=207.103430 backs=27.491997
# QATOM t=1802.40 dir=FD w=0.876974077 e=0.160510973277 i=31 Em=1.8364
t= 1804.00 +4.51e-14 | 0.0251  0.21      5    0     33     36 | 1.6226  0.61 | 4.35e-16 1.11e-17 |  61.1579 1.0193  0.2570  6.4843 0.062  0.21 | edge_dev mean=2.1994 max=12.2573 gg=0.0490 shape_dev=1.8176 xbar=0.5096
# CONVTAG t=1804.00 rough=3.668550 cond=184.532196 evap=207.385541 backs=27.528794
# QATOM t=1807.40 dir=FD w=0.858625681 e=0.157152699597 i=12 Em=1.9202
t= 1808.00 +4.52e-14 | 0.0250  0.21      5    0     33     36 | 1.6226  0.61 | 4.35e-16 3.64e-19 |  62.2412 1.0374  0.2727  6.4755 0.062  0.21 | edge_dev mean=2.1994 max=12.2573 gg=0.0486 shape_dev=1.8176 xbar=0.5187
# CONVTAG t=1808.00 rough=3.668550 cond=185.474143 evap=207.385541 backs=27.528794
t= 1812.00 +4.54e-14 | 0.0251  0.21      5    0     33     36 | 1.6226  0.61 | 4.35e-16 1.82e-17 |  61.6210 1.0270  0.2492  6.4889 0.062  0.21 | edge_dev mean=2.1994 max=12.2573 gg=0.0714 shape_dev=1.8176 xbar=0.5135
# CONVTAG t=1812.00 rough=3.668550 cond=185.474143 evap=208.005707 backs=27.609686
t= 1816.00 +4.55e-14 | 0.0251  0.21      5    0     33     36 | 1.6226  0.61 | 4.35e-16 6.59e-19 |  61.6210 1.0270  0.2492  6.4889 0.062  0.21 | edge_dev mean=2.1994 max=12.2573 gg=0.0549 shape_dev=1.8176 xbar=0.5135
# CONVTAG t=1816.00 rough=3.668550 cond=185.474143 evap=208.005707 backs=27.609686
# QATOM t=1817.32 dir=DF w=1.5819741 e=0.2895458469 i=39 Em=1.7357
t= 1820.00 +4.56e-14 | 0.0251  0.21      5    0     33     36 | 1.6226  0.61 | 4.35e-16 1.65e-19 |  61.4145 1.0236  0.2602  6.5087 0.062  0.21 | edge_dev mean=2.1994 max=12.2573 gg=0.0580 shape_dev=1.8176 xbar=0.5118
# CONVTAG t=1820.00 rough=3.668550 cond=186.034599 evap=208.856785 backs=27.720696
t= 1824.00 +4.58e-14 | 0.0251  0.21      5    0     33     36 | 1.6226  0.61 | 4.35e-16 1.96e-19 |  61.4145 1.0236  0.2602  6.5087 0.062  0.21 | edge_dev mean=2.1994 max=12.2573 gg=0.1154 shape_dev=1.8176 xbar=0.5118
# CONVTAG t=1824.00 rough=3.668550 cond=186.034599 evap=208.856785 backs=27.720696
# QATOM t=1825.84 dir=FD w=0.973927869 e=0.178256249744 i=39 Em=1.4462
t= 1828.00 +4.59e-14 | 0.0251  0.21      5    0     33     36 | 1.6226  0.61 | 4.35e-16 7.89e-19 |  61.8040 1.0301  0.2629  6.5001 0.062  0.21 | edge_dev mean=2.1994 max=12.2573 gg=0.0929 shape_dev=1.8176 xbar=0.5150
# CONVTAG t=1828.00 rough=3.668550 cond=186.373358 evap=208.856785 backs=27.720696
t= 1832.00 +4.59e-14 | 0.0251  0.21      5    0     33     36 | 1.6226  0.61 | 4.35e-16 1.34e-18 |  61.3617 1.0227  0.2798  6.5241 0.062  0.21 | edge_dev mean=2.1994 max=12.2573 gg=0.0943 shape_dev=1.8176 xbar=0.5113
# CONVTAG t=1832.00 rough=3.668550 cond=186.537964 evap=209.488425 backs=27.803084
# QATOM t=1832.44 dir=DF w=1.56631679 e=0.286680119207 i=42 Em=1.7739
t= 1836.00 +4.60e-14 | 0.0252  0.29      7    0     33     36 | 1.6150  0.91 | 3.67e-05 1.71e-05 |  60.7834 1.0131  0.2504  6.5165 0.062  0.29 | edge_dev mean=2.1994 max=12.2573 gg=0.0708 shape_dev=1.8175 xbar=0.5065
# CONVTAG t=1836.00 rough=3.668550 cond=186.537964 evap=210.066708 backs=27.878512
# QATOM t=1838.02 dir=DF w=1.70277572 e=0.311655949124 i=13 Em=1.4648
t= 1840.00 +4.64e-14 | 0.0252  0.33      8    0     33     36 | 1.6160  1.04 | 5.87e-05 3.56e-10 |  60.0641 1.0011  0.2868  6.4940 0.062  0.33 | edge_dev mean=2.1994 max=12.2573 gg=0.1001 shape_dev=1.8173 xbar=0.5005
# CONVTAG t=1840.00 rough=3.668550 cond=186.942832 evap=211.251623 backs=28.033066
# QATOM t=1842.98 dir=DF w=1.72382731 e=0.315508982468 i=11 Em=1.4215
t= 1844.00 +4.69e-14 | 0.0252  0.33      8    0     33     36 | 1.6194  1.00 | 2.03e-07 2.70e-08 |  60.1799 1.0030  0.3354  6.5103 0.062  0.33 | edge_dev mean=2.1994 max=12.2573 gg=0.0739 shape_dev=1.8172 xbar=0.5015
# CONVTAG t=1844.00 rough=3.668550 cond=187.317866 evap=211.567132 backs=28.074219
# QATOM t=1846.12 dir=FD w=0.896324528 e=0.164052651139 i=12 Em=1.7518
t= 1848.00 +4.69e-14 | 0.0252  0.38      9    0     33     36 | 1.6177  0.95 | 5.84e-06 1.13e-06 |  60.6000 1.0100  0.3094  6.4957 0.062  0.38 | edge_dev mean=2.1993 max=12.2573 gg=0.1026 shape_dev=1.8170 xbar=0.5050
# CONVTAG t=1848.00 rough=3.668550 cond=188.201436 evap=212.163079 backs=28.151952
# QATOM t=1850.68 dir=FD w=1.0778264 e=0.394545217819 i=11 Em=1.1060
t= 1852.00 +4.68e-14 | 0.0251  0.38      9    0     33     36 | 1.6177  0.94 | 1.29e-08 7.67e-09 |  61.1421 1.0190  0.3052  6.5083 0.062  0.38 | edge_dev mean=2.1993 max=12.2573 gg=0.0790 shape_dev=1.8170 xbar=0.5095
# CONVTAG t=1852.00 rough=3.668550 cond=188.931137 evap=212.460130 backs=28.190697
# QATOM t=1854.54 dir=DF w=1.57975885 e=0.289140394242 i=32 Em=1.7411
t= 1856.00 +4.72e-14 | 0.0251  0.29      7    0     33     36 | 1.6245  0.57 | 2.86e-13 4.13e-17 |  61.4887 1.0248  0.2811  6.4768 0.062  0.29 | edge_dev mean=2.1993 max=12.2573 gg=0.0449 shape_dev=1.8170 xbar=0.5124
# CONVTAG t=1856.00 rough=3.668550 cond=189.483923 evap=212.749270 backs=28.228411
t= 1860.00 +4.76e-14 | 0.0251  0.29      7    0     33     36 | 1.6245  0.57 | 3.40e-15 1.27e-17 |  61.6999 1.0283  0.2936  6.4711 0.062  0.29 | edge_dev mean=2.1993 max=12.2573 gg=0.0425 shape_dev=1.8170 xbar=0.5142
# CONVTAG t=1860.00 rough=3.668550 cond=189.667591 evap=212.749270 backs=28.228411
t= 1864.00 +4.80e-14 | 0.0251  0.21      5    0     33     36 | 1.6226  0.61 | 4.36e-16 1.26e-17 |  62.0666 1.0344  0.2373  6.5019 0.062  0.21 | edge_dev mean=2.1993 max=12.2573 gg=0.0625 shape_dev=1.8170 xbar=0.5172
# CONVTAG t=1864.00 rough=3.668550 cond=190.259319 evap=213.063099 backs=28.269346
# QATOM t=1865.52 dir=DF w=1.50149515 e=0.274815931317 i=12 Em=1.9404
t= 1868.00 +4.84e-14 | 0.0251  0.21      5    0     33     36 | 1.6226  0.61 | 4.36e-16 2.95e-17 |  61.7918 1.0299  0.2507  6.5132 0.062  0.21 | edge_dev mean=2.1993 max=12.2573 gg=0.0821 shape_dev=1.8170 xbar=0.5149
# CONVTAG t=1868.00 rough=3.668550 cond=190.259319 evap=213.337915 backs=28.305191
t= 1872.00 +4.89e-14 | 0.0250  0.21      5    0     33     36 | 1.6226  0.61 | 4.36e-16 5.35e-17 |  62.3548 1.0392  0.2649  6.4789 0.062  0.21 | edge_dev mean=2.1993 max=12.2573 gg=0.0415 shape_dev=1.8170 xbar=0.5196
# CONVTAG t=1872.00 rough=3.668550 cond=190.991410 evap=213.616807 backs=28.341568
# QATOM t=1872.34 dir=DF w=1.63127003 e=0.298568392692 i=23 Em=1.6203
t= 1876.00 +4.92e-14 | 0.0250  0.17      4    0     33     36 | 1.6245  0.63 | 1.11e-16 7.95e-17 |  62.5074 1.0418  0.2531  6.4726 0.062  0.17 | edge_dev mean=2.1993 max=12.2573 gg=0.0579 shape_dev=1.8170 xbar=0.5209
# CONVTAG t=1876.00 rough=3.668550 cond=191.383734 evap=213.915376 backs=28.380512
# QATOM t=1879.90 dir=DF w=1.61779071 e=0.296101296537 i=39 Em=1.6512
t= 1880.00 +4.95e-14 | 0.0251  0.21      5    0     33     36 | 1.6282  0.73 | 3.09e-06 1.04e-16 |  61.5982 1.0266  0.2411  6.4526 0.062  0.21 | edge_dev mean=2.1993 max=12.2573 gg=0.0724 shape_dev=1.8167 xbar=0.5133
# CONVTAG t=1880.00 rough=3.668550 cond=191.383734 evap=214.824514 backs=28.499095
t= 1884.00 +4.96e-14 | 0.0251  0.21      5    0     33     36 | 1.6282  0.73 | 3.44e-08 1.16e-16 |  61.1745 1.0196  0.2560  6.4638 0.062  0.21 | edge_dev mean=2.1993 max=12.2573 gg=0.0424 shape_dev=1.8167 xbar=0.5098
# CONVTAG t=1884.00 rough=3.668550 cond=191.551557 evap=215.441260 backs=28.579540
# QATOM t=1886.02 dir=FD w=0.942268021 e=0.17246160533 i=31 Em=1.5648
t= 1888.00 +5.00e-14 | 0.0251  0.21      5    0     33     36 | 1.6239  0.57 | 3.33e-06 1.13e-16 |  61.4678 1.0245  0.2876  6.4841 0.062  0.21 | edge_dev mean=2.1993 max=12.2573 gg=0.0645 shape_dev=1.8166 xbar=0.5122
# CONVTAG t=1888.00 rough=3.668550 cond=192.104230 evap=215.783520 backs=28.624183
# QATOM t=1890.18 dir=FD w=1.10597095 e=0.202423855996 i=25 Em=1.0248
t= 1892.00 +5.03e-14 | 0.0251  0.25      6    0     33     36 | 1.6175  0.87 | 1.51e-05 5.38e-06 |  61.7309 1.0288  0.2406  6.4854 0.062  0.25 | edge_dev mean=2.1994 max=12.2573 gg=0.1254 shape_dev=1.8162 xbar=0.5144
# CONVTAG t=1892.00 rough=3.668550 cond=192.859069 evap=216.388493 backs=28.703093
# QATOM t=1893.42 dir=FD w=1.18278184 e=0.216482413566 i=5 Em=0.8230
t= 1896.00 +5.05e-14 | 0.0251  0.21      5    0     33     36 | 1.6153  0.87 | 2.03e-07 8.11e-12 |  61.6476 1.0275  0.1755  6.4836 0.062  0.21 | edge_dev mean=2.1994 max=12.2573 gg=0.1134 shape_dev=1.8161 xbar=0.5137
# CONVTAG t=1896.00 rough=3.668550 cond=193.075551 evap=216.720727 backs=28.746427
# QATOM t=1899.86 dir=DF w=1.56263402 e=0.286006068535 i=13 Em=1.7830
t= 1900.00 +5.07e-14 | 0.0251  0.21      5    0     33     36 | 1.6153  0.87 | 3.57e-09 2.63e-17 |  62.1970 1.0366  0.2291  6.4950 0.062  0.21 | edge_dev mean=2.1994 max=12.2573 gg=0.0952 shape_dev=1.8161 xbar=0.5183
# CONVTAG t=1900.00 rough=3.668550 cond=193.802017 evap=217.006733 backs=28.783733
t= 1904.00 +5.10e-14 | 0.0250  0.17      4    0     33     36 | 1.6157  0.97 | 4.59e-11 1.18e-17 |  62.6385 1.0440  0.2522  6.4930 0.062  0.17 | edge_dev mean=2.1994 max=12.2573 gg=0.0680 shape_dev=1.8161 xbar=0.5220
# CONVTAG t=1904.00 rough=3.668550 cond=194.185888 evap=217.006733 backs=28.783733
t= 1908.00 +5.13e-14 | 0.0251  0.21      5    0     33     36 | 1.6134  0.94 | 9.44e-06 8.31e-08 |  62.1939 1.0366  0.2248  6.4906 0.062  0.21 | edge_dev mean=2.1998 max=12.2573 gg=0.0555 shape_dev=1.8157 xbar=0.5183
# CONVTAG t=1908.00 rough=3.668550 cond=194.349457 evap=217.639429 backs=28.866258
# QATOM t=1908.18 dir=DF w=1.61544325 e=0.295671644623 i=32 Em=1.6566
t= 1912.00 +5.16e-14 | 0.0251  0.21      5    0     33     36 | 1.6136  0.93 | 3.42e-08 1.43e-08 |  61.5865 1.0264  0.1884  6.4788 0.062  0.21 | edge_dev mean=2.1998 max=12.2573 gg=0.0589 shape_dev=1.8156 xbar=0.5132
# CONVTAG t=1912.00 rough=3.668550 cond=194.349457 evap=218.246842 backs=28.945486
# QATOM t=1913.70 dir=FD w=0.979344593 e=0.179247662891 i=0 Em=1.4267
# QATOM t=1915.18 dir=DF w=1.55618601 e=0.284825900121 i=42 Em=1.7990
t= 1916.00 +5.18e-14 | 0.0252  0.33      8    0     33     36 | 1.6259  1.20 | 1.29e-05 1.31e-06 |  60.7179 1.0120  0.2232  6.4964 0.104  0.33 | edge_dev mean=2.1997 max=12.2589 gg=0.0469 shape_dev=1.8165 xbar=0.5060
# CONVTAG t=1916.00 rough=3.668550 cond=195.164350 evap=220.052590 backs=29.181018
# QATOM t=1919.38 dir=DF w=1.82905034 e=0.334767763194 i=26 Em=1.2198
t= 1920.00 +5.21e-14 | 0.0252  0.38      9    0     33     36 | 1.6124  0.62 | 5.47e-05 3.73e-09 |  60.8349 1.0139  0.2580  6.5360 0.083  0.38 | edge_dev mean=2.1996 max=12.2589 gg=0.0440 shape_dev=1.8154 xbar=0.5070
# CONVTAG t=1920.00 rough=3.668550 cond=196.125601 evap=221.040960 backs=29.309936
# QATOM t=1921.30 dir=FD w=1.19001848 e=0.217806922363 i=8 Em=0.8053
t= 1924.00 +5.25e-14 | 0.0251  0.33      8    0     33     36 | 1.6114  0.62 | 3.28e-06 1.47e-10 |  61.3979 1.0233  0.2770  6.5493 0.083  0.33 | edge_dev mean=2.1997 max=12.2589 gg=0.0688 shape_dev=1.8146 xbar=0.5116
# CONVTAG t=1924.00 rough=3.668550 cond=196.879076 evap=221.344498 backs=29.349528
# QATOM t=1926.54 dir=FD w=1.15802997 e=0.211952123931 i=26 Em=0.8851
t= 1928.00 +5.29e-14 | 0.0251  0.08      2    0     33     36 | 1.6102  0.17 | 1.38e-08 6.78e-12 |  61.7346 1.0289  0.2320  6.5381 0.042  0.08 | edge_dev mean=2.1997 max=12.2589 gg=0.0324 shape_dev=1.8146 xbar=0.5145
# CONVTAG t=1928.00 rough=3.668550 cond=197.671999 evap=221.919697 backs=29.424554
# QATOM t=1929.14 dir=DF w=1.75021289 e=0.320338287552 i=47 Em=1.3686
t= 1932.00 +5.32e-14 | 0.0251  0.04      1    0     33     36 | 1.6075  0.00 | 5.91e-16 2.39e-52 |  61.5252 1.0254  0.1941  6.5509 0.042  0.04 | edge_dev mean=2.1997 max=12.2589 gg=0.0278 shape_dev=1.8146 xbar=0.5127
# CONVTAG t=1932.00 rough=3.668550 cond=198.032913 evap=222.544097 backs=29.505997
# QATOM t=1933.50 dir=DF w=1.75864965 e=0.321882452478 i=24 Em=1.3521
t= 1936.00 +5.34e-14 | 0.0251  0.12      3    0     33     36 | 1.6100  0.15 | 2.83e-06 2.54e-13 |  61.5990 1.0266  0.2265  6.5725 0.062  0.12 | edge_dev mean=2.1996 max=12.2589 gg=0.0646 shape_dev=1.8144 xbar=0.5133
# CONVTAG t=1936.00 rough=3.668550 cond=198.376967 evap=222.865980 backs=29.547982
# QATOM t=1938.54 dir=FD w=1.02890959 e=0.18831945481 i=25 Em=1.2576
t= 1940.00 +5.36e-14 | 0.0251  0.08      2    0     33     36 | 1.6073  0.01 | 6.40e-06 2.07e-11 |  62.1101 1.0352  0.2468  6.5423 0.062  0.08 | edge_dev mean=2.1996 max=12.2589 gg=0.0267 shape_dev=1.8143 xbar=0.5176
# CONVTAG t=1940.00 rough=3.668550 cond=199.328532 evap=223.449180 backs=29.624052
t= 1944.00 +5.37e-14 | 0.0251  0.12      3    0     33     36 | 1.6036  0.34 | 8.92e-07 5.42e-07 |  61.2372 1.0206  0.2368  6.5687 0.083  0.12 | edge_dev mean=2.1995 max=12.2589 gg=0.0539 shape_dev=1.8141 xbar=0.5103
# CONVTAG t=1944.00 rough=3.668550 cond=199.328532 evap=224.322099 backs=29.737911
# QATOM t=1945.16 dir=FD w=0.918325546 e=0.168079457565 i=22 Em=1.6599
t= 1948.00 +5.40e-14 | 0.0251  0.08      2    0     33     36 | 1.6018  0.36 | 2.18e-08 1.38e-08 |  61.6419 1.0274  0.2578  6.5621 0.062  0.08 | edge_dev mean=2.1995 max=12.2589 gg=0.1041 shape_dev=1.8140 xbar=0.5137
# CONVTAG t=1948.00 rough=3.668550 cond=199.680462 evap=224.322099 backs=29.737911
t= 1952.00 +5.42e-14 | 0.0251  0.08      2    0     33     36 | 1.6018  0.36 | 1.07e-12 7.43e-13 |  61.7356 1.0289  0.2653  6.5707 0.062  0.08 | edge_dev mean=2.1995 max=12.2589 gg=0.0957 shape_dev=1.8140 xbar=0.5145
# CONVTAG t=1952.00 rough=3.668550 cond=200.005255 evap=224.601844 backs=29.774399
# QATOM t=1953.64 dir=DF w=1.59730416 e=0.292351680056 i=13 Em=1.6991
t= 1956.00 +5.44e-14 | 0.0251  0.08      2    0     33     36 | 1.6018  0.36 | 8.04e-16 1.18e-15 |  61.3591 1.0227  0.2564  6.5722 0.062  0.08 | edge_dev mean=2.1995 max=12.2589 gg=0.0980 shape_dev=1.8140 xbar=0.5113
# CONVTAG t=1956.00 rough=3.668550 cond=200.180904 evap=225.180344 backs=29.849856
t= 1960.00 +5.47e-14 | 0.0251  0.08      2    0     33     36 | 1.6018  0.36 | 8.26e-16 1.23e-15 |  61.7737 1.0296  0.2838  6.5695 0.062  0.08 | edge_dev mean=2.1995 max=12.2589 gg=0.0898 shape_dev=1.8140 xbar=0.5148
# CONVTAG t=1960.00 rough=3.668550 cond=200.541391 evap=225.180344 backs=29.849856
# QATOM t=1960.98 dir=DF w=1.51453623 e=0.277202817509 i=42 Em=1.9058
t= 1964.00 +5.49e-14 | 0.0251  0.17      4    0     33     36 | 1.6090  0.52 | 1.06e-06 5.01e-07 |  61.3793 1.0230  0.2721  6.5433 0.062  0.17 | edge_dev mean=2.1995 max=12.2589 gg=0.0874 shape_dev=1.8138 xbar=0.5115
# CONVTAG t=1964.00 rough=3.668550 cond=200.721663 evap=225.782106 backs=29.928346
# QATOM t=1967.38 dir=FD w=0.911016584 e=0.166741711532 i=12 Em=1.6899
t= 1968.00 +5.49e-14 | 0.0251  0.17      4    0     33     36 | 1.6090  0.52 | 2.40e-09 5.70e-10 |  61.4739 1.0246  0.2563  6.5380 0.062  0.17 | edge_dev mean=2.1995 max=12.2589 gg=0.0783 shape_dev=1.8138 xbar=0.5123
# CONVTAG t=1968.00 rough=3.668550 cond=201.048231 evap=226.063013 backs=29.964986
t= 1972.00 +5.50e-14 | 0.0251  0.17      4    0     33     36 | 1.6090  0.52 | 8.96e-12 2.12e-13 |  61.6761 1.0279  0.2650  6.5417 0.062  0.17 | edge_dev mean=2.1995 max=12.2589 gg=0.0879 shape_dev=1.8138 xbar=0.5140
# CONVTAG t=1972.00 rough=3.668550 cond=201.224059 evap=226.063013 backs=29.964986
# QATOM t=1975.36 dir=DF w=1.87139465 e=0.342517965371 i=10 Em=1.1451
t= 1976.00 +5.50e-14 | 0.0252  0.29      7    0     33     36 | 1.6101  0.78 | 4.09e-05 9.97e-06 |  60.5881 1.0098  0.2441  6.5552 0.125  0.29 | edge_dev mean=2.1997 max=12.2589 gg=0.0803 shape_dev=1.8124 xbar=0.5049
# CONVTAG t=1976.00 rough=3.668550 cond=201.428432 evap=227.386044 backs=30.137556
t= 1980.00 +5.51e-14 | 0.0251  0.25      6    0     33     36 | 1.6070  0.66 | 2.19e-07 4.40e-07 |  60.9978 1.0166  0.2507  6.5632 0.125  0.25 | edge_dev mean=2.1996 max=12.2589 gg=0.0621 shape_dev=1.8123 xbar=0.5083
# CONVTAG t=1980.00 rough=3.668550 cond=201.784699 evap=227.386044 backs=30.137556
# QATOM t=1981.70 dir=DF w=1.67008951 e=0.305673451358 i=23 Em=1.5342
t= 1984.00 +5.53e-14 | 0.0251  0.25      6    0     33     36 | 1.6045  0.38 | 1.87e-05 1.06e-05 |  61.0693 1.0178  0.2624  6.5712 0.125  0.25 | edge_dev mean=2.1997 max=12.2589 gg=0.0397 shape_dev=1.8118 xbar=0.5089
# CONVTAG t=1984.00 rough=3.668550 cond=202.367900 evap=227.985275 backs=30.215716
# QATOM t=1984.32 dir=DF w=1.57635738 e=0.288517829173 i=33 Em=1.9381
# QATOM t=1987.44 dir=FD w=1.12056162 e=0.20509435855 i=35 Em=0.9843
t= 1988.00 +5.55e-14 | 0.0251  0.12      3    0     33     36 | 1.6108  0.66 | 8.76e-06 1.09e-04 |  61.1719 1.0195  0.2807  6.5732 0.062  0.12 | edge_dev mean=2.1999 max=12.2589 gg=0.0583 shape_dev=1.8112 xbar=0.5098
# CONVTAG t=1988.00 rough=3.668550 cond=203.492315 evap=229.175755 backs=30.370996
# QATOM t=1989.20 dir=DF w=1.49405784 e=0.273454694972 i=31 Em=1.9605
t= 1992.00 +5.57e-14 | 0.0252  0.12      3    0     33     36 | 1.6116  0.68 | 3.31e-06 3.11e-05 |  61.0407 1.0173  0.2416  6.5661 0.062  0.12 | edge_dev mean=2.1999 max=12.2589 gg=0.0840 shape_dev=1.8111 xbar=0.5087
# CONVTAG t=1992.00 rough=3.668550 cond=203.870137 evap=229.741447 backs=30.444782
t= 1996.00 +5.54e-14 | 0.0251  0.04      1    0     33     36 | 1.5960  0.00 | 6.51e-16 1.06e-15 |  61.2369 1.0206  0.2319  6.5578 0.042  0.04 | edge_dev mean=2.1999 max=12.2589 gg=0.0736 shape_dev=1.8111 xbar=0.5103
# CONVTAG t=1996.00 rough=3.668550 cond=204.040820 evap=229.741447 backs=30.444782
# QATOM t=1997.28 dir=DF w=1.54643356 e=0.283040926304 i=42 Em=1.8235
t= 2000.00 +5.51e-14 | 0.0251  0.04      1    0     33     36 | 1.5960  0.00 | 6.65e-16 1.09e-15 |  61.3697 1.0228  0.2070  6.5325 0.042  0.04 | edge_dev mean=2.1999 max=12.2589 gg=0.0864 shape_dev=1.8111 xbar=0.5114
# CONVTAG t=2000.00 rough=3.668550 cond=204.402371 evap=230.024488 backs=30.481701
t= 2004.00 +5.49e-14 | 0.0251  0.04      1    0     33     36 | 1.5960  0.00 | 6.72e-16 1.10e-15 |  61.2890 1.0215  0.1984  6.5390 0.042  0.04 | edge_dev mean=2.1999 max=12.2589 gg=0.1379 shape_dev=1.8111 xbar=0.5107
# CONVTAG t=2004.00 rough=3.668550 cond=204.570913 evap=230.299025 backs=30.517510
# QATOM t=2006.06 dir=DF w=1.80996842 e=0.331275234107 i=46 Em=1.2547
t= 2008.00 +5.46e-14 | 0.0252  0.21      5    0     33     36 | 1.6149  0.95 | 3.13e-05 8.84e-04 |  60.4127 1.0069  0.3286  6.5512 0.062  0.21 | edge_dev mean=2.2001 max=12.2589 gg=0.1210 shape_dev=1.8110 xbar=0.5034
# CONVTAG t=2008.00 rough=3.668550 cond=204.908860 evap=231.563953 backs=30.682500
# QATOM t=2011.18 dir=FD w=0.915855092 e=0.167627294714 i=22 Em=1.6700
t= 2012.00 +5.45e-14 | 0.0252  0.21      5    0     33     36 | 1.6162  1.00 | 4.11e-06 8.63e-04 |  60.6055 1.0101  0.3423  6.5452 0.062  0.21 | edge_dev mean=2.2001 max=12.2589 gg=0.1101 shape_dev=1.8108 xbar=0.5050
# CONVTAG t=2012.00 rough=3.668550 cond=205.076487 evap=231.563953 backs=30.682500
# QATOM t=2015.04 dir=FD w=1.05877746 e=0.193786116647 i=25 Em=1.1633
t= 2016.00 +5.44e-14 | 0.0251  0.08      2    0     33     36 | 1.6024  0.40 | 5.55e-07 4.13e-08 |  61.9482 1.0325  0.2561  6.5746 0.042  0.08 | edge_dev mean=2.1999 max=12.2589 gg=0.0949 shape_dev=1.8104 xbar=0.5162
# CONVTAG t=2016.00 rough=3.668550 cond=206.244088 evap=231.563953 backs=30.682500
# QATOM t=2019.32 dir=FD w=1.04055569 e=0.190451018112 i=35 Em=1.2202
t= 2020.00 +5.41e-14 | 0.0251  0.12      3    0     33     36 | 1.6034  0.34 | 8.02e-08 4.68e-10 |  62.0093 1.0335  0.2193  6.5636 0.042  0.12 | edge_dev mean=2.1998 max=12.2589 gg=0.0688 shape_dev=1.8103 xbar=0.5167
# CONVTAG t=2020.00 rough=3.668550 cond=206.822639 evap=232.168219 backs=30.761318
t= 2024.00 +5.38e-14 | 0.0251  0.12      3    0     33     36 | 1.6034  0.34 | 2.26e-11 3.10e-15 |  61.7375 1.0290  0.2322  6.5750 0.042  0.12 | edge_dev mean=2.1998 max=12.2589 gg=0.0437 shape_dev=1.8103 xbar=0.5145
# CONVTAG t=2024.00 rough=3.668550 cond=206.822639 evap=232.439995 backs=30.796767
t= 2028.00 +5.34e-14 | 0.0251  0.12      3    0     33     36 | 1.6034  0.34 | 6.47e-15 1.03e-15 |  61.8663 1.0311  0.2045  6.5587 0.042  0.12 | edge_dev mean=2.1998 max=12.2589 gg=0.0485 shape_dev=1.8103 xbar=0.5156
# CONVTAG t=2028.00 rough=3.668550 cond=207.177349 evap=232.719078 backs=30.833169
# QATOM t=2030.76 dir=FD w=0.875403154 e=0.160223450099 i=33 Em=1.8434
t= 2032.00 +5.36e-14 | 0.0251  0.12      3    0     33     36 | 1.6034  0.34 | 8.57e-16 1.02e-15 |  61.7690 1.0295  0.1987  6.5592 0.042  0.12 | edge_dev mean=2.1998 max=12.2589 gg=0.0515 shape_dev=1.8103 xbar=0.5147
# CONVTAG t=2032.00 rough=3.668550 cond=207.337573 evap=233.000683 backs=30.869900
# QATOM t=2035.40 dir=FD w=0.933301729 e=0.170820521167 i=31 Em=1.5998
t= 2036.00 +5.36e-14 | 0.0251  0.12      3    0     33     36 | 1.6034  0.34 | 8.57e-16 9.87e-16 |  61.7811 1.0297  0.2454  6.5922 0.042  0.12 | edge_dev mean=2.1998 max=12.2589 gg=0.0959 shape_dev=1.8103 xbar=0.5148
# CONVTAG t=2036.00 rough=3.668550 cond=207.843201 evap=233.570033 backs=30.944163
t= 2040.00 +5.37e-14 | 0.0251  0.12      3    0     33     36 | 1.6034  0.34 | 8.57e-16 9.52e-16 |  61.6842 1.0281  0.2402  6.5949 0.042  0.12 | edge_dev mean=2.1998 max=12.2589 gg=0.1030 shape_dev=1.8103 xbar=0.5140
# CONVTAG t=2040.00 rough=3.668550 cond=208.002639 evap=233.850258 backs=30.980714
# QATOM t=2042.90 dir=DF w=1.50563824 e=0.275574233927 i=42 Em=1.9294
t= 2044.00 +5.40e-14 | 0.0252  0.12      3    0     33     36 | 1.6034  0.34 | 8.57e-16 8.74e-16 |  60.7796 1.0130  0.1711  6.5725 0.042  0.12 | edge_dev mean=2.1998 max=12.2589 gg=0.0954 shape_dev=1.8103 xbar=0.5065
# CONVTAG t=2044.00 rough=3.668550 cond=208.002639 evap=234.754922 backs=31.098714
t= 2048.00 +5.42e-14 | 0.0252  0.17      4    0     33     36 | 1.6030  0.30 | 2.43e-06 2.26e-06 |  60.1508 1.0025  0.1547  6.5626 0.062  0.17 | edge_dev mean=2.1996 max=12.2589 gg=0.0905 shape_dev=1.8100 xbar=0.5013
# CONVTAG t=2048.00 rough=3.668550 cond=208.002639 evap=235.383728 backs=31.180732
# QATOM t=2050.50 dir=FD w=0.957791692 e=0.17530287449 i=39 Em=1.5057
t= 2052.00 +5.44e-14 | 0.0251  0.17      4    0     33     36 | 1.6030  0.29 | 7.03e-09 6.39e-09 |  60.9950 1.0166  0.1727  6.5569 0.062  0.17 | edge_dev mean=2.1996 max=12.2589 gg=0.0963 shape_dev=1.8100 xbar=0.5083
# CONVTAG t=2052.00 rough=3.668550 cond=208.736779 evap=235.383728 backs=31.180732
# QATOM t=2054.18 dir=DF w=1.77287593 e=0.324486263547 i=1 Em=1.5368
t= 2056.00 +5.45e-14 | 0.0251  0.17      4    0     33     36 | 1.6041  0.20 | 4.48e-06 3.67e-06 |  61.2998 1.0217  0.2147  6.5857 0.062  0.17 | edge_dev mean=2.1994 max=12.2589 gg=0.0569 shape_dev=1.8097 xbar=0.5108
# CONVTAG t=2056.00 rough=3.668550 cond=209.283980 evap=235.708214 backs=31.223056
# QATOM t=2059.42 dir=FD w=0.986044373 e=0.180473911439 i=21 Em=1.4028
t= 2060.00 +5.45e-14 | 0.0251  0.17      4    0     33     36 | 1.6042  0.20 | 2.18e-08 1.27e-08 |  62.0990 1.0350  0.2708  6.5815 0.062  0.17 | edge_dev mean=2.1994 max=12.2589 gg=0.0777 shape_dev=1.8097 xbar=0.5175
# CONVTAG t=2060.00 rough=3.668550 cond=209.978905 evap=235.708214 backs=31.223056
# QATOM t=2062.16 dir=DF w=1.55265236 e=0.28417914242 i=32 Em=1.8079
t= 2064.00 +5.46e-14 | 0.0251  0.12      3    0     33     36 | 1.6053  0.18 | 3.67e-11 2.53e-22 |  61.3952 1.0233  0.2508  6.5739 0.042  0.12 | edge_dev mean=2.1994 max=12.2589 gg=0.0546 shape_dev=1.8097 xbar=0.5116
# CONVTAG t=2064.00 rough=3.668550 cond=210.344053 evap=236.831933 backs=31.369628
t= 2068.00 +5.49e-14 | 0.0251  0.12      3    0     33     36 | 1.6053  0.18 | 1.04e-14 4.28e-20 |  61.3952 1.0233  0.2508  6.5739 0.042  0.12 | edge_dev mean=2.1994 max=12.2589 gg=0.0788 shape_dev=1.8097 xbar=0.5116
# CONVTAG t=2068.00 rough=3.668550 cond=210.344053 evap=236.831933 backs=31.369628
# QATOM t=2070.00 dir=FD w=0.926491049 e=0.16957397467 i=12 Em=1.6269
t= 2072.00 +5.50e-14 | 0.0252  0.21      5    0     33     36 | 1.6120  0.54 | 2.66e-06 3.59e-08 |  60.7706 1.0128  0.1995  6.5742 0.042  0.21 | edge_dev mean=2.1995 max=12.2588 gg=0.0571 shape_dev=1.8096 xbar=0.5064
# CONVTAG t=2072.00 rough=3.668550 cond=210.860759 evap=238.050767 backs=31.528607
t= 2076.00 +5.54e-14 | 0.0251  0.17      4    0     33     36 | 1.6102  0.54 | 1.40e-10 4.76e-14 |  61.0053 1.0168  0.1791  6.5738 0.042  0.17 | edge_dev mean=2.1995 max=12.2588 gg=0.0986 shape_dev=1.8096 xbar=0.5084
# CONVTAG t=2076.00 rough=3.668550 cond=211.064866 evap=238.050767 backs=31.528607
# QATOM t=2076.88 dir=FD w=1.23245051 e=0.225573179529 i=20 Em=0.7058
t= 2080.00 +5.57e-14 | 0.0251  0.12      3    0     33     36 | 1.6053  0.18 | 8.76e-16 3.22e-16 |  61.5668 1.0261  0.2939  6.5791 0.042  0.12 | edge_dev mean=2.1995 max=12.2588 gg=0.0593 shape_dev=1.8096 xbar=0.5131
# CONVTAG t=2080.00 rough=3.668550 cond=211.843298 evap=238.384489 backs=31.572135
# QATOM t=2082.24 dir=FD w=0.906000982 e=0.165823715029 i=31 Em=1.7108
t= 2084.00 +5.57e-14 | 0.0251  0.12      3    0     33     36 | 1.6053  0.18 | 8.52e-16 8.43e-16 |  61.7575 1.0293  0.3109  6.5873 0.042  0.12 | edge_dev mean=2.1995 max=12.2588 gg=0.0752 shape_dev=1.8096 xbar=0.5146
# CONVTAG t=2084.00 rough=3.668550 cond=212.009122 evap=238.384489 backs=31.572135
t= 2088.00 +5.57e-14 | 0.0251  0.12      3    0     33     36 | 1.6053  0.18 | 7.17e-16 9.99e-16 |  61.9018 1.0317  0.2770  6.5934 0.042  0.12 | edge_dev mean=2.1995 max=12.2588 gg=0.0731 shape_dev=1.8096 xbar=0.5158
# CONVTAG t=2088.00 rough=3.668550 cond=212.388345 evap=238.676211 backs=31.610186
# QATOM t=2089.14 dir=DF w=1.76673741 e=0.32336274115 i=0 Em=1.3363
t= 2092.00 +5.55e-14 | 0.0251  0.17      4    0     33     36 | 1.6083  0.25 | 8.87e-06 2.76e-07 |  61.0197 1.0170  0.2244  6.5771 0.062  0.17 | edge_dev mean=2.1988 max=12.2588 gg=0.0792 shape_dev=1.8085 xbar=0.5085
# CONVTAG t=2092.00 rough=3.668550 cond=212.388345 evap=239.558395 backs=31.725254
t= 2096.00 +5.53e-14 | 0.0251  0.12      3    0     33     36 | 1.6063  0.11 | 7.82e-09 9.59e-16 |  61.6691 1.0278  0.2233  6.5582 0.042  0.12 | edge_dev mean=2.1988 max=12.2588 gg=0.0896 shape_dev=1.8084 xbar=0.5139
# CONVTAG t=2096.00 rough=3.668550 cond=212.953123 evap=239.558395 backs=31.725254
# QATOM t=2098.78 dir=DF w=1.58534748 e=0.290163271316 i=14 Em=1.7276
t= 2100.00 +5.53e-14 | 0.0251  0.12      3    0     33     36 | 1.6063  0.11 | 2.22e-12 3.45e-16 |  61.0958 1.0183  0.2530  6.5770 0.042  0.12 | edge_dev mean=2.1988 max=12.2588 gg=0.1525 shape_dev=1.8084 xbar=0.5091
# CONVTAG t=2100.00 rough=3.668550 cond=212.953123 evap=240.131714 backs=31.800034
t= 2104.00 +5.51e-14 | 0.0251  0.12      3    0     33     36 | 1.6063  0.11 | 8.44e-16 6.89e-17 |  61.0958 1.0183  0.2530  6.5770 0.042  0.12 | edge_dev mean=2.1988 max=12.2588 gg=0.1125 shape_dev=1.8084 xbar=0.5091
# CONVTAG t=2104.00 rough=3.668550 cond=212.953123 evap=240.131714 backs=31.800034
# QATOM t=2107.02 dir=FD w=0.949037922 e=0.173700687879 i=12 Em=1.5388
t= 2108.00 +5.51e-14 | 0.0251  0.12      3    0     33     36 | 1.6063  0.11 | 8.44e-16 6.63e-18 |  61.3218 1.0220  0.2311  6.5813 0.042  0.12 | edge_dev mean=2.1988 max=12.2588 gg=0.1094 shape_dev=1.8084 xbar=0.5110
# CONVTAG t=2108.00 rough=3.668550 cond=213.636981 evap=240.692180 backs=31.873139
t= 2112.00 +5.54e-14 | 0.0251  0.21      5    0     33     36 | 1.6039  0.31 | 2.63e-04 1.50e-04 |  61.1879 1.0198  0.2355  6.6039 0.083  0.21 | edge_dev mean=2.1988 max=12.2588 gg=0.1893 shape_dev=1.8082 xbar=0.5099
# CONVTAG t=2112.00 rough=3.668550 cond=213.806687 evap=241.021236 backs=31.916059
# QATOM t=2112.90 dir=DF w=1.63566952 e=0.299373622941 i=21 Em=1.6104
t= 2116.00 +5.57e-14 | 0.0252  0.38      9    0     33     36 | 1.6064  0.40 | 1.57e-05 4.44e-05 |  60.7725 1.0129  0.2090  6.6186 0.188  0.38 | edge_dev mean=2.1990 max=12.2588 gg=0.1308 shape_dev=1.8038 xbar=0.5064
# CONVTAG t=2116.00 rough=3.668550 cond=213.978797 evap=241.634529 backs=31.996054
t= 2120.00 +5.59e-14 | 0.0252  0.38      9    0     33     36 | 1.6088  0.47 | 1.82e-05 3.10e-07 |  60.3874 1.0065  0.1877  6.6122 0.125  0.38 | edge_dev mean=2.1993 max=12.2588 gg=0.1169 shape_dev=1.8007 xbar=0.5032
# CONVTAG t=2120.00 rough=3.668550 cond=214.173270 evap=242.243345 backs=32.075465
# QATOM t=2120.54 dir=FD w=1.07133002 e=0.196083589326 i=35 Em=1.1246
t= 2124.00 +5.61e-14 | 0.0252  0.29      7    0     33     36 | 1.6096  0.46 | 1.23e-07 3.16e-10 |  60.8081 1.0135  0.2110  6.6013 0.083  0.29 | edge_dev mean=2.1993 max=12.2588 gg=0.1109 shape_dev=1.8006 xbar=0.5067
# CONVTAG t=2124.00 rough=3.668550 cond=214.539138 evap=242.243345 backs=32.075465
# QATOM t=2125.46 dir=FD w=0.899434701 e=0.16462190042 i=12 Em=1.7385
t= 2128.00 +5.63e-14 | 0.0251  0.12      3    0     33     36 | 1.6058  0.14 | 1.21e-13 1.08e-15 |  62.0416 1.0340  0.2879  6.5795 0.042  0.12 | edge_dev mean=2.1993 max=12.2588 gg=0.0783 shape_dev=1.8006 xbar=0.5170
# CONVTAG t=2128.00 rough=3.668550 cond=215.869842 evap=242.540217 backs=32.114187
# QATOM t=2128.56 dir=FD w=0.880844445 e=0.161219359553 i=31 Em=1.8192
t= 2132.00 +5.63e-14 | 0.0251  0.29      7    0     33     36 | 1.6163  0.71 | 5.52e-05 1.41e-06 |  61.1430 1.0191  0.3765  6.5509 0.083  0.29 | edge_dev mean=2.1994 max=12.2588 gg=0.0515 shape_dev=1.8040 xbar=0.5095
# CONVTAG t=2132.00 rough=3.668550 cond=216.216417 evap=243.837291 backs=32.283370
# QATOM t=2132.48 dir=FD w=1.00278601 e=0.183538103373 i=13 Em=1.3446
# QATOM t=2135.72 dir=FD w=1.10670999 e=0.202559120129 i=17 Em=1.0227
t= 2136.00 +5.67e-14 | 0.0251  0.17      4    0     33     36 | 1.6073  0.19 | 1.11e-09 9.96e-11 |  61.4395 1.0240  0.3025  6.5484 0.042  0.17 | edge_dev mean=2.1994 max=12.2588 gg=0.0577 shape_dev=1.8048 xbar=0.5120
# CONVTAG t=2136.00 rough=3.668550 cond=216.963845 evap=244.400364 backs=32.356815
t= 2140.00 +5.74e-14 | 0.0251  0.12      3    0     33     36 | 1.6058  0.14 | 8.82e-16 4.81e-16 |  61.9205 1.0320  0.2805  6.5297 0.042  0.12 | edge_dev mean=2.1994 max=12.2588 gg=0.0568 shape_dev=1.8048 xbar=0.5160
# CONVTAG t=2140.00 rough=3.668550 cond=217.382125 evap=244.400364 backs=32.356815
# QATOM t=2141.94 dir=FD w=0.892050846 e=0.163270446864 i=33 Em=1.7701
# QATOM t=2143.72 dir=DF w=1.54106364 e=0.282058080326 i=14 Em=1.8371
t= 2144.00 +5.79e-14 | 0.0251  0.17      4    0     33     36 | 1.6073  0.19 | 5.94e-07 4.12e-07 |  61.4568 1.0243  0.2661  6.5709 0.062  0.17 | edge_dev mean=2.1993 max=12.2588 gg=0.0963 shape_dev=1.8046 xbar=0.5121
# CONVTAG t=2144.00 rough=3.668550 cond=218.246480 evap=245.858140 backs=32.546960
t= 2148.00 +5.83e-14 | 0.0252  0.17      4    0     33     36 | 1.6073  0.19 | 2.17e-09 1.51e-09 |  60.8503 1.0142  0.2560  6.5774 0.062  0.17 | edge_dev mean=2.1993 max=12.2588 gg=0.0978 shape_dev=1.8046 xbar=0.5071
# CONVTAG t=2148.00 rough=3.668550 cond=218.246480 evap=246.464576 backs=32.626060
# QATOM t=2151.76 dir=FD w=0.923339699 e=0.168997188784 i=32 Em=1.6396
t= 2152.00 +5.85e-14 | 0.0252  0.21      5    0     33     36 | 1.6072  0.17 | 1.31e-06 9.75e-11 |  60.7127 1.0119  0.2543  6.5900 0.062  0.21 | edge_dev mean=2.1995 max=12.2588 gg=0.0970 shape_dev=1.8041 xbar=0.5059
# CONVTAG t=2152.00 rough=3.668550 cond=218.415477 evap=246.796580 backs=32.669365
# QATOM t=2155.62 dir=DF w=1.80586594 e=0.330524364501 i=24 Em=1.4785
t= 2156.00 +5.86e-14 | 0.0252  0.12      3    0     33     36 | 1.6092  0.22 | 7.70e-05 4.90e-05 |  60.6475 1.0108  0.2934  6.5594 0.062  0.12 | edge_dev mean=2.1994 max=12.2588 gg=0.0598 shape_dev=1.8039 xbar=0.5054
# CONVTAG t=2156.00 rough=3.668550 cond=218.950972 evap=247.477586 backs=32.758192
t= 2160.00 +5.87e-14 | 0.0251  0.17      4    0     33     36 | 1.6096  0.26 | 1.04e-06 7.16e-07 |  61.0956 1.0183  0.2777  6.5816 0.083  0.17 | edge_dev mean=2.1992 max=12.2588 gg=0.0668 shape_dev=1.8034 xbar=0.5091
# CONVTAG t=2160.00 rough=3.668550 cond=219.340674 evap=247.477586 backs=32.758192
# QATOM t=2161.12 dir=FD w=0.913379033 e=0.167174106183 i=42 Em=1.6802
t= 2164.00 +5.87e-14 | 0.0251  0.17      4    0     33     36 | 1.6096  0.26 | 1.33e-08 1.27e-08 |  61.5221 1.0254  0.3004  6.5918 0.083  0.17 | edge_dev mean=2.1992 max=12.2588 gg=0.0601 shape_dev=1.8034 xbar=0.5127
# CONVTAG t=2164.00 rough=3.668550 cond=220.219143 evap=248.061344 backs=32.834334
# QATOM t=2164.40 dir=DF w=1.62387139 e=0.297214233294 i=1 Em=1.6372
t= 2168.00 +5.87e-14 | 0.0251  0.25      6    0     33     36 | 1.6096  0.21 | 3.69e-07 1.10e-07 |  61.1481 1.0191  0.2823  6.5912 0.083  0.25 | edge_dev mean=2.1993 max=12.2588 gg=0.0750 shape_dev=1.8030 xbar=0.5096
# CONVTAG t=2168.00 rough=3.668550 cond=220.393067 evap=248.635372 backs=32.909207
# QATOM t=2170.36 dir=DF w=1.67035401 e=0.30572186232 i=3 Em=1.5337
t= 2172.00 +5.88e-14 | 0.0251  0.08      2    0     33     36 | 1.6194  0.65 | 2.95e-05 4.71e-19 |  61.6483 1.0275  0.3112  6.5310 0.042  0.08 | edge_dev mean=2.1990 max=12.2588 gg=0.0769 shape_dev=1.8026 xbar=0.5137
# CONVTAG t=2172.00 rough=3.668550 cond=221.375108 evap=249.264519 backs=32.991270
# QATOM t=2172.12 dir=DF w=1.53764346 e=0.281432091446 i=12 Em=1.8458
t= 2176.00 +5.91e-14 | 0.0251  0.17      4    0     33     36 | 1.6279  0.74 | 1.39e-05 9.15e-08 |  61.2206 1.0203  0.3899  6.5415 0.083  0.17 | edge_dev mean=2.1989 max=12.2588 gg=0.0922 shape_dev=1.8021 xbar=0.5102
# CONVTAG t=2176.00 rough=3.668550 cond=221.544331 evap=249.886854 backs=33.072444
# QATOM t=2177.96 dir=FD w=1.02107281 e=0.186885103389 i=36 Em=1.2823
t= 2180.00 +5.91e-14 | 0.0251  0.12      3    0     33     36 | 1.6272  0.83 | 9.98e-08 1.43e-08 |  61.2739 1.0212  0.3868  6.5481 0.083  0.12 | edge_dev mean=2.1989 max=12.2588 gg=0.0418 shape_dev=1.8019 xbar=0.5106
# CONVTAG t=2180.00 rough=3.668550 cond=222.140958 evap=250.519690 backs=33.154988
# QATOM t=2180.92 dir=FD w=0.942364164 e=0.172479202168 i=12 Em=1.5644
t= 2184.00 +5.92e-14 | 0.0252  0.12      3    0     33     36 | 1.6272  0.83 | 7.18e-10 2.03e-12 |  60.9129 1.0152  0.3366  6.5291 0.083  0.12 | edge_dev mean=2.1989 max=12.2588 gg=0.0374 shape_dev=1.8019 xbar=0.5076
# CONVTAG t=2184.00 rough=3.668550 cond=222.313437 evap=251.079030 backs=33.227945
# QATOM t=2187.52 dir=FD w=0.945678499 e=0.173085818772 i=32 Em=1.5516
t= 2188.00 +5.92e-14 | 0.0251  0.12      3    0     33     36 | 1.6336  0.34 | 1.58e-07 3.48e-08 |  61.6601 1.0277  0.3394  6.5063 0.062  0.12 | edge_dev mean=2.1990 max=12.2588 gg=0.0420 shape_dev=1.8016 xbar=0.5138
# CONVTAG t=2188.00 rough=3.668550 cond=223.238754 evap=251.395883 backs=33.269274
t= 2192.00 +5.91e-14 | 0.0251  0.08      2    0     33     36 | 1.6298  0.11 | 1.51e-10 3.98e-12 |  61.4717 1.0245  0.2838  6.5000 0.042  0.08 | edge_dev mean=2.1990 max=12.2588 gg=0.0173 shape_dev=1.8016 xbar=0.5123
# CONVTAG t=2192.00 rough=3.668550 cond=223.615514 evap=252.017589 backs=33.350366
# QATOM t=2195.00 dir=DF w=1.58264655 e=0.28966892532 i=39 Em=1.7341
t= 2196.00 +5.91e-14 | 0.0251  0.08      2    0     33     36 | 1.6298  0.11 | 4.41e-14 6.18e-24 |  61.1339 1.0189  0.3022  6.5195 0.042  0.08 | edge_dev mean=2.1990 max=12.2588 gg=0.0578 shape_dev=1.8016 xbar=0.5094
# CONVTAG t=2196.00 rough=3.668550 cond=223.832760 evap=252.605218 backs=33.427013
# QATOM t=2197.82 dir=DF w=1.57447623 e=0.288173525104 i=14 Em=1.7539
t= 2200.00 +5.90e-14 | 0.0251  0.04      1    0     33     36 | 1.6316  0.00 | 1.11e-16 2.71e-30 |  61.8753 1.0313  0.2870  6.5480 0.042  0.04 | edge_dev mean=2.1990 max=12.2588 gg=0.0803 shape_dev=1.8016 xbar=0.5156
# CONVTAG t=2200.00 rough=3.668550 cond=224.728072 evap=252.893391 backs=33.464601
# QATOM t=2203.04 dir=FD w=0.878589417 e=0.160806625996 i=31 Em=1.8292
t= 2204.00 +5.88e-14 | 0.0251  0.04      1    0     33     36 | 1.6316  0.00 | 1.11e-16 2.33e-34 |  62.2001 1.0367  0.2646  6.5588 0.042  0.04 | edge_dev mean=2.1990 max=12.2588 gg=0.0534 shape_dev=1.8016 xbar=0.5183
# CONVTAG t=2204.00 rough=3.668550 cond=225.256199 evap=253.176021 backs=33.501466
# QATOM t=2207.60 dir=DF w=1.67475973 e=0.306528233606 i=21 Em=1.5241
t= 2208.00 +5.87e-14 | 0.0251  0.17      4    0     33     36 | 1.6176  0.54 | 1.00e-05 1.63e-06 |  61.4099 1.0235  0.1850  6.5731 0.083  0.17 | edge_dev mean=2.1994 max=12.2588 gg=0.0709 shape_dev=1.8006 xbar=0.5117
# CONVTAG t=2208.00 rough=3.668550 cond=225.441186 evap=254.178870 backs=33.632272
t= 2212.00 +5.87e-14 | 0.0251  0.21      5    0     33     36 | 1.6146  0.88 | 9.75e-06 2.01e-06 |  61.0757 1.0179  0.2225  6.5981 0.104  0.21 | edge_dev mean=2.1998 max=12.2588 gg=0.0701 shape_dev=1.7995 xbar=0.5090
# CONVTAG t=2212.00 rough=3.668550 cond=225.675345 evap=254.782401 backs=33.710994
# QATOM t=2213.30 dir=FD w=1.0510758 e=0.192376495594 i=37 Em=1.1869
t= 2216.00 +5.87e-14 | 0.0251  0.21      5    0     33     36 | 1.6127  0.88 | 6.86e-07 3.15e-07 |  61.4316 1.0239  0.2118  6.5776 0.104  0.21 | edge_dev mean=2.1998 max=12.2588 gg=0.0811 shape_dev=1.7993 xbar=0.5119
# CONVTAG t=2216.00 rough=3.668550 cond=226.235594 evap=255.070819 backs=33.748613
# QATOM t=2216.66 dir=FD w=1.09067747 e=0.399249432932 i=25 Em=1.0684
t= 2220.00 +5.86e-14 | 0.0251  0.17      4    0     33     36 | 1.6141  0.97 | 3.34e-08 7.74e-09 |  61.9792 1.0330  0.2036  6.5608 0.083  0.17 | edge_dev mean=2.1998 max=12.2588 gg=0.0859 shape_dev=1.7993 xbar=0.5165
# CONVTAG t=2220.00 rough=3.668550 cond=226.960264 evap=255.356602 backs=33.785889
t= 2224.00 +5.86e-14 | 0.0250  0.17      4    0     33     36 | 1.6141  0.97 | 1.34e-09 4.22e-12 |  62.3952 1.0399  0.2097  6.5593 0.083  0.17 | edge_dev mean=2.1998 max=12.2588 gg=0.0442 shape_dev=1.7993 xbar=0.5200
# CONVTAG t=2224.00 rough=3.668550 cond=227.322040 evap=255.356602 backs=33.785889
# QATOM t=2225.90 dir=DF w=1.49125329 e=0.272941381948 i=33 Em=1.9681
t= 2228.00 +5.86e-14 | 0.0251  0.17      4    0     33     36 | 1.6141  0.97 | 5.68e-11 2.98e-14 |  62.0292 1.0338  0.1423  6.5336 0.083  0.17 | edge_dev mean=2.1998 max=12.2588 gg=0.0282 shape_dev=1.7993 xbar=0.5169
# CONVTAG t=2228.00 rough=3.668550 cond=227.489365 evap=255.915056 backs=33.858731
t= 2232.00 +5.86e-14 | 0.0250  0.17      4    0     33     36 | 1.6141  0.97 | 2.49e-12 1.02e-12 |  62.2188 1.0370  0.1581  6.5423 0.083  0.17 | edge_dev mean=2.1998 max=12.2588 gg=0.0356 shape_dev=1.7993 xbar=0.5185
# CONVTAG t=2232.00 rough=3.668550 cond=227.654290 evap=255.915056 backs=33.858731
# QATOM t=2233.28 dir=DF w=1.66647185 e=0.305011316493 i=47 Em=1.5421
t= 2236.00 +5.86e-14 | 0.0251  0.21      5    0     34     36 | 1.6105  0.98 | 2.52e-07 6.90e-17 |  61.6846 1.0281  0.1792  6.5520 0.083  0.21 | edge_dev mean=2.1999 max=12.2588 gg=0.0189 shape_dev=1.7992 xbar=0.5140
# CONVTAG t=2236.00 rough=3.668550 cond=227.996526 evap=256.842811 backs=33.979743
# QATOM t=2238.80 dir=FD w=1.20055744 e=0.219735848585 i=18 Em=0.7797
t= 2240.00 +5.87e-14 | 0.0251  0.25      6    0     34     37 | 1.6142  1.03 | 4.39e-05 3.95e-08 |  61.2763 1.0213  0.1996  6.5553 0.083  0.25 | edge_dev mean=2.2000 max=12.2588 gg=0.0294 shape_dev=1.7989 xbar=0.5106
# CONVTAG t=2240.00 rough=3.668550 cond=228.216262 evap=257.503867 backs=34.065967
t= 2244.00 +5.87e-14 | 0.0251  0.25      6    0     34     37 | 1.6148  1.07 | 1.61e-07 1.41e-08 |  61.2380 1.0206  0.2027  6.5592 0.083  0.25 | edge_dev mean=2.2001 max=12.2588 gg=0.0167 shape_dev=1.7987 xbar=0.5103
# CONVTAG t=2244.00 rough=3.668550 cond=228.423106 evap=257.780006 backs=34.101986
# QATOM t=2244.44 dir=FD w=1.18431161 e=0.216762404485 i=44 Em=0.8192
t= 2248.00 +5.88e-14 | 0.0251  0.21      5    0     34     37 | 1.6114  1.06 | 1.85e-10 3.82e-10 |  61.0557 1.0176  0.1752  6.5605 0.083  0.21 | edge_dev mean=2.2001 max=12.2588 gg=0.0384 shape_dev=1.7987 xbar=0.5088
# CONVTAG t=2248.00 rough=3.668550 cond=228.806381 evap=258.403059 backs=34.183253
# QATOM t=2249.30 dir=FD w=1.03526299 e=0.378964612199 i=47 Em=1.2371
t= 2252.00 +5.90e-14 | 0.0251  0.33      8    0     34     37 | 1.6163  0.77 | 2.06e-06 7.55e-08 |  61.3523 1.0225  0.2116  6.5522 0.104  0.33 | edge_dev mean=2.2001 max=12.2588 gg=0.0540 shape_dev=1.7984 xbar=0.5113
# CONVTAG t=2252.00 rough=3.668550 cond=229.354096 evap=258.736409 backs=34.226734
# QATOM t=2255.30 dir=FD w=0.93594368 e=0.171304072509 i=12 Em=1.5894
t= 2256.00 +5.90e-14 | 0.0252  0.38      9    0     34     37 | 1.6168  0.76 | 5.13e-05 5.78e-07 |  60.7892 1.0132  0.2187  6.5768 0.125  0.38 | edge_dev mean=2.1999 max=12.2588 gg=0.0772 shape_dev=1.7971 xbar=0.5066
# CONVTAG t=2256.00 rough=3.668550 cond=229.924323 evap=259.955177 backs=34.385704
t= 2260.00 +5.91e-14 | 0.0252  0.25      6    0     34     37 | 1.6170  0.66 | 1.34e-05 2.79e-09 |  60.9780 1.0163  0.1612  6.5775 0.083  0.25 | edge_dev mean=2.1999 max=12.2588 gg=0.0490 shape_dev=1.7961 xbar=0.5081
# CONVTAG t=2260.00 rough=3.668550 cond=230.346035 evap=260.251409 backs=34.424342
# QATOM t=2260.22 dir=DF w=1.60984626 e=0.294647238813 i=14 Em=1.6696
t= 2264.00 +5.92e-14 | 0.0252  0.25      6    0     34     37 | 1.6161  0.53 | 5.41e-07 1.23e-07 |  60.9601 1.0160  0.1962  6.5973 0.083  0.25 | edge_dev mean=2.2001 max=12.2588 gg=0.0663 shape_dev=1.7954 xbar=0.5080
# CONVTAG t=2264.00 rough=3.668550 cond=230.866680 evap=260.868058 backs=34.504775
# QATOM t=2264.38 dir=DF w=1.68692134 e=0.308754150257 i=36 Em=1.4972
t= 2268.00 +5.95e-14 | 0.0251  0.25      6    0     34     37 | 1.6136  0.40 | 1.69e-07 3.39e-09 |  61.1015 1.0184  0.1758  6.6026 0.083  0.25 | edge_dev mean=2.1999 max=12.2588 gg=0.0585 shape_dev=1.7949 xbar=0.5092
# CONVTAG t=2268.00 rough=3.668550 cond=231.258161 evap=261.176812 backs=34.545047
# QATOM t=2271.68 dir=DF w=1.51795428 e=0.277828416615 i=42 Em=1.8968
t= 2272.00 +5.95e-14 | 0.0252  0.21      5    0     34     37 | 1.6142  0.43 | 6.66e-10 3.13e-10 |  60.9176 1.0153  0.1449  6.5677 0.083  0.21 | edge_dev mean=2.1999 max=12.2588 gg=0.0418 shape_dev=1.7949 xbar=0.5076
# CONVTAG t=2272.00 rough=3.668550 cond=231.614755 evap=261.770863 backs=34.622532
t= 2276.00 +5.94e-14 | 0.0251  0.08      2    0     34     37 | 1.6163  0.21 | 5.00e-12 1.64e-55 |  61.6297 1.0272  0.1298  6.5458 0.042  0.08 | edge_dev mean=2.1999 max=12.2588 gg=0.0463 shape_dev=1.7949 xbar=0.5136
# CONVTAG t=2276.00 rough=3.668550 cond=232.234033 evap=261.770863 backs=34.622532
# QATOM t=2276.42 dir=FD w=1.10450402 e=0.202155366376 i=35 Em=1.0289
# QATOM t=2278.10 dir=DF w=1.61126019 e=0.294906027837 i=32 Em=1.6663
t= 2280.00 +5.94e-14 | 0.0251  0.12      3    0     34     37 | 1.6151  0.20 | 4.38e-07 1.27e-23 |  61.3913 1.0232  0.1226  6.5241 0.042  0.12 | edge_dev mean=2.1999 max=12.2588 gg=0.0651 shape_dev=1.7949 xbar=0.5116
# CONVTAG t=2280.00 rough=3.668550 cond=232.794397 evap=262.653676 backs=34.737682
t= 2284.00 +5.96e-14 | 0.0251  0.12      3    0     34     37 | 1.6151  0.20 | 1.25e-10 1.51e-17 |  61.4846 1.0247  0.1222  6.5278 0.042  0.12 | edge_dev mean=2.1999 max=12.2588 gg=0.0761 shape_dev=1.7949 xbar=0.5124
# CONVTAG t=2284.00 rough=3.668550 cond=233.140054 evap=262.957921 backs=34.777366
# QATOM t=2286.44 dir=FD w=0.995007737 e=0.182114459755 i=32 Em=1.3714
t= 2288.00 +5.99e-14 | 0.0251  0.12      3    0     34     37 | 1.6151  0.20 | 3.55e-14 2.54e-16 |  61.1078 1.0185  0.1488  6.5554 0.042  0.12 | edge_dev mean=2.1999 max=12.2588 gg=0.0502 shape_dev=1.7949 xbar=0.5092
# CONVTAG t=2288.00 rough=3.668550 cond=233.322169 evap=263.544194 backs=34.853836
# QATOM t=2289.12 dir=DF w=1.73029787 e=0.31669327794 i=37 Em=1.4082
# QATOM t=2291.38 dir=DF w=1.5572102 e=0.28501335506 i=22 Em=1.9830
t= 2292.00 +6.00e-14 | 0.0252  0.08      2    0     34     37 | 1.6161  0.22 | 8.22e-16 2.29e-22 |  60.6629 1.0110  0.2218  6.5558 0.042  0.08 | edge_dev mean=2.2000 max=12.2588 gg=0.0899 shape_dev=1.7945 xbar=0.5055
# CONVTAG t=2292.00 rough=3.668550 cond=234.267325 evap=265.075989 backs=35.053636
# QATOM t=2295.28 dir=FD w=0.938136577 e=0.171705434505 i=32 Em=1.5808
t= 2296.00 +6.00e-14 | 0.0251  0.04      1    0     34     37 | 1.6197  0.00 | 8.22e-16 4.09e-43 |  61.4463 1.0241  0.1981  6.5756 0.042  0.04 | edge_dev mean=2.2000 max=12.2588 gg=0.0811 shape_dev=1.7945 xbar=0.5121
# CONVTAG t=2296.00 rough=3.668550 cond=235.185604 evap=265.348572 backs=35.089190
# QATOM t=2298.48 dir=FD w=1.03532327 e=0.378986678763 i=46 Em=1.2369
t= 2300.00 +6.00e-14 | 0.0251  0.12      3    0     34     37 | 1.6182  0.17 | 1.21e-06 3.56e-07 |  61.1427 1.0190  0.1766  6.5587 0.062  0.12 | edge_dev mean=2.2001 max=12.2588 gg=0.0696 shape_dev=1.7942 xbar=0.5095
# CONVTAG t=2300.00 rough=3.668550 cond=235.726436 evap=266.274115 backs=35.209913
t= 2304.00 +6.02e-14 | 0.0251  0.08      2    0     34     37 | 1.6201  0.03 | 6.76e-10 8.80e-31 |  61.7807 1.0297  0.1888  6.5323 0.042  0.08 | edge_dev mean=2.2001 max=12.2588 gg=0.0390 shape_dev=1.7942 xbar=0.5148
# CONVTAG t=2304.00 rough=3.668550 cond=236.281199 evap=266.274115 backs=35.209913
# QATOM t=2304.50 dir=DF w=1.74971872 e=0.320247840232 i=24 Em=1.3696
t= 2308.00 +6.02e-14 | 0.0251  0.08      2    0     34     37 | 1.6201  0.03 | 1.93e-13 2.36e-36 |  61.8743 1.0312  0.2102  6.5456 0.042  0.08 | edge_dev mean=2.2000 max=12.2588 gg=0.0405 shape_dev=1.7940 xbar=0.5156
# CONVTAG t=2308.00 rough=3.668550 cond=236.641052 evap=266.594363 backs=35.251684
t= 2312.00 +6.03e-14 | 0.0251  0.08      2    0     34     37 | 1.6201  0.03 | 8.22e-16 1.01e-34 |  61.7818 1.0297  0.1724  6.5182 0.042  0.08 | edge_dev mean=2.2000 max=12.2588 gg=0.0255 shape_dev=1.7940 xbar=0.5148
# CONVTAG t=2312.00 rough=3.668550 cond=236.807313 evap=266.878065 backs=35.288689
# QATOM t=2312.06 dir=FD w=1.09730045 e=0.20083691018 i=24 Em=1.0494
t= 2316.00 +6.04e-14 | 0.0251  0.08      2    0     34     37 | 1.6201  0.03 | 8.22e-16 6.86e-31 |  62.1503 1.0358  0.1147  6.4997 0.042  0.08 | edge_dev mean=2.2000 max=12.2588 gg=0.0170 shape_dev=1.7940 xbar=0.5179
# CONVTAG t=2316.00 rough=3.668550 cond=237.367267 evap=267.153542 backs=35.324621
# QATOM t=2317.94 dir=FD w=0.907212394 e=0.1660454375 i=33 Em=1.7057
t= 2320.00 +6.06e-14 | 0.0251  0.08      2    0     34     37 | 1.6201  0.03 | 8.22e-16 4.15e-25 |  62.0731 1.0346  0.1760  6.4728 0.042  0.08 | edge_dev mean=2.2000 max=12.2588 gg=0.0449 shape_dev=1.7940 xbar=0.5173
# CONVTAG t=2320.00 rough=3.668550 cond=237.866089 evap=267.804369 backs=35.409511
t= 2324.00 +6.07e-14 | 0.0251  0.08      2    0     34     37 | 1.6201  0.03 | 8.22e-16 1.06e-21 |  61.5221 1.0254  0.1923  6.4952 0.042  0.08 | edge_dev mean=2.2000 max=12.2588 gg=0.0676 shape_dev=1.7940 xbar=0.5127
# CONVTAG t=2324.00 rough=3.668550 cond=237.866089 evap=268.355353 backs=35.481379
# QATOM t=2325.80 dir=FD w=0.951153015 e=0.174087809583 i=42 Em=1.5307
t= 2328.00 +6.10e-14 | 0.0251  0.08      2    0     34     37 | 1.6201  0.03 | 8.22e-16 1.31e-19 |  62.1593 1.0360  0.1945  6.5138 0.042  0.08 | edge_dev mean=2.2000 max=12.2588 gg=0.0499 shape_dev=1.7940 xbar=0.5180
# CONVTAG t=2328.00 rough=3.668550 cond=238.420185 evap=268.355353 backs=35.481379
t= 2332.00 +6.11e-14 | 0.0251  0.08      2    0     34     37 | 1.6201  0.03 | 8.22e-16 1.61e-19 |  61.8937 1.0316  0.1838  6.5207 0.042  0.08 | edge_dev mean=2.2000 max=12.2588 gg=0.0453 shape_dev=1.7940 xbar=0.5158
# CONVTAG t=2332.00 rough=3.668550 cond=238.420185 evap=268.620916 backs=35.516017
# QATOM t=2333.10 dir=FD w=0.919453146 e=0.168285840128 i=31 Em=1.6553
t= 2336.00 +6.12e-14 | 0.0251  0.08      2    0     34     37 | 1.6201  0.03 | 8.22e-16 2.98e-17 |  62.0275 1.0338  0.1411  6.5361 0.042  0.08 | edge_dev mean=2.2000 max=12.2588 gg=0.0583 shape_dev=1.7940 xbar=0.5169
# CONVTAG t=2336.00 rough=3.668550 cond=238.785511 evap=268.907270 backs=35.553368
# QATOM t=2338.78 dir=FD w=0.929760211 e=0.170172323405 i=12 Em=1.6139
t= 2340.00 +6.14e-14 | 0.0251  0.08      2    0     34     37 | 1.6201  0.03 | 8.22e-16 1.17e-16 |  61.8524 1.0309  0.1211  6.5356 0.042  0.08 | edge_dev mean=2.2000 max=12.2588 gg=0.0757 shape_dev=1.7940 xbar=0.5154
# CONVTAG t=2340.00 rough=3.668550 cond=239.117072 evap=269.463718 backs=35.625948
t= 2344.00 +6.12e-14 | 0.0250  0.08      2    0     34     37 | 1.6201  0.03 | 8.22e-16 1.09e-16 |  62.2461 1.0374  0.1221  6.5320 0.042  0.08 | edge_dev mean=2.2000 max=12.2588 gg=0.0706 shape_dev=1.7940 xbar=0.5187
# CONVTAG t=2344.00 rough=3.668550 cond=239.459475 evap=269.463718 backs=35.625948
# QATOM t=2345.44 dir=DF w=1.92465633 e=0.352266353974 i=8 Em=1.0558
t= 2348.00 +6.12e-14 | 0.0251  0.25      6    0     34     37 | 1.6231  0.59 | 7.51e-06 6.04e-08 |  61.9758 1.0329  0.1836  6.5367 0.083  0.25 | edge_dev mean=2.2002 max=12.2595 gg=0.1322 shape_dev=1.7925 xbar=0.5165
# CONVTAG t=2348.00 rough=3.668550 cond=239.794368 evap=270.119176 backs=35.711442
# QATOM t=2348.42 dir=FD w=1.07221851 e=0.196246206708 i=21 Em=1.1226
t= 2352.00 +6.14e-14 | 0.0251  0.17      4    0     34     37 | 1.6286  0.36 | 6.42e-08 6.28e-09 |  61.3937 1.0232  0.2120  6.5675 0.083  0.17 | edge_dev mean=2.2001 max=12.2595 gg=0.0456 shape_dev=1.7924 xbar=0.5116
# CONVTAG t=2352.00 rough=3.668550 cond=240.322018 evap=271.308038 backs=35.866511
# QATOM t=2352.08 dir=DF w=1.53647371 e=0.281217994411 i=31 Em=2.0328
# QATOM t=2355.36 dir=FD w=0.931487148 e=0.170488401706 i=35 Em=1.6070
t= 2356.00 +6.14e-14 | 0.0251  0.04      1    0     34     37 | 1.6206  0.00 | 5.68e-16 1.60e-20 |  61.4104 1.0235  0.1556  6.5492 0.042  0.04 | edge_dev mean=2.2001 max=12.2595 gg=0.0597 shape_dev=1.7924 xbar=0.5118
# CONVTAG t=2356.00 rough=3.668550 cond=241.077223 evap=272.159837 backs=35.977616
# QATOM t=2358.04 dir=DF w=1.61045869 e=0.294759330241 i=1 Em=1.8610
t= 2360.00 +6.15e-14 | 0.0251  0.04      1    0     34     37 | 1.6206  0.00 | 5.68e-16 1.51e-23 |  61.4135 1.0236  0.1625  6.5517 0.042  0.04 | edge_dev mean=2.2001 max=12.2595 gg=0.0881 shape_dev=1.7924 xbar=0.5118
# CONVTAG t=2360.00 rough=3.668550 cond=241.594058 evap=272.751144 backs=36.054743
t= 2364.00 +6.15e-14 | 0.0251  0.04      1    0     34     37 | 1.6206  0.00 | 5.68e-16 3.17e-28 |  61.4135 1.0236  0.1625  6.5517 0.042  0.04 | edge_dev mean=2.2001 max=12.2595 gg=0.0310 shape_dev=1.7924 xbar=0.5118
# CONVTAG t=2364.00 rough=3.668550 cond=241.594058 evap=272.751144 backs=36.054743
t= 2368.00 +6.16e-14 | 0.0252  0.17      4    0     34     37 | 1.6010  0.71 | 3.19e-05 1.17e-05 |  60.5447 1.0091  0.1751  6.5840 0.083  0.17 | edge_dev mean=2.1999 max=12.2595 gg=0.0607 shape_dev=1.7918 xbar=0.5045
# CONVTAG t=2368.00 rough=3.668550 cond=241.594058 evap=273.619961 backs=36.168067
# QATOM t=2369.56 dir=FD w=0.993035553 e=0.18175349443 i=46 Em=1.3783
t= 2372.00 +6.18e-14 | 0.0252  0.08      2    0     34     37 | 1.6087  0.74 | 2.92e-08 6.41e-12 |  60.9496 1.0158  0.1559  6.5709 0.042  0.08 | edge_dev mean=2.2000 max=12.2595 gg=0.0996 shape_dev=1.7916 xbar=0.5079
# CONVTAG t=2372.00 rough=3.668550 cond=241.946161 evap=273.619961 backs=36.168067
# QATOM t=2375.66 dir=FD w=0.952610673 e=0.174354602069 i=12 Em=1.5252
t= 2376.00 +6.16e-14 | 0.0251  0.04      1    0     34     37 | 1.6206  0.00 | 5.68e-16 9.06e-40 |  61.5059 1.0251  0.1167  6.5377 0.042  0.04 | edge_dev mean=2.2000 max=12.2595 gg=0.1479 shape_dev=1.7916 xbar=0.5125
# CONVTAG t=2376.00 rough=3.668550 cond=242.676602 evap=273.903671 backs=36.205072
t= 2380.00 +6.16e-14 | 0.0251  0.04      1    0     34     37 | 1.6206  0.00 | 5.68e-16 4.72e-31 |  61.5870 1.0265  0.1428  6.5357 0.042  0.04 | edge_dev mean=2.2000 max=12.2595 gg=0.0290 shape_dev=1.7916 xbar=0.5132
# CONVTAG t=2380.00 rough=3.668550 cond=243.001710 evap=274.196391 backs=36.243253
# QATOM t=2381.72 dir=DF w=1.74171612 e=0.318783140265 i=27 Em=1.3855
t= 2384.00 +6.16e-14 | 0.0251  0.04      1    0     34     37 | 1.6206  0.00 | 5.68e-16 2.48e-25 |  61.3780 1.0230  0.1753  6.5608 0.042  0.04 | edge_dev mean=2.2000 max=12.2595 gg=0.0442 shape_dev=1.7916 xbar=0.5115
# CONVTAG t=2384.00 rough=3.668550 cond=243.344580 evap=274.799704 backs=36.321946
t= 2388.00 +6.16e-14 | 0.0251  0.04      1    0     34     37 | 1.6206  0.00 | 5.68e-16 7.47e-22 |  61.7625 1.0294  0.1979  6.5598 0.042  0.04 | edge_dev mean=2.2000 max=12.2595 gg=0.0719 shape_dev=1.7916 xbar=0.5147
# CONVTAG t=2388.00 rough=3.668550 cond=243.678876 evap=274.799704 backs=36.321946
# QATOM t=2389.32 dir=FD w=1.09126365 e=0.199732004291 i=27 Em=1.0667
t= 2392.00 +6.15e-14 | 0.0251  0.08      2    0     34     37 | 1.6177  0.18 | 8.53e-06 3.09e-19 |  61.0577 1.0176  0.1837  6.5538 0.042  0.08 | edge_dev mean=2.1997 max=12.2595 gg=0.0141 shape_dev=1.7912 xbar=0.5088
# CONVTAG t=2392.00 rough=3.668550 cond=243.878608 evap=275.734179 backs=36.443834
# QATOM t=2393.56 dir=DF w=1.78157675 e=0.326078758321 i=9 Em=1.3079
t= 2396.00 +6.16e-14 | 0.0252  0.17      4    0     34     37 | 1.6198  0.37 | 6.16e-05 2.34e-05 |  60.6189 1.0103  0.2338  6.5383 0.042  0.17 | edge_dev mean=2.1996 max=12.2595 gg=0.0603 shape_dev=1.7910 xbar=0.5052
# CONVTAG t=2396.00 rough=3.668550 cond=244.053284 evap=276.373819 backs=36.527266
# QATOM t=2397.34 dir=DF w=1.41534778 e=0.259048535391 i=22 Em=2.1853
# QATOM t=2399.76 dir=DF w=1.54051653 e=0.281957943691 i=42 Em=1.8385
t= 2400.00 +6.19e-14 | 0.0251  0.08      2    0     34     37 | 1.6249  0.27 | 1.67e-10 2.42e-17 |  61.3913 1.0232  0.1342  6.5324 0.042  0.08 | edge_dev mean=2.1996 max=12.2595 gg=0.0679 shape_dev=1.7909 xbar=0.5116
# CONVTAG t=2400.00 rough=3.668550 cond=245.442640 evap=277.199148 backs=36.634917
# QATOM t=2403.86 dir=FD w=0.930927418 e=0.170385955273 i=32 Em=1.6092
t= 2404.00 +6.19e-14 | 0.0251  0.12      3    0     34     37 | 1.6162  0.42 | 6.84e-06 3.77e-07 |  61.9185 1.0320  0.1413  6.5477 0.062  0.12 | edge_dev mean=2.1999 max=12.2595 gg=0.0957 shape_dev=1.7905 xbar=0.5160
# CONVTAG t=2404.00 rough=3.668550 cond=246.179065 evap=277.518899 backs=36.676624
t= 2408.00 +6.19e-14 | 0.0251  0.08      2    0     34     37 | 1.6212  0.04 | 1.70e-08 4.37e-11 |  62.0238 1.0337  0.1309  6.5421 0.042  0.08 | edge_dev mean=2.1999 max=12.2595 gg=0.0695 shape_dev=1.7905 xbar=0.5169
# CONVTAG t=2408.00 rough=3.668550 cond=246.510506 evap=277.794684 backs=36.712596
# QATOM t=2410.52 dir=FD w=0.903952357 e=0.16544875878 i=35 Em=1.7194
t= 2412.00 +6.16e-14 | 0.0251  0.04      1    0     34     37 | 1.6206  0.00 | 5.85e-16 3.36e-17 |  62.1685 1.0361  0.1114  6.5300 0.042  0.04 | edge_dev mean=2.1999 max=12.2595 gg=0.0658 shape_dev=1.7905 xbar=0.5181
# CONVTAG t=2412.00 rough=3.668550 cond=246.876414 evap=278.070868 backs=36.748620
t= 2416.00 +6.18e-14 | 0.0251  0.04      1    0     34     37 | 1.6206  0.00 | 5.70e-16 2.17e-18 |  61.3049 1.0217  0.1365  6.5611 0.042  0.04 | edge_dev mean=2.1999 max=12.2595 gg=0.0741 shape_dev=1.7905 xbar=0.5109
# CONVTAG t=2416.00 rough=3.668550 cond=246.876414 evap=278.934459 backs=36.861262
# QATOM t=2416.46 dir=FD w=0.878191248 e=0.160733749812 i=22 Em=1.8310
t= 2420.00 +6.16e-14 | 0.0251  0.04      1    0     34     37 | 1.6206  0.00 | 5.68e-16 2.48e-20 |  61.6885 1.0281  0.1695  6.5697 0.042  0.04 | edge_dev mean=2.1999 max=12.2595 gg=0.0575 shape_dev=1.7905 xbar=0.5141
# CONVTAG t=2420.00 rough=3.668550 cond=247.209999 evap=278.934459 backs=36.861262
# QATOM t=2423.44 dir=FD w=0.959703098 e=0.175652715703 i=46 Em=1.4985
t= 2424.00 +6.16e-14 | 0.0251  0.04      1    0     34     37 | 1.6206  0.00 | 5.68e-16 2.63e-23 |  62.0224 1.0337  0.1403  6.5592 0.042  0.04 | edge_dev mean=2.1999 max=12.2595 gg=0.0239 shape_dev=1.7905 xbar=0.5169
# CONVTAG t=2424.00 rough=3.668550 cond=247.741162 evap=279.211392 backs=36.897384
t= 2428.00 +6.15e-14 | 0.0251  0.04      1    0     34     37 | 1.6206  0.00 | 5.68e-16 7.30e-28 |  61.9184 1.0320  0.1319  6.5417 0.042  0.04 | edge_dev mean=2.1999 max=12.2595 gg=0.0278 shape_dev=1.7905 xbar=0.5160
# CONVTAG t=2428.00 rough=3.668550 cond=247.894648 evap=279.491923 backs=36.933975
# QATOM t=2429.90 dir=FD w=0.922985497 e=0.168932359928 i=12 Em=1.6410
t= 2432.00 +6.15e-14 | 0.0251  0.04      1    0     34     37 | 1.6206  0.00 | 5.68e-16 8.20e-36 |  61.9329 1.0322  0.1480  6.5354 0.042  0.04 | edge_dev mean=2.1999 max=12.2595 gg=0.0843 shape_dev=1.7904 xbar=0.5161
# CONVTAG t=2432.00 rough=3.668550 cond=248.464436 evap=280.132628 backs=37.017545
# QATOM t=2434.90 dir=DF w=1.65836579 e=0.303527679326 i=25 Em=1.5598
t= 2436.00 +6.15e-14 | 0.0251  0.12      3    0     34     37 | 1.6100  0.47 | 2.22e-06 2.89e-33 |  61.2182 1.0203  0.1353  6.5451 0.042  0.12 | edge_dev mean=2.1998 max=12.2595 gg=0.0814 shape_dev=1.7902 xbar=0.5102
# CONVTAG t=2436.00 rough=3.668550 cond=248.636278 evap=281.044987 backs=37.136548
# QATOM t=2439.54 dir=FD w=0.913328565 e=0.167164869069 i=1 Em=1.6804
t= 2440.00 +6.18e-14 | 0.0251  0.12      3    0     34     37 | 1.6101  0.47 | 6.33e-10 4.81e-31 |  61.5781 1.0263  0.1444  6.5262 0.042  0.12 | edge_dev mean=2.1998 max=12.2595 gg=0.0525 shape_dev=1.7902 xbar=0.5132
# CONVTAG t=2440.00 rough=3.668550 cond=249.174137 evap=281.303614 backs=37.170282
t= 2444.00 +6.19e-14 | 0.0251  0.08      2    0     34     37 | 1.6118  0.55 | 1.00e-13 3.53e-31 |  61.8127 1.0302  0.1471  6.5310 0.042  0.08 | edge_dev mean=2.1998 max=12.2595 gg=0.0736 shape_dev=1.7902 xbar=0.5151
# CONVTAG t=2444.00 rough=3.668550 cond=249.378165 evap=281.303614 backs=37.170282
t= 2448.00 +6.19e-14 | 0.0251  0.08      2    0     34     37 | 1.6118  0.55 | 5.68e-16 1.85e-25 |  61.9928 1.0332  0.1553  6.5264 0.042  0.08 | edge_dev mean=2.1998 max=12.2595 gg=0.0693 shape_dev=1.7902 xbar=0.5166
# CONVTAG t=2448.00 rough=3.668550 cond=249.534788 evap=281.303614 backs=37.170282
# QATOM t=2449.40 dir=FD w=0.953769 e=0.174566608617 i=32 Em=1.5208
t= 2452.00 +6.19e-14 | 0.0250  0.04      1    0     34     37 | 1.6206  0.00 | 5.68e-16 7.00e-22 |  62.6832 1.0447  0.1553  6.5160 0.042  0.04 | edge_dev mean=2.2001 max=12.2595 gg=0.0658 shape_dev=1.7896 xbar=0.5224
# CONVTAG t=2452.00 rough=3.668550 cond=250.441656 evap=281.656149 backs=37.216265
# QATOM t=2454.38 dir=DF w=1.57389751 e=0.288067604368 i=42 Em=1.7553
t= 2456.00 +6.18e-14 | 0.0251  0.04      1    0     34     37 | 1.6206  0.00 | 5.68e-16 1.01e-19 |  61.9696 1.0328  0.1817  6.4998 0.042  0.04 | edge_dev mean=2.2001 max=12.2595 gg=0.0693 shape_dev=1.7896 xbar=0.5164
# CONVTAG t=2456.00 rough=3.668550 cond=250.604698 evap=282.557206 backs=37.333794
# QATOM t=2457.46 dir=FD w=0.876524111 e=0.160428616792 i=33 Em=1.8384
t= 2460.00 +6.19e-14 | 0.0252  0.08      2    0     34     37 | 1.6092  0.71 | 8.43e-06 7.05e-09 |  60.8781 1.0146  0.1780  6.5345 0.042  0.08 | edge_dev mean=2.2001 max=12.2595 gg=0.0827 shape_dev=1.7896 xbar=0.5073
# CONVTAG t=2460.00 rough=3.668550 cond=250.915029 evap=284.005655 backs=37.522722
# QATOM t=2460.42 dir=DF w=1.51989536 e=0.278183688577 i=46 Em=1.8917
t= 2464.00 +6.18e-14 | 0.0251  0.08      2    0     34     37 | 1.6094  0.69 | 1.84e-09 8.81e-12 |  61.2424 1.0207  0.1702  6.5592 0.042  0.08 | edge_dev mean=2.2001 max=12.2595 gg=0.0937 shape_dev=1.7896 xbar=0.5104
# CONVTAG t=2464.00 rough=3.668550 cond=251.473698 evap=284.283839 backs=37.559007
# QATOM t=2466.40 dir=DF w=1.47140189 e=0.269308016008 i=22 Em=2.0227
# QATOM t=2467.86 dir=DF w=1.72307795 e=0.315371828986 i=11 Em=1.4230
t= 2468.00 +6.19e-14 | 0.0252  0.04      1    0     34     37 | 1.6206  0.00 | 6.34e-16 1.31e-16 |  60.2412 1.0040  0.1340  6.5773 0.042  0.04 | edge_dev mean=2.2001 max=12.2595 gg=0.1161 shape_dev=1.7896 xbar=0.5020
# CONVTAG t=2468.00 rough=3.668550 cond=251.863767 evap=285.733543 backs=37.748099
t= 2472.00 +6.19e-14 | 0.0252  0.04      1    0     34     37 | 1.6206  0.00 | 6.09e-16 1.34e-16 |  60.2412 1.0040  0.1340  6.5773 0.042  0.04 | edge_dev mean=2.2001 max=12.2595 gg=0.0972 shape_dev=1.7896 xbar=0.5020
# CONVTAG t=2472.00 rough=3.668550 cond=251.863767 evap=285.733543 backs=37.748099
# QATOM t=2475.64 dir=FD w=0.895939756 e=0.163982227077 i=22 Em=1.7534
t= 2476.00 +6.16e-14 | 0.0251  0.04      1    0     34     37 | 1.6206  0.00 | 5.61e-16 3.85e-17 |  61.4967 1.0249  0.1530  6.5489 0.042  0.04 | edge_dev mean=2.2001 max=12.2595 gg=0.0829 shape_dev=1.7896 xbar=0.5125
# CONVTAG t=2476.00 rough=3.668550 cond=252.955503 evap=285.733543 backs=37.748099
t= 2480.00 +6.18e-14 | 0.0251  0.04      1    0     34     37 | 1.6206  0.00 | 5.43e-16 2.48e-18 |  61.8893 1.0315  0.1498  6.5360 0.042  0.04 | edge_dev mean=2.2001 max=12.2595 gg=0.0510 shape_dev=1.7896 xbar=0.5157
# CONVTAG t=2480.00 rough=3.668550 cond=253.296824 evap=285.733543 backs=37.748099
t= 2484.00 +6.16e-14 | 0.0251  0.04      1    0     34     37 | 1.6206  0.00 | 5.42e-16 2.93e-20 |  61.7577 1.0293  0.2044  6.5281 0.042  0.04 | edge_dev mean=2.2001 max=12.2595 gg=0.0755 shape_dev=1.7896 xbar=0.5146
# CONVTAG t=2484.00 rough=3.668550 cond=253.463573 evap=286.056908 backs=37.790277
# QATOM t=2485.14 dir=FD w=0.898864797 e=0.164517592038 i=33 Em=1.7409
t= 2488.00 +6.16e-14 | 0.0251  0.04      1    0     34     37 | 1.6206  0.00 | 5.42e-16 3.35e-23 |  61.8360 1.0306  0.2038  6.5171 0.042  0.04 | edge_dev mean=2.2001 max=12.2595 gg=0.1271 shape_dev=1.7896 xbar=0.5153
# CONVTAG t=2488.00 rough=3.668550 cond=253.784390 evap=286.347534 backs=37.828185
# QATOM t=2491.04 dir=DF w=1.53066219 e=0.280154320955 i=42 Em=1.8638
t= 2492.00 +6.15e-14 | 0.0251  0.12      3    0     34     37 | 1.6175  0.33 | 6.21e-06 2.18e-05 |  61.4673 1.0245  0.1165  6.5115 0.062  0.12 | edge_dev mean=2.2002 max=12.2623 gg=0.0980 shape_dev=1.7891 xbar=0.5122
# CONVTAG t=2492.00 rough=3.668550 cond=253.987589 evap=286.949923 backs=37.906757
# QATOM t=2495.50 dir=FD w=0.817464025 e=0.149618956418 i=22 Em=2.1217
t= 2496.00 +6.15e-14 | 0.0251  0.12      3    0     34     37 | 1.6178  0.34 | 6.00e-07 2.17e-06 |  61.1586 1.0193  0.0898  6.4868 0.062  0.12 | edge_dev mean=2.2002 max=12.2628 gg=0.0905 shape_dev=1.7891 xbar=0.5097
# CONVTAG t=2496.00 rough=3.668550 cond=254.480619 evap=287.825587 backs=38.020974
t= 2500.00 +6.14e-14 | 0.0251  0.08      2    0     34     37 | 1.6216  0.07 | 3.69e-08 8.99e-08 |  61.0909 1.0182  0.1097  6.4931 0.042  0.08 | edge_dev mean=2.2002 max=12.2628 gg=0.0762 shape_dev=1.7891 xbar=0.5091
# CONVTAG t=2500.00 rough=3.668550 cond=254.668766 evap=288.109664 backs=38.058028
# QATOM t=2501.94 dir=FD w=1.16826215 e=0.427649800401 i=30 Em=0.8590
t= 2504.00 +6.14e-14 | 0.0252  0.08      2    0     34     37 | 1.6196  0.06 | 1.37e-05 5.65e-10 |  60.9408 1.0157  0.1412  6.5446 0.042  0.08 | edge_dev mean=2.2001 max=12.2628 gg=0.0554 shape_dev=1.7890 xbar=0.5078
# CONVTAG t=2504.00 rough=3.668550 cond=255.302744 evap=288.988829 backs=38.172702
# QATOM t=2504.42 dir=DF w=1.55985558 e=0.285497535123 i=1 Em=1.7899
t= 2508.00 +6.12e-14 | 0.0252  0.08      2    0     34     37 | 1.6199  0.04 | 3.89e-09 2.65e-15 |  60.3670 1.0061  0.1507  6.5690 0.042  0.08 | edge_dev mean=2.2001 max=12.2628 gg=0.0605 shape_dev=1.7889 xbar=0.5031
# CONVTAG t=2508.00 rough=3.668550 cond=255.302744 evap=289.562641 backs=38.247547
t= 2512.00 +6.12e-14 | 0.0252  0.08      2    0     34     37 | 1.6107  0.61 | 7.33e-06 1.11e-25 |  60.6573 1.0110  0.1828  6.5906 0.042  0.08 | edge_dev mean=2.2001 max=12.2628 gg=0.0493 shape_dev=1.7889 xbar=0.5055
# CONVTAG t=2512.00 rough=3.668550 cond=255.849417 evap=289.900941 backs=38.291673
# QATOM t=2512.62 dir=FD w=0.969111742 e=0.177374762779 i=12 Em=1.4637
# QATOM t=2514.50 dir=DF w=1.69692774 e=0.310585603711 i=39 Em=1.6802
t= 2516.00 +6.11e-14 | 0.0252  0.17      4    0     34     37 | 1.6060  0.57 | 5.04e-06 3.49e-06 |  60.9596 1.0160  0.1719  6.5826 0.062  0.17 | edge_dev mean=2.2000 max=12.2628 gg=0.0358 shape_dev=1.7885 xbar=0.5080
# CONVTAG t=2516.00 rough=3.668550 cond=256.874465 evap=290.777490 backs=38.406005
# QATOM t=2519.60 dir=FD w=1.02004556 e=0.186697086189 i=13 Em=1.2866
t= 2520.00 +6.10e-14 | 0.0251  0.08      2    0     34     37 | 1.6117  0.55 | 4.62e-09 1.46e-16 |  61.0804 1.0180  0.2077  6.5501 0.042  0.08 | edge_dev mean=2.2000 max=12.2628 gg=0.0281 shape_dev=1.7885 xbar=0.5090
# CONVTAG t=2520.00 rough=3.668550 cond=257.275864 evap=291.118289 backs=38.450457
t= 2524.00 +6.10e-14 | 0.0251  0.17      4    0     34     37 | 1.6322  0.43 | 2.16e-06 7.14e-11 |  61.4862 1.0248  0.2213  6.5449 0.083  0.17 | edge_dev mean=2.1999 max=12.2628 gg=0.0651 shape_dev=1.7888 xbar=0.5124
# CONVTAG t=2524.00 rough=3.668550 cond=257.628747 evap=291.118289 backs=38.450457
# QATOM t=2525.06 dir=FD w=0.854831629 e=0.156458281164 i=22 Em=1.9379
t= 2528.00 +6.08e-14 | 0.0250  0.08      2    0     34     37 | 1.6293  0.53 | 1.19e-09 1.95e-17 |  62.6012 1.0434  0.1547  6.5799 0.042  0.08 | edge_dev mean=2.1999 max=12.2628 gg=0.0703 shape_dev=1.7888 xbar=0.5217
# CONVTAG t=2528.00 rough=3.668550 cond=258.598310 evap=291.118289 backs=38.450457
# QATOM t=2530.38 dir=FD w=0.918828024 e=0.168171425081 i=35 Em=1.6578
t= 2532.00 +6.07e-14 | 0.0250  0.08      2    0     34     37 | 1.6293  0.53 | 3.38e-13 1.10e-16 |  62.3016 1.0384  0.1560  6.5805 0.042  0.08 | edge_dev mean=2.1999 max=12.2628 gg=0.0869 shape_dev=1.7888 xbar=0.5192
# CONVTAG t=2532.00 rough=3.668550 cond=259.096271 evap=291.990513 backs=38.564226
# QATOM t=2533.68 dir=DF w=1.71621576 e=0.314115854042 i=9 Em=1.4370
t= 2536.00 +6.06e-14 | 0.0251  0.12      3    0     34     37 | 1.6171  1.15 | 1.92e-06 4.43e-07 |  62.1742 1.0362  0.1292  6.5774 0.042  0.12 | edge_dev mean=2.1996 max=12.2628 gg=0.0947 shape_dev=1.7884 xbar=0.5181
# CONVTAG t=2536.00 rough=3.668550 cond=259.487426 evap=292.567839 backs=38.639529
# QATOM t=2539.12 dir=DF w=1.48493974 e=0.271785824336 i=31 Em=1.9853
t= 2540.00 +6.04e-14 | 0.0251  0.12      3    0     34     37 | 1.6171  1.15 | 1.82e-10 1.19e-13 |  61.5560 1.0259  0.0553  6.5479 0.042  0.12 | edge_dev mean=2.1996 max=12.2628 gg=0.0777 shape_dev=1.7884 xbar=0.5130
# CONVTAG t=2540.00 rough=3.668550 cond=259.679467 evap=293.406831 backs=38.748963
# QATOM t=2542.48 dir=DF w=1.51080615 e=0.276520106558 i=46 Em=1.9156
t= 2544.00 +6.04e-14 | 0.0251  0.08      2    0     34     37 | 1.6293  0.53 | 5.43e-16 2.59e-18 |  61.9014 1.0317  0.1062  6.5451 0.042  0.08 | edge_dev mean=2.1996 max=12.2628 gg=0.0631 shape_dev=1.7884 xbar=0.5158
# CONVTAG t=2544.00 rough=3.668550 cond=260.220245 evap=293.683351 backs=38.785031
t= 2548.00 +6.03e-14 | 0.0251  0.08      2    0     34     37 | 1.6293  0.53 | 5.42e-16 3.26e-20 |  61.6548 1.0276  0.1696  6.5595 0.042  0.08 | edge_dev mean=2.1996 max=12.2628 gg=0.0190 shape_dev=1.7884 xbar=0.5138
# CONVTAG t=2548.00 rough=3.668550 cond=260.555849 evap=294.315919 backs=38.867539
# QATOM t=2548.70 dir=FD w=0.940870775 e=0.172205869858 i=35 Em=1.5702
t= 2552.00 +6.00e-14 | 0.0251  0.08      2    0     34     37 | 1.6293  0.53 | 5.42e-16 4.48e-23 |  60.9858 1.0164  0.2186  6.5521 0.042  0.08 | edge_dev mean=2.1996 max=12.2628 gg=0.0351 shape_dev=1.7884 xbar=0.5082
# CONVTAG t=2552.00 rough=3.668550 cond=260.728055 evap=295.182953 backs=38.980631
# QATOM t=2553.22 dir=FD w=1.05921558 e=0.387732611014 i=25 Em=1.1620
t= 2556.00 +5.98e-14 | 0.0252  0.17      4    0     34     37 | 1.6260  0.59 | 1.97e-05 1.69e-20 |  60.7031 1.0117  0.1565  6.5409 0.062  0.17 | edge_dev mean=2.1995 max=12.2628 gg=0.0385 shape_dev=1.7897 xbar=0.5059
# CONVTAG t=2556.00 rough=3.668550 cond=261.317667 evap=296.143687 backs=39.105944
t= 2560.00 +5.96e-14 | 0.0252  0.17      4    0     34     37 | 1.6263  0.60 | 6.71e-09 3.12e-11 |  60.9023 1.0150  0.1668  6.5447 0.062  0.17 | edge_dev mean=2.1995 max=12.2628 gg=0.0552 shape_dev=1.7900 xbar=0.5075
# CONVTAG t=2560.00 rough=3.668550 cond=261.490887 evap=296.143687 backs=39.105944
# QATOM t=2560.16 dir=FD w=1.02652518 e=0.187883040439 i=16 Em=1.2653
t= 2564.00 +5.94e-14 | 0.0251  0.12      3    0     34     37 | 1.6305  0.45 | 1.96e-12 3.94e-17 |  61.3097 1.0218  0.1789  6.5626 0.042  0.12 | edge_dev mean=2.1995 max=12.2628 gg=0.0328 shape_dev=1.7900 xbar=0.5109
# CONVTAG t=2564.00 rough=3.668550 cond=261.845200 evap=296.143687 backs=39.105944
# QATOM t=2567.96 dir=FD w=0.928423007 e=0.169927577402 i=1 Em=1.6192
t= 2568.00 +5.94e-14 | 0.0251  0.08      2    0     34     37 | 1.6293  0.53 | 5.42e-16 2.12e-16 |  62.1144 1.0352  0.1593  6.5707 0.042  0.08 | edge_dev mean=2.1995 max=12.2628 gg=0.0666 shape_dev=1.7900 xbar=0.5176
# CONVTAG t=2568.00 rough=3.668550 cond=262.544875 evap=296.143687 backs=39.105944
t= 2572.00 +5.94e-14 | 0.0251  0.12      3    0     34     37 | 1.6259  0.53 | 2.80e-08 3.30e-16 |  61.8822 1.0314  0.1695  6.5672 0.042  0.12 | edge_dev mean=2.1995 max=12.2628 gg=0.1019 shape_dev=1.7899 xbar=0.5157
# CONVTAG t=2572.00 rough=3.668550 cond=262.877377 evap=296.758209 backs=39.186099
# QATOM t=2573.24 dir=FD w=0.892064091 e=0.163272871142 i=22 Em=1.7701
t= 2576.00 +5.95e-14 | 0.0251  0.17      4    0     34     37 | 1.6258  0.46 | 7.14e-06 3.62e-12 |  61.3987 1.0233  0.1660  6.5567 0.042  0.17 | edge_dev mean=2.1994 max=12.2628 gg=0.0938 shape_dev=1.7898 xbar=0.5117
# CONVTAG t=2576.00 rough=3.668550 cond=263.040649 evap=297.429500 backs=39.273659
# QATOM t=2576.22 dir=DF w=1.51518818 e=0.277322142017 i=31 Em=2.0855
t= 2580.00 +5.95e-14 | 0.0251  0.12      3    0     34     37 | 1.6282  0.45 | 2.04e-09 1.41e-11 |  61.6665 1.0278  0.1438  6.5358 0.042  0.12 | edge_dev mean=2.1994 max=12.2628 gg=0.1336 shape_dev=1.7898 xbar=0.5139
# CONVTAG t=2580.00 rough=3.668550 cond=263.798972 evap=298.033785 backs=39.352478
# QATOM t=2582.76 dir=FD w=0.865498603 e=0.15841063797 i=42 Em=1.8884
t= 2584.00 +5.95e-14 | 0.0251  0.08      2    0     34     37 | 1.6293  0.53 | 5.42e-16 9.84e-19 |  61.7857 1.0298  0.1268  6.5406 0.042  0.08 | edge_dev mean=2.1994 max=12.2628 gg=0.0465 shape_dev=1.7898 xbar=0.5149
# CONVTAG t=2584.00 rough=3.668550 cond=264.382652 evap=298.585835 backs=39.424485
# QATOM t=2585.86 dir=DF w=1.56862555 e=0.287102686296 i=35 Em=1.9561
t= 2588.00 +5.94e-14 | 0.0251  0.08      2    0     34     37 | 1.6293  0.53 | 5.42e-16 4.72e-19 |  61.7816 1.0297  0.1433  6.5639 0.042  0.08 | edge_dev mean=2.1994 max=12.2628 gg=0.0567 shape_dev=1.7898 xbar=0.5148
# CONVTAG t=2588.00 rough=3.668550 cond=264.875492 evap=299.156625 backs=39.498936
# QATOM t=2591.18 dir=FD w=1.12518252 e=0.205940114479 i=28 Em=0.9717
t= 2592.00 +5.92e-14 | 0.0251  0.17      4    0     34     37 | 1.6243  0.65 | 2.97e-06 4.99e-07 |  61.4079 1.0235  0.1615  6.5835 0.062  0.17 | edge_dev mean=2.1995 max=12.2628 gg=0.1104 shape_dev=1.7892 xbar=0.5117
# CONVTAG t=2592.00 rough=3.668550 cond=265.081432 evap=299.767161 backs=39.578571
# QATOM t=2595.36 dir=DF w=1.56477371 e=0.286397691282 i=12 Em=1.7777
t= 2596.00 +5.91e-14 | 0.0252  0.17      4    0     34     37 | 1.6205  0.88 | 1.70e-06 1.75e-08 |  60.3777 1.0063  0.1201  6.5909 0.042  0.17 | edge_dev mean=2.1997 max=12.2628 gg=0.1178 shape_dev=1.7888 xbar=0.5031
# CONVTAG t=2596.00 rough=3.668550 cond=265.461400 evap=301.234327 backs=39.769940
t= 2600.00 +5.92e-14 | 0.0252  0.21      5    0     34     37 | 1.6229  0.84 | 9.76e-10 4.88e-11 |  60.3777 1.0063  0.1201  6.5909 0.062  0.21 | edge_dev mean=2.1997 max=12.2628 gg=0.0694 shape_dev=1.7888 xbar=0.5031
# CONVTAG t=2600.00 rough=3.668550 cond=265.461400 evap=301.234327 backs=39.769940
# QATOM t=2602.02 dir=FD w=1.06092338 e=0.194178879566 i=0 Em=1.1568
t= 2604.00 +5.91e-14 | 0.0251  0.12      3    0     34     37 | 1.6304  0.45 | 7.03e-13 3.96e-17 |  61.6460 1.0274  0.1489  6.5514 0.042  0.12 | edge_dev mean=2.1997 max=12.2628 gg=0.0571 shape_dev=1.7888 xbar=0.5137
# CONVTAG t=2604.00 rough=3.668550 cond=266.564246 evap=301.234327 backs=39.769940
# QATOM t=2604.64 dir=FD w=0.903116561 e=0.165295784545 i=31 Em=1.7229
t= 2608.00 +5.90e-14 | 0.0251  0.12      3    0     34     37 | 1.6298  0.36 | 2.49e-05 3.19e-07 |  61.9735 1.0329  0.1153  6.5324 0.062  0.12 | edge_dev mean=2.1995 max=12.2628 gg=0.0662 shape_dev=1.7880 xbar=0.5164
# CONVTAG t=2608.00 rough=3.668550 cond=267.448337 evap=301.923577 backs=39.859843
# QATOM t=2610.80 dir=FD w=0.886993171 e=0.162344749722 i=42 Em=1.7921
t= 2612.00 +5.88e-14 | 0.0251  0.17      4    0     34     37 | 1.6264  0.53 | 2.26e-06 7.21e-08 |  61.8748 1.0312  0.1125  6.5254 0.062  0.17 | edge_dev mean=2.1994 max=12.2628 gg=0.0858 shape_dev=1.7879 xbar=0.5156
# CONVTAG t=2612.00 rough=3.668550 cond=267.610682 evap=302.208910 backs=39.897060
t= 2616.00 +5.88e-14 | 0.0251  0.12      3    0     34     37 | 1.6257  0.61 | 6.70e-10 1.65e-13 |  61.5481 1.0258  0.1238  6.5437 0.042  0.12 | edge_dev mean=2.1994 max=12.2628 gg=0.0880 shape_dev=1.7879 xbar=0.5129
# CONVTAG t=2616.00 rough=3.668550 cond=267.831009 evap=302.788993 backs=39.972723
t= 2620.00 +5.88e-14 | 0.0251  0.12      3    0     34     37 | 1.6257  0.61 | 1.90e-13 1.39e-17 |  61.5481 1.0258  0.1238  6.5437 0.042  0.12 | edge_dev mean=2.1994 max=12.2628 gg=0.0757 shape_dev=1.7879 xbar=0.5129
# CONVTAG t=2620.00 rough=3.668550 cond=267.831009 evap=302.788993 backs=39.972723
# QATOM t=2620.24 dir=FD w=1.40110499 e=0.256441703384 i=41 Em=0.3701
# QATOM t=2623.92 dir=FD w=0.860159015 e=0.157433342902 i=31 Em=1.9130
t= 2624.00 +5.87e-14 | 0.0251  0.17      4    0     34     37 | 1.6129  1.20 | 8.17e-07 2.22e-08 |  61.2270 1.0205  0.0787  6.5588 0.062  0.17 | edge_dev mean=2.1995 max=12.2628 gg=0.0567 shape_dev=1.7876 xbar=0.5102
# CONVTAG t=2624.00 rough=3.668550 cond=268.584622 evap=303.976759 backs=40.127649
# QATOM t=2627.30 dir=FD w=1.23013838 e=0.225149994025 i=43 Em=0.7111
t= 2628.00 +5.88e-14 | 0.0252  0.21      5    0     34     37 | 1.6108  1.10 | 6.64e-06 5.82e-06 |  60.8371 1.0140  0.1018  6.5985 0.062  0.21 | edge_dev mean=2.1994 max=12.2628 gg=0.0592 shape_dev=1.7874 xbar=0.5070
# CONVTAG t=2628.00 rough=3.668550 cond=268.809772 evap=304.625563 backs=40.212276
t= 2632.00 +5.87e-14 | 0.0251  0.12      3    0     34     37 | 1.6219  0.91 | 1.74e-11 2.65e-12 |  61.1469 1.0191  0.1044  6.5886 0.042  0.12 | edge_dev mean=2.1994 max=12.2628 gg=0.1059 shape_dev=1.7874 xbar=0.5096
# CONVTAG t=2632.00 rough=3.668550 cond=269.331187 evap=304.915461 backs=40.250088
# QATOM t=2632.96 dir=FD w=1.13591038 e=0.207903613768 i=23 Em=0.9429
t= 2636.00 +5.86e-14 | 0.0251  0.08      2    0     34     37 | 1.6317  0.38 | 6.22e-16 3.57e-16 |  62.0134 1.0336  0.1476  6.5893 0.042  0.08 | edge_dev mean=2.1994 max=12.2628 gg=0.0857 shape_dev=1.7874 xbar=0.5168
# CONVTAG t=2636.00 rough=3.668550 cond=270.084677 evap=304.915461 backs=40.250088
# QATOM t=2639.86 dir=DF w=1.53339475 e=0.280654458029 i=32 Em=1.8567
t= 2640.00 +5.85e-14 | 0.0251  0.12      3    0     34     37 | 1.6317  0.31 | 1.53e-05 1.26e-04 |  61.5685 1.0261  0.1929  6.5710 0.042  0.12 | edge_dev mean=2.1994 max=12.2628 gg=0.0636 shape_dev=1.7874 xbar=0.5131
# CONVTAG t=2640.00 rough=3.668550 cond=270.246977 evap=305.546960 backs=40.332458
# QATOM t=2642.86 dir=DF w=1.57598845 e=0.288450303982 i=46 Em=1.7502
t= 2644.00 +5.83e-14 | 0.0251  0.08      2    0     34     37 | 1.6317  0.38 | 6.22e-16 3.23e-17 |  62.1570 1.0360  0.1638  6.5609 0.042  0.08 | edge_dev mean=2.1994 max=12.2628 gg=0.0651 shape_dev=1.7873 xbar=0.5180
# CONVTAG t=2644.00 rough=3.668550 cond=271.009537 evap=305.835411 backs=40.370082
t= 2648.00 +5.82e-14 | 0.0251  0.12      3    0     34     37 | 1.6221  0.90 | 5.70e-05 1.47e-18 |  61.8368 1.0306  0.1394  6.5624 0.042  0.12 | edge_dev mean=2.1994 max=12.2628 gg=0.0729 shape_dev=1.7873 xbar=0.5153
# CONVTAG t=2648.00 rough=3.668550 cond=271.009537 evap=306.155653 backs=40.411853
# QATOM t=2651.08 dir=DF w=1.75926366 e=0.321994833623 i=30 Em=1.3508
t= 2652.00 +5.82e-14 | 0.0251  0.17      4    0     34     37 | 1.6196  0.80 | 1.29e-07 2.48e-12 |  61.2187 1.0203  0.1360  6.5519 0.062  0.17 | edge_dev mean=2.1994 max=12.2628 gg=0.0894 shape_dev=1.7871 xbar=0.5102
# CONVTAG t=2652.00 rough=3.668550 cond=271.521967 evap=307.363012 backs=40.569334
# QATOM t=2654.28 dir=DF w=1.72766354 e=0.316211121084 i=13 Em=1.4137
t= 2656.00 +5.81e-14 | 0.0252  0.12      3    0     34     37 | 1.6230  0.82 | 2.47e-10 9.11e-24 |  60.5382 1.0090  0.1640  6.5440 0.042  0.12 | edge_dev mean=2.1994 max=12.2628 gg=0.0563 shape_dev=1.7871 xbar=0.5045
# CONVTAG t=2656.00 rough=3.668550 cond=271.710256 evap=308.260045 backs=40.686338
# QATOM t=2658.12 dir=DF w=1.48692923 e=0.272149956884 i=22 Em=1.9799
t= 2660.00 +5.81e-14 | 0.0252  0.12      3    0     34     37 | 1.6246  0.69 | 7.45e-07 2.54e-23 |  60.5781 1.0096  0.1712  6.5574 0.042  0.12 | edge_dev mean=2.1994 max=12.2628 gg=0.1025 shape_dev=1.7870 xbar=0.5048
# CONVTAG t=2660.00 rough=3.668550 cond=272.271408 evap=308.865433 backs=40.765302
# QATOM t=2662.26 dir=FD w=0.90091349 e=0.164892560441 i=31 Em=1.7322
t= 2664.00 +5.81e-14 | 0.0251  0.21      5    0     34     37 | 1.6296  0.71 | 6.20e-05 5.18e-15 |  61.0846 1.0181  0.1954  6.5260 0.062  0.21 | edge_dev mean=2.1995 max=12.2628 gg=0.0911 shape_dev=1.7868 xbar=0.5090
# CONVTAG t=2664.00 rough=3.668550 cond=272.999709 evap=309.196499 backs=40.808485
t= 2668.00 +5.79e-14 | 0.0252  0.25      6    0     34     37 | 1.6278  0.78 | 4.67e-07 1.44e-15 |  60.6719 1.0112  0.1974  6.5128 0.062  0.25 | edge_dev mean=2.1994 max=12.2628 gg=0.0336 shape_dev=1.7865 xbar=0.5056
# CONVTAG t=2668.00 rough=3.668550 cond=273.165669 evap=309.800112 backs=40.887217
# QATOM t=2668.66 dir=FD w=0.890019725 e=0.162898694517 i=35 Em=1.7789
# QATOM t=2671.58 dir=DF w=1.61762064 e=0.296070168874 i=47 Em=1.6516
t= 2672.00 +5.79e-14 | 0.0251  0.17      4    0     34     37 | 1.6209  0.75 | 3.20e-05 3.16e-05 |  61.1512 1.0192  0.1916  6.5538 0.042  0.17 | edge_dev mean=2.1994 max=12.2628 gg=0.0777 shape_dev=1.7864 xbar=0.5096
# CONVTAG t=2672.00 rough=3.668550 cond=274.088894 evap=310.382489 backs=40.963179
# QATOM t=2675.74 dir=DF w=1.72974941 e=0.316592894821 i=18 Em=1.4092
t= 2676.00 +5.82e-14 | 0.0251  0.12      3    0     34     37 | 1.6232  0.81 | 2.89e-11 8.78e-12 |  61.5516 1.0259  0.2067  6.5337 0.042  0.12 | edge_dev mean=2.1994 max=12.2628 gg=0.0299 shape_dev=1.7864 xbar=0.5129
# CONVTAG t=2676.00 rough=3.668550 cond=274.712396 evap=310.699082 backs=41.004474
# QATOM t=2679.48 dir=DF w=1.53256303 e=0.280502229295 i=46 Em=1.8589
t= 2680.00 +5.82e-14 | 0.0251  0.12      3    0     34     37 | 1.6232  0.81 | 4.88e-15 6.61e-18 |  61.2559 1.0209  0.2225  6.5424 0.042  0.12 | edge_dev mean=2.1994 max=12.2628 gg=0.0502 shape_dev=1.7864 xbar=0.5105
# CONVTAG t=2680.00 rough=3.668550 cond=275.213340 evap=311.570886 backs=41.118187
# QATOM t=2682.32 dir=DF w=1.77434513 e=0.324755167919 i=38 Em=1.3217
t= 2684.00 +5.83e-14 | 0.0251  0.12      3    0     34     37 | 1.6222  0.88 | 1.06e-07 8.93e-08 |  61.0419 1.0174  0.1130  6.5635 0.042  0.12 | edge_dev mean=2.1993 max=12.2628 gg=0.0517 shape_dev=1.7863 xbar=0.5087
# CONVTAG t=2684.00 rough=3.668550 cond=275.809613 evap=312.470609 backs=41.235542
# QATOM t=2686.82 dir=FD w=0.913426887 e=0.167182864845 i=35 Em=1.6800
t= 2688.00 +5.86e-14 | 0.0252  0.17      4    0     34     37 | 1.6133  1.17 | 3.29e-06 1.17e-06 |  60.5751 1.0096  0.1379  6.5745 0.062  0.17 | edge_dev mean=2.1993 max=12.2628 gg=0.0417 shape_dev=1.7862 xbar=0.5048
# CONVTAG t=2688.00 rough=3.668550 cond=276.163840 evap=313.344758 backs=41.349562
t= 2692.00 +5.88e-14 | 0.0252  0.17      4    0     34     37 | 1.6134  1.17 | 3.76e-08 1.01e-10 |  60.2953 1.0049  0.1150  6.5761 0.062  0.17 | edge_dev mean=2.1993 max=12.2628 gg=0.0377 shape_dev=1.7862 xbar=0.5025
# CONVTAG t=2692.00 rough=3.668550 cond=276.163840 evap=313.624524 backs=41.386053
# QATOM t=2695.76 dir=FD w=0.947978634 e=0.173506808329 i=1 Em=1.5428
t= 2696.00 +5.90e-14 | 0.0252  0.17      4    0     34     37 | 1.6134  1.17 | 6.51e-10 2.04e-16 |  60.6583 1.0110  0.1304  6.5784 0.062  0.17 | edge_dev mean=2.1993 max=12.2628 gg=0.0599 shape_dev=1.7862 xbar=0.5055
# CONVTAG t=2696.00 rough=3.668550 cond=276.726912 evap=313.909078 backs=41.423169
t= 2700.00 +5.91e-14 | 0.0252  0.12      3    0     34     37 | 1.6188  1.17 | 1.89e-13 3.93e-16 |  60.7208 1.0120  0.1794  6.5552 0.042  0.12 | edge_dev mean=2.1993 max=12.2628 gg=0.1096 shape_dev=1.7862 xbar=0.5060
# CONVTAG t=2700.00 rough=3.668550 cond=277.070036 evap=314.241153 backs=41.466483
# QATOM t=2700.94 dir=FD w=0.876539422 e=0.160431419133 i=31 Em=1.8383
t= 2704.00 +5.91e-14 | 0.0251  0.08      2    0     34     37 | 1.6317  0.38 | 6.22e-16 2.27e-16 |  61.4702 1.0245  0.2029  6.5264 0.042  0.08 | edge_dev mean=2.1993 max=12.2628 gg=0.0417 shape_dev=1.7862 xbar=0.5123
# CONVTAG t=2704.00 rough=3.668550 cond=277.966830 evap=314.523124 backs=41.503262
# QATOM t=2704.18 dir=FD w=0.954461131 e=0.174693288049 i=12 Em=1.5182
t= 2708.00 +5.91e-14 | 0.0251  0.08      2    0     34     37 | 1.6317  0.38 | 6.22e-16 3.98e-17 |  61.4748 1.0246  0.1289  6.5210 0.042  0.08 | edge_dev mean=2.1993 max=12.2628 gg=0.0608 shape_dev=1.7862 xbar=0.5123
# CONVTAG t=2708.00 rough=3.668550 cond=278.521248 evap=315.156041 backs=41.585816
# QATOM t=2710.18 dir=FD w=0.898881368 e=0.164520624846 i=31 Em=1.7409
t= 2712.00 +5.94e-14 | 0.0251  0.08      2    0     34     37 | 1.6317  0.38 | 6.22e-16 1.88e-18 |  61.0624 1.0177  0.1396  6.5544 0.042  0.08 | edge_dev mean=2.1993 max=12.2628 gg=0.0312 shape_dev=1.7862 xbar=0.5089
# CONVTAG t=2712.00 rough=3.668550 cond=278.685769 evap=315.757644 backs=41.664286
t= 2716.00 +5.95e-14 | 0.0251  0.08      2    0     34     37 | 1.6317  0.38 | 6.22e-16 1.80e-20 |  61.3231 1.0221  0.1593  6.5662 0.042  0.08 | edge_dev mean=2.1993 max=12.2628 gg=0.0404 shape_dev=1.7862 xbar=0.5110
# CONVTAG t=2716.00 rough=3.668550 cond=278.912412 evap=315.757644 backs=41.664286
t= 2720.00 +5.96e-14 | 0.0251  0.08      2    0     34     37 | 1.6317  0.38 | 6.22e-16 1.71e-23 |  61.7618 1.0294  0.1435  6.5486 0.042  0.08 | edge_dev mean=2.1993 max=12.2628 gg=0.0527 shape_dev=1.7862 xbar=0.5147
# CONVTAG t=2720.00 rough=3.668550 cond=279.293925 evap=315.757644 backs=41.664286
# QATOM t=2722.88 dir=DF w=1.5293233 e=0.279909267379 i=32 Em=1.8672
t= 2724.00 +5.96e-14 | 0.0251  0.08      2    0     34     37 | 1.6317  0.38 | 6.22e-16 1.05e-26 |  61.6787 1.0280  0.1336  6.5352 0.042  0.08 | edge_dev mean=2.1993 max=12.2628 gg=0.0624 shape_dev=1.7862 xbar=0.5140
# CONVTAG t=2724.00 rough=3.668550 cond=279.465078 evap=316.037554 backs=41.700796
t= 2728.00 +5.96e-14 | 0.0251  0.08      2    0     34     37 | 1.6317  0.38 | 6.22e-16 2.26e-25 |  61.6787 1.0280  0.1336  6.5352 0.042  0.08 | edge_dev mean=2.1993 max=12.2628 gg=0.0553 shape_dev=1.7862 xbar=0.5140
# CONVTAG t=2728.00 rough=3.668550 cond=279.465078 evap=316.037554 backs=41.700796
t= 2732.00 +5.96e-14 | 0.0251  0.08      2    0     34     37 | 1.6317  0.38 | 6.22e-16 3.35e-24 |  61.7806 1.0297  0.1397  6.5345 0.042  0.08 | edge_dev mean=2.1993 max=12.2628 gg=0.1065 shape_dev=1.7862 xbar=0.5148
# CONVTAG t=2732.00 rough=3.668550 cond=279.793246 evap=316.313080 backs=41.736734
# QATOM t=2732.58 dir=DF w=1.54938519 e=0.283581159334 i=22 Em=1.8161
t= 2736.00 +5.95e-14 | 0.0252  0.08      2    0     34     37 | 1.6317  0.38 | 6.22e-16 3.56e-23 |  60.8227 1.0137  0.1257  6.5614 0.042  0.08 | edge_dev mean=2.1993 max=12.2628 gg=0.0752 shape_dev=1.7862 xbar=0.5069
# CONVTAG t=2736.00 rough=3.668550 cond=279.955828 evap=317.457984 backs=41.886070
# QATOM t=2736.44 dir=FD w=0.994832689 e=0.182082420919 i=37 Em=1.3720
t= 2740.00 +5.95e-14 | 0.0252  0.12      3    0     34     37 | 1.6247  0.68 | 2.96e-06 2.29e-10 |  60.6777 1.0113  0.1590  6.5613 0.042  0.12 | edge_dev mean=2.1993 max=12.2628 gg=0.0464 shape_dev=1.7862 xbar=0.5056
# CONVTAG t=2740.00 rough=3.668550 cond=280.137910 evap=317.812380 backs=41.932295
# QATOM t=2741.30 dir=FD w=0.950684702 e=0.174002095119 i=22 Em=1.5325
t= 2744.00 +5.96e-14 | 0.0252  0.17      4    0     34     37 | 1.6176  0.97 | 1.61e-07 1.92e-21 |  60.6899 1.0115  0.1912  6.5671 0.042  0.17 | edge_dev mean=2.1994 max=12.2628 gg=0.0255 shape_dev=1.7861 xbar=0.5057
# CONVTAG t=2744.00 rough=3.668550 cond=280.665910 evap=318.407340 backs=42.009899
t= 2748.00 +5.98e-14 | 0.0251  0.12      3    0     34     37 | 1.6199  1.08 | 4.59e-11 1.08e-20 |  61.2131 1.0202  0.1558  6.5545 0.042  0.12 | edge_dev mean=2.1994 max=12.2628 gg=0.0670 shape_dev=1.7861 xbar=0.5101
# CONVTAG t=2748.00 rough=3.668550 cond=281.120860 evap=318.407340 backs=42.009899
# QATOM t=2750.24 dir=FD w=0.918821296 e=0.168170193763 i=1 Em=1.6579
t= 2752.00 +5.99e-14 | 0.0251  0.12      3    0     34     37 | 1.6199  1.08 | 1.30e-14 5.42e-19 |  61.6985 1.0283  0.1636  6.5502 0.042  0.12 | edge_dev mean=2.1994 max=12.2628 gg=0.0790 shape_dev=1.7861 xbar=0.5142
# CONVTAG t=2752.00 rough=3.668550 cond=281.791227 evap=318.692866 backs=42.047141
t= 2756.00 +5.99e-14 | 0.0251  0.12      3    0     34     37 | 1.6199  1.08 | 6.22e-16 1.64e-17 |  62.0820 1.0347  0.1612  6.5447 0.042  0.12 | edge_dev mean=2.1994 max=12.2628 gg=0.0620 shape_dev=1.7861 xbar=0.5174
# CONVTAG t=2756.00 rough=3.668550 cond=282.124720 evap=318.692866 backs=42.047141
# QATOM t=2758.24 dir=DF w=1.90160042 e=0.348046473503 i=36 Em=1.0938
t= 2760.00 +6.00e-14 | 0.0251  0.17      4    0     34     37 | 1.6158  1.03 | 4.40e-07 1.32e-16 |  61.3732 1.0229  0.0964  6.5341 0.042  0.17 | edge_dev mean=2.1994 max=12.2628 gg=0.0851 shape_dev=1.7861 xbar=0.5114
# CONVTAG t=2760.00 rough=3.668550 cond=282.293956 evap=319.596335 backs=42.164985
# QATOM t=2762.26 dir=DF w=1.66354523 e=0.304475663425 i=18 Em=1.5483
t= 2764.00 +6.02e-14 | 0.0251  0.12      3    0     34     37 | 1.6199  1.08 | 6.21e-16 3.25e-16 |  61.2604 1.0210  0.1466  6.5038 0.042  0.12 | edge_dev mean=2.1994 max=12.2628 gg=0.0913 shape_dev=1.7861 xbar=0.5105
# CONVTAG t=2764.00 rough=3.668550 cond=282.460660 evap=319.900811 backs=42.204699
t= 2768.00 +6.00e-14 | 0.0251  0.12      3    0     34     37 | 1.6236  0.78 | 5.70e-08 2.20e-16 |  61.3573 1.0226  0.1374  6.5052 0.042  0.12 | edge_dev mean=2.1993 max=12.2628 gg=0.0798 shape_dev=1.7859 xbar=0.5113
# CONVTAG t=2768.00 rough=3.668550 cond=282.813636 evap=320.209796 backs=42.245002
# QATOM t=2768.92 dir=FD w=0.900831867 e=0.164877621291 i=22 Em=1.7326
t= 2772.00 +6.03e-14 | 0.0251  0.12      3    0     34     37 | 1.6236  0.78 | 1.62e-11 4.78e-17 |  61.1168 1.0186  0.1229  6.5460 0.042  0.12 | edge_dev mean=2.1993 max=12.2628 gg=0.1295 shape_dev=1.7859 xbar=0.5093
# CONVTAG t=2772.00 rough=3.668550 cond=283.343254 evap=321.059379 backs=42.355817
# QATOM t=2772.16 dir=DF w=1.52455949 e=0.279037356279 i=33 Em=1.8796
t= 2776.00 +6.04e-14 | 0.0252  0.12      3    0     34     37 | 1.6236  0.78 | 4.66e-15 3.12e-17 |  60.5419 1.0090  0.1123  6.5594 0.042  0.12 | edge_dev mean=2.1993 max=12.2628 gg=0.0802 shape_dev=1.7859 xbar=0.5045
# CONVTAG t=2776.00 rough=3.668550 cond=283.343254 evap=321.634323 backs=42.430809
t= 2780.00 +6.03e-14 | 0.0252  0.08      2    0     34     37 | 1.6317  0.38 | 5.92e-16 5.97e-17 |  60.9153 1.0153  0.1278  6.5512 0.042  0.08 | edge_dev mean=2.1993 max=12.2628 gg=0.0575 shape_dev=1.7859 xbar=0.5076
# CONVTAG t=2780.00 rough=3.668550 cond=283.910409 evap=321.913153 backs=42.467179
# QATOM t=2780.64 dir=DF w=1.64858918 e=0.301738284614 i=37 Em=1.5814
t= 2784.00 +6.03e-14 | 0.0252  0.12      3    0     34     37 | 1.6008  2.01 | 5.90e-05 3.56e-03 |  60.2702 1.0045  0.1539  6.5475 0.042  0.12 | edge_dev mean=2.2007 max=12.2693 gg=0.0547 shape_dev=1.7611 xbar=0.5022
# CONVTAG t=2784.00 rough=3.668550 cond=283.910409 evap=322.558212 backs=42.551317
# QATOM t=2786.64 dir=FD w=0.908465764 e=0.166274839468 i=32 Em=1.7005
# QATOM t=2787.90 dir=DF w=1.73768253 e=0.318044878889 i=16 Em=1.3935
t= 2788.00 +6.04e-14 | 0.0252  0.12      3    0     34     37 | 1.6215  0.47 | 5.87e-05 2.04e-05 |  60.9175 1.0153  0.2167  6.5263 0.042  0.12 | edge_dev mean=2.1994 max=12.2628 gg=0.0872 shape_dev=1.7830 xbar=0.5076
# CONVTAG t=2788.00 rough=3.668550 cond=285.234648 evap=323.433840 backs=42.665529
# QATOM t=2791.10 dir=FD w=1.07035505 e=0.195905141411 i=15 Em=1.1282
t= 2792.00 +6.10e-14 | 0.0251  0.17      4    0     34     37 | 1.6194  0.64 | 2.54e-05 1.61e-06 |  61.0928 1.0182  0.1671  6.5046 0.042  0.17 | edge_dev mean=2.1993 max=12.2628 gg=0.0676 shape_dev=1.7838 xbar=0.5091
# CONVTAG t=2792.00 rough=3.668550 cond=285.934526 evap=324.063326 backs=42.747636
t= 2796.00 +6.14e-14 | 0.0251  0.17      4    0     34     37 | 1.6197  0.63 | 1.35e-08 5.80e-09 |  61.3219 1.0220  0.1452  6.5101 0.042  0.17 | edge_dev mean=2.1992 max=12.2628 gg=0.0757 shape_dev=1.7838 xbar=0.5110
# CONVTAG t=2796.00 rough=3.668550 cond=286.133715 evap=324.063326 backs=42.747636
# QATOM t=2798.12 dir=DF w=1.74131384 e=0.318709509969 i=11 Em=1.3863
t= 2800.00 +6.16e-14 | 0.0251  0.17      4    0     34     37 | 1.6176  0.84 | 2.21e-06 2.28e-07 |  61.4374 1.0240  0.1562  6.5045 0.042  0.17 | edge_dev mean=2.1991 max=12.2628 gg=0.0866 shape_dev=1.7836 xbar=0.5120
# CONVTAG t=2800.00 rough=3.668550 cond=286.511278 evap=324.382036 backs=42.789207
t= 2804.00 +6.18e-14 | 0.0251  0.17      4    0     34     37 | 1.6176  0.84 | 4.97e-11 2.83e-11 |  61.4374 1.0240  0.1562  6.5045 0.042  0.17 | edge_dev mean=2.1991 max=12.2628 gg=0.1190 shape_dev=1.7836 xbar=0.5120
# CONVTAG t=2804.00 rough=3.668550 cond=286.511278 evap=324.382036 backs=42.789207
t= 2808.00 +6.19e-14 | 0.0251  0.12      3    0     34     37 | 1.6249  0.35 | 8.56e-16 6.65e-16 |  62.0021 1.0334  0.1591  6.4805 0.042  0.12 | edge_dev mean=2.1991 max=12.2628 gg=0.1148 shape_dev=1.7836 xbar=0.5167
# CONVTAG t=2808.00 rough=3.668550 cond=287.244191 evap=324.660218 backs=42.825491
# QATOM t=2808.82 dir=FD w=0.847418999 e=0.155101561035 i=35 Em=1.9731
t= 2812.00 +6.22e-14 | 0.0251  0.08      2    0     34     37 | 1.6285  0.19 | 2.89e-16 6.65e-16 |  62.1481 1.0358  0.1571  6.4959 0.042  0.08 | edge_dev mean=2.1991 max=12.2628 gg=0.0777 shape_dev=1.7836 xbar=0.5179
# CONVTAG t=2812.00 rough=3.668550 cond=287.608199 evap=324.932821 backs=42.861048
# QATOM t=2814.74 dir=FD w=0.929836791 e=0.170186339726 i=32 Em=1.6136
t= 2816.00 +6.23e-14 | 0.0251  0.33      8    0     34     37 | 1.6118  0.78 | 5.12e-05 2.84e-05 |  61.3499 1.0225  0.0864  6.5010 0.083  0.33 | edge_dev mean=2.1997 max=12.2628 gg=0.0994 shape_dev=1.7818 xbar=0.5112
# CONVTAG t=2816.00 rough=3.668550 cond=287.950695 evap=326.124800 backs=43.016524
# QATOM t=2818.04 dir=FD w=0.885893674 e=0.162143510952 i=33 Em=1.7969
t= 2820.00 +6.26e-14 | 0.0251  0.33      8    0     34     37 | 1.6128  0.75 | 1.03e-06 8.68e-07 |  61.1880 1.0198  0.1249  6.5073 0.083  0.33 | edge_dev mean=2.1997 max=12.2635 gg=0.1040 shape_dev=1.7814 xbar=0.5099
# CONVTAG t=2820.00 rough=3.668550 cond=288.305254 evap=326.694459 backs=43.090827
# QATOM t=2821.50 dir=DF w=1.83531794 e=0.335914911189 i=28 Em=1.2085
t= 2824.00 +6.26e-14 | 0.0251  0.12      3    0     34     37 | 1.6171  1.01 | 8.61e-12 3.34e-12 |  61.3138 1.0219  0.1642  6.4898 0.042  0.12 | edge_dev mean=2.1997 max=12.2635 gg=0.0972 shape_dev=1.7814 xbar=0.5109
# CONVTAG t=2824.00 rough=3.668550 cond=288.706697 evap=327.030374 backs=43.134642
# QATOM t=2826.74 dir=DF w=1.79077543 e=0.327762375692 i=0 Em=1.5049
t= 2828.00 +6.28e-14 | 0.0251  0.21      5    0     34     37 | 1.6132  0.95 | 2.74e-05 5.17e-06 |  61.1637 1.0194  0.1958  6.5033 0.042  0.21 | edge_dev mean=2.1997 max=12.2635 gg=0.0850 shape_dev=1.7812 xbar=0.5097
# CONVTAG t=2828.00 rough=3.668550 cond=289.390502 evap=327.966857 backs=43.256792
t= 2832.00 +6.32e-14 | 0.0251  0.21      5    0     34     37 | 1.6135  0.96 | 1.11e-08 1.06e-10 |  61.1637 1.0194  0.1958  6.5033 0.042  0.21 | edge_dev mean=2.1996 max=12.2635 gg=0.0484 shape_dev=1.7811 xbar=0.5097
# CONVTAG t=2832.00 rough=3.668550 cond=289.390502 evap=327.966857 backs=43.256792
# QATOM t=2833.16 dir=FD w=1.04834187 e=0.383752216737 i=14 Em=1.1956
# QATOM t=2835.76 dir=FD w=1.16300461 e=0.212862623068 i=28 Em=0.8724
t= 2836.00 +6.35e-14 | 0.0251  0.12      3    0     34     37 | 1.6171  1.01 | 1.16e-15 1.17e-16 |  61.0117 1.0169  0.1909  6.5053 0.042  0.12 | edge_dev mean=2.1996 max=12.2635 gg=0.0550 shape_dev=1.7811 xbar=0.5084
# CONVTAG t=2836.00 rough=3.668550 cond=290.319721 evap=329.187451 backs=43.416000
t= 2840.00 +6.35e-14 | 0.0252  0.12      3    0     34     37 | 1.6171  1.01 | 1.16e-15 6.56e-17 |  60.9362 1.0156  0.1892  6.5157 0.042  0.12 | edge_dev mean=2.1996 max=12.2635 gg=0.1081 shape_dev=1.7811 xbar=0.5078
# CONVTAG t=2840.00 rough=3.668550 cond=290.486088 evap=329.454241 backs=43.450799
# QATOM t=2841.72 dir=FD w=0.912415457 e=0.166997744708 i=1 Em=1.6841
t= 2844.00 +6.35e-14 | 0.0251  0.08      2    0     34     37 | 1.6285  0.19 | 6.05e-16 3.39e-17 |  61.2191 1.0203  0.1888  6.5080 0.042  0.08 | edge_dev mean=2.1996 max=12.2635 gg=0.0621 shape_dev=1.7811 xbar=0.5102
# CONVTAG t=2844.00 rough=3.668550 cond=291.230218 evap=330.027112 backs=43.525521
t= 2848.00 +6.36e-14 | 0.0251  0.08      2    0     34     37 | 1.6285  0.19 | 6.14e-16 1.49e-17 |  61.0770 1.0179  0.2275  6.5002 0.042  0.08 | edge_dev mean=2.1996 max=12.2635 gg=0.1032 shape_dev=1.7811 xbar=0.5090
# CONVTAG t=2848.00 rough=3.668550 cond=291.392455 evap=330.355804 backs=43.568394
# QATOM t=2850.56 dir=FD w=0.964986353 e=0.176619700338 i=25 Em=1.4789
t= 2852.00 +6.36e-14 | 0.0251  0.17      4    0     34     37 | 1.6139  0.93 | 1.68e-05 1.08e-05 |  61.5901 1.0265  0.2188  6.5010 0.062  0.17 | edge_dev mean=2.1996 max=12.2635 gg=0.1136 shape_dev=1.7805 xbar=0.5133
# CONVTAG t=2852.00 rough=3.668550 cond=292.109591 evap=330.667404 backs=43.609037
# QATOM t=2852.26 dir=DF w=1.80634606 e=0.330612240455 i=30 Em=1.2613
t= 2856.00 +6.37e-14 | 0.0251  0.12      3    0     34     37 | 1.6176  0.97 | 2.52e-11 8.64e-12 |  61.3810 1.0230  0.1776  6.4790 0.042  0.12 | edge_dev mean=2.1996 max=12.2635 gg=0.0819 shape_dev=1.7805 xbar=0.5115
# CONVTAG t=2856.00 rough=3.668550 cond=292.457269 evap=331.276338 backs=43.688464
# QATOM t=2857.10 dir=DF w=1.48641461 e=0.272055767143 i=35 Em=2.1593
t= 2860.00 +6.39e-14 | 0.0251  0.08      2    0     34     37 | 1.6285  0.19 | 6.21e-16 7.19e-19 |  61.9643 1.0327  0.1848  6.4861 0.042  0.08 | edge_dev mean=2.1996 max=12.2635 gg=0.0339 shape_dev=1.7805 xbar=0.5164
# CONVTAG t=2860.00 rough=3.668550 cond=293.201119 evap=331.548394 backs=43.723949
# QATOM t=2861.26 dir=DF w=1.45854626 e=0.266955074614 i=1 Em=2.0589
t= 2864.00 +6.40e-14 | 0.0252  0.17      4    0     35     37 | 1.6325  0.28 | 6.67e-07 1.15e-12 |  60.9761 1.0163  0.2154  6.4594 0.083  0.17 | edge_dev mean=2.1993 max=12.2635 gg=0.0315 shape_dev=1.7801 xbar=0.5081
# CONVTAG t=2864.00 rough=3.668550 cond=293.366658 evap=332.727019 backs=43.877683
# QATOM t=2864.58 dir=DF w=1.70185267 e=0.311487004494 i=38 Em=1.4667
t= 2868.00 +6.41e-14 | 0.0252  0.25      6    0     35     37 | 1.6341  0.29 | 1.87e-05 1.15e-09 |  60.2301 1.0038  0.2579  6.4599 0.083  0.25 | edge_dev mean=2.1991 max=12.2635 gg=0.0465 shape_dev=1.7794 xbar=0.5019
# CONVTAG t=2868.00 rough=3.668550 cond=293.560000 evap=333.695347 backs=44.003986
# QATOM t=2870.00 dir=FD w=0.902460711 e=0.165175745535 i=32 Em=1.7257
t= 2872.00 +6.44e-14 | 0.0252  0.25      6    0     35     37 | 1.6344  0.30 | 1.18e-07 2.83e-09 |  60.3463 1.0058  0.2552  6.4627 0.083  0.25 | edge_dev mean=2.1992 max=12.2635 gg=0.0380 shape_dev=1.7792 xbar=0.5029
# CONVTAG t=2872.00 rough=3.668550 cond=293.912275 evap=333.984260 backs=44.041671
# QATOM t=2873.28 dir=FD w=0.930374713 e=0.170284794608 i=33 Em=1.6114
t= 2876.00 +6.44e-14 | 0.0251  0.21      5    0     35     37 | 1.6292  0.48 | 1.64e-07 2.41e-09 |  61.0944 1.0182  0.2248  6.4880 0.083  0.21 | edge_dev mean=2.1991 max=12.2635 gg=0.0399 shape_dev=1.7791 xbar=0.5091
# CONVTAG t=2876.00 rough=3.668550 cond=294.855042 evap=334.320338 backs=44.085507
t= 2880.00 +6.45e-14 | 0.0251  0.21      5    0     35     37 | 1.6292  0.48 | 6.53e-11 2.42e-11 |  61.1868 1.0198  0.2324  6.4669 0.083  0.21 | edge_dev mean=2.1991 max=12.2635 gg=0.0625 shape_dev=1.7791 xbar=0.5099
# CONVTAG t=2880.00 rough=3.668550 cond=295.175850 evap=334.596857 backs=44.121575
# QATOM t=2880.40 dir=FD w=0.929030846 e=0.170038829066 i=46 Em=1.6168
t= 2884.00 +6.47e-14 | 0.0251  0.21      5    0     35     37 | 1.6292  0.48 | 1.23e-13 7.68e-14 |  61.6058 1.0268  0.2331  6.4567 0.083  0.21 | edge_dev mean=2.1991 max=12.2635 gg=0.0607 shape_dev=1.7791 xbar=0.5134
# CONVTAG t=2884.00 rough=3.668550 cond=295.540160 evap=334.596857 backs=44.121575
t= 2888.00 +6.49e-14 | 0.0251  0.25      6    0     35     37 | 1.6232  0.93 | 1.97e-08 6.07e-17 |  61.0332 1.0172  0.2358  6.4797 0.083  0.25 | edge_dev mean=2.1990 max=12.2635 gg=0.0519 shape_dev=1.7790 xbar=0.5086
# CONVTAG t=2888.00 rough=3.668550 cond=295.540160 evap=335.169443 backs=44.196260
t= 2892.00 +6.53e-14 | 0.0251  0.21      5    0     35     38 | 1.6246  1.00 | 5.62e-12 1.21e-16 |  60.9895 1.0165  0.2405  6.5073 0.083  0.21 | edge_dev mean=2.1990 max=12.2635 gg=0.0501 shape_dev=1.7790 xbar=0.5082
# CONVTAG t=2892.00 rough=3.668550 cond=295.738849 evap=335.441672 backs=44.231768
# QATOM t=2892.06 dir=DF w=1.55289798 e=0.284224097689 i=33 Em=1.8072
# QATOM t=2895.66 dir=FD w=0.884474204 e=0.16188370787 i=35 Em=1.8032
t= 2896.00 +6.56e-14 | 0.0252  0.33      8    0     35     38 | 1.6191  0.93 | 1.13e-06 3.25e-09 |  59.8132 0.9969  0.2198  6.5316 0.083  0.33 | edge_dev mean=2.1988 max=12.2635 gg=0.0568 shape_dev=1.7784 xbar=0.4984
# CONVTAG t=2896.00 rough=3.668550 cond=296.056503 evap=336.983242 backs=44.432842
t= 2900.00 +6.56e-14 | 0.0252  0.21      5    0     35     38 | 1.6246  1.00 | 6.22e-16 1.76e-16 |  60.7343 1.0122  0.2167  6.5134 0.083  0.21 | edge_dev mean=2.1988 max=12.2635 gg=0.0662 shape_dev=1.7784 xbar=0.5061
# CONVTAG t=2900.00 rough=3.668550 cond=296.857502 evap=336.983242 backs=44.432842
# QATOM t=2900.00 dir=FD w=1.17454475 e=0.214974793818 i=23 Em=0.8433
t= 2904.00 +6.59e-14 | 0.0251  0.17      4    0     35     38 | 1.6325  0.28 | 6.22e-16 1.16e-16 |  61.3866 1.0231  0.2205  6.4938 0.083  0.17 | edge_dev mean=2.1988 max=12.2635 gg=0.0513 shape_dev=1.7784 xbar=0.5116
# CONVTAG t=2904.00 rough=3.668550 cond=297.424662 evap=336.983242 backs=44.432842
# QATOM t=2905.48 dir=DF w=1.48347087 e=0.271516979568 i=35 Em=2.1670
t= 2908.00 +6.60e-14 | 0.0251  0.17      4    0     35     38 | 1.6325  0.28 | 6.22e-16 6.23e-17 |  61.1993 1.0200  0.2118  6.5025 0.083  0.17 | edge_dev mean=2.1988 max=12.2635 gg=0.0538 shape_dev=1.7784 xbar=0.5100
# CONVTAG t=2908.00 rough=3.668550 cond=297.760373 evap=337.556530 backs=44.507619
t= 2912.00 +6.60e-14 | 0.0251  0.17      4    0     35     38 | 1.6325  0.28 | 6.22e-16 2.04e-17 |  61.0989 1.0183  0.2591  6.5169 0.083  0.17 | edge_dev mean=2.1988 max=12.2635 gg=0.0577 shape_dev=1.7784 xbar=0.5092
# CONVTAG t=2912.00 rough=3.668550 cond=297.919880 evap=337.840384 backs=44.544644
# QATOM t=2912.62 dir=FD w=1.07316802 e=0.196419993789 i=40 Em=1.1198
t= 2916.00 +6.61e-14 | 0.0252  0.21      5    0     35     38 | 1.6263  0.79 | 2.51e-07 4.94e-18 |  60.9142 1.0152  0.2433  6.5262 0.083  0.21 | edge_dev mean=2.1989 max=12.2635 gg=0.0501 shape_dev=1.7782 xbar=0.5076
# CONVTAG t=2916.00 rough=3.668550 cond=298.303406 evap=338.466199 backs=44.626272
t= 2920.00 +6.63e-14 | 0.0252  0.25      6    0     35     38 | 1.6214  1.00 | 1.00e-05 7.62e-19 |  60.8192 1.0137  0.2394  6.5342 0.083  0.25 | edge_dev mean=2.1988 max=12.2635 gg=0.0755 shape_dev=1.7781 xbar=0.5068
# CONVTAG t=2920.00 rough=3.668550 cond=298.477602 evap=338.761515 backs=44.664791
# QATOM t=2921.56 dir=DF w=1.46364507 e=0.26788829955 i=31 Em=2.0445
t= 2924.00 +6.63e-14 | 0.0252  0.25      6    0     35     38 | 1.6234  1.05 | 5.15e-05 6.58e-20 |  60.6045 1.0101  0.1933  6.5183 0.083  0.25 | edge_dev mean=2.1986 max=12.2635 gg=0.0721 shape_dev=1.7777 xbar=0.5050
# CONVTAG t=2924.00 rough=3.668550 cond=298.838393 evap=339.391123 backs=44.746914
# QATOM t=2925.96 dir=DF w=1.54248787 e=0.282318755419 i=32 Em=1.8335
t= 2928.00 +6.63e-14 | 0.0252  0.25      6    0     35     38 | 1.6238  1.08 | 1.47e-08 2.71e-19 |  60.5040 1.0084  0.2017  6.5046 0.083  0.25 | edge_dev mean=2.1985 max=12.2635 gg=0.0471 shape_dev=1.7776 xbar=0.5042
# CONVTAG t=2928.00 rough=3.668550 cond=298.996521 evap=339.673442 backs=44.783738
# QATOM t=2929.90 dir=DF w=1.69434375 e=0.310112659827 i=47 Em=1.4825
t= 2932.00 +6.64e-14 | 0.0252  0.29      7    0     35     38 | 1.6267  0.70 | 1.84e-07 2.21e-08 |  60.3569 1.0059  0.2152  6.5009 0.083  0.29 | edge_dev mean=2.1985 max=12.2657 gg=0.0785 shape_dev=1.7773 xbar=0.5030
# CONVTAG t=2932.00 rough=3.668550 cond=299.707694 evap=340.638398 backs=44.909602
# QATOM t=2934.72 dir=DF w=1.45209934 e=0.265775105931 i=35 Em=2.0773
t= 2936.00 +6.64e-14 | 0.0252  0.33      8    0     35     38 | 1.6221  0.96 | 4.24e-05 2.37e-05 |  60.5836 1.0097  0.2806  6.5310 0.083  0.33 | edge_dev mean=2.1985 max=12.2658 gg=0.0903 shape_dev=1.7770 xbar=0.5049
# CONVTAG t=2936.00 rough=3.668550 cond=300.657028 evap=341.503384 backs=45.022426
# QATOM t=2937.44 dir=DF w=1.76192427 e=0.322481799582 i=40 Em=1.3457
t= 2940.00 +6.65e-14 | 0.0252  0.29      7    0     35     38 | 1.6265  0.75 | 2.14e-07 5.73e-08 |  60.4287 1.0071  0.2274  6.5081 0.083  0.29 | edge_dev mean=2.1984 max=12.2658 gg=0.0488 shape_dev=1.7766 xbar=0.5036
# CONVTAG t=2940.00 rough=3.668550 cond=301.043242 evap=342.102520 backs=45.100574
# QATOM t=2943.20 dir=DF w=1.64155921 e=0.300451602088 i=18 Em=1.5969
t= 2944.00 +6.65e-14 | 0.0251  0.17      4    0     35     38 | 1.6320  0.33 | 5.58e-13 2.07e-28 |  61.0999 1.0183  0.2630  6.4628 0.083  0.17 | edge_dev mean=2.1984 max=12.2658 gg=0.0663 shape_dev=1.7766 xbar=0.5092
# CONVTAG t=2944.00 rough=3.668550 cond=301.888187 evap=342.402972 backs=45.139764
# QATOM t=2945.30 dir=FD w=1.10349742 e=0.201971129768 i=15 Em=1.0318
t= 2948.00 +6.64e-14 | 0.0251  0.12      3    0     35     38 | 1.6449  0.39 | 2.04e-05 8.92e-05 |  61.1408 1.0190  0.2351  6.4520 0.083  0.12 | edge_dev mean=2.1981 max=12.2658 gg=0.0358 shape_dev=1.7768 xbar=0.5095
# CONVTAG t=2948.00 rough=3.668550 cond=302.472122 evap=343.033580 backs=45.222017
# QATOM t=2950.42 dir=DF w=1.49273485 e=0.273212548803 i=31 Em=2.1428
t= 2952.00 +6.63e-14 | 0.0251  0.08      2    0     35     38 | 1.6439  0.30 | 1.02e-06 9.60e-07 |  61.2249 1.0204  0.1882  6.4576 0.062  0.08 | edge_dev mean=2.1981 max=12.2658 gg=0.0343 shape_dev=1.7777 xbar=0.5102
# CONVTAG t=2952.00 rough=3.668550 cond=303.030885 evap=343.592035 backs=45.294859
# QATOM t=2954.10 dir=DF w=1.58486236 e=0.290074480463 i=46 Em=1.9186
t= 2956.00 +6.61e-14 | 0.0251  0.00      0    0     35     38 | 0.0000  0.00 | 0.00e+00 0.00e+00 |  61.2975 1.0216  0.1604  6.4838 0.021  0.00 | edge_dev mean=2.1981 max=12.2658 gg=0.0854 shape_dev=1.7778 xbar=0.5108
# CONVTAG t=2956.00 rough=3.668550 cond=303.581868 evap=344.153097 backs=45.368041
t= 2960.00 +6.60e-14 | 0.0251  0.00      0    0     35     38 | 0.0000  0.00 | 0.00e+00 0.00e+00 |  61.2975 1.0216  0.1604  6.4838 0.021  0.00 | edge_dev mean=2.1981 max=12.2658 gg=0.0495 shape_dev=1.7778 xbar=0.5108
# CONVTAG t=2960.00 rough=3.668550 cond=303.581868 evap=344.153097 backs=45.368041
# QATOM t=2963.16 dir=FD w=0.902317984 e=0.165149622525 i=35 Em=1.7263
t= 2964.00 +6.59e-14 | 0.0251  0.00      0    0     35     38 | 0.0000  0.00 | 0.00e+00 0.00e+00 |  61.5933 1.0266  0.1815  6.4730 0.021  0.00 | edge_dev mean=2.1981 max=12.2658 gg=0.0556 shape_dev=1.7778 xbar=0.5133
# CONVTAG t=2964.00 rough=3.668550 cond=304.089940 evap=344.441546 backs=45.405665
t= 2968.00 +6.57e-14 | 0.0251  0.00      0    0     35     38 | 0.0000  0.00 | 0.00e+00 0.00e+00 |  61.6824 1.0280  0.1997  6.4725 0.021  0.00 | edge_dev mean=2.1981 max=12.2658 gg=0.0388 shape_dev=1.7778 xbar=0.5140
# CONVTAG t=2968.00 rough=3.668550 cond=304.451265 evap=344.767963 backs=45.448241
# QATOM t=2969.48 dir=DF w=1.52840049 e=0.279740367405 i=31 Em=2.0526
t= 2972.00 +6.56e-14 | 0.0251  0.00      0    0     35     38 | 0.0000  0.00 | 0.00e+00 0.00e+00 |  61.5857 1.0264  0.1868  6.4681 0.021  0.00 | edge_dev mean=2.1981 max=12.2658 gg=0.0519 shape_dev=1.7778 xbar=0.5132
# CONVTAG t=2972.00 rough=3.668550 cond=304.610428 evap=345.047703 backs=45.484729
t= 2976.00 +6.55e-14 | 0.0251  0.00      0    0     35     38 | 0.0000  0.00 | 0.00e+00 0.00e+00 |  61.5396 1.0257  0.1582  6.4748 0.021  0.00 | edge_dev mean=2.1981 max=12.2658 gg=0.0939 shape_dev=1.7778 xbar=0.5128
# CONVTAG t=2976.00 rough=3.668550 cond=304.815951 evap=345.330165 backs=45.521571
t= 2980.00 +6.52e-14 | 0.0251  0.00      0    0     35     38 | 0.0000  0.00 | 0.00e+00 0.00e+00 |  61.5396 1.0257  0.1582  6.4748 0.021  0.00 | edge_dev mean=2.1981 max=12.2658 gg=0.0626 shape_dev=1.7778 xbar=0.5128
# CONVTAG t=2980.00 rough=3.668550 cond=304.815951 evap=345.330165 backs=45.521571
# QATOM t=2980.98 dir=FD w=0.926092468 e=0.169501023109 i=46 Em=1.6285
t= 2984.00 +6.51e-14 | 0.0251  0.12      3    0     35     38 | 1.6010  0.22 | 1.33e-04 6.33e-09 |  61.2963 1.0216  0.1356  6.4951 0.062  0.12 | edge_dev mean=2.1981 max=12.2658 gg=0.0392 shape_dev=1.7774 xbar=0.5108
# CONVTAG t=2984.00 rough=3.668550 cond=305.153952 evap=345.962185 backs=45.604009
# QATOM t=2987.78 dir=FD w=0.984971691 e=0.360555160922 i=37 Em=1.4066
t= 2988.00 +6.51e-14 | 0.0252  0.12      3    0     35     38 | 1.5992  0.34 | 1.60e-06 1.21e-07 |  60.7652 1.0128  0.1062  6.4818 0.083  0.12 | edge_dev mean=2.1980 max=12.2658 gg=0.0592 shape_dev=1.7769 xbar=0.5064
# CONVTAG t=2988.00 rough=3.668550 cond=305.514507 evap=346.907887 backs=45.727361
t= 2992.00 +6.49e-14 | 0.0251  0.04      1    0     35     38 | 1.5917  0.00 | 1.48e-08 1.62e-12 |  61.5855 1.0264  0.1266  6.4727 0.042  0.04 | edge_dev mean=2.1980 max=12.2658 gg=0.0745 shape_dev=1.7769 xbar=0.5132
# CONVTAG t=2992.00 rough=3.668550 cond=306.227772 evap=346.907887 backs=45.727361
# QATOM t=2992.12 dir=FD w=0.85947069 e=0.157307360028 i=35 Em=1.9162
# QATOM t=2995.78 dir=DF w=1.86515421 e=0.341375789757 i=19 Em=1.1557
t= 2996.00 +6.48e-14 | 0.0251  0.04      1    0     35     38 | 1.5917  0.00 | 4.22e-12 8.17e-16 |  61.2406 1.0207  0.2162  6.4820 0.042  0.04 | edge_dev mean=2.1980 max=12.2658 gg=0.0549 shape_dev=1.7769 xbar=0.5103
# CONVTAG t=2996.00 rough=3.668550 cond=306.757489 evap=347.861949 backs=45.851804
# QATOM t=2997.86 dir=FD w=0.850054582 e=0.155583946956 i=31 Em=1.9605
t= 3000.00 +6.47e-14 | 0.0252  0.08      2    0     35     38 | 1.5962  0.28 | 5.86e-07 4.07e-19 |  60.1394 1.0023  0.1451  6.5036 0.042  0.08 | edge_dev mean=2.1980 max=12.2658 gg=0.0481 shape_dev=1.7768 xbar=0.5012
# CONVTAG t=3000.00 rough=3.668550 cond=307.312750 evap=349.601730 backs=46.078732
# QATOM t=3001.56 dir=FD w=1.14218674 e=0.209052365446 i=36 Em=0.9262
t= 3004.00 +6.47e-14 | 0.0252  0.08      2    0     35     38 | 1.5962  0.28 | 1.67e-10 2.54e-19 |  60.8792 1.0147  0.0990  6.5188 0.042  0.08 | edge_dev mean=2.1980 max=12.2658 gg=0.0395 shape_dev=1.7768 xbar=0.5073
# CONVTAG t=3004.00 rough=3.668550 cond=307.956027 evap=349.601730 backs=46.078732
# QATOM t=3006.34 dir=DF w=1.98314112 e=0.362970719608 i=8 Em=0.9632
t= 3008.00 +6.47e-14 | 0.0252  0.12      3    0     35     38 | 1.6115  1.36 | 4.19e-06 4.48e-19 |  60.8935 1.0149  0.1265  6.5020 0.042  0.12 | edge_dev mean=2.1980 max=12.2658 gg=0.0840 shape_dev=1.7766 xbar=0.5074
# CONVTAG t=3008.00 rough=3.668550 cond=308.537680 evap=350.256245 backs=46.164104
# QATOM t=3010.96 dir=FD w=0.880512017 e=0.161158515957 i=35 Em=1.8206
t= 3012.00 +6.48e-14 | 0.0252  0.12      3    0     35     38 | 1.6115  1.37 | 1.19e-09 5.45e-16 |  60.3789 1.0063  0.1279  6.4976 0.042  0.12 | edge_dev mean=2.1980 max=12.2658 gg=0.0673 shape_dev=1.7766 xbar=0.5032
# CONVTAG t=3012.00 rough=3.668550 cond=308.872461 evap=351.155838 backs=46.281442
# QATOM t=3014.68 dir=FD w=0.949223186 e=0.173734596519 i=37 Em=1.5380
t= 3016.00 +6.52e-14 | 0.0252  0.17      4    0     36     38 | 1.6136  1.20 | 9.82e-07 6.39e-14 |  60.3700 1.0062  0.0951  6.4828 0.042  0.17 | edge_dev mean=2.1979 max=12.2658 gg=0.0791 shape_dev=1.7765 xbar=0.5031
# CONVTAG t=3016.00 rough=3.668550 cond=309.424080 evap=351.799108 backs=46.365347
# QATOM t=3017.72 dir=FD w=0.942786373 e=0.172556478307 i=32 Em=1.5628
t= 3020.00 +6.56e-14 | 0.0251  0.12      3    0     36     38 | 1.6041  0.74 | 2.79e-10 3.99e-16 |  61.1026 1.0184  0.1413  6.4835 0.042  0.12 | edge_dev mean=2.1979 max=12.2658 gg=0.1057 shape_dev=1.7765 xbar=0.5092
# CONVTAG t=3020.00 rough=3.668550 cond=310.333316 evap=352.112127 backs=46.406175
# QATOM t=3023.90 dir=FD w=0.945301335 e=0.173016787122 i=21 Em=1.5531
t= 3024.00 +6.61e-14 | 0.0252  0.08      2    0     36     38 | 1.6059  0.88 | 7.95e-14 2.95e-18 |  60.9598 1.0160  0.1675  6.4955 0.042  0.08 | edge_dev mean=2.1979 max=12.2658 gg=0.0543 shape_dev=1.7765 xbar=0.5080
# CONVTAG t=3024.00 rough=3.668550 cond=310.705144 evap=352.682521 backs=46.480574
t= 3028.00 +6.64e-14 | 0.0252  0.12      3    0     36     38 | 1.6193  1.37 | 3.47e-08 2.44e-13 |  60.8167 1.0136  0.1176  6.4559 0.042  0.12 | edge_dev mean=2.1980 max=12.2658 gg=0.0330 shape_dev=1.7763 xbar=0.5068
# CONVTAG t=3028.00 rough=3.668550 cond=311.095967 evap=353.275110 backs=46.557869
# QATOM t=3029.30 dir=DF w=1.57680605 e=0.288599947915 i=33 Em=1.7483
t= 3032.00 +6.67e-14 | 0.0252  0.12      3    0     36     38 | 1.6207  1.38 | 2.59e-05 1.80e-08 |  60.8592 1.0143  0.1076  6.4339 0.042  0.12 | edge_dev mean=2.1979 max=12.2658 gg=0.0343 shape_dev=1.7761 xbar=0.5072
# CONVTAG t=3032.00 rough=3.668550 cond=311.679611 evap=353.903754 backs=46.639866
# QATOM t=3035.98 dir=FD w=1.11996449 e=0.204985068074 i=42 Em=0.9860
t= 3036.00 +6.65e-14 | 0.0251  0.08      2    0     36     38 | 1.6087  1.06 | 7.58e-09 3.85e-10 |  61.3646 1.0227  0.1158  6.4577 0.042  0.08 | edge_dev mean=2.1978 max=12.2658 gg=0.0534 shape_dev=1.7760 xbar=0.5114
# CONVTAG t=3036.00 rough=3.668550 cond=312.119047 evap=353.903754 backs=46.639866
# QATOM t=3039.24 dir=FD w=0.900128391 e=0.164748865323 i=35 Em=1.7356
t= 3040.00 +6.64e-14 | 0.0251  0.04      1    0     36     38 | 1.5917  0.00 | 4.38e-16 1.44e-17 |  62.0814 1.0347  0.1803  6.4401 0.042  0.04 | edge_dev mean=2.1978 max=12.2658 gg=0.0449 shape_dev=1.7760 xbar=0.5173
# CONVTAG t=3040.00 rough=3.668550 cond=313.009901 evap=354.211428 backs=46.679997
t= 3044.00 +6.63e-14 | 0.0251  0.04      1    0     36     38 | 1.5917  0.00 | 4.41e-16 2.10e-17 |  62.0814 1.0347  0.1803  6.4401 0.042  0.04 | edge_dev mean=2.1978 max=12.2658 gg=0.0772 shape_dev=1.7760 xbar=0.5173
# CONVTAG t=3044.00 rough=3.668550 cond=313.009901 evap=354.211428 backs=46.679997
# QATOM t=3045.54 dir=FD w=0.894123557 e=0.163649811454 i=32 Em=1.7612
t= 3048.00 +6.61e-14 | 0.0250  0.04      1    0     36     38 | 1.5917  0.00 | 4.27e-16 2.85e-17 |  62.2952 1.0383  0.1707  6.4560 0.042  0.04 | edge_dev mean=2.1978 max=12.2658 gg=0.0972 shape_dev=1.7760 xbar=0.5191
# CONVTAG t=3048.00 rough=3.668550 cond=313.697452 evap=354.788274 backs=46.755238
# QATOM t=3051.66 dir=DF w=1.5752476 e=0.288314708304 i=21 Em=1.7520
t= 3052.00 +6.60e-14 | 0.0251  0.12      3    0     36     38 | 1.5990  0.33 | 4.44e-05 1.08e-05 |  61.4417 1.0240  0.1213  6.4800 0.062  0.12 | edge_dev mean=2.1978 max=12.2658 gg=0.0749 shape_dev=1.7760 xbar=0.5120
# CONVTAG t=3052.00 rough=3.668550 cond=313.697452 evap=355.641847 backs=46.866573
t= 3056.00 +6.59e-14 | 0.0252  0.17      4    0     36     38 | 1.6028  0.17 | 1.17e-06 1.06e-08 |  60.8482 1.0141  0.1110  6.4806 0.062  0.17 | edge_dev mean=2.1975 max=12.2658 gg=0.0671 shape_dev=1.7753 xbar=0.5071
# CONVTAG t=3056.00 rough=3.668550 cond=313.697452 evap=356.235332 backs=46.943985
# QATOM t=3059.44 dir=FD w=1.00190299 e=0.366752971227 i=11 Em=1.3476
t= 3060.00 +6.57e-14 | 0.0251  0.12      3    0     36     38 | 1.6022  0.17 | 1.20e-08 1.68e-11 |  61.1805 1.0197  0.1086  6.4672 0.062  0.12 | edge_dev mean=2.1975 max=12.2658 gg=0.0752 shape_dev=1.7752 xbar=0.5098
# CONVTAG t=3060.00 rough=3.668550 cond=314.232768 evap=356.518642 backs=46.980938
t= 3064.00 +6.57e-14 | 0.0251  0.04      1    0     36     38 | 1.5983  0.00 | 2.22e-12 1.05e-12 |  61.5893 1.0265  0.1325  6.4583 0.042  0.04 | edge_dev mean=2.1975 max=12.2658 gg=0.0657 shape_dev=1.7752 xbar=0.5132
# CONVTAG t=3064.00 rough=3.668550 cond=314.588294 evap=356.518642 backs=46.980938
t= 3068.00 +6.57e-14 | 0.0251  0.04      1    0     36     38 | 1.5983  0.00 | 3.75e-16 3.87e-17 |  61.7808 1.0297  0.1509  6.4673 0.042  0.04 | edge_dev mean=2.1975 max=12.2658 gg=0.0664 shape_dev=1.7752 xbar=0.5148
# CONVTAG t=3068.00 rough=3.668550 cond=314.754771 evap=356.518642 backs=46.980938
t= 3072.00 +6.57e-14 | 0.0251  0.04      1    0     36     38 | 1.5983  0.00 | 3.55e-16 5.26e-22 |  61.9744 1.0329  0.1598  6.4595 0.042  0.04 | edge_dev mean=2.1975 max=12.2658 gg=0.0929 shape_dev=1.7752 xbar=0.5165
# CONVTAG t=3072.00 rough=3.668550 cond=314.923154 evap=356.518642 backs=46.980938
# QATOM t=3072.42 dir=FD w=0.923215841 e=0.168974519386 i=46 Em=1.6401
t= 3076.00 +6.57e-14 | 0.0250  0.04      1    0     36     38 | 1.5983  0.00 | 3.55e-16 2.32e-39 |  62.2635 1.0377  0.1609  6.4685 0.042  0.04 | edge_dev mean=2.1975 max=12.2658 gg=0.1085 shape_dev=1.7752 xbar=0.5189
# CONVTAG t=3076.00 rough=3.668550 cond=315.418573 evap=356.799280 backs=47.017543
# QATOM t=3076.86 dir=DF w=1.53875434 e=0.281635412793 i=35 Em=2.0273
t= 3080.00 +6.59e-14 | 0.0251  0.04      1    0     36     38 | 1.5983  0.00 | 3.55e-16 1.90e-34 |  61.5812 1.0264  0.1669  6.4965 0.042  0.04 | edge_dev mean=2.1975 max=12.2658 gg=0.0453 shape_dev=1.7752 xbar=0.5132
# CONVTAG t=3080.00 rough=3.668550 cond=315.578814 evap=357.665878 backs=47.130577
t= 3084.00 +6.59e-14 | 0.0251  0.04      1    0     36     38 | 1.5983  0.00 | 3.55e-16 3.48e-21 |  61.5812 1.0264  0.1669  6.4965 0.042  0.04 | edge_dev mean=2.1975 max=12.2658 gg=0.0650 shape_dev=1.7752 xbar=0.5132
# CONVTAG t=3084.00 rough=3.668550 cond=315.578814 evap=357.665878 backs=47.130577
# QATOM t=3084.48 dir=DF w=1.45479654 e=0.266268769135 i=31 Em=2.0696
t= 3088.00 +6.60e-14 | 0.0252  0.08      2    0     36     38 | 1.6050  0.37 | 6.29e-06 6.50e-07 |  60.9009 1.0150  0.1457  6.5007 0.062  0.08 | edge_dev mean=2.1972 max=12.2658 gg=0.0920 shape_dev=1.7748 xbar=0.5075
# CONVTAG t=3088.00 rough=3.668550 cond=315.752624 evap=358.546071 backs=47.245385
t= 3092.00 +6.60e-14 | 0.0252  0.12      3    0     36     38 | 1.5979  0.72 | 2.98e-06 7.74e-07 |  60.3379 1.0056  0.1604  6.5014 0.083  0.12 | edge_dev mean=2.1972 max=12.2658 gg=0.0950 shape_dev=1.7747 xbar=0.5028
# CONVTAG t=3092.00 rough=3.668550 cond=315.752624 evap=359.109105 backs=47.318825
# QATOM t=3093.08 dir=FD w=0.939297719 e=0.171917956248 i=33 Em=1.5763
# QATOM t=3095.92 dir=FD w=1.00704834 e=0.184318230215 i=24 Em=1.3301
t= 3096.00 +6.61e-14 | 0.0251  0.04      1    0     36     38 | 1.5993  0.00 | 2.82e-10 1.13e-10 |  61.4788 1.0246  0.1827  6.4735 0.042  0.04 | edge_dev mean=2.1972 max=12.2658 gg=0.0866 shape_dev=1.7747 xbar=0.5123
# CONVTAG t=3096.00 rough=3.668550 cond=317.006771 evap=359.410485 backs=47.358135
# QATOM t=3098.88 dir=DF w=1.77599008 e=0.325056239235 i=39 Em=1.3185
t= 3100.00 +6.60e-14 | 0.0252  0.12      3    0     36     38 | 1.6191  0.33 | 1.56e-05 5.29e-06 |  60.9573 1.0160  0.1699  6.4690 0.062  0.12 | edge_dev mean=2.1971 max=12.2658 gg=0.0741 shape_dev=1.7743 xbar=0.5080
# CONVTAG t=3100.00 rough=3.668550 cond=317.367942 evap=360.347254 backs=47.480322
t= 3104.00 +6.60e-14 | 0.0251  0.08      2    0     36     38 | 1.6221  0.33 | 1.55e-08 1.69e-10 |  61.3179 1.0220  0.1391  6.4602 0.042  0.08 | edge_dev mean=2.1970 max=12.2658 gg=0.0843 shape_dev=1.7742 xbar=0.5110
# CONVTAG t=3104.00 rough=3.668550 cond=317.917573 evap=360.618760 backs=47.515736
# QATOM t=3106.04 dir=FD w=1.13936261 e=0.208535469826 i=15 Em=0.9337
t= 3108.00 +6.60e-14 | 0.0252  0.08      2    0     36     38 | 1.6202  0.21 | 1.80e-04 6.61e-18 |  60.8954 1.0149  0.0843  6.4658 0.042  0.08 | edge_dev mean=2.1970 max=12.2658 gg=0.0702 shape_dev=1.7742 xbar=0.5075
# CONVTAG t=3108.00 rough=3.668550 cond=318.126109 evap=361.281057 backs=47.602123
# QATOM t=3110.74 dir=FD w=0.982458623 e=0.179817618221 i=13 Em=1.4155
t= 3112.00 +6.59e-14 | 0.0251  0.08      2    0     36     38 | 1.6276  0.31 | 1.01e-07 2.09e-42 |  61.2608 1.0210  0.1251  6.4796 0.062  0.08 | edge_dev mean=2.1970 max=12.2658 gg=0.0827 shape_dev=1.7738 xbar=0.5105
# CONVTAG t=3112.00 rough=3.668550 cond=318.710924 evap=361.588233 backs=47.642189
# QATOM t=3114.54 dir=FD w=1.24851723 e=0.228513842267 i=4 Em=0.6699
t= 3116.00 +6.60e-14 | 0.0252  0.12      3    0     36     38 | 1.6103  0.26 | 5.84e-06 3.02e-06 |  60.7423 1.0124  0.1881  6.5290 0.083  0.12 | edge_dev mean=2.1969 max=12.2666 gg=0.0940 shape_dev=1.7736 xbar=0.5062
# CONVTAG t=3116.00 rough=3.668550 cond=319.301189 evap=362.785504 backs=47.798355
t= 3120.00 +6.60e-14 | 0.0251  0.12      3    0     36     38 | 1.6105  0.26 | 5.33e-08 7.61e-09 |  61.4549 1.0242  0.1364  6.5197 0.083  0.12 | edge_dev mean=2.1969 max=12.2669 gg=0.0831 shape_dev=1.7736 xbar=0.5121
# CONVTAG t=3120.00 rough=3.668550 cond=319.920831 evap=362.785504 backs=47.798355
# QATOM t=3120.60 dir=FD w=0.973740841 e=0.178222018374 i=25 Em=1.4469
t= 3124.00 +6.60e-14 | 0.0251  0.00      0    0     36     38 | 0.0000  0.00 | 0.00e+00 0.00e+00 |  61.9951 1.0333  0.1401  6.4944 0.021  0.00 | edge_dev mean=2.1969 max=12.2669 gg=0.0758 shape_dev=1.7736 xbar=0.5166
# CONVTAG t=3124.00 rough=3.668550 cond=320.639865 evap=363.072176 backs=47.835747
# QATOM t=3125.28 dir=FD w=0.896852034 e=0.164149199601 i=37 Em=1.7495
t= 3128.00 +6.60e-14 | 0.0251  0.00      0    0     36     38 | 0.0000  0.00 | 0.00e+00 0.00e+00 |  62.1839 1.0364  0.1489  6.4867 0.021  0.00 | edge_dev mean=2.1969 max=12.2669 gg=0.0917 shape_dev=1.7736 xbar=0.5182
# CONVTAG t=3128.00 rough=3.668550 cond=320.804014 evap=363.072176 backs=47.835747
# QATOM t=3129.90 dir=DF w=1.95039525 e=0.356977300936 i=3 Em=1.0143
t= 3132.00 +6.61e-14 | 0.0251  0.04      1    0     36     38 | 1.6363  0.00 | 1.11e-06 2.62e-11 |  62.1546 1.0359  0.1489  6.4794 0.042  0.04 | edge_dev mean=2.1969 max=12.2669 gg=0.0776 shape_dev=1.7735 xbar=0.5180
# CONVTAG t=3132.00 rough=3.668550 cond=321.338397 evap=363.715974 backs=47.919721
t= 3136.00 +6.63e-14 | 0.0251  0.04      1    0     36     38 | 1.6363  0.00 | 3.16e-10 8.27e-24 |  61.7839 1.0297  0.1239  6.4862 0.042  0.04 | edge_dev mean=2.1969 max=12.2669 gg=0.0657 shape_dev=1.7735 xbar=0.5149
# CONVTAG t=3136.00 rough=3.668550 cond=321.496016 evap=364.267964 backs=47.991719
# QATOM t=3136.86 dir=DF w=1.73055151 e=0.316739700961 i=9 Em=1.4078
t= 3140.00 +6.64e-14 | 0.0251  0.00      0    0     36     38 | 0.0000  0.00 | 0.00e+00 0.00e+00 |  61.7071 1.0285  0.1630  6.4913 0.021  0.00 | edge_dev mean=2.1969 max=12.2669 gg=0.0674 shape_dev=1.7735 xbar=0.5142
# CONVTAG t=3140.00 rough=3.668550 cond=321.704616 evap=364.584704 backs=48.033033
t= 3144.00 +6.65e-14 | 0.0251  0.00      0    0     36     38 | 0.0000  0.00 | 0.00e+00 0.00e+00 |  61.8909 1.0315  0.1707  6.4837 0.021  0.00 | edge_dev mean=2.1969 max=12.2669 gg=0.0308 shape_dev=1.7735 xbar=0.5158
# CONVTAG t=3144.00 rough=3.668550 cond=321.864462 evap=364.584704 backs=48.033033
# QATOM t=3146.64 dir=DF w=1.61114587 e=0.294885104189 i=1 Em=1.6666
t= 3148.00 +6.67e-14 | 0.0251  0.00      0    0     36     38 | 0.0000  0.00 | 0.00e+00 0.00e+00 |  62.1223 1.0354  0.1872  6.4792 0.021  0.00 | edge_dev mean=2.1969 max=12.2669 gg=0.0944 shape_dev=1.7735 xbar=0.5177
# CONVTAG t=3148.00 rough=3.668550 cond=322.595517 evap=365.194003 backs=48.112507
t= 3152.00 +6.68e-14 | 0.0250  0.00      0    0     36     38 | 0.0000  0.00 | 0.00e+00 0.00e+00 |  62.3080 1.0385  0.2100  6.4875 0.021  0.00 | edge_dev mean=2.1969 max=12.2669 gg=0.0608 shape_dev=1.7735 xbar=0.5192
# CONVTAG t=3152.00 rough=3.668550 cond=322.757011 evap=365.194003 backs=48.112507
# QATOM t=3154.96 dir=DF w=1.72296922 e=0.315351928923 i=18 Em=1.4230
t= 3156.00 +6.70e-14 | 0.0251  0.00      0    0     36     38 | 0.0000  0.00 | 0.00e+00 0.00e+00 |  61.8199 1.0303  0.2342  6.4921 0.021  0.00 | edge_dev mean=2.1969 max=12.2669 gg=0.0537 shape_dev=1.7735 xbar=0.5152
# CONVTAG t=3156.00 rough=3.668550 cond=323.120963 evap=366.100705 backs=48.230772
t= 3160.00 +6.72e-14 | 0.0251  0.04      1    0     36     38 | 1.6111  0.00 | 2.41e-07 8.48e-26 |  61.2360 1.0206  0.2189  6.5066 0.042  0.04 | edge_dev mean=2.1970 max=12.2669 gg=0.0625 shape_dev=1.7734 xbar=0.5103
# CONVTAG t=3160.00 rough=3.668550 cond=323.120963 evap=366.684602 backs=48.306933
# QATOM t=3162.66 dir=FD w=1.07718382 e=0.394309996562 i=18 Em=1.1076
t= 3164.00 +6.74e-14 | 0.0251  0.04      1    0     36     38 | 1.6111  0.00 | 6.86e-11 2.15e-15 |  61.6420 1.0274  0.1524  6.5458 0.042  0.04 | edge_dev mean=2.1970 max=12.2669 gg=0.0424 shape_dev=1.7734 xbar=0.5137
# CONVTAG t=3164.00 rough=3.668550 cond=323.718151 evap=366.965277 backs=48.343543
# QATOM t=3165.16 dir=FD w=1.03526867 e=0.189483345094 i=24 Em=1.2371
t= 3168.00 +6.77e-14 | 0.0252  0.04      1    0     36     38 | 1.6111  0.00 | 1.80e-14 1.78e-16 |  60.8718 1.0145  0.1334  6.5343 0.042  0.04 | edge_dev mean=2.1970 max=12.2669 gg=0.0549 shape_dev=1.7734 xbar=0.5073
# CONVTAG t=3168.00 rough=3.668550 cond=323.907635 evap=367.953387 backs=48.472426
# QATOM t=3170.62 dir=DF w=1.48021951 e=0.270921890108 i=31 Em=2.1755
t= 3172.00 +6.80e-14 | 0.0251  0.08      2    0     36     38 | 1.6010  0.63 | 1.22e-07 1.28e-07 |  60.9959 1.0166  0.1729  6.5230 0.042  0.08 | edge_dev mean=2.1972 max=12.2669 gg=0.0598 shape_dev=1.7731 xbar=0.5083
# CONVTAG t=3172.00 rough=3.668550 cond=324.784717 evap=368.837987 backs=48.587809
# QATOM t=3172.66 dir=DF w=1.69437037 e=0.310117532769 i=11 Em=1.4824
# QATOM t=3174.68 dir=DF w=1.61751414 e=0.296050675664 i=25 Em=1.6518
t= 3176.00 +6.84e-14 | 0.0252  0.25      6    0     36     38 | 1.6183  1.14 | 2.78e-05 3.07e-05 |  59.7732 0.9962  0.2732  6.5077 0.062  0.25 | edge_dev mean=2.1972 max=12.2673 gg=0.0375 shape_dev=1.7726 xbar=0.4981
# CONVTAG t=3176.00 rough=3.668550 cond=325.367906 evap=370.731353 backs=48.834770
# QATOM t=3178.06 dir=FD w=1.05340859 e=0.19280346243 i=40 Em=1.1799
t= 3180.00 +6.86e-14 | 0.0252  0.12      3    0     36     38 | 1.6293  0.91 | 2.80e-07 2.46e-07 |  60.8649 1.0144  0.2350  6.4891 0.042  0.12 | edge_dev mean=2.1973 max=12.2678 gg=0.0371 shape_dev=1.7724 xbar=0.5072
# CONVTAG t=3180.00 rough=3.668550 cond=326.317227 evap=370.731353 backs=48.834770
# QATOM t=3182.32 dir=FD w=1.11916272 e=0.204838320466 i=19 Em=0.9879
t= 3184.00 +6.88e-14 | 0.0251  0.12      3    0     36     38 | 1.6128  0.29 | 1.15e-04 1.67e-04 |  61.4051 1.0234  0.1487  6.5170 0.062  0.12 | edge_dev mean=2.1972 max=12.2678 gg=0.0617 shape_dev=1.7723 xbar=0.5117
# CONVTAG t=3184.00 rough=3.668550 cond=327.310079 evap=371.332967 backs=48.913241
# QATOM t=3184.78 dir=DF w=1.6483051 e=0.301686290872 i=21 Em=1.5820
t= 3188.00 +6.86e-14 | 0.0251  0.12      3    0     36     38 | 1.6174  0.17 | 4.98e-06 3.96e-07 |  61.5423 1.0257  0.1249  6.5127 0.042  0.12 | edge_dev mean=2.1972 max=12.2707 gg=0.1549 shape_dev=1.7714 xbar=0.5129
# CONVTAG t=3188.00 rough=3.668550 cond=327.691748 evap=371.634653 backs=48.952592
# QATOM t=3189.86 dir=DF w=1.51498171 e=0.277284352182 i=31 Em=2.0860
t= 3192.00 +6.88e-14 | 0.0251  0.08      2    0     36     38 | 1.6192  0.06 | 3.28e-10 6.55e-14 |  61.7956 1.0299  0.1335  6.4928 0.042  0.08 | edge_dev mean=2.1972 max=12.2707 gg=0.0567 shape_dev=1.7713 xbar=0.5150
# CONVTAG t=3192.00 rough=3.668550 cond=328.421557 evap=372.220597 backs=49.029019
# QATOM t=3194.62 dir=DF w=1.75077617 e=0.320441384172 i=22 Em=1.3675
t= 3196.00 +6.88e-14 | 0.0251  0.08      2    0     36     38 | 1.6173  0.14 | 2.02e-05 1.66e-09 |  61.8888 1.0315  0.1214  6.4971 0.062  0.08 | edge_dev mean=2.1970 max=12.2721 gg=0.0488 shape_dev=1.7709 xbar=0.5157
# CONVTAG t=3196.00 rough=3.668550 cond=328.781217 evap=372.541038 backs=49.070816
# QATOM t=3197.64 dir=FD w=1.04996638 e=0.384346880942 i=34 Em=1.1906
t= 3200.00 +6.89e-14 | 0.0251  0.08      2    0     36     38 | 1.6182  0.13 | 1.10e-07 2.49e-16 |  61.9852 1.0331  0.1495  6.4899 0.062  0.08 | edge_dev mean=2.1970 max=12.2728 gg=0.0695 shape_dev=1.7708 xbar=0.5165
# CONVTAG t=3200.00 rough=3.668550 cond=329.692738 evap=373.492895 backs=49.194971
# QATOM t=3203.28 dir=FD w=0.885391838 e=0.162051660745 i=33 Em=1.7991
t= 3204.00 +6.90e-14 | 0.0251  0.00      0    0     36     38 | 0.0000  0.00 | 0.00e+00 0.00e+00 |  62.1019 1.0350  0.1690  6.4892 0.021  0.00 | edge_dev mean=2.1970 max=12.2728 gg=0.0478 shape_dev=1.7708 xbar=0.5175
# CONVTAG t=3204.00 rough=3.668550 cond=330.041838 evap=373.777713 backs=49.232121
t= 3208.00 +6.92e-14 | 0.0250  0.00      0    0     36     38 | 0.0000  0.00 | 0.00e+00 0.00e+00 |  62.5273 1.0421  0.1696  6.4956 0.021  0.00 | edge_dev mean=2.1970 max=12.2728 gg=0.0242 shape_dev=1.7708 xbar=0.5211
# CONVTAG t=3208.00 rough=3.668550 cond=330.411829 evap=373.777713 backs=49.232121
# QATOM t=3209.22 dir=DF w=1.52655763 e=0.279403070894 i=35 Em=2.0572
t= 3212.00 +6.93e-14 | 0.0251  0.04      1    0     36     38 | 1.5973  0.00 | 2.27e-07 1.66e-19 |  62.0585 1.0343  0.1517  6.5087 0.042  0.04 | edge_dev mean=2.1970 max=12.2728 gg=0.0942 shape_dev=1.7707 xbar=0.5172
# CONVTAG t=3212.00 rough=3.668550 cond=330.733541 evap=374.616558 backs=49.341536
# QATOM t=3213.64 dir=FD w=0.982413136 e=0.179809292781 i=12 Em=1.4157
t= 3216.00 +6.96e-14 | 0.0251  0.08      2    0     36     38 | 1.6097  0.77 | 3.44e-08 8.36e-13 |  61.3625 1.0227  0.1648  6.5315 0.042  0.08 | edge_dev mean=2.1972 max=12.2728 gg=0.0984 shape_dev=1.7706 xbar=0.5114
# CONVTAG t=3216.00 rough=3.668550 cond=330.913350 evap=375.519265 backs=49.459280
# QATOM t=3218.92 dir=DF w=1.48153021 e=0.271161784341 i=31 Em=1.9947
t= 3220.00 +6.97e-14 | 0.0251  0.00      0    0     36     38 | 0.0000  0.00 | 0.00e+00 0.00e+00 |  61.5675 1.0261  0.1323  6.5073 0.021  0.00 | edge_dev mean=2.1972 max=12.2728 gg=0.1008 shape_dev=1.7706 xbar=0.5131
# CONVTAG t=3220.00 rough=3.668550 cond=331.327361 evap=375.790427 backs=49.494649
t= 3224.00 +6.98e-14 | 0.0251  0.04      1    0     36     38 | 1.6173  0.00 | 3.28e-05 7.91e-11 |  61.4980 1.0250  0.1545  6.4980 0.042  0.04 | edge_dev mean=2.1972 max=12.2728 gg=0.0682 shape_dev=1.7705 xbar=0.5125
# CONVTAG t=3224.00 rough=3.668550 cond=331.531844 evap=376.095029 backs=49.534380
# QATOM t=3225.38 dir=FD w=1.17142586 e=0.214403948374 i=27 Em=0.8511
t= 3228.00 +7.00e-14 | 0.0251  0.08      2    0     36     38 | 1.6056  0.07 | 1.37e-06 7.50e-07 |  61.0206 1.0170  0.1420  6.5288 0.062  0.08 | edge_dev mean=2.1968 max=12.2728 gg=0.0481 shape_dev=1.7698 xbar=0.5085
# CONVTAG t=3228.00 rough=3.668550 cond=331.909195 evap=377.006466 backs=49.653263
# QATOM t=3230.66 dir=FD w=0.908429476 e=0.166268197788 i=33 Em=1.7007
t= 3232.00 +7.01e-14 | 0.0251  0.04      1    0     36     38 | 1.6068  0.00 | 1.21e-10 1.35e-11 |  61.8085 1.0301  0.1533  6.5200 0.042  0.04 | edge_dev mean=2.1968 max=12.2728 gg=0.0578 shape_dev=1.7698 xbar=0.5151
# CONVTAG t=3232.00 rough=3.668550 cond=332.594396 evap=377.006466 backs=49.653263
t= 3236.00 +7.02e-14 | 0.0250  0.00      0    0     36     38 | 0.0000  0.00 | 0.00e+00 0.00e+00 |  62.4575 1.0410  0.1344  6.4962 0.021  0.00 | edge_dev mean=2.1968 max=12.2728 gg=0.0743 shape_dev=1.7698 xbar=0.5205
# CONVTAG t=3236.00 rough=3.668550 cond=333.158679 evap=377.006466 backs=49.653263
# QATOM t=3237.76 dir=FD w=0.860043464 e=0.157412193905 i=31 Em=1.9136
t= 3240.00 +7.04e-14 | 0.0250  0.00      0    0     36     38 | 0.0000  0.00 | 0.00e+00 0.00e+00 |  62.7750 1.0462  0.1406  6.5190 0.021  0.00 | edge_dev mean=2.1968 max=12.2728 gg=0.0417 shape_dev=1.7698 xbar=0.5231
# CONVTAG t=3240.00 rough=3.668550 cond=333.672286 evap=377.279602 backs=49.688889
t= 3244.00 +7.04e-14 | 0.0251  0.00      0    0     36     38 | 0.0000  0.00 | 0.00e+00 0.00e+00 |  62.1934 1.0366  0.1562  6.4983 0.021  0.00 | edge_dev mean=2.1968 max=12.2728 gg=0.0923 shape_dev=1.7698 xbar=0.5183
# CONVTAG t=3244.00 rough=3.668550 cond=333.672286 evap=377.861177 backs=49.764747
# QATOM t=3244.60 dir=DF w=1.65548292 e=0.303000034125 i=25 Em=1.5662
t= 3248.00 +7.05e-14 | 0.0251  0.12      3    0     36     38 | 1.6170  1.22 | 3.06e-05 8.96e-07 |  61.2836 1.0214  0.1190  6.5069 0.062  0.12 | edge_dev mean=2.1967 max=12.2728 gg=0.0441 shape_dev=1.7692 xbar=0.5107
# CONVTAG t=3248.00 rough=3.668550 cond=333.672286 evap=378.770970 backs=49.883416
# QATOM t=3249.86 dir=FD w=1.02880792 e=0.188300845527 i=18 Em=1.2577
t= 3252.00 +7.08e-14 | 0.0251  0.08      2    0     36     38 | 1.6037  0.06 | 1.51e-08 7.30e-13 |  61.3350 1.0222  0.1111  6.5297 0.042  0.08 | edge_dev mean=2.1968 max=12.2728 gg=0.0743 shape_dev=1.7691 xbar=0.5111
# CONVTAG t=3252.00 rough=3.668550 cond=334.482611 evap=379.651480 backs=49.998265
# QATOM t=3252.84 dir=FD w=0.997145913 e=0.182505806144 i=24 Em=1.3640
t= 3256.00 +7.09e-14 | 0.0251  0.04      1    0     36     38 | 1.6002  0.00 | 7.30e-06 2.13e-06 |  61.7182 1.0286  0.1075  6.5174 0.042  0.04 | edge_dev mean=2.1969 max=12.2728 gg=0.0586 shape_dev=1.7690 xbar=0.5143
# CONVTAG t=3256.00 rough=3.668550 cond=335.070815 evap=379.944715 backs=50.036513
# QATOM t=3258.10 dir=FD w=0.929798171 e=0.170179271199 i=33 Em=1.6137
t= 3260.00 +7.10e-14 | 0.0251  0.00      0    0     36     38 | 0.0000  0.00 | 0.00e+00 0.00e+00 |  61.5152 1.0253  0.0784  6.4819 0.021  0.00 | edge_dev mean=2.1969 max=12.2728 gg=0.0553 shape_dev=1.7690 xbar=0.5126
# CONVTAG t=3260.00 rough=3.668550 cond=335.428123 evap=380.558593 backs=50.116584
t= 3264.00 +7.13e-14 | 0.0252  0.00      0    0     36     38 | 0.0000  0.00 | 0.00e+00 0.00e+00 |  60.9243 1.0154  0.1303  6.4885 0.021  0.00 | edge_dev mean=2.1969 max=12.2728 gg=0.1117 shape_dev=1.7690 xbar=0.5077
# CONVTAG t=3264.00 rough=3.668550 cond=335.428123 evap=381.149483 backs=50.193656
# QATOM t=3266.46 dir=FD w=0.960895448 e=0.175870949404 i=22 Em=1.4941
t= 3268.00 +7.14e-14 | 0.0251  0.00      0    0     36     38 | 0.0000  0.00 | 0.00e+00 0.00e+00 |  61.6691 1.0278  0.1459  6.4918 0.021  0.00 | edge_dev mean=2.1969 max=12.2728 gg=0.0861 shape_dev=1.7690 xbar=0.5139
# CONVTAG t=3268.00 rough=3.668550 cond=336.321466 evap=381.432061 backs=50.230514
# QATOM t=3268.02 dir=DF w=1.76194482 e=0.322485560856 i=45 Em=1.3455
t= 3272.00 +7.15e-14 | 0.0251  0.00      0    0     36     38 | 0.0000  0.00 | 0.00e+00 0.00e+00 |  61.8044 1.0301  0.1420  6.4918 0.021  0.00 | edge_dev mean=2.1969 max=12.2728 gg=0.1037 shape_dev=1.7690 xbar=0.5150
# CONVTAG t=3272.00 rough=3.668550 cond=336.719522 evap=381.754547 backs=50.272578
t= 3276.00 +7.17e-14 | 0.0250  0.00      0    0     36     38 | 0.0000  0.00 | 0.00e+00 0.00e+00 |  62.4401 1.0407  0.1546  6.5046 0.021  0.00 | edge_dev mean=2.1969 max=12.2728 gg=0.0291 shape_dev=1.7690 xbar=0.5203
# CONVTAG t=3276.00 rough=3.668550 cond=337.272370 evap=381.754547 backs=50.272578
# QATOM t=3276.02 dir=DF w=1.85898114 e=0.340245943046 i=36 Em=1.1667
t= 3280.00 +7.18e-14 | 0.0250  0.08      2    0     36     38 | 1.6069  0.41 | 7.28e-07 5.80e-14 |  62.6890 1.0448  0.1453  6.5090 0.062  0.08 | edge_dev mean=2.1967 max=12.2728 gg=0.0521 shape_dev=1.7687 xbar=0.5224
# CONVTAG t=3280.00 rough=3.668550 cond=337.784630 evap=382.094793 backs=50.316958
t= 3284.00 +7.19e-14 | 0.0250  0.00      0    0     36     38 | 0.0000  0.00 | 0.00e+00 0.00e+00 |  62.9376 1.0490  0.1556  6.4982 0.021  0.00 | edge_dev mean=2.1967 max=12.2728 gg=0.0737 shape_dev=1.7687 xbar=0.5245
# CONVTAG t=3284.00 rough=3.668550 cond=338.000851 evap=382.094793 backs=50.316958
# QATOM t=3286.72 dir=DF w=1.48130453 e=0.271120478161 i=33 Em=1.9953
t= 3288.00 +7.21e-14 | 0.0250  0.04      1    0     36     38 | 1.6231  0.00 | 2.19e-05 2.75e-17 |  62.3575 1.0393  0.1151  6.5004 0.042  0.04 | edge_dev mean=2.1967 max=12.2742 gg=0.0820 shape_dev=1.7686 xbar=0.5196
# CONVTAG t=3288.00 rough=3.668550 cond=338.000851 evap=382.674905 backs=50.392625
t= 3292.00 +7.22e-14 | 0.0250  0.08      2    0     36     38 | 1.6221  0.13 | 1.27e-08 4.31e-11 |  62.3575 1.0393  0.1151  6.5004 0.062  0.08 | edge_dev mean=2.1967 max=12.2747 gg=0.0694 shape_dev=1.7686 xbar=0.5196
# CONVTAG t=3292.00 rough=3.668550 cond=338.000851 evap=382.674905 backs=50.392625
# QATOM t=3294.78 dir=DF w=1.5585312 e=0.285255136128 i=32 Em=1.7932
t= 3296.00 +7.23e-14 | 0.0251  0.12      3    0     36     38 | 1.6004  0.33 | 1.45e-06 2.64e-09 |  61.8992 1.0317  0.1201  6.5198 0.083  0.12 | edge_dev mean=2.1969 max=12.2747 gg=0.0612 shape_dev=1.7681 xbar=0.5158
# CONVTAG t=3296.00 rough=3.668550 cond=338.599552 evap=383.821717 backs=50.542209
t= 3300.00 +7.23e-14 | 0.0251  0.17      4    0     36     38 | 1.5997  0.30 | 7.04e-06 3.65e-09 |  61.3162 1.0219  0.1549  6.5384 0.083  0.17 | edge_dev mean=2.1970 max=12.2747 gg=0.0884 shape_dev=1.7680 xbar=0.5110
# CONVTAG t=3300.00 rough=3.668550 cond=338.599552 evap=384.404743 backs=50.618256
# QATOM t=3300.68 dir=FD w=0.987168868 e=0.180679725702 i=35 Em=1.3988
t= 3304.00 +7.26e-14 | 0.0251  0.04      1    0     36     38 | 1.5978  0.00 | 1.99e-09 9.74e-12 |  61.3080 1.0218  0.2186  6.5335 0.042  0.04 | edge_dev mean=2.1970 max=12.2747 gg=0.0521 shape_dev=1.7680 xbar=0.5109
# CONVTAG t=3304.00 rough=3.668550 cond=339.135850 evap=385.029699 backs=50.699772
# QATOM t=3304.66 dir=DF w=1.58258085 e=0.28965689975 i=12 Em=1.7343
t= 3308.00 +7.27e-14 | 0.0252  0.04      1    0     36     38 | 1.5978  0.00 | 5.41e-13 1.67e-14 |  60.9121 1.0152  0.2115  6.5547 0.042  0.04 | edge_dev mean=2.1970 max=12.2747 gg=0.0311 shape_dev=1.7680 xbar=0.5076
# CONVTAG t=3308.00 rough=3.668550 cond=339.306363 evap=385.621716 backs=50.776991
t= 3312.00 +7.29e-14 | 0.0251  0.04      1    0     36     38 | 1.5978  0.00 | 6.01e-16 8.36e-17 |  61.3607 1.0227  0.1855  6.5508 0.042  0.04 | edge_dev mean=2.1970 max=12.2747 gg=0.0432 shape_dev=1.7680 xbar=0.5113
# CONVTAG t=3312.00 rough=3.668550 cond=339.696513 evap=385.621716 backs=50.776991
# QATOM t=3312.34 dir=DF w=1.77329425 e=0.324562828037 i=13 Em=1.3237
t= 3316.00 +7.30e-14 | 0.0251  0.04      1    0     36     38 | 1.6112  0.00 | 1.53e-07 1.80e-10 |  61.8320 1.0305  0.2226  6.5527 0.042  0.04 | edge_dev mean=2.1974 max=12.2747 gg=0.0629 shape_dev=1.7675 xbar=0.5153
# CONVTAG t=3316.00 rough=3.668550 cond=340.388549 evap=385.946278 backs=50.819325
# QATOM t=3319.44 dir=FD w=0.962964989 e=0.176249733748 i=0 Em=1.4864
t= 3320.00 +7.30e-14 | 0.0250  0.00      0    0     36     38 | 0.0000  0.00 | 0.00e+00 0.00e+00 |  62.5041 1.0417  0.1949  6.5259 0.021  0.00 | edge_dev mean=2.1974 max=12.2747 gg=0.0601 shape_dev=1.7675 xbar=0.5209
# CONVTAG t=3320.00 rough=3.668550 cond=340.972971 evap=385.946278 backs=50.819325
t= 3324.00 +7.30e-14 | 0.0250  0.00      0    0     36     38 | 0.0000  0.00 | 0.00e+00 0.00e+00 |  62.6121 1.0435  0.1816  6.5227 0.021  0.00 | edge_dev mean=2.1974 max=12.2747 gg=0.0587 shape_dev=1.7675 xbar=0.5218
# CONVTAG t=3324.00 rough=3.668550 cond=341.307395 evap=386.222899 backs=50.855406
# QATOM t=3324.00 dir=DF w=1.47544888 e=0.270048730807 i=31 Em=2.0115
t= 3328.00 +7.30e-14 | 0.0250  0.00      0    0     36     38 | 0.0000  0.00 | 0.00e+00 0.00e+00 |  62.3420 1.0390  0.1537  6.5106 0.021  0.00 | edge_dev mean=2.1974 max=12.2747 gg=0.0838 shape_dev=1.7675 xbar=0.5195
# CONVTAG t=3328.00 rough=3.668550 cond=341.307395 evap=386.492947 backs=50.890630
t= 3332.00 +7.30e-14 | 0.0250  0.00      0    0     36     38 | 0.0000  0.00 | 0.00e+00 0.00e+00 |  62.3420 1.0390  0.1537  6.5106 0.021  0.00 | edge_dev mean=2.1974 max=12.2747 gg=0.0753 shape_dev=1.7675 xbar=0.5195
# CONVTAG t=3332.00 rough=3.668550 cond=341.307395 evap=386.492947 backs=50.890630
# QATOM t=3335.70 dir=DF w=1.69815078 e=0.310809455261 i=18 Em=1.4742
t= 3336.00 +7.30e-14 | 0.0251  0.00      0    0     36     38 | 0.0000  0.00 | 0.00e+00 0.00e+00 |  61.8099 1.0302  0.2331  6.4986 0.021  0.00 | edge_dev mean=2.1974 max=12.2747 gg=0.0883 shape_dev=1.7675 xbar=0.5151
# CONVTAG t=3336.00 rough=3.668550 cond=341.633801 evap=387.400410 backs=51.008995
t= 3340.00 +7.31e-14 | 0.0251  0.00      0    0     36     38 | 0.0000  0.00 | 0.00e+00 0.00e+00 |  61.8099 1.0302  0.2331  6.4986 0.021  0.00 | edge_dev mean=2.1974 max=12.2747 gg=0.0801 shape_dev=1.7675 xbar=0.5151
# CONVTAG t=3340.00 rough=3.668550 cond=341.633801 evap=387.400410 backs=51.008995
# QATOM t=3343.54 dir=FD w=1.05867535 e=0.38753485454 i=18 Em=1.1634
t= 3344.00 +7.33e-14 | 0.0251  0.00      0    0     36     38 | 0.0000  0.00 | 0.00e+00 0.00e+00 |  62.0897 1.0348  0.1448  6.5192 0.021  0.00 | edge_dev mean=2.1974 max=12.2747 gg=0.0418 shape_dev=1.7675 xbar=0.5174
# CONVTAG t=3344.00 rough=3.668550 cond=342.385140 evap=387.984630 backs=51.085197
t= 3348.00 +7.34e-14 | 0.0251  0.08      2    0     36     38 | 1.6037  0.24 | 1.79e-05 2.14e-13 |  61.1692 1.0195  0.1692  6.5396 0.042  0.08 | edge_dev mean=2.1976 max=12.2747 gg=0.0425 shape_dev=1.7673 xbar=0.5097
# CONVTAG t=3348.00 rough=3.668550 cond=342.385140 evap=388.905200 backs=51.205272
# QATOM t=3350.60 dir=DF w=1.53855207 e=0.281598391377 i=12 Em=1.8435
t= 3352.00 +7.38e-14 | 0.0251  0.08      2    0     36     38 | 1.6042  0.27 | 5.11e-09 3.53e-16 |  61.1068 1.0184  0.2034  6.5556 0.042  0.08 | edge_dev mean=2.1976 max=12.2747 gg=0.0394 shape_dev=1.7673 xbar=0.5092
# CONVTAG t=3352.00 rough=3.668550 cond=342.575812 evap=389.186799 backs=51.242002
# QATOM t=3354.48 dir=FD w=1.02235475 e=0.187119732967 i=1 Em=1.2790
t= 3356.00 +7.38e-14 | 0.0251  0.00      0    0     36     38 | 0.0000  0.00 | 0.00e+00 0.00e+00 |  61.8584 1.0310  0.1506  6.5291 0.021  0.00 | edge_dev mean=2.1976 max=12.2747 gg=0.0581 shape_dev=1.7673 xbar=0.5155
# CONVTAG t=3356.00 rough=3.668550 cond=343.468928 evap=389.462289 backs=51.277935
t= 3360.00 +7.38e-14 | 0.0251  0.12      3    0     36     38 | 1.6313  0.58 | 6.72e-05 8.71e-06 |  61.8963 1.0316  0.1899  6.5064 0.083  0.12 | edge_dev mean=2.1974 max=12.2747 gg=0.0824 shape_dev=1.7690 xbar=0.5158
# CONVTAG t=3360.00 rough=3.668550 cond=343.811297 evap=389.818107 backs=51.324346
# QATOM t=3360.78 dir=DF w=1.54307137 e=0.282425552365 i=33 Em=1.8320
t= 3364.00 +7.38e-14 | 0.0251  0.21      5    0     36     38 | 1.6228  0.93 | 2.19e-05 5.11e-06 |  61.9092 1.0318  0.1955  6.5114 0.083  0.21 | edge_dev mean=2.1974 max=12.2747 gg=0.0788 shape_dev=1.7696 xbar=0.5159
# CONVTAG t=3364.00 rough=3.668550 cond=344.328619 evap=390.400209 backs=51.400273
# QATOM t=3364.40 dir=DF w=1.81187911 e=0.331624944548 i=26 Em=1.2511
# QATOM t=3366.86 dir=FD w=1.08822604 e=0.199176037393 i=36 Em=1.0755
t= 3368.00 +7.39e-14 | 0.0251  0.08      2    0     36     39 | 1.6090  0.61 | 1.06e-09 7.78e-14 |  61.9394 1.0323  0.1605  6.5549 0.042  0.08 | edge_dev mean=2.1974 max=12.2747 gg=0.0603 shape_dev=1.7695 xbar=0.5162
# CONVTAG t=3368.00 rough=3.668550 cond=345.158419 evap=391.324265 backs=51.520802
# QATOM t=3371.84 dir=DF w=1.82339214 e=0.333732153865 i=39 Em=1.2294
t= 3372.00 +7.42e-14 | 0.0251  0.17      4    0     36     39 | 1.6082  0.46 | 1.73e-04 1.39e-05 |  61.1539 1.0192  0.1956  6.5497 0.042  0.17 | edge_dev mean=2.1976 max=12.2747 gg=0.0503 shape_dev=1.7693 xbar=0.5096
# CONVTAG t=3372.00 rough=3.668550 cond=345.331601 evap=392.308938 backs=51.649238
# QATOM t=3372.86 dir=FD w=1.0295229 e=0.188431707702 i=16 Em=1.2556
t= 3376.00 +7.45e-14 | 0.0251  0.08      2    0     36     39 | 1.5983  0.41 | 7.87e-09 1.38e-10 |  61.1195 1.0187  0.2198  6.5678 0.042  0.08 | edge_dev mean=2.1977 max=12.2747 gg=0.0673 shape_dev=1.7690 xbar=0.5093
# CONVTAG t=3376.00 rough=3.668550 cond=346.074339 evap=393.197453 backs=51.765131
t= 3380.00 +7.45e-14 | 0.0251  0.04      1    0     36     39 | 1.5918  0.00 | 2.24e-12 1.66e-24 |  61.3081 1.0218  0.1739  6.5671 0.042  0.04 | edge_dev mean=2.1977 max=12.2747 gg=0.0842 shape_dev=1.7690 xbar=0.5109
# CONVTAG t=3380.00 rough=3.668550 cond=346.484849 evap=393.480908 backs=51.802103
# QATOM t=3381.74 dir=FD w=0.987996668 e=0.180831236409 i=0 Em=1.3959
t= 3384.00 +7.43e-14 | 0.0251  0.04      1    0     36     39 | 1.5918  0.00 | 7.82e-16 4.22e-25 |  61.2466 1.0208  0.1330  6.5461 0.042  0.04 | edge_dev mean=2.1977 max=12.2747 gg=0.0595 shape_dev=1.7690 xbar=0.5104
# CONVTAG t=3384.00 rough=3.668550 cond=346.665681 evap=393.750395 backs=51.837254
t= 3388.00 +7.41e-14 | 0.0251  0.04      1    0     36     39 | 1.5918  0.00 | 6.04e-16 4.88e-23 |  61.3471 1.0225  0.1420  6.5543 0.042  0.04 | edge_dev mean=2.1977 max=12.2747 gg=0.0563 shape_dev=1.7690 xbar=0.5112
# CONVTAG t=3388.00 rough=3.668550 cond=347.003277 evap=394.038083 backs=51.874778
# QATOM t=3389.06 dir=FD w=0.985744684 e=0.180419059956 i=1 Em=1.4039
t= 3392.00 +7.39e-14 | 0.0251  0.00      0    0     36     39 | 0.0000  0.00 | 0.00e+00 0.00e+00 |  61.6079 1.0268  0.1833  6.5426 0.021  0.00 | edge_dev mean=2.1977 max=12.2747 gg=0.0696 shape_dev=1.7690 xbar=0.5134
# CONVTAG t=3392.00 rough=3.668550 cond=347.517818 evap=394.369027 backs=51.917945
t= 3396.00 +7.38e-14 | 0.0251  0.00      0    0     36     39 | 0.0000  0.00 | 0.00e+00 0.00e+00 |  61.6079 1.0268  0.1833  6.5426 0.021  0.00 | edge_dev mean=2.1977 max=12.2747 gg=0.0979 shape_dev=1.7690 xbar=0.5134
# CONVTAG t=3396.00 rough=3.668550 cond=347.517818 evap=394.369027 backs=51.917945
# QATOM t=3397.28 dir=FD w=0.897031066 e=0.164181967587 i=33 Em=1.7488
t= 3400.00 +7.37e-14 | 0.0250  0.00      0    0     36     39 | 0.0000  0.00 | 0.00e+00 0.00e+00 |  62.3499 1.0392  0.1258  6.5206 0.021  0.00 | edge_dev mean=2.1977 max=12.2747 gg=0.0920 shape_dev=1.7690 xbar=0.5196
# CONVTAG t=3400.00 rough=3.668550 cond=348.450751 evap=394.699885 backs=51.961100
# QATOM t=3403.46 dir=DF w=1.85555097 e=0.339618124825 i=4 Em=1.1727
t= 3404.00 +7.35e-14 | 0.0251  0.04      1    0     36     39 | 1.6234  0.00 | 1.52e-05 2.66e-11 |  61.6462 1.0274  0.0664  6.4967 0.042  0.04 | edge_dev mean=2.1977 max=12.2747 gg=0.0634 shape_dev=1.7690 xbar=0.5137
# CONVTAG t=3404.00 rough=3.668550 cond=348.450751 evap=395.403655 backs=52.052896
# QATOM t=3406.98 dir=DF w=1.50256761 e=0.275012221936 i=33 Em=1.9376
t= 3408.00 +7.35e-14 | 0.0251  0.04      1    0     36     39 | 1.6529  0.00 | 1.47e-06 3.30e-07 |  61.1671 1.0195  0.1257  6.4742 0.042  0.04 | edge_dev mean=2.1976 max=12.2715 gg=0.0491 shape_dev=1.7709 xbar=0.5097
# CONVTAG t=3408.00 rough=3.668550 cond=348.824482 evap=396.312501 backs=52.171441
# QATOM t=3410.50 dir=FD w=1.17868764 e=0.431466116606 i=4 Em=0.8330
t= 3412.00 +7.34e-14 | 0.0252  0.17      4    0     36     39 | 1.6260  0.99 | 5.07e-06 1.08e-06 |  60.8251 1.0138  0.1789  6.4704 0.062  0.17 | edge_dev mean=2.1972 max=12.2712 gg=0.0555 shape_dev=1.7703 xbar=0.5069
# CONVTAG t=3412.00 rough=3.668550 cond=349.573840 evap=397.516272 backs=52.328455
# QATOM t=3414.32 dir=FD w=0.918064636 e=0.168031703624 i=12 Em=1.6610
t= 3416.00 +7.35e-14 | 0.0251  0.08      2    0     36     39 | 1.6170  0.38 | 1.51e-09 5.59e-13 |  61.4556 1.0243  0.0499  6.4772 0.042  0.08 | edge_dev mean=2.1972 max=12.2712 gg=0.0366 shape_dev=1.7703 xbar=0.5121
# CONVTAG t=3416.00 rough=3.668550 cond=350.362061 evap=397.792224 backs=52.364449
t= 3420.00 +7.34e-14 | 0.0251  0.00      0    0     36     39 | 0.0000  0.00 | 0.00e+00 0.00e+00 |  61.9488 1.0325  0.0674  6.4812 0.021  0.00 | edge_dev mean=2.1972 max=12.2712 gg=0.0497 shape_dev=1.7703 xbar=0.5162
# CONVTAG t=3420.00 rough=3.668550 cond=350.790921 evap=397.792224 backs=52.364449
t= 3424.00 +7.33e-14 | 0.0251  0.00      0    0     36     39 | 0.0000  0.00 | 0.00e+00 0.00e+00 |  61.6375 1.0273  0.0827  6.4935 0.021  0.00 | edge_dev mean=2.1972 max=12.2712 gg=0.0721 shape_dev=1.7703 xbar=0.5136
# CONVTAG t=3424.00 rough=3.668550 cond=350.790921 evap=398.103522 backs=52.405053
# QATOM t=3425.06 dir=FD w=0.917674193 e=0.167960241523 i=33 Em=1.6625
t= 3428.00 +7.33e-14 | 0.0251  0.00      0    0     36     39 | 0.0000  0.00 | 0.00e+00 0.00e+00 |  61.8306 1.0305  0.0931  6.4928 0.021  0.00 | edge_dev mean=2.1972 max=12.2712 gg=0.0678 shape_dev=1.7703 xbar=0.5153
# CONVTAG t=3428.00 rough=3.668550 cond=350.958881 evap=398.103522 backs=52.405053
t= 3432.00 +7.33e-14 | 0.0250  0.00      0    0     36     39 | 0.0000  0.00 | 0.00e+00 0.00e+00 |  62.2281 1.0371  0.0957  6.5167 0.021  0.00 | edge_dev mean=2.1972 max=12.2712 gg=0.0351 shape_dev=1.7703 xbar=0.5186
# CONVTAG t=3432.00 rough=3.668550 cond=351.304492 evap=398.103522 backs=52.405053
# QATOM t=3432.90 dir=DF w=1.69918714 e=0.310999137292 i=16 Em=1.4723
t= 3436.00 +7.33e-14 | 0.0252  0.08      2    0     36     39 | 1.6116  0.70 | 9.44e-06 3.19e-08 |  60.9466 1.0158  0.1430  6.5623 0.042  0.08 | edge_dev mean=2.1972 max=12.2712 gg=0.0679 shape_dev=1.7701 xbar=0.5079
# CONVTAG t=3436.00 rough=3.668550 cond=351.473111 evap=399.578926 backs=52.597497
# QATOM t=3437.68 dir=DF w=1.8237106 e=0.33379044102 i=17 Em=1.2295
# QATOM t=3439.38 dir=DF w=1.46936587 e=0.268935368259 i=31 Em=2.0284
t= 3440.00 +7.33e-14 | 0.0251  0.08      2    0     36     39 | 1.6079  0.44 | 2.82e-06 6.02e-05 |  61.1631 1.0194  0.0929  6.5482 0.042  0.08 | edge_dev mean=2.1972 max=12.2711 gg=0.0698 shape_dev=1.7714 xbar=0.5097
# CONVTAG t=3440.00 rough=3.668550 cond=352.471920 evap=400.511031 backs=52.719076
# QATOM t=3443.22 dir=FD w=0.986388662 e=0.180536926076 i=37 Em=1.4016
t= 3444.00 +7.34e-14 | 0.0251  0.08      2    0     36     39 | 1.6051  0.59 | 2.76e-06 9.45e-05 |  61.3430 1.0224  0.0594  6.5096 0.042  0.08 | edge_dev mean=2.1973 max=12.2712 gg=0.0486 shape_dev=1.7713 xbar=0.5112
# CONVTAG t=3444.00 rough=3.668550 cond=353.192818 evap=401.160216 backs=52.803752
# QATOM t=3446.24 dir=DF w=1.51476777 e=0.277245194469 i=46 Em=1.9052
t= 3448.00 +7.34e-14 | 0.0252  0.17      4    0     36     39 | 1.6155  0.48 | 6.76e-05 1.97e-05 |  61.0104 1.0168  0.0363  6.5168 0.104  0.17 | edge_dev mean=2.1972 max=12.2712 gg=0.0245 shape_dev=1.7692 xbar=0.5084
# CONVTAG t=3448.00 rough=3.668550 cond=353.972165 evap=402.389088 backs=52.964040
# QATOM t=3448.98 dir=FD w=1.22309636 e=0.223861105678 i=41 Em=0.7272
t= 3452.00 +7.34e-14 | 0.0251  0.12      3    0     36     39 | 1.6179  0.63 | 3.42e-06 1.57e-06 |  61.4561 1.0243  0.0168  6.5385 0.083  0.12 | edge_dev mean=2.1973 max=12.2712 gg=0.0430 shape_dev=1.7685 xbar=0.5121
# CONVTAG t=3452.00 rough=3.668550 cond=354.359749 evap=402.389088 backs=52.964040
# QATOM t=3455.20 dir=FD w=0.926234049 e=0.169526936538 i=46 Em=1.6279
t= 3456.00 +7.33e-14 | 0.0251  0.12      3    0     36     39 | 1.6180  0.64 | 1.99e-07 1.62e-07 |  61.9432 1.0324  0.0661  6.5376 0.083  0.12 | edge_dev mean=2.1973 max=12.2712 gg=0.0721 shape_dev=1.7684 xbar=0.5162
# CONVTAG t=3456.00 rough=3.668550 cond=355.064302 evap=402.712206 backs=53.006185
t= 3460.00 +7.33e-14 | 0.0251  0.21      5    0     36     39 | 1.6177  0.53 | 1.10e-05 4.11e-06 |  61.7263 1.0288  0.0682  6.5261 0.125  0.21 | edge_dev mean=2.1974 max=12.2712 gg=0.0514 shape_dev=1.7680 xbar=0.5144
# CONVTAG t=3460.00 rough=3.668550 cond=355.389697 evap=403.303281 backs=53.083282
# QATOM t=3460.84 dir=DF w=1.71692053 e=0.31424484806 i=40 Em=1.4356
t= 3464.00 +7.31e-14 | 0.0251  0.17      4    0     36     39 | 1.6219  0.21 | 8.05e-06 2.34e-05 |  61.7900 1.0298  0.0396  6.4976 0.104  0.17 | edge_dev mean=2.1974 max=12.2712 gg=0.0417 shape_dev=1.7668 xbar=0.5149
# CONVTAG t=3464.00 rough=3.668550 cond=355.963318 evap=403.899246 backs=53.161017
t= 3468.00 +7.30e-14 | 0.0251  0.17      4    0     36     39 | 1.6224  0.21 | 1.19e-06 1.07e-05 |  61.4769 1.0246  0.0141  6.4984 0.104  0.17 | edge_dev mean=2.1974 max=12.2712 gg=0.0280 shape_dev=1.7667 xbar=0.5123
# CONVTAG t=3468.00 rough=3.668550 cond=355.963318 evap=404.212349 backs=53.201856
# QATOM t=3469.02 dir=DF w=1.70400119 e=0.311880245071 i=47 Em=1.4622
t= 3472.00 +7.29e-14 | 0.0251  0.21      5    0     36     39 | 1.6189  0.48 | 6.03e-07 9.32e-06 |  61.8161 1.0303  0.0484  6.5039 0.104  0.21 | edge_dev mean=2.1974 max=12.2712 gg=0.0677 shape_dev=1.7664 xbar=0.5151
# CONVTAG t=3472.00 rough=3.668550 cond=356.529443 evap=404.524229 backs=53.242536
# QATOM t=3474.62 dir=DF w=1.7486308 e=0.32004872155 i=9 Em=1.3718
t= 3476.00 +7.27e-14 | 0.0251  0.17      4    0     36     39 | 1.6173  0.49 | 2.07e-06 2.48e-05 |  61.6563 1.0276  0.1253  6.5096 0.062  0.17 | edge_dev mean=2.1974 max=12.2712 gg=0.0422 shape_dev=1.7664 xbar=0.5138
# CONVTAG t=3476.00 rough=3.668550 cond=356.920393 evap=405.133642 backs=53.322025
# QATOM t=3479.34 dir=DF w=1.56740893 e=0.286880010954 i=12 Em=1.9589
t= 3480.00 +7.26e-14 | 0.0251  0.17      4    0     36     39 | 1.6160  0.42 | 4.55e-05 3.22e-04 |  61.1270 1.0188  0.0990  6.5359 0.062  0.17 | edge_dev mean=2.1972 max=12.2712 gg=0.0363 shape_dev=1.7666 xbar=0.5094
# CONVTAG t=3480.00 rough=3.668550 cond=357.243454 evap=406.034430 backs=53.439519
# QATOM t=3481.88 dir=DF w=1.97556233 e=0.361583586464 i=44 Em=0.9747
t= 3484.00 +7.26e-14 | 0.0252  0.21      5    0     36     39 | 1.6134  1.09 | 1.32e-05 1.59e-03 |  60.5223 1.0087  0.0634  6.5351 0.062  0.21 | edge_dev mean=2.1961 max=12.2712 gg=0.0111 shape_dev=1.7675 xbar=0.5043
# CONVTAG t=3484.00 rough=3.668550 cond=357.792095 evap=407.270057 backs=53.600688
t= 3488.00 +7.26e-14 | 0.0252  0.21      5    0     36     39 | 1.6147  0.97 | 4.47e-05 1.28e-03 |  60.2539 1.0042  0.0470  6.5225 0.062  0.21 | edge_dev mean=2.1963 max=12.2712 gg=0.0361 shape_dev=1.7673 xbar=0.5021
# CONVTAG t=3488.00 rough=3.668550 cond=357.792095 evap=407.538449 backs=53.635695
# QATOM t=3489.42 dir=FD w=0.963068132 e=0.176268611734 i=33 Em=1.4860
t= 3492.00 +7.26e-14 | 0.0252  0.25      6    0     36     39 | 1.6099  0.60 | 6.14e-05 1.90e-04 |  60.0888 1.0015  0.0942  6.5185 0.083  0.25 | edge_dev mean=2.1972 max=12.2712 gg=0.0411 shape_dev=1.7662 xbar=0.5007
# CONVTAG t=3492.00 rough=3.668550 cond=358.177479 evap=408.146754 backs=53.715040
# QATOM t=3492.88 dir=DF w=1.54667816 e=0.283085696143 i=46 Em=2.0081
t= 3496.00 +7.25e-14 | 0.0252  0.25      6    0     36     39 | 1.6145  0.72 | 7.20e-07 1.69e-07 |  60.3989 1.0066  0.1077  6.5216 0.104  0.25 | edge_dev mean=2.1975 max=12.2712 gg=0.0610 shape_dev=1.7660 xbar=0.5033
# CONVTAG t=3496.00 rough=3.668550 cond=358.939878 evap=408.713378 backs=53.788947
# QATOM t=3497.52 dir=DF w=1.79231514 e=0.328044185688 i=2 Em=1.2875
# QATOM t=3499.18 dir=FD w=1.02093159 e=0.186859255926 i=19 Em=1.2835
t= 3500.00 +7.23e-14 | 0.0252  0.33      8    0     36     39 | 1.6146  0.63 | 1.64e-05 3.67e-07 |  60.2485 1.0041  0.0420  6.5549 0.104  0.33 | edge_dev mean=2.1977 max=12.2712 gg=0.1109 shape_dev=1.7647 xbar=0.5021
# CONVTAG t=3500.00 rough=3.668550 cond=359.628407 evap=409.655636 backs=53.911850
t= 3504.00 +7.21e-14 | 0.0252  0.29      7    0     36     39 | 1.6144  0.71 | 7.00e-07 1.58e-07 |  60.1492 1.0025  0.0425  6.5498 0.125  0.29 | edge_dev mean=2.1977 max=12.2712 gg=0.0562 shape_dev=1.7645 xbar=0.5012
# CONVTAG t=3504.00 rough=3.668550 cond=359.836219 evap=409.993943 backs=53.955977
# QATOM t=3507.62 dir=FD w=0.911312856 e=0.166795937577 i=33 Em=1.6887
t= 3508.00 +7.18e-14 | 0.0252  0.29      7    0     36     39 | 1.6144  0.71 | 4.37e-08 1.10e-07 |  60.9434 1.0157  0.0398  6.5302 0.125  0.29 | edge_dev mean=2.1977 max=12.2712 gg=0.0546 shape_dev=1.7645 xbar=0.5079
# CONVTAG t=3508.00 rough=3.668550 cond=360.526845 evap=409.993943 backs=53.955977
# QATOM t=3510.08 dir=DF w=1.73877044 e=0.318243997516 i=25 Em=1.3913
t= 3512.00 +7.17e-14 | 0.0251  0.17      4    0     36     39 | 1.6177  0.18 | 2.69e-10 3.60e-12 |  61.3817 1.0230  0.1041  6.4893 0.062  0.17 | edge_dev mean=2.1977 max=12.2712 gg=0.0323 shape_dev=1.7645 xbar=0.5115
# CONVTAG t=3512.00 rough=3.668550 cond=361.451314 evap=410.618806 backs=54.037481
t= 3516.00 +7.15e-14 | 0.0251  0.08      2    0     36     39 | 1.6196  0.18 | 1.23e-15 1.56e-18 |  62.0584 1.0343  0.1359  6.4655 0.062  0.08 | edge_dev mean=2.1977 max=12.2712 gg=0.0365 shape_dev=1.7645 xbar=0.5172
# CONVTAG t=3516.00 rough=3.668550 cond=362.039788 evap=410.618806 backs=54.037481
# QATOM t=3516.04 dir=DF w=1.53029101 e=0.280086384721 i=12 Em=1.8647
# QATOM t=3517.70 dir=FD w=1.08904557 e=0.199326033283 i=25 Em=1.0731
t= 3520.00 +7.13e-14 | 0.0250  0.08      2    0     36     39 | 1.6196  0.18 | 1.23e-15 3.58e-21 |  62.3342 1.0389  0.0804  6.4900 0.062  0.08 | edge_dev mean=2.1977 max=12.2712 gg=0.0833 shape_dev=1.7645 xbar=0.5195
# CONVTAG t=3520.00 rough=3.668550 cond=362.761180 evap=411.172635 backs=54.109720
t= 3524.00 +7.10e-14 | 0.0251  0.08      2    0     36     39 | 1.6196  0.18 | 1.23e-15 2.78e-25 |  62.0576 1.0343  0.0735  6.4969 0.062  0.08 | edge_dev mean=2.1977 max=12.2712 gg=0.1039 shape_dev=1.7645 xbar=0.5171
# CONVTAG t=3524.00 rough=3.668550 cond=362.761180 evap=411.449198 backs=54.145793
# QATOM t=3526.68 dir=DF w=1.53709951 e=0.281332533517 i=22 Em=1.8472
t= 3528.00 +7.09e-14 | 0.0251  0.08      2    0     36     39 | 1.6196  0.18 | 1.23e-15 2.60e-32 |  61.0845 1.0181  0.0924  6.5137 0.062  0.08 | edge_dev mean=2.1977 max=12.2712 gg=0.0808 shape_dev=1.7645 xbar=0.5090
# CONVTAG t=3528.00 rough=3.668550 cond=362.929290 evap=412.615600 backs=54.297933
t= 3532.00 +7.06e-14 | 0.0251  0.08      2    0     36     39 | 1.6196  0.18 | 1.23e-15 7.39e-24 |  61.0845 1.0181  0.0924  6.5137 0.062  0.08 | edge_dev mean=2.1977 max=12.2712 gg=0.0418 shape_dev=1.7645 xbar=0.5090
# CONVTAG t=3532.00 rough=3.668550 cond=362.929290 evap=412.615600 backs=54.297933
# QATOM t=3534.38 dir=DF w=1.58787659 e=0.290626168724 i=37 Em=1.7215
t= 3536.00 +7.05e-14 | 0.0251  0.17      4    0     36     39 | 1.6129  0.43 | 1.41e-05 4.94e-09 |  61.5082 1.0251  0.0826  6.5367 0.062  0.17 | edge_dev mean=2.1977 max=12.2712 gg=0.0231 shape_dev=1.7640 xbar=0.5126
# CONVTAG t=3536.00 rough=3.668550 cond=363.801656 evap=413.195156 backs=54.373527
t= 3540.00 +7.05e-14 | 0.0251  0.17      4    0     36     39 | 1.6133  0.41 | 6.73e-08 3.43e-17 |  61.7026 1.0284  0.0853  6.5317 0.062  0.17 | edge_dev mean=2.1977 max=12.2712 gg=0.0511 shape_dev=1.7639 xbar=0.5142
# CONVTAG t=3540.00 rough=3.668550 cond=363.970704 evap=413.195156 backs=54.373527
# QATOM t=3541.08 dir=FD w=0.971514165 e=0.177814473954 i=11 Em=1.4550
t= 3544.00 +7.04e-14 | 0.0251  0.08      2    0     36     39 | 1.6196  0.18 | 1.23e-15 2.82e-16 |  62.0369 1.0339  0.0511  6.5016 0.062  0.08 | edge_dev mean=2.1977 max=12.2712 gg=0.0972 shape_dev=1.7639 xbar=0.5170
# CONVTAG t=3544.00 rough=3.668550 cond=364.505673 evap=413.476109 backs=54.410173
# QATOM t=3545.10 dir=DF w=1.46346952 e=0.267856169727 i=31 Em=2.0450
t= 3548.00 +7.04e-14 | 0.0251  0.08      2    0     36     39 | 1.6196  0.18 | 1.23e-15 1.07e-16 |  61.1778 1.0196  0.0701  6.5015 0.062  0.08 | edge_dev mean=2.1977 max=12.2712 gg=0.0802 shape_dev=1.7639 xbar=0.5098
# CONVTAG t=3548.00 rough=3.668550 cond=364.505673 evap=414.335158 backs=54.522223
t= 3552.00 +7.05e-14 | 0.0251  0.08      2    0     36     39 | 1.6196  0.18 | 1.21e-15 4.54e-17 |  61.3711 1.0229  0.0641  6.4937 0.062  0.08 | edge_dev mean=2.1977 max=12.2712 gg=0.1001 shape_dev=1.7639 xbar=0.5114
# CONVTAG t=3552.00 rough=3.668550 cond=364.673773 evap=414.335158 backs=54.522223
# QATOM t=3554.06 dir=FD w=0.893437138 e=0.163524177404 i=22 Em=1.7642
t= 3556.00 +7.05e-14 | 0.0251  0.08      2    0     36     39 | 1.6196  0.18 | 1.11e-15 2.43e-16 |  61.5250 1.0254  0.0803  6.4872 0.062  0.08 | edge_dev mean=2.1977 max=12.2712 gg=0.0439 shape_dev=1.7639 xbar=0.5127
# CONVTAG t=3556.00 rough=3.668550 cond=365.350808 evap=414.959928 backs=54.603714
t= 3560.00 +7.02e-14 | 0.0251  0.08      2    0     36     39 | 1.6196  0.18 | 1.13e-15 1.94e-16 |  61.2289 1.0205  0.0655  6.4993 0.062  0.08 | edge_dev mean=2.1977 max=12.2712 gg=0.0661 shape_dev=1.7639 xbar=0.5102
# CONVTAG t=3560.00 rough=3.668550 cond=365.350808 evap=415.255948 backs=54.642326
# QATOM t=3561.60 dir=FD w=0.919824059 e=0.16835372769 i=1 Em=1.6538
# QATOM t=3563.72 dir=DF w=1.55663799 e=0.284908625466 i=33 Em=1.7979
t= 3564.00 +7.01e-14 | 0.0252  0.08      2    0     36     39 | 1.6196  0.18 | 1.22e-15 2.01e-17 |  60.6873 1.0115  0.0686  6.5102 0.062  0.08 | edge_dev mean=2.1977 max=12.2712 gg=0.0557 shape_dev=1.7639 xbar=0.5057
# CONVTAG t=3564.00 rough=3.668550 cond=365.892158 evap=416.420168 backs=54.794181
# QATOM t=3567.22 dir=DF w=1.54274154 e=0.282365182916 i=46 Em=2.0176
t= 3568.00 +7.00e-14 | 0.0252  0.08      2    0     36     39 | 1.6196  0.18 | 1.23e-15 2.57e-19 |  59.9924 0.9999  0.0554  6.4919 0.062  0.08 | edge_dev mean=2.1977 max=12.2712 gg=0.0989 shape_dev=1.7639 xbar=0.4999
# CONVTAG t=3568.00 rough=3.668550 cond=366.052815 evap=417.299748 backs=54.908908
# QATOM t=3571.24 dir=FD w=1.09302077 e=0.200053607129 i=13 Em=1.0616
t= 3572.00 +6.98e-14 | 0.0252  0.08      2    0     36     39 | 1.6196  0.18 | 1.23e-15 2.78e-22 |  60.5582 1.0093  0.0704  6.4960 0.062  0.08 | edge_dev mean=2.1977 max=12.2712 gg=0.0526 shape_dev=1.7639 xbar=0.5047
# CONVTAG t=3572.00 rough=3.668550 cond=366.789059 evap=417.580686 backs=54.945552
t= 3576.00 +6.97e-14 | 0.0252  0.08      2    0     36     39 | 1.6196  0.18 | 1.23e-15 2.05e-24 |  60.6340 1.0106  0.0855  6.4976 0.062  0.08 | edge_dev mean=2.1977 max=12.2712 gg=0.0337 shape_dev=1.7639 xbar=0.5053
# CONVTAG t=3576.00 rough=3.668550 cond=367.130683 evap=417.897785 backs=54.986913
t= 3580.00 +6.94e-14 | 0.0252  0.08      2    0     36     39 | 1.6196  0.18 | 1.23e-15 7.98e-20 |  60.3515 1.0059  0.0987  6.5089 0.062  0.08 | edge_dev mean=2.1977 max=12.2712 gg=0.0691 shape_dev=1.7639 xbar=0.5029
# CONVTAG t=3580.00 rough=3.668550 cond=367.130683 evap=418.180272 backs=55.023759
# QATOM t=3580.30 dir=FD w=0.892191335 e=0.163296160408 i=32 Em=1.7695
# QATOM t=3582.08 dir=FD w=0.999411378 e=0.182920450053 i=35 Em=1.3562
t= 3584.00 +6.94e-14 | 0.0252  0.08      2    0     36     39 | 1.6196  0.18 | 1.23e-15 2.43e-17 |  60.7785 1.0130  0.0774  6.5158 0.062  0.08 | edge_dev mean=2.1977 max=12.2712 gg=0.0237 shape_dev=1.7639 xbar=0.5065
# CONVTAG t=3584.00 rough=3.668550 cond=368.016457 evap=418.771869 backs=55.100924
# QATOM t=3587.36 dir=FD w=1.08434431 e=0.198465570889 i=20 Em=1.0867
t= 3588.00 +6.94e-14 | 0.0252  0.21      5    0     37     39 | 1.6227  0.23 | 3.96e-06 1.05e-07 |  60.5130 1.0086  0.0433  6.4889 0.062  0.21 | edge_dev mean=2.1975 max=12.2712 gg=0.0364 shape_dev=1.7635 xbar=0.5043
# CONVTAG t=3588.00 rough=3.668550 cond=368.387052 evap=419.463545 backs=55.191143
# QATOM t=3590.72 dir=FD w=0.905199273 e=0.165676979682 i=33 Em=1.7142
t= 3592.00 +6.97e-14 | 0.0251  0.12      3    0     37     39 | 1.6202  0.15 | 8.77e-10 5.59e-12 |  61.3374 1.0223  0.0571  6.4811 0.062  0.12 | edge_dev mean=2.1975 max=12.2712 gg=0.1148 shape_dev=1.7635 xbar=0.5111
# CONVTAG t=3592.00 rough=3.668550 cond=369.341899 evap=419.737212 backs=55.226838
t= 3596.00 +6.97e-14 | 0.0251  0.12      3    0     37     39 | 1.6202  0.15 | 2.48e-13 5.12e-18 |  61.4276 1.0238  0.0577  6.4976 0.062  0.12 | edge_dev mean=2.1975 max=12.2712 gg=0.0629 shape_dev=1.7635 xbar=0.5119
# CONVTAG t=3596.00 rough=3.668550 cond=369.665284 evap=420.018885 backs=55.263578
# QATOM t=3598.54 dir=DF w=1.52627851 e=0.279351983977 i=12 Em=1.8751
t= 3600.00 +7.00e-14 | 0.0251  0.08      2    0     37     40 | 1.6196  0.18 | 1.23e-15 3.04e-18 |  61.6354 1.0273  0.0740  6.5255 0.062  0.08 | edge_dev mean=2.1975 max=12.2712 gg=0.0763 shape_dev=1.7635 xbar=0.5136
# CONVTAG t=3600.00 rough=3.668550 cond=370.088858 evap=420.298237 backs=55.300016
t= 3604.00 +7.01e-14 | 0.0251  0.08      2    0     37     40 | 1.6196  0.18 | 1.19e-15 7.59e-17 |  61.0892 1.0182  0.1109  6.5190 0.062  0.08 | edge_dev mean=2.1975 max=12.2712 gg=0.0879 shape_dev=1.7635 xbar=0.5091
# CONVTAG t=3604.00 rough=3.668550 cond=370.088858 evap=420.844444 backs=55.371260
# QATOM t=3604.52 dir=DF w=1.5073812 e=0.275893244477 i=46 Em=1.9247
t= 3608.00 +7.01e-14 | 0.0252  0.12      3    0     37     40 | 1.6159  0.35 | 5.85e-06 3.16e-06 |  60.8843 1.0147  0.0906  6.5244 0.062  0.12 | edge_dev mean=2.1974 max=12.2712 gg=0.1031 shape_dev=1.7632 xbar=0.5074
# CONVTAG t=3608.00 rough=3.668550 cond=370.434485 evap=421.446789 backs=55.449827
# QATOM t=3609.22 dir=DF w=1.74741055 e=0.319825379845 i=47 Em=1.5834
t= 3612.00 +7.01e-14 | 0.0252  0.12      3    0     37     40 | 1.6175  0.23 | 2.39e-07 5.27e-09 |  60.8798 1.0147  0.0479  6.5344 0.062  0.12 | edge_dev mean=2.1973 max=12.2712 gg=0.0502 shape_dev=1.7631 xbar=0.5073
# CONVTAG t=3612.00 rough=3.668550 cond=370.949751 evap=422.043892 backs=55.527710
t= 3616.00 +7.01e-14 | 0.0251  0.08      2    0     37     40 | 1.6196  0.18 | 1.23e-15 7.49e-18 |  61.1161 1.0186  0.0549  6.5240 0.062  0.08 | edge_dev mean=2.1973 max=12.2712 gg=0.0403 shape_dev=1.7631 xbar=0.5093
# CONVTAG t=3616.00 rough=3.668550 cond=371.155278 evap=422.043892 backs=55.527710
# QATOM t=3616.30 dir=FD w=0.934337342 e=0.171010067447 i=12 Em=1.5957
t= 3620.00 +7.01e-14 | 0.0251  0.08      2    0     37     40 | 1.6196  0.18 | 1.23e-15 5.01e-20 |  61.5842 1.0264  0.1361  6.4868 0.062  0.08 | edge_dev mean=2.1973 max=12.2712 gg=0.0480 shape_dev=1.7631 xbar=0.5132
# CONVTAG t=3620.00 rough=3.668550 cond=371.835507 evap=422.358122 backs=55.568696
# QATOM t=3621.62 dir=DF w=1.48493705 e=0.271785332453 i=31 Em=1.9853
t= 3624.00 +7.02e-14 | 0.0252  0.08      2    0     37     40 | 1.6196  0.18 | 1.23e-15 3.68e-20 |  60.9203 1.0153  0.2053  6.4634 0.062  0.08 | edge_dev mean=2.1973 max=12.2712 gg=0.0610 shape_dev=1.7631 xbar=0.5077
# CONVTAG t=3624.00 rough=3.668550 cond=372.004084 evap=423.215849 backs=55.680574
# QATOM t=3626.86 dir=DF w=1.52603233 e=0.279306927304 i=32 Em=1.8757
t= 3628.00 +7.04e-14 | 0.0251  0.08      2    0     37     40 | 1.6196  0.18 | 1.23e-15 1.61e-17 |  61.0925 1.0182  0.1007  6.4924 0.062  0.08 | edge_dev mean=2.1973 max=12.2712 gg=0.0695 shape_dev=1.7631 xbar=0.5091
# CONVTAG t=3628.00 rough=3.668550 cond=372.396715 evap=423.495156 backs=55.717005
t= 3632.00 +7.05e-14 | 0.0251  0.08      2    0     37     40 | 1.6196  0.18 | 1.23e-15 2.34e-16 |  61.4959 1.0249  0.0590  6.5127 0.062  0.08 | edge_dev mean=2.1973 max=12.2712 gg=0.0875 shape_dev=1.7631 xbar=0.5125
# CONVTAG t=3632.00 rough=3.668550 cond=372.747472 evap=423.495156 backs=55.717005
# QATOM t=3635.74 dir=FD w=0.934163764 e=0.170978297726 i=32 Em=1.5964
t= 3636.00 +7.06e-14 | 0.0251  0.12      3    0     37     40 | 1.6113  0.75 | 1.20e-06 1.66e-16 |  61.6080 1.0268  0.0604  6.5202 0.062  0.12 | edge_dev mean=2.1973 max=12.2712 gg=0.0810 shape_dev=1.7630 xbar=0.5134
# CONVTAG t=3636.00 rough=3.668550 cond=373.094877 evap=423.782551 backs=55.754491
t= 3640.00 +7.06e-14 | 0.0251  0.12      3    0     37     40 | 1.6113  0.74 | 3.40e-10 4.60e-18 |  61.2005 1.0200  0.0491  6.5235 0.062  0.12 | edge_dev mean=2.1973 max=12.2712 gg=0.0652 shape_dev=1.7630 xbar=0.5100
# CONVTAG t=3640.00 rough=3.668550 cond=373.257403 evap=424.376940 backs=55.832020
# QATOM t=3641.48 dir=FD w=0.875567282 e=0.160253490114 i=46 Em=1.8427
t= 3644.00 +7.08e-14 | 0.0252  0.17      4    0     37     40 | 1.6111  0.64 | 3.64e-05 1.34e-13 |  60.6930 1.0116  0.0307  6.5591 0.062  0.17 | edge_dev mean=2.1972 max=12.2712 gg=0.0883 shape_dev=1.7630 xbar=0.5058
# CONVTAG t=3644.00 rough=3.668550 cond=373.575442 evap=425.250192 backs=55.945923
# QATOM t=3645.64 dir=FD w=1.05028199 e=0.192231205557 i=15 Em=1.1896
t= 3648.00 +7.09e-14 | 0.0252  0.21      5    0     37     40 | 1.6102  0.60 | 1.76e-07 3.35e-11 |  60.0579 1.0010  0.0212  6.5851 0.062  0.21 | edge_dev mean=2.1972 max=12.2712 gg=0.0912 shape_dev=1.7629 xbar=0.5005
# CONVTAG t=3648.00 rough=3.668550 cond=373.767674 evap=426.106392 backs=56.057601
t= 3652.00 +7.09e-14 | 0.0252  0.17      4    0     37     40 | 1.6116  0.65 | 1.21e-09 6.02e-11 |  59.9969 0.9999  0.0454  6.5636 0.062  0.17 | edge_dev mean=2.1972 max=12.2712 gg=0.0556 shape_dev=1.7629 xbar=0.5000
# CONVTAG t=3652.00 rough=3.668550 cond=373.945272 evap=426.371642 backs=56.092199
# QATOM t=3652.02 dir=FD w=0.965522253 e=0.176717785168 i=1 Em=1.4769
t= 3656.00 +7.10e-14 | 0.0252  0.12      3    0     37     40 | 1.6172  0.25 | 1.74e-13 4.72e-14 |  60.6013 1.0100  0.0706  6.5453 0.062  0.12 | edge_dev mean=2.1972 max=12.2712 gg=0.0554 shape_dev=1.7629 xbar=0.5050
# CONVTAG t=3656.00 rough=3.668550 cond=374.470898 evap=426.371642 backs=56.092199
t= 3660.00 +7.11e-14 | 0.0252  0.12      3    0     37     40 | 1.6172  0.25 | 1.08e-15 2.92e-16 |  60.7933 1.0132  0.0654  6.5374 0.062  0.12 | edge_dev mean=2.1972 max=12.2712 gg=0.0651 shape_dev=1.7629 xbar=0.5066
# CONVTAG t=3660.00 rough=3.668550 cond=374.637828 evap=426.371642 backs=56.092199
# QATOM t=3660.84 dir=DF w=1.79500842 e=0.328537132967 i=9 Em=1.2825
t= 3664.00 +7.11e-14 | 0.0252  0.17      4    0     37     40 | 1.6240  0.34 | 9.46e-07 2.08e-07 |  60.8102 1.0135  0.0523  6.5046 0.062  0.17 | edge_dev mean=2.1973 max=12.2712 gg=0.0403 shape_dev=1.7627 xbar=0.5068
# CONVTAG t=3664.00 rough=3.668550 cond=375.186231 evap=426.985444 backs=56.172260
t= 3668.00 +7.14e-14 | 0.0251  0.17      4    0     37     40 | 1.6240  0.34 | 7.51e-09 4.08e-09 |  61.0020 1.0167  0.0452  6.4999 0.062  0.17 | edge_dev mean=2.1973 max=12.2712 gg=0.0456 shape_dev=1.7627 xbar=0.5083
# CONVTAG t=3668.00 rough=3.668550 cond=375.353011 evap=426.985444 backs=56.172260
# QATOM t=3668.16 dir=FD w=1.13169439 e=0.207131970292 i=9 Em=0.9541
t= 3672.00 +7.15e-14 | 0.0251  0.12      3    0     37     40 | 1.6196  0.14 | 1.27e-06 3.48e-13 |  61.0035 1.0167  0.0483  6.5234 0.062  0.12 | edge_dev mean=2.1973 max=12.2712 gg=0.0531 shape_dev=1.7626 xbar=0.5084
# CONVTAG t=3672.00 rough=3.668550 cond=375.885645 evap=427.596427 backs=56.251954
# QATOM t=3672.46 dir=FD w=0.957221657 e=0.175198542047 i=32 Em=1.5078
t= 3676.00 +7.14e-14 | 0.0251  0.08      2    0     37     40 | 1.6196  0.18 | 1.23e-15 2.07e-16 |  61.2161 1.0203  0.0902  6.5294 0.062  0.08 | edge_dev mean=2.1973 max=12.2712 gg=0.1070 shape_dev=1.7626 xbar=0.5101
# CONVTAG t=3676.00 rough=3.668550 cond=376.597105 evap=428.201985 backs=56.330939
# QATOM t=3678.16 dir=FD w=0.917441883 e=0.16791772228 i=37 Em=1.6635
t= 3680.00 +7.13e-14 | 0.0251  0.08      2    0     37     40 | 1.6196  0.18 | 1.23e-15 1.98e-16 |  61.0558 1.0176  0.1145  6.5072 0.062  0.08 | edge_dev mean=2.1973 max=12.2712 gg=0.1018 shape_dev=1.7626 xbar=0.5088
# CONVTAG t=3680.00 rough=3.668550 cond=376.932198 evap=428.747654 backs=56.402114
# QATOM t=3683.68 dir=FD w=0.932774144 e=0.17072395824 i=22 Em=1.6019
t= 3684.00 +7.11e-14 | 0.0252  0.08      2    0     37     40 | 1.6196  0.18 | 1.23e-15 3.29e-18 |  60.9745 1.0162  0.1184  6.5143 0.062  0.08 | edge_dev mean=2.1973 max=12.2712 gg=0.1193 shape_dev=1.7626 xbar=0.5081
# CONVTAG t=3684.00 rough=3.668550 cond=377.102922 evap=429.025300 backs=56.438328
t= 3688.00 +7.10e-14 | 0.0252  0.08      2    0     37     40 | 1.6196  0.18 | 1.23e-15 3.12e-19 |  60.2774 1.0046  0.0696  6.5026 0.062  0.08 | edge_dev mean=2.1973 max=12.2712 gg=0.0841 shape_dev=1.7626 xbar=0.5023
# CONVTAG t=3688.00 rough=3.668550 cond=377.273806 evap=429.918923 backs=56.554888
# QATOM t=3688.14 dir=DF w=1.77577695 e=0.325017231438 i=28 Em=1.3189
# QATOM t=3690.76 dir=FD w=0.90637016 e=0.165891285002 i=32 Em=1.7093
t= 3692.00 +7.11e-14 | 0.0252  0.08      2    0     37     40 | 1.6196  0.18 | 1.23e-15 8.82e-23 |  60.4276 1.0071  0.0194  6.5152 0.062  0.08 | edge_dev mean=2.1973 max=12.2712 gg=0.0999 shape_dev=1.7625 xbar=0.5036
# CONVTAG t=3692.00 rough=3.668550 cond=378.225800 evap=430.863559 backs=56.678101
t= 3696.00 +7.11e-14 | 0.0252  0.08      2    0     37     40 | 1.6196  0.18 | 1.23e-15 2.59e-22 |  60.9246 1.0154  0.0926  6.5387 0.062  0.08 | edge_dev mean=2.1973 max=12.2712 gg=0.0525 shape_dev=1.7625 xbar=0.5077
# CONVTAG t=3696.00 rough=3.668550 cond=378.657984 evap=430.863559 backs=56.678101
# QATOM t=3698.04 dir=FD w=0.857657635 e=0.156975519962 i=31 Em=1.9247
t= 3700.00 +7.11e-14 | 0.0251  0.08      2    0     37     40 | 1.6196  0.18 | 1.23e-15 4.15e-19 |  61.1229 1.0187  0.1256  6.4901 0.062  0.08 | edge_dev mean=2.1973 max=12.2712 gg=0.0728 shape_dev=1.7625 xbar=0.5094
# CONVTAG t=3700.00 rough=3.668550 cond=379.333342 evap=431.441886 backs=56.753535
t= 3704.00 +7.14e-14 | 0.0251  0.08      2    0     37     40 | 1.6196  0.18 | 1.21e-15 3.17e-17 |  61.1229 1.0187  0.1256  6.4901 0.062  0.08 | edge_dev mean=2.1973 max=12.2712 gg=0.0662 shape_dev=1.7625 xbar=0.5094
# CONVTAG t=3704.00 rough=3.668550 cond=379.333342 evap=431.441886 backs=56.753535
t= 3708.00 +7.14e-14 | 0.0251  0.08      2    0     37     40 | 1.6196  0.18 | 1.11e-15 2.48e-16 |  61.3206 1.0220  0.1265  6.4822 0.062  0.08 | edge_dev mean=2.1973 max=12.2712 gg=0.0724 shape_dev=1.7625 xbar=0.5110
# CONVTAG t=3708.00 rough=3.668550 cond=379.505278 evap=431.441886 backs=56.753535
# QATOM t=3709.10 dir=DF w=1.60749142 e=0.294216235427 i=24 Em=1.6751
t= 3712.00 +7.15e-14 | 0.0252  0.12      3    0     37     40 | 1.6172  0.25 | 1.43e-07 1.51e-11 |  60.9425 1.0157  0.1231  6.4886 0.062  0.12 | edge_dev mean=2.1973 max=12.2712 gg=0.0534 shape_dev=1.7624 xbar=0.5079
# CONVTAG t=3712.00 rough=3.668550 cond=379.673683 evap=432.013705 backs=56.828120
# QATOM t=3715.20 dir=DF w=1.5578053 e=0.285122276512 i=11 Em=1.7950
t= 3716.00 +7.15e-14 | 0.0252  0.12      3    0     37     40 | 1.6187  0.16 | 4.65e-06 2.07e-06 |  60.7208 1.0120  0.1167  6.5126 0.062  0.12 | edge_dev mean=2.1973 max=12.2712 gg=0.1128 shape_dev=1.7624 xbar=0.5060
# CONVTAG t=3716.00 rough=3.668550 cond=380.249783 evap=432.897912 backs=56.943452
# QATOM t=3718.74 dir=DF w=1.67232139 e=0.306081947321 i=19 Em=1.5292
t= 3720.00 +7.17e-14 | 0.0252  0.12      3    0     37     40 | 1.6188  0.16 | 1.31e-11 1.18e-11 |  60.5996 1.0100  0.1689  6.5054 0.062  0.12 | edge_dev mean=2.1973 max=12.2712 gg=0.1245 shape_dev=1.7624 xbar=0.5050
# CONVTAG t=3720.00 rough=3.668550 cond=380.410585 evap=433.203994 backs=56.983375
t= 3724.00 +7.15e-14 | 0.0252  0.12      3    0     37     40 | 1.6169  0.28 | 2.33e-07 2.31e-16 |  60.5927 1.0099  0.1696  6.4826 0.062  0.12 | edge_dev mean=2.1973 max=12.2712 gg=0.1009 shape_dev=1.7624 xbar=0.5049
# CONVTAG t=3724.00 rough=3.668550 cond=380.948660 evap=433.829688 backs=57.064988
# QATOM t=3724.76 dir=FD w=0.940550586 e=0.172147266247 i=46 Em=1.5714
t= 3728.00 +7.17e-14 | 0.0252  0.12      3    0     37     40 | 1.6169  0.28 | 6.63e-11 3.16e-15 |  60.8702 1.0145  0.1176  6.5039 0.062  0.12 | edge_dev mean=2.1973 max=12.2712 gg=0.0614 shape_dev=1.7624 xbar=0.5073
# CONVTAG t=3728.00 rough=3.668550 cond=381.671126 evap=434.383064 backs=57.137167
# QATOM t=3729.56 dir=FD w=1.1837985 e=0.216668491094 i=16 Em=0.8205
t= 3732.00 +7.18e-14 | 0.0251  0.00      0    0     37     40 | 0.0000  0.00 | 0.00e+00 0.00e+00 |  61.1919 1.0199  0.0934  6.5173 0.021  0.00 | edge_dev mean=2.1972 max=12.2712 gg=0.0778 shape_dev=1.7622 xbar=0.5099
# CONVTAG t=3732.00 rough=3.668550 cond=382.489932 evap=435.002984 backs=57.218026
# QATOM t=3732.54 dir=FD w=0.956668893 e=0.175097370736 i=11 Em=1.5099
t= 3736.00 +7.18e-14 | 0.0252  0.00      0    0     37     40 | 0.0000  0.00 | 0.00e+00 0.00e+00 |  60.8210 1.0137  0.0659  6.5327 0.021  0.00 | edge_dev mean=2.1972 max=12.2712 gg=0.0926 shape_dev=1.7622 xbar=0.5068
# CONVTAG t=3736.00 rough=3.668550 cond=382.665029 evap=435.575197 backs=57.292663
# QATOM t=3738.86 dir=FD w=0.942230775 e=0.172454788218 i=33 Em=1.5649
t= 3740.00 +7.18e-14 | 0.0251  0.00      0    0     37     40 | 0.0000  0.00 | 0.00e+00 0.00e+00 |  61.5997 1.0267  0.0812  6.5275 0.021  0.00 | edge_dev mean=2.1972 max=12.2712 gg=0.1056 shape_dev=1.7622 xbar=0.5133
# CONVTAG t=3740.00 rough=3.668550 cond=383.342114 evap=435.575197 backs=57.292663
# QATOM t=3743.16 dir=DF w=1.77782149 e=0.325391439919 i=20 Em=1.3149
t= 3744.00 +7.19e-14 | 0.0251  0.12      3    0     37     40 | 1.6129  0.32 | 1.47e-05 3.08e-07 |  61.0445 1.0174  0.0695  6.5329 0.062  0.12 | edge_dev mean=2.1973 max=12.2726 gg=0.0596 shape_dev=1.7621 xbar=0.5087
# CONVTAG t=3744.00 rough=3.668550 cond=383.681636 evap=436.520838 backs=57.416007
t= 3748.00 +7.22e-14 | 0.0252  0.12      3    0     37     40 | 1.6133  0.34 | 1.31e-08 1.21e-12 |  60.4623 1.0077  0.0605  6.5279 0.062  0.12 | edge_dev mean=2.1973 max=12.2729 gg=0.0611 shape_dev=1.7620 xbar=0.5039
# CONVTAG t=3748.00 rough=3.668550 cond=383.681636 evap=437.103077 backs=57.491951
# QATOM t=3750.86 dir=FD w=0.905902327 e=0.165805658347 i=11 Em=1.7112
t= 3752.00 +7.22e-14 | 0.0251  0.08      2    0     37     40 | 1.6169  0.13 | 1.38e-11 9.07e-21 |  61.2219 1.0204  0.0506  6.4971 0.062  0.08 | edge_dev mean=2.1973 max=12.2729 gg=0.0932 shape_dev=1.7620 xbar=0.5102
# CONVTAG t=3752.00 rough=3.668550 cond=384.602493 evap=437.402428 backs=57.530997
# QATOM t=3754.64 dir=FD w=0.900594926 e=0.164834254356 i=12 Em=1.7336
t= 3756.00 +7.22e-14 | 0.0251  0.08      2    0     37     40 | 1.6169  0.13 | 1.45e-14 5.40e-27 |  61.2426 1.0207  0.0695  6.4950 0.062  0.08 | edge_dev mean=2.1973 max=12.2729 gg=0.0818 shape_dev=1.7620 xbar=0.5104
# CONVTAG t=3756.00 rough=3.668550 cond=385.097881 evap=437.951401 backs=57.602602
# QATOM t=3757.42 dir=FD w=0.893650987 e=0.163563317816 i=33 Em=1.7632
t= 3760.00 +7.22e-14 | 0.0251  0.12      3    0     37     40 | 1.6176  0.12 | 4.61e-07 2.90e-16 |  61.4543 1.0242  0.0424  6.4922 0.062  0.12 | edge_dev mean=2.1974 max=12.2729 gg=0.0778 shape_dev=1.7619 xbar=0.5121
# CONVTAG t=3760.00 rough=3.668550 cond=385.817045 evap=438.566707 backs=57.682860
t= 3764.00 +7.23e-14 | 0.0251  0.12      3    0     37     40 | 1.6176  0.12 | 1.31e-10 1.22e-23 |  61.1769 1.0196  0.0537  6.5034 0.062  0.12 | edge_dev mean=2.1974 max=12.2729 gg=0.0500 shape_dev=1.7619 xbar=0.5098
# CONVTAG t=3764.00 rough=3.668550 cond=385.817045 evap=438.844180 backs=57.719052
# QATOM t=3764.30 dir=DF w=1.50797347 e=0.276001646627 i=12 Em=1.9231
t= 3768.00 +7.23e-14 | 0.0252  0.08      2    0     37     40 | 1.6169  0.13 | 1.04e-15 9.87e-21 |  60.2214 1.0037  0.0956  6.5117 0.062  0.08 | edge_dev mean=2.1974 max=12.2729 gg=0.0582 shape_dev=1.7619 xbar=0.5018
# CONVTAG t=3768.00 rough=3.668550 cond=386.030790 evap=440.045457 backs=57.875740
# QATOM t=3770.10 dir=DF w=1.52385602 e=0.278908600047 i=37 Em=1.8814
t= 3772.00 +7.22e-14 | 0.0252  0.08      2    0     37     40 | 1.6169  0.13 | 1.04e-15 1.15e-18 |  60.1346 1.0022  0.0821  6.5184 0.062  0.08 | edge_dev mean=2.1974 max=12.2729 gg=0.0695 shape_dev=1.7619 xbar=0.5011
# CONVTAG t=3772.00 rough=3.668550 cond=386.197815 evap=440.324366 backs=57.912119
t= 3776.00 +7.21e-14 | 0.0251  0.08      2    0     37     40 | 1.6169  0.13 | 1.03e-15 3.04e-17 |  61.0061 1.0168  0.0959  6.5296 0.062  0.08 | edge_dev mean=2.1974 max=12.2729 gg=0.0373 shape_dev=1.7619 xbar=0.5084
# CONVTAG t=3776.00 rough=3.668550 cond=386.955647 evap=440.324366 backs=57.912119
# QATOM t=3776.40 dir=FD w=0.930030239 e=0.170221746274 i=22 Em=1.6128
t= 3780.00 +7.21e-14 | 0.0251  0.08      2    0     37     40 | 1.6169  0.13 | 9.59e-16 2.76e-16 |  61.2018 1.0200  0.0959  6.5247 0.062  0.08 | edge_dev mean=2.1974 max=12.2729 gg=0.0365 shape_dev=1.7619 xbar=0.5100
# CONVTAG t=3780.00 rough=3.668550 cond=387.125869 evap=440.324366 backs=57.912119
t= 3784.00 +7.19e-14 | 0.0251  0.08      2    0     37     40 | 1.6169  0.13 | 8.70e-16 8.19e-16 |  61.0588 1.0176  0.0800  6.4955 0.062  0.08 | edge_dev mean=2.1974 max=12.2729 gg=0.0594 shape_dev=1.7619 xbar=0.5088
# CONVTAG t=3784.00 rough=3.668550 cond=387.498305 evap=440.895654 backs=57.986635
# QATOM t=3784.26 dir=DF w=1.47140581 e=0.269308734217 i=31 Em=2.0227
# QATOM t=3787.98 dir=DF w=1.59445716 e=0.291830599954 i=1 Em=1.7058
t= 3788.00 +7.19e-14 | 0.0252  0.08      2    0     38     40 | 1.6169  0.13 | 8.70e-16 1.00e-15 |  60.2143 1.0036  0.0788  6.4455 0.062  0.08 | edge_dev mean=2.1974 max=12.2729 gg=0.0945 shape_dev=1.7619 xbar=0.5018
# CONVTAG t=3788.00 rough=3.668550 cond=387.838690 evap=442.131604 backs=58.147846
t= 3792.00 +7.19e-14 | 0.0252  0.12      3    0     38     40 | 1.6106  0.56 | 1.61e-08 4.89e-16 |  60.0156 1.0003  0.0805  6.4263 0.062  0.12 | edge_dev mean=2.1974 max=12.2729 gg=0.0605 shape_dev=1.7618 xbar=0.5001
# CONVTAG t=3792.00 rough=3.668550 cond=388.198139 evap=442.743710 backs=58.227686
# QATOM t=3792.22 dir=FD w=1.13671908 e=0.208051629846 i=42 Em=0.9407
# QATOM t=3795.18 dir=FD w=0.883251181 e=0.161659860223 i=22 Em=1.8085
t= 3796.00 +7.18e-14 | 0.0252  0.12      3    0     38     41 | 1.6106  0.56 | 4.58e-12 9.65e-17 |  60.4498 1.0075  0.0616  6.4707 0.062  0.12 | edge_dev mean=2.1974 max=12.2729 gg=0.0688 shape_dev=1.7618 xbar=0.5037
# CONVTAG t=3796.00 rough=3.668550 cond=389.119179 evap=443.368738 backs=58.309211
# QATOM t=3798.28 dir=DF w=1.7427756 e=0.318977053771 i=39 Em=1.3832
t= 3800.00 +7.18e-14 | 0.0252  0.12      3    0     38     41 | 1.6106  0.56 | 1.26e-15 7.01e-18 |  60.9244 1.0154  0.1237  6.4439 0.062  0.12 | edge_dev mean=2.1974 max=12.2729 gg=0.0843 shape_dev=1.7618 xbar=0.5077
# CONVTAG t=3800.00 rough=3.668550 cond=390.078634 evap=443.997492 backs=58.391223
# QATOM t=3803.92 dir=DF w=1.52837386 e=0.27973549242 i=33 Em=1.8697
t= 3804.00 +7.22e-14 | 0.0252  0.12      3    0     38     41 | 1.6106  0.56 | 1.04e-15 1.83e-18 |  60.8244 1.0137  0.0797  6.4542 0.062  0.12 | edge_dev mean=2.1974 max=12.2729 gg=0.0324 shape_dev=1.7618 xbar=0.5069
# CONVTAG t=3804.00 rough=3.668550 cond=390.234935 evap=444.277227 backs=58.427710
# QATOM t=3806.64 dir=DF w=1.62292353 e=0.297040747293 i=0 Em=1.6394
t= 3808.00 +7.23e-14 | 0.0252  0.08      2    0     38     41 | 1.6169  0.13 | 1.03e-15 3.10e-18 |  60.6133 1.0102  0.0563  6.4981 0.062  0.08 | edge_dev mean=2.1974 max=12.2729 gg=0.0565 shape_dev=1.7618 xbar=0.5051
# CONVTAG t=3808.00 rough=3.668550 cond=390.807710 evap=445.147000 backs=58.541159
t= 3812.00 +7.25e-14 | 0.0252  0.08      2    0     38     41 | 1.6169  0.13 | 1.04e-15 1.45e-17 |  60.5255 1.0088  0.0875  6.5143 0.062  0.08 | edge_dev mean=2.1974 max=12.2729 gg=0.0952 shape_dev=1.7618 xbar=0.5044
# CONVTAG t=3812.00 rough=3.668550 cond=390.976334 evap=445.428772 backs=58.577912
# QATOM t=3813.38 dir=DF w=1.43675857 e=0.262967313525 i=31 Em=2.1217
t= 3816.00 +7.27e-14 | 0.0252  0.08      2    0     38     41 | 1.6169  0.13 | 1.03e-15 7.61e-17 |  60.3824 1.0064  0.1035  6.5270 0.062  0.08 | edge_dev mean=2.1974 max=12.2729 gg=0.0588 shape_dev=1.7618 xbar=0.5032
# CONVTAG t=3816.00 rough=3.668550 cond=391.328313 evap=445.976583 backs=58.649365
t= 3820.00 +7.31e-14 | 0.0252  0.08      2    0     38     41 | 1.6169  0.13 | 1.03e-15 1.40e-16 |  60.2844 1.0047  0.0959  6.5306 0.062  0.08 | edge_dev mean=2.1974 max=12.2729 gg=0.0896 shape_dev=1.7618 xbar=0.5024
# CONVTAG t=3820.00 rough=3.668550 cond=391.501032 evap=446.273231 backs=58.688058
# QATOM t=3822.64 dir=FD w=0.906119251 e=0.165845361566 i=22 Em=1.7103
t= 3824.00 +7.34e-14 | 0.0251  0.08      2    0     38     41 | 1.6169  0.13 | 1.03e-15 1.38e-16 |  61.0911 1.0182  0.0812  6.5001 0.062  0.08 | edge_dev mean=2.1974 max=12.2729 gg=0.0958 shape_dev=1.7618 xbar=0.5091
# CONVTAG t=3824.00 rough=3.668550 cond=392.202516 evap=446.273231 backs=58.688058
# QATOM t=3825.94 dir=DF w=1.90349332 e=0.348392925952 i=21 Em=1.0907
t= 3828.00 +7.33e-14 | 0.0252  0.12      3    0     38     41 | 1.6221  0.45 | 1.23e-05 1.63e-05 |  60.8452 1.0141  0.0945  6.4952 0.083  0.12 | edge_dev mean=2.1974 max=12.2798 gg=0.0721 shape_dev=1.7611 xbar=0.5071
# CONVTAG t=3828.00 rough=3.668550 cond=392.539726 evap=446.906897 backs=58.770710
t= 3832.00 +7.34e-14 | 0.0252  0.12      3    0     38     41 | 1.6226  0.47 | 3.75e-07 2.12e-07 |  60.5635 1.0094  0.0697  6.4894 0.083  0.12 | edge_dev mean=2.1974 max=12.2804 gg=0.1012 shape_dev=1.7611 xbar=0.5047
# CONVTAG t=3832.00 rough=3.668550 cond=392.539726 evap=447.188625 backs=58.807458
# QATOM t=3832.26 dir=DF w=1.51634065 e=0.277533076889 i=22 Em=1.9010
# QATOM t=3834.52 dir=DF w=1.67129417 e=0.305893938532 i=15 Em=1.5316
t= 3836.00 +7.35e-14 | 0.0252  0.08      2    0     38     41 | 1.6154  0.00 | 2.21e-05 1.71e-08 |  59.9761 0.9996  0.0340  6.5255 0.042  0.08 | edge_dev mean=2.1972 max=12.2804 gg=0.0952 shape_dev=1.7606 xbar=0.4998
# CONVTAG t=3836.00 rough=3.668550 cond=393.349303 evap=448.707066 backs=59.005515
t= 3840.00 +7.37e-14 | 0.0252  0.04      1    0     38     41 | 1.6154  0.00 | 8.34e-10 7.80e-19 |  60.6017 1.0100  0.0689  6.5118 0.042  0.04 | edge_dev mean=2.1971 max=12.2804 gg=0.0375 shape_dev=1.7606 xbar=0.5050
# CONVTAG t=3840.00 rough=3.668550 cond=393.893349 evap=448.707066 backs=59.005515
# QATOM t=3841.68 dir=FD w=0.893987752 e=0.163624955221 i=31 Em=1.7618
t= 3844.00 +7.37e-14 | 0.0251  0.00      0    0     38     41 | 0.0000  0.00 | 0.00e+00 0.00e+00 |  61.6592 1.0277  0.0622  6.4943 0.021  0.00 | edge_dev mean=2.1971 max=12.2804 gg=0.0080 shape_dev=1.7606 xbar=0.5138
# CONVTAG t=3844.00 rough=3.668550 cond=394.812917 evap=448.707066 backs=59.005515
# QATOM t=3846.82 dir=FD w=0.89488246 e=0.163788712 i=12 Em=1.7580
t= 3848.00 +7.37e-14 | 0.0251  0.04      1    0     38     41 | 1.6203  0.00 | 1.85e-06 1.24e-41 |  61.5372 1.0256  0.0392  6.4989 0.042  0.04 | edge_dev mean=2.1971 max=12.2804 gg=0.0285 shape_dev=1.7605 xbar=0.5128
# CONVTAG t=3848.00 rough=3.668550 cond=394.976706 evap=449.017413 backs=59.045995
t= 3852.00 +7.37e-14 | 0.0251  0.04      1    0     38     41 | 1.6204  0.00 | 5.27e-10 1.90e-27 |  61.1141 1.0186  0.0186  6.4833 0.042  0.04 | edge_dev mean=2.1971 max=12.2804 gg=0.0498 shape_dev=1.7605 xbar=0.5093
# CONVTAG t=3852.00 rough=3.668550 cond=395.139269 evap=449.627549 backs=59.125578
t= 3856.00 +7.38e-14 | 0.0251  0.04      1    0     38     41 | 1.6204  0.00 | 1.50e-13 6.83e-21 |  61.3056 1.0218  0.0250  6.4786 0.042  0.04 | edge_dev mean=2.1971 max=12.2804 gg=0.0430 shape_dev=1.7605 xbar=0.5109
# CONVTAG t=3856.00 rough=3.668550 cond=395.305817 evap=449.627549 backs=59.125578
# QATOM t=3856.56 dir=DF w=1.49930546 e=0.274415155948 i=12 Em=1.9463
t= 3860.00 +7.38e-14 | 0.0252  0.17      4    0     38     41 | 1.6115  0.66 | 1.29e-05 1.49e-07 |  60.1133 1.0019  0.0257  6.5005 0.083  0.17 | edge_dev mean=2.1976 max=12.2804 gg=0.1530 shape_dev=1.7598 xbar=0.5009
# CONVTAG t=3860.00 rough=3.668550 cond=395.305817 evap=450.819886 backs=59.281100
# QATOM t=3861.14 dir=FD w=0.852279839 e=0.155991231639 i=31 Em=1.9500
t= 3864.00 +7.39e-14 | 0.0253  0.21      5    0     38     41 | 1.6097  0.65 | 4.98e-06 1.11e-06 |  59.4517 0.9909  0.0260  6.5193 0.104  0.21 | edge_dev mean=2.1975 max=12.2804 gg=0.1213 shape_dev=1.7595 xbar=0.4954
# CONVTAG t=3864.00 rough=3.668550 cond=395.461809 evap=451.660786 backs=59.390783
# QATOM t=3865.92 dir=FD w=1.08461038 e=0.198514268987 i=47 Em=1.0860
# QATOM t=3867.72 dir=FD w=1.08855657 e=0.199236532245 i=14 Em=1.0745
t= 3868.00 +7.42e-14 | 0.0252  0.17      4    0     38     41 | 1.6094  0.53 | 1.19e-05 1.72e-07 |  60.1439 1.0024  0.0395  6.5454 0.104  0.17 | edge_dev mean=2.1979 max=12.2804 gg=0.0806 shape_dev=1.7590 xbar=0.5012
# CONVTAG t=3868.00 rough=3.668550 cond=396.603218 evap=452.281254 backs=59.471714
# QATOM t=3869.66 dir=FD w=1.05680756 e=0.193425569179 i=35 Em=1.1694
t= 3872.00 +7.45e-14 | 0.0252  0.12      3    0     38     41 | 1.6136  0.26 | 3.15e-07 5.04e-08 |  60.4046 1.0067  0.0856  6.5407 0.062  0.12 | edge_dev mean=2.1978 max=12.2804 gg=0.0436 shape_dev=1.7586 xbar=0.5034
# CONVTAG t=3872.00 rough=3.668550 cond=397.354060 evap=452.883978 backs=59.550330
# QATOM t=3875.78 dir=DF w=1.49908469 e=0.274374749484 i=32 Em=1.9469
t= 3876.00 +7.46e-14 | 0.0251  0.04      1    0     38     41 | 1.6173  0.00 | 4.83e-11 2.31e-12 |  61.2867 1.0214  0.0720  6.4974 0.042  0.04 | edge_dev mean=2.1978 max=12.2804 gg=0.0184 shape_dev=1.7586 xbar=0.5107
# CONVTAG t=3876.00 rough=3.668550 cond=398.359636 evap=453.158353 backs=59.586118
t= 3880.00 +7.47e-14 | 0.0251  0.04      1    0     38     41 | 1.6173  0.00 | 1.31e-14 5.03e-21 |  61.3832 1.0231  0.0818  6.4781 0.042  0.04 | edge_dev mean=2.1978 max=12.2804 gg=0.0402 shape_dev=1.7586 xbar=0.5115
# CONVTAG t=3880.00 rough=3.668550 cond=398.704222 evap=453.458056 backs=59.625209
# QATOM t=3883.74 dir=FD w=0.915390378 e=0.167542239005 i=12 Em=1.6719
t= 3884.00 +7.47e-14 | 0.0251  0.04      1    0     38     41 | 1.6173  0.00 | 6.13e-16 1.30e-40 |  61.4116 1.0235  0.0365  6.4799 0.042  0.04 | edge_dev mean=2.1978 max=12.2804 gg=0.0725 shape_dev=1.7586 xbar=0.5118
# CONVTAG t=3884.00 rough=3.668550 cond=399.031509 evap=453.806091 backs=59.670605
# QATOM t=3887.46 dir=DF w=1.52439747 e=0.279007701845 i=33 Em=1.8800
t= 3888.00 +7.47e-14 | 0.0252  0.08      2    0     39     41 | 1.6085  0.55 | 2.58e-07 8.72e-31 |  60.6848 1.0114  0.0924  6.4576 0.042  0.08 | edge_dev mean=2.1975 max=12.2804 gg=0.0358 shape_dev=1.7582 xbar=0.5057
# CONVTAG t=3888.00 rough=3.668550 cond=399.222288 evap=454.752264 backs=59.794019
t= 3892.00 +7.49e-14 | 0.0252  0.08      2    0     39     41 | 1.6085  0.55 | 7.35e-11 1.27e-20 |  60.8855 1.0148  0.0683  6.4388 0.042  0.08 | edge_dev mean=2.1975 max=12.2804 gg=0.0394 shape_dev=1.7582 xbar=0.5074
# CONVTAG t=3892.00 rough=3.668550 cond=399.630099 evap=455.020516 backs=59.829009
# QATOM t=3893.38 dir=FD w=1.28160095 e=0.234569095765 i=6 Em=0.5988
t= 3896.00 +7.51e-14 | 0.0251  0.08      2    0     39     42 | 1.6085  0.55 | 2.09e-14 6.32e-17 |  61.2813 1.0214  0.0419  6.4907 0.042  0.08 | edge_dev mean=2.1975 max=12.2804 gg=0.0797 shape_dev=1.7582 xbar=0.5107
# CONVTAG t=3896.00 rough=3.668550 cond=400.217778 evap=455.300613 backs=59.865543
# QATOM t=3899.58 dir=FD w=1.00932953 e=0.184735751748 i=1 Em=1.3224
t= 3900.00 +7.55e-14 | 0.0251  0.04      1    0     39     42 | 1.6173  0.00 | 5.56e-16 3.77e-17 |  61.4000 1.0233  0.0728  6.5025 0.042  0.04 | edge_dev mean=2.1975 max=12.2804 gg=0.0549 shape_dev=1.7582 xbar=0.5117
# CONVTAG t=3900.00 rough=3.668550 cond=400.565763 evap=455.582082 backs=59.902256
t= 3904.00 +7.56e-14 | 0.0251  0.04      1    0     39     42 | 1.6173  0.00 | 5.37e-16 1.22e-21 |  61.2090 1.0202  0.0659  6.5041 0.042  0.04 | edge_dev mean=2.1975 max=12.2804 gg=0.0794 shape_dev=1.7582 xbar=0.5101
# CONVTAG t=3904.00 rough=3.668550 cond=400.906519 evap=456.164908 backs=59.978277
# QATOM t=3905.24 dir=FD w=0.933011324 e=0.170767368715 i=33 Em=1.6010
t= 3908.00 +7.59e-14 | 0.0252  0.04      1    0     39     42 | 1.6173  0.00 | 5.37e-16 8.99e-37 |  60.7830 1.0131  0.1248  6.5160 0.042  0.04 | edge_dev mean=2.1975 max=12.2804 gg=0.0862 shape_dev=1.7582 xbar=0.5065
# CONVTAG t=3908.00 rough=3.668550 cond=401.077287 evap=456.787293 backs=60.059458
t= 3912.00 +7.59e-14 | 0.0251  0.04      1    0     39     42 | 1.6173  0.00 | 5.37e-16 5.33e-33 |  61.1803 1.0197  0.1240  6.4993 0.042  0.04 | edge_dev mean=2.1975 max=12.2804 gg=0.0350 shape_dev=1.7582 xbar=0.5098
# CONVTAG t=3912.00 rough=3.668550 cond=401.422711 evap=456.787293 backs=60.059458
# QATOM t=3912.02 dir=FD w=1.00850121 e=0.184584145479 i=22 Em=1.3251
# QATOM t=3915.98 dir=DF w=1.62776441 e=0.29792676537 i=37 Em=1.6283
t= 3916.00 +7.59e-14 | 0.0251  0.04      1    0     39     42 | 1.6173  0.00 | 5.37e-16 2.28e-21 |  61.4594 1.0243  0.0574  6.4836 0.042  0.04 | edge_dev mean=2.1975 max=12.2804 gg=0.0714 shape_dev=1.7582 xbar=0.5122
# CONVTAG t=3916.00 rough=3.668550 cond=402.167980 evap=457.365274 backs=60.134847
t= 3920.00 +7.60e-14 | 0.0251  0.08      2    0     39     42 | 1.6048  0.78 | 3.50e-08 3.72e-17 |  61.5904 1.0265  0.0612  6.4691 0.042  0.08 | edge_dev mean=2.1976 max=12.2804 gg=0.0820 shape_dev=1.7580 xbar=0.5133
# CONVTAG t=3920.00 rough=3.668550 cond=402.519836 evap=457.638870 backs=60.170533
# QATOM t=3921.82 dir=FD w=0.937044491 e=0.171505552063 i=32 Em=1.5851
t= 3924.00 +7.62e-14 | 0.0251  0.08      2    0     39     42 | 1.6048  0.78 | 9.96e-12 6.56e-17 |  61.7087 1.0285  0.1018  6.4577 0.042  0.08 | edge_dev mean=2.1976 max=12.2804 gg=0.0269 shape_dev=1.7580 xbar=0.5142
# CONVTAG t=3924.00 rough=3.668550 cond=402.877480 evap=457.931825 backs=60.208745
t= 3928.00 +7.62e-14 | 0.0251  0.08      2    0     39     42 | 1.6048  0.78 | 2.90e-15 7.36e-21 |  61.9094 1.0318  0.1156  6.4527 0.042  0.08 | edge_dev mean=2.1976 max=12.2804 gg=0.0631 shape_dev=1.7580 xbar=0.5159
# CONVTAG t=3928.00 rough=3.668550 cond=403.051947 evap=457.931825 backs=60.208745
# QATOM t=3930.02 dir=FD w=1.16400688 e=0.213046065193 i=8 Em=0.8698
t= 3932.00 +7.62e-14 | 0.0251  0.12      3    0     39     42 | 1.6164  1.20 | 2.27e-06 2.24e-21 |  62.0078 1.0335  0.1158  6.4543 0.062  0.12 | edge_dev mean=2.1975 max=12.2804 gg=0.0911 shape_dev=1.7577 xbar=0.5167
# CONVTAG t=3932.00 rough=3.668550 cond=403.431074 evap=458.269403 backs=60.252776
t= 3936.00 +7.62e-14 | 0.0251  0.12      3    0     39     42 | 1.6165  1.20 | 3.96e-08 8.00e-27 |  61.6197 1.0270  0.0930  6.4663 0.062  0.12 | edge_dev mean=2.1975 max=12.2804 gg=0.0706 shape_dev=1.7576 xbar=0.5135
# CONVTAG t=3936.00 rough=3.668550 cond=403.593200 evap=458.843967 backs=60.327720
# QATOM t=3937.94 dir=FD w=0.870884656 e=0.159396437606 i=31 Em=1.8638
t= 3940.00 +7.60e-14 | 0.0251  0.12      3    0     39     42 | 1.6165  1.20 | 6.93e-10 6.56e-16 |  61.5872 1.0265  0.1001  6.4907 0.062  0.12 | edge_dev mean=2.1975 max=12.2804 gg=0.0462 shape_dev=1.7576 xbar=0.5132
# CONVTAG t=3940.00 rough=3.668550 cond=404.096083 evap=459.454700 backs=60.407380
# QATOM t=3942.94 dir=DF w=1.58706474 e=0.290477577629 i=34 Em=1.7235
t= 3944.00 +7.62e-14 | 0.0251  0.08      2    0     39     42 | 1.6161  1.47 | 3.39e-12 1.01e-18 |  61.5071 1.0251  0.0891  6.4895 0.042  0.08 | edge_dev mean=2.1975 max=12.2804 gg=0.0906 shape_dev=1.7576 xbar=0.5126
# CONVTAG t=3944.00 rough=3.668550 cond=404.278955 evap=459.745177 backs=60.445269
# QATOM t=3947.90 dir=DF w=1.46271685 e=0.267718409453 i=31 Em=2.0471
t= 3948.00 +7.63e-14 | 0.0252  0.17      4    0     39     42 | 1.6207  1.20 | 6.12e-05 3.44e-04 |  60.2400 1.0040  0.0951  6.4871 0.042  0.17 | edge_dev mean=2.1974 max=12.2804 gg=0.0720 shape_dev=1.7575 xbar=0.5020
# CONVTAG t=3948.00 rough=3.668550 cond=404.483118 evap=461.247024 backs=60.641162
# QATOM t=3950.76 dir=DF w=1.69935262 e=0.311029425583 i=21 Em=1.4719
t= 3952.00 +7.67e-14 | 0.0253  0.12      3    0     39     42 | 1.6150  1.20 | 3.91e-10 9.46e-16 |  59.2916 0.9882  0.0393  6.5201 0.042  0.12 | edge_dev mean=2.1974 max=12.2804 gg=0.0680 shape_dev=1.7575 xbar=0.4941
# CONVTAG t=3952.00 rough=3.668550 cond=404.694371 evap=462.438386 backs=60.796557
t= 3956.00 +7.68e-14 | 0.0253  0.08      2    0     39     42 | 1.6027  0.65 | 2.78e-15 1.64e-15 |  59.7378 0.9956  0.0332  6.5054 0.042  0.08 | edge_dev mean=2.1974 max=12.2804 gg=0.0546 shape_dev=1.7575 xbar=0.4978
# CONVTAG t=3956.00 rough=3.668550 cond=405.082342 evap=462.438386 backs=60.796557
# QATOM t=3957.22 dir=FD w=0.889916192 e=0.162879745049 i=31 Em=1.7794
t= 3960.00 +7.67e-14 | 0.0252  0.08      2    0     39     42 | 1.6027  0.65 | 1.02e-15 1.45e-15 |  60.7478 1.0125  0.0601  6.4991 0.042  0.08 | edge_dev mean=2.1974 max=12.2804 gg=0.0360 shape_dev=1.7575 xbar=0.5062
# CONVTAG t=3960.00 rough=3.668550 cond=405.960633 evap=462.438386 backs=60.796557
# QATOM t=3960.26 dir=FD w=0.966130828 e=0.176829171483 i=11 Em=1.4747
t= 3964.00 +7.70e-14 | 0.0251  0.04      1    0     39     42 | 1.5923  0.00 | 4.97e-16 4.08e-16 |  61.5926 1.0265  0.0666  6.4893 0.042  0.04 | edge_dev mean=2.1974 max=12.2804 gg=0.0927 shape_dev=1.7575 xbar=0.5133
# CONVTAG t=3964.00 rough=3.668550 cond=406.695290 evap=462.438386 backs=60.796557
t= 3968.00 +7.70e-14 | 0.0251  0.04      1    0     39     42 | 1.5923  0.00 | 3.07e-16 2.70e-17 |  61.7347 1.0289  0.0776  6.4671 0.042  0.04 | edge_dev mean=2.1974 max=12.2804 gg=0.1149 shape_dev=1.7575 xbar=0.5145
# CONVTAG t=3968.00 rough=3.668550 cond=407.056277 evap=462.711420 backs=60.832170
# QATOM t=3970.28 dir=DF w=1.52049527 e=0.278293489433 i=33 Em=1.8902
t= 3972.00 +7.72e-14 | 0.0251  0.08      2    0     39     42 | 1.6045  0.76 | 1.90e-06 2.99e-19 |  61.3494 1.0225  0.0362  6.4723 0.042  0.08 | edge_dev mean=2.1975 max=12.2804 gg=0.1132 shape_dev=1.7574 xbar=0.5112
# CONVTAG t=3972.00 rough=3.668550 cond=407.239922 evap=463.307913 backs=60.909973
# QATOM t=3975.74 dir=DF w=1.52633509 e=0.279362340239 i=12 Em=1.8749
t= 3976.00 +7.75e-14 | 0.0252  0.08      2    0     39     42 | 1.6046  0.76 | 5.40e-10 2.65e-22 |  60.4367 1.0073  0.0752  6.4698 0.042  0.08 | edge_dev mean=2.1975 max=12.2804 gg=0.0553 shape_dev=1.7574 xbar=0.5036
# CONVTAG t=3976.00 rough=3.668550 cond=407.239922 evap=464.220639 backs=61.029025
t= 3980.00 +7.76e-14 | 0.0252  0.04      1    0     39     42 | 1.5923  0.00 | 2.93e-16 2.42e-27 |  60.7459 1.0124  0.1238  6.4859 0.042  0.04 | edge_dev mean=2.1975 max=12.2804 gg=0.0569 shape_dev=1.7574 xbar=0.5062
# CONVTAG t=3980.00 rough=3.668550 cond=407.772159 evap=464.523535 backs=61.068533
# QATOM t=3980.14 dir=FD w=1.0778192 e=0.197271291084 i=2 Em=1.1060
t= 3984.00 +7.78e-14 | 0.0251  0.08      2    0     39     42 | 1.6044  0.02 | 6.87e-06 2.74e-06 |  61.1233 1.0187  0.1021  6.4982 0.062  0.08 | edge_dev mean=2.1979 max=12.2804 gg=0.0784 shape_dev=1.7569 xbar=0.5094
# CONVTAG t=3984.00 rough=3.668550 cond=408.365862 evap=464.828936 backs=61.108368
# QATOM t=3985.02 dir=DF w=1.55039576 e=0.283766120886 i=46 Em=1.9992
t= 3988.00 +7.80e-14 | 0.0251  0.08      2    0     39     42 | 1.6047  0.02 | 5.71e-08 4.76e-08 |  61.5713 1.0262  0.0731  6.4953 0.062  0.08 | edge_dev mean=2.1979 max=12.2804 gg=0.1028 shape_dev=1.7568 xbar=0.5131
# CONVTAG t=3988.00 rough=3.668550 cond=409.286870 evap=465.440095 backs=61.188084
# QATOM t=3988.12 dir=FD w=0.930262767 e=0.170264305342 i=33 Em=1.6119
t= 3992.00 +7.82e-14 | 0.0251  0.04      1    0     39     42 | 1.6050  0.00 | 1.92e-10 4.52e-18 |  61.6760 1.0279  0.1435  6.4783 0.042  0.04 | edge_dev mean=2.1979 max=12.2804 gg=0.0694 shape_dev=1.7568 xbar=0.5140
# CONVTAG t=3992.00 rough=3.668550 cond=409.638584 evap=465.739812 backs=61.227178
# QATOM t=3995.26 dir=DF w=1.52238092 e=0.278638615868 i=31 Em=2.0675
t= 3996.00 +7.86e-14 | 0.0251  0.04      1    0     39     42 | 1.6050  0.00 | 5.44e-14 1.45e-19 |  61.4980 1.0250  0.1041  6.4599 0.042  0.04 | edge_dev mean=2.1979 max=12.2804 gg=0.0634 shape_dev=1.7568 xbar=0.5125
# CONVTAG t=3996.00 rough=3.668550 cond=409.968137 evap=466.296773 backs=61.299825
t= 4000.00 +7.87e-14 | 0.0252  0.12      3    0     39     42 | 1.6358  1.33 | 1.60e-06 3.67e-07 |  60.5606 1.0093  0.1417  6.4641 0.062  0.12 | edge_dev mean=2.1979 max=12.2804 gg=0.0567 shape_dev=1.7565 xbar=0.5047
# CONVTAG t=4000.00 rough=3.668550 cond=409.968137 evap=467.234186 backs=61.422096
# QATOM t=4000.00 dir=FD w=1.01408408 e=0.185605967773 i=19 Em=1.3062
t= 4004.00 +7.90e-14 | 0.0251  0.04      1    0     39     42 | 1.6050  0.00 | 1.21e-15 2.84e-18 |  61.7452 1.0291  0.0644  6.5033 0.042  0.04 | edge_dev mean=2.1979 max=12.2804 gg=0.0655 shape_dev=1.7565 xbar=0.5145
# CONVTAG t=4004.00 rough=3.668550 cond=410.998166 evap=467.234186 backs=61.422096
# QATOM t=4006.30 dir=FD w=1.00002754 e=0.183033225775 i=1 Em=1.3541
t= 4008.00 +7.91e-14 | 0.0251  0.04      1    0     39     42 | 1.6050  0.00 | 1.22e-15 3.23e-17 |  62.0443 1.0341  0.0510  6.5043 0.042  0.04 | edge_dev mean=2.1979 max=12.2804 gg=0.0447 shape_dev=1.7565 xbar=0.5170
# CONVTAG t=4008.00 rough=3.668550 cond=411.505375 evap=467.518379 backs=61.459165
t= 4012.00 +7.93e-14 | 0.0251  0.08      2    0     39     42 | 1.6127  0.47 | 6.55e-08 2.03e-16 |  61.4255 1.0238  0.0863  6.5174 0.042  0.08 | edge_dev mean=2.1979 max=12.2804 gg=0.0576 shape_dev=1.7565 xbar=0.5119
# CONVTAG t=4012.00 rough=3.668550 cond=411.505375 evap=468.137103 backs=61.539868
# QATOM t=4012.98 dir=DF w=1.51449628 e=0.27719550531 i=46 Em=1.9059
t= 4016.00 +7.97e-14 | 0.0251  0.08      2    0     39     42 | 1.6127  0.47 | 1.86e-11 6.90e-16 |  61.2440 1.0207  0.0850  6.5278 0.042  0.08 | edge_dev mean=2.1979 max=12.2804 gg=0.0502 shape_dev=1.7565 xbar=0.5104
# CONVTAG t=4016.00 rough=3.668550 cond=411.846905 evap=468.711387 backs=61.614774
# QATOM t=4018.12 dir=FD w=0.935101821 e=0.171149988704 i=21 Em=1.5927
t= 4020.00 +7.99e-14 | 0.0251  0.08      2    0     39     42 | 1.6127  0.47 | 5.26e-15 1.35e-15 |  61.8869 1.0314  0.0805  6.5094 0.042  0.08 | edge_dev mean=2.1979 max=12.2804 gg=0.0678 shape_dev=1.7565 xbar=0.5157
# CONVTAG t=4020.00 rough=3.668550 cond=412.405955 evap=468.711387 backs=61.614774
# QATOM t=4023.64 dir=DF w=1.82667301 e=0.334332644258 i=20 Em=1.2241
t= 4024.00 +8.01e-14 | 0.0251  0.08      2    0     39     42 | 1.6109  0.36 | 4.17e-05 1.78e-15 |  61.4230 1.0237  0.0673  6.5094 0.042  0.08 | edge_dev mean=2.1979 max=12.2803 gg=0.0956 shape_dev=1.7564 xbar=0.5119
# CONVTAG t=4024.00 rough=3.668550 cond=412.803788 evap=469.632805 backs=61.734959
t= 4028.00 +8.04e-14 | 0.0252  0.08      2    0     39     42 | 1.6119  0.43 | 1.19e-08 1.84e-15 |  60.8651 1.0144  0.0801  6.4966 0.042  0.08 | edge_dev mean=2.1979 max=12.2801 gg=0.0542 shape_dev=1.7563 xbar=0.5072
# CONVTAG t=4028.00 rough=3.668550 cond=412.803788 evap=470.190751 backs=61.807735
# QATOM t=4030.22 dir=FD w=0.957449441 e=0.175240233011 i=12 Em=1.5069
t= 4032.00 +8.05e-14 | 0.0252  0.12      3    0     39     42 | 1.6136  0.44 | 6.40e-06 2.76e-07 |  60.8557 1.0143  0.0431  6.5101 0.062  0.12 | edge_dev mean=2.1978 max=12.2801 gg=0.0537 shape_dev=1.7559 xbar=0.5071
# CONVTAG t=4032.00 rough=3.668550 cond=413.360135 evap=470.839905 backs=61.892407
# QATOM t=4033.32 dir=DF w=1.76012517 e=0.322152514624 i=36 Em=1.3492
t= 4036.00 +8.07e-14 | 0.0252  0.17      4    0     39     42 | 1.6124  0.42 | 1.87e-06 1.24e-06 |  60.6114 1.0102  0.0513  6.5455 0.062  0.17 | edge_dev mean=2.1977 max=12.2801 gg=0.0270 shape_dev=1.7554 xbar=0.5051
# CONVTAG t=4036.00 rough=3.668550 cond=413.692170 evap=471.466087 backs=61.974083
# QATOM t=4038.26 dir=FD w=1.02224346 e=0.187099365407 i=15 Em=1.2794
t= 4040.00 +8.07e-14 | 0.0251  0.00      0    0     39     42 | 0.0000  0.00 | 0.00e+00 0.00e+00 |  61.7897 1.0298  0.1407  6.4943 0.021  0.00 | edge_dev mean=2.1977 max=12.2801 gg=0.0569 shape_dev=1.7554 xbar=0.5149
# CONVTAG t=4040.00 rough=3.668550 cond=414.985601 evap=471.775235 backs=62.014407
# QATOM t=4040.30 dir=FD w=1.03132045 e=0.188760709555 i=23 Em=1.2498
# QATOM t=4043.96 dir=DF w=1.51666494 e=0.277592429885 i=33 Em=1.9002
t= 4044.00 +8.08e-14 | 0.0252  0.00      0    0     39     42 | 0.0000  0.00 | 0.00e+00 0.00e+00 |  60.9807 1.0163  0.0451  6.4844 0.021  0.00 | edge_dev mean=2.1977 max=12.2801 gg=0.0535 shape_dev=1.7554 xbar=0.5082
# CONVTAG t=4044.00 rough=3.668550 cond=415.332532 evap=472.983145 backs=62.171960
t= 4048.00 +8.09e-14 | 0.0251  0.00      0    0     39     42 | 0.0000  0.00 | 0.00e+00 0.00e+00 |  61.2479 1.0208  0.0560  6.4975 0.021  0.00 | edge_dev mean=2.1977 max=12.2801 gg=0.0279 shape_dev=1.7554 xbar=0.5104
# CONVTAG t=4048.00 rough=3.668550 cond=415.564903 evap=472.983145 backs=62.171960
# QATOM t=4051.42 dir=FD w=0.958775412 e=0.175482923124 i=11 Em=1.5020
t= 4052.00 +8.11e-14 | 0.0251  0.00      0    0     39     42 | 0.0000  0.00 | 0.00e+00 0.00e+00 |  61.5449 1.0257  0.0745  6.4976 0.021  0.00 | edge_dev mean=2.1977 max=12.2801 gg=0.0755 shape_dev=1.7554 xbar=0.5129
# CONVTAG t=4052.00 rough=3.668550 cond=416.088387 evap=473.288158 backs=62.211745
# QATOM t=4054.86 dir=FD w=1.15554417 e=0.211497151568 i=41 Em=0.8915
t= 4056.00 +8.13e-14 | 0.0251  0.12      3    0     39     42 | 1.6111  0.81 | 7.84e-06 9.61e-07 |  61.0655 1.0178  0.0718  6.4926 0.062  0.12 | edge_dev mean=2.1976 max=12.2801 gg=0.0833 shape_dev=1.7552 xbar=0.5089
# CONVTAG t=4056.00 rough=3.668550 cond=416.475266 evap=474.212478 backs=62.332308
# QATOM t=4059.72 dir=FD w=0.902946205 e=0.165264604685 i=32 Em=1.7236
t= 4060.00 +8.17e-14 | 0.0252  0.08      2    0     40     42 | 1.6054  0.75 | 1.24e-07 9.95e-10 |  60.7960 1.0133  0.0726  6.4988 0.062  0.08 | edge_dev mean=2.1975 max=12.2801 gg=0.0698 shape_dev=1.7551 xbar=0.5066
# CONVTAG t=4060.00 rough=3.668550 cond=417.023103 evap=475.112024 backs=62.449640
t= 4064.00 +8.19e-14 | 0.0251  0.08      2    0     40     42 | 1.6054  0.75 | 2.16e-09 2.04e-13 |  61.3985 1.0233  0.0590  6.5123 0.062  0.08 | edge_dev mean=2.1975 max=12.2801 gg=0.0770 shape_dev=1.7551 xbar=0.5117
# CONVTAG t=4064.00 rough=3.668550 cond=417.546988 evap=475.112024 backs=62.449640
# QATOM t=4065.26 dir=FD w=0.976575342 e=0.178740811929 i=37 Em=1.4366
t= 4068.00 +8.21e-14 | 0.0251  0.04      1    0     40     42 | 1.6175  0.00 | 3.59e-11 3.26e-18 |  61.9952 1.0333  0.0965  6.5317 0.042  0.04 | edge_dev mean=2.1975 max=12.2801 gg=0.0896 shape_dev=1.7551 xbar=0.5166
# CONVTAG t=4068.00 rough=3.668550 cond=418.316637 evap=475.400349 backs=62.487248
# QATOM t=4069.00 dir=DF w=1.71747183 e=0.314345751056 i=24 Em=1.4344
t= 4072.00 +8.23e-14 | 0.0251  0.00      0    0     40     42 | 0.0000  0.00 | 0.00e+00 0.00e+00 |  61.9043 1.0317  0.1178  6.5353 0.021  0.00 | edge_dev mean=2.1975 max=12.2801 gg=0.0806 shape_dev=1.7551 xbar=0.5159
# CONVTAG t=4072.00 rough=3.668550 cond=418.510934 evap=475.714695 backs=62.528249
t= 4076.00 +8.25e-14 | 0.0251  0.12      3    0     40     42 | 1.6253  0.96 | 2.92e-07 6.94e-10 |  61.2508 1.0208  0.1849  6.5298 0.062  0.12 | edge_dev mean=2.1976 max=12.2801 gg=0.0852 shape_dev=1.7545 xbar=0.5104
# CONVTAG t=4076.00 rough=3.668550 cond=418.510934 evap=476.368256 backs=62.613496
# QATOM t=4076.46 dir=FD w=0.927811846 e=0.169815717697 i=12 Em=1.6216
# QATOM t=4078.96 dir=DF w=1.63730283 e=0.299672564742 i=13 Em=1.6067
t= 4080.00 +8.28e-14 | 0.0251  0.08      2    0     40     42 | 1.6104  0.16 | 2.41e-05 4.30e-14 |  61.1652 1.0194  0.1072  6.5158 0.042  0.08 | edge_dev mean=2.1978 max=12.2801 gg=0.0643 shape_dev=1.7542 xbar=0.5097
# CONVTAG t=4080.00 rough=3.668550 cond=419.454522 evap=477.538975 backs=62.766199
# QATOM t=4082.82 dir=DF w=1.82047788 e=0.333198761922 i=43 Em=1.2353
t= 4084.00 +8.29e-14 | 0.0252  0.08      2    0     40     42 | 1.6221  0.56 | 2.99e-06 2.08e-20 |  60.4819 1.0080  0.1426  6.4529 0.042  0.08 | edge_dev mean=2.1978 max=12.2801 gg=0.0422 shape_dev=1.7540 xbar=0.5040
# CONVTAG t=4084.00 rough=3.668550 cond=419.659297 evap=478.457734 backs=62.886037
# QATOM t=4087.96 dir=DF w=1.59532464 e=0.291989371957 i=11 Em=1.8948
t= 4088.00 +8.29e-14 | 0.0252  0.08      2    0     40     42 | 1.6222  0.56 | 8.49e-10 3.80e-50 |  60.7235 1.0121  0.1321  6.4787 0.042  0.08 | edge_dev mean=2.1978 max=12.2801 gg=0.0704 shape_dev=1.7540 xbar=0.5060
# CONVTAG t=4088.00 rough=3.668550 cond=420.383957 evap=479.049537 backs=62.963229
t= 4092.00 +8.31e-14 | 0.0252  0.12      3    0     40     42 | 1.6158  0.73 | 4.79e-10 5.50e-10 |  60.5805 1.0097  0.1271  6.5016 0.042  0.12 | edge_dev mean=2.1978 max=12.2801 gg=0.0898 shape_dev=1.7540 xbar=0.5048
# CONVTAG t=4092.00 rough=3.668550 cond=420.759890 evap=479.624829 backs=63.038267
# QATOM t=4093.04 dir=FD w=0.969151582 e=0.177382054657 i=34 Em=1.4636
t= 4096.00 +8.31e-14 | 0.0252  0.12      3    0     40     42 | 1.6158  0.73 | 1.07e-15 4.88e-16 |  60.7845 1.0131  0.1400  6.4963 0.042  0.12 | edge_dev mean=2.1978 max=12.2801 gg=0.0851 shape_dev=1.7540 xbar=0.5065
# CONVTAG t=4096.00 rough=3.668550 cond=420.937272 evap=479.624829 backs=63.038267
t= 4100.00 +8.32e-14 | 0.0251  0.08      2    0     40     42 | 1.6080  0.31 | 8.41e-16 2.92e-17 |  61.1284 1.0188  0.1404  6.5229 0.042  0.08 | edge_dev mean=2.1978 max=12.2801 gg=0.0858 shape_dev=1.7540 xbar=0.5094
# CONVTAG t=4100.00 rough=3.668550 cond=421.476816 evap=479.901343 backs=63.074334
# QATOM t=4100.12 dir=FD w=1.19472305 e=0.218667991414 i=17 Em=0.7939
t= 4104.00 +8.33e-14 | 0.0251  0.04      1    0     40     42 | 1.6131  0.00 | 4.31e-16 9.20e-43 |  61.6505 1.0275  0.0443  6.5270 0.042  0.04 | edge_dev mean=2.1978 max=12.2801 gg=0.0522 shape_dev=1.7540 xbar=0.5138
# CONVTAG t=4104.00 rough=3.668550 cond=422.228270 evap=480.243484 backs=63.118961
# QATOM t=4104.68 dir=DF w=1.54904924 e=0.283519669803 i=12 Em=1.8169
t= 4108.00 +8.34e-14 | 0.0251  0.04      1    0     40     42 | 1.6131  0.00 | 4.31e-16 1.58e-37 |  61.3670 1.0228  0.0419  6.5394 0.042  0.04 | edge_dev mean=2.1978 max=12.2801 gg=0.0926 shape_dev=1.7540 xbar=0.5114
# CONVTAG t=4108.00 rough=3.668550 cond=422.228270 evap=480.527004 backs=63.155942
t= 4112.00 +8.34e-14 | 0.0251  0.04      1    0     40     42 | 1.6131  0.00 | 4.31e-16 6.15e-34 |  61.6031 1.0267  0.1085  6.5367 0.042  0.04 | edge_dev mean=2.1978 max=12.2801 gg=0.0981 shape_dev=1.7540 xbar=0.5134
# CONVTAG t=4112.00 rough=3.668550 cond=422.663697 evap=480.791581 backs=63.190452
# QATOM t=4114.64 dir=FD w=0.932539666 e=0.170681042083 i=11 Em=1.6028
t= 4116.00 +8.34e-14 | 0.0251  0.04      1    0     40     42 | 1.6131  0.00 | 4.31e-16 3.38e-31 |  61.5969 1.0266  0.0582  6.5178 0.042  0.04 | edge_dev mean=2.1978 max=12.2801 gg=0.0726 shape_dev=1.7540 xbar=0.5133
# CONVTAG t=4116.00 rough=3.668550 cond=423.177351 evap=481.388512 backs=63.268312
t= 4120.00 +8.34e-14 | 0.0251  0.04      1    0     40     42 | 1.6131  0.00 | 4.31e-16 5.34e-29 |  61.4896 1.0248  0.0816  6.5289 0.042  0.04 | edge_dev mean=2.1978 max=12.2801 gg=0.0288 shape_dev=1.7540 xbar=0.5124
# CONVTAG t=4120.00 rough=3.668550 cond=423.342151 evap=481.685330 backs=63.307028
# QATOM t=4120.34 dir=FD w=0.954334795 e=0.174670164911 i=10 Em=1.5187
t= 4124.00 +8.34e-14 | 0.0251  0.04      1    0     40     42 | 1.6131  0.00 | 4.31e-16 3.64e-27 |  61.6225 1.0270  0.0772  6.5302 0.042  0.04 | edge_dev mean=2.1978 max=12.2801 gg=0.0309 shape_dev=1.7540 xbar=0.5135
# CONVTAG t=4124.00 rough=3.668550 cond=423.713317 evap=481.979264 backs=63.345367
# QATOM t=4126.90 dir=DF w=1.50769136 e=0.275950012311 i=33 Em=1.9239
t= 4128.00 +8.33e-14 | 0.0251  0.04      1    0     40     42 | 1.6131  0.00 | 4.31e-16 1.26e-25 |  61.4477 1.0241  0.0390  6.5278 0.042  0.04 | edge_dev mean=2.1978 max=12.2801 gg=0.0250 shape_dev=1.7540 xbar=0.5121
# CONVTAG t=4128.00 rough=3.668550 cond=424.070023 evap=482.564280 backs=63.421673
t= 4132.00 +8.34e-14 | 0.0251  0.04      1    0     40     42 | 1.6131  0.00 | 4.31e-16 2.91e-24 |  61.5587 1.0260  0.0598  6.5145 0.042  0.04 | edge_dev mean=2.1978 max=12.2801 gg=0.0598 shape_dev=1.7540 xbar=0.5130
# CONVTAG t=4132.00 rough=3.668550 cond=424.412144 evap=482.846737 backs=63.458516
# QATOM t=4132.48 dir=FD w=1.05160898 e=0.192474081836 i=15 Em=1.1855
t= 4136.00 +8.37e-14 | 0.0251  0.04      1    0     40     42 | 1.6131  0.00 | 4.31e-16 4.15e-23 |  61.4977 1.0250  0.0648  6.5210 0.042  0.04 | edge_dev mean=2.1978 max=12.2801 gg=0.0801 shape_dev=1.7540 xbar=0.5125
# CONVTAG t=4136.00 rough=3.668550 cond=424.604618 evap=483.129051 backs=63.495339
t= 4140.00 +8.40e-14 | 0.0251  0.04      1    0     40     42 | 1.6131  0.00 | 4.31e-16 4.55e-22 |  61.5892 1.0265  0.0321  6.5297 0.042  0.04 | edge_dev mean=2.1978 max=12.2801 gg=0.0846 shape_dev=1.7540 xbar=0.5132
# CONVTAG t=4140.00 rough=3.668550 cond=424.940556 evap=483.423858 backs=63.533792
# QATOM t=4140.26 dir=DF w=1.61744779 e=0.29603853297 i=19 Em=1.6518
# QATOM t=4142.74 dir=DF w=1.55614657 e=0.284818681874 i=11 Em=1.7991
t= 4144.00 +8.40e-14 | 0.0252  0.08      2    0     40     42 | 1.6107  0.13 | 9.01e-06 5.64e-11 |  60.9482 1.0158  0.0945  6.5180 0.062  0.08 | edge_dev mean=2.1977 max=12.2801 gg=0.0816 shape_dev=1.7539 xbar=0.5079
# CONVTAG t=4144.00 rough=3.668550 cond=425.458767 evap=484.660807 backs=63.695134
# QATOM t=4147.86 dir=DF w=1.58871819 e=0.290780206941 i=10 Em=1.7195
t= 4148.00 +8.41e-14 | 0.0252  0.08      2    0     40     42 | 1.6111  0.12 | 1.37e-07 7.74e-12 |  60.9088 1.0151  0.1409  6.5030 0.062  0.08 | edge_dev mean=2.1977 max=12.2801 gg=0.0765 shape_dev=1.7538 xbar=0.5076
# CONVTAG t=4148.00 rough=3.668550 cond=425.982288 evap=485.302304 backs=63.778807
# QATOM t=4150.90 dir=FD w=1.06138117 e=0.194262668972 i=23 Em=1.1554
t= 4152.00 +8.41e-14 | 0.0252  0.12      3    0     40     42 | 1.6167  0.24 | 4.10e-06 1.21e-06 |  60.9833 1.0164  0.1113  6.5170 0.062  0.12 | edge_dev mean=2.1975 max=12.2801 gg=0.0694 shape_dev=1.7534 xbar=0.5082
# CONVTAG t=4152.00 rough=3.668550 cond=426.571098 evap=485.904880 backs=63.857404
# QATOM t=4154.10 dir=FD w=1.17433191 e=0.214935837489 i=38 Em=0.8437
t= 4156.00 +8.41e-14 | 0.0251  0.12      3    0     40     42 | 1.6148  0.39 | 2.37e-08 1.01e-08 |  61.5905 1.0265  0.1320  6.5178 0.062  0.12 | edge_dev mean=2.1975 max=12.2801 gg=0.0575 shape_dev=1.7532 xbar=0.5133
# CONVTAG t=4156.00 rough=3.668550 cond=427.371160 evap=486.217803 backs=63.898220
# QATOM t=4158.40 dir=DF w=1.50784968 e=0.27597898922 i=31 Em=2.1041
t= 4160.00 +8.41e-14 | 0.0251  0.04      1    0     40     42 | 1.6069  0.00 | 3.37e-12 5.35e-15 |  62.1509 1.0358  0.1141  6.5060 0.042  0.04 | edge_dev mean=2.1975 max=12.2801 gg=0.0806 shape_dev=1.7532 xbar=0.5179
# CONVTAG t=4160.00 rough=3.668550 cond=428.098490 evap=486.493782 backs=63.934217
t= 4164.00 +8.44e-14 | 0.0251  0.04      1    0     40     42 | 1.6069  0.00 | 1.22e-15 9.88e-23 |  61.7312 1.0289  0.0769  6.4971 0.042  0.04 | edge_dev mean=2.1975 max=12.2801 gg=0.0818 shape_dev=1.7532 xbar=0.5144
# CONVTAG t=4164.00 rough=3.668550 cond=428.262605 evap=487.102255 backs=64.013583
# QATOM t=4164.82 dir=FD w=0.978765867 e=0.179141739764 i=10 Em=1.4287
t= 4168.00 +8.45e-14 | 0.0251  0.04      1    0     40     42 | 1.6069  0.00 | 1.22e-15 1.13e-31 |  62.1798 1.0363  0.0668  6.4915 0.042  0.04 | edge_dev mean=2.1975 max=12.2801 gg=0.0599 shape_dev=1.7532 xbar=0.5182
# CONVTAG t=4168.00 rough=3.668550 cond=428.652661 evap=487.102255 backs=64.013583
t= 4172.00 +8.45e-14 | 0.0251  0.04      1    0     40     42 | 1.6069  0.00 | 1.22e-15 1.13e-42 |  62.0988 1.0350  0.0580  6.4900 0.042  0.04 | edge_dev mean=2.1975 max=12.2801 gg=0.0375 shape_dev=1.7532 xbar=0.5175
# CONVTAG t=4172.00 rough=3.668550 cond=428.821321 evap=487.377165 backs=64.049441
# QATOM t=4172.80 dir=DF w=1.57396547 e=0.288080041977 i=37 Em=1.7552
t= 4176.00 +8.45e-14 | 0.0251  0.04      1    0     40     42 | 1.6031  0.00 | 2.39e-08 1.06e-12 |  61.6433 1.0274  0.0790  6.4939 0.042  0.04 | edge_dev mean=2.1975 max=12.2801 gg=0.1158 shape_dev=1.7532 xbar=0.5137
# CONVTAG t=4176.00 rough=3.668550 cond=429.196288 evap=488.263884 backs=64.165100
# QATOM t=4177.26 dir=FD w=0.878839856 e=0.160852463377 i=31 Em=1.8281
t= 4180.00 +8.46e-14 | 0.0251  0.04      1    0     40     42 | 1.6031  0.00 | 6.81e-12 1.15e-23 |  61.7333 1.0289  0.0445  6.5070 0.042  0.04 | edge_dev mean=2.1975 max=12.2801 gg=0.1114 shape_dev=1.7532 xbar=0.5144
# CONVTAG t=4180.00 rough=3.668550 cond=429.522763 evap=488.549359 backs=64.202336
# QATOM t=4183.32 dir=DF w=1.63115273 e=0.298546922339 i=21 Em=1.6206
t= 4184.00 +8.45e-14 | 0.0251  0.08      2    0     40     42 | 1.6061  0.24 | 2.49e-05 1.52e-05 |  62.0546 1.0342  0.0663  6.5159 0.062  0.08 | edge_dev mean=2.1974 max=12.2801 gg=0.0723 shape_dev=1.7531 xbar=0.5171
# CONVTAG t=4184.00 rough=3.668550 cond=430.061759 evap=488.847906 backs=64.241277
t= 4188.00 +8.44e-14 | 0.0251  0.12      3    0     40     42 | 1.6054  0.24 | 3.45e-07 3.51e-07 |  61.5028 1.0250  0.1001  6.5146 0.083  0.12 | edge_dev mean=2.1974 max=12.2801 gg=0.0789 shape_dev=1.7529 xbar=0.5125
# CONVTAG t=4188.00 rough=3.668550 cond=430.061759 evap=489.399632 backs=64.313241
# QATOM t=4190.92 dir=FD w=1.10510956 e=0.202266196156 i=36 Em=1.0272
t= 4192.00 +8.44e-14 | 0.0251  0.08      2    0     40     42 | 1.6069  0.24 | 7.68e-09 5.57e-09 |  61.6513 1.0275  0.1133  6.5108 0.062  0.08 | edge_dev mean=2.1974 max=12.2801 gg=0.0496 shape_dev=1.7529 xbar=0.5138
# CONVTAG t=4192.00 rough=3.668550 cond=430.431914 evap=489.676829 backs=64.349397
t= 4196.00 +8.44e-14 | 0.0251  0.08      2    0     40     42 | 1.6069  0.24 | 4.96e-11 1.63e-11 |  61.5335 1.0256  0.1076  6.5166 0.062  0.08 | edge_dev mean=2.1974 max=12.2801 gg=0.0421 shape_dev=1.7529 xbar=0.5128
# CONVTAG t=4196.00 rough=3.668550 cond=430.607262 evap=489.996277 backs=64.391064
# QATOM t=4198.98 dir=FD w=1.0282196 e=0.188193165818 i=36 Em=1.2598
t= 4200.00 +8.41e-14 | 0.0251  0.08      2    0     40     42 | 1.6069  0.24 | 6.07e-13 3.52e-13 |  61.8569 1.0309  0.0555  6.5026 0.062  0.08 | edge_dev mean=2.1974 max=12.2801 gg=0.0545 shape_dev=1.7529 xbar=0.5155
# CONVTAG t=4200.00 rough=3.668550 cond=431.132607 evap=490.277038 backs=64.427685
t= 4204.00 +8.41e-14 | 0.0251  0.08      2    0     40     42 | 1.6069  0.24 | 4.42e-15 3.38e-15 |  61.9764 1.0329  0.0597  6.4928 0.062  0.08 | edge_dev mean=2.1974 max=12.2801 gg=0.0913 shape_dev=1.7529 xbar=0.5165
# CONVTAG t=4204.00 rough=3.668550 cond=431.496596 evap=490.576108 backs=64.466694
# QATOM t=4207.80 dir=DF w=1.53320299 e=0.280619359321 i=46 Em=1.8572
t= 4208.00 +8.41e-14 | 0.0251  0.08      2    0     40     42 | 1.6069  0.24 | 1.23e-15 7.69e-17 |  61.6958 1.0283  0.0586  6.4997 0.062  0.08 | edge_dev mean=2.1974 max=12.2801 gg=0.0617 shape_dev=1.7529 xbar=0.5141
# CONVTAG t=4208.00 rough=3.668550 cond=431.496596 evap=490.856727 backs=64.503297
t= 4212.00 +8.41e-14 | 0.0252  0.08      2    0     40     42 | 1.6069  0.24 | 1.23e-15 3.35e-20 |  60.7690 1.0128  0.0358  6.5170 0.062  0.08 | edge_dev mean=2.1974 max=12.2801 gg=0.0869 shape_dev=1.7529 xbar=0.5064
# CONVTAG t=4212.00 rough=3.668550 cond=431.496596 evap=491.783584 backs=64.624191
# QATOM t=4215.76 dir=FD w=0.856051259 e=0.156681507866 i=31 Em=1.9322
t= 4216.00 +8.40e-14 | 0.0252  0.08      2    0     40     42 | 1.6069  0.24 | 1.23e-15 1.73e-27 |  60.8687 1.0145  0.0276  6.5043 0.062  0.08 | edge_dev mean=2.1974 max=12.2801 gg=0.0789 shape_dev=1.7529 xbar=0.5072
# CONVTAG t=4216.00 rough=3.668550 cond=431.822770 evap=492.058963 backs=64.660110
# QATOM t=4216.92 dir=FD w=1.22710653 e=0.449190159309 i=26 Em=0.7180
t= 4220.00 +8.40e-14 | 0.0251  0.08      2    0     40     42 | 1.6069  0.24 | 1.23e-15 2.97e-44 |  62.1264 1.0354  0.0937  6.4865 0.062  0.08 | edge_dev mean=2.1974 max=12.2801 gg=0.1020 shape_dev=1.7529 xbar=0.5177
# CONVTAG t=4220.00 rough=3.668550 cond=433.175085 evap=492.356373 backs=64.698903
t= 4224.00 +8.41e-14 | 0.0251  0.08      2    0     40     42 | 1.6069  0.24 | 1.23e-15 6.53e-35 |  61.8252 1.0304  0.1078  6.4983 0.062  0.08 | edge_dev mean=2.1974 max=12.2801 gg=0.0812 shape_dev=1.7529 xbar=0.5152
# CONVTAG t=4224.00 rough=3.668550 cond=433.175085 evap=492.657590 backs=64.738192
# QATOM t=4225.22 dir=FD w=0.876838402 e=0.160486140925 i=31 Em=1.8370
t= 4228.00 +8.41e-14 | 0.0251  0.08      2    0     40     42 | 1.6069  0.24 | 1.23e-15 4.69e-23 |  61.6353 1.0273  0.1166  6.4984 0.062  0.08 | edge_dev mean=2.1974 max=12.2801 gg=0.0535 shape_dev=1.7529 xbar=0.5136
# CONVTAG t=4228.00 rough=3.668550 cond=433.519499 evap=493.243611 backs=64.814630
t= 4232.00 +8.42e-14 | 0.0251  0.17      4    0     40     42 | 1.6006  0.43 | 7.71e-06 1.82e-07 |  61.5361 1.0256  0.1212  6.5096 0.062  0.17 | edge_dev mean=2.1975 max=12.2801 gg=0.0802 shape_dev=1.7527 xbar=0.5128
# CONVTAG t=4232.00 rough=3.668550 cond=433.687006 evap=493.535400 backs=64.852689
# QATOM t=4233.50 dir=FD w=0.894915868 e=0.163794826727 i=12 Em=1.7578
# QATOM t=4235.40 dir=DF w=1.56698383 e=0.286802205258 i=32 Em=1.9599
t= 4236.00 +8.42e-14 | 0.0251  0.17      4    0     40     42 | 1.6008  0.42 | 3.77e-08 8.49e-09 |  62.1566 1.0359  0.0605  6.5241 0.062  0.17 | edge_dev mean=2.1975 max=12.2801 gg=0.0774 shape_dev=1.7527 xbar=0.5180
# CONVTAG t=4236.00 rough=3.668550 cond=434.726287 evap=494.110084 backs=64.927648
t= 4240.00 +8.44e-14 | 0.0250  0.17      4    0     40     42 | 1.6008  0.42 | 1.36e-10 7.85e-11 |  62.3713 1.0395  0.0495  6.5156 0.062  0.17 | edge_dev mean=2.1975 max=12.2801 gg=0.0701 shape_dev=1.7527 xbar=0.5198
# CONVTAG t=4240.00 rough=3.668550 cond=434.912988 evap=494.110084 backs=64.927648
t= 4244.00 +8.46e-14 | 0.0250  0.12      3    0     40     42 | 1.6030  0.40 | 2.18e-13 4.07e-16 |  62.7855 1.0464  0.0565  6.4985 0.062  0.12 | edge_dev mean=2.1975 max=12.2801 gg=0.0654 shape_dev=1.7527 xbar=0.5232
# CONVTAG t=4244.00 rough=3.668550 cond=435.273174 evap=494.110084 backs=64.927648
# QATOM t=4245.00 dir=DF w=1.49354607 e=0.273361025598 i=46 Em=1.9618
t= 4248.00 +8.48e-14 | 0.0251  0.12      3    0     41     42 | 1.6030  0.40 | 1.26e-15 1.27e-15 |  61.6401 1.0273  0.0859  6.4696 0.062  0.12 | edge_dev mean=2.1975 max=12.2801 gg=0.0896 shape_dev=1.7527 xbar=0.5137
# CONVTAG t=4248.00 rough=3.668550 cond=435.273174 evap=495.255502 backs=65.077050
# QATOM t=4251.56 dir=FD w=0.918718365 e=0.168151354532 i=12 Em=1.6583
t= 4252.00 +8.53e-14 | 0.0251  0.21      5    0     41     42 | 1.6111  0.69 | 5.62e-07 9.21e-11 |  61.4970 1.0250  0.1068  6.4619 0.062  0.21 | edge_dev mean=2.1976 max=12.2801 gg=0.1094 shape_dev=1.7522 xbar=0.5125
# CONVTAG t=4252.00 rough=3.668550 cond=435.441325 evap=495.591973 backs=65.120938
# QATOM t=4254.28 dir=FD w=0.896230434 e=0.164035429325 i=31 Em=1.7522
t= 4256.00 +8.57e-14 | 0.0251  0.17      4    0     41     43 | 1.6152  0.58 | 3.84e-06 3.40e-10 |  61.9526 1.0325  0.0544  6.4926 0.062  0.17 | edge_dev mean=2.1977 max=12.2801 gg=0.0614 shape_dev=1.7517 xbar=0.5163
# CONVTAG t=4256.00 rough=3.668550 cond=436.439022 evap=496.283740 backs=65.211168
t= 4260.00 +8.60e-14 | 0.0251  0.21      5    0     41     43 | 1.6148  0.53 | 4.61e-06 3.23e-06 |  61.3158 1.0219  0.0519  6.5192 0.062  0.21 | edge_dev mean=2.1978 max=12.2801 gg=0.0907 shape_dev=1.7516 xbar=0.5110
# CONVTAG t=4260.00 rough=3.668550 cond=436.439022 evap=496.920554 backs=65.294231
# QATOM t=4262.42 dir=DF w=1.59244352 e=0.29146204623 i=34 Em=1.7106
t= 4264.00 +8.65e-14 | 0.0251  0.21      5    0     41     43 | 1.6125  0.34 | 5.75e-07 5.58e-09 |  61.3208 1.0220  0.0679  6.5389 0.062  0.21 | edge_dev mean=2.1977 max=12.2801 gg=0.0493 shape_dev=1.7514 xbar=0.5110
# CONVTAG t=4264.00 rough=3.668550 cond=436.977258 evap=497.534473 backs=65.374307
t= 4268.00 +8.68e-14 | 0.0251  0.21      5    0     41     43 | 1.6125  0.34 | 1.61e-10 3.23e-14 |  61.5180 1.0253  0.0745  6.5382 0.062  0.21 | edge_dev mean=2.1977 max=12.2801 gg=0.0377 shape_dev=1.7514 xbar=0.5127
# CONVTAG t=4268.00 rough=3.668550 cond=437.148757 evap=497.534473 backs=65.374307
# QATOM t=4269.98 dir=DF w=1.76251359 e=0.322589662762 i=14 Em=1.3445
t= 4272.00 +8.73e-14 | 0.0252  0.25      6    0     41     43 | 1.6100  0.46 | 3.81e-06 4.54e-09 |  60.9144 1.0152  0.0478  6.5589 0.062  0.25 | edge_dev mean=2.1977 max=12.2801 gg=0.0537 shape_dev=1.7513 xbar=0.5076
# CONVTAG t=4272.00 rough=3.668550 cond=437.148757 evap=498.138078 backs=65.453038
# QATOM t=4273.70 dir=DF w=1.50135231 e=0.274789786769 i=31 Em=2.1206
t= 4276.00 +8.74e-14 | 0.0252  0.21      5    0     41     43 | 1.6070  0.47 | 8.86e-05 1.64e-04 |  60.5703 1.0095  0.0761  6.5333 0.083  0.21 | edge_dev mean=2.1981 max=12.2801 gg=0.0493 shape_dev=1.7507 xbar=0.5048
# CONVTAG t=4276.00 rough=3.668550 cond=437.899096 evap=499.345154 backs=65.610483
# QATOM t=4276.12 dir=FD w=1.05652027 e=0.193372987824 i=25 Em=1.1703
t= 4280.00 +8.78e-14 | 0.0252  0.17      4    0     41     43 | 1.6063  0.46 | 6.91e-07 7.15e-07 |  60.9430 1.0157  0.1013  6.5247 0.083  0.17 | edge_dev mean=2.1981 max=12.2801 gg=0.0410 shape_dev=1.7502 xbar=0.5079
# CONVTAG t=4280.00 rough=3.668550 cond=438.474711 evap=499.634360 backs=65.648206
# QATOM t=4280.98 dir=DF w=1.59872687 e=0.292612077014 i=19 Em=1.6955
# QATOM t=4283.18 dir=FD w=1.14723628 e=0.209976572711 i=7 Em=0.9130
t= 4284.00 +8.82e-14 | 0.0252  0.12      3    0     41     43 | 1.6091  0.40 | 5.98e-09 6.64e-09 |  60.1164 1.0019  0.0958  6.5187 0.083  0.12 | edge_dev mean=2.1981 max=12.2801 gg=0.0769 shape_dev=1.7501 xbar=0.5010
# CONVTAG t=4284.00 rough=3.668550 cond=439.052755 evap=501.125671 backs=65.842724
t= 4288.00 +8.85e-14 | 0.0252  0.12      3    0     41     43 | 1.6091  0.40 | 7.28e-11 8.34e-11 |  60.5573 1.0093  0.1104  6.5153 0.083  0.12 | edge_dev mean=2.1981 max=12.2801 gg=0.0497 shape_dev=1.7501 xbar=0.5046
# CONVTAG t=4288.00 rough=3.668550 cond=439.436077 evap=501.125671 backs=65.842724
# QATOM t=4289.44 dir=DF w=1.67299456 e=0.306205157313 i=15 Em=1.5280
t= 4292.00 +8.89e-14 | 0.0251  0.17      4    0     41     43 | 1.6101  0.37 | 2.00e-08 1.13e-12 |  61.2721 1.0212  0.1093  6.4923 0.083  0.17 | edge_dev mean=2.1981 max=12.2801 gg=0.1037 shape_dev=1.7501 xbar=0.5106
# CONVTAG t=4292.00 rough=3.668550 cond=440.323897 evap=501.431876 backs=65.882664
# QATOM t=4292.66 dir=FD w=0.874869402 e=0.160125758456 i=31 Em=1.8458
t= 4296.00 +8.91e-14 | 0.0251  0.17      4    0     41     43 | 1.6101  0.37 | 5.69e-12 1.53e-14 |  61.1834 1.0197  0.0699  6.5027 0.083  0.17 | edge_dev mean=2.1981 max=12.2801 gg=0.1094 shape_dev=1.7501 xbar=0.5099
# CONVTAG t=4296.00 rough=3.668550 cond=440.484023 evap=501.704711 backs=65.918251
t= 4300.00 +8.94e-14 | 0.0251  0.12      3    0     41     43 | 1.6133  0.14 | 1.63e-15 1.25e-15 |  61.3918 1.0232  0.0754  6.4935 0.062  0.12 | edge_dev mean=2.1981 max=12.2801 gg=0.0651 shape_dev=1.7501 xbar=0.5116
# CONVTAG t=4300.00 rough=3.668550 cond=440.665258 evap=501.704711 backs=65.918251
t= 4304.00 +8.97e-14 | 0.0252  0.17      4    0     41     43 | 1.6152  0.24 | 3.29e-07 4.90e-10 |  60.8048 1.0134  0.1094  6.4927 0.062  0.17 | edge_dev mean=2.1980 max=12.2801 gg=0.0838 shape_dev=1.7500 xbar=0.5067
# CONVTAG t=4304.00 rough=3.668550 cond=440.665258 evap=502.291669 backs=65.994811
# QATOM t=4305.40 dir=FD w=1.04006442 e=0.190361103139 i=15 Em=1.2217
t= 4308.00 +8.98e-14 | 0.0251  0.12      3    0     41     43 | 1.6159  0.26 | 9.32e-11 3.35e-14 |  61.0828 1.0180  0.0732  6.4782 0.062  0.12 | edge_dev mean=2.1980 max=12.2801 gg=0.0747 shape_dev=1.7500 xbar=0.5090
# CONVTAG t=4308.00 rough=3.668550 cond=441.204344 evap=502.633657 backs=66.039418
# QATOM t=4308.86 dir=DF w=1.75127109 e=0.32053196821 i=45 Em=1.3665
t= 4312.00 +8.98e-14 | 0.0251  0.12      3    0     41     43 | 1.6159  0.26 | 2.65e-14 1.50e-15 |  61.1471 1.0191  0.0823  6.4797 0.062  0.12 | edge_dev mean=2.1980 max=12.2801 gg=0.1017 shape_dev=1.7500 xbar=0.5096
# CONVTAG t=4312.00 rough=3.668550 cond=441.538968 evap=502.954189 backs=66.081227
# QATOM t=4315.36 dir=DF w=1.68545904 e=0.308486508388 i=23 Em=1.5012
t= 4316.00 +9.01e-14 | 0.0251  0.12      3    0     41     43 | 1.6100  0.33 | 3.06e-05 2.58e-05 |  61.4097 1.0235  0.0838  6.4687 0.083  0.12 | edge_dev mean=2.1981 max=12.2801 gg=0.0919 shape_dev=1.7496 xbar=0.5117
# CONVTAG t=4316.00 rough=3.668550 cond=442.303690 evap=503.570974 backs=66.161677
# QATOM t=4319.02 dir=DF w=1.82005127 e=0.333120679441 i=3 Em=1.2362
t= 4320.00 +9.05e-14 | 0.0252  0.12      3    0     41     43 | 1.6103  0.31 | 7.39e-11 5.22e-11 |  60.8234 1.0137  0.0478  6.4817 0.083  0.12 | edge_dev mean=2.1981 max=12.2801 gg=0.0874 shape_dev=1.7496 xbar=0.5069
# CONVTAG t=4320.00 rough=3.668550 cond=442.829584 evap=504.762101 backs=66.317041
# QATOM t=4321.60 dir=DF w=1.4981804 e=0.274209238154 i=31 Em=2.1288
t= 4324.00 +9.06e-14 | 0.0251  0.08      2    0     41     43 | 1.6100  0.38 | 5.41e-14 3.52e-14 |  61.3827 1.0230  0.0536  6.4886 0.062  0.08 | edge_dev mean=2.1981 max=12.2801 gg=0.0936 shape_dev=1.7496 xbar=0.5115
# CONVTAG t=4324.00 rough=3.668550 cond=443.554375 evap=505.036310 backs=66.352808
# QATOM t=4324.78 dir=DF w=1.53631436 e=0.281188827309 i=11 Em=1.8492
t= 4328.00 +9.09e-14 | 0.0251  0.12      3    0     41     43 | 1.6052  0.52 | 9.51e-10 6.60e-16 |  61.2211 1.0204  0.0879  6.5136 0.062  0.12 | edge_dev mean=2.1981 max=12.2801 gg=0.1062 shape_dev=1.7496 xbar=0.5102
# CONVTAG t=4328.00 rough=3.668550 cond=444.152212 evap=505.885438 backs=66.463564
t= 4332.00 +9.11e-14 | 0.0252  0.17      4    0     41     43 | 1.6068  0.48 | 4.93e-05 7.76e-06 |  60.6370 1.0106  0.0626  6.5155 0.083  0.17 | edge_dev mean=2.1981 max=12.2801 gg=0.0585 shape_dev=1.7495 xbar=0.5053
# CONVTAG t=4332.00 rough=3.668550 cond=444.152212 evap=506.469501 backs=66.539746
# QATOM t=4333.02 dir=DF w=1.62888809 e=0.298132430849 i=34 Em=1.6257
t= 4336.00 +9.15e-14 | 0.0252  0.17      4    0     41     43 | 1.6076  0.52 | 3.87e-07 1.54e-07 |  60.0437 1.0007  0.0628  6.5306 0.083  0.17 | edge_dev mean=2.1981 max=12.2801 gg=0.0488 shape_dev=1.7493 xbar=0.5004
# CONVTAG t=4336.00 rough=3.668550 cond=444.152212 evap=507.062748 backs=66.617126
t= 4340.00 +9.19e-14 | 0.0252  0.12      3    0     41     43 | 1.6088  0.58 | 4.24e-09 1.48e-09 |  60.1929 1.0032  0.0629  6.5223 0.062  0.12 | edge_dev mean=2.1981 max=12.2801 gg=0.0235 shape_dev=1.7493 xbar=0.5016
# CONVTAG t=4340.00 rough=3.668550 cond=444.564699 evap=507.387948 backs=66.659543
# QATOM t=4341.24 dir=FD w=1.00778621 e=0.184453280919 i=34 Em=1.3276
t= 4344.00 +9.23e-14 | 0.0252  0.12      3    0     41     43 | 1.6088  0.58 | 4.97e-11 1.49e-11 |  60.6431 1.0107  0.0861  6.5128 0.062  0.12 | edge_dev mean=2.1981 max=12.2801 gg=0.0374 shape_dev=1.7493 xbar=0.5054
# CONVTAG t=4344.00 rough=3.668550 cond=445.258167 evap=507.735204 backs=66.704837
# QATOM t=4345.74 dir=FD w=0.912437433 e=0.167001766791 i=32 Em=1.6840
t= 4348.00 +9.24e-14 | 0.0251  0.12      3    0     41     43 | 1.6088  0.58 | 6.23e-13 1.57e-13 |  61.2279 1.0205  0.1138  6.5028 0.062  0.12 | edge_dev mean=2.1981 max=12.2801 gg=0.0716 shape_dev=1.7493 xbar=0.5102
# CONVTAG t=4348.00 rough=3.668550 cond=445.766692 evap=507.735204 backs=66.704837
# QATOM t=4350.54 dir=DF w=1.46584927 e=0.26829173116 i=31 Em=2.0383
t= 4352.00 +9.26e-14 | 0.0251  0.17      4    0     41     43 | 1.6187  0.21 | 9.15e-07 1.85e-07 |  61.6640 1.0277  0.1559  6.4592 0.104  0.17 | edge_dev mean=2.1982 max=12.2806 gg=0.1006 shape_dev=1.7490 xbar=0.5139
# CONVTAG t=4352.00 rough=3.668550 cond=446.678139 evap=508.347285 backs=66.784674
# QATOM t=4353.94 dir=FD w=1.16737611 e=0.213662729538 i=29 Em=0.8613
t= 4356.00 +9.26e-14 | 0.0250  0.04      1    0     41     43 | 1.6146  0.00 | 1.52e-08 1.54e-18 |  62.3852 1.0398  0.1319  6.4686 0.042  0.04 | edge_dev mean=2.1982 max=12.2807 gg=0.1133 shape_dev=1.7490 xbar=0.5199
# CONVTAG t=4356.00 rough=3.668550 cond=447.305221 evap=508.347285 backs=66.784674
t= 4360.00 +9.27e-14 | 0.0250  0.04      1    0     41     43 | 1.6146  0.00 | 4.33e-12 1.14e-19 |  62.2736 1.0379  0.1687  6.4621 0.042  0.04 | edge_dev mean=2.1982 max=12.2807 gg=0.0565 shape_dev=1.7490 xbar=0.5189
# CONVTAG t=4360.00 rough=3.668550 cond=447.468498 evap=508.646637 backs=66.823720
# QATOM t=4362.04 dir=FD w=0.993538481 e=0.181845544528 i=37 Em=1.3765
t= 4364.00 +9.28e-14 | 0.0250  0.04      1    0     41     43 | 1.6146  0.00 | 1.19e-15 2.46e-21 |  62.3942 1.0399  0.1884  6.4571 0.042  0.04 | edge_dev mean=2.1982 max=12.2807 gg=0.0649 shape_dev=1.7490 xbar=0.5200
# CONVTAG t=4364.00 rough=3.668550 cond=447.816228 evap=508.925884 backs=66.860144
# QATOM t=4367.88 dir=FD w=1.01263392 e=0.185340548127 i=19 Em=1.3111
t= 4368.00 +9.30e-14 | 0.0251  0.04      1    0     41     43 | 1.6146  0.00 | 1.19e-15 8.57e-20 |  61.7655 1.0294  0.1151  6.4706 0.042  0.04 | edge_dev mean=2.1982 max=12.2807 gg=0.0495 shape_dev=1.7490 xbar=0.5147
# CONVTAG t=4368.00 rough=3.668550 cond=448.001569 evap=509.767772 backs=66.969955
t= 4372.00 +9.30e-14 | 0.0251  0.04      1    0     41     43 | 1.6146  0.00 | 1.19e-15 1.50e-18 |  61.3276 1.0221  0.0651  6.4611 0.042  0.04 | edge_dev mean=2.1982 max=12.2807 gg=0.0276 shape_dev=1.7490 xbar=0.5111
# CONVTAG t=4372.00 rough=3.668550 cond=448.173400 evap=510.403216 backs=67.052839
# QATOM t=4372.74 dir=DF w=1.51666176 e=0.277591848668 i=36 Em=1.9002
# QATOM t=4375.92 dir=FD w=0.953615836 e=0.174538575177 i=33 Em=1.5214
t= 4376.00 +9.34e-14 | 0.0252  0.08      2    0     42     43 | 1.6219  0.45 | 3.98e-05 9.15e-06 |  60.6125 1.0102  0.1153  6.4264 0.042  0.08 | edge_dev mean=2.1979 max=12.2807 gg=0.0519 shape_dev=1.7486 xbar=0.5051
# CONVTAG t=4376.00 rough=3.668550 cond=448.689147 evap=511.711462 backs=67.223480
# QATOM t=4379.34 dir=DF w=1.49505789 e=0.273637731735 i=31 Em=2.1368
t= 4380.00 +9.35e-14 | 0.0252  0.12      3    0     42     43 | 1.6093  0.45 | 1.30e-05 2.95e-06 |  60.8861 1.0148  0.1137  6.4293 0.042  0.12 | edge_dev mean=2.1980 max=12.2807 gg=0.0784 shape_dev=1.7484 xbar=0.5074
# CONVTAG t=4380.00 rough=3.668550 cond=449.414759 evap=512.272354 backs=67.296640
t= 4384.00 +9.38e-14 | 0.0251  0.12      3    0     42     43 | 1.6137  0.70 | 7.36e-05 7.30e-08 |  60.9966 1.0166  0.0977  6.4493 0.042  0.12 | edge_dev mean=2.1980 max=12.2807 gg=0.0443 shape_dev=1.7484 xbar=0.5083
# CONVTAG t=4384.00 rough=3.668550 cond=449.813754 evap=512.620705 backs=67.342077
# QATOM t=4385.10 dir=FD w=1.08852053 e=0.19922993722 i=25 Em=1.0746
t= 4388.00 +9.40e-14 | 0.0251  0.00      0    0     42     44 | 0.0000  0.00 | 0.00e+00 0.00e+00 |  61.9166 1.0319  0.0931  6.4698 0.021  0.00 | edge_dev mean=2.1980 max=12.2807 gg=0.0454 shape_dev=1.7482 xbar=0.5160
# CONVTAG t=4388.00 rough=3.668550 cond=450.865356 evap=512.909971 backs=67.379807
# QATOM t=4388.38 dir=DF w=1.56556115 e=0.286541815489 i=10 Em=1.7758
t= 4392.00 +9.43e-14 | 0.0251  0.04      1    0     42     44 | 1.6042  0.00 | 2.81e-05 1.94e-05 |  61.5377 1.0256  0.1330  6.4999 0.042  0.04 | edge_dev mean=2.1980 max=12.2807 gg=0.0643 shape_dev=1.7482 xbar=0.5128
# CONVTAG t=4392.00 rough=3.668550 cond=451.054192 evap=513.506026 backs=67.457553
# QATOM t=4394.42 dir=FD w=1.04909763 e=0.192014434177 i=23 Em=1.1933
t= 4396.00 +9.46e-14 | 0.0252  0.12      3    0     42     44 | 1.6125  0.67 | 3.38e-05 8.15e-06 |  60.9695 1.0162  0.0746  6.4957 0.062  0.12 | edge_dev mean=2.1981 max=12.2807 gg=0.0877 shape_dev=1.7480 xbar=0.5081
# CONVTAG t=4396.00 rough=3.668550 cond=451.411539 evap=514.485263 backs=67.585280
t= 4400.00 +9.47e-14 | 0.0252  0.12      3    0     42     44 | 1.6134  0.67 | 1.52e-08 5.21e-11 |  60.8433 1.0141  0.1154  6.4876 0.062  0.12 | edge_dev mean=2.1982 max=12.2807 gg=0.0818 shape_dev=1.7479 xbar=0.5070
# CONVTAG t=4400.00 rough=3.668550 cond=451.581310 evap=514.806676 backs=67.627203
# QATOM t=4400.34 dir=FD w=1.06237413 e=0.388888816327 i=2 Em=1.1523
# QATOM t=4403.78 dir=FD w=1.10211596 e=0.201718282802 i=27 Em=1.0357
t= 4404.00 +9.48e-14 | 0.0251  0.04      1    0     42     44 | 1.5983  0.00 | 1.69e-12 7.98e-18 |  61.3638 1.0227  0.1464  6.4969 0.042  0.04 | edge_dev mean=2.1982 max=12.2807 gg=0.0657 shape_dev=1.7479 xbar=0.5114
# CONVTAG t=4404.00 rough=3.668550 cond=452.769713 evap=515.652839 backs=67.737572
# QATOM t=4407.78 dir=DF w=1.55823785 e=0.285201444877 i=12 Em=1.7939
t= 4408.00 +9.51e-14 | 0.0252  0.12      3    0     42     44 | 1.6096  0.50 | 2.58e-05 2.14e-06 |  60.3937 1.0066  0.1555  6.5078 0.042  0.12 | edge_dev mean=2.1982 max=12.2807 gg=0.0907 shape_dev=1.7478 xbar=0.5033
# CONVTAG t=4408.00 rough=3.668550 cond=452.952793 evap=516.833417 backs=67.891561
t= 4412.00 +9.53e-14 | 0.0251  0.12      3    0     42     44 | 1.6102  0.53 | 3.89e-09 9.73e-10 |  61.0258 1.0171  0.1621  6.5059 0.042  0.12 | edge_dev mean=2.1982 max=12.2807 gg=0.0649 shape_dev=1.7477 xbar=0.5085
# CONVTAG t=4412.00 rough=3.668550 cond=453.502384 evap=516.833417 backs=67.891561
# QATOM t=4412.46 dir=FD w=0.972831681 e=0.178055616383 i=34 Em=1.4502
t= 4416.00 +9.57e-14 | 0.0251  0.12      3    0     42     44 | 1.6092  0.48 | 1.75e-06 7.40e-09 |  61.3368 1.0223  0.1570  6.5084 0.042  0.12 | edge_dev mean=2.1981 max=12.2807 gg=0.0949 shape_dev=1.7476 xbar=0.5111
# CONVTAG t=4416.00 rough=3.668550 cond=454.052542 evap=517.155041 backs=67.933512
# QATOM t=4417.40 dir=FD w=0.968599886 e=0.177281078759 i=29 Em=1.4654
t= 4420.00 +9.60e-14 | 0.0251  0.12      3    0     42     44 | 1.6092  0.48 | 4.94e-10 1.60e-14 |  61.4587 1.0243  0.1535  6.5218 0.042  0.12 | edge_dev mean=2.1981 max=12.2807 gg=0.0913 shape_dev=1.7476 xbar=0.5122
# CONVTAG t=4420.00 rough=3.668550 cond=454.404977 evap=517.438493 backs=67.970484
# QATOM t=4422.04 dir=FD w=1.19850311 e=0.219359847946 i=30 Em=0.7846
t= 4424.00 +9.63e-14 | 0.0250  0.04      1    0     42     44 | 1.5983  0.00 | 6.14e-16 1.42e-18 |  62.9889 1.0498  0.1817  6.5115 0.042  0.04 | edge_dev mean=2.1981 max=12.2807 gg=0.0791 shape_dev=1.7476 xbar=0.5249
# CONVTAG t=4424.00 rough=3.668550 cond=455.735614 evap=517.438493 backs=67.970484
t= 4428.00 +9.65e-14 | 0.0250  0.04      1    0     42     44 | 1.5983  0.00 | 6.13e-16 5.66e-35 |  63.1889 1.0531  0.1893  6.5029 0.042  0.04 | edge_dev mean=2.1981 max=12.2807 gg=0.0984 shape_dev=1.7476 xbar=0.5266
# CONVTAG t=4428.00 rough=3.668550 cond=455.909524 evap=517.438493 backs=67.970484
# QATOM t=4431.90 dir=DF w=1.61369047 e=0.295350836582 i=1 Em=1.6607
t= 4432.00 +9.67e-14 | 0.0250  0.04      1    0     42     44 | 1.5998  0.00 | 2.24e-04 2.74e-13 |  63.0843 1.0514  0.1962  6.5182 0.042  0.04 | edge_dev mean=2.1981 max=12.2807 gg=0.1115 shape_dev=1.7475 xbar=0.5257
# CONVTAG t=4432.00 rough=3.668550 cond=456.075399 evap=517.733844 backs=68.009008
t= 4436.00 +9.71e-14 | 0.0250  0.04      1    0     42     44 | 1.6110  0.00 | 6.38e-08 1.15e-10 |  62.7841 1.0464  0.1751  6.5261 0.042  0.04 | edge_dev mean=2.1984 max=12.2807 gg=0.0766 shape_dev=1.7472 xbar=0.5232
# CONVTAG t=4436.00 rough=3.668550 cond=456.075399 evap=518.034095 backs=68.048171
t= 4440.00 +9.75e-14 | 0.0249  0.00      0    0     42     44 | 0.0000  0.00 | 0.00e+00 0.00e+00 |  63.4747 1.0579  0.2062  6.5011 0.021  0.00 | edge_dev mean=2.1984 max=12.2807 gg=0.0888 shape_dev=1.7472 xbar=0.5290
# CONVTAG t=4440.00 rough=3.668550 cond=456.675922 evap=518.034095 backs=68.048171
# QATOM t=4441.06 dir=DF w=1.8209452 e=0.33328429323 i=26 Em=1.2345
t= 4444.00 +9.77e-14 | 0.0250  0.00      0    0     42     44 | 0.0000  0.00 | 0.00e+00 0.00e+00 |  63.0545 1.0509  0.2362  6.5069 0.021  0.00 | edge_dev mean=2.1984 max=12.2807 gg=0.0778 shape_dev=1.7472 xbar=0.5255
# CONVTAG t=4444.00 rough=3.668550 cond=456.841776 evap=518.644949 backs=68.127848
t= 4448.00 +9.79e-14 | 0.0250  0.00      0    0     42     44 | 0.0000  0.00 | 0.00e+00 0.00e+00 |  62.4705 1.0412  0.2553  6.4856 0.021  0.00 | edge_dev mean=2.1984 max=12.2807 gg=0.0901 shape_dev=1.7472 xbar=0.5206
# CONVTAG t=4448.00 rough=3.668550 cond=456.841776 evap=519.229032 backs=68.204032
# QATOM t=4449.64 dir=DF w=1.90476813 e=0.348626253142 i=42 Em=1.0885
t= 4452.00 +9.81e-14 | 0.0251  0.04      1    0     42     44 | 1.5941  0.00 | 5.74e-12 9.50e-12 |  61.4443 1.0241  0.1953  6.4782 0.042  0.04 | edge_dev mean=2.1983 max=12.2807 gg=0.0738 shape_dev=1.7470 xbar=0.5120
# CONVTAG t=4452.00 rough=3.668550 cond=457.011531 evap=520.450423 backs=68.363344
# QATOM t=4453.52 dir=DF w=1.51640663 e=0.277545153008 i=12 Em=1.9009
t= 4456.00 +9.83e-14 | 0.0251  0.04      1    0     43     44 | 1.5941  0.00 | 5.36e-16 8.85e-16 |  61.4355 1.0239  0.1624  6.4636 0.042  0.04 | edge_dev mean=2.1983 max=12.2807 gg=0.1043 shape_dev=1.7470 xbar=0.5120
# CONVTAG t=4456.00 rough=3.668550 cond=457.789494 evap=521.353913 backs=68.481191
# QATOM t=4456.44 dir=FD w=1.21757342 e=0.445700504358 i=42 Em=0.7399
t= 4460.00 +9.87e-14 | 0.0251  0.04      1    0     43     45 | 1.5941  0.00 | 5.43e-16 8.99e-16 |  62.0593 1.0343  0.2202  6.5008 0.042  0.04 | edge_dev mean=2.1983 max=12.2807 gg=0.1026 shape_dev=1.7470 xbar=0.5172
# CONVTAG t=4460.00 rough=3.668550 cond=458.589159 evap=521.649717 backs=68.519774
# QATOM t=4462.56 dir=FD w=1.14332151 e=0.418520121807 i=18 Em=0.9230
t= 4464.00 +9.91e-14 | 0.0251  0.04      1    0     43     46 | 1.5941  0.00 | 5.40e-16 8.93e-16 |  62.1218 1.0354  0.1198  6.5421 0.042  0.04 | edge_dev mean=2.1983 max=12.2807 gg=0.1045 shape_dev=1.7470 xbar=0.5177
# CONVTAG t=4464.00 rough=3.668550 cond=459.172479 evap=522.257952 backs=68.599109
# QATOM t=4465.86 dir=FD w=0.998559565 e=0.182764544277 i=34 Em=1.3591
t= 4468.00 +9.94e-14 | 0.0251  0.00      0    0     43     46 | 0.0000  0.00 | 0.00e+00 0.00e+00 |  62.1435 1.0357  0.1353  6.5394 0.021  0.00 | edge_dev mean=2.1983 max=12.2807 gg=0.0884 shape_dev=1.7470 xbar=0.5179
# CONVTAG t=4468.00 rough=3.668550 cond=459.708849 evap=522.853141 backs=68.676742
t= 4472.00 +9.94e-14 | 0.0250  0.00      0    0     43     46 | 0.0000  0.00 | 0.00e+00 0.00e+00 |  62.3527 1.0392  0.1441  6.5489 0.021  0.00 | edge_dev mean=2.1983 max=12.2807 gg=0.0983 shape_dev=1.7470 xbar=0.5196
# CONVTAG t=4472.00 rough=3.668550 cond=459.890784 evap=522.853141 backs=68.676742
# QATOM t=4474.98 dir=FD w=1.01488883 e=0.371506521408 i=25 Em=1.3037
t= 4476.00 +9.94e-14 | 0.0250  0.04      1    0     43     46 | 1.6011  0.00 | 3.18e-11 4.58e-11 |  62.6990 1.0450  0.1637  6.5432 0.042  0.04 | edge_dev mean=2.1985 max=12.2807 gg=0.0404 shape_dev=1.7469 xbar=0.5225
# CONVTAG t=4476.00 rough=3.668550 cond=460.461875 evap=523.163568 backs=68.717233
# QATOM t=4478.80 dir=DF w=1.72745297 e=0.316172580576 i=23 Em=1.4141
t= 4480.00 +9.93e-14 | 0.0251  0.29      7    0     43     46 | 1.6171  0.55 | 5.18e-05 1.15e-06 |  61.6555 1.0276  0.1900  6.5558 0.062  0.29 | edge_dev mean=2.1988 max=12.2807 gg=0.0284 shape_dev=1.7454 xbar=0.5138
# CONVTAG t=4480.00 rough=3.668550 cond=460.626143 evap=524.396027 backs=68.877988
# QATOM t=4481.90 dir=FD w=0.924658086 e=0.16923849083 i=36 Em=1.6343
t= 4484.00 +9.92e-14 | 0.0250  0.25      6    0     43     46 | 1.6178  0.64 | 3.59e-07 1.56e-07 |  62.8899 1.0482  0.1906  6.5321 0.062  0.25 | edge_dev mean=2.1989 max=12.2807 gg=0.0530 shape_dev=1.7450 xbar=0.5241
# CONVTAG t=4484.00 rough=3.668550 cond=461.699551 evap=524.396027 backs=68.877988
# QATOM t=4486.38 dir=FD w=0.950093458 e=0.173893880865 i=46 Em=1.5347
t= 4488.00 +9.92e-14 | 0.0250  0.21      5    0     43     46 | 1.6165  0.67 | 2.62e-10 1.37e-12 |  62.4767 1.0413  0.1429  6.5400 0.062  0.21 | edge_dev mean=2.1989 max=12.2807 gg=0.1401 shape_dev=1.7450 xbar=0.5206
# CONVTAG t=4488.00 rough=3.668550 cond=462.078040 evap=525.244516 backs=68.988661
t= 4492.00 +9.91e-14 | 0.0250  0.21      5    0     43     46 | 1.6165  0.67 | 1.38e-12 8.07e-13 |  62.4767 1.0413  0.1429  6.5400 0.062  0.21 | edge_dev mean=2.1989 max=12.2807 gg=0.0764 shape_dev=1.7450 xbar=0.5206
# CONVTAG t=4492.00 rough=3.668550 cond=462.078040 evap=525.244516 backs=68.988661
t= 4496.00 +9.93e-14 | 0.0250  0.12      3    0     43     46 | 1.6170  0.80 | 6.13e-16 4.25e-16 |  62.9041 1.0484  0.1631  6.5345 0.042  0.12 | edge_dev mean=2.1989 max=12.2807 gg=0.0485 shape_dev=1.7450 xbar=0.5242
# CONVTAG t=4496.00 rough=3.668550 cond=462.449708 evap=525.244516 backs=68.988661
t= 4500.00 +9.96e-14 | 0.0250  0.12      3    0     43     46 | 1.6170  0.80 | 6.13e-16 3.45e-16 |  62.6207 1.0437  0.1755  6.5463 0.042  0.12 | edge_dev mean=2.1989 max=12.2807 gg=0.0616 shape_dev=1.7450 xbar=0.5218
# CONVTAG t=4500.00 rough=3.668550 cond=462.449708 evap=525.527918 backs=69.025626
# QATOM t=4500.10 dir=DF w=1.56653039 e=0.286719213468 i=15 Em=1.7734
t= 4504.00 +9.97e-14 | 0.0251  0.12      3    0     43     46 | 1.6170  0.80 | 6.13e-16 2.70e-16 |  61.6963 1.0283  0.1987  6.5602 0.042  0.12 | edge_dev mean=2.1989 max=12.2807 gg=0.0783 shape_dev=1.7450 xbar=0.5141
# CONVTAG t=4504.00 rough=3.668550 cond=462.449708 evap=526.452360 backs=69.146206
# QATOM t=4505.20 dir=FD w=0.918177307 e=0.168052325517 i=33 Em=1.6605
t= 4508.00 +9.98e-14 | 0.0251  0.25      6    0     43     46 | 1.6061  0.70 | 4.28e-06 1.68e-06 |  61.4340 1.0239  0.2462  6.5680 0.125  0.25 | edge_dev mean=2.1991 max=12.2807 gg=0.0870 shape_dev=1.7437 xbar=0.5119
# CONVTAG t=4508.00 rough=3.668550 cond=462.782546 evap=527.097423 backs=69.230344
# QATOM t=4509.70 dir=FD w=0.975344592 e=0.178515549928 i=25 Em=1.4411
t= 4512.00 +9.98e-14 | 0.0251  0.17      4    0     43     46 | 1.6023  0.58 | 1.87e-07 7.63e-08 |  61.9672 1.0328  0.2467  6.5375 0.062  0.17 | edge_dev mean=2.1991 max=12.2807 gg=0.0758 shape_dev=1.7436 xbar=0.5164
# CONVTAG t=4512.00 rough=3.668550 cond=463.749188 evap=527.675775 backs=69.305782
# QATOM t=4514.48 dir=DF w=1.50757234 e=0.275928228908 i=46 Em=1.9242
t= 4516.00 +1.00e-13 | 0.0251  0.08      2    0     43     46 | 1.6082  0.57 | 3.76e-12 3.44e-16 |  61.9138 1.0319  0.2462  6.5354 0.042  0.08 | edge_dev mean=2.1991 max=12.2807 gg=0.0650 shape_dev=1.7436 xbar=0.5159
# CONVTAG t=4516.00 rough=3.668550 cond=463.942686 evap=527.951703 backs=69.341772
t= 4520.00 +1.00e-13 | 0.0251  0.08      2    0     43     46 | 1.6082  0.57 | 1.02e-15 3.64e-21 |  61.5788 1.0263  0.2059  6.5296 0.042  0.08 | edge_dev mean=2.1991 max=12.2807 gg=0.0462 shape_dev=1.7436 xbar=0.5132
# CONVTAG t=4520.00 rough=3.668550 cond=463.942686 evap=528.286736 backs=69.385472
# QATOM t=4522.24 dir=FD w=1.05545891 e=0.193178728414 i=27 Em=1.1735
t= 4524.00 +1.00e-13 | 0.0251  0.08      2    0     43     46 | 1.6082  0.57 | 5.66e-16 4.80e-18 |  61.3833 1.0231  0.2001  6.5481 0.042  0.08 | edge_dev mean=2.1991 max=12.2807 gg=0.0549 shape_dev=1.7436 xbar=0.5115
# CONVTAG t=4524.00 rough=3.668550 cond=464.300656 evap=528.893874 backs=69.464664
t= 4528.00 +1.01e-13 | 0.0251  0.08      2    0     43     46 | 1.6082  0.57 | 6.81e-16 2.34e-16 |  61.7340 1.0289  0.1880  6.5625 0.042  0.08 | edge_dev mean=2.1991 max=12.2807 gg=0.0422 shape_dev=1.7436 xbar=0.5145
# CONVTAG t=4528.00 rough=3.668550 cond=464.868845 evap=529.196613 backs=69.504152
# QATOM t=4529.56 dir=FD w=1.04512404 e=0.19128715518 i=2 Em=1.2057
t= 4532.00 +1.01e-13 | 0.0251  0.08      2    0     43     46 | 1.6082  0.57 | 8.78e-16 7.70e-16 |  62.1049 1.0351  0.1543  6.5416 0.042  0.08 | edge_dev mean=2.1991 max=12.2807 gg=0.1104 shape_dev=1.7436 xbar=0.5175
# CONVTAG t=4532.00 rough=3.668550 cond=465.431288 evap=529.472549 backs=69.540143
# QATOM t=4533.60 dir=DF w=1.94428498 e=0.355858950982 i=8 Em=1.0241
t= 4536.00 +1.01e-13 | 0.0251  0.12      3    0     43     46 | 1.6182  0.98 | 4.41e-07 1.58e-07 |  61.4938 1.0249  0.1573  6.5123 0.042  0.12 | edge_dev mean=2.1991 max=12.2807 gg=0.1142 shape_dev=1.7435 xbar=0.5124
# CONVTAG t=4536.00 rough=3.668550 cond=465.975519 evap=530.709487 backs=69.701483
# QATOM t=4537.22 dir=DF w=1.6626905 e=0.304319223626 i=0 Em=1.5503
t= 4540.00 +1.02e-13 | 0.0251  0.21      5    0     43     46 | 1.6193  0.89 | 9.81e-06 1.14e-05 |  61.5875 1.0265  0.1657  6.5198 0.083  0.21 | edge_dev mean=2.1985 max=12.2807 gg=0.0401 shape_dev=1.7420 xbar=0.5132
# CONVTAG t=4540.00 rough=3.668550 cond=466.321582 evap=531.013806 backs=69.741177
t= 4544.00 +1.02e-13 | 0.0250  0.21      5    0     43     46 | 1.6196  0.89 | 2.04e-07 1.97e-07 |  62.2129 1.0369  0.1946  6.5233 0.083  0.21 | edge_dev mean=2.1985 max=12.2807 gg=0.0391 shape_dev=1.7419 xbar=0.5184
# CONVTAG t=4544.00 rough=3.668550 cond=466.865445 evap=531.013806 backs=69.741177
# QATOM t=4544.12 dir=FD w=1.14320546 e=0.20923882031 i=14 Em=0.9236
t= 4548.00 +1.02e-13 | 0.0251  0.21      5    0     43     46 | 1.6241  1.24 | 1.96e-06 7.73e-10 |  61.1893 1.0198  0.2617  6.5034 0.062  0.21 | edge_dev mean=2.1987 max=12.2807 gg=0.0805 shape_dev=1.7415 xbar=0.5099
# CONVTAG t=4548.00 rough=3.668550 cond=467.074683 evap=532.278053 backs=69.906079
# QATOM t=4548.74 dir=FD w=0.921211305 e=0.1686076327 i=32 Em=1.6482
t= 4552.00 +1.02e-13 | 0.0251  0.21      5    0     43     46 | 1.6241  1.25 | 1.98e-09 2.07e-12 |  61.2858 1.0214  0.2854  6.5089 0.062  0.21 | edge_dev mean=2.1987 max=12.2807 gg=0.0356 shape_dev=1.7415 xbar=0.5107
# CONVTAG t=4552.00 rough=3.668550 cond=467.403565 evap=532.559747 backs=69.942821
# QATOM t=4554.98 dir=FD w=1.1607056 e=0.424883678612 i=16 Em=0.8782
t= 4556.00 +1.02e-13 | 0.0251  0.21      5    0     43     46 | 1.6178  0.82 | 2.68e-05 4.87e-12 |  62.1727 1.0362  0.1950  6.5401 0.062  0.21 | edge_dev mean=2.1987 max=12.2817 gg=0.0504 shape_dev=1.7414 xbar=0.5181
# CONVTAG t=4556.00 rough=3.668550 cond=468.465111 evap=532.893583 backs=69.986365
t= 4560.00 +1.03e-13 | 0.0251  0.21      5    0     43     46 | 1.6180  0.82 | 7.61e-09 4.04e-17 |  62.1727 1.0362  0.1950  6.5401 0.062  0.21 | edge_dev mean=2.1987 max=12.2824 gg=0.0808 shape_dev=1.7414 xbar=0.5181
# CONVTAG t=4560.00 rough=3.668550 cond=468.465111 evap=532.893583 backs=69.986365
t= 4564.00 +1.03e-13 | 0.0250  0.17      4    0     43     46 | 1.6163  0.89 | 8.57e-16 2.51e-16 |  62.8121 1.0469  0.2024  6.5338 0.062  0.17 | edge_dev mean=2.1987 max=12.2824 gg=0.1049 shape_dev=1.7414 xbar=0.5234
# CONVTAG t=4564.00 rough=3.668550 cond=469.021043 evap=532.893583 backs=69.986365
# QATOM t=4564.68 dir=DF w=1.57790891 e=0.288801803116 i=36 Em=1.7456
t= 4568.00 +1.03e-13 | 0.0250  0.17      4    0     43     46 | 1.6163  0.89 | 8.74e-16 1.61e-18 |  62.2416 1.0374  0.1617  6.5417 0.062  0.17 | edge_dev mean=2.1987 max=12.2824 gg=0.0747 shape_dev=1.7414 xbar=0.5187
# CONVTAG t=4568.00 rough=3.668550 cond=469.021043 evap=533.464088 backs=70.060779
# QATOM t=4571.44 dir=DF w=1.75158303 e=0.320589062709 i=35 Em=1.3659
t= 4572.00 +1.03e-13 | 0.0251  0.21      5    0     43     46 | 1.6138  0.86 | 3.03e-06 6.51e-07 |  61.5112 1.0252  0.1410  6.5564 0.083  0.21 | edge_dev mean=2.1987 max=12.2824 gg=0.0634 shape_dev=1.7414 xbar=0.5126
# CONVTAG t=4572.00 rough=3.668550 cond=469.184287 evap=534.382184 backs=70.180531
t= 4576.00 +1.03e-13 | 0.0252  0.25      6    0     43     46 | 1.6179  0.59 | 2.24e-05 1.92e-05 |  60.7787 1.0130  0.1074  6.5531 0.104  0.25 | edge_dev mean=2.1986 max=12.2824 gg=0.0651 shape_dev=1.7392 xbar=0.5065
# CONVTAG t=4576.00 rough=3.668550 cond=469.362010 evap=535.319052 backs=70.302731
# QATOM t=4576.04 dir=FD w=1.04271492 e=0.190846219519 i=17 Em=1.2133
# QATOM t=4579.14 dir=FD w=0.897957483 e=0.16435152796 i=46 Em=1.7448
t= 4580.00 +1.03e-13 | 0.0251  0.25      6    0     43     46 | 1.6147  0.81 | 1.13e-05 5.78e-06 |  61.5201 1.0253  0.1087  6.5661 0.083  0.25 | edge_dev mean=2.1983 max=12.2824 gg=0.0286 shape_dev=1.7383 xbar=0.5127
# CONVTAG t=4580.00 rough=3.668550 cond=470.272435 evap=535.624651 backs=70.342591
t= 4584.00 +1.03e-13 | 0.0251  0.21      5    0     43     46 | 1.6144  0.87 | 4.02e-07 2.05e-07 |  61.2861 1.0214  0.1784  6.5082 0.083  0.21 | edge_dev mean=2.1983 max=12.2824 gg=0.0371 shape_dev=1.7382 xbar=0.5107
# CONVTAG t=4584.00 rough=3.668550 cond=470.641632 evap=536.283216 backs=70.428491
# QATOM t=4586.96 dir=FD w=1.10293309 e=0.201867840994 i=47 Em=1.0331
t= 4588.00 +1.03e-13 | 0.0251  0.17      4    0     43     46 | 1.6144  0.97 | 1.31e-08 2.94e-16 |  62.0045 1.0334  0.2116  6.5212 0.062  0.17 | edge_dev mean=2.1983 max=12.2824 gg=0.0653 shape_dev=1.7381 xbar=0.5167
# CONVTAG t=4588.00 rough=3.668550 cond=471.266316 evap=536.283216 backs=70.428491
# QATOM t=4590.38 dir=DF w=1.59753326 e=0.292393611569 i=34 Em=1.6985
t= 4592.00 +1.04e-13 | 0.0251  0.25      6    0     43     46 | 1.6053  1.15 | 1.60e-06 2.30e-08 |  61.2334 1.0206  0.1942  6.5430 0.083  0.25 | edge_dev mean=2.1984 max=12.2824 gg=0.0844 shape_dev=1.7381 xbar=0.5103
# CONVTAG t=4592.00 rough=3.668550 cond=471.595949 evap=537.433379 backs=70.578512
# QATOM t=4593.74 dir=FD w=1.03762473 e=0.379829142367 i=12 Em=1.2295
t= 4596.00 +1.04e-13 | 0.0251  0.17      4    0     43     46 | 1.6075  1.36 | 3.83e-10 5.47e-11 |  61.8009 1.0300  0.1695  6.5209 0.042  0.17 | edge_dev mean=2.1984 max=12.2824 gg=0.0808 shape_dev=1.7380 xbar=0.5150
# CONVTAG t=4596.00 rough=3.668550 cond=472.352561 evap=537.736006 backs=70.617986
t= 4600.00 +1.04e-13 | 0.0251  0.17      4    0     43     46 | 1.6075  1.36 | 3.72e-14 1.56e-14 |  61.5111 1.0252  0.1641  6.5282 0.042  0.17 | edge_dev mean=2.1984 max=12.2824 gg=0.0780 shape_dev=1.7380 xbar=0.5126
# CONVTAG t=4600.00 rough=3.668550 cond=472.352561 evap=538.025775 backs=70.655782
# QATOM t=4603.56 dir=FD w=1.02570516 e=0.375465905351 i=19 Em=1.2678
t= 4604.00 +1.04e-13 | 0.0251  0.17      4    0     43     46 | 1.6075  1.36 | 8.75e-16 4.58e-16 |  61.6621 1.0277  0.0928  6.5626 0.042  0.17 | edge_dev mean=2.1984 max=12.2824 gg=0.0905 shape_dev=1.7380 xbar=0.5139
# CONVTAG t=4604.00 rough=3.668550 cond=472.728027 evap=538.306597 backs=70.692410
t= 4608.00 +1.04e-13 | 0.0251  0.12      3    0     43     46 | 1.6123  1.45 | 8.75e-16 9.53e-22 |  61.7857 1.0298  0.0983  6.5586 0.042  0.12 | edge_dev mean=2.1984 max=12.2824 gg=0.0568 shape_dev=1.7380 xbar=0.5149
# CONVTAG t=4608.00 rough=3.668550 cond=473.079095 evap=538.586714 backs=70.728947
t= 4612.00 +1.05e-13 | 0.0251  0.12      3    0     43     46 | 1.6123  1.45 | 8.51e-16 4.77e-17 |  61.7857 1.0298  0.0983  6.5586 0.042  0.12 | edge_dev mean=2.1984 max=12.2824 gg=0.0779 shape_dev=1.7380 xbar=0.5149
# CONVTAG t=4612.00 rough=3.668550 cond=473.079095 evap=538.586714 backs=70.728947
# QATOM t=4615.92 dir=FD w=0.918658983 e=0.168140485814 i=46 Em=1.6585
t= 4616.00 +1.05e-13 | 0.0251  0.08      2    0     43     46 | 1.6277  0.64 | 7.28e-16 2.93e-16 |  61.7047 1.0284  0.0653  6.5486 0.042  0.08 | edge_dev mean=2.1984 max=12.2824 gg=0.0758 shape_dev=1.7380 xbar=0.5142
# CONVTAG t=4616.00 rough=3.668550 cond=473.247235 evap=538.861066 backs=70.764732
t= 4620.00 +1.05e-13 | 0.0250  0.08      2    0     43     46 | 1.6277  0.64 | 8.74e-16 6.10e-16 |  62.3055 1.0384  0.0914  6.5339 0.042  0.08 | edge_dev mean=2.1984 max=12.2824 gg=0.0509 shape_dev=1.7380 xbar=0.5192
# CONVTAG t=4620.00 rough=3.668550 cond=473.769672 evap=538.861066 backs=70.764732
# QATOM t=4623.22 dir=FD w=0.97480172 e=0.178416189118 i=22 Em=1.4430
t= 4624.00 +1.05e-13 | 0.0251  0.12      3    0     43     46 | 1.6201  0.85 | 1.66e-06 4.33e-16 |  62.1924 1.0365  0.1047  6.5415 0.042  0.12 | edge_dev mean=2.1986 max=12.2824 gg=0.0967 shape_dev=1.7378 xbar=0.5183
# CONVTAG t=4624.00 rough=3.668550 cond=473.948088 evap=539.179369 backs=70.806250
t= 4628.00 +1.05e-13 | 0.0251  0.08      2    0     43     46 | 1.6277  0.64 | 8.75e-16 2.36e-17 |  61.9886 1.0331  0.1257  6.5332 0.042  0.08 | edge_dev mean=2.1986 max=12.2824 gg=0.0731 shape_dev=1.7378 xbar=0.5166
# CONVTAG t=4628.00 rough=3.668550 cond=474.314590 evap=539.804593 backs=70.887801
# QATOM t=4628.44 dir=DF w=1.52006581 e=0.278214885468 i=15 Em=1.8913
t= 4632.00 +1.05e-13 | 0.0251  0.08      2    0     43     46 | 1.6277  0.64 | 8.75e-16 5.17e-20 |  61.3556 1.0226  0.1066  6.5270 0.042  0.08 | edge_dev mean=2.1986 max=12.2824 gg=0.0447 shape_dev=1.7378 xbar=0.5113
# CONVTAG t=4632.00 rough=3.668550 cond=474.314590 evap=540.437596 backs=70.970367
# QATOM t=4634.66 dir=FD w=1.05057825 e=0.384570861395 i=29 Em=1.1885
t= 4636.00 +1.05e-13 | 0.0251  0.21      5    0     43     46 | 1.6079  1.19 | 8.22e-06 1.83e-06 |  62.0710 1.0345  0.1688  6.5461 0.062  0.21 | edge_dev mean=2.1990 max=12.2824 gg=0.0297 shape_dev=1.7373 xbar=0.5173
# CONVTAG t=4636.00 rough=3.668550 cond=475.444849 evap=541.022056 backs=71.046601
# QATOM t=4637.68 dir=DF w=1.61865339 e=0.296259191949 i=10 Em=1.6492
t= 4640.00 +1.06e-13 | 0.0251  0.12      3    0     43     46 | 1.6136  1.35 | 6.82e-10 6.10e-11 |  61.6211 1.0270  0.1553  6.5520 0.042  0.12 | edge_dev mean=2.1990 max=12.2824 gg=0.0467 shape_dev=1.7373 xbar=0.5135
# CONVTAG t=4640.00 rough=3.668550 cond=475.872012 evap=541.963138 backs=71.169351
# QATOM t=4642.86 dir=FD w=1.07103817 e=0.196030172737 i=13 Em=1.1262
t= 4644.00 +1.06e-13 | 0.0251  0.17      4    0     43     46 | 1.6235  0.60 | 7.54e-06 5.33e-12 |  61.4293 1.0238  0.1371  6.5502 0.062  0.17 | edge_dev mean=2.1991 max=12.2824 gg=0.0196 shape_dev=1.7369 xbar=0.5119
# CONVTAG t=4644.00 rough=3.668550 cond=476.230835 evap=542.567569 backs=71.248189
# QATOM t=4646.28 dir=FD w=0.929960455 e=0.170208973876 i=15 Em=1.6131
t= 4648.00 +1.06e-13 | 0.0250  0.17      4    0     43     46 | 1.6237  0.59 | 3.51e-08 4.65e-10 |  62.5406 1.0423  0.1140  6.5479 0.062  0.17 | edge_dev mean=2.1991 max=12.2824 gg=0.0690 shape_dev=1.7369 xbar=0.5212
# CONVTAG t=4648.00 rough=3.668550 cond=477.197174 evap=542.567569 backs=71.248189
# QATOM t=4649.64 dir=FD w=1.11450594 e=0.407971997933 i=23 Em=1.0010
t= 4652.00 +1.06e-13 | 0.0250  0.08      2    0     43     46 | 1.6277  0.64 | 8.75e-16 1.51e-23 |  62.6156 1.0436  0.1520  6.5189 0.042  0.08 | edge_dev mean=2.1991 max=12.2824 gg=0.0489 shape_dev=1.7369 xbar=0.5218
# CONVTAG t=4652.00 rough=3.668550 cond=477.772937 evap=543.154770 backs=71.324781
t= 4656.00 +1.06e-13 | 0.0251  0.12      3    0     43     46 | 1.6279  0.52 | 7.28e-07 2.89e-10 |  61.7066 1.0284  0.1601  6.5200 0.062  0.12 | edge_dev mean=2.1991 max=12.2824 gg=0.0384 shape_dev=1.7366 xbar=0.5142
# CONVTAG t=4656.00 rough=3.668550 cond=477.772937 evap=544.063747 backs=71.443343
# QATOM t=4657.28 dir=DF w=1.79552896 e=0.328632406348 i=31 Em=1.2815
t= 4660.00 +1.06e-13 | 0.0251  0.17      4    0     43     46 | 1.6263  0.93 | 1.05e-05 4.56e-08 |  61.4781 1.0246  0.1679  6.5380 0.062  0.17 | edge_dev mean=2.1987 max=12.2824 gg=0.0421 shape_dev=1.7384 xbar=0.5123
# CONVTAG t=4660.00 rough=3.668550 cond=478.367192 evap=544.975583 backs=71.562278
# QATOM t=4662.98 dir=DF w=1.70327548 e=0.311747419706 i=0 Em=1.4635
t= 4664.00 +1.06e-13 | 0.0251  0.12      3    0     43     46 | 1.6351  0.21 | 3.21e-09 1.20e-12 |  61.8273 1.0305  0.1610  6.5280 0.062  0.12 | edge_dev mean=2.1987 max=12.2824 gg=0.0333 shape_dev=1.7385 xbar=0.5152
# CONVTAG t=4664.00 rough=3.668550 cond=478.941872 evap=545.287330 backs=71.602941
# QATOM t=4667.52 dir=FD w=1.00066983 e=0.183150781867 i=22 Em=1.3519
t= 4668.00 +1.06e-13 | 0.0251  0.17      4    0     44     46 | 1.6308  0.50 | 5.90e-05 3.12e-16 |  61.5659 1.0261  0.1161  6.5061 0.062  0.17 | edge_dev mean=2.1985 max=12.2824 gg=0.0744 shape_dev=1.7381 xbar=0.5130
# CONVTAG t=4668.00 rough=3.668550 cond=479.297503 evap=545.957673 backs=71.690377
t= 4672.00 +1.06e-13 | 0.0251  0.21      5    0     44     46 | 1.6266  0.71 | 3.48e-07 5.33e-08 |  62.0049 1.0334  0.1094  6.4912 0.062  0.21 | edge_dev mean=2.1984 max=12.2824 gg=0.0648 shape_dev=1.7380 xbar=0.5167
# CONVTAG t=4672.00 rough=3.668550 cond=479.679272 evap=545.957673 backs=71.690377
# QATOM t=4674.44 dir=DF w=1.5522761 e=0.284110276399 i=15 Em=1.8088
t= 4676.00 +1.06e-13 | 0.0250  0.12      3    0     44     47 | 1.6351  0.21 | 8.89e-16 2.90e-22 |  62.4163 1.0403  0.0999  6.5088 0.062  0.12 | edge_dev mean=2.1984 max=12.2824 gg=0.0488 shape_dev=1.7380 xbar=0.5201
# CONVTAG t=4676.00 rough=3.668550 cond=480.284054 evap=546.241783 backs=71.727435
t= 4680.00 +1.06e-13 | 0.0251  0.12      3    0     44     47 | 1.6351  0.21 | 8.89e-16 8.35e-21 |  62.1018 1.0350  0.1460  6.4926 0.062  0.12 | edge_dev mean=2.1984 max=12.2824 gg=0.1095 shape_dev=1.7380 xbar=0.5175
# CONVTAG t=4680.00 rough=3.668550 cond=480.284054 evap=546.556273 backs=71.768455
# QATOM t=4683.16 dir=FD w=0.952737624 e=0.174377837647 i=15 Em=1.5247
t= 4684.00 +1.06e-13 | 0.0251  0.17      4    0     44     47 | 1.6255  1.04 | 7.95e-06 1.25e-19 |  62.1844 1.0364  0.1550  6.5038 0.062  0.17 | edge_dev mean=2.1985 max=12.2824 gg=0.0966 shape_dev=1.7379 xbar=0.5182
# CONVTAG t=4684.00 rough=3.668550 cond=480.624915 evap=546.865661 backs=71.808810
t= 4688.00 +1.06e-13 | 0.0251  0.17      4    0     44     47 | 1.6256  1.03 | 2.26e-09 1.17e-18 |  62.0069 1.0334  0.0890  6.5214 0.062  0.17 | edge_dev mean=2.1985 max=12.2824 gg=0.0646 shape_dev=1.7379 xbar=0.5167
# CONVTAG t=4688.00 rough=3.668550 cond=480.984166 evap=547.456373 backs=71.885859
# QATOM t=4688.16 dir=DF w=1.75111797 e=0.320503942558 i=16 Em=1.3668
t= 4692.00 +1.07e-13 | 0.0251  0.17      4    0     44     47 | 1.6256  1.03 | 6.44e-13 3.50e-16 |  61.1203 1.0187  0.0703  6.5228 0.062  0.17 | edge_dev mean=2.1985 max=12.2824 gg=0.0450 shape_dev=1.7379 xbar=0.5093
# CONVTAG t=4692.00 rough=3.668550 cond=480.984166 evap=548.342952 backs=72.001500
# QATOM t=4693.46 dir=FD w=0.893770639 e=0.163585217469 i=12 Em=1.7627
t= 4696.00 +1.07e-13 | 0.0251  0.17      4    0     44     47 | 1.6256  1.03 | 8.88e-16 4.84e-17 |  61.6375 1.0273  0.0877  6.5254 0.062  0.17 | edge_dev mean=2.1985 max=12.2824 gg=0.0481 shape_dev=1.7379 xbar=0.5136
# CONVTAG t=4696.00 rough=3.668550 cond=481.683892 evap=548.630465 backs=72.039002
# QATOM t=4699.84 dir=DF w=1.73136766 e=0.316889079858 i=34 Em=1.4062
t= 4700.00 +1.07e-13 | 0.0251  0.17      4    0     44     47 | 1.6258  1.01 | 6.13e-05 9.40e-09 |  61.2445 1.0207  0.0689  6.5104 0.062  0.17 | edge_dev mean=2.1986 max=12.2824 gg=0.0841 shape_dev=1.7378 xbar=0.5104
# CONVTAG t=4700.00 rough=3.668550 cond=481.876604 evap=549.245070 backs=72.119168
t= 4704.00 +1.07e-13 | 0.0251  0.21      5    0     44     47 | 1.6264  0.83 | 2.64e-06 1.02e-06 |  61.1572 1.0193  0.1112  6.5155 0.062  0.21 | edge_dev mean=2.1986 max=12.2824 gg=0.1117 shape_dev=1.7376 xbar=0.5096
# CONVTAG t=4704.00 rough=3.668550 cond=482.077635 evap=549.563531 backs=72.160706
t= 4708.00 +1.07e-13 | 0.0252  0.25      6    0     44     47 | 1.6202  1.15 | 4.30e-07 1.12e-08 |  60.8546 1.0142  0.0999  6.5233 0.062  0.25 | edge_dev mean=2.1987 max=12.2824 gg=0.1028 shape_dev=1.7375 xbar=0.5071
# CONVTAG t=4708.00 rough=3.668550 cond=482.077635 evap=549.866136 backs=72.200176
# QATOM t=4708.46 dir=FD w=0.931053407 e=0.170409014861 i=33 Em=1.6087
t= 4712.00 +1.07e-13 | 0.0251  0.25      6    0     44     47 | 1.6176  1.16 | 1.60e-09 5.52e-10 |  61.1224 1.0187  0.0851  6.5218 0.062  0.25 | edge_dev mean=2.1987 max=12.2824 gg=0.0910 shape_dev=1.7375 xbar=0.5094
# CONVTAG t=4712.00 rough=3.668550 cond=482.838087 evap=550.472889 backs=72.279318
# QATOM t=4712.50 dir=FD w=0.99378982 e=0.363783093313 i=0 Em=1.3756
t= 4716.00 +1.07e-13 | 0.0251  0.17      4    0     44     47 | 1.6236  1.24 | 3.48e-14 5.33e-17 |  61.8683 1.0311  0.1351  6.5234 0.062  0.17 | edge_dev mean=2.1987 max=12.2824 gg=0.0694 shape_dev=1.7375 xbar=0.5156
# CONVTAG t=4716.00 rough=3.668550 cond=483.751340 evap=550.777209 backs=72.319012
# QATOM t=4717.14 dir=FD w=0.966227722 e=0.176846905769 i=10 Em=1.4743
t= 4720.00 +1.07e-13 | 0.0251  0.17      4    0     44     47 | 1.6236  1.24 | 8.89e-16 2.95e-16 |  62.0717 1.0345  0.1199  6.5187 0.062  0.17 | edge_dev mean=2.1987 max=12.2824 gg=0.0824 shape_dev=1.7375 xbar=0.5173
# CONVTAG t=4720.00 rough=3.668550 cond=483.928187 evap=550.777209 backs=72.319012
t= 4724.00 +1.07e-13 | 0.0250  0.12      3    0     44     47 | 1.6351  0.21 | 8.89e-16 7.97e-19 |  62.2875 1.0381  0.1152  6.5134 0.062  0.12 | edge_dev mean=2.1987 max=12.2824 gg=0.0789 shape_dev=1.7375 xbar=0.5191
# CONVTAG t=4724.00 rough=3.668550 cond=484.115903 evap=550.777209 backs=72.319012
# QATOM t=4727.98 dir=DF w=1.63371781 e=0.299016404959 i=19 Em=1.6146
t= 4728.00 +1.07e-13 | 0.0251  0.21      5    0     44     47 | 1.6242  1.02 | 1.99e-06 9.14e-13 |  61.5683 1.0261  0.1564  6.5112 0.062  0.21 | edge_dev mean=2.1991 max=12.2824 gg=0.0728 shape_dev=1.7370 xbar=0.5131
# CONVTAG t=4728.00 rough=3.668550 cond=484.277723 evap=551.682562 backs=72.437102
# QATOM t=4731.22 dir=DF w=1.55820227 e=0.285194932644 i=0 Em=1.7940
t= 4732.00 +1.07e-13 | 0.0251  0.17      4    0     44     47 | 1.6320  0.38 | 5.12e-10 3.51e-18 |  61.3090 1.0218  0.1429  6.5342 0.062  0.17 | edge_dev mean=2.1991 max=12.2824 gg=0.0484 shape_dev=1.7370 xbar=0.5109
# CONVTAG t=4732.00 rough=3.668550 cond=484.812094 evap=552.556331 backs=72.551071
t= 4736.00 +1.07e-13 | 0.0251  0.12      3    0     44     47 | 1.6351  0.21 | 8.75e-16 2.67e-17 |  61.2622 1.0210  0.1059  6.5197 0.062  0.12 | edge_dev mean=2.1991 max=12.2824 gg=0.0298 shape_dev=1.7370 xbar=0.5105
# CONVTAG t=4736.00 rough=3.668550 cond=485.014200 evap=552.835628 backs=72.587501
# QATOM t=4737.88 dir=DF w=1.65714782 e=0.303304757563 i=22 Em=1.5625
t= 4740.00 +1.06e-13 | 0.0251  0.17      4    0     44     47 | 1.6297  0.60 | 9.47e-11 1.07e-10 |  61.3694 1.0228  0.0668  6.5296 0.062  0.17 | edge_dev mean=2.1991 max=12.2824 gg=0.0446 shape_dev=1.7370 xbar=0.5114
# CONVTAG t=4740.00 rough=3.668550 cond=485.371239 evap=553.138933 backs=72.627063
t= 4744.00 +1.06e-13 | 0.0251  0.21      5    0     44     47 | 1.6216  1.06 | 1.01e-05 1.98e-06 |  61.4807 1.0247  0.0815  6.5464 0.062  0.21 | edge_dev mean=2.1988 max=12.2824 gg=0.1062 shape_dev=1.7367 xbar=0.5123
# CONVTAG t=4744.00 rough=3.668550 cond=485.737512 evap=553.448863 backs=72.667489
# QATOM t=4745.96 dir=FD w=1.02841876 e=0.188229617697 i=22 Em=1.2592
t= 4748.00 +1.06e-13 | 0.0251  0.21      5    0     44     47 | 1.6218  1.04 | 1.49e-07 1.99e-08 |  61.0440 1.0174  0.1023  6.5172 0.062  0.21 | edge_dev mean=2.1988 max=12.2824 gg=0.0950 shape_dev=1.7366 xbar=0.5087
# CONVTAG t=4748.00 rough=3.668550 cond=485.925741 evap=554.102020 backs=72.752683
t= 4752.00 +1.06e-13 | 0.0252  0.12      3    0     44     47 | 1.6351  0.21 | 8.75e-16 1.31e-15 |  60.9838 1.0164  0.1173  6.5079 0.062  0.12 | edge_dev mean=2.1988 max=12.2824 gg=0.0680 shape_dev=1.7366 xbar=0.5082
# CONVTAG t=4752.00 rough=3.668550 cond=486.118846 evap=554.384371 backs=72.789511
# QATOM t=4752.52 dir=DF w=1.7002047 e=0.311185379656 i=23 Em=1.4702
# QATOM t=4754.60 dir=FD w=0.969224107 e=0.177395328799 i=37 Em=1.4633
t= 4756.00 +1.06e-13 | 0.0251  0.17      4    0     44     47 | 1.6289  0.68 | 5.75e-08 4.53e-11 |  61.1414 1.0190  0.1741  6.5380 0.062  0.17 | edge_dev mean=2.1987 max=12.2824 gg=0.0873 shape_dev=1.7365 xbar=0.5095
# CONVTAG t=4756.00 rough=3.668550 cond=487.051244 evap=555.298934 backs=72.908802
# QATOM t=4757.50 dir=FD w=0.911724965 e=0.166871365113 i=46 Em=1.6870
t= 4760.00 +1.06e-13 | 0.0251  0.12      3    0     45     47 | 1.6351  0.21 | 8.75e-16 1.05e-15 |  61.6366 1.0273  0.2178  6.4897 0.062  0.12 | edge_dev mean=2.1987 max=12.2824 gg=0.0590 shape_dev=1.7365 xbar=0.5136
# CONVTAG t=4760.00 rough=3.668550 cond=487.764747 evap=555.624260 backs=72.951236
t= 4764.00 +1.06e-13 | 0.0251  0.12      3    0     45     47 | 1.6351  0.21 | 8.75e-16 5.32e-16 |  62.0669 1.0344  0.1840  6.4801 0.062  0.12 | edge_dev mean=2.1987 max=12.2824 gg=0.0630 shape_dev=1.7365 xbar=0.5172
# CONVTAG t=4764.00 rough=3.668550 cond=488.138911 evap=555.624260 backs=72.951236
# QATOM t=4764.24 dir=DF w=1.51776729 e=0.277794191454 i=33 Em=1.8973
t= 4768.00 +1.06e-13 | 0.0251  0.12      3    0     45     47 | 1.6351  0.21 | 8.48e-16 1.87e-16 |  61.6463 1.0274  0.1325  6.5099 0.062  0.12 | edge_dev mean=2.1987 max=12.2824 gg=0.1086 shape_dev=1.7365 xbar=0.5137
# CONVTAG t=4768.00 rough=3.668550 cond=488.506730 evap=556.467848 backs=73.061269
# QATOM t=4770.60 dir=DF w=1.847507 e=0.338145852973 i=45 Em=1.1868
t= 4772.00 +1.07e-13 | 0.0251  0.17      4    0     45     47 | 1.6244  1.15 | 4.37e-07 6.61e-09 |  61.0229 1.0170  0.1301  6.5050 0.062  0.17 | edge_dev mean=2.1987 max=12.2824 gg=0.1157 shape_dev=1.7365 xbar=0.5085
# CONVTAG t=4772.00 rough=3.668550 cond=488.506730 evap=557.091248 backs=73.142582
t= 4776.00 +1.07e-13 | 0.0252  0.17      4    0     45     47 | 1.6244  1.15 | 1.23e-10 6.82e-18 |  60.7182 1.0120  0.1009  6.4907 0.062  0.17 | edge_dev mean=2.1987 max=12.2824 gg=0.1429 shape_dev=1.7365 xbar=0.5060
# CONVTAG t=4776.00 rough=3.668550 cond=488.506730 evap=557.396015 backs=73.182335
t= 4780.00 +1.08e-13 | 0.0251  0.12      3    0     45     47 | 1.6351  0.21 | 8.88e-16 6.70e-19 |  61.1664 1.0194  0.1123  6.4941 0.062  0.12 | edge_dev mean=2.1987 max=12.2824 gg=0.1380 shape_dev=1.7365 xbar=0.5097
# CONVTAG t=4780.00 rough=3.668550 cond=488.896502 evap=557.396015 backs=73.182335
# QATOM t=4781.76 dir=FD w=0.916506342 e=0.167746491854 i=37 Em=1.6673
t= 4784.00 +1.08e-13 | 0.0251  0.12      3    0     45     47 | 1.6351  0.21 | 8.89e-16 3.73e-20 |  61.6953 1.0283  0.1524  6.5177 0.062  0.12 | edge_dev mean=2.1987 max=12.2824 gg=0.0652 shape_dev=1.7365 xbar=0.5141
# CONVTAG t=4784.00 rough=3.668550 cond=489.612768 evap=557.690842 backs=73.220790
# QATOM t=4785.00 dir=FD w=0.896787545 e=0.1641373963 i=15 Em=1.7498
t= 4788.00 +1.08e-13 | 0.0251  0.12      3    0     45     47 | 1.6351  0.21 | 8.89e-16 3.49e-21 |  62.0805 1.0347  0.1398  6.5127 0.062  0.12 | edge_dev mean=2.1987 max=12.2824 gg=0.0523 shape_dev=1.7365 xbar=0.5173
# CONVTAG t=4788.00 rough=3.668550 cond=489.947727 evap=557.690842 backs=73.220790
t= 4792.00 +1.08e-13 | 0.0251  0.12      3    0     45     47 | 1.6351  0.21 | 8.89e-16 1.08e-18 |  61.4474 1.0241  0.1094  6.5217 0.062  0.12 | edge_dev mean=2.1987 max=12.2824 gg=0.0412 shape_dev=1.7365 xbar=0.5121
# CONVTAG t=4792.00 rough=3.668550 cond=489.947727 evap=558.323900 backs=73.303363
# QATOM t=4794.70 dir=DF w=1.50219799 e=0.274944571859 i=15 Em=1.9385
t= 4796.00 +1.09e-13 | 0.0251  0.17      4    0     45     47 | 1.6285  0.73 | 1.68e-07 2.94e-08 |  61.1786 1.0196  0.0939  6.5244 0.062  0.17 | edge_dev mean=2.1987 max=12.2824 gg=0.0373 shape_dev=1.7364 xbar=0.5098
# CONVTAG t=4796.00 rough=3.668550 cond=490.502628 evap=559.230842 backs=73.421660
# QATOM t=4798.88 dir=FD w=1.09993501 e=0.201319107975 i=21 Em=1.0419
t= 4800.00 +1.09e-13 | 0.0251  0.17      4    0     45     47 | 1.6285  0.73 | 3.85e-11 9.66e-17 |  61.9533 1.0326  0.1524  6.5148 0.062  0.17 | edge_dev mean=2.1987 max=12.2824 gg=0.0301 shape_dev=1.7364 xbar=0.5163
# CONVTAG t=4800.00 rough=3.668550 cond=491.431824 evap=559.524759 backs=73.459997
t= 4804.00 +1.09e-13 | 0.0251  0.17      4    0     45     47 | 1.6285  0.73 | 1.09e-14 1.10e-17 |  61.6683 1.0278  0.1623  6.5217 0.062  0.17 | edge_dev mean=2.1987 max=12.2824 gg=0.0458 shape_dev=1.7364 xbar=0.5139
# CONVTAG t=4804.00 rough=3.668550 cond=491.431824 evap=559.809788 backs=73.497174
t= 4808.00 +1.09e-13 | 0.0251  0.17      4    0     45     47 | 1.6285  0.73 | 8.88e-16 2.57e-17 |  61.3621 1.0227  0.2077  6.5054 0.062  0.17 | edge_dev mean=2.1987 max=12.2824 gg=0.0655 shape_dev=1.7364 xbar=0.5114
# CONVTAG t=4808.00 rough=3.668550 cond=491.431824 evap=560.115937 backs=73.537107
# QATOM t=4808.54 dir=DF w=1.78483225 e=0.326674605941 i=11 Em=1.3017
t= 4812.00 +1.09e-13 | 0.0252  0.25      6    0     45     47 | 1.6250  0.69 | 2.11e-06 1.31e-08 |  60.4256 1.0071  0.2343  6.5199 0.062  0.25 | edge_dev mean=2.1990 max=12.2824 gg=0.0503 shape_dev=1.7361 xbar=0.5035
# CONVTAG t=4812.00 rough=3.668550 cond=491.431824 evap=561.052464 backs=73.659263
# QATOM t=4813.54 dir=DF w=1.52942695 e=0.279928237835 i=12 Em=1.8669
t= 4816.00 +1.10e-13 | 0.0251  0.17      4    0     45     47 | 1.6248  0.65 | 7.64e-10 1.84e-16 |  61.5208 1.0253  0.1206  6.5380 0.062  0.17 | edge_dev mean=2.1988 max=12.2824 gg=0.0842 shape_dev=1.7356 xbar=0.5127
# CONVTAG t=4816.00 rough=3.668550 cond=492.627584 evap=561.332392 backs=73.695775
# QATOM t=4816.84 dir=DF w=1.5166658 e=0.277592588155 i=32 Em=1.9002
# QATOM t=4819.12 dir=FD w=1.02532136 e=0.187662706705 i=14 Em=1.2693
t= 4820.00 +1.10e-13 | 0.0251  0.21      5    0     45     47 | 1.6208  0.76 | 4.85e-08 1.05e-15 |  61.3408 1.0223  0.0673  6.5286 0.062  0.21 | edge_dev mean=2.1990 max=12.2824 gg=0.0857 shape_dev=1.7354 xbar=0.5112
# CONVTAG t=4820.00 rough=3.668550 cond=493.567763 evap=562.593613 backs=73.860282
# QATOM t=4823.88 dir=DF w=1.64367769 e=0.300839343938 i=10 Em=1.5924
t= 4824.00 +1.10e-13 | 0.0251  0.21      5    0     45     47 | 1.6214  0.71 | 6.39e-05 2.29e-07 |  61.0919 1.0182  0.0418  6.5228 0.062  0.21 | edge_dev mean=2.1990 max=12.2824 gg=0.0708 shape_dev=1.7354 xbar=0.5091
# CONVTAG t=4824.00 rough=3.668550 cond=493.920684 evap=563.248354 backs=73.945683
t= 4828.00 +1.11e-13 | 0.0251  0.17      4    0     45     47 | 1.6248  0.65 | 8.88e-16 4.92e-18 |  61.7888 1.0298  0.0768  6.5160 0.062  0.17 | edge_dev mean=2.1991 max=12.2824 gg=0.1006 shape_dev=1.7353 xbar=0.5149
# CONVTAG t=4828.00 rough=3.668550 cond=494.526696 evap=563.248354 backs=73.945683
# QATOM t=4831.34 dir=DF w=1.53340252 e=0.280655879547 i=15 Em=1.8567
t= 4832.00 +1.11e-13 | 0.0251  0.17      4    0     45     47 | 1.6248  0.65 | 8.89e-16 9.04e-19 |  61.4608 1.0243  0.0945  6.5156 0.062  0.17 | edge_dev mean=2.1991 max=12.2824 gg=0.0906 shape_dev=1.7353 xbar=0.5122
# CONVTAG t=4832.00 rough=3.668550 cond=494.753774 evap=563.837458 backs=74.022523
t= 4836.00 +1.11e-13 | 0.0251  0.17      4    0     45     47 | 1.6248  0.65 | 8.89e-16 5.04e-18 |  61.5478 1.0258  0.1462  6.4976 0.062  0.17 | edge_dev mean=2.1991 max=12.2824 gg=0.0986 shape_dev=1.7353 xbar=0.5129
# CONVTAG t=4836.00 rough=3.668550 cond=495.109967 evap=564.160068 backs=74.064602
# QATOM t=4836.50 dir=DF w=1.57047387 e=0.287440981234 i=37 Em=1.7637
t= 4840.00 +1.11e-13 | 0.0251  0.17      4    0     45     47 | 1.6248  0.65 | 8.89e-16 2.03e-16 |  61.5673 1.0261  0.1498  6.4945 0.062  0.17 | edge_dev mean=2.1991 max=12.2824 gg=0.1062 shape_dev=1.7353 xbar=0.5131
# CONVTAG t=4840.00 rough=3.668550 cond=495.632662 evap=564.741685 backs=74.140465
# QATOM t=4840.16 dir=FD w=0.939365821 e=0.17193042082 i=15 Em=1.5760
t= 4844.00 +1.11e-13 | 0.0250  0.17      4    0     45     47 | 1.6248  0.65 | 8.88e-16 3.10e-19 |  62.6424 1.0440  0.0662  6.5049 0.062  0.17 | edge_dev mean=2.1991 max=12.2824 gg=0.0836 shape_dev=1.7353 xbar=0.5220
# CONVTAG t=4844.00 rough=3.668550 cond=496.567482 evap=564.741685 backs=74.140465
# QATOM t=4847.12 dir=DF w=1.50875438 e=0.276144574878 i=33 Em=1.9211
t= 4848.00 +1.11e-13 | 0.0251  0.17      4    0     45     47 | 1.6276  0.88 | 5.56e-05 2.47e-09 |  61.9097 1.0318  0.0463  6.4879 0.062  0.17 | edge_dev mean=2.1989 max=12.2824 gg=0.1033 shape_dev=1.7388 xbar=0.5159
# CONVTAG t=4848.00 rough=3.668550 cond=496.744233 evap=565.677581 backs=74.262539
# QATOM t=4851.12 dir=DF w=1.88242954 e=0.344537661357 i=4 Em=1.1262
t= 4852.00 +1.11e-13 | 0.0251  0.17      4    0     45     47 | 1.6284  0.94 | 1.59e-08 5.63e-11 |  61.4947 1.0249  0.0923  6.4910 0.062  0.17 | edge_dev mean=2.1988 max=12.2824 gg=0.0910 shape_dev=1.7396 xbar=0.5125
# CONVTAG t=4852.00 rough=3.668550 cond=496.924126 evap=566.299507 backs=74.343660
t= 4856.00 +1.11e-13 | 0.0251  0.08      2    0     45     47 | 1.6160  0.45 | 3.24e-16 6.40e-22 |  62.1254 1.0354  0.1359  6.4968 0.042  0.08 | edge_dev mean=2.1988 max=12.2824 gg=0.0388 shape_dev=1.7396 xbar=0.5177
# CONVTAG t=4856.00 rough=3.668550 cond=497.719033 evap=566.582959 backs=74.380632
t= 4860.00 +1.11e-13 | 0.0250  0.08      2    0     45     47 | 1.6160  0.45 | 3.43e-16 4.58e-17 |  62.6305 1.0438  0.1143  6.5082 0.042  0.08 | edge_dev mean=2.1988 max=12.2824 gg=0.0340 shape_dev=1.7396 xbar=0.5219
# CONVTAG t=4860.00 rough=3.668550 cond=498.158242 evap=566.582959 backs=74.380632
# QATOM t=4862.28 dir=FD w=0.950186647 e=0.173910937036 i=32 Em=1.5344
t= 4864.00 +1.11e-13 | 0.0250  0.08      2    0     45     47 | 1.6160  0.45 | 3.62e-16 8.49e-17 |  63.0393 1.0507  0.1311  6.5217 0.042  0.08 | edge_dev mean=2.1988 max=12.2824 gg=0.0521 shape_dev=1.7396 xbar=0.5253
# CONVTAG t=4864.00 rough=3.668550 cond=498.513740 evap=566.582959 backs=74.380632
t= 4868.00 +1.12e-13 | 0.0250  0.08      2    0     45     47 | 1.6160  0.45 | 3.24e-16 2.54e-21 |  63.1278 1.0521  0.1109  6.5241 0.042  0.08 | edge_dev mean=2.1988 max=12.2824 gg=0.1073 shape_dev=1.7396 xbar=0.5261
# CONVTAG t=4868.00 rough=3.668550 cond=498.852122 evap=566.883603 backs=74.419846
# QATOM t=4868.08 dir=DF w=1.61389147 e=0.295387625304 i=19 Em=1.6600
t= 4872.00 +1.12e-13 | 0.0250  0.08      2    0     45     47 | 1.6160  0.45 | 3.24e-16 2.69e-22 |  62.8324 1.0472  0.1197  6.5098 0.042  0.08 | edge_dev mean=2.1988 max=12.2824 gg=0.1009 shape_dev=1.7396 xbar=0.5236
# CONVTAG t=4872.00 rough=3.668550 cond=498.852122 evap=567.178991 backs=74.458375
t= 4876.00 +1.12e-13 | 0.0250  0.08      2    0     45     47 | 1.6160  0.45 | 3.24e-16 1.01e-21 |  63.0247 1.0504  0.1290  6.5021 0.042  0.08 | edge_dev mean=2.1988 max=12.2824 gg=0.1080 shape_dev=1.7396 xbar=0.5252
# CONVTAG t=4876.00 rough=3.668550 cond=499.019324 evap=567.178991 backs=74.458375
# QATOM t=4878.76 dir=DF w=1.64311219 e=0.300735840925 i=22 Em=1.5936
t= 4880.00 +1.12e-13 | 0.0250  0.12      3    0     45     47 | 1.6144  0.40 | 8.42e-09 1.72e-09 |  62.3071 1.0385  0.1055  6.5235 0.042  0.12 | edge_dev mean=2.1987 max=12.2824 gg=0.0645 shape_dev=1.7394 xbar=0.5192
# CONVTAG t=4880.00 rough=3.668550 cond=499.182441 evap=568.084157 backs=74.576440
# QATOM t=4881.86 dir=DF w=1.52754846 e=0.279584420577 i=37 Em=1.8718
t= 4884.00 +1.12e-13 | 0.0251  0.12      3    0     45     47 | 1.6154  0.37 | 4.13e-07 1.70e-08 |  61.6908 1.0282  0.1104  6.5462 0.042  0.12 | edge_dev mean=2.1986 max=12.2824 gg=0.0929 shape_dev=1.7393 xbar=0.5141
# CONVTAG t=4884.00 rough=3.668550 cond=499.732471 evap=569.332974 backs=74.739329
# QATOM t=4884.72 dir=FD w=0.996910808 e=0.182462775266 i=19 Em=1.3646
t= 4888.00 +1.12e-13 | 0.0251  0.12      3    0     45     47 | 1.6113  0.73 | 2.13e-04 5.64e-08 |  61.0516 1.0175  0.1254  6.5642 0.042  0.12 | edge_dev mean=2.1986 max=12.2824 gg=0.0919 shape_dev=1.7390 xbar=0.5088
# CONVTAG t=4888.00 rough=3.668550 cond=500.295334 evap=570.619499 backs=74.907137
# QATOM t=4888.52 dir=FD w=1.08454991 e=0.397006401357 i=26 Em=1.0862
# QATOM t=4889.78 dir=FD w=1.04695618 e=0.191622488646 i=35 Em=1.2000
t= 4892.00 +1.13e-13 | 0.0251  0.17      4    0     45     47 | 1.6168  0.91 | 2.95e-07 7.23e-11 |  61.7308 1.0288  0.1235  6.4930 0.062  0.17 | edge_dev mean=2.1987 max=12.2824 gg=0.0844 shape_dev=1.7386 xbar=0.5144
# CONVTAG t=4892.00 rough=3.668550 cond=501.720142 evap=571.578846 backs=75.032269
# QATOM t=4893.50 dir=DF w=1.54032609 e=0.281923088236 i=33 Em=1.8390
t= 4896.00 +1.13e-13 | 0.0250  0.04      1    0     45     47 | 1.6087  0.00 | 3.20e-16 3.61e-51 |  62.3068 1.0384  0.1351  6.5086 0.042  0.04 | edge_dev mean=2.1987 max=12.2824 gg=0.0438 shape_dev=1.7386 xbar=0.5192
# CONVTAG t=4896.00 rough=3.668550 cond=502.712471 evap=572.144006 backs=75.105986
t= 4900.00 +1.13e-13 | 0.0250  0.04      1    0     45     47 | 1.6087  0.00 | 3.20e-16 1.34e-25 |  62.5454 1.0424  0.1060  6.5142 0.042  0.04 | edge_dev mean=2.1987 max=12.2824 gg=0.0699 shape_dev=1.7386 xbar=0.5212
# CONVTAG t=4900.00 rough=3.668550 cond=502.919989 evap=572.144006 backs=75.105986
# QATOM t=4902.28 dir=FD w=0.94426267 e=0.172826682297 i=33 Em=1.5571
t= 4904.00 +1.13e-13 | 0.0250  0.04      1    0     45     47 | 1.6087  0.00 | 3.21e-16 2.91e-18 |  62.9510 1.0492  0.1055  6.5086 0.042  0.04 | edge_dev mean=2.1987 max=12.2824 gg=0.0222 shape_dev=1.7386 xbar=0.5246
# CONVTAG t=4904.00 rough=3.668550 cond=503.272617 evap=572.144006 backs=75.105986
t= 4908.00 +1.13e-13 | 0.0250  0.04      1    0     45     47 | 1.6087  0.00 | 4.23e-16 2.07e-16 |  62.5388 1.0423  0.1114  6.5231 0.042  0.04 | edge_dev mean=2.1987 max=12.2824 gg=0.0752 shape_dev=1.7386 xbar=0.5212
# CONVTAG t=4908.00 rough=3.668550 cond=503.446375 evap=572.756024 backs=75.185814
# QATOM t=4908.38 dir=FD w=0.921266111 e=0.168617663747 i=32 Em=1.6479
t= 4912.00 +1.13e-13 | 0.0251  0.08      2    0     46     47 | 1.6295  1.28 | 1.80e-05 1.12e-17 |  61.4254 1.0238  0.1799  6.4926 0.042  0.08 | edge_dev mean=2.1987 max=12.2824 gg=0.0668 shape_dev=1.7386 xbar=0.5119
# CONVTAG t=4912.00 rough=3.668550 cond=503.614993 evap=574.063297 backs=75.356328
# QATOM t=4912.12 dir=DF w=1.72519004 e=0.315758400878 i=0 Em=1.4187
t= 4916.00 +1.13e-13 | 0.0251  0.08      2    0     46     47 | 1.6137  0.49 | 3.20e-06 1.81e-13 |  61.4474 1.0241  0.0695  6.5072 0.062  0.08 | edge_dev mean=2.1982 max=12.2824 gg=0.0442 shape_dev=1.7375 xbar=0.5121
# CONVTAG t=4916.00 rough=3.668550 cond=504.413844 evap=574.959977 backs=75.473286
# QATOM t=4918.16 dir=DF w=1.71078462 e=0.313121802976 i=11 Em=1.4482
t= 4920.00 +1.13e-13 | 0.0251  0.12      3    0     46     47 | 1.6075  0.69 | 1.08e-07 1.58e-11 |  61.3817 1.0230  0.0471  6.5252 0.062  0.12 | edge_dev mean=2.1982 max=12.2824 gg=0.0395 shape_dev=1.7375 xbar=0.5115
# CONVTAG t=4920.00 rough=3.668550 cond=504.628989 evap=575.273099 backs=75.514128
# QATOM t=4923.98 dir=FD w=1.01924674 e=0.18655088105 i=29 Em=1.2890
t= 4924.00 +1.13e-13 | 0.0251  0.12      3    0     46     47 | 1.6075  0.69 | 9.82e-10 4.34e-17 |  61.6584 1.0276  0.0580  6.5427 0.062  0.12 | edge_dev mean=2.1982 max=12.2824 gg=0.0471 shape_dev=1.7375 xbar=0.5138
# CONVTAG t=4924.00 rough=3.668550 cond=505.144089 evap=575.588708 backs=75.555294
t= 4928.00 +1.13e-13 | 0.0251  0.21      5    0     46     47 | 1.6083  0.71 | 5.03e-05 3.83e-09 |  61.7501 1.0292  0.0994  6.5548 0.125  0.21 | edge_dev mean=2.1983 max=12.2824 gg=0.0623 shape_dev=1.7365 xbar=0.5146
# CONVTAG t=4928.00 rough=3.668550 cond=505.511205 evap=575.919215 backs=75.598404
# QATOM t=4930.52 dir=DF w=1.50005924 e=0.274553119379 i=33 Em=1.9443
t= 4932.00 +1.13e-13 | 0.0251  0.17      4    0     46     47 | 1.6114  0.82 | 3.59e-06 3.42e-07 |  61.8162 1.0303  0.0596  6.5147 0.104  0.17 | edge_dev mean=2.1980 max=12.2824 gg=0.0612 shape_dev=1.7354 xbar=0.5151
# CONVTAG t=4932.00 rough=3.668550 cond=506.081105 evap=576.508568 backs=75.675276
# QATOM t=4932.34 dir=DF w=1.50661481 e=0.275752972776 i=46 Em=1.9268
t= 4936.00 +1.13e-13 | 0.0251  0.12      3    0     46     47 | 1.6127  1.02 | 2.03e-06 2.66e-09 |  61.9394 1.0323  0.0544  6.5125 0.083  0.12 | edge_dev mean=2.1981 max=12.2824 gg=0.0664 shape_dev=1.7349 xbar=0.5162
# CONVTAG t=4936.00 rough=3.668550 cond=506.428079 evap=576.784321 backs=75.711244
t= 4940.00 +1.13e-13 | 0.0251  0.12      3    0     46     47 | 1.6128  1.02 | 7.30e-09 9.40e-12 |  61.5435 1.0257  0.0541  6.4866 0.083  0.12 | edge_dev mean=2.1981 max=12.2824 gg=0.0771 shape_dev=1.7349 xbar=0.5129
# CONVTAG t=4940.00 rough=3.668550 cond=506.598002 evap=577.375692 backs=75.788379
# QATOM t=4941.52 dir=FD w=1.14003586 e=0.208658693728 i=13 Em=0.9319
t= 4944.00 +1.13e-13 | 0.0251  0.08      2    0     46     47 | 1.6087  0.82 | 3.12e-04 5.22e-04 |  61.4826 1.0247  0.0351  6.4892 0.042  0.08 | edge_dev mean=2.1981 max=12.2824 gg=0.1056 shape_dev=1.7349 xbar=0.5124
# CONVTAG t=4944.00 rough=3.668550 cond=506.806661 evap=577.676543 backs=75.827621
t= 4948.00 +1.12e-13 | 0.0251  0.08      2    0     46     47 | 1.6099  0.74 | 1.96e-15 1.35e-15 |  61.9074 1.0318  0.0635  6.5042 0.042  0.08 | edge_dev mean=2.1981 max=12.2824 gg=0.0619 shape_dev=1.7348 xbar=0.5159
# CONVTAG t=4948.00 rough=3.668550 cond=507.176083 evap=577.676543 backs=75.827621
t= 4952.00 +1.12e-13 | 0.0251  0.08      2    0     46     47 | 1.6099  0.74 | 7.91e-16 1.32e-15 |  62.1002 1.0350  0.0793  6.5035 0.042  0.08 | edge_dev mean=2.1981 max=12.2824 gg=0.0497 shape_dev=1.7348 xbar=0.5175
# CONVTAG t=4952.00 rough=3.668550 cond=507.343722 evap=577.676543 backs=75.827621
# QATOM t=4952.08 dir=FD w=1.01862316 e=0.372873495022 i=37 Em=1.2913
# QATOM t=4955.32 dir=DF w=1.65163826 e=0.302296352911 i=19 Em=1.5744
t= 4956.00 +1.12e-13 | 0.0251  0.12      3    0     46     47 | 1.6191  0.97 | 2.14e-05 4.96e-12 |  61.4966 1.0249  0.0758  6.4831 0.042  0.12 | edge_dev mean=2.1978 max=12.2824 gg=0.0615 shape_dev=1.7343 xbar=0.5125
# CONVTAG t=4956.00 rough=3.668550 cond=507.909505 evap=578.930808 backs=75.991221
t= 4960.00 +1.12e-13 | 0.0252  0.12      3    0     46     47 | 1.6231  0.71 | 2.30e-06 5.96e-07 |  60.8330 1.0139  0.0883  6.5005 0.062  0.12 | edge_dev mean=2.1976 max=12.2824 gg=0.0997 shape_dev=1.7340 xbar=0.5069
# CONVTAG t=4960.00 rough=3.668550 cond=508.104993 evap=579.819144 backs=76.107091
# QATOM t=4960.00 dir=FD w=1.0925508 e=0.199967590132 i=23 Em=1.0630
# QATOM t=4962.44 dir=FD w=0.984021641 e=0.180103694529 i=12 Em=1.4100
t= 4964.00 +1.12e-13 | 0.0251  0.08      2    0     46     47 | 1.6158  0.37 | 4.64e-08 1.13e-09 |  61.5556 1.0259  0.0754  6.5240 0.062  0.08 | edge_dev mean=2.1975 max=12.2824 gg=0.0522 shape_dev=1.7340 xbar=0.5130
# CONVTAG t=4964.00 rough=3.668550 cond=509.249655 evap=580.412925 backs=76.184540
# QATOM t=4967.68 dir=DF w=1.53114446 e=0.280242590032 i=33 Em=1.8625
t= 4968.00 +1.12e-13 | 0.0251  0.08      2    0     46     47 | 1.6158  0.37 | 7.83e-10 1.58e-10 |  61.3829 1.0230  0.0782  6.5223 0.062  0.08 | edge_dev mean=2.1975 max=12.2824 gg=0.0750 shape_dev=1.7340 xbar=0.5115
# CONVTAG t=4968.00 rough=3.668550 cond=509.608363 evap=580.998124 backs=76.260870
t= 4972.00 +1.12e-13 | 0.0251  0.08      2    0     46     47 | 1.6158  0.37 | 1.02e-11 5.94e-12 |  61.8418 1.0307  0.0678  6.5283 0.062  0.08 | edge_dev mean=2.1975 max=12.2824 gg=0.0619 shape_dev=1.7340 xbar=0.5153
# CONVTAG t=4972.00 rough=3.668550 cond=510.007373 evap=580.998124 backs=76.260870
# QATOM t=4973.54 dir=DF w=1.68266628 e=0.307975355099 i=22 Em=1.5072
t= 4976.00 +1.12e-13 | 0.0251  0.00      0    0     46     47 | 0.0000  0.00 | 0.00e+00 0.00e+00 |  61.8793 1.0313  0.0375  6.5188 0.021  0.00 | edge_dev mean=2.1975 max=12.2824 gg=0.0523 shape_dev=1.7340 xbar=0.5157
# CONVTAG t=4976.00 rough=3.668550 cond=510.558051 evap=581.593913 backs=76.338582
# QATOM t=4978.10 dir=FD w=0.980985542 e=0.179548002872 i=2 Em=1.4208
t= 4980.00 +1.12e-13 | 0.0251  0.00      0    0     46     47 | 0.0000  0.00 | 0.00e+00 0.00e+00 |  61.9705 1.0328  0.0687  6.5139 0.021  0.00 | edge_dev mean=2.1975 max=12.2824 gg=0.0435 shape_dev=1.7340 xbar=0.5164
# CONVTAG t=4980.00 rough=3.668550 cond=510.909238 evap=581.906619 backs=76.379370
t= 4984.00 +1.12e-13 | 0.0250  0.00      0    0     46     47 | 0.0000  0.00 | 0.00e+00 0.00e+00 |  62.4113 1.0402  0.0951  6.5029 0.021  0.00 | edge_dev mean=2.1975 max=12.2824 gg=0.0566 shape_dev=1.7340 xbar=0.5201
# CONVTAG t=4984.00 rough=3.668550 cond=511.292573 evap=581.906619 backs=76.379370
t= 4988.00 +1.12e-13 | 0.0250  0.08      2    0     46     47 | 1.5923  0.00 | 1.36e-05 3.68e-06 |  62.3071 1.0385  0.1016  6.5096 0.062  0.08 | edge_dev mean=2.1976 max=12.2824 gg=0.0589 shape_dev=1.7336 xbar=0.5192
# CONVTAG t=4988.00 rough=3.668550 cond=511.459507 evap=582.202734 backs=76.417994
# QATOM t=4988.64 dir=FD w=1.05601722 e=0.193280913931 i=13 Em=1.1718
t= 4992.00 +1.12e-13 | 0.0251  0.08      2    0     46     47 | 1.5970  0.25 | 7.21e-08 1.64e-10 |  61.5793 1.0263  0.1549  6.4679 0.042  0.08 | edge_dev mean=2.1977 max=12.2824 gg=0.0485 shape_dev=1.7335 xbar=0.5132
# CONVTAG t=4992.00 rough=3.668550 cond=511.652788 evap=583.152900 backs=76.541928
# QATOM t=4993.26 dir=DF w=1.79988195 e=0.329429126593 i=21 Em=1.2734
t= 4996.00 +1.12e-13 | 0.0251  0.08      2    0     46     47 | 1.6138  0.79 | 1.51e-07 1.99e-15 |  61.7019 1.0284  0.0918  6.4686 0.042  0.08 | edge_dev mean=2.1977 max=12.2833 gg=0.0642 shape_dev=1.7334 xbar=0.5142
# CONVTAG t=4996.00 rough=3.668550 cond=512.045891 evap=583.482329 backs=76.584897
# QATOM t=4997.96 dir=DF w=1.58846685 e=0.290734204377 i=37 Em=1.7201
t= 5000.00 +1.12e-13 | 0.0251  0.04      1    0     46     47 | 1.6266  0.00 | 4.29e-11 7.75e-25 |  61.9761 1.0329  0.0152  6.5029 0.042  0.04 | edge_dev mean=2.1977 max=12.2833 gg=0.0605 shape_dev=1.7334 xbar=0.5165
# CONVTAG t=5000.00 rough=3.668550 cond=513.045691 evap=584.357863 backs=76.699097
#
# RESULT drift_rel 1.119e-13
# RESULT births 46 deaths 47 beta_returns 0 beta_energy 0.000000e+00
# RESULT conv rough=3.668550 cond=513.045691 evap=0.000000 backs=76.699097 rad=584.357863
# RESULT credit qcnvD=11.164745 qcnvF=6.609694
# RESULT convtag rough=3.668550 cond=513.045691 evap=584.357863 backs=76.699097 net=1.718376
# RESULT geometry phi_nom=0.0251 z_live=0.04 dbar=1.6266 sigma_d=0.0000
# RESULT truss edge_dev_mean=2.197708 edge_dev_max=12.283290 shape=(0.0000,22.2589,22.3715) shape0=(0.0000,23.1819,23.1819)
# EDGE 0 0-1 d=1.60872 dev=-0.12457 gg=0.0002 gpl=0.8028
# EDGE 1 1-2 CHANNEL DEAD
# EDGE 2 2-3 d=1.62654 dev=-0.10675 gg=0.0000 gpl=0.6125
# EDGE 3 3-4 d=1.62944 dev=-0.10385 gg=0.0000 gpl=0.2993
# EDGE 4 4-5 CHANNEL DEAD
# EDGE 5 5-6 d=1.65116 dev=-0.08213 gg=0.0013 gpl=0.1482
# EDGE 6 6-7 d=1.63866 dev=-0.09463 gg=0.0000 gpl=0.0437
# EDGE 7 7-8 CHANNEL DEAD
# EDGE 8 8-9 d=1.63294 dev=-0.10035 gg=0.0000 gpl=0.2810
# EDGE 9 9-10 d=1.63647 dev=-0.09682 gg=0.0004 gpl=0.5273
# EDGE 10 10-11 CHANNEL DEAD
# EDGE 11 11-12 d=1.59859 dev=-0.13471 gg=0.0000 gpl=0.6655
# EDGE 12 12-13 d=1.59871 dev=-0.13458 gg=0.0000 gpl=0.4426
# EDGE 13 13-14 CHANNEL DEAD
# EDGE 14 14-15 d=1.61521 dev=-0.11808 gg=0.0002 gpl=0.2957
# EDGE 15 15-16 d=1.61336 dev=-0.11994 gg=0.0000 gpl=0.4993
# EDGE 16 16-17 CHANNEL DEAD
# EDGE 17 17-18 d=1.62621 dev=-0.10709 gg=0.0000 gpl=0.3450
# EDGE 18 18-19 d=1.64659 dev=-0.08670 gg=0.0000 gpl=0.0743
# EDGE 19 19-20 CHANNEL DEAD
# EDGE 20 20-21 d=1.62662 dev=-0.10667 gg=0.0000 gpl=0.1323
# EDGE 21 21-22 d=1.61277 dev=-0.12053 gg=0.0000 gpl=0.7459
# EDGE 22 22-23 CHANNEL DEAD
# EDGE 23 23-24 d=1.61427 dev=-0.11902 gg=0.0001 gpl=0.4126
# EDGE 24 24-25 d=1.61116 dev=-0.12213 gg=0.6783 gpl=0.3674
# EDGE 25 25-26 CHANNEL DEAD
# EDGE 26 26-27 d=1.61451 dev=-0.11878 gg=0.5896 gpl=0.4942
# EDGE 27 27-28 d=1.62266 dev=-0.11063 gg=0.0000 gpl=0.9296
# EDGE 28 28-29 CHANNEL DEAD
# EDGE 29 29-30 d=1.62963 dev=-0.10367 gg=0.0000 gpl=0.3541
# EDGE 30 30-31 d=1.63021 dev=-0.10309 gg=0.0000 gpl=0.7805
# EDGE 31 31-32 CHANNEL DEAD
# EDGE 32 32-33 d=1.61155 dev=-0.12174 gg=0.0000 gpl=0.2380
# EDGE 33 33-34 d=1.59233 dev=-0.14096 gg=0.1531 gpl=0.0308
# EDGE 34 34-35 CHANNEL DEAD
# EDGE 35 35-36 d=1.60942 dev=-0.12388 gg=0.0000 gpl=0.0661
# EDGE 36 36-37 d=1.59808 dev=-0.13521 gg=0.0000 gpl=0.9460
# EDGE 37 37-38 CHANNEL DEAD
# EDGE 38 38-39 d=1.62580 dev=-0.10749 gg=0.0631 gpl=0.8726
# EDGE 39 39-40 d=1.61091 dev=-0.12239 gg=0.8016 gpl=0.7292
# EDGE 40 40-41 CHANNEL DEAD
# EDGE 41 41-42 d=1.63795 dev=-0.09534 gg=0.0586 gpl=0.6384
# EDGE 42 42-43 d=1.61848 dev=-0.11481 gg=0.2630 gpl=0.4409
# EDGE 43 43-44 CHANNEL DEAD
# EDGE 44 44-45 d=1.63466 dev=-0.09863 gg=0.0000 gpl=0.2003
# EDGE 45 45-46 d=1.59298 dev=-0.14032 gg=0.2925 gpl=0.0589
# EDGE 46 46-47 CHANNEL DEAD
# EDGE 47 47-0 d=1.62180 dev=-0.11149 gg=0.0006 gpl=0.8753
