# freecell — v89 free-cell substance test (exp=ring)
# laws = laws_V2g VERBATIM (defaults): C=1 w1=1.65 w2=2.9 q_detune=1.2
# gamma_res=0.25 gamma_res_m=0.1 p_gate=8 lock_floor=0.005 k_dep=1.2 k_dep_m=2 cap=2.5
# e_s0=1 es_floor=0.05 e_cond=0 f_conv=0.25 f_evap=0.5 s_pull=0.15
# kappa_lock=1 kappa_align=0.5 s_k=0.06 s_disp=0.3 sigma_tumble=0.01
# comb_limit=6 rough_k=0.35 gamma_rough=0.5 mob_sym=1 mob_floor=0.004 field_J=1.8
# quant_A0=1.15 quant_mode=2 (A0eff=1.15)
# v91 radiance (laws_V3r candidate A): k_rad=0.05 p_rad=4 rad_clock=0
# GEOMETRY (apparatus): cfac=1.15 k_rep=1 mob_geo=1 kappa_bond=1 freeze_geo=0
# bath=1 bath_frac=1 jam_sweeps=800 jam_k=0.1 L=16 dt=0.02 T=2000 seed=20260802 diag_every=200
# JAM sweeps=800 max_step=1.402e-04 (tol 1.0e-04, k_end=0.0010) — witness for the settle
# CARVE removed 2699 bath cells (clear=12.96)
# SEED ring: n=48 x=0.3500 d*=1.538297 d_edge=1.538297 edges=48
# SEED noise: amp=0.5 (e1-class churn)
# INIT NC=49 slots=78 live=66 phi_nom=0.0273 z_live=2.69 dbar=1.3644 sigma_d=22.56% E0=97.745029764
#
# t | drift_rel | phi_nom z_live NLa NLd births deaths | dbar sigma_d% | maxstep maxbond | Em_tag ret com_dev rms conn z_tag | pair: d delta gf gb | core/far
t=    0.00 +0.00e+00 | 0.0273  2.69     66    0      0      0 | 1.3644 22.56 | 0.00e+00 0.00e+00 |  42.0000 1.0000  0.0000  7.4251 1.000  2.75 | edge_dev mean=0.0000 max=0.0000 gg=0.0000 shape_dev=0.0000 xbar=0.3500
# CONVTAG t=0.00 rough=0.000000 cond=0.000000 evap=0.000000 backs=0.000000
# QATOM t=1.80 dir=DF w=2.00339449 e=0.366677656981 i=9 Em=0.5443
# QATOM t=2.80 dir=DF w=2.22081811 e=0.406472306084 i=45 Em=0.2380
t=    4.00 +0.00e+00 | 0.0275  2.53     62    8     28     30 | 1.4504 13.35 | 7.41e-03 5.00e-02 |  39.3745 0.9375  0.0818  7.0710 1.000  2.58 | edge_dev mean=2.2960 max=13.2026 gg=0.5675 shape_dev=3.7544 xbar=0.3262
# CONVTAG t=4.00 rough=2.625511 cond=0.000000 evap=0.000000 backs=0.342458
t=    8.00 +1.45e-16 | 0.0276  2.61     64    0     31     42 | 1.5288  2.53 | 2.82e-03 3.75e-03 |  38.9821 0.9281  0.0210  6.9715 1.000  2.67 | edge_dev mean=2.3620 max=13.2579 gg=0.5387 shape_dev=5.2586 xbar=0.3238
# CONVTAG t=8.00 rough=3.017856 cond=0.000000 evap=0.000000 backs=0.393633
t=   12.00 +2.91e-16 | 0.0276  2.65     65    0     33     42 | 1.5876  2.02 | 7.42e-04 5.81e-03 |  39.2291 0.9340  0.0360  6.9627 1.000  2.71 | edge_dev mean=2.3999 max=13.4108 gg=0.5109 shape_dev=5.6217 xbar=0.3263
# CONVTAG t=12.00 rough=3.017856 cond=0.214713 evap=0.000000 backs=0.393633
# QATOM t=14.56 dir=FD w=1.15893767 e=0.212118258463 i=28 Em=0.8771
t=   16.00 +2.91e-16 | 0.0275  2.45     60    0     33     42 | 1.6079  1.96 | 4.58e-04 5.83e-03 |  39.9585 0.9514  0.1226  6.9274 1.000  2.50 | edge_dev mean=2.4229 max=13.4288 gg=0.4275 shape_dev=5.7595 xbar=0.3326
# CONVTAG t=16.00 rough=3.017856 cond=0.848997 evap=0.000000 backs=0.393633
# QATOM t=19.60 dir=FD w=1.65 e=0.301996504517 i=0 Em=0.0000
t=   20.00 +1.45e-16 | 0.0274  2.16     53    0     33     42 | 1.6182  1.58 | 3.23e-04 6.18e-03 |  41.1949 0.9808  0.0909  6.9007 0.917  2.21 | edge_dev mean=2.4374 max=13.4464 gg=0.2687 shape_dev=5.8050 xbar=0.3431
# CONVTAG t=20.00 rough=3.017856 cond=1.924112 evap=0.000000 backs=0.393633
# QATOM t=22.46 dir=FD w=1.13413391 e=0.207578471219 i=26 Em=0.9473
t=   24.00 -1.45e-16 | 0.0273  2.04     50    0     33     42 | 1.6224  1.44 | 1.97e-04 6.65e-03 |  42.2133 1.0051  0.1727  6.8806 0.917  2.08 | edge_dev mean=2.4429 max=13.4581 gg=0.1875 shape_dev=5.8190 xbar=0.3517
# CONVTAG t=24.00 rough=3.017856 cond=2.809674 evap=0.000000 backs=0.393633
# QATOM t=26.26 dir=FD w=1.49207451 e=0.273091688454 i=33 Em=0.2204
t=   28.00 -1.45e-16 | 0.0272  1.67     41    0     33     42 | 1.6240  1.38 | 1.24e-04 5.92e-03 |  43.4900 1.0355  0.1911  6.9436 0.792  1.71 | edge_dev mean=2.4452 max=13.4611 gg=0.1443 shape_dev=5.8193 xbar=0.3623
# CONVTAG t=28.00 rough=3.017856 cond=3.919875 evap=0.000000 backs=0.393633
t=   32.00 -1.45e-16 | 0.0271  1.51     37    0     33     43 | 1.6237  1.42 | 1.04e-04 6.19e-03 |  44.2583 1.0538  0.1938  6.9388 0.750  1.54 | edge_dev mean=2.4463 max=13.4605 gg=0.1045 shape_dev=5.8161 xbar=0.3687
# CONVTAG t=32.00 rough=3.017856 cond=4.587932 evap=0.000000 backs=0.393633
# QATOM t=32.56 dir=FD w=1.09758624 e=0.200889216132 i=8 Em=1.0468
t=   36.00 +0.00e+00 | 0.0271  1.35     33    0     33     43 | 1.6244  1.52 | 5.42e-05 6.63e-03 |  44.9389 1.0700  0.2853  6.9690 0.583  1.38 | edge_dev mean=2.4472 max=13.4608 gg=0.0949 shape_dev=5.8114 xbar=0.3744
# CONVTAG t=36.00 rough=3.017856 cond=5.179823 evap=0.000000 backs=0.393633
# QATOM t=36.64 dir=FD w=1.25146486 e=0.229053341185 i=5 Em=0.6634
# QATOM t=38.24 dir=FD w=1.05130955 e=0.192419277543 i=26 Em=1.1862
t=   40.00 +1.45e-16 | 0.0269  0.90     22    0     33     43 | 1.6289  0.83 | 3.52e-04 5.66e-04 |  46.9472 1.1178  0.2169  6.9606 0.167  0.92 | edge_dev mean=2.4475 max=13.4609 gg=0.0608 shape_dev=5.8184 xbar=0.3912
# CONVTAG t=40.00 rough=3.017856 cond=7.268019 evap=0.393149 backs=0.444914
# QATOM t=41.00 dir=FD w=1.12049934 e=0.205082960865 i=3 Em=0.9845
t=   44.00 +1.45e-16 | 0.0268  0.90     22    0     33     44 | 1.6293  0.75 | 9.16e-05 6.14e-04 |  47.5756 1.1328  0.2694  6.9764 0.146  0.92 | edge_dev mean=2.4479 max=13.4609 gg=0.0545 shape_dev=5.8250 xbar=0.3965
# CONVTAG t=44.00 rough=3.017856 cond=8.133836 evap=0.760499 backs=0.492829
# QATOM t=44.76 dir=FD w=0.989244106 e=0.181059552854 i=12 Em=1.3915
t=   48.00 +4.36e-16 | 0.0268  0.90     22    0     33     44 | 1.6296  0.74 | 9.48e-06 5.23e-04 |  48.0322 1.1436  0.2664  6.9720 0.125  0.92 | edge_dev mean=2.4479 max=13.4596 gg=0.0485 shape_dev=5.8272 xbar=0.4003
# CONVTAG t=48.00 rough=3.017856 cond=8.530925 evap=0.760499 backs=0.492829
t=   52.00 +4.36e-16 | 0.0267  0.61     15    0     33     44 | 1.6315  0.70 | 1.11e-05 6.66e-06 |  48.9703 1.1660  0.2670  6.9790 0.125  0.62 | edge_dev mean=2.4478 max=13.4595 gg=0.0596 shape_dev=5.8286 xbar=0.4081
# CONVTAG t=52.00 rough=3.017856 cond=9.346620 evap=0.760499 backs=0.492829
# QATOM t=53.06 dir=FD w=1.14435294 e=0.209448841641 i=47 Em=0.9205
t=   56.00 +7.27e-16 | 0.0267  0.49     12    0     33     44 | 1.6350  1.01 | 1.98e-05 1.88e-06 |  48.8469 1.1630  0.1870  7.0006 0.104  0.50 | edge_dev mean=2.4479 max=13.4595 gg=0.0690 shape_dev=5.8284 xbar=0.4071
# CONVTAG t=56.00 rough=3.017856 cond=9.759892 evap=1.359170 backs=0.570916
# QATOM t=57.18 dir=FD w=1.42422396 e=0.260673125943 i=29 Em=0.3303
t=   60.00 +8.72e-16 | 0.0267  0.37      9    0     33     44 | 1.6273  0.65 | 1.54e-09 2.78e-10 |  49.6467 1.1821  0.2078  6.9956 0.062  0.38 | edge_dev mean=2.4479 max=13.4595 gg=0.1001 shape_dev=5.8284 xbar=0.4137
# CONVTAG t=60.00 rough=3.017856 cond=10.455456 evap=1.359170 backs=0.570916
# QATOM t=61.82 dir=FD w=1.01615248 e=0.185984543789 i=12 Em=1.2995
t=   64.00 +1.02e-15 | 0.0266  0.45     11    0     33     44 | 1.6324  0.86 | 2.79e-05 4.76e-08 |  50.6568 1.2061  0.2881  7.0283 0.104  0.46 | edge_dev mean=2.4480 max=13.4595 gg=0.1342 shape_dev=5.8282 xbar=0.4221
# CONVTAG t=64.00 rough=3.017856 cond=11.640730 evap=1.712233 backs=0.616968
# QATOM t=67.40 dir=DF w=1.91142727 e=0.3498450628 i=17 Em=1.0775
t=   68.00 +1.16e-15 | 0.0266  0.41     10    0     33     44 | 1.6323  0.91 | 2.35e-07 2.04e-12 |  50.7718 1.2089  0.2947  7.0202 0.083  0.42 | edge_dev mean=2.4480 max=13.4595 gg=0.0228 shape_dev=5.8282 xbar=0.4231
# CONVTAG t=68.00 rough=3.017856 cond=12.044969 evap=2.062078 backs=0.662600
t=   72.00 +1.45e-15 | 0.0266  0.37      9    0     33     44 | 1.6290  0.70 | 3.44e-10 1.18e-11 |  50.1789 1.1947  0.2891  6.9818 0.062  0.38 | edge_dev mean=2.4480 max=13.4595 gg=0.0390 shape_dev=5.8282 xbar=0.4182
# CONVTAG t=72.00 rough=3.017856 cond=12.044969 evap=2.654983 backs=0.739936
t=   76.00 +1.89e-15 | 0.0266  0.37      9    0     33     44 | 1.6290  0.70 | 1.33e-12 3.20e-13 |  50.1789 1.1947  0.2891  6.9818 0.062  0.38 | edge_dev mean=2.4480 max=13.4595 gg=0.0779 shape_dev=5.8282 xbar=0.4182
# CONVTAG t=76.00 rough=3.017856 cond=12.044969 evap=2.654983 backs=0.739936
# QATOM t=79.18 dir=FD w=0.955726397 e=0.17492486733 i=12 Em=1.5134
t=   80.00 +2.04e-15 | 0.0266  0.37      9    0     33     44 | 1.6290  0.70 | 2.59e-15 2.00e-16 |  50.5903 1.2045  0.2658  6.9852 0.062  0.38 | edge_dev mean=2.4480 max=13.4595 gg=0.1322 shape_dev=5.8282 xbar=0.4216
# CONVTAG t=80.00 rough=3.017856 cond=12.402726 evap=2.654983 backs=0.739936
t=   84.00 +2.33e-15 | 0.0266  0.37      9    0     33     44 | 1.6290  0.70 | 8.57e-16 2.26e-16 |  50.8477 1.2107  0.2566  6.9891 0.062  0.38 | edge_dev mean=2.4480 max=13.4595 gg=0.1089 shape_dev=5.8282 xbar=0.4237
# CONVTAG t=84.00 rough=3.017856 cond=12.626549 evap=2.654983 backs=0.739936
t=   88.00 +2.62e-15 | 0.0265  0.37      9    0     33     44 | 1.6290  0.70 | 8.57e-16 1.11e-18 |  51.2570 1.2204  0.2627  7.0154 0.062  0.38 | edge_dev mean=2.4480 max=13.4595 gg=0.1215 shape_dev=5.8282 xbar=0.4271
# CONVTAG t=88.00 rough=3.017856 cond=12.982489 evap=2.654983 backs=0.739936
t=   92.00 +2.62e-15 | 0.0265  0.37      9    0     33     44 | 1.6290  0.70 | 8.57e-16 6.70e-17 |  51.2570 1.2204  0.2627  7.0154 0.062  0.38 | edge_dev mean=2.4480 max=13.4595 gg=0.1177 shape_dev=5.8282 xbar=0.4271
# CONVTAG t=92.00 rough=3.017856 cond=12.982489 evap=2.654983 backs=0.739936
t=   96.00 +2.91e-15 | 0.0265  0.37      9    0     33     44 | 1.6290  0.70 | 8.57e-16 9.35e-17 |  51.2570 1.2204  0.2627  7.0154 0.062  0.38 | edge_dev mean=2.4480 max=13.4595 gg=0.0651 shape_dev=5.8282 xbar=0.4271
# CONVTAG t=96.00 rough=3.017856 cond=12.982489 evap=2.654983 backs=0.739936
t=  100.00 +3.20e-15 | 0.0266  0.41     10    0     33     44 | 1.6287  0.67 | 7.60e-07 4.92e-10 |  50.9403 1.2129  0.2368  7.0277 0.062  0.42 | edge_dev mean=2.4481 max=13.4595 gg=0.0764 shape_dev=5.8281 xbar=0.4245
# CONVTAG t=100.00 rough=3.017856 cond=12.982489 evap=2.971738 backs=0.781251
t=  104.00 +3.34e-15 | 0.0266  0.41     10    0     33     44 | 1.6288  0.67 | 2.44e-09 1.65e-09 |  50.9403 1.2129  0.2368  7.0277 0.062  0.42 | edge_dev mean=2.4481 max=13.4595 gg=0.0819 shape_dev=5.8281 xbar=0.4245
# CONVTAG t=104.00 rough=3.017856 cond=12.982489 evap=2.971738 backs=0.781251
t=  108.00 +3.63e-15 | 0.0266  0.37      9    0     33     44 | 1.6304  0.62 | 3.88e-11 1.04e-11 |  50.9403 1.2129  0.2368  7.0277 0.062  0.38 | edge_dev mean=2.4481 max=13.4595 gg=0.0790 shape_dev=5.8281 xbar=0.4245
# CONVTAG t=108.00 rough=3.017856 cond=12.982489 evap=2.971738 backs=0.781251
# QATOM t=111.28 dir=DF w=1.82432637 e=0.333903144158 i=35 Em=1.2279
t=  112.00 +3.93e-15 | 0.0266  0.45     11    0     33     44 | 1.6315  0.59 | 3.72e-05 9.37e-07 |  50.6064 1.2049  0.2726  7.0365 0.125  0.46 | edge_dev mean=2.4482 max=13.4595 gg=0.1048 shape_dev=5.8278 xbar=0.4217
# CONVTAG t=112.00 rough=3.017856 cond=12.982489 evap=3.305641 backs=0.824804
# QATOM t=115.82 dir=FD w=1.21652282 e=0.222657963412 i=25 Em=0.7423
t=  116.00 +4.07e-15 | 0.0266  0.33      8    0     33     44 | 1.6346  0.61 | 4.04e-07 2.15e-09 |  50.7071 1.2073  0.2732  7.0216 0.104  0.33 | edge_dev mean=2.4483 max=13.4595 gg=0.1279 shape_dev=5.8276 xbar=0.4226
# CONVTAG t=116.00 rough=3.017856 cond=13.573033 evap=3.884050 backs=0.900249
t=  120.00 +4.22e-15 | 0.0266  0.45     11    0     33     44 | 1.6357  0.82 | 1.23e-05 7.18e-10 |  50.3988 1.2000  0.2829  7.0239 0.104  0.46 | edge_dev mean=2.4483 max=13.4595 gg=0.0832 shape_dev=5.8274 xbar=0.4200
# CONVTAG t=120.00 rough=3.017856 cond=13.573033 evap=4.192333 backs=0.940459
t=  124.00 +4.22e-15 | 0.0266  0.37      9    0     34     44 | 1.6353  1.02 | 6.38e-05 1.27e-03 |  50.5144 1.2027  0.3009  7.0088 0.083  0.38 | edge_dev mean=2.4480 max=13.4595 gg=0.0900 shape_dev=5.8282 xbar=0.4209
# CONVTAG t=124.00 rough=3.017856 cond=13.962998 evap=4.525143 backs=0.983869
# QATOM t=124.28 dir=FD w=0.980253787 e=0.179414071081 i=12 Em=1.4234
t=  128.00 +4.36e-15 | 0.0266  0.37      9    0     34     44 | 1.6345  1.13 | 1.86e-05 1.46e-03 |  50.4018 1.2000  0.2881  6.9859 0.083  0.38 | edge_dev mean=2.4479 max=13.4595 gg=0.1407 shape_dev=5.8285 xbar=0.4200
# CONVTAG t=128.00 rough=3.017856 cond=14.142412 evap=4.844087 backs=1.025471
t=  132.00 +4.65e-15 | 0.0266  0.29      7    0     34     44 | 1.6262  1.84 | 1.17e-05 2.69e-03 |  50.0671 1.1921  0.3218  6.9967 0.062  0.29 | edge_dev mean=2.4494 max=13.4595 gg=0.1221 shape_dev=5.8303 xbar=0.4172
# CONVTAG t=132.00 rough=3.017856 cond=14.142412 evap=5.178803 backs=1.069129
# QATOM t=132.70 dir=DF w=1.6693154 e=0.305531767988 i=10 Em=1.5347
t=  136.00 +4.94e-15 | 0.0266  0.33      8    0     34     44 | 1.6247  1.98 | 3.03e-05 3.17e-03 |  50.4265 1.2006  0.2522  7.0139 0.083  0.33 | edge_dev mean=2.4468 max=13.4595 gg=0.1502 shape_dev=5.8305 xbar=0.4202
# CONVTAG t=136.00 rough=3.017856 cond=14.720572 evap=5.484335 backs=1.108981
t=  140.00 +5.23e-15 | 0.0266  0.29      7    0     34     44 | 1.6251  1.97 | 7.35e-05 2.71e-03 |  50.6342 1.2056  0.2681  7.0242 0.062  0.29 | edge_dev mean=2.4470 max=13.4595 gg=0.1667 shape_dev=5.8302 xbar=0.4219
# CONVTAG t=140.00 rough=3.017856 cond=14.901207 evap=5.484335 backs=1.108981
# QATOM t=142.20 dir=FD w=0.925783508 e=0.169444474726 i=12 Em=1.6297
t=  144.00 +5.52e-15 | 0.0266  0.41     10    0     34     44 | 1.6235  1.53 | 5.58e-05 2.30e-03 |  50.7209 1.2076  0.2692  7.0284 0.083  0.42 | edge_dev mean=2.4473 max=13.4595 gg=0.1776 shape_dev=5.8294 xbar=0.4226
# CONVTAG t=144.00 rough=3.017856 cond=15.260517 evap=5.810823 backs=1.151567
t=  148.00 +5.82e-15 | 0.0267  0.41     10    0     34     44 | 1.6279  1.18 | 1.31e-04 1.37e-03 |  49.7637 1.1848  0.1913  7.0084 0.062  0.42 | edge_dev mean=2.4480 max=13.4595 gg=0.1299 shape_dev=5.8279 xbar=0.4147
# CONVTAG t=148.00 rough=3.017856 cond=15.260517 evap=6.768083 backs=1.276427
t=  152.00 +5.96e-15 | 0.0266  0.45     11    0     34     44 | 1.6327  0.86 | 6.87e-06 1.70e-05 |  50.0024 1.1905  0.1824  7.0270 0.104  0.46 | edge_dev mean=2.4485 max=13.4595 gg=0.1042 shape_dev=5.8260 xbar=0.4167
# CONVTAG t=152.00 rough=3.017856 cond=15.468080 evap=6.768083 backs=1.276427
# QATOM t=153.46 dir=FD w=1.13295394 e=0.207362502195 i=8 Em=0.9481
t=  156.00 +6.25e-15 | 0.0267  0.57     14    0     34     44 | 1.6304  0.82 | 2.68e-04 1.10e-04 |  49.2530 1.1727  0.1181  7.0140 0.104  0.58 | edge_dev mean=2.4483 max=13.4595 gg=0.1060 shape_dev=5.8274 xbar=0.4104
# CONVTAG t=156.00 rough=3.017856 cond=15.675443 evap=7.755893 backs=1.405272
# QATOM t=159.58 dir=FD w=1.12744035 e=0.2063533596 i=11 Em=0.9642
t=  160.00 +6.69e-15 | 0.0267  0.45     11    0     34     44 | 1.6374  0.79 | 9.22e-08 1.55e-09 |  49.7364 1.1842  0.1205  6.9972 0.104  0.46 | edge_dev mean=2.4484 max=13.4595 gg=0.1239 shape_dev=5.8274 xbar=0.4145
# CONVTAG t=160.00 rough=3.017856 cond=16.095762 evap=7.755893 backs=1.405272
t=  164.00 +6.98e-15 | 0.0267  0.45     11    0     34     44 | 1.6374  0.79 | 6.71e-10 7.23e-14 |  49.6285 1.1816  0.1915  7.0040 0.104  0.46 | edge_dev mean=2.4484 max=13.4595 gg=0.0755 shape_dev=5.8274 xbar=0.4136
# CONVTAG t=164.00 rough=3.017856 cond=16.491867 evap=8.319284 backs=1.478757
# QATOM t=164.14 dir=FD w=1.01366879 e=0.185529957855 i=20 Em=1.3078
t=  168.00 +7.27e-15 | 0.0266  0.33      8    0     34     44 | 1.6391  0.90 | 1.92e-12 8.28e-16 |  50.0818 1.1924  0.1742  7.0066 0.062  0.33 | edge_dev mean=2.4484 max=13.4595 gg=0.0972 shape_dev=5.8274 xbar=0.4173
# CONVTAG t=168.00 rough=3.017856 cond=16.885999 evap=8.319284 backs=1.478757
t=  172.00 +7.56e-15 | 0.0266  0.33      8    0     34     44 | 1.6358  0.88 | 4.77e-05 1.21e-04 |  50.2127 1.1955  0.1906  7.0405 0.062  0.33 | edge_dev mean=2.4484 max=13.4595 gg=0.1409 shape_dev=5.8273 xbar=0.4184
# CONVTAG t=172.00 rough=3.017856 cond=17.290160 evap=8.653116 backs=1.522301
# QATOM t=175.80 dir=FD w=1.15562287 e=0.211511556608 i=30 Em=0.8913
t=  176.00 +7.85e-15 | 0.0266  0.41     10    0     34     44 | 1.6347  0.81 | 7.81e-05 1.54e-04 |  50.1097 1.1931  0.2235  7.0635 0.062  0.42 | edge_dev mean=2.4484 max=13.4595 gg=0.1365 shape_dev=5.8272 xbar=0.4176
# CONVTAG t=176.00 rough=3.017856 cond=17.501672 evap=8.999403 backs=1.567469
# QATOM t=178.92 dir=DF w=1.88194592 e=0.34444914426 i=13 Em=1.3524
t=  180.00 +8.29e-15 | 0.0266  0.37      9    0     34     44 | 1.6345  0.86 | 1.38e-05 1.15e-05 |  50.4327 1.2008  0.2277  7.0524 0.062  0.38 | edge_dev mean=2.4486 max=13.4595 gg=0.1246 shape_dev=5.8269 xbar=0.4203
# CONVTAG t=180.00 rough=3.017856 cond=18.082101 evap=9.343852 backs=1.612397
t=  184.00 +8.58e-15 | 0.0266  0.33      8    0     34     44 | 1.6334  0.91 | 1.75e-07 5.68e-07 |  50.5844 1.2044  0.2226  7.0448 0.062  0.33 | edge_dev mean=2.4486 max=13.4595 gg=0.1261 shape_dev=5.8267 xbar=0.4215
# CONVTAG t=184.00 rough=3.017856 cond=18.505930 evap=9.679588 backs=1.656188
# QATOM t=186.42 dir=FD w=1.06575197 e=0.195062648648 i=38 Em=1.1421
t=  188.00 +9.16e-15 | 0.0266  0.24      6    0     34     44 | 1.6044  3.82 | 1.50e-04 7.42e-03 |  50.7204 1.2076  0.2351  7.0090 0.062  0.25 | edge_dev mean=2.4463 max=13.4595 gg=0.1671 shape_dev=5.8330 xbar=0.4226
# CONVTAG t=188.00 rough=3.017856 cond=18.913696 evap=10.012540 backs=1.699617
t=  192.00 +9.45e-15 | 0.0266  0.33      8    0     34     44 | 1.6305  0.61 | 9.43e-04 4.72e-05 |  50.2169 1.1956  0.2744  6.9976 0.083  0.33 | edge_dev mean=2.4483 max=13.4595 gg=0.1309 shape_dev=5.8290 xbar=0.4185
# CONVTAG t=192.00 rough=3.017856 cond=19.124242 evap=10.758086 backs=1.796862
t=  196.00 +9.74e-15 | 0.0266  0.45     11    0     34     44 | 1.6361  1.08 | 1.08e-05 7.63e-07 |  50.2169 1.1956  0.2744  6.9977 0.167  0.46 | edge_dev mean=2.4494 max=13.4595 gg=0.1131 shape_dev=5.8263 xbar=0.4185
# CONVTAG t=196.00 rough=3.017856 cond=19.124242 evap=10.758086 backs=1.796862
# QATOM t=197.78 dir=FD w=1.0484413 e=0.191894308048 i=40 Em=1.1953
t=  200.00 +1.00e-14 | 0.0266  0.37      9    0     34     44 | 1.6360  1.20 | 6.41e-07 6.01e-08 |  50.5393 1.2033  0.2857  7.0013 0.104  0.38 | edge_dev mean=2.4494 max=13.4595 gg=0.1031 shape_dev=5.8263 xbar=0.4212
# CONVTAG t=200.00 rough=3.017856 cond=19.653665 evap=11.044537 backs=1.834225
t=  204.00 +1.03e-14 | 0.0266  0.33      8    0     34     44 | 1.6307  0.83 | 3.17e-08 3.11e-10 |  50.7992 1.2095  0.2907  7.0047 0.083  0.33 | edge_dev mean=2.4494 max=13.4595 gg=0.1238 shape_dev=5.8263 xbar=0.4233
# CONVTAG t=204.00 rough=3.017856 cond=19.879654 evap=11.044537 backs=1.834225
# QATOM t=204.54 dir=DF w=1.84632446 e=0.337929413341 i=7 Em=1.1879
t=  208.00 +1.05e-14 | 0.0267  0.45     11    0     34     44 | 1.6281  0.81 | 1.37e-05 8.61e-05 |  49.7932 1.1856  0.3205  7.0016 0.083  0.46 | edge_dev mean=2.4496 max=13.4595 gg=0.1072 shape_dev=5.8258 xbar=0.4149
# CONVTAG t=208.00 rough=3.017856 cond=19.879654 evap=12.050554 backs=1.965445
t=  212.00 +1.08e-14 | 0.0267  0.41     10    0     34     44 | 1.6289  0.81 | 4.44e-05 3.71e-04 |  49.6989 1.1833  0.2602  7.0356 0.083  0.42 | edge_dev mean=2.4497 max=13.4595 gg=0.0981 shape_dev=5.8257 xbar=0.4142
# CONVTAG t=212.00 rough=3.017856 cond=20.094067 evap=12.391414 backs=2.009905
# QATOM t=212.48 dir=FD w=1.11536142 e=0.4082851507 i=25 Em=0.9973
t=  216.00 +1.09e-14 | 0.0266  0.37      9    0     34     44 | 1.6295  0.87 | 2.26e-06 1.17e-06 |  50.5574 1.2037  0.2600  7.0153 0.083  0.38 | edge_dev mean=2.4499 max=13.4595 gg=0.0641 shape_dev=5.8256 xbar=0.4213
# CONVTAG t=216.00 rough=3.017856 cond=21.091972 evap=12.680543 backs=2.047617
# QATOM t=217.28 dir=DF w=1.58772424 e=0.290598285349 i=20 Em=1.7219
t=  220.00 +1.10e-14 | 0.0266  0.37      9    0     34     44 | 1.6295  0.87 | 8.21e-11 1.52e-11 |  50.4942 1.2022  0.2235  7.0182 0.083  0.38 | edge_dev mean=2.4499 max=13.4595 gg=0.0675 shape_dev=5.8256 xbar=0.4208
# CONVTAG t=220.00 rough=3.017856 cond=21.289764 evap=12.971141 backs=2.085521
t=  224.00 +1.12e-14 | 0.0266  0.29      7    0     34     44 | 1.6316  0.82 | 2.33e-14 5.75e-16 |  50.7084 1.2073  0.2404  7.0278 0.062  0.29 | edge_dev mean=2.4499 max=13.4595 gg=0.1402 shape_dev=5.8256 xbar=0.4226
# CONVTAG t=224.00 rough=3.017856 cond=21.476021 evap=12.971141 backs=2.085521
t=  228.00 +1.12e-14 | 0.0266  0.37      9    0     34     44 | 1.6321  0.73 | 3.28e-06 2.07e-07 |  50.5723 1.2041  0.2722  7.0294 0.104  0.38 | edge_dev mean=2.4499 max=13.4595 gg=0.1197 shape_dev=5.8252 xbar=0.4214
# CONVTAG t=228.00 rough=3.017856 cond=21.653979 evap=13.311937 backs=2.129973
t=  232.00 +1.13e-14 | 0.0266  0.37      9    0     34     44 | 1.6322  0.73 | 9.64e-08 3.84e-12 |  50.5723 1.2041  0.2722  7.0294 0.104  0.38 | edge_dev mean=2.4499 max=13.4595 gg=0.1331 shape_dev=5.8252 xbar=0.4214
# CONVTAG t=232.00 rough=3.017856 cond=21.653979 evap=13.311937 backs=2.129973
# QATOM t=232.30 dir=FD w=1.18375011 e=0.216659633471 i=47 Em=0.8206
t=  236.00 +1.13e-14 | 0.0266  0.29      7    0     34     44 | 1.6316  0.82 | 3.72e-10 2.58e-21 |  50.5418 1.2034  0.3048  7.0076 0.062  0.29 | edge_dev mean=2.4499 max=13.4595 gg=0.1275 shape_dev=5.8252 xbar=0.4212
# CONVTAG t=236.00 rough=3.017856 cond=21.870639 evap=13.591625 backs=2.166454
t=  240.00 +1.15e-14 | 0.0266  0.29      7    0     34     44 | 1.6316  0.82 | 1.27e-12 6.50e-17 |  50.5418 1.2034  0.3048  7.0076 0.062  0.29 | edge_dev mean=2.4499 max=13.4595 gg=0.0744 shape_dev=5.8252 xbar=0.4212
# CONVTAG t=240.00 rough=3.017856 cond=21.870639 evap=13.591625 backs=2.166454
t=  244.00 +1.16e-14 | 0.0266  0.29      7    0     34     44 | 1.6316  0.82 | 4.55e-15 4.95e-16 |  50.7476 1.2083  0.3120  7.0180 0.062  0.29 | edge_dev mean=2.4499 max=13.4595 gg=0.1269 shape_dev=5.8252 xbar=0.4229
# CONVTAG t=244.00 rough=3.017856 cond=22.049650 evap=13.591625 backs=2.166454
t=  248.00 +1.18e-14 | 0.0266  0.29      7    0     34     44 | 1.6316  0.82 | 8.69e-16 2.96e-16 |  50.4363 1.2009  0.2921  7.0340 0.062  0.29 | edge_dev mean=2.4499 max=13.4595 gg=0.1448 shape_dev=5.8252 xbar=0.4203
# CONVTAG t=248.00 rough=3.017856 cond=22.049650 evap=13.902986 backs=2.207066
t=  252.00 +1.19e-14 | 0.0266  0.29      7    0     34     44 | 1.6316  0.82 | 8.96e-16 1.65e-16 |  50.1232 1.1934  0.2601  7.0370 0.062  0.29 | edge_dev mean=2.4499 max=13.4595 gg=0.1175 shape_dev=5.8252 xbar=0.4177
# CONVTAG t=252.00 rough=3.017856 cond=22.049650 evap=14.216060 backs=2.247902
# QATOM t=252.80 dir=FD w=0.935634139 e=0.1712474179 i=6 Em=1.5906
t=  256.00 +1.22e-14 | 0.0266  0.37      9    0     34     44 | 1.6313  0.74 | 4.53e-05 3.97e-16 |  49.9757 1.1899  0.1908  7.0534 0.083  0.38 | edge_dev mean=2.4501 max=13.4595 gg=0.0814 shape_dev=5.8244 xbar=0.4165
# CONVTAG t=256.00 rough=3.017856 cond=22.220897 evap=14.560460 backs=2.292824
# QATOM t=259.28 dir=FD w=1.25771169 e=0.230196687682 i=9 Em=0.6498
t=  260.00 +1.22e-14 | 0.0266  0.37      9    0     34     44 | 1.6310  0.73 | 7.37e-06 1.34e-08 |  50.0315 1.1912  0.2388  7.0412 0.062  0.38 | edge_dev mean=2.4502 max=13.4595 gg=0.0837 shape_dev=5.8240 xbar=0.4169
# CONVTAG t=260.00 rough=3.017856 cond=22.841999 evap=15.218925 backs=2.378711
t=  264.00 +1.22e-14 | 0.0266  0.37      9    0     34     44 | 1.6311  0.73 | 2.10e-09 4.35e-17 |  50.4483 1.2011  0.2647  7.0220 0.062  0.38 | edge_dev mean=2.4502 max=13.4595 gg=0.0737 shape_dev=5.8240 xbar=0.4204
# CONVTAG t=264.00 rough=3.017856 cond=23.204397 evap=15.218925 backs=2.378711
# QATOM t=266.02 dir=FD w=1.06124683 e=0.19423808111 i=19 Em=1.1539
t=  268.00 +1.22e-14 | 0.0266  0.45     11    0     34     44 | 1.6292  0.78 | 3.96e-06 3.32e-08 |  50.6186 1.2052  0.2657  7.0162 0.104  0.46 | edge_dev mean=2.4501 max=13.4597 gg=0.1206 shape_dev=5.8253 xbar=0.4218
# CONVTAG t=268.00 rough=3.017856 cond=23.620217 evap=15.526765 backs=2.418864
t=  272.00 +1.22e-14 | 0.0266  0.41     10    0     34     44 | 1.6294  0.82 | 6.81e-08 4.61e-09 |  50.7768 1.2090  0.2443  7.0325 0.104  0.42 | edge_dev mean=2.4501 max=13.4598 gg=0.0381 shape_dev=5.8254 xbar=0.4231
# CONVTAG t=272.00 rough=3.017856 cond=24.002248 evap=15.807884 backs=2.455531
t=  276.00 +1.24e-14 | 0.0266  0.41     10    0     34     44 | 1.6294  0.82 | 1.25e-09 3.09e-11 |  50.4608 1.2014  0.2504  7.0351 0.104  0.42 | edge_dev mean=2.4501 max=13.4598 gg=0.0445 shape_dev=5.8254 xbar=0.4205
# CONVTAG t=276.00 rough=3.017856 cond=24.002248 evap=16.123884 backs=2.496749
t=  280.00 +1.26e-14 | 0.0266  0.41     10    0     34     44 | 1.6294  0.82 | 2.31e-11 1.00e-11 |  50.4608 1.2014  0.2504  7.0351 0.104  0.42 | edge_dev mean=2.4501 max=13.4598 gg=0.0674 shape_dev=5.8254 xbar=0.4205
# CONVTAG t=280.00 rough=3.017856 cond=24.002248 evap=16.123884 backs=2.496749
# QATOM t=281.26 dir=DF w=1.48889149 e=0.272509106314 i=6 Em=1.9744
t=  284.00 +1.26e-14 | 0.0266  0.41     10    0     34     44 | 1.6294  0.82 | 4.68e-13 5.96e-12 |  50.4156 1.2004  0.2931  7.0189 0.104  0.42 | edge_dev mean=2.4501 max=13.4598 gg=0.0422 shape_dev=5.8254 xbar=0.4201
# CONVTAG t=284.00 rough=3.017856 cond=24.199888 evap=16.396393 backs=2.532293
t=  288.00 +1.28e-14 | 0.0266  0.37      9    0     34     44 | 1.6314  0.78 | 7.73e-13 1.86e-11 |  50.4156 1.2004  0.2931  7.0189 0.062  0.38 | edge_dev mean=2.4501 max=13.4598 gg=0.0743 shape_dev=5.8254 xbar=0.4201
# CONVTAG t=288.00 rough=3.017856 cond=24.199888 evap=16.396393 backs=2.532293
t=  292.00 +1.29e-14 | 0.0266  0.33      8    0     34     44 | 1.6327  0.79 | 1.15e-15 6.16e-16 |  50.6634 1.2063  0.2463  7.0338 0.062  0.33 | edge_dev mean=2.4501 max=13.4598 gg=0.1013 shape_dev=5.8254 xbar=0.4222
# CONVTAG t=292.00 rough=3.017856 cond=24.415338 evap=16.396393 backs=2.532293
t=  296.00 +1.31e-14 | 0.0266  0.33      8    0     34     44 | 1.6327  0.79 | 1.13e-15 6.28e-17 |  50.6634 1.2063  0.2463  7.0338 0.062  0.33 | edge_dev mean=2.4501 max=13.4598 gg=0.0709 shape_dev=5.8254 xbar=0.4222
# CONVTAG t=296.00 rough=3.017856 cond=24.415338 evap=16.396393 backs=2.532293
t=  300.00 +1.32e-14 | 0.0266  0.33      8    0     34     44 | 1.6327  0.79 | 1.15e-15 5.09e-17 |  50.5643 1.2039  0.2649  7.0103 0.062  0.33 | edge_dev mean=2.4501 max=13.4598 gg=0.0703 shape_dev=5.8254 xbar=0.4214
# CONVTAG t=300.00 rough=3.017856 cond=24.587596 evap=16.693610 backs=2.571061
t=  304.00 +1.34e-14 | 0.0266  0.33      8    0     34     44 | 1.6327  0.79 | 1.13e-15 8.20e-17 |  50.5643 1.2039  0.2649  7.0103 0.062  0.33 | edge_dev mean=2.4501 max=13.4598 gg=0.1487 shape_dev=5.8254 xbar=0.4214
# CONVTAG t=304.00 rough=3.017856 cond=24.587596 evap=16.693610 backs=2.571061
# QATOM t=304.84 dir=FD w=1.00415258 e=0.183788223866 i=20 Em=1.3400
t=  308.00 +1.35e-14 | 0.0266  0.33      8    0     34     44 | 1.6327  0.79 | 1.15e-15 3.38e-16 |  50.7756 1.2089  0.2604  7.0214 0.062  0.33 | edge_dev mean=2.4501 max=13.4598 gg=0.1252 shape_dev=5.8254 xbar=0.4231
# CONVTAG t=308.00 rough=3.017856 cond=24.771384 evap=16.693610 backs=2.571061
t=  312.00 +1.37e-14 | 0.0266  0.33      8    0     34     44 | 1.6327  0.79 | 1.15e-15 4.61e-16 |  50.9668 1.2135  0.2263  7.0313 0.062  0.33 | edge_dev mean=2.4501 max=13.4598 gg=0.1197 shape_dev=5.8254 xbar=0.4247
# CONVTAG t=312.00 rough=3.017856 cond=24.937595 evap=16.693610 backs=2.571061
t=  316.00 +1.38e-14 | 0.0266  0.33      8    0     34     44 | 1.6327  0.79 | 1.15e-15 5.05e-18 |  50.9668 1.2135  0.2263  7.0313 0.062  0.33 | edge_dev mean=2.4501 max=13.4598 gg=0.1127 shape_dev=5.8254 xbar=0.4247
# CONVTAG t=316.00 rough=3.017856 cond=24.937595 evap=16.693610 backs=2.571061
t=  320.00 +1.40e-14 | 0.0266  0.41     10    0     34     44 | 1.6324  0.72 | 1.79e-04 2.56e-07 |  50.0133 1.1908  0.3091  7.0411 0.083  0.42 | edge_dev mean=2.4502 max=13.4598 gg=0.0748 shape_dev=5.8250 xbar=0.4168
# CONVTAG t=320.00 rough=3.017856 cond=24.937595 evap=17.647126 backs=2.695432
# QATOM t=323.88 dir=DF w=1.56905193 e=0.287180726141 i=12 Em=1.7672
t=  324.00 +1.41e-14 | 0.0267  0.41     10    0     34     44 | 1.6341  0.71 | 2.21e-06 2.57e-06 |  49.7261 1.1840  0.2877  7.0530 0.083  0.42 | edge_dev mean=2.4505 max=13.4598 gg=0.1308 shape_dev=5.8239 xbar=0.4144
# CONVTAG t=324.00 rough=3.017856 cond=24.937595 evap=17.934307 backs=2.732891
t=  328.00 +1.44e-14 | 0.0266  0.41     10    0     34     44 | 1.6332  0.70 | 4.01e-05 1.91e-07 |  50.0566 1.1918  0.3014  7.0086 0.083  0.42 | edge_dev mean=2.4503 max=13.4621 gg=0.1303 shape_dev=5.8264 xbar=0.4171
# CONVTAG t=328.00 rough=3.017856 cond=25.539011 evap=18.295361 backs=2.779985
# QATOM t=330.04 dir=DF w=1.64689099 e=0.301427467621 i=10 Em=1.5840
t=  332.00 +1.45e-14 | 0.0267  0.41     10    0     34     44 | 1.6336  0.70 | 6.16e-07 5.80e-11 |  49.7552 1.1846  0.2649  7.0115 0.083  0.42 | edge_dev mean=2.4502 max=13.4612 gg=0.0754 shape_dev=5.8277 xbar=0.4146
# CONVTAG t=332.00 rough=3.017856 cond=25.539011 evap=18.596789 backs=2.819301
t=  336.00 +1.47e-14 | 0.0266  0.37      9    0     34     44 | 1.6345  0.71 | 1.04e-08 2.49e-11 |  50.1867 1.1949  0.2362  7.0172 0.062  0.38 | edge_dev mean=2.4502 max=13.4612 gg=0.0661 shape_dev=5.8278 xbar=0.4182
# CONVTAG t=336.00 rough=3.017856 cond=25.914176 evap=18.596789 backs=2.819301
# QATOM t=339.20 dir=FD w=1.24098192 e=0.227134668618 i=31 Em=0.6863
t=  340.00 +1.48e-14 | 0.0266  0.29      7    0     34     44 | 1.6357  0.76 | 8.13e-11 1.30e-11 |  50.5798 1.2043  0.2320  7.0330 0.062  0.29 | edge_dev mean=2.4502 max=13.4612 gg=0.0788 shape_dev=5.8276 xbar=0.4215
# CONVTAG t=340.00 rough=3.017856 cond=26.565944 evap=18.953138 backs=2.865782
t=  344.00 +1.53e-14 | 0.0266  0.29      7    0     34     44 | 1.6357  0.76 | 7.07e-14 9.67e-16 |  50.5798 1.2043  0.2320  7.0330 0.062  0.29 | edge_dev mean=2.4502 max=13.4612 gg=0.1030 shape_dev=5.8276 xbar=0.4215
# CONVTAG t=344.00 rough=3.017856 cond=26.565944 evap=18.953138 backs=2.865782
t=  348.00 +1.56e-14 | 0.0266  0.33      8    0     34     44 | 1.6353  0.72 | 4.81e-07 6.41e-17 |  50.4551 1.2013  0.2891  7.0427 0.062  0.33 | edge_dev mean=2.4501 max=13.4612 gg=0.0833 shape_dev=5.8275 xbar=0.4205
# CONVTAG t=348.00 rough=3.017856 cond=26.752799 evap=19.292759 backs=2.910080
t=  352.00 +1.57e-14 | 0.0266  0.29      7    0     34     44 | 1.6357  0.76 | 1.15e-15 1.40e-16 |  50.6789 1.2066  0.2666  7.0367 0.062  0.29 | edge_dev mean=2.4501 max=13.4612 gg=0.0546 shape_dev=5.8275 xbar=0.4223
# CONVTAG t=352.00 rough=3.017856 cond=26.947374 evap=19.292759 backs=2.910080
# QATOM t=355.36 dir=DF w=1.55152761 e=0.283973281681 i=6 Em=1.8106
t=  356.00 +1.57e-14 | 0.0266  0.29      7    0     34     44 | 1.6357  0.76 | 1.15e-15 6.91e-17 |  50.3949 1.1999  0.3158  7.0217 0.062  0.29 | edge_dev mean=2.4501 max=13.4612 gg=0.0801 shape_dev=5.8275 xbar=0.4200
# CONVTAG t=356.00 rough=3.017856 cond=26.947374 evap=19.576733 backs=2.947120
t=  360.00 +1.60e-14 | 0.0266  0.29      7    0     34     44 | 1.6357  0.76 | 1.13e-15 6.19e-17 |  50.3949 1.1999  0.3158  7.0217 0.062  0.29 | edge_dev mean=2.4501 max=13.4612 gg=0.0439 shape_dev=5.8275 xbar=0.4200
# CONVTAG t=360.00 rough=3.017856 cond=26.947374 evap=19.576733 backs=2.947120
t=  364.00 +1.61e-14 | 0.0266  0.29      7    0     34     44 | 1.6357  0.76 | 1.15e-15 5.95e-19 |  50.3949 1.1999  0.3158  7.0217 0.062  0.29 | edge_dev mean=2.4501 max=13.4612 gg=0.0296 shape_dev=5.8275 xbar=0.4200
# CONVTAG t=364.00 rough=3.017856 cond=26.947374 evap=19.576733 backs=2.947120
t=  368.00 +1.63e-14 | 0.0266  0.33      8    0     34     44 | 1.6353  0.72 | 7.77e-05 8.76e-18 |  50.2755 1.1970  0.3136  7.0408 0.062  0.33 | edge_dev mean=2.4501 max=13.4612 gg=0.0386 shape_dev=5.8275 xbar=0.4190
# CONVTAG t=368.00 rough=3.017856 cond=27.121654 evap=19.896580 backs=2.988839
t=  372.00 +1.66e-14 | 0.0266  0.37      9    0     34     44 | 1.6351  0.68 | 2.82e-07 1.13e-14 |  50.2755 1.1970  0.3136  7.0408 0.062  0.38 | edge_dev mean=2.4500 max=13.4612 gg=0.0632 shape_dev=5.8273 xbar=0.4190
# CONVTAG t=372.00 rough=3.017856 cond=27.121654 evap=19.896580 backs=2.988839
# QATOM t=375.54 dir=DF w=1.77259539 e=0.324434916442 i=7 Em=1.3241
t=  376.00 +1.70e-14 | 0.0266  0.29      7    0     34     44 | 1.6357  0.76 | 1.15e-15 6.18e-16 |  50.1430 1.1939  0.2786  6.9834 0.062  0.29 | edge_dev mean=2.4500 max=13.4612 gg=0.1576 shape_dev=5.8273 xbar=0.4179
# CONVTAG t=376.00 rough=3.017856 cond=27.553127 evap=20.525252 backs=3.070840
t=  380.00 +1.73e-14 | 0.0267  0.33      8    0     34     44 | 1.6367  0.84 | 1.74e-05 2.56e-05 |  49.1395 1.1700  0.2742  7.0096 0.083  0.33 | edge_dev mean=2.4502 max=13.4612 gg=0.1062 shape_dev=5.8266 xbar=0.4095
# CONVTAG t=380.00 rough=3.017856 cond=27.553127 evap=21.528731 backs=3.201729
# QATOM t=382.46 dir=FD w=0.902121812 e=0.165113717453 i=6 Em=1.7271
t=  384.00 +1.76e-14 | 0.0266  0.24      6    0     34     44 | 1.6328  0.77 | 3.95e-08 1.27e-09 |  50.3106 1.1979  0.2614  7.0637 0.042  0.25 | edge_dev mean=2.4502 max=13.4612 gg=0.1124 shape_dev=5.8266 xbar=0.4193
# CONVTAG t=384.00 rough=3.017856 cond=28.571467 evap=21.528731 backs=3.201729
t=  388.00 +1.77e-14 | 0.0266  0.29      7    0     34     44 | 1.6316  0.74 | 2.70e-06 3.25e-17 |  50.1997 1.1952  0.2493  7.0719 0.062  0.29 | edge_dev mean=2.4502 max=13.4612 gg=0.0885 shape_dev=5.8266 xbar=0.4183
# CONVTAG t=388.00 rough=3.017856 cond=28.752635 evap=21.848008 backs=3.243374
t=  392.00 +1.77e-14 | 0.0266  0.29      7    0     34     44 | 1.6316  0.74 | 1.19e-08 1.65e-17 |  50.1997 1.1952  0.2493  7.0719 0.062  0.29 | edge_dev mean=2.4502 max=13.4612 gg=0.1446 shape_dev=5.8265 xbar=0.4183
# CONVTAG t=392.00 rough=3.017856 cond=28.752635 evap=21.848008 backs=3.243374
# QATOM t=392.12 dir=DF w=1.51028761 e=0.276425200151 i=6 Em=1.9170
t=  396.00 +1.77e-14 | 0.0266  0.16      4    0     34     44 | 1.6335  0.94 | 1.82e-16 1.83e-19 |  50.6119 1.2050  0.3029  7.0284 0.042  0.17 | edge_dev mean=2.4502 max=13.4612 gg=0.1381 shape_dev=5.8265 xbar=0.4218
# CONVTAG t=396.00 rough=3.017856 cond=29.351446 evap=22.124433 backs=3.279429
t=  400.00 +1.77e-14 | 0.0266  0.16      4    0     34     44 | 1.6335  0.94 | 1.79e-16 5.60e-18 |  50.2925 1.1974  0.2451  7.0041 0.042  0.17 | edge_dev mean=2.4502 max=13.4612 gg=0.0883 shape_dev=5.8265 xbar=0.4191
# CONVTAG t=400.00 rough=3.017856 cond=29.351446 evap=22.443798 backs=3.321085
t=  404.00 +1.77e-14 | 0.0266  0.16      4    0     34     44 | 1.6335  0.94 | 1.78e-16 1.71e-16 |  50.2925 1.1974  0.2451  7.0041 0.042  0.17 | edge_dev mean=2.4502 max=13.4612 gg=0.1419 shape_dev=5.8265 xbar=0.4191
# CONVTAG t=404.00 rough=3.017856 cond=29.351446 evap=22.443798 backs=3.321085
# QATOM t=407.28 dir=FD w=1.09365716 e=0.200170083651 i=19 Em=1.0579
t=  408.00 +1.79e-14 | 0.0266  0.16      4    0     34     44 | 1.6335  0.94 | 1.81e-16 1.11e-17 |  50.5227 1.2029  0.2866  7.0217 0.042  0.17 | edge_dev mean=2.4502 max=13.4612 gg=0.0880 shape_dev=5.8265 xbar=0.4210
# CONVTAG t=408.00 rough=3.017856 cond=29.551616 evap=22.443798 backs=3.321085
t=  412.00 +1.80e-14 | 0.0266  0.16      4    0     34     44 | 1.6335  0.94 | 1.84e-16 1.32e-17 |  50.7170 1.2075  0.2554  7.0318 0.042  0.17 | edge_dev mean=2.4502 max=13.4612 gg=0.0538 shape_dev=5.8265 xbar=0.4226
# CONVTAG t=412.00 rough=3.017856 cond=29.720567 evap=22.443798 backs=3.321085
t=  416.00 +1.82e-14 | 0.0266  0.16      4    0     34     44 | 1.6335  0.94 | 2.11e-16 6.73e-17 |  50.0412 1.1915  0.1906  7.0269 0.042  0.17 | edge_dev mean=2.4502 max=13.4612 gg=0.1038 shape_dev=5.8265 xbar=0.4170
# CONVTAG t=416.00 rough=3.017856 cond=29.720567 evap=23.119600 backs=3.409233
t=  420.00 +1.80e-14 | 0.0266  0.16      4    0     34     44 | 1.6335  0.94 | 2.33e-16 1.11e-16 |  50.2877 1.1973  0.1970  7.0190 0.042  0.17 | edge_dev mean=2.4502 max=13.4612 gg=0.0886 shape_dev=5.8265 xbar=0.4191
# CONVTAG t=420.00 rough=3.017856 cond=29.934960 evap=23.119600 backs=3.409233
# QATOM t=421.12 dir=FD w=1.17134014 e=0.214388258515 i=8 Em=0.8486
t=  424.00 +1.79e-14 | 0.0266  0.16      4    0     34     44 | 1.6335  0.94 | 2.07e-16 5.86e-17 |  50.2491 1.1964  0.2236  7.0418 0.042  0.17 | edge_dev mean=2.4502 max=13.4612 gg=0.1135 shape_dev=5.8265 xbar=0.4187
# CONVTAG t=424.00 rough=3.017856 cond=30.149348 evap=23.404769 backs=3.446429
t=  428.00 +1.82e-14 | 0.0267  0.16      4    0     34     44 | 1.6335  0.94 | 1.82e-16 1.31e-16 |  49.9404 1.1891  0.1970  7.0444 0.042  0.17 | edge_dev mean=2.4502 max=13.4612 gg=0.1131 shape_dev=5.8265 xbar=0.4162
# CONVTAG t=428.00 rough=3.017856 cond=30.149348 evap=23.713479 backs=3.486696
t=  432.00 +1.83e-14 | 0.0267  0.16      4    0     34     44 | 1.6335  0.94 | 1.78e-16 1.97e-17 |  49.8677 1.1873  0.1986  7.0278 0.042  0.17 | edge_dev mean=2.4502 max=13.4612 gg=0.0860 shape_dev=5.8265 xbar=0.4156
# CONVTAG t=432.00 rough=3.017856 cond=30.341559 evap=24.007190 backs=3.525006
t=  436.00 +1.82e-14 | 0.0267  0.16      4    0     34     44 | 1.6335  0.94 | 1.82e-16 1.56e-17 |  49.8677 1.1873  0.1986  7.0278 0.042  0.17 | edge_dev mean=2.4502 max=13.4612 gg=0.1137 shape_dev=5.8265 xbar=0.4156
# CONVTAG t=436.00 rough=3.017856 cond=30.341559 evap=24.007190 backs=3.525006
# QATOM t=437.78 dir=DF w=1.77141639 e=0.324219126442 i=40 Em=1.3273
t=  440.00 +1.82e-14 | 0.0267  0.16      4    0     34     44 | 1.6335  0.94 | 1.82e-16 3.55e-18 |  49.2613 1.1729  0.2563  7.0155 0.042  0.17 | edge_dev mean=2.4502 max=13.4612 gg=0.1277 shape_dev=5.8265 xbar=0.4105
# CONVTAG t=440.00 rough=3.017856 cond=30.341559 evap=24.613629 backs=3.604107
t=  444.00 +1.80e-14 | 0.0267  0.16      4    0     34     44 | 1.6335  0.94 | 1.82e-16 2.44e-17 |  49.6698 1.1826  0.2984  7.0051 0.042  0.17 | edge_dev mean=2.4502 max=13.4612 gg=0.1393 shape_dev=5.8265 xbar=0.4139
# CONVTAG t=444.00 rough=3.017856 cond=30.696742 evap=24.613629 backs=3.604107
# QATOM t=445.24 dir=FD w=1.11374897 e=0.407694904821 i=40 Em=1.0031
t=  448.00 +1.80e-14 | 0.0266  0.16      4    0     34     44 | 1.6335  0.94 | 1.82e-16 3.05e-20 |  50.5460 1.2035  0.2556  7.0229 0.042  0.17 | edge_dev mean=2.4502 max=13.4612 gg=0.0942 shape_dev=5.8265 xbar=0.4212
# CONVTAG t=448.00 rough=3.017856 cond=31.458725 evap=24.613629 backs=3.604107
t=  452.00 +1.80e-14 | 0.0266  0.16      4    0     34     44 | 1.6335  0.94 | 1.78e-16 4.05e-17 |  50.5460 1.2035  0.2556  7.0229 0.042  0.17 | edge_dev mean=2.4502 max=13.4612 gg=0.1043 shape_dev=5.8265 xbar=0.4212
# CONVTAG t=452.00 rough=3.017856 cond=31.458725 evap=24.613629 backs=3.604107
t=  456.00 +1.82e-14 | 0.0266  0.20      5    0     34     44 | 1.6319  0.86 | 3.83e-05 6.28e-05 |  50.2136 1.1956  0.2680  7.0387 0.042  0.21 | edge_dev mean=2.4502 max=13.4612 gg=0.0652 shape_dev=5.8265 xbar=0.4184
# CONVTAG t=456.00 rough=3.017856 cond=31.458725 evap=24.946054 backs=3.647466
t=  460.00 +1.83e-14 | 0.0266  0.20      5    0     34     44 | 1.6326  0.85 | 1.89e-07 5.29e-08 |  50.2136 1.1956  0.2680  7.0387 0.042  0.21 | edge_dev mean=2.4502 max=13.4612 gg=0.0783 shape_dev=5.8264 xbar=0.4184
# CONVTAG t=460.00 rough=3.017856 cond=31.458725 evap=24.946054 backs=3.647466
t=  464.00 +1.85e-14 | 0.0266  0.16      4    0     34     44 | 1.6335  0.94 | 1.82e-16 1.94e-17 |  50.4553 1.2013  0.2588  7.0272 0.042  0.17 | edge_dev mean=2.4502 max=13.4612 gg=0.1045 shape_dev=5.8264 xbar=0.4205
# CONVTAG t=464.00 rough=3.017856 cond=31.668882 evap=24.946054 backs=3.647466
# QATOM t=465.72 dir=DF w=1.77886153 e=0.325581796787 i=32 Em=1.3130
t=  468.00 +1.85e-14 | 0.0266  0.20      5    0     34     44 | 1.6326  0.85 | 1.79e-06 5.01e-18 |  50.3184 1.1981  0.2874  7.0175 0.062  0.21 | edge_dev mean=2.4502 max=13.4627 gg=0.0832 shape_dev=5.8265 xbar=0.4193
# CONVTAG t=468.00 rough=3.017856 cond=31.832940 evap=25.271636 backs=3.689934
t=  472.00 +1.86e-14 | 0.0266  0.20      5    0     34     44 | 1.6326  0.85 | 5.88e-09 1.72e-20 |  50.3184 1.1981  0.2874  7.0175 0.062  0.21 | edge_dev mean=2.4502 max=13.4627 gg=0.1390 shape_dev=5.8265 xbar=0.4193
# CONVTAG t=472.00 rough=3.017856 cond=31.832940 evap=25.271636 backs=3.689934
t=  476.00 +1.88e-14 | 0.0267  0.29      7    0     34     44 | 1.6320  0.73 | 1.26e-05 6.07e-06 |  49.6952 1.1832  0.3025  7.0168 0.083  0.29 | edge_dev mean=2.4504 max=13.4627 gg=0.0916 shape_dev=5.8257 xbar=0.4141
# CONVTAG t=476.00 rough=3.017856 cond=31.832940 evap=25.894820 backs=3.771219
# QATOM t=477.20 dir=DF w=1.5924604 e=0.291465135436 i=12 Em=1.7106
t=  480.00 +1.89e-14 | 0.0267  0.12      3    0     34     44 | 1.6331  1.08 | 1.67e-07 1.52e-08 |  49.8377 1.1866  0.2260  7.0731 0.042  0.12 | edge_dev mean=2.4504 max=13.4627 gg=0.1575 shape_dev=5.8256 xbar=0.4153
# CONVTAG t=480.00 rough=3.017856 cond=32.521378 evap=26.544074 backs=3.855904
t=  484.00 +1.92e-14 | 0.0266  0.12      3    0     34     44 | 1.6331  1.08 | 1.96e-11 7.07e-12 |  50.1024 1.1929  0.2099  7.0695 0.042  0.12 | edge_dev mean=2.4504 max=13.4627 gg=0.0794 shape_dev=5.8256 xbar=0.4175
# CONVTAG t=484.00 rough=3.017856 cond=32.751600 evap=26.544074 backs=3.855904
t=  488.00 +1.92e-14 | 0.0266  0.12      3    0     34     44 | 1.6331  1.08 | 6.53e-16 3.21e-16 |  50.3090 1.1978  0.2188  7.0613 0.042  0.12 | edge_dev mean=2.4504 max=13.4627 gg=0.0793 shape_dev=5.8256 xbar=0.4192
# CONVTAG t=488.00 rough=3.017856 cond=32.931234 evap=26.544074 backs=3.855904
t=  492.00 +1.90e-14 | 0.0266  0.12      3    0     34     44 | 1.6331  1.08 | 2.15e-16 5.65e-17 |  50.3090 1.1978  0.2188  7.0613 0.042  0.12 | edge_dev mean=2.4504 max=13.4627 gg=0.0633 shape_dev=5.8256 xbar=0.4192
# CONVTAG t=492.00 rough=3.017856 cond=32.931234 evap=26.544074 backs=3.855904
# QATOM t=493.98 dir=DF w=1.63227553 e=0.298752427652 i=10 Em=1.6169
t=  496.00 +1.92e-14 | 0.0267  0.16      4    0     34     44 | 1.6375  1.04 | 1.37e-05 8.34e-18 |  49.5173 1.1790  0.2068  7.0375 0.042  0.17 | edge_dev mean=2.4504 max=13.4633 gg=0.0691 shape_dev=5.8255 xbar=0.4126
# CONVTAG t=496.00 rough=3.017856 cond=33.099062 evap=27.528786 backs=3.984345
t=  500.00 +1.93e-14 | 0.0267  0.16      4    0     34     44 | 1.6376  1.05 | 3.89e-09 1.02e-18 |  49.5173 1.1790  0.2068  7.0375 0.042  0.17 | edge_dev mean=2.4504 max=13.4634 gg=0.0960 shape_dev=5.8255 xbar=0.4126
# CONVTAG t=500.00 rough=3.017856 cond=33.099062 evap=27.528786 backs=3.984345
# QATOM t=502.72 dir=DF w=1.86233117 e=0.34085909244 i=15 Em=1.1608
t=  504.00 +1.93e-14 | 0.0267  0.24      6    0     34     44 | 1.6334  0.77 | 1.90e-05 6.12e-06 |  49.8738 1.1875  0.2015  7.0693 0.083  0.25 | edge_dev mean=2.4503 max=13.4634 gg=0.0310 shape_dev=5.8252 xbar=0.4156
# CONVTAG t=504.00 rough=3.017856 cond=33.705441 evap=27.869645 backs=4.028804
t=  508.00 +1.95e-14 | 0.0267  0.24      6    0     34     44 | 1.6333  0.78 | 4.47e-05 1.81e-04 |  49.5732 1.1803  0.1625  7.0548 0.083  0.25 | edge_dev mean=2.4503 max=13.4634 gg=0.0894 shape_dev=5.8252 xbar=0.4131
# CONVTAG t=508.00 rough=3.017856 cond=33.705441 evap=28.170163 backs=4.068002
t=  512.00 +1.93e-14 | 0.0267  0.33      8    0     34     44 | 1.6242  1.52 | 3.98e-05 2.42e-03 |  49.4492 1.1774  0.1399  7.0373 0.083  0.33 | edge_dev mean=2.4491 max=13.4634 gg=0.0818 shape_dev=5.8279 xbar=0.4121
# CONVTAG t=512.00 rough=3.017856 cond=33.890345 evap=28.506883 backs=4.111923
# QATOM t=512.54 dir=DF w=1.53270677 e=0.280528537386 i=6 Em=1.8584
t=  516.00 +1.93e-14 | 0.0267  0.20      5    0     34     44 | 1.6176  1.74 | 4.71e-06 2.46e-03 |  49.8873 1.1878  0.2023  7.0309 0.042  0.21 | edge_dev mean=2.4490 max=13.4634 gg=0.1039 shape_dev=5.8296 xbar=0.4157
# CONVTAG t=516.00 rough=3.017856 cond=34.515236 evap=28.787412 backs=4.148513
t=  520.00 +1.95e-14 | 0.0267  0.33      8    0     34     44 | 1.6234  1.34 | 1.56e-04 2.14e-03 |  49.5419 1.1796  0.1834  7.0427 0.083  0.33 | edge_dev mean=2.4492 max=13.4634 gg=0.0991 shape_dev=5.8291 xbar=0.4128
# CONVTAG t=520.00 rough=3.017856 cond=34.515236 evap=29.132732 backs=4.193555
# QATOM t=521.38 dir=FD w=0.938874273 e=0.171840453757 i=6 Em=1.5779
t=  524.00 +1.96e-14 | 0.0267  0.29      7    0     34     44 | 1.6254  1.27 | 5.22e-05 1.67e-03 |  49.6858 1.1830  0.1570  7.0550 0.062  0.29 | edge_dev mean=2.4495 max=13.4634 gg=0.1191 shape_dev=5.8280 xbar=0.4140
# CONVTAG t=524.00 rough=3.017856 cond=34.886667 evap=29.415971 backs=4.230499
t=  528.00 +1.98e-14 | 0.0266  0.20      5    0     34     44 | 1.6281  0.92 | 8.24e-05 2.23e-04 |  50.1404 1.1938  0.2014  7.0566 0.042  0.21 | edge_dev mean=2.4502 max=13.4634 gg=0.1001 shape_dev=5.8268 xbar=0.4178
# CONVTAG t=528.00 rough=3.017856 cond=35.281939 evap=29.415971 backs=4.230499
# QATOM t=530.04 dir=DF w=1.77043553 e=0.324039600952 i=3 Em=1.3292
t=  532.00 +1.99e-14 | 0.0267  0.24      6    0     34     44 | 1.6312  0.84 | 3.47e-06 7.34e-08 |  49.8164 1.1861  0.2257  7.0686 0.042  0.25 | edge_dev mean=2.4506 max=13.4634 gg=0.0905 shape_dev=5.8262 xbar=0.4151
# CONVTAG t=532.00 rough=3.017856 cond=35.281939 evap=29.740010 backs=4.272765
t=  536.00 +2.01e-14 | 0.0266  0.20      5    0     34     44 | 1.6300  0.90 | 1.84e-10 4.39e-13 |  50.0810 1.1924  0.2004  7.0596 0.042  0.21 | edge_dev mean=2.4506 max=13.4634 gg=0.1016 shape_dev=5.8262 xbar=0.4173
# CONVTAG t=536.00 rough=3.017856 cond=35.512099 evap=29.740010 backs=4.272765
t=  540.00 +2.01e-14 | 0.0266  0.20      5    0     34     44 | 1.6300  0.90 | 5.24e-14 2.31e-19 |  49.9698 1.1898  0.1908  7.0552 0.042  0.21 | edge_dev mean=2.4506 max=13.4634 gg=0.1181 shape_dev=5.8262 xbar=0.4164
# CONVTAG t=540.00 rough=3.017856 cond=35.685858 evap=30.051040 backs=4.313334
t=  544.00 +2.01e-14 | 0.0266  0.20      5    0     34     44 | 1.6300  0.90 | 2.31e-16 4.04e-18 |  49.9698 1.1898  0.1908  7.0552 0.042  0.21 | edge_dev mean=2.4506 max=13.4634 gg=0.1248 shape_dev=5.8262 xbar=0.4164
# CONVTAG t=544.00 rough=3.017856 cond=35.685858 evap=30.051040 backs=4.313334
t=  548.00 +2.01e-14 | 0.0267  0.24      6    0     34     44 | 1.6284  0.87 | 1.84e-05 3.91e-06 |  49.6244 1.1815  0.1674  7.0669 0.062  0.25 | edge_dev mean=2.4502 max=13.4634 gg=0.1018 shape_dev=5.8257 xbar=0.4135
# CONVTAG t=548.00 rough=3.017856 cond=35.685858 evap=30.396474 backs=4.358391
# QATOM t=549.30 dir=FD w=0.890794174 e=0.163040440562 i=6 Em=1.7755
t=  552.00 +2.02e-14 | 0.0267  0.24      6    0     34     44 | 1.6286  0.87 | 8.33e-08 1.29e-10 |  49.5253 1.1792  0.1802  7.0621 0.062  0.25 | edge_dev mean=2.4502 max=13.4634 gg=0.0997 shape_dev=5.8257 xbar=0.4127
# CONVTAG t=552.00 rough=3.017856 cond=35.848899 evap=30.683029 backs=4.395768
t=  556.00 +2.02e-14 | 0.0266  0.16      4    0     34     44 | 1.6352  0.72 | 2.31e-16 1.70e-16 |  50.0019 1.1905  0.2068  7.0511 0.042  0.17 | edge_dev mean=2.4502 max=13.4634 gg=0.0535 shape_dev=5.8257 xbar=0.4167
# CONVTAG t=556.00 rough=3.017856 cond=36.263316 evap=30.683029 backs=4.395768
t=  560.00 +2.02e-14 | 0.0267  0.24      6    0     34     44 | 1.6387  0.92 | 7.03e-06 4.19e-07 |  49.6255 1.1816  0.2417  7.0518 0.083  0.25 | edge_dev mean=2.4505 max=13.4634 gg=0.0827 shape_dev=5.8245 xbar=0.4135
# CONVTAG t=560.00 rough=3.017856 cond=36.263316 evap=31.059468 backs=4.444868
# QATOM t=562.74 dir=DF w=1.78625752 e=0.326935470248 i=47 Em=1.2990
t=  564.00 +2.01e-14 | 0.0267  0.24      6    0     34     44 | 1.6391  0.91 | 1.74e-05 2.70e-04 |  49.2986 1.1738  0.2668  7.0612 0.083  0.25 | edge_dev mean=2.4506 max=13.4634 gg=0.0599 shape_dev=5.8245 xbar=0.4108
# CONVTAG t=564.00 rough=3.017856 cond=36.263316 evap=31.386404 backs=4.487512
t=  568.00 +2.01e-14 | 0.0267  0.16      4    0     34     44 | 1.6337  0.63 | 5.32e-10 1.47e-10 |  49.5502 1.1798  0.2555  7.0515 0.062  0.17 | edge_dev mean=2.4507 max=13.4634 gg=0.0820 shape_dev=5.8246 xbar=0.4129
# CONVTAG t=568.00 rough=3.017856 cond=36.482137 evap=31.386404 backs=4.487512
t=  572.00 +2.01e-14 | 0.0267  0.12      3    0     34     44 | 1.6291  0.47 | 1.88e-12 9.10e-13 |  49.5413 1.1796  0.2063  7.0365 0.042  0.12 | edge_dev mean=2.4507 max=13.4634 gg=0.0960 shape_dev=5.8246 xbar=0.4128
# CONVTAG t=572.00 rough=3.017856 cond=36.727806 evap=31.677817 backs=4.525523
t=  576.00 +2.01e-14 | 0.0267  0.12      3    0     34     44 | 1.6291  0.47 | 3.39e-15 2.53e-15 |  49.5413 1.1796  0.2063  7.0365 0.042  0.12 | edge_dev mean=2.4507 max=13.4634 gg=0.0921 shape_dev=5.8246 xbar=0.4128
# CONVTAG t=576.00 rough=3.017856 cond=36.727806 evap=31.677817 backs=4.525523
# QATOM t=576.74 dir=DF w=1.58130217 e=0.289422864568 i=12 Em=1.7374
t=  580.00 +2.04e-14 | 0.0267  0.12      3    0     34     44 | 1.6291  0.47 | 8.83e-16 8.98e-16 |  49.6988 1.1833  0.1465  7.0568 0.042  0.12 | edge_dev mean=2.4507 max=13.4634 gg=0.1148 shape_dev=5.8246 xbar=0.4142
# CONVTAG t=580.00 rough=3.017856 cond=37.116402 evap=31.967240 backs=4.563273
t=  584.00 +2.05e-14 | 0.0267  0.12      3    0     34     44 | 1.6291  0.47 | 8.28e-16 1.01e-15 |  49.6988 1.1833  0.1465  7.0568 0.042  0.12 | edge_dev mean=2.4507 max=13.4634 gg=0.1162 shape_dev=5.8246 xbar=0.4142
# CONVTAG t=584.00 rough=3.017856 cond=37.116402 evap=31.967240 backs=4.563273
t=  588.00 +2.06e-14 | 0.0267  0.16      4    0     34     44 | 1.6259  0.53 | 1.09e-06 1.15e-08 |  49.5759 1.1804  0.1152  7.0220 0.042  0.17 | edge_dev mean=2.4507 max=13.4634 gg=0.1285 shape_dev=5.8246 xbar=0.4131
# CONVTAG t=588.00 rough=3.017856 cond=37.294570 evap=32.295046 backs=4.606031
# QATOM t=589.98 dir=FD w=1.08052436 e=0.19776641223 i=8 Em=1.0970
t=  592.00 +2.11e-14 | 0.0267  0.16      4    0     34     45 | 1.6243  0.65 | 9.67e-08 8.84e-16 |  49.4975 1.1785  0.1286  7.0355 0.042  0.17 | edge_dev mean=2.4507 max=13.4634 gg=0.1002 shape_dev=5.8245 xbar=0.4125
# CONVTAG t=592.00 rough=3.017856 cond=37.492336 evap=32.600829 backs=4.645915
t=  596.00 +2.11e-14 | 0.0267  0.16      4    0     34     45 | 1.6243  0.65 | 2.75e-11 7.02e-16 |  49.6618 1.1824  0.2062  7.0514 0.042  0.17 | edge_dev mean=2.4507 max=13.4634 gg=0.0761 shape_dev=5.8245 xbar=0.4138
# CONVTAG t=596.00 rough=3.017856 cond=37.878526 evap=32.880615 backs=4.682409
# QATOM t=599.16 dir=DF w=1.8205733 e=0.333216226594 i=7 Em=1.2342
t=  600.00 +2.11e-14 | 0.0267  0.12      3    0     34     45 | 1.6291  0.47 | 9.81e-16 4.55e-16 |  49.1926 1.1713  0.2350  7.0117 0.042  0.12 | edge_dev mean=2.4507 max=13.4634 gg=0.0538 shape_dev=5.8245 xbar=0.4099
# CONVTAG t=600.00 rough=3.017856 cond=38.081019 evap=33.582692 backs=4.773985
t=  604.00 +2.11e-14 | 0.0267  0.12      3    0     34     45 | 1.6291  0.47 | 9.56e-16 2.55e-16 |  49.1926 1.1713  0.2350  7.0117 0.042  0.12 | edge_dev mean=2.4507 max=13.4634 gg=0.0842 shape_dev=5.8245 xbar=0.4099
# CONVTAG t=604.00 rough=3.017856 cond=38.081019 evap=33.582692 backs=4.773985
# QATOM t=606.36 dir=FD w=1.15146187 e=0.210749976319 i=7 Em=0.9010
t=  608.00 +2.12e-14 | 0.0266  0.12      3    0     34     45 | 1.6291  0.47 | 9.51e-16 1.32e-16 |  50.1258 1.1935  0.2133  7.0433 0.042  0.12 | edge_dev mean=2.4507 max=13.4634 gg=0.0853 shape_dev=5.8245 xbar=0.4177
# CONVTAG t=608.00 rough=3.017856 cond=38.892450 evap=33.582692 backs=4.773985
t=  612.00 +2.12e-14 | 0.0266  0.12      3    0     34     45 | 1.6291  0.47 | 9.85e-16 6.45e-17 |  50.1258 1.1935  0.2133  7.0433 0.042  0.12 | edge_dev mean=2.4507 max=13.4634 gg=0.0650 shape_dev=5.8245 xbar=0.4177
# CONVTAG t=612.00 rough=3.017856 cond=38.892450 evap=33.582692 backs=4.773985
t=  616.00 +2.12e-14 | 0.0266  0.12      3    0     34     45 | 1.6291  0.47 | 9.37e-16 2.64e-17 |  50.2166 1.1956  0.1620  7.0661 0.042  0.12 | edge_dev mean=2.4507 max=13.4634 gg=0.0844 shape_dev=5.8245 xbar=0.4185
# CONVTAG t=616.00 rough=3.017856 cond=39.255772 evap=33.909679 backs=4.816635
t=  620.00 +2.09e-14 | 0.0266  0.12      3    0     34     45 | 1.6291  0.47 | 9.45e-16 9.88e-18 |  50.4535 1.2013  0.1802  7.0567 0.042  0.12 | edge_dev mean=2.4507 max=13.4634 gg=0.0795 shape_dev=5.8245 xbar=0.4204
# CONVTAG t=620.00 rough=3.017856 cond=39.461731 evap=33.909679 backs=4.816635
t=  624.00 +2.11e-14 | 0.0266  0.12      3    0     34     45 | 1.6291  0.47 | 9.49e-16 3.25e-18 |  50.4535 1.2013  0.1802  7.0567 0.042  0.12 | edge_dev mean=2.4507 max=13.4634 gg=0.0917 shape_dev=5.8245 xbar=0.4204
# CONVTAG t=624.00 rough=3.017856 cond=39.461731 evap=33.909679 backs=4.816635
t=  628.00 +2.12e-14 | 0.0266  0.12      3    0     34     45 | 1.6291  0.47 | 9.50e-16 3.41e-18 |  50.4535 1.2013  0.1802  7.0567 0.042  0.12 | edge_dev mean=2.4507 max=13.4634 gg=0.0933 shape_dev=5.8245 xbar=0.4204
# CONVTAG t=628.00 rough=3.017856 cond=39.461731 evap=33.909679 backs=4.816635
# QATOM t=631.26 dir=DF w=1.5373909 e=0.28138586456 i=12 Em=1.8465
t=  632.00 +2.15e-14 | 0.0266  0.12      3    0     34     45 | 1.6291  0.47 | 9.50e-16 1.75e-16 |  50.1721 1.1946  0.1692  7.0677 0.042  0.12 | edge_dev mean=2.4507 max=13.4634 gg=0.0801 shape_dev=5.8245 xbar=0.4181
# CONVTAG t=632.00 rough=3.017856 cond=39.461731 evap=34.191065 backs=4.853337
t=  636.00 +2.17e-14 | 0.0266  0.12      3    0     34     45 | 1.6291  0.47 | 9.50e-16 2.65e-18 |  50.0733 1.1922  0.1822  7.0629 0.042  0.12 | edge_dev mean=2.4507 max=13.4634 gg=0.0796 shape_dev=5.8245 xbar=0.4173
# CONVTAG t=636.00 rough=3.017856 cond=39.624324 evap=34.476835 backs=4.890612
t=  640.00 +2.17e-14 | 0.0266  0.12      3    0     34     45 | 1.6291  0.47 | 9.50e-16 1.15e-19 |  50.0733 1.1922  0.1822  7.0629 0.042  0.12 | edge_dev mean=2.4507 max=13.4634 gg=0.0816 shape_dev=5.8245 xbar=0.4173
# CONVTAG t=640.00 rough=3.017856 cond=39.624324 evap=34.476835 backs=4.890612
t=  644.00 +2.18e-14 | 0.0267  0.12      3    0     34     45 | 1.6291  0.47 | 9.50e-16 3.44e-18 |  49.7752 1.1851  0.1623  7.0480 0.042  0.12 | edge_dev mean=2.4507 max=13.4634 gg=0.0501 shape_dev=5.8245 xbar=0.4148
# CONVTAG t=644.00 rough=3.017856 cond=39.624324 evap=34.774916 backs=4.929492
t=  648.00 +2.20e-14 | 0.0267  0.12      3    0     34     45 | 1.6291  0.47 | 9.50e-16 3.18e-17 |  49.7752 1.1851  0.1623  7.0480 0.042  0.12 | edge_dev mean=2.4507 max=13.4634 gg=0.0509 shape_dev=5.8245 xbar=0.4148
# CONVTAG t=648.00 rough=3.017856 cond=39.624324 evap=34.774916 backs=4.929492
t=  652.00 +2.21e-14 | 0.0266  0.12      3    0     34     45 | 1.6291  0.47 | 9.50e-16 1.07e-16 |  49.9873 1.1902  0.1750  7.0586 0.042  0.12 | edge_dev mean=2.4507 max=13.4634 gg=0.0762 shape_dev=5.8245 xbar=0.4166
# CONVTAG t=652.00 rough=3.017856 cond=39.808740 evap=34.774916 backs=4.929492
t=  656.00 +2.22e-14 | 0.0266  0.12      3    0     34     45 | 1.6291  0.47 | 9.50e-16 1.46e-16 |  49.9873 1.1902  0.1750  7.0586 0.042  0.12 | edge_dev mean=2.4507 max=13.4634 gg=0.0224 shape_dev=5.8245 xbar=0.4166
# CONVTAG t=656.00 rough=3.017856 cond=39.808740 evap=34.774916 backs=4.929492
# QATOM t=657.66 dir=FD w=0.942185497 e=0.172446501056 i=12 Em=1.5651
t=  660.00 +2.25e-14 | 0.0266  0.12      3    0     34     45 | 1.6291  0.47 | 9.50e-16 8.29e-17 |  50.0142 1.1908  0.1423  7.0559 0.042  0.12 | edge_dev mean=2.4507 max=13.4634 gg=0.0223 shape_dev=5.8245 xbar=0.4168
# CONVTAG t=660.00 rough=3.017856 cond=40.148040 evap=35.138197 backs=4.976876
t=  664.00 +2.27e-14 | 0.0266  0.12      3    0     34     45 | 1.6291  0.47 | 9.50e-16 1.89e-17 |  50.0142 1.1908  0.1423  7.0559 0.042  0.12 | edge_dev mean=2.4507 max=13.4634 gg=0.0523 shape_dev=5.8245 xbar=0.4168
# CONVTAG t=664.00 rough=3.017856 cond=40.148040 evap=35.138197 backs=4.976876
t=  668.00 +2.27e-14 | 0.0266  0.12      3    0     34     45 | 1.6291  0.47 | 9.50e-16 1.59e-18 |  50.5540 1.2037  0.1693  7.0621 0.042  0.12 | edge_dev mean=2.4507 max=13.4634 gg=0.0973 shape_dev=5.8245 xbar=0.4213
# CONVTAG t=668.00 rough=3.017856 cond=40.617451 evap=35.138197 backs=4.976876
t=  672.00 +2.27e-14 | 0.0266  0.12      3    0     34     45 | 1.6291  0.47 | 9.50e-16 4.18e-20 |  50.5540 1.2037  0.1693  7.0621 0.042  0.12 | edge_dev mean=2.4507 max=13.4634 gg=0.1339 shape_dev=5.8245 xbar=0.4213
# CONVTAG t=672.00 rough=3.017856 cond=40.617451 evap=35.138197 backs=4.976876
# QATOM t=673.22 dir=DF w=1.96901784 e=0.360385761444 i=17 Em=0.9850
t=  676.00 +2.27e-14 | 0.0267  0.16      4    0     35     45 | 1.6360  0.83 | 8.72e-07 5.54e-22 |  49.8692 1.1874  0.1794  7.0406 0.042  0.17 | edge_dev mean=2.4510 max=13.4634 gg=0.1553 shape_dev=5.8241 xbar=0.4156
# CONVTAG t=676.00 rough=3.017856 cond=40.617451 evap=35.822981 backs=5.066196
t=  680.00 +2.28e-14 | 0.0267  0.16      4    0     35     45 | 1.6360  0.83 | 2.48e-10 3.01e-17 |  49.5373 1.1795  0.2256  7.0497 0.042  0.17 | edge_dev mean=2.4510 max=13.4634 gg=0.1434 shape_dev=5.8241 xbar=0.4128
# CONVTAG t=680.00 rough=3.017856 cond=40.821435 evap=36.389501 backs=5.140090
t=  684.00 +2.28e-14 | 0.0267  0.16      4    0     35     45 | 1.6360  0.83 | 7.06e-14 1.11e-16 |  49.2184 1.1719  0.2064  7.0533 0.042  0.17 | edge_dev mean=2.4510 max=13.4634 gg=0.1258 shape_dev=5.8241 xbar=0.4102
# CONVTAG t=684.00 rough=3.017856 cond=40.821435 evap=36.708425 backs=5.181689
# QATOM t=684.82 dir=FD w=0.965784335 e=0.176765753483 i=12 Em=1.4759
t=  688.00 +2.28e-14 | 0.0266  0.12      3    0     35     46 | 1.6291  0.47 | 9.50e-16 9.31e-20 |  50.1000 1.1929  0.1269  7.0770 0.042  0.12 | edge_dev mean=2.4510 max=13.4634 gg=0.1027 shape_dev=5.8241 xbar=0.4175
# CONVTAG t=688.00 rough=3.017856 cond=41.588061 evap=36.708425 backs=5.181689
# QATOM t=691.20 dir=DF w=1.8750441 e=0.343185917685 i=1 Em=1.1388
t=  692.00 +2.28e-14 | 0.0267  0.16      4    0     35     46 | 1.6307  0.43 | 6.62e-06 1.54e-16 |  49.6218 1.1815  0.1276  7.0656 0.042  0.17 | edge_dev mean=2.4510 max=13.4634 gg=0.0576 shape_dev=5.8240 xbar=0.4135
# CONVTAG t=692.00 rough=3.017856 cond=41.787900 evap=37.416417 backs=5.274036
t=  696.00 +2.30e-14 | 0.0267  0.16      4    0     35     46 | 1.6308  0.44 | 1.88e-09 1.51e-15 |  49.3045 1.1739  0.1568  7.0513 0.042  0.17 | edge_dev mean=2.4510 max=13.4634 gg=0.0476 shape_dev=5.8240 xbar=0.4109
# CONVTAG t=696.00 rough=3.017856 cond=41.787900 evap=37.733751 backs=5.315427
# QATOM t=699.10 dir=DF w=1.94806476 e=0.356550755533 i=14 Em=1.0180
t=  700.00 +2.30e-14 | 0.0267  0.16      4    0     35     46 | 1.6307  0.44 | 2.31e-05 2.63e-25 |  49.1573 1.1704  0.1733  7.0733 0.042  0.17 | edge_dev mean=2.4510 max=13.4634 gg=0.0157 shape_dev=5.8238 xbar=0.4096
# CONVTAG t=700.00 rough=3.017856 cond=42.242397 evap=38.403643 backs=5.402804
t=  704.00 +2.30e-14 | 0.0267  0.16      4    0     35     46 | 1.6310  0.45 | 6.56e-09 2.75e-18 |  49.1573 1.1704  0.1733  7.0733 0.042  0.17 | edge_dev mean=2.4510 max=13.4634 gg=0.0244 shape_dev=5.8238 xbar=0.4096
# CONVTAG t=704.00 rough=3.017856 cond=42.242397 evap=38.403643 backs=5.402804
t=  708.00 +2.30e-14 | 0.0267  0.12      3    0     35     46 | 1.6291  0.47 | 9.50e-16 1.70e-16 |  49.8770 1.1875  0.1493  7.0512 0.042  0.12 | edge_dev mean=2.4510 max=13.4634 gg=0.0756 shape_dev=5.8238 xbar=0.4156
# CONVTAG t=708.00 rough=3.017856 cond=42.868257 evap=38.403643 backs=5.402804
t=  712.00 +2.31e-14 | 0.0267  0.12      3    0     35     46 | 1.6291  0.47 | 9.50e-16 3.05e-18 |  49.8770 1.1875  0.1493  7.0512 0.042  0.12 | edge_dev mean=2.4510 max=13.4634 gg=0.0458 shape_dev=5.8238 xbar=0.4156
# CONVTAG t=712.00 rough=3.017856 cond=42.868257 evap=38.403643 backs=5.402804
# QATOM t=715.84 dir=DF w=1.55713876 e=0.285000280723 i=6 Em=1.9831
t=  716.00 +2.31e-14 | 0.0267  0.12      3    0     35     46 | 1.6291  0.47 | 9.50e-16 9.71e-19 |  49.7785 1.1852  0.1601  7.0464 0.042  0.12 | edge_dev mean=2.4510 max=13.4634 gg=0.0657 shape_dev=5.8238 xbar=0.4148
# CONVTAG t=716.00 rough=3.017856 cond=43.030412 evap=38.688643 backs=5.439978
t=  720.00 +2.31e-14 | 0.0267  0.12      3    0     35     46 | 1.6291  0.47 | 9.50e-16 1.41e-17 |  49.7018 1.1834  0.1134  7.0413 0.042  0.12 | edge_dev mean=2.4510 max=13.4634 gg=0.0772 shape_dev=5.8238 xbar=0.4142
# CONVTAG t=720.00 rough=3.017856 cond=43.229053 evap=38.993798 backs=5.479781
t=  724.00 +2.33e-14 | 0.0267  0.16      4    0     35     46 | 1.6317  0.48 | 2.11e-05 2.61e-06 |  49.3440 1.1749  0.0999  7.0593 0.042  0.17 | edge_dev mean=2.4511 max=13.4634 gg=0.0998 shape_dev=5.8237 xbar=0.4112
# CONVTAG t=724.00 rough=3.017856 cond=43.229053 evap=39.351574 backs=5.526447
# QATOM t=727.50 dir=FD w=1.14253062 e=0.209115304404 i=14 Em=0.9253
t=  728.00 +2.34e-14 | 0.0266  0.12      3    0     35     46 | 1.6291  0.47 | 9.50e-16 1.41e-16 |  50.0205 1.1910  0.1343  7.0723 0.042  0.12 | edge_dev mean=2.4511 max=13.4634 gg=0.1236 shape_dev=5.8237 xbar=0.4168
# CONVTAG t=728.00 rough=3.017856 cond=43.817345 evap=39.351574 backs=5.526447
t=  732.00 +2.37e-14 | 0.0266  0.12      3    0     35     46 | 1.6291  0.47 | 9.50e-16 1.15e-16 |  50.0205 1.1910  0.1343  7.0723 0.042  0.12 | edge_dev mean=2.4511 max=13.4634 gg=0.0970 shape_dev=5.8237 xbar=0.4168
# CONVTAG t=732.00 rough=3.017856 cond=43.817345 evap=39.351574 backs=5.526447
t=  736.00 +2.40e-14 | 0.0266  0.12      3    0     35     46 | 1.6291  0.47 | 9.50e-16 3.77e-17 |  50.2432 1.1963  0.1291  7.0643 0.042  0.12 | edge_dev mean=2.4511 max=13.4634 gg=0.1270 shape_dev=5.8237 xbar=0.4187
# CONVTAG t=736.00 rough=3.017856 cond=44.010983 evap=39.351574 backs=5.526447
t=  740.00 +2.41e-14 | 0.0266  0.16      4    0     35     46 | 1.6271  0.46 | 3.24e-05 4.89e-18 |  49.9493 1.1893  0.1197  7.0757 0.042  0.17 | edge_dev mean=2.4511 max=13.4634 gg=0.1400 shape_dev=5.8235 xbar=0.4162
# CONVTAG t=740.00 rough=3.017856 cond=44.010983 evap=39.645468 backs=5.564781
t=  744.00 +2.43e-14 | 0.0267  0.20      5    0     35     46 | 1.6282  0.40 | 4.79e-06 1.82e-13 |  49.7861 1.1854  0.0831  7.0904 0.042  0.21 | edge_dev mean=2.4512 max=13.4634 gg=0.1091 shape_dev=5.8233 xbar=0.4149
# CONVTAG t=744.00 rough=3.017856 cond=44.177363 evap=40.000025 backs=5.611028
# QATOM t=745.14 dir=FD w=1.12595928 e=0.206082282032 i=27 Em=0.9696
t=  748.00 +2.44e-14 | 0.0267  0.20      5    0     35     46 | 1.6316  0.40 | 9.44e-07 1.53e-05 |  49.5491 1.1797  0.1382  7.0630 0.062  0.21 | edge_dev mean=2.4513 max=13.4634 gg=0.0731 shape_dev=5.8231 xbar=0.4129
# CONVTAG t=748.00 rough=3.017856 cond=44.564828 evap=40.682578 backs=5.700057
t=  752.00 +2.47e-14 | 0.0267  0.12      3    0     35     46 | 1.6291  0.47 | 9.50e-16 1.56e-18 |  49.8108 1.1860  0.1509  7.0588 0.042  0.12 | edge_dev mean=2.4513 max=13.4634 gg=0.0848 shape_dev=5.8231 xbar=0.4151
# CONVTAG t=752.00 rough=3.017856 cond=44.792388 evap=40.682578 backs=5.700057
# QATOM t=752.72 dir=FD w=1.18385536 e=0.216678896654 i=9 Em=0.8203
t=  756.00 +2.50e-14 | 0.0267  0.12      3    0     35     46 | 1.6291  0.47 | 9.48e-16 2.64e-17 |  49.7817 1.1853  0.1970  7.0491 0.042  0.12 | edge_dev mean=2.4513 max=13.4634 gg=0.0508 shape_dev=5.8231 xbar=0.4148
# CONVTAG t=756.00 rough=3.017856 cond=45.009066 evap=40.960920 backs=5.736362
t=  760.00 +2.53e-14 | 0.0267  0.24      6    0     35     46 | 1.6334  0.61 | 2.70e-05 5.34e-05 |  49.0662 1.1682  0.2950  7.0174 0.083  0.25 | edge_dev mean=2.4515 max=13.4634 gg=0.0656 shape_dev=5.8224 xbar=0.4089
# CONVTAG t=760.00 rough=3.017856 cond=45.009066 evap=41.676348 backs=5.829679
# QATOM t=761.72 dir=FD w=0.93044892 e=0.170298376627 i=6 Em=1.6111
t=  764.00 +2.52e-14 | 0.0267  0.20      5    0     35     46 | 1.6351  0.70 | 1.36e-07 2.13e-08 |  49.7245 1.1839  0.2241  7.0374 0.062  0.21 | edge_dev mean=2.4515 max=13.4634 gg=0.0707 shape_dev=5.8223 xbar=0.4144
# CONVTAG t=764.00 rough=3.017856 cond=45.581485 evap=41.676348 backs=5.829679
t=  768.00 +2.53e-14 | 0.0267  0.29      7    0     35     46 | 1.6335  0.61 | 3.42e-05 1.44e-05 |  49.6326 1.1817  0.1868  7.0771 0.062  0.29 | edge_dev mean=2.4515 max=13.4634 gg=0.0488 shape_dev=5.8222 xbar=0.4136
# CONVTAG t=768.00 rough=3.017856 cond=45.798753 evap=42.018124 backs=5.874258
t=  772.00 +2.53e-14 | 0.0267  0.29      7    0     35     46 | 1.6339  0.61 | 1.52e-07 2.22e-08 |  49.6326 1.1817  0.1869  7.0771 0.062  0.29 | edge_dev mean=2.4516 max=13.4634 gg=0.0608 shape_dev=5.8220 xbar=0.4136
# CONVTAG t=772.00 rough=3.017856 cond=45.798753 evap=42.018124 backs=5.874258
# QATOM t=772.60 dir=DF w=1.93044469 e=0.35332578656 i=38 Em=1.2775
t=  776.00 +2.54e-14 | 0.0267  0.29      7    0     35     46 | 1.6338  0.65 | 1.00e-06 4.47e-10 |  49.7443 1.1844  0.1747  7.0731 0.062  0.29 | edge_dev mean=2.4516 max=13.4634 gg=0.0664 shape_dev=5.8217 xbar=0.4145
# CONVTAG t=776.00 rough=3.017856 cond=46.203121 evap=42.371450 backs=5.920344
t=  780.00 +2.54e-14 | 0.0267  0.29      7    0     35     46 | 1.6339  0.65 | 8.20e-09 2.59e-10 |  49.7443 1.1844  0.1747  7.0731 0.062  0.29 | edge_dev mean=2.4516 max=13.4634 gg=0.1285 shape_dev=5.8217 xbar=0.4145
# CONVTAG t=780.00 rough=3.017856 cond=46.203121 evap=42.371450 backs=5.920344
# QATOM t=783.58 dir=DF w=1.80891757 e=0.331082898469 i=11 Em=1.2566
t=  784.00 +2.56e-14 | 0.0267  0.41     10    0     35     46 | 1.6319  0.59 | 6.52e-06 1.16e-06 |  49.0207 1.1672  0.1225  7.0735 0.104  0.42 | edge_dev mean=2.4517 max=13.4634 gg=0.1267 shape_dev=5.8210 xbar=0.4085
# CONVTAG t=784.00 rough=3.017856 cond=46.406823 evap=43.329321 backs=6.045284
t=  788.00 +2.56e-14 | 0.0267  0.33      8    0     35     46 | 1.6336  0.61 | 2.35e-07 2.10e-07 |  49.5149 1.1789  0.1672  7.0527 0.104  0.33 | edge_dev mean=2.4518 max=13.4634 gg=0.1274 shape_dev=5.8209 xbar=0.4126
# CONVTAG t=788.00 rough=3.017856 cond=46.836616 evap=43.329321 backs=6.045284
# QATOM t=789.24 dir=FD w=1.10498054 e=0.202242582645 i=23 Em=1.0275
t=  792.00 +2.56e-14 | 0.0267  0.20      5    0     35     46 | 1.6299  1.04 | 8.88e-05 1.17e-03 |  49.8914 1.1879  0.1472  7.0351 0.062  0.21 | edge_dev mean=2.4514 max=13.4634 gg=0.1506 shape_dev=5.8214 xbar=0.4158
# CONVTAG t=792.00 rough=3.017856 cond=47.466324 evap=43.676993 backs=6.090632
t=  796.00 +2.57e-14 | 0.0266  0.16      4    0     35     46 | 1.6363  0.76 | 2.75e-16 4.04e-17 |  50.3456 1.1987  0.1571  7.0240 0.062  0.17 | edge_dev mean=2.4518 max=13.4634 gg=0.1198 shape_dev=5.8205 xbar=0.4195
# CONVTAG t=796.00 rough=3.017856 cond=47.861278 evap=43.676993 backs=6.090632
# QATOM t=799.26 dir=DF w=1.55300937 e=0.284244485198 i=6 Em=1.9929
t=  800.00 +2.57e-14 | 0.0266  0.24      6    0     35     46 | 1.6348  0.64 | 4.59e-05 2.36e-13 |  50.1040 1.1930  0.2158  7.0395 0.062  0.25 | edge_dev mean=2.4518 max=13.4634 gg=0.0976 shape_dev=5.8202 xbar=0.4175
# CONVTAG t=800.00 rough=3.017856 cond=48.204836 evap=44.313698 backs=6.173681
t=  804.00 +2.60e-14 | 0.0266  0.24      6    0     35     46 | 1.6355  0.63 | 1.38e-07 1.36e-16 |  50.1040 1.1930  0.2158  7.0395 0.062  0.25 | edge_dev mean=2.4517 max=13.4634 gg=0.0930 shape_dev=5.8200 xbar=0.4175
# CONVTAG t=804.00 rough=3.017856 cond=48.204836 evap=44.313698 backs=6.173681
t=  808.00 +2.63e-14 | 0.0267  0.24      6    0     35     46 | 1.6332  0.70 | 1.51e-06 3.57e-06 |  49.6410 1.1819  0.1436  7.0464 0.062  0.25 | edge_dev mean=2.4518 max=13.4634 gg=0.1547 shape_dev=5.8197 xbar=0.4137
# CONVTAG t=808.00 rough=3.017856 cond=48.430754 evap=45.036462 backs=6.267954
# QATOM t=809.76 dir=DF w=1.6429802 e=0.300711682543 i=12 Em=1.5939
t=  812.00 +2.65e-14 | 0.0267  0.24      6    0     35     46 | 1.6340  0.66 | 4.67e-06 9.91e-07 |  49.5474 1.1797  0.2059  7.0599 0.083  0.25 | edge_dev mean=2.4518 max=13.4634 gg=0.1047 shape_dev=5.8193 xbar=0.4129
# CONVTAG t=812.00 rough=3.017856 cond=48.897171 evap=45.666446 backs=6.350126
t=  816.00 +2.66e-14 | 0.0267  0.20      5    0     35     46 | 1.6355  0.69 | 5.89e-08 1.29e-07 |  49.8122 1.1860  0.1989  7.0469 0.083  0.21 | edge_dev mean=2.4518 max=13.4634 gg=0.1231 shape_dev=5.8193 xbar=0.4151
# CONVTAG t=816.00 rough=3.017856 cond=49.127402 evap=45.666446 backs=6.350126
# QATOM t=817.56 dir=FD w=1.19097859 e=0.217982649635 i=29 Em=0.8029
t=  820.00 +2.65e-14 | 0.0266  0.20      5    0     35     46 | 1.6355  0.69 | 6.55e-10 2.37e-10 |  50.2772 1.1971  0.2230  7.0410 0.083  0.21 | edge_dev mean=2.4518 max=13.4634 gg=0.1257 shape_dev=5.8193 xbar=0.4190
# CONVTAG t=820.00 rough=3.017856 cond=49.531717 evap=45.666446 backs=6.350126
t=  824.00 +2.65e-14 | 0.0266  0.16      4    0     35     46 | 1.6272  0.50 | 4.16e-09 1.13e-15 |  50.2496 1.1964  0.1806  7.0438 0.042  0.17 | edge_dev mean=2.4518 max=13.4634 gg=0.0988 shape_dev=5.8193 xbar=0.4187
# CONVTAG t=824.00 rough=3.017856 cond=49.775429 evap=45.974268 backs=6.390277
t=  828.00 +2.65e-14 | 0.0266  0.16      4    0     35     46 | 1.6272  0.50 | 1.18e-12 3.66e-19 |  50.4404 1.2010  0.1526  7.0531 0.042  0.17 | edge_dev mean=2.4518 max=13.4634 gg=0.0696 shape_dev=5.8193 xbar=0.4203
# CONVTAG t=828.00 rough=3.017856 cond=49.941345 evap=45.974268 backs=6.390277
t=  832.00 +2.66e-14 | 0.0266  0.16      4    0     35     46 | 1.6272  0.50 | 8.35e-16 2.43e-17 |  50.4404 1.2010  0.1526  7.0531 0.042  0.17 | edge_dev mean=2.4518 max=13.4634 gg=0.0606 shape_dev=5.8193 xbar=0.4203
# CONVTAG t=832.00 rough=3.017856 cond=49.941345 evap=45.974268 backs=6.390277
t=  836.00 +2.68e-14 | 0.0266  0.16      4    0     35     46 | 1.6272  0.50 | 8.33e-16 1.24e-16 |  50.4404 1.2010  0.1526  7.0531 0.042  0.17 | edge_dev mean=2.4518 max=13.4634 gg=0.0669 shape_dev=5.8193 xbar=0.4203
# CONVTAG t=836.00 rough=3.017856 cond=49.941345 evap=45.974268 backs=6.390277
# QATOM t=836.06 dir=FD w=1.21641738 e=0.222638664793 i=39 Em=0.7389
t=  840.00 +2.66e-14 | 0.0266  0.12      3    0     35     46 | 1.6299  0.48 | 2.35e-16 1.55e-19 |  50.0820 1.1924  0.1507  7.0043 0.042  0.12 | edge_dev mean=2.4518 max=13.4634 gg=0.0893 shape_dev=5.8193 xbar=0.4173
# CONVTAG t=840.00 rough=3.017856 cond=50.163984 evap=46.588733 backs=6.470425
t=  844.00 +2.66e-14 | 0.0266  0.12      3    0     35     46 | 1.6299  0.48 | 2.35e-16 9.70e-21 |  50.0820 1.1924  0.1507  7.0043 0.042  0.12 | edge_dev mean=2.4518 max=13.4634 gg=0.0803 shape_dev=5.8193 xbar=0.4173
# CONVTAG t=844.00 rough=3.017856 cond=50.163984 evap=46.588733 backs=6.470425
t=  848.00 +2.65e-14 | 0.0266  0.16      4    0     35     46 | 1.6263  0.56 | 7.41e-05 9.94e-05 |  50.0062 1.1906  0.1631  7.0263 0.042  0.17 | edge_dev mean=2.4519 max=13.4634 gg=0.0818 shape_dev=5.8191 xbar=0.4167
# CONVTAG t=848.00 rough=3.017856 cond=50.377536 evap=46.910120 backs=6.512345
t=  852.00 +2.65e-14 | 0.0266  0.16      4    0     35     46 | 1.6279  0.47 | 4.31e-07 2.06e-07 |  50.0062 1.1906  0.1631  7.0263 0.042  0.17 | edge_dev mean=2.4520 max=13.4634 gg=0.0959 shape_dev=5.8189 xbar=0.4167
# CONVTAG t=852.00 rough=3.017856 cond=50.377536 evap=46.910120 backs=6.512345
# QATOM t=854.20 dir=FD w=0.927750337 e=0.169804459895 i=6 Em=1.6218
t=  856.00 +2.65e-14 | 0.0266  0.16      4    0     35     46 | 1.6279  0.47 | 3.34e-10 2.50e-11 |  50.2015 1.1953  0.1443  7.0358 0.042  0.17 | edge_dev mean=2.4520 max=13.4634 gg=0.0520 shape_dev=5.8189 xbar=0.4183
# CONVTAG t=856.00 rough=3.017856 cond=50.547341 evap=46.910120 backs=6.512345
t=  860.00 +2.66e-14 | 0.0267  0.24      6    0     35     46 | 1.6321  0.56 | 2.48e-05 3.47e-05 |  49.1871 1.1711  0.1261  7.0388 0.083  0.25 | edge_dev mean=2.4520 max=13.4634 gg=0.1401 shape_dev=5.8182 xbar=0.4099
# CONVTAG t=860.00 rough=3.017856 cond=50.547341 evap=47.924489 backs=6.644654
# QATOM t=860.98 dir=DF w=1.74019243 e=0.318504261934 i=14 Em=1.3885
t=  864.00 +2.69e-14 | 0.0267  0.08      2    0     35     46 | 1.6289  0.21 | 4.37e-10 4.61e-16 |  49.6024 1.1810  0.0884  7.0396 0.042  0.08 | edge_dev mean=2.4520 max=13.4634 gg=0.0722 shape_dev=5.8182 xbar=0.4134
# CONVTAG t=864.00 rough=3.017856 cond=51.185469 evap=48.242993 backs=6.686198
t=  868.00 +2.69e-14 | 0.0266  0.04      1    0     35     46 | 1.6324  0.00 | 2.35e-16 5.30e-24 |  50.5217 1.2029  0.1966  7.0411 0.042  0.04 | edge_dev mean=2.4520 max=13.4634 gg=0.0798 shape_dev=5.8182 xbar=0.4210
# CONVTAG t=868.00 rough=3.017856 cond=51.984841 evap=48.242993 backs=6.686198
# QATOM t=868.58 dir=FD w=1.09011605 e=0.199521961625 i=14 Em=1.0700
t=  872.00 +2.69e-14 | 0.0266  0.08      2    0     35     46 | 1.6293  0.19 | 2.98e-07 1.06e-19 |  50.4204 1.2005  0.1514  7.0444 0.042  0.08 | edge_dev mean=2.4520 max=13.4634 gg=0.0890 shape_dev=5.8182 xbar=0.4202
# CONVTAG t=872.00 rough=3.017856 cond=52.184363 evap=48.573724 backs=6.729336
# QATOM t=873.24 dir=FD w=1.11536417 e=0.204143080005 i=39 Em=0.9950
t=  876.00 +2.70e-14 | 0.0267  0.08      2    0     36     46 | 1.6353  0.18 | 3.06e-08 1.96e-25 |  49.7337 1.1841  0.2696  7.0182 0.042  0.08 | edge_dev mean=2.4520 max=13.4634 gg=0.0730 shape_dev=5.8181 xbar=0.4144
# CONVTAG t=876.00 rough=3.017856 cond=52.388506 evap=49.495186 backs=6.849527
t=  880.00 +2.70e-14 | 0.0266  0.04      1    0     36     46 | 1.6324  0.00 | 2.35e-16 3.09e-26 |  50.2315 1.1960  0.2305  7.0080 0.042  0.04 | edge_dev mean=2.4520 max=13.4634 gg=0.0799 shape_dev=5.8181 xbar=0.4186
# CONVTAG t=880.00 rough=3.017856 cond=52.821326 evap=49.495186 backs=6.849527
t=  884.00 +2.70e-14 | 0.0266  0.04      1    0     36     47 | 1.6324  0.00 | 2.35e-16 4.16e-27 |  50.6672 1.2064  0.1736  7.0291 0.042  0.04 | edge_dev mean=2.4520 max=13.4634 gg=0.0911 shape_dev=5.8181 xbar=0.4222
# CONVTAG t=884.00 rough=3.017856 cond=53.200203 evap=49.495186 backs=6.849527
t=  888.00 +2.72e-14 | 0.0266  0.04      1    0     36     47 | 1.6324  0.00 | 2.35e-16 4.72e-28 |  50.6672 1.2064  0.1736  7.0291 0.042  0.04 | edge_dev mean=2.4520 max=13.4634 gg=0.1102 shape_dev=5.8181 xbar=0.4222
# CONVTAG t=888.00 rough=3.017856 cond=53.200203 evap=49.495186 backs=6.849527
t=  892.00 +2.73e-14 | 0.0266  0.04      1    0     36     47 | 1.6324  0.00 | 2.35e-16 4.38e-29 |  50.6672 1.2064  0.1736  7.0291 0.042  0.04 | edge_dev mean=2.4520 max=13.4634 gg=0.0637 shape_dev=5.8181 xbar=0.4222
# CONVTAG t=892.00 rough=3.017856 cond=53.200203 evap=49.495186 backs=6.849527
# QATOM t=892.24 dir=DF w=1.79735637 e=0.328966873711 i=1 Em=1.2781
t=  896.00 +2.75e-14 | 0.0267  0.08      2    0     37     47 | 1.6246  0.48 | 3.65e-05 6.62e-19 |  49.6971 1.1833  0.1762  7.0395 0.042  0.08 | edge_dev mean=2.4520 max=13.4634 gg=0.0244 shape_dev=5.8180 xbar=0.4141
# CONVTAG t=896.00 rough=3.017856 cond=53.200203 evap=50.465280 backs=6.976061
t=  900.00 +2.78e-14 | 0.0267  0.08      2    0     37     47 | 1.6255  0.43 | 1.04e-08 8.58e-16 |  49.6971 1.1833  0.1762  7.0395 0.042  0.08 | edge_dev mean=2.4521 max=13.4634 gg=0.0412 shape_dev=5.8180 xbar=0.4141
# CONVTAG t=900.00 rough=3.017856 cond=53.200203 evap=50.465280 backs=6.976061
# QATOM t=903.80 dir=FD w=1.04709862 e=0.191648559997 i=12 Em=1.1995
t=  904.00 +2.79e-14 | 0.0266  0.04      1    0     37     47 | 1.6324  0.00 | 2.35e-16 6.45e-33 |  50.5604 1.2038  0.1929  7.0767 0.042  0.04 | edge_dev mean=2.4521 max=13.4634 gg=0.0180 shape_dev=5.8180 xbar=0.4213
# CONVTAG t=904.00 rough=3.017856 cond=53.950923 evap=50.465280 backs=6.976061
t=  908.00 +2.79e-14 | 0.0266  0.04      1    0     37     47 | 1.6324  0.00 | 2.35e-16 1.54e-34 |  50.7990 1.2095  0.1743  7.0655 0.042  0.04 | edge_dev mean=2.4521 max=13.4634 gg=0.0624 shape_dev=5.8180 xbar=0.4233
# CONVTAG t=908.00 rough=3.017856 cond=54.158399 evap=50.465280 backs=6.976061
t=  912.00 +2.81e-14 | 0.0266  0.04      1    0     37     47 | 1.6324  0.00 | 2.35e-16 2.01e-36 |  50.5230 1.2029  0.2014  7.0523 0.042  0.04 | edge_dev mean=2.4521 max=13.4634 gg=0.0706 shape_dev=5.8180 xbar=0.4210
# CONVTAG t=912.00 rough=3.017856 cond=54.158399 evap=50.741276 backs=7.012061
t=  916.00 +2.81e-14 | 0.0266  0.04      1    0     37     47 | 1.6324  0.00 | 2.35e-16 1.15e-38 |  50.2318 1.1960  0.1733  7.0381 0.042  0.04 | edge_dev mean=2.4521 max=13.4634 gg=0.0793 shape_dev=5.8180 xbar=0.4186
# CONVTAG t=916.00 rough=3.017856 cond=54.158399 evap=51.032466 backs=7.050042
t=  920.00 +2.81e-14 | 0.0266  0.04      1    0     37     47 | 1.6324  0.00 | 2.35e-16 2.00e-41 |  50.2318 1.1960  0.1733  7.0381 0.042  0.04 | edge_dev mean=2.4521 max=13.4634 gg=0.0415 shape_dev=5.8180 xbar=0.4186
# CONVTAG t=920.00 rough=3.017856 cond=54.158399 evap=51.032466 backs=7.050042
t=  924.00 +2.81e-14 | 0.0266  0.04      1    0     37     47 | 1.6324  0.00 | 2.35e-16 4.41e-45 |  50.2318 1.1960  0.1733  7.0381 0.042  0.04 | edge_dev mean=2.4521 max=13.4634 gg=0.0976 shape_dev=5.8180 xbar=0.4186
# CONVTAG t=924.00 rough=3.017856 cond=54.158399 evap=51.032466 backs=7.050042
t=  928.00 +2.81e-14 | 0.0266  0.04      1    0     37     47 | 1.6324  0.00 | 2.35e-16 1.08e-50 |  50.4258 1.2006  0.1468  7.0476 0.042  0.04 | edge_dev mean=2.4521 max=13.4634 gg=0.1020 shape_dev=5.8180 xbar=0.4202
# CONVTAG t=928.00 rough=3.017856 cond=54.327048 evap=51.032466 backs=7.050042
t=  932.00 +2.81e-14 | 0.0266  0.04      1    0     37     47 | 1.6324  0.00 | 2.35e-16 7.53e-69 |  50.4258 1.2006  0.1468  7.0476 0.042  0.04 | edge_dev mean=2.4521 max=13.4634 gg=0.0832 shape_dev=5.8180 xbar=0.4202
# CONVTAG t=932.00 rough=3.017856 cond=54.327048 evap=51.032466 backs=7.050042
# QATOM t=933.80 dir=DF w=1.9249674 e=0.352323289079 i=44 Em=1.0552
t=  936.00 +2.79e-14 | 0.0266  0.12      3    0     37     47 | 1.6405  0.62 | 6.06e-06 1.90e-12 |  50.0735 1.1922  0.1929  7.0270 0.062  0.12 | edge_dev mean=2.4521 max=13.4625 gg=0.0717 shape_dev=5.8185 xbar=0.4173
# CONVTAG t=936.00 rough=3.017856 cond=54.327048 evap=51.384789 backs=7.095997
t=  940.00 +2.79e-14 | 0.0266  0.12      3    0     37     47 | 1.6407  0.63 | 1.02e-07 7.16e-09 |  49.9567 1.1894  0.2080  7.0500 0.062  0.12 | edge_dev mean=2.4521 max=13.4623 gg=0.0314 shape_dev=5.8186 xbar=0.4163
# CONVTAG t=940.00 rough=3.017856 cond=54.506485 evap=51.707932 backs=7.138146
# QATOM t=943.62 dir=FD w=1.10928046 e=0.203029588016 i=27 Em=1.0155
t=  944.00 +2.78e-14 | 0.0266  0.04      1    0     37     47 | 1.6324  0.00 | 2.35e-16 2.93e-62 |  50.7217 1.2077  0.1490  7.0611 0.042  0.04 | edge_dev mean=2.4521 max=13.4623 gg=0.0630 shape_dev=5.8186 xbar=0.4227
# CONVTAG t=944.00 rough=3.017856 cond=55.171702 evap=51.707932 backs=7.138146
t=  948.00 +2.79e-14 | 0.0266  0.04      1    0     37     47 | 1.6324  0.00 | 2.35e-16 8.13e-54 |  50.7217 1.2077  0.1490  7.0611 0.042  0.04 | edge_dev mean=2.4521 max=13.4623 gg=0.1182 shape_dev=5.8186 xbar=0.4227
# CONVTAG t=948.00 rough=3.017856 cond=55.171702 evap=51.707932 backs=7.138146
t=  952.00 +2.78e-14 | 0.0266  0.04      1    0     37     47 | 1.6324  0.00 | 2.35e-16 9.86e-47 |  50.3928 1.1998  0.2037  7.0358 0.042  0.04 | edge_dev mean=2.4521 max=13.4623 gg=0.0950 shape_dev=5.8186 xbar=0.4199
# CONVTAG t=952.00 rough=3.017856 cond=55.171702 evap=52.036787 backs=7.181040
t=  956.00 +2.78e-14 | 0.0266  0.04      1    0     37     47 | 1.6324  0.00 | 2.35e-16 1.42e-42 |  50.0854 1.1925  0.2212  7.0464 0.042  0.04 | edge_dev mean=2.4521 max=13.4623 gg=0.1013 shape_dev=5.8186 xbar=0.4174
# CONVTAG t=956.00 rough=3.017856 cond=55.171702 evap=52.344237 backs=7.221143
t=  960.00 +2.78e-14 | 0.0266  0.04      1    0     37     47 | 1.6324  0.00 | 2.35e-16 1.48e-39 |  50.0421 1.1915  0.2049  7.0515 0.042  0.04 | edge_dev mean=2.4521 max=13.4623 gg=0.1246 shape_dev=5.8186 xbar=0.4170
# CONVTAG t=960.00 rough=3.017856 cond=55.379091 evap=52.626003 backs=7.257895
# QATOM t=961.12 dir=DF w=1.93276833 e=0.353751079392 i=30 Em=1.0426
t=  964.00 +2.78e-14 | 0.0267  0.04      1    0     37     47 | 1.6324  0.00 | 2.35e-16 3.80e-37 |  49.3850 1.1758  0.1602  7.0105 0.042  0.04 | edge_dev mean=2.4521 max=13.4623 gg=0.1302 shape_dev=5.8186 xbar=0.4115
# CONVTAG t=964.00 rough=3.017856 cond=55.379091 evap=53.283117 backs=7.343605
t=  968.00 +2.79e-14 | 0.0267  0.04      1    0     37     47 | 1.6324  0.00 | 2.35e-16 3.73e-35 |  49.8446 1.1868  0.1580  7.0322 0.042  0.04 | edge_dev mean=2.4521 max=13.4623 gg=0.1038 shape_dev=5.8186 xbar=0.4154
# CONVTAG t=968.00 rough=3.017856 cond=55.778763 evap=53.283117 backs=7.343605
# QATOM t=970.72 dir=FD w=1.04508011 e=0.191279115902 i=14 Em=1.2059
t=  972.00 +2.79e-14 | 0.0266  0.04      1    0     37     47 | 1.6324  0.00 | 2.35e-16 1.91e-33 |  50.2811 1.1972  0.1572  7.0423 0.042  0.04 | edge_dev mean=2.4521 max=13.4623 gg=0.1117 shape_dev=5.8186 xbar=0.4190
# CONVTAG t=972.00 rough=3.017856 cond=56.158314 evap=53.283117 backs=7.343605
t=  976.00 +2.81e-14 | 0.0266  0.04      1    0     37     47 | 1.6324  0.00 | 2.35e-16 5.90e-32 |  50.2811 1.1972  0.1572  7.0423 0.042  0.04 | edge_dev mean=2.4521 max=13.4623 gg=0.1677 shape_dev=5.8186 xbar=0.4190
# CONVTAG t=976.00 rough=3.017856 cond=56.158314 evap=53.283117 backs=7.343605
t=  980.00 +2.81e-14 | 0.0266  0.04      1    0     37     47 | 1.6324  0.00 | 2.35e-16 1.25e-30 |  50.2811 1.1972  0.1572  7.0423 0.042  0.04 | edge_dev mean=2.4521 max=13.4623 gg=0.1506 shape_dev=5.8186 xbar=0.4190
# CONVTAG t=980.00 rough=3.017856 cond=56.158314 evap=53.283117 backs=7.343605
t=  984.00 +2.82e-14 | 0.0267  0.04      1    0     37     47 | 1.6324  0.00 | 2.35e-16 1.91e-29 |  49.8282 1.1864  0.0700  7.0324 0.042  0.04 | edge_dev mean=2.4521 max=13.4623 gg=0.1652 shape_dev=5.8186 xbar=0.4152
# CONVTAG t=984.00 rough=3.017856 cond=56.322099 evap=53.924327 backs=7.427241
t=  988.00 +2.84e-14 | 0.0267  0.04      1    0     37     47 | 1.6324  0.00 | 2.35e-16 2.26e-28 |  49.8282 1.1864  0.0700  7.0324 0.042  0.04 | edge_dev mean=2.4521 max=13.4623 gg=0.0884 shape_dev=5.8186 xbar=0.4152
# CONVTAG t=988.00 rough=3.017856 cond=56.322099 evap=53.924327 backs=7.427241
t=  992.00 +2.84e-14 | 0.0266  0.04      1    0     37     47 | 1.6324  0.00 | 2.35e-16 2.13e-27 |  50.0401 1.1914  0.0912  7.0432 0.042  0.04 | edge_dev mean=2.4521 max=13.4623 gg=0.0405 shape_dev=5.8186 xbar=0.4170
# CONVTAG t=992.00 rough=3.017856 cond=56.506343 evap=53.924327 backs=7.427241
# QATOM t=993.28 dir=DF w=1.49927478 e=0.274409541372 i=6 Em=1.9463
t=  996.00 +2.85e-14 | 0.0267  0.04      1    0     37     47 | 1.6324  0.00 | 2.35e-16 1.71e-26 |  49.7657 1.1849  0.1262  7.0300 0.042  0.04 | edge_dev mean=2.4521 max=13.4623 gg=0.0680 shape_dev=5.8186 xbar=0.4147
# CONVTAG t=996.00 rough=3.017856 cond=56.506343 evap=54.198737 backs=7.463034
t= 1000.00 +2.86e-14 | 0.0266  0.04      1    0     37     47 | 1.6324  0.00 | 2.35e-16 1.14e-25 |  50.0172 1.1909  0.1451  7.0329 0.042  0.04 | edge_dev mean=2.4521 max=13.4623 gg=0.0589 shape_dev=5.8186 xbar=0.4168
# CONVTAG t=1000.00 rough=3.017856 cond=56.725022 evap=54.198737 backs=7.463034
t= 1004.00 +2.86e-14 | 0.0266  0.04      1    0     37     47 | 1.6324  0.00 | 2.35e-16 6.37e-25 |  50.0172 1.1909  0.1451  7.0329 0.042  0.04 | edge_dev mean=2.4521 max=13.4623 gg=0.0484 shape_dev=5.8186 xbar=0.4168
# CONVTAG t=1004.00 rough=3.017856 cond=56.725022 evap=54.198737 backs=7.463034
t= 1008.00 +2.88e-14 | 0.0267  0.08      2    0     37     47 | 1.6308  0.10 | 7.31e-07 7.37e-06 |  49.6962 1.1832  0.1171  7.0457 0.042  0.08 | edge_dev mean=2.4521 max=13.4623 gg=0.0871 shape_dev=5.8186 xbar=0.4141
# CONVTAG t=1008.00 rough=3.017856 cond=56.725022 evap=54.519705 backs=7.504899
t= 1012.00 +2.89e-14 | 0.0267  0.08      2    0     37     47 | 1.6309  0.09 | 1.68e-07 3.07e-07 |  49.8889 1.1878  0.0962  7.0549 0.042  0.08 | edge_dev mean=2.4521 max=13.4623 gg=0.0863 shape_dev=5.8186 xbar=0.4157
# CONVTAG t=1012.00 rough=3.017856 cond=56.892560 evap=54.519705 backs=7.504899
t= 1016.00 +2.91e-14 | 0.0267  0.08      2    0     37     47 | 1.6309  0.09 | 8.96e-10 3.04e-10 |  49.8889 1.1878  0.0962  7.0549 0.042  0.08 | edge_dev mean=2.4521 max=13.4623 gg=0.0718 shape_dev=5.8186 xbar=0.4157
# CONVTAG t=1016.00 rough=3.017856 cond=56.892560 evap=54.519705 backs=7.504899
t= 1020.00 +2.92e-14 | 0.0267  0.08      2    0     37     47 | 1.6309  0.09 | 5.20e-13 2.39e-14 |  49.8889 1.1878  0.0962  7.0549 0.042  0.08 | edge_dev mean=2.4521 max=13.4623 gg=0.1438 shape_dev=5.8186 xbar=0.4157
# CONVTAG t=1020.00 rough=3.017856 cond=56.892560 evap=54.519705 backs=7.504899
t= 1024.00 +2.94e-14 | 0.0267  0.08      2    0     37     47 | 1.6309  0.09 | 8.56e-16 2.84e-18 |  49.5732 1.1803  0.0977  7.0671 0.042  0.08 | edge_dev mean=2.4521 max=13.4623 gg=0.0541 shape_dev=5.8186 xbar=0.4131
# CONVTAG t=1024.00 rough=3.017856 cond=56.892560 evap=54.835351 backs=7.546070
t= 1028.00 +2.95e-14 | 0.0267  0.08      2    0     37     47 | 1.6309  0.09 | 8.57e-16 8.46e-20 |  49.5732 1.1803  0.0977  7.0671 0.042  0.08 | edge_dev mean=2.4521 max=13.4623 gg=0.0325 shape_dev=5.8186 xbar=0.4131
# CONVTAG t=1028.00 rough=3.017856 cond=56.892560 evap=54.835351 backs=7.546070
# QATOM t=1029.20 dir=FD w=1.10028752 e=0.201383628186 i=24 Em=1.0409
t= 1032.00 +2.95e-14 | 0.0267  0.04      1    0     37     47 | 1.6324  0.00 | 2.35e-16 7.20e-21 |  49.7517 1.1846  0.1451  7.0357 0.042  0.04 | edge_dev mean=2.4521 max=13.4623 gg=0.0632 shape_dev=5.8186 xbar=0.4146
# CONVTAG t=1032.00 rough=3.017856 cond=57.291319 evap=55.115442 backs=7.582604
t= 1036.00 +2.95e-14 | 0.0267  0.04      1    0     37     47 | 1.6324  0.00 | 2.35e-16 1.95e-20 |  49.7517 1.1846  0.1451  7.0357 0.042  0.04 | edge_dev mean=2.4521 max=13.4623 gg=0.0558 shape_dev=5.8186 xbar=0.4146
# CONVTAG t=1036.00 rough=3.017856 cond=57.291319 evap=55.115442 backs=7.582604
t= 1040.00 +2.95e-14 | 0.0266  0.04      1    0     37     47 | 1.6324  0.00 | 2.35e-16 5.09e-20 |  50.1609 1.1943  0.1279  7.0371 0.042  0.04 | edge_dev mean=2.4521 max=13.4623 gg=0.0797 shape_dev=5.8186 xbar=0.4180
# CONVTAG t=1040.00 rough=3.017856 cond=57.647105 evap=55.115442 backs=7.582604
# QATOM t=1043.96 dir=DF w=1.96624637 e=0.359878504118 i=32 Em=0.9894
t= 1044.00 +2.97e-14 | 0.0267  0.16      4    0     38     47 | 1.6261  0.30 | 2.89e-04 1.32e-10 |  49.8010 1.1857  0.1850  7.0166 0.083  0.17 | edge_dev mean=2.4521 max=13.4624 gg=0.1122 shape_dev=5.8187 xbar=0.4150
# CONVTAG t=1044.00 rough=3.017856 cond=57.647105 evap=55.475321 backs=7.629545
t= 1048.00 +2.97e-14 | 0.0267  0.16      4    0     38     47 | 1.6313  0.20 | 2.18e-06 1.53e-08 |  49.6791 1.1828  0.1683  7.0182 0.083  0.17 | edge_dev mean=2.4520 max=13.4672 gg=0.1403 shape_dev=5.8218 xbar=0.4140
# CONVTAG t=1048.00 rough=3.017856 cond=57.853247 evap=55.834239 backs=7.676360
# QATOM t=1050.50 dir=FD w=1.26708577 e=0.231912407699 i=32 Em=0.6296
t= 1052.00 +2.97e-14 | 0.0267  0.04      1    0     38     48 | 1.6339  0.00 | 3.77e-08 3.72e-09 |  49.8171 1.1861  0.1397  7.0398 0.042  0.04 | edge_dev mean=2.4521 max=13.4673 gg=0.1526 shape_dev=5.8215 xbar=0.4151
# CONVTAG t=1052.00 rough=3.017856 cond=58.291222 evap=56.199996 backs=7.724068
t= 1056.00 +2.98e-14 | 0.0267  0.08      2    0     38     48 | 1.6369  0.19 | 1.11e-07 3.31e-08 |  49.4519 1.1774  0.1692  7.0447 0.042  0.08 | edge_dev mean=2.4523 max=13.4673 gg=0.0987 shape_dev=5.8212 xbar=0.4121
# CONVTAG t=1056.00 rough=3.017856 cond=58.291222 evap=56.565194 backs=7.771702
t= 1060.00 +2.98e-14 | 0.0266  0.00      0    0     38     48 | 0.0000  0.00 | 0.00e+00 0.00e+00 |  50.1548 1.1942  0.1089  7.0383 0.021  0.00 | edge_dev mean=2.4523 max=13.4673 gg=0.0695 shape_dev=5.8212 xbar=0.4180
# CONVTAG t=1060.00 rough=3.017856 cond=58.902446 evap=56.565194 backs=7.771702
# QATOM t=1061.36 dir=DF w=1.85637975 e=0.339769814775 i=38 Em=1.1676
t= 1064.00 +2.98e-14 | 0.0267  0.04      1    0     38     48 | 1.6368  0.00 | 1.08e-06 1.08e-46 |  49.4734 1.1779  0.1011  7.0645 0.042  0.04 | edge_dev mean=2.4523 max=13.4673 gg=0.0957 shape_dev=5.8211 xbar=0.4123
# CONVTAG t=1064.00 rough=3.017856 cond=58.902446 evap=57.246547 backs=7.860574
# QATOM t=1067.28 dir=FD w=0.889356136 e=0.162777238946 i=6 Em=1.7818
t= 1068.00 +2.99e-14 | 0.0267  0.08      2    0     38     48 | 1.6362  0.04 | 7.53e-07 2.88e-18 |  48.9705 1.1660  0.0673  7.0371 0.042  0.08 | edge_dev mean=2.4523 max=13.4673 gg=0.0795 shape_dev=5.8207 xbar=0.4081
# CONVTAG t=1068.00 rough=3.017856 cond=59.274053 evap=58.176808 backs=7.981913
t= 1072.00 +2.99e-14 | 0.0267  0.00      0    0     38     48 | 0.0000  0.00 | 0.00e+00 0.00e+00 |  49.4117 1.1765  0.0476  6.9924 0.021  0.00 | edge_dev mean=2.4523 max=13.4673 gg=0.0381 shape_dev=5.8207 xbar=0.4118
# CONVTAG t=1072.00 rough=3.017856 cond=59.922842 evap=58.481712 backs=8.021683
# QATOM t=1072.14 dir=FD w=1.05850403 e=0.387472140195 i=19 Em=1.1640
t= 1076.00 +2.99e-14 | 0.0267  0.08      2    0     38     48 | 1.6332  0.42 | 2.70e-06 1.05e-11 |  49.5206 1.1791  0.1131  7.0325 0.062  0.08 | edge_dev mean=2.4525 max=13.4673 gg=0.0650 shape_dev=5.8204 xbar=0.4127
# CONVTAG t=1076.00 rough=3.017856 cond=60.310314 evap=58.818384 backs=8.065596
t= 1080.00 +2.99e-14 | 0.0266  0.08      2    0     38     48 | 1.6333  0.41 | 1.15e-09 2.22e-14 |  49.9562 1.1894  0.1320  7.0549 0.062  0.08 | edge_dev mean=2.4525 max=13.4673 gg=0.0773 shape_dev=5.8204 xbar=0.4163
# CONVTAG t=1080.00 rough=3.017856 cond=60.689121 evap=58.818384 backs=8.065596
t= 1084.00 +2.98e-14 | 0.0267  0.00      0    0     38     48 | 0.0000  0.00 | 0.00e+00 0.00e+00 |  49.8866 1.1878  0.1607  7.0636 0.021  0.00 | edge_dev mean=2.4525 max=13.4673 gg=0.0953 shape_dev=5.8204 xbar=0.4157
# CONVTAG t=1084.00 rough=3.017856 cond=60.902552 evap=59.133498 backs=8.106698
t= 1088.00 +2.98e-14 | 0.0267  0.00      0    0     38     48 | 0.0000  0.00 | 0.00e+00 0.00e+00 |  49.8866 1.1878  0.1607  7.0636 0.021  0.00 | edge_dev mean=2.4525 max=13.4673 gg=0.0813 shape_dev=5.8204 xbar=0.4157
# CONVTAG t=1088.00 rough=3.017856 cond=60.902552 evap=59.133498 backs=8.106698
# QATOM t=1088.50 dir=FD w=1.0762102 e=0.196976799718 i=14 Em=1.1107
t= 1092.00 +2.98e-14 | 0.0267  0.04      1    0     38     48 | 1.6524  0.00 | 2.29e-07 6.78e-29 |  49.7770 1.1852  0.1826  7.0652 0.042  0.04 | edge_dev mean=2.4526 max=13.4673 gg=0.0605 shape_dev=5.8200 xbar=0.4148
# CONVTAG t=1092.00 rough=3.017856 cond=61.099529 evap=59.469583 backs=8.150536
t= 1096.00 +2.98e-14 | 0.0266  0.00      0    0     38     48 | 0.0000  0.00 | 0.00e+00 0.00e+00 |  50.2414 1.1962  0.1435  7.0644 0.021  0.00 | edge_dev mean=2.4526 max=13.4673 gg=0.0464 shape_dev=5.8200 xbar=0.4187
# CONVTAG t=1096.00 rough=3.017856 cond=61.503325 evap=59.469583 backs=8.150536
t= 1100.00 +2.98e-14 | 0.0267  0.00      0    0     38     48 | 0.0000  0.00 | 0.00e+00 0.00e+00 |  49.9247 1.1887  0.1669  7.0796 0.021  0.00 | edge_dev mean=2.4526 max=13.4673 gg=0.0447 shape_dev=5.8200 xbar=0.4160
# CONVTAG t=1100.00 rough=3.017856 cond=61.503325 evap=59.786227 backs=8.191837
# QATOM t=1100.02 dir=DF w=1.95019635 e=0.356940898313 i=34 Em=1.0146
t= 1104.00 +2.99e-14 | 0.0267  0.08      2    0     38     48 | 1.6509  0.40 | 8.02e-06 1.79e-24 |  49.2333 1.1722  0.2382  7.0651 0.042  0.08 | edge_dev mean=2.4526 max=13.4673 gg=0.1030 shape_dev=5.8200 xbar=0.4103
# CONVTAG t=1104.00 rough=3.017856 cond=61.503325 evap=60.477671 backs=8.282025
t= 1108.00 +3.01e-14 | 0.0266  0.04      1    0     38     48 | 1.6443  0.00 | 2.38e-13 5.87e-32 |  49.9950 1.1904  0.1503  7.0628 0.042  0.04 | edge_dev mean=2.4526 max=13.4673 gg=0.1085 shape_dev=5.8200 xbar=0.4166
# CONVTAG t=1108.00 rough=3.017856 cond=62.165708 evap=60.477671 backs=8.282025
t= 1112.00 +3.02e-14 | 0.0267  0.04      1    0     38     48 | 1.6443  0.00 | 8.53e-16 2.66e-21 |  49.6901 1.1831  0.1446  7.0747 0.042  0.04 | edge_dev mean=2.4526 max=13.4673 gg=0.0971 shape_dev=5.8200 xbar=0.4141
# CONVTAG t=1112.00 rough=3.017856 cond=62.165708 evap=60.782592 backs=8.321797
# QATOM t=1113.26 dir=FD w=1.25408707 e=0.229533280387 i=34 Em=0.6577
t= 1116.00 +3.02e-14 | 0.0267  0.08      2    0     38     48 | 1.6201  0.34 | 6.14e-06 2.68e-07 |  49.3344 1.1746  0.1436  7.0717 0.062  0.08 | edge_dev mean=2.4528 max=13.4673 gg=0.0849 shape_dev=5.8197 xbar=0.4111
# CONVTAG t=1116.00 rough=3.017856 cond=62.395241 evap=61.402233 backs=8.402620
t= 1120.00 +3.02e-14 | 0.0267  0.08      2    0     38     48 | 1.6203  0.34 | 2.41e-09 1.42e-11 |  48.9837 1.1663  0.1208  7.0662 0.062  0.08 | edge_dev mean=2.4528 max=13.4673 gg=0.0780 shape_dev=5.8197 xbar=0.4082
# CONVTAG t=1120.00 rough=3.017856 cond=62.395241 evap=61.752964 backs=8.448368
# QATOM t=1122.52 dir=FD w=0.934354837 e=0.171013269476 i=6 Em=1.5956
t= 1124.00 +3.02e-14 | 0.0267  0.00      0    0     38     48 | 0.0000  0.00 | 0.00e+00 0.00e+00 |  49.4291 1.1769  0.1195  7.0672 0.021  0.00 | edge_dev mean=2.4528 max=13.4673 gg=0.0750 shape_dev=5.8197 xbar=0.4119
# CONVTAG t=1124.00 rough=3.017856 cond=62.782515 evap=61.752964 backs=8.448368
t= 1128.00 +3.02e-14 | 0.0266  0.00      0    0     38     48 | 0.0000  0.00 | 0.00e+00 0.00e+00 |  50.1633 1.1944  0.1552  7.0667 0.021  0.00 | edge_dev mean=2.4528 max=13.4673 gg=0.0981 shape_dev=5.8197 xbar=0.4180
# CONVTAG t=1128.00 rough=3.017856 cond=63.421001 evap=61.752964 backs=8.448368
t= 1132.00 +3.02e-14 | 0.0266  0.00      0    0     38     48 | 0.0000  0.00 | 0.00e+00 0.00e+00 |  50.1633 1.1944  0.1552  7.0667 0.021  0.00 | edge_dev mean=2.4528 max=13.4673 gg=0.0905 shape_dev=5.8197 xbar=0.4180
# CONVTAG t=1132.00 rough=3.017856 cond=63.421001 evap=61.752964 backs=8.448368
t= 1136.00 +3.02e-14 | 0.0267  0.00      0    0     38     48 | 0.0000  0.00 | 0.00e+00 0.00e+00 |  49.5696 1.1802  0.0815  7.0277 0.021  0.00 | edge_dev mean=2.4528 max=13.4673 gg=0.0919 shape_dev=5.8197 xbar=0.4131
# CONVTAG t=1136.00 rough=3.017856 cond=63.421001 evap=62.346682 backs=8.525809
t= 1140.00 +3.02e-14 | 0.0267  0.00      0    0     38     48 | 0.0000  0.00 | 0.00e+00 0.00e+00 |  49.5696 1.1802  0.0815  7.0277 0.021  0.00 | edge_dev mean=2.4528 max=13.4673 gg=0.0968 shape_dev=5.8197 xbar=0.4131
# CONVTAG t=1140.00 rough=3.017856 cond=63.421001 evap=62.346682 backs=8.525809
t= 1144.00 +3.02e-14 | 0.0267  0.00      0    0     38     48 | 0.0000  0.00 | 0.00e+00 0.00e+00 |  49.5696 1.1802  0.0815  7.0277 0.021  0.00 | edge_dev mean=2.4528 max=13.4673 gg=0.1021 shape_dev=5.8197 xbar=0.4131
# CONVTAG t=1144.00 rough=3.017856 cond=63.421001 evap=62.346682 backs=8.525809
t= 1148.00 +3.01e-14 | 0.0267  0.00      0    0     38     48 | 0.0000  0.00 | 0.00e+00 0.00e+00 |  49.5696 1.1802  0.0815  7.0277 0.021  0.00 | edge_dev mean=2.4528 max=13.4673 gg=0.1102 shape_dev=5.8197 xbar=0.4131
# CONVTAG t=1148.00 rough=3.017856 cond=63.421001 evap=62.346682 backs=8.525809
# QATOM t=1149.48 dir=FD w=0.992599241 e=0.181673637111 i=20 Em=1.3798
t= 1152.00 +3.02e-14 | 0.0267  0.00      0    0     38     48 | 0.0000  0.00 | 0.00e+00 0.00e+00 |  49.6799 1.1829  0.1204  7.0335 0.021  0.00 | edge_dev mean=2.4528 max=13.4673 gg=0.1417 shape_dev=5.8197 xbar=0.4140
# CONVTAG t=1152.00 rough=3.017856 cond=63.765010 evap=62.631999 backs=8.563024
t= 1156.00 +3.02e-14 | 0.0267  0.04      1    0     38     48 | 1.6131  0.00 | 4.08e-06 2.21e-16 |  49.6139 1.1813  0.1242  7.0368 0.042  0.04 | edge_dev mean=2.4529 max=13.4673 gg=0.1404 shape_dev=5.8189 xbar=0.4134
# CONVTAG t=1156.00 rough=3.017856 cond=63.996147 evap=62.963836 backs=8.606308
# QATOM t=1158.26 dir=FD w=0.971238894 e=0.177764091607 i=12 Em=1.4560
t= 1160.00 +3.05e-14 | 0.0266  0.00      0    0     38     48 | 0.0000  0.00 | 0.00e+00 0.00e+00 |  50.2726 1.1970  0.1674  7.0365 0.021  0.00 | edge_dev mean=2.4529 max=13.4673 gg=0.1360 shape_dev=5.8188 xbar=0.4189
# CONVTAG t=1160.00 rough=3.017856 cond=64.568991 evap=62.963836 backs=8.606308
t= 1164.00 +3.05e-14 | 0.0266  0.00      0    0     38     48 | 0.0000  0.00 | 0.00e+00 0.00e+00 |  50.2726 1.1970  0.1674  7.0365 0.021  0.00 | edge_dev mean=2.4529 max=13.4673 gg=0.1255 shape_dev=5.8188 xbar=0.4189
# CONVTAG t=1164.00 rough=3.017856 cond=64.568991 evap=62.963836 backs=8.606308
t= 1168.00 +3.07e-14 | 0.0266  0.00      0    0     38     48 | 0.0000  0.00 | 0.00e+00 0.00e+00 |  50.2726 1.1970  0.1674  7.0365 0.021  0.00 | edge_dev mean=2.4529 max=13.4673 gg=0.0556 shape_dev=5.8188 xbar=0.4189
# CONVTAG t=1168.00 rough=3.017856 cond=64.568991 evap=62.963836 backs=8.606308
t= 1172.00 +3.07e-14 | 0.0267  0.08      2    0     38     48 | 1.6380  0.22 | 3.83e-06 3.63e-07 |  49.9301 1.1888  0.1972  7.0490 0.062  0.08 | edge_dev mean=2.4528 max=13.4673 gg=0.0645 shape_dev=5.8180 xbar=0.4161
# CONVTAG t=1172.00 rough=3.017856 cond=64.568991 evap=63.306368 backs=8.650986
t= 1176.00 +3.07e-14 | 0.0266  0.00      0    0     38     48 | 0.0000  0.00 | 0.00e+00 0.00e+00 |  50.1810 1.1948  0.1752  7.0399 0.021  0.00 | edge_dev mean=2.4528 max=13.4673 gg=0.0905 shape_dev=5.8180 xbar=0.4182
# CONVTAG t=1176.00 rough=3.017856 cond=64.787150 evap=63.306368 backs=8.650986
# QATOM t=1177.92 dir=FD w=0.910103407 e=0.166574574291 i=6 Em=1.6937
t= 1180.00 +3.08e-14 | 0.0266  0.00      0    0     38     48 | 0.0000  0.00 | 0.00e+00 0.00e+00 |  50.3726 1.1993  0.1520  7.0492 0.021  0.00 | edge_dev mean=2.4528 max=13.4673 gg=0.0771 shape_dev=5.8180 xbar=0.4198
# CONVTAG t=1180.00 rough=3.017856 cond=64.953724 evap=63.306368 backs=8.650986
t= 1184.00 +3.10e-14 | 0.0266  0.00      0    0     38     48 | 0.0000  0.00 | 0.00e+00 0.00e+00 |  50.3726 1.1993  0.1520  7.0492 0.021  0.00 | edge_dev mean=2.4528 max=13.4673 gg=0.1077 shape_dev=5.8180 xbar=0.4198
# CONVTAG t=1184.00 rough=3.017856 cond=64.953724 evap=63.306368 backs=8.650986
t= 1188.00 +3.11e-14 | 0.0266  0.00      0    0     38     48 | 0.0000  0.00 | 0.00e+00 0.00e+00 |  50.3726 1.1993  0.1520  7.0492 0.021  0.00 | edge_dev mean=2.4528 max=13.4673 gg=0.1009 shape_dev=5.8180 xbar=0.4198
# CONVTAG t=1188.00 rough=3.017856 cond=64.953724 evap=63.306368 backs=8.650986
t= 1192.00 +3.11e-14 | 0.0266  0.00      0    0     38     48 | 0.0000  0.00 | 0.00e+00 0.00e+00 |  50.3726 1.1993  0.1520  7.0492 0.021  0.00 | edge_dev mean=2.4528 max=13.4673 gg=0.1148 shape_dev=5.8180 xbar=0.4198
# CONVTAG t=1192.00 rough=3.017856 cond=64.953724 evap=63.306368 backs=8.650986
t= 1196.00 +3.13e-14 | 0.0266  0.00      0    0     38     48 | 0.0000  0.00 | 0.00e+00 0.00e+00 |  50.0772 1.1923  0.1478  7.0605 0.021  0.00 | edge_dev mean=2.4528 max=13.4673 gg=0.1622 shape_dev=5.8180 xbar=0.4173
# CONVTAG t=1196.00 rough=3.017856 cond=64.953724 evap=63.601741 backs=8.689513
t= 1200.00 +3.15e-14 | 0.0267  0.04      1    0     38     48 | 1.6383  0.00 | 1.56e-06 5.22e-44 |  49.1108 1.1693  0.2132  7.0321 0.042  0.04 | edge_dev mean=2.4527 max=13.4634 gg=0.1147 shape_dev=5.8192 xbar=0.4093
# CONVTAG t=1200.00 rough=3.017856 cond=64.953724 evap=64.568106 backs=8.815560
# QATOM t=1202.64 dir=DF w=1.64530965 e=0.30113803879 i=20 Em=1.5887
t= 1204.00 +3.17e-14 | 0.0267  0.04      1    0     38     48 | 1.6384  0.00 | 4.44e-10 7.71e-20 |  48.8097 1.1621  0.1997  7.0164 0.042  0.04 | edge_dev mean=2.4527 max=13.4633 gg=0.1217 shape_dev=5.8192 xbar=0.4067
# CONVTAG t=1204.00 rough=3.017856 cond=64.953724 evap=64.869244 backs=8.854839
# QATOM t=1207.32 dir=DF w=1.80037919 e=0.329520134338 i=24 Em=1.2724
t= 1208.00 +3.18e-14 | 0.0267  0.04      1    0     38     48 | 1.6310  0.00 | 3.11e-07 2.57e-16 |  48.8284 1.1626  0.1225  7.0685 0.042  0.04 | edge_dev mean=2.4527 max=13.4633 gg=0.1502 shape_dev=5.8192 xbar=0.4069
# CONVTAG t=1208.00 rough=3.017856 cond=65.562465 evap=65.550543 backs=8.943704
t= 1212.00 +3.20e-14 | 0.0267  0.04      1    0     38     48 | 1.6310  0.00 | 8.84e-11 5.61e-13 |  49.1922 1.1712  0.1112  7.0758 0.042  0.04 | edge_dev mean=2.4527 max=13.4633 gg=0.1297 shape_dev=5.8191 xbar=0.4099
# CONVTAG t=1212.00 rough=3.017856 cond=66.172603 evap=65.888478 backs=8.987783
t= 1216.00 +3.21e-14 | 0.0267  0.04      1    0     38     48 | 1.6310  0.00 | 4.59e-14 4.19e-14 |  49.4312 1.1769  0.1285  7.0662 0.042  0.04 | edge_dev mean=2.4527 max=13.4633 gg=0.1347 shape_dev=5.8191 xbar=0.4119
# CONVTAG t=1216.00 rough=3.017856 cond=66.380503 evap=65.888478 backs=8.987783
# QATOM t=1219.34 dir=FD w=0.996853702 e=0.182452323381 i=12 Em=1.3650
t= 1220.00 +3.21e-14 | 0.0267  0.04      1    0     38     48 | 1.6310  0.00 | 4.77e-16 1.34e-17 |  49.8429 1.1867  0.1540  7.0680 0.042  0.04 | edge_dev mean=2.4527 max=13.4633 gg=0.0674 shape_dev=5.8191 xbar=0.4154
# CONVTAG t=1220.00 rough=3.017856 cond=66.738426 evap=65.888478 backs=8.987783
t= 1224.00 +3.21e-14 | 0.0266  0.00      0    0     38     48 | 0.0000  0.00 | 0.00e+00 0.00e+00 |  50.0729 1.1922  0.1438  7.0594 0.021  0.00 | edge_dev mean=2.4527 max=13.4633 gg=0.1102 shape_dev=5.8191 xbar=0.4173
# CONVTAG t=1224.00 rough=3.017856 cond=66.938442 evap=65.888478 backs=8.987783
# QATOM t=1225.80 dir=FD w=1.23134224 e=0.225370334006 i=37 Em=0.7083
t= 1228.00 +3.21e-14 | 0.0267  0.08      2    0     38     48 | 1.6421  0.11 | 2.44e-07 8.36e-08 |  49.6696 1.1826  0.1542  7.0723 0.062  0.08 | edge_dev mean=2.4525 max=13.4633 gg=0.0947 shape_dev=5.8183 xbar=0.4139
# CONVTAG t=1228.00 rough=3.017856 cond=67.163812 evap=66.550947 backs=9.074192
t= 1232.00 +3.21e-14 | 0.0267  0.00      0    0     38     48 | 0.0000  0.00 | 0.00e+00 0.00e+00 |  49.6098 1.1812  0.1033  7.0377 0.021  0.00 | edge_dev mean=2.4525 max=13.4633 gg=0.0597 shape_dev=5.8183 xbar=0.4134
# CONVTAG t=1232.00 rough=3.017856 cond=67.378441 evap=66.857526 backs=9.114180
t= 1236.00 +3.20e-14 | 0.0267  0.00      0    0     38     48 | 0.0000  0.00 | 0.00e+00 0.00e+00 |  49.5624 1.1801  0.1299  7.0122 0.021  0.00 | edge_dev mean=2.4525 max=13.4633 gg=0.0716 shape_dev=5.8183 xbar=0.4130
# CONVTAG t=1236.00 rough=3.017856 cond=67.584665 evap=67.142081 backs=9.151296
# QATOM t=1236.66 dir=FD w=1.04157213 e=0.190637055353 i=19 Em=1.2168
t= 1240.00 +3.20e-14 | 0.0267  0.00      0    0     38     48 | 0.0000  0.00 | 0.00e+00 0.00e+00 |  49.7035 1.1834  0.1482  7.0346 0.021  0.00 | edge_dev mean=2.4525 max=13.4633 gg=0.0788 shape_dev=5.8183 xbar=0.4142
# CONVTAG t=1240.00 rough=3.017856 cond=67.988412 evap=67.465356 backs=9.193462
t= 1244.00 +3.20e-14 | 0.0267  0.00      0    0     38     48 | 0.0000  0.00 | 0.00e+00 0.00e+00 |  49.9044 1.1882  0.1271  7.0444 0.021  0.00 | edge_dev mean=2.4525 max=13.4633 gg=0.0951 shape_dev=5.8183 xbar=0.4159
# CONVTAG t=1244.00 rough=3.017856 cond=68.163106 evap=67.465356 backs=9.193462
t= 1248.00 +3.21e-14 | 0.0266  0.00      0    0     38     48 | 0.0000  0.00 | 0.00e+00 0.00e+00 |  50.3716 1.1993  0.1123  7.0277 0.021  0.00 | edge_dev mean=2.4525 max=13.4633 gg=0.0687 shape_dev=5.8183 xbar=0.4198
# CONVTAG t=1248.00 rough=3.017856 cond=68.569366 evap=67.465356 backs=9.193462
t= 1252.00 +3.21e-14 | 0.0266  0.00      0    0     38     48 | 0.0000  0.00 | 0.00e+00 0.00e+00 |  50.3716 1.1993  0.1123  7.0277 0.021  0.00 | edge_dev mean=2.4525 max=13.4633 gg=0.0365 shape_dev=5.8183 xbar=0.4198
# CONVTAG t=1252.00 rough=3.017856 cond=68.569366 evap=67.465356 backs=9.193462
t= 1256.00 +3.23e-14 | 0.0266  0.00      0    0     38     48 | 0.0000  0.00 | 0.00e+00 0.00e+00 |  50.3716 1.1993  0.1123  7.0277 0.021  0.00 | edge_dev mean=2.4525 max=13.4633 gg=0.1130 shape_dev=5.8183 xbar=0.4198
# CONVTAG t=1256.00 rough=3.017856 cond=68.569366 evap=67.465356 backs=9.193462
# QATOM t=1256.54 dir=DF w=1.92596107 e=0.352505158493 i=29 Em=1.0536
t= 1260.00 +3.23e-14 | 0.0266  0.00      0    0     38     48 | 0.0000  0.00 | 0.00e+00 0.00e+00 |  50.0191 1.1909  0.0777  7.0238 0.021  0.00 | edge_dev mean=2.4525 max=13.4633 gg=0.1230 shape_dev=5.8183 xbar=0.4168
# CONVTAG t=1260.00 rough=3.017856 cond=68.569366 evap=67.817862 backs=9.239441
t= 1264.00 +3.23e-14 | 0.0266  0.00      0    0     38     48 | 0.0000  0.00 | 0.00e+00 0.00e+00 |  50.3912 1.1998  0.0831  7.0422 0.021  0.00 | edge_dev mean=2.4525 max=13.4633 gg=0.1331 shape_dev=5.8183 xbar=0.4199
# CONVTAG t=1264.00 rough=3.017856 cond=69.175530 evap=68.142767 backs=9.281820
# QATOM t=1265.10 dir=DF w=1.59522377 e=0.2919709101 i=20 Em=1.7040
t= 1268.00 +3.23e-14 | 0.0266  0.00      0    0     38     48 | 0.0000  0.00 | 0.00e+00 0.00e+00 |  50.0993 1.1928  0.0583  7.0274 0.021  0.00 | edge_dev mean=2.4525 max=13.4633 gg=0.1029 shape_dev=5.8183 xbar=0.4175
# CONVTAG t=1268.00 rough=3.017856 cond=69.175530 evap=68.434738 backs=9.319904
t= 1272.00 +3.23e-14 | 0.0267  0.12      3    0     38     48 | 1.6338  0.35 | 1.71e-05 3.44e-08 |  49.7174 1.1837  0.0984  7.0132 0.083  0.12 | edge_dev mean=2.4523 max=13.4633 gg=0.0767 shape_dev=5.8177 xbar=0.4143
# CONVTAG t=1272.00 rough=3.017856 cond=69.379898 evap=69.051631 backs=9.400368
# QATOM t=1273.96 dir=FD w=1.15282763 e=0.210999947602 i=39 Em=0.8984
t= 1276.00 +3.24e-14 | 0.0267  0.08      2    0     38     48 | 1.6346  0.42 | 3.67e-08 1.66e-10 |  49.6578 1.1823  0.0595  7.0175 0.062  0.08 | edge_dev mean=2.4523 max=13.4633 gg=0.1178 shape_dev=5.8176 xbar=0.4138
# CONVTAG t=1276.00 rough=3.017856 cond=69.590898 evap=69.353912 backs=9.439796
t= 1280.00 +3.26e-14 | 0.0267  0.00      0    0     38     48 | 0.0000  0.00 | 0.00e+00 0.00e+00 |  49.9061 1.1882  0.0670  7.0095 0.021  0.00 | edge_dev mean=2.4523 max=13.4633 gg=0.0413 shape_dev=5.8176 xbar=0.4159
# CONVTAG t=1280.00 rough=3.017856 cond=69.806864 evap=69.353912 backs=9.439796
t= 1284.00 +3.27e-14 | 0.0266  0.00      0    0     38     48 | 0.0000  0.00 | 0.00e+00 0.00e+00 |  50.3287 1.1983  0.0922  7.0121 0.021  0.00 | edge_dev mean=2.4523 max=13.4633 gg=0.0740 shape_dev=5.8176 xbar=0.4194
# CONVTAG t=1284.00 rough=3.017856 cond=70.174341 evap=69.353912 backs=9.439796
t= 1288.00 +3.29e-14 | 0.0266  0.00      0    0     38     48 | 0.0000  0.00 | 0.00e+00 0.00e+00 |  50.3287 1.1983  0.0922  7.0121 0.021  0.00 | edge_dev mean=2.4523 max=13.4633 gg=0.0668 shape_dev=5.8176 xbar=0.4194
# CONVTAG t=1288.00 rough=3.017856 cond=70.174341 evap=69.353912 backs=9.439796
t= 1292.00 +3.30e-14 | 0.0266  0.00      0    0     38     48 | 0.0000  0.00 | 0.00e+00 0.00e+00 |  50.5234 1.2029  0.0688  7.0214 0.021  0.00 | edge_dev mean=2.4523 max=13.4633 gg=0.1229 shape_dev=5.8176 xbar=0.4210
# CONVTAG t=1292.00 rough=3.017856 cond=70.343665 evap=69.353912 backs=9.439796
t= 1296.00 +3.30e-14 | 0.0266  0.00      0    0     38     48 | 0.0000  0.00 | 0.00e+00 0.00e+00 |  50.5234 1.2029  0.0688  7.0214 0.021  0.00 | edge_dev mean=2.4523 max=13.4633 gg=0.1095 shape_dev=5.8176 xbar=0.4210
# CONVTAG t=1296.00 rough=3.017856 cond=70.343665 evap=69.353912 backs=9.439796
t= 1300.00 +3.31e-14 | 0.0266  0.00      0    0     38     48 | 0.0000  0.00 | 0.00e+00 0.00e+00 |  50.5234 1.2029  0.0688  7.0214 0.021  0.00 | edge_dev mean=2.4523 max=13.4633 gg=0.0393 shape_dev=5.8176 xbar=0.4210
# CONVTAG t=1300.00 rough=3.017856 cond=70.343665 evap=69.353912 backs=9.439796
t= 1304.00 +3.33e-14 | 0.0266  0.00      0    0     38     48 | 0.0000  0.00 | 0.00e+00 0.00e+00 |  50.5234 1.2029  0.0688  7.0214 0.021  0.00 | edge_dev mean=2.4523 max=13.4633 gg=0.0945 shape_dev=5.8176 xbar=0.4210
# CONVTAG t=1304.00 rough=3.017856 cond=70.343665 evap=69.353912 backs=9.439796
t= 1308.00 +3.34e-14 | 0.0266  0.00      0    0     38     48 | 0.0000  0.00 | 0.00e+00 0.00e+00 |  50.5234 1.2029  0.0688  7.0214 0.021  0.00 | edge_dev mean=2.4523 max=13.4633 gg=0.0958 shape_dev=5.8176 xbar=0.4210
# CONVTAG t=1308.00 rough=3.017856 cond=70.343665 evap=69.353912 backs=9.439796
t= 1312.00 +3.36e-14 | 0.0266  0.00      0    0     38     48 | 0.0000  0.00 | 0.00e+00 0.00e+00 |  50.5234 1.2029  0.0688  7.0214 0.021  0.00 | edge_dev mean=2.4523 max=13.4633 gg=0.0767 shape_dev=5.8176 xbar=0.4210
# CONVTAG t=1312.00 rough=3.017856 cond=70.343665 evap=69.353912 backs=9.439796
t= 1316.00 +3.37e-14 | 0.0266  0.00      0    0     38     48 | 0.0000  0.00 | 0.00e+00 0.00e+00 |  50.5234 1.2029  0.0688  7.0214 0.021  0.00 | edge_dev mean=2.4523 max=13.4633 gg=0.0389 shape_dev=5.8176 xbar=0.4210
# CONVTAG t=1316.00 rough=3.017856 cond=70.343665 evap=69.353912 backs=9.439796
# QATOM t=1316.06 dir=DF w=2.0150565 e=0.368812133622 i=2 Em=0.9149
t= 1320.00 +3.39e-14 | 0.0266  0.00      0    0     38     48 | 0.0000  0.00 | 0.00e+00 0.00e+00 |  50.3335 1.1984  0.1006  7.0036 0.021  0.00 | edge_dev mean=2.4524 max=13.4633 gg=0.0411 shape_dev=5.8174 xbar=0.4194
# CONVTAG t=1320.00 rough=3.017856 cond=70.745063 evap=70.005504 backs=9.524786
t= 1324.00 +3.40e-14 | 0.0266  0.00      0    0     38     48 | 0.0000  0.00 | 0.00e+00 0.00e+00 |  50.3335 1.1984  0.1006  7.0036 0.021  0.00 | edge_dev mean=2.4524 max=13.4633 gg=0.0817 shape_dev=5.8174 xbar=0.4194
# CONVTAG t=1324.00 rough=3.017856 cond=70.745063 evap=70.005504 backs=9.524786
t= 1328.00 +3.42e-14 | 0.0266  0.00      0    0     38     48 | 0.0000  0.00 | 0.00e+00 0.00e+00 |  50.2053 1.1954  0.0887  7.0253 0.021  0.00 | edge_dev mean=2.4524 max=13.4633 gg=0.0785 shape_dev=5.8174 xbar=0.4184
# CONVTAG t=1328.00 rough=3.017856 cond=70.918497 evap=70.333092 backs=9.567515
# QATOM t=1328.18 dir=DF w=1.74700706 e=0.319751530069 i=18 Em=1.3750
t= 1332.00 +3.40e-14 | 0.0267  0.00      0    0     38     48 | 0.0000  0.00 | 0.00e+00 0.00e+00 |  49.8856 1.1878  0.1355  7.0105 0.021  0.00 | edge_dev mean=2.4524 max=13.4633 gg=0.0654 shape_dev=5.8174 xbar=0.4157
# CONVTAG t=1332.00 rough=3.017856 cond=70.918497 evap=70.652844 backs=9.609222
# QATOM t=1335.88 dir=DF w=2.08309768 e=0.381265586354 i=33 Em=0.8162
t= 1336.00 +3.42e-14 | 0.0266  0.04      1    0     38     48 | 1.6441  0.00 | 3.39e-05 3.24e-21 |  50.1000 1.1929  0.0801  6.9901 0.042  0.04 | edge_dev mean=2.4524 max=13.4633 gg=0.0355 shape_dev=5.8174 xbar=0.4175
# CONVTAG t=1336.00 rough=3.017856 cond=71.696192 evap=71.332781 backs=9.697909
t= 1340.00 +3.42e-14 | 0.0267  0.12      3    0     38     48 | 1.6421  0.55 | 2.48e-07 1.26e-14 |  49.4352 1.1770  0.0839  7.0029 0.062  0.12 | edge_dev mean=2.4525 max=13.4633 gg=0.0504 shape_dev=5.8170 xbar=0.4120
# CONVTAG t=1340.00 rough=3.017856 cond=71.696192 evap=71.997516 backs=9.784614
t= 1344.00 +3.43e-14 | 0.0267  0.12      3    0     38     48 | 1.6422  0.55 | 1.43e-10 5.97e-13 |  49.3146 1.1742  0.1254  7.0076 0.062  0.12 | edge_dev mean=2.4525 max=13.4633 gg=0.0622 shape_dev=5.8170 xbar=0.4110
# CONVTAG t=1344.00 rough=3.017856 cond=71.881037 evap=72.330736 backs=9.828077
# QATOM t=1346.98 dir=FD w=1.05629374 e=0.193331525025 i=14 Em=1.1710
t= 1348.00 +3.43e-14 | 0.0267  0.12      3    0     38     48 | 1.6422  0.55 | 1.22e-13 9.59e-14 |  49.2227 1.1720  0.1448  6.9721 0.062  0.12 | edge_dev mean=2.4525 max=13.4633 gg=0.0920 shape_dev=5.8170 xbar=0.4102
# CONVTAG t=1348.00 rough=3.017856 cond=72.074369 evap=72.644924 backs=9.869058
t= 1352.00 +3.45e-14 | 0.0266  0.00      0    0     38     48 | 0.0000  0.00 | 0.00e+00 0.00e+00 |  50.2757 1.1970  0.0891  6.9807 0.021  0.00 | edge_dev mean=2.4525 max=13.4633 gg=0.1001 shape_dev=5.8170 xbar=0.4190
# CONVTAG t=1352.00 rough=3.017856 cond=72.989963 evap=72.644924 backs=9.869058
# QATOM t=1354.36 dir=DF w=1.50433693 e=0.275336057755 i=6 Em=1.9328
t= 1356.00 +3.47e-14 | 0.0266  0.00      0    0     38     48 | 0.0000  0.00 | 0.00e+00 0.00e+00 |  50.1110 1.1931  0.1588  6.9999 0.021  0.00 | edge_dev mean=2.4525 max=13.4633 gg=0.1162 shape_dev=5.8170 xbar=0.4176
# CONVTAG t=1356.00 rough=3.017856 cond=73.382532 evap=73.261105 backs=9.949430
t= 1360.00 +3.49e-14 | 0.0266  0.00      0    0     38     48 | 0.0000  0.00 | 0.00e+00 0.00e+00 |  50.1110 1.1931  0.1588  6.9999 0.021  0.00 | edge_dev mean=2.4525 max=13.4633 gg=0.1105 shape_dev=5.8170 xbar=0.4176
# CONVTAG t=1360.00 rough=3.017856 cond=73.382532 evap=73.261105 backs=9.949430
t= 1364.00 +3.52e-14 | 0.0266  0.00      0    0     38     48 | 0.0000  0.00 | 0.00e+00 0.00e+00 |  50.3602 1.1991  0.1301  7.0039 0.021  0.00 | edge_dev mean=2.4525 max=13.4633 gg=0.1663 shape_dev=5.8170 xbar=0.4197
# CONVTAG t=1364.00 rough=3.017856 cond=73.599227 evap=73.261105 backs=9.949430
t= 1368.00 +3.53e-14 | 0.0266  0.00      0    0     38     48 | 0.0000  0.00 | 0.00e+00 0.00e+00 |  50.3602 1.1991  0.1301  7.0039 0.021  0.00 | edge_dev mean=2.4525 max=13.4633 gg=0.1279 shape_dev=5.8170 xbar=0.4197
# CONVTAG t=1368.00 rough=3.017856 cond=73.599227 evap=73.261105 backs=9.949430
# QATOM t=1370.84 dir=DF w=1.67989892 e=0.307468848861 i=3 Em=1.5131
t= 1372.00 +3.55e-14 | 0.0267  0.00      0    0     39     48 | 0.0000  0.00 | 0.00e+00 0.00e+00 |  49.7095 1.1836  0.2161  6.9949 0.021  0.00 | edge_dev mean=2.4525 max=13.4633 gg=0.1293 shape_dev=5.8170 xbar=0.4142
# CONVTAG t=1372.00 rough=3.017856 cond=73.599227 evap=73.911728 backs=10.034294
t= 1376.00 +3.55e-14 | 0.0267  0.00      0    0     39     49 | 0.0000  0.00 | 0.00e+00 0.00e+00 |  49.8446 1.1868  0.1372  7.0312 0.021  0.00 | edge_dev mean=2.4525 max=13.4633 gg=0.1116 shape_dev=5.8170 xbar=0.4154
# CONVTAG t=1376.00 rough=3.017856 cond=73.985926 evap=74.221345 backs=10.074678
t= 1380.00 +3.55e-14 | 0.0267  0.00      0    0     39     49 | 0.0000  0.00 | 0.00e+00 0.00e+00 |  49.8446 1.1868  0.1372  7.0312 0.021  0.00 | edge_dev mean=2.4525 max=13.4633 gg=0.1080 shape_dev=5.8170 xbar=0.4154
# CONVTAG t=1380.00 rough=3.017856 cond=73.985926 evap=74.221345 backs=10.074678
t= 1384.00 +3.55e-14 | 0.0266  0.00      0    0     39     49 | 0.0000  0.00 | 0.00e+00 0.00e+00 |  50.2882 1.1973  0.1504  7.0142 0.021  0.00 | edge_dev mean=2.4525 max=13.4633 gg=0.1296 shape_dev=5.8170 xbar=0.4191
# CONVTAG t=1384.00 rough=3.017856 cond=74.371692 evap=74.221345 backs=10.074678
# QATOM t=1386.72 dir=FD w=1.04515759 e=0.19129329566 i=3 Em=1.2056
t= 1388.00 +3.55e-14 | 0.0266  0.00      0    0     39     49 | 0.0000  0.00 | 0.00e+00 0.00e+00 |  50.5082 1.2026  0.1316  7.0063 0.021  0.00 | edge_dev mean=2.4525 max=13.4633 gg=0.1726 shape_dev=5.8170 xbar=0.4209
# CONVTAG t=1388.00 rough=3.017856 cond=74.562986 evap=74.221345 backs=10.074678
t= 1392.00 +3.56e-14 | 0.0266  0.00      0    0     39     49 | 0.0000  0.00 | 0.00e+00 0.00e+00 |  50.2272 1.1959  0.1716  6.9922 0.021  0.00 | edge_dev mean=2.4525 max=13.4633 gg=0.1636 shape_dev=5.8170 xbar=0.4186
# CONVTAG t=1392.00 rough=3.017856 cond=74.562986 evap=74.502415 backs=10.111340
t= 1396.00 +3.56e-14 | 0.0266  0.00      0    0     39     49 | 0.0000  0.00 | 0.00e+00 0.00e+00 |  50.2272 1.1959  0.1716  6.9922 0.021  0.00 | edge_dev mean=2.4525 max=13.4633 gg=0.1444 shape_dev=5.8170 xbar=0.4186
# CONVTAG t=1396.00 rough=3.017856 cond=74.562986 evap=74.502415 backs=10.111340
t= 1400.00 +3.58e-14 | 0.0266  0.00      0    0     39     49 | 0.0000  0.00 | 0.00e+00 0.00e+00 |  50.2272 1.1959  0.1716  6.9922 0.021  0.00 | edge_dev mean=2.4525 max=13.4633 gg=0.1400 shape_dev=5.8170 xbar=0.4186
# CONVTAG t=1400.00 rough=3.017856 cond=74.562986 evap=74.502415 backs=10.111340
t= 1404.00 +3.58e-14 | 0.0266  0.00      0    0     39     49 | 0.0000  0.00 | 0.00e+00 0.00e+00 |  50.4252 1.2006  0.1427  7.0022 0.021  0.00 | edge_dev mean=2.4525 max=13.4633 gg=0.1805 shape_dev=5.8170 xbar=0.4202
# CONVTAG t=1404.00 rough=3.017856 cond=74.735208 evap=74.502415 backs=10.111340
t= 1408.00 +3.58e-14 | 0.0266  0.00      0    0     39     49 | 0.0000  0.00 | 0.00e+00 0.00e+00 |  50.4252 1.2006  0.1427  7.0022 0.021  0.00 | edge_dev mean=2.4525 max=13.4633 gg=0.1384 shape_dev=5.8170 xbar=0.4202
# CONVTAG t=1408.00 rough=3.017856 cond=74.735208 evap=74.502415 backs=10.111340
t= 1412.00 +3.58e-14 | 0.0266  0.00      0    0     39     49 | 0.0000  0.00 | 0.00e+00 0.00e+00 |  50.4252 1.2006  0.1427  7.0022 0.021  0.00 | edge_dev mean=2.4525 max=13.4633 gg=0.0871 shape_dev=5.8170 xbar=0.4202
# CONVTAG t=1412.00 rough=3.017856 cond=74.735208 evap=74.502415 backs=10.111340
t= 1416.00 +3.58e-14 | 0.0266  0.00      0    0     39     49 | 0.0000  0.00 | 0.00e+00 0.00e+00 |  50.4252 1.2006  0.1427  7.0022 0.021  0.00 | edge_dev mean=2.4525 max=13.4633 gg=0.1006 shape_dev=5.8170 xbar=0.4202
# CONVTAG t=1416.00 rough=3.017856 cond=74.735208 evap=74.502415 backs=10.111340
t= 1420.00 +3.58e-14 | 0.0266  0.00      0    0     39     49 | 0.0000  0.00 | 0.00e+00 0.00e+00 |  50.4252 1.2006  0.1427  7.0022 0.021  0.00 | edge_dev mean=2.4525 max=13.4633 gg=0.1359 shape_dev=5.8170 xbar=0.4202
# CONVTAG t=1420.00 rough=3.017856 cond=74.735208 evap=74.502415 backs=10.111340
t= 1424.00 +3.58e-14 | 0.0266  0.00      0    0     39     49 | 0.0000  0.00 | 0.00e+00 0.00e+00 |  50.1194 1.1933  0.1261  6.9863 0.021  0.00 | edge_dev mean=2.4525 max=13.4633 gg=0.1151 shape_dev=5.8170 xbar=0.4177
# CONVTAG t=1424.00 rough=3.017856 cond=74.735208 evap=74.808198 backs=10.151224
t= 1428.00 +3.58e-14 | 0.0267  0.00      0    0     39     49 | 0.0000  0.00 | 0.00e+00 0.00e+00 |  49.8170 1.1861  0.0674  6.9613 0.021  0.00 | edge_dev mean=2.4525 max=13.4633 gg=0.0927 shape_dev=5.8170 xbar=0.4151
# CONVTAG t=1428.00 rough=3.017856 cond=74.735208 evap=75.110592 backs=10.190667
# QATOM t=1428.10 dir=FD w=0.89257158 e=0.163365755911 i=6 Em=1.7678
t= 1432.00 +3.58e-14 | 0.0266  0.00      0    0     39     49 | 0.0000  0.00 | 0.00e+00 0.00e+00 |  50.1549 1.1942  0.1278  6.9792 0.021  0.00 | edge_dev mean=2.4525 max=13.4633 gg=0.0919 shape_dev=5.8170 xbar=0.4180
# CONVTAG t=1432.00 rough=3.017856 cond=75.278674 evap=75.397720 backs=10.228119
t= 1436.00 +3.59e-14 | 0.0267  0.04      1    0     39     49 | 1.6428  0.00 | 2.58e-05 3.34e-11 |  49.8086 1.1859  0.1061  6.9823 0.042  0.04 | edge_dev mean=2.4525 max=13.4633 gg=0.1263 shape_dev=5.8169 xbar=0.4151
# CONVTAG t=1436.00 rough=3.017856 cond=75.278674 evap=75.744008 backs=10.273287
t= 1440.00 +3.61e-14 | 0.0267  0.04      1    0     39     49 | 1.6441  0.00 | 7.33e-09 1.40e-24 |  49.8086 1.1859  0.1061  6.9823 0.042  0.04 | edge_dev mean=2.4525 max=13.4633 gg=0.0591 shape_dev=5.8168 xbar=0.4151
# CONVTAG t=1440.00 rough=3.017856 cond=75.278674 evap=75.744008 backs=10.273287
# QATOM t=1442.26 dir=FD w=1.20741667 e=0.220991280476 i=40 Em=0.7637
t= 1444.00 +3.62e-14 | 0.0266  0.00      0    0     39     49 | 0.0000  0.00 | 0.00e+00 0.00e+00 |  50.2784 1.1971  0.1506  6.9978 0.021  0.00 | edge_dev mean=2.4525 max=13.4633 gg=0.1051 shape_dev=5.8168 xbar=0.4190
# CONVTAG t=1444.00 rough=3.017856 cond=75.687228 evap=75.744008 backs=10.273287
t= 1448.00 +3.63e-14 | 0.0267  0.00      0    0     39     49 | 0.0000  0.00 | 0.00e+00 0.00e+00 |  49.8590 1.1871  0.1299  7.0302 0.021  0.00 | edge_dev mean=2.4525 max=13.4633 gg=0.1101 shape_dev=5.8168 xbar=0.4155
# CONVTAG t=1448.00 rough=3.017856 cond=75.854915 evap=76.356330 backs=10.353155
# QATOM t=1450.74 dir=DF w=1.93112653 e=0.353450583263 i=21 Em=1.0452
t= 1452.00 +3.65e-14 | 0.0267  0.08      2    0     39     49 | 1.6322  0.91 | 5.57e-06 1.18e-32 |  49.1644 1.1706  0.0738  7.0398 0.042  0.08 | edge_dev mean=2.4523 max=13.4633 gg=0.0835 shape_dev=5.8165 xbar=0.4097
# CONVTAG t=1452.00 rough=3.017856 cond=75.854915 evap=77.050908 backs=10.443752
t= 1456.00 +3.68e-14 | 0.0267  0.08      2    0     39     49 | 1.6324  0.92 | 1.59e-09 9.65e-21 |  49.1644 1.1706  0.0738  7.0398 0.042  0.08 | edge_dev mean=2.4523 max=13.4633 gg=0.0774 shape_dev=5.8165 xbar=0.4097
# CONVTAG t=1456.00 rough=3.017856 cond=75.854915 evap=77.050908 backs=10.443752
t= 1460.00 +3.69e-14 | 0.0267  0.00      0    0     39     49 | 0.0000  0.00 | 0.00e+00 0.00e+00 |  49.9000 1.1881  0.1096  7.0244 0.021  0.00 | edge_dev mean=2.4523 max=13.4633 gg=0.0691 shape_dev=5.8165 xbar=0.4158
# CONVTAG t=1460.00 rough=3.017856 cond=76.494617 evap=77.050908 backs=10.443752
# QATOM t=1461.26 dir=FD w=1.14392659 e=0.418741612943 i=34 Em=0.9217
t= 1464.00 +3.71e-14 | 0.0266  0.00      0    0     39     49 | 0.0000  0.00 | 0.00e+00 0.00e+00 |  50.2310 1.1960  0.1064  7.0255 0.021  0.00 | edge_dev mean=2.4525 max=13.4633 gg=0.0768 shape_dev=5.8162 xbar=0.4186
# CONVTAG t=1464.00 rough=3.017856 cond=77.098021 evap=77.413878 backs=10.491096
t= 1468.00 +3.71e-14 | 0.0266  0.00      0    0     39     49 | 0.0000  0.00 | 0.00e+00 0.00e+00 |  50.2310 1.1960  0.1064  7.0255 0.021  0.00 | edge_dev mean=2.4525 max=13.4633 gg=0.0797 shape_dev=5.8162 xbar=0.4186
# CONVTAG t=1468.00 rough=3.017856 cond=77.098021 evap=77.413878 backs=10.491096
t= 1472.00 +3.71e-14 | 0.0266  0.00      0    0     39     49 | 0.0000  0.00 | 0.00e+00 0.00e+00 |  50.2310 1.1960  0.1064  7.0255 0.021  0.00 | edge_dev mean=2.4525 max=13.4633 gg=0.0850 shape_dev=5.8162 xbar=0.4186
# CONVTAG t=1472.00 rough=3.017856 cond=77.098021 evap=77.413878 backs=10.491096
t= 1476.00 +3.71e-14 | 0.0267  0.00      0    0     39     49 | 0.0000  0.00 | 0.00e+00 0.00e+00 |  49.2672 1.1730  0.1149  7.0291 0.021  0.00 | edge_dev mean=2.4525 max=13.4633 gg=0.0419 shape_dev=5.8162 xbar=0.4106
# CONVTAG t=1476.00 rough=3.017856 cond=77.098021 evap=78.377629 backs=10.616802
# QATOM t=1478.62 dir=FD w=1.29173815 e=0.236424487907 i=28 Em=0.5778
t= 1480.00 +3.71e-14 | 0.0267  0.00      0    0     39     49 | 0.0000  0.00 | 0.00e+00 0.00e+00 |  49.2028 1.1715  0.1358  7.0415 0.021  0.00 | edge_dev mean=2.4525 max=13.4633 gg=0.0859 shape_dev=5.8162 xbar=0.4100
# CONVTAG t=1480.00 rough=3.017856 cond=77.334445 evap=78.713941 backs=10.660669
# QATOM t=1483.60 dir=FD w=0.938054503 e=0.171690412756 i=6 Em=1.5811
t= 1484.00 +3.71e-14 | 0.0267  0.00      0    0     39     49 | 0.0000  0.00 | 0.00e+00 0.00e+00 |  49.5195 1.1790  0.0949  7.0486 0.021  0.00 | edge_dev mean=2.4526 max=13.4633 gg=0.0905 shape_dev=5.8161 xbar=0.4127
# CONVTAG t=1484.00 rough=3.017856 cond=77.904325 evap=79.052587 backs=10.704840
t= 1488.00 +3.71e-14 | 0.0267  0.00      0    0     39     49 | 0.0000  0.00 | 0.00e+00 0.00e+00 |  49.4696 1.1778  0.0610  7.0212 0.021  0.00 | edge_dev mean=2.4526 max=13.4633 gg=0.0649 shape_dev=5.8161 xbar=0.4122
# CONVTAG t=1488.00 rough=3.017856 cond=78.117477 evap=79.347654 backs=10.743327
t= 1492.00 +3.71e-14 | 0.0267  0.00      0    0     39     49 | 0.0000  0.00 | 0.00e+00 0.00e+00 |  49.6832 1.1829  0.0630  7.0135 0.021  0.00 | edge_dev mean=2.4526 max=13.4633 gg=0.0540 shape_dev=5.8161 xbar=0.4140
# CONVTAG t=1492.00 rough=3.017856 cond=78.303199 evap=79.347654 backs=10.743327
t= 1496.00 +3.69e-14 | 0.0267  0.04      1    0     39     49 | 1.6368  0.00 | 3.34e-06 9.31e-07 |  49.3495 1.1750  0.0866  7.0297 0.042  0.04 | edge_dev mean=2.4527 max=13.4633 gg=0.1092 shape_dev=5.8158 xbar=0.4112
# CONVTAG t=1496.00 rough=3.017856 cond=78.303199 evap=79.681371 backs=10.786856
# QATOM t=1496.76 dir=DF w=1.72178026 e=0.315134315527 i=3 Em=1.4256
t= 1500.00 +3.69e-14 | 0.0267  0.12      3    0     39     49 | 1.6390  0.19 | 3.79e-06 5.69e-07 |  49.0343 1.1675  0.1170  7.0416 0.083  0.12 | edge_dev mean=2.4525 max=13.4633 gg=0.0496 shape_dev=5.8152 xbar=0.4086
# CONVTAG t=1500.00 rough=3.017856 cond=78.303199 evap=79.996505 backs=10.827960
t= 1504.00 +3.69e-14 | 0.0267  0.12      3    0     39     49 | 1.6365  0.36 | 1.01e-07 2.41e-34 |  49.4867 1.1783  0.1117  7.0406 0.083  0.12 | edge_dev mean=2.4525 max=13.4633 gg=0.0517 shape_dev=5.8152 xbar=0.4124
# CONVTAG t=1504.00 rough=3.017856 cond=78.696590 evap=79.996505 backs=10.827960
# QATOM t=1507.96 dir=FD w=1.11308608 e=0.407452250451 i=38 Em=1.0049
t= 1508.00 +3.69e-14 | 0.0267  0.08      2    0     39     49 | 1.6303  0.41 | 1.29e-05 1.07e-06 |  49.8820 1.1877  0.0860  7.0257 0.042  0.08 | edge_dev mean=2.4526 max=13.4633 gg=0.1020 shape_dev=5.8150 xbar=0.4157
# CONVTAG t=1508.00 rough=3.017856 cond=79.338500 evap=80.339446 backs=10.872692
t= 1512.00 +3.69e-14 | 0.0267  0.08      2    0     39     49 | 1.6307  0.39 | 1.29e-08 3.05e-08 |  49.7830 1.1853  0.0960  7.0209 0.042  0.08 | edge_dev mean=2.4526 max=13.4633 gg=0.1051 shape_dev=5.8150 xbar=0.4149
# CONVTAG t=1512.00 rough=3.017856 cond=79.501413 evap=80.625778 backs=10.910039
t= 1516.00 +3.69e-14 | 0.0267  0.04      1    0     39     49 | 1.6244  0.00 | 6.32e-10 9.49e-10 |  49.7299 1.1840  0.1261  6.9959 0.042  0.04 | edge_dev mean=2.4526 max=13.4633 gg=0.0988 shape_dev=5.8150 xbar=0.4144
# CONVTAG t=1516.00 rough=3.017856 cond=79.740662 evap=80.953997 backs=10.952850
t= 1520.00 +3.68e-14 | 0.0267  0.04      1    0     39     49 | 1.6244  0.00 | 1.26e-12 5.49e-14 |  49.7299 1.1840  0.1261  6.9959 0.042  0.04 | edge_dev mean=2.4526 max=13.4633 gg=0.1155 shape_dev=5.8150 xbar=0.4144
# CONVTAG t=1520.00 rough=3.017856 cond=79.740662 evap=80.953997 backs=10.952850
# QATOM t=1520.16 dir=DF w=1.73284789 e=0.317160003682 i=34 Em=1.4032
t= 1524.00 +3.66e-14 | 0.0267  0.08      2    0     39     49 | 1.6264  0.13 | 3.12e-05 1.94e-07 |  49.3048 1.1739  0.1362  7.0182 0.042  0.08 | edge_dev mean=2.4526 max=13.4633 gg=0.0862 shape_dev=5.8150 xbar=0.4109
# CONVTAG t=1524.00 rough=3.017856 cond=79.947564 evap=81.617004 backs=11.039330
# QATOM t=1527.70 dir=DF w=1.69229595 e=0.309737855983 i=19 Em=1.4866
t= 1528.00 +3.66e-14 | 0.0267  0.08      2    0     39     49 | 1.6229  0.09 | 2.87e-07 1.71e-20 |  48.8978 1.1642  0.0749  7.0027 0.042  0.08 | edge_dev mean=2.4526 max=13.4633 gg=0.0375 shape_dev=5.8148 xbar=0.4075
# CONVTAG t=1528.00 rough=3.017856 cond=80.167416 evap=82.276903 backs=11.125403
t= 1532.00 +3.66e-14 | 0.0267  0.08      2    0     39     49 | 1.6336  0.57 | 6.37e-05 3.21e-23 |  48.7271 1.1602  0.0192  6.9922 0.042  0.08 | edge_dev mean=2.4528 max=13.4633 gg=0.0664 shape_dev=5.8145 xbar=0.4061
# CONVTAG t=1532.00 rough=3.017856 cond=80.615568 evap=82.962955 backs=11.214888
# QATOM t=1534.66 dir=DF w=2.05955419 e=0.376956463955 i=45 Em=0.8501
t= 1536.00 +3.66e-14 | 0.0267  0.12      3    0     39     49 | 1.6407  0.71 | 4.05e-05 2.64e-05 |  49.2679 1.1730  0.1436  7.0332 0.062  0.12 | edge_dev mean=2.4528 max=13.4638 gg=0.0589 shape_dev=5.8139 xbar=0.4106
# CONVTAG t=1536.00 rough=3.017856 cond=81.413667 evap=83.339912 backs=11.264057
t= 1540.00 +3.65e-14 | 0.0267  0.12      3    0     39     49 | 1.6420  0.76 | 8.71e-07 4.27e-07 |  49.8969 1.1880  0.1302  7.0258 0.062  0.12 | edge_dev mean=2.4528 max=13.4645 gg=0.0521 shape_dev=5.8137 xbar=0.4158
# CONVTAG t=1540.00 rough=3.017856 cond=81.960571 evap=83.339912 backs=11.264057
# QATOM t=1541.78 dir=DF w=1.89359358 e=0.346580995954 i=42 Em=1.1071
t= 1544.00 +3.65e-14 | 0.0267  0.20      5    0     39     49 | 1.6474  0.74 | 1.88e-06 1.66e-11 |  49.5503 1.1798  0.0758  7.0098 0.062  0.21 | edge_dev mean=2.4529 max=13.4645 gg=0.1117 shape_dev=5.8135 xbar=0.4129
# CONVTAG t=1544.00 rough=3.017856 cond=81.960571 evap=83.686493 backs=11.309263
t= 1548.00 +3.66e-14 | 0.0267  0.24      6    0     39     49 | 1.6323  2.18 | 8.87e-05 2.93e-03 |  49.2045 1.1715  0.0495  7.0272 0.062  0.25 | edge_dev mean=2.4525 max=13.4645 gg=0.1266 shape_dev=5.8156 xbar=0.4100
# CONVTAG t=1548.00 rough=3.017856 cond=81.960571 evap=84.032274 backs=11.354365
# QATOM t=1551.62 dir=FD w=1.21748738 e=0.445669011171 i=25 Em=0.7319
t= 1552.00 +3.69e-14 | 0.0267  0.20      5    0     39     49 | 1.6370  1.40 | 3.25e-04 2.98e-05 |  49.3810 1.1757  0.1584  7.0115 0.062  0.21 | edge_dev mean=2.4528 max=13.4645 gg=0.1034 shape_dev=5.8142 xbar=0.4115
# CONVTAG t=1552.00 rough=3.017856 cond=82.627462 evap=84.622745 backs=11.431383
t= 1556.00 +3.71e-14 | 0.0267  0.20      5    0     39     49 | 1.6401  1.10 | 4.93e-08 6.03e-09 |  49.3810 1.1757  0.1584  7.0115 0.062  0.21 | edge_dev mean=2.4529 max=13.4645 gg=0.1026 shape_dev=5.8137 xbar=0.4115
# CONVTAG t=1556.00 rough=3.017856 cond=82.627462 evap=84.622745 backs=11.431383
# QATOM t=1559.88 dir=FD w=1.2895241 e=0.236019255112 i=16 Em=0.5824
t= 1560.00 +3.71e-14 | 0.0266  0.24      6    0     39     49 | 1.6357  0.95 | 2.05e-06 8.60e-07 |  50.2179 1.1957  0.1442  7.0336 0.104  0.25 | edge_dev mean=2.4528 max=13.4645 gg=0.0685 shape_dev=5.8134 xbar=0.4185
# CONVTAG t=1560.00 rough=3.017856 cond=83.638782 evap=84.948891 backs=11.473923
t= 1564.00 +3.71e-14 | 0.0266  0.16      4    0     39     49 | 1.6324  0.77 | 1.03e-07 3.06e-09 |  50.1492 1.1940  0.1237  7.0162 0.083  0.17 | edge_dev mean=2.4528 max=13.4645 gg=0.0853 shape_dev=5.8134 xbar=0.4179
# CONVTAG t=1564.00 rough=3.017856 cond=83.841665 evap=85.250847 backs=11.513309
t= 1568.00 +3.72e-14 | 0.0267  0.16      4    0     39     49 | 1.6324  0.77 | 3.39e-09 4.14e-09 |  49.8422 1.1867  0.1336  7.0271 0.083  0.17 | edge_dev mean=2.4528 max=13.4645 gg=0.1110 shape_dev=5.8134 xbar=0.4154
# CONVTAG t=1568.00 rough=3.017856 cond=83.841665 evap=85.557908 backs=11.553361
# QATOM t=1571.16 dir=FD w=1.02302014 e=0.374483038696 i=20 Em=1.2768
t= 1572.00 +3.72e-14 | 0.0266  0.12      3    0     39     49 | 1.6316  0.89 | 8.07e-10 1.01e-08 |  50.2728 1.1970  0.1977  7.0480 0.042  0.12 | edge_dev mean=2.4528 max=13.4645 gg=0.1416 shape_dev=5.8134 xbar=0.4189
# CONVTAG t=1572.00 rough=3.017856 cond=84.216148 evap=85.557908 backs=11.553361
t= 1576.00 +3.74e-14 | 0.0266  0.16      4    0     39     49 | 1.6324  0.77 | 1.51e-09 3.59e-09 |  50.4900 1.2021  0.2355  7.0570 0.083  0.17 | edge_dev mean=2.4528 max=13.4645 gg=0.1189 shape_dev=5.8134 xbar=0.4207
# CONVTAG t=1576.00 rough=3.017856 cond=84.404975 evap=85.557908 backs=11.553361
t= 1580.00 +3.74e-14 | 0.0266  0.20      5    0     39     49 | 1.6353  0.82 | 2.50e-06 6.64e-07 |  50.3930 1.1998  0.2915  7.0602 0.062  0.21 | edge_dev mean=2.4529 max=13.4645 gg=0.0674 shape_dev=5.8132 xbar=0.4199
# CONVTAG t=1580.00 rough=3.017856 cond=84.623319 evap=85.905999 backs=11.598764
t= 1584.00 +3.74e-14 | 0.0266  0.20      5    0     39     49 | 1.6353  0.82 | 2.33e-08 1.40e-12 |  50.6126 1.2051  0.2760  7.0528 0.062  0.21 | edge_dev mean=2.4529 max=13.4645 gg=0.0229 shape_dev=5.8132 xbar=0.4218
# CONVTAG t=1584.00 rough=3.017856 cond=84.814311 evap=85.905999 backs=11.598764
# QATOM t=1584.16 dir=FD w=1.21520891 e=0.444834959566 i=48 Em=0.7454
t= 1588.00 +3.75e-14 | 0.0266  0.12      3    0     39     49 | 1.6325  0.89 | 8.88e-16 2.13e-17 |  51.1242 1.2172  0.2259  7.0354 0.062  0.12 | edge_dev mean=2.4529 max=13.4645 gg=0.0782 shape_dev=5.8132 xbar=0.4260
# CONVTAG t=1588.00 rough=3.017856 cond=85.259146 evap=85.905999 backs=11.598764
t= 1592.00 +3.75e-14 | 0.0266  0.12      3    0     39     49 | 1.6325  0.89 | 8.82e-16 1.26e-17 |  51.1242 1.2172  0.2259  7.0354 0.062  0.12 | edge_dev mean=2.4529 max=13.4645 gg=0.0991 shape_dev=5.8132 xbar=0.4260
# CONVTAG t=1592.00 rough=3.017856 cond=85.259146 evap=85.905999 backs=11.598764
# QATOM t=1595.88 dir=DF w=1.83746277 e=0.336307474337 i=10 Em=1.2047
t= 1596.00 +3.75e-14 | 0.0266  0.29      7    0     39     49 | 1.6327  0.93 | 6.78e-05 1.95e-07 |  50.0313 1.1912  0.3068  7.0205 0.125  0.29 | edge_dev mean=2.4532 max=13.4663 gg=0.0855 shape_dev=5.8151 xbar=0.4169
# CONVTAG t=1596.00 rough=3.017856 cond=85.421615 evap=87.185735 backs=11.765686
t= 1600.00 +3.75e-14 | 0.0267  0.20      5    0     39     49 | 1.6306  0.70 | 5.12e-05 1.21e-14 |  49.9148 1.1884  0.2509  7.0346 0.062  0.21 | edge_dev mean=2.4529 max=13.4659 gg=0.1110 shape_dev=5.8163 xbar=0.4160
# CONVTAG t=1600.00 rough=3.017856 cond=85.882453 evap=87.832189 backs=11.850006
# QATOM t=1600.76 dir=DF w=1.75920296 e=0.321983724907 i=36 Em=1.3510
t= 1604.00 +3.75e-14 | 0.0266  0.20      5    0     39     50 | 1.6300  0.73 | 1.91e-06 1.93e-06 |  50.3266 1.1983  0.2097  7.0557 0.062  0.21 | edge_dev mean=2.4529 max=13.4659 gg=0.1665 shape_dev=5.8161 xbar=0.4194
# CONVTAG t=1604.00 rough=3.017856 cond=86.520513 evap=88.154173 backs=11.892004
# QATOM t=1606.14 dir=FD w=1.08075838 e=0.197809244198 i=7 Em=1.0973
t= 1608.00 +3.77e-14 | 0.0266  0.08      2    0     39     50 | 1.6283  0.41 | 6.64e-15 1.73e-14 |  51.0547 1.2156  0.1385  7.0564 0.042  0.08 | edge_dev mean=2.4529 max=13.4659 gg=0.1360 shape_dev=5.8161 xbar=0.4255
# CONVTAG t=1608.00 rough=3.017856 cond=87.153679 evap=88.154173 backs=11.892004
t= 1612.00 +3.77e-14 | 0.0266  0.12      3    0     39     50 | 1.6278  0.34 | 1.21e-05 2.68e-08 |  50.6858 1.2068  0.1539  7.0740 0.042  0.12 | edge_dev mean=2.4529 max=13.4659 gg=0.0871 shape_dev=5.8160 xbar=0.4224
# CONVTAG t=1612.00 rough=3.017856 cond=87.153679 evap=88.523080 backs=11.940122
t= 1616.00 +3.79e-14 | 0.0266  0.12      3    0     39     50 | 1.6280  0.33 | 3.45e-09 2.96e-13 |  50.6858 1.2068  0.1539  7.0740 0.042  0.12 | edge_dev mean=2.4529 max=13.4659 gg=0.0932 shape_dev=5.8160 xbar=0.4224
# CONVTAG t=1616.00 rough=3.017856 cond=87.153679 evap=88.523080 backs=11.940122
t= 1620.00 +3.81e-14 | 0.0266  0.12      3    0     39     50 | 1.6234  0.54 | 1.17e-15 3.09e-16 |  50.6035 1.2048  0.1023  7.0523 0.062  0.12 | edge_dev mean=2.4529 max=13.4659 gg=0.0877 shape_dev=5.8160 xbar=0.4217
# CONVTAG t=1620.00 rough=3.017856 cond=87.335740 evap=88.814785 backs=11.978170
# QATOM t=1622.78 dir=FD w=1.00934502 e=0.184738585907 i=19 Em=1.3221
t= 1624.00 +3.82e-14 | 0.0266  0.12      3    0     39     50 | 1.6234  0.54 | 8.95e-16 2.20e-17 |  50.8159 1.2099  0.1273  7.0692 0.062  0.12 | edge_dev mean=2.4529 max=13.4659 gg=0.0689 shape_dev=5.8160 xbar=0.4235
# CONVTAG t=1624.00 rough=3.017856 cond=87.520479 evap=88.814785 backs=11.978170
t= 1628.00 +3.82e-14 | 0.0266  0.12      3    0     39     50 | 1.6234  0.54 | 9.05e-16 9.85e-19 |  50.8159 1.2099  0.1273  7.0692 0.062  0.12 | edge_dev mean=2.4529 max=13.4659 gg=0.0700 shape_dev=5.8160 xbar=0.4235
# CONVTAG t=1628.00 rough=3.017856 cond=87.520479 evap=88.814785 backs=11.978170
t= 1632.00 +3.84e-14 | 0.0266  0.12      3    0     39     50 | 1.6234  0.54 | 9.06e-16 2.29e-18 |  51.0133 1.2146  0.1341  7.0616 0.062  0.12 | edge_dev mean=2.4529 max=13.4659 gg=0.1213 shape_dev=5.8160 xbar=0.4251
# CONVTAG t=1632.00 rough=3.017856 cond=87.692140 evap=88.814785 backs=11.978170
t= 1636.00 +3.87e-14 | 0.0266  0.12      3    0     39     50 | 1.6234  0.54 | 9.06e-16 8.62e-17 |  51.0133 1.2146  0.1341  7.0616 0.062  0.12 | edge_dev mean=2.4529 max=13.4659 gg=0.1603 shape_dev=5.8160 xbar=0.4251
# CONVTAG t=1636.00 rough=3.017856 cond=87.692140 evap=88.814785 backs=11.978170
t= 1640.00 +3.88e-14 | 0.0266  0.12      3    0     39     50 | 1.6234  0.54 | 9.06e-16 4.07e-18 |  51.0133 1.2146  0.1341  7.0616 0.062  0.12 | edge_dev mean=2.4529 max=13.4659 gg=0.1439 shape_dev=5.8160 xbar=0.4251
# CONVTAG t=1640.00 rough=3.017856 cond=87.692140 evap=88.814785 backs=11.978170
t= 1644.00 +3.88e-14 | 0.0266  0.12      3    0     40     50 | 1.6234  0.54 | 9.06e-16 1.32e-23 |  50.8776 1.2114  0.1195  7.0550 0.062  0.12 | edge_dev mean=2.4529 max=13.4659 gg=0.0766 shape_dev=5.8160 xbar=0.4240
# CONVTAG t=1644.00 rough=3.017856 cond=87.871946 evap=89.157316 backs=12.022848
# QATOM t=1646.72 dir=DF w=1.56416772 e=0.286286777362 i=12 Em=1.9665
t= 1648.00 +3.88e-14 | 0.0266  0.12      3    0     40     50 | 1.6234  0.54 | 9.06e-16 2.61e-25 |  51.0293 1.2150  0.1434  7.0709 0.062  0.12 | edge_dev mean=2.4529 max=13.4659 gg=0.0675 shape_dev=5.8160 xbar=0.4252
# CONVTAG t=1648.00 rough=3.017856 cond=88.252854 evap=89.443602 backs=12.060190
t= 1652.00 +3.88e-14 | 0.0266  0.16      4    0     41     50 | 1.6294  0.56 | 3.23e-06 5.30e-08 |  50.4247 1.2006  0.1360  7.0432 0.062  0.17 | edge_dev mean=2.4525 max=13.4596 gg=0.0425 shape_dev=5.8197 xbar=0.4202
# CONVTAG t=1652.00 rough=3.017856 cond=88.252854 evap=90.048193 backs=12.139050
t= 1656.00 +3.88e-14 | 0.0266  0.16      4    0     41     50 | 1.6295  0.57 | 5.18e-08 1.27e-21 |  50.4247 1.2006  0.1360  7.0432 0.062  0.17 | edge_dev mean=2.4525 max=13.4595 gg=0.0401 shape_dev=5.8197 xbar=0.4202
# CONVTAG t=1656.00 rough=3.017856 cond=88.252854 evap=90.048193 backs=12.139050
t= 1660.00 +3.90e-14 | 0.0266  0.16      4    0     41     50 | 1.6295  0.57 | 8.50e-10 1.08e-11 |  50.0821 1.1924  0.0866  7.0381 0.062  0.17 | edge_dev mean=2.4525 max=13.4595 gg=0.0339 shape_dev=5.8197 xbar=0.4174
# CONVTAG t=1660.00 rough=3.017856 cond=88.252854 evap=90.390792 backs=12.183737
# QATOM t=1663.04 dir=DF w=1.99187072 e=0.364568482151 i=30 Em=0.9498
t= 1664.00 +3.91e-14 | 0.0267  0.16      4    0     41     50 | 1.6295  0.57 | 1.49e-11 4.17e-13 |  49.7176 1.1838  0.0602  7.0212 0.062  0.17 | edge_dev mean=2.4525 max=13.4595 gg=0.0755 shape_dev=5.8197 xbar=0.4143
# CONVTAG t=1664.00 rough=3.017856 cond=88.252854 evap=90.755361 backs=12.231289
t= 1668.00 +3.93e-14 | 0.0266  0.16      4    0     41     50 | 1.6295  0.57 | 2.45e-13 9.83e-19 |  50.3841 1.1996  0.1182  7.0284 0.062  0.17 | edge_dev mean=2.4525 max=13.4595 gg=0.0920 shape_dev=5.8197 xbar=0.4199
# CONVTAG t=1668.00 rough=3.017856 cond=88.832433 evap=90.755361 backs=12.231289
t= 1672.00 +3.94e-14 | 0.0266  0.16      4    0     41     50 | 1.6295  0.57 | 4.25e-15 2.10e-16 |  50.9263 1.2125  0.1823  7.0519 0.062  0.17 | edge_dev mean=2.4525 max=13.4595 gg=0.0849 shape_dev=5.8197 xbar=0.4244
# CONVTAG t=1672.00 rough=3.017856 cond=89.303962 evap=90.755361 backs=12.231289
# QATOM t=1675.88 dir=DF w=1.74169561 e=0.318779384898 i=38 Em=1.3855
t= 1676.00 +3.94e-14 | 0.0266  0.16      4    0     41     50 | 1.6295  0.57 | 9.06e-16 4.14e-18 |  50.6076 1.2049  0.1858  7.0639 0.062  0.17 | edge_dev mean=2.4525 max=13.4595 gg=0.1297 shape_dev=5.8197 xbar=0.4217
# CONVTAG t=1676.00 rough=3.017856 cond=89.303962 evap=91.074140 backs=12.272869
t= 1680.00 +3.95e-14 | 0.0266  0.16      4    0     41     50 | 1.6295  0.57 | 9.01e-16 9.76e-18 |  50.6076 1.2049  0.1858  7.0639 0.062  0.17 | edge_dev mean=2.4525 max=13.4595 gg=0.0714 shape_dev=5.8197 xbar=0.4217
# CONVTAG t=1680.00 rough=3.017856 cond=89.303962 evap=91.074140 backs=12.272869
t= 1684.00 +3.95e-14 | 0.0266  0.16      4    0     41     50 | 1.6295  0.57 | 8.47e-16 1.18e-16 |  50.9703 1.2136  0.1780  7.0504 0.062  0.17 | edge_dev mean=2.4525 max=13.4595 gg=0.0541 shape_dev=5.8197 xbar=0.4248
# CONVTAG t=1684.00 rough=3.017856 cond=89.862466 evap=91.353676 backs=12.309330
# QATOM t=1686.92 dir=DF w=1.63029348 e=0.298389656486 i=20 Em=1.6225
t= 1688.00 +3.97e-14 | 0.0266  0.16      4    0     41     50 | 1.6295  0.57 | 6.22e-16 6.72e-16 |  50.6325 1.2055  0.1652  7.0334 0.062  0.17 | edge_dev mean=2.4525 max=13.4595 gg=0.0783 shape_dev=5.8197 xbar=0.4219
# CONVTAG t=1688.00 rough=3.017856 cond=90.101819 evap=91.966767 backs=12.389299
t= 1692.00 +3.98e-14 | 0.0266  0.16      4    0     41     50 | 1.6295  0.57 | 6.22e-16 1.88e-15 |  50.3070 1.1978  0.2039  7.0338 0.062  0.17 | edge_dev mean=2.4525 max=13.4595 gg=0.1354 shape_dev=5.8197 xbar=0.4192
# CONVTAG t=1692.00 rough=3.017856 cond=90.101819 evap=92.292223 backs=12.431749
t= 1696.00 +3.98e-14 | 0.0266  0.16      4    0     41     50 | 1.6295  0.57 | 8.76e-16 2.78e-15 |  50.2137 1.1956  0.1582  7.0206 0.062  0.17 | edge_dev mean=2.4525 max=13.4595 gg=0.1529 shape_dev=5.8197 xbar=0.4184
# CONVTAG t=1696.00 rough=3.017856 cond=90.286460 evap=92.597849 backs=12.471614
# QATOM t=1696.58 dir=DF w=1.77272837 e=0.324459255445 i=7 Em=1.3248
t= 1700.00 +4.00e-14 | 0.0266  0.16      4    0     41     50 | 1.6295  0.57 | 6.48e-16 2.29e-15 |  50.1248 1.1934  0.1920  6.9946 0.062  0.17 | edge_dev mean=2.4525 max=13.4595 gg=0.0792 shape_dev=5.8197 xbar=0.4177
# CONVTAG t=1700.00 rough=3.017856 cond=90.491249 evap=92.922309 backs=12.513934
t= 1704.00 +4.00e-14 | 0.0266  0.16      4    0     41     50 | 1.6295  0.57 | 6.22e-16 1.03e-15 |  50.3432 1.1986  0.2177  7.0122 0.062  0.17 | edge_dev mean=2.4525 max=13.4595 gg=0.1067 shape_dev=5.8197 xbar=0.4195
# CONVTAG t=1704.00 rough=3.017856 cond=90.681184 evap=92.922309 backs=12.513934
t= 1708.00 +4.01e-14 | 0.0266  0.16      4    0     41     50 | 1.6295  0.57 | 7.89e-16 2.33e-16 |  50.5619 1.2039  0.2045  7.0117 0.062  0.17 | edge_dev mean=2.4525 max=13.4595 gg=0.0810 shape_dev=5.8197 xbar=0.4213
# CONVTAG t=1708.00 rough=3.017856 cond=90.871393 evap=92.922309 backs=12.513934
# QATOM t=1711.90 dir=FD w=0.890730707 e=0.163028824306 i=12 Em=1.7759
t= 1712.00 +4.01e-14 | 0.0266  0.16      4    0     41     50 | 1.6295  0.57 | 8.93e-16 2.56e-17 |  50.9841 1.2139  0.1720  7.0229 0.062  0.17 | edge_dev mean=2.4525 max=13.4595 gg=0.0486 shape_dev=5.8197 xbar=0.4249
# CONVTAG t=1712.00 rough=3.017856 cond=91.238452 evap=92.922309 backs=12.513934
t= 1716.00 +4.01e-14 | 0.0266  0.16      4    0     41     50 | 1.6295  0.57 | 9.05e-16 1.69e-17 |  50.6524 1.2060  0.1620  7.0260 0.062  0.17 | edge_dev mean=2.4525 max=13.4595 gg=0.0981 shape_dev=5.8197 xbar=0.4221
# CONVTAG t=1716.00 rough=3.017856 cond=91.238452 evap=93.253940 backs=12.557191
t= 1720.00 +4.01e-14 | 0.0266  0.16      4    0     41     50 | 1.6295  0.57 | 9.06e-16 4.23e-17 |  50.6524 1.2060  0.1620  7.0260 0.062  0.17 | edge_dev mean=2.4525 max=13.4595 gg=0.1155 shape_dev=5.8197 xbar=0.4221
# CONVTAG t=1720.00 rough=3.017856 cond=91.238452 evap=93.253940 backs=12.557191
t= 1724.00 +4.03e-14 | 0.0266  0.16      4    0     41     50 | 1.6295  0.57 | 9.06e-16 2.17e-18 |  50.6201 1.2052  0.1591  7.0341 0.062  0.17 | edge_dev mean=2.4525 max=13.4595 gg=0.0768 shape_dev=5.8197 xbar=0.4218
# CONVTAG t=1724.00 rough=3.017856 cond=91.447978 evap=93.527200 backs=12.592833
t= 1728.00 +4.01e-14 | 0.0266  0.16      4    0     41     50 | 1.6295  0.57 | 9.06e-16 1.49e-18 |  50.6201 1.2052  0.1591  7.0341 0.062  0.17 | edge_dev mean=2.4525 max=13.4595 gg=0.0999 shape_dev=5.8197 xbar=0.4218
# CONVTAG t=1728.00 rough=3.017856 cond=91.447978 evap=93.527200 backs=12.592833
t= 1732.00 +4.01e-14 | 0.0266  0.16      4    0     41     50 | 1.6295  0.57 | 9.06e-16 3.77e-20 |  50.8119 1.2098  0.1652  7.0268 0.062  0.17 | edge_dev mean=2.4525 max=13.4595 gg=0.0544 shape_dev=5.8197 xbar=0.4234
# CONVTAG t=1732.00 rough=3.017856 cond=91.614712 evap=93.527200 backs=12.592833
t= 1736.00 +4.01e-14 | 0.0266  0.16      4    0     41     50 | 1.6295  0.57 | 9.06e-16 2.10e-18 |  50.8119 1.2098  0.1652  7.0268 0.062  0.17 | edge_dev mean=2.4525 max=13.4595 gg=0.0582 shape_dev=5.8197 xbar=0.4234
# CONVTAG t=1736.00 rough=3.017856 cond=91.614712 evap=93.527200 backs=12.592833
# QATOM t=1736.60 dir=DF w=1.8123492 e=0.331710983033 i=25 Em=1.2503
t= 1740.00 +4.01e-14 | 0.0266  0.08      2    0     41     50 | 1.6347  0.05 | 6.15e-16 1.29e-17 |  50.7248 1.2077  0.1616  7.0339 0.062  0.08 | edge_dev mean=2.4527 max=13.4595 gg=0.0880 shape_dev=5.8190 xbar=0.4227
# CONVTAG t=1740.00 rough=3.017856 cond=91.827430 evap=93.858911 backs=12.636100
t= 1744.00 +4.00e-14 | 0.0266  0.08      2    0     41     50 | 1.6347  0.05 | 6.22e-16 4.21e-22 |  50.7248 1.2077  0.1616  7.0339 0.062  0.08 | edge_dev mean=2.4527 max=13.4595 gg=0.0938 shape_dev=5.8190 xbar=0.4227
# CONVTAG t=1744.00 rough=3.017856 cond=91.827430 evap=93.858911 backs=12.636100
t= 1748.00 +4.00e-14 | 0.0266  0.08      2    0     41     50 | 1.6347  0.05 | 6.22e-16 2.03e-18 |  50.7248 1.2077  0.1616  7.0339 0.062  0.08 | edge_dev mean=2.4527 max=13.4595 gg=0.0719 shape_dev=5.8190 xbar=0.4227
# CONVTAG t=1748.00 rough=3.017856 cond=91.827430 evap=93.858911 backs=12.636100
t= 1752.00 +3.98e-14 | 0.0266  0.08      2    0     41     50 | 1.6347  0.05 | 5.99e-16 4.60e-17 |  50.1131 1.1932  0.1408  7.0554 0.062  0.08 | edge_dev mean=2.4527 max=13.4595 gg=0.1094 shape_dev=5.8190 xbar=0.4176
# CONVTAG t=1752.00 rough=3.017856 cond=91.827430 evap=94.470542 backs=12.715878
t= 1756.00 +3.98e-14 | 0.0266  0.08      2    0     41     50 | 1.6347  0.05 | 6.22e-16 3.01e-24 |  50.3551 1.1989  0.1501  7.0475 0.062  0.08 | edge_dev mean=2.4527 max=13.4595 gg=0.1095 shape_dev=5.8190 xbar=0.4196
# CONVTAG t=1756.00 rough=3.017856 cond=92.037822 evap=94.470542 backs=12.715878
# QATOM t=1758.80 dir=FD w=0.932511644 e=0.170675913207 i=12 Em=1.6029
t= 1760.00 +3.98e-14 | 0.0266  0.08      2    0     41     50 | 1.6347  0.05 | 6.22e-16 1.84e-18 |  50.5514 1.2036  0.1538  7.0400 0.062  0.08 | edge_dev mean=2.4527 max=13.4595 gg=0.1026 shape_dev=5.8190 xbar=0.4213
# CONVTAG t=1760.00 rough=3.017856 cond=92.208497 evap=94.470542 backs=12.715878
t= 1764.00 +3.98e-14 | 0.0266  0.08      2    0     41     50 | 1.6347  0.05 | 5.89e-16 6.54e-17 |  50.5514 1.2036  0.1538  7.0400 0.062  0.08 | edge_dev mean=2.4527 max=13.4595 gg=0.1011 shape_dev=5.8190 xbar=0.4213
# CONVTAG t=1764.00 rough=3.017856 cond=92.208497 evap=94.470542 backs=12.715878
t= 1768.00 +3.98e-14 | 0.0266  0.08      2    0     41     50 | 1.6438  0.05 | 7.75e-05 1.40e-14 |  50.2337 1.1960  0.1949  7.0243 0.062  0.08 | edge_dev mean=2.4525 max=13.4505 gg=0.0993 shape_dev=5.8237 xbar=0.4186
# CONVTAG t=1768.00 rough=3.017856 cond=92.208497 evap=94.788233 backs=12.757316
t= 1772.00 +3.98e-14 | 0.0266  0.04      1    0     41     50 | 1.6485  0.00 | 9.31e-08 5.12e-34 |  50.1970 1.1952  0.1849  7.0510 0.042  0.04 | edge_dev mean=2.4524 max=13.4476 gg=0.0702 shape_dev=5.8251 xbar=0.4183
# CONVTAG t=1772.00 rough=3.017856 cond=92.443005 evap=95.094595 backs=12.797276
# QATOM t=1773.76 dir=DF w=1.66905012 e=0.305483213337 i=20 Em=1.5365
t= 1776.00 +4.00e-14 | 0.0267  0.08      2    0     41     50 | 1.6565  0.49 | 3.24e-07 2.29e-14 |  49.2165 1.1718  0.2108  7.0150 0.042  0.08 | edge_dev mean=2.4524 max=13.4476 gg=0.1479 shape_dev=5.8250 xbar=0.4101
# CONVTAG t=1776.00 rough=3.017856 cond=92.443005 evap=96.075068 backs=12.925164
t= 1780.00 +4.00e-14 | 0.0267  0.08      2    0     41     50 | 1.6566  0.49 | 9.21e-11 3.08e-15 |  49.6219 1.1815  0.2148  6.9994 0.042  0.08 | edge_dev mean=2.4524 max=13.4476 gg=0.1373 shape_dev=5.8250 xbar=0.4135
# CONVTAG t=1780.00 rough=3.017856 cond=92.795529 evap=96.075068 backs=12.925164
# QATOM t=1780.36 dir=FD w=1.17063088 e=0.21425844556 i=21 Em=0.8531
t= 1784.00 +4.01e-14 | 0.0266  0.08      2    0     41     51 | 1.5730  4.80 | 2.41e-05 5.42e-03 |  50.0911 1.1926  0.2325  7.0438 0.042  0.08 | edge_dev mean=2.4514 max=13.4476 gg=0.1197 shape_dev=5.8292 xbar=0.4174
# CONVTAG t=1784.00 rough=3.017856 cond=93.817223 evap=96.780862 backs=13.017224
# QATOM t=1786.72 dir=FD w=1.22129214 e=0.223530883133 i=46 Em=0.6064
t= 1788.00 +4.03e-14 | 0.0266  0.08      2    0     41     51 | 1.6248  1.46 | 2.33e-04 4.39e-04 |  50.0036 1.1906  0.1989  7.0711 0.042  0.08 | edge_dev mean=2.4519 max=13.4476 gg=0.0968 shape_dev=5.8258 xbar=0.4167
# CONVTAG t=1788.00 rough=3.017856 cond=94.265303 evap=97.383676 backs=13.095852
t= 1792.00 +4.04e-14 | 0.0266  0.04      1    0     41     51 | 1.6485  0.00 | 6.17e-16 1.92e-20 |  50.2628 1.1967  0.1835  7.0636 0.042  0.04 | edge_dev mean=2.4524 max=13.4476 gg=0.0586 shape_dev=5.8251 xbar=0.4189
# CONVTAG t=1792.00 rough=3.017856 cond=94.490705 evap=97.383676 backs=13.095852
# QATOM t=1794.74 dir=FD w=1.12332596 e=0.205600311688 i=17 Em=0.9768
t= 1796.00 +4.06e-14 | 0.0266  0.04      1    0     41     51 | 1.6485  0.00 | 5.19e-16 1.98e-16 |  50.7397 1.2081  0.1597  7.0579 0.042  0.04 | edge_dev mean=2.4524 max=13.4476 gg=0.0535 shape_dev=5.8251 xbar=0.4228
# CONVTAG t=1796.00 rough=3.017856 cond=94.905381 evap=97.383676 backs=13.095852
t= 1800.00 +4.07e-14 | 0.0266  0.04      1    0     41     51 | 1.6485  0.00 | 6.17e-16 6.30e-21 |  50.4202 1.2005  0.1588  7.0430 0.042  0.04 | edge_dev mean=2.4524 max=13.4476 gg=0.0485 shape_dev=5.8251 xbar=0.4202
# CONVTAG t=1800.00 rough=3.017856 cond=94.905381 evap=97.703177 backs=13.137526
t= 1804.00 +4.09e-14 | 0.0267  0.08      2    0     41     51 | 1.6400  0.52 | 4.14e-06 7.08e-07 |  49.7306 1.1841  0.1513  6.9892 0.042  0.08 | edge_dev mean=2.4523 max=13.4484 gg=0.0360 shape_dev=5.8258 xbar=0.4144
# CONVTAG t=1804.00 rough=3.017856 cond=94.905381 evap=98.392762 backs=13.227472
# QATOM t=1806.06 dir=FD w=1.09422203 e=0.200273472227 i=42 Em=1.0580
t= 1808.00 +4.09e-14 | 0.0266  0.08      2    0     41     51 | 1.6401  0.51 | 1.39e-09 2.10e-18 |  50.1514 1.1941  0.1410  6.9936 0.042  0.08 | edge_dev mean=2.4523 max=13.4485 gg=0.0806 shape_dev=5.8259 xbar=0.4179
# CONVTAG t=1808.00 rough=3.017856 cond=95.271347 evap=98.392762 backs=13.227472
t= 1812.00 +4.07e-14 | 0.0266  0.04      1    0     41     51 | 1.6485  0.00 | 5.28e-16 1.78e-16 |  50.3994 1.2000  0.2408  7.0395 0.042  0.04 | edge_dev mean=2.4523 max=13.4485 gg=0.1181 shape_dev=5.8259 xbar=0.4200
# CONVTAG t=1812.00 rough=3.017856 cond=96.074555 evap=99.068526 backs=13.315615
# QATOM t=1812.08 dir=DF w=1.87495949 e=0.343170430807 i=1 Em=1.1390
t= 1816.00 +4.07e-14 | 0.0266  0.04      1    0     41     51 | 1.6485  0.00 | 6.17e-16 2.23e-19 |  50.0562 1.1918  0.2523  7.0560 0.042  0.04 | edge_dev mean=2.4523 max=13.4485 gg=0.0716 shape_dev=5.8259 xbar=0.4171
# CONVTAG t=1816.00 rough=3.017856 cond=96.074555 evap=99.411697 backs=13.360376
t= 1820.00 +4.06e-14 | 0.0266  0.04      1    0     41     51 | 1.6485  0.00 | 6.17e-16 1.78e-45 |  50.3075 1.1978  0.2437  7.0439 0.042  0.04 | edge_dev mean=2.4523 max=13.4485 gg=0.0744 shape_dev=5.8259 xbar=0.4192
# CONVTAG t=1820.00 rough=3.017856 cond=96.293080 evap=99.411697 backs=13.360376
t= 1824.00 +4.06e-14 | 0.0266  0.04      1    0     41     51 | 1.6485  0.00 | 6.17e-16 5.80e-25 |  50.3075 1.1978  0.2437  7.0439 0.042  0.04 | edge_dev mean=2.4523 max=13.4485 gg=0.0519 shape_dev=5.8259 xbar=0.4192
# CONVTAG t=1824.00 rough=3.017856 cond=96.293080 evap=99.411697 backs=13.360376
# QATOM t=1826.04 dir=FD w=1.10442415 e=0.40428149432 i=36 Em=1.0291
t= 1828.00 +4.04e-14 | 0.0266  0.04      1    0     41     51 | 1.6485  0.00 | 5.74e-16 8.57e-17 |  50.3744 1.1994  0.1682  7.0549 0.042  0.04 | edge_dev mean=2.4523 max=13.4485 gg=0.0627 shape_dev=5.8259 xbar=0.4198
# CONVTAG t=1828.00 rough=3.017856 cond=96.893184 evap=100.034904 backs=13.441664
t= 1832.00 +4.06e-14 | 0.0266  0.16      4    0     41     51 | 1.6359  0.57 | 1.80e-06 3.54e-07 |  50.0212 1.1910  0.2273  7.0347 0.083  0.17 | edge_dev mean=2.4524 max=13.4500 gg=0.0808 shape_dev=5.8260 xbar=0.4168
# CONVTAG t=1832.00 rough=3.017856 cond=96.893184 evap=100.388128 backs=13.487737
t= 1836.00 +4.06e-14 | 0.0266  0.04      1    0     41     51 | 1.6485  0.00 | 6.17e-16 5.42e-33 |  50.7372 1.2080  0.1604  7.0564 0.042  0.04 | edge_dev mean=2.4524 max=13.4501 gg=0.0868 shape_dev=5.8260 xbar=0.4228
# CONVTAG t=1836.00 rough=3.017856 cond=97.515809 evap=100.388128 backs=13.487737
t= 1840.00 +4.06e-14 | 0.0266  0.08      2    0     41     51 | 1.6315  1.04 | 4.64e-08 1.15e-28 |  50.4424 1.2010  0.2007  7.0403 0.042  0.08 | edge_dev mean=2.4525 max=13.4501 gg=0.1109 shape_dev=5.8257 xbar=0.4204
# CONVTAG t=1840.00 rough=3.017856 cond=97.515809 evap=100.682932 backs=13.526190
# QATOM t=1843.54 dir=DF w=1.89159391 e=0.346214998848 i=3 Em=1.1106
t= 1844.00 +4.07e-14 | 0.0266  0.16      4    0     41     51 | 1.6350  0.77 | 4.01e-05 2.41e-04 |  50.0962 1.1928  0.2224  7.0530 0.062  0.17 | edge_dev mean=2.4525 max=13.4501 gg=0.0771 shape_dev=5.8257 xbar=0.4175
# CONVTAG t=1844.00 rough=3.017856 cond=97.515809 evap=101.029147 backs=13.571348
t= 1848.00 +4.09e-14 | 0.0266  0.16      4    0     41     51 | 1.6099  2.79 | 1.83e-05 4.17e-03 |  50.0962 1.1928  0.2217  7.0526 0.062  0.17 | edge_dev mean=2.4510 max=13.4501 gg=0.1211 shape_dev=5.8287 xbar=0.4174
# CONVTAG t=1848.00 rough=3.017856 cond=97.515809 evap=101.029147 backs=13.571348
t= 1852.00 +4.09e-14 | 0.0266  0.08      2    0     41     51 | 1.6325  0.98 | 6.56e-05 2.55e-06 |  50.8799 1.2114  0.1539  7.0556 0.042  0.08 | edge_dev mean=2.4524 max=13.4501 gg=0.1082 shape_dev=5.8260 xbar=0.4240
# CONVTAG t=1852.00 rough=3.017856 cond=98.197265 evap=101.029147 backs=13.571348
t= 1856.00 +4.09e-14 | 0.0266  0.08      2    0     41     51 | 1.6341  0.88 | 1.75e-08 2.72e-14 |  50.7820 1.2091  0.1451  7.0595 0.042  0.08 | edge_dev mean=2.4525 max=13.4501 gg=0.0808 shape_dev=5.8259 xbar=0.4232
# CONVTAG t=1856.00 rough=3.017856 cond=98.358365 evap=101.312292 backs=13.608280
t= 1860.00 +4.10e-14 | 0.0266  0.08      2    0     41     51 | 1.6341  0.88 | 4.98e-12 3.07e-18 |  50.7820 1.2091  0.1451  7.0595 0.042  0.08 | edge_dev mean=2.4525 max=13.4501 gg=0.1174 shape_dev=5.8259 xbar=0.4232
# CONVTAG t=1860.00 rough=3.017856 cond=98.358365 evap=101.312292 backs=13.608280
t= 1864.00 +4.11e-14 | 0.0266  0.08      2    0     41     51 | 1.6341  0.88 | 1.42e-15 8.57e-17 |  50.7820 1.2091  0.1451  7.0595 0.042  0.08 | edge_dev mean=2.4525 max=13.4501 gg=0.0968 shape_dev=5.8259 xbar=0.4232
# CONVTAG t=1864.00 rough=3.017856 cond=98.358365 evap=101.312292 backs=13.608280
# QATOM t=1866.66 dir=DF w=1.91804015 e=0.351055406926 i=27 Em=1.0666
t= 1868.00 +4.13e-14 | 0.0266  0.12      3    0     41     51 | 1.6353  0.73 | 6.46e-06 1.27e-06 |  50.4309 1.2007  0.1249  7.0736 0.042  0.12 | edge_dev mean=2.4525 max=13.4501 gg=0.0846 shape_dev=5.8258 xbar=0.4203
# CONVTAG t=1868.00 rough=3.017856 cond=98.358365 evap=101.663348 backs=13.654070
t= 1872.00 +4.14e-14 | 0.0266  0.08      2    0     41     51 | 1.6341  0.88 | 6.17e-16 8.24e-18 |  50.5540 1.2037  0.1795  7.0681 0.042  0.08 | edge_dev mean=2.4525 max=13.4501 gg=0.1213 shape_dev=5.8258 xbar=0.4213
# CONVTAG t=1872.00 rough=3.017856 cond=98.734148 evap=101.972453 backs=13.694388
t= 1876.00 +4.14e-14 | 0.0266  0.08      2    0     41     51 | 1.6341  0.88 | 6.17e-16 1.80e-19 |  50.5540 1.2037  0.1795  7.0681 0.042  0.08 | edge_dev mean=2.4525 max=13.4501 gg=0.0634 shape_dev=5.8258 xbar=0.4213
# CONVTAG t=1876.00 rough=3.017856 cond=98.734148 evap=101.972453 backs=13.694388
t= 1880.00 +4.14e-14 | 0.0266  0.08      2    0     41     51 | 1.6341  0.88 | 5.35e-16 1.64e-16 |  50.5540 1.2037  0.1795  7.0681 0.042  0.08 | edge_dev mean=2.4525 max=13.4501 gg=0.0990 shape_dev=5.8258 xbar=0.4213
# CONVTAG t=1880.00 rough=3.017856 cond=98.734148 evap=101.972453 backs=13.694388
# QATOM t=1881.38 dir=DF w=1.6473702 e=0.301515176366 i=19 Em=1.5839
t= 1884.00 +4.16e-14 | 0.0267  0.08      2    0     41     51 | 1.6341  0.88 | 6.17e-16 6.80e-22 |  49.9385 1.1890  0.1618  7.0557 0.042  0.08 | edge_dev mean=2.4525 max=13.4501 gg=0.1487 shape_dev=5.8258 xbar=0.4162
# CONVTAG t=1884.00 rough=3.017856 cond=98.734148 evap=102.587925 backs=13.774667
t= 1888.00 +4.16e-14 | 0.0267  0.20      5    0     41     51 | 1.6316  0.72 | 2.26e-06 5.01e-05 |  49.8176 1.1861  0.1429  7.0603 0.083  0.21 | edge_dev mean=2.4526 max=13.4501 gg=0.1189 shape_dev=5.8255 xbar=0.4151
# CONVTAG t=1888.00 rough=3.017856 cond=98.926651 evap=102.930232 backs=13.819316
t= 1892.00 +4.17e-14 | 0.0266  0.16      4    0     41     51 | 1.6043  3.14 | 2.20e-04 5.37e-03 |  49.9920 1.1903  0.0830  7.0542 0.062  0.17 | edge_dev mean=2.4513 max=13.4501 gg=0.0774 shape_dev=5.8294 xbar=0.4166
# CONVTAG t=1892.00 rough=3.017856 cond=99.318875 evap=103.206851 backs=13.855397
# QATOM t=1892.14 dir=FD w=1.20044809 e=0.219715834288 i=26 Em=0.6805
t= 1896.00 +4.19e-14 | 0.0266  0.12      3    0     41     51 | 1.6327  0.73 | 2.93e-05 2.92e-05 |  50.2447 1.1963  0.0778  7.0453 0.042  0.12 | edge_dev mean=2.4525 max=13.4501 gg=0.1128 shape_dev=5.8257 xbar=0.4187
# CONVTAG t=1896.00 rough=3.017856 cond=99.538590 evap=103.206851 backs=13.855397
t= 1900.00 +4.20e-14 | 0.0266  0.08      2    0     41     51 | 1.6341  0.88 | 6.17e-16 3.00e-20 |  50.8876 1.2116  0.1313  7.0464 0.042  0.08 | edge_dev mean=2.4526 max=13.4501 gg=0.0661 shape_dev=5.8256 xbar=0.4241
# CONVTAG t=1900.00 rough=3.017856 cond=100.097658 evap=103.206851 backs=13.855397
t= 1904.00 +4.20e-14 | 0.0266  0.08      2    0     41     51 | 1.6341  0.88 | 6.17e-16 5.29e-20 |  50.8876 1.2116  0.1313  7.0464 0.042  0.08 | edge_dev mean=2.4526 max=13.4501 gg=0.0807 shape_dev=5.8256 xbar=0.4241
# CONVTAG t=1904.00 rough=3.017856 cond=100.097658 evap=103.206851 backs=13.855397
t= 1908.00 +4.22e-14 | 0.0266  0.08      2    0     41     51 | 1.6341  0.88 | 6.17e-16 1.14e-17 |  50.8876 1.2116  0.1313  7.0464 0.042  0.08 | edge_dev mean=2.4526 max=13.4501 gg=0.1203 shape_dev=5.8256 xbar=0.4241
# CONVTAG t=1908.00 rough=3.017856 cond=100.097658 evap=103.206851 backs=13.855397
t= 1912.00 +4.23e-14 | 0.0266  0.08      2    0     41     51 | 1.6341  0.88 | 5.31e-16 1.72e-16 |  50.8876 1.2116  0.1313  7.0464 0.042  0.08 | edge_dev mean=2.4526 max=13.4501 gg=0.0656 shape_dev=5.8256 xbar=0.4241
# CONVTAG t=1912.00 rough=3.017856 cond=100.097658 evap=103.206851 backs=13.855397
t= 1916.00 +4.25e-14 | 0.0266  0.08      2    0     41     51 | 1.6341  0.88 | 6.17e-16 8.02e-19 |  50.5418 1.2034  0.1660  7.0562 0.042  0.08 | edge_dev mean=2.4526 max=13.4501 gg=0.1515 shape_dev=5.8256 xbar=0.4212
# CONVTAG t=1916.00 rough=3.017856 cond=100.097658 evap=103.552632 backs=13.900498
# QATOM t=1917.32 dir=DF w=1.89782179 e=0.347354877603 i=16 Em=1.1001
t= 1920.00 +4.26e-14 | 0.0266  0.08      2    0     41     51 | 1.6341  0.88 | 6.17e-16 2.50e-29 |  50.3793 1.1995  0.1599  7.0546 0.042  0.08 | edge_dev mean=2.4526 max=13.4501 gg=0.1386 shape_dev=5.8256 xbar=0.4198
# CONVTAG t=1920.00 rough=3.017856 cond=100.258348 evap=103.899987 backs=13.945806
t= 1924.00 +4.26e-14 | 0.0266  0.08      2    0     41     51 | 1.6341  0.88 | 6.17e-16 1.20e-18 |  50.6329 1.2055  0.1328  7.0474 0.042  0.08 | edge_dev mean=2.4526 max=13.4501 gg=0.1404 shape_dev=5.8256 xbar=0.4219
# CONVTAG t=1924.00 rough=3.017856 cond=100.478936 evap=103.899987 backs=13.945806
t= 1928.00 +4.27e-14 | 0.0266  0.08      2    0     41     51 | 1.6341  0.88 | 5.86e-16 6.21e-17 |  50.5548 1.2037  0.1379  7.0191 0.042  0.08 | edge_dev mean=2.4526 max=13.4501 gg=0.0877 shape_dev=5.8256 xbar=0.4213
# CONVTAG t=1928.00 rough=3.017856 cond=100.700775 evap=104.233229 backs=13.989272
# QATOM t=1928.14 dir=DF w=1.4735182 e=0.269695360378 i=12 Em=2.0168
t= 1932.00 +4.29e-14 | 0.0267  0.08      2    0     42     51 | 1.6341  0.88 | 6.13e-16 8.15e-18 |  49.5998 1.1809  0.0999  7.0113 0.042  0.08 | edge_dev mean=2.4526 max=13.4501 gg=0.0361 shape_dev=5.8256 xbar=0.4133
# CONVTAG t=1932.00 rough=3.017856 cond=100.700775 evap=105.188215 backs=14.113835
t= 1936.00 +4.29e-14 | 0.0267  0.08      2    0     42     51 | 1.6341  0.88 | 6.17e-16 1.19e-30 |  49.8422 1.1867  0.0718  7.0298 0.042  0.08 | edge_dev mean=2.4526 max=13.4501 gg=0.0723 shape_dev=5.8256 xbar=0.4154
# CONVTAG t=1936.00 rough=3.017856 cond=100.911545 evap=105.188215 backs=14.113835
# QATOM t=1938.80 dir=FD w=1.10480222 e=0.202209943991 i=18 Em=1.0281
t= 1940.00 +4.29e-14 | 0.0266  0.08      2    0     42     52 | 1.6341  0.88 | 6.17e-16 3.53e-25 |  50.3446 1.1987  0.1044  7.0427 0.042  0.08 | edge_dev mean=2.4526 max=13.4501 gg=0.0546 shape_dev=5.8256 xbar=0.4195
# CONVTAG t=1940.00 rough=3.017856 cond=101.348416 evap=105.188215 backs=14.113835
t= 1944.00 +4.30e-14 | 0.0266  0.12      3    0     42     52 | 1.6398  0.87 | 2.34e-07 1.19e-17 |  49.9987 1.1904  0.0583  7.0451 0.042  0.12 | edge_dev mean=2.4526 max=13.4501 gg=0.0371 shape_dev=5.8256 xbar=0.4167
# CONVTAG t=1944.00 rough=3.017856 cond=101.348416 evap=105.534115 backs=14.158953
t= 1948.00 +4.33e-14 | 0.0266  0.08      2    0     42     52 | 1.6341  0.88 | 5.96e-16 4.29e-17 |  50.4328 1.2008  0.1116  7.0402 0.042  0.08 | edge_dev mean=2.4526 max=13.4501 gg=0.0723 shape_dev=5.8256 xbar=0.4203
# CONVTAG t=1948.00 rough=3.017856 cond=101.725870 evap=105.534115 backs=14.158953
t= 1952.00 +4.35e-14 | 0.0266  0.08      2    0     42     52 | 1.6341  0.88 | 6.17e-16 2.23e-24 |  50.4328 1.2008  0.1116  7.0402 0.042  0.08 | edge_dev mean=2.4526 max=13.4501 gg=0.0715 shape_dev=5.8256 xbar=0.4203
# CONVTAG t=1952.00 rough=3.017856 cond=101.725870 evap=105.534115 backs=14.158953
t= 1956.00 +4.35e-14 | 0.0266  0.16      4    0     42     52 | 1.6338  0.64 | 3.13e-05 1.23e-21 |  50.0875 1.1926  0.1079  7.0534 0.062  0.17 | edge_dev mean=2.4527 max=13.4501 gg=0.0848 shape_dev=5.8252 xbar=0.4174
# CONVTAG t=1956.00 rough=3.017856 cond=101.725870 evap=105.879423 backs=14.203993
# QATOM t=1956.32 dir=DF w=1.50314226 e=0.275117398368 i=12 Em=1.9360
t= 1960.00 +4.36e-14 | 0.0267  0.16      4    0     42     52 | 1.6346  0.64 | 2.32e-07 2.17e-17 |  49.5102 1.1788  0.1078  7.0756 0.062  0.17 | edge_dev mean=2.4527 max=13.4501 gg=0.0298 shape_dev=5.8251 xbar=0.4126
# CONVTAG t=1960.00 rough=3.017856 cond=101.725870 evap=106.456734 backs=14.279294
t= 1964.00 +4.39e-14 | 0.0266  0.12      3    0     42     52 | 1.6357  0.73 | 1.73e-10 5.25e-15 |  49.9776 1.1899  0.1429  7.0655 0.042  0.12 | edge_dev mean=2.4527 max=13.4501 gg=0.0954 shape_dev=5.8251 xbar=0.4165
# CONVTAG t=1964.00 rough=3.017856 cond=102.132307 evap=106.456734 backs=14.279294
t= 1968.00 +4.43e-14 | 0.0267  0.12      3    0     42     52 | 1.6357  0.73 | 4.96e-14 1.52e-15 |  49.6559 1.1823  0.1877  7.0661 0.042  0.12 | edge_dev mean=2.4527 max=13.4501 gg=0.0966 shape_dev=5.8251 xbar=0.4138
# CONVTAG t=1968.00 rough=3.017856 cond=102.132307 evap=106.778364 backs=14.321246
# QATOM t=1968.82 dir=FD w=1.20316778 e=0.220213614781 i=24 Em=0.7737
t= 1972.00 +4.45e-14 | 0.0267  0.12      3    0     42     52 | 1.6282  0.88 | 2.57e-07 3.67e-09 |  49.5892 1.1807  0.2193  7.0388 0.042  0.12 | edge_dev mean=2.4527 max=13.4501 gg=0.0504 shape_dev=5.8250 xbar=0.4132
# CONVTAG t=1972.00 rough=3.017856 cond=102.352520 evap=107.098314 backs=14.362979
# QATOM t=1975.38 dir=DF w=1.68719076 e=0.30880346099 i=19 Em=1.4974
t= 1976.00 +4.46e-14 | 0.0266  0.08      2    0     42     52 | 1.6341  0.88 | 6.17e-16 5.27e-20 |  49.9603 1.1895  0.1260  7.0254 0.042  0.08 | edge_dev mean=2.4527 max=13.4501 gg=0.0772 shape_dev=5.8250 xbar=0.4163
# CONVTAG t=1976.00 rough=3.017856 cond=102.943674 evap=107.407117 backs=14.403257
t= 1980.00 +4.48e-14 | 0.0267  0.08      2    0     42     52 | 1.6341  0.88 | 5.06e-16 2.22e-16 |  49.6323 1.1817  0.1511  7.0091 0.042  0.08 | edge_dev mean=2.4527 max=13.4501 gg=0.1063 shape_dev=5.8250 xbar=0.4136
# CONVTAG t=1980.00 rough=3.017856 cond=102.943674 evap=107.735070 backs=14.446034
t= 1984.00 +4.51e-14 | 0.0266  0.08      2    0     42     52 | 1.6341  0.88 | 6.17e-16 1.18e-17 |  50.0689 1.1921  0.1679  7.0192 0.042  0.08 | edge_dev mean=2.4527 max=13.4501 gg=0.1931 shape_dev=5.8250 xbar=0.4172
# CONVTAG t=1984.00 rough=3.017856 cond=103.323370 evap=107.735070 backs=14.446034
t= 1988.00 +4.52e-14 | 0.0266  0.08      2    0     42     52 | 1.6341  0.88 | 6.17e-16 9.45e-20 |  50.5444 1.2034  0.1562  7.0421 0.042  0.08 | edge_dev mean=2.4527 max=13.4501 gg=0.1465 shape_dev=5.8250 xbar=0.4212
# CONVTAG t=1988.00 rough=3.017856 cond=103.736765 evap=107.735070 backs=14.446034
# QATOM t=1991.70 dir=FD w=0.984048623 e=0.180108633036 i=19 Em=1.4097
t= 1992.00 +4.52e-14 | 0.0266  0.08      2    0     42     52 | 1.6341  0.88 | 6.17e-16 8.26e-22 |  50.7515 1.2084  0.1981  7.0580 0.042  0.08 | edge_dev mean=2.4527 max=13.4501 gg=0.0944 shape_dev=5.8250 xbar=0.4229
# CONVTAG t=1992.00 rough=3.017856 cond=103.916873 evap=107.735070 backs=14.446034
t= 1996.00 +4.54e-14 | 0.0266  0.08      2    0     42     52 | 1.6341  0.88 | 5.09e-16 2.18e-16 |  50.3375 1.1985  0.2189  7.0731 0.042  0.08 | edge_dev mean=2.4527 max=13.4501 gg=0.1142 shape_dev=5.8250 xbar=0.4195
# CONVTAG t=1996.00 rough=3.017856 cond=104.076661 evap=108.332784 backs=14.523996
t= 2000.00 +4.57e-14 | 0.0266  0.08      2    0     42     52 | 1.6406  0.48 | 3.09e-06 2.73e-09 |  50.0115 1.1908  0.2504  7.0849 0.042  0.08 | edge_dev mean=2.4530 max=13.4501 gg=0.1192 shape_dev=5.8245 xbar=0.4168
# CONVTAG t=2000.00 rough=3.017856 cond=104.076661 evap=108.658770 backs=14.566516
#
# RESULT drift_rel 4.565e-14
# RESULT births 42 deaths 52 beta_returns 0 beta_energy 0.000000e+00
# RESULT conv rough=3.017856 cond=104.378657 evap=0.000000 backs=14.566516 rad=108.658770
# RESULT credit qcnvD=17.040648 qcnvF=7.323109
# RESULT convtag rough=3.017856 cond=104.076661 evap=108.658770 backs=14.566516 net=6.966551
# RESULT geometry phi_nom=0.0266 z_live=0.08 dbar=1.6406 sigma_d=0.0048
# RESULT truss edge_dev_mean=2.452992 edge_dev_max=13.450089 shape=(0.0000,24.4051,24.9024) shape0=(0.0000,27.5661,27.5661)
# EDGE 0 1-2 d=1.63746 dev=+0.09916 gg=0.0000 gpl=0.7971
# EDGE 1 2-3 d=1.63277 dev=+0.09447 gg=0.0004 gpl=0.4604
# EDGE 2 3-4 d=1.65498 dev=+0.11669 gg=0.0003 gpl=0.9070
# EDGE 3 4-5 CHANNEL DEAD
# EDGE 4 5-6 d=1.64847 dev=+0.11017 gg=0.0003 gpl=0.7351
# EDGE 5 6-7 CHANNEL DEAD
# EDGE 6 7-8 d=1.61837 dev=+0.08007 gg=0.3623 gpl=0.3910
# EDGE 7 8-9 d=1.62431 dev=+0.08602 gg=0.0000 gpl=0.6626
# EDGE 8 9-10 CHANNEL DEAD
# EDGE 9 10-11 d=1.62552 dev=+0.08722 gg=0.0000 gpl=0.3247
# EDGE 10 11-12 d=1.60819 dev=+0.06989 gg=0.0000 gpl=0.5084
# EDGE 11 12-13 d=1.62730 dev=+0.08900 gg=0.0001 gpl=0.5356
# EDGE 12 13-14 d=1.63667 dev=+0.09837 gg=0.0000 gpl=0.4240
# EDGE 13 14-15 d=1.62989 dev=+0.09159 gg=0.0652 gpl=0.6909
# EDGE 14 15-16 d=1.63703 dev=+0.09874 gg=0.0000 gpl=0.6094
# EDGE 15 16-17 CHANNEL DEAD
# EDGE 16 17-18 d=1.65773 dev=+0.11943 gg=0.0003 gpl=0.4444
# EDGE 17 18-19 CHANNEL DEAD
# EDGE 18 19-20 d=1.65177 dev=+0.11347 gg=0.0000 gpl=0.7900
# EDGE 19 20-21 d=1.63295 dev=+0.09466 gg=0.8931 gpl=0.8487
# EDGE 20 21-22 CHANNEL DEAD
# EDGE 21 22-23 d=1.64068 dev=+0.10238 gg=0.0000 gpl=0.4854
# EDGE 22 23-24 d=1.63891 dev=+0.10061 gg=0.0000 gpl=0.8285
# EDGE 23 24-25 d=1.63135 dev=+0.09305 gg=0.0019 gpl=0.6680
# EDGE 24 25-26 d=1.63033 dev=+0.09203 gg=0.8271 gpl=0.5939
# EDGE 25 26-27 d=1.63202 dev=+0.09373 gg=0.0089 gpl=0.9158
# EDGE 26 27-28 d=1.64480 dev=+0.10651 gg=0.0000 gpl=0.7672
# EDGE 27 28-29 CHANNEL DEAD
# EDGE 28 29-30 d=1.65186 dev=+0.11356 gg=0.6533 gpl=0.1092
# EDGE 29 30-31 CHANNEL DEAD
# EDGE 30 31-32 d=1.63402 dev=+0.09573 gg=0.0000 gpl=0.7271
# EDGE 31 32-33 d=1.63434 dev=+0.09604 gg=0.0000 gpl=0.4340
# EDGE 32 33-34 CHANNEL DEAD
# EDGE 33 34-35 d=1.64301 dev=+0.10471 gg=0.8656 gpl=0.5639
# EDGE 34 35-36 d=1.63125 dev=+0.09296 gg=0.0000 gpl=0.3488
# EDGE 35 36-37 d=1.62912 dev=+0.09082 gg=0.9019 gpl=0.3026
# EDGE 36 37-38 d=1.63627 dev=+0.09797 gg=0.0000 gpl=0.7608
# EDGE 37 38-39 d=1.63049 dev=+0.09219 gg=0.0000 gpl=0.7337
# EDGE 38 39-40 d=1.62431 dev=+0.08601 gg=0.0004 gpl=0.4575
# EDGE 39 40-41 CHANNEL DEAD
# EDGE 40 41-42 d=1.64878 dev=+0.11049 gg=0.3502 gpl=0.4187
# EDGE 41 42-43 CHANNEL DEAD
# EDGE 42 43-44 d=1.64867 dev=+0.11037 gg=0.0001 gpl=0.6245
# EDGE 43 44-45 d=1.65239 dev=+0.11409 gg=0.0990 gpl=0.6601
# EDGE 44 45-46 CHANNEL DEAD
# EDGE 45 46-47 d=1.62367 dev=+0.08537 gg=0.0000 gpl=0.7975
# EDGE 46 47-48 d=1.64741 dev=+0.10911 gg=0.0000 gpl=0.6152
# EDGE 47 48-1 d=1.62926 dev=+0.09096 gg=0.6893 gpl=0.5905
