# freecell — v89 free-cell substance test (exp=bath)
# laws = laws_V2g VERBATIM (defaults): C=1 w1=1.65 w2=2.9 q_detune=1.2
# gamma_res=0.25 gamma_res_m=0.1 p_gate=8 lock_floor=0.005 k_dep=1.2 k_dep_m=2 cap=2.5
# e_s0=1 es_floor=0.05 e_cond=0 f_conv=0.25 f_evap=0.5 s_pull=0.15
# kappa_lock=1 kappa_align=0.5 s_k=0.06 s_disp=0.3 sigma_tumble=0.01
# comb_limit=6 rough_k=0.35 gamma_rough=0.5 mob_sym=1 mob_floor=0.004 field_J=1.8
# quant_A0=1.15 quant_mode=2 (A0eff=1.15)
# v91 radiance (laws_V3r candidate A): k_rad=0 p_rad=4 rad_clock=0
# GEOMETRY (apparatus): cfac=1.15 k_rep=1 mob_geo=1 kappa_bond=1 freeze_geo=0
# bath=1 bath_frac=1 jam_sweeps=800 jam_k=0.1 L=16 dt=0.02 T=2000 seed=20260802 diag_every=200
# JAM sweeps=800 max_step=1.402e-04 (tol 1.0e-04, k_end=0.0010) — witness for the settle
# SEED noise: amp=0.5 (e1-class churn)
# INIT NC=2700 slots=25951 live=20845 phi_nom=1.7044 z_live=15.44 dbar=1.4113 sigma_d=14.79% E0=3386.224772505
#
# t | drift_rel | phi_nom z_live NLa NLd births deaths | dbar sigma_d% | maxstep maxbond | Em_tag ret com_dev rms conn z_tag | pair: d delta gf gb | core/far
t=    0.00 +0.00e+00 | 1.7044 15.44  20845    0      0      0 | 1.4113 14.79 | 0.00e+00 0.00e+00 |   0.0000 0.0000  0.0000  0.0000 0.000  0.00
t=    4.00 -4.03e-16 | 1.7045 16.01  21609    0   1335   1206 | 1.4240 14.97 | 1.66e-03 0.00e+00 |   0.0000 0.0000  0.0000  0.0000 0.000  0.00
# QATOM t=5.16 dir=FD w=1.65 e=0.301996504517 i=1373 Em=0.0000
# QATOM t=5.32 dir=FD w=1.65 e=0.301996504517 i=95 Em=0.0000
# QATOM t=5.34 dir=FD w=1.65 e=0.301996504517 i=1739 Em=0.0000
# QATOM t=5.40 dir=FD w=1.65 e=0.301996504517 i=2699 Em=0.0000
# QATOM t=5.78 dir=FD w=1.65 e=0.301996504517 i=1151 Em=0.0000
# QATOM t=6.20 dir=FD w=1.65 e=0.301996504517 i=297 Em=0.0000
# QATOM t=6.22 dir=FD w=1.64999996 e=0.301996497769 i=528 Em=0.0000
# QATOM t=6.44 dir=FD w=1.65 e=0.301996504517 i=2369 Em=0.0000
# QATOM t=6.52 dir=FD w=1.65 e=0.301996504517 i=2322 Em=0.0000
# QATOM t=6.64 dir=FD w=1.65 e=0.301996504517 i=1698 Em=0.0000
# QATOM t=6.66 dir=FD w=1.65 e=0.301996504517 i=947 Em=0.0000
# QATOM t=6.72 dir=FD w=1.65 e=0.301996504517 i=521 Em=0.0000
# QATOM t=6.78 dir=FD w=1.65 e=0.301996504517 i=1045 Em=0.0000
# QATOM t=6.84 dir=FD w=1.65 e=0.301996504517 i=2264 Em=0.0000
# QATOM t=6.86 dir=FD w=1.65 e=0.301996504517 i=154 Em=0.0000
# QATOM t=6.94 dir=FD w=1.65 e=0.603993009034 i=2438 Em=0.0000
# QATOM t=7.08 dir=FD w=1.65 e=0.301996504517 i=2414 Em=0.0000
# QATOM t=7.28 dir=FD w=1.65 e=0.301996504517 i=1873 Em=0.0000
# QATOM t=7.38 dir=FD w=1.65 e=0.301996504517 i=2241 Em=0.0000
# QATOM t=7.46 dir=FD w=1.65 e=0.301996504517 i=1020 Em=0.0000
# QATOM t=7.52 dir=FD w=1.65 e=0.301996504517 i=322 Em=0.0000
t=    8.00 -9.40e-16 | 1.7037 16.23  21916    0   2312   2015 | 1.4295 15.07 | 1.62e-03 5.93e-05 |   0.0000 0.0000  0.0000  0.0000 0.000  0.00
# QATOM t=8.12 dir=FD w=1.65 e=0.301996504517 i=2337 Em=0.0000
# QATOM t=8.42 dir=FD w=1.65 e=0.301996504517 i=13 Em=0.0000
# QATOM t=8.60 dir=FD w=1.65 e=0.301996504517 i=727 Em=0.0000
# QATOM t=8.80 dir=FD w=1.65 e=0.301996504517 i=572 Em=0.0000
# QATOM t=8.84 dir=FD w=1.64999943 e=0.301996399383 i=1414 Em=0.0000
# QATOM t=8.90 dir=FD w=1.64999731 e=0.301996012533 i=2389 Em=0.0000
# QATOM t=9.02 dir=FD w=1.65 e=0.301996504517 i=2365 Em=0.0000
# QATOM t=9.24 dir=FD w=1.65 e=0.301996504316 i=2319 Em=0.0000
# QATOM t=9.80 dir=FD w=1.65 e=0.301996504517 i=240 Em=0.0000
# QATOM t=10.06 dir=FD w=1.64994857 e=0.301987090863 i=790 Em=0.0000
# QATOM t=10.14 dir=FD w=1.64999852 e=0.301996232872 i=1210 Em=0.0000
# QATOM t=10.16 dir=FD w=1.64999995 e=0.301996495811 i=610 Em=0.0000
# QATOM t=10.26 dir=FD w=1.6499245 e=0.301982685839 i=2012 Em=0.0001
# QATOM t=10.38 dir=FD w=1.64994045 e=0.30198560598 i=1316 Em=0.0000
# QATOM t=10.46 dir=FD w=1.64999988 e=0.301996483247 i=271 Em=0.0000
# QATOM t=10.50 dir=FD w=1.64999995 e=0.301996494885 i=68 Em=0.0000
# QATOM t=10.52 dir=FD w=1.64999608 e=0.301995786316 i=1954 Em=0.0000
# QATOM t=10.54 dir=FD w=1.64999951 e=0.301996415269 i=1104 Em=0.0000
# QATOM t=10.66 dir=FD w=1.64999999 e=0.301996502621 i=2436 Em=0.0000
# QATOM t=10.68 dir=FD w=1.64999999 e=0.301996502574 i=177 Em=0.0000
# QATOM t=10.72 dir=FD w=1.65 e=0.301996503951 i=2593 Em=0.0000
# QATOM t=10.76 dir=FD w=1.65 e=0.30199650447 i=932 Em=0.0000
# QATOM t=10.84 dir=FD w=1.64999974 e=0.301996456572 i=90 Em=0.0000
# QATOM t=10.86 dir=FD w=1.64999999 e=0.301996503026 i=1605 Em=0.0000
# QATOM t=10.94 dir=FD w=1.64999987 e=0.301996480854 i=1579 Em=0.0000
# QATOM t=10.98 dir=FD w=1.64999995 e=0.30199649573 i=82 Em=0.0000
# QATOM t=10.98 dir=FD w=1.65 e=0.301996504235 i=1367 Em=0.0000
# QATOM t=11.02 dir=FD w=1.64999269 e=0.301995166495 i=1361 Em=0.0000
# QATOM t=11.06 dir=FD w=1.64922599 e=0.301854838551 i=2676 Em=0.0006
# QATOM t=11.12 dir=FD w=1.64999999 e=0.301996501979 i=149 Em=0.0000
# QATOM t=11.18 dir=FD w=1.64999934 e=0.301996383505 i=2471 Em=0.0000
# QATOM t=11.20 dir=FD w=1.64999999 e=0.301996502564 i=741 Em=0.0000
# QATOM t=11.22 dir=FD w=1.64999499 e=0.301995586987 i=1019 Em=0.0000
# QATOM t=11.22 dir=FD w=1.65 e=0.301996504313 i=1930 Em=0.0000
# QATOM t=11.30 dir=FD w=1.6499999 e=0.301996486728 i=998 Em=0.0000
# QATOM t=11.36 dir=FD w=1.64999085 e=0.30199483 i=1920 Em=0.0000
# QATOM t=11.38 dir=FD w=1.64999538 e=0.30199565812 i=562 Em=0.0000
# QATOM t=11.44 dir=FD w=1.64999983 e=0.301996473135 i=220 Em=0.0000
# QATOM t=11.46 dir=FD w=1.64889127 e=0.301793576112 i=135 Em=0.0013
# QATOM t=11.54 dir=FD w=1.64999998 e=0.30199650159 i=458 Em=0.0000
# QATOM t=11.54 dir=FD w=1.64999998 e=0.301996500912 i=1245 Em=0.0000
# QATOM t=11.66 dir=FD w=1.64999948 e=0.301996409881 i=1307 Em=0.0000
# QATOM t=11.70 dir=FD w=1.64985361 e=0.301969710893 i=1398 Em=0.0001
# QATOM t=11.94 dir=FD w=1.64999916 e=0.301996351273 i=64 Em=0.0000
t=   12.00 -1.07e-15 | 1.7025 16.38  22117    0   3071   2758 | 1.4325 15.10 | 3.14e-03 2.77e-03 |   0.0000 0.0000  0.0000  0.0000 0.000  0.00
# QATOM t=12.00 dir=FD w=1.64928876 e=0.301866327253 i=1702 Em=0.0001
# QATOM t=12.10 dir=FD w=1.64999713 e=0.301995979105 i=871 Em=0.0000
# QATOM t=12.24 dir=FD w=1.64998934 e=0.301994552659 i=2623 Em=0.0000
# QATOM t=12.26 dir=FD w=1.64986467 e=0.301971734675 i=2035 Em=0.0000
# QATOM t=12.30 dir=FD w=1.41814849 e=0.259561143834 i=2369 Em=0.3401
# QATOM t=12.36 dir=FD w=1.64999798 e=0.301996134473 i=1627 Em=0.0000
# QATOM t=12.38 dir=FD w=1.64935374 e=0.30187822064 i=31 Em=0.0003
# QATOM t=12.40 dir=FD w=1.64999968 e=0.301996445438 i=186 Em=0.0000
# QATOM t=12.46 dir=FD w=1.64999994 e=0.301996494405 i=1992 Em=0.0000
# QATOM t=12.62 dir=FD w=1.64999998 e=0.301996500408 i=323 Em=0.0000
# QATOM t=12.64 dir=FD w=1.64999962 e=0.301996434205 i=829 Em=0.0000
# QATOM t=12.68 dir=FD w=1.64999287 e=0.301995198847 i=1851 Em=0.0000
# QATOM t=12.80 dir=FD w=1.64975087 e=0.301950906933 i=1053 Em=0.0000
# QATOM t=12.82 dir=FD w=1.64986761 e=0.30197227348 i=1935 Em=0.0001
# QATOM t=12.88 dir=FD w=1.64999851 e=0.301996231795 i=531 Em=0.0000
# QATOM t=12.88 dir=FD w=1.64999471 e=0.603991072871 i=2374 Em=0.0000
# QATOM t=12.94 dir=FD w=1.64999798 e=0.301996134687 i=2292 Em=0.0000
# QATOM t=12.98 dir=FD w=1.64999873 e=0.301996272792 i=2085 Em=0.0000
# QATOM t=13.04 dir=FD w=1.64999672 e=0.301995904126 i=2647 Em=0.0000
# QATOM t=13.14 dir=FD w=1.42577822 e=0.260957598366 i=1873 Em=0.3269
# QATOM t=13.16 dir=FD w=1.6499905 e=0.301994765468 i=579 Em=0.0000
# QATOM t=13.16 dir=FD w=1.64999633 e=0.301995833221 i=2173 Em=0.0000
# QATOM t=13.20 dir=FD w=1.64999979 e=0.301996466494 i=638 Em=0.0000
# QATOM t=13.20 dir=FD w=1.64999217 e=0.301995071374 i=2098 Em=0.0000
# QATOM t=13.32 dir=FD w=1.42383912 e=0.260602688373 i=1020 Em=0.3305
# QATOM t=13.38 dir=FD w=1.41711549 e=0.259372076167 i=322 Em=0.3423
# QATOM t=13.44 dir=FD w=1.64861638 e=0.301743262246 i=1728 Em=0.0012
# QATOM t=13.48 dir=FD w=1.64999963 e=0.301996436863 i=779 Em=0.0000
# QATOM t=13.48 dir=FD w=1.64954964 e=0.301914076581 i=1276 Em=0.0004
# QATOM t=13.50 dir=FD w=1.64998883 e=0.301994459712 i=1999 Em=0.0000
# QATOM t=13.56 dir=FD w=1.64997112 e=0.301991219529 i=1216 Em=0.0000
# QATOM t=13.70 dir=FD w=1.64957529 e=0.301918771457 i=617 Em=0.0000
# QATOM t=13.74 dir=FD w=1.64999838 e=0.301996207669 i=930 Em=0.0000
# QATOM t=13.74 dir=FD w=1.64999691 e=0.301995938049 i=2409 Em=0.0000
# QATOM t=13.74 dir=FD w=1.64999169 e=0.301994983487 i=2527 Em=0.0000
# QATOM t=13.88 dir=FD w=1.64989293 e=0.301976907729 i=1228 Em=0.0000
# QATOM t=13.98 dir=FD w=1.6499823 e=0.301993264796 i=1625 Em=0.0000
# QATOM t=14.02 dir=FD w=1.64999565 e=0.301995709014 i=1052 Em=0.0000
# QATOM t=14.02 dir=FD w=1.64999963 e=0.301996436598 i=2574 Em=0.0000
# QATOM t=14.06 dir=FD w=1.64999568 e=0.301995714151 i=1818 Em=0.0000
# QATOM t=14.20 dir=FD w=1.64998926 e=0.301994537902 i=1804 Em=0.0000
# QATOM t=14.26 dir=FD w=1.64926107 e=0.301861259945 i=1866 Em=0.0006
# QATOM t=14.40 dir=FD w=1.64999889 e=0.301996300901 i=1611 Em=0.0000
# QATOM t=14.44 dir=FD w=1.64999731 e=0.301996012393 i=648 Em=0.0000
# QATOM t=14.56 dir=FD w=1.64958423 e=0.301920407168 i=107 Em=0.0002
# QATOM t=14.74 dir=FD w=1.64997457 e=0.301991849595 i=403 Em=0.0000
# QATOM t=14.82 dir=FD w=1.64999509 e=0.301995606218 i=2064 Em=0.0000
# QATOM t=15.02 dir=FD w=1.64990416 e=0.301978963575 i=851 Em=0.0001
# QATOM t=15.02 dir=FD w=1.64999387 e=0.301995381957 i=2435 Em=0.0000
# QATOM t=15.08 dir=FD w=1.6491334 e=0.301837892688 i=2034 Em=0.0006
# QATOM t=15.10 dir=FD w=1.64999615 e=0.30199579969 i=1996 Em=0.0000
# QATOM t=15.14 dir=FD w=1.64991404 e=0.301980772125 i=198 Em=0.0000
# QATOM t=15.14 dir=FD w=1.64948718 e=0.301902644658 i=2674 Em=0.0000
# QATOM t=15.16 dir=FD w=1.64999756 e=0.30199605713 i=1211 Em=0.0000
# QATOM t=15.20 dir=FD w=1.64997018 e=0.301991046571 i=1707 Em=0.0000
# QATOM t=15.22 dir=FD w=1.6499978 e=0.30199610172 i=1380 Em=0.0000
# QATOM t=15.22 dir=FD w=1.64979604 e=0.301959173237 i=1971 Em=0.0002
# QATOM t=15.24 dir=FD w=1.64999548 e=0.301995677218 i=482 Em=0.0000
# QATOM t=15.24 dir=FD w=1.64999349 e=0.301995313249 i=935 Em=0.0000
# QATOM t=15.28 dir=FD w=1.64990213 e=0.301978591784 i=1467 Em=0.0000
# QATOM t=15.30 dir=FD w=1.64997172 e=0.301991329061 i=394 Em=0.0000
# QATOM t=15.34 dir=FD w=1.64930369 e=0.301869059885 i=2234 Em=0.0008
# QATOM t=15.56 dir=FD w=1.64998289 e=0.301993373009 i=551 Em=0.0000
# QATOM t=15.56 dir=FD w=1.6497812 e=0.301956457575 i=2163 Em=0.0001
# QATOM t=15.56 dir=FD w=1.64717686 e=0.301479790901 i=2529 Em=0.0012
# QATOM t=15.60 dir=FD w=1.64939422 e=0.301885629158 i=1464 Em=0.0004
# QATOM t=15.64 dir=FD w=1.64897598 e=0.30180907975 i=1498 Em=0.0011
# QATOM t=15.64 dir=FD w=1.64931413 e=0.301870970397 i=1514 Em=0.0008
# QATOM t=15.66 dir=FD w=1.64045148 e=0.30024885624 i=879 Em=0.0117
# QATOM t=15.68 dir=FD w=1.64992846 e=0.301983410583 i=1615 Em=0.0001
# QATOM t=15.70 dir=FD w=1.64998394 e=0.301993564288 i=1558 Em=0.0000
# QATOM t=15.70 dir=FD w=1.64981896 e=0.30196336845 i=2169 Em=0.0000
# QATOM t=15.76 dir=FD w=1.64997385 e=0.301991719136 i=1531 Em=0.0000
# QATOM t=15.82 dir=FD w=1.6499905 e=0.301994765685 i=1813 Em=0.0000
# QATOM t=15.84 dir=FD w=1.6499669 e=0.301990446935 i=860 Em=0.0000
# QATOM t=15.84 dir=FD w=1.64998218 e=0.301993243369 i=938 Em=0.0000
# QATOM t=15.86 dir=FD w=1.649916 e=0.301981130094 i=1345 Em=0.0000
# QATOM t=15.88 dir=FD w=1.64928428 e=0.301865508364 i=1314 Em=0.0000
# QATOM t=15.88 dir=FD w=1.64998309 e=0.301993410115 i=2631 Em=0.0000
# QATOM t=15.90 dir=FD w=1.64999058 e=0.301994780111 i=1435 Em=0.0000
# QATOM t=15.94 dir=FD w=1.64997403 e=0.301991752074 i=150 Em=0.0000
# QATOM t=15.94 dir=FD w=1.64641033 e=0.301339493687 i=1443 Em=0.0027
# QATOM t=15.96 dir=FD w=1.6499564 e=0.301988523611 i=1808 Em=0.0001
t=   16.00 -1.07e-15 | 1.7005 16.48  22247   11   3752   3417 | 1.4347 15.14 | 3.17e-03 6.70e-03 |   0.0000 0.0000  0.0000  0.0000 0.000  0.00
# QATOM t=16.02 dir=FD w=1.64990431 e=0.301978990602 i=1738 Em=0.0000
# QATOM t=16.04 dir=FD w=1.6497922 e=0.301958471646 i=1324 Em=0.0001
# QATOM t=16.04 dir=FD w=1.64993035 e=0.30198375645 i=2188 Em=0.0000
# QATOM t=16.08 dir=FD w=1.64998309 e=0.301993409485 i=1872 Em=0.0000
# QATOM t=16.08 dir=FD w=1.64997707 e=0.301992307972 i=2569 Em=0.0000
# QATOM t=16.12 dir=FD w=1.649778 e=0.30195587282 i=1892 Em=0.0000
# QATOM t=16.12 dir=FD w=1.64997713 e=0.301992319058 i=2506 Em=0.0000
# QATOM t=16.14 dir=FD w=1.64977277 e=0.301954914207 i=527 Em=0.0000
# QATOM t=16.16 dir=FD w=1.64990719 e=0.301979518457 i=1123 Em=0.0000
# QATOM t=16.24 dir=FD w=1.64995115 e=0.301987563932 i=597 Em=0.0000
# QATOM t=16.26 dir=FD w=1.64768378 e=0.301572570112 i=1238 Em=0.0029
# QATOM t=16.26 dir=FD w=1.64999785 e=0.301996110331 i=2020 Em=0.0000
# QATOM t=16.28 dir=FD w=1.64899145 e=0.301811910972 i=35 Em=0.0007
# QATOM t=16.30 dir=FD w=1.64998913 e=0.301994514231 i=1797 Em=0.0000
# QATOM t=16.30 dir=FD w=1.64997512 e=0.301991950688 i=1856 Em=0.0000
# QATOM t=16.32 dir=FD w=1.64992626 e=0.301983007338 i=1038 Em=0.0000
# QATOM t=16.32 dir=FD w=1.64997047 e=0.301991099266 i=1235 Em=0.0000
# QATOM t=16.32 dir=FD w=1.64999725 e=0.301996000348 i=1603 Em=0.0000
# QATOM t=16.34 dir=FD w=1.64960495 e=0.30192419938 i=2461 Em=0.0000
# QATOM t=16.36 dir=FD w=1.41879124 e=0.259678784456 i=68 Em=0.3386
# QATOM t=16.38 dir=FD w=1.42455294 e=0.260733338882 i=1104 Em=0.3268
# QATOM t=16.44 dir=FD w=1.64993857 e=0.301985261475 i=1936 Em=0.0000
# QATOM t=16.44 dir=FD w=1.64965345 e=0.301933076755 i=1938 Em=0.0000
# QATOM t=16.46 dir=FD w=1.64972765 e=0.301946657105 i=58 Em=0.0000
# QATOM t=16.46 dir=FD w=1.64934774 e=0.301877122212 i=466 Em=0.0001
# QATOM t=16.48 dir=FD w=1.64995672 e=0.301988583679 i=1632 Em=0.0000
# QATOM t=16.50 dir=FD w=1.64988791 e=0.301975988709 i=63 Em=0.0000
# QATOM t=16.52 dir=FD w=1.64999419 e=0.301995440453 i=249 Em=0.0000
# QATOM t=16.52 dir=FD w=1.64992235 e=0.301982291707 i=732 Em=0.0000
# QATOM t=16.52 dir=FD w=1.64992178 e=0.301982187722 i=2283 Em=0.0000
# QATOM t=16.62 dir=FD w=1.64943811 e=0.301893662552 i=328 Em=0.0008
# QATOM t=16.64 dir=FD w=1.64998229 e=0.301993263366 i=1436 Em=0.0000
# QATOM t=16.64 dir=FD w=1.64977679 e=0.30195565015 i=2628 Em=0.0000
# QATOM t=16.70 dir=FD w=1.64935933 e=0.30187924312 i=1923 Em=0.0006
# QATOM t=16.72 dir=FD w=1.64698089 e=0.301443921933 i=2488 Em=0.0036
# QATOM t=16.80 dir=FD w=1.64764739 e=0.301565911263 i=377 Em=0.0021
# QATOM t=16.86 dir=FD w=1.64999088 e=0.301994835225 i=2534 Em=0.0000
# QATOM t=16.88 dir=FD w=1.42010618 e=0.519838912744 i=1373 Em=0.3368
# QATOM t=17.00 dir=FD w=1.64999499 e=0.30199558839 i=927 Em=0.0000
# QATOM t=17.00 dir=FD w=1.64831964 e=0.301688951979 i=1336 Em=0.0010
# QATOM t=17.02 dir=FD w=1.64984562 e=0.301968249479 i=2179 Em=0.0000
# QATOM t=17.04 dir=FD w=1.40494029 e=0.257143671185 i=2471 Em=0.3609
# QATOM t=17.06 dir=FD w=1.64992236 e=0.30198229366 i=1857 Em=0.0001
# QATOM t=17.08 dir=FD w=1.64999299 e=0.301995221336 i=2244 Em=0.0000
# QATOM t=17.08 dir=FD w=1.42581045 e=0.260963498727 i=2699 Em=0.3261
# QATOM t=17.10 dir=FD w=1.64996319 e=0.301989767971 i=422 Em=0.0000
# QATOM t=17.10 dir=FD w=1.64991108 e=0.301980229594 i=2422 Em=0.0000
# QATOM t=17.16 dir=FD w=1.64994802 e=0.301986991288 i=167 Em=0.0001
# QATOM t=17.16 dir=FD w=1.64997584 e=0.301992081798 i=1504 Em=0.0000
# QATOM t=17.18 dir=FD w=1.6499899 e=0.301994655288 i=156 Em=0.0000
# QATOM t=17.18 dir=FD w=1.64997113 e=0.603982439267 i=1381 Em=0.0000
# QATOM t=17.20 dir=FD w=1.64956907 e=0.301917632269 i=452 Em=0.0003
# QATOM t=17.20 dir=FD w=1.6499312 e=0.301983912177 i=1099 Em=0.0001
# QATOM t=17.20 dir=FD w=1.64997066 e=0.301991135015 i=1388 Em=0.0000
# QATOM t=17.22 dir=FD w=1.64980879 e=0.301961507689 i=547 Em=0.0001
# QATOM t=17.22 dir=FD w=1.6499838 e=0.301993540217 i=1790 Em=0.0000
# QATOM t=17.24 dir=FD w=1.42496596 e=0.260808932031 i=562 Em=0.2585
# QATOM t=17.24 dir=FD w=1.64891263 e=0.30179748588 i=1922 Em=0.0006
# QATOM t=17.28 dir=FD w=1.64996157 e=0.301989471318 i=2394 Em=0.0000
# QATOM t=17.32 dir=FD w=1.64997905 e=0.30199266957 i=678 Em=0.0000
# QATOM t=17.36 dir=FD w=1.64997608 e=0.301992126088 i=530 Em=0.0000
# QATOM t=17.36 dir=FD w=1.64935651 e=0.301878727644 i=828 Em=0.0007
# QATOM t=17.36 dir=FD w=1.64961484 e=0.301926009497 i=1049 Em=0.0004
# QATOM t=17.42 dir=FD w=1.64995826 e=0.301988865458 i=415 Em=0.0000
# QATOM t=17.42 dir=FD w=1.64962846 e=0.301928501323 i=1868 Em=0.0002
# QATOM t=17.46 dir=FD w=1.64999054 e=0.301994772684 i=1133 Em=0.0000
# QATOM t=17.48 dir=FD w=1.64952746 e=0.301910016961 i=1332 Em=0.0005
# QATOM t=17.52 dir=FD w=1.64974277 e=0.301949424685 i=173 Em=0.0002
# QATOM t=17.52 dir=FD w=1.64826113 e=0.301678241513 i=2343 Em=0.0013
# QATOM t=17.54 dir=FD w=1.64998058 e=0.301992950383 i=675 Em=0.0000
# QATOM t=17.58 dir=FD w=1.6498135 e=0.301962369982 i=1407 Em=0.0000
# QATOM t=17.58 dir=FD w=1.64970613 e=0.301942718213 i=2578 Em=0.0003
# QATOM t=17.60 dir=FD w=1.64998911 e=0.301994510485 i=657 Em=0.0000
# QATOM t=17.60 dir=FD w=1.6496798 e=0.30193789942 i=2417 Em=0.0000
# QATOM t=17.62 dir=FD w=1.64991124 e=0.30198025814 i=922 Em=0.0000
# QATOM t=17.64 dir=FD w=1.64993099 e=0.301983873481 i=1629 Em=0.0000
# QATOM t=17.66 dir=FD w=1.64988014 e=0.301974567182 i=380 Em=0.0001
# QATOM t=17.68 dir=FD w=1.64973644 e=0.301948265587 i=7 Em=0.0001
# QATOM t=17.70 dir=FD w=1.64995755 e=0.301988734928 i=984 Em=0.0000
# QATOM t=17.72 dir=FD w=1.64993376 e=0.30198437998 i=1828 Em=0.0001
# QATOM t=17.74 dir=FD w=1.64995483 e=0.301988237953 i=382 Em=0.0001
# QATOM t=17.74 dir=FD w=1.64991161 e=0.301980326919 i=2595 Em=0.0000
# QATOM t=17.76 dir=FD w=1.64823803 e=0.301674014715 i=112 Em=0.0009
# QATOM t=17.80 dir=FD w=1.64993998 e=0.301985519105 i=446 Em=0.0000
# QATOM t=17.80 dir=FD w=1.64999087 e=0.301994834105 i=1525 Em=0.0000
# QATOM t=17.82 dir=FD w=1.64989462 e=0.301977217869 i=56 Em=0.0001
# QATOM t=17.90 dir=FD w=1.64981709 e=0.301963027678 i=1162 Em=0.0000
# QATOM t=17.90 dir=FD w=1.64994599 e=0.301986618458 i=2427 Em=0.0000
# QATOM t=18.06 dir=FD w=1.64999625 e=0.301995817342 i=1109 Em=0.0000
# QATOM t=18.06 dir=FD w=1.64868827 e=0.301756421846 i=2303 Em=0.0009
# QATOM t=18.10 dir=FD w=1.64995815 e=0.301988844362 i=1054 Em=0.0000
# QATOM t=18.10 dir=FD w=1.64962677 e=0.301928192284 i=2521 Em=0.0002
# QATOM t=18.14 dir=FD w=1.64959745 e=0.301922827143 i=1117 Em=0.0000
# QATOM t=18.22 dir=FD w=1.64985042 e=0.301969127735 i=21 Em=0.0000
# QATOM t=18.32 dir=FD w=1.64993596 e=0.301984783339 i=979 Em=0.0000
# QATOM t=18.38 dir=FD w=1.64989772 e=0.301977783674 i=207 Em=0.0001
# QATOM t=18.44 dir=FD w=1.64958835 e=0.301921160992 i=347 Em=0.0000
# QATOM t=18.46 dir=FD w=1.64975547 e=0.301951747924 i=89 Em=0.0002
# QATOM t=18.46 dir=FD w=1.64996903 e=0.301990836046 i=290 Em=0.0000
# QATOM t=18.46 dir=FD w=1.64999383 e=0.301995375606 i=1460 Em=0.0000
# QATOM t=18.50 dir=FD w=1.64952694 e=0.301909920984 i=1397 Em=0.0003
# QATOM t=18.52 dir=FD w=1.64886688 e=0.301789111669 i=533 Em=0.0010
# QATOM t=18.60 dir=FD w=1.64998214 e=0.301993235548 i=760 Em=0.0000
# QATOM t=18.60 dir=FD w=1.64963639 e=0.30192995277 i=1132 Em=0.0000
# QATOM t=18.62 dir=FD w=1.64866746 e=0.301752611931 i=2023 Em=0.0016
# QATOM t=18.64 dir=FD w=1.64992868 e=0.301983451205 i=748 Em=0.0000
# QATOM t=18.64 dir=FD w=1.64981577 e=0.301962784935 i=1009 Em=0.0001
# QATOM t=18.64 dir=FD w=1.64979736 e=0.301959414976 i=1153 Em=0.0001
# QATOM t=18.66 dir=FD w=1.6499862 e=0.301993979354 i=1268 Em=0.0000
# QATOM t=18.72 dir=FD w=1.64992272 e=0.301982359664 i=2258 Em=0.0000
# QATOM t=18.74 dir=FD w=1.64987751 e=0.301974085381 i=1819 Em=0.0000
# QATOM t=18.78 dir=FD w=1.426986 e=0.261178657542 i=2414 Em=0.3247
# QATOM t=18.82 dir=FD w=1.64980194 e=0.301960254757 i=1795 Em=0.0001
# QATOM t=18.82 dir=FD w=1.64982035 e=0.301963622998 i=2057 Em=0.0000
# QATOM t=18.84 dir=FD w=1.64997304 e=0.30199156996 i=654 Em=0.0000
# QATOM t=18.84 dir=FD w=1.6499281 e=0.301983345041 i=1150 Em=0.0001
# QATOM t=18.86 dir=FD w=1.64980067 e=0.301960021984 i=1394 Em=0.0000
# QATOM t=18.90 dir=FD w=1.64972183 e=0.301945591905 i=1663 Em=0.0002
# QATOM t=18.92 dir=FD w=1.64977733 e=0.301955750218 i=273 Em=0.0000
# QATOM t=18.92 dir=FD w=1.64736045 e=0.301513392714 i=1147 Em=0.0030
# QATOM t=18.92 dir=FD w=1.64990221 e=0.301978606728 i=1357 Em=0.0000
# QATOM t=19.00 dir=FD w=1.64992802 e=0.301983329306 i=516 Em=0.0000
# QATOM t=19.02 dir=FD w=1.6497079 e=0.301943041171 i=2450 Em=0.0000
# QATOM t=19.04 dir=FD w=1.64953929 e=0.30191218239 i=1485 Em=0.0000
# QATOM t=19.04 dir=FD w=1.64998141 e=0.301993102927 i=1715 Em=0.0000
# QATOM t=19.08 dir=FD w=1.64991781 e=0.301981461947 i=1106 Em=0.0000
# QATOM t=19.14 dir=FD w=1.64952383 e=0.301909351334 i=575 Em=0.0001
# QATOM t=19.14 dir=FD w=1.64974719 e=0.301950233359 i=1138 Em=0.0002
# QATOM t=19.16 dir=FD w=1.64993449 e=0.301984513453 i=831 Em=0.0000
# QATOM t=19.16 dir=FD w=1.64881217 e=0.301779098201 i=1483 Em=0.0007
# QATOM t=19.18 dir=FD w=1.64983111 e=0.301965593184 i=1789 Em=0.0001
# QATOM t=19.22 dir=FD w=1.64813116 e=0.301654453212 i=1156 Em=0.0012
# QATOM t=19.22 dir=FD w=1.64985555 e=0.301970066424 i=1206 Em=0.0000
# QATOM t=19.22 dir=FD w=1.64919778 e=0.301849675058 i=2040 Em=0.0000
# QATOM t=19.22 dir=FD w=1.64963874 e=0.301930384284 i=2434 Em=0.0001
# QATOM t=19.24 dir=FD w=1.64867229 e=0.301753496777 i=174 Em=0.0007
# QATOM t=19.28 dir=FD w=1.6457795 e=0.301224033193 i=1779 Em=0.0012
# QATOM t=19.30 dir=FD w=1.64988096 e=0.301974717748 i=340 Em=0.0000
# QATOM t=19.30 dir=FD w=1.64895926 e=0.30180602011 i=818 Em=0.0011
# QATOM t=19.30 dir=FD w=1.64980319 e=0.301960483269 i=1136 Em=0.0000
# QATOM t=19.30 dir=FD w=1.64917974 e=0.301846373435 i=1786 Em=0.0005
# QATOM t=19.36 dir=FD w=1.64957214 e=0.301918193701 i=1097 Em=0.0000
# QATOM t=19.38 dir=FD w=1.64986509 e=0.301971811584 i=1679 Em=0.0000
# QATOM t=19.38 dir=FD w=1.64889784 e=0.301794778899 i=2178 Em=0.0007
# QATOM t=19.38 dir=FD w=1.64986939 e=0.301972599277 i=2602 Em=0.0000
# QATOM t=19.40 dir=FD w=1.64693802 e=0.30143607608 i=970 Em=0.0021
# QATOM t=19.44 dir=FD w=1.64864579 e=0.301748646411 i=244 Em=0.0016
# QATOM t=19.50 dir=FD w=1.64991028 e=0.301980083314 i=72 Em=0.0000
# QATOM t=19.56 dir=FD w=1.64943172 e=0.301892492918 i=2022 Em=0.0000
# QATOM t=19.66 dir=FD w=1.6490333 e=0.30181957135 i=2065 Em=0.0000
# QATOM t=19.68 dir=FD w=1.64722892 e=0.301489318179 i=1360 Em=0.0025
# QATOM t=19.70 dir=FD w=1.64982563 e=0.301964589982 i=1029 Em=0.0001
# QATOM t=19.82 dir=FD w=1.64990425 e=0.301978979131 i=1291 Em=0.0001
# QATOM t=19.84 dir=FD w=1.27234771 e=0.232875491588 i=1020 Em=0.6176
# QATOM t=19.84 dir=FD w=1.64997427 e=0.301991795181 i=1785 Em=0.0000
# QATOM t=19.84 dir=FD w=1.64999657 e=0.301995876756 i=1918 Em=0.0000
# QATOM t=19.84 dir=FD w=1.6499126 e=0.301980507919 i=2232 Em=0.0000
# QATOM t=19.86 dir=FD w=1.64940525 e=0.301887648045 i=1444 Em=0.0004
# QATOM t=19.86 dir=FD w=1.41941169 e=0.259792345047 i=2574 Em=0.3346
# QATOM t=19.92 dir=FD w=1.64984036 e=0.301967286529 i=1064 Em=0.0000
# QATOM t=19.92 dir=FD w=1.6495827 e=0.301920126686 i=1320 Em=0.0003
# QATOM t=19.94 dir=FD w=1.26344276 e=0.231245633793 i=322 Em=0.6363
# QATOM t=19.94 dir=FD w=1.649846 e=0.30196831887 i=798 Em=0.0000
t=   20.00 -1.21e-15 | 1.6957 16.48  22245   18   4375   4015 | 1.4349 15.14 | 2.97e-03 6.98e-03 |   0.0000 0.0000  0.0000  0.0000 0.000  0.00
# QATOM t=20.06 dir=FD w=1.64987549 e=0.301973715452 i=1538 Em=0.0000
# QATOM t=20.08 dir=FD w=1.64958383 e=0.30192033302 i=643 Em=0.0004
# QATOM t=20.08 dir=FD w=1.64992278 e=0.301982370954 i=2405 Em=0.0000
# QATOM t=20.10 dir=FD w=1.6499793 e=0.301992715102 i=517 Em=0.0000
# QATOM t=20.10 dir=FD w=1.64970994 e=0.301943414875 i=1127 Em=0.0003
# QATOM t=20.20 dir=FD w=1.64960317 e=0.301923872833 i=1378 Em=0.0003
# QATOM t=20.24 dir=FD w=1.64952258 e=0.301909122596 i=1196 Em=0.0001
# QATOM t=20.26 dir=FD w=1.64991667 e=0.301981252465 i=1829 Em=0.0000
# QATOM t=20.28 dir=FD w=1.64985637 e=0.30197021684 i=489 Em=0.0001
# QATOM t=20.28 dir=FD w=1.64916388 e=0.301843470478 i=1742 Em=0.0006
# QATOM t=20.30 dir=FD w=1.64986778 e=0.301972305078 i=303 Em=0.0000
# QATOM t=20.32 dir=FD w=1.6499505 e=0.301987444253 i=911 Em=0.0000
# QATOM t=20.34 dir=FD w=1.64986237 e=0.301971314737 i=465 Em=0.0000
# QATOM t=20.34 dir=FD w=1.6491753 e=0.301845561561 i=2601 Em=0.0005
# QATOM t=20.36 dir=FD w=1.64672164 e=0.301396472132 i=2005 Em=0.0025
# QATOM t=20.38 dir=FD w=1.64920923 e=0.301851771994 i=2573 Em=0.0000
# QATOM t=20.40 dir=FD w=1.64978454 e=0.301957068696 i=2463 Em=0.0000
# QATOM t=20.40 dir=FD w=1.62074802 e=0.296642567899 i=2476 Em=0.0372
# QATOM t=20.48 dir=FD w=1.49323543 e=0.273304169779 i=403 Em=0.2041
# QATOM t=20.50 dir=FD w=1.64999478 e=0.301995549929 i=59 Em=0.0000
# QATOM t=20.50 dir=FD w=1.6484107 e=0.301705617996 i=2075 Em=0.0012
# QATOM t=20.52 dir=FD w=1.64992984 e=0.30198366297 i=1061 Em=0.0000
# QATOM t=20.52 dir=FD w=1.64852075 e=0.301725760303 i=1787 Em=0.0016
# QATOM t=20.52 dir=FD w=1.64967031 e=0.301936162279 i=1986 Em=0.0001
# QATOM t=20.54 dir=FD w=1.64960677 e=0.301924532571 i=429 Em=0.0002
# QATOM t=20.56 dir=FD w=1.64739715 e=0.301520110069 i=642 Em=0.0017
# QATOM t=20.58 dir=FD w=1.64984347 e=0.301967854673 i=2551 Em=0.0000
# QATOM t=20.60 dir=FD w=1.64899326 e=0.301812241825 i=113 Em=0.0010
# QATOM t=20.64 dir=FD w=1.64897425 e=0.301808762508 i=2663 Em=0.0006
# QATOM t=20.66 dir=FD w=1.64897573 e=0.301809034034 i=1222 Em=0.0001
# QATOM t=20.68 dir=FD w=1.64997598 e=0.301992107544 i=996 Em=0.0000
# QATOM t=20.74 dir=FD w=1.64978276 e=0.3019567434 i=129 Em=0.0001
# QATOM t=20.76 dir=FD w=1.6483666 e=0.301697546191 i=1204 Em=0.0018
# QATOM t=20.78 dir=FD w=1.64990143 e=0.301978463677 i=388 Em=0.0001
# QATOM t=20.78 dir=FD w=1.64943159 e=0.301892469353 i=1048 Em=0.0000
# QATOM t=20.78 dir=FD w=1.64946713 e=0.301898975004 i=1370 Em=0.0003
# QATOM t=20.80 dir=FD w=1.64763493 e=0.301563630452 i=2610 Em=0.0023
# QATOM t=20.86 dir=FD w=1.41653059 e=0.259265021523 i=851 Em=0.3433
# QATOM t=20.86 dir=FD w=1.64976633 e=0.301953736274 i=1834 Em=0.0000
# QATOM t=20.88 dir=FD w=1.64925763 e=0.301860629048 i=176 Em=0.0009
# QATOM t=20.88 dir=FD w=1.64843155 e=0.301709434495 i=526 Em=0.0018
# QATOM t=20.90 dir=FD w=1.64980305 e=0.301960456545 i=1542 Em=0.0000
# QATOM t=20.92 dir=FD w=1.64907302 e=0.301826841922 i=76 Em=0.0007
# QATOM t=20.98 dir=FD w=1.64880988 e=0.301778679573 i=375 Em=0.0009
# QATOM t=21.00 dir=FD w=1.64996901 e=0.301990832731 i=899 Em=0.0000
# QATOM t=21.00 dir=FD w=1.64871576 e=0.301761453039 i=1507 Em=0.0005
# QATOM t=21.00 dir=FD w=1.64998012 e=0.301992865002 i=2147 Em=0.0000
# QATOM t=21.02 dir=FD w=1.64983771 e=0.301966800107 i=713 Em=0.0000
# QATOM t=21.04 dir=FD w=1.64969489 e=0.301940661576 i=1587 Em=0.0002
# QATOM t=21.06 dir=FD w=1.64986873 e=0.30197247777 i=799 Em=0.0001
# QATOM t=21.06 dir=FD w=1.64997915 e=0.301992687921 i=1416 Em=0.0000
# QATOM t=21.10 dir=FD w=1.64993334 e=0.301984304029 i=1271 Em=0.0000
# QATOM t=21.12 dir=FD w=1.64896399 e=0.30180688554 i=367 Em=0.0000
# QATOM t=21.12 dir=FD w=1.42793666 e=0.261352654205 i=1467 Em=0.3137
# QATOM t=21.12 dir=FD w=1.64960172 e=0.301923607493 i=1885 Em=0.0002
# QATOM t=21.18 dir=FD w=1.64817569 e=0.301662605115 i=2111 Em=0.0019
# QATOM t=21.24 dir=FD w=1.64973072 e=0.301947218234 i=1921 Em=0.0000
# QATOM t=21.26 dir=FD w=1.64946663 e=0.301898882233 i=211 Em=0.0005
# QATOM t=21.26 dir=FD w=1.64911704 e=0.301834898606 i=399 Em=0.0002
# QATOM t=21.26 dir=FD w=1.64748384 e=0.301535976174 i=1757 Em=0.0031
# QATOM t=21.30 dir=FD w=1.64990891 e=0.301979833004 i=2620 Em=0.0000
# QATOM t=21.34 dir=FD w=1.64993326 e=0.301984289856 i=137 Em=0.0000
# QATOM t=21.34 dir=FD w=1.64981053 e=0.301961826944 i=775 Em=0.0000
# QATOM t=21.36 dir=FD w=1.64922089 e=0.301853906063 i=1883 Em=0.0003
# QATOM t=21.38 dir=FD w=1.64972689 e=0.301946516934 i=570 Em=0.0002
# QATOM t=21.38 dir=FD w=1.6493311 e=0.301874076267 i=684 Em=0.0005
# QATOM t=21.38 dir=FD w=1.64911394 e=0.301834329837 i=1554 Em=0.0000
# QATOM t=21.38 dir=FD w=1.64983795 e=0.301966844782 i=1887 Em=0.0001
# QATOM t=21.38 dir=FD w=1.64952423 e=0.301909424625 i=2280 Em=0.0006
# QATOM t=21.40 dir=FD w=1.6485792 e=0.301736458736 i=103 Em=0.0004
# QATOM t=21.40 dir=FD w=1.64898492 e=0.301810717101 i=1286 Em=0.0006
# QATOM t=21.40 dir=FD w=1.64987725 e=0.301974037501 i=1706 Em=0.0000
# QATOM t=21.42 dir=FD w=1.64966056 e=0.301934377063 i=301 Em=0.0002
# QATOM t=21.42 dir=FD w=1.64918158 e=0.301846710194 i=2128 Em=0.0008
# QATOM t=21.48 dir=FD w=1.64941451 e=0.301889344147 i=907 Em=0.0000
# QATOM t=21.48 dir=FD w=1.64815025 e=0.301657947935 i=2549 Em=0.0021
# QATOM t=21.50 dir=FD w=1.64888486 e=0.603584805185 i=962 Em=0.0001
# QATOM t=21.50 dir=FD w=1.64979203 e=0.30195843989 i=2113 Em=0.0001
# QATOM t=21.54 dir=FD w=1.64916315 e=0.301843338028 i=723 Em=0.0000
# QATOM t=21.54 dir=FD w=1.64973191 e=0.301947435689 i=1762 Em=0.0000
# QATOM t=21.54 dir=FD w=1.64993484 e=0.301984578621 i=1837 Em=0.0000
# QATOM t=21.58 dir=FD w=1.64904205 e=0.301821172847 i=1765 Em=0.0007
# QATOM t=21.60 dir=FD w=1.64999215 e=0.301995068101 i=1648 Em=0.0000
# QATOM t=21.64 dir=FD w=1.64996852 e=0.301990742971 i=1217 Em=0.0000
# QATOM t=21.66 dir=FD w=1.64877102 e=0.301771566234 i=2615 Em=0.0016
# QATOM t=21.68 dir=FD w=1.64431326 e=0.300955670434 i=1588 Em=0.0073
# QATOM t=21.72 dir=FD w=1.64773629 e=0.301582181261 i=395 Em=0.0003
# QATOM t=21.72 dir=FD w=1.64769897 e=0.301575350427 i=2589 Em=0.0028
# QATOM t=21.74 dir=FD w=1.42738181 e=0.261251101934 i=790 Em=0.3208
# QATOM t=21.76 dir=FD w=1.64926218 e=0.301861462407 i=2617 Em=0.0000
# QATOM t=21.78 dir=FD w=1.64797676 e=0.301626194909 i=561 Em=0.0009
# QATOM t=21.80 dir=FD w=1.64994619 e=0.301986655744 i=238 Em=0.0000
# QATOM t=21.80 dir=FD w=1.64939756 e=0.301886240739 i=693 Em=0.0000
# QATOM t=21.80 dir=FD w=1.64952174 e=0.301908968593 i=1103 Em=0.0003
# QATOM t=21.80 dir=FD w=1.64951497 e=0.301907730393 i=1146 Em=0.0000
# QATOM t=21.82 dir=FD w=1.64984913 e=0.301968891893 i=897 Em=0.0000
# QATOM t=21.82 dir=FD w=1.64960779 e=0.301924718804 i=2446 Em=0.0002
# QATOM t=21.84 dir=FD w=1.64939668 e=0.301886080741 i=1912 Em=0.0006
# QATOM t=21.90 dir=FD w=1.41513649 e=0.259009862593 i=1324 Em=0.3456
# QATOM t=21.92 dir=FD w=1.64992075 e=0.301981999494 i=1142 Em=0.0001
# QATOM t=21.92 dir=FD w=1.64834135 e=0.30169292551 i=1226 Em=0.0015
# QATOM t=21.92 dir=FD w=1.64994944 e=0.30198725102 i=1562 Em=0.0000
# QATOM t=21.98 dir=FD w=1.41985111 e=0.259872770695 i=527 Em=0.3375
# QATOM t=22.00 dir=FD w=1.64453823 e=0.300996845793 i=2464 Em=0.0051
# QATOM t=22.02 dir=FD w=1.64987625 e=0.301973855022 i=2544 Em=0.0000
# QATOM t=22.06 dir=FD w=1.64914409 e=0.301839849623 i=1914 Em=0.0000
# QATOM t=22.08 dir=FD w=1.38203746 e=0.252951806442 i=1892 Em=0.4024
# QATOM t=22.12 dir=FD w=1.64968648 e=0.603878244203 i=1557 Em=0.0003
# QATOM t=22.12 dir=FD w=1.64997943 e=0.301992739917 i=2146 Em=0.0000
# QATOM t=22.14 dir=FD w=1.64756903 e=0.301551568354 i=1251 Em=0.0000
# QATOM t=22.14 dir=FD w=1.6467045 e=0.301393335141 i=2032 Em=0.0035
# QATOM t=22.20 dir=FD w=1.6498981 e=0.301977853885 i=523 Em=0.0001
# QATOM t=22.20 dir=FD w=1.64584338 e=0.301235725201 i=615 Em=0.0048
# QATOM t=22.20 dir=FD w=1.64947685 e=0.301900753185 i=749 Em=0.0002
# QATOM t=22.22 dir=FD w=1.36259795 e=0.249393829084 i=1238 Em=0.4327
# QATOM t=22.22 dir=FD w=1.64821689 e=0.301670144399 i=1384 Em=0.0000
# QATOM t=22.22 dir=FD w=1.64985293 e=0.30196958705 i=1824 Em=0.0001
# QATOM t=22.22 dir=FD w=1.64978744 e=0.301957599312 i=2086 Em=0.0001
# QATOM t=22.22 dir=FD w=1.6491788 e=0.301846200942 i=2238 Em=0.0008
# QATOM t=22.24 dir=FD w=1.64945705 e=0.301897129282 i=884 Em=0.0004
# QATOM t=22.24 dir=FD w=1.64974429 e=0.301949702999 i=1574 Em=0.0000
# QATOM t=22.28 dir=FD w=1.64957638 e=0.301918969634 i=1175 Em=0.0000
# QATOM t=22.32 dir=FD w=1.64899064 e=0.301811762966 i=1130 Em=0.0000
# QATOM t=22.34 dir=FD w=1.64842551 e=0.301708328582 i=1897 Em=0.0014
# QATOM t=22.36 dir=FD w=1.42169202 e=0.26020970987 i=177 Em=0.3334
# QATOM t=22.38 dir=FD w=1.64975681 e=0.301951994282 i=1476 Em=0.0000
# QATOM t=22.40 dir=FD w=1.64996631 e=0.301990337917 i=2095 Em=0.0000
# QATOM t=22.42 dir=FD w=1.64986197 e=0.301971240625 i=2299 Em=0.0000
# QATOM t=22.46 dir=FD w=1.64981574 e=0.30196277961 i=88 Em=0.0001
# QATOM t=22.48 dir=FD w=1.64983235 e=0.30196581933 i=546 Em=0.0001
# QATOM t=22.50 dir=FD w=1.64994149 e=0.301985795758 i=836 Em=0.0000
# QATOM t=22.52 dir=FD w=1.64921171 e=0.301852224652 i=1956 Em=0.0001
# QATOM t=22.54 dir=FD w=1.64889542 e=0.301794334687 i=1001 Em=0.0006
# QATOM t=22.58 dir=FD w=1.6493734 e=0.301881819673 i=2354 Em=0.0005
# QATOM t=22.60 dir=FD w=1.64992305 e=0.301982421172 i=180 Em=0.0000
# QATOM t=22.62 dir=FD w=1.6499656 e=0.301990208087 i=1272 Em=0.0000
# QATOM t=22.62 dir=FD w=1.64944467 e=0.301894863816 i=2650 Em=0.0000
# QATOM t=22.64 dir=FD w=1.64947413 e=0.301900256267 i=1347 Em=0.0002
# QATOM t=22.66 dir=FD w=1.649333 e=0.301874425082 i=1101 Em=0.0006
# QATOM t=22.66 dir=FD w=1.47443327 e=0.269862844834 i=2676 Em=0.2902
# QATOM t=22.68 dir=FD w=1.64931031 e=0.301870271794 i=1895 Em=0.0004
# QATOM t=22.70 dir=FD w=1.64978386 e=0.301956945528 i=1628 Em=0.0001
# QATOM t=22.76 dir=FD w=1.64936753 e=0.301880744004 i=2092 Em=0.0007
# QATOM t=22.80 dir=FD w=1.6487904 e=0.301775114348 i=2106 Em=0.0000
# QATOM t=22.84 dir=FD w=1.64894952 e=0.301804237899 i=262 Em=0.0010
# QATOM t=22.90 dir=FD w=1.64968345 e=0.301938566892 i=151 Em=0.0003
# QATOM t=22.90 dir=FD w=1.64971149 e=0.301943699104 i=1530 Em=0.0001
# QATOM t=22.90 dir=FD w=1.64835132 e=0.301694750047 i=1731 Em=0.0000
# QATOM t=22.92 dir=FD w=1.64970416 e=0.30194235685 i=991 Em=0.0001
# QATOM t=22.98 dir=FD w=1.64960657 e=0.301924495782 i=804 Em=0.0001
# QATOM t=23.00 dir=FD w=1.64916375 e=0.301843447236 i=2587 Em=0.0000
# QATOM t=23.02 dir=FD w=1.64985154 e=0.301969331871 i=1620 Em=0.0000
# QATOM t=23.02 dir=FD w=1.64991111 e=0.301980235942 i=2501 Em=0.0000
# QATOM t=23.02 dir=FD w=1.64975656 e=0.301951948596 i=2590 Em=0.0002
# QATOM t=23.02 dir=FD w=1.64735045 e=0.301511562028 i=2632 Em=0.0025
# QATOM t=23.04 dir=FD w=1.64981118 e=0.30196194443 i=1576 Em=0.0001
# QATOM t=23.04 dir=FD w=1.64995051 e=0.301987447169 i=2646 Em=0.0000
# QATOM t=23.06 dir=FD w=1.64973691 e=0.301948352514 i=1423 Em=0.0001
# QATOM t=23.12 dir=FD w=1.6497545 e=0.301951570926 i=413 Em=0.0002
# QATOM t=23.12 dir=FD w=1.6498922 e=0.301976774474 i=2053 Em=0.0000
# QATOM t=23.14 dir=FD w=1.42321604 e=0.260488647313 i=220 Em=0.3317
# QATOM t=23.14 dir=FD w=1.64496269 e=0.301074535109 i=1985 Em=0.0063
# QATOM t=23.20 dir=FD w=1.64985476 e=0.301969921427 i=1666 Em=0.0001
# QATOM t=23.20 dir=FD w=1.64773419 e=0.301581798308 i=2522 Em=0.0000
# QATOM t=23.22 dir=FD w=1.64997769 e=0.301992421791 i=2661 Em=0.0000
# QATOM t=23.24 dir=FD w=1.42457131 e=0.260736700635 i=458 Em=0.3288
# QATOM t=23.24 dir=FD w=1.36653399 e=0.250114234433 i=1019 Em=0.4317
# QATOM t=23.24 dir=FD w=1.64954031 e=0.301912368881 i=2393 Em=0.0001
# QATOM t=23.26 dir=FD w=1.64986666 e=0.301972099004 i=809 Em=0.0000
# QATOM t=23.28 dir=FD w=1.64982193 e=0.301963912304 i=612 Em=0.0000
# QATOM t=23.30 dir=FD w=1.64686643 e=0.301422972122 i=1729 Em=0.0027
# QATOM t=23.32 dir=FD w=1.64729678 e=0.301501739975 i=1585 Em=0.0018
# QATOM t=23.32 dir=FD w=1.64838355 e=0.301700647987 i=2153 Em=0.0000
# QATOM t=23.34 dir=FD w=1.64945164 e=0.301896138533 i=1013 Em=0.0004
# QATOM t=23.40 dir=FD w=1.64943742 e=0.301893536824 i=2305 Em=0.0004
# QATOM t=23.42 dir=FD w=1.63844012 e=0.29988072142 i=2591 Em=0.0125
# QATOM t=23.46 dir=FD w=1.64939652 e=0.301886050735 i=1516 Em=0.0000
# QATOM t=23.48 dir=FD w=1.64948272 e=0.301901828352 i=1451 Em=0.0003
# QATOM t=23.52 dir=FD w=1.40947569 e=0.257973777312 i=380 Em=0.3551
# QATOM t=23.56 dir=FD w=1.64948434 e=0.301902123525 i=1301 Em=0.0004
# QATOM t=23.58 dir=FD w=1.64940723 e=0.301888011559 i=934 Em=0.0005
# QATOM t=23.58 dir=FD w=1.41683723 e=0.259321145464 i=1828 Em=0.3415
# QATOM t=23.62 dir=FD w=1.647571 e=0.301551928805 i=178 Em=0.0025
# QATOM t=23.62 dir=FD w=1.64954551 e=0.301913320687 i=1973 Em=0.0000
# QATOM t=23.64 dir=FD w=1.64991582 e=0.301981096718 i=929 Em=0.0000
# QATOM t=23.64 dir=FD w=1.64847301 e=0.301717022964 i=1285 Em=0.0006
# QATOM t=23.66 dir=FD w=1.64790432 e=0.301612935366 i=490 Em=0.0017
# QATOM t=23.74 dir=FD w=1.64917208 e=0.301844972295 i=114 Em=0.0000
# QATOM t=23.76 dir=FD w=1.64846972 e=0.301716419267 i=840 Em=0.0002
# QATOM t=23.78 dir=FD w=1.64930581 e=0.301869447486 i=2373 Em=0.0007
# QATOM t=23.78 dir=FD w=1.64985715 e=0.301970358419 i=2407 Em=0.0000
# QATOM t=23.80 dir=FD w=1.64972507 e=0.301946184062 i=1911 Em=0.0002
# QATOM t=23.80 dir=FD w=1.64919284 e=0.301848771054 i=2255 Em=0.0000
# QATOM t=23.80 dir=FD w=1.64979739 e=0.301959421215 i=2552 Em=0.0000
# QATOM t=23.82 dir=FD w=1.64997464 e=0.301991862728 i=1248 Em=0.0000
# QATOM t=23.82 dir=FD w=1.64546641 e=0.301166729189 i=1454 Em=0.0030
# QATOM t=23.84 dir=FD w=1.64758502 e=0.301554495051 i=200 Em=0.0025
# QATOM t=23.84 dir=FD w=1.64992967 e=0.301983631621 i=2432 Em=0.0000
# QATOM t=23.86 dir=FD w=1.64435383 e=0.300963096334 i=2058 Em=0.0053
# QATOM t=23.88 dir=FD w=1.64926905 e=0.301862720118 i=2603 Em=0.0007
# QATOM t=23.90 dir=FD w=1.46817629 e=0.268717641799 i=2035 Em=0.2514
# QATOM t=23.98 dir=FD w=1.64550925 e=0.30117457087 i=568 Em=0.0011
t=   24.00 -1.21e-15 | 1.6900 16.46  22216   25   4857   4575 | 1.4346 15.13 | 2.08e-03 7.88e-03 |   0.0000 0.0000  0.0000  0.0000 0.000  0.00
# QATOM t=24.00 dir=FD w=1.64885463 e=0.30178687008 i=883 Em=0.0008
# QATOM t=24.02 dir=FD w=1.64832502 e=0.301689936121 i=2679 Em=0.0011
# QATOM t=24.04 dir=FD w=1.64898522 e=0.301810770348 i=941 Em=0.0005
# QATOM t=24.04 dir=FD w=1.64279819 e=0.300678369731 i=1821 Em=0.0088
# QATOM t=24.06 dir=FD w=1.64840933 e=0.30170536748 i=312 Em=0.0010
# QATOM t=24.08 dir=FD w=1.64939564 e=0.301885889526 i=28 Em=0.0002
# QATOM t=24.12 dir=FD w=1.64932923 e=0.301873735126 i=1311 Em=0.0004
# QATOM t=24.16 dir=FD w=1.64998824 e=0.301994352529 i=2260 Em=0.0000
# QATOM t=24.18 dir=FD w=1.64781649 e=0.301596860688 i=188 Em=0.0020
# QATOM t=24.18 dir=FD w=1.64735905 e=0.301513135431 i=224 Em=0.0022
# QATOM t=24.18 dir=FD w=1.31522982 e=0.240724126691 i=2623 Em=0.5283
# QATOM t=24.20 dir=FD w=1.64983617 e=0.301966518452 i=0 Em=0.0000
# QATOM t=24.22 dir=FD w=1.64956412 e=0.301916726678 i=411 Em=0.0004
# QATOM t=24.24 dir=FD w=1.64765723 e=0.3015677116 i=2219 Em=0.0010
# QATOM t=24.24 dir=FD w=1.64964089 e=0.301930776803 i=2630 Em=0.0000
# QATOM t=24.26 dir=FD w=1.47068871 e=0.269177484271 i=1698 Em=0.2214
# QATOM t=24.28 dir=FD w=1.64931361 e=0.301870875861 i=337 Em=0.0006
# QATOM t=24.28 dir=FD w=1.44500473 e=0.264476592001 i=1397 Em=0.2934
# QATOM t=24.30 dir=FD w=1.43764045 e=0.263128721974 i=829 Em=0.3072
# QATOM t=24.32 dir=FD w=1.41942165 e=0.25979416848 i=323 Em=0.3380
# QATOM t=24.34 dir=FD w=1.64934381 e=0.301876403449 i=2391 Em=0.0006
# QATOM t=24.38 dir=FD w=1.49652837 e=0.273906871276 i=2292 Em=0.2133
# QATOM t=24.40 dir=FD w=1.64370112 e=0.300843631112 i=2194 Em=0.0071
# QATOM t=24.44 dir=FD w=1.64740044 e=0.301520711674 i=1676 Em=0.0003
# QATOM t=24.50 dir=FD w=1.64984097 e=0.301967397861 i=717 Em=0.0000
# QATOM t=24.50 dir=FD w=1.64990421 e=0.301978973093 i=1169 Em=0.0000
# QATOM t=24.52 dir=FD w=1.6499886 e=0.301994417398 i=2637 Em=0.0000
# QATOM t=24.54 dir=FD w=1.64979847 e=0.301959618813 i=1399 Em=0.0000
# QATOM t=24.56 dir=FD w=1.64949308 e=0.301903724775 i=1189 Em=0.0003
# QATOM t=24.56 dir=FD w=1.64941337 e=0.301889134858 i=2007 Em=0.0005
# QATOM t=24.56 dir=FD w=1.64901447 e=0.301816125195 i=2639 Em=0.0006
# QATOM t=24.62 dir=FD w=1.64610656 e=0.30128389566 i=751 Em=0.0042
# QATOM t=24.64 dir=FD w=1.64983561 e=0.301966415641 i=524 Em=0.0001
# QATOM t=24.64 dir=FD w=1.64995538 e=0.301988337304 i=872 Em=0.0000
# QATOM t=24.64 dir=FD w=1.64848149 e=0.301718574157 i=2428 Em=0.0000
# QATOM t=24.66 dir=FD w=1.49533445 e=0.273688350417 i=2450 Em=0.1990
# QATOM t=24.68 dir=FD w=1.64937926 e=0.301882891762 i=1949 Em=0.0005
# QATOM t=24.76 dir=FD w=1.64975175 e=0.301951067917 i=1571 Em=0.0001
# QATOM t=24.78 dir=FD w=1.41752501 e=0.259447029206 i=1357 Em=0.3417
# QATOM t=24.80 dir=FD w=1.64857547 e=0.301735775444 i=202 Em=0.0011
# QATOM t=24.86 dir=FD w=1.6453471 e=0.301144892322 i=221 Em=0.0026
# QATOM t=24.86 dir=FD w=1.64919651 e=0.301849443807 i=844 Em=0.0008
# QATOM t=24.86 dir=FD w=1.64952248 e=0.301909105021 i=1792 Em=0.0003
# QATOM t=24.90 dir=FD w=1.39913371 e=0.256080903594 i=273 Em=0.3266
# QATOM t=24.90 dir=FD w=1.64894414 e=0.301803253126 i=1685 Em=0.0003
# QATOM t=24.94 dir=FD w=1.64724572 e=0.301492394066 i=576 Em=0.0016
# QATOM t=24.94 dir=FD w=1.64985028 e=0.30196910177 i=700 Em=0.0001
# QATOM t=24.94 dir=FD w=1.64708651 e=0.301463254547 i=2295 Em=0.0032
# QATOM t=24.94 dir=FD w=1.64955143 e=0.301914403597 i=2683 Em=0.0001
# QATOM t=24.96 dir=FD w=1.64896759 e=0.301807544589 i=1288 Em=0.0008
# QATOM t=24.96 dir=FD w=1.64924461 e=0.301858247467 i=1695 Em=0.0001
# QATOM t=25.00 dir=FD w=1.64947172 e=0.30189981484 i=344 Em=0.0004
# QATOM t=25.00 dir=FD w=1.64843362 e=0.301709812972 i=631 Em=0.0007
# QATOM t=25.04 dir=FD w=1.64860763 e=0.30174166122 i=1560 Em=0.0000
# QATOM t=25.04 dir=FD w=1.64997252 e=0.301991475384 i=1755 Em=0.0000
# QATOM t=25.08 dir=FD w=1.64996845 e=0.301990730106 i=241 Em=0.0000
# QATOM t=25.10 dir=FD w=1.64971183 e=0.301943761743 i=1510 Em=0.0000
# QATOM t=25.12 dir=FD w=1.6490188 e=0.301816917352 i=100 Em=0.0006
# QATOM t=25.12 dir=FD w=1.64866524 e=0.301752206381 i=1433 Em=0.0000
# QATOM t=25.12 dir=FD w=1.64986552 e=0.301971890228 i=1597 Em=0.0000
# QATOM t=25.16 dir=FD w=1.64727878 e=0.30149844504 i=1190 Em=0.0018
# QATOM t=25.18 dir=FD w=1.64807608 e=0.301644373547 i=1888 Em=0.0023
# QATOM t=25.20 dir=FD w=1.64802954 e=0.301635855278 i=2052 Em=0.0011
# QATOM t=25.22 dir=FD w=1.64967003 e=0.30193611157 i=146 Em=0.0003
# QATOM t=25.22 dir=FD w=1.64888095 e=0.301791687208 i=2181 Em=0.0000
# QATOM t=25.26 dir=FD w=1.64920122 e=0.301850304845 i=1800 Em=0.0000
# QATOM t=25.28 dir=FD w=1.64955199 e=0.301914505609 i=1171 Em=0.0002
# QATOM t=25.28 dir=FD w=1.64927334 e=0.3018635061 i=2317 Em=0.0000
# QATOM t=25.30 dir=FD w=1.64844961 e=0.301712740247 i=2588 Em=0.0008
# QATOM t=25.34 dir=FD w=1.64899865 e=0.301813229167 i=219 Em=0.0001
# QATOM t=25.34 dir=FD w=1.64751302 e=0.301541316624 i=529 Em=0.0019
# QATOM t=25.36 dir=FD w=1.64995082 e=0.301987502292 i=1879 Em=0.0001
# QATOM t=25.38 dir=FD w=1.64949059 e=0.301903268072 i=569 Em=0.0000
# QATOM t=25.38 dir=FD w=1.649868 e=0.301972345381 i=2302 Em=0.0001
# QATOM t=25.42 dir=FD w=1.64862885 e=0.301745544634 i=1940 Em=0.0000
# QATOM t=25.42 dir=FD w=1.64756731 e=0.301551254458 i=2108 Em=0.0021
# QATOM t=25.42 dir=FD w=1.64914469 e=0.301839957948 i=2543 Em=0.0007
# QATOM t=25.48 dir=FD w=1.64978297 e=0.603913564305 i=1670 Em=0.0000
# QATOM t=25.48 dir=FD w=1.64727399 e=0.301497568061 i=2050 Em=0.0021
# QATOM t=25.50 dir=FD w=1.64933918 e=0.301875555983 i=1494 Em=0.0001
# QATOM t=25.50 dir=FD w=1.64830986 e=0.301687161522 i=1497 Em=0.0001
# QATOM t=25.52 dir=FD w=1.64994287 e=0.301986047569 i=1900 Em=0.0000
# QATOM t=25.54 dir=FD w=1.64855128 e=0.301731348679 i=989 Em=0.0012
# QATOM t=25.54 dir=FD w=1.64689121 e=0.301427508787 i=2176 Em=0.0027
# QATOM t=25.58 dir=FD w=1.64978606 e=0.30195734713 i=2555 Em=0.0001
# QATOM t=25.60 dir=FD w=1.64982626 e=0.301964705841 i=350 Em=0.0000
# QATOM t=25.60 dir=FD w=1.64717567 e=0.3014795719 i=374 Em=0.0014
# QATOM t=25.62 dir=FD w=1.64932848 e=0.301873597884 i=2079 Em=0.0008
# QATOM t=25.64 dir=FD w=1.6486091 e=0.301741929996 i=1263 Em=0.0004
# QATOM t=25.66 dir=FD w=1.64596529 e=0.301258039759 i=1981 Em=0.0032
# QATOM t=25.66 dir=FD w=1.6498188 e=0.301963339854 i=2167 Em=0.0000
# QATOM t=25.66 dir=FD w=1.64930143 e=0.301868645905 i=2206 Em=0.0000
# QATOM t=25.68 dir=FD w=1.44457818 e=0.264398521326 i=1064 Em=0.2938
# QATOM t=25.68 dir=FD w=1.64875592 e=0.30176880219 i=1820 Em=0.0000
# QATOM t=25.82 dir=FD w=1.64978277 e=0.301956744478 i=2339 Em=0.0001
# QATOM t=25.88 dir=FD w=1.64866406 e=0.301751988958 i=1784 Em=0.0011
# QATOM t=25.92 dir=FD w=1.64987911 e=0.301974379 i=78 Em=0.0000
# QATOM t=25.96 dir=FD w=1.41497152 e=0.258979669175 i=517 Em=0.3437
# QATOM t=25.96 dir=FD w=1.64951176 e=0.3019071426 i=2045 Em=0.0002
# QATOM t=25.96 dir=FD w=1.64957238 e=0.301918237332 i=2508 Em=0.0000
# QATOM t=25.98 dir=FD w=1.64867617 e=0.3017542065 i=677 Em=0.0000
# QATOM t=25.98 dir=FD w=1.64970793 e=0.301943047119 i=2528 Em=0.0001
# QATOM t=26.00 dir=FD w=1.64880255 e=0.30177733744 i=1869 Em=0.0010
# QATOM t=26.08 dir=FD w=1.64990414 e=0.301978959134 i=687 Em=0.0000
# QATOM t=26.08 dir=FD w=1.64665141 e=0.301383617527 i=2541 Em=0.0035
# QATOM t=26.10 dir=FD w=1.64932151 e=0.301872321287 i=948 Em=0.0004
# QATOM t=26.12 dir=FD w=1.64910576 e=0.301832832977 i=2117 Em=0.0003
# QATOM t=26.20 dir=FD w=1.64921191 e=0.301852261049 i=183 Em=0.0004
# QATOM t=26.20 dir=FD w=1.64880992 e=0.301778686775 i=674 Em=0.0016
# QATOM t=26.20 dir=FD w=1.50570404 e=0.275586277205 i=2551 Em=0.1941
# QATOM t=26.24 dir=FD w=1.64963184 e=0.301929120718 i=454 Em=0.0004
# QATOM t=26.24 dir=FD w=1.64628103 e=0.301315828487 i=1040 Em=0.0035
# QATOM t=26.24 dir=FD w=1.64826836 e=0.301679565587 i=2371 Em=0.0000
# QATOM t=26.26 dir=FD w=1.64981236 e=0.30196216096 i=37 Em=0.0001
# QATOM t=26.26 dir=FD w=1.64919264 e=0.301848734071 i=757 Em=0.0006
# QATOM t=26.26 dir=FD w=1.64833513 e=0.301691787286 i=1262 Em=0.0012
# QATOM t=26.26 dir=FD w=1.64829134 e=0.301683771103 i=2429 Em=0.0014
# QATOM t=26.28 dir=FD w=1.6428701 e=0.300691532274 i=237 Em=0.0024
# QATOM t=26.34 dir=FD w=1.6495576 e=0.301915532577 i=1946 Em=0.0000
# QATOM t=26.40 dir=FD w=1.64911057 e=0.301833713025 i=23 Em=0.0005
# QATOM t=26.40 dir=FD w=1.64877641 e=0.301772552684 i=1116 Em=0.0000
# QATOM t=26.40 dir=FD w=1.64816551 e=0.301660740379 i=1752 Em=0.0015
# QATOM t=26.40 dir=FD w=1.64989624 e=0.301977514181 i=2207 Em=0.0000
# QATOM t=26.44 dir=FD w=1.64994412 e=0.301986277403 i=1450 Em=0.0000
# QATOM t=26.46 dir=FD w=1.64966107 e=0.301934471292 i=195 Em=0.0000
# QATOM t=26.46 dir=FD w=1.64950865 e=0.301906573341 i=1253 Em=0.0000
# QATOM t=26.54 dir=FD w=1.64923315 e=0.301856150161 i=849 Em=0.0004
# QATOM t=26.56 dir=FD w=1.64815598 e=0.301658996342 i=661 Em=0.0018
# QATOM t=26.58 dir=FD w=1.51571765 e=0.27741904948 i=1513 Em=0.1505
# QATOM t=26.58 dir=FD w=1.64965601 e=0.301933544024 i=2341 Em=0.0001
# QATOM t=26.62 dir=FD w=1.64858269 e=0.301737096276 i=307 Em=0.0000
# QATOM t=26.64 dir=FD w=1.64799372 e=0.301629298529 i=334 Em=0.0012
# QATOM t=26.70 dir=FD w=1.64891018 e=0.301797037348 i=814 Em=0.0007
# QATOM t=26.72 dir=FD w=1.64934583 e=0.301876772261 i=1125 Em=0.0000
# QATOM t=26.76 dir=FD w=1.63478381 e=0.299211512235 i=875 Em=0.0187
# QATOM t=26.78 dir=FD w=1.64976923 e=0.30195426685 i=1075 Em=0.0001
# QATOM t=26.78 dir=FD w=1.64948549 e=0.301902335463 i=1090 Em=0.0002
# QATOM t=26.82 dir=FD w=1.64936605 e=0.301880474346 i=1636 Em=0.0006
# QATOM t=26.84 dir=FD w=1.64927205 e=0.301863268598 i=1042 Em=0.0000
# QATOM t=26.84 dir=FD w=1.4672865 e=0.268554785012 i=1587 Em=0.2481
# QATOM t=26.86 dir=FD w=1.4245293 e=0.260729012499 i=1211 Em=0.3282
# QATOM t=26.86 dir=FD w=1.64521643 e=0.301120977279 i=1390 Em=0.0042
# QATOM t=26.86 dir=FD w=1.64541636 e=0.301157568821 i=2284 Em=0.0053
# QATOM t=26.88 dir=FD w=1.43086841 e=0.261889246566 i=1380 Em=0.3172
# QATOM t=26.90 dir=FD w=1.64973986 e=0.301948891158 i=705 Em=0.0002
# QATOM t=26.94 dir=FD w=1.64908496 e=0.30182902636 i=1152 Em=0.0000
# QATOM t=26.96 dir=FD w=1.64914048 e=0.301839188955 i=2239 Em=0.0003
# QATOM t=26.98 dir=FD w=1.64602062 e=0.301268165464 i=1010 Em=0.0034
# QATOM t=26.98 dir=FD w=1.64523117 e=0.301123673856 i=1841 Em=0.0035
# QATOM t=27.04 dir=FD w=1.5024457 e=0.27498990846 i=1286 Em=0.1967
# QATOM t=27.04 dir=FD w=1.64992986 e=0.30198366613 i=1993 Em=0.0000
# QATOM t=27.04 dir=FD w=1.64887357 e=0.301790335454 i=2687 Em=0.0000
# QATOM t=27.06 dir=FD w=1.64984482 e=0.301968102344 i=688 Em=0.0000
# QATOM t=27.06 dir=FD w=1.64898672 e=0.301811046471 i=1772 Em=0.0000
# QATOM t=27.06 dir=FD w=1.6499129 e=0.301980562842 i=2478 Em=0.0000
# QATOM t=27.08 dir=FD w=1.645108 e=0.30110112996 i=2497 Em=0.0058
# QATOM t=27.10 dir=FD w=1.64943166 e=0.301892482915 i=406 Em=0.0001
# QATOM t=27.12 dir=FD w=1.64915532 e=0.301841905137 i=74 Em=0.0000
# QATOM t=27.12 dir=FD w=1.64864657 e=0.301748788946 i=80 Em=0.0000
# QATOM t=27.12 dir=FD w=1.6422436 e=0.300576865255 i=1328 Em=0.0077
# QATOM t=27.12 dir=FD w=1.64479711 e=0.301044228149 i=2094 Em=0.0059
# QATOM t=27.14 dir=FD w=1.1536279 e=0.211146420956 i=322 Em=0.8963
# QATOM t=27.24 dir=FD w=1.64954511 e=0.301913246622 i=1377 Em=0.0001
# QATOM t=27.32 dir=FD w=1.6492917 e=0.301866866331 i=2560 Em=0.0000
# QATOM t=27.34 dir=FD w=1.64958449 e=0.30192045468 i=1469 Em=0.0000
# QATOM t=27.34 dir=FD w=1.4349431 e=0.262635030512 i=1498 Em=0.3068
# QATOM t=27.36 dir=FD w=1.64985826 e=0.301970561517 i=536 Em=0.0000
# QATOM t=27.38 dir=FD w=1.64389887 e=0.300879825194 i=2266 Em=0.0029
# QATOM t=27.40 dir=FD w=1.64870932 e=0.301760273217 i=1192 Em=0.0005
# QATOM t=27.40 dir=FD w=1.64843861 e=0.301710725515 i=1197 Em=0.0000
# QATOM t=27.40 dir=FD w=1.64957352 e=0.301918447149 i=2520 Em=0.0003
# QATOM t=27.44 dir=FD w=1.47194739 e=0.269407858144 i=150 Em=0.2351
# QATOM t=27.48 dir=FD w=1.64936013 e=0.301879389403 i=2672 Em=0.0004
# QATOM t=27.50 dir=FD w=1.63198341 e=0.298698961199 i=847 Em=0.0220
# QATOM t=27.52 dir=FD w=1.64781198 e=0.301596036003 i=1254 Em=0.0021
# QATOM t=27.56 dir=FD w=1.64859884 e=0.301740053368 i=108 Em=0.0011
# QATOM t=27.56 dir=FD w=1.64959983 e=0.301923261838 i=729 Em=0.0000
# QATOM t=27.56 dir=FD w=1.41398042 e=0.258798268951 i=938 Em=0.3449
# QATOM t=27.56 dir=FD w=1.6484425 e=0.301711437642 i=2140 Em=0.0005
# QATOM t=27.58 dir=FD w=1.6496023 e=0.301923713684 i=439 Em=0.0005
# QATOM t=27.58 dir=FD w=1.64874188 e=0.301766233534 i=1200 Em=0.0000
# QATOM t=27.62 dir=FD w=1.64983527 e=0.301966353547 i=803 Em=0.0000
# QATOM t=27.64 dir=FD w=1.64934372 e=0.301876387653 i=921 Em=0.0005
# QATOM t=27.66 dir=FD w=1.63929754 e=0.300037652297 i=357 Em=0.0068
# QATOM t=27.68 dir=FD w=1.64821892 e=0.301670515909 i=940 Em=0.0026
# QATOM t=27.68 dir=FD w=1.6416302 e=0.30046459599 i=2122 Em=0.0080
# QATOM t=27.70 dir=FD w=1.64961094 e=0.301925294955 i=580 Em=0.0003
# QATOM t=27.70 dir=FD w=1.64539317 e=0.301153325676 i=1404 Em=0.0094
# QATOM t=27.70 dir=FD w=1.64733779 e=0.301509245198 i=2268 Em=0.0029
# QATOM t=27.72 dir=FD w=1.64990743 e=0.301979562332 i=1105 Em=0.0000
# QATOM t=27.72 dir=FD w=1.6463778 e=0.301333540339 i=1589 Em=0.0004
# QATOM t=27.72 dir=FD w=1.64769443 e=0.301574520269 i=2531 Em=0.0016
# QATOM t=27.74 dir=FD w=1.64890535 e=0.30179615324 i=1672 Em=0.0003
# QATOM t=27.78 dir=FD w=1.64583756 e=0.301234661132 i=792 Em=0.0046
# QATOM t=27.78 dir=FD w=1.6490291 e=0.301818802827 i=1331 Em=0.0000
# QATOM t=27.78 dir=FD w=1.64247189 e=0.300618648971 i=1862 Em=0.0064
# QATOM t=27.80 dir=FD w=1.64743987 e=0.301527929259 i=1031 Em=0.0005
# QATOM t=27.80 dir=FD w=1.64989787 e=0.301977812052 i=1653 Em=0.0000
# QATOM t=27.86 dir=FD w=1.64979154 e=0.301958349603 i=152 Em=0.0001
# QATOM t=27.96 dir=FD w=1.64834156 e=0.301692963362 i=463 Em=0.0005
# QATOM t=27.96 dir=FD w=1.64031313 e=0.300223533404 i=633 Em=0.0096
# QATOM t=27.96 dir=FD w=1.6440775 e=0.300912519812 i=2017 Em=0.0029
# QATOM t=27.98 dir=FD w=1.64955061 e=0.301914253883 i=2418 Em=0.0002
t=   28.00 -1.07e-15 | 1.6843 16.49  22258   22   5310   5069 | 1.4351 15.13 | 2.69e-03 1.05e-02 |   0.0000 0.0000  0.0000  0.0000 0.000  0.00
# QATOM t=28.00 dir=FD w=1.41176457 e=0.258392706012 i=1251 Em=0.3499
# QATOM t=28.00 dir=FD w=1.42759194 e=0.261289560626 i=1603 Em=0.3240
# QATOM t=28.02 dir=FD w=1.6467343 e=0.30139879005 i=787 Em=0.0021
# QATOM t=28.02 dir=FD w=1.64434534 e=0.300961542867 i=2338 Em=0.0015
# QATOM t=28.04 dir=FD w=1.64977864 e=0.301955990249 i=1948 Em=0.0001
# QATOM t=28.06 dir=FD w=1.64604976 e=0.301273498381 i=1203 Em=0.0018
# QATOM t=28.06 dir=FD w=1.41759441 e=0.259459730501 i=1235 Em=0.3341
# QATOM t=28.08 dir=FD w=1.64699544 e=0.301446585025 i=1231 Em=0.0021
# QATOM t=28.08 dir=FD w=1.64896756 e=0.301807538341 i=2051 Em=0.0009
# QATOM t=28.12 dir=FD w=1.64762339 e=0.30156151841 i=304 Em=0.0008
# QATOM t=28.12 dir=FD w=1.64984427 e=0.301968001726 i=2043 Em=0.0001
# QATOM t=28.14 dir=FD w=1.64578755 e=0.301225508004 i=417 Em=0.0044
# QATOM t=28.16 dir=FD w=1.64821318 e=0.301669466014 i=1889 Em=0.0005
# QATOM t=28.18 dir=FD w=1.64929347 e=0.301867190466 i=254 Em=0.0008
# QATOM t=28.20 dir=FD w=1.64531004 e=0.301138110081 i=1774 Em=0.0002
# QATOM t=28.22 dir=FD w=1.64160261 e=0.300459546234 i=1919 Em=0.0094
# QATOM t=28.22 dir=FD w=1.64056847 e=0.300270267988 i=2592 Em=0.0091
# QATOM t=28.24 dir=FD w=1.64995044 e=0.301987433298 i=2083 Em=0.0000
# QATOM t=28.24 dir=FD w=1.64854694 e=0.301730552703 i=2378 Em=0.0014
# QATOM t=28.24 dir=FD w=1.64798021 e=0.301626825621 i=2550 Em=0.0017
# QATOM t=28.30 dir=FD w=1.64689425 e=0.301428064454 i=2328 Em=0.0000
# QATOM t=28.30 dir=FD w=1.64855901 e=0.301732763297 i=2484 Em=0.0005
# QATOM t=28.32 dir=FD w=1.33378705 e=0.244120623158 i=732 Em=0.4876
# QATOM t=28.34 dir=FD w=1.42674739 e=0.26113498481 i=90 Em=0.3248
# QATOM t=28.34 dir=FD w=1.4135373 e=0.258717165434 i=546 Em=0.3467
# QATOM t=28.36 dir=FD w=1.6494711 e=0.301899700733 i=2331 Em=0.0001
# QATOM t=28.46 dir=FD w=1.64914674 e=0.301840334464 i=412 Em=0.0008
# QATOM t=28.46 dir=FD w=1.64615123 e=0.301292071046 i=1934 Em=0.0038
# QATOM t=28.46 dir=FD w=1.64746644 e=0.301532791259 i=2265 Em=0.0002
# QATOM t=28.46 dir=FD w=1.64722753 e=0.301489064833 i=2490 Em=0.0029
# QATOM t=28.48 dir=FD w=1.63316259 e=0.298914783909 i=1084 Em=0.0179
# QATOM t=28.50 dir=FD w=1.64937746 e=0.301882562555 i=1590 Em=0.0001
# QATOM t=28.52 dir=FD w=1.64638398 e=0.301334670663 i=724 Em=0.0028
# QATOM t=28.56 dir=FD w=1.64942077 e=0.301890489577 i=2670 Em=0.0004
# QATOM t=28.58 dir=FD w=1.64784472 e=0.301602027831 i=1170 Em=0.0003
# QATOM t=28.62 dir=FD w=1.64941807 e=0.603779989841 i=2567 Em=0.0006
# QATOM t=28.68 dir=FD w=1.64925613 e=0.30186035576 i=265 Em=0.0000
# QATOM t=28.68 dir=FD w=1.6499157 e=0.301981074784 i=768 Em=0.0000
# QATOM t=28.70 dir=FD w=1.6489606 e=0.301806264393 i=2226 Em=0.0000
# QATOM t=28.72 dir=FD w=1.64625649 e=0.301311336928 i=552 Em=0.0043
# QATOM t=28.72 dir=FD w=1.64989158 e=0.301976660414 i=1410 Em=0.0000
# QATOM t=28.72 dir=FD w=1.6418379 e=0.300502610581 i=1958 Em=0.0031
# QATOM t=28.74 dir=FD w=1.41917738 e=0.259749459856 i=741 Em=0.3386
# QATOM t=28.74 dir=FD w=1.36278784 e=0.24942858369 i=2106 Em=0.4367
# QATOM t=28.76 dir=FD w=1.64794571 e=0.301620512181 i=2495 Em=0.0002
# QATOM t=28.80 dir=FD w=1.64605588 e=0.301274618911 i=353 Em=0.0047
# QATOM t=28.82 dir=FD w=1.64973292 e=0.301947621754 i=955 Em=0.0001
# QATOM t=28.84 dir=FD w=1.64791023 e=0.301614018142 i=1371 Em=0.0006
# QATOM t=28.86 dir=FD w=1.64894404 e=0.301803234565 i=980 Em=0.0004
# QATOM t=28.88 dir=FD w=1.64943802 e=0.301893647105 i=636 Em=0.0006
# QATOM t=28.90 dir=FD w=1.64915622 e=0.301842069289 i=205 Em=0.0004
# QATOM t=28.90 dir=FD w=1.64572561 e=0.301214169882 i=1963 Em=0.0028
# QATOM t=28.90 dir=FD w=1.40307628 e=0.256802504953 i=2646 Em=0.3449
# QATOM t=28.98 dir=FD w=1.64502429 e=0.301085809562 i=363 Em=0.0056
# QATOM t=28.98 dir=FD w=1.64652969 e=0.301361339304 i=797 Em=0.0036
# QATOM t=28.98 dir=FD w=1.64905594 e=0.301823715777 i=949 Em=0.0007
# QATOM t=28.98 dir=FD w=1.64945884 e=0.301897457605 i=2499 Em=0.0004
# QATOM t=29.02 dir=FD w=1.64773422 e=0.301581802343 i=314 Em=0.0026
# QATOM t=29.02 dir=FD w=1.64680634 e=0.301411974242 i=1832 Em=0.0034
# QATOM t=29.06 dir=FD w=1.64904236 e=0.301821228827 i=2304 Em=0.0001
# QATOM t=29.08 dir=FD w=1.64740291 e=0.30152116344 i=1182 Em=0.0000
# QATOM t=29.10 dir=FD w=1.64167552 e=0.300472890431 i=274 Em=0.0091
# QATOM t=29.10 dir=FD w=1.64899754 e=0.301813026875 i=682 Em=0.0002
# QATOM t=29.10 dir=FD w=1.64535922 e=0.301147111323 i=2421 Em=0.0046
# QATOM t=29.16 dir=FD w=1.64887959 e=0.301791438419 i=158 Em=0.0009
# QATOM t=29.16 dir=FD w=1.64552604 e=0.301177643347 i=1747 Em=0.0039
# QATOM t=29.20 dir=FD w=1.64815188 e=0.301658246472 i=2386 Em=0.0000
# QATOM t=29.22 dir=FD w=1.6490364 e=0.301820139234 i=117 Em=0.0006
# QATOM t=29.22 dir=FD w=1.64764682 e=0.30156580652 i=1515 Em=0.0000
# QATOM t=29.28 dir=FD w=1.646984 e=0.301444492016 i=593 Em=0.0001
# QATOM t=29.30 dir=FD w=1.64885662 e=0.301787233014 i=557 Em=0.0011
# QATOM t=29.34 dir=FD w=1.43834876 e=0.263258362475 i=984 Em=0.3062
# QATOM t=29.36 dir=FD w=1.64975662 e=0.301951958511 i=1274 Em=0.0001
# QATOM t=29.40 dir=FD w=1.64934328 e=0.301876306327 i=1022 Em=0.0006
# QATOM t=29.40 dir=FD w=1.64836602 e=0.301697439613 i=1445 Em=0.0011
# QATOM t=29.44 dir=FD w=1.6056333 e=0.293876147933 i=89 Em=0.0512
# QATOM t=29.46 dir=FD w=1.26971243 e=0.232393160676 i=1104 Em=0.6230
# QATOM t=29.48 dir=FD w=1.647614 e=0.301559800019 i=519 Em=0.0015
# QATOM t=29.52 dir=FD w=1.64920042 e=0.30185015809 i=75 Em=0.0000
# QATOM t=29.52 dir=FD w=1.64705955 e=0.301458318803 i=84 Em=0.0003
# QATOM t=29.52 dir=FD w=1.64860156 e=0.301740550072 i=436 Em=0.0011
# QATOM t=29.54 dir=FD w=1.43861518 e=0.263307124888 i=2595 Em=0.2863
# QATOM t=29.58 dir=FD w=1.64863918 e=0.30174743583 i=142 Em=0.0000
# QATOM t=29.58 dir=FD w=1.64988138 e=0.30197479316 i=776 Em=0.0000
# QATOM t=29.58 dir=FD w=1.64930034 e=0.301868446415 i=1207 Em=0.0005
# QATOM t=29.58 dir=FD w=1.6478147 e=0.301596532135 i=1799 Em=0.0018
# QATOM t=29.66 dir=FD w=1.64809541 e=0.301647910029 i=644 Em=0.0020
# QATOM t=29.66 dir=FD w=1.64912739 e=0.301836791742 i=1366 Em=0.0009
# QATOM t=29.68 dir=FD w=1.64180337 e=0.30049629055 i=628 Em=0.0079
# QATOM t=29.68 dir=FD w=1.41563677 e=0.259101427958 i=1248 Em=0.3447
# QATOM t=29.70 dir=FD w=1.64867399 e=0.301753807507 i=2089 Em=0.0009
# QATOM t=29.72 dir=FD w=1.63910559 e=0.30000252129 i=2039 Em=0.0075
# QATOM t=29.76 dir=FD w=1.64459067 e=0.301006445059 i=45 Em=0.0060
# QATOM t=29.76 dir=FD w=1.63902489 e=0.299987750796 i=2561 Em=0.0133
# QATOM t=29.84 dir=FD w=1.64801097 e=0.301632455962 i=2287 Em=0.0002
# QATOM t=29.86 dir=FD w=1.64830274 e=0.301685857219 i=812 Em=0.0013
# QATOM t=29.98 dir=FD w=1.64998599 e=0.301993939405 i=703 Em=0.0000
# QATOM t=29.98 dir=FD w=1.40205354 e=0.256615313763 i=1311 Em=0.3618
# QATOM t=29.98 dir=FD w=1.64596033 e=0.301257130365 i=2115 Em=0.0007
# QATOM t=30.00 dir=FD w=1.46443598 e=0.268033059709 i=154 Em=0.2617
# QATOM t=30.00 dir=FD w=1.64799522 e=0.301629572394 i=1654 Em=0.0009
# QATOM t=30.00 dir=FD w=1.64600793 e=0.301265842932 i=2154 Em=0.0033
# QATOM t=30.00 dir=FD w=1.47880181 e=0.270662410092 i=2264 Em=0.2299
# QATOM t=30.02 dir=FD w=1.64810094 e=0.301648922505 i=1420 Em=0.0012
# QATOM t=30.10 dir=FD w=1.64789289 e=0.301610844374 i=1544 Em=0.0001
# QATOM t=30.14 dir=FD w=1.64377608 e=0.300857351952 i=2599 Em=0.0074
# QATOM t=30.20 dir=FD w=1.64870679 e=0.301759811431 i=2648 Em=0.0012
# QATOM t=30.22 dir=FD w=1.38067752 e=0.252702900663 i=337 Em=0.4048
# QATOM t=30.22 dir=FD w=1.4536455 e=0.266058096366 i=1676 Em=0.2700
# QATOM t=30.26 dir=FD w=1.64717781 e=0.301479963727 i=1881 Em=0.0017
# QATOM t=30.28 dir=FD w=1.38974564 e=0.254362621754 i=2322 Em=0.3471
# QATOM t=30.34 dir=FD w=1.64664201 e=0.301381897027 i=1964 Em=0.0027
# QATOM t=30.34 dir=FD w=1.6493328 e=0.301874387708 i=2124 Em=0.0004
# QATOM t=30.36 dir=FD w=1.64097573 e=0.300344808083 i=1086 Em=0.0107
# QATOM t=30.38 dir=FD w=1.43109672 e=0.261931033912 i=2637 Em=0.2304
# QATOM t=30.42 dir=FD w=1.64446442 e=0.300983337251 i=1393 Em=0.0029
# QATOM t=30.46 dir=FD w=1.64956267 e=0.301916460292 i=144 Em=0.0000
# QATOM t=30.46 dir=FD w=1.64598804 e=0.30126220194 i=488 Em=0.0044
# QATOM t=30.48 dir=FD w=1.64638447 e=0.30133476031 i=138 Em=0.0017
# QATOM t=30.56 dir=FD w=1.64925821 e=0.301860736757 i=607 Em=0.0000
# QATOM t=30.60 dir=FD w=1.64846513 e=0.30171558028 i=1696 Em=0.0010
# QATOM t=30.60 dir=FD w=1.44324026 e=0.264153645296 i=2241 Em=0.2970
# QATOM t=30.64 dir=FD w=1.64910102 e=0.301831966294 i=1430 Em=0.0002
# QATOM t=30.66 dir=FD w=1.6457857 e=0.301225168913 i=1437 Em=0.0041
# QATOM t=30.72 dir=FD w=1.64140049 e=0.300422551268 i=442 Em=0.0100
# QATOM t=30.72 dir=FD w=1.64716222 e=0.301477111143 i=1876 Em=0.0004
# QATOM t=30.74 dir=FD w=1.63925392 e=0.300029668098 i=119 Em=0.0073
# QATOM t=30.74 dir=FD w=1.64763923 e=0.301564417697 i=2215 Em=0.0009
# QATOM t=30.76 dir=FD w=1.6483646 e=0.301697179692 i=1547 Em=0.0018
# QATOM t=30.76 dir=FD w=1.64810834 e=0.301650276662 i=2583 Em=0.0003
# QATOM t=30.80 dir=FD w=1.64863136 e=0.301746005082 i=2379 Em=0.0004
# QATOM t=30.86 dir=FD w=1.64935561 e=0.301878562395 i=1212 Em=0.0004
# QATOM t=30.86 dir=FD w=1.64826179 e=0.301678362895 i=2645 Em=0.0013
# QATOM t=30.88 dir=FD w=1.64605058 e=0.301273649668 i=336 Em=0.0027
# QATOM t=30.88 dir=FD w=1.35763212 e=0.24848494307 i=1394 Em=0.4469
# QATOM t=30.94 dir=FD w=1.64743553 e=0.30152713396 i=1801 Em=0.0014
# QATOM t=30.96 dir=FD w=1.64817698 e=0.301662841157 i=2001 Em=0.0011
# QATOM t=30.96 dir=FD w=1.6478973 e=0.301611650814 i=2028 Em=0.0009
# QATOM t=31.00 dir=FD w=1.64876706 e=0.301770841303 i=2072 Em=0.0001
# QATOM t=31.02 dir=FD w=1.64729222 e=0.301500904976 i=504 Em=0.0001
# QATOM t=31.02 dir=FD w=1.64963038 e=0.301928854114 i=978 Em=0.0001
# QATOM t=31.04 dir=FD w=1.64596933 e=0.301258779142 i=206 Em=0.0040
# QATOM t=31.04 dir=FD w=1.34368987 e=0.245933117096 i=575 Em=0.4551
# QATOM t=31.12 dir=FD w=1.64498151 e=0.301077978925 i=874 Em=0.0014
# QATOM t=31.12 dir=FD w=1.64921606 e=0.30185302212 i=1051 Em=0.0010
# QATOM t=31.12 dir=FD w=1.64912728 e=0.301836771648 i=2056 Em=0.0003
# QATOM t=31.12 dir=FD w=1.64894013 e=0.30180251776 i=2125 Em=0.0005
# QATOM t=31.14 dir=FD w=1.47695422 e=0.270324249716 i=1228 Em=0.2435
# QATOM t=31.16 dir=FD w=1.64452954 e=0.30099525696 i=421 Em=0.0038
# QATOM t=31.18 dir=FD w=1.64020101 e=0.300203013037 i=698 Em=0.0086
# QATOM t=31.24 dir=FD w=1.64980432 e=0.301960690191 i=239 Em=0.0001
# QATOM t=31.28 dir=FD w=1.64706088 e=0.301458562259 i=472 Em=0.0022
# QATOM t=31.28 dir=FD w=1.64628369 e=0.301316315023 i=1477 Em=0.0037
# QATOM t=31.30 dir=FD w=1.64909462 e=0.301830793861 i=501 Em=0.0006
# QATOM t=31.30 dir=FD w=1.64656803 e=0.301368357451 i=1578 Em=0.0028
# QATOM t=31.32 dir=FD w=1.44624029 e=0.26470273425 i=1900 Em=0.2734
# QATOM t=31.36 dir=FD w=1.64417014 e=0.300929476592 i=287 Em=0.0059
# QATOM t=31.36 dir=FD w=1.64617856 e=0.301297072838 i=407 Em=0.0045
# QATOM t=31.36 dir=FD w=1.64895157 e=0.30180461249 i=1114 Em=0.0002
# QATOM t=31.36 dir=FD w=1.26243606 e=0.231061379268 i=1357 Em=0.6395
# QATOM t=31.36 dir=FD w=1.63990272 e=0.300148417516 i=1822 Em=0.0103
# QATOM t=31.38 dir=FD w=1.64860864 e=0.301741847316 i=679 Em=0.0009
# QATOM t=31.38 dir=FD w=1.64570283 e=0.301210002089 i=2029 Em=0.0026
# QATOM t=31.40 dir=FD w=1.64281394 e=0.300681252653 i=1424 Em=0.0070
# QATOM t=31.40 dir=FD w=1.64223081 e=0.300574524306 i=1688 Em=0.0086
# QATOM t=31.44 dir=FD w=1.64740861 e=0.301522207024 i=1457 Em=0.0000
# QATOM t=31.46 dir=FD w=1.64399844 e=0.300898049175 i=1060 Em=0.0022
# QATOM t=31.48 dir=FD w=1.64795439 e=0.30162210085 i=1141 Em=0.0018
# QATOM t=31.48 dir=FD w=1.40926805 e=0.257935772794 i=1263 Em=0.2872
# QATOM t=31.48 dir=FD w=1.64630792 e=0.301320750536 i=1521 Em=0.0004
# QATOM t=31.48 dir=FD w=1.64873132 e=0.301764299891 i=2688 Em=0.0000
# QATOM t=31.50 dir=FD w=1.64874147 e=0.30176615876 i=1854 Em=0.0002
# QATOM t=31.52 dir=FD w=1.64897392 e=0.301808703042 i=863 Em=0.0010
# QATOM t=31.54 dir=FD w=1.6405519 e=0.300267236639 i=573 Em=0.0084
# QATOM t=31.54 dir=FD w=1.64977945 e=0.30195613723 i=622 Em=0.0001
# QATOM t=31.54 dir=FD w=1.35387454 e=0.247797198439 i=1679 Em=0.4459
# QATOM t=31.60 dir=FD w=1.64444634 e=0.300980028328 i=2190 Em=0.0053
# QATOM t=31.62 dir=FD w=1.64689505 e=0.301428210569 i=848 Em=0.0036
# QATOM t=31.64 dir=FD w=1.64822667 e=0.301671934271 i=1154 Em=0.0015
# QATOM t=31.76 dir=FD w=1.3256641 e=0.242633894215 i=2022 Em=0.4678
# QATOM t=31.80 dir=FD w=1.49797708 e=0.274172024668 i=107 Em=0.1702
# QATOM t=31.82 dir=FD w=1.64955848 e=0.301915693108 i=2419 Em=0.0002
# QATOM t=31.84 dir=FD w=1.64531874 e=0.602279404052 i=583 Em=0.0006
# QATOM t=31.86 dir=FD w=1.64995296 e=0.301987894766 i=2325 Em=0.0000
# QATOM t=31.88 dir=FD w=1.64858732 e=0.301737943449 i=2042 Em=0.0010
# QATOM t=31.88 dir=FD w=1.48039105 e=0.270953286155 i=2429 Em=0.2128
# QATOM t=31.92 dir=FD w=1.46134727 e=0.267467737719 i=572 Em=0.2558
# QATOM t=31.92 dir=FD w=1.64756321 e=0.301550503613 i=725 Em=0.0013
# QATOM t=31.98 dir=FD w=1.64779063 e=0.301592128327 i=942 Em=0.0028
# QATOM t=31.98 dir=FD w=1.64924291 e=0.301857935331 i=1602 Em=0.0007
t=   32.00 -1.07e-15 | 1.6788 16.42  22173   31   5730   5541 | 1.4338 15.10 | 7.82e-03 2.21e-02 |   0.0000 0.0000  0.0000  0.0000 0.000  0.00
# QATOM t=32.06 dir=FD w=1.64833332 e=0.301691455329 i=1937 Em=0.0000
# QATOM t=32.08 dir=FD w=1.64004432 e=0.300174334096 i=277 Em=0.0118
# QATOM t=32.14 dir=FD w=1.64205317 e=0.300542010914 i=1905 Em=0.0091
# QATOM t=32.16 dir=FD w=1.64723456 e=0.301490350199 i=540 Em=0.0012
# QATOM t=32.18 dir=FD w=1.64436255 e=0.300964692495 i=15 Em=0.0070
# QATOM t=32.20 dir=FD w=1.64913645 e=0.301838451018 i=1250 Em=0.0000
# QATOM t=32.20 dir=FD w=1.64949954 e=0.30190490699 i=1572 Em=0.0002
# QATOM t=32.22 dir=FD w=1.64174648 e=0.30048587844 i=293 Em=0.0032
# QATOM t=32.28 dir=FD w=1.63418906 e=0.299102657699 i=807 Em=0.0173
# QATOM t=32.34 dir=FD w=1.64653056 e=0.301361499213 i=1886 Em=0.0002
# QATOM t=32.36 dir=FD w=1.64126325 e=0.30039743366 i=2060 Em=0.0109
# QATOM t=32.36 dir=FD w=1.64719899 e=0.301483840249 i=2362 Em=0.0013
# QATOM t=32.40 dir=FD w=1.64665705 e=0.602769299306 i=900 Em=0.0030
# QATOM t=32.46 dir=FD w=1.64437185 e=0.300966393909 i=1415 Em=0.0042
# QATOM t=32.48 dir=FD w=1.49096545 e=0.272888699662 i=2034 Em=0.2176
# QATOM t=32.52 dir=FD w=1.64853167 e=0.301727757836 i=2600 Em=0.0005
# QATOM t=32.54 dir=FD w=1.64697624 e=0.301443071277 i=1267 Em=0.0002
# QATOM t=32.56 dir=FD w=1.64682119 e=0.301414693058 i=621 Em=0.0026
# QATOM t=32.58 dir=FD w=1.64916992 e=0.30184457627 i=261 Em=0.0005
# QATOM t=32.58 dir=FD w=1.49373847 e=0.273396239886 i=1513 Em=0.2092
# QATOM t=32.58 dir=FD w=1.64859679 e=0.301739678389 i=2456 Em=0.0009
# QATOM t=32.58 dir=FD w=1.6485115 e=0.301724067286 i=2491 Em=0.0001
# QATOM t=32.60 dir=FD w=1.64654307 e=0.301363789035 i=2537 Em=0.0020
# QATOM t=32.60 dir=FD w=1.64273037 e=0.300665956959 i=2640 Em=0.0078
# QATOM t=32.68 dir=FD w=1.64936404 e=0.301880106285 i=2351 Em=0.0003
# QATOM t=32.84 dir=FD w=1.6491105 e=0.301833700593 i=1623 Em=0.0010
# QATOM t=32.86 dir=FD w=1.6482882 e=0.301683197047 i=467 Em=0.0007
# QATOM t=32.86 dir=FD w=1.64725469 e=0.301494036279 i=1471 Em=0.0033
# QATOM t=32.92 dir=FD w=1.26972291 e=0.23239507999 i=2574 Em=0.6221
# QATOM t=32.98 dir=FD w=1.64731707 e=0.301505452403 i=1727 Em=0.0014
# QATOM t=33.02 dir=FD w=1.64528322 e=0.301133201204 i=4 Em=0.0006
# QATOM t=33.02 dir=FD w=1.64544691 e=0.301163159871 i=655 Em=0.0018
# QATOM t=33.04 dir=FD w=1.6478059 e=0.301594922263 i=365 Em=0.0006
# QATOM t=33.08 dir=FD w=1.64779599 e=0.301593107784 i=2342 Em=0.0000
# QATOM t=33.12 dir=FD w=1.50350753 e=0.275184253439 i=2631 Em=0.1723
# QATOM t=33.16 dir=FD w=1.64816596 e=0.301660822965 i=109 Em=0.0019
# QATOM t=33.22 dir=FD w=1.64829385 e=0.30168423171 i=1733 Em=0.0017
# QATOM t=33.24 dir=FD w=1.6463629 e=0.301330812895 i=843 Em=0.0035
# QATOM t=33.24 dir=FD w=1.6478899 e=0.301610296608 i=1158 Em=0.0000
# QATOM t=33.24 dir=FD w=1.423233 e=0.260491752992 i=2169 Em=0.3187
# QATOM t=33.32 dir=FD w=1.64703503 e=0.30145383186 i=495 Em=0.0021
# QATOM t=33.34 dir=FD w=1.46678959 e=0.268463835512 i=1345 Em=0.1826
# QATOM t=33.42 dir=FD w=1.64696878 e=0.301441706701 i=264 Em=0.0013
# QATOM t=33.42 dir=FD w=1.64759306 e=0.301555966912 i=1406 Em=0.0028
# QATOM t=33.48 dir=FD w=1.64596761 e=0.301258463563 i=1773 Em=0.0035
# QATOM t=33.54 dir=FD w=1.64799084 e=0.30162877083 i=2516 Em=0.0002
# QATOM t=33.56 dir=FD w=1.64676644 e=0.301404672731 i=1491 Em=0.0000
# QATOM t=33.58 dir=FD w=1.64716493 e=0.301477607484 i=371 Em=0.0014
# QATOM t=33.58 dir=FD w=1.64463259 e=0.301014117473 i=740 Em=0.0067
# QATOM t=33.60 dir=FD w=1.64522701 e=0.301122912263 i=1453 Em=0.0033
# QATOM t=33.64 dir=FD w=1.6468698 e=0.301423590481 i=662 Em=0.0009
# QATOM t=33.64 dir=FD w=1.64553353 e=0.301179014035 i=1577 Em=0.0009
# QATOM t=33.64 dir=FD w=1.64935841 e=0.301879076125 i=2546 Em=0.0002
# QATOM t=33.68 dir=FD w=1.64949536 e=0.301904141449 i=1417 Em=0.0000
# QATOM t=33.70 dir=FD w=1.64694327 e=0.301437036997 i=766 Em=0.0021
# QATOM t=33.72 dir=FD w=1.64389645 e=0.300879383306 i=373 Em=0.0068
# QATOM t=33.72 dir=FD w=1.64550624 e=0.301174018967 i=2289 Em=0.0046
# QATOM t=33.76 dir=FD w=1.64812229 e=0.301652830576 i=1642 Em=0.0004
# QATOM t=33.78 dir=FD w=1.64953116 e=0.301910693629 i=1093 Em=0.0003
# QATOM t=33.78 dir=FD w=1.64349274 e=0.300805493387 i=1529 Em=0.0078
# QATOM t=33.80 dir=FD w=1.64753051 e=0.301544518178 i=2681 Em=0.0013
# QATOM t=33.84 dir=FD w=1.26367082 e=0.231287376779 i=580 Em=0.5957
# QATOM t=33.84 dir=FD w=1.6494748 e=0.301900378894 i=1059 Em=0.0004
# QATOM t=33.86 dir=FD w=1.64916966 e=0.301844529648 i=125 Em=0.0004
# QATOM t=33.86 dir=FD w=1.64910588 e=0.301832856259 i=1901 Em=0.0011
# QATOM t=33.90 dir=FD w=1.38457412 e=0.253416087512 i=2146 Em=0.3963
# QATOM t=33.94 dir=FD w=1.64754201 e=0.301546623833 i=2353 Em=0.0001
# QATOM t=33.96 dir=FD w=1.64434244 e=0.30096101191 i=1573 Em=0.0064
# QATOM t=33.98 dir=FD w=1.63491552 e=0.299235619485 i=437 Em=0.0102
# QATOM t=34.00 dir=FD w=1.64815087 e=0.301658061522 i=2067 Em=0.0005
# QATOM t=34.02 dir=FD w=1.63446753 e=0.299153624581 i=913 Em=0.0118
# QATOM t=34.02 dir=FD w=1.64526635 e=0.301130112951 i=2671 Em=0.0031
# QATOM t=34.08 dir=FD w=1.64813332 e=0.301654850099 i=1710 Em=0.0008
# QATOM t=34.08 dir=FD w=1.36462531 e=0.24976489275 i=1930 Em=0.4339
# QATOM t=34.10 dir=FD w=1.64392413 e=0.300884449225 i=270 Em=0.0031
# QATOM t=34.10 dir=FD w=1.47065022 e=0.269170439903 i=836 Em=0.2381
# QATOM t=34.12 dir=FD w=1.64772307 e=0.301579762286 i=133 Em=0.0024
# QATOM t=34.12 dir=FD w=1.64430319 e=0.300953828106 i=1959 Em=0.0037
# QATOM t=34.14 dir=FD w=1.64358299 e=0.300822010133 i=1233 Em=0.0021
# QATOM t=34.24 dir=FD w=1.64871802 e=0.301761865305 i=2656 Em=0.0013
# QATOM t=34.28 dir=FD w=1.41063144 e=0.258185310788 i=377 Em=0.2182
# QATOM t=34.28 dir=FD w=1.64653923 e=0.30136308682 i=1660 Em=0.0009
# QATOM t=34.28 dir=FD w=1.64854393 e=0.301730002105 i=2594 Em=0.0000
# QATOM t=34.30 dir=FD w=1.64765609 e=0.301567502775 i=581 Em=0.0016
# QATOM t=34.32 dir=FD w=1.64953068 e=0.301910606086 i=936 Em=0.0002
# QATOM t=34.34 dir=FD w=1.64534332 e=0.301144200521 i=52 Em=0.0058
# QATOM t=34.40 dir=FD w=1.36818317 e=0.250416080872 i=63 Em=0.3870
# QATOM t=34.40 dir=FD w=1.64201421 e=0.300534879905 i=2088 Em=0.0096
# QATOM t=34.42 dir=FD w=1.64506434 e=0.301093138938 i=2205 Em=0.0049
# QATOM t=34.42 dir=FD w=1.64710735 e=0.301467068282 i=2566 Em=0.0024
# QATOM t=34.44 dir=FD w=1.27331928 e=0.233053315433 i=610 Em=0.5763
# QATOM t=34.46 dir=FD w=1.64666814 e=0.301386679695 i=449 Em=0.0009
# QATOM t=34.46 dir=FD w=1.64570553 e=0.30121049627 i=585 Em=0.0032
# QATOM t=34.54 dir=FD w=1.6489015 e=0.301795447938 i=2502 Em=0.0010
# QATOM t=34.54 dir=FD w=1.62860118 e=0.298079917356 i=2635 Em=0.0164
# QATOM t=34.58 dir=FD w=1.45548847 e=0.266395412246 i=678 Em=0.2474
# QATOM t=34.62 dir=FD w=1.43475575 e=0.262600740608 i=2587 Em=0.3118
# QATOM t=34.66 dir=FD w=1.64532799 e=0.301141394187 i=2156 Em=0.0017
# QATOM t=34.66 dir=FD w=1.64287963 e=0.300693276209 i=2634 Em=0.0059
# QATOM t=34.68 dir=FD w=1.64360169 e=0.300825434151 i=2066 Em=0.0078
# QATOM t=34.68 dir=FD w=1.62853729 e=0.298068223924 i=2214 Em=0.0158
# QATOM t=34.70 dir=FD w=1.41127863 e=0.258303766273 i=422 Em=0.3523
# QATOM t=34.70 dir=FD w=1.64689884 e=0.301428905648 i=1686 Em=0.0008
# QATOM t=34.76 dir=FD w=1.64722192 e=0.301488037817 i=827 Em=0.0020
# QATOM t=34.76 dir=FD w=1.64357156 e=0.300819918244 i=1926 Em=0.0048
# QATOM t=34.78 dir=FD w=1.64605287 e=0.301274067831 i=1339 Em=0.0004
# QATOM t=34.90 dir=FD w=1.23825957 e=0.226636400518 i=962 Em=0.6915
# QATOM t=34.90 dir=FD w=1.64067017 e=0.300288883564 i=1815 Em=0.0094
# QATOM t=34.92 dir=FD w=1.6494951 e=0.301904094389 i=104 Em=0.0000
# QATOM t=34.94 dir=FD w=1.64951314 e=0.301907396066 i=228 Em=0.0000
# QATOM t=34.94 dir=FD w=1.6482775 e=0.301681237607 i=1096 Em=0.0018
# QATOM t=35.00 dir=FD w=1.64709879 e=0.301465501359 i=608 Em=0.0026
# QATOM t=35.00 dir=FD w=1.64762844 e=0.301562441787 i=997 Em=0.0018
# QATOM t=35.00 dir=FD w=1.64616471 e=0.301294538844 i=2385 Em=0.0045
# QATOM t=35.04 dir=FD w=1.62440419 e=0.297311749579 i=1280 Em=0.0319
# QATOM t=35.18 dir=FD w=1.64793319 e=0.301618220877 i=2455 Em=0.0020
# QATOM t=35.20 dir=FD w=1.6466327 e=0.30138019288 i=842 Em=0.0000
# QATOM t=35.24 dir=FD w=1.44661162 e=0.264770699174 i=1445 Em=0.2518
# QATOM t=35.24 dir=FD w=1.64778739 e=0.301591534027 i=1741 Em=0.0011
# QATOM t=35.24 dir=FD w=1.64171468 e=0.300480056968 i=2443 Em=0.0032
# QATOM t=35.28 dir=FD w=1.64959502 e=0.301922382016 i=1910 Em=0.0000
# QATOM t=35.34 dir=FD w=1.64180897 e=0.300497315032 i=1113 Em=0.0085
# QATOM t=35.36 dir=FD w=1.64178115 e=0.300492222932 i=267 Em=0.0099
# QATOM t=35.36 dir=FD w=1.64820906 e=0.301668712613 i=892 Em=0.0022
# QATOM t=35.40 dir=FD w=1.64827964 e=0.301681629388 i=2396 Em=0.0017
# QATOM t=35.44 dir=FD w=1.64543784 e=0.301161500773 i=491 Em=0.0041
# QATOM t=35.46 dir=FD w=1.32562987 e=0.242627628841 i=1301 Em=0.5047
# QATOM t=35.46 dir=FD w=1.3290683 e=0.24325695812 i=1307 Em=0.4779
# QATOM t=35.46 dir=FD w=1.23842867 e=0.226667350666 i=1892 Em=0.6861
# QATOM t=35.48 dir=FD w=1.36301904 e=0.249470899981 i=1407 Em=0.4385
# QATOM t=35.52 dir=FD w=1.64730159 e=0.301502619609 i=170 Em=0.0008
# QATOM t=35.54 dir=FD w=1.64876532 e=0.301770522819 i=1493 Em=0.0010
# QATOM t=35.54 dir=FD w=1.64012711 e=0.300189487592 i=1539 Em=0.0117
# QATOM t=35.58 dir=FD w=1.64469707 e=0.301025918053 i=2532 Em=0.0066
# QATOM t=35.60 dir=FD w=1.64887202 e=0.301790052729 i=992 Em=0.0010
# QATOM t=35.64 dir=FD w=1.6457893 e=0.301225827463 i=279 Em=0.0040
# QATOM t=35.68 dir=FD w=1.6461827 e=0.301297831628 i=299 Em=0.0016
# QATOM t=35.68 dir=FD w=1.33885005 e=0.245047293556 i=2305 Em=0.4809
# QATOM t=35.74 dir=FD w=1.64694371 e=0.301437117842 i=864 Em=0.0002
# QATOM t=35.76 dir=FD w=1.6428516 e=0.30068814513 i=2267 Em=0.0047
# QATOM t=35.84 dir=FD w=1.47897648 e=0.270694380783 i=871 Em=0.2399
# QATOM t=35.88 dir=FD w=1.64903468 e=0.301819824227 i=153 Em=0.0007
# QATOM t=35.92 dir=FD w=1.64700836 e=0.301448950727 i=1412 Em=0.0033
# QATOM t=35.96 dir=FD w=1.64459073 e=0.301006455963 i=2655 Em=0.0029
# QATOM t=35.98 dir=FD w=1.64737807 e=0.301516617432 i=2285 Em=0.0011
t=   36.00 -1.07e-15 | 1.6747 16.44  22198   36   6114   5998 | 1.4338 15.08 | 1.75e-03 1.32e-02 |   0.0000 0.0000  0.0000  0.0000 0.000  0.00
# QATOM t=36.00 dir=FD w=1.64770421 e=0.301576310133 i=588 Em=0.0004
# QATOM t=36.08 dir=FD w=1.64735062 e=0.301511592739 i=1119 Em=0.0000
# QATOM t=36.12 dir=FD w=1.64299207 e=0.300713855514 i=877 Em=0.0081
# QATOM t=36.16 dir=FD w=1.29643085 e=0.237283385731 i=220 Em=0.5679
# QATOM t=36.18 dir=FD w=1.63667613 e=0.299557861073 i=761 Em=0.0071
# QATOM t=36.20 dir=FD w=1.40221901 e=0.256645600334 i=717 Em=0.3465
# QATOM t=36.22 dir=FD w=1.64617488 e=0.301296399433 i=295 Em=0.0045
# QATOM t=36.22 dir=FD w=1.64935669 e=0.301878760391 i=1071 Em=0.0001
# QATOM t=36.26 dir=FD w=1.63760286 e=0.299727479104 i=255 Em=0.0110
# QATOM t=36.26 dir=FD w=1.64874555 e=0.301766905235 i=1062 Em=0.0012
# QATOM t=36.28 dir=FD w=1.64704919 e=0.301456423331 i=191 Em=0.0006
# QATOM t=36.28 dir=FD w=1.31892067 e=0.241399656545 i=2343 Em=0.4567
# QATOM t=36.28 dir=FD w=1.6477799 e=0.301590163063 i=2682 Em=0.0000
# QATOM t=36.30 dir=FD w=1.64560965 e=0.301192945994 i=2195 Em=0.0031
# QATOM t=36.32 dir=FD w=1.64698653 e=0.301444955472 i=656 Em=0.0058
# QATOM t=36.32 dir=FD w=1.64461167 e=0.301010288515 i=1000 Em=0.0063
# QATOM t=36.34 dir=FD w=1.64789399 e=0.301611045051 i=2512 Em=0.0021
# QATOM t=36.36 dir=FD w=1.63977004 e=0.300124133253 i=742 Em=0.0044
# QATOM t=36.38 dir=FD w=1.44941735 e=0.265284225423 i=1663 Em=0.2495
# QATOM t=36.52 dir=FD w=1.47071096 e=0.269181556427 i=2215 Em=0.2298
# QATOM t=36.52 dir=FD w=1.64341402 e=0.300791084733 i=2524 Em=0.0073
# QATOM t=36.54 dir=FD w=1.28717769 e=0.235589795139 i=531 Em=0.5733
# QATOM t=36.56 dir=FD w=1.6463177 e=0.301322540206 i=1089 Em=0.0032
# QATOM t=36.64 dir=FD w=1.64485024 e=0.301053952982 i=2243 Em=0.0036
# QATOM t=36.66 dir=FD w=1.64499939 e=0.301081252419 i=1349 Em=0.0006
# QATOM t=36.68 dir=FD w=1.64487759 e=0.301058959754 i=199 Em=0.0007
# QATOM t=36.68 dir=FD w=1.64164213 e=0.300466778013 i=349 Em=0.0076
# QATOM t=36.72 dir=FD w=1.64856812 e=0.301734430756 i=276 Em=0.0000
# QATOM t=36.72 dir=FD w=1.38429749 e=0.253365455911 i=579 Em=0.3994
# QATOM t=36.72 dir=FD w=1.64889794 e=0.301794796144 i=2482 Em=0.0007
# QATOM t=36.78 dir=FD w=1.6434223 e=0.300792600301 i=2184 Em=0.0029
# QATOM t=36.80 dir=FD w=1.64333017 e=0.300775738182 i=414 Em=0.0039
# QATOM t=36.82 dir=FD w=1.37271023 e=0.251244661467 i=631 Em=0.4054
# QATOM t=36.82 dir=FD w=1.52893759 e=0.279838671799 i=2339 Em=0.1515
# QATOM t=36.84 dir=FD w=1.36267582 e=0.249408080974 i=1138 Em=0.4372
# QATOM t=36.84 dir=FD w=1.64793672 e=0.301618865427 i=2307 Em=0.0006
# QATOM t=36.88 dir=FD w=1.64806428 e=0.301642212527 i=1080 Em=0.0019
# QATOM t=36.88 dir=FD w=1.64712006 e=0.301469393811 i=1508 Em=0.0035
# QATOM t=36.92 dir=FD w=1.60784703 e=0.294281322074 i=1810 Em=0.0489
# QATOM t=36.94 dir=FD w=1.24020147 e=0.226991823751 i=1935 Em=0.6648
# QATOM t=36.98 dir=FD w=1.23185393 e=0.225463988966 i=380 Em=0.6848
# QATOM t=37.08 dir=FD w=1.64918849 e=0.301847976224 i=819 Em=0.0008
# QATOM t=37.08 dir=FD w=1.63142179 e=0.29859616835 i=1124 Em=0.0230
# QATOM t=37.08 dir=FD w=1.63792592 e=0.299786607385 i=1768 Em=0.0143
# QATOM t=37.12 dir=FD w=1.64857494 e=0.301735678608 i=869 Em=0.0016
# QATOM t=37.12 dir=FD w=1.41157958 e=0.258358848064 i=1879 Em=0.3506
# QATOM t=37.14 dir=FD w=1.41705141 e=0.259360346373 i=677 Em=0.2607
# QATOM t=37.16 dir=FD w=1.64455263 e=0.30099948158 i=62 Em=0.0019
# QATOM t=37.16 dir=FD w=1.64611118 e=0.301284740484 i=2084 Em=0.0048
# QATOM t=37.18 dir=FD w=1.64586631 e=0.301239923452 i=1176 Em=0.0017
# QATOM t=37.20 dir=FD w=1.64986268 e=0.301971370511 i=623 Em=0.0000
# QATOM t=37.20 dir=FD w=1.64736384 e=0.301514013463 i=1440 Em=0.0017
# QATOM t=37.20 dir=FD w=1.45443126 e=0.266201912609 i=1804 Em=0.2141
# QATOM t=37.24 dir=FD w=1.64577595 e=0.301223384898 i=97 Em=0.0044
# QATOM t=37.24 dir=FD w=1.64687047 e=0.30142371142 i=539 Em=0.0036
# QATOM t=37.26 dir=FD w=1.64432184 e=0.300957241183 i=765 Em=0.0053
# QATOM t=37.34 dir=FD w=1.63469165 e=0.299194645416 i=185 Em=0.0145
# QATOM t=37.34 dir=FD w=1.64332024 e=0.300773920762 i=1155 Em=0.0083
# QATOM t=37.34 dir=FD w=1.42388216 e=0.260610566106 i=1360 Em=0.3139
# QATOM t=37.40 dir=FD w=1.64646857 e=0.301350154098 i=1188 Em=0.0032
# QATOM t=37.42 dir=FD w=1.4090437 e=0.257894710428 i=1820 Em=0.3389
# QATOM t=37.54 dir=FD w=1.64751341 e=0.301541387796 i=2437 Em=0.0005
# QATOM t=37.56 dir=FD w=1.64892171 e=0.301799147465 i=455 Em=0.0001
# QATOM t=37.56 dir=FD w=1.6492987 e=0.301868146447 i=726 Em=0.0008
# QATOM t=37.58 dir=FD w=1.63969268 e=0.300109974492 i=278 Em=0.0110
# QATOM t=37.58 dir=FD w=1.64873388 e=0.301764768874 i=1882 Em=0.0002
# QATOM t=37.60 dir=FD w=1.64633421 e=0.301325562306 i=2598 Em=0.0044
# QATOM t=37.62 dir=FD w=1.64856546 e=0.301733942557 i=1244 Em=0.0010
# QATOM t=37.62 dir=FD w=1.64706091 e=0.30145856746 i=1909 Em=0.0016
# QATOM t=37.64 dir=FD w=1.64739904 e=0.301520456009 i=789 Em=0.0022
# QATOM t=37.64 dir=FD w=1.64250693 e=0.300625061665 i=1118 Em=0.0083
# QATOM t=37.68 dir=FD w=1.64706119 e=0.301458618883 i=1313 Em=0.0005
# QATOM t=37.72 dir=FD w=1.27966957 e=0.234215598475 i=244 Em=0.6010
# QATOM t=37.74 dir=FD w=1.64609719 e=0.301282181053 i=427 Em=0.0006
# QATOM t=37.84 dir=FD w=1.64420969 e=0.300936713793 i=1858 Em=0.0068
# QATOM t=37.84 dir=FD w=1.64957415 e=0.301918561912 i=2186 Em=0.0001
# QATOM t=37.90 dir=FD w=1.64564644 e=0.301199679928 i=141 Em=0.0031
# QATOM t=37.90 dir=FD w=1.64381156 e=0.300863845239 i=1195 Em=0.0076
# QATOM t=37.90 dir=FD w=1.64611866 e=0.301286109362 i=1859 Em=0.0029
# QATOM t=37.92 dir=FD w=1.64668494 e=0.301389755848 i=1165 Em=0.0005
# QATOM t=37.92 dir=FD w=1.64564332 e=0.301199109943 i=1191 Em=0.0053
# QATOM t=37.94 dir=FD w=1.45336543 e=0.266006836299 i=2435 Em=0.1094
# QATOM t=37.98 dir=FD w=1.64326248 e=0.300763348408 i=1833 Em=0.0055
# QATOM t=38.06 dir=FD w=1.5250492 e=0.279126985834 i=375 Em=0.1683
# QATOM t=38.06 dir=FD w=1.64312414 e=0.300738028312 i=431 Em=0.0043
# QATOM t=38.06 dir=FD w=1.64472651 e=0.30103130741 i=2002 Em=0.0047
# QATOM t=38.08 dir=FD w=1.43922168 e=0.263418131283 i=1314 Em=0.2005
# QATOM t=38.12 dir=FD w=1.36401494 e=0.249653177299 i=1742 Em=0.4344
# QATOM t=38.12 dir=FD w=1.64822233 e=0.301671140736 i=2136 Em=0.0016
# QATOM t=38.14 dir=FD w=1.64890475 e=0.301796042766 i=311 Em=0.0012
# QATOM t=38.14 dir=FD w=1.37455692 e=0.251582657649 i=1572 Em=0.4125
# QATOM t=38.20 dir=FD w=1.33120514 e=0.243648060451 i=277 Em=0.4703
# QATOM t=38.40 dir=FD w=1.64965625 e=0.301933588358 i=1835 Em=0.0002
# QATOM t=38.42 dir=FD w=1.64323729 e=0.300758737705 i=1674 Em=0.0058
# QATOM t=38.42 dir=FD w=1.64305455 e=0.300725290531 i=1852 Em=0.0018
# QATOM t=38.50 dir=FD w=1.64235912 e=0.300598008195 i=731 Em=0.0058
# QATOM t=38.50 dir=FD w=1.49301654 e=0.273264106942 i=1554 Em=0.2188
# QATOM t=38.54 dir=FD w=1.64627855 e=0.30131537509 i=838 Em=0.0035
# QATOM t=38.54 dir=FD w=1.64988411 e=0.301975292522 i=928 Em=0.0000
# QATOM t=38.66 dir=FD w=1.45817331 e=0.266886812948 i=103 Em=0.2287
# QATOM t=38.74 dir=FD w=1.64408616 e=0.300914104249 i=2376 Em=0.0063
# QATOM t=38.78 dir=FD w=1.64860132 e=0.301740506395 i=563 Em=0.0003
# QATOM t=38.90 dir=FD w=1.64442456 e=0.300976042702 i=139 Em=0.0052
# QATOM t=38.98 dir=FD w=1.53972983 e=0.281813954759 i=952 Em=0.1296
# QATOM t=39.02 dir=FD w=1.63836019 e=0.299866091614 i=2618 Em=0.0137
# QATOM t=39.06 dir=FD w=1.64756255 e=0.301550382837 i=1368 Em=0.0018
# QATOM t=39.14 dir=FD w=1.64632197 e=0.301323321901 i=1811 Em=0.0040
# QATOM t=39.14 dir=FD w=1.63210624 e=0.298721442812 i=2514 Em=0.0118
# QATOM t=39.26 dir=FD w=1.649286 e=0.301865822269 i=1107 Em=0.0001
# QATOM t=39.32 dir=FD w=1.4638102 e=0.26791852322 i=1031 Em=0.0858
# QATOM t=39.32 dir=FD w=1.6376595 e=0.299737845516 i=2271 Em=0.0153
# QATOM t=39.34 dir=FD w=1.64224852 e=0.300577764809 i=1348 Em=0.0093
# QATOM t=39.36 dir=FD w=1.64778341 e=0.3015908054 i=435 Em=0.0011
# QATOM t=39.36 dir=FD w=1.64349467 e=0.300805845643 i=2473 Em=0.0043
# QATOM t=39.38 dir=FD w=1.64551223 e=0.301175116044 i=1775 Em=0.0050
# QATOM t=39.38 dir=FD w=1.64281951 e=0.300682272317 i=2191 Em=0.0083
# QATOM t=39.40 dir=FD w=1.41987318 e=0.259876810994 i=2569 Em=0.3372
# QATOM t=39.50 dir=FD w=1.64658577 e=0.301371603979 i=280 Em=0.0000
# QATOM t=39.50 dir=FD w=1.41747274 e=0.259437462099 i=662 Em=0.3343
# QATOM t=39.62 dir=FD w=1.64966322 e=0.30193486417 i=1682 Em=0.0000
# QATOM t=39.68 dir=FD w=1.64578472 e=0.301224988972 i=2597 Em=0.0042
# QATOM t=39.70 dir=FD w=1.6421906 e=0.300567163945 i=1312 Em=0.0059
# QATOM t=39.76 dir=FD w=1.47652001 e=0.27024477653 i=2338 Em=0.2417
# QATOM t=39.80 dir=FD w=1.64692824 e=0.602868571289 i=704 Em=0.0035
# QATOM t=39.86 dir=FD w=1.39662156 e=0.25562110833 i=2353 Em=0.2178
# QATOM t=39.88 dir=FD w=1.63972611 e=0.300116093017 i=925 Em=0.0115
# QATOM t=39.88 dir=FD w=1.64704371 e=0.301455420012 i=1848 Em=0.0012
# QATOM t=39.94 dir=FD w=1.64333351 e=0.300776349238 i=2010 Em=0.0013
t=   40.00 -1.21e-15 | 1.6711 16.41  22153   34   6491   6450 | 1.4330 15.05 | 2.33e-03 1.25e-02 |   0.0000 0.0000  0.0000  0.0000 0.000  0.00
# QATOM t=40.00 dir=FD w=1.41435963 e=0.25886767574 i=133 Em=0.3418
# QATOM t=40.08 dir=FD w=1.6499355 e=0.301984699245 i=774 Em=0.0000
# QATOM t=40.08 dir=FD w=1.64082093 e=0.300316475955 i=855 Em=0.0112
# QATOM t=40.10 dir=FD w=1.63864609 e=0.29991841988 i=319 Em=0.0141
# QATOM t=40.16 dir=FD w=1.64388249 e=0.300876828011 i=2627 Em=0.0044
# QATOM t=40.20 dir=FD w=1.61883107 e=0.296291711006 i=794 Em=0.0391
# QATOM t=40.22 dir=FD w=1.64431507 e=0.30095600164 i=256 Em=0.0061
# QATOM t=40.24 dir=FD w=1.42670468 e=0.261127167219 i=2092 Em=0.3240
# QATOM t=40.26 dir=FD w=1.64838191 e=0.301700347576 i=189 Em=0.0003
# QATOM t=40.26 dir=FD w=1.64762574 e=0.301561948348 i=1511 Em=0.0024
# QATOM t=40.28 dir=FD w=1.64613573 e=0.301289234911 i=2208 Em=0.0031
# QATOM t=40.30 dir=FD w=1.6483787 e=0.30169976005 i=1365 Em=0.0011
# QATOM t=40.32 dir=FD w=1.27783617 e=0.233880033494 i=1498 Em=0.6054
# QATOM t=40.32 dir=FD w=1.64223667 e=0.300575596234 i=2538 Em=0.0062
# QATOM t=40.40 dir=FD w=1.26187772 e=0.230959187401 i=1123 Em=0.6343
# QATOM t=40.42 dir=FD w=1.64776448 e=0.301587342197 i=1874 Em=0.0012
# QATOM t=40.42 dir=FD w=1.64525765 e=0.301128521517 i=1907 Em=0.0050
# QATOM t=40.44 dir=FD w=1.64570198 e=0.301209845083 i=548 Em=0.0017
# QATOM t=40.44 dir=FD w=1.64338747 e=0.300786224424 i=1652 Em=0.0022
# QATOM t=40.44 dir=FD w=1.50566304 e=0.2755787732 i=2578 Em=0.1917
# QATOM t=40.50 dir=FD w=1.6174738 e=0.296043292302 i=1608 Em=0.0411
# QATOM t=40.54 dir=FD w=1.64629703 e=0.301318757474 i=659 Em=0.0061
# QATOM t=40.68 dir=FD w=1.64544994 e=0.301163715134 i=2071 Em=0.0032
# QATOM t=40.74 dir=FD w=1.36651571 e=0.250110889136 i=2590 Em=0.3955
# QATOM t=40.78 dir=FD w=1.28271518 e=0.234773030656 i=1443 Em=0.5311
# QATOM t=40.84 dir=FD w=1.42090534 e=0.260065724016 i=547 Em=0.3242
# QATOM t=40.88 dir=FD w=1.64836408 e=0.301697085632 i=341 Em=0.0002
# QATOM t=40.88 dir=FD w=1.64646845 e=0.301350131525 i=736 Em=0.0022
# QATOM t=40.88 dir=FD w=1.64525694 e=0.301128390233 i=834 Em=0.0048
# QATOM t=40.90 dir=FD w=1.64691579 e=0.301432007303 i=629 Em=0.0017
# QATOM t=40.90 dir=FD w=1.64319862 e=0.300751659402 i=1092 Em=0.0069
# QATOM t=40.92 dir=FD w=1.45175206 e=0.265711544035 i=1274 Em=0.2621
# QATOM t=41.00 dir=FD w=1.64870465 e=0.301759418741 i=754 Em=0.0000
# QATOM t=41.04 dir=FD w=1.54502467 e=0.282783061252 i=135 Em=0.1351
# QATOM t=41.10 dir=FD w=1.64166186 e=0.300470389019 i=560 Em=0.0003
# QATOM t=41.22 dir=FD w=1.6482466 e=0.301675582218 i=457 Em=0.0020
# QATOM t=41.26 dir=FD w=1.64916623 e=0.301843901773 i=215 Em=0.0000
# QATOM t=41.28 dir=FD w=1.64591398 e=0.301248647903 i=1463 Em=0.0037
# QATOM t=41.32 dir=FD w=1.64275923 e=0.300671240221 i=2076 Em=0.0073
# QATOM t=41.36 dir=FD w=1.64850413 e=0.301722717299 i=456 Em=0.0001
# QATOM t=41.44 dir=FD w=1.64236089 e=0.300598332009 i=2037 Em=0.0073
# QATOM t=41.66 dir=FD w=1.6353592 e=0.299316825589 i=1354 Em=0.0054
# QATOM t=41.70 dir=FD w=1.64504119 e=0.301088901661 i=18 Em=0.0059
# QATOM t=41.70 dir=FD w=1.29169919 e=0.236417358638 i=21 Em=0.5067
# QATOM t=41.70 dir=FD w=1.63718284 e=0.29965060378 i=673 Em=0.0130
# QATOM t=41.72 dir=FD w=1.64930452 e=0.301869211995 i=2216 Em=0.0005
# QATOM t=41.74 dir=FD w=1.62876121 e=0.298109208147 i=1957 Em=0.0247
# QATOM t=41.76 dir=FD w=1.64606326 e=0.301275969414 i=885 Em=0.0015
# QATOM t=41.78 dir=FD w=1.33829724 e=0.24494611502 i=64 Em=0.3832
# QATOM t=41.86 dir=FD w=1.29866119 e=0.237691599239 i=1238 Em=0.5383
# QATOM t=41.92 dir=FD w=1.38388539 e=0.253290030421 i=2264 Em=0.3706
# QATOM t=42.06 dir=FD w=1.6485038 e=0.301722658471 i=1326 Em=0.0018
# QATOM t=42.08 dir=FD w=1.63674289 e=0.299570080025 i=686 Em=0.0133
# QATOM t=42.10 dir=FD w=1.52104035 e=0.278393253787 i=393 Em=0.1874
# QATOM t=42.16 dir=FD w=1.64363458 e=0.300831453188 i=1082 Em=0.0068
# QATOM t=42.16 dir=FD w=1.42768963 e=0.261307441061 i=2195 Em=0.2922
# QATOM t=42.18 dir=FD w=1.6448593 e=0.30105561076 i=2659 Em=0.0042
# QATOM t=42.20 dir=FD w=1.64739489 e=0.301519695113 i=2300 Em=0.0007
# QATOM t=42.24 dir=FD w=1.64998456 e=0.301993678276 i=8 Em=0.0000
# QATOM t=42.24 dir=FD w=1.64424525 e=0.300943223659 i=1619 Em=0.0058
# QATOM t=42.28 dir=FD w=1.64484555 e=0.301053094471 i=595 Em=0.0047
# QATOM t=42.34 dir=FD w=1.64505629 e=0.301091666839 i=791 Em=0.0058
# QATOM t=42.48 dir=FD w=1.63957216 e=0.300087916775 i=1026 Em=0.0123
# QATOM t=42.52 dir=FD w=1.64779477 e=0.301592885296 i=2080 Em=0.0006
# QATOM t=42.56 dir=FD w=1.64847468 e=0.301717328766 i=2202 Em=0.0006
# QATOM t=42.60 dir=FD w=1.63820274 e=0.299837272642 i=1056 Em=0.0045
# QATOM t=42.62 dir=FD w=1.41844161 e=0.25961479259 i=1789 Em=0.3401
# QATOM t=42.64 dir=FD w=1.47737659 e=0.270401554399 i=1888 Em=0.2160
# QATOM t=42.70 dir=FD w=1.64730266 e=0.301502814719 i=14 Em=0.0018
# QATOM t=42.72 dir=FD w=1.64648838 e=0.301353778369 i=1941 Em=0.0034
# QATOM t=42.76 dir=FD w=1.13706899 e=0.208115673752 i=1892 Em=0.9397
# QATOM t=42.86 dir=FD w=1.40671469 e=0.257468436369 i=1795 Em=0.2321
# QATOM t=42.88 dir=FD w=1.41494623 e=0.258975039961 i=421 Em=0.3416
# QATOM t=42.92 dir=FD w=1.64646804 e=0.301350056962 i=325 Em=0.0040
# QATOM t=42.96 dir=FD w=1.5721082 e=0.287740109401 i=964 Em=0.0723
# QATOM t=42.96 dir=FD w=1.64877917 e=0.301773058213 i=1482 Em=0.0010
# QATOM t=43.00 dir=FD w=1.64990183 e=0.301978536695 i=1712 Em=0.0001
# QATOM t=43.02 dir=FD w=1.64567035 e=0.301204056694 i=1258 Em=0.0029
# QATOM t=43.06 dir=FD w=1.64843894 e=0.301710786687 i=1697 Em=0.0004
# QATOM t=43.14 dir=FD w=1.64014275 e=0.300192349102 i=400 Em=0.0037
# QATOM t=43.18 dir=FD w=1.31475342 e=0.240636931651 i=1019 Em=0.5150
# QATOM t=43.22 dir=FD w=1.64881541 e=0.301779690583 i=216 Em=0.0009
# QATOM t=43.22 dir=FD w=1.17262877 e=0.214624115299 i=220 Em=0.8455
# QATOM t=43.24 dir=FD w=1.44967941 e=0.265332191347 i=1981 Em=0.2618
# QATOM t=43.26 dir=FD w=1.43675145 e=0.262966009862 i=1106 Em=0.2552
# QATOM t=43.28 dir=FD w=1.26121636 e=0.230838140824 i=1147 Em=0.5931
# QATOM t=43.32 dir=FD w=1.63766281 e=0.299738450721 i=105 Em=0.0106
# QATOM t=43.32 dir=FD w=1.64503761 e=0.301088248143 i=2187 Em=0.0058
# QATOM t=43.52 dir=FD w=1.64879386 e=0.301775746206 i=2498 Em=0.0012
# QATOM t=43.54 dir=FD w=1.64795675 e=0.301622532977 i=630 Em=0.0007
# QATOM t=43.56 dir=FD w=1.64885414 e=0.301786779437 i=40 Em=0.0006
# QATOM t=43.56 dir=FD w=1.63956366 e=0.300086360126 i=616 Em=0.0092
# QATOM t=43.62 dir=FD w=1.64260971 e=0.300643872725 i=1716 Em=0.0063
# QATOM t=43.70 dir=FD w=1.64588979 e=0.301244220958 i=2481 Em=0.0001
# QATOM t=43.70 dir=FD w=1.42896035 e=0.26154001923 i=2573 Em=0.3198
# QATOM t=43.74 dir=FD w=1.64929448 e=0.301867374768 i=973 Em=0.0005
# QATOM t=43.74 dir=FD w=1.64672279 e=0.301396682023 i=1505 Em=0.0038
# QATOM t=43.78 dir=FD w=1.64338925 e=0.300786551149 i=771 Em=0.0030
# QATOM t=43.82 dir=FD w=1.64954464 e=0.301913161308 i=2575 Em=0.0002
# QATOM t=43.84 dir=FD w=1.35259978 e=0.247563881397 i=183 Em=0.4471
# QATOM t=43.84 dir=FD w=1.62202535 e=0.296876355457 i=1644 Em=0.0247
# QATOM t=43.84 dir=FD w=1.42214428 e=0.260292484861 i=1869 Em=0.3273
# QATOM t=43.90 dir=FD w=1.64223172 e=0.300574690134 i=960 Em=0.0023
# QATOM t=43.92 dir=FD w=1.6421962 e=0.300568190044 i=1478 Em=0.0086
# QATOM t=43.94 dir=FD w=1.64496628 e=0.30107519269 i=2475 Em=0.0001
t=   44.00 -1.07e-15 | 1.6683 16.39  22132   35   6861   6847 | 1.4325 15.03 | 8.69e-03 2.43e-02 |   0.0000 0.0000  0.0000  0.0000 0.000  0.00
# QATOM t=44.00 dir=FD w=1.64628383 e=0.301316341437 i=2245 Em=0.0023
# QATOM t=44.04 dir=FD w=1.64328566 e=0.30076759059 i=229 Em=0.0081
# QATOM t=44.10 dir=FD w=1.53401948 e=0.280768800062 i=1507 Em=0.1381
# QATOM t=44.22 dir=FD w=1.64052485 e=0.300262285532 i=1735 Em=0.0093
# QATOM t=44.26 dir=FD w=1.64777725 e=0.301589679296 i=762 Em=0.0019
# QATOM t=44.26 dir=FD w=1.47328297 e=0.269652307667 i=1558 Em=0.2099
# QATOM t=44.28 dir=FD w=1.4434928 e=0.264199867465 i=2351 Em=0.2769
# QATOM t=44.30 dir=FD w=1.64991384 e=0.301980734983 i=1844 Em=0.0000
# QATOM t=44.34 dir=FD w=1.6373918 e=0.299688849081 i=50 Em=0.0048
# QATOM t=44.34 dir=FD w=1.64946598 e=0.301898764122 i=1452 Em=0.0000
# QATOM t=44.36 dir=FD w=1.64881606 e=0.301779809967 i=1988 Em=0.0000
# QATOM t=44.40 dir=FD w=1.64940938 e=0.301888403497 i=396 Em=0.0004
# QATOM t=44.46 dir=FD w=1.64918051 e=0.30184651502 i=2604 Em=0.0007
# QATOM t=44.52 dir=FD w=1.64865585 e=0.301750487469 i=186 Em=0.0002
# QATOM t=44.54 dir=FD w=1.64408778 e=0.300914400854 i=709 Em=0.0146
# QATOM t=44.56 dir=FD w=1.35882051 e=0.248702451555 i=911 Em=0.4267
# QATOM t=44.60 dir=FD w=1.64870688 e=0.301759826872 i=898 Em=0.0006
# QATOM t=44.70 dir=FD w=1.63559882 e=0.299360682768 i=1067 Em=0.0166
# QATOM t=44.90 dir=FD w=1.6492713 e=0.301863131335 i=1066 Em=0.0005
# QATOM t=44.98 dir=FD w=1.64321337 e=0.30075436038 i=582 Em=0.0071
# QATOM t=44.98 dir=FD w=1.63579641 e=0.29939684778 i=2301 Em=0.0177
# QATOM t=45.00 dir=FD w=1.61761263 e=0.296068702418 i=58 Em=0.0305
# QATOM t=45.06 dir=FD w=1.3697919 e=0.250710524184 i=2618 Em=0.4249
# QATOM t=45.08 dir=FD w=1.26526927 e=0.231579936779 i=1064 Em=0.4506
# QATOM t=45.10 dir=FD w=1.64890783 e=0.301796606225 i=1236 Em=0.0004
# QATOM t=45.14 dir=FD w=1.63976828 e=0.300123811545 i=2100 Em=0.0128
# QATOM t=45.18 dir=FD w=1.6414128 e=0.300424804991 i=1782 Em=0.0101
# QATOM t=45.20 dir=FD w=1.63976912 e=0.300123965472 i=738 Em=0.0120
# QATOM t=45.22 dir=FD w=1.58956426 e=0.290935060762 i=1184 Em=0.0273
# QATOM t=45.22 dir=FD w=1.64803815 e=0.301637430096 i=1468 Em=0.0017
# QATOM t=45.24 dir=FD w=1.64679711 e=0.301410285751 i=956 Em=0.0008
# QATOM t=45.26 dir=FD w=1.40407367 e=0.2569850541 i=2271 Em=0.3552
# QATOM t=45.28 dir=FD w=1.64790741 e=0.301613501723 i=2673 Em=0.0022
# QATOM t=45.30 dir=FD w=1.64259766 e=0.300641668468 i=2609 Em=0.0061
# QATOM t=45.32 dir=FD w=1.40513959 e=0.25718014776 i=860 Em=0.1209
# QATOM t=45.40 dir=FD w=1.64634158 e=0.301326910036 i=79 Em=0.0017
# QATOM t=45.44 dir=FD w=1.53000658 e=0.28003432713 i=2098 Em=0.1610
# QATOM t=45.44 dir=FD w=1.6456814 e=0.301206079037 i=2368 Em=0.0035
# QATOM t=45.46 dir=FD w=1.62385957 e=0.297212068928 i=1861 Em=0.0299
# QATOM t=45.48 dir=FD w=1.63911955 e=0.300005075215 i=609 Em=0.0096
# QATOM t=45.50 dir=FD w=1.37893638 e=0.252384221722 i=371 Em=0.2776
# QATOM t=45.58 dir=FD w=1.26669299 e=0.231840518329 i=875 Em=0.6107
# QATOM t=45.62 dir=FD w=1.64530385 e=0.301136977257 i=1265 Em=0.0012
# QATOM t=45.64 dir=FD w=1.64759943 e=0.301557132371 i=208 Em=0.0011
# QATOM t=45.64 dir=FD w=1.62417013 e=0.297268909814 i=1438 Em=0.0200
# QATOM t=45.78 dir=FD w=1.64520362 e=0.301118632234 i=91 Em=0.0049
# QATOM t=45.78 dir=FD w=1.63545819 e=0.299334943404 i=505 Em=0.0151
# QATOM t=45.82 dir=FD w=1.63881342 e=0.29994904587 i=2296 Em=0.0081
# QATOM t=45.84 dir=FD w=1.64304675 e=0.300723864684 i=986 Em=0.0035
# QATOM t=45.84 dir=FD w=1.36679375 e=0.250161778043 i=1345 Em=0.2963
# QATOM t=45.94 dir=FD w=1.64658906 e=0.301372206356 i=650 Em=0.0013
# QATOM t=46.08 dir=FD w=1.64588865 e=0.301244012382 i=266 Em=0.0035
# QATOM t=46.10 dir=FD w=1.62114259 e=0.296714784858 i=1037 Em=0.0228
# QATOM t=46.12 dir=FD w=1.6427686 e=0.300672955047 i=1225 Em=0.0082
# QATOM t=46.16 dir=FD w=1.64430141 e=0.300953502329 i=1352 Em=0.0035
# QATOM t=46.16 dir=FD w=1.63947357 e=0.300069871266 i=2364 Em=0.0018
# QATOM t=46.16 dir=FD w=1.44646308 e=0.264743511076 i=2634 Em=0.2929
# QATOM t=46.20 dir=FD w=1.64970138 e=0.301941849082 i=448 Em=0.0002
# QATOM t=46.20 dir=FD w=1.63974664 e=0.300119849983 i=961 Em=0.0053
# QATOM t=46.20 dir=FD w=1.64508804 e=0.301097478094 i=1179 Em=0.0029
# QATOM t=46.36 dir=FD w=1.64720914 e=0.301485697688 i=896 Em=0.0000
# QATOM t=46.38 dir=FD w=1.64399554 e=0.300897518845 i=1865 Em=0.0031
# QATOM t=46.42 dir=FD w=1.62176434 e=0.296828582179 i=169 Em=0.0354
# QATOM t=46.60 dir=FD w=1.61533513 e=0.295651856637 i=1119 Em=0.0313
# QATOM t=46.68 dir=FD w=1.62994054 e=0.298325058423 i=70 Em=0.0250
# QATOM t=46.72 dir=FD w=1.6498319 e=0.301965736626 i=2199 Em=0.0002
# QATOM t=46.74 dir=FD w=1.64200384 e=0.300532982201 i=123 Em=0.0077
# QATOM t=46.74 dir=FD w=1.47272643 e=0.269550445685 i=274 Em=0.2250
# QATOM t=46.78 dir=FD w=1.64525086 e=0.301127278743 i=34 Em=0.0001
# QATOM t=46.80 dir=FD w=1.63973777 e=0.300118226362 i=919 Em=0.0063
# QATOM t=46.82 dir=FD w=1.58192332 e=0.289536554039 i=1162 Em=0.0864
# QATOM t=46.82 dir=FD w=1.64852034 e=0.30172568484 i=1409 Em=0.0013
# QATOM t=46.84 dir=FD w=1.6478197 e=0.603194894634 i=1185 Em=0.0026
# QATOM t=46.92 dir=FD w=1.37499222 e=0.503324659829 i=167 Em=0.3867
# QATOM t=47.00 dir=FD w=1.33353845 e=0.244075121576 i=1316 Em=0.3209
# QATOM t=47.02 dir=FD w=1.64533444 e=0.301142574815 i=1748 Em=0.0031
# QATOM t=47.06 dir=FD w=1.28525231 e=0.235237396103 i=851 Em=0.5793
# QATOM t=47.06 dir=FD w=1.39932195 e=0.256115355943 i=1853 Em=0.3699
# QATOM t=47.16 dir=FD w=1.21269607 e=0.22195756059 i=1013 Em=0.7309
# QATOM t=47.16 dir=FD w=1.64035047 e=0.300230368982 i=1421 Em=0.0067
# QATOM t=47.44 dir=FD w=1.62163343 e=0.296804622774 i=1318 Em=0.0373
# QATOM t=47.44 dir=FD w=1.64494473 e=0.301071247426 i=1607 Em=0.0032
# QATOM t=47.44 dir=FD w=1.64410866 e=0.300918223157 i=2697 Em=0.0067
# QATOM t=47.50 dir=FD w=1.43337057 e=0.262347212627 i=1412 Em=0.3049
# QATOM t=47.52 dir=FD w=1.64385398 e=0.300871608866 i=283 Em=0.0024
# QATOM t=47.52 dir=FD w=1.64433734 e=0.3009600781 i=2395 Em=0.0047
# QATOM t=47.58 dir=FD w=1.6424334 e=0.601223205899 i=891 Em=0.0046
# QATOM t=47.58 dir=FD w=1.64098984 e=0.300347391968 i=1327 Em=0.0109
# QATOM t=47.66 dir=FD w=1.64926594 e=0.301862150014 i=2279 Em=0.0002
# QATOM t=47.68 dir=FD w=1.63735264 e=0.299681681432 i=1479 Em=0.0144
# QATOM t=47.70 dir=FD w=1.64716869 e=0.301478294718 i=646 Em=0.0020
# QATOM t=47.70 dir=FD w=1.64918706 e=0.301847713151 i=746 Em=0.0005
# QATOM t=47.72 dir=FD w=1.60493941 e=0.293749145684 i=162 Em=0.0409
# QATOM t=47.84 dir=FD w=1.40797583 e=0.257699260655 i=1268 Em=0.3529
# QATOM t=47.88 dir=FD w=1.64755704 e=0.301549373988 i=120 Em=0.0018
# QATOM t=47.90 dir=FD w=1.63259732 e=0.29881132291 i=2004 Em=0.0095
t=   48.00 -1.21e-15 | 1.6657 16.37  22104   39   7281   7279 | 1.4320 15.02 | 6.46e-03 1.61e-02 |   0.0000 0.0000  0.0000  0.0000 0.000  0.00
# QATOM t=48.04 dir=FD w=1.36194339 e=0.249274026253 i=312 Em=0.4403
# QATOM t=48.04 dir=FD w=1.63497029 e=0.299245643143 i=697 Em=0.0167
# QATOM t=48.06 dir=FD w=1.64450501 e=0.300990766201 i=306 Em=0.0041
# QATOM t=48.08 dir=FD w=1.4866141 e=0.272092280361 i=2056 Em=0.1058
# QATOM t=48.10 dir=FD w=1.64484046 e=0.301052163768 i=288 Em=0.0041
# QATOM t=48.10 dir=FD w=1.64601976 e=0.301268008672 i=487 Em=0.0030
# QATOM t=48.12 dir=FD w=1.4668267 e=0.268470627455 i=872 Em=0.2266
# QATOM t=48.14 dir=FD w=1.63387377 e=0.299044950137 i=2494 Em=0.0194
# QATOM t=48.16 dir=FD w=1.64890965 e=0.301796940331 i=2399 Em=0.0013
# QATOM t=48.20 dir=FD w=1.26263071 e=0.231097007369 i=1324 Em=0.6390
# QATOM t=48.20 dir=FD w=1.63710784 e=0.299636875103 i=1976 Em=0.0157
# QATOM t=48.28 dir=FD w=1.43152031 e=0.262008562856 i=174 Em=0.2375
# QATOM t=48.28 dir=FD w=1.47123094 e=0.269276727212 i=501 Em=0.2527
# QATOM t=48.28 dir=FD w=1.33891455 e=0.245059099405 i=1071 Em=0.4820
# QATOM t=48.28 dir=FD w=1.64782876 e=0.30159910665 i=2332 Em=0.0011
# QATOM t=48.36 dir=FD w=1.64746598 e=0.301532706728 i=645 Em=0.0009
# QATOM t=48.38 dir=FD w=1.63552462 e=0.299347102497 i=217 Em=0.0125
# QATOM t=48.38 dir=FD w=1.54692512 e=0.283130896796 i=1204 Em=0.1172
# QATOM t=48.40 dir=FD w=1.63328246 e=0.298936722927 i=1762 Em=0.0153
# QATOM t=48.44 dir=FD w=1.64800795 e=0.301631903707 i=1509 Em=0.0015
# QATOM t=48.56 dir=FD w=1.64502889 e=0.301086651261 i=1350 Em=0.0097
# QATOM t=48.70 dir=FD w=1.62399339 e=0.297236561152 i=712 Em=0.0316
# QATOM t=48.76 dir=FD w=1.3946746 e=0.255264759231 i=2302 Em=0.3769
# QATOM t=48.86 dir=FD w=1.43347508 e=0.26236634236 i=534 Em=0.3016
# QATOM t=48.88 dir=FD w=1.46340646 e=0.267844627111 i=978 Em=0.1754
# QATOM t=48.92 dir=FD w=1.6432272 e=0.300756891831 i=2019 Em=0.0054
# QATOM t=48.98 dir=FD w=1.6427123 e=0.300662650178 i=715 Em=0.0085
# QATOM t=49.02 dir=FD w=1.39756476 e=0.255793740575 i=1228 Em=0.3500
# QATOM t=49.12 dir=FD w=1.64642642 e=0.301342437876 i=2062 Em=0.0022
# QATOM t=49.14 dir=FD w=1.64378437 e=0.300858869877 i=2027 Em=0.0060
# QATOM t=49.16 dir=FD w=1.61496162 e=0.295583493858 i=1966 Em=0.0177
# QATOM t=49.18 dir=FD w=1.25224248 e=0.22919566697 i=472 Em=0.6505
# QATOM t=49.20 dir=FD w=1.64742108 e=0.301524490167 i=243 Em=0.0024
# QATOM t=49.26 dir=FD w=1.41517846 e=0.259017544707 i=1191 Em=0.3163
# QATOM t=49.40 dir=FD w=1.31884468 e=0.241385747456 i=340 Em=0.5279
# QATOM t=49.50 dir=FD w=1.34836522 e=0.246788837535 i=1611 Em=0.4645
# QATOM t=49.54 dir=FD w=1.64100273 e=0.300349750247 i=197 Em=0.0100
# QATOM t=49.54 dir=FD w=1.45148396 e=0.265662474765 i=771 Em=0.2812
# QATOM t=49.64 dir=FD w=1.39653061 e=0.255604461877 i=1505 Em=0.3794
# QATOM t=49.74 dir=FD w=1.64126335 e=0.300397451496 i=1867 Em=0.0067
# QATOM t=49.76 dir=FD w=1.63995908 e=0.300158732904 i=2126 Em=0.0087
# QATOM t=49.82 dir=FD w=1.43717184 e=0.263042952998 i=2163 Em=0.2198
# QATOM t=49.96 dir=FD w=1.64359962 e=0.300825053786 i=1241 Em=0.0075
# QATOM t=50.04 dir=FD w=1.64904766 e=0.301822199233 i=1091 Em=0.0005
# QATOM t=50.16 dir=FD w=1.63539364 e=0.29932312962 i=660 Em=0.0080
# QATOM t=50.20 dir=FD w=1.61581602 e=0.295739872849 i=1053 Em=0.0389
# QATOM t=50.22 dir=FD w=1.63827163 e=0.299849882615 i=1402 Em=0.0048
# QATOM t=50.22 dir=FD w=1.64008665 e=0.300182082287 i=2483 Em=0.0019
# QATOM t=50.24 dir=FD w=1.64954195 e=0.301912668178 i=2323 Em=0.0003
# QATOM t=50.26 dir=FD w=1.23071435 e=0.225255414008 i=1460 Em=0.7094
# QATOM t=50.34 dir=FD w=1.64818578 e=0.301664451886 i=808 Em=0.0008
# QATOM t=50.44 dir=FD w=1.64448766 e=0.300987591018 i=16 Em=0.0009
# QATOM t=50.46 dir=FD w=1.40879371 e=0.257848954666 i=466 Em=0.3093
# QATOM t=50.50 dir=FD w=1.63902417 e=0.299987617922 i=1614 Em=0.0000
# QATOM t=50.78 dir=FD w=1.42437193 e=0.260700207648 i=1368 Em=0.3281
# QATOM t=50.82 dir=FD w=1.35714131 e=0.248395110903 i=1883 Em=0.3666
# QATOM t=50.86 dir=FD w=1.17600146 e=0.215241412391 i=1104 Em=0.8311
# QATOM t=50.86 dir=FD w=1.47873025 e=0.270649312378 i=2234 Em=0.2402
# QATOM t=50.92 dir=FD w=1.36861208 e=0.250494585093 i=2520 Em=0.4147
# QATOM t=50.98 dir=FD w=1.63799548 e=0.2997993389 i=1458 Em=0.0126
# QATOM t=50.98 dir=FD w=1.62353088 e=0.29715191032 i=2011 Em=0.0022
# QATOM t=51.00 dir=FD w=1.64544253 e=0.301162358441 i=652 Em=0.0011
# QATOM t=51.10 dir=FD w=1.62986571 e=0.298311361416 i=360 Em=0.0070
# QATOM t=51.16 dir=FD w=1.64124968 e=0.300394948501 i=951 Em=0.0083
# QATOM t=51.16 dir=FD w=1.30872493 e=0.23953354817 i=1554 Em=0.5394
# QATOM t=51.18 dir=FD w=1.42911588 e=0.26156848482 i=1938 Em=0.2677
# QATOM t=51.24 dir=FD w=1.64169962 e=0.300477300577 i=203 Em=0.0080
# QATOM t=51.24 dir=FD w=1.47001175 e=0.269053582087 i=1001 Em=0.1414
# QATOM t=51.32 dir=FD w=1.3160903 e=0.240881618162 i=2663 Em=0.4506
# QATOM t=51.38 dir=FD w=1.64808038 e=0.30164516042 i=1732 Em=0.0011
# QATOM t=51.48 dir=FD w=1.39596522 e=0.255500980672 i=80 Em=0.3223
# QATOM t=51.48 dir=FD w=1.64545428 e=0.301164509159 i=1386 Em=0.0021
# QATOM t=51.50 dir=FD w=1.64252274 e=0.300627954322 i=2078 Em=0.0090
# QATOM t=51.50 dir=FD w=1.64727943 e=0.301498564274 i=2102 Em=0.0016
# QATOM t=51.54 dir=FD w=1.64672618 e=0.301397303971 i=545 Em=0.0019
# QATOM t=51.54 dir=FD w=1.64544456 e=0.301162730925 i=1760 Em=0.0026
# QATOM t=51.56 dir=FD w=1.42320371 e=0.260486391229 i=1914 Em=0.2343
# QATOM t=51.66 dir=FD w=1.25779352 e=0.230211664536 i=1491 Em=0.6457
# QATOM t=51.74 dir=FD w=1.64708422 e=0.301462835164 i=1131 Em=0.0031
# QATOM t=51.78 dir=FD w=1.63044213 e=0.298416863437 i=1809 Em=0.0118
# QATOM t=51.80 dir=FD w=1.39933349 e=0.256117467655 i=35 Em=0.3701
# QATOM t=51.80 dir=FD w=1.6473567 e=0.301512706829 i=1259 Em=0.0013
# QATOM t=51.84 dir=FD w=1.64579613 e=0.301227078728 i=577 Em=0.0032
# QATOM t=51.94 dir=FD w=1.60007919 e=0.292859588744 i=654 Em=0.0620
# QATOM t=51.98 dir=FD w=1.64111421 e=0.300370153899 i=1070 Em=0.0107
t=   52.00 -1.21e-15 | 1.6635 16.34  22063   33   7649   7680 | 1.4315 15.01 | 4.42e-03 1.31e-02 |   0.0000 0.0000  0.0000  0.0000 0.000  0.00
# QATOM t=52.00 dir=FD w=1.64212298 e=0.300554787626 i=2334 Em=0.0006
# QATOM t=52.12 dir=FD w=1.63229453 e=0.298755904514 i=1325 Em=0.0213
# QATOM t=52.14 dir=FD w=1.28712095 e=0.23557941021 i=1873 Em=0.5831
# QATOM t=52.16 dir=FD w=1.6434497 e=0.30079761441 i=2441 Em=0.0083
# QATOM t=52.16 dir=FD w=1.3052758 e=0.238902259325 i=2551 Em=0.5199
# QATOM t=52.18 dir=FD w=1.63879736 e=0.299946104906 i=2082 Em=0.0089
# QATOM t=52.26 dir=FD w=1.26503516 e=0.231537087825 i=2378 Em=0.4568
# QATOM t=52.32 dir=FD w=1.34885512 e=0.246878504375 i=88 Em=0.3954
# QATOM t=52.32 dir=FD w=1.64280784 e=0.300680135941 i=383 Em=0.0089
# QATOM t=52.32 dir=FD w=1.64832041 e=0.301689092752 i=1002 Em=0.0016
# QATOM t=52.32 dir=FD w=1.32531931 e=0.242570786573 i=2569 Em=0.4587
# QATOM t=52.34 dir=FD w=1.40833167 e=0.257764389218 i=84 Em=0.3032
# QATOM t=52.36 dir=FD w=1.45547022 e=0.266392071812 i=1285 Em=0.0584
# QATOM t=52.38 dir=FD w=1.64615998 e=0.301293672939 i=2423 Em=0.0011
# QATOM t=52.40 dir=FD w=1.27893871 e=0.234081830136 i=1542 Em=0.4262
# QATOM t=52.42 dir=FD w=1.64729066 e=0.301500618597 i=286 Em=0.0017
# QATOM t=52.46 dir=FD w=1.49144784 e=0.272976990678 i=2455 Em=0.1611
# QATOM t=52.60 dir=FD w=1.64529673 e=0.301135673356 i=96 Em=0.0054
# QATOM t=52.66 dir=FD w=1.64837643 e=0.301699346177 i=1580 Em=0.0000
# QATOM t=52.68 dir=FD w=1.64536834 e=0.301148779805 i=308 Em=0.0005
# QATOM t=52.68 dir=FD w=1.38263421 e=0.253061028854 i=1666 Em=0.3378
# QATOM t=52.68 dir=FD w=1.37941609 e=0.252472021919 i=1868 Em=0.3031
# QATOM t=52.74 dir=FD w=1.64675807 e=0.301403140574 i=1978 Em=0.0015
# QATOM t=52.78 dir=FD w=1.63297638 e=0.29888070221 i=1294 Em=0.0034
# QATOM t=52.78 dir=FD w=1.64951341 e=0.301907444084 i=2225 Em=0.0005
# QATOM t=52.94 dir=FD w=1.64457159 e=0.301002952523 i=2480 Em=0.0056
# QATOM t=53.00 dir=FD w=1.39239982 e=0.254848411265 i=56 Em=0.2977
# QATOM t=53.02 dir=FD w=1.35216956 e=0.247485139796 i=363 Em=0.4539
# QATOM t=53.14 dir=FD w=1.64061748 e=0.300279238502 i=1342 Em=0.0043
# QATOM t=53.20 dir=FD w=1.64585993 e=0.30123875456 i=2196 Em=0.0026
# QATOM t=53.34 dir=FD w=1.32382395 e=0.242297095049 i=377 Em=0.5081
# QATOM t=53.44 dir=FD w=1.64263657 e=0.300648788976 i=1035 Em=0.0016
# QATOM t=53.58 dir=FD w=1.64197943 e=0.300528513352 i=1749 Em=0.0095
# QATOM t=53.60 dir=FD w=1.58567704 e=0.290223590172 i=1707 Em=0.0555
# QATOM t=53.66 dir=FD w=1.64570748 e=0.30121085161 i=634 Em=0.0031
# QATOM t=53.66 dir=FD w=1.64772823 e=0.301580707314 i=653 Em=0.0024
# QATOM t=53.78 dir=FD w=1.64806629 e=0.301642581365 i=2638 Em=0.0014
# QATOM t=53.88 dir=FD w=1.64707505 e=0.301461156186 i=2047 Em=0.0005
# QATOM t=53.90 dir=FD w=1.37824239 e=0.252257201783 i=607 Em=0.3546
# QATOM t=53.90 dir=FD w=1.47763366 e=0.270448605867 i=1132 Em=0.2271
# QATOM t=54.02 dir=FD w=1.64464606 e=0.30101658229 i=2278 Em=0.0042
# QATOM t=54.04 dir=FD w=1.28807881 e=0.235754725841 i=790 Em=0.5796
# QATOM t=54.08 dir=FD w=1.55652661 e=0.28488823933 i=1971 Em=0.1199
# QATOM t=54.10 dir=FD w=1.64964135 e=0.301930861117 i=1656 Em=0.0002
# QATOM t=54.16 dir=FD w=1.64723319 e=0.301490100626 i=2133 Em=0.0009
# QATOM t=54.24 dir=FD w=1.63207733 e=0.298716150763 i=596 Em=0.0213
# QATOM t=54.28 dir=FD w=1.6462143 e=0.301303613836 i=1120 Em=0.0027
# QATOM t=54.38 dir=FD w=1.63489166 e=0.299231252986 i=49 Em=0.0134
# QATOM t=54.38 dir=FD w=1.64344737 e=0.300797189358 i=190 Em=0.0061
# QATOM t=54.52 dir=FD w=1.44048988 e=0.263650247345 i=2527 Em=0.2282
# QATOM t=54.58 dir=FD w=1.64674534 e=0.301400809833 i=515 Em=0.0035
# QATOM t=54.58 dir=FD w=1.2226877 e=0.22378631086 i=2632 Em=0.7263
# QATOM t=54.60 dir=FD w=1.6267495 e=0.297741007031 i=234 Em=0.0084
# QATOM t=54.64 dir=FD w=1.63117287 e=0.298550609695 i=98 Em=0.0202
# QATOM t=54.76 dir=FD w=1.64936065 e=0.301879485973 i=1300 Em=0.0007
# QATOM t=54.80 dir=FD w=1.40550672 e=0.257247342534 i=2019 Em=0.3551
# QATOM t=54.86 dir=FD w=1.15633652 e=0.211642174211 i=2146 Em=0.8839
# QATOM t=54.90 dir=FD w=1.25724414 e=0.230111113164 i=741 Em=0.6483
# QATOM t=54.92 dir=FD w=1.6463104 e=0.301321203388 i=1759 Em=0.0043
# QATOM t=55.04 dir=FD w=1.41188466 e=0.258414685558 i=2241 Em=0.1959
# QATOM t=55.16 dir=FD w=1.25164379 e=0.229086090792 i=1557 Em=0.6602
# QATOM t=55.20 dir=FD w=1.64233484 e=0.300593563571 i=408 Em=0.0049
# QATOM t=55.22 dir=FD w=1.64397425 e=0.300893622837 i=901 Em=0.0062
# QATOM t=55.26 dir=FD w=1.45832648 e=0.266914847398 i=2541 Em=0.2672
# QATOM t=55.32 dir=FD w=1.4009305 e=0.2564097653 i=1784 Em=0.3396
# QATOM t=55.36 dir=FD w=1.64541475 e=0.301157274682 i=811 Em=0.0044
# QATOM t=55.64 dir=FD w=1.27262941 e=0.232927050756 i=1381 Em=0.5731
# QATOM t=55.90 dir=FD w=1.63956423 e=0.300086464218 i=605 Em=0.0035
# QATOM t=55.94 dir=FD w=1.56129153 e=0.285760355098 i=2000 Em=0.0886
t=   56.00 -1.07e-15 | 1.6617 16.36  22081   32   8038   8084 | 1.4316 15.01 | 3.85e-03 1.55e-02 |   0.0000 0.0000  0.0000  0.0000 0.000  0.00
# QATOM t=56.00 dir=FD w=1.31779292 e=0.24119324542 i=2687 Em=0.4288
# QATOM t=56.04 dir=FD w=1.63601304 e=0.299436497308 i=2174 Em=0.0149
# QATOM t=56.34 dir=FD w=1.64576282 e=0.301220981455 i=2311 Em=0.0036
# QATOM t=56.36 dir=FD w=1.58100785 e=0.289368996291 i=476 Em=0.0764
# QATOM t=56.36 dir=FD w=1.51955574 e=0.27812152846 i=2594 Em=0.1657
# QATOM t=56.50 dir=FD w=1.64051109 e=0.300259767453 i=10 Em=0.0070
# QATOM t=56.58 dir=FD w=1.41585181 e=0.259140787192 i=1142 Em=0.2921
# QATOM t=56.64 dir=FD w=1.64824291 e=0.301674907772 i=733 Em=0.0000
# QATOM t=56.70 dir=FD w=1.63236561 e=0.298768914005 i=1703 Em=0.0149
# QATOM t=56.72 dir=FD w=1.41875458 e=0.25967207542 i=2681 Em=0.2944
# QATOM t=56.82 dir=FD w=1.44149924 e=0.26383498948 i=2417 Em=0.0783
# QATOM t=56.86 dir=FD w=1.63502663 e=0.299255955942 i=691 Em=0.0073
# QATOM t=56.96 dir=FD w=1.32643052 e=0.242774170221 i=1286 Em=0.3754
# QATOM t=57.02 dir=FD w=1.44524355 e=0.264520302648 i=1587 Em=0.2677
# QATOM t=57.04 dir=FD w=1.64693828 e=0.301436124135 i=1413 Em=0.0000
# QATOM t=57.06 dir=FD w=1.33935938 e=0.245140515124 i=1390 Em=0.3680
# QATOM t=57.20 dir=FD w=1.64393485 e=0.300886411836 i=1223 Em=0.0065
# QATOM t=57.26 dir=FD w=1.42705941 e=0.261192092992 i=1531 Em=0.3209
# QATOM t=57.36 dir=FD w=1.63414043 e=0.29909375566 i=1767 Em=0.0130
# QATOM t=57.48 dir=FD w=1.63336693 e=0.298952183968 i=1998 Em=0.0062
# QATOM t=57.54 dir=FD w=1.64670349 e=0.30139314997 i=624 Em=0.0005
# QATOM t=57.56 dir=FD w=1.64519335 e=0.301116751532 i=990 Em=0.0000
# QATOM t=57.84 dir=FD w=1.64245833 e=0.300616166412 i=2433 Em=0.0073
# QATOM t=57.90 dir=FD w=1.64125771 e=0.300396419475 i=1594 Em=0.0093
# QATOM t=58.00 dir=FD w=1.2452198 e=0.227910318967 i=1394 Em=0.6734
# QATOM t=58.04 dir=FD w=1.0868733 e=0.198928447795 i=322 Em=1.0773
# QATOM t=58.40 dir=FD w=1.34292034 e=0.245792272714 i=1642 Em=0.1327
# QATOM t=58.48 dir=FD w=1.21653487 e=0.222660167899 i=2623 Em=0.7247
# QATOM t=58.50 dir=FD w=1.64614175 e=0.30129033586 i=233 Em=0.0041
# QATOM t=58.52 dir=FD w=1.64531948 e=0.301139837959 i=559 Em=0.0037
# QATOM t=58.56 dir=FD w=1.63774808 e=0.299754058144 i=293 Em=0.0069
# QATOM t=58.60 dir=FD w=1.58063442 e=0.289300648297 i=706 Em=0.0887
# QATOM t=58.64 dir=FD w=1.39784927 e=0.255845814016 i=2017 Em=0.3703
# QATOM t=58.70 dir=FD w=1.63385069 e=0.299040726442 i=2454 Em=0.0201
# QATOM t=58.70 dir=FD w=1.64368266 e=0.300840252446 i=2654 Em=0.0004
# QATOM t=58.90 dir=FD w=1.38381144 e=0.253276496497 i=1514 Em=0.1723
# QATOM t=58.92 dir=FD w=1.42825919 e=0.261411686878 i=883 Em=0.2961
# QATOM t=58.96 dir=FD w=1.63916871 e=0.300014073055 i=1187 Em=0.0092
# QATOM t=59.02 dir=FD w=1.41459409 e=0.258910588532 i=0 Em=0.3449
# QATOM t=59.02 dir=FD w=1.64947175 e=0.301899820418 i=1780 Em=0.0000
# QATOM t=59.02 dir=FD w=1.64602099 e=0.301268232655 i=1974 Em=0.0033
# QATOM t=59.10 dir=FD w=1.6403354 e=0.300227611097 i=2157 Em=0.0056
# QATOM t=59.16 dir=FD w=1.23110578 e=0.225327055711 i=1037 Em=0.7063
# QATOM t=59.62 dir=FD w=1.53973883 e=0.281815602959 i=964 Em=0.0824
# QATOM t=59.64 dir=FD w=1.62976445 e=0.298292828605 i=2104 Em=0.0103
# QATOM t=59.78 dir=FD w=1.40498972 e=0.257152717997 i=1940 Em=0.3599
# QATOM t=59.82 dir=FD w=1.64180782 e=0.300497105494 i=639 Em=0.0014
# QATOM t=59.92 dir=FD w=1.27290992 e=0.232978391104 i=593 Em=0.5546
# QATOM t=59.96 dir=FD w=1.64863694 e=0.301747025828 i=425 Em=0.0001
t=   60.00 -1.07e-15 | 1.6602 16.35  22079   28   8421   8463 | 1.4315 15.00 | 4.79e-03 1.78e-02 |   0.0000 0.0000  0.0000  0.0000 0.000  0.00
# QATOM t=60.16 dir=FD w=1.64527025 e=0.301130826577 i=444 Em=0.0026
# QATOM t=60.34 dir=FD w=1.64883156 e=0.301782646796 i=1489 Em=0.0001
# QATOM t=60.36 dir=FD w=1.33878968 e=0.245036245097 i=1999 Em=0.4807
# QATOM t=60.66 dir=FD w=1.21908812 e=0.223127485895 i=68 Em=0.6174
# QATOM t=60.74 dir=FD w=1.27620211 e=0.23358095451 i=2590 Em=0.5848
# QATOM t=61.22 dir=FD w=1.47690092 e=0.270314493965 i=2488 Em=0.1558
# QATOM t=61.28 dir=FD w=1.48178935 e=0.271209214842 i=1828 Em=0.1584
# QATOM t=61.28 dir=FD w=1.1146257 e=0.204007919125 i=2592 Em=0.9896
# QATOM t=61.48 dir=FD w=1.48819276 e=0.272381218518 i=713 Em=0.2038
# QATOM t=61.50 dir=FD w=1.64590443 e=0.301246899441 i=2070 Em=0.0016
# QATOM t=61.66 dir=FD w=1.64330338 e=0.300770835225 i=1376 Em=0.0062
# QATOM t=61.70 dir=FD w=1.64509275 e=0.30109833989 i=313 Em=0.0035
# QATOM t=61.72 dir=FD w=1.48163396 e=0.271180774576 i=940 Em=0.2215
# QATOM t=61.90 dir=FD w=1.39561588 e=0.255437040625 i=687 Em=0.3453
# QATOM t=61.92 dir=FD w=1.57460836 e=0.288197709246 i=905 Em=0.0894
# QATOM t=61.94 dir=FD w=1.45497772 e=0.266301930818 i=1562 Em=0.1975
# QATOM t=61.94 dir=FD w=1.63495961 e=0.299243688774 i=2622 Em=0.0042
# QATOM t=62.14 dir=FD w=1.45345967 e=0.266024085109 i=843 Em=0.2758
# QATOM t=62.28 dir=FD w=1.30516305 e=0.238881623545 i=951 Em=0.5431
# QATOM t=62.50 dir=FD w=1.649125 e=0.301836354975 i=2370 Em=0.0007
# QATOM t=62.54 dir=FD w=1.63161617 e=0.298631744801 i=416 Em=0.0174
# QATOM t=62.54 dir=FD w=1.64188758 e=0.300511702314 i=916 Em=0.0001
# QATOM t=62.56 dir=FD w=1.21697553 e=0.222740822169 i=1407 Em=0.7267
# QATOM t=62.58 dir=FD w=1.55569809 e=0.284736596628 i=1790 Em=0.0577
# QATOM t=62.66 dir=FD w=1.64356712 e=0.300819106921 i=484 Em=0.0053
# QATOM t=62.70 dir=FD w=1.4295779 e=0.261653047394 i=996 Em=0.3188
# QATOM t=62.76 dir=FD w=1.58194537 e=0.28954058989 i=2542 Em=0.0857
# QATOM t=62.82 dir=FD w=1.22098483 e=0.223474636466 i=1301 Em=0.7315
# QATOM t=62.84 dir=FD w=1.64041009 e=0.300241280817 i=1041 Em=0.0059
# QATOM t=62.94 dir=FD w=1.64116979 e=0.300380327602 i=2272 Em=0.0096
# QATOM t=63.10 dir=FD w=1.64416594 e=0.300928706254 i=785 Em=0.0000
# QATOM t=63.34 dir=FD w=1.6437036 e=0.30084408583 i=2247 Em=0.0042
# QATOM t=63.40 dir=FD w=1.47583724 e=0.270119811382 i=1225 Em=0.2199
# QATOM t=63.56 dir=FD w=1.34063353 e=0.245373720711 i=609 Em=0.3705
# QATOM t=63.60 dir=FD w=1.640426 e=0.300244192778 i=1555 Em=0.0027
# QATOM t=63.62 dir=FD w=1.63695925 e=0.299609680233 i=1831 Em=0.0160
# QATOM t=63.76 dir=FD w=1.63276912 e=0.298842768367 i=462 Em=0.0198
# QATOM t=63.80 dir=FD w=1.38062744 e=0.252693734404 i=577 Em=0.3761
# QATOM t=63.88 dir=FD w=1.64067615 e=0.300289977218 i=1387 Em=0.0101
# QATOM t=63.90 dir=FD w=1.39086374 e=0.25456726527 i=1912 Em=0.3770
# QATOM t=63.98 dir=FD w=1.38303694 e=0.253134739447 i=1985 Em=0.3786
t=   64.00 -1.07e-15 | 1.6592 16.37  22106   29   8771   8845 | 1.4318 15.00 | 4.35e-03 1.37e-02 |   0.0000 0.0000  0.0000  0.0000 0.000  0.00
# QATOM t=64.02 dir=FD w=1.63702508 e=0.299621728492 i=1746 Em=0.0110
# QATOM t=64.12 dir=FD w=1.39314159 e=0.254984175657 i=879 Em=0.3608
# QATOM t=64.16 dir=FD w=1.64376099 e=0.300854589198 i=1842 Em=0.0056
# QATOM t=64.28 dir=DF w=1.92357946 e=0.352069257191 i=237 Em=0.9078
# QATOM t=64.32 dir=FD w=1.29761014 e=0.237499227996 i=2078 Em=0.5515
# QATOM t=64.40 dir=FD w=1.06884501 e=0.195628761068 i=2676 Em=1.1252
# QATOM t=64.66 dir=FD w=1.2941098 e=0.236858567563 i=2199 Em=0.5445
# QATOM t=64.72 dir=FD w=1.64193537 e=0.300520449389 i=680 Em=0.0038
# QATOM t=64.82 dir=FD w=1.60932667 e=0.294552138046 i=23 Em=0.0138
# QATOM t=65.06 dir=FD w=1.62284749 e=0.297026829122 i=441 Em=0.0320
# QATOM t=65.10 dir=FD w=1.34218095 e=0.245656943006 i=1491 Em=0.4677
# QATOM t=65.12 dir=FD w=1.37998723 e=0.252576556942 i=1052 Em=0.2887
# QATOM t=65.14 dir=FD w=1.64555857 e=0.301183598 i=1418 Em=0.0045
# QATOM t=65.30 dir=FD w=1.22302891 e=0.223848760174 i=1773 Em=0.6556
# QATOM t=65.32 dir=FD w=1.61862017 e=0.296253112107 i=710 Em=0.0230
# QATOM t=65.54 dir=FD w=1.45646364 e=0.26657389531 i=1082 Em=0.2043
# QATOM t=65.64 dir=FD w=1.36165071 e=0.249220458299 i=1404 Em=0.3977
# QATOM t=65.68 dir=FD w=1.43458055 e=0.26256867345 i=1060 Em=0.2843
# QATOM t=65.76 dir=FD w=1.26948412 e=0.232351373901 i=158 Em=0.5917
# QATOM t=65.76 dir=FD w=1.21079615 e=0.221609820498 i=2022 Em=0.7496
# QATOM t=65.82 dir=FD w=1.64624962 e=0.30131008003 i=2381 Em=0.0008
# QATOM t=65.86 dir=FD w=1.63560531 e=0.2993618711 i=1330 Em=0.0135
# QATOM t=65.90 dir=FD w=1.22597503 e=0.224387984411 i=395 Em=0.7147
# QATOM t=66.02 dir=FD w=1.22771405 e=0.224706273927 i=2378 Em=0.6707
# QATOM t=66.20 dir=FD w=1.64471706 e=0.301029577045 i=1634 Em=0.0057
# QATOM t=66.64 dir=FD w=1.64378882 e=0.300859683317 i=2229 Em=0.0038
# QATOM t=66.66 dir=FD w=1.60253607 e=0.293309268482 i=1556 Em=0.0428
# QATOM t=66.72 dir=FD w=1.6413765 e=0.300418161388 i=1081 Em=0.0069
# QATOM t=66.76 dir=FD w=1.49793547 e=0.274164409997 i=239 Em=0.1773
# QATOM t=67.00 dir=FD w=1.57558299 e=0.288376094659 i=1648 Em=0.0902
# QATOM t=67.46 dir=FD w=1.62971711 e=0.298284163781 i=193 Em=0.0163
# QATOM t=67.48 dir=FD w=1.45434399 e=0.266185939318 i=1320 Em=0.2779
# QATOM t=67.60 dir=FD w=1.63786018 e=0.299774575081 i=1432 Em=0.0113
# QATOM t=67.64 dir=FD w=1.64242953 e=0.300610894873 i=1422 Em=0.0050
# QATOM t=67.88 dir=FD w=1.4538965 e=0.266104037349 i=16 Em=0.2331
# QATOM t=67.90 dir=FD w=1.49948125 e=0.274447330377 i=648 Em=0.1741
t=   68.00 -1.07e-15 | 1.6584 16.35  22068   22   9113   9196 | 1.4313 14.99 | 3.81e-03 1.29e-02 |   0.0000 0.0000  0.0000  0.0000 0.000  0.00
# QATOM t=68.34 dir=FD w=1.32406514 e=0.242341239303 i=2640 Em=0.4180
# QATOM t=68.62 dir=FD w=1.31990126 e=0.241579131831 i=382 Em=0.5110
# QATOM t=68.68 dir=FD w=1.16434096 e=0.213107211496 i=1123 Em=0.8593
# QATOM t=68.88 dir=FD w=1.62664711 e=0.297722266863 i=497 Em=0.0224
# QATOM t=68.96 dir=FD w=1.62984923 e=0.298308346144 i=1122 Em=0.0257
# QATOM t=69.40 dir=FD w=1.64944895 e=0.301895647647 i=230 Em=0.0002
# QATOM t=69.54 dir=FD w=1.48109555 e=0.27108223032 i=1857 Em=0.2104
# QATOM t=69.62 dir=FD w=1.62943674 e=0.298232848117 i=1449 Em=0.0136
# QATOM t=69.80 dir=FD w=1.64134446 e=0.300412296765 i=1680 Em=0.0063
# QATOM t=69.82 dir=FD w=1.63678367 e=0.299577544059 i=122 Em=0.0068
# QATOM t=69.84 dir=FD w=1.34770829 e=0.246668601609 i=1738 Em=0.4589
# QATOM t=69.92 dir=FD w=1.62638753 e=0.297674757261 i=451 Em=0.0191
# QATOM t=69.94 dir=FD w=1.27871166 e=0.234040272853 i=2456 Em=0.5991
# QATOM t=70.00 dir=FD w=1.37452001 e=0.251575902141 i=1872 Em=0.4009
# QATOM t=70.22 dir=FD w=1.63336203 e=0.298951287424 i=914 Em=0.0084
# QATOM t=70.40 dir=FD w=1.49744209 e=0.274074106902 i=2648 Em=0.2107
# QATOM t=70.50 dir=FD w=1.33915193 e=0.245102547403 i=2089 Em=0.4663
# QATOM t=70.54 dir=FD w=1.41485662 e=0.25895863856 i=2683 Em=0.3387
# QATOM t=70.58 dir=FD w=1.59640587 e=0.292187267516 i=364 Em=0.0678
# QATOM t=70.60 dir=FD w=1.62779781 e=0.297932878352 i=1549 Em=0.0104
# QATOM t=71.22 dir=FD w=1.18392685 e=0.216691982199 i=198 Em=0.8191
# QATOM t=71.22 dir=FD w=1.39267545 e=0.254898858782 i=441 Em=0.3179
# QATOM t=71.42 dir=FD w=1.35972132 e=0.248867324497 i=146 Em=0.3824
# QATOM t=71.48 dir=FD w=1.63587929 e=0.299412016754 i=1353 Em=0.0168
# QATOM t=71.58 dir=FD w=1.64306707 e=0.300727582729 i=2164 Em=0.0081
# QATOM t=71.60 dir=FD w=1.42872112 e=0.261496232884 i=1349 Em=0.3170
# QATOM t=71.62 dir=FD w=1.64016553 e=0.300196520035 i=2445 Em=0.0106
# QATOM t=71.72 dir=FD w=1.47643846 e=0.270229851648 i=1116 Em=0.1938
t=   72.00 -1.07e-15 | 1.6576 16.34  22053   26   9484   9572 | 1.4310 14.98 | 6.72e-03 1.64e-02 |   0.0000 0.0000  0.0000  0.0000 0.000  0.00
# QATOM t=72.02 dir=FD w=1.36728143 e=0.25025103785 i=864 Em=0.3401
# QATOM t=72.06 dir=FD w=1.51535112 e=0.277351964427 i=1440 Em=0.1789
# QATOM t=72.12 dir=FD w=1.43848647 e=0.263283566829 i=1712 Em=0.3057
# QATOM t=72.14 dir=FD w=1.47133906 e=0.269296516314 i=1478 Em=0.2433
# QATOM t=72.18 dir=FD w=1.47206527 e=0.269429433046 i=1300 Em=0.2514
# QATOM t=72.46 dir=DF w=2.06412249 e=0.377792592538 i=2592 Em=0.6664
# QATOM t=72.62 dir=FD w=1.64346584 e=0.300800569965 i=1076 Em=0.0062
# QATOM t=72.84 dir=FD w=1.41676848 e=0.259308561921 i=2598 Em=0.3343
# QATOM t=72.92 dir=FD w=1.24167685 e=0.227261860206 i=1739 Em=0.6782
# QATOM t=73.08 dir=FD w=1.45249094 e=0.26584677986 i=437 Em=0.2819
# QATOM t=73.36 dir=FD w=1.48279375 e=0.271393048817 i=740 Em=0.2039
# QATOM t=73.38 dir=FD w=1.42755053 e=0.261281981357 i=1859 Em=0.2852
# QATOM t=73.54 dir=FD w=1.63860226 e=0.299910397432 i=2345 Em=0.0092
# QATOM t=73.58 dir=FD w=1.377027 e=0.252034752535 i=1937 Em=0.3330
# QATOM t=73.62 dir=FD w=1.64508124 e=0.301096232507 i=543 Em=0.0016
# QATOM t=73.74 dir=FD w=1.09113704 e=0.1997088313 i=220 Em=1.0670
# QATOM t=73.78 dir=FD w=1.63239635 e=0.298774539707 i=1202 Em=0.0102
# QATOM t=73.92 dir=FD w=1.62788805 e=0.297949395051 i=1072 Em=0.0207
# QATOM t=74.16 dir=FD w=1.64303996 e=0.30072262187 i=434 Em=0.0001
# QATOM t=74.28 dir=FD w=1.64149213 e=0.300439324931 i=567 Em=0.0059
# QATOM t=75.02 dir=FD w=1.14043151 e=0.208731108215 i=1373 Em=0.9309
# QATOM t=75.10 dir=FD w=1.64331782 e=0.300773476572 i=795 Em=0.0004
# QATOM t=75.10 dir=FD w=1.6421441 e=0.300558653668 i=1764 Em=0.0067
# QATOM t=75.18 dir=FD w=1.61470549 e=0.295536613561 i=1486 Em=0.0417
# QATOM t=75.64 dir=FD w=1.3578867 e=0.248531537851 i=2351 Em=0.4284
# QATOM t=75.66 dir=FD w=1.50825014 e=0.276052285795 i=1992 Em=0.1650
# QATOM t=75.90 dir=FD w=1.31352273 e=0.240411680952 i=1314 Em=0.5447
t=   76.00 -1.07e-15 | 1.6569 16.35  22076   31   9878   9976 | 1.4313 14.99 | 5.07e-03 1.86e-02 |   0.0000 0.0000  0.0000  0.0000 0.000  0.00
# QATOM t=76.02 dir=FD w=1.35067123 e=0.247210903042 i=1732 Em=0.4514
# QATOM t=76.34 dir=FD w=1.60452576 e=0.293673437496 i=1334 Em=0.0416
# QATOM t=76.40 dir=FD w=1.35000859 e=0.247089620555 i=1572 Em=0.3067
# QATOM t=76.50 dir=FD w=1.16906503 e=0.213971850256 i=844 Em=0.8039
# QATOM t=76.58 dir=FD w=1.3611975 e=0.249137506749 i=2522 Em=0.3873
# QATOM t=76.60 dir=FD w=1.23105512 e=0.225317784509 i=1142 Em=0.5575
# QATOM t=76.62 dir=FD w=1.24172686 e=0.227271012882 i=1191 Em=0.6844
# QATOM t=76.88 dir=FD w=1.57071543 e=0.287485194439 i=74 Em=0.0258
# QATOM t=76.96 dir=FD w=1.63445802 e=0.299151883301 i=747 Em=0.0045
# QATOM t=77.10 dir=FD w=1.31148215 e=0.24003819728 i=2040 Em=0.5326
# QATOM t=77.32 dir=FD w=1.12366862 e=0.205663027799 i=1381 Em=0.9579
# QATOM t=77.48 dir=FD w=1.33433241 e=0.244220438648 i=884 Em=0.4484
# QATOM t=77.72 dir=FD w=1.64177708 e=0.300491478816 i=1310 Em=0.0103
# QATOM t=77.76 dir=FD w=1.63704365 e=0.299625126742 i=2366 Em=0.0158
# QATOM t=77.88 dir=FD w=1.3596279 e=0.248850225621 i=646 Em=0.4350
# QATOM t=77.92 dir=FD w=1.37973254 e=0.252529942606 i=934 Em=0.4017
# QATOM t=78.06 dir=FD w=1.63610395 e=0.299453136348 i=443 Em=0.0165
# QATOM t=78.16 dir=FD w=1.63226936 e=0.298751296782 i=983 Em=0.0065
# QATOM t=78.20 dir=FD w=1.28952542 e=0.236019496145 i=146 Em=0.5144
# QATOM t=78.22 dir=FD w=1.32200025 e=0.241963306421 i=1749 Em=0.5122
# QATOM t=78.84 dir=FD w=1.64552877 e=0.30117814265 i=272 Em=0.0047
# QATOM t=78.84 dir=FD w=1.61230624 e=0.295097484841 i=1084 Em=0.0426
# QATOM t=79.02 dir=FD w=1.26314465 e=0.231191072081 i=1357 Em=0.6362
# QATOM t=79.14 dir=FD w=1.49087301 e=0.272871780775 i=986 Em=0.1265
# QATOM t=79.20 dir=FD w=1.30417565 e=0.238700901056 i=678 Em=0.4576
# QATOM t=79.34 dir=FD w=1.52140051 e=0.278459173849 i=1451 Em=0.1709
# QATOM t=79.40 dir=FD w=1.5764177 e=0.288528870449 i=971 Em=0.0711
# QATOM t=79.44 dir=FD w=1.43560008 e=0.262755276757 i=1921 Em=0.1303
# QATOM t=79.52 dir=FD w=1.52223168 e=0.278611300709 i=1615 Em=0.0334
# QATOM t=79.56 dir=FD w=1.30846188 e=0.23948540188 i=1479 Em=0.5069
# QATOM t=79.68 dir=FD w=1.32654684 e=0.242795460021 i=1558 Em=0.5031
# QATOM t=79.84 dir=FD w=1.61275408 e=0.295179452011 i=47 Em=0.0445
# QATOM t=79.88 dir=FD w=1.6450253 e=0.301085993405 i=1813 Em=0.0062
t=   80.00 -1.07e-15 | 1.6560 16.34  22055   22  10279  10372 | 1.4310 14.98 | 5.60e-03 1.50e-02 |   0.0000 0.0000  0.0000  0.0000 0.000  0.00
# QATOM t=80.12 dir=FD w=1.31921568 e=0.241453651505 i=2190 Em=0.4789
# QATOM t=80.34 dir=FD w=1.46075752 e=0.267359797612 i=650 Em=0.2078
# QATOM t=80.42 dir=FD w=1.6239761 e=0.297233396572 i=2685 Em=0.0304
# QATOM t=80.44 dir=FD w=1.6451514 e=0.301109074932 i=229 Em=0.0035
# QATOM t=80.68 dir=FD w=1.32222098 e=0.242003706343 i=2305 Em=0.5131
# QATOM t=80.98 dir=FD w=1.46080236 e=0.267368003997 i=1099 Em=0.2366
# QATOM t=81.20 dir=FD w=1.55513975 e=0.284634405874 i=1230 Em=0.1208
# QATOM t=81.26 dir=FD w=1.63893783 e=0.299971816523 i=503 Em=0.0114
# QATOM t=81.30 dir=FD w=1.43317508 e=0.262311432993 i=1809 Em=0.3072
# QATOM t=81.36 dir=FD w=1.43321692 e=0.262319090814 i=2617 Em=0.2958
# QATOM t=81.88 dir=FD w=1.62579889 e=0.297567018411 i=1305 Em=0.0037
# QATOM t=81.88 dir=FD w=1.45166622 e=0.265695832141 i=1654 Em=0.1714
# QATOM t=82.04 dir=FD w=1.23208215 e=0.225505758718 i=1066 Em=0.6661
# QATOM t=82.16 dir=FD w=1.36367131 e=0.249590283899 i=2268 Em=0.2169
# QATOM t=82.36 dir=FD w=1.21645439 e=0.222645438563 i=1048 Em=0.7424
# QATOM t=82.96 dir=FD w=1.46725161 e=0.268548399255 i=715 Em=0.2195
# QATOM t=83.00 dir=FD w=1.27916276 e=0.234122837774 i=1872 Em=0.5581
# QATOM t=83.18 dir=FD w=1.63333991 e=0.298947238138 i=813 Em=0.0102
# QATOM t=83.24 dir=FD w=1.3235185 e=0.242241188271 i=270 Em=0.4805
# QATOM t=83.32 dir=FD w=1.40149656 e=0.256513371023 i=2379 Em=0.3284
# QATOM t=83.52 dir=FD w=1.60688179 e=0.294104657668 i=1799 Em=0.0466
t=   84.00 -1.07e-15 | 1.6555 16.33  22048   23  10664  10784 | 1.4309 14.98 | 3.73e-03 1.27e-02 |   0.0000 0.0000  0.0000  0.0000 0.000  0.00
# QATOM t=84.16 dir=FD w=1.6473857 e=0.301518013144 i=1756 Em=0.0015
# QATOM t=84.42 dir=FD w=1.32544327 e=0.242593474819 i=2279 Em=0.5099
# QATOM t=84.62 dir=FD w=1.32931031 e=0.243301252853 i=336 Em=0.5012
# QATOM t=84.88 dir=FD w=1.64592564 e=0.301250782375 i=475 Em=0.0043
# QATOM t=84.92 dir=FD w=1.6469075 e=0.301430489445 i=815 Em=0.0034
# QATOM t=85.08 dir=FD w=1.10082091 e=0.201481252785 i=1307 Em=1.0375
# QATOM t=85.14 dir=FD w=1.486077 e=0.271993974695 i=2284 Em=0.1567
# QATOM t=85.52 dir=FD w=1.56603016 e=0.28662765734 i=1073 Em=0.0531
# QATOM t=85.84 dir=FD w=1.40033019 e=0.256299891813 i=1801 Em=0.3025
# QATOM t=86.04 dir=FD w=1.64227354 e=0.300582344579 i=2625 Em=0.0069
# QATOM t=86.20 dir=FD w=1.63066665 e=0.298457956467 i=2348 Em=0.0222
# QATOM t=86.68 dir=FD w=1.34028697 e=0.24531029081 i=137 Em=0.4077
# QATOM t=86.70 dir=FD w=1.611087 e=0.294874328569 i=2140 Em=0.0344
# QATOM t=86.94 dir=FD w=1.57087355 e=0.287514134538 i=1454 Em=0.1040
# QATOM t=87.36 dir=FD w=1.31312556 e=0.240338987725 i=534 Em=0.4052
# QATOM t=87.64 dir=FD w=1.62452844 e=0.297334491504 i=1556 Em=0.0289
t=   88.00 -1.07e-15 | 1.6551 16.31  22013   25  11056  11192 | 1.4304 14.98 | 3.89e-03 1.35e-02 |   0.0000 0.0000  0.0000  0.0000 0.000  0.00
# QATOM t=88.02 dir=FD w=1.46650232 e=0.268411258042 i=2424 Em=0.2232
# QATOM t=88.86 dir=FD w=1.32348849 e=0.242235695397 i=465 Em=0.4529
# QATOM t=89.00 dir=FD w=1.27080097 e=0.23259239365 i=2546 Em=0.6206
# QATOM t=89.52 dir=FD w=1.08015093 e=0.197698064324 i=1892 Em=1.0981
# QATOM t=89.74 dir=FD w=1.44263539 e=0.264042937137 i=367 Em=0.2993
# QATOM t=89.92 dir=FD w=1.4134258 e=0.258696758756 i=97 Em=0.2972
# QATOM t=89.96 dir=FD w=1.64694628 e=0.3014375881 i=2018 Em=0.0015
# QATOM t=90.38 dir=FD w=1.55523701 e=0.284652207394 i=675 Em=0.1161
# QATOM t=90.60 dir=FD w=1.28162394 e=0.234573303628 i=1082 Em=0.5861
# QATOM t=90.70 dir=FD w=1.35113469 e=0.247295729659 i=1632 Em=0.3899
# QATOM t=90.92 dir=FD w=1.63238853 e=0.298773108932 i=693 Em=0.0060
# QATOM t=91.56 dir=FD w=1.6398105 e=0.300131538485 i=1160 Em=0.0029
# QATOM t=91.88 dir=FD w=1.64085346 e=0.300322430586 i=1699 Em=0.0049
t=   92.00 -1.07e-15 | 1.6548 16.28  21974   28  11449  11604 | 1.4299 14.97 | 8.07e-03 1.83e-02 |   0.0000 0.0000  0.0000  0.0000 0.000  0.00
# QATOM t=92.00 dir=FD w=1.62614177 e=0.297629776669 i=2572 Em=0.0193
# QATOM t=92.02 dir=FD w=1.58841369 e=0.290724473843 i=2290 Em=0.0540
# QATOM t=92.38 dir=FD w=1.64864478 e=0.301748460405 i=1465 Em=0.0003
# QATOM t=92.68 dir=FD w=1.53340371 e=0.280656097233 i=1829 Em=0.0200
# QATOM t=93.02 dir=FD w=1.32531393 e=0.242569802968 i=871 Em=0.3201
# QATOM t=93.14 dir=FD w=1.6322129 e=0.298740963289 i=1621 Em=0.0217
# QATOM t=93.20 dir=FD w=1.6401054 e=0.300185514393 i=550 Em=0.0113
# QATOM t=93.76 dir=FD w=1.56848023 e=0.287076089134 i=926 Em=0.1019
# QATOM t=94.02 dir=FD w=1.31433983 e=0.240561233444 i=1009 Em=0.5265
# QATOM t=94.08 dir=FD w=1.62760031 e=0.297896730188 i=2183 Em=0.0184
# QATOM t=94.62 dir=FD w=1.4544677 e=0.266208583366 i=2080 Em=0.2795
# QATOM t=94.66 dir=FD w=1.48434515 e=0.271676998476 i=1509 Em=0.1384
# QATOM t=94.78 dir=FD w=1.44581732 e=0.264625319637 i=583 Em=0.1933
# QATOM t=95.00 dir=FD w=1.13025471 e=0.206868468319 i=1832 Em=0.9531
# QATOM t=95.08 dir=FD w=1.39381766 e=0.255107915855 i=56 Em=0.3574
# QATOM t=95.28 dir=FD w=1.49949312 e=0.27444950376 i=2428 Em=0.1101
# QATOM t=95.38 dir=FD w=1.09265741 e=0.199987102411 i=1104 Em=1.0624
# QATOM t=95.54 dir=FD w=1.64721016 e=0.301485885289 i=1007 Em=0.0024
# QATOM t=95.96 dir=FD w=1.4007055 e=0.256368584919 i=1120 Em=0.3655
t=   96.00 -1.07e-15 | 1.6543 16.28  21978   18  11849  12026 | 1.4298 14.96 | 5.13e-03 1.38e-02 |   0.0000 0.0000  0.0000  0.0000 0.000  0.00
# QATOM t=96.02 dir=FD w=1.3812549 e=0.252808576452 i=1061 Em=0.3701
# QATOM t=96.30 dir=FD w=1.51031718 e=0.276430612219 i=1579 Em=0.1857
# QATOM t=97.02 dir=FD w=1.4297589 e=0.261686175288 i=2347 Em=0.1847
# QATOM t=97.28 dir=FD w=1.363594 e=0.24957613432 i=40 Em=0.4139
# QATOM t=97.48 dir=FD w=1.62486297 e=0.297395719214 i=758 Em=0.0250
# QATOM t=97.78 dir=FD w=1.2992175 e=0.237793420623 i=706 Em=0.5280
# QATOM t=97.90 dir=FD w=1.61410255 e=0.29542625863 i=1143 Em=0.0121
# QATOM t=98.16 dir=FD w=1.63623441 e=0.299477012995 i=500 Em=0.0131
# QATOM t=98.56 dir=FD w=1.5580522 e=0.285167465165 i=2126 Em=0.1190
# QATOM t=98.82 dir=FD w=1.21925703 e=0.223158400555 i=2663 Em=0.7340
# QATOM t=99.04 dir=FD w=1.15544077 e=0.211478225795 i=2146 Em=0.8859
t=  100.00 -1.07e-15 | 1.6540 16.28  21983   14  12285  12440 | 1.4299 14.97 | 9.69e-03 1.87e-02 |   0.0000 0.0000  0.0000  0.0000 0.000  0.00
# QATOM t=100.38 dir=FD w=1.0548055 e=0.193059135178 i=1912 Em=1.1748
# QATOM t=101.00 dir=FD w=1.40899199 e=0.257885246759 i=114 Em=0.3549
# QATOM t=101.52 dir=FD w=1.23705601 e=0.226416115836 i=90 Em=0.5944
# QATOM t=101.52 dir=FD w=1.59458275 e=0.291853586401 i=1794 Em=0.0575
# QATOM t=102.54 dir=FD w=1.34177456 e=0.245582562664 i=524 Em=0.3008
# QATOM t=102.74 dir=FD w=1.50748499 e=0.275912240077 i=2529 Em=0.1429
# QATOM t=102.86 dir=FD w=1.26719824 e=0.231932993846 i=1732 Em=0.6212
# QATOM t=103.88 dir=FD w=1.38758947 e=0.253967981396 i=2572 Em=0.3384
t=  104.00 -1.07e-15 | 1.6540 16.29  21991   23  12720  12857 | 1.4299 14.96 | 4.88e-03 1.46e-02 |   0.0000 0.0000  0.0000  0.0000 0.000  0.00
# QATOM t=104.04 dir=FD w=1.61139055 e=0.294929887469 i=379 Em=0.0124
# QATOM t=104.60 dir=FD w=1.40863078 e=0.257819134559 i=1386 Em=0.2540
# QATOM t=105.02 dir=FD w=1.25029296 e=0.22883885016 i=2630 Em=0.6207
# QATOM t=105.48 dir=FD w=1.58139662 e=0.28944015324 i=2166 Em=0.0271
# QATOM t=105.52 dir=FD w=1.58870575 e=0.290777928796 i=2576 Em=0.0764
# QATOM t=106.06 dir=FD w=1.21772841 e=0.22287862027 i=64 Em=0.7318
# QATOM t=106.06 dir=FD w=1.60317227 e=0.293425710827 i=596 Em=0.0595
# QATOM t=106.38 dir=FD w=1.51332531 e=0.276981183986 i=1377 Em=0.1286
# QATOM t=106.52 dir=FD w=1.17286276 e=0.214666941365 i=1248 Em=0.8380
# QATOM t=106.62 dir=FD w=1.45391148 e=0.266106778748 i=2307 Em=0.2406
# QATOM t=106.96 dir=FD w=1.49638122 e=0.27387993892 i=1735 Em=0.1521
# QATOM t=107.14 dir=FD w=1.6438919 e=0.300878549943 i=236 Em=0.0006
# QATOM t=107.28 dir=FD w=1.40300409 e=0.256789291492 i=1170 Em=0.2985
t=  108.00 -1.07e-15 | 1.6536 16.31  22016   14  13146  13294 | 1.4301 14.96 | 5.90e-03 1.51e-02 |   0.0000 0.0000  0.0000  0.0000 0.000  0.00
# QATOM t=108.44 dir=FD w=1.40093385 e=0.256410379717 i=2437 Em=0.3674
# QATOM t=108.58 dir=FD w=1.64905062 e=0.301822741947 i=1214 Em=0.0001
# QATOM t=108.94 dir=FD w=1.4084826 e=0.257792013879 i=456 Em=0.3555
# QATOM t=109.16 dir=FD w=1.4026256 e=0.256720016829 i=2322 Em=0.3147
# QATOM t=109.50 dir=FD w=1.1423252 e=0.209077708066 i=1739 Em=0.9258
# QATOM t=109.52 dir=FD w=1.3970418 e=0.255698023591 i=575 Em=0.3695
# QATOM t=109.92 dir=FD w=1.63404529 e=0.299076342517 i=410 Em=0.0086
# QATOM t=110.40 dir=FD w=1.63132359 e=0.298578195442 i=2314 Em=0.0217
# QATOM t=110.68 dir=FD w=1.33941209 e=0.245150164056 i=125 Em=0.4286
# QATOM t=111.40 dir=FD w=1.40945297 e=0.257969618469 i=2521 Em=0.3468
# QATOM t=111.70 dir=FD w=1.20437123 e=0.22043387944 i=167 Em=0.7230
# QATOM t=111.76 dir=FD w=1.63067714 e=0.298459875834 i=1639 Em=0.0128
t=  112.00 -1.07e-15 | 1.6533 16.32  22030   24  13530  13720 | 1.4303 14.96 | 4.28e-03 1.66e-02 |   0.0000 0.0000  0.0000  0.0000 0.000  0.00
# QATOM t=112.00 dir=FD w=1.40399827 e=0.25697125439 i=349 Em=0.3635
# QATOM t=112.14 dir=FD w=1.42767541 e=0.26130483826 i=1620 Em=0.1964
# QATOM t=113.58 dir=FD w=1.41117101 e=0.258284067871 i=2116 Em=0.3035
# QATOM t=114.16 dir=FD w=1.50806909 e=0.276019148544 i=1686 Em=0.0520
# QATOM t=114.28 dir=FD w=1.27621759 e=0.233583787896 i=1409 Em=0.6098
# QATOM t=114.66 dir=FD w=1.32187865 e=0.241941049786 i=2060 Em=0.2998
# QATOM t=115.22 dir=FD w=1.35902198 e=0.248739326037 i=2589 Em=0.3915
# QATOM t=115.56 dir=FD w=1.28221982 e=0.23468236614 i=2379 Em=0.5670
# QATOM t=115.82 dir=FD w=1.64421976 e=0.300938556864 i=2295 Em=0.0067
t=  116.00 -1.07e-15 | 1.6531 16.31  22012   16  13958  14171 | 1.4300 14.95 | 4.07e-03 1.37e-02 |   0.0000 0.0000  0.0000  0.0000 0.000  0.00
# QATOM t=116.10 dir=FD w=1.62040683 e=0.296580120064 i=2346 Em=0.0227
# QATOM t=116.58 dir=FD w=1.32844749 e=0.243143331811 i=552 Em=0.4087
# QATOM t=116.80 dir=FD w=1.23859872 e=0.226698475003 i=1301 Em=0.6904
# QATOM t=117.40 dir=FD w=1.19606834 e=0.218914217092 i=851 Em=0.7904
# QATOM t=119.10 dir=FD w=1.63393891 e=0.299056872429 i=1159 Em=0.0169
# QATOM t=119.22 dir=FD w=1.34099365 e=0.245439633617 i=371 Em=0.4173
t=  120.00 -1.07e-15 | 1.6530 16.31  22014   19  14362  14555 | 1.4299 14.94 | 9.13e-03 1.92e-02 |   0.0000 0.0000  0.0000  0.0000 0.000  0.00
# QATOM t=120.66 dir=FD w=1.50860732 e=0.276117659371 i=1413 Em=0.1311
# QATOM t=120.90 dir=FD w=1.59194157 e=0.291370175257 i=570 Em=0.0681
# QATOM t=121.88 dir=FD w=1.19038464 e=0.217873940176 i=1362 Em=0.7882
# QATOM t=123.06 dir=FD w=1.63651404 e=0.299528193075 i=554 Em=0.0025
# QATOM t=123.40 dir=FD w=1.26397792 e=0.23134358485 i=123 Em=0.6325
# QATOM t=123.76 dir=FD w=1.4867575 e=0.272118525328 i=178 Em=0.1569
t=  124.00 -1.07e-15 | 1.6530 16.29  21987   22  14727  14931 | 1.4295 14.94 | 5.42e-03 1.37e-02 |   0.0000 0.0000  0.0000  0.0000 0.000  0.00
# QATOM t=124.50 dir=FD w=1.48596357 e=0.271973214742 i=1320 Em=0.2222
# QATOM t=124.54 dir=FD w=1.3144174 e=0.240575430759 i=989 Em=0.5234
# QATOM t=125.72 dir=FD w=1.37296636 e=0.251291540585 i=1883 Em=0.2883
# QATOM t=125.74 dir=FD w=1.57615701 e=0.288481156355 i=1989 Em=0.0200
# QATOM t=125.76 dir=FD w=1.64160548 e=0.3004600708 i=329 Em=0.0066
# QATOM t=126.10 dir=FD w=1.6134364 e=0.29530433484 i=2162 Em=0.0004
# QATOM t=126.72 dir=FD w=1.62587744 e=0.297581395937 i=2451 Em=0.0268
# QATOM t=126.74 dir=FD w=1.23429711 e=0.22591115982 i=2454 Em=0.7026
# QATOM t=127.66 dir=FD w=1.25971087 e=0.230562593867 i=2376 Em=0.5847
# QATOM t=127.74 dir=FD w=1.36766536 e=0.250321308716 i=1510 Em=0.3998
t=  128.00 -1.07e-15 | 1.6528 16.29  21995   29  15108  15301 | 1.4296 14.94 | 4.13e-03 1.24e-02 |   0.0000 0.0000  0.0000  0.0000 0.000  0.00
# QATOM t=128.68 dir=FD w=1.4552338 e=0.266348800797 i=1747 Em=0.2258
# QATOM t=128.96 dir=FD w=1.35668946 e=0.248312409431 i=34 Em=0.4020
# QATOM t=130.12 dir=FD w=1.3352915 e=0.244395979271 i=717 Em=0.4873
# QATOM t=130.34 dir=FD w=1.61803811 e=0.296146578463 i=1600 Em=0.0054
# QATOM t=130.58 dir=FD w=1.2701441 e=0.232472167992 i=1985 Em=0.5271
# QATOM t=130.58 dir=FD w=1.46218503 e=0.267621071934 i=2059 Em=0.1530
# QATOM t=130.90 dir=FD w=1.23307443 e=0.225687374272 i=1779 Em=0.6767
t=  132.00 -1.07e-15 | 1.6525 16.26  21950   17  15491  15710 | 1.4291 14.94 | 8.33e-03 2.14e-02 |   0.0000 0.0000  0.0000  0.0000 0.000  0.00
# QATOM t=132.36 dir=FD w=1.24972035 e=0.228734047343 i=238 Em=0.3729
# QATOM t=132.78 dir=FD w=1.37635156 e=0.251911126712 i=1910 Em=0.3015
# QATOM t=133.12 dir=FD w=1.32533216 e=0.242573139803 i=1696 Em=0.5041
# QATOM t=133.12 dir=FD w=1.16453891 e=0.213143442618 i=1872 Em=0.8667
# QATOM t=133.66 dir=FD w=1.36038282 e=0.248988398617 i=1644 Em=0.3802
# QATOM t=135.10 dir=FD w=1.30603123 e=0.239040525079 i=579 Em=0.5320
t=  136.00 -1.07e-15 | 1.6524 16.26  21946   14  15926  16125 | 1.4290 14.93 | 8.22e-03 2.20e-02 |   0.0000 0.0000  0.0000  0.0000 0.000  0.00
# QATOM t=136.96 dir=FD w=1.36644091 e=0.250097199129 i=1070 Em=0.2537
# QATOM t=137.98 dir=FD w=1.35998482 e=0.248915551737 i=515 Em=0.4295
# QATOM t=137.98 dir=FD w=1.1550852 e=0.211413147941 i=1357 Em=0.8917
# QATOM t=138.84 dir=FD w=1.45705068 e=0.266681340812 i=1345 Em=0.2499
# QATOM t=139.32 dir=FD w=1.62116049 e=0.296718061929 i=460 Em=0.0156
# QATOM t=139.46 dir=FD w=1.34095448 e=0.245432464141 i=141 Em=0.2922
# QATOM t=139.68 dir=FD w=1.36408924 e=0.24966677714 i=1576 Em=0.4321
# QATOM t=139.86 dir=FD w=1.4396565 e=0.263497716 i=356 Em=0.2221
t=  140.00 -1.07e-15 | 1.6522 16.28  21972   14  16285  16506 | 1.4293 14.93 | 6.54e-03 1.72e-02 |   0.0000 0.0000  0.0000  0.0000 0.000  0.00
# QATOM t=140.74 dir=FD w=1.25865437 e=0.230369225013 i=1844 Em=0.5829
# QATOM t=141.84 dir=FD w=1.38344137 e=0.253208763248 i=1267 Em=0.3246
# QATOM t=141.96 dir=FD w=1.33442644 e=0.244237648831 i=2179 Em=0.4708
# QATOM t=142.22 dir=FD w=1.4549759 e=0.266301596806 i=2319 Em=0.2236
# QATOM t=142.36 dir=FD w=1.6413329 e=0.300410180794 i=1171 Em=0.0081
# QATOM t=143.68 dir=FD w=1.29184196 e=0.236443488519 i=700 Em=0.3873
t=  144.00 -1.07e-15 | 1.6520 16.26  21953   10  16678  16891 | 1.4290 14.93 | 6.62e-03 1.57e-02 |   0.0000 0.0000  0.0000  0.0000 0.000  0.00
# QATOM t=144.32 dir=DF w=1.95951659 e=0.358646764016 i=2292 Em=0.8126
# QATOM t=144.80 dir=FD w=1.28968685 e=0.23604904289 i=1808 Em=0.5318
# QATOM t=146.04 dir=FD w=1.42242367 e=0.260343622615 i=698 Em=0.2642
# QATOM t=146.44 dir=FD w=1.63742388 e=0.299694719871 i=1372 Em=0.0089
# QATOM t=147.38 dir=FD w=1.64495547 e=0.301073212541 i=2435 Em=0.0054
t=  148.00 -1.07e-15 | 1.6520 16.25  21943   18  17121  17332 | 1.4287 14.91 | 5.47e-03 1.83e-02 |   0.0000 0.0000  0.0000  0.0000 0.000  0.00
# QATOM t=148.10 dir=FD w=1.64969393 e=0.301940485586 i=305 Em=0.0001
# QATOM t=148.44 dir=FD w=1.62431148 e=0.297294782056 i=625 Em=0.0174
# QATOM t=149.98 dir=FD w=1.2738432 e=0.233149208663 i=125 Em=0.5079
# QATOM t=150.46 dir=FD w=1.23028161 e=0.225176210085 i=913 Em=0.7104
# QATOM t=150.94 dir=FD w=1.30016304 e=0.237966481051 i=2688 Em=0.5964
# QATOM t=151.38 dir=FD w=1.35569374 e=0.248130164483 i=2655 Em=0.3305
# QATOM t=151.90 dir=FD w=1.47047127 e=0.269137687872 i=313 Em=0.2384
t=  152.00 -1.07e-15 | 1.6519 16.25  21933   17  17550  17807 | 1.4285 14.91 | 7.67e-03 1.80e-02 |   0.0000 0.0000  0.0000  0.0000 0.000  0.00
# QATOM t=154.36 dir=FD w=1.61492132 e=0.295576117655 i=725 Em=0.0119
# QATOM t=155.02 dir=FD w=1.20230856 e=0.220056352874 i=1280 Em=0.7505
# QATOM t=155.58 dir=FD w=1.55984996 e=0.285496506756 i=62 Em=0.0419
t=  156.00 -1.07e-15 | 1.6518 16.26  21956   16  17968  18225 | 1.4287 14.91 | 4.31e-03 1.38e-02 |   0.0000 0.0000  0.0000  0.0000 0.000  0.00
t=  160.00 -1.07e-15 | 1.6518 16.27  21962   23  18359  18642 | 1.4287 14.90 | 4.33e-03 1.42e-02 |   0.0000 0.0000  0.0000  0.0000 0.000  0.00
# QATOM t=160.06 dir=FD w=1.41524434 e=0.259029602155 i=1141 Em=0.2996
# QATOM t=160.08 dir=FD w=1.23731336 e=0.226463217507 i=135 Em=0.6885
# QATOM t=161.18 dir=FD w=1.5379133 e=0.281481478471 i=1676 Em=0.1170
# QATOM t=161.24 dir=FD w=1.6264718 e=0.29769018072 i=289 Em=0.0075
# QATOM t=162.58 dir=FD w=1.60342978 e=0.293472840973 i=1145 Em=0.0290
t=  164.00 -1.07e-15 | 1.6518 16.27  21959   18  18742  19032 | 1.4286 14.90 | 5.01e-03 1.33e-02 |   0.0000 0.0000  0.0000  0.0000 0.000  0.00
# QATOM t=164.40 dir=FD w=1.21953417 e=0.223209124922 i=1101 Em=0.7350
# QATOM t=165.02 dir=FD w=1.63938842 e=0.300054285905 i=1806 Em=0.0106
# QATOM t=165.52 dir=FD w=1.27828404 e=0.233962007635 i=2163 Em=0.5519
# QATOM t=166.28 dir=FD w=1.57473633 e=0.288221131009 i=136 Em=0.0948
# QATOM t=166.48 dir=FD w=1.48571957 e=0.271928555059 i=50 Em=0.1207
t=  168.00 -9.40e-16 | 1.6517 16.26  21949   13  19176  19473 | 1.4286 14.90 | 4.29e-03 1.40e-02 |   0.0000 0.0000  0.0000  0.0000 0.000  0.00
# QATOM t=169.16 dir=DF w=2.08955857 e=0.382448111697 i=1276 Em=0.4764
# QATOM t=170.38 dir=FD w=1.08463191 e=0.198518209657 i=2089 Em=1.0854
# QATOM t=171.14 dir=FD w=1.63311588 e=0.2989062352 i=1763 Em=0.0122
# QATOM t=171.28 dir=DF w=2.10232578 e=0.384784870461 i=731 Em=0.6109
# QATOM t=171.74 dir=FD w=1.38906546 e=0.254238129654 i=1707 Em=0.2969
t=  172.00 -9.40e-16 | 1.6516 16.26  21948   14  19622  19918 | 1.4285 14.90 | 3.93e-03 1.90e-02 |   0.0000 0.0000  0.0000  0.0000 0.000  0.00
# QATOM t=172.12 dir=FD w=1.32045542 e=0.241680559108 i=1326 Em=0.4649
# QATOM t=172.98 dir=FD w=1.27866706 e=0.234032110056 i=114 Em=0.6009
# QATOM t=173.04 dir=FD w=1.63906231 e=0.299994598712 i=909 Em=0.0081
# QATOM t=175.12 dir=FD w=1.57719197 e=0.28867058345 i=2091 Em=0.0889
# QATOM t=175.22 dir=FD w=1.39363685 e=0.255074822618 i=2368 Em=0.0508
# QATOM t=175.60 dir=FD w=1.34419165 e=0.246024956729 i=771 Em=0.3181
# QATOM t=175.98 dir=FD w=1.42295202 e=0.260440324324 i=2058 Em=0.2575
t=  176.00 -9.40e-16 | 1.6515 16.26  21955   21  20037  20366 | 1.4286 14.90 | 5.73e-03 1.56e-02 |   0.0000 0.0000  0.0000  0.0000 0.000  0.00
# QATOM t=176.76 dir=FD w=1.62935275 e=0.298217475524 i=2556 Em=0.0096
# QATOM t=176.88 dir=FD w=1.30268864 e=0.238428736466 i=2056 Em=0.3894
# QATOM t=177.20 dir=FD w=1.63864821 e=0.299918806595 i=134 Em=0.0009
# QATOM t=177.70 dir=FD w=1.30540656 e=0.238926193016 i=691 Em=0.5221
# QATOM t=178.42 dir=DF w=1.98604467 e=0.363502150659 i=1104 Em=0.7825
# QATOM t=178.54 dir=FD w=1.19274046 e=0.218305121572 i=1104 Em=0.7823
t=  180.00 -9.40e-16 | 1.6515 16.27  21960   11  20474  20757 | 1.4286 14.90 | 1.06e-02 2.50e-02 |   0.0000 0.0000  0.0000  0.0000 0.000  0.00
# QATOM t=181.62 dir=FD w=1.21781479 e=0.222894430374 i=441 Em=0.4902
# QATOM t=181.88 dir=FD w=1.22747296 e=0.224662146907 i=1096 Em=0.7170
# QATOM t=182.26 dir=FD w=1.55135619 e=0.283941906347 i=1084 Em=0.0866
# QATOM t=182.30 dir=FD w=1.26663786 e=0.231830427417 i=771 Em=0.3671
# QATOM t=182.98 dir=FD w=1.33909533 e=0.24509218806 i=1629 Em=0.3965
# QATOM t=183.50 dir=FD w=1.14475398 e=0.209522242824 i=1038 Em=0.9193
# QATOM t=183.60 dir=FD w=1.30721956 e=0.239258023746 i=2146 Em=0.4544
# QATOM t=183.74 dir=FD w=1.64598891 e=0.30126236145 i=2610 Em=0.0019
t=  184.00 -9.40e-16 | 1.6513 16.26  21952   19  20903  21179 | 1.4286 14.90 | 4.46e-03 1.48e-02 |   0.0000 0.0000  0.0000  0.0000 0.000  0.00
# QATOM t=184.10 dir=FD w=1.18613449 e=0.217096041713 i=2663 Em=0.7933
# QATOM t=184.14 dir=FD w=1.6269174 e=0.297771737852 i=1528 Em=0.0152
# QATOM t=184.50 dir=FD w=1.27699681 e=0.233726407461 i=1670 Em=0.6060
# QATOM t=184.50 dir=FD w=1.50217318 e=0.274940030125 i=2517 Em=0.1965
# QATOM t=185.00 dir=FD w=1.41236927 e=0.258503383554 i=2016 Em=0.3310
# QATOM t=185.94 dir=FD w=1.21834462 e=0.222991403648 i=1397 Em=0.5990
# QATOM t=187.14 dir=FD w=1.37392695 e=0.251467355583 i=2322 Em=0.2637
t=  188.00 -9.40e-16 | 1.6511 16.26  21949   14  21293  21569 | 1.4286 14.90 | 9.20e-03 2.51e-02 |   0.0000 0.0000  0.0000  0.0000 0.000  0.00
# QATOM t=188.62 dir=FD w=1.5067488 e=0.275777496922 i=2217 Em=0.1955
t=  192.00 -9.40e-16 | 1.6511 16.28  21984    8  21672  21943 | 1.4290 14.90 | 9.92e-03 2.39e-02 |   0.0000 0.0000  0.0000  0.0000 0.000  0.00
# QATOM t=195.42 dir=FD w=1.64163311 e=0.300465127495 i=1306 Em=0.0086
t=  196.00 -9.40e-16 | 1.6510 16.27  21964   19  22035  22317 | 1.4287 14.89 | 8.01e-03 2.12e-02 |   0.0000 0.0000  0.0000  0.0000 0.000  0.00
# QATOM t=196.10 dir=FD w=1.39858049 e=0.255979647831 i=1342 Em=0.3527
# QATOM t=196.52 dir=FD w=1.27388137 e=0.23315619515 i=1353 Em=0.5033
# QATOM t=196.92 dir=FD w=1.58875352 e=0.2907866733 i=1771 Em=0.0507
# QATOM t=197.18 dir=FD w=1.49950521 e=0.274451716495 i=2047 Em=0.2083
# QATOM t=198.24 dir=FD w=1.628539 e=0.298068536371 i=2276 Em=0.0056
# QATOM t=198.54 dir=FD w=1.32809909 e=0.243079565077 i=2126 Em=0.4588
# QATOM t=199.38 dir=FD w=1.64464626 e=0.301016619486 i=1720 Em=0.0022
# QATOM t=199.96 dir=FD w=1.29222038 e=0.236512749438 i=1081 Em=0.5767
t=  200.00 -9.40e-16 | 1.6509 16.27  21971   17  22429  22701 | 1.4287 14.89 | 5.03e-03 1.73e-02 |   0.0000 0.0000  0.0000  0.0000 0.000  0.00
# QATOM t=201.58 dir=FD w=1.31288415 e=0.240294802856 i=1513 Em=0.4498
# QATOM t=202.02 dir=FD w=1.38144526 e=0.252843417647 i=456 Em=0.2780
# QATOM t=203.04 dir=FD w=1.53168723 e=0.280341932177 i=2597 Em=0.1146
t=  204.00 -9.40e-16 | 1.6508 16.26  21948   16  22836  23142 | 1.4283 14.89 | 1.07e-02 1.83e-02 |   0.0000 0.0000  0.0000  0.0000 0.000  0.00
# QATOM t=204.10 dir=FD w=1.58645081 e=0.290365211315 i=858 Em=0.0703
# QATOM t=205.26 dir=FD w=1.64239671 e=0.300604888949 i=1015 Em=0.0048
# QATOM t=207.04 dir=FD w=1.10288548 e=0.20185912655 i=1116 Em=0.9407
# QATOM t=207.16 dir=FD w=1.43097896 e=0.26190948038 i=970 Em=0.2281
# QATOM t=207.32 dir=FD w=1.57087582 e=0.28751454923 i=1583 Em=0.0829
t=  208.00 -9.40e-16 | 1.6507 16.26  21950   17  23244  23531 | 1.4283 14.88 | 5.47e-03 2.08e-02 |   0.0000 0.0000  0.0000  0.0000 0.000  0.00
# QATOM t=208.08 dir=FD w=1.16870437 e=0.213905838635 i=107 Em=0.6985
# QATOM t=208.10 dir=DF w=2.09033845 e=0.382590850718 i=2622 Em=0.5871
# QATOM t=209.46 dir=FD w=1.28458615 e=0.235115471589 i=682 Em=0.3851
# QATOM t=211.60 dir=DF w=1.99919633 e=0.365909274721 i=170 Em=0.7599
t=  212.00 -9.40e-16 | 1.6506 16.26  21947   14  23627  23937 | 1.4283 14.89 | 3.45e-03 1.28e-02 |   0.0000 0.0000  0.0000  0.0000 0.000  0.00
# QATOM t=214.32 dir=FD w=1.6468741 e=0.301424376448 i=589 Em=0.0027
t=  216.00 -9.40e-16 | 1.6505 16.26  21953   15  24078  24362 | 1.4283 14.88 | 1.23e-02 2.70e-02 |   0.0000 0.0000  0.0000  0.0000 0.000  0.00
# QATOM t=216.30 dir=FD w=1.60550132 e=0.293851991242 i=2350 Em=0.0479
# QATOM t=217.86 dir=FD w=1.61809574 e=0.296157125527 i=1951 Em=0.0277
# QATOM t=218.10 dir=FD w=1.44363444 e=0.264225790008 i=2012 Em=0.1959
# QATOM t=219.20 dir=FD w=1.43709055 e=0.263028075207 i=1470 Em=0.2477
t=  220.00 -9.40e-16 | 1.6503 16.28  21976   16  24465  24781 | 1.4285 14.87 | 7.11e-03 1.82e-02 |   0.0000 0.0000  0.0000  0.0000 0.000  0.00
# QATOM t=220.94 dir=DF w=2.00709428 e=0.36735482162 i=1327 Em=0.7320
# QATOM t=221.30 dir=FD w=1.33293944 e=0.243965485597 i=932 Em=0.4901
# QATOM t=223.52 dir=FD w=1.62151785 e=0.296783469025 i=1264 Em=0.0135
t=  224.00 -9.40e-16 | 1.6503 16.28  21980   14  24916  25194 | 1.4286 14.88 | 6.96e-03 1.58e-02 |   0.0000 0.0000  0.0000  0.0000 0.000  0.00
# QATOM t=224.30 dir=FD w=1.58401904 e=0.289920128598 i=2439 Em=0.0418
# QATOM t=225.40 dir=FD w=1.63170984 e=0.298648890336 i=29 Em=0.0098
# QATOM t=225.82 dir=FD w=1.35065521 e=0.247207971534 i=731 Em=0.4184
# QATOM t=226.68 dir=FD w=1.63677543 e=0.299576036028 i=574 Em=0.0063
t=  228.00 -9.40e-16 | 1.6502 16.28  21974   20  25322  25597 | 1.4285 14.88 | 9.59e-03 2.25e-02 |   0.0000 0.0000  0.0000  0.0000 0.000  0.00
# QATOM t=228.44 dir=FD w=1.62006237 e=0.296517074195 i=1630 Em=0.0370
# QATOM t=228.66 dir=FD w=1.62377736 e=0.297197022316 i=1535 Em=0.0091
# QATOM t=230.28 dir=FD w=1.57295942 e=0.287895907255 i=2204 Em=0.0974
t=  232.00 -9.40e-16 | 1.6501 16.28  21972    8  25732  26047 | 1.4285 14.88 | 6.26e-03 1.78e-02 |   0.0000 0.0000  0.0000  0.0000 0.000  0.00
# QATOM t=232.48 dir=FD w=1.29690535 e=0.237370231765 i=1808 Em=0.5605
# QATOM t=232.82 dir=FD w=1.55895962 e=0.285333549612 i=760 Em=0.0614
# QATOM t=234.28 dir=FD w=1.50110788 e=0.274745050517 i=1139 Em=0.1671
t=  236.00 -9.40e-16 | 1.6501 16.26  21952   16  26179  26477 | 1.4282 14.88 | 4.61e-03 1.41e-02 |   0.0000 0.0000  0.0000  0.0000 0.000  0.00
# QATOM t=236.14 dir=FD w=1.41366085 e=0.258739778641 i=2560 Em=0.2104
# QATOM t=237.54 dir=FD w=1.60953711 e=0.294590655399 i=660 Em=0.0247
# QATOM t=238.28 dir=FD w=1.59307153 e=0.291576989948 i=1994 Em=0.0511
t=  240.00 -9.40e-16 | 1.6501 16.27  21960   17  26604  26950 | 1.4283 14.88 | 7.35e-03 1.55e-02 |   0.0000 0.0000  0.0000  0.0000 0.000  0.00
# QATOM t=240.08 dir=DF w=1.9213897 e=0.351668468734 i=1773 Em=0.9378
# QATOM t=240.64 dir=FD w=1.15992891 e=0.212299682636 i=513 Em=0.8619
# QATOM t=240.68 dir=FD w=1.20751647 e=0.221009547446 i=2446 Em=0.7621
# QATOM t=240.82 dir=FD w=1.42510578 e=0.260834522822 i=1499 Em=0.2871
# QATOM t=243.98 dir=FD w=1.61456956 e=0.295511735955 i=1 Em=0.0057
t=  244.00 -9.40e-16 | 1.6500 16.26  21949   14  27049  27344 | 1.4281 14.87 | 1.49e-02 2.62e-02 |   0.0000 0.0000  0.0000  0.0000 0.000  0.00
t=  248.00 -9.40e-16 | 1.6499 16.23  21907   10  27467  27751 | 1.4275 14.86 | 4.12e-03 1.48e-02 |   0.0000 0.0000  0.0000  0.0000 0.000  0.00
# QATOM t=248.98 dir=FD w=1.5602472 e=0.285569212594 i=2050 Em=0.0527
t=  252.00 -9.40e-16 | 1.6500 16.22  21893   14  27853  28161 | 1.4273 14.86 | 8.13e-03 2.03e-02 |   0.0000 0.0000  0.0000  0.0000 0.000  0.00
# QATOM t=253.14 dir=FD w=1.19595118 e=0.218892772797 i=688 Em=0.7846
# QATOM t=255.80 dir=FD w=1.44891593 e=0.265192452342 i=1042 Em=0.1911
t=  256.00 -9.40e-16 | 1.6499 16.23  21916   17  28253  28575 | 1.4276 14.86 | 6.42e-03 1.57e-02 |   0.0000 0.0000  0.0000  0.0000 0.000  0.00
# QATOM t=256.08 dir=FD w=1.45662644 e=0.266603693353 i=2077 Em=0.2495
# QATOM t=256.26 dir=DF w=2.01728707 e=0.369220389323 i=2154 Em=0.6928
# QATOM t=256.28 dir=FD w=1.37378132 e=0.251440701166 i=2044 Em=0.3179
# QATOM t=256.62 dir=FD w=1.58278363 e=0.289694014136 i=2540 Em=0.0667
# QATOM t=256.66 dir=FD w=1.21561158 e=0.222491179772 i=2154 Em=0.6937
# QATOM t=257.24 dir=FD w=1.02622281 e=0.187827697834 i=1394 Em=1.2617
# QATOM t=257.40 dir=FD w=1.61270059 e=0.295169661908 i=1428 Em=0.0021
# QATOM t=259.22 dir=DF w=1.98037815 e=0.362465017278 i=1779 Em=0.7248
# QATOM t=259.30 dir=FD w=1.18688733 e=0.217233832589 i=1779 Em=0.7096
t=  260.00 -9.40e-16 | 1.6498 16.23  21908   15  28699  29009 | 1.4275 14.86 | 4.45e-03 1.70e-02 |   0.0000 0.0000  0.0000  0.0000 0.000  0.00
# QATOM t=262.10 dir=DF w=1.94551216 e=0.356083557856 i=107 Em=0.8641
# QATOM t=262.50 dir=FD w=1.1602354 e=0.212355779759 i=107 Em=0.8605
t=  264.00 -9.40e-16 | 1.6498 16.21  21889   11  29095  29410 | 1.4272 14.85 | 4.99e-03 1.49e-02 |   0.0000 0.0000  0.0000  0.0000 0.000  0.00
# QATOM t=265.98 dir=FD w=1.30147305 e=0.238206248917 i=1779 Em=0.4756
# QATOM t=267.04 dir=FD w=1.51123299 e=0.276598230679 i=1002 Em=0.1088
t=  268.00 -9.40e-16 | 1.6497 16.23  21909   18  29534  29856 | 1.4274 14.85 | 8.30e-03 1.84e-02 |   0.0000 0.0000  0.0000  0.0000 0.000  0.00
# QATOM t=270.72 dir=FD w=1.60311663 e=0.293415525537 i=1035 Em=0.0365
# QATOM t=270.76 dir=FD w=1.24518334 e=0.227903646844 i=142 Em=0.6327
t=  272.00 -9.40e-16 | 1.6496 16.23  21905   14  29911  30252 | 1.4274 14.85 | 7.14e-03 2.19e-02 |   0.0000 0.0000  0.0000  0.0000 0.000  0.00
# QATOM t=272.70 dir=FD w=1.62839023 e=0.29804130695 i=824 Em=0.0030
# QATOM t=273.80 dir=DF w=1.93586998 e=0.35431876784 i=1052 Em=0.8735
# QATOM t=274.62 dir=FD w=1.6429669 e=0.300709248995 i=2004 Em=0.0007
t=  276.00 -1.07e-15 | 1.6496 16.23  21913   12  30382  30715 | 1.4275 14.85 | 4.39e-03 1.49e-02 |   0.0000 0.0000  0.0000  0.0000 0.000  0.00
# QATOM t=278.26 dir=FD w=1.45857106 e=0.266959613288 i=2485 Em=0.2595
# QATOM t=278.52 dir=FD w=1.26249442 e=0.231072061224 i=1233 Em=0.3492
# QATOM t=279.18 dir=DF w=1.93738206 e=0.354595520913 i=2303 Em=0.8738
t=  280.00 -9.40e-16 | 1.6496 16.23  21917   13  30810  31138 | 1.4275 14.84 | 4.82e-03 1.26e-02 |   0.0000 0.0000  0.0000  0.0000 0.000  0.00
# QATOM t=280.04 dir=FD w=1.40469162 e=0.257098156222 i=2146 Em=0.3427
t=  284.00 -1.07e-15 | 1.6496 16.25  21934    7  31206  31546 | 1.4276 14.84 | 6.08e-03 1.47e-02 |   0.0000 0.0000  0.0000  0.0000 0.000  0.00
# QATOM t=285.40 dir=DF w=1.89908053 e=0.347585262175 i=1779 Em=0.9504
t=  288.00 -9.40e-16 | 1.6496 16.24  21925   12  31603  31930 | 1.4274 14.83 | 7.66e-03 1.43e-02 |   0.0000 0.0000  0.0000  0.0000 0.000  0.00
# QATOM t=291.04 dir=FD w=1.31894496 e=0.241404102096 i=64 Em=0.3169
t=  292.00 -1.07e-15 | 1.6495 16.25  21932    6  31992  32317 | 1.4275 14.83 | 6.46e-03 1.86e-02 |   0.0000 0.0000  0.0000  0.0000 0.000  0.00
t=  296.00 -1.07e-15 | 1.6495 16.24  21925   14  32337  32654 | 1.4275 14.83 | 6.28e-03 1.45e-02 |   0.0000 0.0000  0.0000  0.0000 0.000  0.00
# QATOM t=298.92 dir=DF w=1.81550317 e=0.332288249331 i=1773 Em=1.0907
# QATOM t=299.56 dir=DF w=2.20356838 e=0.403315119465 i=964 Em=0.2225
t=  300.00 -1.07e-15 | 1.6495 16.23  21910   15  32775  33083 | 1.4273 14.83 | 7.74e-03 1.82e-02 |   0.0000 0.0000  0.0000  0.0000 0.000  0.00
# QATOM t=302.98 dir=FD w=1.61927932 e=0.296373753324 i=1335 Em=0.0135
# QATOM t=303.14 dir=FD w=1.6342926 e=0.29912160711 i=212 Em=0.0136
t=  304.00 -1.07e-15 | 1.6494 16.22  21901   10  33209  33528 | 1.4272 14.83 | 1.13e-02 2.58e-02 |   0.0000 0.0000  0.0000  0.0000 0.000  0.00
# QATOM t=305.64 dir=FD w=1.26526646 e=0.231579423047 i=1920 Em=0.3002
# QATOM t=306.80 dir=FD w=1.27742271 e=0.233804359797 i=2079 Em=0.5837
# QATOM t=307.28 dir=FD w=1.63254703 e=0.298802118742 i=1746 Em=0.0019
t=  308.00 -1.07e-15 | 1.6494 16.23  21906   10  33656  33981 | 1.4273 14.84 | 5.88e-03 1.61e-02 |   0.0000 0.0000  0.0000  0.0000 0.000  0.00
t=  312.00 -1.07e-15 | 1.6494 16.22  21903   16  34084  34405 | 1.4273 14.84 | 1.05e-02 2.35e-02 |   0.0000 0.0000  0.0000  0.0000 0.000  0.00
# QATOM t=313.26 dir=FD w=1.26276798 e=0.231122131206 i=1250 Em=0.4549
# QATOM t=313.68 dir=FD w=1.55937481 e=0.285409540322 i=1135 Em=0.0837
t=  316.00 -1.07e-15 | 1.6493 16.22  21898   12  34511  34865 | 1.4273 14.84 | 6.89e-03 1.54e-02 |   0.0000 0.0000  0.0000  0.0000 0.000  0.00
t=  320.00 -1.07e-15 | 1.6492 16.20  21870   13  34959  35316 | 1.4269 14.84 | 5.70e-03 1.65e-02 |   0.0000 0.0000  0.0000  0.0000 0.000  0.00
# QATOM t=321.64 dir=FD w=1.48962101 e=0.272642630034 i=869 Em=0.0146
t=  324.00 -1.07e-15 | 1.6492 16.22  21893   14  35385  35734 | 1.4271 14.83 | 9.14e-03 2.29e-02 |   0.0000 0.0000  0.0000  0.0000 0.000  0.00
t=  328.00 -1.07e-15 | 1.6492 16.23  21906   11  35821  36154 | 1.4273 14.83 | 7.09e-03 2.08e-02 |   0.0000 0.0000  0.0000  0.0000 0.000  0.00
# QATOM t=328.10 dir=FD w=1.1765976 e=0.215350522615 i=1797 Em=0.8166
# QATOM t=330.16 dir=DF w=2.25014374 e=0.411839723648 i=1507 Em=0.1933
# QATOM t=330.16 dir=DF w=2.23038011 e=0.408222423245 i=2472 Em=0.2078
# QATOM t=331.38 dir=DF w=2.072015 e=0.379237143642 i=731 Em=0.6164
t=  332.00 -1.07e-15 | 1.6494 16.22  21895   21  36254  36617 | 1.4272 14.84 | 3.53e-03 1.23e-02 |   0.0000 0.0000  0.0000  0.0000 0.000  0.00
# QATOM t=335.76 dir=DF w=1.89917709 e=0.347602935683 i=580 Em=0.9516
t=  336.00 -1.07e-15 | 1.6494 16.24  21927   12  36720  37088 | 1.4276 14.84 | 7.12e-03 1.80e-02 |   0.0000 0.0000  0.0000  0.0000 0.000  0.00
# QATOM t=338.08 dir=FD w=1.4915732 e=0.272999934669 i=2591 Em=0.0888
t=  340.00 -1.07e-15 | 1.6493 16.25  21942   15  37221  37569 | 1.4277 14.84 | 1.04e-02 2.38e-02 |   0.0000 0.0000  0.0000  0.0000 0.000  0.00
# QATOM t=342.32 dir=FD w=1.27219725 e=0.232847952536 i=2454 Em=0.5210
# QATOM t=343.42 dir=FD w=1.4629505 e=0.267761173693 i=2047 Em=0.2413
t=  344.00 -1.07e-15 | 1.6492 16.25  21931   10  37666  38038 | 1.4277 14.84 | 4.27e-03 1.29e-02 |   0.0000 0.0000  0.0000  0.0000 0.000  0.00
t=  348.00 -1.07e-15 | 1.6493 16.26  21945    8  38104  38468 | 1.4279 14.84 | 8.01e-03 2.35e-02 |   0.0000 0.0000  0.0000  0.0000 0.000  0.00
# QATOM t=349.64 dir=FD w=1.29318946 e=0.236690118444 i=827 Em=0.5724
# QATOM t=350.94 dir=FD w=1.45631796 e=0.266547232428 i=653 Em=0.1127
# QATOM t=351.38 dir=FD w=1.36568898 e=0.249959575515 i=2494 Em=0.2964
t=  352.00 -1.07e-15 | 1.6492 16.25  21941   19  38570  38920 | 1.4277 14.83 | 3.68e-03 1.22e-02 |   0.0000 0.0000  0.0000  0.0000 0.000  0.00
t=  356.00 -1.07e-15 | 1.6492 16.23  21906    5  39001  39348 | 1.4273 14.84 | 4.55e-03 1.44e-02 |   0.0000 0.0000  0.0000  0.0000 0.000  0.00
# QATOM t=356.12 dir=FD w=1.570028 e=0.287359375385 i=1499 Em=0.0351
# QATOM t=357.24 dir=FD w=1.37932513 e=0.252455374474 i=335 Em=0.3643
t=  360.00 -1.07e-15 | 1.6491 16.24  21930   19  39431  39755 | 1.4275 14.84 | 5.46e-03 1.62e-02 |   0.0000 0.0000  0.0000  0.0000 0.000  0.00
# QATOM t=360.90 dir=FD w=1.63650479 e=0.299526500788 i=944 Em=0.0162
# QATOM t=360.96 dir=FD w=1.59672632 e=0.292245918862 i=2693 Em=0.0206
t=  364.00 -1.07e-15 | 1.6491 16.23  21910   13  39858  40196 | 1.4272 14.83 | 5.41e-03 1.90e-02 |   0.0000 0.0000  0.0000  0.0000 0.000  0.00
# QATOM t=364.96 dir=DF w=1.91818769 e=0.351082410992 i=888 Em=0.8969
t=  368.00 -1.07e-15 | 1.6492 16.22  21895    8  40241  40585 | 1.4271 14.83 | 4.48e-03 1.35e-02 |   0.0000 0.0000  0.0000  0.0000 0.000  0.00
# QATOM t=368.76 dir=DF w=2.16910079 e=0.397006579399 i=1731 Em=0.2940
# QATOM t=368.76 dir=DF w=2.18157208 e=0.399289176386 i=2250 Em=0.2848
# QATOM t=369.16 dir=FD w=1.46264079 e=0.267704489001 i=1666 Em=0.2620
# QATOM t=369.94 dir=FD w=1.23814155 e=0.226614800617 i=2670 Em=0.5678
# QATOM t=370.20 dir=FD w=1.4303425 e=0.261792991696 i=281 Em=0.2305
# QATOM t=370.50 dir=FD w=1.45384992 e=0.266095511113 i=2250 Em=0.1174
# QATOM t=370.94 dir=FD w=1.58025502 e=0.289231208067 i=658 Em=0.0476
# QATOM t=371.78 dir=FD w=1.60054324 e=0.292944523904 i=2159 Em=0.0498
t=  372.00 -1.07e-15 | 1.6490 16.20  21866   11  40670  41022 | 1.4268 14.83 | 6.94e-03 1.87e-02 |   0.0000 0.0000  0.0000  0.0000 0.000  0.00
t=  376.00 -1.07e-15 | 1.6490 16.21  21886   12  41133  41456 | 1.4271 14.84 | 5.84e-03 1.91e-02 |   0.0000 0.0000  0.0000  0.0000 0.000  0.00
t=  380.00 -1.07e-15 | 1.6491 16.21  21890   12  41572  41907 | 1.4271 14.84 | 8.26e-03 1.97e-02 |   0.0000 0.0000  0.0000  0.0000 0.000  0.00
# QATOM t=380.94 dir=FD w=1.43175859 e=0.262052175533 i=1495 Em=0.2646
t=  384.00 -1.07e-15 | 1.6491 16.22  21892   16  42018  42379 | 1.4271 14.84 | 5.14e-03 1.70e-02 |   0.0000 0.0000  0.0000  0.0000 0.000  0.00
# QATOM t=385.24 dir=FD w=1.50451684 e=0.275368986759 i=1200 Em=0.1799
t=  388.00 -1.07e-15 | 1.6491 16.21  21886   17  42498  42820 | 1.4271 14.84 | 5.43e-03 1.48e-02 |   0.0000 0.0000  0.0000  0.0000 0.000  0.00
# QATOM t=388.14 dir=FD w=1.39383983 e=0.255111973956 i=193 Em=0.2753
t=  392.00 -1.07e-15 | 1.6490 16.21  21877   13  42905  43235 | 1.4270 14.84 | 4.55e-03 1.59e-02 |   0.0000 0.0000  0.0000  0.0000 0.000  0.00
t=  396.00 -1.07e-15 | 1.6491 16.21  21886    7  43308  43614 | 1.4271 14.84 | 9.02e-03 2.22e-02 |   0.0000 0.0000  0.0000  0.0000 0.000  0.00
# QATOM t=396.12 dir=FD w=1.56673221 e=0.286756152677 i=2571 Em=0.0488
t=  400.00 -1.07e-15 | 1.6490 16.24  21920   12  43758  44055 | 1.4275 14.84 | 6.67e-03 1.51e-02 |   0.0000 0.0000  0.0000  0.0000 0.000  0.00
t=  404.00 -1.07e-15 | 1.6490 16.23  21906   17  44176  44517 | 1.4273 14.84 | 6.14e-03 1.56e-02 |   0.0000 0.0000  0.0000  0.0000 0.000  0.00
t=  408.00 -1.07e-15 | 1.6490 16.23  21912   10  44579  44907 | 1.4274 14.84 | 5.67e-03 1.35e-02 |   0.0000 0.0000  0.0000  0.0000 0.000  0.00
# QATOM t=409.74 dir=FD w=1.39201028 e=0.254777113551 i=712 Em=0.2852
t=  412.00 -1.07e-15 | 1.6490 16.23  21910   13  44987  45299 | 1.4274 14.84 | 7.87e-03 2.07e-02 |   0.0000 0.0000  0.0000  0.0000 0.000  0.00
# QATOM t=414.06 dir=FD w=1.62479339 e=0.297382984461 i=1036 Em=0.0164
# QATOM t=415.82 dir=DF w=1.93461937 e=0.354089871959 i=2044 Em=0.8358
t=  416.00 -1.07e-15 | 1.6491 16.23  21910    8  45355  45678 | 1.4274 14.84 | 9.45e-03 2.32e-02 |   0.0000 0.0000  0.0000  0.0000 0.000  0.00
# QATOM t=418.74 dir=DF w=1.91572978 e=0.350632544493 i=1773 Em=0.9598
t=  420.00 -1.21e-15 | 1.6492 16.25  21931    6  45745  46071 | 1.4276 14.84 | 6.76e-03 1.98e-02 |   0.0000 0.0000  0.0000  0.0000 0.000  0.00
# QATOM t=421.44 dir=FD w=1.26590331 e=0.231695984255 i=244 Em=0.4652
t=  424.00 -1.21e-15 | 1.6491 16.23  21910   16  46127  46436 | 1.4274 14.84 | 7.83e-03 1.67e-02 |   0.0000 0.0000  0.0000  0.0000 0.000  0.00
# QATOM t=425.66 dir=FD w=1.62944023 e=0.298233486723 i=1644 Em=0.0067
# QATOM t=426.34 dir=DF w=2.03666297 e=0.372766725339 i=2303 Em=0.6985
# QATOM t=427.56 dir=FD w=1.62498824 e=0.297418647023 i=2294 Em=0.0151
t=  428.00 -1.21e-15 | 1.6491 16.23  21916   17  46529  46843 | 1.4275 14.84 | 4.67e-03 1.37e-02 |   0.0000 0.0000  0.0000  0.0000 0.000  0.00
t=  432.00 -1.21e-15 | 1.6491 16.22  21896    9  46947  47282 | 1.4273 14.84 | 5.82e-03 1.74e-02 |   0.0000 0.0000  0.0000  0.0000 0.000  0.00
t=  436.00 -1.21e-15 | 1.6490 16.23  21908   15  47362  47677 | 1.4274 14.84 | 7.37e-03 1.91e-02 |   0.0000 0.0000  0.0000  0.0000 0.000  0.00
# QATOM t=436.32 dir=FD w=1.63440453 e=0.299142093478 i=2383 Em=0.0169
t=  440.00 -1.21e-15 | 1.6489 16.23  21908   20  47794  48120 | 1.4273 14.83 | 5.96e-03 1.53e-02 |   0.0000 0.0000  0.0000  0.0000 0.000  0.00
# QATOM t=440.32 dir=FD w=1.4041717 e=0.257002997777 i=1865 Em=0.3549
# QATOM t=441.68 dir=FD w=1.22885872 e=0.224915781289 i=2591 Em=0.7119
t=  444.00 -1.21e-15 | 1.6488 16.24  21922   11  48213  48570 | 1.4275 14.83 | 4.38e-03 1.19e-02 |   0.0000 0.0000  0.0000  0.0000 0.000  0.00
# QATOM t=447.94 dir=FD w=1.34000211 e=0.245258154287 i=515 Em=0.4797
t=  448.00 -1.21e-15 | 1.6488 16.25  21941   16  48634  49002 | 1.4278 14.84 | 4.88e-03 1.43e-02 |   0.0000 0.0000  0.0000  0.0000 0.000  0.00
t=  452.00 -1.21e-15 | 1.6488 16.25  21939   13  49045  49437 | 1.4278 14.84 | 7.99e-03 1.73e-02 |   0.0000 0.0000  0.0000  0.0000 0.000  0.00
t=  456.00 -1.21e-15 | 1.6488 16.27  21966   19  49509  49851 | 1.4280 14.83 | 3.72e-03 1.44e-02 |   0.0000 0.0000  0.0000  0.0000 0.000  0.00
t=  460.00 -1.21e-15 | 1.6488 16.25  21935   13  49980  50341 | 1.4278 14.84 | 4.76e-03 1.47e-02 |   0.0000 0.0000  0.0000  0.0000 0.000  0.00
t=  464.00 -1.21e-15 | 1.6488 16.25  21931   11  50465  50837 | 1.4277 14.83 | 1.02e-02 2.27e-02 |   0.0000 0.0000  0.0000  0.0000 0.000  0.00
# QATOM t=467.76 dir=FD w=1.62534522 e=0.297483984981 i=2118 Em=0.0207
t=  468.00 -1.21e-15 | 1.6486 16.24  21920   11  50926  51336 | 1.4275 14.83 | 7.05e-03 1.84e-02 |   0.0000 0.0000  0.0000  0.0000 0.000  0.00
# QATOM t=468.02 dir=FD w=1.19821038 e=0.21930627121 i=372 Em=0.7743
# QATOM t=468.02 dir=FD w=1.58758879 e=0.290573494827 i=766 Em=0.0241
t=  472.00 -1.21e-15 | 1.6486 16.23  21907   14  51435  51803 | 1.4272 14.82 | 6.53e-03 1.86e-02 |   0.0000 0.0000  0.0000  0.0000 0.000  0.00
# QATOM t=472.34 dir=FD w=1.29645235 e=0.237287320145 i=1136 Em=0.4920
t=  476.00 -1.21e-15 | 1.6486 16.25  21935   16  51866  52237 | 1.4275 14.81 | 3.44e-03 1.70e-02 |   0.0000 0.0000  0.0000  0.0000 0.000  0.00
t=  480.00 -1.21e-15 | 1.6486 16.24  21929   13  52340  52716 | 1.4274 14.81 | 5.67e-03 1.53e-02 |   0.0000 0.0000  0.0000  0.0000 0.000  0.00
t=  484.00 -1.21e-15 | 1.6486 16.26  21951    8  52837  53209 | 1.4277 14.81 | 6.77e-03 2.16e-02 |   0.0000 0.0000  0.0000  0.0000 0.000  0.00
# QATOM t=484.58 dir=FD w=1.49483365 e=0.273596688639 i=1419 Em=0.1459
# QATOM t=485.44 dir=DF w=1.99710989 e=0.365527398162 i=1386 Em=0.7745
t=  488.00 -1.21e-15 | 1.6486 16.26  21956   16  53268  53669 | 1.4277 14.82 | 8.40e-03 1.71e-02 |   0.0000 0.0000  0.0000  0.0000 0.000  0.00
# QATOM t=488.20 dir=FD w=1.35982785 e=0.248886822677 i=1097 Em=0.3328
# QATOM t=488.54 dir=FD w=1.51658379 e=0.277577578667 i=1476 Em=0.1507
# QATOM t=489.30 dir=FD w=1.62951202 e=0.298246626074 i=68 Em=0.0255
t=  492.00 -1.21e-15 | 1.6484 16.26  21952   12  53667  54073 | 1.4278 14.82 | 6.17e-03 1.23e-02 |   0.0000 0.0000  0.0000  0.0000 0.000  0.00
# QATOM t=494.58 dir=FD w=1.56420269 e=0.286293178006 i=1052 Em=0.0367
# QATOM t=495.78 dir=FD w=1.54381842 e=0.282562282309 i=2430 Em=0.1017
# QATOM t=495.86 dir=FD w=1.14888642 e=0.210278596608 i=1495 Em=0.9041
t=  496.00 -1.21e-15 | 1.6483 16.26  21950    9  54044  54448 | 1.4277 14.82 | 1.35e-02 3.04e-02 |   0.0000 0.0000  0.0000  0.0000 0.000  0.00
# QATOM t=499.22 dir=DF w=2.2993808 e=0.420851493248 i=875 Em=0.1287
t=  500.00 -1.21e-15 | 1.6484 16.23  21909   10  54429  54822 | 1.4273 14.82 | 4.22e-03 1.28e-02 |   0.0000 0.0000  0.0000  0.0000 0.000  0.00
# QATOM t=500.14 dir=FD w=1.54371211 e=0.282542824112 i=875 Em=0.1209
t=  504.00 -1.21e-15 | 1.6483 16.21  21885   11  54819  55241 | 1.4270 14.82 | 9.58e-03 2.28e-02 |   0.0000 0.0000  0.0000  0.0000 0.000  0.00
t=  508.00 -1.21e-15 | 1.6484 16.21  21883   16  55257  55665 | 1.4269 14.82 | 4.67e-03 1.42e-02 |   0.0000 0.0000  0.0000  0.0000 0.000  0.00
# QATOM t=509.12 dir=DF w=2.19904547 e=0.402487300702 i=79 Em=0.4259
t=  512.00 -1.21e-15 | 1.6484 16.24  21922   17  55706  56135 | 1.4274 14.82 | 6.85e-03 1.98e-02 |   0.0000 0.0000  0.0000  0.0000 0.000  0.00
t=  516.00 -1.21e-15 | 1.6484 16.22  21903   14  56176  56596 | 1.4272 14.83 | 8.58e-03 1.93e-02 |   0.0000 0.0000  0.0000  0.0000 0.000  0.00
# QATOM t=517.24 dir=FD w=1.63626634 e=0.299482857926 i=1677 Em=0.0161
# QATOM t=519.50 dir=FD w=1.0953982 e=0.200488743885 i=2120 Em=1.0474
t=  520.00 -1.21e-15 | 1.6484 16.22  21892   19  56652  57048 | 1.4271 14.83 | 7.31e-03 1.62e-02 |   0.0000 0.0000  0.0000  0.0000 0.000  0.00
# QATOM t=523.54 dir=FD w=1.58885115 e=0.290804541165 i=2502 Em=0.0213
t=  524.00 -1.21e-15 | 1.6484 16.22  21900   10  57050  57457 | 1.4272 14.83 | 4.33e-03 1.58e-02 |   0.0000 0.0000  0.0000  0.0000 0.000  0.00
# QATOM t=524.28 dir=FD w=1.5735883 e=0.28801100971 i=2692 Em=0.0562
t=  528.00 -1.21e-15 | 1.6484 16.23  21910   16  57561  57943 | 1.4273 14.83 | 9.02e-03 2.38e-02 |   0.0000 0.0000  0.0000  0.0000 0.000  0.00
# QATOM t=531.16 dir=DF w=2.0951136 e=0.383464837808 i=804 Em=0.5670
t=  532.00 -1.21e-15 | 1.6484 16.25  21932   19  58029  58386 | 1.4276 14.83 | 9.81e-03 2.42e-02 |   0.0000 0.0000  0.0000  0.0000 0.000  0.00
# QATOM t=534.60 dir=FD w=1.62456434 e=0.297341061972 i=2119 Em=0.0255
t=  536.00 -1.21e-15 | 1.6484 16.23  21910   10  58480  58835 | 1.4274 14.83 | 7.10e-03 1.40e-02 |   0.0000 0.0000  0.0000  0.0000 0.000  0.00
# QATOM t=536.30 dir=DF w=2.20845145 e=0.404208858728 i=964 Em=0.2295
t=  540.00 -1.21e-15 | 1.6485 16.23  21908   14  58926  59273 | 1.4274 14.83 | 5.52e-03 1.74e-02 |   0.0000 0.0000  0.0000  0.0000 0.000  0.00
t=  544.00 -1.21e-15 | 1.6484 16.22  21895   15  59334  59693 | 1.4272 14.83 | 4.33e-03 1.75e-02 |   0.0000 0.0000  0.0000  0.0000 0.000  0.00
# QATOM t=544.10 dir=FD w=1.61328449 e=0.295276530687 i=8 Em=0.0192
t=  548.00 -1.21e-15 | 1.6483 16.22  21903   14  59754  60119 | 1.4272 14.82 | 7.18e-03 1.75e-02 |   0.0000 0.0000  0.0000  0.0000 0.000  0.00
# QATOM t=548.08 dir=FD w=1.38325181 e=0.253174068444 i=1116 Em=0.3408
t=  552.00 -1.21e-15 | 1.6483 16.23  21911    6  60188  60564 | 1.4273 14.82 | 5.23e-03 1.30e-02 |   0.0000 0.0000  0.0000  0.0000 0.000  0.00
# QATOM t=554.58 dir=FD w=1.61481666 e=0.295556962527 i=2113 Em=0.0060
t=  556.00 -1.21e-15 | 1.6483 16.21  21887    9  60606  61030 | 1.4269 14.81 | 5.02e-03 1.35e-02 |   0.0000 0.0000  0.0000  0.0000 0.000  0.00
# QATOM t=557.70 dir=DF w=2.11837344 e=0.387722045801 i=897 Em=0.5069
t=  560.00 -1.21e-15 | 1.6483 16.22  21897    8  61030  61458 | 1.4269 14.81 | 3.88e-03 1.21e-02 |   0.0000 0.0000  0.0000  0.0000 0.000  0.00
# QATOM t=561.40 dir=FD w=1.49036643 e=0.272779061532 i=2081 Em=0.2036
t=  564.00 -1.21e-15 | 1.6483 16.21  21885    8  61479  61883 | 1.4268 14.80 | 8.08e-03 1.98e-02 |   0.0000 0.0000  0.0000  0.0000 0.000  0.00
t=  568.00 -1.34e-15 | 1.6483 16.22  21900    8  61898  62313 | 1.4269 14.80 | 7.65e-03 1.78e-02 |   0.0000 0.0000  0.0000  0.0000 0.000  0.00
# QATOM t=568.46 dir=FD w=1.50885354 e=0.276162724661 i=1858 Em=0.1097
# QATOM t=571.10 dir=FD w=1.54991242 e=0.283677657016 i=1261 Em=0.1063
t=  572.00 -1.34e-15 | 1.6483 16.23  21910    8  62352  62748 | 1.4270 14.80 | 7.64e-03 2.06e-02 |   0.0000 0.0000  0.0000  0.0000 0.000  0.00
t=  576.00 -1.34e-15 | 1.6483 16.23  21905    7  62798  63196 | 1.4269 14.80 | 6.58e-03 1.75e-02 |   0.0000 0.0000  0.0000  0.0000 0.000  0.00
t=  580.00 -1.34e-15 | 1.6482 16.21  21888    4  63208  63633 | 1.4266 14.79 | 3.96e-03 1.45e-02 |   0.0000 0.0000  0.0000  0.0000 0.000  0.00
# QATOM t=581.30 dir=FD w=1.60931902 e=0.294550737959 i=2040 Em=0.0409
t=  584.00 -1.34e-15 | 1.6482 16.22  21895    7  63655  64064 | 1.4267 14.79 | 7.96e-03 2.03e-02 |   0.0000 0.0000  0.0000  0.0000 0.000  0.00
t=  588.00 -1.34e-15 | 1.6482 16.21  21883   14  64058  64474 | 1.4266 14.79 | 4.74e-03 1.37e-02 |   0.0000 0.0000  0.0000  0.0000 0.000  0.00
# QATOM t=591.68 dir=DF w=1.9873417 e=0.363739544165 i=80 Em=0.7401
t=  592.00 -1.34e-15 | 1.6483 16.22  21892    7  64424  64880 | 1.4267 14.79 | 4.55e-03 1.43e-02 |   0.0000 0.0000  0.0000  0.0000 0.000  0.00
t=  596.00 -1.34e-15 | 1.6483 16.20  21875   11  64852  65285 | 1.4265 14.79 | 4.89e-03 1.42e-02 |   0.0000 0.0000  0.0000  0.0000 0.000  0.00
# QATOM t=597.14 dir=DF w=2.0892913 e=0.38239919319 i=875 Em=0.4260
# QATOM t=597.14 dir=DF w=2.07857647 e=0.380438077542 i=2023 Em=0.4282
# QATOM t=597.36 dir=FD w=1.35218678 e=0.247488292317 i=2023 Em=0.3784
# QATOM t=598.18 dir=DF w=2.07098082 e=0.379047859582 i=1663 Em=0.6114
t=  600.00 -1.21e-15 | 1.6484 16.20  21873   10  65325  65765 | 1.4264 14.79 | 5.52e-03 1.54e-02 |   0.0000 0.0000  0.0000  0.0000 0.000  0.00
t=  604.00 -1.21e-15 | 1.6484 16.22  21895    9  65768  66232 | 1.4267 14.79 | 8.20e-03 2.12e-02 |   0.0000 0.0000  0.0000  0.0000 0.000  0.00
# QATOM t=604.26 dir=DF w=1.97098624 e=0.360746033751 i=2167 Em=0.8395
t=  608.00 -1.21e-15 | 1.6484 16.23  21914    6  66186  66654 | 1.4268 14.79 | 5.33e-03 1.50e-02 |   0.0000 0.0000  0.0000  0.0000 0.000  0.00
t=  612.00 -1.21e-15 | 1.6483 16.21  21881   12  66602  67076 | 1.4264 14.78 | 5.45e-03 1.11e-02 |   0.0000 0.0000  0.0000  0.0000 0.000  0.00
t=  616.00 -1.21e-15 | 1.6484 16.20  21870    8  67022  67483 | 1.4263 14.78 | 7.04e-03 2.03e-02 |   0.0000 0.0000  0.0000  0.0000 0.000  0.00
# QATOM t=617.42 dir=FD w=1.63508285 e=0.299266246401 i=810 Em=0.0096
t=  620.00 -1.21e-15 | 1.6483 16.19  21862    8  67421  67888 | 1.4262 14.78 | 4.49e-03 1.39e-02 |   0.0000 0.0000  0.0000  0.0000 0.000  0.00
# QATOM t=622.98 dir=FD w=1.2331329 e=0.225698075325 i=444 Em=0.5962
# QATOM t=623.62 dir=FD w=1.62552626 e=0.297517120772 i=2471 Em=0.0238
t=  624.00 -1.21e-15 | 1.6484 16.18  21843    5  67874  68329 | 1.4259 14.78 | 5.51e-03 1.38e-02 |   0.0000 0.0000  0.0000  0.0000 0.000  0.00
# QATOM t=627.38 dir=FD w=1.60640286 e=0.294016999504 i=1549 Em=0.0231
t=  628.00 -1.21e-15 | 1.6484 16.18  21838   13  68326  68793 | 1.4259 14.78 | 6.48e-03 1.67e-02 |   0.0000 0.0000  0.0000  0.0000 0.000  0.00
# QATOM t=628.24 dir=FD w=1.6424685 e=0.300618028491 i=2545 Em=0.0064
t=  632.00 -1.21e-15 | 1.6483 16.18  21839    6  68783  69266 | 1.4259 14.78 | 7.86e-03 2.06e-02 |   0.0000 0.0000  0.0000  0.0000 0.000  0.00
t=  636.00 -1.21e-15 | 1.6483 16.18  21846   14  69226  69725 | 1.4259 14.78 | 5.25e-03 1.71e-02 |   0.0000 0.0000  0.0000  0.0000 0.000  0.00
t=  640.00 -1.21e-15 | 1.6483 16.20  21867   12  69645  70142 | 1.4261 14.77 | 4.69e-03 1.35e-02 |   0.0000 0.0000  0.0000  0.0000 0.000  0.00
t=  644.00 -1.21e-15 | 1.6483 16.20  21875    7  70075  70538 | 1.4263 14.78 | 1.01e-02 2.19e-02 |   0.0000 0.0000  0.0000  0.0000 0.000  0.00
t=  648.00 -1.21e-15 | 1.6483 16.19  21860   11  70533  71000 | 1.4260 14.77 | 1.03e-02 2.58e-02 |   0.0000 0.0000  0.0000  0.0000 0.000  0.00
t=  652.00 -1.21e-15 | 1.6483 16.19  21860    6  70998  71504 | 1.4258 14.76 | 7.47e-03 1.89e-02 |   0.0000 0.0000  0.0000  0.0000 0.000  0.00
# QATOM t=653.98 dir=FD w=1.6330928 e=0.298902009536 i=1065 Em=0.0165
t=  656.00 -1.21e-15 | 1.6483 16.19  21856   11  71532  72013 | 1.4257 14.76 | 6.30e-03 1.93e-02 |   0.0000 0.0000  0.0000  0.0000 0.000  0.00
t=  660.00 -1.21e-15 | 1.6484 16.18  21845   10  71967  72458 | 1.4256 14.76 | 3.53e-03 1.43e-02 |   0.0000 0.0000  0.0000  0.0000 0.000  0.00
t=  664.00 -1.21e-15 | 1.6484 16.21  21878   12  72427  72901 | 1.4260 14.76 | 5.35e-03 1.29e-02 |   0.0000 0.0000  0.0000  0.0000 0.000  0.00
# QATOM t=664.62 dir=FD w=1.57814156 e=0.288844384992 i=1894 Em=0.0293
# QATOM t=666.64 dir=FD w=1.55626117 e=0.284839656779 i=2577 Em=0.0566
# QATOM t=666.82 dir=FD w=1.64774098 e=0.301583040617 i=12 Em=0.0021
t=  668.00 -1.21e-15 | 1.6482 16.19  21862    4  72896  73367 | 1.4258 14.76 | 9.81e-03 2.48e-02 |   0.0000 0.0000  0.0000  0.0000 0.000  0.00
t=  672.00 -1.21e-15 | 1.6482 16.18  21847   16  73331  73770 | 1.4257 14.76 | 5.54e-03 1.59e-02 |   0.0000 0.0000  0.0000  0.0000 0.000  0.00
# QATOM t=674.46 dir=FD w=1.5811186 e=0.289389267289 i=1185 Em=0.0533
t=  676.00 -1.21e-15 | 1.6481 16.21  21888   15  73772  74227 | 1.4262 14.76 | 1.16e-02 2.68e-02 |   0.0000 0.0000  0.0000  0.0000 0.000  0.00
t=  680.00 -1.21e-15 | 1.6481 16.19  21859   18  74232  74650 | 1.4259 14.76 | 1.23e-02 2.91e-02 |   0.0000 0.0000  0.0000  0.0000 0.000  0.00
t=  684.00 -1.21e-15 | 1.6482 16.18  21848   13  74627  75050 | 1.4258 14.76 | 3.78e-03 1.26e-02 |   0.0000 0.0000  0.0000  0.0000 0.000  0.00
t=  688.00 -1.21e-15 | 1.6482 16.17  21832   13  75020  75461 | 1.4256 14.76 | 7.42e-03 1.87e-02 |   0.0000 0.0000  0.0000  0.0000 0.000  0.00
# QATOM t=691.04 dir=FD w=1.40477385 e=0.25711320766 i=102 Em=0.3579
# QATOM t=691.36 dir=FD w=1.59679313 e=0.292258148318 i=1382 Em=0.0352
t=  692.00 -1.21e-15 | 1.6482 16.17  21826   13  75467  75902 | 1.4255 14.76 | 7.73e-03 1.97e-02 |   0.0000 0.0000  0.0000  0.0000 0.000  0.00
t=  696.00 -1.21e-15 | 1.6482 16.15  21800    9  75928  76343 | 1.4253 14.76 | 6.59e-03 2.00e-02 |   0.0000 0.0000  0.0000  0.0000 0.000  0.00
t=  700.00 -1.21e-15 | 1.6482 16.18  21849   15  76389  76805 | 1.4258 14.76 | 6.48e-03 1.49e-02 |   0.0000 0.0000  0.0000  0.0000 0.000  0.00
# QATOM t=700.00 dir=FD w=1.61453353 e=0.295505141547 i=1164 Em=0.0338
t=  704.00 -1.21e-15 | 1.6482 16.18  21846   14  76789  77206 | 1.4258 14.76 | 3.89e-03 1.35e-02 |   0.0000 0.0000  0.0000  0.0000 0.000  0.00
t=  708.00 -1.21e-15 | 1.6481 16.17  21830   16  77213  77628 | 1.4255 14.75 | 7.15e-03 1.96e-02 |   0.0000 0.0000  0.0000  0.0000 0.000  0.00
# QATOM t=709.58 dir=FD w=1.53193771 e=0.280387777382 i=476 Em=0.0975
# QATOM t=710.56 dir=DF w=2.01618361 e=0.369018425312 i=1215 Em=0.6977
t=  712.00 -1.21e-15 | 1.6480 16.16  21819   10  77654  78093 | 1.4253 14.75 | 7.36e-03 2.11e-02 |   0.0000 0.0000  0.0000  0.0000 0.000  0.00
# QATOM t=712.50 dir=DF w=2.13218723 e=0.390250357181 i=1836 Em=0.2606
# QATOM t=712.78 dir=FD w=1.61598811 e=0.295771370157 i=374 Em=0.0103
t=  716.00 -1.21e-15 | 1.6481 16.19  21852   19  78080  78537 | 1.4257 14.75 | 5.33e-03 1.84e-02 |   0.0000 0.0000  0.0000  0.0000 0.000  0.00
# QATOM t=716.78 dir=DF w=1.93407318 e=0.353989902782 i=1031 Em=0.8958
# QATOM t=718.34 dir=FD w=1.36278038 e=0.249427219691 i=2515 Em=0.3336
t=  720.00 -1.21e-15 | 1.6482 16.21  21884   15  78528  79011 | 1.4261 14.75 | 3.26e-03 1.47e-02 |   0.0000 0.0000  0.0000  0.0000 0.000  0.00
# QATOM t=720.76 dir=FD w=1.5794427 e=0.289082529626 i=2101 Em=0.0422
t=  724.00 -1.21e-15 | 1.6482 16.19  21863    8  78971  79459 | 1.4259 14.75 | 5.20e-03 1.78e-02 |   0.0000 0.0000  0.0000  0.0000 0.000  0.00
t=  728.00 -1.21e-15 | 1.6481 16.23  21917    8  79429  79933 | 1.4265 14.75 | 7.20e-03 1.75e-02 |   0.0000 0.0000  0.0000  0.0000 0.000  0.00
t=  732.00 -1.21e-15 | 1.6481 16.22  21899   14  79877  80366 | 1.4262 14.75 | 5.86e-03 1.79e-02 |   0.0000 0.0000  0.0000  0.0000 0.000  0.00
# QATOM t=735.82 dir=FD w=1.3917237 e=0.254724662505 i=621 Em=0.2310
t=  736.00 -1.21e-15 | 1.6481 16.21  21882    9  80272  80777 | 1.4261 14.75 | 5.42e-03 1.41e-02 |   0.0000 0.0000  0.0000  0.0000 0.000  0.00
# QATOM t=739.44 dir=DF w=2.05044001 e=0.375288311661 i=662 Em=0.7047
t=  740.00 -1.21e-15 | 1.6482 16.22  21894   14  80739  81228 | 1.4261 14.75 | 1.04e-02 3.04e-02 |   0.0000 0.0000  0.0000  0.0000 0.000  0.00
t=  744.00 -1.21e-15 | 1.6481 16.21  21881    7  81180  81654 | 1.4260 14.74 | 4.62e-03 1.66e-02 |   0.0000 0.0000  0.0000  0.0000 0.000  0.00
t=  748.00 -1.21e-15 | 1.6480 16.22  21901   14  81652  82116 | 1.4262 14.74 | 5.49e-03 1.70e-02 |   0.0000 0.0000  0.0000  0.0000 0.000  0.00
t=  752.00 -1.21e-15 | 1.6481 16.22  21895    5  82045  82506 | 1.4262 14.75 | 6.87e-03 1.46e-02 |   0.0000 0.0000  0.0000  0.0000 0.000  0.00
# QATOM t=752.22 dir=FD w=1.59373749 e=0.291698880096 i=1568 Em=0.0112
t=  756.00 -1.21e-15 | 1.6481 16.22  21903   14  82496  82933 | 1.4262 14.75 | 5.81e-03 1.53e-02 |   0.0000 0.0000  0.0000  0.0000 0.000  0.00
# QATOM t=759.10 dir=FD w=1.41235164 e=0.258500156058 i=2601 Em=0.1270
t=  760.00 -1.21e-15 | 1.6481 16.20  21873    7  82929  83371 | 1.4259 14.75 | 7.11e-03 1.89e-02 |   0.0000 0.0000  0.0000  0.0000 0.000  0.00
# QATOM t=760.56 dir=FD w=1.60442504 e=0.293655002313 i=199 Em=0.0331
t=  764.00 -1.21e-15 | 1.6481 16.21  21885    8  83359  83832 | 1.4261 14.75 | 5.42e-03 1.68e-02 |   0.0000 0.0000  0.0000  0.0000 0.000  0.00
# QATOM t=765.68 dir=FD w=1.59401158 e=0.291749045783 i=1927 Em=0.0205
t=  768.00 -1.21e-15 | 1.6480 16.20  21875    3  83732  84201 | 1.4259 14.75 | 5.66e-03 1.79e-02 |   0.0000 0.0000  0.0000  0.0000 0.000  0.00
# QATOM t=770.94 dir=FD w=1.63129266 e=0.298572534945 i=367 Em=0.0112
t=  772.00 -1.21e-15 | 1.6480 16.22  21895   11  84137  84579 | 1.4262 14.75 | 5.91e-03 1.47e-02 |   0.0000 0.0000  0.0000  0.0000 0.000  0.00
t=  776.00 -1.21e-15 | 1.6481 16.21  21885   10  84553  84992 | 1.4261 14.76 | 5.02e-03 1.90e-02 |   0.0000 0.0000  0.0000  0.0000 0.000  0.00
# QATOM t=776.80 dir=DF w=2.07810455 e=0.380351703539 i=2139 Em=0.6600
# QATOM t=778.62 dir=FD w=1.49018659 e=0.272746145971 i=1504 Em=0.1772
t=  780.00 -1.21e-15 | 1.6480 16.21  21880    7  84991  85475 | 1.4261 14.76 | 1.21e-02 2.61e-02 |   0.0000 0.0000  0.0000  0.0000 0.000  0.00
# QATOM t=783.06 dir=FD w=1.57244707 e=0.287802133043 i=407 Em=0.0878
t=  784.00 -1.21e-15 | 1.6481 16.21  21881   10  85500  85979 | 1.4261 14.76 | 3.81e-03 1.31e-02 |   0.0000 0.0000  0.0000  0.0000 0.000  0.00
# QATOM t=785.24 dir=FD w=1.34040061 e=0.245331090778 i=318 Em=0.4306
# QATOM t=786.94 dir=FD w=1.51096698 e=0.276549544166 i=1374 Em=0.0251
t=  788.00 -1.21e-15 | 1.6480 16.19  21852   11  85998  86459 | 1.4256 14.75 | 4.60e-03 1.40e-02 |   0.0000 0.0000  0.0000  0.0000 0.000  0.00
# QATOM t=789.52 dir=FD w=1.43690445 e=0.262994013713 i=1298 Em=0.3025
t=  792.00 -1.21e-15 | 1.6480 16.19  21860   10  86520  86971 | 1.4258 14.76 | 3.89e-03 1.22e-02 |   0.0000 0.0000  0.0000  0.0000 0.000  0.00
t=  796.00 -1.21e-15 | 1.6479 16.21  21883   11  86992  87439 | 1.4262 14.76 | 9.68e-03 2.61e-02 |   0.0000 0.0000  0.0000  0.0000 0.000  0.00
t=  800.00 -1.34e-15 | 1.6479 16.22  21894   12  87432  87909 | 1.4263 14.77 | 3.97e-03 1.37e-02 |   0.0000 0.0000  0.0000  0.0000 0.000  0.00
# QATOM t=801.14 dir=FD w=1.47601507 e=0.27015235938 i=1616 Em=0.1946
# QATOM t=801.44 dir=FD w=1.54419014 e=0.282630318023 i=0 Em=0.0531
t=  804.00 -1.34e-15 | 1.6480 16.21  21883    7  87903  88366 | 1.4262 14.77 | 5.04e-03 1.28e-02 |   0.0000 0.0000  0.0000  0.0000 0.000  0.00
t=  808.00 -1.34e-15 | 1.6479 16.21  21882    6  88390  88841 | 1.4263 14.77 | 6.07e-03 1.76e-02 |   0.0000 0.0000  0.0000  0.0000 0.000  0.00
# QATOM t=808.38 dir=FD w=1.46565703 e=0.268256546001 i=1159 Em=0.2629
t=  812.00 -1.34e-15 | 1.6479 16.19  21861    7  88849  89281 | 1.4261 14.77 | 5.07e-03 1.36e-02 |   0.0000 0.0000  0.0000  0.0000 0.000  0.00
t=  816.00 -1.34e-15 | 1.6478 16.20  21869   14  89318  89724 | 1.4262 14.77 | 4.28e-03 1.46e-02 |   0.0000 0.0000  0.0000  0.0000 0.000  0.00
# QATOM t=818.10 dir=FD w=1.5337977 e=0.28072820823 i=2250 Em=0.0791
t=  820.00 -1.34e-15 | 1.6477 16.21  21888    9  89787  90192 | 1.4264 14.77 | 5.10e-03 1.25e-02 |   0.0000 0.0000  0.0000  0.0000 0.000  0.00
# QATOM t=823.58 dir=FD w=1.64005155 e=0.300175657309 i=1269 Em=0.0056
t=  824.00 -1.34e-15 | 1.6477 16.21  21887   12  90221  90631 | 1.4265 14.78 | 1.08e-02 2.21e-02 |   0.0000 0.0000  0.0000  0.0000 0.000  0.00
# QATOM t=826.54 dir=DF w=2.14472567 e=0.392545245361 i=146 Em=0.3072
# QATOM t=827.08 dir=FD w=1.43342887 e=0.262357884427 i=146 Em=0.2928
# QATOM t=827.42 dir=FD w=1.24893888 e=0.228591015696 i=465 Em=0.5472
t=  828.00 -1.34e-15 | 1.6477 16.19  21861   12  90653  91070 | 1.4262 14.78 | 4.35e-03 1.42e-02 |   0.0000 0.0000  0.0000  0.0000 0.000  0.00
t=  832.00 -1.34e-15 | 1.6477 16.20  21871    6  91108  91517 | 1.4262 14.77 | 6.92e-03 1.76e-02 |   0.0000 0.0000  0.0000  0.0000 0.000  0.00
t=  836.00 -1.34e-15 | 1.6478 16.20  21871    9  91517  91931 | 1.4262 14.77 | 7.59e-03 2.21e-02 |   0.0000 0.0000  0.0000  0.0000 0.000  0.00
t=  840.00 -1.34e-15 | 1.6478 16.21  21881    9  91954  92372 | 1.4265 14.79 | 9.34e-03 1.53e-02 |   0.0000 0.0000  0.0000  0.0000 0.000  0.00
t=  844.00 -1.34e-15 | 1.6479 16.20  21867    8  92346  92765 | 1.4263 14.78 | 1.08e-02 2.23e-02 |   0.0000 0.0000  0.0000  0.0000 0.000  0.00
# QATOM t=847.74 dir=FD w=1.22208325 e=0.223675677716 i=448 Em=0.7210
t=  848.00 -1.34e-15 | 1.6478 16.21  21880   15  92811  93196 | 1.4265 14.79 | 7.58e-03 1.79e-02 |   0.0000 0.0000  0.0000  0.0000 0.000  0.00
t=  852.00 -1.34e-15 | 1.6478 16.21  21885   13  93253  93641 | 1.4266 14.79 | 6.47e-03 1.54e-02 |   0.0000 0.0000  0.0000  0.0000 0.000  0.00
t=  856.00 -1.34e-15 | 1.6478 16.22  21900    4  93724  94122 | 1.4267 14.78 | 6.86e-03 1.92e-02 |   0.0000 0.0000  0.0000  0.0000 0.000  0.00
t=  860.00 -1.34e-15 | 1.6478 16.24  21918   13  94162  94564 | 1.4269 14.78 | 4.51e-03 1.30e-02 |   0.0000 0.0000  0.0000  0.0000 0.000  0.00
# QATOM t=860.50 dir=FD w=1.62727373 e=0.297836956387 i=162 Em=0.0129
t=  864.00 -1.34e-15 | 1.6478 16.22  21895    7  94667  95061 | 1.4266 14.78 | 7.47e-03 1.71e-02 |   0.0000 0.0000  0.0000  0.0000 0.000  0.00
t=  868.00 -1.34e-15 | 1.6478 16.24  21930    4  95117  95528 | 1.4270 14.78 | 5.07e-03 1.28e-02 |   0.0000 0.0000  0.0000  0.0000 0.000  0.00
t=  872.00 -1.34e-15 | 1.6478 16.21  21890    5  95524  95941 | 1.4265 14.78 | 5.56e-03 2.19e-02 |   0.0000 0.0000  0.0000  0.0000 0.000  0.00
t=  876.00 -1.34e-15 | 1.6478 16.19  21862   20  95970  96390 | 1.4261 14.78 | 5.71e-03 2.15e-02 |   0.0000 0.0000  0.0000  0.0000 0.000  0.00
t=  880.00 -1.34e-15 | 1.6478 16.20  21871   19  96401  96846 | 1.4262 14.77 | 6.09e-03 1.56e-02 |   0.0000 0.0000  0.0000  0.0000 0.000  0.00
t=  884.00 -1.34e-15 | 1.6478 16.20  21870   10  96830  97293 | 1.4263 14.78 | 4.27e-03 1.64e-02 |   0.0000 0.0000  0.0000  0.0000 0.000  0.00
# QATOM t=886.62 dir=FD w=1.50763612 e=0.275939901566 i=2248 Em=0.1641
t=  888.00 -1.34e-15 | 1.6477 16.19  21858    6  97278  97761 | 1.4262 14.79 | 7.80e-03 1.79e-02 |   0.0000 0.0000  0.0000  0.0000 0.000  0.00
t=  892.00 -1.34e-15 | 1.6477 16.21  21880    8  97721  98214 | 1.4265 14.79 | 1.14e-02 2.74e-02 |   0.0000 0.0000  0.0000  0.0000 0.000  0.00
# QATOM t=895.58 dir=FD w=1.14221495 e=0.209057527997 i=504 Em=0.9243
t=  896.00 -1.34e-15 | 1.6477 16.20  21872   16  98131  98609 | 1.4263 14.79 | 5.24e-03 1.44e-02 |   0.0000 0.0000  0.0000  0.0000 0.000  0.00
t=  900.00 -1.34e-15 | 1.6477 16.20  21874    9  98527  98999 | 1.4262 14.78 | 7.49e-03 1.72e-02 |   0.0000 0.0000  0.0000  0.0000 0.000  0.00
t=  904.00 -1.34e-15 | 1.6477 16.19  21859    7  98968  99435 | 1.4261 14.78 | 5.86e-03 1.57e-02 |   0.0000 0.0000  0.0000  0.0000 0.000  0.00
# QATOM t=906.56 dir=DF w=2.05252949 e=0.375670745834 i=959 Em=0.6660
# QATOM t=907.02 dir=FD w=1.23429987 e=0.225911665018 i=959 Em=0.6504
t=  908.00 -1.34e-15 | 1.6477 16.16  21810    5  99391  99861 | 1.4255 14.77 | 4.82e-03 1.58e-02 |   0.0000 0.0000  0.0000  0.0000 0.000  0.00
t=  912.00 -1.34e-15 | 1.6477 16.16  21821   11  99825 100303 | 1.4256 14.77 | 6.51e-03 1.27e-02 |   0.0000 0.0000  0.0000  0.0000 0.000  0.00
# QATOM t=912.32 dir=FD w=1.48715164 e=0.272190664611 i=1281 Em=0.2026
# QATOM t=913.92 dir=FD w=1.62183183 e=0.296840934937 i=2409 Em=0.0170
t=  916.00 -1.34e-15 | 1.6477 16.17  21826   10 100300 100770 | 1.4256 14.77 | 4.48e-03 1.53e-02 |   0.0000 0.0000  0.0000  0.0000 0.000  0.00
t=  920.00 -1.34e-15 | 1.6477 16.19  21854   15 100718 101196 | 1.4260 14.78 | 3.83e-03 1.31e-02 |   0.0000 0.0000  0.0000  0.0000 0.000  0.00
t=  924.00 -1.34e-15 | 1.6478 16.17  21836   11 101158 101664 | 1.4257 14.77 | 6.62e-03 1.77e-02 |   0.0000 0.0000  0.0000  0.0000 0.000  0.00
t=  928.00 -1.34e-15 | 1.6478 16.16  21818   12 101605 102098 | 1.4254 14.77 | 5.05e-03 1.53e-02 |   0.0000 0.0000  0.0000  0.0000 0.000  0.00
t=  932.00 -1.34e-15 | 1.6477 16.17  21831   17 102050 102570 | 1.4256 14.77 | 4.89e-03 1.60e-02 |   0.0000 0.0000  0.0000  0.0000 0.000  0.00
# QATOM t=934.86 dir=FD w=1.61707426 e=0.295970165241 i=834 Em=0.0319
# QATOM t=935.00 dir=DF w=2.25210113 e=0.412197980746 i=1319 Em=0.1912
# QATOM t=935.28 dir=FD w=1.50966924 e=0.276312020106 i=1319 Em=0.1882
t=  936.00 -1.34e-15 | 1.6477 16.18  21840   11 102476 102991 | 1.4256 14.76 | 1.05e-02 2.56e-02 |   0.0000 0.0000  0.0000  0.0000 0.000  0.00
t=  940.00 -1.34e-15 | 1.6477 16.16  21815   12 102882 103403 | 1.4252 14.75 | 5.90e-03 1.58e-02 |   0.0000 0.0000  0.0000  0.0000 0.000  0.00
t=  944.00 -1.34e-15 | 1.6477 16.16  21811   14 103330 103853 | 1.4251 14.74 | 6.05e-03 1.84e-02 |   0.0000 0.0000  0.0000  0.0000 0.000  0.00
t=  948.00 -1.34e-15 | 1.6476 16.14  21795   13 103770 104272 | 1.4249 14.75 | 6.94e-03 1.91e-02 |   0.0000 0.0000  0.0000  0.0000 0.000  0.00
t=  952.00 -1.34e-15 | 1.6476 16.15  21798   11 104222 104719 | 1.4250 14.75 | 7.73e-03 2.03e-02 |   0.0000 0.0000  0.0000  0.0000 0.000  0.00
t=  956.00 -1.34e-15 | 1.6477 16.16  21813   13 104685 105174 | 1.4252 14.75 | 1.43e-02 3.49e-02 |   0.0000 0.0000  0.0000  0.0000 0.000  0.00
t=  960.00 -1.34e-15 | 1.6477 16.17  21825   11 105170 105659 | 1.4253 14.74 | 6.58e-03 1.87e-02 |   0.0000 0.0000  0.0000  0.0000 0.000  0.00
# QATOM t=962.58 dir=DF w=2.24224099 e=0.410393297007 i=2299 Em=0.1868
# QATOM t=962.58 dir=DF w=2.26003749 e=0.413650559295 i=2308 Em=0.1754
t=  964.00 -1.34e-15 | 1.6477 16.17  21827   13 105632 106107 | 1.4253 14.75 | 5.49e-03 1.55e-02 |   0.0000 0.0000  0.0000  0.0000 0.000  0.00
# QATOM t=966.60 dir=FD w=1.6325863 e=0.298809305815 i=1108 Em=0.0048
t=  968.00 -1.48e-15 | 1.6476 16.17  21831    9 106106 106570 | 1.4253 14.74 | 5.99e-03 1.48e-02 |   0.0000 0.0000  0.0000  0.0000 0.000  0.00
t=  972.00 -1.34e-15 | 1.6476 16.16  21811    9 106563 107035 | 1.4251 14.74 | 5.90e-03 1.52e-02 |   0.0000 0.0000  0.0000  0.0000 0.000  0.00
t=  976.00 -1.34e-15 | 1.6476 16.16  21812   15 107005 107483 | 1.4250 14.73 | 4.95e-03 1.14e-02 |   0.0000 0.0000  0.0000  0.0000 0.000  0.00
t=  980.00 -1.34e-15 | 1.6475 16.17  21830    7 107481 107955 | 1.4253 14.74 | 6.30e-03 1.84e-02 |   0.0000 0.0000  0.0000  0.0000 0.000  0.00
t=  984.00 -1.34e-15 | 1.6475 16.16  21817    9 107932 108415 | 1.4251 14.73 | 5.88e-03 1.91e-02 |   0.0000 0.0000  0.0000  0.0000 0.000  0.00
# QATOM t=987.96 dir=FD w=1.55163395 e=0.283992744345 i=1015 Em=0.0193
t=  988.00 -1.34e-15 | 1.6474 16.16  21819   14 108402 108863 | 1.4251 14.73 | 4.28e-03 1.55e-02 |   0.0000 0.0000  0.0000  0.0000 0.000  0.00
t=  992.00 -1.34e-15 | 1.6475 16.18  21843   12 108882 109290 | 1.4255 14.75 | 4.13e-03 1.47e-02 |   0.0000 0.0000  0.0000  0.0000 0.000  0.00
t=  996.00 -1.34e-15 | 1.6475 16.18  21846   15 109340 109750 | 1.4256 14.75 | 6.23e-03 1.43e-02 |   0.0000 0.0000  0.0000  0.0000 0.000  0.00
# QATOM t=997.14 dir=FD w=1.59414623 e=0.29177369069 i=1404 Em=0.0115
t= 1000.00 -1.34e-15 | 1.6475 16.19  21859   10 109773 110163 | 1.4259 14.76 | 4.03e-03 1.73e-02 |   0.0000 0.0000  0.0000  0.0000 0.000  0.00
# QATOM t=1000.66 dir=FD w=1.4899137 e=0.272696200049 i=25 Em=0.2158
t= 1004.00 -1.34e-15 | 1.6475 16.20  21874   10 110208 110635 | 1.4260 14.76 | 6.99e-03 1.62e-02 |   0.0000 0.0000  0.0000  0.0000 0.000  0.00
t= 1008.00 -1.34e-15 | 1.6474 16.21  21886   11 110644 111083 | 1.4261 14.75 | 5.29e-03 1.46e-02 |   0.0000 0.0000  0.0000  0.0000 0.000  0.00
# QATOM t=1009.66 dir=FD w=1.62843278 e=0.298049095105 i=1778 Em=0.0107
t= 1012.00 -1.34e-15 | 1.6475 16.19  21863   11 111101 111539 | 1.4258 14.75 | 4.90e-03 1.34e-02 |   0.0000 0.0000  0.0000  0.0000 0.000  0.00
# QATOM t=1014.32 dir=DF w=1.9648487 e=0.359622690338 i=2143 Em=0.8304
# QATOM t=1015.18 dir=FD w=1.17037359 e=0.214211354343 i=2143 Em=0.8153
t= 1016.00 -1.34e-15 | 1.6475 16.18  21848    9 111514 111954 | 1.4256 14.75 | 1.01e-02 2.53e-02 |   0.0000 0.0000  0.0000  0.0000 0.000  0.00
t= 1020.00 -1.34e-15 | 1.6475 16.17  21828   14 111963 112403 | 1.4254 14.75 | 6.19e-03 1.57e-02 |   0.0000 0.0000  0.0000  0.0000 0.000  0.00
# QATOM t=1023.88 dir=DF w=2.1931137 e=0.401401619005 i=1434 Em=0.2681
# QATOM t=1023.88 dir=DF w=2.18951434 e=0.400742835087 i=1528 Em=0.2761
t= 1024.00 -1.34e-15 | 1.6476 16.17  21828   12 112367 112811 | 1.4254 14.75 | 1.07e-02 2.27e-02 |   0.0000 0.0000  0.0000  0.0000 0.000  0.00
# QATOM t=1024.00 dir=FD w=1.28309852 e=0.234843193162 i=1676 Em=0.5536
# QATOM t=1024.48 dir=FD w=1.46162052 e=0.267517750354 i=1434 Em=0.1367
t= 1028.00 -1.34e-15 | 1.6475 16.17  21833   14 112806 113244 | 1.4255 14.75 | 7.03e-03 1.76e-02 |   0.0000 0.0000  0.0000  0.0000 0.000  0.00
# QATOM t=1031.54 dir=FD w=1.54375662 e=0.282550972188 i=407 Em=0.1388
t= 1032.00 -1.34e-15 | 1.6474 16.13  21779   12 113255 113714 | 1.4247 14.74 | 5.16e-03 1.63e-02 |   0.0000 0.0000  0.0000  0.0000 0.000  0.00
# QATOM t=1033.58 dir=FD w=1.56470444 e=0.28638501226 i=1821 Em=0.0553
t= 1036.00 -1.34e-15 | 1.6473 16.13  21776   22 113666 114153 | 1.4246 14.73 | 5.98e-03 1.40e-02 |   0.0000 0.0000  0.0000  0.0000 0.000  0.00
# QATOM t=1037.30 dir=FD w=1.56953795 e=0.287269681009 i=1188 Em=0.1063
t= 1040.00 -1.34e-15 | 1.6473 16.15  21796    9 114120 114637 | 1.4249 14.73 | 1.20e-02 3.19e-02 |   0.0000 0.0000  0.0000  0.0000 0.000  0.00
t= 1044.00 -1.34e-15 | 1.6474 16.14  21788    8 114539 115051 | 1.4247 14.73 | 7.44e-03 1.72e-02 |   0.0000 0.0000  0.0000  0.0000 0.000  0.00
# QATOM t=1045.60 dir=FD w=1.6175749 e=0.296061797727 i=1598 Em=0.0386
t= 1048.00 -1.34e-15 | 1.6473 16.16  21819   16 114961 115474 | 1.4251 14.73 | 5.22e-03 1.64e-02 |   0.0000 0.0000  0.0000  0.0000 0.000  0.00
t= 1052.00 -1.34e-15 | 1.6473 16.16  21818   15 115443 115928 | 1.4251 14.74 | 6.15e-03 1.87e-02 |   0.0000 0.0000  0.0000  0.0000 0.000  0.00
t= 1056.00 -1.34e-15 | 1.6473 16.16  21822   14 115864 116350 | 1.4251 14.73 | 5.88e-03 1.34e-02 |   0.0000 0.0000  0.0000  0.0000 0.000  0.00
t= 1060.00 -1.34e-15 | 1.6473 16.14  21795   23 116345 116848 | 1.4247 14.73 | 6.05e-03 1.72e-02 |   0.0000 0.0000  0.0000  0.0000 0.000  0.00
# QATOM t=1063.84 dir=FD w=1.62966895 e=0.298275349776 i=1351 Em=0.0168
t= 1064.00 -1.34e-15 | 1.6473 16.16  21819   10 116814 117352 | 1.4249 14.72 | 4.55e-03 1.45e-02 |   0.0000 0.0000  0.0000  0.0000 0.000  0.00
t= 1068.00 -1.34e-15 | 1.6473 16.14  21794   11 117292 117804 | 1.4247 14.72 | 1.06e-02 2.47e-02 |   0.0000 0.0000  0.0000  0.0000 0.000  0.00
# QATOM t=1068.36 dir=DF w=2.18766864 e=0.40040501878 i=2245 Em=0.2371
t= 1072.00 -1.34e-15 | 1.6473 16.14  21794    9 117801 118290 | 1.4247 14.72 | 4.87e-03 1.35e-02 |   0.0000 0.0000  0.0000  0.0000 0.000  0.00
t= 1076.00 -1.34e-15 | 1.6473 16.15  21797   15 118282 118771 | 1.4247 14.72 | 7.96e-03 1.98e-02 |   0.0000 0.0000  0.0000  0.0000 0.000  0.00
t= 1080.00 -1.34e-15 | 1.6473 16.16  21822   16 118764 119234 | 1.4251 14.73 | 8.14e-03 2.17e-02 |   0.0000 0.0000  0.0000  0.0000 0.000  0.00
t= 1084.00 -1.34e-15 | 1.6473 16.16  21816   13 119199 119679 | 1.4250 14.73 | 5.58e-03 1.75e-02 |   0.0000 0.0000  0.0000  0.0000 0.000  0.00
# QATOM t=1086.38 dir=FD w=1.40701745 e=0.25752384946 i=2283 Em=0.1482
t= 1088.00 -1.34e-15 | 1.6473 16.17  21833   14 119648 120127 | 1.4252 14.73 | 6.18e-03 1.84e-02 |   0.0000 0.0000  0.0000  0.0000 0.000  0.00
t= 1092.00 -1.34e-15 | 1.6473 16.18  21841   15 120064 120537 | 1.4253 14.73 | 6.50e-03 1.99e-02 |   0.0000 0.0000  0.0000  0.0000 0.000  0.00
t= 1096.00 -1.34e-15 | 1.6473 16.17  21825   10 120496 120992 | 1.4252 14.74 | 7.45e-03 1.76e-02 |   0.0000 0.0000  0.0000  0.0000 0.000  0.00
t= 1100.00 -1.34e-15 | 1.6473 16.17  21828   11 120945 121433 | 1.4251 14.73 | 5.70e-03 1.95e-02 |   0.0000 0.0000  0.0000  0.0000 0.000  0.00
t= 1104.00 -1.34e-15 | 1.6473 16.17  21835   15 121392 121881 | 1.4252 14.73 | 7.07e-03 1.66e-02 |   0.0000 0.0000  0.0000  0.0000 0.000  0.00
t= 1108.00 -1.34e-15 | 1.6472 16.19  21857   12 121828 122321 | 1.4254 14.73 | 5.64e-03 1.56e-02 |   0.0000 0.0000  0.0000  0.0000 0.000  0.00
# QATOM t=1109.00 dir=DF w=2.08153846 e=0.380980205553 i=1412 Em=0.6387
# QATOM t=1109.78 dir=FD w=1.24161444 e=0.227250436728 i=1412 Em=0.6397
# QATOM t=1111.16 dir=FD w=1.59823207 e=0.292521514298 i=2003 Em=0.0165
t= 1112.00 -1.34e-15 | 1.6472 16.19  21855   17 122337 122814 | 1.4254 14.72 | 5.80e-03 2.17e-02 |   0.0000 0.0000  0.0000  0.0000 0.000  0.00
t= 1116.00 -1.48e-15 | 1.6472 16.20  21868   14 122759 123249 | 1.4256 14.72 | 4.81e-03 1.91e-02 |   0.0000 0.0000  0.0000  0.0000 0.000  0.00
t= 1120.00 -1.34e-15 | 1.6473 16.17  21827   15 123232 123752 | 1.4250 14.71 | 6.96e-03 1.67e-02 |   0.0000 0.0000  0.0000  0.0000 0.000  0.00
t= 1124.00 -1.48e-15 | 1.6472 16.17  21826    9 123691 124195 | 1.4250 14.71 | 8.93e-03 2.10e-02 |   0.0000 0.0000  0.0000  0.0000 0.000  0.00
# QATOM t=1124.50 dir=FD w=1.38676289 e=0.253816694617 i=669 Em=0.3938
t= 1128.00 -1.34e-15 | 1.6472 16.17  21829   11 124151 124646 | 1.4250 14.72 | 6.05e-03 1.76e-02 |   0.0000 0.0000  0.0000  0.0000 0.000  0.00
# QATOM t=1130.46 dir=FD w=1.61547642 e=0.295677717143 i=20 Em=0.0139
t= 1132.00 -1.48e-15 | 1.6471 16.16  21822    8 124648 125111 | 1.4250 14.71 | 5.50e-03 2.13e-02 |   0.0000 0.0000  0.0000  0.0000 0.000  0.00
t= 1136.00 -1.48e-15 | 1.6471 16.17  21825   12 125111 125586 | 1.4251 14.72 | 8.90e-03 2.33e-02 |   0.0000 0.0000  0.0000  0.0000 0.000  0.00
t= 1140.00 -1.48e-15 | 1.6471 16.15  21801   15 125541 126030 | 1.4247 14.72 | 5.98e-03 1.38e-02 |   0.0000 0.0000  0.0000  0.0000 0.000  0.00
# QATOM t=1142.58 dir=DF w=2.10543027 e=0.385353079127 i=64 Em=0.5949
t= 1144.00 -1.48e-15 | 1.6472 16.16  21822   17 125990 126478 | 1.4250 14.71 | 7.66e-03 2.10e-02 |   0.0000 0.0000  0.0000  0.0000 0.000  0.00
t= 1148.00 -1.48e-15 | 1.6473 16.17  21835    8 126400 126913 | 1.4252 14.72 | 4.04e-03 1.38e-02 |   0.0000 0.0000  0.0000  0.0000 0.000  0.00
t= 1152.00 -1.48e-15 | 1.6473 16.19  21851    6 126817 127282 | 1.4254 14.72 | 4.55e-03 1.97e-02 |   0.0000 0.0000  0.0000  0.0000 0.000  0.00
# QATOM t=1152.54 dir=FD w=1.59232571 e=0.291440483157 i=1735 Em=0.0396
t= 1156.00 -1.48e-15 | 1.6473 16.17  21832   13 127227 127712 | 1.4252 14.72 | 8.09e-03 1.83e-02 |   0.0000 0.0000  0.0000  0.0000 0.000  0.00
# QATOM t=1159.78 dir=FD w=1.38868557 e=0.254168598526 i=1464 Em=0.3844
t= 1160.00 -1.48e-15 | 1.6472 16.18  21842    8 127701 128175 | 1.4252 14.72 | 5.00e-03 1.64e-02 |   0.0000 0.0000  0.0000  0.0000 0.000  0.00
# QATOM t=1160.50 dir=DF w=2.11991786 e=0.388004716723 i=2150 Em=0.3763
# QATOM t=1160.50 dir=DF w=2.13064323 e=0.389967761642 i=2452 Em=0.3642
# QATOM t=1162.48 dir=FD w=1.6027058 e=0.293340332303 i=171 Em=0.0437
t= 1164.00 -1.48e-15 | 1.6472 16.18  21841    9 128175 128654 | 1.4252 14.72 | 5.74e-03 1.54e-02 |   0.0000 0.0000  0.0000  0.0000 0.000  0.00
t= 1168.00 -1.48e-15 | 1.6472 16.18  21837   14 128620 129089 | 1.4252 14.72 | 6.53e-03 2.03e-02 |   0.0000 0.0000  0.0000  0.0000 0.000  0.00
# QATOM t=1170.64 dir=FD w=1.40517944 e=0.257187442691 i=2235 Em=0.3088
# QATOM t=1171.14 dir=DF w=2.25167857 e=0.412120640894 i=1045 Em=0.3600
t= 1172.00 -1.48e-15 | 1.6472 16.18  21841    9 129110 129555 | 1.4251 14.72 | 7.19e-03 1.95e-02 |   0.0000 0.0000  0.0000  0.0000 0.000  0.00
# QATOM t=1174.92 dir=DF w=2.22714151 e=0.407629668078 i=901 Em=0.2105
t= 1176.00 -1.48e-15 | 1.6472 16.17  21833   19 129577 130037 | 1.4250 14.71 | 7.17e-03 1.74e-02 |   0.0000 0.0000  0.0000  0.0000 0.000  0.00
# QATOM t=1179.30 dir=DF w=2.07828964 e=0.380385580565 i=2473 Em=0.6136
t= 1180.00 -1.48e-15 | 1.6473 16.17  21834   23 130009 130492 | 1.4249 14.71 | 6.89e-03 1.75e-02 |   0.0000 0.0000  0.0000  0.0000 0.000  0.00
t= 1184.00 -1.48e-15 | 1.6472 16.17  21831    9 130436 130947 | 1.4248 14.71 | 5.82e-03 1.92e-02 |   0.0000 0.0000  0.0000  0.0000 0.000  0.00
t= 1188.00 -1.48e-15 | 1.6472 16.16  21818   13 130836 131347 | 1.4246 14.70 | 6.34e-03 1.85e-02 |   0.0000 0.0000  0.0000  0.0000 0.000  0.00
t= 1192.00 -1.48e-15 | 1.6472 16.14  21793   14 131233 131751 | 1.4244 14.70 | 8.84e-03 1.70e-02 |   0.0000 0.0000  0.0000  0.0000 0.000  0.00
t= 1196.00 -1.48e-15 | 1.6473 16.17  21829    9 131679 132223 | 1.4248 14.70 | 5.91e-03 1.57e-02 |   0.0000 0.0000  0.0000  0.0000 0.000  0.00
t= 1200.00 -1.48e-15 | 1.6472 16.16  21819   17 132160 132670 | 1.4247 14.71 | 5.71e-03 2.25e-02 |   0.0000 0.0000  0.0000  0.0000 0.000  0.00
# QATOM t=1203.00 dir=FD w=1.63049887 e=0.298427248966 i=2186 Em=0.0155
# QATOM t=1203.66 dir=DF w=2.06369225 e=0.37771384611 i=767 Em=0.6086
t= 1204.00 -1.48e-15 | 1.6473 16.17  21825   10 132600 133138 | 1.4247 14.70 | 1.52e-02 3.41e-02 |   0.0000 0.0000  0.0000  0.0000 0.000  0.00
# QATOM t=1204.10 dir=FD w=1.23117907 e=0.225340470845 i=767 Em=0.5831
t= 1208.00 -1.48e-15 | 1.6473 16.18  21843    5 133014 133526 | 1.4250 14.71 | 7.41e-03 2.35e-02 |   0.0000 0.0000  0.0000  0.0000 0.000  0.00
t= 1212.00 -1.48e-15 | 1.6473 16.15  21807    9 133480 133994 | 1.4245 14.70 | 5.52e-03 1.65e-02 |   0.0000 0.0000  0.0000  0.0000 0.000  0.00
t= 1216.00 -1.48e-15 | 1.6473 16.17  21833   15 133930 134441 | 1.4248 14.70 | 9.44e-03 2.39e-02 |   0.0000 0.0000  0.0000  0.0000 0.000  0.00
t= 1220.00 -1.48e-15 | 1.6474 16.15  21809   11 134423 134926 | 1.4245 14.70 | 3.86e-03 1.06e-02 |   0.0000 0.0000  0.0000  0.0000 0.000  0.00
# QATOM t=1221.98 dir=FD w=1.30887604 e=0.239561204646 i=794 Em=0.4951
t= 1224.00 -1.48e-15 | 1.6474 16.15  21809   10 134862 135370 | 1.4245 14.70 | 4.00e-03 1.30e-02 |   0.0000 0.0000  0.0000  0.0000 0.000  0.00
# QATOM t=1226.44 dir=FD w=1.5220084 e=0.278570433617 i=79 Em=0.1653
t= 1228.00 -1.48e-15 | 1.6474 16.15  21799    7 135364 135856 | 1.4244 14.70 | 5.79e-03 1.82e-02 |   0.0000 0.0000  0.0000  0.0000 0.000  0.00
t= 1232.00 -1.48e-15 | 1.6474 16.15  21806   13 135814 136330 | 1.4245 14.70 | 5.41e-03 1.52e-02 |   0.0000 0.0000  0.0000  0.0000 0.000  0.00
# QATOM t=1233.58 dir=DF w=1.96025649 e=0.358782186056 i=871 Em=0.8346
# QATOM t=1233.62 dir=FD w=1.1766238 e=0.215355318912 i=871 Em=0.8343
# QATOM t=1233.90 dir=DF w=1.94010196 e=0.355093339789 i=520 Em=0.8754
# QATOM t=1234.22 dir=FD w=1.15246296 e=0.210933203659 i=520 Em=0.8644
# QATOM t=1234.34 dir=DF w=2.1658537 e=0.396412270907 i=2538 Em=0.3166
t= 1236.00 -1.48e-15 | 1.6475 16.15  21802   11 136286 136798 | 1.4244 14.70 | 6.29e-03 1.61e-02 |   0.0000 0.0000  0.0000  0.0000 0.000  0.00
# QATOM t=1237.06 dir=DF w=2.04882314 e=0.374992380041 i=829 Em=0.6837
# QATOM t=1237.20 dir=DF w=2.14435078 e=0.392476630307 i=2010 Em=0.5256
# QATOM t=1238.36 dir=FD w=1.19943854 e=0.219531058589 i=829 Em=0.7775
t= 1240.00 -1.48e-15 | 1.6475 16.16  21819    7 136768 137281 | 1.4245 14.70 | 9.80e-03 2.20e-02 |   0.0000 0.0000  0.0000  0.0000 0.000  0.00
t= 1244.00 -1.48e-15 | 1.6475 16.16  21822    3 137208 137704 | 1.4246 14.70 | 1.01e-02 2.51e-02 |   0.0000 0.0000  0.0000  0.0000 0.000  0.00
t= 1248.00 -1.48e-15 | 1.6475 16.14  21795   12 137676 138162 | 1.4243 14.70 | 4.91e-03 1.42e-02 |   0.0000 0.0000  0.0000  0.0000 0.000  0.00
t= 1252.00 -1.48e-15 | 1.6475 16.14  21794    9 138096 138598 | 1.4243 14.70 | 5.19e-03 1.49e-02 |   0.0000 0.0000  0.0000  0.0000 0.000  0.00
t= 1256.00 -1.48e-15 | 1.6475 16.15  21797   15 138518 139026 | 1.4244 14.70 | 4.51e-03 1.26e-02 |   0.0000 0.0000  0.0000  0.0000 0.000  0.00
# QATOM t=1259.46 dir=FD w=1.64851294 e=0.301724330708 i=1208 Em=0.0002
t= 1260.00 -1.48e-15 | 1.6475 16.15  21804   13 138991 139482 | 1.4245 14.70 | 8.28e-03 2.37e-02 |   0.0000 0.0000  0.0000  0.0000 0.000  0.00
t= 1264.00 -1.48e-15 | 1.6475 16.15  21800   13 139475 139952 | 1.4245 14.71 | 5.10e-03 1.74e-02 |   0.0000 0.0000  0.0000  0.0000 0.000  0.00
t= 1268.00 -1.48e-15 | 1.6475 16.15  21802    7 139965 140438 | 1.4245 14.71 | 4.67e-03 1.51e-02 |   0.0000 0.0000  0.0000  0.0000 0.000  0.00
# QATOM t=1271.44 dir=FD w=1.64323342 e=0.300758029142 i=2118 Em=0.0069
t= 1272.00 -1.48e-15 | 1.6475 16.15  21803    9 140420 140916 | 1.4247 14.72 | 6.75e-03 2.11e-02 |   0.0000 0.0000  0.0000  0.0000 0.000  0.00
t= 1276.00 -1.48e-15 | 1.6475 16.15  21809   11 140894 141385 | 1.4248 14.73 | 7.93e-03 2.05e-02 |   0.0000 0.0000  0.0000  0.0000 0.000  0.00
# QATOM t=1279.74 dir=DF w=2.12611845 e=0.389139600315 i=64 Em=0.5356
t= 1280.00 -1.48e-15 | 1.6475 16.17  21831   10 141373 141889 | 1.4250 14.72 | 7.65e-03 1.52e-02 |   0.0000 0.0000  0.0000  0.0000 0.000  0.00
# QATOM t=1280.30 dir=FD w=1.46593152 e=0.268306784142 i=1782 Em=0.1341
t= 1284.00 -1.48e-15 | 1.6475 16.16  21813   14 141798 142329 | 1.4247 14.71 | 5.29e-03 1.73e-02 |   0.0000 0.0000  0.0000  0.0000 0.000  0.00
t= 1288.00 -1.48e-15 | 1.6475 16.15  21808    8 142273 142814 | 1.4247 14.71 | 1.22e-02 1.90e-02 |   0.0000 0.0000  0.0000  0.0000 0.000  0.00
t= 1292.00 -1.48e-15 | 1.6475 16.17  21836   10 142805 143322 | 1.4250 14.72 | 5.72e-03 1.50e-02 |   0.0000 0.0000  0.0000  0.0000 0.000  0.00
t= 1296.00 -1.48e-15 | 1.6475 16.16  21817    8 143324 143835 | 1.4247 14.71 | 9.63e-03 2.26e-02 |   0.0000 0.0000  0.0000  0.0000 0.000  0.00
t= 1300.00 -1.48e-15 | 1.6474 16.16  21819    5 143793 144299 | 1.4248 14.71 | 6.86e-03 1.76e-02 |   0.0000 0.0000  0.0000  0.0000 0.000  0.00
# QATOM t=1303.68 dir=FD w=1.51675101 e=0.277608184351 i=2392 Em=0.1477
# QATOM t=1303.94 dir=DF w=2.17541538 e=0.398162328401 i=1591 Em=0.2959
t= 1304.00 -1.48e-15 | 1.6475 16.16  21813   11 144303 144769 | 1.4247 14.71 | 1.04e-02 2.47e-02 |   0.0000 0.0000  0.0000  0.0000 0.000  0.00
# QATOM t=1305.14 dir=FD w=1.43058873 e=0.261838058913 i=1591 Em=0.2830
t= 1308.00 -1.48e-15 | 1.6474 16.14  21790   12 144836 145306 | 1.4245 14.71 | 5.63e-03 1.64e-02 |   0.0000 0.0000  0.0000  0.0000 0.000  0.00
t= 1312.00 -1.48e-15 | 1.6474 16.15  21801   14 145349 145821 | 1.4245 14.71 | 9.23e-03 2.24e-02 |   0.0000 0.0000  0.0000  0.0000 0.000  0.00
t= 1316.00 -1.48e-15 | 1.6475 16.15  21803   11 145848 146338 | 1.4245 14.70 | 7.95e-03 1.87e-02 |   0.0000 0.0000  0.0000  0.0000 0.000  0.00
# QATOM t=1316.64 dir=DF w=1.87421507 e=0.343034182393 i=2657 Em=0.9676
t= 1320.00 -1.48e-15 | 1.6475 16.17  21836    5 146334 146808 | 1.4250 14.71 | 6.74e-03 1.56e-02 |   0.0000 0.0000  0.0000  0.0000 0.000  0.00
t= 1324.00 -1.48e-15 | 1.6475 16.14  21790   10 146804 147265 | 1.4243 14.70 | 1.00e-02 3.01e-02 |   0.0000 0.0000  0.0000  0.0000 0.000  0.00
t= 1328.00 -1.48e-15 | 1.6474 16.14  21793    8 147247 147727 | 1.4243 14.70 | 6.55e-03 1.94e-02 |   0.0000 0.0000  0.0000  0.0000 0.000  0.00
t= 1332.00 -1.48e-15 | 1.6475 16.14  21795   13 147782 148271 | 1.4244 14.70 | 6.02e-03 2.17e-02 |   0.0000 0.0000  0.0000  0.0000 0.000  0.00
t= 1336.00 -1.48e-15 | 1.6475 16.15  21800   15 148261 148785 | 1.4244 14.70 | 5.65e-03 1.80e-02 |   0.0000 0.0000  0.0000  0.0000 0.000  0.00
t= 1340.00 -1.48e-15 | 1.6474 16.16  21812    9 148719 149239 | 1.4246 14.70 | 6.90e-03 1.64e-02 |   0.0000 0.0000  0.0000  0.0000 0.000  0.00
# QATOM t=1342.40 dir=DF w=2.10126999 e=0.384591632305 i=1728 Em=0.5909
t= 1344.00 -1.61e-15 | 1.6474 16.14  21791   10 149178 149676 | 1.4242 14.69 | 6.71e-03 1.82e-02 |   0.0000 0.0000  0.0000  0.0000 0.000  0.00
t= 1348.00 -1.61e-15 | 1.6473 16.14  21794   11 149668 150177 | 1.4243 14.70 | 5.86e-03 1.41e-02 |   0.0000 0.0000  0.0000  0.0000 0.000  0.00
t= 1352.00 -1.61e-15 | 1.6473 16.16  21819   10 150074 150601 | 1.4247 14.70 | 6.79e-03 2.16e-02 |   0.0000 0.0000  0.0000  0.0000 0.000  0.00
t= 1356.00 -1.61e-15 | 1.6474 16.17  21828   14 150560 151069 | 1.4248 14.71 | 5.64e-03 1.59e-02 |   0.0000 0.0000  0.0000  0.0000 0.000  0.00
t= 1360.00 -1.61e-15 | 1.6474 16.16  21819    8 151034 151551 | 1.4247 14.70 | 5.92e-03 1.68e-02 |   0.0000 0.0000  0.0000  0.0000 0.000  0.00
t= 1364.00 -1.61e-15 | 1.6473 16.19  21851    9 151544 152048 | 1.4251 14.71 | 6.48e-03 1.60e-02 |   0.0000 0.0000  0.0000  0.0000 0.000  0.00
# QATOM t=1366.84 dir=FD w=1.63856047 e=0.299902748769 i=1375 Em=0.0108
t= 1368.00 -1.61e-15 | 1.6473 16.18  21843   10 152026 152533 | 1.4249 14.70 | 4.98e-03 2.04e-02 |   0.0000 0.0000  0.0000  0.0000 0.000  0.00
# QATOM t=1370.16 dir=FD w=1.61530794 e=0.295646879206 i=47 Em=0.0404
t= 1372.00 -1.61e-15 | 1.6472 16.18  21840    6 152449 152976 | 1.4249 14.70 | 9.04e-03 2.61e-02 |   0.0000 0.0000  0.0000  0.0000 0.000  0.00
# QATOM t=1373.50 dir=FD w=1.54339968 e=0.282485642001 i=2068 Em=0.0973
# QATOM t=1375.92 dir=DF w=2.07959709 e=0.38062487923 i=886 Em=0.6002
t= 1376.00 -1.61e-15 | 1.6472 16.19  21850   11 152901 153410 | 1.4250 14.69 | 7.64e-03 2.08e-02 |   0.0000 0.0000  0.0000  0.0000 0.000  0.00
t= 1380.00 -1.61e-15 | 1.6472 16.19  21856   11 153336 153849 | 1.4250 14.69 | 1.03e-02 2.35e-02 |   0.0000 0.0000  0.0000  0.0000 0.000  0.00
# QATOM t=1381.52 dir=DF w=1.94146303 e=0.355342453089 i=550 Em=0.7985
# QATOM t=1383.86 dir=DF w=2.21037093 e=0.404560178239 i=1853 Em=0.2430
t= 1384.00 -1.61e-15 | 1.6473 16.18  21847   11 153797 154325 | 1.4250 14.70 | 7.86e-03 1.66e-02 |   0.0000 0.0000  0.0000  0.0000 0.000  0.00
t= 1388.00 -1.61e-15 | 1.6473 16.18  21849    9 154258 154760 | 1.4250 14.70 | 7.10e-03 1.58e-02 |   0.0000 0.0000  0.0000  0.0000 0.000  0.00
t= 1392.00 -1.61e-15 | 1.6473 16.18  21845   10 154734 155239 | 1.4249 14.70 | 4.53e-03 1.17e-02 |   0.0000 0.0000  0.0000  0.0000 0.000  0.00
t= 1396.00 -1.61e-15 | 1.6473 16.17  21823   10 155218 155722 | 1.4247 14.70 | 8.79e-03 2.56e-02 |   0.0000 0.0000  0.0000  0.0000 0.000  0.00
t= 1400.00 -1.61e-15 | 1.6473 16.17  21832    8 155754 156236 | 1.4248 14.70 | 4.56e-03 1.23e-02 |   0.0000 0.0000  0.0000  0.0000 0.000  0.00
t= 1404.00 -1.61e-15 | 1.6473 16.17  21830   11 156213 156696 | 1.4248 14.70 | 5.47e-03 1.93e-02 |   0.0000 0.0000  0.0000  0.0000 0.000  0.00
t= 1408.00 -1.61e-15 | 1.6473 16.19  21857   11 156649 157124 | 1.4251 14.70 | 4.90e-03 1.65e-02 |   0.0000 0.0000  0.0000  0.0000 0.000  0.00
t= 1412.00 -1.61e-15 | 1.6473 16.18  21847    6 157119 157596 | 1.4251 14.71 | 4.59e-03 1.29e-02 |   0.0000 0.0000  0.0000  0.0000 0.000  0.00
t= 1416.00 -1.61e-15 | 1.6473 16.17  21833   19 157574 158054 | 1.4249 14.70 | 6.01e-03 1.53e-02 |   0.0000 0.0000  0.0000  0.0000 0.000  0.00
t= 1420.00 -1.61e-15 | 1.6474 16.16  21820   12 158020 158503 | 1.4247 14.70 | 6.16e-03 1.71e-02 |   0.0000 0.0000  0.0000  0.0000 0.000  0.00
t= 1424.00 -1.61e-15 | 1.6474 16.17  21826   14 158460 158941 | 1.4247 14.69 | 5.59e-03 1.57e-02 |   0.0000 0.0000  0.0000  0.0000 0.000  0.00
# QATOM t=1425.10 dir=FD w=1.6309922 e=0.298517540533 i=1589 Em=0.0201
t= 1428.00 -1.61e-15 | 1.6474 16.17  21826    7 158955 159435 | 1.4246 14.69 | 5.69e-03 1.64e-02 |   0.0000 0.0000  0.0000  0.0000 0.000  0.00
# QATOM t=1429.70 dir=FD w=1.64027694 e=0.30021691045 i=1509 Em=0.0034
# QATOM t=1430.64 dir=FD w=1.62103675 e=0.296695412913 i=165 Em=0.0094
# QATOM t=1431.72 dir=DF w=2.13853991 e=0.391413076795 i=2384 Em=0.2594
t= 1432.00 -1.61e-15 | 1.6474 16.16  21810    5 159401 159860 | 1.4245 14.69 | 4.31e-03 1.22e-02 |   0.0000 0.0000  0.0000  0.0000 0.000  0.00
# QATOM t=1434.88 dir=DF w=2.01419635 e=0.368654700922 i=2536 Em=0.7448
t= 1436.00 -1.61e-15 | 1.6474 16.17  21826   14 159813 160293 | 1.4249 14.71 | 3.89e-03 1.32e-02 |   0.0000 0.0000  0.0000  0.0000 0.000  0.00
t= 1440.00 -1.75e-15 | 1.6473 16.17  21830   12 160255 160733 | 1.4249 14.71 | 5.22e-03 1.66e-02 |   0.0000 0.0000  0.0000  0.0000 0.000  0.00
t= 1444.00 -1.75e-15 | 1.6473 16.15  21802    9 160694 161184 | 1.4245 14.70 | 1.02e-02 2.41e-02 |   0.0000 0.0000  0.0000  0.0000 0.000  0.00
t= 1448.00 -1.75e-15 | 1.6473 16.14  21793   11 161129 161598 | 1.4244 14.70 | 5.80e-03 1.79e-02 |   0.0000 0.0000  0.0000  0.0000 0.000  0.00
# QATOM t=1450.70 dir=DF w=1.98637369 e=0.363562371217 i=2536 Em=0.7955
t= 1452.00 -1.75e-15 | 1.6473 16.14  21792   19 161613 162082 | 1.4244 14.70 | 8.05e-03 1.57e-02 |   0.0000 0.0000  0.0000  0.0000 0.000  0.00
t= 1456.00 -1.75e-15 | 1.6473 16.13  21781   13 162060 162514 | 1.4243 14.70 | 6.97e-03 1.87e-02 |   0.0000 0.0000  0.0000  0.0000 0.000  0.00
t= 1460.00 -1.75e-15 | 1.6474 16.12  21762   16 162503 162970 | 1.4241 14.70 | 7.43e-03 2.66e-02 |   0.0000 0.0000  0.0000  0.0000 0.000  0.00
t= 1464.00 -1.75e-15 | 1.6474 16.14  21788   15 162942 163399 | 1.4244 14.70 | 5.45e-03 1.70e-02 |   0.0000 0.0000  0.0000  0.0000 0.000  0.00
# QATOM t=1465.12 dir=FD w=1.61688694 e=0.295935880926 i=154 Em=0.0326
t= 1468.00 -1.75e-15 | 1.6474 16.14  21789   13 163375 163834 | 1.4244 14.70 | 5.15e-03 1.63e-02 |   0.0000 0.0000  0.0000  0.0000 0.000  0.00
t= 1472.00 -1.75e-15 | 1.6474 16.17  21832   10 163830 164296 | 1.4250 14.70 | 2.84e-03 1.24e-02 |   0.0000 0.0000  0.0000  0.0000 0.000  0.00
# QATOM t=1473.40 dir=FD w=1.6356406 e=0.299368328836 i=2380 Em=0.0146
t= 1476.00 -1.75e-15 | 1.6473 16.16  21810    7 164274 164762 | 1.4248 14.71 | 4.11e-03 1.52e-02 |   0.0000 0.0000  0.0000  0.0000 0.000  0.00
# QATOM t=1476.06 dir=DF w=2.21193843 e=0.40484707529 i=1914 Em=0.1879
# QATOM t=1476.06 dir=DF w=2.19490723 e=0.40172988608 i=2384 Em=0.2005
t= 1480.00 -1.75e-15 | 1.6474 16.16  21816   10 164714 165193 | 1.4249 14.71 | 1.02e-02 2.48e-02 |   0.0000 0.0000  0.0000  0.0000 0.000  0.00
t= 1484.00 -1.75e-15 | 1.6474 16.16  21821   14 165174 165631 | 1.4250 14.72 | 5.04e-03 1.44e-02 |   0.0000 0.0000  0.0000  0.0000 0.000  0.00
t= 1488.00 -1.75e-15 | 1.6474 16.15  21808    5 165586 166049 | 1.4249 14.72 | 7.03e-03 1.80e-02 |   0.0000 0.0000  0.0000  0.0000 0.000  0.00
# QATOM t=1488.16 dir=FD w=1.62069843 e=0.296633490612 i=2226 Em=0.0129
t= 1492.00 -1.75e-15 | 1.6474 16.16  21821   11 165985 166461 | 1.4250 14.72 | 1.01e-02 2.82e-02 |   0.0000 0.0000  0.0000  0.0000 0.000  0.00
t= 1496.00 -1.75e-15 | 1.6474 16.15  21804    8 166468 166944 | 1.4247 14.71 | 6.28e-03 1.51e-02 |   0.0000 0.0000  0.0000  0.0000 0.000  0.00
t= 1500.00 -1.75e-15 | 1.6473 16.17  21829   13 166926 167367 | 1.4250 14.71 | 4.46e-03 1.37e-02 |   0.0000 0.0000  0.0000  0.0000 0.000  0.00
# QATOM t=1500.66 dir=FD w=1.44062095 e=0.263674236975 i=2689 Em=0.1706
t= 1504.00 -1.75e-15 | 1.6472 16.17  21826   10 167345 167800 | 1.4250 14.71 | 5.76e-03 1.57e-02 |   0.0000 0.0000  0.0000  0.0000 0.000  0.00
# QATOM t=1506.24 dir=FD w=1.61732882 e=0.296016758121 i=2530 Em=0.0272
t= 1508.00 -1.75e-15 | 1.6472 16.15  21799   11 167785 168242 | 1.4247 14.71 | 5.61e-03 1.96e-02 |   0.0000 0.0000  0.0000  0.0000 0.000  0.00
# QATOM t=1508.22 dir=DF w=2.0200509 e=0.369726249324 i=1314 Em=0.7266
t= 1512.00 -1.75e-15 | 1.6472 16.17  21823    6 168258 168745 | 1.4250 14.71 | 8.57e-03 2.09e-02 |   0.0000 0.0000  0.0000  0.0000 0.000  0.00
t= 1516.00 -1.75e-15 | 1.6472 16.14  21793   15 168740 169225 | 1.4246 14.71 | 5.75e-03 1.52e-02 |   0.0000 0.0000  0.0000  0.0000 0.000  0.00
# QATOM t=1517.04 dir=FD w=1.57939176 e=0.289073206771 i=2524 Em=0.0374
t= 1520.00 -1.75e-15 | 1.6471 16.16  21810   14 169202 169688 | 1.4247 14.70 | 6.67e-03 2.04e-02 |   0.0000 0.0000  0.0000  0.0000 0.000  0.00
# QATOM t=1521.70 dir=DF w=2.19538161 e=0.401816709824 i=538 Em=0.2745
# QATOM t=1522.26 dir=FD w=1.64101993 e=0.300352898039 i=287 Em=0.0068
t= 1524.00 -1.75e-15 | 1.6472 16.16  21821    7 169662 170153 | 1.4248 14.69 | 6.92e-03 2.05e-02 |   0.0000 0.0000  0.0000  0.0000 0.000  0.00
t= 1528.00 -1.75e-15 | 1.6472 16.15  21806   12 170093 170594 | 1.4246 14.69 | 5.32e-03 1.80e-02 |   0.0000 0.0000  0.0000  0.0000 0.000  0.00
t= 1532.00 -1.75e-15 | 1.6472 16.13  21782    8 170541 171037 | 1.4243 14.69 | 5.98e-03 1.76e-02 |   0.0000 0.0000  0.0000  0.0000 0.000  0.00
# QATOM t=1535.02 dir=DF w=2.15085522 e=0.393667125719 i=2417 Em=0.2484
# QATOM t=1535.18 dir=FD w=1.41791063 e=0.259517608063 i=2417 Em=0.2356
t= 1536.00 -1.75e-15 | 1.6472 16.15  21801    9 171022 171493 | 1.4246 14.69 | 4.38e-03 1.37e-02 |   0.0000 0.0000  0.0000  0.0000 0.000  0.00
t= 1540.00 -1.75e-15 | 1.6472 16.14  21790   18 171461 171971 | 1.4244 14.69 | 7.12e-03 1.78e-02 |   0.0000 0.0000  0.0000  0.0000 0.000  0.00
t= 1544.00 -1.75e-15 | 1.6473 16.12  21764    9 171893 172410 | 1.4242 14.70 | 6.05e-03 1.71e-02 |   0.0000 0.0000  0.0000  0.0000 0.000  0.00
t= 1548.00 -1.75e-15 | 1.6473 16.13  21775   10 172262 172776 | 1.4244 14.71 | 7.00e-03 2.21e-02 |   0.0000 0.0000  0.0000  0.0000 0.000  0.00
t= 1552.00 -1.75e-15 | 1.6472 16.14  21783   12 172697 173213 | 1.4244 14.70 | 8.50e-03 2.27e-02 |   0.0000 0.0000  0.0000  0.0000 0.000  0.00
t= 1556.00 -1.75e-15 | 1.6472 16.14  21785   20 173107 173632 | 1.4244 14.69 | 6.03e-03 1.49e-02 |   0.0000 0.0000  0.0000  0.0000 0.000  0.00
# QATOM t=1557.78 dir=FD w=1.64402797 e=0.300903453965 i=1972 Em=0.0029
# QATOM t=1558.14 dir=FD w=1.62566069 e=0.297541724772 i=1172 Em=0.0157
t= 1560.00 -1.75e-15 | 1.6472 16.14  21787   11 173574 174111 | 1.4244 14.70 | 4.77e-03 2.12e-02 |   0.0000 0.0000  0.0000  0.0000 0.000  0.00
t= 1564.00 -1.75e-15 | 1.6473 16.13  21781    8 174040 174559 | 1.4243 14.70 | 8.14e-03 2.00e-02 |   0.0000 0.0000  0.0000  0.0000 0.000  0.00
# QATOM t=1565.92 dir=DF w=2.21998638 e=0.406320077593 i=849 Em=0.2336
t= 1568.00 -1.75e-15 | 1.6473 16.15  21800   13 174503 175023 | 1.4244 14.69 | 4.88e-03 1.53e-02 |   0.0000 0.0000  0.0000  0.0000 0.000  0.00
# QATOM t=1569.50 dir=FD w=1.40505709 e=0.257165049199 i=2511 Em=0.3555
t= 1572.00 -1.75e-15 | 1.6473 16.15  21797    6 174924 175460 | 1.4244 14.69 | 8.97e-03 2.43e-02 |   0.0000 0.0000  0.0000  0.0000 0.000  0.00
# QATOM t=1572.00 dir=FD w=1.62650471 e=0.297696203852 i=2675 Em=0.0031
t= 1576.00 -1.75e-15 | 1.6473 16.14  21795   12 175364 175893 | 1.4243 14.68 | 1.35e-02 3.28e-02 |   0.0000 0.0000  0.0000  0.0000 0.000  0.00
t= 1580.00 -1.75e-15 | 1.6472 16.15  21802   11 175800 176344 | 1.4243 14.68 | 5.15e-03 1.45e-02 |   0.0000 0.0000  0.0000  0.0000 0.000  0.00
t= 1584.00 -1.75e-15 | 1.6472 16.16  21813    7 176277 176795 | 1.4245 14.69 | 6.30e-03 1.69e-02 |   0.0000 0.0000  0.0000  0.0000 0.000  0.00
# QATOM t=1586.08 dir=FD w=1.61755764 e=0.296058637551 i=7 Em=0.0167
t= 1588.00 -1.75e-15 | 1.6472 16.14  21795    9 176754 177270 | 1.4243 14.69 | 5.94e-03 2.22e-02 |   0.0000 0.0000  0.0000  0.0000 0.000  0.00
t= 1592.00 -1.75e-15 | 1.6471 16.14  21787    6 177188 177712 | 1.4243 14.69 | 5.57e-03 1.65e-02 |   0.0000 0.0000  0.0000  0.0000 0.000  0.00
# QATOM t=1593.88 dir=FD w=1.62943878 e=0.298233221844 i=2563 Em=0.0143
t= 1596.00 -1.75e-15 | 1.6472 16.12  21767    6 177686 178183 | 1.4240 14.69 | 6.72e-03 1.76e-02 |   0.0000 0.0000  0.0000  0.0000 0.000  0.00
t= 1600.00 -1.75e-15 | 1.6471 16.14  21783   11 178191 178702 | 1.4243 14.69 | 6.90e-03 2.11e-02 |   0.0000 0.0000  0.0000  0.0000 0.000  0.00
# QATOM t=1601.40 dir=FD w=1.59274984 e=0.291518112385 i=1856 Em=0.0594
# QATOM t=1603.06 dir=DF w=2.10173365 e=0.384676494127 i=2215 Em=0.3980
t= 1604.00 -1.75e-15 | 1.6472 16.12  21764    8 178677 179175 | 1.4240 14.69 | 1.14e-02 2.64e-02 |   0.0000 0.0000  0.0000  0.0000 0.000  0.00
t= 1608.00 -1.75e-15 | 1.6472 16.14  21795   15 179144 179646 | 1.4244 14.69 | 4.83e-03 1.81e-02 |   0.0000 0.0000  0.0000  0.0000 0.000  0.00
t= 1612.00 -1.75e-15 | 1.6472 16.15  21806    8 179641 180135 | 1.4245 14.70 | 1.35e-02 2.66e-02 |   0.0000 0.0000  0.0000  0.0000 0.000  0.00
# QATOM t=1615.32 dir=DF w=2.14152049 e=0.391958607154 i=2215 Em=0.2959
t= 1616.00 -1.75e-15 | 1.6472 16.15  21809   18 180119 180633 | 1.4246 14.70 | 8.46e-03 2.18e-02 |   0.0000 0.0000  0.0000  0.0000 0.000  0.00
t= 1620.00 -1.75e-15 | 1.6472 16.14  21793   15 180574 181103 | 1.4243 14.69 | 6.61e-03 1.67e-02 |   0.0000 0.0000  0.0000  0.0000 0.000  0.00
t= 1624.00 -1.75e-15 | 1.6473 16.15  21797   12 181031 181553 | 1.4243 14.68 | 3.85e-03 1.83e-02 |   0.0000 0.0000  0.0000  0.0000 0.000  0.00
# QATOM t=1625.42 dir=FD w=1.60548364 e=0.293848756538 i=1073 Em=0.0378
t= 1628.00 -1.75e-15 | 1.6473 16.15  21801   16 181506 182031 | 1.4243 14.68 | 9.46e-03 2.24e-02 |   0.0000 0.0000  0.0000  0.0000 0.000  0.00
# QATOM t=1629.84 dir=DF w=2.23802614 e=0.409621862275 i=735 Em=0.2020
t= 1632.00 -1.75e-15 | 1.6473 16.15  21807    6 181987 182511 | 1.4244 14.68 | 6.57e-03 1.57e-02 |   0.0000 0.0000  0.0000  0.0000 0.000  0.00
t= 1636.00 -1.75e-15 | 1.6473 16.13  21775   16 182527 182992 | 1.4241 14.68 | 1.32e-02 3.14e-02 |   0.0000 0.0000  0.0000  0.0000 0.000  0.00
# QATOM t=1638.46 dir=FD w=1.37696227 e=0.25202290388 i=980 Em=0.3743
t= 1640.00 -1.75e-15 | 1.6474 16.14  21794   10 182974 183463 | 1.4243 14.68 | 6.28e-03 1.66e-02 |   0.0000 0.0000  0.0000  0.0000 0.000  0.00
# QATOM t=1643.10 dir=DF w=2.21749616 e=0.405864295529 i=2423 Em=0.4499
# QATOM t=1643.94 dir=FD w=1.31602769 e=0.240870159654 i=2423 Em=0.5269
t= 1644.00 -1.75e-15 | 1.6473 16.13  21774   11 183411 183894 | 1.4241 14.69 | 7.04e-03 1.89e-02 |   0.0000 0.0000  0.0000  0.0000 0.000  0.00
t= 1648.00 -1.75e-15 | 1.6473 16.13  21770   22 183892 184375 | 1.4241 14.70 | 9.48e-03 2.29e-02 |   0.0000 0.0000  0.0000  0.0000 0.000  0.00
# QATOM t=1651.44 dir=FD w=1.43853858 e=0.263293104922 i=237 Em=0.1995
t= 1652.00 -1.75e-15 | 1.6473 16.14  21787    7 184337 184845 | 1.4244 14.70 | 7.40e-03 2.03e-02 |   0.0000 0.0000  0.0000  0.0000 0.000  0.00
t= 1656.00 -1.75e-15 | 1.6473 16.14  21793   11 184820 185321 | 1.4244 14.70 | 7.30e-03 1.77e-02 |   0.0000 0.0000  0.0000  0.0000 0.000  0.00
t= 1660.00 -1.75e-15 | 1.6472 16.16  21812   10 185237 185735 | 1.4247 14.70 | 9.22e-03 2.13e-02 |   0.0000 0.0000  0.0000  0.0000 0.000  0.00
# QATOM t=1662.86 dir=FD w=1.63593798 e=0.299422758462 i=1306 Em=0.0165
t= 1664.00 -1.75e-15 | 1.6472 16.17  21829   12 185666 186158 | 1.4249 14.70 | 9.01e-03 2.02e-02 |   0.0000 0.0000  0.0000  0.0000 0.000  0.00
# QATOM t=1666.44 dir=FD w=1.64484418 e=0.30105284427 i=742 Em=0.0016
t= 1668.00 -1.75e-15 | 1.6471 16.16  21810    6 186098 186622 | 1.4246 14.70 | 9.09e-03 1.81e-02 |   0.0000 0.0000  0.0000  0.0000 0.000  0.00
t= 1672.00 -1.75e-15 | 1.6472 16.15  21808   11 186600 187109 | 1.4246 14.70 | 5.54e-03 1.50e-02 |   0.0000 0.0000  0.0000  0.0000 0.000  0.00
# QATOM t=1672.38 dir=FD w=1.27445816 e=0.233261764144 i=2084 Em=0.2140
t= 1676.00 -1.75e-15 | 1.6472 16.15  21806   11 187123 187636 | 1.4246 14.70 | 4.57e-03 1.51e-02 |   0.0000 0.0000  0.0000  0.0000 0.000  0.00
t= 1680.00 -1.75e-15 | 1.6472 16.16  21817   19 187616 188129 | 1.4247 14.69 | 6.31e-03 1.98e-02 |   0.0000 0.0000  0.0000  0.0000 0.000  0.00
t= 1684.00 -1.75e-15 | 1.6472 16.16  21818    5 188076 188593 | 1.4247 14.69 | 4.11e-03 1.29e-02 |   0.0000 0.0000  0.0000  0.0000 0.000  0.00
t= 1688.00 -1.75e-15 | 1.6472 16.18  21848   12 188552 189075 | 1.4251 14.70 | 8.93e-03 2.48e-02 |   0.0000 0.0000  0.0000  0.0000 0.000  0.00
# QATOM t=1691.44 dir=DF w=2.18030577 e=0.399057406992 i=2215 Em=0.2599
# QATOM t=1691.44 dir=DF w=2.17486852 e=0.398062237718 i=2417 Em=0.2705
# QATOM t=1691.70 dir=FD w=1.44438299 e=0.264362796275 i=2215 Em=0.2005
t= 1692.00 -1.75e-15 | 1.6473 16.19  21860   11 188994 189514 | 1.4252 14.70 | 4.72e-03 1.63e-02 |   0.0000 0.0000  0.0000  0.0000 0.000  0.00
# QATOM t=1694.60 dir=DF w=2.18177978 e=0.399327192695 i=1508 Em=0.2281
t= 1696.00 -1.75e-15 | 1.6474 16.19  21854   12 189472 189981 | 1.4252 14.70 | 5.85e-03 1.56e-02 |   0.0000 0.0000  0.0000  0.0000 0.000  0.00
t= 1700.00 -1.75e-15 | 1.6473 16.16  21811   14 189887 190405 | 1.4247 14.70 | 4.02e-03 1.64e-02 |   0.0000 0.0000  0.0000  0.0000 0.000  0.00
t= 1704.00 -1.75e-15 | 1.6473 16.15  21809    8 190394 190905 | 1.4247 14.70 | 5.13e-03 1.60e-02 |   0.0000 0.0000  0.0000  0.0000 0.000  0.00
t= 1708.00 -1.75e-15 | 1.6473 16.13  21777    4 190889 191374 | 1.4244 14.70 | 9.74e-03 2.37e-02 |   0.0000 0.0000  0.0000  0.0000 0.000  0.00
t= 1712.00 -1.75e-15 | 1.6473 16.15  21808   11 191341 191839 | 1.4248 14.71 | 4.16e-03 1.59e-02 |   0.0000 0.0000  0.0000  0.0000 0.000  0.00
t= 1716.00 -1.75e-15 | 1.6473 16.14  21790    9 191817 192310 | 1.4245 14.71 | 6.85e-03 1.88e-02 |   0.0000 0.0000  0.0000  0.0000 0.000  0.00
# QATOM t=1719.34 dir=DF w=2.24356715 e=0.410636022596 i=352 Em=0.2243
t= 1720.00 -1.75e-15 | 1.6474 16.14  21787    9 192320 192815 | 1.4244 14.71 | 4.28e-03 1.81e-02 |   0.0000 0.0000  0.0000  0.0000 0.000  0.00
t= 1724.00 -1.75e-15 | 1.6474 16.15  21796   14 192800 193322 | 1.4245 14.70 | 6.76e-03 1.57e-02 |   0.0000 0.0000  0.0000  0.0000 0.000  0.00
# QATOM t=1726.82 dir=DF w=1.95755737 e=0.358288172407 i=451 Em=0.8346
t= 1728.00 -1.88e-15 | 1.6474 16.15  21801   19 193259 193796 | 1.4245 14.70 | 6.96e-03 1.79e-02 |   0.0000 0.0000  0.0000  0.0000 0.000  0.00
t= 1732.00 -1.88e-15 | 1.6473 16.15  21798   10 193729 194256 | 1.4245 14.69 | 4.55e-03 1.35e-02 |   0.0000 0.0000  0.0000  0.0000 0.000  0.00
# QATOM t=1733.78 dir=FD w=1.40738217 e=0.257590603304 i=1046 Em=0.1663
t= 1736.00 -1.88e-15 | 1.6473 16.15  21809   11 194210 194705 | 1.4245 14.69 | 7.34e-03 1.57e-02 |   0.0000 0.0000  0.0000  0.0000 0.000  0.00
# QATOM t=1737.92 dir=FD w=1.5775409 e=0.288734447222 i=1409 Em=0.0596
t= 1740.00 -1.88e-15 | 1.6472 16.16  21813    6 194652 195140 | 1.4247 14.69 | 4.20e-03 1.69e-02 |   0.0000 0.0000  0.0000  0.0000 0.000  0.00
t= 1744.00 -1.88e-15 | 1.6471 16.15  21809   10 195077 195596 | 1.4246 14.69 | 4.41e-03 1.66e-02 |   0.0000 0.0000  0.0000  0.0000 0.000  0.00
# QATOM t=1745.96 dir=DF w=2.11650141 e=0.38737941025 i=2175 Em=0.5691
t= 1748.00 -1.88e-15 | 1.6472 16.17  21823   13 195485 196012 | 1.4247 14.68 | 5.48e-03 1.61e-02 |   0.0000 0.0000  0.0000  0.0000 0.000  0.00
t= 1752.00 -1.88e-15 | 1.6472 16.17  21834   10 195958 196503 | 1.4248 14.68 | 5.88e-03 1.79e-02 |   0.0000 0.0000  0.0000  0.0000 0.000  0.00
t= 1756.00 -1.88e-15 | 1.6471 16.17  21831    7 196415 196941 | 1.4248 14.69 | 3.53e-03 1.40e-02 |   0.0000 0.0000  0.0000  0.0000 0.000  0.00
t= 1760.00 -1.88e-15 | 1.6471 16.19  21850   13 196921 197441 | 1.4251 14.70 | 6.20e-03 2.16e-02 |   0.0000 0.0000  0.0000  0.0000 0.000  0.00
# QATOM t=1760.16 dir=FD w=1.4498648 e=0.2653661223 i=2386 Em=0.2095
t= 1764.00 -1.88e-15 | 1.6471 16.18  21837   14 197416 197937 | 1.4249 14.69 | 1.44e-02 3.32e-02 |   0.0000 0.0000  0.0000  0.0000 0.000  0.00
t= 1768.00 -1.88e-15 | 1.6471 16.18  21849    8 197921 198448 | 1.4250 14.69 | 3.40e-03 1.26e-02 |   0.0000 0.0000  0.0000  0.0000 0.000  0.00
# QATOM t=1771.84 dir=FD w=1.63150032 e=0.29861054208 i=2497 Em=0.0187
t= 1772.00 -1.88e-15 | 1.6471 16.19  21852   18 198355 198894 | 1.4250 14.68 | 5.42e-03 2.16e-02 |   0.0000 0.0000  0.0000  0.0000 0.000  0.00
t= 1776.00 -1.88e-15 | 1.6471 16.17  21826   11 198782 199327 | 1.4246 14.68 | 6.02e-03 1.76e-02 |   0.0000 0.0000  0.0000  0.0000 0.000  0.00
t= 1780.00 -1.88e-15 | 1.6472 16.19  21852    7 199266 199813 | 1.4249 14.68 | 8.13e-03 1.76e-02 |   0.0000 0.0000  0.0000  0.0000 0.000  0.00
t= 1784.00 -1.88e-15 | 1.6471 16.18  21841    9 199721 200245 | 1.4248 14.68 | 9.02e-03 2.34e-02 |   0.0000 0.0000  0.0000  0.0000 0.000  0.00
t= 1788.00 -1.88e-15 | 1.6472 16.17  21833   17 200230 200719 | 1.4248 14.68 | 5.87e-03 1.54e-02 |   0.0000 0.0000  0.0000  0.0000 0.000  0.00
# QATOM t=1789.50 dir=FD w=1.631235 e=0.298561979869 i=14 Em=0.0126
t= 1792.00 -1.88e-15 | 1.6471 16.16  21816    7 200666 201187 | 1.4245 14.68 | 5.47e-03 1.39e-02 |   0.0000 0.0000  0.0000  0.0000 0.000  0.00
# QATOM t=1794.54 dir=DF w=2.12283214 e=0.388538112217 i=123 Em=0.5596
t= 1796.00 -1.88e-15 | 1.6471 16.16  21821    6 201100 201639 | 1.4246 14.68 | 4.90e-03 1.54e-02 |   0.0000 0.0000  0.0000  0.0000 0.000  0.00
t= 1800.00 -1.88e-15 | 1.6471 16.16  21818   10 201503 202031 | 1.4245 14.68 | 5.49e-03 1.71e-02 |   0.0000 0.0000  0.0000  0.0000 0.000  0.00
# QATOM t=1803.30 dir=DF w=2.13082481 e=0.39000099694 i=625 Em=0.3517
# QATOM t=1803.30 dir=DF w=2.15660003 e=0.394718587741 i=2619 Em=0.3286
t= 1804.00 -1.88e-15 | 1.6471 16.16  21815   13 201955 202477 | 1.4246 14.69 | 8.43e-03 2.36e-02 |   0.0000 0.0000  0.0000  0.0000 0.000  0.00
# QATOM t=1805.80 dir=FD w=1.62238673 e=0.296942498056 i=97 Em=0.0063
t= 1808.00 -1.88e-15 | 1.6471 16.16  21821   10 202372 202898 | 1.4248 14.69 | 7.85e-03 1.64e-02 |   0.0000 0.0000  0.0000  0.0000 0.000  0.00
t= 1812.00 -1.88e-15 | 1.6471 16.16  21816    7 202815 203346 | 1.4247 14.69 | 6.01e-03 1.31e-02 |   0.0000 0.0000  0.0000  0.0000 0.000  0.00
t= 1816.00 -1.88e-15 | 1.6471 16.15  21809   11 203316 203861 | 1.4245 14.69 | 6.94e-03 1.89e-02 |   0.0000 0.0000  0.0000  0.0000 0.000  0.00
# QATOM t=1817.44 dir=FD w=1.52729329 e=0.279537718476 i=2273 Em=0.1644
t= 1820.00 -1.88e-15 | 1.6470 16.17  21832   11 203811 204325 | 1.4248 14.69 | 1.12e-02 2.47e-02 |   0.0000 0.0000  0.0000  0.0000 0.000  0.00
# QATOM t=1820.86 dir=DF w=2.24395818 e=0.410707592744 i=535 Em=0.1820
t= 1824.00 -1.88e-15 | 1.6471 16.19  21850   13 204268 204781 | 1.4251 14.69 | 7.56e-03 2.53e-02 |   0.0000 0.0000  0.0000  0.0000 0.000  0.00
t= 1828.00 -1.88e-15 | 1.6470 16.17  21825   11 204776 205292 | 1.4249 14.70 | 7.67e-03 2.01e-02 |   0.0000 0.0000  0.0000  0.0000 0.000  0.00
# QATOM t=1831.46 dir=DF w=2.14751433 e=0.393055648321 i=1435 Em=0.3335
# QATOM t=1831.46 dir=DF w=2.16545928 e=0.396340080248 i=2248 Em=0.2885
t= 1832.00 -2.01e-15 | 1.6471 16.17  21836   17 205305 205781 | 1.4250 14.70 | 6.20e-03 1.82e-02 |   0.0000 0.0000  0.0000  0.0000 0.000  0.00
t= 1836.00 -1.88e-15 | 1.6472 16.17  21830   14 205764 206236 | 1.4250 14.70 | 9.10e-03 2.22e-02 |   0.0000 0.0000  0.0000  0.0000 0.000  0.00
t= 1840.00 -2.01e-15 | 1.6472 16.16  21821   18 206194 206690 | 1.4248 14.70 | 1.53e-02 3.62e-02 |   0.0000 0.0000  0.0000  0.0000 0.000  0.00
# QATOM t=1840.18 dir=FD w=1.6132543 e=0.295271005769 i=2169 Em=0.0292
t= 1844.00 -2.01e-15 | 1.6472 16.15  21805    8 206621 207146 | 1.4247 14.70 | 5.86e-03 1.91e-02 |   0.0000 0.0000  0.0000  0.0000 0.000  0.00
# QATOM t=1845.60 dir=DF w=2.20667434 e=0.403883598046 i=2004 Em=0.1360
# QATOM t=1846.04 dir=FD w=1.45191288 e=0.265740977798 i=2004 Em=0.2665
# QATOM t=1847.74 dir=FD w=1.63019269 e=0.298371207726 i=2644 Em=0.0004
t= 1848.00 -2.01e-15 | 1.6471 16.16  21810    7 207039 207557 | 1.4248 14.71 | 6.88e-03 2.12e-02 |   0.0000 0.0000  0.0000  0.0000 0.000  0.00
# QATOM t=1849.44 dir=DF w=2.19260128 e=0.401307831403 i=1084 Em=0.2892
# QATOM t=1851.26 dir=DF w=2.19739005 e=0.402184312225 i=2004 Em=0.1658
t= 1852.00 -2.01e-15 | 1.6472 16.18  21844    8 207488 207996 | 1.4252 14.71 | 4.73e-03 1.44e-02 |   0.0000 0.0000  0.0000  0.0000 0.000  0.00
# QATOM t=1852.44 dir=FD w=1.45640455 e=0.266563081031 i=2004 Em=0.2303
# QATOM t=1855.26 dir=FD w=1.61137333 e=0.294926735685 i=87 Em=0.0493
t= 1856.00 -2.01e-15 | 1.6471 16.18  21839   11 207872 208411 | 1.4251 14.71 | 5.49e-03 1.48e-02 |   0.0000 0.0000  0.0000  0.0000 0.000  0.00
# QATOM t=1856.82 dir=DF w=2.21990507 e=0.406305194271 i=535 Em=0.1910
t= 1860.00 -2.01e-15 | 1.6470 16.17  21831   13 208292 208856 | 1.4249 14.70 | 4.81e-03 1.74e-02 |   0.0000 0.0000  0.0000  0.0000 0.000  0.00
t= 1864.00 -2.01e-15 | 1.6470 16.18  21849   14 208725 209266 | 1.4250 14.69 | 3.74e-03 1.36e-02 |   0.0000 0.0000  0.0000  0.0000 0.000  0.00
t= 1868.00 -2.01e-15 | 1.6470 16.18  21845    9 209201 209731 | 1.4249 14.69 | 1.02e-02 2.43e-02 |   0.0000 0.0000  0.0000  0.0000 0.000  0.00
# QATOM t=1868.78 dir=DF w=1.98131801 e=0.362637038469 i=2680 Em=0.8159
t= 1872.00 -2.01e-15 | 1.6470 16.17  21830   12 209665 210195 | 1.4248 14.69 | 5.65e-03 1.72e-02 |   0.0000 0.0000  0.0000  0.0000 0.000  0.00
t= 1876.00 -2.01e-15 | 1.6470 16.18  21847    9 210097 210625 | 1.4250 14.69 | 7.47e-03 1.86e-02 |   0.0000 0.0000  0.0000  0.0000 0.000  0.00
t= 1880.00 -2.01e-15 | 1.6470 16.16  21821   15 210565 211085 | 1.4247 14.69 | 4.51e-03 1.38e-02 |   0.0000 0.0000  0.0000  0.0000 0.000  0.00
# QATOM t=1882.40 dir=FD w=1.63511332 e=0.299271822499 i=1396 Em=0.0156
t= 1884.00 -2.01e-15 | 1.6469 16.16  21819    7 211002 211486 | 1.4247 14.69 | 4.30e-03 1.53e-02 |   0.0000 0.0000  0.0000  0.0000 0.000  0.00
# QATOM t=1886.78 dir=FD w=1.64767918 e=0.301571728381 i=1845 Em=0.0026
t= 1888.00 -2.01e-15 | 1.6469 16.17  21823    7 211430 211935 | 1.4247 14.69 | 7.53e-03 2.22e-02 |   0.0000 0.0000  0.0000  0.0000 0.000  0.00
t= 1892.00 -2.01e-15 | 1.6470 16.17  21830    7 211881 212408 | 1.4248 14.69 | 6.31e-03 1.90e-02 |   0.0000 0.0000  0.0000  0.0000 0.000  0.00
t= 1896.00 -2.01e-15 | 1.6469 16.15  21798   11 212344 212845 | 1.4245 14.70 | 7.19e-03 1.89e-02 |   0.0000 0.0000  0.0000  0.0000 0.000  0.00
t= 1900.00 -2.01e-15 | 1.6469 16.15  21809    5 212786 213336 | 1.4246 14.70 | 7.91e-03 2.24e-02 |   0.0000 0.0000  0.0000  0.0000 0.000  0.00
t= 1904.00 -2.01e-15 | 1.6469 16.17  21823   13 213233 213773 | 1.4248 14.70 | 5.42e-03 1.68e-02 |   0.0000 0.0000  0.0000  0.0000 0.000  0.00
t= 1908.00 -2.01e-15 | 1.6469 16.15  21807    9 213674 214200 | 1.4246 14.69 | 9.78e-03 2.73e-02 |   0.0000 0.0000  0.0000  0.0000 0.000  0.00
t= 1912.00 -2.01e-15 | 1.6469 16.15  21804   22 214182 214688 | 1.4244 14.68 | 7.02e-03 2.24e-02 |   0.0000 0.0000  0.0000  0.0000 0.000  0.00
t= 1916.00 -2.01e-15 | 1.6469 16.16  21812   20 214610 215145 | 1.4245 14.68 | 3.74e-03 1.28e-02 |   0.0000 0.0000  0.0000  0.0000 0.000  0.00
t= 1920.00 -2.01e-15 | 1.6470 16.16  21811    7 215021 215570 | 1.4246 14.69 | 5.53e-03 1.49e-02 |   0.0000 0.0000  0.0000  0.0000 0.000  0.00
t= 1924.00 -2.15e-15 | 1.6470 16.17  21828   10 215491 216023 | 1.4248 14.69 | 5.39e-03 1.59e-02 |   0.0000 0.0000  0.0000  0.0000 0.000  0.00
# QATOM t=1924.78 dir=FD w=1.64339591 e=0.300787769314 i=2053 Em=0.0006
t= 1928.00 -2.15e-15 | 1.6470 16.18  21848    8 215923 216460 | 1.4251 14.69 | 6.35e-03 2.12e-02 |   0.0000 0.0000  0.0000  0.0000 0.000  0.00
# QATOM t=1931.38 dir=DF w=2.21516762 e=0.405438108678 i=395 Em=0.2501
t= 1932.00 -2.15e-15 | 1.6471 16.16  21816   10 216384 216916 | 1.4247 14.69 | 6.25e-03 1.61e-02 |   0.0000 0.0000  0.0000  0.0000 0.000  0.00
# QATOM t=1932.00 dir=FD w=1.47222845 e=0.26945930091 i=395 Em=0.2395
t= 1936.00 -2.15e-15 | 1.6470 16.19  21859   10 216835 217323 | 1.4253 14.70 | 5.48e-03 1.32e-02 |   0.0000 0.0000  0.0000  0.0000 0.000  0.00
t= 1940.00 -2.15e-15 | 1.6470 16.18  21842   13 217292 217775 | 1.4251 14.70 | 1.01e-02 2.22e-02 |   0.0000 0.0000  0.0000  0.0000 0.000  0.00
t= 1944.00 -2.15e-15 | 1.6470 16.17  21826   13 217748 218242 | 1.4249 14.70 | 5.94e-03 1.56e-02 |   0.0000 0.0000  0.0000  0.0000 0.000  0.00
t= 1948.00 -2.15e-15 | 1.6470 16.16  21822   17 218192 218679 | 1.4248 14.70 | 6.98e-03 1.91e-02 |   0.0000 0.0000  0.0000  0.0000 0.000  0.00
# QATOM t=1949.36 dir=DF w=2.01787021 e=0.36932712079 i=815 Em=0.7108
t= 1952.00 -2.15e-15 | 1.6471 16.16  21820   10 218632 219137 | 1.4248 14.70 | 1.29e-02 2.70e-02 |   0.0000 0.0000  0.0000  0.0000 0.000  0.00
# QATOM t=1955.12 dir=FD w=1.63125026 e=0.298564774212 i=629 Em=0.0194
t= 1956.00 -2.15e-15 | 1.6470 16.17  21827   20 219079 219577 | 1.4249 14.70 | 6.10e-03 1.49e-02 |   0.0000 0.0000  0.0000  0.0000 0.000  0.00
# QATOM t=1959.46 dir=FD w=1.58728032 e=0.290517035948 i=1051 Em=0.0407
t= 1960.00 -2.15e-15 | 1.6469 16.18  21839   14 219541 220081 | 1.4249 14.70 | 7.53e-03 2.37e-02 |   0.0000 0.0000  0.0000  0.0000 0.000  0.00
t= 1964.00 -2.15e-15 | 1.6469 16.17  21832   11 220026 220541 | 1.4249 14.70 | 1.10e-02 2.45e-02 |   0.0000 0.0000  0.0000  0.0000 0.000  0.00
t= 1968.00 -2.15e-15 | 1.6470 16.15  21804   10 220484 220982 | 1.4246 14.70 | 5.23e-03 1.47e-02 |   0.0000 0.0000  0.0000  0.0000 0.000  0.00
# QATOM t=1971.68 dir=FD w=1.63993448 e=0.300154231521 i=64 Em=0.0121
t= 1972.00 -2.15e-15 | 1.6470 16.15  21802    9 220895 221375 | 1.4245 14.69 | 8.07e-03 1.81e-02 |   0.0000 0.0000  0.0000  0.0000 0.000  0.00
t= 1976.00 -2.15e-15 | 1.6470 16.15  21797    7 221363 221823 | 1.4245 14.70 | 4.02e-03 1.79e-02 |   0.0000 0.0000  0.0000  0.0000 0.000  0.00
t= 1980.00 -2.15e-15 | 1.6470 16.16  21811    7 221768 222235 | 1.4248 14.70 | 5.01e-03 1.67e-02 |   0.0000 0.0000  0.0000  0.0000 0.000  0.00
# QATOM t=1981.64 dir=FD w=1.62669578 e=0.297731175609 i=1319 Em=0.0049
t= 1984.00 -2.15e-15 | 1.6469 16.16  21816   19 222207 222686 | 1.4248 14.70 | 4.68e-03 1.46e-02 |   0.0000 0.0000  0.0000  0.0000 0.000  0.00
t= 1988.00 -2.15e-15 | 1.6469 16.12  21762   11 222657 223174 | 1.4241 14.69 | 5.94e-03 1.67e-02 |   0.0000 0.0000  0.0000  0.0000 0.000  0.00
t= 1992.00 -2.15e-15 | 1.6469 16.14  21795   15 223096 223589 | 1.4245 14.70 | 5.26e-03 1.33e-02 |   0.0000 0.0000  0.0000  0.0000 0.000  0.00
t= 1996.00 -2.15e-15 | 1.6469 16.14  21792   13 223547 224035 | 1.4244 14.69 | 7.95e-03 2.27e-02 |   0.0000 0.0000  0.0000  0.0000 0.000  0.00
# QATOM t=1996.08 dir=FD w=1.5918273 e=0.291349261156 i=259 Em=0.0717
t= 2000.00 -2.15e-15 | 1.6468 16.15  21799   13 223918 224405 | 1.4245 14.69 | 7.01e-03 1.64e-02 |   0.0000 0.0000  0.0000  0.0000 0.000  0.00
#
# RESULT drift_rel -2.149e-15
# RESULT births 223918 deaths 224405 beta_returns 0 beta_energy 0.000000e+00
# RESULT conv rough=40.230991 cond=641.089772 evap=0.000000 backs=5.247521 rad=0.000000
# RESULT credit qcnvD=1448.904394 qcnvF=2548.130304
# RESULT geometry phi_nom=1.6468 z_live=16.15 dbar=1.4245 sigma_d=0.1469
