# freecell — v89 free-cell substance test (exp=ring)
# laws = laws_V2g VERBATIM (defaults): C=1 w1=1.65 w2=2.9 q_detune=1.2
# gamma_res=0.25 gamma_res_m=0.1 p_gate=8 lock_floor=0.005 k_dep=1.2 k_dep_m=2 cap=2.5
# e_s0=1 es_floor=0.05 e_cond=0 f_conv=0.25 f_evap=0.5 s_pull=0.15
# kappa_lock=1 kappa_align=0.5 s_k=0.06 s_disp=0.3 sigma_tumble=0.01
# comb_limit=6 rough_k=0.35 gamma_rough=0.5 mob_sym=1 mob_floor=0.004 field_J=1.8
# quant_A0=1.15 quant_mode=2 (A0eff=1.15)
# v91 radiance (laws_V3r candidate A): k_rad=0.05 p_rad=4 rad_clock=0
# GEOMETRY (apparatus): cfac=1.15 k_rep=1 mob_geo=1 kappa_bond=1 freeze_geo=0
# bath=0 bath_frac=1 jam_sweeps=800 jam_k=0.1 L=16 dt=0.02 T=600 seed=20260802 diag_every=50
# JAM skipped (no bath)
# SEED ring: n=6 x=0.3250 d*=1.505798 d_edge=1.505798 edges=6
# INIT NC=6 slots=6 live=6 phi_nom=0.0034 z_live=2.00 dbar=1.5058 sigma_d=0.00% E0=10.239130435
#
# t | drift_rel | phi_nom z_live NLa NLd births deaths | dbar sigma_d% | maxstep maxbond | Em_tag ret com_dev rms conn z_tag | pair: d delta gf gb | core/far
t=    0.00 +0.00e+00 | 0.0034  2.00      6    0      0      0 | 1.5058  0.00 | 0.00e+00 0.00e+00 |   4.8750 1.0000  0.0000  1.5058 1.000  2.00 | edge_dev mean=0.0000 max=0.0000 gg=0.0000 shape_dev=0.0000 xbar=0.3250
t=    1.00 +0.00e+00 | 0.0034  2.00      6    0      0      0 | 1.5390  0.00 | 3.02e-04 3.34e-03 |   4.8750 1.0000  0.0000  1.5349 1.000  2.00 | edge_dev mean=0.0335 max=0.0335 gg=0.9810 shape_dev=0.1021 xbar=0.3231
t=    2.00 +0.00e+00 | 0.0034  2.00      6    0      0      0 | 1.5360  0.00 | 5.90e-05 4.19e-03 |   4.8750 1.0000  0.0000  1.5304 1.000  2.00 | edge_dev mean=0.0301 max=0.0301 gg=0.9843 shape_dev=0.0916 xbar=0.3227
t=    3.00 +0.00e+00 | 0.0034  2.00      6    0      0      0 | 1.5449  0.00 | 2.89e-04 3.14e-03 |   4.8750 1.0000  0.0000  1.5416 1.000  2.00 | edge_dev mean=0.0394 max=0.0395 gg=0.9737 shape_dev=0.1203 xbar=0.3235
t=    4.00 +0.00e+00 | 0.0034  2.00      6    0      0      0 | 1.5382  0.00 | 2.06e-04 3.57e-03 |   4.8750 1.0000  0.0000  1.5337 1.000  2.00 | edge_dev mean=0.0326 max=0.0326 gg=0.9819 shape_dev=0.0992 xbar=0.3230
t=    5.00 +0.00e+00 | 0.0034  2.00      6    0      0      0 | 1.5361  0.00 | 1.37e-04 4.34e-03 |   4.8750 1.0000  0.0000  1.5303 1.000  2.00 | edge_dev mean=0.0302 max=0.0302 gg=0.9841 shape_dev=0.0918 xbar=0.3226
t=    6.00 +1.73e-16 | 0.0034  2.00      6    0      0      0 | 1.5438  0.00 | 2.80e-04 3.19e-03 |   4.8750 1.0000  0.0000  1.5403 1.000  2.00 | edge_dev mean=0.0383 max=0.0383 gg=0.9751 shape_dev=0.1169 xbar=0.3234
t=    7.00 +1.73e-16 | 0.0034  2.00      6    0      0      0 | 1.5374  0.00 | 1.84e-04 3.64e-03 |   4.8750 1.0000  0.0000  1.5327 1.000  2.00 | edge_dev mean=0.0318 max=0.0318 gg=0.9828 shape_dev=0.0968 xbar=0.3229
t=    8.00 +1.73e-16 | 0.0034  2.00      6    0      0      0 | 1.5370  0.00 | 2.70e-04 4.57e-03 |   4.8750 1.0000  0.0000  1.5310 1.000  2.00 | edge_dev mean=0.0309 max=0.0309 gg=0.9832 shape_dev=0.0940 xbar=0.3226
t=    9.00 +0.00e+00 | 0.0034  2.00      6    0      0      0 | 1.5427  0.00 | 2.71e-04 3.26e-03 |   4.8750 1.0000  0.0000  1.5391 1.000  2.00 | edge_dev mean=0.0372 max=0.0372 gg=0.9765 shape_dev=0.1135 xbar=0.3233
t=   10.00 +1.73e-16 | 0.0034  2.00      6    0      0      0 | 1.5367  0.00 | 1.57e-04 3.73e-03 |   4.8750 1.0000  0.0000  1.5319 1.000  2.00 | edge_dev mean=0.0311 max=0.0311 gg=0.9835 shape_dev=0.0946 xbar=0.3229
t=   11.00 +1.73e-16 | 0.0034  2.00      6    0      0      0 | 1.5385  0.00 | 4.48e-04 4.86e-03 |   4.8750 1.0000  0.0000  1.5323 1.000  2.00 | edge_dev mean=0.0323 max=0.0323 gg=0.9816 shape_dev=0.0982 xbar=0.3226
t=   12.00 +1.73e-16 | 0.0034  2.00      6    0      0      0 | 1.5417  0.00 | 2.60e-04 3.32e-03 |   4.8750 1.0000  0.0000  1.5378 1.000  2.00 | edge_dev mean=0.0362 max=0.0362 gg=0.9778 shape_dev=0.1102 xbar=0.3233
t=   13.00 +1.73e-16 | 0.0034  2.00      6    0      0      0 | 1.5362  0.00 | 1.22e-04 3.82e-03 |   4.8750 1.0000  0.0000  1.5312 1.000  2.00 | edge_dev mean=0.0305 max=0.0306 gg=0.9840 shape_dev=0.0929 xbar=0.3228
t=   14.00 +1.73e-16 | 0.0034  2.00      6    0      0      0 | 1.5408  0.00 | 6.79e-04 5.23e-03 |   4.8750 1.0000  0.0001  1.5345 1.000  2.00 | edge_dev mean=0.0344 max=0.0344 gg=0.9788 shape_dev=0.1047 xbar=0.3226
t=   15.00 +1.73e-16 | 0.0034  2.00      6    0      0      0 | 1.5407  0.00 | 2.49e-04 3.38e-03 |   4.8750 1.0000  0.0001  1.5367 1.000  2.00 | edge_dev mean=0.0351 max=0.0352 gg=0.9790 shape_dev=0.1071 xbar=0.3232
t=   16.00 +3.47e-16 | 0.0034  2.00      6    0      0      0 | 1.5359  0.00 | 7.75e-05 3.92e-03 |   4.8750 1.0000  0.0001  1.5307 1.000  2.00 | edge_dev mean=0.0302 max=0.0302 gg=0.9843 shape_dev=0.0918 xbar=0.3228
t=   17.00 +3.47e-16 | 0.0034  2.00      6    0      0      0 | 1.5443  0.00 | 9.68e-04 5.67e-03 |   4.8750 1.0000  0.0001  1.5378 1.000  2.00 | edge_dev mean=0.0375 max=0.0376 gg=0.9745 shape_dev=0.1144 xbar=0.3227
t=   18.00 +3.47e-16 | 0.0034  2.00      6    0      0      0 | 1.5398  0.00 | 2.36e-04 3.45e-03 |   4.8750 1.0000  0.0002  1.5356 1.000  2.00 | edge_dev mean=0.0342 max=0.0343 gg=0.9801 shape_dev=0.1042 xbar=0.3231
t=   19.00 +3.47e-16 | 0.0034  2.00      6    0      0      0 | 1.5357  0.00 | 1.88e-05 4.04e-03 |   4.8750 1.0000  0.0002  1.5303 1.000  2.00 | edge_dev mean=0.0300 max=0.0301 gg=0.9845 shape_dev=0.0911 xbar=0.3227
t=   20.00 +3.47e-16 | 0.0034  2.00      6    0      0      0 | 1.5459  0.00 | 2.95e-04 3.09e-03 |   4.8750 1.0000  0.0002  1.5427 1.000  2.00 | edge_dev mean=0.0404 max=0.0405 gg=0.9724 shape_dev=0.1233 xbar=0.3235
t=   21.00 +1.73e-16 | 0.0034  2.00      6    0      0      0 | 1.5389  0.00 | 2.19e-04 3.52e-03 |   4.8750 1.0000  0.0002  1.5345 1.000  2.00 | edge_dev mean=0.0333 max=0.0334 gg=0.9811 shape_dev=0.1014 xbar=0.3231
t=   22.00 +3.47e-16 | 0.0034  2.00      6    0      0      0 | 1.5358  0.00 | 6.09e-05 4.20e-03 |   4.8750 1.0000  0.0003  1.5302 1.000  2.00 | edge_dev mean=0.0300 max=0.0300 gg=0.9844 shape_dev=0.0911 xbar=0.3227
t=   23.00 +1.73e-16 | 0.0034  2.00      6    0      0      0 | 1.5447  0.00 | 2.87e-04 3.15e-03 |   4.8750 1.0000  0.0003  1.5413 1.000  2.00 | edge_dev mean=0.0392 max=0.0393 gg=0.9740 shape_dev=0.1196 xbar=0.3235
t=   24.00 +1.73e-16 | 0.0034  2.00      6    0      0      0 | 1.5380  0.00 | 2.01e-04 3.59e-03 |   4.8750 1.0000  0.0003  1.5335 1.000  2.00 | edge_dev mean=0.0324 max=0.0326 gg=0.9821 shape_dev=0.0987 xbar=0.3230
t=   25.00 +1.73e-16 | 0.0034  2.00      6    0      0      0 | 1.5364  0.01 | 1.67e-04 4.39e-03 |   4.8750 1.0000  0.0004  1.5306 1.000  2.00 | edge_dev mean=0.0304 max=0.0306 gg=0.9839 shape_dev=0.0925 xbar=0.3226
t=   26.00 +1.73e-16 | 0.0034  2.00      6    0      0      0 | 1.5436  0.01 | 2.78e-04 3.21e-03 |   4.8750 1.0000  0.0004  1.5400 1.000  2.00 | edge_dev mean=0.0381 max=0.0382 gg=0.9754 shape_dev=0.1161 xbar=0.3234
t=   27.00 +1.73e-16 | 0.0034  2.00      6    0      0      0 | 1.5373  0.01 | 1.77e-04 3.67e-03 |   4.8750 1.0000  0.0004  1.5326 1.000  2.00 | edge_dev mean=0.0317 max=0.0318 gg=0.9829 shape_dev=0.0964 xbar=0.3229
t=   28.00 +0.00e+00 | 0.0034  2.00      6    0      0      0 | 1.5374  0.01 | 3.10e-04 4.64e-03 |   4.8750 1.0000  0.0005  1.5314 1.000  2.00 | edge_dev mean=0.0313 max=0.0314 gg=0.9828 shape_dev=0.0951 xbar=0.3226
t=   29.00 +1.73e-16 | 0.0034  2.00      6    0      0      0 | 1.5425  0.01 | 2.69e-04 3.28e-03 |   4.8750 1.0000  0.0005  1.5388 1.000  2.00 | edge_dev mean=0.0370 max=0.0371 gg=0.9768 shape_dev=0.1128 xbar=0.3233
t=   30.00 +0.00e+00 | 0.0034  2.00      6    0      0      0 | 1.5367  0.01 | 1.48e-04 3.75e-03 |   4.8750 1.0000  0.0005  1.5318 1.000  2.00 | edge_dev mean=0.0310 max=0.0312 gg=0.9835 shape_dev=0.0944 xbar=0.3229
t=   31.00 +0.00e+00 | 0.0034  2.00      6    0      0      0 | 1.5391  0.01 | 4.99e-04 4.95e-03 |   4.8750 1.0000  0.0005  1.5329 1.000  2.00 | edge_dev mean=0.0328 max=0.0329 gg=0.9809 shape_dev=0.0998 xbar=0.3226
t=   32.00 +0.00e+00 | 0.0034  2.00      6    0      0      0 | 1.5415  0.01 | 2.57e-04 3.34e-03 |   4.8750 1.0000  0.0006  1.5376 1.000  2.00 | edge_dev mean=0.0360 max=0.0361 gg=0.9780 shape_dev=0.1097 xbar=0.3233
t=   33.00 +0.00e+00 | 0.0034  2.00      6    0      0      0 | 1.5363  0.01 | 1.12e-04 3.84e-03 |   4.8750 1.0000  0.0006  1.5312 1.000  2.00 | edge_dev mean=0.0306 max=0.0307 gg=0.9840 shape_dev=0.0930 xbar=0.3228
t=   34.00 +0.00e+00 | 0.0034  2.00      6    0      0      0 | 1.5417  0.01 | 7.39e-04 5.33e-03 |   4.8750 1.0000  0.0007  1.5354 1.000  2.00 | edge_dev mean=0.0352 max=0.0353 gg=0.9778 shape_dev=0.1072 xbar=0.3226
t=   35.00 +0.00e+00 | 0.0034  2.00      6    0      0      0 | 1.5406  0.01 | 2.44e-04 3.41e-03 |   4.8750 1.0000  0.0007  1.5365 1.000  2.00 | edge_dev mean=0.0350 max=0.0352 gg=0.9792 shape_dev=0.1067 xbar=0.3232
t=   36.00 -1.73e-16 | 0.0034  2.00      6    0      0      0 | 1.5360  0.01 | 6.38e-05 3.95e-03 |   4.8750 1.0000  0.0007  1.5307 1.000  2.00 | edge_dev mean=0.0302 max=0.0304 gg=0.9843 shape_dev=0.0920 xbar=0.3228
t=   37.00 -1.73e-16 | 0.0034  2.00      6    0      0      0 | 1.5454  0.01 | 1.04e-03 5.78e-03 |   4.8750 1.0000  0.0008  1.5389 1.000  2.00 | edge_dev mean=0.0386 max=0.0388 gg=0.9730 shape_dev=0.1177 xbar=0.3227
t=   38.00 -1.73e-16 | 0.0034  2.00      6    0      0      0 | 1.5397  0.01 | 2.30e-04 3.47e-03 |   4.8750 1.0000  0.0009  1.5355 1.000  2.00 | edge_dev mean=0.0341 max=0.0343 gg=0.9802 shape_dev=0.1038 xbar=0.3231
t=   39.00 +0.00e+00 | 0.0034  2.00      6    0      0      0 | 1.5359  0.01 | 3.19e-06 4.08e-03 |   4.8750 1.0000  0.0009  1.5305 1.000  2.00 | edge_dev mean=0.0301 max=0.0303 gg=0.9843 shape_dev=0.0916 xbar=0.3227
t=   40.00 +0.00e+00 | 0.0034  2.00      6    0      0      0 | 1.5457  0.01 | 2.93e-04 3.10e-03 |   4.8750 1.0000  0.0010  1.5424 1.000  2.00 | edge_dev mean=0.0402 max=0.0404 gg=0.9727 shape_dev=0.1227 xbar=0.3235
t=   41.00 +0.00e+00 | 0.0034  2.00      6    0      0      0 | 1.5388  0.01 | 2.12e-04 3.54e-03 |   4.8750 1.0000  0.0011  1.5345 1.000  2.00 | edge_dev mean=0.0332 max=0.0335 gg=0.9812 shape_dev=0.1012 xbar=0.3231
t=   42.00 +1.73e-16 | 0.0034  2.00      6    0      0      0 | 1.5362  0.01 | 8.62e-05 4.25e-03 |   4.8750 1.0000  0.0012  1.5306 1.000  2.00 | edge_dev mean=0.0303 max=0.0305 gg=0.9841 shape_dev=0.0921 xbar=0.3227
t=   43.00 +0.00e+00 | 0.0034  2.00      6    0      0      0 | 1.5446  0.01 | 2.83e-04 3.17e-03 |   4.8750 1.0000  0.0013  1.5412 1.000  2.00 | edge_dev mean=0.0391 max=0.0394 gg=0.9741 shape_dev=0.1193 xbar=0.3234
t=   44.00 +3.47e-16 | 0.0034  2.00      6    0      0      0 | 1.5381  0.02 | 1.91e-04 3.62e-03 |   4.8750 1.0000  0.0016  1.5335 1.000  2.00 | edge_dev mean=0.0325 max=0.0327 gg=0.9820 shape_dev=0.0988 xbar=0.3230
t=   45.00 +1.73e-16 | 0.0034  2.00      6    0      0      0 | 1.5371  0.03 | 2.35e-04 4.47e-03 |   4.8750 1.0000  0.0021  1.5313 1.000  2.00 | edge_dev mean=0.0310 max=0.0318 gg=0.9829 shape_dev=0.0944 xbar=0.3226
t=   46.00 +3.47e-16 | 0.0034  2.00      6    0      0      0 | 1.5434  0.02 | 2.73e-04 3.24e-03 |   4.8750 1.0000  0.0023  1.5398 1.000  2.00 | edge_dev mean=0.0379 max=0.0383 gg=0.9755 shape_dev=0.1155 xbar=0.3234
t=   47.00 +3.47e-16 | 0.0034  2.00      6    0      0      0 | 1.5373  0.03 | 1.62e-04 3.72e-03 |   4.8750 1.0000  0.0031  1.5326 1.000  2.00 | edge_dev mean=0.0317 max=0.0326 gg=0.9825 shape_dev=0.0964 xbar=0.3229
t=   48.00 +3.47e-16 | 0.0034  2.00      6    0      0      0 | 1.5387  0.10 | 4.74e-04 4.84e-03 |   4.8750 1.0000  0.0040  1.5327 1.000  2.00 | edge_dev mean=0.0325 max=0.0349 gg=0.9809 shape_dev=0.0989 xbar=0.3226
t=   49.00 +3.47e-16 | 0.0034  2.00      6    0      0      0 | 1.5422  0.04 | 2.65e-04 3.32e-03 |   4.8750 1.0000  0.0040  1.5385 1.000  2.00 | edge_dev mean=0.0367 max=0.0377 gg=0.9768 shape_dev=0.1119 xbar=0.3233
t=   50.00 +5.20e-16 | 0.0034  2.00      6    0      0      0 | 1.5368  0.07 | 1.27e-04 3.83e-03 |   4.8750 1.0000  0.0049  1.5319 1.000  2.00 | edge_dev mean=0.0311 max=0.0329 gg=0.9829 shape_dev=0.0947 xbar=0.3229
t=   51.00 +5.20e-16 | 0.0034  2.00      6    0      0      0 | 1.5417  0.21 | 8.42e-04 5.36e-03 |   4.8750 1.0000  0.0060  1.5355 1.000  2.00 | edge_dev mean=0.0352 max=0.0399 gg=0.9771 shape_dev=0.1072 xbar=0.3227
t=   52.00 +3.47e-16 | 0.0034  2.00      6    0      0      0 | 1.5411  0.06 | 2.51e-04 3.41e-03 |   4.8750 1.0000  0.0059  1.5371 1.000  2.00 | edge_dev mean=0.0356 max=0.0371 gg=0.9778 shape_dev=0.1083 xbar=0.3232
t=   53.00 +5.20e-16 | 0.0034  2.00      6    0      0      0 | 1.5365  0.11 | 7.65e-05 3.97e-03 |   4.8750 1.0000  0.0070  1.5313 1.000  2.00 | edge_dev mean=0.0308 max=0.0335 gg=0.9828 shape_dev=0.0936 xbar=0.3228
t=   54.00 +3.47e-16 | 0.0034  2.00      6    0      0      0 | 1.5444  0.22 | 8.16e-04 5.56e-03 |   4.8750 1.0000  0.0080  1.5391 1.000  2.00 | edge_dev mean=0.0382 max=0.0440 gg=0.9739 shape_dev=0.1164 xbar=0.3230
t=   55.00 +3.47e-16 | 0.0034  2.00      6    0      0      0 | 1.5400  0.10 | 2.36e-04 3.51e-03 |   4.8750 1.0000  0.0080  1.5358 1.000  2.00 | edge_dev mean=0.0344 max=0.0369 gg=0.9788 shape_dev=0.1048 xbar=0.3232
t=   56.00 +5.20e-16 | 0.0034  2.00      6    0      0      0 | 1.5365  0.17 | 7.41e-05 4.13e-03 |   4.8750 1.0000  0.0091  1.5312 1.000  2.00 | edge_dev mean=0.0307 max=0.0348 gg=0.9826 shape_dev=0.0935 xbar=0.3228
t=   57.00 +3.47e-16 | 0.0034  2.00      6    0      0      0 | 1.5458  0.08 | 1.02e-03 6.07e-03 |   4.8750 1.0000  0.0092  1.5408 1.000  2.00 | edge_dev mean=0.0396 max=0.0428 gg=0.9723 shape_dev=0.1209 xbar=0.3231
t=   58.00 +3.47e-16 | 0.0034  2.00      6    0      0      0 | 1.5391  0.13 | 2.17e-04 3.60e-03 |   4.8750 1.0000  0.0098  1.5347 1.000  2.00 | edge_dev mean=0.0335 max=0.0369 gg=0.9796 shape_dev=0.1020 xbar=0.3231
t=   59.00 +3.47e-16 | 0.0034  2.00      6    0      0      0 | 1.5372  0.24 | 2.47e-04 4.36e-03 |   4.8750 1.0000  0.0108  1.5316 1.000  2.00 | edge_dev mean=0.0313 max=0.0370 gg=0.9817 shape_dev=0.0952 xbar=0.3227
t=   60.00 +3.47e-16 | 0.0034  2.00      6    0      0      0 | 1.5445  0.10 | 2.92e-04 3.22e-03 |   4.8750 1.0000  0.0104  1.5410 1.000  2.00 | edge_dev mean=0.0390 max=0.0417 gg=0.9729 shape_dev=0.1189 xbar=0.3234
t=   61.00 +3.47e-16 | 0.0034  2.00      6    0      0      0 | 1.5382  0.15 | 1.95e-04 3.71e-03 |   4.8750 1.0000  0.0112  1.5336 1.000  2.00 | edge_dev mean=0.0326 max=0.0365 gg=0.9804 shape_dev=0.0993 xbar=0.3230
t=   62.00 +3.47e-16 | 0.0034  2.00      6    0      0      0 | 1.5387  0.33 | 5.10e-04 4.73e-03 |   4.8750 1.0000  0.0123  1.5329 1.000  2.00 | edge_dev mean=0.0325 max=0.0402 gg=0.9800 shape_dev=0.0991 xbar=0.3227
t=   63.00 +3.47e-16 | 0.0034  2.00      6    0      0      0 | 1.5432  0.12 | 2.79e-04 3.32e-03 |   4.8750 1.0000  0.0116  1.5396 1.000  2.00 | edge_dev mean=0.0377 max=0.0407 gg=0.9744 shape_dev=0.1150 xbar=0.3234
t=   64.00 +5.20e-16 | 0.0034  2.00      6    0      0      0 | 1.5376  0.19 | 1.68e-04 3.82e-03 |   4.8750 1.0000  0.0125  1.5329 1.000  2.00 | edge_dev mean=0.0320 max=0.0364 gg=0.9809 shape_dev=0.0973 xbar=0.3229
t=   65.00 +5.20e-16 | 0.0034  2.00      6    0      0      0 | 1.5413  0.49 | 8.89e-04 5.26e-03 |   4.8750 1.0000  0.0137  1.5353 1.000  2.00 | edge_dev mean=0.0349 max=0.0457 gg=0.9768 shape_dev=0.1063 xbar=0.3227
t=   66.00 +3.47e-16 | 0.0034  2.00      6    0      0      0 | 1.5420  0.14 | 2.65e-04 3.42e-03 |   4.8750 1.0000  0.0126  1.5381 1.000  2.00 | edge_dev mean=0.0364 max=0.0397 gg=0.9758 shape_dev=0.1111 xbar=0.3233
t=   67.00 +3.47e-16 | 0.0034  2.00      6    0      0      0 | 1.5372  0.22 | 1.27e-04 3.96e-03 |   4.8750 1.0000  0.0135  1.5321 1.000  2.00 | edge_dev mean=0.0314 max=0.0364 gg=0.9814 shape_dev=0.0956 xbar=0.3229
t=   68.00 +3.47e-16 | 0.0034  2.00      6    0      0      0 | 1.5421  0.47 | 2.93e-04 4.90e-03 |   4.8750 1.0000  0.0142  1.5963 1.000  2.00 | edge_dev mean=0.0363 max=0.0469 gg=0.9767 shape_dev=0.1105 xbar=0.3483
t=   69.00 +3.47e-16 | 0.0034  2.00      6    0      0      0 | 1.5408  0.15 | 2.58e-04 3.50e-03 |   4.8750 1.0000  0.0134  1.5367 1.000  2.00 | edge_dev mean=0.0352 max=0.0388 gg=0.9771 shape_dev=0.1074 xbar=0.3232
t=   70.00 +5.20e-16 | 0.0034  2.00      6    0      0      0 | 1.5370  0.26 | 1.05e-04 4.10e-03 |   4.8750 1.0000  0.0143  1.5318 1.000  2.00 | edge_dev mean=0.0312 max=0.0370 gg=0.9815 shape_dev=0.0950 xbar=0.3228
t=   71.00 +5.20e-16 | 0.0034  2.00      6    0      0      0 | 1.5424  0.38 | 5.06e-04 5.29e-03 |   4.8750 1.0000  0.0143  1.5374 1.000  2.00 | edge_dev mean=0.0364 max=0.0451 gg=0.9767 shape_dev=0.1108 xbar=0.3230
t=   72.00 +3.47e-16 | 0.0034  2.00      6    0      0      0 | 1.5398  0.16 | 2.41e-04 3.59e-03 |   4.8750 1.0000  0.0139  1.5355 1.000  2.00 | edge_dev mean=0.0342 max=0.0378 gg=0.9783 shape_dev=0.1040 xbar=0.3231
t=   73.00 +3.47e-16 | 0.0034  2.00      6    0      0      0 | 1.5376  0.33 | 2.85e-04 4.31e-03 |   4.8750 1.0000  0.0148  1.5321 1.000  2.00 | edge_dev mean=0.0316 max=0.0389 gg=0.9809 shape_dev=0.0963 xbar=0.3228
t=   74.00 +3.47e-16 | 0.0034  2.00      6    0      0      0 | 1.5432  0.23 | 8.06e-04 5.81e-03 |   4.8750 1.0000  0.0140  1.5380 1.000  2.00 | edge_dev mean=0.0371 max=0.0431 gg=0.9756 shape_dev=0.1130 xbar=0.3230
t=   75.00 +5.20e-16 | 0.0034  2.00      6    0      0      0 | 1.5389  0.17 | 2.25e-04 3.67e-03 |   4.8750 1.0000  0.0141  1.5344 1.000  2.00 | edge_dev mean=0.0333 max=0.0371 gg=0.9793 shape_dev=0.1013 xbar=0.3231
t=   76.00 +5.20e-16 | 0.0034  2.00      6    0      0      0 | 1.5389  0.43 | 5.80e-04 4.80e-03 |   4.8750 1.0000  0.0152  1.5332 1.000  2.00 | edge_dev mean=0.0328 max=0.0422 gg=0.9794 shape_dev=0.0999 xbar=0.3227
t=   77.00 +5.20e-16 | 0.0034  2.00      6    0      0      0 | 1.5439  0.09 | 3.00e-04 3.26e-03 |   4.8750 1.0000  0.0138  1.7187 1.000  2.00 | edge_dev mean=0.0384 max=0.0405 gg=0.9745 shape_dev=0.1172 xbar=0.4019
t=   78.00 +3.47e-16 | 0.0034  2.00      6    0      0      0 | 1.5382  0.18 | 1.91e-04 3.77e-03 |   4.8750 1.0000  0.0145  1.5335 1.000  2.00 | edge_dev mean=0.0325 max=0.0364 gg=0.9800 shape_dev=0.0990 xbar=0.3230
t=   79.00 +5.20e-16 | 0.0034  2.00      6    0      0      0 | 1.5407  0.55 | 3.37e-04 4.63e-03 |   4.8750 1.0000  0.0158  1.5954 1.000  2.00 | edge_dev mean=0.0349 max=0.0474 gg=0.9781 shape_dev=0.1062 xbar=0.3487
t=   80.00 +3.47e-16 | 0.0034  2.00      6    0      0      0 | 1.5427  0.10 | 2.85e-04 3.35e-03 |   4.8750 1.0000  0.0140  1.5389 1.000  2.00 | edge_dev mean=0.0372 max=0.0394 gg=0.9746 shape_dev=0.1133 xbar=0.3233
t=   81.00 +3.47e-16 | 0.0034  2.00      6    0      0      0 | 1.5378  0.21 | 1.61e-04 3.87e-03 |   4.8750 1.0000  0.0149  1.5328 1.000  2.00 | edge_dev mean=0.0320 max=0.0366 gg=0.9805 shape_dev=0.0975 xbar=0.3229
t=   82.00 +3.47e-16 | 0.0034  2.00      6    0      0      0 | 1.5408  0.52 | 1.72e-04 4.51e-03 |   4.8750 1.0000  0.0156  1.5362 1.000  2.00 | edge_dev mean=0.0351 max=0.0468 gg=0.9785 shape_dev=0.1068 xbar=0.3231
t=   83.00 +3.47e-16 | 0.0034  2.00      6    0      0      0 | 1.5416  0.10 | 2.75e-04 3.42e-03 |   4.8750 1.0000  0.0142  1.5376 1.000  2.00 | edge_dev mean=0.0360 max=0.0382 gg=0.9759 shape_dev=0.1098 xbar=0.3232
t=   84.00 +3.47e-16 | 0.0034  2.00      6    0      0      0 | 1.5378  0.25 | 1.38e-04 4.05e-03 |   4.8750 1.0000  0.0152  1.5327 1.000  2.00 | edge_dev mean=0.0320 max=0.0375 gg=0.9804 shape_dev=0.0975 xbar=0.3229
t=   85.00 +3.47e-16 | 0.0034  2.00      6    0      0      0 | 1.5405  0.46 | 1.73e-04 4.73e-03 |   4.8750 1.0000  0.0153  1.5357 1.000  2.00 | edge_dev mean=0.0347 max=0.0451 gg=0.9789 shape_dev=0.1057 xbar=0.3230
t=   86.00 +3.47e-16 | 0.0034  2.00      6    0      0      0 | 1.5405  0.11 | 2.58e-04 3.51e-03 |   4.8750 1.0000  0.0144  1.5364 1.000  2.00 | edge_dev mean=0.0350 max=0.0376 gg=0.9772 shape_dev=0.1065 xbar=0.3232
t=   87.00 +1.73e-16 | 0.0034  2.00      6    0      0      0 | 1.5384  0.33 | 3.41e-04 4.39e-03 |   4.8750 1.0000  0.0156  1.5331 1.000  2.00 | edge_dev mean=0.0325 max=0.0398 gg=0.9798 shape_dev=0.0989 xbar=0.3228
t=   88.00 +3.47e-16 | 0.0034  2.00      6    0      0      0 | 1.5406  0.39 | 3.42e-04 5.05e-03 |   4.8750 1.0000  0.0149  1.5355 1.000  2.00 | edge_dev mean=0.0346 max=0.0436 gg=0.9789 shape_dev=0.1055 xbar=0.3230
t=   89.00 +1.73e-16 | 0.0034  2.00      6    0      0      0 | 1.5398  0.13 | 2.37e-04 3.61e-03 |   4.8750 1.0000  0.0144  1.5354 1.000  2.00 | edge_dev mean=0.0341 max=0.0371 gg=0.9781 shape_dev=0.1040 xbar=0.3231
t=   90.00 +1.73e-16 | 0.0034  2.00      6    0      0      0 | 1.5399  0.46 | 6.68e-04 4.92e-03 |   4.8750 1.0000  0.0158  1.5344 1.000  2.00 | edge_dev mean=0.0338 max=0.0438 gg=0.9781 shape_dev=0.1031 xbar=0.3228
t=   91.00 +1.73e-16 | 0.0034  2.00      6    0      0      0 | 1.5412  0.28 | 5.76e-04 5.47e-03 |   4.8750 1.0000  0.0143  1.5360 1.000  2.00 | edge_dev mean=0.0352 max=0.0418 gg=0.9781 shape_dev=0.1071 xbar=0.3229
t=   92.00 +1.73e-16 | 0.0034  2.00      6    0      0      0 | 1.5391  0.14 | 2.09e-04 3.75e-03 |   4.8750 1.0000  0.0144  1.5345 1.000  2.00 | edge_dev mean=0.0335 max=0.0364 gg=0.9789 shape_dev=0.1019 xbar=0.3230
t=   93.00 +0.00e+00 | 0.0034  2.00      6    0      0      0 | 1.5410  0.53 | 3.86e-04 4.52e-03 |   4.8750 1.0000  0.0157  1.5362 1.000  2.00 | edge_dev mean=0.0351 max=0.0471 gg=0.9781 shape_dev=0.1070 xbar=0.3230
t=   94.00 +1.73e-16 | 0.0034  2.00      6    0      0      0 | 1.5422  0.13 | 9.08e-04 6.04e-03 |   4.8750 1.0000  0.0138  1.5368 1.000  2.00 | edge_dev mean=0.0360 max=0.0396 gg=0.9768 shape_dev=0.1097 xbar=0.3229
t=   95.00 +1.73e-16 | 0.0034  2.00      6    0      0      0 | 1.5388  0.17 | 1.78e-04 3.91e-03 |   4.8750 1.0000  0.0145  1.5340 1.000  2.00 | edge_dev mean=0.0330 max=0.0368 gg=0.9793 shape_dev=0.1006 xbar=0.3230
t=   96.00 +0.00e+00 | 0.0034  2.00      6    0      0      0 | 1.5404  0.51 | 1.92e-04 4.26e-03 |   4.8750 1.0000  0.0152  1.5360 1.000  2.00 | edge_dev mean=0.0347 max=0.0462 gg=0.9790 shape_dev=0.1057 xbar=0.3231
t=   97.00 +0.00e+00 | 0.0034  2.00      6    0      0      0 | 1.5425  0.08 | 2.82e-04 3.45e-03 |   4.8750 1.0000  0.0133  1.5386 1.000  2.00 | edge_dev mean=0.0369 max=0.0388 gg=0.9748 shape_dev=0.1126 xbar=0.3233
t=   98.00 +0.00e+00 | 0.0034  2.00      6    0      0      0 | 1.5389  0.22 | 1.93e-04 4.16e-03 |   4.8750 1.0000  0.0144  1.5339 1.000  2.00 | edge_dev mean=0.0331 max=0.0377 gg=0.9793 shape_dev=0.1006 xbar=0.3229
t=   99.00 +0.00e+00 | 0.0034  2.00      6    0      0      0 | 1.5397  0.46 | 1.67e-04 4.39e-03 |   4.8750 1.0000  0.0145  1.5351 1.000  2.00 | edge_dev mean=0.0340 max=0.0443 gg=0.9799 shape_dev=0.1034 xbar=0.3230
t=  100.00 +1.73e-16 | 0.0034  2.00      6    0      0      0 | 1.5415  0.08 | 2.65e-04 3.55e-03 |   4.8750 1.0000  0.0130  1.5374 1.000  2.00 | edge_dev mean=0.0359 max=0.0379 gg=0.9761 shape_dev=0.1094 xbar=0.3232
t=  101.00 +1.73e-16 | 0.0034  2.00      6    0      0      0 | 1.5395  0.30 | 4.30e-04 4.58e-03 |   4.8750 1.0000  0.0143  1.5343 1.000  2.00 | edge_dev mean=0.0336 max=0.0399 gg=0.9786 shape_dev=0.1023 xbar=0.3229
t=  102.00 +0.00e+00 | 0.0034  2.00      6    0      0      0 | 1.5392  0.41 | 1.46e-04 4.59e-03 |   4.8750 1.0000  0.0137  1.5344 1.000  2.00 | edge_dev mean=0.0335 max=0.0423 gg=0.9805 shape_dev=0.1019 xbar=0.3230
t=  103.00 +0.00e+00 | 0.0034  2.00      6    0      0      0 | 1.5405  0.09 | 2.43e-04 3.66e-03 |   4.8750 1.0000  0.0128  1.5362 1.000  2.00 | edge_dev mean=0.0349 max=0.0371 gg=0.9772 shape_dev=0.1062 xbar=0.3231
t=  104.00 -1.73e-16 | 0.0034  2.00      6    0      0      0 | 1.5412  0.46 | 7.94e-04 5.15e-03 |   4.8750 1.0000  0.0144  1.5357 1.000  2.00 | edge_dev mean=0.0350 max=0.0447 gg=0.9765 shape_dev=0.1067 xbar=0.3229
t=  105.00 -3.47e-16 | 0.0034  2.00      6    0      0      0 | 1.5393  0.35 | 2.51e-04 4.89e-03 |   4.8750 1.0000  0.0132  1.5342 1.000  2.00 | edge_dev mean=0.0334 max=0.0406 gg=0.9803 shape_dev=0.1018 xbar=0.3229
t=  106.00 -3.47e-16 | 0.0034  2.00      6    0      0      0 | 1.5398  0.11 | 2.15e-04 3.80e-03 |   4.8750 1.0000  0.0129  1.5353 1.000  2.00 | edge_dev mean=0.0342 max=0.0368 gg=0.9779 shape_dev=0.1040 xbar=0.3231
t=  107.00 -3.47e-16 | 0.0034  2.00      6    0      0      0 | 1.5412  0.47 | 2.26e-04 4.03e-03 |   4.8750 1.0000  0.0142  1.5982 1.000  2.00 | edge_dev mean=0.0356 max=0.0457 gg=0.9778 shape_dev=0.1083 xbar=0.3494
t=  108.00 -3.47e-16 | 0.0034  2.00      6    0      0      0 | 1.5398  0.28 | 5.00e-04 5.31e-03 |   4.8750 1.0000  0.0127  1.5345 1.000  2.00 | edge_dev mean=0.0338 max=0.0386 gg=0.9797 shape_dev=0.1030 xbar=0.3229
t=  109.00 -3.47e-16 | 0.0034  2.00      6    0      0      0 | 1.5395  0.13 | 1.88e-04 4.01e-03 |   4.8750 1.0000  0.0129  1.5348 1.000  2.00 | edge_dev mean=0.0337 max=0.0362 gg=0.9783 shape_dev=0.1028 xbar=0.3230
t=  110.00 -3.47e-16 | 0.0034  2.00      6    0      0      0 | 1.5402  0.44 | 2.08e-04 4.12e-03 |   4.8750 1.0000  0.0137  1.5358 1.000  2.00 | edge_dev mean=0.0345 max=0.0439 gg=0.9792 shape_dev=0.1052 xbar=0.3231
t=  111.00 -3.47e-16 | 0.0034  2.00      6    0      0      0 | 1.5408  0.20 | 4.93e-04 5.09e-03 |   4.8750 1.0000  0.0122  1.5357 1.000  2.00 | edge_dev mean=0.0348 max=0.0395 gg=0.9782 shape_dev=0.1061 xbar=0.3230
t=  112.00 -5.20e-16 | 0.0034  2.00      6    0      0      0 | 1.5397  0.17 | 2.54e-04 4.33e-03 |   4.8750 1.0000  0.0131  1.5347 1.000  2.00 | edge_dev mean=0.0338 max=0.0366 gg=0.9781 shape_dev=0.1031 xbar=0.3230
t=  113.00 -5.20e-16 | 0.0034  2.00      6    0      0      0 | 1.5395  0.41 | 1.84e-04 4.25e-03 |   4.8750 1.0000  0.0133  1.5349 1.000  2.00 | edge_dev mean=0.0338 max=0.0423 gg=0.9801 shape_dev=0.1029 xbar=0.3230
t=  114.00 -5.20e-16 | 0.0034  2.00      6    0      0      0 | 1.5415  0.10 | 7.85e-04 5.53e-03 |   4.8750 1.0000  0.0119  1.5362 1.000  2.00 | edge_dev mean=0.0354 max=0.0385 gg=0.9772 shape_dev=0.1079 xbar=0.3229
t=  115.00 -3.47e-16 | 0.0034  2.00      6    0      0      0 | 1.5406  0.28 | 5.32e-04 4.77e-03 |   4.8750 1.0000  0.0134  1.5355 1.000  2.00 | edge_dev mean=0.0346 max=0.0404 gg=0.9771 shape_dev=0.1055 xbar=0.3229
t=  116.00 -5.20e-16 | 0.0034  2.00      6    0      0      0 | 1.5390  0.38 | 1.56e-04 4.40e-03 |   4.8750 1.0000  0.0130  1.5342 1.000  2.00 | edge_dev mean=0.0333 max=0.0413 gg=0.9807 shape_dev=0.1013 xbar=0.3230
t=  117.00 -5.20e-16 | 0.0034  2.00      6    0      0      0 | 1.5411  0.09 | 2.44e-04 3.71e-03 |   4.8750 1.0000  0.0118  1.5369 1.000  2.00 | edge_dev mean=0.0355 max=0.0376 gg=0.9763 shape_dev=0.1081 xbar=0.3232
t=  118.00 -3.47e-16 | 0.0034  2.00      6    0      0      0 | 1.5419  0.41 | 2.72e-04 4.34e-03 |   4.8750 1.0000  0.0135  1.5973 1.000  2.00 | edge_dev mean=0.0362 max=0.0454 gg=0.9761 shape_dev=0.1103 xbar=0.3490
t=  119.00 -5.20e-16 | 0.0034  2.00      6    0      0      0 | 1.5388  0.33 | 1.94e-04 4.62e-03 |   4.8750 1.0000  0.0125  1.5339 1.000  2.00 | edge_dev mean=0.0330 max=0.0393 gg=0.9809 shape_dev=0.1006 xbar=0.3229
t=  120.00 -5.20e-16 | 0.0034  2.00      6    0      0      0 | 1.5405  0.09 | 2.18e-04 3.87e-03 |   4.8750 1.0000  0.0119  1.5360 1.000  2.00 | edge_dev mean=0.0348 max=0.0368 gg=0.9770 shape_dev=0.1060 xbar=0.3231
t=  121.00 -6.94e-16 | 0.0034  2.00      6    0      0      0 | 1.5414  0.40 | 2.38e-04 3.93e-03 |   4.8750 1.0000  0.0133  1.5374 1.000  2.00 | edge_dev mean=0.0359 max=0.0446 gg=0.9777 shape_dev=0.1093 xbar=0.3232
t=  122.00 -6.94e-16 | 0.0034  2.00      6    0      0      0 | 1.5392  0.30 | 4.13e-04 4.95e-03 |   4.8750 1.0000  0.0122  1.5340 1.000  2.00 | edge_dev mean=0.0333 max=0.0383 gg=0.9805 shape_dev=0.1013 xbar=0.3229
t=  123.00 -6.94e-16 | 0.0034  2.00      6    0      0      0 | 1.5404  0.08 | 1.92e-04 4.12e-03 |   4.8750 1.0000  0.0122  1.5357 1.000  2.00 | edge_dev mean=0.0346 max=0.0359 gg=0.9772 shape_dev=0.1054 xbar=0.3230
t=  124.00 -6.94e-16 | 0.0034  2.00      6    0      0      0 | 1.5405  0.38 | 2.18e-04 4.02e-03 |   4.8750 1.0000  0.0130  1.5363 1.000  2.00 | edge_dev mean=0.0349 max=0.0432 gg=0.9788 shape_dev=0.1063 xbar=0.3232
t=  125.00 -6.94e-16 | 0.0034  2.00      6    0      0      0 | 1.5395  0.26 | 1.82e-04 4.55e-03 |   4.8750 1.0000  0.0120  1.5346 1.000  2.00 | edge_dev mean=0.0337 max=0.0379 gg=0.9799 shape_dev=0.1025 xbar=0.3230
t=  126.00 -5.20e-16 | 0.0034  2.00      6    0      0      0 | 1.5408  0.14 | 3.27e-04 4.44e-03 |   4.8750 1.0000  0.0124  1.5360 1.000  2.00 | edge_dev mean=0.0349 max=0.0377 gg=0.9767 shape_dev=0.1065 xbar=0.3230
t=  127.00 -6.94e-16 | 0.0034  2.00      6    0      0      0 | 1.5397  0.36 | 1.93e-04 4.13e-03 |   4.8750 1.0000  0.0126  1.5353 1.000  2.00 | edge_dev mean=0.0341 max=0.0418 gg=0.9798 shape_dev=0.1038 xbar=0.3231
t=  128.00 -3.47e-16 | 0.0034  2.00      6    0      0      0 | 1.5396  0.19 | 3.38e-04 4.82e-03 |   4.8750 1.0000  0.0117  1.5345 1.000  2.00 | edge_dev mean=0.0337 max=0.0371 gg=0.9798 shape_dev=0.1025 xbar=0.3229
t=  129.00 -5.20e-16 | 0.0034  2.00      6    0      0      0 | 1.5421  0.27 | 6.37e-04 4.93e-03 |   4.8750 1.0000  0.0126  1.5370 1.000  2.00 | edge_dev mean=0.0360 max=0.0420 gg=0.9752 shape_dev=0.1098 xbar=0.3230
t=  130.00 -5.20e-16 | 0.0034  2.00      6    0      0      0 | 1.5392  0.33 | 1.72e-04 4.27e-03 |   4.8750 1.0000  0.0122  1.5345 1.000  2.00 | edge_dev mean=0.0335 max=0.0403 gg=0.9804 shape_dev=0.1019 xbar=0.3230
t=  131.00 -5.20e-16 | 0.0034  2.00      6    0      0      0 | 1.5402  0.11 | 5.69e-04 5.17e-03 |   4.8750 1.0000  0.0113  1.5349 1.000  2.00 | edge_dev mean=0.0342 max=0.0370 gg=0.9789 shape_dev=0.1041 xbar=0.3229
t=  132.00 -6.94e-16 | 0.0034  2.00      6    0      0      0 | 1.5428  0.36 | 3.48e-04 4.41e-03 |   4.8750 1.0000  0.0126  1.5385 1.000  2.00 | edge_dev mean=0.0371 max=0.0454 gg=0.9753 shape_dev=0.1130 xbar=0.3232
t=  133.00 -5.20e-16 | 0.0034  2.00      6    0      0      0 | 1.5391  0.30 | 1.98e-04 4.46e-03 |   4.8750 1.0000  0.0117  1.5342 1.000  2.00 | edge_dev mean=0.0333 max=0.0390 gg=0.9806 shape_dev=0.1014 xbar=0.3230
t=  134.00 -6.94e-16 | 0.0034  2.00      6    0      0      0 | 1.5415  0.09 | 8.70e-04 5.61e-03 |   4.8750 1.0000  0.0108  1.5360 1.000  2.00 | edge_dev mean=0.0353 max=0.0366 gg=0.9771 shape_dev=0.1076 xbar=0.3229
t=  135.00 -6.94e-16 | 0.0034  2.00      6    0      0      0 | 1.5419  0.34 | 2.36e-04 3.81e-03 |   4.8750 1.0000  0.0120  1.5380 1.000  2.00 | edge_dev mean=0.0363 max=0.0439 gg=0.9771 shape_dev=0.1107 xbar=0.3233
t=  136.00 -5.20e-16 | 0.0034  2.00      6    0      0      0 | 1.5394  0.30 | 4.52e-04 4.78e-03 |   4.8750 1.0000  0.0111  1.5344 1.000  2.00 | edge_dev mean=0.0335 max=0.0384 gg=0.9802 shape_dev=0.1021 xbar=0.3229
t=  137.00 -5.20e-16 | 0.0034  2.00      6    0      0      0 | 1.5416  0.05 | 1.96e-04 4.21e-03 |   4.8750 1.0000  0.0104  1.5370 1.000  2.00 | edge_dev mean=0.0358 max=0.0364 gg=0.9758 shape_dev=0.1090 xbar=0.3231
t=  138.00 -5.20e-16 | 0.0034  2.00      6    0      0      0 | 1.5410  0.31 | 2.18e-04 3.91e-03 |   4.8750 1.0000  0.0111  1.5368 1.000  2.00 | edge_dev mean=0.0354 max=0.0423 gg=0.9782 shape_dev=0.1077 xbar=0.3232
t=  139.00 -5.20e-16 | 0.0034  2.00      6    0      0      0 | 1.5389  0.26 | 1.10e-04 4.23e-03 |   4.8750 1.0000  0.0103  1.5342 1.000  2.00 | edge_dev mean=0.0332 max=0.0374 gg=0.9808 shape_dev=0.1010 xbar=0.3230
t=  140.00 -6.94e-16 | 0.0034  2.00      6    0      0      0 | 1.5421  0.09 | 4.06e-04 4.60e-03 |   4.8750 1.0000  0.0102  1.5373 1.000  2.00 | edge_dev mean=0.0362 max=0.0380 gg=0.9752 shape_dev=0.1102 xbar=0.3231
t=  141.00 -5.20e-16 | 0.0034  2.00      6    0      0      0 | 1.5401  0.28 | 1.99e-04 4.02e-03 |   4.8750 1.0000  0.0103  1.5358 1.000  2.00 | edge_dev mean=0.0345 max=0.0405 gg=0.9793 shape_dev=0.1050 xbar=0.3231
t=  142.00 -5.20e-16 | 0.0034  2.00      6    0      0      0 | 1.5387  0.22 | 1.05e-04 4.40e-03 |   4.8750 1.0000  0.0096  1.5338 1.000  2.00 | edge_dev mean=0.0329 max=0.0366 gg=0.9809 shape_dev=0.1003 xbar=0.3229
t=  143.00 -5.20e-16 | 0.0034  2.00      6    0      0      0 | 1.5436  0.24 | 7.51e-04 5.14e-03 |   4.8750 1.0000  0.0100  1.5386 1.000  2.00 | edge_dev mean=0.0375 max=0.0428 gg=0.9734 shape_dev=0.1143 xbar=0.3231
t=  144.00 -5.20e-16 | 0.0034  2.00      6    0      0      0 | 1.5396  0.24 | 1.77e-04 4.15e-03 |   4.8750 1.0000  0.0095  1.5351 1.000  2.00 | edge_dev mean=0.0339 max=0.0387 gg=0.9799 shape_dev=0.1033 xbar=0.3230
t=  145.00 -3.47e-16 | 0.0034  2.00      6    0      0      0 | 1.5389  0.16 | 2.32e-04 4.62e-03 |   4.8750 1.0000  0.0089  1.5338 1.000  2.00 | edge_dev mean=0.0330 max=0.0360 gg=0.9807 shape_dev=0.1005 xbar=0.3229
t=  146.00 -3.47e-16 | 0.0034  2.00      6    0      0      0 | 1.5434  0.27 | 2.59e-04 3.65e-03 |   4.8750 1.0000  0.0095  1.6005 1.000  2.00 | edge_dev mean=0.0379 max=0.0438 gg=0.9741 shape_dev=0.1155 xbar=0.3493
t=  147.00 -3.47e-16 | 0.0034  2.00      6    0      0      0 | 1.5394  0.22 | 2.32e-04 4.38e-03 |   4.8750 1.0000  0.0090  1.5347 1.000  2.00 | edge_dev mean=0.0336 max=0.0371 gg=0.9801 shape_dev=0.1024 xbar=0.3230
t=  148.00 -3.47e-16 | 0.0034  2.00      6    0      0      0 | 1.5396  0.10 | 4.21e-04 4.93e-03 |   4.8750 1.0000  0.0085  1.5343 1.000  2.00 | edge_dev mean=0.0336 max=0.0358 gg=0.9798 shape_dev=0.1023 xbar=0.3228
t=  149.00 -3.47e-16 | 0.0034  2.00      6    0      0      0 | 1.5425  0.25 | 2.46e-04 3.72e-03 |   4.8750 1.0000  0.0089  1.5386 1.000  2.00 | edge_dev mean=0.0369 max=0.0426 gg=0.9763 shape_dev=0.1124 xbar=0.3233
t=  150.00 -5.20e-16 | 0.0034  2.00      6    0      0      0 | 1.5395  0.21 | 1.64e-04 3.91e-03 |   4.8750 1.0000  0.0086  1.5351 1.000  2.00 | edge_dev mean=0.0339 max=0.0379 gg=0.9802 shape_dev=0.1031 xbar=0.3231
t=  151.00 -3.47e-16 | 0.0034  2.00      6    0      0      0 | 1.5413  0.04 | 6.58e-04 5.28e-03 |   4.8750 1.0000  0.0081  1.5357 1.000  2.00 | edge_dev mean=0.0350 max=0.0361 gg=0.9778 shape_dev=0.1068 xbar=0.3228
t=  152.00 -1.73e-16 | 0.0034  2.00      6    0      0      0 | 1.5415  0.21 | 2.25e-04 3.80e-03 |   4.8750 1.0000  0.0086  1.5375 1.000  2.00 | edge_dev mean=0.0359 max=0.0408 gg=0.9774 shape_dev=0.1095 xbar=0.3232
t=  153.00 -1.73e-16 | 0.0034  2.00      6    0      0      0 | 1.5390  0.19 | 1.26e-04 4.02e-03 |   4.8750 1.0000  0.0085  1.5344 1.000  2.00 | edge_dev mean=0.0333 max=0.0370 gg=0.9808 shape_dev=0.1013 xbar=0.3230
t=  154.00 -3.47e-16 | 0.0034  2.00      6    0      0      0 | 1.5434  0.08 | 5.16e-04 4.81e-03 |   4.8750 1.0000  0.0083  1.6522 1.000  2.00 | edge_dev mean=0.0374 max=0.0391 gg=0.9750 shape_dev=0.1140 xbar=0.3721
t=  155.00 -3.47e-16 | 0.0034  2.00      6    0      0      0 | 1.5408  0.18 | 2.08e-04 3.91e-03 |   4.8750 1.0000  0.0087  1.5366 1.000  2.00 | edge_dev mean=0.0352 max=0.0395 gg=0.9782 shape_dev=0.1071 xbar=0.3232
t=  156.00 -1.73e-16 | 0.0034  2.00      6    0      0      0 | 1.5387  0.17 | 7.79e-05 4.16e-03 |   4.8750 1.0000  0.0087  1.5339 1.000  2.00 | edge_dev mean=0.0329 max=0.0365 gg=0.9811 shape_dev=0.1002 xbar=0.3230
t=  157.00 -1.73e-16 | 0.0034  2.00      6    0      0      0 | 1.5448  0.19 | 2.55e-04 4.18e-03 |   4.8750 1.0000  0.0090  1.5996 1.000  2.00 | edge_dev mean=0.0390 max=0.0442 gg=0.9722 shape_dev=0.1191 xbar=0.3487
t=  158.00 -3.47e-16 | 0.0034  2.00      6    0      0      0 | 1.5405  0.15 | 1.83e-04 4.06e-03 |   4.8750 1.0000  0.0091  1.5361 1.000  2.00 | edge_dev mean=0.0348 max=0.0383 gg=0.9785 shape_dev=0.1061 xbar=0.3231
t=  159.00 -3.47e-16 | 0.0034  2.00      6    0      0      0 | 1.5387  0.16 | 7.79e-05 4.32e-03 |   4.8750 1.0000  0.0093  1.5337 1.000  2.00 | edge_dev mean=0.0329 max=0.0365 gg=0.9810 shape_dev=0.1000 xbar=0.3229
t=  160.00 -5.20e-16 | 0.0034  2.00      6    0      0      0 | 1.5442  0.18 | 2.46e-04 3.54e-03 |   4.8750 1.0000  0.0095  1.5405 1.000  2.00 | edge_dev mean=0.0386 max=0.0431 gg=0.9737 shape_dev=0.1177 xbar=0.3234
t=  161.00 -5.20e-16 | 0.0034  2.00      6    0      0      0 | 1.5403  0.17 | 2.87e-04 4.38e-03 |   4.8750 1.0000  0.0099  1.5357 1.000  2.00 | edge_dev mean=0.0346 max=0.0376 gg=0.9787 shape_dev=0.1053 xbar=0.3230
t=  162.00 -5.20e-16 | 0.0034  2.00      6    0      0      0 | 1.5390  0.16 | 2.03e-04 4.55e-03 |   4.8750 1.0000  0.0101  1.5338 1.000  2.00 | edge_dev mean=0.0331 max=0.0366 gg=0.9805 shape_dev=0.1007 xbar=0.3229
t=  163.00 -5.20e-16 | 0.0034  2.00      6    0      0      0 | 1.5429  0.15 | 2.44e-04 3.64e-03 |   4.8750 1.0000  0.0102  1.5391 1.000  2.00 | edge_dev mean=0.0373 max=0.0411 gg=0.9752 shape_dev=0.1138 xbar=0.3233
t=  164.00 -3.47e-16 | 0.0034  2.00      6    0      0      0 | 1.5396  0.20 | 1.83e-04 3.84e-03 |   4.8750 1.0000  0.0108  1.5353 1.000  2.00 | edge_dev mean=0.0340 max=0.0392 gg=0.9799 shape_dev=0.1035 xbar=0.3231
t=  165.00 -3.47e-16 | 0.0034  2.00      6    0      0      0 | 1.5401  0.17 | 3.96e-04 4.85e-03 |   4.8750 1.0000  0.0110  1.5346 1.000  2.00 | edge_dev mean=0.0340 max=0.0369 gg=0.9792 shape_dev=0.1036 xbar=0.3228
t=  166.00 -3.47e-16 | 0.0034  2.00      6    0      0      0 | 1.5420  0.13 | 2.36e-04 3.74e-03 |   4.8750 1.0000  0.0111  1.5380 1.000  2.00 | edge_dev mean=0.0364 max=0.0398 gg=0.9763 shape_dev=0.1109 xbar=0.3232
t=  167.00 -3.47e-16 | 0.0034  2.00      6    0      0      0 | 1.5389  0.21 | 1.43e-04 3.95e-03 |   4.8750 1.0000  0.0116  1.5343 1.000  2.00 | edge_dev mean=0.0332 max=0.0382 gg=0.9806 shape_dev=0.1011 xbar=0.3230
t=  168.00 -3.47e-16 | 0.0034  2.00      6    0      0      0 | 1.5424  0.22 | 7.06e-04 5.22e-03 |   4.8750 1.0000  0.0120  1.5367 1.000  2.00 | edge_dev mean=0.0361 max=0.0408 gg=0.9763 shape_dev=0.1099 xbar=0.3228
t=  169.00 -1.73e-16 | 0.0034  2.00      6    0      0      0 | 1.5413  0.13 | 2.24e-04 3.87e-03 |   4.8750 1.0000  0.0120  1.5370 1.000  2.00 | edge_dev mean=0.0356 max=0.0388 gg=0.9772 shape_dev=0.1085 xbar=0.3232
t=  170.00 -1.73e-16 | 0.0034  2.00      6    0      0      0 | 1.5385  0.21 | 1.01e-04 4.06e-03 |   4.8750 1.0000  0.0124  1.5337 1.000  2.00 | edge_dev mean=0.0327 max=0.0375 gg=0.9809 shape_dev=0.0997 xbar=0.3230
t=  171.00 -1.73e-16 | 0.0034  2.00      6    0      0      0 | 1.5447  0.21 | 8.18e-04 5.68e-03 |   4.8750 1.0000  0.0129  1.5397 1.000  2.00 | edge_dev mean=0.0385 max=0.0446 gg=0.9734 shape_dev=0.1175 xbar=0.3231
t=  172.00 -1.73e-16 | 0.0034  2.00      6    0      0      0 | 1.5408  0.15 | 2.04e-04 4.07e-03 |   4.8750 1.0000  0.0132  1.5364 1.000  2.00 | edge_dev mean=0.0351 max=0.0377 gg=0.9772 shape_dev=0.1070 xbar=0.3231
t=  173.00 -3.47e-16 | 0.0034  2.00      6    0      0      0 | 1.5383  0.23 | 6.92e-05 4.24e-03 |   4.8750 1.0000  0.0139  1.5333 1.000  2.00 | edge_dev mean=0.0325 max=0.0369 gg=0.9806 shape_dev=0.0990 xbar=0.3229
t=  174.00 -1.73e-16 | 0.0034  2.00      6    0      0      0 | 1.5445  0.16 | 2.72e-04 3.50e-03 |   4.8750 1.0000  0.0139  1.5409 1.000  2.00 | edge_dev mean=0.0389 max=0.0431 gg=0.9722 shape_dev=0.1187 xbar=0.3234
# QATOM t=174.18 dir=DF w=2.09405199 e=0.38327053463 i=4 Em=0.7641
t=  175.00 -1.73e-16 | 0.0034  2.00      6    0      0      0 | 1.5614  2.01 | 7.84e-04 4.30e-03 |   4.4917 0.9214  0.1491  1.5486 1.000  2.00 | edge_dev mean=0.0559 max=0.1011 gg=0.7869 shape_dev=0.1712 xbar=0.2981
t=  176.00 -3.47e-16 | 0.0034  2.00      6    0      0      0 | 1.5727  2.98 | 2.57e-04 3.97e-03 |   4.4917 0.9214  0.1569  1.5576 1.000  2.00 | edge_dev mean=0.0670 max=0.1339 gg=0.7191 shape_dev=0.2056 xbar=0.2981
t=  177.00 -1.73e-16 | 0.0034  2.00      6    0      0      0 | 1.5793  3.06 | 1.79e-04 3.48e-03 |   4.4917 0.9214  0.1565  1.5648 1.000  2.00 | edge_dev mean=0.0736 max=0.1427 gg=0.6611 shape_dev=0.2265 xbar=0.2984
t=  178.00 -1.73e-16 | 0.0034  2.00      6    0      0      0 | 1.5821  3.08 | 1.71e-04 3.38e-03 |   4.4917 0.9214  0.1601  1.5672 1.000  2.00 | edge_dev mean=0.0764 max=0.1459 gg=0.6437 shape_dev=0.2353 xbar=0.2984
t=  179.00 +0.00e+00 | 0.0034  2.00      6    0      0      0 | 1.5852  2.97 | 1.56e-04 3.62e-03 |   4.4917 0.9214  0.1683  1.5695 1.000  2.00 | edge_dev mean=0.0794 max=0.1468 gg=0.6379 shape_dev=0.2447 xbar=0.2985
t=  180.00 +0.00e+00 | 0.0034  2.00      6    0      0      0 | 1.5874  2.87 | 1.22e-04 3.40e-03 |   4.4917 0.9214  0.1706  1.5719 1.000  2.00 | edge_dev mean=0.0817 max=0.1466 gg=0.6175 shape_dev=0.2521 xbar=0.2986
t=  181.00 +0.00e+00 | 0.0034  2.00      6    0      0      0 | 1.5905  2.73 | 1.61e-04 3.05e-03 |   4.4917 0.9214  0.1750  1.5749 1.000  2.00 | edge_dev mean=0.0848 max=0.1463 gg=0.6082 shape_dev=0.2621 xbar=0.2987
t=  182.00 +1.73e-16 | 0.0034  2.00      6    0      0      0 | 1.5947  2.53 | 1.78e-04 3.24e-03 |   4.4917 0.9214  0.1820  1.5786 1.000  2.00 | edge_dev mean=0.0889 max=0.1460 gg=0.5932 shape_dev=0.2753 xbar=0.2988
t=  183.00 +0.00e+00 | 0.0034  2.00      6    0      0      0 | 1.5993  2.40 | 9.42e-04 2.84e-03 |   4.1188 0.8449  0.1925  1.5836 1.000  2.00 | edge_dev mean=0.0938 max=0.1448 gg=0.4116 shape_dev=0.2909 xbar=0.2742
t=  184.00 +0.00e+00 | 0.0034  2.00      6    0      0      0 | 1.6120  2.16 | 3.26e-04 2.67e-03 |   4.1188 0.8449  0.1987  1.5954 1.000  2.00 | edge_dev mean=0.1064 max=0.1438 gg=0.4170 shape_dev=0.3313 xbar=0.2743
t=  185.00 +0.00e+00 | 0.0035  2.00      6    0      0      0 | 1.6228  1.78 | 8.92e-04 1.87e-03 |   3.7340 0.7659  0.1610  1.6123 1.000  2.00 | edge_dev mean=0.1173 max=0.1452 gg=0.2641 shape_dev=0.3669 xbar=0.2488
t=  186.00 +1.73e-16 | 0.0035  2.00      6    0      0      0 | 1.6347  1.41 | 2.92e-04 1.48e-03 |   3.7340 0.7659  0.1651  1.6241 1.000  2.00 | edge_dev mean=0.1291 max=0.1480 gg=0.2103 shape_dev=0.4054 xbar=0.2489
t=  187.00 +1.73e-16 | 0.0035  2.00      6    0      0      0 | 1.6414  1.12 | 1.85e-04 9.13e-04 |   3.7340 0.7659  0.1687  1.6308 1.000  2.00 | edge_dev mean=0.1357 max=0.1551 gg=0.1553 shape_dev=0.4270 xbar=0.2489
t=  188.00 +1.73e-16 | 0.0035  2.00      6    0      0      0 | 1.6459  0.82 | 1.52e-04 3.62e-04 |   3.7340 0.7659  0.1701  1.6357 1.000  2.00 | edge_dev mean=0.1402 max=0.1576 gg=0.1069 shape_dev=0.4419 xbar=0.2489
t=  189.00 -1.73e-16 | 0.0035  2.00      6    0      0      0 | 1.6492  0.63 | 8.20e-05 9.61e-05 |   3.7340 0.7659  0.1706  1.6392 1.000  2.00 | edge_dev mean=0.1434 max=0.1587 gg=0.0721 shape_dev=0.4525 xbar=0.2489
t=  190.00 -1.73e-16 | 0.0035  2.00      6    0      0      0 | 1.6510  0.55 | 3.36e-05 2.87e-05 |   3.7340 0.7659  0.1710  1.6427 1.000  2.00 | edge_dev mean=0.1453 max=0.1597 gg=0.0429 shape_dev=0.4586 xbar=0.2494
t=  191.00 -1.73e-16 | 0.0035  2.00      6    0      0      0 | 1.6519  0.54 | 1.24e-05 1.44e-05 |   3.7340 0.7659  0.1710  1.6420 1.000  2.00 | edge_dev mean=0.1461 max=0.1605 gg=0.0244 shape_dev=0.4614 xbar=0.2489
t=  192.00 -1.73e-16 | 0.0035  2.00      6    0      0      0 | 1.6523  0.54 | 5.62e-06 5.71e-06 |   3.7340 0.7659  0.1710  1.6424 1.000  2.00 | edge_dev mean=0.1465 max=0.1611 gg=0.0172 shape_dev=0.4627 xbar=0.2489
t=  193.00 +0.00e+00 | 0.0035  2.00      6    0      0      0 | 1.6525  0.54 | 2.44e-06 1.84e-06 |   3.7340 0.7659  0.1710  1.6425 1.000  2.00 | edge_dev mean=0.1467 max=0.1613 gg=0.0234 shape_dev=0.4632 xbar=0.2489
t=  194.00 +0.00e+00 | 0.0035  2.00      6    0      0      0 | 1.6525  0.54 | 9.74e-07 5.00e-07 |   3.7340 0.7659  0.1710  1.6426 1.000  2.00 | edge_dev mean=0.1467 max=0.1615 gg=0.0375 shape_dev=0.4634 xbar=0.2489
t=  195.00 +0.00e+00 | 0.0035  2.00      6    0      0      0 | 1.6525  0.54 | 3.66e-07 1.47e-07 |   3.7340 0.7659  0.1710  1.6426 1.000  2.00 | edge_dev mean=0.1467 max=0.1615 gg=0.0415 shape_dev=0.4635 xbar=0.2489
t=  196.00 +0.00e+00 | 0.0035  2.00      6    0      0      0 | 1.6526  0.54 | 1.34e-07 3.22e-08 |   3.7340 0.7659  0.1710  1.6426 1.000  2.00 | edge_dev mean=0.1468 max=0.1615 gg=0.0353 shape_dev=0.4635 xbar=0.2489
t=  197.00 +1.73e-16 | 0.0035  2.00      6    0      0      0 | 1.6526  0.54 | 4.86e-08 2.21e-08 |   3.7340 0.7659  0.1710  1.6426 1.000  2.00 | edge_dev mean=0.1468 max=0.1615 gg=0.0337 shape_dev=0.4635 xbar=0.2489
t=  198.00 +0.00e+00 | 0.0035  2.00      6    0      0      0 | 1.6526  0.54 | 1.89e-08 9.92e-09 |   3.7340 0.7659  0.1710  1.6426 1.000  2.00 | edge_dev mean=0.1468 max=0.1615 gg=0.0304 shape_dev=0.4635 xbar=0.2489
t=  199.00 +3.47e-16 | 0.0035  2.00      6    0      0      0 | 1.6526  0.54 | 7.70e-09 2.32e-09 |   3.7340 0.7659  0.1710  1.6426 1.000  2.00 | edge_dev mean=0.1468 max=0.1615 gg=0.0230 shape_dev=0.4635 xbar=0.2489
# SHEAR applied: eps=0.1 at t=200.00 (volume-preserving deviatoric)
t=  200.00 +3.47e-16 | 0.0035  2.00      6    0      0      0 | 1.6526  0.54 | 2.91e-09 5.53e-10 |   3.7340 0.7659  0.1824  1.6911 1.000  2.00 | edge_dev mean=0.1931 max=0.3135 gg=0.0428 shape_dev=0.6260 xbar=0.2489
t=  201.00 +3.47e-16 | 0.0035  1.33      4    0      0      0 | 1.6498  0.67 | 6.06e-05 2.02e-07 |   3.7340 0.7659  0.1823  1.6954 0.500  1.33 | edge_dev mean=0.1977 max=0.3062 gg=0.0079 shape_dev=0.6403 xbar=0.2489
t=  202.00 +3.47e-16 | 0.0035  1.33      4    0      0      0 | 1.6519  0.66 | 1.17e-05 1.21e-08 |   3.7340 0.7659  0.1818  1.6963 0.500  1.33 | edge_dev mean=0.1986 max=0.3048 gg=0.0028 shape_dev=0.6431 xbar=0.2489
t=  203.00 +1.73e-16 | 0.0035  1.33      4    0      0      0 | 1.6524  0.66 | 2.27e-06 6.31e-10 |   3.7340 0.7659  0.1817  1.6965 0.500  1.33 | edge_dev mean=0.1988 max=0.3045 gg=0.0002 shape_dev=0.6436 xbar=0.2489
t=  204.00 +1.73e-16 | 0.0035  1.33      4    0      0      0 | 1.6524  0.66 | 4.38e-07 2.74e-11 |   3.7340 0.7659  0.1817  1.6965 0.500  1.33 | edge_dev mean=0.1988 max=0.3045 gg=0.0000 shape_dev=0.6437 xbar=0.2489
t=  205.00 +1.73e-16 | 0.0035  1.33      4    0      0      0 | 1.6524  0.66 | 8.46e-08 9.80e-13 |   3.7340 0.7659  0.1817  1.6966 0.500  1.33 | edge_dev mean=0.1989 max=0.3045 gg=0.0000 shape_dev=0.6437 xbar=0.2489
t=  206.00 +1.73e-16 | 0.0035  1.33      4    0      0      0 | 1.6524  0.66 | 1.64e-08 2.75e-14 |   3.7340 0.7659  0.1817  1.6966 0.500  1.33 | edge_dev mean=0.1989 max=0.3045 gg=0.0000 shape_dev=0.6437 xbar=0.2489
t=  207.00 +1.73e-16 | 0.0035  1.33      4    0      0      0 | 1.6524  0.66 | 3.16e-09 5.81e-16 |   3.7340 0.7659  0.1817  1.6966 0.500  1.33 | edge_dev mean=0.1989 max=0.3045 gg=0.0000 shape_dev=0.6437 xbar=0.2489
t=  208.00 +1.73e-16 | 0.0035  1.33      4    0      0      0 | 1.6524  0.66 | 6.10e-10 8.53e-18 |   3.7340 0.7659  0.1817  1.6966 0.500  1.33 | edge_dev mean=0.1989 max=0.3045 gg=0.0000 shape_dev=0.6437 xbar=0.2489
t=  209.00 +3.47e-16 | 0.0035  1.33      4    0      0      0 | 1.6524  0.66 | 1.18e-10 7.78e-20 |   3.7340 0.7659  0.1817  1.6966 0.500  1.33 | edge_dev mean=0.1989 max=0.3045 gg=0.0000 shape_dev=0.6437 xbar=0.2489
t=  210.00 +1.73e-16 | 0.0035  1.33      4    0      0      0 | 1.6524  0.66 | 2.28e-11 7.37e-22 |   3.7340 0.7659  0.1817  1.6966 0.500  1.33 | edge_dev mean=0.1989 max=0.3045 gg=0.0000 shape_dev=0.6437 xbar=0.2489
t=  211.00 +0.00e+00 | 0.0035  1.33      4    0      0      0 | 1.6524  0.66 | 4.40e-12 3.67e-19 |   3.7340 0.7659  0.1817  1.6966 0.500  1.33 | edge_dev mean=0.1989 max=0.3045 gg=0.0000 shape_dev=0.6437 xbar=0.2489
t=  212.00 +1.73e-16 | 0.0035  1.33      4    0      0      0 | 1.6524  0.66 | 8.51e-13 1.47e-17 |   3.7340 0.7659  0.1817  1.6966 0.500  1.33 | edge_dev mean=0.1989 max=0.3045 gg=0.0000 shape_dev=0.6437 xbar=0.2489
t=  213.00 +1.73e-16 | 0.0035  1.33      4    0      0      0 | 1.6524  0.66 | 1.64e-13 1.29e-16 |   3.7340 0.7659  0.1817  1.6966 0.500  1.33 | edge_dev mean=0.1989 max=0.3045 gg=0.0000 shape_dev=0.6437 xbar=0.2489
t=  214.00 +0.00e+00 | 0.0035  1.33      4    0      0      0 | 1.6524  0.66 | 3.17e-14 3.83e-16 |   3.7340 0.7659  0.1817  1.6966 0.500  1.33 | edge_dev mean=0.1989 max=0.3045 gg=0.0010 shape_dev=0.6437 xbar=0.2489
t=  215.00 +0.00e+00 | 0.0034  0.67      2    0      0      0 | 1.6443  0.48 | 6.09e-15 4.97e-16 |   4.0118 0.8229  0.0778  1.7135 0.500  0.67 | edge_dev mean=0.1989 max=0.3045 gg=0.0092 shape_dev=0.6437 xbar=0.2675
t=  216.00 +1.73e-16 | 0.0034  0.67      2    0      0      0 | 1.6443  0.48 | 1.19e-15 3.55e-16 |   4.0118 0.8229  0.0778  1.7135 0.500  0.67 | edge_dev mean=0.1989 max=0.3045 gg=0.0286 shape_dev=0.6437 xbar=0.2675
t=  217.00 +5.20e-16 | 0.0034  0.67      2    0      0      0 | 1.6443  0.48 | 4.45e-16 1.85e-16 |   4.0118 0.8229  0.0778  1.7135 0.500  0.67 | edge_dev mean=0.1989 max=0.3045 gg=0.0383 shape_dev=0.6437 xbar=0.2675
t=  218.00 +5.20e-16 | 0.0034  0.67      2    0      0      0 | 1.6443  0.48 | 4.42e-16 1.50e-16 |   4.0118 0.8229  0.0778  1.7135 0.500  0.67 | edge_dev mean=0.1989 max=0.3045 gg=0.0292 shape_dev=0.6437 xbar=0.2675
t=  219.00 +6.94e-16 | 0.0034  0.67      2    0      0      0 | 1.6443  0.48 | 4.38e-16 6.31e-17 |   4.0118 0.8229  0.0778  1.7135 0.500  0.67 | edge_dev mean=0.1989 max=0.3045 gg=0.0122 shape_dev=0.6437 xbar=0.2675
t=  220.00 +8.67e-16 | 0.0034  0.67      2    0      0      0 | 1.6443  0.48 | 4.38e-16 1.33e-17 |   4.0118 0.8229  0.0778  1.7135 0.500  0.67 | edge_dev mean=0.1989 max=0.3045 gg=0.0026 shape_dev=0.6437 xbar=0.2675
t=  221.00 +8.67e-16 | 0.0034  0.67      2    0      0      0 | 1.6443  0.48 | 4.41e-16 1.35e-18 |   4.0118 0.8229  0.0778  1.7135 0.500  0.67 | edge_dev mean=0.1989 max=0.3045 gg=0.0011 shape_dev=0.6437 xbar=0.2675
t=  222.00 +8.67e-16 | 0.0034  0.67      2    0      0      0 | 1.6443  0.48 | 4.42e-16 5.17e-19 |   4.2629 0.8744  0.1087  1.7189 0.500  0.67 | edge_dev mean=0.1989 max=0.3045 gg=0.0020 shape_dev=0.6437 xbar=0.2842
t=  223.00 +1.04e-15 | 0.0034  0.67      2    0      0      0 | 1.6443  0.48 | 4.41e-16 2.37e-18 |   4.2629 0.8744  0.1087  1.7189 0.500  0.67 | edge_dev mean=0.1989 max=0.3045 gg=0.0028 shape_dev=0.6437 xbar=0.2842
t=  224.00 +1.04e-15 | 0.0034  0.67      2    0      0      0 | 1.6443  0.48 | 4.39e-16 8.95e-18 |   4.2629 0.8744  0.1087  1.7189 0.500  0.67 | edge_dev mean=0.1989 max=0.3045 gg=0.0127 shape_dev=0.6437 xbar=0.2842
t=  225.00 +1.04e-15 | 0.0034  0.67      2    0      0      0 | 1.6443  0.48 | 4.34e-16 2.82e-17 |   4.2629 0.8744  0.1087  1.7189 0.500  0.67 | edge_dev mean=0.1989 max=0.3045 gg=0.0614 shape_dev=0.6437 xbar=0.2842
t=  226.00 +1.04e-15 | 0.0034  0.67      2    0      0      0 | 1.6443  0.48 | 4.21e-16 7.44e-17 |   4.2629 0.8744  0.1087  1.7189 0.500  0.67 | edge_dev mean=0.1989 max=0.3045 gg=0.0481 shape_dev=0.6437 xbar=0.2842
t=  227.00 +1.21e-15 | 0.0034  0.67      2    0      0      0 | 1.6443  0.48 | 4.00e-16 1.66e-16 |   4.5525 0.9339  0.2041  1.7054 0.500  0.67 | edge_dev mean=0.1989 max=0.3045 gg=0.0187 shape_dev=0.6437 xbar=0.3035
t=  228.00 +1.39e-15 | 0.0034  0.67      2    0      0      0 | 1.6443  0.48 | 3.91e-16 3.18e-16 |   4.5525 0.9339  0.2041  1.7054 0.500  0.67 | edge_dev mean=0.1989 max=0.3045 gg=0.0348 shape_dev=0.6437 xbar=0.3035
t=  229.00 +1.04e-15 | 0.0034  0.67      2    0      0      0 | 1.6443  0.48 | 3.91e-16 5.23e-16 |   4.5525 0.9339  0.2041  1.7054 0.500  0.67 | edge_dev mean=0.1989 max=0.3045 gg=0.0601 shape_dev=0.6437 xbar=0.3035
t=  230.00 +1.04e-15 | 0.0034  0.67      2    0      0      0 | 1.6443  0.48 | 3.91e-16 7.46e-16 |   4.5525 0.9339  0.2041  1.7054 0.500  0.67 | edge_dev mean=0.1989 max=0.3045 gg=0.0898 shape_dev=0.6437 xbar=0.3035
t=  231.00 +1.04e-15 | 0.0034  0.67      2    0      0      0 | 1.6443  0.48 | 4.18e-16 9.32e-16 |   4.5525 0.9339  0.2041  1.7054 0.500  0.67 | edge_dev mean=0.1989 max=0.3045 gg=0.1164 shape_dev=0.6437 xbar=0.3035
t=  232.00 +1.04e-15 | 0.0034  0.67      2    0      0      0 | 1.6443  0.48 | 4.42e-16 1.02e-15 |   4.5525 0.9339  0.2041  1.7054 0.500  0.67 | edge_dev mean=0.1989 max=0.3045 gg=0.1321 shape_dev=0.6437 xbar=0.3035
t=  233.00 +6.94e-16 | 0.0034  0.67      2    0      0      0 | 1.6443  0.48 | 4.30e-16 9.77e-16 |   4.5525 0.9339  0.2041  1.7054 0.500  0.67 | edge_dev mean=0.1989 max=0.3045 gg=0.1329 shape_dev=0.6437 xbar=0.3035
t=  234.00 +6.94e-16 | 0.0034  0.67      2    0      0      0 | 1.6443  0.48 | 3.91e-16 8.10e-16 |   4.5525 0.9339  0.2041  1.7054 0.500  0.67 | edge_dev mean=0.1989 max=0.3045 gg=0.1215 shape_dev=0.6437 xbar=0.3035
t=  235.00 +6.94e-16 | 0.0034  0.67      2    0      0      0 | 1.6443  0.48 | 3.91e-16 5.96e-16 |   4.5525 0.9339  0.2041  1.7054 0.500  0.67 | edge_dev mean=0.1989 max=0.3045 gg=0.1065 shape_dev=0.6437 xbar=0.3035
t=  236.00 +5.20e-16 | 0.0034  0.67      2    0      0      0 | 1.6443  0.48 | 3.90e-16 3.85e-16 |   4.5525 0.9339  0.2041  1.7054 0.500  0.67 | edge_dev mean=0.1989 max=0.3045 gg=0.1027 shape_dev=0.6437 xbar=0.3035
t=  237.00 +3.47e-16 | 0.0034  0.67      2    0      0      0 | 1.6443  0.48 | 3.86e-16 2.13e-16 |   4.5525 0.9339  0.2041  1.7054 0.500  0.67 | edge_dev mean=0.1989 max=0.3045 gg=0.1247 shape_dev=0.6437 xbar=0.3035
t=  238.00 +3.47e-16 | 0.0034  0.67      2    0      0      0 | 1.6443  0.48 | 3.99e-16 1.02e-16 |   4.5525 0.9339  0.2041  1.7054 0.500  0.67 | edge_dev mean=0.1989 max=0.3045 gg=0.1635 shape_dev=0.6437 xbar=0.3035
t=  239.00 +6.94e-16 | 0.0034  0.67      2    0      0      0 | 1.6443  0.48 | 3.97e-16 1.30e-16 |   4.5525 0.9339  0.2041  1.7054 0.500  0.67 | edge_dev mean=0.1989 max=0.3045 gg=0.1782 shape_dev=0.6437 xbar=0.3035
t=  240.00 +6.94e-16 | 0.0034  0.67      2    0      0      0 | 1.6443  0.48 | 3.99e-16 1.64e-16 |   4.5525 0.9339  0.2041  1.7054 0.500  0.67 | edge_dev mean=0.1989 max=0.3045 gg=0.1379 shape_dev=0.6437 xbar=0.3035
t=  241.00 +6.94e-16 | 0.0034  0.67      2    0      0      0 | 1.6443  0.48 | 4.14e-16 1.09e-16 |   4.5525 0.9339  0.2041  1.7054 0.500  0.67 | edge_dev mean=0.1989 max=0.3045 gg=0.0685 shape_dev=0.6437 xbar=0.3035
t=  242.00 +6.94e-16 | 0.0034  0.67      2    0      0      0 | 1.6443  0.48 | 4.32e-16 3.82e-17 |   4.5525 0.9339  0.2041  1.7054 0.500  0.67 | edge_dev mean=0.1989 max=0.3045 gg=0.0200 shape_dev=0.6437 xbar=0.3035
t=  243.00 +6.94e-16 | 0.0034  0.67      2    0      0      0 | 1.6443  0.48 | 4.40e-16 6.46e-18 |   4.5525 0.9339  0.2041  1.7054 0.500  0.67 | edge_dev mean=0.1989 max=0.3045 gg=0.0032 shape_dev=0.6437 xbar=0.3035
t=  244.00 +6.94e-16 | 0.0034  0.67      2    0      0      0 | 1.6443  0.48 | 4.42e-16 4.79e-19 |   4.5525 0.9339  0.2041  1.7054 0.500  0.67 | edge_dev mean=0.1989 max=0.3045 gg=0.0005 shape_dev=0.6437 xbar=0.3035
t=  245.00 +8.67e-16 | 0.0034  0.67      2    0      0      0 | 1.6443  0.48 | 4.42e-16 1.28e-20 |   4.5525 0.9339  0.2041  1.7054 0.500  0.67 | edge_dev mean=0.1989 max=0.3045 gg=0.0025 shape_dev=0.6437 xbar=0.3035
t=  246.00 +8.67e-16 | 0.0034  0.67      2    0      0      0 | 1.6443  0.48 | 4.42e-16 3.49e-22 |   4.5525 0.9339  0.2041  1.7054 0.500  0.67 | edge_dev mean=0.1989 max=0.3045 gg=0.0144 shape_dev=0.6437 xbar=0.3035
t=  247.00 +8.67e-16 | 0.0034  0.67      2    0      0      0 | 1.6443  0.48 | 4.42e-16 2.10e-23 |   4.5525 0.9339  0.2041  1.7054 0.500  0.67 | edge_dev mean=0.1989 max=0.3045 gg=0.0484 shape_dev=0.6437 xbar=0.3035
t=  248.00 +8.67e-16 | 0.0034  0.67      2    0      0      0 | 1.6443  0.48 | 4.42e-16 7.93e-25 |   4.5525 0.9339  0.2041  1.7054 0.500  0.67 | edge_dev mean=0.1989 max=0.3045 gg=0.0987 shape_dev=0.6437 xbar=0.3035
t=  249.00 +8.67e-16 | 0.0034  0.67      2    0      0      0 | 1.6443  0.48 | 4.42e-16 1.67e-26 |   4.5525 0.9339  0.2041  1.7054 0.500  0.67 | edge_dev mean=0.1989 max=0.3045 gg=0.1253 shape_dev=0.6437 xbar=0.3035
t=  250.00 +8.67e-16 | 0.0034  0.67      2    0      0      0 | 1.6443  0.48 | 4.42e-16 1.56e-28 |   4.5525 0.9339  0.2041  1.7054 0.500  0.67 | edge_dev mean=0.1989 max=0.3045 gg=0.1000 shape_dev=0.6437 xbar=0.3035
t=  251.00 +8.67e-16 | 0.0034  0.67      2    0      0      0 | 1.6443  0.48 | 4.42e-16 4.65e-31 |   4.5525 0.9339  0.2041  1.7054 0.500  0.67 | edge_dev mean=0.1989 max=0.3045 gg=0.0499 shape_dev=0.6437 xbar=0.3035
t=  252.00 +8.67e-16 | 0.0034  0.67      2    0      0      0 | 1.6443  0.48 | 4.42e-16 3.32e-32 |   4.5525 0.9339  0.2041  1.7054 0.500  0.67 | edge_dev mean=0.1989 max=0.3045 gg=0.0152 shape_dev=0.6437 xbar=0.3035
t=  253.00 +8.67e-16 | 0.0034  0.67      2    0      0      0 | 1.6443  0.48 | 4.42e-16 5.88e-38 |   4.5525 0.9339  0.2041  1.7054 0.500  0.67 | edge_dev mean=0.1989 max=0.3045 gg=0.0027 shape_dev=0.6437 xbar=0.3035
t=  254.00 +8.67e-16 | 0.0034  0.67      2    0      0      0 | 1.6443  0.48 | 4.42e-16 1.24e-35 |   4.5525 0.9339  0.2041  1.7054 0.500  0.67 | edge_dev mean=0.1989 max=0.3045 gg=0.0003 shape_dev=0.6437 xbar=0.3035
t=  255.00 +1.04e-15 | 0.0034  0.67      2    0      0      0 | 1.6443  0.48 | 4.42e-16 6.76e-28 |   4.5525 0.9339  0.2041  1.7054 0.500  0.67 | edge_dev mean=0.1989 max=0.3045 gg=0.0000 shape_dev=0.6437 xbar=0.3035
t=  256.00 +1.04e-15 | 0.0034  0.67      2    0      0      0 | 1.6443  0.48 | 4.42e-16 5.28e-24 |   4.5525 0.9339  0.2041  1.7054 0.500  0.67 | edge_dev mean=0.1989 max=0.3045 gg=0.0000 shape_dev=0.6437 xbar=0.3035
t=  257.00 +1.04e-15 | 0.0034  0.67      2    0      0      0 | 1.6443  0.48 | 4.42e-16 1.94e-21 |   4.5525 0.9339  0.2041  1.7054 0.500  0.67 | edge_dev mean=0.1989 max=0.3045 gg=0.0000 shape_dev=0.6437 xbar=0.3035
t=  258.00 +1.04e-15 | 0.0034  0.67      2    0      0      0 | 1.6443  0.48 | 4.42e-16 1.28e-19 |   4.5525 0.9339  0.2041  1.7054 0.500  0.67 | edge_dev mean=0.1989 max=0.3045 gg=0.0000 shape_dev=0.6437 xbar=0.3035
t=  259.00 +1.21e-15 | 0.0034  0.67      2    0      0      0 | 1.6443  0.48 | 4.41e-16 2.61e-18 |   4.5525 0.9339  0.2041  1.7054 0.500  0.67 | edge_dev mean=0.1989 max=0.3045 gg=0.0004 shape_dev=0.6437 xbar=0.3035
t=  260.00 +1.56e-15 | 0.0034  0.67      2    0      0      0 | 1.6443  0.48 | 4.36e-16 2.13e-17 |   4.5525 0.9339  0.2041  1.7054 0.500  0.67 | edge_dev mean=0.1989 max=0.3045 gg=0.0039 shape_dev=0.6437 xbar=0.3035
t=  261.00 +1.73e-15 | 0.0034  0.67      2    0      0      0 | 1.6443  0.48 | 4.21e-16 8.13e-17 |   4.5525 0.9339  0.2041  1.7054 0.500  0.67 | edge_dev mean=0.1989 max=0.3045 gg=0.0173 shape_dev=0.6437 xbar=0.3035
t=  262.00 +1.91e-15 | 0.0034  0.67      2    0      0      0 | 1.6443  0.48 | 4.06e-16 1.56e-16 |   4.5525 0.9339  0.2041  1.7054 0.500  0.67 | edge_dev mean=0.1989 max=0.3045 gg=0.0421 shape_dev=0.6437 xbar=0.3035
t=  263.00 +2.26e-15 | 0.0034  0.67      2    0      0      0 | 1.6443  0.48 | 4.05e-16 1.57e-16 |   4.5525 0.9339  0.2041  1.7054 0.500  0.67 | edge_dev mean=0.1989 max=0.3045 gg=0.0711 shape_dev=0.6437 xbar=0.3035
t=  264.00 +2.08e-15 | 0.0034  0.67      2    0      0      0 | 1.6443  0.48 | 4.21e-16 8.28e-17 |   4.5525 0.9339  0.2041  1.7054 0.500  0.67 | edge_dev mean=0.1989 max=0.3045 gg=0.1057 shape_dev=0.6437 xbar=0.3035
t=  265.00 +2.08e-15 | 0.0034  0.67      2    0      0      0 | 1.6443  0.48 | 4.36e-16 2.23e-17 |   4.5525 0.9339  0.2041  1.7054 0.500  0.67 | edge_dev mean=0.1989 max=0.3045 gg=0.1329 shape_dev=0.6437 xbar=0.3035
t=  266.00 +2.08e-15 | 0.0034  0.67      2    0      0      0 | 1.6443  0.48 | 4.41e-16 2.85e-18 |   4.5525 0.9339  0.2041  1.7054 0.500  0.67 | edge_dev mean=0.1989 max=0.3045 gg=0.1183 shape_dev=0.6437 xbar=0.3035
t=  267.00 +2.08e-15 | 0.0034  0.67      2    0      0      0 | 1.6443  0.48 | 4.42e-16 1.51e-19 |   4.5525 0.9339  0.2041  1.7054 0.500  0.67 | edge_dev mean=0.1989 max=0.3045 gg=0.0682 shape_dev=0.6437 xbar=0.3035
t=  268.00 +2.08e-15 | 0.0034  0.67      2    0      0      0 | 1.6443  0.48 | 4.42e-16 2.90e-20 |   4.5525 0.9339  0.2041  1.7054 0.500  0.67 | edge_dev mean=0.1989 max=0.3045 gg=0.0245 shape_dev=0.6437 xbar=0.3035
t=  269.00 +2.26e-15 | 0.0034  0.67      2    0      0      0 | 1.6443  0.48 | 4.42e-16 1.97e-19 |   4.5525 0.9339  0.2041  1.7054 0.500  0.67 | edge_dev mean=0.1989 max=0.3045 gg=0.0055 shape_dev=0.6437 xbar=0.3035
t=  270.00 +2.26e-15 | 0.0034  0.67      2    0      0      0 | 1.6443  0.48 | 4.41e-16 1.04e-18 |   4.5525 0.9339  0.2041  1.7054 0.500  0.67 | edge_dev mean=0.1989 max=0.3045 gg=0.0020 shape_dev=0.6437 xbar=0.3035
t=  271.00 +2.43e-15 | 0.0034  0.67      2    0      0      0 | 1.6443  0.48 | 4.41e-16 4.37e-18 |   4.5525 0.9339  0.2041  1.7054 0.500  0.67 | edge_dev mean=0.1989 max=0.3045 gg=0.0059 shape_dev=0.6437 xbar=0.3035
t=  272.00 +2.60e-15 | 0.0034  0.67      2    0      0      0 | 1.6443  0.48 | 4.37e-16 1.52e-17 |   4.5525 0.9339  0.2041  1.7054 0.500  0.67 | edge_dev mean=0.1989 max=0.3045 gg=0.0211 shape_dev=0.6437 xbar=0.3035
t=  273.00 +2.43e-15 | 0.0034  0.67      2    0      0      0 | 1.6443  0.48 | 4.29e-16 4.43e-17 |   4.5525 0.9339  0.2041  1.7054 0.500  0.67 | edge_dev mean=0.1989 max=0.3045 gg=0.0598 shape_dev=0.6437 xbar=0.3035
t=  274.00 +2.60e-15 | 0.0034  0.67      2    0      0      0 | 1.6443  0.48 | 4.13e-16 1.09e-16 |   4.5525 0.9339  0.2041  1.7054 0.500  0.67 | edge_dev mean=0.1989 max=0.3045 gg=0.1231 shape_dev=0.6437 xbar=0.3035
t=  275.00 +2.95e-15 | 0.0034  0.67      2    0      0      0 | 1.6443  0.48 | 3.91e-16 2.27e-16 |   4.5525 0.9339  0.2041  1.7054 0.500  0.67 | edge_dev mean=0.1989 max=0.3045 gg=0.1782 shape_dev=0.6437 xbar=0.3035
t=  276.00 +2.78e-15 | 0.0034  0.67      2    0      0      0 | 1.6443  0.48 | 3.91e-16 4.09e-16 |   4.5525 0.9339  0.2041  1.7054 0.500  0.67 | edge_dev mean=0.1989 max=0.3045 gg=0.1861 shape_dev=0.6437 xbar=0.3035
t=  277.00 +2.60e-15 | 0.0034  0.67      2    0      0      0 | 1.6443  0.48 | 3.91e-16 6.41e-16 |   4.5525 0.9339  0.2041  1.7054 0.500  0.67 | edge_dev mean=0.1989 max=0.3045 gg=0.1586 shape_dev=0.6437 xbar=0.3035
t=  278.00 +2.60e-15 | 0.0034  0.67      2    0      0      0 | 1.6443  0.48 | 4.03e-16 8.66e-16 |   4.5525 0.9339  0.2041  1.7054 0.500  0.67 | edge_dev mean=0.1989 max=0.3045 gg=0.1375 shape_dev=0.6437 xbar=0.3035
t=  279.00 +2.60e-15 | 0.0034  0.67      2    0      0      0 | 1.6443  0.48 | 4.44e-16 1.03e-15 |   4.5525 0.9339  0.2041  1.7054 0.500  0.67 | edge_dev mean=0.1989 max=0.3045 gg=0.1345 shape_dev=0.6437 xbar=0.3035
t=  280.00 +2.43e-15 | 0.0034  0.67      2    0      0      0 | 1.6443  0.48 | 4.53e-16 1.06e-15 |   4.5525 0.9339  0.2041  1.7054 0.500  0.67 | edge_dev mean=0.1989 max=0.3045 gg=0.1329 shape_dev=0.6437 xbar=0.3035
t=  281.00 +2.26e-15 | 0.0034  0.67      2    0      0      0 | 1.6443  0.48 | 4.27e-16 9.66e-16 |   4.5525 0.9339  0.2041  1.7054 0.500  0.67 | edge_dev mean=0.1989 max=0.3045 gg=0.1196 shape_dev=0.6437 xbar=0.3035
t=  282.00 +2.60e-15 | 0.0034  0.67      2    0      0      0 | 1.6443  0.48 | 3.88e-16 7.66e-16 |   4.5525 0.9339  0.2041  1.7054 0.500  0.67 | edge_dev mean=0.1989 max=0.3045 gg=0.0954 shape_dev=0.6437 xbar=0.3035
t=  283.00 +2.60e-15 | 0.0034  0.67      2    0      0      0 | 1.6443  0.48 | 3.72e-16 5.29e-16 |   4.5525 0.9339  0.2041  1.7054 0.500  0.67 | edge_dev mean=0.1989 max=0.3045 gg=0.0715 shape_dev=0.6437 xbar=0.3035
t=  284.00 +2.60e-15 | 0.0034  0.67      2    0      0      0 | 1.6443  0.48 | 3.36e-16 3.21e-16 |   4.5525 0.9339  0.2041  1.7054 0.500  0.67 | edge_dev mean=0.1989 max=0.3045 gg=0.0602 shape_dev=0.6437 xbar=0.3035
t=  285.00 +2.60e-15 | 0.0034  0.67      2    0      0      0 | 1.6443  0.48 | 3.49e-16 1.68e-16 |   4.5525 0.9339  0.2041  1.7054 0.500  0.67 | edge_dev mean=0.1989 max=0.3045 gg=0.0541 shape_dev=0.6437 xbar=0.3035
t=  286.00 +2.95e-15 | 0.0034  0.67      2    0      0      0 | 1.6443  0.48 | 3.85e-16 1.34e-16 |   4.5525 0.9339  0.2041  1.7054 0.500  0.67 | edge_dev mean=0.1989 max=0.3045 gg=0.0362 shape_dev=0.6437 xbar=0.3035
t=  287.00 +2.95e-15 | 0.0034  0.67      2    0      0      0 | 1.6443  0.48 | 4.19e-16 5.60e-17 |   4.5525 0.9339  0.2041  1.7054 0.500  0.67 | edge_dev mean=0.1989 max=0.3045 gg=0.0146 shape_dev=0.6437 xbar=0.3035
t=  288.00 +2.78e-15 | 0.0034  0.67      2    0      0      0 | 1.6443  0.48 | 4.36e-16 1.17e-17 |   4.5525 0.9339  0.2041  1.7054 0.500  0.67 | edge_dev mean=0.1989 max=0.3045 gg=0.0071 shape_dev=0.6437 xbar=0.3035
t=  289.00 +2.78e-15 | 0.0034  0.67      2    0      0      0 | 1.6443  0.48 | 4.41e-16 2.58e-18 |   4.5525 0.9339  0.2041  1.7054 0.500  0.67 | edge_dev mean=0.1989 max=0.3045 gg=0.0205 shape_dev=0.6437 xbar=0.3035
t=  290.00 +2.95e-15 | 0.0034  0.67      2    0      0      0 | 1.6443  0.48 | 4.42e-16 5.79e-19 |   4.5525 0.9339  0.2041  1.7054 0.500  0.67 | edge_dev mean=0.1989 max=0.3045 gg=0.0603 shape_dev=0.6437 xbar=0.3035
t=  291.00 +3.12e-15 | 0.0034  0.67      2    0      0      0 | 1.6443  0.48 | 4.42e-16 1.03e-19 |   4.5525 0.9339  0.2041  1.7054 0.500  0.67 | edge_dev mean=0.1989 max=0.3045 gg=0.1118 shape_dev=0.6437 xbar=0.3035
t=  292.00 +3.12e-15 | 0.0034  0.67      2    0      0      0 | 1.6443  0.48 | 4.42e-16 1.43e-20 |   4.5525 0.9339  0.2041  1.7054 0.500  0.67 | edge_dev mean=0.1989 max=0.3045 gg=0.1307 shape_dev=0.6437 xbar=0.3035
t=  293.00 +3.12e-15 | 0.0034  0.67      2    0      0      0 | 1.6443  0.48 | 4.42e-16 1.50e-21 |   4.5525 0.9339  0.2041  1.7054 0.500  0.67 | edge_dev mean=0.1989 max=0.3045 gg=0.0968 shape_dev=0.6437 xbar=0.3035
t=  294.00 +3.12e-15 | 0.0034  0.67      2    0      0      0 | 1.6496  0.10 | 5.89e-05 2.75e-12 |   4.1855 0.8586  0.2319  1.7097 0.500  0.67 | edge_dev mean=0.2000 max=0.3041 gg=0.0450 shape_dev=0.6473 xbar=0.2790
t=  295.00 +3.47e-15 | 0.0034  0.67      2    0      0      0 | 1.6511  0.05 | 9.19e-06 1.09e-11 |   4.1855 0.8586  0.2319  1.7100 0.500  0.67 | edge_dev mean=0.2003 max=0.3038 gg=0.0129 shape_dev=0.6484 xbar=0.2790
t=  296.00 +3.30e-15 | 0.0034  0.67      2    0      0      0 | 1.6514  0.04 | 1.61e-06 2.90e-11 |   4.1855 0.8586  0.2318  1.7101 0.500  0.67 | edge_dev mean=0.2004 max=0.3037 gg=0.0027 shape_dev=0.6486 xbar=0.2790
t=  297.00 +3.30e-15 | 0.0034  0.67      2    0      0      0 | 1.6515  0.04 | 3.06e-07 5.41e-11 |   4.1855 0.8586  0.2318  1.7101 0.500  0.67 | edge_dev mean=0.2004 max=0.3037 gg=0.0024 shape_dev=0.6486 xbar=0.2790
t=  298.00 +3.47e-15 | 0.0034  0.67      2    0      0      0 | 1.6553  0.04 | 3.42e-05 6.61e-08 |   4.0503 0.8308  0.2996  1.6967 0.500  0.67 | edge_dev mean=0.2013 max=0.3023 gg=0.0084 shape_dev=0.6512 xbar=0.2700
t=  299.00 +3.47e-15 | 0.0034  0.67      2    0      0      0 | 1.6566  0.04 | 6.56e-06 2.05e-08 |   4.0503 0.8308  0.2998  1.6968 0.500  0.67 | edge_dev mean=0.2015 max=0.3019 gg=0.0285 shape_dev=0.6520 xbar=0.2700
t=  300.00 +3.47e-15 | 0.0034  0.67      2    0      0      0 | 1.6568  0.04 | 1.26e-06 6.19e-09 |   4.0503 0.8308  0.2998  1.6968 0.500  0.67 | edge_dev mean=0.2016 max=0.3018 gg=0.0712 shape_dev=0.6522 xbar=0.2700
t=  301.00 +3.30e-15 | 0.0034  0.67      2    0      0      0 | 1.6568  0.04 | 2.41e-07 1.80e-09 |   4.0503 0.8308  0.2998  1.6968 0.500  0.67 | edge_dev mean=0.2016 max=0.3018 gg=0.1154 shape_dev=0.6522 xbar=0.2700
t=  302.00 +3.30e-15 | 0.0034  0.67      2    0      0      0 | 1.6569  0.04 | 4.64e-08 5.22e-10 |   4.0503 0.8308  0.2998  1.6968 0.500  0.67 | edge_dev mean=0.2016 max=0.3018 gg=0.1181 shape_dev=0.6522 xbar=0.2700
t=  303.00 +3.30e-15 | 0.0034  0.67      2    0      0      0 | 1.6569  0.04 | 8.91e-09 1.49e-10 |   4.0503 0.8308  0.2998  1.6968 0.500  0.67 | edge_dev mean=0.2016 max=0.3018 gg=0.0758 shape_dev=0.6522 xbar=0.2700
t=  304.00 +3.30e-15 | 0.0034  0.67      2    0      0      0 | 1.6569  0.04 | 1.72e-09 4.19e-11 |   4.0503 0.8308  0.2998  1.6968 0.500  0.67 | edge_dev mean=0.2016 max=0.3018 gg=0.0301 shape_dev=0.6522 xbar=0.2700
t=  305.00 +3.30e-15 | 0.0034  0.67      2    0      0      0 | 1.6569  0.04 | 3.33e-10 1.17e-11 |   4.0503 0.8308  0.2998  1.6968 0.500  0.67 | edge_dev mean=0.2016 max=0.3018 gg=0.0074 shape_dev=0.6522 xbar=0.2700
t=  306.00 +3.30e-15 | 0.0034  0.67      2    0      0      0 | 1.6569  0.04 | 6.47e-11 3.23e-12 |   4.0503 0.8308  0.2998  1.6968 0.500  0.67 | edge_dev mean=0.2016 max=0.3018 gg=0.0014 shape_dev=0.6522 xbar=0.2700
t=  307.00 +3.30e-15 | 0.0034  0.67      2    0      0      0 | 1.6569  0.04 | 1.27e-11 8.82e-13 |   4.0503 0.8308  0.2998  1.6968 0.500  0.67 | edge_dev mean=0.2016 max=0.3018 gg=0.0007 shape_dev=0.6522 xbar=0.2700
t=  308.00 +3.30e-15 | 0.0034  0.67      2    0      0      0 | 1.6569  0.04 | 2.50e-12 2.40e-13 |   4.0503 0.8308  0.2998  1.6968 0.500  0.67 | edge_dev mean=0.2016 max=0.3018 gg=0.0009 shape_dev=0.6522 xbar=0.2700
t=  309.00 +3.30e-15 | 0.0034  0.67      2    0      0      0 | 1.6569  0.04 | 5.00e-13 6.65e-14 |   4.0503 0.8308  0.2998  1.6968 0.500  0.67 | edge_dev mean=0.2016 max=0.3018 gg=0.0017 shape_dev=0.6522 xbar=0.2700
t=  310.00 +3.30e-15 | 0.0034  0.67      2    0      0      0 | 1.6569  0.04 | 1.02e-13 1.86e-14 |   4.0503 0.8308  0.2998  1.6968 0.500  0.67 | edge_dev mean=0.2016 max=0.3018 gg=0.0037 shape_dev=0.6522 xbar=0.2700
t=  311.00 +3.12e-15 | 0.0034  0.67      2    0      0      0 | 1.6569  0.04 | 2.15e-14 5.30e-15 |   4.0503 0.8308  0.2998  1.6968 0.500  0.67 | edge_dev mean=0.2016 max=0.3018 gg=0.0077 shape_dev=0.6522 xbar=0.2700
t=  312.00 +3.30e-15 | 0.0034  0.67      2    0      0      0 | 1.6569  0.04 | 4.82e-15 1.76e-15 |   4.0503 0.8308  0.2998  1.6968 0.500  0.67 | edge_dev mean=0.2016 max=0.3018 gg=0.0139 shape_dev=0.6522 xbar=0.2700
t=  313.00 +3.12e-15 | 0.0034  0.67      2    0      0      0 | 1.6569  0.04 | 1.13e-15 7.00e-16 |   4.0503 0.8308  0.2998  1.6968 0.500  0.67 | edge_dev mean=0.2016 max=0.3018 gg=0.0207 shape_dev=0.6522 xbar=0.2700
t=  314.00 +2.95e-15 | 0.0034  0.67      2    0      0      0 | 1.6569  0.04 | 4.89e-16 3.01e-16 |   4.0503 0.8308  0.2998  1.6968 0.500  0.67 | edge_dev mean=0.2016 max=0.3018 gg=0.0260 shape_dev=0.6522 xbar=0.2700
t=  315.00 +2.78e-15 | 0.0034  0.67      2    0      0      0 | 1.6569  0.04 | 4.44e-16 3.64e-16 |   4.0503 0.8308  0.2998  1.6968 0.500  0.67 | edge_dev mean=0.2016 max=0.3018 gg=0.0333 shape_dev=0.6522 xbar=0.2700
t=  316.00 +2.60e-15 | 0.0034  0.67      2    0      0      0 | 1.6569  0.04 | 4.26e-16 4.46e-16 |   4.0503 0.8308  0.2998  1.6968 0.500  0.67 | edge_dev mean=0.2016 max=0.3018 gg=0.0566 shape_dev=0.6522 xbar=0.2700
t=  317.00 +2.60e-15 | 0.0034  0.00      0    0      0      0 | 0.0000  0.00 | 0.00e+00 0.00e+00 |   4.3192 0.8860  0.1697  1.7216 0.167  0.00 | edge_dev mean=0.2016 max=0.3018 gg=0.1238 shape_dev=0.6522 xbar=0.2879
t=  318.00 +2.60e-15 | 0.0034  0.00      0    0      0      0 | 0.0000  0.00 | 0.00e+00 0.00e+00 |   4.3192 0.8860  0.1697  1.7216 0.167  0.00 | edge_dev mean=0.2016 max=0.3018 gg=0.1692 shape_dev=0.6522 xbar=0.2879
t=  319.00 +2.43e-15 | 0.0034  0.00      0    0      0      0 | 0.0000  0.00 | 0.00e+00 0.00e+00 |   4.3192 0.8860  0.1697  1.7216 0.167  0.00 | edge_dev mean=0.2016 max=0.3018 gg=0.1914 shape_dev=0.6522 xbar=0.2879
t=  320.00 +2.43e-15 | 0.0034  0.00      0    0      0      0 | 0.0000  0.00 | 0.00e+00 0.00e+00 |   4.3192 0.8860  0.1697  1.7216 0.167  0.00 | edge_dev mean=0.2016 max=0.3018 gg=0.1555 shape_dev=0.6522 xbar=0.2879
t=  321.00 +2.43e-15 | 0.0034  0.00      0    0      0      0 | 0.0000  0.00 | 0.00e+00 0.00e+00 |   4.3192 0.8860  0.1697  1.7216 0.167  0.00 | edge_dev mean=0.2016 max=0.3018 gg=0.0896 shape_dev=0.6522 xbar=0.2879
t=  322.00 +2.26e-15 | 0.0034  0.00      0    0      0      0 | 0.0000  0.00 | 0.00e+00 0.00e+00 |   4.3192 0.8860  0.1697  1.7216 0.167  0.00 | edge_dev mean=0.2016 max=0.3018 gg=0.0381 shape_dev=0.6522 xbar=0.2879
t=  323.00 +2.08e-15 | 0.0034  0.00      0    0      0      0 | 0.0000  0.00 | 0.00e+00 0.00e+00 |   4.3192 0.8860  0.1697  1.7216 0.167  0.00 | edge_dev mean=0.2016 max=0.3018 gg=0.0150 shape_dev=0.6522 xbar=0.2879
t=  324.00 +2.08e-15 | 0.0034  0.00      0    0      0      0 | 0.0000  0.00 | 0.00e+00 0.00e+00 |   4.3192 0.8860  0.1697  1.7216 0.167  0.00 | edge_dev mean=0.2016 max=0.3018 gg=0.0104 shape_dev=0.6522 xbar=0.2879
t=  325.00 +1.91e-15 | 0.0034  0.00      0    0      0      0 | 0.0000  0.00 | 0.00e+00 0.00e+00 |   4.3192 0.8860  0.1697  1.7216 0.167  0.00 | edge_dev mean=0.2016 max=0.3018 gg=0.0220 shape_dev=0.6522 xbar=0.2879
t=  326.00 +1.91e-15 | 0.0034  0.00      0    0      0      0 | 0.0000  0.00 | 0.00e+00 0.00e+00 |   4.3192 0.8860  0.1697  1.7216 0.167  0.00 | edge_dev mean=0.2016 max=0.3018 gg=0.0584 shape_dev=0.6522 xbar=0.2879
t=  327.00 +1.91e-15 | 0.0034  0.00      0    0      0      0 | 0.0000  0.00 | 0.00e+00 0.00e+00 |   4.3192 0.8860  0.1697  1.7216 0.167  0.00 | edge_dev mean=0.2016 max=0.3018 gg=0.1064 shape_dev=0.6522 xbar=0.2879
t=  328.00 +1.91e-15 | 0.0034  0.00      0    0      0      0 | 0.0000  0.00 | 0.00e+00 0.00e+00 |   4.3192 0.8860  0.1697  1.7216 0.167  0.00 | edge_dev mean=0.2016 max=0.3018 gg=0.1228 shape_dev=0.6522 xbar=0.2879
t=  329.00 +1.73e-15 | 0.0034  0.00      0    0      0      0 | 0.0000  0.00 | 0.00e+00 0.00e+00 |   4.3192 0.8860  0.1697  1.7216 0.167  0.00 | edge_dev mean=0.2016 max=0.3018 gg=0.0889 shape_dev=0.6522 xbar=0.2879
t=  330.00 +1.73e-15 | 0.0034  0.00      0    0      0      0 | 0.0000  0.00 | 0.00e+00 0.00e+00 |   4.3192 0.8860  0.1697  1.7216 0.167  0.00 | edge_dev mean=0.2016 max=0.3018 gg=0.0403 shape_dev=0.6522 xbar=0.2879
t=  331.00 +1.56e-15 | 0.0034  0.00      0    0      0      0 | 0.0000  0.00 | 0.00e+00 0.00e+00 |   4.5637 0.9362  0.0710  1.7339 0.167  0.00 | edge_dev mean=0.2016 max=0.3018 gg=0.0162 shape_dev=0.6522 xbar=0.3042
t=  332.00 +1.56e-15 | 0.0034  0.00      0    0      0      0 | 0.0000  0.00 | 0.00e+00 0.00e+00 |   4.5637 0.9362  0.0710  1.7339 0.167  0.00 | edge_dev mean=0.2016 max=0.3018 gg=0.0622 shape_dev=0.6522 xbar=0.3042
t=  333.00 +1.56e-15 | 0.0034  0.00      0    0      0      0 | 0.0000  0.00 | 0.00e+00 0.00e+00 |   4.5637 0.9362  0.0710  1.7339 0.167  0.00 | edge_dev mean=0.2016 max=0.3018 gg=0.0606 shape_dev=0.6522 xbar=0.3042
t=  334.00 +1.73e-15 | 0.0034  0.00      0    0      0      0 | 0.0000  0.00 | 0.00e+00 0.00e+00 |   4.5637 0.9362  0.0710  1.7339 0.167  0.00 | edge_dev mean=0.2016 max=0.3018 gg=0.0054 shape_dev=0.6522 xbar=0.3042
t=  335.00 +1.73e-15 | 0.0034  0.00      0    0      0      0 | 0.0000  0.00 | 0.00e+00 0.00e+00 |   4.5637 0.9362  0.0710  1.7339 0.167  0.00 | edge_dev mean=0.2016 max=0.3018 gg=0.0000 shape_dev=0.6522 xbar=0.3042
t=  336.00 +1.73e-15 | 0.0034  0.00      0    0      0      0 | 0.0000  0.00 | 0.00e+00 0.00e+00 |   4.5637 0.9362  0.0710  1.7339 0.167  0.00 | edge_dev mean=0.2016 max=0.3018 gg=0.0000 shape_dev=0.6522 xbar=0.3042
t=  337.00 +1.73e-15 | 0.0034  0.00      0    0      0      0 | 0.0000  0.00 | 0.00e+00 0.00e+00 |   4.5637 0.9362  0.0710  1.7339 0.167  0.00 | edge_dev mean=0.2016 max=0.3018 gg=0.0000 shape_dev=0.6522 xbar=0.3042
t=  338.00 +1.73e-15 | 0.0034  0.00      0    0      0      0 | 0.0000  0.00 | 0.00e+00 0.00e+00 |   4.5637 0.9362  0.0710  1.7339 0.167  0.00 | edge_dev mean=0.2016 max=0.3018 gg=0.0025 shape_dev=0.6522 xbar=0.3042
t=  339.00 +1.73e-15 | 0.0034  0.00      0    0      0      0 | 0.0000  0.00 | 0.00e+00 0.00e+00 |   4.5637 0.9362  0.0710  1.7339 0.167  0.00 | edge_dev mean=0.2016 max=0.3018 gg=0.0323 shape_dev=0.6522 xbar=0.3042
t=  340.00 +1.73e-15 | 0.0034  0.00      0    0      0      0 | 0.0000  0.00 | 0.00e+00 0.00e+00 |   4.5637 0.9362  0.0710  1.7339 0.167  0.00 | edge_dev mean=0.2016 max=0.3018 gg=0.1033 shape_dev=0.6522 xbar=0.3042
t=  341.00 +1.73e-15 | 0.0034  0.00      0    0      0      0 | 0.0000  0.00 | 0.00e+00 0.00e+00 |   4.5637 0.9362  0.0710  1.7339 0.167  0.00 | edge_dev mean=0.2016 max=0.3018 gg=0.0923 shape_dev=0.6522 xbar=0.3042
t=  342.00 +1.73e-15 | 0.0034  0.00      0    0      0      0 | 0.0000  0.00 | 0.00e+00 0.00e+00 |   4.5637 0.9362  0.0710  1.7339 0.167  0.00 | edge_dev mean=0.2016 max=0.3018 gg=0.0388 shape_dev=0.6522 xbar=0.3042
t=  343.00 +1.73e-15 | 0.0034  0.00      0    0      0      0 | 0.0000  0.00 | 0.00e+00 0.00e+00 |   4.5637 0.9362  0.0710  1.7339 0.167  0.00 | edge_dev mean=0.2016 max=0.3018 gg=0.0660 shape_dev=0.6522 xbar=0.3042
t=  344.00 +1.73e-15 | 0.0034  0.00      0    0      0      0 | 0.0000  0.00 | 0.00e+00 0.00e+00 |   4.5637 0.9362  0.0710  1.7339 0.167  0.00 | edge_dev mean=0.2016 max=0.3018 gg=0.1772 shape_dev=0.6522 xbar=0.3042
t=  345.00 +1.91e-15 | 0.0034  0.00      0    0      0      0 | 0.0000  0.00 | 0.00e+00 0.00e+00 |   4.5637 0.9362  0.0710  1.7339 0.167  0.00 | edge_dev mean=0.2016 max=0.3018 gg=0.1827 shape_dev=0.6522 xbar=0.3042
t=  346.00 +1.91e-15 | 0.0034  0.00      0    0      0      0 | 0.0000  0.00 | 0.00e+00 0.00e+00 |   4.5637 0.9362  0.0710  1.7339 0.167  0.00 | edge_dev mean=0.2016 max=0.3018 gg=0.1041 shape_dev=0.6522 xbar=0.3042
t=  347.00 +1.91e-15 | 0.0034  0.00      0    0      0      0 | 0.0000  0.00 | 0.00e+00 0.00e+00 |   4.5637 0.9362  0.0710  1.7339 0.167  0.00 | edge_dev mean=0.2016 max=0.3018 gg=0.0495 shape_dev=0.6522 xbar=0.3042
t=  348.00 +1.91e-15 | 0.0034  0.00      0    0      0      0 | 0.0000  0.00 | 0.00e+00 0.00e+00 |   4.5637 0.9362  0.0710  1.7339 0.167  0.00 | edge_dev mean=0.2016 max=0.3018 gg=0.0166 shape_dev=0.6522 xbar=0.3042
t=  349.00 +1.91e-15 | 0.0034  0.00      0    0      0      0 | 0.0000  0.00 | 0.00e+00 0.00e+00 |   4.5637 0.9362  0.0710  1.7339 0.167  0.00 | edge_dev mean=0.2016 max=0.3018 gg=0.0051 shape_dev=0.6522 xbar=0.3042
t=  350.00 +1.91e-15 | 0.0034  0.00      0    0      0      0 | 0.0000  0.00 | 0.00e+00 0.00e+00 |   4.5637 0.9362  0.0710  1.7339 0.167  0.00 | edge_dev mean=0.2016 max=0.3018 gg=0.0037 shape_dev=0.6522 xbar=0.3042
t=  351.00 +1.91e-15 | 0.0034  0.00      0    0      0      0 | 0.0000  0.00 | 0.00e+00 0.00e+00 |   4.5637 0.9362  0.0710  1.7339 0.167  0.00 | edge_dev mean=0.2016 max=0.3018 gg=0.0133 shape_dev=0.6522 xbar=0.3042
t=  352.00 +1.91e-15 | 0.0034  0.00      0    0      0      0 | 0.0000  0.00 | 0.00e+00 0.00e+00 |   4.5637 0.9362  0.0710  1.7339 0.167  0.00 | edge_dev mean=0.2016 max=0.3018 gg=0.0450 shape_dev=0.6522 xbar=0.3042
t=  353.00 +1.91e-15 | 0.0034  0.00      0    0      0      0 | 0.0000  0.00 | 0.00e+00 0.00e+00 |   4.5637 0.9362  0.0710  1.7339 0.167  0.00 | edge_dev mean=0.2016 max=0.3018 gg=0.0946 shape_dev=0.6522 xbar=0.3042
t=  354.00 +1.91e-15 | 0.0034  0.00      0    0      0      0 | 0.0000  0.00 | 0.00e+00 0.00e+00 |   4.5637 0.9362  0.0710  1.7339 0.167  0.00 | edge_dev mean=0.2016 max=0.3018 gg=0.1276 shape_dev=0.6522 xbar=0.3042
t=  355.00 +1.91e-15 | 0.0034  0.00      0    0      0      0 | 0.0000  0.00 | 0.00e+00 0.00e+00 |   4.5637 0.9362  0.0710  1.7339 0.167  0.00 | edge_dev mean=0.2016 max=0.3018 gg=0.1553 shape_dev=0.6522 xbar=0.3042
t=  356.00 +1.91e-15 | 0.0034  0.00      0    0      0      0 | 0.0000  0.00 | 0.00e+00 0.00e+00 |   4.5637 0.9362  0.0710  1.7339 0.167  0.00 | edge_dev mean=0.2016 max=0.3018 gg=0.2359 shape_dev=0.6522 xbar=0.3042
t=  357.00 +1.91e-15 | 0.0034  0.00      0    0      0      0 | 0.0000  0.00 | 0.00e+00 0.00e+00 |   4.5637 0.9362  0.0710  1.7339 0.167  0.00 | edge_dev mean=0.2016 max=0.3018 gg=0.1359 shape_dev=0.6522 xbar=0.3042
t=  358.00 +1.91e-15 | 0.0034  0.00      0    0      0      0 | 0.0000  0.00 | 0.00e+00 0.00e+00 |   4.5637 0.9362  0.0710  1.7339 0.167  0.00 | edge_dev mean=0.2016 max=0.3018 gg=0.0195 shape_dev=0.6522 xbar=0.3042
t=  359.00 +1.91e-15 | 0.0034  0.00      0    0      0      0 | 0.0000  0.00 | 0.00e+00 0.00e+00 |   4.5637 0.9362  0.0710  1.7339 0.167  0.00 | edge_dev mean=0.2016 max=0.3018 gg=0.0009 shape_dev=0.6522 xbar=0.3042
t=  360.00 +2.08e-15 | 0.0034  0.00      0    0      0      0 | 0.0000  0.00 | 0.00e+00 0.00e+00 |   4.5637 0.9362  0.0710  1.7339 0.167  0.00 | edge_dev mean=0.2016 max=0.3018 gg=0.0000 shape_dev=0.6522 xbar=0.3042
t=  361.00 +1.91e-15 | 0.0034  0.00      0    0      0      0 | 0.0000  0.00 | 0.00e+00 0.00e+00 |   4.5637 0.9362  0.0710  1.7339 0.167  0.00 | edge_dev mean=0.2016 max=0.3018 gg=0.0000 shape_dev=0.6522 xbar=0.3042
t=  362.00 +2.08e-15 | 0.0034  0.00      0    0      0      0 | 0.0000  0.00 | 0.00e+00 0.00e+00 |   4.5637 0.9362  0.0710  1.7339 0.167  0.00 | edge_dev mean=0.2016 max=0.3018 gg=0.0000 shape_dev=0.6522 xbar=0.3042
t=  363.00 +2.08e-15 | 0.0034  0.00      0    0      0      0 | 0.0000  0.00 | 0.00e+00 0.00e+00 |   4.5637 0.9362  0.0710  1.7339 0.167  0.00 | edge_dev mean=0.2016 max=0.3018 gg=0.0000 shape_dev=0.6522 xbar=0.3042
t=  364.00 +2.08e-15 | 0.0034  0.00      0    0      0      0 | 0.0000  0.00 | 0.00e+00 0.00e+00 |   4.5637 0.9362  0.0710  1.7339 0.167  0.00 | edge_dev mean=0.2016 max=0.3018 gg=0.0000 shape_dev=0.6522 xbar=0.3042
t=  365.00 +2.08e-15 | 0.0034  0.00      0    0      0      0 | 0.0000  0.00 | 0.00e+00 0.00e+00 |   4.5637 0.9362  0.0710  1.7339 0.167  0.00 | edge_dev mean=0.2016 max=0.3018 gg=0.0000 shape_dev=0.6522 xbar=0.3042
t=  366.00 +2.08e-15 | 0.0034  0.00      0    0      0      0 | 0.0000  0.00 | 0.00e+00 0.00e+00 |   4.5637 0.9362  0.0710  1.7339 0.167  0.00 | edge_dev mean=0.2016 max=0.3018 gg=0.0004 shape_dev=0.6522 xbar=0.3042
t=  367.00 +2.08e-15 | 0.0034  0.00      0    0      0      0 | 0.0000  0.00 | 0.00e+00 0.00e+00 |   4.5637 0.9362  0.0710  1.7339 0.167  0.00 | edge_dev mean=0.2016 max=0.3018 gg=0.0187 shape_dev=0.6522 xbar=0.3042
t=  368.00 +2.08e-15 | 0.0034  0.00      0    0      0      0 | 0.0000  0.00 | 0.00e+00 0.00e+00 |   4.5637 0.9362  0.0710  1.7339 0.167  0.00 | edge_dev mean=0.2016 max=0.3018 gg=0.0877 shape_dev=0.6522 xbar=0.3042
t=  369.00 +2.08e-15 | 0.0034  0.00      0    0      0      0 | 0.0000  0.00 | 0.00e+00 0.00e+00 |   4.5637 0.9362  0.0710  1.7339 0.167  0.00 | edge_dev mean=0.2016 max=0.3018 gg=0.0670 shape_dev=0.6522 xbar=0.3042
t=  370.00 +2.26e-15 | 0.0034  0.00      0    0      0      0 | 0.0000  0.00 | 0.00e+00 0.00e+00 |   4.5637 0.9362  0.0710  1.7339 0.167  0.00 | edge_dev mean=0.2016 max=0.3018 gg=0.0899 shape_dev=0.6522 xbar=0.3042
t=  371.00 +2.26e-15 | 0.0034  0.00      0    0      0      0 | 0.0000  0.00 | 0.00e+00 0.00e+00 |   4.5637 0.9362  0.0710  1.7339 0.167  0.00 | edge_dev mean=0.2016 max=0.3018 gg=0.1808 shape_dev=0.6522 xbar=0.3042
t=  372.00 +2.08e-15 | 0.0034  0.00      0    0      0      0 | 0.0000  0.00 | 0.00e+00 0.00e+00 |   4.5637 0.9362  0.0710  1.7339 0.167  0.00 | edge_dev mean=0.2016 max=0.3018 gg=0.2402 shape_dev=0.6522 xbar=0.3042
t=  373.00 +2.26e-15 | 0.0034  0.00      0    0      0      0 | 0.0000  0.00 | 0.00e+00 0.00e+00 |   4.5637 0.9362  0.0710  1.7339 0.167  0.00 | edge_dev mean=0.2016 max=0.3018 gg=0.1492 shape_dev=0.6522 xbar=0.3042
t=  374.00 +2.26e-15 | 0.0034  0.00      0    0      0      0 | 0.0000  0.00 | 0.00e+00 0.00e+00 |   4.5637 0.9362  0.0710  1.7339 0.167  0.00 | edge_dev mean=0.2016 max=0.3018 gg=0.0485 shape_dev=0.6522 xbar=0.3042
t=  375.00 +2.26e-15 | 0.0034  0.00      0    0      0      0 | 0.0000  0.00 | 0.00e+00 0.00e+00 |   4.5637 0.9362  0.0710  1.7339 0.167  0.00 | edge_dev mean=0.2016 max=0.3018 gg=0.0162 shape_dev=0.6522 xbar=0.3042
t=  376.00 +2.26e-15 | 0.0034  0.00      0    0      0      0 | 0.0000  0.00 | 0.00e+00 0.00e+00 |   4.5637 0.9362  0.0710  1.7339 0.167  0.00 | edge_dev mean=0.2016 max=0.3018 gg=0.0098 shape_dev=0.6522 xbar=0.3042
t=  377.00 +2.26e-15 | 0.0034  0.00      0    0      0      0 | 0.0000  0.00 | 0.00e+00 0.00e+00 |   4.5637 0.9362  0.0710  1.7339 0.167  0.00 | edge_dev mean=0.2016 max=0.3018 gg=0.0149 shape_dev=0.6522 xbar=0.3042
t=  378.00 +2.26e-15 | 0.0034  0.00      0    0      0      0 | 0.0000  0.00 | 0.00e+00 0.00e+00 |   4.5637 0.9362  0.0710  1.7339 0.167  0.00 | edge_dev mean=0.2016 max=0.3018 gg=0.0394 shape_dev=0.6522 xbar=0.3042
t=  379.00 +2.26e-15 | 0.0034  0.00      0    0      0      0 | 0.0000  0.00 | 0.00e+00 0.00e+00 |   4.5637 0.9362  0.0710  1.7339 0.167  0.00 | edge_dev mean=0.2016 max=0.3018 gg=0.1086 shape_dev=0.6522 xbar=0.3042
t=  380.00 +2.26e-15 | 0.0034  0.00      0    0      0      0 | 0.0000  0.00 | 0.00e+00 0.00e+00 |   4.5637 0.9362  0.0710  1.7339 0.167  0.00 | edge_dev mean=0.2016 max=0.3018 gg=0.2033 shape_dev=0.6522 xbar=0.3042
t=  381.00 +2.43e-15 | 0.0034  0.00      0    0      0      0 | 0.0000  0.00 | 0.00e+00 0.00e+00 |   4.5637 0.9362  0.0710  1.7339 0.167  0.00 | edge_dev mean=0.2016 max=0.3018 gg=0.1378 shape_dev=0.6522 xbar=0.3042
t=  382.00 +2.43e-15 | 0.0034  0.00      0    0      0      0 | 0.0000  0.00 | 0.00e+00 0.00e+00 |   4.5637 0.9362  0.0710  1.7339 0.167  0.00 | edge_dev mean=0.2016 max=0.3018 gg=0.0652 shape_dev=0.6522 xbar=0.3042
t=  383.00 +2.43e-15 | 0.0034  0.00      0    0      0      0 | 0.0000  0.00 | 0.00e+00 0.00e+00 |   4.5637 0.9362  0.0710  1.7339 0.167  0.00 | edge_dev mean=0.2016 max=0.3018 gg=0.0229 shape_dev=0.6522 xbar=0.3042
t=  384.00 +2.43e-15 | 0.0034  0.00      0    0      0      0 | 0.0000  0.00 | 0.00e+00 0.00e+00 |   4.5637 0.9362  0.0710  1.7339 0.167  0.00 | edge_dev mean=0.2016 max=0.3018 gg=0.0048 shape_dev=0.6522 xbar=0.3042
t=  385.00 +2.43e-15 | 0.0034  0.00      0    0      0      0 | 0.0000  0.00 | 0.00e+00 0.00e+00 |   4.5637 0.9362  0.0710  1.7339 0.167  0.00 | edge_dev mean=0.2016 max=0.3018 gg=0.0009 shape_dev=0.6522 xbar=0.3042
t=  386.00 +2.43e-15 | 0.0034  0.00      0    0      0      0 | 0.0000  0.00 | 0.00e+00 0.00e+00 |   4.5637 0.9362  0.0710  1.7339 0.167  0.00 | edge_dev mean=0.2016 max=0.3018 gg=0.0096 shape_dev=0.6522 xbar=0.3042
t=  387.00 +2.43e-15 | 0.0034  0.00      0    0      0      0 | 0.0000  0.00 | 0.00e+00 0.00e+00 |   4.5637 0.9362  0.0710  1.7339 0.167  0.00 | edge_dev mean=0.2016 max=0.3018 gg=0.0644 shape_dev=0.6522 xbar=0.3042
t=  388.00 +2.43e-15 | 0.0034  0.00      0    0      0      0 | 0.0000  0.00 | 0.00e+00 0.00e+00 |   4.5637 0.9362  0.0710  1.7339 0.167  0.00 | edge_dev mean=0.2016 max=0.3018 gg=0.1130 shape_dev=0.6522 xbar=0.3042
t=  389.00 +2.43e-15 | 0.0034  0.00      0    0      0      0 | 0.0000  0.00 | 0.00e+00 0.00e+00 |   4.5637 0.9362  0.0710  1.7339 0.167  0.00 | edge_dev mean=0.2016 max=0.3018 gg=0.0542 shape_dev=0.6522 xbar=0.3042
t=  390.00 +2.43e-15 | 0.0034  0.00      0    0      0      0 | 0.0000  0.00 | 0.00e+00 0.00e+00 |   4.5637 0.9362  0.0710  1.7339 0.167  0.00 | edge_dev mean=0.2016 max=0.3018 gg=0.0076 shape_dev=0.6522 xbar=0.3042
t=  391.00 +2.60e-15 | 0.0034  0.00      0    0      0      0 | 0.0000  0.00 | 0.00e+00 0.00e+00 |   4.5637 0.9362  0.0710  1.7339 0.167  0.00 | edge_dev mean=0.2016 max=0.3018 gg=0.0318 shape_dev=0.6522 xbar=0.3042
t=  392.00 +2.43e-15 | 0.0034  0.00      0    0      0      0 | 0.0000  0.00 | 0.00e+00 0.00e+00 |   4.5637 0.9362  0.0710  1.7339 0.167  0.00 | edge_dev mean=0.2016 max=0.3018 gg=0.0800 shape_dev=0.6522 xbar=0.3042
t=  393.00 +2.43e-15 | 0.0034  0.00      0    0      0      0 | 0.0000  0.00 | 0.00e+00 0.00e+00 |   4.5637 0.9362  0.0710  1.7339 0.167  0.00 | edge_dev mean=0.2016 max=0.3018 gg=0.0191 shape_dev=0.6522 xbar=0.3042
t=  394.00 +2.60e-15 | 0.0034  0.00      0    0      0      0 | 0.0000  0.00 | 0.00e+00 0.00e+00 |   4.5637 0.9362  0.0710  1.7339 0.167  0.00 | edge_dev mean=0.2016 max=0.3018 gg=0.0034 shape_dev=0.6522 xbar=0.3042
t=  395.00 +2.60e-15 | 0.0034  0.00      0    0      0      0 | 0.0000  0.00 | 0.00e+00 0.00e+00 |   4.5637 0.9362  0.0710  1.7339 0.167  0.00 | edge_dev mean=0.2016 max=0.3018 gg=0.0165 shape_dev=0.6522 xbar=0.3042
t=  396.00 +2.60e-15 | 0.0034  0.00      0    0      0      0 | 0.0000  0.00 | 0.00e+00 0.00e+00 |   4.5637 0.9362  0.0710  1.7339 0.167  0.00 | edge_dev mean=0.2016 max=0.3018 gg=0.0532 shape_dev=0.6522 xbar=0.3042
t=  397.00 +2.60e-15 | 0.0034  0.00      0    0      0      0 | 0.0000  0.00 | 0.00e+00 0.00e+00 |   4.5637 0.9362  0.0710  1.7339 0.167  0.00 | edge_dev mean=0.2016 max=0.3018 gg=0.1061 shape_dev=0.6522 xbar=0.3042
t=  398.00 +2.60e-15 | 0.0034  0.00      0    0      0      0 | 0.0000  0.00 | 0.00e+00 0.00e+00 |   4.5637 0.9362  0.0710  1.7339 0.167  0.00 | edge_dev mean=0.2016 max=0.3018 gg=0.1335 shape_dev=0.6522 xbar=0.3042
t=  399.00 +2.60e-15 | 0.0034  0.00      0    0      0      0 | 0.0000  0.00 | 0.00e+00 0.00e+00 |   4.5637 0.9362  0.0710  1.7339 0.167  0.00 | edge_dev mean=0.2016 max=0.3018 gg=0.1066 shape_dev=0.6522 xbar=0.3042
t=  400.00 +2.60e-15 | 0.0034  0.00      0    0      0      0 | 0.0000  0.00 | 0.00e+00 0.00e+00 |   4.5637 0.9362  0.0710  1.7339 0.167  0.00 | edge_dev mean=0.2016 max=0.3018 gg=0.0535 shape_dev=0.6522 xbar=0.3042
t=  401.00 +2.60e-15 | 0.0034  0.00      0    0      0      0 | 0.0000  0.00 | 0.00e+00 0.00e+00 |   4.5637 0.9362  0.0710  1.7339 0.167  0.00 | edge_dev mean=0.2016 max=0.3018 gg=0.0171 shape_dev=0.6522 xbar=0.3042
t=  402.00 +2.60e-15 | 0.0034  0.00      0    0      0      0 | 0.0000  0.00 | 0.00e+00 0.00e+00 |   4.5637 0.9362  0.0710  1.7339 0.167  0.00 | edge_dev mean=0.2016 max=0.3018 gg=0.0193 shape_dev=0.6522 xbar=0.3042
t=  403.00 +2.60e-15 | 0.0034  0.00      0    0      0      0 | 0.0000  0.00 | 0.00e+00 0.00e+00 |   4.5637 0.9362  0.0710  1.7339 0.167  0.00 | edge_dev mean=0.2016 max=0.3018 gg=0.1223 shape_dev=0.6522 xbar=0.3042
t=  404.00 +2.60e-15 | 0.0034  0.00      0    0      0      0 | 0.0000  0.00 | 0.00e+00 0.00e+00 |   4.5637 0.9362  0.0710  1.7339 0.167  0.00 | edge_dev mean=0.2016 max=0.3018 gg=0.2113 shape_dev=0.6522 xbar=0.3042
t=  405.00 +2.60e-15 | 0.0034  0.00      0    0      0      0 | 0.0000  0.00 | 0.00e+00 0.00e+00 |   4.5637 0.9362  0.0710  1.7339 0.167  0.00 | edge_dev mean=0.2016 max=0.3018 gg=0.1248 shape_dev=0.6522 xbar=0.3042
t=  406.00 +2.78e-15 | 0.0034  0.00      0    0      0      0 | 0.0000  0.00 | 0.00e+00 0.00e+00 |   4.5637 0.9362  0.0710  1.7339 0.167  0.00 | edge_dev mean=0.2016 max=0.3018 gg=0.1184 shape_dev=0.6522 xbar=0.3042
t=  407.00 +2.78e-15 | 0.0034  0.00      0    0      0      0 | 0.0000  0.00 | 0.00e+00 0.00e+00 |   4.5637 0.9362  0.0710  1.7339 0.167  0.00 | edge_dev mean=0.2016 max=0.3018 gg=0.1189 shape_dev=0.6522 xbar=0.3042
t=  408.00 +2.78e-15 | 0.0034  0.00      0    0      0      0 | 0.0000  0.00 | 0.00e+00 0.00e+00 |   4.5637 0.9362  0.0710  1.7339 0.167  0.00 | edge_dev mean=0.2016 max=0.3018 gg=0.0775 shape_dev=0.6522 xbar=0.3042
t=  409.00 +2.78e-15 | 0.0034  0.00      0    0      0      0 | 0.0000  0.00 | 0.00e+00 0.00e+00 |   4.5637 0.9362  0.0710  1.7339 0.167  0.00 | edge_dev mean=0.2016 max=0.3018 gg=0.0312 shape_dev=0.6522 xbar=0.3042
t=  410.00 +2.78e-15 | 0.0034  0.00      0    0      0      0 | 0.0000  0.00 | 0.00e+00 0.00e+00 |   4.5637 0.9362  0.0710  1.7339 0.167  0.00 | edge_dev mean=0.2016 max=0.3018 gg=0.0075 shape_dev=0.6522 xbar=0.3042
t=  411.00 +2.78e-15 | 0.0034  0.00      0    0      0      0 | 0.0000  0.00 | 0.00e+00 0.00e+00 |   4.5637 0.9362  0.0710  1.7339 0.167  0.00 | edge_dev mean=0.2016 max=0.3018 gg=0.0010 shape_dev=0.6522 xbar=0.3042
t=  412.00 +2.78e-15 | 0.0034  0.00      0    0      0      0 | 0.0000  0.00 | 0.00e+00 0.00e+00 |   4.5637 0.9362  0.0710  1.7339 0.167  0.00 | edge_dev mean=0.2016 max=0.3018 gg=0.0001 shape_dev=0.6522 xbar=0.3042
t=  413.00 +2.78e-15 | 0.0034  0.00      0    0      0      0 | 0.0000  0.00 | 0.00e+00 0.00e+00 |   4.5637 0.9362  0.0710  1.7339 0.167  0.00 | edge_dev mean=0.2016 max=0.3018 gg=0.0000 shape_dev=0.6522 xbar=0.3042
t=  414.00 +2.78e-15 | 0.0034  0.00      0    0      0      0 | 0.0000  0.00 | 0.00e+00 0.00e+00 |   4.5637 0.9362  0.0710  1.7339 0.167  0.00 | edge_dev mean=0.2016 max=0.3018 gg=0.0030 shape_dev=0.6522 xbar=0.3042
t=  415.00 +2.95e-15 | 0.0034  0.00      0    0      0      0 | 0.0000  0.00 | 0.00e+00 0.00e+00 |   4.5637 0.9362  0.0710  1.7339 0.167  0.00 | edge_dev mean=0.2016 max=0.3018 gg=0.0494 shape_dev=0.6522 xbar=0.3042
t=  416.00 +2.95e-15 | 0.0034  0.00      0    0      0      0 | 0.0000  0.00 | 0.00e+00 0.00e+00 |   4.5637 0.9362  0.0710  1.7339 0.167  0.00 | edge_dev mean=0.2016 max=0.3018 gg=0.0702 shape_dev=0.6522 xbar=0.3042
t=  417.00 +2.95e-15 | 0.0034  0.00      0    0      0      0 | 0.0000  0.00 | 0.00e+00 0.00e+00 |   4.5637 0.9362  0.0710  1.7339 0.167  0.00 | edge_dev mean=0.2016 max=0.3018 gg=0.0101 shape_dev=0.6522 xbar=0.3042
t=  418.00 +2.95e-15 | 0.0034  0.00      0    0      0      0 | 0.0000  0.00 | 0.00e+00 0.00e+00 |   4.5637 0.9362  0.0710  1.7339 0.167  0.00 | edge_dev mean=0.2016 max=0.3018 gg=0.0198 shape_dev=0.6522 xbar=0.3042
t=  419.00 +2.95e-15 | 0.0034  0.00      0    0      0      0 | 0.0000  0.00 | 0.00e+00 0.00e+00 |   4.5637 0.9362  0.0710  1.7339 0.167  0.00 | edge_dev mean=0.2016 max=0.3018 gg=0.0875 shape_dev=0.6522 xbar=0.3042
t=  420.00 +2.95e-15 | 0.0034  0.00      0    0      0      0 | 0.0000  0.00 | 0.00e+00 0.00e+00 |   4.5637 0.9362  0.0710  1.7339 0.167  0.00 | edge_dev mean=0.2016 max=0.3018 gg=0.1048 shape_dev=0.6522 xbar=0.3042
t=  421.00 +2.95e-15 | 0.0034  0.00      0    0      0      0 | 0.0000  0.00 | 0.00e+00 0.00e+00 |   4.5637 0.9362  0.0710  1.7339 0.167  0.00 | edge_dev mean=0.2016 max=0.3018 gg=0.0407 shape_dev=0.6522 xbar=0.3042
t=  422.00 +2.95e-15 | 0.0034  0.00      0    0      0      0 | 0.0000  0.00 | 0.00e+00 0.00e+00 |   4.5637 0.9362  0.0710  1.7339 0.167  0.00 | edge_dev mean=0.2016 max=0.3018 gg=0.0336 shape_dev=0.6522 xbar=0.3042
t=  423.00 +2.95e-15 | 0.0034  0.00      0    0      0      0 | 0.0000  0.00 | 0.00e+00 0.00e+00 |   4.5637 0.9362  0.0710  1.7339 0.167  0.00 | edge_dev mean=0.2016 max=0.3018 gg=0.0795 shape_dev=0.6522 xbar=0.3042
t=  424.00 +2.95e-15 | 0.0034  0.00      0    0      0      0 | 0.0000  0.00 | 0.00e+00 0.00e+00 |   4.5637 0.9362  0.0710  1.7339 0.167  0.00 | edge_dev mean=0.2016 max=0.3018 gg=0.1268 shape_dev=0.6522 xbar=0.3042
t=  425.00 +2.95e-15 | 0.0034  0.00      0    0      0      0 | 0.0000  0.00 | 0.00e+00 0.00e+00 |   4.5637 0.9362  0.0710  1.7339 0.167  0.00 | edge_dev mean=0.2016 max=0.3018 gg=0.1282 shape_dev=0.6522 xbar=0.3042
t=  426.00 +2.95e-15 | 0.0034  0.00      0    0      0      0 | 0.0000  0.00 | 0.00e+00 0.00e+00 |   4.5637 0.9362  0.0710  1.7339 0.167  0.00 | edge_dev mean=0.2016 max=0.3018 gg=0.0880 shape_dev=0.6522 xbar=0.3042
t=  427.00 +2.95e-15 | 0.0034  0.00      0    0      0      0 | 0.0000  0.00 | 0.00e+00 0.00e+00 |   4.5637 0.9362  0.0710  1.7339 0.167  0.00 | edge_dev mean=0.2016 max=0.3018 gg=0.0947 shape_dev=0.6522 xbar=0.3042
t=  428.00 +2.95e-15 | 0.0034  0.00      0    0      0      0 | 0.0000  0.00 | 0.00e+00 0.00e+00 |   4.5637 0.9362  0.0710  1.7339 0.167  0.00 | edge_dev mean=0.2016 max=0.3018 gg=0.0762 shape_dev=0.6522 xbar=0.3042
t=  429.00 +3.12e-15 | 0.0034  0.00      0    0      0      0 | 0.0000  0.00 | 0.00e+00 0.00e+00 |   4.5637 0.9362  0.0710  1.7339 0.167  0.00 | edge_dev mean=0.2016 max=0.3018 gg=0.0174 shape_dev=0.6522 xbar=0.3042
t=  430.00 +2.95e-15 | 0.0034  0.00      0    0      0      0 | 0.0000  0.00 | 0.00e+00 0.00e+00 |   4.5637 0.9362  0.0710  1.7339 0.167  0.00 | edge_dev mean=0.2016 max=0.3018 gg=0.0254 shape_dev=0.6522 xbar=0.3042
t=  431.00 +3.12e-15 | 0.0034  0.00      0    0      0      0 | 0.0000  0.00 | 0.00e+00 0.00e+00 |   4.5637 0.9362  0.0710  1.7339 0.167  0.00 | edge_dev mean=0.2016 max=0.3018 gg=0.0623 shape_dev=0.6522 xbar=0.3042
t=  432.00 +3.12e-15 | 0.0034  0.00      0    0      0      0 | 0.0000  0.00 | 0.00e+00 0.00e+00 |   4.5637 0.9362  0.0710  1.7339 0.167  0.00 | edge_dev mean=0.2016 max=0.3018 gg=0.1103 shape_dev=0.6522 xbar=0.3042
t=  433.00 +3.12e-15 | 0.0034  0.00      0    0      0      0 | 0.0000  0.00 | 0.00e+00 0.00e+00 |   4.5637 0.9362  0.0710  1.7339 0.167  0.00 | edge_dev mean=0.2016 max=0.3018 gg=0.1289 shape_dev=0.6522 xbar=0.3042
t=  434.00 +3.12e-15 | 0.0034  0.00      0    0      0      0 | 0.0000  0.00 | 0.00e+00 0.00e+00 |   4.5637 0.9362  0.0710  1.7339 0.167  0.00 | edge_dev mean=0.2016 max=0.3018 gg=0.1202 shape_dev=0.6522 xbar=0.3042
t=  435.00 +3.12e-15 | 0.0034  0.00      0    0      0      0 | 0.0000  0.00 | 0.00e+00 0.00e+00 |   4.5637 0.9362  0.0710  1.7339 0.167  0.00 | edge_dev mean=0.2016 max=0.3018 gg=0.1404 shape_dev=0.6522 xbar=0.3042
t=  436.00 +3.12e-15 | 0.0034  0.00      0    0      0      0 | 0.0000  0.00 | 0.00e+00 0.00e+00 |   4.5637 0.9362  0.0710  1.7339 0.167  0.00 | edge_dev mean=0.2016 max=0.3018 gg=0.1074 shape_dev=0.6522 xbar=0.3042
t=  437.00 +3.12e-15 | 0.0034  0.00      0    0      0      0 | 0.0000  0.00 | 0.00e+00 0.00e+00 |   4.5637 0.9362  0.0710  1.7339 0.167  0.00 | edge_dev mean=0.2016 max=0.3018 gg=0.0272 shape_dev=0.6522 xbar=0.3042
t=  438.00 +3.12e-15 | 0.0034  0.00      0    0      0      0 | 0.0000  0.00 | 0.00e+00 0.00e+00 |   4.5637 0.9362  0.0710  1.7339 0.167  0.00 | edge_dev mean=0.2016 max=0.3018 gg=0.0094 shape_dev=0.6522 xbar=0.3042
t=  439.00 +3.30e-15 | 0.0034  0.00      0    0      0      0 | 0.0000  0.00 | 0.00e+00 0.00e+00 |   4.5637 0.9362  0.0710  1.7339 0.167  0.00 | edge_dev mean=0.2016 max=0.3018 gg=0.0670 shape_dev=0.6522 xbar=0.3042
t=  440.00 +3.30e-15 | 0.0034  0.00      0    0      0      0 | 0.0000  0.00 | 0.00e+00 0.00e+00 |   4.5637 0.9362  0.0710  1.7339 0.167  0.00 | edge_dev mean=0.2016 max=0.3018 gg=0.0535 shape_dev=0.6522 xbar=0.3042
t=  441.00 +3.30e-15 | 0.0034  0.00      0    0      0      0 | 0.0000  0.00 | 0.00e+00 0.00e+00 |   4.5637 0.9362  0.0710  1.7339 0.167  0.00 | edge_dev mean=0.2016 max=0.3018 gg=0.0037 shape_dev=0.6522 xbar=0.3042
t=  442.00 +3.30e-15 | 0.0034  0.00      0    0      0      0 | 0.0000  0.00 | 0.00e+00 0.00e+00 |   4.5637 0.9362  0.0710  1.7339 0.167  0.00 | edge_dev mean=0.2016 max=0.3018 gg=0.0000 shape_dev=0.6522 xbar=0.3042
t=  443.00 +3.30e-15 | 0.0034  0.00      0    0      0      0 | 0.0000  0.00 | 0.00e+00 0.00e+00 |   4.5637 0.9362  0.0710  1.7339 0.167  0.00 | edge_dev mean=0.2016 max=0.3018 gg=0.0000 shape_dev=0.6522 xbar=0.3042
t=  444.00 +3.30e-15 | 0.0034  0.00      0    0      0      0 | 0.0000  0.00 | 0.00e+00 0.00e+00 |   4.5637 0.9362  0.0710  1.7339 0.167  0.00 | edge_dev mean=0.2016 max=0.3018 gg=0.0000 shape_dev=0.6522 xbar=0.3042
t=  445.00 +3.30e-15 | 0.0034  0.00      0    0      0      0 | 0.0000  0.00 | 0.00e+00 0.00e+00 |   4.5637 0.9362  0.0710  1.7339 0.167  0.00 | edge_dev mean=0.2016 max=0.3018 gg=0.0000 shape_dev=0.6522 xbar=0.3042
t=  446.00 +3.30e-15 | 0.0034  0.00      0    0      0      0 | 0.0000  0.00 | 0.00e+00 0.00e+00 |   4.1675 0.8549  0.1788  1.7347 0.167  0.00 | edge_dev mean=0.2016 max=0.3018 gg=0.0000 shape_dev=0.6522 xbar=0.2778
t=  447.00 +3.12e-15 | 0.0034  0.00      0    0      0      0 | 0.0000  0.00 | 0.00e+00 0.00e+00 |   4.1675 0.8549  0.1788  1.7347 0.167  0.00 | edge_dev mean=0.2016 max=0.3018 gg=0.0047 shape_dev=0.6522 xbar=0.2778
t=  448.00 +3.12e-15 | 0.0034  0.00      0    0      0      0 | 0.0000  0.00 | 0.00e+00 0.00e+00 |   4.1675 0.8549  0.1788  1.7347 0.167  0.00 | edge_dev mean=0.2016 max=0.3018 gg=0.0472 shape_dev=0.6522 xbar=0.2778
t=  449.00 +2.95e-15 | 0.0034  0.00      0    0      0      0 | 0.0000  0.00 | 0.00e+00 0.00e+00 |   4.1675 0.8549  0.1788  1.7347 0.167  0.00 | edge_dev mean=0.2016 max=0.3018 gg=0.0238 shape_dev=0.6522 xbar=0.2778
t=  450.00 +2.78e-15 | 0.0034  0.00      0    0      0      0 | 0.0000  0.00 | 0.00e+00 0.00e+00 |   4.1675 0.8549  0.1788  1.7347 0.167  0.00 | edge_dev mean=0.2016 max=0.3018 gg=0.0472 shape_dev=0.6522 xbar=0.2778
t=  451.00 +2.60e-15 | 0.0034  0.00      0    0      0      0 | 0.0000  0.00 | 0.00e+00 0.00e+00 |   4.1675 0.8549  0.1788  1.7347 0.167  0.00 | edge_dev mean=0.2016 max=0.3018 gg=0.1793 shape_dev=0.6522 xbar=0.2778
t=  452.00 +2.43e-15 | 0.0034  0.00      0    0      0      0 | 0.0000  0.00 | 0.00e+00 0.00e+00 |   4.4697 0.9169  0.0822  1.7353 0.167  0.00 | edge_dev mean=0.2016 max=0.3018 gg=0.1292 shape_dev=0.6522 xbar=0.2980
t=  453.00 +2.60e-15 | 0.0034  0.00      0    0      0      0 | 0.0000  0.00 | 0.00e+00 0.00e+00 |   4.4697 0.9169  0.0822  1.7353 0.167  0.00 | edge_dev mean=0.2016 max=0.3018 gg=0.0204 shape_dev=0.6522 xbar=0.2980
t=  454.00 +2.43e-15 | 0.0034  0.00      0    0      0      0 | 0.0000  0.00 | 0.00e+00 0.00e+00 |   4.4697 0.9169  0.0822  1.7353 0.167  0.00 | edge_dev mean=0.2016 max=0.3018 gg=0.0011 shape_dev=0.6522 xbar=0.2980
t=  455.00 +2.43e-15 | 0.0034  0.00      0    0      0      0 | 0.0000  0.00 | 0.00e+00 0.00e+00 |   4.4697 0.9169  0.0822  1.7353 0.167  0.00 | edge_dev mean=0.2016 max=0.3018 gg=0.0020 shape_dev=0.6522 xbar=0.2980
t=  456.00 +2.43e-15 | 0.0034  0.00      0    0      0      0 | 0.0000  0.00 | 0.00e+00 0.00e+00 |   4.4697 0.9169  0.0822  1.7353 0.167  0.00 | edge_dev mean=0.2016 max=0.3018 gg=0.0124 shape_dev=0.6522 xbar=0.2980
t=  457.00 +2.43e-15 | 0.0034  0.00      0    0      0      0 | 0.0000  0.00 | 0.00e+00 0.00e+00 |   4.4697 0.9169  0.0822  1.7353 0.167  0.00 | edge_dev mean=0.2016 max=0.3018 gg=0.0437 shape_dev=0.6522 xbar=0.2980
t=  458.00 +2.43e-15 | 0.0034  0.00      0    0      0      0 | 0.0000  0.00 | 0.00e+00 0.00e+00 |   4.4697 0.9169  0.0822  1.7353 0.167  0.00 | edge_dev mean=0.2016 max=0.3018 gg=0.0936 shape_dev=0.6522 xbar=0.2980
t=  459.00 +2.43e-15 | 0.0034  0.00      0    0      0      0 | 0.0000  0.00 | 0.00e+00 0.00e+00 |   4.4697 0.9169  0.0822  1.7353 0.167  0.00 | edge_dev mean=0.2016 max=0.3018 gg=0.1246 shape_dev=0.6522 xbar=0.2980
t=  460.00 +2.43e-15 | 0.0034  0.00      0    0      0      0 | 0.0000  0.00 | 0.00e+00 0.00e+00 |   4.4697 0.9169  0.0822  1.7353 0.167  0.00 | edge_dev mean=0.2016 max=0.3018 gg=0.1040 shape_dev=0.6522 xbar=0.2980
t=  461.00 +2.43e-15 | 0.0034  0.00      0    0      0      0 | 0.0000  0.00 | 0.00e+00 0.00e+00 |   4.4697 0.9169  0.0822  1.7353 0.167  0.00 | edge_dev mean=0.2016 max=0.3018 gg=0.0547 shape_dev=0.6522 xbar=0.2980
t=  462.00 +2.26e-15 | 0.0034  0.00      0    0      0      0 | 0.0000  0.00 | 0.00e+00 0.00e+00 |   4.4697 0.9169  0.0822  1.7353 0.167  0.00 | edge_dev mean=0.2016 max=0.3018 gg=0.0380 shape_dev=0.6522 xbar=0.2980
t=  463.00 +2.26e-15 | 0.0034  0.00      0    0      0      0 | 0.0000  0.00 | 0.00e+00 0.00e+00 |   4.4697 0.9169  0.0822  1.7353 0.167  0.00 | edge_dev mean=0.2016 max=0.3018 gg=0.1124 shape_dev=0.6522 xbar=0.2980
t=  464.00 +2.26e-15 | 0.0034  0.00      0    0      0      0 | 0.0000  0.00 | 0.00e+00 0.00e+00 |   4.4697 0.9169  0.0822  1.7353 0.167  0.00 | edge_dev mean=0.2016 max=0.3018 gg=0.1240 shape_dev=0.6522 xbar=0.2980
t=  465.00 +2.26e-15 | 0.0034  0.00      0    0      0      0 | 0.0000  0.00 | 0.00e+00 0.00e+00 |   4.4697 0.9169  0.0822  1.7353 0.167  0.00 | edge_dev mean=0.2016 max=0.3018 gg=0.1189 shape_dev=0.6522 xbar=0.2980
t=  466.00 +2.26e-15 | 0.0034  0.00      0    0      0      0 | 0.0000  0.00 | 0.00e+00 0.00e+00 |   4.4697 0.9169  0.0822  1.7353 0.167  0.00 | edge_dev mean=0.2016 max=0.3018 gg=0.1105 shape_dev=0.6522 xbar=0.2980
t=  467.00 +2.26e-15 | 0.0034  0.00      0    0      0      0 | 0.0000  0.00 | 0.00e+00 0.00e+00 |   4.4697 0.9169  0.0822  1.7353 0.167  0.00 | edge_dev mean=0.2016 max=0.3018 gg=0.1271 shape_dev=0.6522 xbar=0.2980
t=  468.00 +2.26e-15 | 0.0034  0.00      0    0      0      0 | 0.0000  0.00 | 0.00e+00 0.00e+00 |   4.4697 0.9169  0.0822  1.7353 0.167  0.00 | edge_dev mean=0.2016 max=0.3018 gg=0.0750 shape_dev=0.6522 xbar=0.2980
t=  469.00 +2.26e-15 | 0.0034  0.00      0    0      0      0 | 0.0000  0.00 | 0.00e+00 0.00e+00 |   4.4697 0.9169  0.0822  1.7353 0.167  0.00 | edge_dev mean=0.2016 max=0.3018 gg=0.0128 shape_dev=0.6522 xbar=0.2980
t=  470.00 +2.26e-15 | 0.0034  0.00      0    0      0      0 | 0.0000  0.00 | 0.00e+00 0.00e+00 |   4.4697 0.9169  0.0822  1.7353 0.167  0.00 | edge_dev mean=0.2016 max=0.3018 gg=0.0005 shape_dev=0.6522 xbar=0.2980
t=  471.00 +2.26e-15 | 0.0034  0.00      0    0      0      0 | 0.0000  0.00 | 0.00e+00 0.00e+00 |   4.4697 0.9169  0.0822  1.7353 0.167  0.00 | edge_dev mean=0.2016 max=0.3018 gg=0.0000 shape_dev=0.6522 xbar=0.2980
t=  472.00 +2.26e-15 | 0.0034  0.00      0    0      0      0 | 0.0000  0.00 | 0.00e+00 0.00e+00 |   4.4697 0.9169  0.0822  1.7353 0.167  0.00 | edge_dev mean=0.2016 max=0.3018 gg=0.0000 shape_dev=0.6522 xbar=0.2980
t=  473.00 +2.26e-15 | 0.0034  0.00      0    0      0      0 | 0.0000  0.00 | 0.00e+00 0.00e+00 |   4.4697 0.9169  0.0822  1.7353 0.167  0.00 | edge_dev mean=0.2016 max=0.3018 gg=0.0005 shape_dev=0.6522 xbar=0.2980
t=  474.00 +2.26e-15 | 0.0034  0.00      0    0      0      0 | 0.0000  0.00 | 0.00e+00 0.00e+00 |   4.4697 0.9169  0.0822  1.7353 0.167  0.00 | edge_dev mean=0.2016 max=0.3018 gg=0.0224 shape_dev=0.6522 xbar=0.2980
t=  475.00 +2.26e-15 | 0.0034  0.00      0    0      0      0 | 0.0000  0.00 | 0.00e+00 0.00e+00 |   4.4697 0.9169  0.0822  1.7353 0.167  0.00 | edge_dev mean=0.2016 max=0.3018 gg=0.0810 shape_dev=0.6522 xbar=0.2980
t=  476.00 +2.08e-15 | 0.0034  0.00      0    0      0      0 | 0.0000  0.00 | 0.00e+00 0.00e+00 |   4.4697 0.9169  0.0822  1.7353 0.167  0.00 | edge_dev mean=0.2016 max=0.3018 gg=0.0273 shape_dev=0.6522 xbar=0.2980
t=  477.00 +2.08e-15 | 0.0034  0.00      0    0      0      0 | 0.0000  0.00 | 0.00e+00 0.00e+00 |   4.4697 0.9169  0.0822  1.7353 0.167  0.00 | edge_dev mean=0.2016 max=0.3018 gg=0.0008 shape_dev=0.6522 xbar=0.2980
t=  478.00 +2.08e-15 | 0.0034  0.00      0    0      0      0 | 0.0000  0.00 | 0.00e+00 0.00e+00 |   4.4697 0.9169  0.0822  1.7353 0.167  0.00 | edge_dev mean=0.2016 max=0.3018 gg=0.0004 shape_dev=0.6522 xbar=0.2980
t=  479.00 +2.08e-15 | 0.0034  0.00      0    0      0      0 | 0.0000  0.00 | 0.00e+00 0.00e+00 |   4.4697 0.9169  0.0822  1.7353 0.167  0.00 | edge_dev mean=0.2016 max=0.3018 gg=0.0008 shape_dev=0.6522 xbar=0.2980
t=  480.00 +2.08e-15 | 0.0034  0.00      0    0      0      0 | 0.0000  0.00 | 0.00e+00 0.00e+00 |   4.4697 0.9169  0.0822  1.7353 0.167  0.00 | edge_dev mean=0.2016 max=0.3018 gg=0.0020 shape_dev=0.6522 xbar=0.2980
t=  481.00 +2.08e-15 | 0.0034  0.00      0    0      0      0 | 0.0000  0.00 | 0.00e+00 0.00e+00 |   4.4697 0.9169  0.0822  1.7353 0.167  0.00 | edge_dev mean=0.2016 max=0.3018 gg=0.0116 shape_dev=0.6522 xbar=0.2980
t=  482.00 +2.08e-15 | 0.0034  0.00      0    0      0      0 | 0.0000  0.00 | 0.00e+00 0.00e+00 |   4.4697 0.9169  0.0822  1.7353 0.167  0.00 | edge_dev mean=0.2016 max=0.3018 gg=0.0728 shape_dev=0.6522 xbar=0.2980
t=  483.00 +2.08e-15 | 0.0034  0.00      0    0      0      0 | 0.0000  0.00 | 0.00e+00 0.00e+00 |   4.4697 0.9169  0.0822  1.7353 0.167  0.00 | edge_dev mean=0.2016 max=0.3018 gg=0.1775 shape_dev=0.6522 xbar=0.2980
t=  484.00 +2.08e-15 | 0.0034  0.00      0    0      0      0 | 0.0000  0.00 | 0.00e+00 0.00e+00 |   4.4697 0.9169  0.0822  1.7353 0.167  0.00 | edge_dev mean=0.2016 max=0.3018 gg=0.2297 shape_dev=0.6522 xbar=0.2980
t=  485.00 +2.08e-15 | 0.0034  0.00      0    0      0      0 | 0.0000  0.00 | 0.00e+00 0.00e+00 |   4.4697 0.9169  0.0822  1.7353 0.167  0.00 | edge_dev mean=0.2016 max=0.3018 gg=0.2510 shape_dev=0.6522 xbar=0.2980
t=  486.00 +2.08e-15 | 0.0034  0.00      0    0      0      0 | 0.0000  0.00 | 0.00e+00 0.00e+00 |   4.4697 0.9169  0.0822  1.7353 0.167  0.00 | edge_dev mean=0.2016 max=0.3018 gg=0.2216 shape_dev=0.6522 xbar=0.2980
t=  487.00 +2.08e-15 | 0.0034  0.00      0    0      0      0 | 0.0000  0.00 | 0.00e+00 0.00e+00 |   4.4697 0.9169  0.0822  1.7353 0.167  0.00 | edge_dev mean=0.2016 max=0.3018 gg=0.1719 shape_dev=0.6522 xbar=0.2980
t=  488.00 +2.08e-15 | 0.0034  0.00      0    0      0      0 | 0.0000  0.00 | 0.00e+00 0.00e+00 |   4.4697 0.9169  0.0822  1.7353 0.167  0.00 | edge_dev mean=0.2016 max=0.3018 gg=0.0500 shape_dev=0.6522 xbar=0.2980
t=  489.00 +1.91e-15 | 0.0034  0.00      0    0      0      0 | 0.0000  0.00 | 0.00e+00 0.00e+00 |   4.4697 0.9169  0.0822  1.7353 0.167  0.00 | edge_dev mean=0.2016 max=0.3018 gg=0.0079 shape_dev=0.6522 xbar=0.2980
t=  490.00 +1.91e-15 | 0.0034  0.00      0    0      0      0 | 0.0000  0.00 | 0.00e+00 0.00e+00 |   4.4697 0.9169  0.0822  1.7353 0.167  0.00 | edge_dev mean=0.2016 max=0.3018 gg=0.0018 shape_dev=0.6522 xbar=0.2980
t=  491.00 +1.91e-15 | 0.0034  0.00      0    0      0      0 | 0.0000  0.00 | 0.00e+00 0.00e+00 |   4.4697 0.9169  0.0822  1.7353 0.167  0.00 | edge_dev mean=0.2016 max=0.3018 gg=0.0006 shape_dev=0.6522 xbar=0.2980
t=  492.00 +1.91e-15 | 0.0034  0.00      0    0      0      0 | 0.0000  0.00 | 0.00e+00 0.00e+00 |   4.4697 0.9169  0.0822  1.7353 0.167  0.00 | edge_dev mean=0.2016 max=0.3018 gg=0.0003 shape_dev=0.6522 xbar=0.2980
t=  493.00 +2.08e-15 | 0.0034  0.00      0    0      0      0 | 0.0000  0.00 | 0.00e+00 0.00e+00 |   4.4697 0.9169  0.0822  1.7353 0.167  0.00 | edge_dev mean=0.2016 max=0.3018 gg=0.0005 shape_dev=0.6522 xbar=0.2980
t=  494.00 +1.91e-15 | 0.0034  0.00      0    0      0      0 | 0.0000  0.00 | 0.00e+00 0.00e+00 |   4.4697 0.9169  0.0822  1.7353 0.167  0.00 | edge_dev mean=0.2016 max=0.3018 gg=0.0008 shape_dev=0.6522 xbar=0.2980
t=  495.00 +1.91e-15 | 0.0034  0.00      0    0      0      0 | 0.0000  0.00 | 0.00e+00 0.00e+00 |   4.4697 0.9169  0.0822  1.7353 0.167  0.00 | edge_dev mean=0.2016 max=0.3018 gg=0.0013 shape_dev=0.6522 xbar=0.2980
t=  496.00 +1.91e-15 | 0.0034  0.00      0    0      0      0 | 0.0000  0.00 | 0.00e+00 0.00e+00 |   4.4697 0.9169  0.0822  1.7353 0.167  0.00 | edge_dev mean=0.2016 max=0.3018 gg=0.0018 shape_dev=0.6522 xbar=0.2980
t=  497.00 +1.91e-15 | 0.0034  0.00      0    0      0      0 | 0.0000  0.00 | 0.00e+00 0.00e+00 |   4.4697 0.9169  0.0822  1.7353 0.167  0.00 | edge_dev mean=0.2016 max=0.3018 gg=0.0136 shape_dev=0.6522 xbar=0.2980
t=  498.00 +1.91e-15 | 0.0034  0.00      0    0      0      0 | 0.0000  0.00 | 0.00e+00 0.00e+00 |   4.4697 0.9169  0.0822  1.7353 0.167  0.00 | edge_dev mean=0.2016 max=0.3018 gg=0.1076 shape_dev=0.6522 xbar=0.2980
t=  499.00 +1.91e-15 | 0.0034  0.00      0    0      0      0 | 0.0000  0.00 | 0.00e+00 0.00e+00 |   4.4697 0.9169  0.0822  1.7353 0.167  0.00 | edge_dev mean=0.2016 max=0.3018 gg=0.1898 shape_dev=0.6522 xbar=0.2980
t=  500.00 +1.91e-15 | 0.0034  0.00      0    0      0      0 | 0.0000  0.00 | 0.00e+00 0.00e+00 |   4.4697 0.9169  0.0822  1.7353 0.167  0.00 | edge_dev mean=0.2016 max=0.3018 gg=0.0646 shape_dev=0.6522 xbar=0.2980
t=  501.00 +1.91e-15 | 0.0034  0.00      0    0      0      0 | 0.0000  0.00 | 0.00e+00 0.00e+00 |   4.4697 0.9169  0.0822  1.7353 0.167  0.00 | edge_dev mean=0.2016 max=0.3018 gg=0.0060 shape_dev=0.6522 xbar=0.2980
t=  502.00 +1.91e-15 | 0.0034  0.00      0    0      0      0 | 0.0000  0.00 | 0.00e+00 0.00e+00 |   4.4697 0.9169  0.0822  1.7353 0.167  0.00 | edge_dev mean=0.2016 max=0.3018 gg=0.0025 shape_dev=0.6522 xbar=0.2980
t=  503.00 +1.91e-15 | 0.0034  0.00      0    0      0      0 | 0.0000  0.00 | 0.00e+00 0.00e+00 |   4.4697 0.9169  0.0822  1.7353 0.167  0.00 | edge_dev mean=0.2016 max=0.3018 gg=0.0209 shape_dev=0.6522 xbar=0.2980
t=  504.00 +1.91e-15 | 0.0034  0.00      0    0      0      0 | 0.0000  0.00 | 0.00e+00 0.00e+00 |   4.4697 0.9169  0.0822  1.7353 0.167  0.00 | edge_dev mean=0.2016 max=0.3018 gg=0.0738 shape_dev=0.6522 xbar=0.2980
t=  505.00 +1.91e-15 | 0.0034  0.00      0    0      0      0 | 0.0000  0.00 | 0.00e+00 0.00e+00 |   4.4697 0.9169  0.0822  1.7353 0.167  0.00 | edge_dev mean=0.2016 max=0.3018 gg=0.1144 shape_dev=0.6522 xbar=0.2980
t=  506.00 +1.73e-15 | 0.0034  0.00      0    0      0      0 | 0.0000  0.00 | 0.00e+00 0.00e+00 |   4.4697 0.9169  0.0822  1.7353 0.167  0.00 | edge_dev mean=0.2016 max=0.3018 gg=0.0795 shape_dev=0.6522 xbar=0.2980
t=  507.00 +1.91e-15 | 0.0034  0.00      0    0      0      0 | 0.0000  0.00 | 0.00e+00 0.00e+00 |   4.4697 0.9169  0.0822  1.7353 0.167  0.00 | edge_dev mean=0.2016 max=0.3018 gg=0.0249 shape_dev=0.6522 xbar=0.2980
t=  508.00 +1.73e-15 | 0.0034  0.00      0    0      0      0 | 0.0000  0.00 | 0.00e+00 0.00e+00 |   4.4697 0.9169  0.0822  1.7353 0.167  0.00 | edge_dev mean=0.2016 max=0.3018 gg=0.0082 shape_dev=0.6522 xbar=0.2980
t=  509.00 +1.73e-15 | 0.0034  0.00      0    0      0      0 | 0.0000  0.00 | 0.00e+00 0.00e+00 |   4.4697 0.9169  0.0822  1.7353 0.167  0.00 | edge_dev mean=0.2016 max=0.3018 gg=0.0268 shape_dev=0.6522 xbar=0.2980
t=  510.00 +1.73e-15 | 0.0034  0.00      0    0      0      0 | 0.0000  0.00 | 0.00e+00 0.00e+00 |   4.4697 0.9169  0.0822  1.7353 0.167  0.00 | edge_dev mean=0.2016 max=0.3018 gg=0.1138 shape_dev=0.6522 xbar=0.2980
t=  511.00 +1.73e-15 | 0.0034  0.00      0    0      0      0 | 0.0000  0.00 | 0.00e+00 0.00e+00 |   4.4697 0.9169  0.0822  1.7353 0.167  0.00 | edge_dev mean=0.2016 max=0.3018 gg=0.1845 shape_dev=0.6522 xbar=0.2980
t=  512.00 +1.73e-15 | 0.0034  0.00      0    0      0      0 | 0.0000  0.00 | 0.00e+00 0.00e+00 |   4.4697 0.9169  0.0822  1.7353 0.167  0.00 | edge_dev mean=0.2016 max=0.3018 gg=0.1303 shape_dev=0.6522 xbar=0.2980
t=  513.00 +1.73e-15 | 0.0034  0.00      0    0      0      0 | 0.0000  0.00 | 0.00e+00 0.00e+00 |   4.4697 0.9169  0.0822  1.7353 0.167  0.00 | edge_dev mean=0.2016 max=0.3018 gg=0.0953 shape_dev=0.6522 xbar=0.2980
t=  514.00 +1.73e-15 | 0.0034  0.00      0    0      0      0 | 0.0000  0.00 | 0.00e+00 0.00e+00 |   4.4697 0.9169  0.0822  1.7353 0.167  0.00 | edge_dev mean=0.2016 max=0.3018 gg=0.1129 shape_dev=0.6522 xbar=0.2980
t=  515.00 +1.73e-15 | 0.0034  0.00      0    0      0      0 | 0.0000  0.00 | 0.00e+00 0.00e+00 |   4.4697 0.9169  0.0822  1.7353 0.167  0.00 | edge_dev mean=0.2016 max=0.3018 gg=0.1161 shape_dev=0.6522 xbar=0.2980
t=  516.00 +1.56e-15 | 0.0034  0.00      0    0      0      0 | 0.0000  0.00 | 0.00e+00 0.00e+00 |   4.4697 0.9169  0.0822  1.7353 0.167  0.00 | edge_dev mean=0.2016 max=0.3018 gg=0.0407 shape_dev=0.6522 xbar=0.2980
t=  517.00 +1.73e-15 | 0.0034  0.00      0    0      0      0 | 0.0000  0.00 | 0.00e+00 0.00e+00 |   4.4697 0.9169  0.0822  1.7353 0.167  0.00 | edge_dev mean=0.2016 max=0.3018 gg=0.0037 shape_dev=0.6522 xbar=0.2980
t=  518.00 +1.56e-15 | 0.0034  0.00      0    0      0      0 | 0.0000  0.00 | 0.00e+00 0.00e+00 |   4.4697 0.9169  0.0822  1.7353 0.167  0.00 | edge_dev mean=0.2016 max=0.3018 gg=0.0001 shape_dev=0.6522 xbar=0.2980
t=  519.00 +1.56e-15 | 0.0034  0.00      0    0      0      0 | 0.0000  0.00 | 0.00e+00 0.00e+00 |   4.4697 0.9169  0.0822  1.7353 0.167  0.00 | edge_dev mean=0.2016 max=0.3018 gg=0.0000 shape_dev=0.6522 xbar=0.2980
t=  520.00 +1.56e-15 | 0.0034  0.00      0    0      0      0 | 0.0000  0.00 | 0.00e+00 0.00e+00 |   4.4697 0.9169  0.0822  1.7353 0.167  0.00 | edge_dev mean=0.2016 max=0.3018 gg=0.0000 shape_dev=0.6522 xbar=0.2980
t=  521.00 +1.56e-15 | 0.0034  0.00      0    0      0      0 | 0.0000  0.00 | 0.00e+00 0.00e+00 |   4.4697 0.9169  0.0822  1.7353 0.167  0.00 | edge_dev mean=0.2016 max=0.3018 gg=0.0044 shape_dev=0.6522 xbar=0.2980
t=  522.00 +1.56e-15 | 0.0034  0.00      0    0      0      0 | 0.0000  0.00 | 0.00e+00 0.00e+00 |   4.4697 0.9169  0.0822  1.7353 0.167  0.00 | edge_dev mean=0.2016 max=0.3018 gg=0.0583 shape_dev=0.6522 xbar=0.2980
t=  523.00 +1.56e-15 | 0.0034  0.00      0    0      0      0 | 0.0000  0.00 | 0.00e+00 0.00e+00 |   4.4697 0.9169  0.0822  1.7353 0.167  0.00 | edge_dev mean=0.2016 max=0.3018 gg=0.0812 shape_dev=0.6522 xbar=0.2980
t=  524.00 +1.56e-15 | 0.0034  0.00      0    0      0      0 | 0.0000  0.00 | 0.00e+00 0.00e+00 |   4.4697 0.9169  0.0822  1.7353 0.167  0.00 | edge_dev mean=0.2016 max=0.3018 gg=0.0730 shape_dev=0.6522 xbar=0.2980
t=  525.00 +1.56e-15 | 0.0034  0.00      0    0      0      0 | 0.0000  0.00 | 0.00e+00 0.00e+00 |   4.4697 0.9169  0.0822  1.7353 0.167  0.00 | edge_dev mean=0.2016 max=0.3018 gg=0.1133 shape_dev=0.6522 xbar=0.2980
t=  526.00 +1.56e-15 | 0.0034  0.00      0    0      0      0 | 0.0000  0.00 | 0.00e+00 0.00e+00 |   4.4697 0.9169  0.0822  1.7353 0.167  0.00 | edge_dev mean=0.2016 max=0.3018 gg=0.0865 shape_dev=0.6522 xbar=0.2980
t=  527.00 +1.56e-15 | 0.0034  0.00      0    0      0      0 | 0.0000  0.00 | 0.00e+00 0.00e+00 |   4.4697 0.9169  0.0822  1.7353 0.167  0.00 | edge_dev mean=0.2016 max=0.3018 gg=0.0292 shape_dev=0.6522 xbar=0.2980
t=  528.00 +1.56e-15 | 0.0034  0.00      0    0      0      0 | 0.0000  0.00 | 0.00e+00 0.00e+00 |   4.4697 0.9169  0.0822  1.7353 0.167  0.00 | edge_dev mean=0.2016 max=0.3018 gg=0.0055 shape_dev=0.6522 xbar=0.2980
t=  529.00 +1.56e-15 | 0.0034  0.00      0    0      0      0 | 0.0000  0.00 | 0.00e+00 0.00e+00 |   4.4697 0.9169  0.0822  1.7353 0.167  0.00 | edge_dev mean=0.2016 max=0.3018 gg=0.0227 shape_dev=0.6522 xbar=0.2980
t=  530.00 +1.39e-15 | 0.0034  0.00      0    0      0      0 | 0.0000  0.00 | 0.00e+00 0.00e+00 |   4.4697 0.9169  0.0822  1.7353 0.167  0.00 | edge_dev mean=0.2016 max=0.3018 gg=0.0921 shape_dev=0.6522 xbar=0.2980
t=  531.00 +1.39e-15 | 0.0034  0.00      0    0      0      0 | 0.0000  0.00 | 0.00e+00 0.00e+00 |   4.4697 0.9169  0.0822  1.7353 0.167  0.00 | edge_dev mean=0.2016 max=0.3018 gg=0.1023 shape_dev=0.6522 xbar=0.2980
t=  532.00 +1.39e-15 | 0.0034  0.00      0    0      0      0 | 0.0000  0.00 | 0.00e+00 0.00e+00 |   4.4697 0.9169  0.0822  1.7353 0.167  0.00 | edge_dev mean=0.2016 max=0.3018 gg=0.0319 shape_dev=0.6522 xbar=0.2980
t=  533.00 +1.39e-15 | 0.0034  0.00      0    0      0      0 | 0.0000  0.00 | 0.00e+00 0.00e+00 |   4.4697 0.9169  0.0822  1.7353 0.167  0.00 | edge_dev mean=0.2016 max=0.3018 gg=0.0110 shape_dev=0.6522 xbar=0.2980
t=  534.00 +1.39e-15 | 0.0034  0.00      0    0      0      0 | 0.0000  0.00 | 0.00e+00 0.00e+00 |   4.4697 0.9169  0.0822  1.7353 0.167  0.00 | edge_dev mean=0.2016 max=0.3018 gg=0.0700 shape_dev=0.6522 xbar=0.2980
t=  535.00 +1.39e-15 | 0.0034  0.00      0    0      0      0 | 0.0000  0.00 | 0.00e+00 0.00e+00 |   4.4697 0.9169  0.0822  1.7353 0.167  0.00 | edge_dev mean=0.2016 max=0.3018 gg=0.0748 shape_dev=0.6522 xbar=0.2980
t=  536.00 +1.39e-15 | 0.0034  0.00      0    0      0      0 | 0.0000  0.00 | 0.00e+00 0.00e+00 |   4.4697 0.9169  0.0822  1.7353 0.167  0.00 | edge_dev mean=0.2016 max=0.3018 gg=0.0611 shape_dev=0.6522 xbar=0.2980
t=  537.00 +1.39e-15 | 0.0034  0.00      0    0      0      0 | 0.0000  0.00 | 0.00e+00 0.00e+00 |   4.4697 0.9169  0.0822  1.7353 0.167  0.00 | edge_dev mean=0.2016 max=0.3018 gg=0.1080 shape_dev=0.6522 xbar=0.2980
t=  538.00 +1.39e-15 | 0.0034  0.00      0    0      0      0 | 0.0000  0.00 | 0.00e+00 0.00e+00 |   4.4697 0.9169  0.0822  1.7353 0.167  0.00 | edge_dev mean=0.2016 max=0.3018 gg=0.1297 shape_dev=0.6522 xbar=0.2980
t=  539.00 +1.39e-15 | 0.0034  0.00      0    0      0      0 | 0.0000  0.00 | 0.00e+00 0.00e+00 |   4.1167 0.8445  0.1392  1.7233 0.167  0.00 | edge_dev mean=0.2016 max=0.3018 gg=0.0401 shape_dev=0.6522 xbar=0.2744
t=  540.00 +1.56e-15 | 0.0034  0.00      0    0      0      0 | 0.0000  0.00 | 0.00e+00 0.00e+00 |   4.1167 0.8445  0.1392  1.7233 0.167  0.00 | edge_dev mean=0.2016 max=0.3018 gg=0.0407 shape_dev=0.6522 xbar=0.2744
t=  541.00 +1.56e-15 | 0.0034  0.00      0    0      0      0 | 0.0000  0.00 | 0.00e+00 0.00e+00 |   4.1167 0.8445  0.1392  1.7233 0.167  0.00 | edge_dev mean=0.2016 max=0.3018 gg=0.0405 shape_dev=0.6522 xbar=0.2744
t=  542.00 +1.56e-15 | 0.0034  0.00      0    0      0      0 | 0.0000  0.00 | 0.00e+00 0.00e+00 |   4.1167 0.8445  0.1392  1.7233 0.167  0.00 | edge_dev mean=0.2016 max=0.3018 gg=0.0396 shape_dev=0.6522 xbar=0.2744
t=  543.00 +1.39e-15 | 0.0034  0.00      0    0      0      0 | 0.0000  0.00 | 0.00e+00 0.00e+00 |   4.1167 0.8445  0.1392  1.7233 0.167  0.00 | edge_dev mean=0.2016 max=0.3018 gg=0.0387 shape_dev=0.6522 xbar=0.2744
t=  544.00 +1.39e-15 | 0.0034  0.00      0    0      0      0 | 0.0000  0.00 | 0.00e+00 0.00e+00 |   4.1167 0.8445  0.1392  1.7233 0.167  0.00 | edge_dev mean=0.2016 max=0.3018 gg=0.0402 shape_dev=0.6522 xbar=0.2744
t=  545.00 +1.39e-15 | 0.0034  0.00      0    0      0      0 | 0.0000  0.00 | 0.00e+00 0.00e+00 |   4.1167 0.8445  0.1392  1.7233 0.167  0.00 | edge_dev mean=0.2016 max=0.3018 gg=0.0778 shape_dev=0.6522 xbar=0.2744
t=  546.00 +1.39e-15 | 0.0034  0.00      0    0      0      0 | 0.0000  0.00 | 0.00e+00 0.00e+00 |   4.3770 0.8978  0.0740  1.7336 0.167  0.00 | edge_dev mean=0.2016 max=0.3018 gg=0.2467 shape_dev=0.6522 xbar=0.2918
t=  547.00 +1.56e-15 | 0.0034  0.00      0    0      0      0 | 0.0000  0.00 | 0.00e+00 0.00e+00 |   4.3770 0.8978  0.0740  1.7336 0.167  0.00 | edge_dev mean=0.2016 max=0.3018 gg=0.1783 shape_dev=0.6522 xbar=0.2918
t=  548.00 +1.56e-15 | 0.0034  0.00      0    0      0      0 | 0.0000  0.00 | 0.00e+00 0.00e+00 |   4.3770 0.8978  0.0740  1.7336 0.167  0.00 | edge_dev mean=0.2016 max=0.3018 gg=0.0444 shape_dev=0.6522 xbar=0.2918
t=  549.00 +1.56e-15 | 0.0034  0.00      0    0      0      0 | 0.0000  0.00 | 0.00e+00 0.00e+00 |   4.3770 0.8978  0.0740  1.7336 0.167  0.00 | edge_dev mean=0.2016 max=0.3018 gg=0.0238 shape_dev=0.6522 xbar=0.2918
t=  550.00 +1.73e-15 | 0.0034  0.00      0    0      0      0 | 0.0000  0.00 | 0.00e+00 0.00e+00 |   4.3770 0.8978  0.0740  1.7336 0.167  0.00 | edge_dev mean=0.2016 max=0.3018 gg=0.0546 shape_dev=0.6522 xbar=0.2918
t=  551.00 +1.73e-15 | 0.0034  0.00      0    0      0      0 | 0.0000  0.00 | 0.00e+00 0.00e+00 |   4.3770 0.8978  0.0740  1.7336 0.167  0.00 | edge_dev mean=0.2016 max=0.3018 gg=0.0933 shape_dev=0.6522 xbar=0.2918
t=  552.00 +1.73e-15 | 0.0034  0.00      0    0      0      0 | 0.0000  0.00 | 0.00e+00 0.00e+00 |   4.3770 0.8978  0.0740  1.7336 0.167  0.00 | edge_dev mean=0.2016 max=0.3018 gg=0.0950 shape_dev=0.6522 xbar=0.2918
t=  553.00 +1.91e-15 | 0.0034  0.00      0    0      0      0 | 0.0000  0.00 | 0.00e+00 0.00e+00 |   4.3770 0.8978  0.0740  1.7336 0.167  0.00 | edge_dev mean=0.2016 max=0.3018 gg=0.0568 shape_dev=0.6522 xbar=0.2918
t=  554.00 +1.91e-15 | 0.0034  0.00      0    0      0      0 | 0.0000  0.00 | 0.00e+00 0.00e+00 |   4.3770 0.8978  0.0740  1.7336 0.167  0.00 | edge_dev mean=0.2016 max=0.3018 gg=0.0195 shape_dev=0.6522 xbar=0.2918
t=  555.00 +2.08e-15 | 0.0034  0.00      0    0      0      0 | 0.0000  0.00 | 0.00e+00 0.00e+00 |   4.3770 0.8978  0.0740  1.7336 0.167  0.00 | edge_dev mean=0.2016 max=0.3018 gg=0.0037 shape_dev=0.6522 xbar=0.2918
t=  556.00 +2.08e-15 | 0.0034  0.00      0    0      0      0 | 0.0000  0.00 | 0.00e+00 0.00e+00 |   4.3770 0.8978  0.0740  1.7336 0.167  0.00 | edge_dev mean=0.2016 max=0.3018 gg=0.0006 shape_dev=0.6522 xbar=0.2918
t=  557.00 +2.08e-15 | 0.0034  0.00      0    0      0      0 | 0.0000  0.00 | 0.00e+00 0.00e+00 |   4.3770 0.8978  0.0740  1.7336 0.167  0.00 | edge_dev mean=0.2016 max=0.3018 gg=0.0150 shape_dev=0.6522 xbar=0.2918
t=  558.00 +2.26e-15 | 0.0034  0.00      0    0      0      0 | 0.0000  0.00 | 0.00e+00 0.00e+00 |   4.3770 0.8978  0.0740  1.7336 0.167  0.00 | edge_dev mean=0.2016 max=0.3018 gg=0.0778 shape_dev=0.6522 xbar=0.2918
t=  559.00 +2.26e-15 | 0.0034  0.00      0    0      0      0 | 0.0000  0.00 | 0.00e+00 0.00e+00 |   4.3770 0.8978  0.0740  1.7336 0.167  0.00 | edge_dev mean=0.2016 max=0.3018 gg=0.0374 shape_dev=0.6522 xbar=0.2918
t=  560.00 +2.43e-15 | 0.0034  0.00      0    0      0      0 | 0.0000  0.00 | 0.00e+00 0.00e+00 |   4.3770 0.8978  0.0740  1.7336 0.167  0.00 | edge_dev mean=0.2016 max=0.3018 gg=0.0050 shape_dev=0.6522 xbar=0.2918
t=  561.00 +2.43e-15 | 0.0034  0.00      0    0      0      0 | 0.0000  0.00 | 0.00e+00 0.00e+00 |   4.3770 0.8978  0.0740  1.7336 0.167  0.00 | edge_dev mean=0.2016 max=0.3018 gg=0.0391 shape_dev=0.6522 xbar=0.2918
t=  562.00 +2.43e-15 | 0.0034  0.00      0    0      0      0 | 0.0000  0.00 | 0.00e+00 0.00e+00 |   4.3770 0.8978  0.0740  1.7336 0.167  0.00 | edge_dev mean=0.2016 max=0.3018 gg=0.1078 shape_dev=0.6522 xbar=0.2918
t=  563.00 +2.60e-15 | 0.0034  0.00      0    0      0      0 | 0.0000  0.00 | 0.00e+00 0.00e+00 |   4.3770 0.8978  0.0740  1.7336 0.167  0.00 | edge_dev mean=0.2016 max=0.3018 gg=0.0808 shape_dev=0.6522 xbar=0.2918
t=  564.00 +2.60e-15 | 0.0034  0.00      0    0      0      0 | 0.0000  0.00 | 0.00e+00 0.00e+00 |   4.3770 0.8978  0.0740  1.7336 0.167  0.00 | edge_dev mean=0.2016 max=0.3018 gg=0.0162 shape_dev=0.6522 xbar=0.2918
t=  565.00 +2.78e-15 | 0.0034  0.00      0    0      0      0 | 0.0000  0.00 | 0.00e+00 0.00e+00 |   4.3770 0.8978  0.0740  1.7336 0.167  0.00 | edge_dev mean=0.2016 max=0.3018 gg=0.0011 shape_dev=0.6522 xbar=0.2918
t=  566.00 +2.78e-15 | 0.0034  0.00      0    0      0      0 | 0.0000  0.00 | 0.00e+00 0.00e+00 |   4.3770 0.8978  0.0740  1.7336 0.167  0.00 | edge_dev mean=0.2016 max=0.3018 gg=0.0008 shape_dev=0.6522 xbar=0.2918
t=  567.00 +2.95e-15 | 0.0034  0.00      0    0      0      0 | 0.0000  0.00 | 0.00e+00 0.00e+00 |   4.3770 0.8978  0.0740  1.7336 0.167  0.00 | edge_dev mean=0.2016 max=0.3018 gg=0.0012 shape_dev=0.6522 xbar=0.2918
t=  568.00 +2.95e-15 | 0.0034  0.00      0    0      0      0 | 0.0000  0.00 | 0.00e+00 0.00e+00 |   4.3770 0.8978  0.0740  1.7336 0.167  0.00 | edge_dev mean=0.2016 max=0.3018 gg=0.0018 shape_dev=0.6522 xbar=0.2918
t=  569.00 +2.95e-15 | 0.0034  0.00      0    0      0      0 | 0.0000  0.00 | 0.00e+00 0.00e+00 |   4.3770 0.8978  0.0740  1.7336 0.167  0.00 | edge_dev mean=0.2016 max=0.3018 gg=0.0221 shape_dev=0.6522 xbar=0.2918
t=  570.00 +3.12e-15 | 0.0034  0.00      0    0      0      0 | 0.0000  0.00 | 0.00e+00 0.00e+00 |   4.3770 0.8978  0.0740  1.7336 0.167  0.00 | edge_dev mean=0.2016 max=0.3018 gg=0.0814 shape_dev=0.6522 xbar=0.2918
t=  571.00 +3.12e-15 | 0.0034  0.00      0    0      0      0 | 0.0000  0.00 | 0.00e+00 0.00e+00 |   4.3770 0.8978  0.0740  1.7336 0.167  0.00 | edge_dev mean=0.2016 max=0.3018 gg=0.0293 shape_dev=0.6522 xbar=0.2918
t=  572.00 +3.12e-15 | 0.0034  0.00      0    0      0      0 | 0.0000  0.00 | 0.00e+00 0.00e+00 |   4.3770 0.8978  0.0740  1.7336 0.167  0.00 | edge_dev mean=0.2016 max=0.3018 gg=0.0015 shape_dev=0.6522 xbar=0.2918
t=  573.00 +3.30e-15 | 0.0034  0.00      0    0      0      0 | 0.0000  0.00 | 0.00e+00 0.00e+00 |   4.3770 0.8978  0.0740  1.7336 0.167  0.00 | edge_dev mean=0.2016 max=0.3018 gg=0.0055 shape_dev=0.6522 xbar=0.2918
t=  574.00 +3.30e-15 | 0.0034  0.00      0    0      0      0 | 0.0000  0.00 | 0.00e+00 0.00e+00 |   4.3770 0.8978  0.0740  1.7336 0.167  0.00 | edge_dev mean=0.2016 max=0.3018 gg=0.0266 shape_dev=0.6522 xbar=0.2918
t=  575.00 +3.30e-15 | 0.0034  0.00      0    0      0      0 | 0.0000  0.00 | 0.00e+00 0.00e+00 |   4.3770 0.8978  0.0740  1.7336 0.167  0.00 | edge_dev mean=0.2016 max=0.3018 gg=0.0747 shape_dev=0.6522 xbar=0.2918
t=  576.00 +3.47e-15 | 0.0034  0.00      0    0      0      0 | 0.0000  0.00 | 0.00e+00 0.00e+00 |   4.3770 0.8978  0.0740  1.7336 0.167  0.00 | edge_dev mean=0.2016 max=0.3018 gg=0.1341 shape_dev=0.6522 xbar=0.2918
t=  577.00 +3.47e-15 | 0.0034  0.00      0    0      0      0 | 0.0000  0.00 | 0.00e+00 0.00e+00 |   4.3770 0.8978  0.0740  1.7336 0.167  0.00 | edge_dev mean=0.2016 max=0.3018 gg=0.2003 shape_dev=0.6522 xbar=0.2918
t=  578.00 +3.64e-15 | 0.0034  0.00      0    0      0      0 | 0.0000  0.00 | 0.00e+00 0.00e+00 |   4.3770 0.8978  0.0740  1.7336 0.167  0.00 | edge_dev mean=0.2016 max=0.3018 gg=0.2536 shape_dev=0.6522 xbar=0.2918
t=  579.00 +3.64e-15 | 0.0034  0.00      0    0      0      0 | 0.0000  0.00 | 0.00e+00 0.00e+00 |   4.3770 0.8978  0.0740  1.7336 0.167  0.00 | edge_dev mean=0.2016 max=0.3018 gg=0.1933 shape_dev=0.6522 xbar=0.2918
t=  580.00 +3.64e-15 | 0.0034  0.00      0    0      0      0 | 0.0000  0.00 | 0.00e+00 0.00e+00 |   4.3770 0.8978  0.0740  1.7336 0.167  0.00 | edge_dev mean=0.2016 max=0.3018 gg=0.1122 shape_dev=0.6522 xbar=0.2918
t=  581.00 +3.82e-15 | 0.0034  0.00      0    0      0      0 | 0.0000  0.00 | 0.00e+00 0.00e+00 |   4.3770 0.8978  0.0740  1.7336 0.167  0.00 | edge_dev mean=0.2016 max=0.3018 gg=0.0953 shape_dev=0.6522 xbar=0.2918
t=  582.00 +3.82e-15 | 0.0034  0.00      0    0      0      0 | 0.0000  0.00 | 0.00e+00 0.00e+00 |   4.3770 0.8978  0.0740  1.7336 0.167  0.00 | edge_dev mean=0.2016 max=0.3018 gg=0.1152 shape_dev=0.6522 xbar=0.2918
t=  583.00 +3.99e-15 | 0.0034  0.00      0    0      0      0 | 0.0000  0.00 | 0.00e+00 0.00e+00 |   4.3770 0.8978  0.0740  1.7336 0.167  0.00 | edge_dev mean=0.2016 max=0.3018 gg=0.0349 shape_dev=0.6522 xbar=0.2918
t=  584.00 +3.99e-15 | 0.0034  0.00      0    0      0      0 | 0.0000  0.00 | 0.00e+00 0.00e+00 |   4.3770 0.8978  0.0740  1.7336 0.167  0.00 | edge_dev mean=0.2016 max=0.3018 gg=0.0042 shape_dev=0.6522 xbar=0.2918
t=  585.00 +3.99e-15 | 0.0034  0.00      0    0      0      0 | 0.0000  0.00 | 0.00e+00 0.00e+00 |   4.3770 0.8978  0.0740  1.7336 0.167  0.00 | edge_dev mean=0.2016 max=0.3018 gg=0.0008 shape_dev=0.6522 xbar=0.2918
t=  586.00 +4.16e-15 | 0.0034  0.00      0    0      0      0 | 0.0000  0.00 | 0.00e+00 0.00e+00 |   4.3770 0.8978  0.0740  1.7336 0.167  0.00 | edge_dev mean=0.2016 max=0.3018 gg=0.0002 shape_dev=0.6522 xbar=0.2918
t=  587.00 +4.16e-15 | 0.0034  0.00      0    0      0      0 | 0.0000  0.00 | 0.00e+00 0.00e+00 |   4.3770 0.8978  0.0740  1.7336 0.167  0.00 | edge_dev mean=0.2016 max=0.3018 gg=0.0002 shape_dev=0.6522 xbar=0.2918
t=  588.00 +4.34e-15 | 0.0034  0.00      0    0      0      0 | 0.0000  0.00 | 0.00e+00 0.00e+00 |   4.3770 0.8978  0.0740  1.7336 0.167  0.00 | edge_dev mean=0.2016 max=0.3018 gg=0.0006 shape_dev=0.6522 xbar=0.2918
t=  589.00 +4.34e-15 | 0.0034  0.00      0    0      0      0 | 0.0000  0.00 | 0.00e+00 0.00e+00 |   4.3770 0.8978  0.0740  1.7336 0.167  0.00 | edge_dev mean=0.2016 max=0.3018 gg=0.0012 shape_dev=0.6522 xbar=0.2918
t=  590.00 +4.51e-15 | 0.0034  0.00      0    0      0      0 | 0.0000  0.00 | 0.00e+00 0.00e+00 |   4.3770 0.8978  0.0740  1.7336 0.167  0.00 | edge_dev mean=0.2016 max=0.3018 gg=0.0023 shape_dev=0.6522 xbar=0.2918
t=  591.00 +4.51e-15 | 0.0034  0.00      0    0      0      0 | 0.0000  0.00 | 0.00e+00 0.00e+00 |   4.3770 0.8978  0.0740  1.7336 0.167  0.00 | edge_dev mean=0.2016 max=0.3018 gg=0.0040 shape_dev=0.6522 xbar=0.2918
t=  592.00 +4.51e-15 | 0.0034  0.00      0    0      0      0 | 0.0000  0.00 | 0.00e+00 0.00e+00 |   4.3770 0.8978  0.0740  1.7336 0.167  0.00 | edge_dev mean=0.2016 max=0.3018 gg=0.0153 shape_dev=0.6522 xbar=0.2918
t=  593.00 +4.51e-15 | 0.0034  0.00      0    0      0      0 | 0.0000  0.00 | 0.00e+00 0.00e+00 |   4.3770 0.8978  0.0740  1.7336 0.167  0.00 | edge_dev mean=0.2016 max=0.3018 gg=0.1042 shape_dev=0.6522 xbar=0.2918
t=  594.00 +4.68e-15 | 0.0034  0.00      0    0      0      0 | 0.0000  0.00 | 0.00e+00 0.00e+00 |   4.3770 0.8978  0.0740  1.7336 0.167  0.00 | edge_dev mean=0.2016 max=0.3018 gg=0.1989 shape_dev=0.6522 xbar=0.2918
t=  595.00 +4.68e-15 | 0.0034  0.00      0    0      0      0 | 0.0000  0.00 | 0.00e+00 0.00e+00 |   4.3770 0.8978  0.0740  1.7336 0.167  0.00 | edge_dev mean=0.2016 max=0.3018 gg=0.0801 shape_dev=0.6522 xbar=0.2918
t=  596.00 +4.86e-15 | 0.0034  0.00      0    0      0      0 | 0.0000  0.00 | 0.00e+00 0.00e+00 |   4.3770 0.8978  0.0740  1.7336 0.167  0.00 | edge_dev mean=0.2016 max=0.3018 gg=0.0138 shape_dev=0.6522 xbar=0.2918
t=  597.00 +4.86e-15 | 0.0034  0.00      0    0      0      0 | 0.0000  0.00 | 0.00e+00 0.00e+00 |   4.3770 0.8978  0.0740  1.7336 0.167  0.00 | edge_dev mean=0.2016 max=0.3018 gg=0.0057 shape_dev=0.6522 xbar=0.2918
t=  598.00 +4.86e-15 | 0.0034  0.00      0    0      0      0 | 0.0000  0.00 | 0.00e+00 0.00e+00 |   4.3770 0.8978  0.0740  1.7336 0.167  0.00 | edge_dev mean=0.2016 max=0.3018 gg=0.0102 shape_dev=0.6522 xbar=0.2918
t=  599.00 +5.03e-15 | 0.0034  0.00      0    0      0      0 | 0.0000  0.00 | 0.00e+00 0.00e+00 |   4.3770 0.8978  0.0740  1.7336 0.167  0.00 | edge_dev mean=0.2016 max=0.3018 gg=0.0323 shape_dev=0.6522 xbar=0.2918
t=  600.00 +5.03e-15 | 0.0034  0.00      0    0      0      0 | 0.0000  0.00 | 0.00e+00 0.00e+00 |   4.3770 0.8978  0.0740  1.7336 0.167  0.00 | edge_dev mean=0.2016 max=0.3018 gg=0.0737 shape_dev=0.6522 xbar=0.2918
#
# RESULT drift_rel 5.031e-15
# RESULT births 0 deaths 0 beta_returns 0 beta_energy 0.000000e+00
# RESULT conv rough=0.000000 cond=1.869916 evap=0.000000 backs=0.345446 rad=2.648420
# RESULT credit qcnvD=2.592912 qcnvF=0.515023
# RESULT geometry phi_nom=0.0034 z_live=0.00 dbar=0.0000 sigma_d=0.0000
# RESULT truss edge_dev_mean=0.201585 edge_dev_max=0.301828 shape=(0.0000,1.2598,1.6599) shape0=(0.0000,1.1337,1.1337)
# EDGE 0 0-1 d=1.66730 dev=+0.16151 gg=0.0000 gpl=0.8466
# EDGE 1 1-2 d=1.80180 dev=+0.29600 gg=0.0050 gpl=0.7373
# EDGE 2 2-3 d=1.65619 dev=+0.15039 gg=0.0000 gpl=0.7575
# EDGE 3 3-4 d=1.65752 dev=+0.15172 gg=0.0000 gpl=0.8352
# EDGE 4 4-5 d=1.80763 dev=+0.30183 gg=0.0006 gpl=0.8236
# EDGE 5 5-0 d=1.65387 dev=+0.14807 gg=0.4365 gpl=0.7998
