# freecell — v89 free-cell substance test (exp=ring)
# laws = laws_V2g VERBATIM (defaults): C=1 w1=1.65 w2=2.9 q_detune=1.2
# gamma_res=0.25 gamma_res_m=0.1 p_gate=8 lock_floor=0.005 k_dep=1.2 k_dep_m=2 cap=2.5
# e_s0=1 es_floor=0.05 e_cond=0 f_conv=0.25 f_evap=0.5 s_pull=0.15
# kappa_lock=1 kappa_align=0.5 s_k=0.06 s_disp=0.3 sigma_tumble=0.01
# comb_limit=6 rough_k=0.35 gamma_rough=0.5 mob_sym=1 mob_floor=0.004 field_J=1.8
# quant_A0=1.15 quant_mode=2 (A0eff=1.15)
# v91 radiance (laws_V3r candidate A): k_rad=0 p_rad=4 rad_clock=0
# GEOMETRY (apparatus): cfac=1.15 k_rep=1 mob_geo=1 kappa_bond=1 freeze_geo=0
# bath=1 bath_frac=1 jam_sweeps=800 jam_k=0.1 L=16 dt=0.02 T=5000 seed=20260802 diag_every=500
# JAM sweeps=800 max_step=1.402e-04 (tol 1.0e-04, k_end=0.0010) — witness for the settle
# CARVE removed 55 bath cells (clear=2.71)
# SEED ring: n=6 x=0.3250 d*=1.505798 d_edge=1.505798 edges=6
# SEED noise: amp=0.5 (e1-class churn)
# INIT NC=2651 slots=25239 live=20271 phi_nom=1.6733 z_live=15.29 dbar=1.4112 sigma_d=14.80% E0=3313.208556092
#
# t | drift_rel | phi_nom z_live NLa NLd births deaths | dbar sigma_d% | maxstep maxbond | Em_tag ret com_dev rms conn z_tag | pair: d delta gf gb | core/far
t=    0.00 +0.00e+00 | 1.6733 15.29  20271    0      0      0 | 1.4112 14.80 | 0.00e+00 0.00e+00 |   4.8750 1.0000  0.0000  1.5058 1.000  3.00 | edge_dev mean=0.0000 max=0.0000 gg=0.0000 shape_dev=0.0000 xbar=0.3250
# CONVTAG t=0.00 rough=0.000000 cond=0.000000 evap=0.000000 backs=0.000000
# QATOM t=5.40 dir=FD w=1.65 e=0.301996504517
t=   10.00 -9.61e-16 | 1.6726 16.01  21215    6   2927   2851 | 1.4322 14.86 | 1.57e-03 4.27e-03 |   4.8531 0.9955  0.3632  1.2969 1.000 14.33 | edge_dev mean=0.0432 max=0.0779 gg=0.8988 shape_dev=0.6638 xbar=0.3223
# CONVTAG t=10.00 rough=0.000000 cond=0.000000 evap=0.000000 backs=0.000000
# QATOM t=17.20 dir=FD w=1.64925806 e=0.30186070778
t=   20.00 -9.61e-16 | 1.6645 16.16  21418   12   4364   4300 | 1.4356 14.90 | 1.23e-03 1.14e-02 |   5.0798 1.0420  0.3661  1.3620 1.000 13.83 | edge_dev mean=0.0493 max=0.1695 gg=0.6145 shape_dev=0.6135 xbar=0.3379
# CONVTAG t=20.00 rough=0.000000 cond=0.219696 evap=0.000000 backs=0.000000
# QATOM t=22.04 dir=FD w=1.64931976 e=0.301872002161
# QATOM t=26.26 dir=FD w=1.64940756 e=0.30188807188
t=   30.00 -9.61e-16 | 1.6521 16.14  21394   30   5515   5545 | 1.4350 14.86 | 1.88e-03 9.43e-03 |   4.9925 1.0241  0.4356  1.3594 1.000 14.17 | edge_dev mean=0.0811 max=0.2559 gg=0.5668 shape_dev=0.6855 xbar=0.3366
# CONVTAG t=30.00 rough=0.000000 cond=0.219696 evap=0.000000 backs=0.000000
# QATOM t=31.24 dir=FD w=1.6489885 e=0.301811370758
# QATOM t=36.00 dir=FD w=1.64228284 e=0.300584046708
t=   40.00 -9.61e-16 | 1.6412 16.06  21288   33   6519   6667 | 1.4329 14.79 | 3.43e-03 1.20e-02 |   5.3974 1.1072  0.4123  1.3083 1.000 14.00 | edge_dev mean=0.0823 max=0.2159 gg=0.2829 shape_dev=0.7030 xbar=0.3594
# CONVTAG t=40.00 rough=0.000000 cond=0.668290 evap=0.000000 backs=0.000000
# QATOM t=42.06 dir=FD w=1.64223147 e=0.300574645331
t=   50.00 -9.61e-16 | 1.6359 16.05  21279   35   7409   7685 | 1.4323 14.75 | 5.95e-03 1.61e-02 |   5.4471 1.1174  0.3361  1.2608 1.000 13.50 | edge_dev mean=0.1028 max=0.1938 gg=0.3301 shape_dev=0.7795 xbar=0.3627
# CONVTAG t=50.00 rough=0.000000 cond=0.850469 evap=0.000000 backs=0.000000
# QATOM t=52.42 dir=FD w=1.55701719 e=0.284978030417
t=   60.00 -9.61e-16 | 1.6319 16.04  21258   19   8362   8700 | 1.4316 14.71 | 6.35e-03 1.75e-02 |   5.2688 1.0808  0.3621  1.2070 1.000 13.33 | edge_dev mean=0.0991 max=0.1443 gg=0.1818 shape_dev=0.8127 xbar=0.3508
# CONVTAG t=60.00 rough=0.000000 cond=0.850469 evap=0.000000 backs=0.000000
t=   70.00 -9.61e-16 | 1.6293 15.98  21187   30   9239   9614 | 1.4303 14.67 | 4.04e-03 1.24e-02 |   5.4979 1.1278  0.4078  1.2043 1.000 14.00 | edge_dev mean=0.1051 max=0.1430 gg=0.1976 shape_dev=0.8628 xbar=0.3659
# CONVTAG t=70.00 rough=0.000000 cond=0.850469 evap=0.000000 backs=0.000000
# QATOM t=71.70 dir=FD w=1.26790456 e=0.23206226926
t=   80.00 -9.61e-16 | 1.6277 16.00  21208   25  10178  10580 | 1.4304 14.66 | 3.90e-03 1.56e-02 |   5.1439 1.0551  0.3407  1.1597 1.000 13.50 | edge_dev mean=0.0833 max=0.1611 gg=0.1673 shape_dev=0.8881 xbar=0.3424
# CONVTAG t=80.00 rough=0.000000 cond=0.850469 evap=0.000000 backs=0.000000
t=   90.00 -9.61e-16 | 1.6263 15.97  21162   21  11155  11593 | 1.4297 14.65 | 5.50e-03 1.61e-02 |   4.2730 0.8765  0.4482  1.1792 1.000 14.33 | edge_dev mean=0.0710 max=0.1129 gg=0.4075 shape_dev=0.8725 xbar=0.2839
# CONVTAG t=90.00 rough=0.000000 cond=0.850469 evap=0.000000 backs=0.000000
t=  100.00 -9.61e-16 | 1.6253 15.94  21131   19  12101  12567 | 1.4293 14.65 | 7.86e-03 1.92e-02 |   4.4406 0.9109  0.4590  1.1841 1.000 14.33 | edge_dev mean=0.0643 max=0.1207 gg=0.2406 shape_dev=0.8228 xbar=0.2950
# CONVTAG t=100.00 rough=0.000000 cond=1.032162 evap=0.000000 backs=0.000000
t=  110.00 -9.61e-16 | 1.6245 15.93  21118   17  13049  13539 | 1.4291 14.65 | 7.19e-03 2.50e-02 |   4.3070 0.8835  0.4674  1.2045 1.000 14.50 | edge_dev mean=0.0693 max=0.1228 gg=0.1641 shape_dev=0.7935 xbar=0.2859
# CONVTAG t=110.00 rough=0.000000 cond=1.032162 evap=0.000000 backs=0.000000
# QATOM t=118.08 dir=FD w=1.3988917 e=0.256036608745
t=  120.00 -9.61e-16 | 1.6240 15.93  21111   22  13980  14541 | 1.4288 14.63 | 6.12e-03 1.89e-02 |   4.4972 0.9225  0.4520  1.2344 1.000 14.67 | edge_dev mean=0.0616 max=0.1198 gg=0.1930 shape_dev=0.7925 xbar=0.3004
# CONVTAG t=120.00 rough=0.000000 cond=1.032162 evap=0.000000 backs=0.000000
t=  130.00 -9.61e-16 | 1.6237 15.93  21114   19  14994  15583 | 1.4286 14.61 | 5.26e-03 1.86e-02 |   4.7890 0.9824  0.4139  1.2477 1.000 14.33 | edge_dev mean=0.0824 max=0.1266 gg=0.3040 shape_dev=0.8011 xbar=0.3181
# CONVTAG t=130.00 rough=0.000000 cond=1.032162 evap=0.000000 backs=0.000000
t=  140.00 -9.61e-16 | 1.6232 15.92  21104   14  15946  16513 | 1.4284 14.61 | 6.26e-03 1.45e-02 |   4.8801 1.0010  0.3970  1.2631 1.000 14.33 | edge_dev mean=0.0963 max=0.2150 gg=0.1563 shape_dev=0.8164 xbar=0.3245
# CONVTAG t=140.00 rough=0.000000 cond=1.032162 evap=0.000000 backs=0.000000
t=  150.00 -1.10e-15 | 1.6228 15.92  21096   19  16815  17424 | 1.4280 14.58 | 5.58e-03 1.61e-02 |   4.6957 0.9632  0.4242  1.2692 1.000 14.33 | edge_dev mean=0.1007 max=0.2001 gg=0.1707 shape_dev=0.8042 xbar=0.3120
# CONVTAG t=150.00 rough=0.000000 cond=1.032162 evap=0.000000 backs=0.000000
t=  160.00 -1.10e-15 | 1.6226 15.92  21104   18  17815  18459 | 1.4278 14.56 | 5.61e-03 1.47e-02 |   4.6652 0.9570  0.3994  1.3001 1.000 14.33 | edge_dev mean=0.1255 max=0.3045 gg=0.2936 shape_dev=0.7572 xbar=0.3101
# CONVTAG t=160.00 rough=0.000000 cond=1.032162 evap=0.000000 backs=0.000000
t=  170.00 -1.10e-15 | 1.6223 15.91  21095   13  18833  19473 | 1.4278 14.56 | 4.40e-03 1.49e-02 |   4.2540 0.8726  0.4114  1.3512 1.000 14.50 | edge_dev mean=0.1348 max=0.3739 gg=0.1590 shape_dev=0.7495 xbar=0.2926
# CONVTAG t=170.00 rough=0.000000 cond=1.032162 evap=0.000000 backs=0.000000
t=  180.00 -1.10e-15 | 1.6223 15.94  21122   17  19872  20460 | 1.4282 14.57 | 4.84e-03 1.67e-02 |   3.8352 0.7867  0.3903  1.3759 1.000 14.50 | edge_dev mean=0.1396 max=0.4340 gg=0.3918 shape_dev=0.7223 xbar=0.2539
# CONVTAG t=180.00 rough=0.000000 cond=1.032162 evap=0.000000 backs=0.000000
t=  190.00 -1.10e-15 | 1.6221 15.94  21127   14  20867  21456 | 1.4282 14.57 | 7.41e-03 1.53e-02 |   4.0103 0.8226  0.3684  1.3882 1.000 14.67 | edge_dev mean=0.1247 max=0.4334 gg=0.3191 shape_dev=0.6563 xbar=0.2654
# CONVTAG t=190.00 rough=0.000000 cond=1.032162 evap=0.000000 backs=0.000000
t=  200.00 -1.10e-15 | 1.6219 15.91  21085   13  21903  22494 | 1.4276 14.56 | 1.29e-02 3.28e-02 |   3.9456 0.8093  0.3597  1.3781 1.000 15.17 | edge_dev mean=0.1288 max=0.4348 gg=0.3361 shape_dev=0.6869 xbar=0.2612
# CONVTAG t=200.00 rough=0.000000 cond=1.032162 evap=0.000000 backs=0.000000
t=  210.00 -1.10e-15 | 1.6218 15.90  21077   16  22920  23523 | 1.4274 14.55 | 7.47e-03 2.16e-02 |   4.0007 0.8207  0.4164  1.3767 1.000 15.00 | edge_dev mean=0.1489 max=0.5064 gg=0.3149 shape_dev=0.7163 xbar=0.2653
# CONVTAG t=210.00 rough=0.000000 cond=1.032162 evap=0.000000 backs=0.000000
t=  220.00 -1.10e-15 | 1.6216 15.94  21132   15  23873  24521 | 1.4279 14.54 | 9.84e-03 2.29e-02 |   3.7715 0.7736  0.3455  1.4162 1.000 15.00 | edge_dev mean=0.1541 max=0.5606 gg=0.4482 shape_dev=0.7110 xbar=0.2600
# CONVTAG t=220.00 rough=0.000000 cond=1.032162 evap=0.000000 backs=0.000000
t=  230.00 -1.10e-15 | 1.6215 15.94  21128   14  24879  25536 | 1.4278 14.53 | 3.45e-03 1.35e-02 |   4.3971 0.9020  0.4653  1.3698 1.000 14.83 | edge_dev mean=0.1450 max=0.5877 gg=0.2956 shape_dev=0.7375 xbar=0.2917
# CONVTAG t=230.00 rough=0.000000 cond=1.032162 evap=0.000000 backs=0.000000
t=  240.00 -9.61e-16 | 1.6215 15.95  21138   13  25895  26554 | 1.4279 14.53 | 6.18e-03 1.54e-02 |   4.1684 0.8550  0.4427  1.3725 1.000 14.50 | edge_dev mean=0.1435 max=0.5800 gg=0.3225 shape_dev=0.7597 xbar=0.2766
# CONVTAG t=240.00 rough=0.000000 cond=1.032162 evap=0.000000 backs=0.000000
t=  250.00 -9.61e-16 | 1.6214 15.93  21118   13  26826  27467 | 1.4278 14.54 | 8.07e-03 1.67e-02 |   3.6732 0.7535  0.4559  1.3402 1.000 14.50 | edge_dev mean=0.1378 max=0.5635 gg=0.3179 shape_dev=0.7523 xbar=0.2434
# CONVTAG t=250.00 rough=0.000000 cond=1.032162 evap=0.000000 backs=0.000000
t=  260.00 -9.61e-16 | 1.6215 15.94  21125   14  27754  28441 | 1.4278 14.54 | 1.25e-02 3.01e-02 |   3.7642 0.7722  0.4549  1.3798 1.000 14.50 | edge_dev mean=0.1360 max=0.5489 gg=0.3897 shape_dev=0.7313 xbar=0.2501
# CONVTAG t=260.00 rough=0.000000 cond=1.032162 evap=0.000000 backs=0.000000
t=  270.00 -9.61e-16 | 1.6213 15.94  21131   13  28727  29393 | 1.4278 14.53 | 4.80e-03 1.61e-02 |   3.3782 0.6930  0.4610  1.3518 1.000 14.33 | edge_dev mean=0.1422 max=0.5740 gg=0.3259 shape_dev=0.7446 xbar=0.2240
# CONVTAG t=270.00 rough=0.000000 cond=1.032162 evap=0.000000 backs=0.000000
t=  280.00 -9.61e-16 | 1.6213 15.92  21099   12  29695  30348 | 1.4275 14.53 | 4.73e-03 1.39e-02 |   2.7610 0.5664  0.2645  1.3346 1.000 14.17 | edge_dev mean=0.1551 max=0.5885 gg=0.1309 shape_dev=0.7120 xbar=0.1831
# CONVTAG t=280.00 rough=0.000000 cond=1.032162 evap=0.000000 backs=0.000000
t=  290.00 -9.61e-16 | 1.6212 15.91  21092   14  30699  31344 | 1.4272 14.52 | 4.36e-03 1.33e-02 |   2.9824 0.6118  0.2605  1.3627 1.000 15.00 | edge_dev mean=0.1709 max=0.5924 gg=0.2640 shape_dev=0.7411 xbar=0.1978
# CONVTAG t=290.00 rough=0.000000 cond=1.032162 evap=0.000000 backs=0.000000
t=  300.00 -9.61e-16 | 1.6210 15.93  21111   11  31680  32319 | 1.4274 14.52 | 9.42e-03 2.84e-02 |   2.8936 0.5936  0.3627  1.3661 1.000 15.17 | edge_dev mean=0.1655 max=0.6182 gg=0.1244 shape_dev=0.6971 xbar=0.1918
# CONVTAG t=300.00 rough=0.000000 cond=1.032162 evap=0.000000 backs=0.000000
t=  310.00 -9.61e-16 | 1.6209 15.91  21090   15  32658  33305 | 1.4272 14.52 | 8.31e-03 1.99e-02 |   2.8920 0.5932  0.5011  1.3455 1.000 15.50 | edge_dev mean=0.1566 max=0.6216 gg=0.1087 shape_dev=0.7040 xbar=0.1919
# CONVTAG t=310.00 rough=0.000000 cond=1.032162 evap=0.000000 backs=0.000000
t=  320.00 -9.61e-16 | 1.6208 15.91  21092   11  33751  34379 | 1.4273 14.53 | 9.92e-03 2.17e-02 |   2.6138 0.5362  0.2826  1.3741 1.000 15.50 | edge_dev mean=0.1403 max=0.5350 gg=0.0000 shape_dev=0.7015 xbar=0.1733
# CONVTAG t=320.00 rough=0.000000 cond=1.032162 evap=0.000000 backs=0.000000
t=  330.00 -9.61e-16 | 1.6209 15.93  21109   13  34757  35379 | 1.4275 14.53 | 8.26e-03 1.90e-02 |   2.8084 0.5761  0.2661  1.3404 1.000 15.17 | edge_dev mean=0.1522 max=0.4872 gg=0.0083 shape_dev=0.7204 xbar=0.1860
# CONVTAG t=330.00 rough=0.000000 cond=1.032162 evap=0.000000 backs=0.000000
t=  340.00 -9.61e-16 | 1.6208 15.92  21105   10  35782  36408 | 1.4276 14.53 | 7.40e-03 2.08e-02 |   3.3075 0.6785  0.3820  1.3516 1.000 15.67 | edge_dev mean=0.1281 max=0.3830 gg=0.0516 shape_dev=0.7662 xbar=0.2196
# CONVTAG t=340.00 rough=0.000000 cond=1.032162 evap=0.000000 backs=0.000000
t=  350.00 -9.61e-16 | 1.6205 15.90  21069   10  36821  37473 | 1.4269 14.51 | 3.72e-03 1.58e-02 |   3.6523 0.7492  0.3233  1.3452 1.000 15.50 | edge_dev mean=0.1164 max=0.3736 gg=0.0567 shape_dev=0.7703 xbar=0.2426
# CONVTAG t=350.00 rough=0.000000 cond=1.306911 evap=0.000000 backs=0.000000
t=  360.00 -9.61e-16 | 1.6206 15.91  21086    9  37853  38491 | 1.4273 14.53 | 4.63e-03 1.24e-02 |   3.4881 0.7155  0.3674  1.3516 0.500 14.67 | edge_dev mean=0.1408 max=0.3384 gg=0.0126 shape_dev=0.8128 xbar=0.2352
# CONVTAG t=360.00 rough=0.000000 cond=1.306911 evap=0.000000 backs=0.000000
t=  370.00 -9.61e-16 | 1.6206 15.87  21041   13  38920  39574 | 1.4267 14.52 | 1.30e-02 3.09e-02 |   3.5048 0.7189  0.3760  1.3397 0.500 14.67 | edge_dev mean=0.1572 max=0.3718 gg=0.0015 shape_dev=0.8285 xbar=0.2328
# CONVTAG t=370.00 rough=0.000000 cond=1.306911 evap=0.000000 backs=0.000000
# QATOM t=378.74 dir=FD w=1.49205457 e=0.273088038657
t=  380.00 -9.61e-16 | 1.6204 15.92  21100   14  40004  40652 | 1.4274 14.52 | 5.19e-03 1.54e-02 |   3.4261 0.7028  0.4071  1.3475 0.500 15.00 | edge_dev mean=0.1874 max=0.4728 gg=0.0120 shape_dev=0.8319 xbar=0.2274
# CONVTAG t=380.00 rough=0.000000 cond=1.306911 evap=0.000000 backs=0.000000
t=  390.00 -9.61e-16 | 1.6205 15.92  21100    8  41144  41760 | 1.4275 14.53 | 5.18e-03 1.51e-02 |   3.5748 0.7333  0.3971  1.3477 0.500 14.33 | edge_dev mean=0.1930 max=0.4912 gg=0.0000 shape_dev=0.8716 xbar=0.2375
# CONVTAG t=390.00 rough=0.000000 cond=1.306911 evap=0.000000 backs=0.000000
t=  400.00 -9.61e-16 | 1.6204 15.91  21084   17  42195  42803 | 1.4272 14.52 | 7.31e-03 2.37e-02 |   3.3030 0.6775  0.3628  1.3509 0.500 14.50 | edge_dev mean=0.1455 max=0.4565 gg=0.0047 shape_dev=0.8490 xbar=0.2192
# CONVTAG t=400.00 rough=0.000000 cond=1.306911 evap=0.000000 backs=0.000000
t=  410.00 -9.61e-16 | 1.6204 15.90  21075   11  43251  43852 | 1.4271 14.52 | 4.78e-03 1.24e-02 |   3.7448 0.7682  0.4810  1.3587 0.500 15.00 | edge_dev mean=0.1292 max=0.4257 gg=0.0874 shape_dev=0.8394 xbar=0.2485
# CONVTAG t=410.00 rough=0.000000 cond=1.306911 evap=0.000000 backs=0.000000
t=  420.00 -9.61e-16 | 1.6203 15.88  21055   15  44251  44857 | 1.4268 14.51 | 6.56e-03 1.96e-02 |   3.3216 0.6814  0.4225  1.4031 0.500 15.17 | edge_dev mean=0.1362 max=0.3637 gg=0.1272 shape_dev=0.8198 xbar=0.2355
# CONVTAG t=420.00 rough=0.000000 cond=1.306911 evap=0.000000 backs=0.000000
t=  430.00 -9.61e-16 | 1.6204 15.91  21086    6  45237  45880 | 1.4273 14.52 | 5.75e-03 1.43e-02 |   3.3325 0.6836  0.5132  1.3509 0.500 15.17 | edge_dev mean=0.1356 max=0.3551 gg=0.0014 shape_dev=0.8172 xbar=0.2211
# CONVTAG t=430.00 rough=0.000000 cond=1.306911 evap=0.000000 backs=0.000000
t=  440.00 -9.61e-16 | 1.6204 15.91  21088   12  46188  46818 | 1.4273 14.51 | 4.05e-03 1.31e-02 |   4.0488 0.8305  0.3951  1.3414 0.500 15.33 | edge_dev mean=0.1490 max=0.3602 gg=0.0288 shape_dev=0.8194 xbar=0.2688
# CONVTAG t=440.00 rough=0.000000 cond=1.306911 evap=0.000000 backs=0.000000
t=  450.00 -9.61e-16 | 1.6202 15.91  21087   12  47245  47909 | 1.4271 14.50 | 7.48e-03 1.81e-02 |   3.8408 0.7878  0.3844  1.3794 0.500 15.00 | edge_dev mean=0.1541 max=0.4165 gg=0.1058 shape_dev=0.8037 xbar=0.2560
# CONVTAG t=450.00 rough=0.000000 cond=1.306911 evap=0.000000 backs=0.000000
t=  460.00 -9.61e-16 | 1.6202 15.89  21066   10  48296  48944 | 1.4268 14.49 | 4.13e-03 1.23e-02 |   3.6247 0.7435  0.5293  1.3802 0.500 15.17 | edge_dev mean=0.1622 max=0.5043 gg=0.0685 shape_dev=0.7716 xbar=0.2467
# CONVTAG t=460.00 rough=0.000000 cond=1.306911 evap=0.000000 backs=0.000000
t=  470.00 -1.10e-15 | 1.6202 15.91  21083   11  49384  50044 | 1.4269 14.49 | 6.94e-03 1.36e-02 |   3.5175 0.7215  0.5400  1.3534 0.500 15.17 | edge_dev mean=0.2077 max=0.5549 gg=0.0989 shape_dev=0.7094 xbar=0.2330
# CONVTAG t=470.00 rough=0.000000 cond=1.306911 evap=0.000000 backs=0.000000
t=  480.00 -1.10e-15 | 1.6200 15.92  21096    9  50550  51205 | 1.4272 14.50 | 9.58e-03 2.26e-02 |   4.0084 0.8222  0.4601  1.3427 0.500 15.33 | edge_dev mean=0.1850 max=0.5089 gg=0.4195 shape_dev=0.7595 xbar=0.2657
# CONVTAG t=480.00 rough=0.000000 cond=1.306911 evap=0.000000 backs=0.000000
t=  490.00 -1.10e-15 | 1.6199 15.92  21100   19  51643  52294 | 1.4272 14.51 | 6.82e-03 1.50e-02 |   3.3290 0.6829  0.4442  1.3557 0.500 15.00 | edge_dev mean=0.1833 max=0.5102 gg=0.0545 shape_dev=0.7585 xbar=0.2209
# CONVTAG t=490.00 rough=0.000000 cond=1.306911 evap=0.000000 backs=0.000000
t=  500.00 -1.10e-15 | 1.6199 15.90  21079    7  52758  53411 | 1.4269 14.50 | 5.35e-03 1.43e-02 |   3.2600 0.6687  0.5013  1.3189 0.500 15.17 | edge_dev mean=0.1960 max=0.5683 gg=0.0151 shape_dev=0.8057 xbar=0.2162
# CONVTAG t=500.00 rough=0.000000 cond=1.306911 evap=0.000000 backs=0.000000
t=  510.00 -1.10e-15 | 1.6199 15.89  21058   11  53855  54545 | 1.4266 14.50 | 6.52e-03 1.58e-02 |   2.3095 0.4737  0.4041  1.3516 0.500 14.83 | edge_dev mean=0.2040 max=0.5112 gg=0.0023 shape_dev=0.8258 xbar=0.1544
# CONVTAG t=510.00 rough=0.000000 cond=1.306911 evap=0.000000 backs=0.000000
t=  520.00 -1.10e-15 | 1.6199 15.90  21071    7  54945  55625 | 1.4267 14.49 | 5.77e-03 1.55e-02 |   2.7562 0.5654  0.3932  1.3413 0.500 14.67 | edge_dev mean=0.2132 max=0.5409 gg=0.0059 shape_dev=0.8408 xbar=0.1869
# CONVTAG t=520.00 rough=0.000000 cond=1.306911 evap=0.000000 backs=0.000000
t=  530.00 -1.10e-15 | 1.6197 15.88  21048   12  56114  56774 | 1.4263 14.48 | 9.56e-03 1.89e-02 |   2.7936 0.5730  0.3245  1.2981 0.500 15.00 | edge_dev mean=0.2102 max=0.5160 gg=0.0015 shape_dev=0.9062 xbar=0.1854
# CONVTAG t=530.00 rough=0.000000 cond=1.306911 evap=0.000000 backs=0.000000
t=  540.00 -1.10e-15 | 1.6197 15.88  21043   10  57187  57874 | 1.4262 14.47 | 5.51e-03 1.45e-02 |   2.8785 0.5905  0.4237  1.3098 0.500 15.00 | edge_dev mean=0.1921 max=0.4166 gg=0.0326 shape_dev=0.8565 xbar=0.1910
# CONVTAG t=540.00 rough=0.000000 cond=1.306911 evap=0.000000 backs=0.000000
t=  550.00 -1.10e-15 | 1.6197 15.86  21024   16  58268  58934 | 1.4260 14.48 | 5.17e-03 1.54e-02 |   2.9600 0.6072  0.4476  1.3159 0.500 15.17 | edge_dev mean=0.1501 max=0.4031 gg=0.0005 shape_dev=0.8918 xbar=0.1963
# CONVTAG t=550.00 rough=0.000000 cond=1.306911 evap=0.000000 backs=0.000000
t=  560.00 -1.10e-15 | 1.6198 15.88  21052   14  59400  60077 | 1.4264 14.48 | 6.83e-03 2.15e-02 |   2.6240 0.5383  0.4556  1.3316 0.500 15.33 | edge_dev mean=0.1535 max=0.3945 gg=0.0003 shape_dev=0.8507 xbar=0.1787
# CONVTAG t=560.00 rough=0.000000 cond=1.306911 evap=0.000000 backs=0.000000
t=  570.00 -1.10e-15 | 1.6197 15.87  21030   11  60454  61162 | 1.4261 14.48 | 4.39e-03 1.66e-02 |   2.8953 0.5939  0.5055  1.3444 0.500 15.17 | edge_dev mean=0.1837 max=0.3270 gg=0.0774 shape_dev=0.7998 xbar=0.1918
# CONVTAG t=570.00 rough=0.000000 cond=1.306911 evap=0.000000 backs=0.000000
t=  580.00 -1.10e-15 | 1.6196 15.87  21039   13  61588  62262 | 1.4262 14.47 | 6.74e-03 1.63e-02 |   2.8656 0.5878  0.5848  1.3881 0.500 15.00 | edge_dev mean=0.2048 max=0.4018 gg=0.0044 shape_dev=0.8673 xbar=0.1899
# CONVTAG t=580.00 rough=0.000000 cond=1.306911 evap=0.000000 backs=0.000000
t=  590.00 -1.10e-15 | 1.6196 15.88  21045   19  62707  63396 | 1.4262 14.48 | 7.82e-03 2.19e-02 |   2.8129 0.5770  0.5441  1.3900 0.500 15.00 | edge_dev mean=0.2142 max=0.4170 gg=0.0668 shape_dev=0.8772 xbar=0.1861
# CONVTAG t=590.00 rough=0.000000 cond=1.306911 evap=0.000000 backs=0.000000
t=  600.00 -1.10e-15 | 1.6196 15.89  21061    9  63845  64529 | 1.4265 14.48 | 5.34e-03 1.54e-02 |   2.9606 0.6073  0.4331  1.3581 0.500 14.50 | edge_dev mean=0.2023 max=0.4188 gg=0.0037 shape_dev=0.8049 xbar=0.1960
# CONVTAG t=600.00 rough=0.000000 cond=1.306911 evap=0.000000 backs=0.000000
t=  610.00 -1.10e-15 | 1.6196 15.87  21038    5  64805  65549 | 1.4260 14.46 | 9.86e-03 2.16e-02 |   3.0025 0.6159  0.4086  1.3470 0.667 15.17 | edge_dev mean=0.1944 max=0.4227 gg=0.0213 shape_dev=0.7475 xbar=0.1989
# CONVTAG t=610.00 rough=0.000000 cond=1.306911 evap=0.000000 backs=0.000000
t=  620.00 -1.10e-15 | 1.6196 15.89  21056   11  65873  66588 | 1.4260 14.45 | 1.13e-02 2.64e-02 |   2.8750 0.5897  0.4876  1.3304 0.667 15.17 | edge_dev mean=0.2030 max=0.4392 gg=0.0103 shape_dev=0.7761 xbar=0.1906
# CONVTAG t=620.00 rough=0.000000 cond=1.306911 evap=0.000000 backs=0.000000
t=  630.00 -1.10e-15 | 1.6197 15.87  21040   10  67039  67740 | 1.4257 14.44 | 6.82e-03 1.77e-02 |   2.7082 0.5555  0.5400  1.3211 0.667 15.00 | edge_dev mean=0.2170 max=0.4248 gg=0.0435 shape_dev=0.8111 xbar=0.1794
# CONVTAG t=630.00 rough=0.000000 cond=1.306911 evap=0.000000 backs=0.000000
t=  640.00 -1.10e-15 | 1.6197 15.89  21059    8  68055  68791 | 1.4260 14.45 | 4.23e-03 1.49e-02 |   2.6999 0.5538  0.5840  1.3461 0.667 15.00 | edge_dev mean=0.2000 max=0.4652 gg=0.0065 shape_dev=0.7789 xbar=0.1789
# CONVTAG t=640.00 rough=0.000000 cond=1.306911 evap=0.000000 backs=0.000000
t=  650.00 -1.10e-15 | 1.6197 15.91  21088   16  69109  69828 | 1.4265 14.46 | 5.09e-03 1.58e-02 |   2.5461 0.5223  0.6042  1.3680 0.667 15.17 | edge_dev mean=0.2164 max=0.5172 gg=0.0601 shape_dev=0.8100 xbar=0.1688
# CONVTAG t=650.00 rough=0.000000 cond=1.306911 evap=0.000000 backs=0.000000
t=  660.00 -1.24e-15 | 1.6197 15.90  21069   13  70173  70886 | 1.4261 14.44 | 7.58e-03 1.86e-02 |   2.4559 0.5038  0.6487  1.3900 0.667 15.33 | edge_dev mean=0.2125 max=0.5209 gg=0.0378 shape_dev=0.8573 xbar=0.1707
# CONVTAG t=660.00 rough=0.000000 cond=1.306911 evap=0.000000 backs=0.000000
t=  670.00 -1.24e-15 | 1.6197 15.89  21065   12  71315  72031 | 1.4261 14.44 | 3.13e-03 1.41e-02 |   2.9859 0.6125  0.6213  1.3229 0.667 15.17 | edge_dev mean=0.1747 max=0.4484 gg=0.0576 shape_dev=0.9034 xbar=0.1980
# CONVTAG t=670.00 rough=0.000000 cond=1.306911 evap=0.000000 backs=0.000000
t=  680.00 -1.24e-15 | 1.6196 15.87  21039   12  72452  73161 | 1.4257 14.44 | 8.43e-03 2.51e-02 |   3.2763 0.6721  0.5652  1.3134 0.667 15.17 | edge_dev mean=0.1807 max=0.4330 gg=0.0621 shape_dev=0.9361 xbar=0.2170
# CONVTAG t=680.00 rough=0.000000 cond=1.306911 evap=0.000000 backs=0.000000
t=  690.00 -1.24e-15 | 1.6196 15.90  21076   15  73494  74233 | 1.4262 14.44 | 7.05e-03 1.87e-02 |   3.2677 0.6703  0.5771  1.3681 0.667 15.17 | edge_dev mean=0.1881 max=0.4426 gg=0.0042 shape_dev=0.9325 xbar=0.2292
# CONVTAG t=690.00 rough=0.000000 cond=1.306911 evap=0.000000 backs=0.000000
t=  700.00 -1.24e-15 | 1.6195 15.88  21047    8  74555  75262 | 1.4259 14.45 | 3.84e-03 1.15e-02 |   3.2738 0.6715  0.5919  1.3344 0.667 14.83 | edge_dev mean=0.1906 max=0.4818 gg=0.0068 shape_dev=0.9239 xbar=0.2206
# CONVTAG t=700.00 rough=0.000000 cond=1.306911 evap=0.000000 backs=0.000000
t=  710.00 -1.24e-15 | 1.6195 15.88  21049    7  75584  76317 | 1.4260 14.45 | 3.62e-03 1.29e-02 |   3.4521 0.7081  0.5370  1.3152 0.667 15.17 | edge_dev mean=0.1725 max=0.4870 gg=0.0397 shape_dev=0.9569 xbar=0.2300
# CONVTAG t=710.00 rough=0.000000 cond=1.306911 evap=0.000000 backs=0.000000
t=  720.00 -1.24e-15 | 1.6194 15.88  21054   15  76629  77335 | 1.4260 14.44 | 5.45e-03 1.62e-02 |   3.4818 0.7142  0.5474  1.3254 0.667 15.17 | edge_dev mean=0.1782 max=0.5100 gg=0.2375 shape_dev=0.9252 xbar=0.2306
# CONVTAG t=720.00 rough=0.000000 cond=1.306911 evap=0.000000 backs=0.000000
t=  730.00 -1.24e-15 | 1.6193 15.87  21034   12  77642  78342 | 1.4258 14.44 | 6.01e-03 1.63e-02 |   3.4588 0.7095  0.5264  1.3330 1.000 15.83 | edge_dev mean=0.1527 max=0.4444 gg=0.0177 shape_dev=0.9349 xbar=0.2316
# CONVTAG t=730.00 rough=0.000000 cond=1.306911 evap=0.000000 backs=0.000000
t=  740.00 -1.24e-15 | 1.6194 15.90  21074   13  78640  79363 | 1.4262 14.44 | 7.36e-03 1.77e-02 |   3.5850 0.7354  0.5064  1.3455 1.000 15.50 | edge_dev mean=0.1583 max=0.4831 gg=0.2121 shape_dev=0.8999 xbar=0.2374
# CONVTAG t=740.00 rough=0.000000 cond=1.306911 evap=0.000000 backs=0.000000
t=  750.00 -1.24e-15 | 1.6194 15.87  21036   14  79665  80416 | 1.4256 14.43 | 6.26e-03 1.58e-02 |   3.3386 0.6848  0.5591  1.3398 1.000 15.67 | edge_dev mean=0.1562 max=0.4883 gg=0.1695 shape_dev=0.8683 xbar=0.2216
# CONVTAG t=750.00 rough=0.000000 cond=1.306911 evap=0.000000 backs=0.000000
t=  760.00 -1.24e-15 | 1.6194 15.86  21023   12  80797  81534 | 1.4254 14.42 | 6.90e-03 1.49e-02 |   3.2928 0.6754  0.5365  1.3322 1.000 15.33 | edge_dev mean=0.1513 max=0.4602 gg=0.2700 shape_dev=0.9078 xbar=0.2187
# CONVTAG t=760.00 rough=0.000000 cond=1.306911 evap=0.000000 backs=0.000000
t=  770.00 -1.24e-15 | 1.6196 15.88  21055    9  81939  82687 | 1.4256 14.41 | 5.28e-03 1.36e-02 |   3.3540 0.6880  0.4792  1.3296 1.000 15.33 | edge_dev mean=0.1536 max=0.4736 gg=0.2246 shape_dev=0.9576 xbar=0.2225
# CONVTAG t=770.00 rough=0.000000 cond=1.306911 evap=0.000000 backs=0.000000
t=  780.00 -1.24e-15 | 1.6195 15.87  21042   10  82992  83758 | 1.4255 14.41 | 1.01e-02 2.49e-02 |   3.0559 0.6269  0.4011  1.3136 1.000 14.67 | edge_dev mean=0.1523 max=0.4126 gg=0.1663 shape_dev=0.9197 xbar=0.2026
# CONVTAG t=780.00 rough=0.000000 cond=1.306911 evap=0.000000 backs=0.000000
t=  790.00 -1.24e-15 | 1.6194 15.85  21014    8  84045  84852 | 1.4250 14.40 | 6.88e-03 1.91e-02 |   2.8623 0.5871  0.4285  1.3254 1.000 16.00 | edge_dev mean=0.1329 max=0.4176 gg=0.1610 shape_dev=1.0192 xbar=0.1903
# CONVTAG t=790.00 rough=0.000000 cond=1.306911 evap=0.000000 backs=0.000000
t=  800.00 -1.24e-15 | 1.6194 15.87  21036   11  85092  85874 | 1.4254 14.41 | 6.30e-03 1.81e-02 |   3.2442 0.6655  0.3974  1.2973 1.000 15.67 | edge_dev mean=0.1398 max=0.4181 gg=0.0476 shape_dev=1.0132 xbar=0.2221
# CONVTAG t=800.00 rough=0.000000 cond=1.306911 evap=0.000000 backs=0.000000
t=  810.00 -1.24e-15 | 1.6195 15.89  21060   11  86049  86851 | 1.4257 14.41 | 8.34e-03 1.86e-02 |   3.0250 0.6205  0.3283  1.3913 1.000 15.67 | edge_dev mean=0.1535 max=0.4395 gg=0.1139 shape_dev=1.0070 xbar=0.2014
# CONVTAG t=810.00 rough=0.000000 cond=1.306911 evap=0.000000 backs=0.000000
t=  820.00 -1.24e-15 | 1.6193 15.87  21040   11  87011  87790 | 1.4256 14.42 | 5.96e-03 1.44e-02 |   2.4752 0.5077  0.4732  1.4414 0.833 15.67 | edge_dev mean=0.2163 max=0.4384 gg=0.0133 shape_dev=1.0543 xbar=0.1647
# CONVTAG t=820.00 rough=0.000000 cond=1.306911 evap=0.000000 backs=0.000000
t=  830.00 -1.24e-15 | 1.6194 15.89  21061   22  88072  88854 | 1.4258 14.42 | 6.94e-03 1.99e-02 |   2.5261 0.5182  0.4090  1.4503 0.833 15.67 | edge_dev mean=0.3258 max=0.6142 gg=0.1945 shape_dev=1.0398 xbar=0.1671
# CONVTAG t=830.00 rough=0.000000 cond=1.306911 evap=0.000000 backs=0.000000
t=  840.00 -1.24e-15 | 1.6194 15.89  21063    7  89126  89922 | 1.4258 14.42 | 5.00e-03 1.81e-02 |   2.1131 0.4335  0.5024  1.4882 0.833 15.83 | edge_dev mean=0.3363 max=0.6671 gg=0.1634 shape_dev=1.0043 xbar=0.1401
# CONVTAG t=840.00 rough=0.000000 cond=1.306911 evap=0.000000 backs=0.000000
t=  850.00 -1.24e-15 | 1.6193 15.89  21059   10  90127  90903 | 1.4258 14.42 | 5.06e-03 1.39e-02 |   2.0162 0.4136  0.5429  1.5950 0.833 16.17 | edge_dev mean=0.3388 max=0.6693 gg=0.1574 shape_dev=0.9660 xbar=0.1469
# CONVTAG t=850.00 rough=0.000000 cond=1.306911 evap=0.000000 backs=0.000000
t=  860.00 -1.24e-15 | 1.6192 15.90  21073   10  91107  91920 | 1.4260 14.42 | 4.82e-03 1.55e-02 |   2.3147 0.4748  0.3870  1.5087 0.833 16.17 | edge_dev mean=0.3199 max=0.6802 gg=0.1589 shape_dev=0.9046 xbar=0.1531
# CONVTAG t=860.00 rough=0.000000 cond=1.306911 evap=0.000000 backs=0.000000
t=  870.00 -1.24e-15 | 1.6192 15.90  21078    8  92160  92974 | 1.4261 14.42 | 5.84e-03 1.58e-02 |   2.4340 0.4993  0.3955  1.4886 0.833 16.33 | edge_dev mean=0.3189 max=0.6687 gg=0.1653 shape_dev=0.9100 xbar=0.1614
# CONVTAG t=870.00 rough=0.000000 cond=1.306911 evap=0.000000 backs=0.000000
t=  880.00 -1.24e-15 | 1.6192 15.90  21075    8  93202  93976 | 1.4260 14.41 | 7.85e-03 2.36e-02 |   2.6588 0.5454  0.3429  1.4238 0.833 16.17 | edge_dev mean=0.3053 max=0.6593 gg=0.1717 shape_dev=0.9405 xbar=0.1764
# CONVTAG t=880.00 rough=0.000000 cond=1.306911 evap=0.000000 backs=0.000000
t=  890.00 -1.24e-15 | 1.6193 15.87  21038   12  94312  95037 | 1.4257 14.43 | 4.25e-03 1.38e-02 |   2.5429 0.5216  0.3411  1.4087 0.833 16.17 | edge_dev mean=0.2963 max=0.6293 gg=0.1674 shape_dev=0.9299 xbar=0.1690
# CONVTAG t=890.00 rough=0.000000 cond=1.306911 evap=0.000000 backs=0.000000
t=  900.00 -1.24e-15 | 1.6192 15.89  21062    8  95349  96127 | 1.4261 14.43 | 5.10e-03 1.27e-02 |   2.2967 0.4711  0.3438  1.3559 0.833 16.33 | edge_dev mean=0.3072 max=0.6315 gg=0.1828 shape_dev=0.9590 xbar=0.1526
# CONVTAG t=900.00 rough=0.000000 cond=1.306911 evap=0.000000 backs=0.000000
t=  910.00 -1.24e-15 | 1.6193 15.89  21058    9  96413  97195 | 1.4260 14.43 | 5.16e-03 1.77e-02 |   3.1150 0.6390  0.4693  1.5138 0.833 16.50 | edge_dev mean=0.3277 max=0.6638 gg=0.1585 shape_dev=0.9556 xbar=0.2083
# CONVTAG t=910.00 rough=0.000000 cond=1.306911 evap=0.000000 backs=0.000000
t=  920.00 -1.24e-15 | 1.6193 15.89  21061   10  97363  98165 | 1.4261 14.44 | 5.75e-03 1.42e-02 |   2.5319 0.5194  0.3658  1.3684 0.833 16.50 | edge_dev mean=0.3209 max=0.6680 gg=0.2273 shape_dev=0.9315 xbar=0.1864
# CONVTAG t=920.00 rough=0.000000 cond=1.306911 evap=0.000000 backs=0.000000
t=  930.00 -1.24e-15 | 1.6192 15.91  21085    6  98381  99144 | 1.4263 14.43 | 7.24e-03 2.51e-02 |   2.4884 0.5104  0.3429  1.4968 0.833 16.33 | edge_dev mean=0.3135 max=0.6215 gg=0.1648 shape_dev=0.9550 xbar=0.1652
# CONVTAG t=930.00 rough=0.000000 cond=1.306911 evap=0.000000 backs=0.000000
t=  940.00 -1.24e-15 | 1.6191 15.88  21052    7  99409 100161 | 1.4259 14.43 | 8.86e-03 1.72e-02 |   2.5075 0.5143  0.5764  1.5291 0.833 15.83 | edge_dev mean=0.3207 max=0.6165 gg=0.1522 shape_dev=0.9422 xbar=0.1667
# CONVTAG t=940.00 rough=0.000000 cond=1.306911 evap=0.000000 backs=0.000000
t=  950.00 -1.37e-15 | 1.6190 15.87  21038    5 100462 101196 | 1.4257 14.43 | 4.88e-03 1.67e-02 |   2.7913 0.5726  0.4404  1.5254 0.833 15.50 | edge_dev mean=0.3183 max=0.6163 gg=0.1603 shape_dev=0.9478 xbar=0.1851
# CONVTAG t=950.00 rough=0.000000 cond=1.306911 evap=0.000000 backs=0.000000
t=  960.00 -1.37e-15 | 1.6190 15.87  21031   16 101578 102310 | 1.4256 14.43 | 3.48e-03 1.39e-02 |   1.8191 0.3731  0.4472  1.3336 0.833 16.33 | edge_dev mean=0.3339 max=0.6808 gg=0.1803 shape_dev=0.9477 xbar=0.1205
# CONVTAG t=960.00 rough=0.000000 cond=1.306911 evap=0.000000 backs=0.000000
t=  970.00 -1.37e-15 | 1.6192 15.87  21041    9 102724 103438 | 1.4257 14.43 | 3.48e-03 2.21e-02 |   2.7538 0.5649  0.2679  1.4790 0.833 15.67 | edge_dev mean=0.3399 max=0.8270 gg=0.1601 shape_dev=0.8605 xbar=0.1828
# CONVTAG t=970.00 rough=0.000000 cond=1.306911 evap=0.000000 backs=0.000000
t=  980.00 -1.37e-15 | 1.6191 15.90  21078   11 103765 104535 | 1.4262 14.43 | 4.13e-03 1.55e-02 |   2.4068 0.4937  0.4894  1.4081 0.833 16.67 | edge_dev mean=0.3525 max=0.9545 gg=0.1619 shape_dev=0.7644 xbar=0.1593
# CONVTAG t=980.00 rough=0.000000 cond=1.306911 evap=0.000000 backs=0.000000
t=  990.00 -1.37e-15 | 1.6190 15.88  21052   13 104798 105571 | 1.4259 14.43 | 4.27e-03 1.50e-02 |   2.3305 0.4780  0.5323  1.4424 0.833 16.50 | edge_dev mean=0.3596 max=0.9416 gg=0.0193 shape_dev=0.7534 xbar=0.1545
# CONVTAG t=990.00 rough=0.000000 cond=1.306911 evap=0.000000 backs=0.000000
t= 1000.00 -1.37e-15 | 1.6190 15.89  21057    9 105772 106559 | 1.4260 14.44 | 3.05e-03 1.29e-02 |   1.9870 0.4076  0.6091  1.4527 0.833 16.50 | edge_dev mean=0.3646 max=0.9419 gg=0.0092 shape_dev=0.7979 xbar=0.1315
# CONVTAG t=1000.00 rough=0.000000 cond=1.306911 evap=0.000000 backs=0.000000
t= 1010.00 -1.37e-15 | 1.6190 15.88  21045   10 106774 107568 | 1.4258 14.43 | 5.43e-03 1.81e-02 |   2.2407 0.4596  0.5650  1.4210 0.833 16.33 | edge_dev mean=0.3603 max=0.8885 gg=0.0000 shape_dev=0.8078 xbar=0.1493
# CONVTAG t=1010.00 rough=0.000000 cond=1.306911 evap=0.000000 backs=0.000000
t= 1020.00 -1.37e-15 | 1.6189 15.87  21034   10 107844 108624 | 1.4256 14.42 | 8.54e-03 2.21e-02 |   2.4485 0.5023  0.3289  1.3930 0.833 15.83 | edge_dev mean=0.3349 max=0.7994 gg=0.0110 shape_dev=0.8221 xbar=0.1627
# CONVTAG t=1020.00 rough=0.000000 cond=1.306911 evap=0.000000 backs=0.000000
t= 1030.00 -1.37e-15 | 1.6189 15.85  21007    6 108915 109698 | 1.4251 14.41 | 8.52e-03 2.05e-02 |   3.0465 0.6249  0.8045  1.4029 0.833 15.83 | edge_dev mean=0.3571 max=0.8134 gg=0.0424 shape_dev=0.8254 xbar=0.2026
# CONVTAG t=1030.00 rough=0.000000 cond=1.306911 evap=0.000000 backs=0.000000
t= 1040.00 -1.37e-15 | 1.6189 15.88  21054    6 110007 110794 | 1.4255 14.39 | 9.70e-03 2.20e-02 |   2.3885 0.4900  0.7768  1.4155 0.833 16.17 | edge_dev mean=0.3773 max=0.8384 gg=0.1172 shape_dev=0.8257 xbar=0.1595
# CONVTAG t=1040.00 rough=0.000000 cond=1.306911 evap=0.000000 backs=0.000000
t= 1050.00 -1.51e-15 | 1.6189 15.89  21062   13 111094 111851 | 1.4256 14.40 | 9.20e-03 2.23e-02 |   1.9940 0.4090  0.5009  1.3080 0.833 16.17 | edge_dev mean=0.3749 max=0.8485 gg=0.0084 shape_dev=0.8544 xbar=0.1326
# CONVTAG t=1050.00 rough=0.000000 cond=1.306911 evap=0.000000 backs=0.000000
t= 1060.00 -1.51e-15 | 1.6188 15.88  21055   10 112120 112880 | 1.4256 14.41 | 1.04e-02 2.53e-02 |   1.8638 0.3823  0.4555  1.2733 0.833 16.67 | edge_dev mean=0.3830 max=0.8352 gg=0.0145 shape_dev=0.9327 xbar=0.1238
# CONVTAG t=1060.00 rough=0.000000 cond=1.306911 evap=0.000000 backs=0.000000
t= 1070.00 -1.51e-15 | 1.6187 15.89  21063   12 113188 113926 | 1.4259 14.42 | 3.11e-03 1.48e-02 |   1.9692 0.4039  0.4544  1.3520 0.833 16.00 | edge_dev mean=0.3745 max=0.8328 gg=0.1532 shape_dev=0.8797 xbar=0.1423
# CONVTAG t=1070.00 rough=0.000000 cond=1.306911 evap=0.000000 backs=0.000000
t= 1080.00 -1.51e-15 | 1.6187 15.89  21063    8 114329 115071 | 1.4259 14.42 | 5.53e-03 1.91e-02 |   2.1158 0.4340  0.4477  1.3376 0.833 16.17 | edge_dev mean=0.3450 max=0.7299 gg=0.1077 shape_dev=0.8677 xbar=0.1404
# CONVTAG t=1080.00 rough=0.000000 cond=1.306911 evap=0.000000 backs=0.000000
t= 1090.00 -1.51e-15 | 1.6186 15.88  21053    6 115402 116160 | 1.4257 14.41 | 1.02e-02 2.29e-02 |   2.1921 0.4497  0.4010  1.3853 0.833 15.67 | edge_dev mean=0.3389 max=0.7035 gg=0.1893 shape_dev=0.8757 xbar=0.1501
# CONVTAG t=1090.00 rough=0.000000 cond=1.306911 evap=0.000000 backs=0.000000
t= 1100.00 -1.51e-15 | 1.6186 15.90  21075    5 116396 117134 | 1.4260 14.41 | 4.86e-03 1.74e-02 |   2.2959 0.4710  0.4091  1.4094 0.833 15.33 | edge_dev mean=0.3112 max=0.7007 gg=0.1552 shape_dev=0.8891 xbar=0.1517
# CONVTAG t=1100.00 rough=0.000000 cond=1.306911 evap=0.000000 backs=0.000000
t= 1110.00 -1.51e-15 | 1.6186 15.89  21065    8 117466 118223 | 1.4259 14.41 | 1.56e-02 3.66e-02 |   2.1162 0.4341  0.3569  1.4142 0.833 15.00 | edge_dev mean=0.3055 max=0.6687 gg=0.1742 shape_dev=0.8730 xbar=0.1404
# CONVTAG t=1110.00 rough=0.000000 cond=1.306911 evap=0.000000 backs=0.000000
t= 1120.00 -1.51e-15 | 1.6186 15.87  21041   16 118576 119299 | 1.4256 14.41 | 8.05e-03 2.21e-02 |   2.2957 0.4709  0.3185  1.3459 0.833 15.17 | edge_dev mean=0.3109 max=0.6749 gg=0.1896 shape_dev=0.8238 xbar=0.1547
# CONVTAG t=1120.00 rough=0.000000 cond=1.306911 evap=0.000000 backs=0.000000
t= 1130.00 -1.51e-15 | 1.6187 15.87  21035    9 119716 120486 | 1.4255 14.41 | 1.62e-02 3.39e-02 |   2.1194 0.4347  0.3318  1.2970 0.833 15.50 | edge_dev mean=0.2986 max=0.7022 gg=0.1637 shape_dev=0.7984 xbar=0.1404
# CONVTAG t=1130.00 rough=0.000000 cond=1.306911 evap=0.000000 backs=0.000000
t= 1140.00 -1.51e-15 | 1.6186 15.88  21051   10 120779 121545 | 1.4256 14.40 | 6.93e-03 1.58e-02 |   2.2098 0.4533  0.3127  1.3763 0.833 15.83 | edge_dev mean=0.2651 max=0.6943 gg=0.2221 shape_dev=0.7976 xbar=0.1463
# CONVTAG t=1140.00 rough=0.000000 cond=1.306911 evap=0.000000 backs=0.000000
t= 1150.00 -1.51e-15 | 1.6185 15.87  21038   14 121884 122625 | 1.4254 14.40 | 6.70e-03 1.77e-02 |   1.9435 0.3987  0.4299  1.3676 0.833 15.33 | edge_dev mean=0.2767 max=0.7178 gg=0.2204 shape_dev=0.8196 xbar=0.1284
# CONVTAG t=1150.00 rough=0.000000 cond=1.306911 evap=0.000000 backs=0.000000
t= 1160.00 -1.65e-15 | 1.6184 15.89  21058    8 123073 123801 | 1.4256 14.39 | 1.35e-02 3.07e-02 |   2.2317 0.4578  0.3425  1.3718 0.833 15.33 | edge_dev mean=0.2977 max=0.6999 gg=0.1298 shape_dev=0.8632 xbar=0.1477
# CONVTAG t=1160.00 rough=0.000000 cond=1.306911 evap=0.000000 backs=0.000000
t= 1170.00 -1.51e-15 | 1.6185 15.86  21029    8 124240 124988 | 1.4253 14.39 | 4.99e-03 1.42e-02 |   2.0781 0.4263  0.3782  1.3365 0.833 15.00 | edge_dev mean=0.2775 max=0.7667 gg=0.1641 shape_dev=0.8224 xbar=0.1370
# CONVTAG t=1170.00 rough=0.000000 cond=1.306911 evap=0.000000 backs=0.000000
t= 1180.00 -1.51e-15 | 1.6184 15.88  21049   10 125340 126139 | 1.4254 14.39 | 9.95e-03 2.13e-02 |   2.1180 0.4345  0.4397  1.3263 0.833 14.83 | edge_dev mean=0.2855 max=0.6502 gg=0.1633 shape_dev=0.8703 xbar=0.1402
# CONVTAG t=1180.00 rough=0.000000 cond=1.306911 evap=0.000000 backs=0.000000
t= 1190.00 -1.51e-15 | 1.6184 15.87  21042   12 126441 127218 | 1.4255 14.40 | 4.19e-03 1.72e-02 |   2.0965 0.4301  0.4513  1.3271 0.833 15.17 | edge_dev mean=0.2697 max=0.6323 gg=0.1969 shape_dev=0.9098 xbar=0.1385
# CONVTAG t=1190.00 rough=0.000000 cond=1.306911 evap=0.000000 backs=0.000000
t= 1200.00 -1.65e-15 | 1.6184 15.89  21058   12 127474 128266 | 1.4257 14.40 | 7.78e-03 1.65e-02 |   1.9190 0.3936  0.5174  1.2855 0.833 15.00 | edge_dev mean=0.2925 max=0.6292 gg=0.2231 shape_dev=0.9455 xbar=0.1259
# CONVTAG t=1200.00 rough=0.000000 cond=1.306911 evap=0.000000 backs=0.000000
t= 1210.00 -1.51e-15 | 1.6184 15.87  21035    7 128646 129422 | 1.4255 14.40 | 3.91e-03 1.58e-02 |   1.9824 0.4066  0.6724  1.2641 0.833 15.00 | edge_dev mean=0.2755 max=0.5716 gg=0.1335 shape_dev=0.9500 xbar=0.1311
# CONVTAG t=1210.00 rough=0.000000 cond=1.306911 evap=0.000000 backs=0.000000
t= 1220.00 -1.65e-15 | 1.6185 15.88  21055    6 129844 130638 | 1.4258 14.41 | 8.41e-03 2.11e-02 |   1.8852 0.3867  0.8100  1.2487 0.833 14.83 | edge_dev mean=0.2798 max=0.5520 gg=0.0865 shape_dev=0.9731 xbar=0.1245
# CONVTAG t=1220.00 rough=0.000000 cond=1.306911 evap=0.000000 backs=0.000000
t= 1230.00 -1.51e-15 | 1.6184 15.87  21033    6 130919 131705 | 1.4256 14.41 | 6.39e-03 1.83e-02 |   1.7293 0.3547  0.9976  1.2324 0.833 15.67 | edge_dev mean=0.3129 max=0.5459 gg=0.0884 shape_dev=1.0659 xbar=0.1142
# CONVTAG t=1230.00 rough=0.000000 cond=1.306911 evap=0.000000 backs=0.000000
t= 1240.00 -1.65e-15 | 1.6184 15.87  21042   12 132085 132813 | 1.4258 14.42 | 1.65e-02 3.65e-02 |   1.9475 0.3995  0.9197  1.3208 0.833 15.67 | edge_dev mean=0.3219 max=0.5226 gg=0.0009 shape_dev=1.0776 xbar=0.1286
# CONVTAG t=1240.00 rough=0.000000 cond=1.306911 evap=0.000000 backs=0.000000
t= 1250.00 -1.65e-15 | 1.6184 15.87  21037    6 133165 133919 | 1.4257 14.42 | 1.37e-02 3.28e-02 |   1.8319 0.3758  0.8524  1.3368 0.833 15.33 | edge_dev mean=0.3344 max=0.6058 gg=0.0003 shape_dev=0.9864 xbar=0.1210
# CONVTAG t=1250.00 rough=0.000000 cond=1.306911 evap=0.000000 backs=0.000000
t= 1260.00 -1.65e-15 | 1.6183 15.87  21036    2 134322 135115 | 1.4256 14.41 | 6.12e-03 1.36e-02 |   1.9915 0.4085  0.9870  1.3415 0.833 15.50 | edge_dev mean=0.4057 max=0.8509 gg=0.0001 shape_dev=0.8645 xbar=0.1312
# CONVTAG t=1260.00 rough=0.000000 cond=1.306911 evap=0.000000 backs=0.000000
t= 1270.00 -1.65e-15 | 1.6185 15.90  21072    5 135345 136136 | 1.4260 14.42 | 8.54e-03 2.54e-02 |   2.1106 0.4329  0.9567  1.3423 0.833 15.33 | edge_dev mean=0.3997 max=0.8096 gg=0.0000 shape_dev=0.8381 xbar=0.1397
# CONVTAG t=1270.00 rough=0.000000 cond=1.306911 evap=0.000000 backs=0.000000
t= 1280.00 -1.65e-15 | 1.6184 15.89  21067    6 136404 137164 | 1.4259 14.42 | 5.27e-03 1.46e-02 |   2.0021 0.4107  1.0234  1.3134 0.833 15.33 | edge_dev mean=0.3813 max=0.8098 gg=0.0502 shape_dev=0.8071 xbar=0.1328
# CONVTAG t=1280.00 rough=0.000000 cond=1.306911 evap=0.000000 backs=0.000000
t= 1290.00 -1.65e-15 | 1.6185 15.90  21080    6 137441 138175 | 1.4260 14.41 | 6.74e-03 1.55e-02 |   1.9183 0.3935  0.9337  1.4120 0.833 15.50 | edge_dev mean=0.3350 max=0.8040 gg=0.1598 shape_dev=0.7877 xbar=0.1272
# CONVTAG t=1290.00 rough=0.000000 cond=1.306911 evap=0.000000 backs=0.000000
t= 1300.00 -1.65e-15 | 1.6185 15.87  21039    6 138511 139322 | 1.4255 14.41 | 4.75e-03 1.32e-02 |   1.8940 0.3885  0.9375  1.3989 0.833 15.67 | edge_dev mean=0.3176 max=0.7781 gg=0.1436 shape_dev=0.7828 xbar=0.1252
# CONVTAG t=1300.00 rough=0.000000 cond=1.306911 evap=0.000000 backs=0.000000
t= 1310.00 -1.65e-15 | 1.6185 15.86  21023    6 139699 140485 | 1.4252 14.41 | 9.27e-03 2.19e-02 |   2.1905 0.4493  0.8359  1.4152 0.833 15.33 | edge_dev mean=0.3177 max=0.8065 gg=0.1574 shape_dev=0.7603 xbar=0.1445
# CONVTAG t=1310.00 rough=0.000000 cond=1.306911 evap=0.000000 backs=0.000000
t= 1320.00 -1.65e-15 | 1.6185 15.85  21015   10 140845 141665 | 1.4250 14.40 | 5.89e-03 2.00e-02 |   2.4128 0.4949  0.8633  1.3895 0.833 14.83 | edge_dev mean=0.3143 max=0.8054 gg=0.1589 shape_dev=0.7772 xbar=0.1589
# CONVTAG t=1320.00 rough=0.000000 cond=1.306911 evap=0.000000 backs=0.000000
t= 1330.00 -1.65e-15 | 1.6184 15.87  21033   12 141967 142767 | 1.4253 14.40 | 5.41e-03 1.38e-02 |   2.2271 0.4568  0.8874  1.4365 0.833 15.33 | edge_dev mean=0.3312 max=0.8129 gg=0.1388 shape_dev=0.8692 xbar=0.1468
# CONVTAG t=1330.00 rough=0.000000 cond=1.306911 evap=0.000000 backs=0.000000
t= 1340.00 -1.65e-15 | 1.6184 15.88  21048    7 143030 143844 | 1.4255 14.41 | 5.50e-03 1.55e-02 |   2.1311 0.4371  0.8543  1.4797 0.833 15.83 | edge_dev mean=0.3326 max=0.7983 gg=0.1501 shape_dev=0.8630 xbar=0.1403
# CONVTAG t=1340.00 rough=0.000000 cond=1.306911 evap=0.000000 backs=0.000000
t= 1350.00 -1.65e-15 | 1.6184 15.86  21025    6 144196 145011 | 1.4253 14.41 | 6.42e-03 2.05e-02 |   2.0611 0.4228  0.8934  1.5188 0.833 15.50 | edge_dev mean=0.3394 max=0.8055 gg=0.1064 shape_dev=0.8321 xbar=0.1356
# CONVTAG t=1350.00 rough=0.000000 cond=1.306911 evap=0.000000 backs=0.000000
t= 1360.00 -1.65e-15 | 1.6183 15.85  21003    7 145266 146114 | 1.4249 14.40 | 4.69e-03 1.54e-02 |   2.1458 0.4402  0.9172  1.6438 0.833 15.67 | edge_dev mean=0.3168 max=0.7920 gg=0.1392 shape_dev=0.8337 xbar=0.1573
# CONVTAG t=1360.00 rough=0.000000 cond=1.306911 evap=0.000000 backs=0.000000
t= 1370.00 -1.65e-15 | 1.6183 15.86  21026   12 146413 147227 | 1.4251 14.39 | 8.14e-03 1.61e-02 |   2.1871 0.4486  1.1030  1.4746 0.833 15.50 | edge_dev mean=0.3141 max=0.8627 gg=0.1156 shape_dev=0.7832 xbar=0.1439
# CONVTAG t=1370.00 rough=0.000000 cond=1.306911 evap=0.000000 backs=0.000000
t= 1380.00 -1.65e-15 | 1.6183 15.84  20992   16 147485 148289 | 1.4246 14.38 | 7.76e-03 2.44e-02 |   2.2589 0.4634  1.0680  1.5003 0.833 15.50 | edge_dev mean=0.3156 max=0.8529 gg=0.1544 shape_dev=0.7959 xbar=0.1493
# CONVTAG t=1380.00 rough=0.000000 cond=1.306911 evap=0.000000 backs=0.000000
t= 1390.00 -1.65e-15 | 1.6184 15.82  20974   13 148570 149349 | 1.4243 14.37 | 6.38e-03 1.52e-02 |   2.3056 0.4729  1.0015  1.5264 0.833 16.00 | edge_dev mean=0.3465 max=0.8909 gg=0.1585 shape_dev=0.8275 xbar=0.1522
# CONVTAG t=1390.00 rough=0.000000 cond=1.306911 evap=0.000000 backs=0.000000
t= 1400.00 -1.65e-15 | 1.6186 15.82  20966   13 149716 150501 | 1.4243 14.38 | 5.85e-03 1.60e-02 |   2.7798 0.5702  1.0804  1.6413 0.833 16.00 | edge_dev mean=0.3949 max=0.9848 gg=0.1261 shape_dev=0.8502 xbar=0.1846
# CONVTAG t=1400.00 rough=0.000000 cond=1.306911 evap=0.000000 backs=0.000000
t= 1410.00 -1.65e-15 | 1.6185 15.81  20957    7 150696 151471 | 1.4242 14.38 | 4.46e-03 1.27e-02 |   2.9385 0.6028  0.9481  1.5963 0.833 16.33 | edge_dev mean=0.3547 max=1.0060 gg=0.2068 shape_dev=0.8548 xbar=0.1943
# CONVTAG t=1410.00 rough=0.000000 cond=1.306911 evap=0.000000 backs=0.000000
t= 1420.00 -1.65e-15 | 1.6185 15.82  20976    6 151854 152595 | 1.4245 14.39 | 6.38e-03 1.56e-02 |   2.9825 0.6118  0.8769  1.6215 0.833 16.67 | edge_dev mean=0.3751 max=1.0385 gg=0.1642 shape_dev=0.8896 xbar=0.1978
# CONVTAG t=1420.00 rough=0.000000 cond=1.306911 evap=0.000000 backs=0.000000
t= 1430.00 -1.65e-15 | 1.6186 15.83  20986   10 152908 153685 | 1.4245 14.38 | 4.03e-03 1.66e-02 |   2.9061 0.5961  0.8142  1.6646 0.833 16.33 | edge_dev mean=0.3901 max=1.0391 gg=0.1132 shape_dev=0.8832 xbar=0.1929
# CONVTAG t=1430.00 rough=0.000000 cond=1.306911 evap=0.000000 backs=0.000000
t= 1440.00 -1.65e-15 | 1.6185 15.85  21004   10 153913 154659 | 1.4247 14.38 | 5.24e-03 1.41e-02 |   2.9125 0.5974  0.6768  1.6657 0.833 16.17 | edge_dev mean=0.3821 max=1.0460 gg=0.0668 shape_dev=0.8717 xbar=0.1929
# CONVTAG t=1440.00 rough=0.000000 cond=1.306911 evap=0.000000 backs=0.000000
t= 1450.00 -1.65e-15 | 1.6186 15.82  20970   10 154958 155705 | 1.4244 14.38 | 1.24e-02 2.16e-02 |   2.7266 0.5593  0.7194  1.6645 0.833 16.00 | edge_dev mean=0.3858 max=1.0410 gg=0.2105 shape_dev=0.8818 xbar=0.1807
# CONVTAG t=1450.00 rough=0.000000 cond=1.306911 evap=0.000000 backs=0.000000
t= 1460.00 -1.65e-15 | 1.6186 15.81  20955    9 156040 156798 | 1.4241 14.38 | 7.41e-03 1.90e-02 |   2.8564 0.5859  0.6965  1.6709 0.833 15.83 | edge_dev mean=0.3881 max=1.0589 gg=0.0000 shape_dev=0.8851 xbar=0.1893
# CONVTAG t=1460.00 rough=0.000000 cond=1.306911 evap=0.000000 backs=0.000000
t= 1470.00 -1.65e-15 | 1.6186 15.84  20991   19 157229 157967 | 1.4247 14.39 | 7.09e-03 1.94e-02 |   2.6275 0.5390  0.7259  1.6645 0.833 15.83 | edge_dev mean=0.3779 max=1.0555 gg=0.0112 shape_dev=0.8909 xbar=0.1770
# CONVTAG t=1470.00 rough=0.000000 cond=1.306911 evap=0.000000 backs=0.000000
t= 1480.00 -1.65e-15 | 1.6186 15.82  20968   20 158267 159029 | 1.4243 14.38 | 6.40e-03 1.73e-02 |   2.6391 0.5414  0.6913  1.6016 0.833 15.83 | edge_dev mean=0.3686 max=1.0336 gg=0.0024 shape_dev=0.8973 xbar=0.1748
# CONVTAG t=1480.00 rough=0.000000 cond=1.306911 evap=0.000000 backs=0.000000
t= 1490.00 -1.65e-15 | 1.6186 15.85  21015   17 159391 160160 | 1.4249 14.38 | 9.05e-03 2.15e-02 |   2.6960 0.5530  0.6594  1.5444 0.833 15.83 | edge_dev mean=0.3848 max=0.9935 gg=0.0096 shape_dev=0.8916 xbar=0.1792
# CONVTAG t=1490.00 rough=0.000000 cond=1.306911 evap=0.000000 backs=0.000000
t= 1500.00 -1.65e-15 | 1.6186 15.85  21003   11 160483 161275 | 1.4247 14.38 | 9.08e-03 1.70e-02 |   2.4439 0.5013  0.6764  1.5495 0.833 15.50 | edge_dev mean=0.3942 max=0.9828 gg=0.0019 shape_dev=0.9224 xbar=0.1621
# CONVTAG t=1500.00 rough=0.000000 cond=1.306911 evap=0.000000 backs=0.000000
t= 1510.00 -1.78e-15 | 1.6187 15.86  21017   14 161589 162388 | 1.4249 14.38 | 5.78e-03 2.15e-02 |   2.6841 0.5506  0.4897  1.5363 0.833 15.67 | edge_dev mean=0.4014 max=0.9315 gg=0.0000 shape_dev=0.9702 xbar=0.1782
# CONVTAG t=1510.00 rough=0.000000 cond=1.306911 evap=0.000000 backs=0.000000
t= 1520.00 -1.65e-15 | 1.6187 15.83  20982   16 162705 163502 | 1.4244 14.37 | 1.26e-02 3.07e-02 |   2.4100 0.4944  0.5814  1.5729 0.833 15.50 | edge_dev mean=0.4067 max=0.8913 gg=0.0085 shape_dev=0.9676 xbar=0.1599
# CONVTAG t=1520.00 rough=0.000000 cond=1.306911 evap=0.000000 backs=0.000000
t= 1530.00 -1.78e-15 | 1.6187 15.84  20990   10 163787 164614 | 1.4243 14.35 | 5.31e-03 1.86e-02 |   2.2278 0.4570  0.6440  1.5790 0.833 15.67 | edge_dev mean=0.3847 max=0.8612 gg=0.0001 shape_dev=0.9090 xbar=0.1478
# CONVTAG t=1530.00 rough=0.000000 cond=1.306911 evap=0.000000 backs=0.000000
t= 1540.00 -1.65e-15 | 1.6187 15.85  21006   10 164800 165629 | 1.4245 14.36 | 2.94e-03 1.33e-02 |   2.4310 0.4987  0.4319  1.4918 0.833 15.67 | edge_dev mean=0.3863 max=0.8405 gg=0.0048 shape_dev=0.8782 xbar=0.1615
# CONVTAG t=1540.00 rough=0.000000 cond=1.306911 evap=0.000000 backs=0.000000
t= 1550.00 -1.65e-15 | 1.6188 15.87  21035    8 165791 166636 | 1.4249 14.37 | 7.54e-03 1.78e-02 |   2.1827 0.4477  0.5250  1.5763 0.833 15.67 | edge_dev mean=0.4156 max=0.8694 gg=0.0335 shape_dev=0.8952 xbar=0.1446
# CONVTAG t=1550.00 rough=0.000000 cond=1.306911 evap=0.000000 backs=0.000000
t= 1560.00 -1.65e-15 | 1.6188 15.86  21021    5 166771 167648 | 1.4246 14.35 | 5.72e-03 1.80e-02 |   2.0971 0.4302  0.5562  1.5705 0.833 15.33 | edge_dev mean=0.4300 max=0.8880 gg=0.0000 shape_dev=0.8880 xbar=0.1386
# CONVTAG t=1560.00 rough=0.000000 cond=1.306911 evap=0.000000 backs=0.000000
t= 1570.00 -1.65e-15 | 1.6188 15.84  21002    9 167828 168677 | 1.4243 14.35 | 5.46e-03 1.80e-02 |   2.3628 0.4847  0.6774  1.6611 0.833 15.50 | edge_dev mean=0.4399 max=0.9261 gg=0.0044 shape_dev=0.8452 xbar=0.1565
# CONVTAG t=1570.00 rough=0.000000 cond=1.306911 evap=0.000000 backs=0.000000
t= 1580.00 -1.65e-15 | 1.6186 15.85  21011    8 168870 169758 | 1.4243 14.34 | 4.98e-03 1.33e-02 |   2.6617 0.5460  0.5159  1.6384 0.833 15.50 | edge_dev mean=0.4372 max=0.8868 gg=0.0001 shape_dev=0.8665 xbar=0.1769
# CONVTAG t=1580.00 rough=0.000000 cond=1.306911 evap=0.000000 backs=0.000000
t= 1590.00 -1.78e-15 | 1.6187 15.86  21020   10 169905 170780 | 1.4245 14.35 | 8.18e-03 2.25e-02 |   2.2192 0.4552  0.5539  1.6177 0.833 15.67 | edge_dev mean=0.3998 max=0.8079 gg=0.0226 shape_dev=0.8452 xbar=0.1471
# CONVTAG t=1590.00 rough=0.000000 cond=1.306911 evap=0.000000 backs=0.000000
t= 1600.00 -1.78e-15 | 1.6188 15.85  21005   10 170986 171873 | 1.4244 14.35 | 1.56e-02 3.68e-02 |   2.1417 0.4393  0.5997  1.5999 0.833 15.83 | edge_dev mean=0.4023 max=0.8343 gg=0.0058 shape_dev=0.8202 xbar=0.1417
# CONVTAG t=1600.00 rough=0.000000 cond=1.306911 evap=0.000000 backs=0.000000
t= 1610.00 -1.78e-15 | 1.6187 15.85  21012    5 172080 172975 | 1.4245 14.36 | 8.10e-03 1.92e-02 |   2.2077 0.4529  0.6122  1.5979 0.833 15.67 | edge_dev mean=0.4097 max=0.8658 gg=0.0007 shape_dev=0.7962 xbar=0.1462
# CONVTAG t=1610.00 rough=0.000000 cond=1.306911 evap=0.000000 backs=0.000000
t= 1620.00 -1.78e-15 | 1.6187 15.85  21008    7 173249 174111 | 1.4244 14.35 | 5.20e-03 1.81e-02 |   2.2147 0.4543  0.6341  1.6055 0.833 15.67 | edge_dev mean=0.4115 max=0.8652 gg=0.0000 shape_dev=0.8063 xbar=0.1466
# CONVTAG t=1620.00 rough=0.000000 cond=1.306911 evap=0.000000 backs=0.000000
t= 1630.00 -1.78e-15 | 1.6187 15.86  21019   15 174332 175182 | 1.4245 14.36 | 8.35e-03 2.55e-02 |   2.1135 0.4335  0.6450  1.6089 0.833 15.83 | edge_dev mean=0.3952 max=0.8396 gg=0.0000 shape_dev=0.7880 xbar=0.1399
# CONVTAG t=1630.00 rough=0.000000 cond=1.306911 evap=0.000000 backs=0.000000
t= 1640.00 -1.78e-15 | 1.6187 15.86  21019    9 175465 176322 | 1.4244 14.35 | 5.09e-03 1.37e-02 |   2.1001 0.4308  0.6952  1.5972 0.833 15.67 | edge_dev mean=0.3809 max=0.7977 gg=0.0000 shape_dev=0.8177 xbar=0.1392
# CONVTAG t=1640.00 rough=0.000000 cond=1.306911 evap=0.000000 backs=0.000000
t= 1650.00 -1.78e-15 | 1.6187 15.86  21022    8 176511 177384 | 1.4246 14.36 | 4.39e-03 1.29e-02 |   1.9228 0.3944  0.7775  1.6047 0.833 15.83 | edge_dev mean=0.4008 max=0.8111 gg=0.0532 shape_dev=0.7976 xbar=0.1315
# CONVTAG t=1650.00 rough=0.000000 cond=1.306911 evap=0.000000 backs=0.000000
t= 1660.00 -1.78e-15 | 1.6188 15.87  21032    9 177652 178524 | 1.4250 14.38 | 4.33e-03 1.17e-02 |   2.1827 0.4477  0.6685  1.5738 0.833 16.00 | edge_dev mean=0.4015 max=0.8260 gg=0.0274 shape_dev=0.8046 xbar=0.1446
# CONVTAG t=1660.00 rough=0.000000 cond=1.306911 evap=0.000000 backs=0.000000
t= 1670.00 -1.78e-15 | 1.6189 15.86  21021   10 178794 179655 | 1.4249 14.39 | 7.40e-03 1.92e-02 |   1.8688 0.3833  0.6512  1.5956 0.833 16.00 | edge_dev mean=0.4167 max=0.8306 gg=0.0001 shape_dev=0.8046 xbar=0.1238
# CONVTAG t=1670.00 rough=0.000000 cond=1.306911 evap=0.000000 backs=0.000000
t= 1680.00 -1.78e-15 | 1.6189 15.86  21029   12 180010 180848 | 1.4250 14.39 | 5.54e-03 1.50e-02 |   1.9398 0.3979  0.7214  1.5814 0.833 15.83 | edge_dev mean=0.3958 max=0.8312 gg=0.0005 shape_dev=0.7502 xbar=0.1316
# CONVTAG t=1680.00 rough=0.000000 cond=1.306911 evap=0.000000 backs=0.000000
t= 1690.00 -1.78e-15 | 1.6188 15.85  21010    4 181133 181980 | 1.4247 14.39 | 2.72e-03 1.22e-02 |   1.9449 0.3990  0.6976  1.4955 0.833 16.50 | edge_dev mean=0.3904 max=0.8372 gg=0.0742 shape_dev=0.7407 xbar=0.1286
# CONVTAG t=1690.00 rough=0.000000 cond=1.306911 evap=0.000000 backs=0.000000
t= 1700.00 -1.92e-15 | 1.6188 15.86  21019    3 182245 183075 | 1.4248 14.38 | 1.03e-02 2.14e-02 |   2.2684 0.4653  0.6965  1.3096 0.833 15.83 | edge_dev mean=0.3646 max=0.8245 gg=0.0286 shape_dev=0.7500 xbar=0.1499
# CONVTAG t=1700.00 rough=0.000000 cond=1.306911 evap=0.000000 backs=0.000000
t= 1710.00 -1.92e-15 | 1.6187 15.87  21030    7 183278 184117 | 1.4250 14.38 | 3.84e-03 1.14e-02 |   2.0138 0.4131  0.7660  1.3794 0.833 16.17 | edge_dev mean=0.3256 max=0.8187 gg=0.1150 shape_dev=0.7716 xbar=0.1321
# CONVTAG t=1710.00 rough=0.000000 cond=1.306911 evap=0.000000 backs=0.000000
t= 1720.00 -1.92e-15 | 1.6187 15.89  21064   12 184383 185211 | 1.4255 14.39 | 6.38e-03 1.85e-02 |   2.1963 0.4505  0.7272  1.3573 0.833 15.83 | edge_dev mean=0.3205 max=0.8342 gg=0.1389 shape_dev=0.7678 xbar=0.1450
# CONVTAG t=1720.00 rough=0.000000 cond=1.306911 evap=0.000000 backs=0.000000
t= 1730.00 -1.92e-15 | 1.6187 15.85  21010    8 185439 186275 | 1.4247 14.38 | 5.29e-03 1.36e-02 |   2.3476 0.4816  0.8063  1.3487 0.833 15.67 | edge_dev mean=0.3296 max=0.8563 gg=0.1752 shape_dev=0.7725 xbar=0.1545
# CONVTAG t=1730.00 rough=0.000000 cond=1.306911 evap=0.000000 backs=0.000000
t= 1740.00 -1.92e-15 | 1.6189 15.84  20998   11 186504 187343 | 1.4244 14.36 | 3.59e-03 1.34e-02 |   2.3727 0.4867  0.7603  1.3593 0.833 16.00 | edge_dev mean=0.3241 max=0.8667 gg=0.1424 shape_dev=0.7859 xbar=0.1563
# CONVTAG t=1740.00 rough=0.000000 cond=1.306911 evap=0.000000 backs=0.000000
t= 1750.00 -1.92e-15 | 1.6188 15.85  21012    9 187568 188435 | 1.4245 14.37 | 6.39e-03 1.89e-02 |   2.3439 0.4808  0.8139  1.3597 0.833 15.83 | edge_dev mean=0.3223 max=0.8637 gg=0.1593 shape_dev=0.8028 xbar=0.1547
# CONVTAG t=1750.00 rough=0.000000 cond=1.306911 evap=0.000000 backs=0.000000
t= 1760.00 -1.92e-15 | 1.6189 15.84  20990   14 188663 189549 | 1.4242 14.36 | 5.59e-03 1.55e-02 |   2.0599 0.4225  0.7656  1.3260 0.833 15.83 | edge_dev mean=0.3123 max=0.8621 gg=0.1547 shape_dev=0.7748 xbar=0.1450
# CONVTAG t=1760.00 rough=0.000000 cond=1.306911 evap=0.000000 backs=0.000000
t= 1770.00 -1.92e-15 | 1.6190 15.87  21034   16 189715 190557 | 1.4248 14.37 | 6.49e-03 1.84e-02 |   2.0280 0.4160  0.8352  1.2749 0.833 15.83 | edge_dev mean=0.3145 max=0.8748 gg=0.1337 shape_dev=0.7016 xbar=0.1337
# CONVTAG t=1770.00 rough=0.000000 cond=1.306911 evap=0.000000 backs=0.000000
t= 1780.00 -1.92e-15 | 1.6190 15.87  21034   10 190728 191553 | 1.4249 14.37 | 6.57e-03 1.56e-02 |   2.0020 0.4107  0.8664  1.2306 0.833 16.00 | edge_dev mean=0.3280 max=0.9132 gg=0.1035 shape_dev=0.6607 xbar=0.1316
# CONVTAG t=1780.00 rough=0.000000 cond=1.306911 evap=0.000000 backs=0.000000
t= 1790.00 -1.92e-15 | 1.6189 15.88  21047   15 191738 192575 | 1.4251 14.38 | 6.19e-03 1.73e-02 |   2.4189 0.4962  0.8724  1.3136 0.833 16.00 | edge_dev mean=0.3318 max=0.9641 gg=0.1457 shape_dev=0.6397 xbar=0.1596
# CONVTAG t=1790.00 rough=0.000000 cond=1.306911 evap=0.000000 backs=0.000000
t= 1800.00 -1.92e-15 | 1.6188 15.89  21062    6 192706 193547 | 1.4254 14.38 | 8.24e-03 2.34e-02 |   2.5240 0.5177  0.9353  1.3733 0.833 15.67 | edge_dev mean=0.3456 max=1.0405 gg=0.1298 shape_dev=0.6109 xbar=0.1685
# CONVTAG t=1800.00 rough=0.000000 cond=1.306911 evap=0.000000 backs=0.000000
t= 1810.00 -1.92e-15 | 1.6189 15.87  21035    7 193706 194545 | 1.4251 14.38 | 6.95e-03 1.73e-02 |   2.4695 0.5066  0.8894  1.3652 0.833 15.50 | edge_dev mean=0.3529 max=1.0713 gg=0.1436 shape_dev=0.6111 xbar=0.1628
# CONVTAG t=1810.00 rough=0.000000 cond=1.306911 evap=0.000000 backs=0.000000
t= 1820.00 -1.92e-15 | 1.6188 15.86  21029   10 194841 195673 | 1.4249 14.37 | 3.48e-03 1.32e-02 |   2.6507 0.5437  0.8977  1.3590 0.833 15.50 | edge_dev mean=0.3599 max=1.0800 gg=0.1298 shape_dev=0.6135 xbar=0.1755
# CONVTAG t=1820.00 rough=0.000000 cond=1.306911 evap=0.000000 backs=0.000000
t= 1830.00 -1.92e-15 | 1.6188 15.86  21019   10 195939 196808 | 1.4248 14.37 | 7.77e-03 2.03e-02 |   2.5094 0.5148  0.8607  1.3494 0.833 15.50 | edge_dev mean=0.3824 max=1.0470 gg=0.1424 shape_dev=0.7098 xbar=0.1658
# CONVTAG t=1830.00 rough=0.000000 cond=1.306911 evap=0.000000 backs=0.000000
t= 1840.00 -1.92e-15 | 1.6188 15.86  21028   10 197092 197957 | 1.4249 14.38 | 6.07e-03 1.71e-02 |   2.3554 0.4832  0.8176  1.2712 0.833 15.67 | edge_dev mean=0.3935 max=0.9786 gg=0.1708 shape_dev=0.7563 xbar=0.1560
# CONVTAG t=1840.00 rough=0.000000 cond=1.306911 evap=0.000000 backs=0.000000
t= 1850.00 -1.92e-15 | 1.6188 15.84  21000    5 198285 199130 | 1.4245 14.37 | 4.64e-03 1.44e-02 |   2.3140 0.4747  0.9129  1.3596 0.833 15.67 | edge_dev mean=0.4103 max=1.0280 gg=0.1550 shape_dev=0.7638 xbar=0.1530
# CONVTAG t=1850.00 rough=0.000000 cond=1.306911 evap=0.000000 backs=0.000000
t= 1860.00 -1.92e-15 | 1.6187 15.84  21000    7 199430 200288 | 1.4245 14.37 | 5.97e-03 1.87e-02 |   2.1182 0.4345  0.9402  1.3833 0.833 15.33 | edge_dev mean=0.4148 max=1.0483 gg=0.1543 shape_dev=0.7626 xbar=0.1403
# CONVTAG t=1860.00 rough=0.000000 cond=1.306911 evap=0.000000 backs=0.000000
# QATOM t=1865.08 dir=FD w=1.55820577 e=0.285195572938
t= 1870.00 -1.92e-15 | 1.6187 15.85  21014   11 200591 201413 | 1.4248 14.38 | 4.78e-03 1.66e-02 |   2.2178 0.4549  1.0090  1.4358 0.833 15.33 | edge_dev mean=0.3943 max=0.9791 gg=0.1660 shape_dev=0.7800 xbar=0.1469
# CONVTAG t=1870.00 rough=0.000000 cond=1.306911 evap=0.000000 backs=0.000000
t= 1880.00 -1.92e-15 | 1.6189 15.86  21028   14 201849 202666 | 1.4250 14.38 | 8.53e-03 1.64e-02 |   1.9959 0.4094  0.9787  1.4064 0.833 15.50 | edge_dev mean=0.3622 max=0.8686 gg=0.1647 shape_dev=0.8244 xbar=0.1322
# CONVTAG t=1880.00 rough=0.000000 cond=1.306911 evap=0.000000 backs=0.000000
t= 1890.00 -1.92e-15 | 1.6187 15.86  21019    7 202981 203809 | 1.4247 14.37 | 7.69e-03 2.14e-02 |   2.0427 0.4190  0.9700  1.3592 0.833 15.33 | edge_dev mean=0.3574 max=0.9042 gg=0.1757 shape_dev=0.8057 xbar=0.1352
# CONVTAG t=1890.00 rough=0.000000 cond=1.306911 evap=0.000000 backs=0.000000
t= 1900.00 -1.92e-15 | 1.6187 15.84  20991   11 204046 204874 | 1.4244 14.37 | 6.42e-03 1.74e-02 |   2.2814 0.4680  1.0333  1.3751 0.833 15.00 | edge_dev mean=0.3472 max=0.9940 gg=0.1579 shape_dev=0.7477 xbar=0.1510
# CONVTAG t=1900.00 rough=0.000000 cond=1.306911 evap=0.000000 backs=0.000000
t= 1910.00 -1.92e-15 | 1.6187 15.84  21002    6 205110 205954 | 1.4245 14.37 | 1.43e-02 3.37e-02 |   2.3019 0.4722  1.0881  1.3697 0.833 14.83 | edge_dev mean=0.3651 max=1.0959 gg=0.1620 shape_dev=0.7462 xbar=0.1520
# CONVTAG t=1910.00 rough=0.000000 cond=1.306911 evap=0.000000 backs=0.000000
t= 1920.00 -1.92e-15 | 1.6186 15.87  21037   11 206152 207002 | 1.4249 14.36 | 5.05e-03 1.71e-02 |   2.4615 0.5049  1.1389  1.3963 0.833 15.17 | edge_dev mean=0.3808 max=1.2119 gg=0.1634 shape_dev=0.7235 xbar=0.1628
# CONVTAG t=1920.00 rough=0.000000 cond=1.306911 evap=0.000000 backs=0.000000
t= 1930.00 -1.92e-15 | 1.6186 15.83  20980    6 207273 208109 | 1.4241 14.35 | 8.05e-03 2.32e-02 |   2.1860 0.4484  1.1187  1.3951 0.833 15.33 | edge_dev mean=0.3949 max=1.2493 gg=0.1680 shape_dev=0.7110 xbar=0.1446
# CONVTAG t=1930.00 rough=0.000000 cond=1.306911 evap=0.000000 backs=0.000000
t= 1940.00 -1.92e-15 | 1.6186 15.81  20962   11 208383 209209 | 1.4242 14.37 | 3.66e-03 1.49e-02 |   2.2640 0.4644  1.1520  1.4057 0.833 15.50 | edge_dev mean=0.3980 max=1.2766 gg=0.1655 shape_dev=0.6966 xbar=0.1496
# CONVTAG t=1940.00 rough=0.000000 cond=1.306911 evap=0.000000 backs=0.000000
t= 1950.00 -1.92e-15 | 1.6187 15.84  20999    8 209457 210297 | 1.4245 14.36 | 1.08e-02 2.66e-02 |   2.4539 0.5034  1.1790  1.3880 0.833 15.50 | edge_dev mean=0.3959 max=1.3182 gg=0.1590 shape_dev=0.6779 xbar=0.1626
# CONVTAG t=1950.00 rough=0.000000 cond=1.306911 evap=0.000000 backs=0.000000
t= 1960.00 -1.92e-15 | 1.6186 15.82  20963   15 210529 211318 | 1.4243 14.38 | 6.95e-03 1.78e-02 |   2.4615 0.5049  1.1738  1.4055 0.833 15.67 | edge_dev mean=0.3996 max=1.3409 gg=0.1634 shape_dev=0.6563 xbar=0.1630
# CONVTAG t=1960.00 rough=0.000000 cond=1.306911 evap=0.000000 backs=0.000000
t= 1970.00 -1.92e-15 | 1.6186 15.83  20988   11 211665 212442 | 1.4246 14.38 | 6.83e-03 2.12e-02 |   2.5014 0.5131  1.1501  1.4076 0.833 15.67 | edge_dev mean=0.4030 max=1.3331 gg=0.1759 shape_dev=0.6448 xbar=0.1656
# CONVTAG t=1970.00 rough=0.000000 cond=1.306911 evap=0.000000 backs=0.000000
t= 1980.00 -1.92e-15 | 1.6187 15.85  21003    7 212774 213568 | 1.4248 14.38 | 4.87e-03 1.41e-02 |   2.4772 0.5081  1.1195  1.3873 0.833 15.50 | edge_dev mean=0.4033 max=1.3267 gg=0.1613 shape_dev=0.6519 xbar=0.1641
# CONVTAG t=1980.00 rough=0.000000 cond=1.306911 evap=0.000000 backs=0.000000
t= 1990.00 -1.92e-15 | 1.6186 15.85  21014    8 213867 214652 | 1.4249 14.38 | 4.99e-03 1.29e-02 |   2.4105 0.4945  1.0853  1.3802 0.833 15.83 | edge_dev mean=0.4045 max=1.3590 gg=0.1636 shape_dev=0.6079 xbar=0.1596
# CONVTAG t=1990.00 rough=0.000000 cond=1.306911 evap=0.000000 backs=0.000000
t= 2000.00 -1.92e-15 | 1.6186 15.84  20998    4 215027 215824 | 1.4246 14.37 | 4.54e-03 1.28e-02 |   2.4739 0.5075  1.1222  1.3945 0.833 15.67 | edge_dev mean=0.4114 max=1.3505 gg=0.1648 shape_dev=0.6300 xbar=0.1636
# CONVTAG t=2000.00 rough=0.000000 cond=1.306911 evap=0.000000 backs=0.000000
t= 2010.00 -1.92e-15 | 1.6185 15.83  20987   10 216128 216953 | 1.4244 14.37 | 6.97e-03 1.78e-02 |   2.4384 0.5002  1.1058  1.5663 0.833 15.67 | edge_dev mean=0.4206 max=1.3712 gg=0.1616 shape_dev=0.6063 xbar=0.1771
# CONVTAG t=2010.00 rough=0.000000 cond=1.306911 evap=0.000000 backs=0.000000
t= 2020.00 -1.92e-15 | 1.6186 15.85  21005   11 217262 218108 | 1.4245 14.36 | 1.51e-02 3.45e-02 |   2.5114 0.5151  1.1138  1.4075 0.833 15.50 | edge_dev mean=0.4381 max=1.4457 gg=0.1565 shape_dev=0.5576 xbar=0.1662
# CONVTAG t=2020.00 rough=0.000000 cond=1.306911 evap=0.000000 backs=0.000000
t= 2030.00 -1.92e-15 | 1.6185 15.82  20973   11 218392 219188 | 1.4241 14.36 | 5.85e-03 1.36e-02 |   2.5083 0.5145  1.0879  1.4254 0.833 15.67 | edge_dev mean=0.4287 max=1.4682 gg=0.1631 shape_dev=0.6082 xbar=0.1659
# CONVTAG t=2030.00 rough=0.000000 cond=1.306911 evap=0.000000 backs=0.000000
t= 2040.00 -1.92e-15 | 1.6185 15.84  20997    5 219480 220274 | 1.4244 14.36 | 7.06e-03 2.08e-02 |   2.4183 0.4961  1.0864  1.3913 0.833 15.83 | edge_dev mean=0.4475 max=1.4710 gg=0.1596 shape_dev=0.5847 xbar=0.1598
# CONVTAG t=2040.00 rough=0.000000 cond=1.306911 evap=0.000000 backs=0.000000
t= 2050.00 -1.92e-15 | 1.6185 15.85  21011   17 220572 221358 | 1.4246 14.37 | 6.17e-03 1.68e-02 |   2.0689 0.4244  1.0580  1.3713 0.833 16.00 | edge_dev mean=0.4516 max=1.4920 gg=0.1620 shape_dev=0.5653 xbar=0.1367
# CONVTAG t=2050.00 rough=0.000000 cond=1.306911 evap=0.000000 backs=0.000000
t= 2060.00 -1.92e-15 | 1.6185 15.85  21005   16 221668 222454 | 1.4247 14.38 | 6.86e-03 1.86e-02 |   2.4440 0.5013  1.1562  1.3894 0.833 15.83 | edge_dev mean=0.4535 max=1.5002 gg=0.0036 shape_dev=0.5580 xbar=0.1617
# CONVTAG t=2060.00 rough=0.000000 cond=1.306911 evap=0.000000 backs=0.000000
t= 2070.00 -1.92e-15 | 1.6183 15.83  20983    8 222698 223506 | 1.4244 14.38 | 6.29e-03 1.78e-02 |   2.0508 0.4207  0.9765  1.2624 0.833 15.83 | edge_dev mean=0.4694 max=1.4907 gg=0.0107 shape_dev=0.6145 xbar=0.1360
# CONVTAG t=2070.00 rough=0.000000 cond=1.306911 evap=0.000000 backs=0.000000
t= 2080.00 -1.92e-15 | 1.6184 15.82  20975   12 223714 224527 | 1.4244 14.38 | 4.38e-03 1.24e-02 |   2.3662 0.4854  1.0114  1.3276 0.833 15.67 | edge_dev mean=0.4844 max=1.5381 gg=0.0042 shape_dev=0.5743 xbar=0.1569
# CONVTAG t=2080.00 rough=0.000000 cond=1.306911 evap=0.000000 backs=0.000000
t= 2090.00 -1.78e-15 | 1.6184 15.83  20984    6 224724 225550 | 1.4243 14.37 | 4.65e-03 1.26e-02 |   2.1310 0.4371  0.9860  1.3801 0.833 15.50 | edge_dev mean=0.4784 max=1.5192 gg=0.0017 shape_dev=0.6028 xbar=0.1414
# CONVTAG t=2090.00 rough=0.000000 cond=1.306911 evap=0.000000 backs=0.000000
t= 2100.00 -1.92e-15 | 1.6186 15.86  21017   12 225752 226586 | 1.4246 14.36 | 6.78e-03 1.58e-02 |   2.3008 0.4720  0.9888  1.3867 0.833 15.67 | edge_dev mean=0.4770 max=1.5319 gg=0.0048 shape_dev=0.6368 xbar=0.1522
# CONVTAG t=2100.00 rough=0.000000 cond=1.306911 evap=0.000000 backs=0.000000
t= 2110.00 -1.92e-15 | 1.6187 15.86  21019   10 226692 227539 | 1.4247 14.36 | 5.58e-03 1.86e-02 |   2.0810 0.4269  1.0307  1.4585 0.833 15.83 | edge_dev mean=0.4817 max=1.5457 gg=0.0027 shape_dev=0.6120 xbar=0.1381
# CONVTAG t=2110.00 rough=0.000000 cond=1.306911 evap=0.000000 backs=0.000000
t= 2120.00 -1.92e-15 | 1.6187 15.83  20978   12 227627 228446 | 1.4243 14.37 | 7.22e-03 2.08e-02 |   2.2460 0.4607  1.0300  1.4364 0.833 15.83 | edge_dev mean=0.4746 max=1.5308 gg=0.0007 shape_dev=0.6824 xbar=0.1491
# CONVTAG t=2120.00 rough=0.000000 cond=1.306911 evap=0.000000 backs=0.000000
t= 2130.00 -1.92e-15 | 1.6188 15.84  21002   10 228661 229495 | 1.4245 14.37 | 5.32e-03 1.77e-02 |   2.3396 0.4799  1.0207  1.3737 0.833 15.50 | edge_dev mean=0.4930 max=1.5396 gg=0.0002 shape_dev=0.6603 xbar=0.1550
# CONVTAG t=2130.00 rough=0.000000 cond=1.306911 evap=0.000000 backs=0.000000
t= 2140.00 -1.92e-15 | 1.6188 15.84  20993    9 229714 230544 | 1.4244 14.37 | 6.84e-03 1.61e-02 |   2.1835 0.4479  0.9427  1.3803 0.833 15.83 | edge_dev mean=0.4994 max=1.5380 gg=0.0483 shape_dev=0.6469 xbar=0.1445
# CONVTAG t=2140.00 rough=0.000000 cond=1.306911 evap=0.000000 backs=0.000000
t= 2150.00 -1.92e-15 | 1.6188 15.85  21013   10 230733 231547 | 1.4248 14.38 | 8.96e-03 2.12e-02 |   2.1848 0.4482  0.9315  1.3632 0.833 16.00 | edge_dev mean=0.4933 max=1.5039 gg=0.1048 shape_dev=0.6354 xbar=0.1445
# CONVTAG t=2150.00 rough=0.000000 cond=1.306911 evap=0.000000 backs=0.000000
t= 2160.00 -1.92e-15 | 1.6187 15.84  21000   12 231649 232452 | 1.4248 14.39 | 4.76e-03 1.49e-02 |   2.2773 0.4671  0.9261  1.3286 0.833 15.67 | edge_dev mean=0.4963 max=1.4817 gg=0.0324 shape_dev=0.6612 xbar=0.1511
# CONVTAG t=2160.00 rough=0.000000 cond=1.306911 evap=0.000000 backs=0.000000
t= 2170.00 -1.92e-15 | 1.6186 15.84  20992   12 232604 233410 | 1.4247 14.39 | 5.35e-03 1.83e-02 |   2.0128 0.4129  0.9341  1.4898 0.833 16.17 | edge_dev mean=0.4764 max=1.4568 gg=0.0000 shape_dev=0.6543 xbar=0.1336
# CONVTAG t=2170.00 rough=0.000000 cond=1.306911 evap=0.000000 backs=0.000000
t= 2180.00 -1.92e-15 | 1.6186 15.87  21030    9 233585 234385 | 1.4251 14.38 | 9.31e-03 2.25e-02 |   2.1424 0.4395  0.9532  1.5537 0.833 16.00 | edge_dev mean=0.4974 max=1.4520 gg=0.0495 shape_dev=0.6886 xbar=0.1421
# CONVTAG t=2180.00 rough=0.000000 cond=1.306911 evap=0.000000 backs=0.000000
t= 2190.00 -1.92e-15 | 1.6186 15.85  21009   12 234618 235407 | 1.4249 14.39 | 1.39e-02 2.87e-02 |   1.8268 0.3747  0.9194  1.4651 0.833 16.33 | edge_dev mean=0.5005 max=1.4970 gg=0.1627 shape_dev=0.6945 xbar=0.1208
# CONVTAG t=2190.00 rough=0.000000 cond=1.306911 evap=0.000000 backs=0.000000
t= 2200.00 -1.92e-15 | 1.6186 15.85  21011   11 235626 236411 | 1.4249 14.38 | 6.61e-03 1.73e-02 |   2.1686 0.4448  0.7832  1.4913 0.833 16.17 | edge_dev mean=0.4747 max=1.4186 gg=0.1612 shape_dev=0.7338 xbar=0.1433
# CONVTAG t=2200.00 rough=0.000000 cond=1.306911 evap=0.000000 backs=0.000000
t= 2210.00 -1.92e-15 | 1.6185 15.87  21032    5 236672 237482 | 1.4252 14.39 | 6.83e-03 1.83e-02 |   2.1597 0.4430  0.8112  1.4708 0.833 16.17 | edge_dev mean=0.4679 max=1.4227 gg=0.1656 shape_dev=0.7061 xbar=0.1422
# CONVTAG t=2210.00 rough=0.000000 cond=1.306911 evap=0.000000 backs=0.000000
t= 2220.00 -1.92e-15 | 1.6185 15.84  20991    5 237683 238493 | 1.4248 14.39 | 8.33e-03 1.96e-02 |   2.1770 0.4466  0.8459  1.4345 0.833 16.33 | edge_dev mean=0.4569 max=1.4143 gg=0.1649 shape_dev=0.6955 xbar=0.1439
# CONVTAG t=2220.00 rough=0.000000 cond=1.306911 evap=0.000000 backs=0.000000
t= 2230.00 -1.92e-15 | 1.6185 15.85  21011    8 238783 239616 | 1.4250 14.39 | 4.95e-03 1.58e-02 |   2.5894 0.5312  0.8311  1.5784 0.833 16.17 | edge_dev mean=0.4579 max=1.4102 gg=0.1516 shape_dev=0.7315 xbar=0.1709
# CONVTAG t=2230.00 rough=0.000000 cond=1.306911 evap=0.000000 backs=0.000000
t= 2240.00 -1.92e-15 | 1.6184 15.85  21010   12 239746 240581 | 1.4250 14.39 | 7.44e-03 1.96e-02 |   2.7953 0.5734  0.8453  1.5363 0.833 16.33 | edge_dev mean=0.4454 max=1.4170 gg=0.1898 shape_dev=0.7373 xbar=0.1848
# CONVTAG t=2240.00 rough=0.000000 cond=1.306911 evap=0.000000 backs=0.000000
t= 2250.00 -1.92e-15 | 1.6185 15.86  21024    7 240804 241597 | 1.4251 14.38 | 5.32e-03 1.87e-02 |   2.6781 0.5494  0.8465  1.6495 0.833 16.50 | edge_dev mean=0.4504 max=1.4346 gg=0.1858 shape_dev=0.7218 xbar=0.1901
# CONVTAG t=2250.00 rough=0.000000 cond=1.306911 evap=0.000000 backs=0.000000
t= 2260.00 -1.92e-15 | 1.6185 15.86  21023   10 241733 242519 | 1.4250 14.37 | 3.67e-03 1.21e-02 |   2.6374 0.5410  0.8239  1.5334 0.833 16.33 | edge_dev mean=0.4522 max=1.4005 gg=0.1632 shape_dev=0.7553 xbar=0.1741
# CONVTAG t=2260.00 rough=0.000000 cond=1.306911 evap=0.000000 backs=0.000000
t= 2270.00 -1.92e-15 | 1.6185 15.84  21002    8 242836 243612 | 1.4248 14.38 | 7.75e-03 1.95e-02 |   2.5850 0.5302  0.9274  1.5491 0.833 16.17 | edge_dev mean=0.4780 max=1.5113 gg=0.1640 shape_dev=0.7167 xbar=0.1707
# CONVTAG t=2270.00 rough=0.000000 cond=1.306911 evap=0.000000 backs=0.000000
t= 2280.00 -1.92e-15 | 1.6184 15.85  21005   11 243901 244680 | 1.4248 14.38 | 4.27e-03 1.21e-02 |   2.8627 0.5872  0.8798  1.5890 0.833 16.00 | edge_dev mean=0.4696 max=1.5444 gg=0.1637 shape_dev=0.6545 xbar=0.1889
# CONVTAG t=2280.00 rough=0.000000 cond=1.306911 evap=0.000000 backs=0.000000
t= 2290.00 -1.92e-15 | 1.6185 15.86  21024    6 244874 245676 | 1.4250 14.38 | 4.42e-03 1.48e-02 |   2.8124 0.5769  0.9124  1.6575 0.833 16.00 | edge_dev mean=0.4829 max=1.6158 gg=0.1638 shape_dev=0.5791 xbar=0.2215
# CONVTAG t=2290.00 rough=0.000000 cond=1.306911 evap=0.000000 backs=0.000000
t= 2300.00 -1.92e-15 | 1.6185 15.85  21012   13 245821 246624 | 1.4248 14.38 | 5.74e-03 1.66e-02 |   2.7308 0.5602  1.0089  1.5384 0.833 15.83 | edge_dev mean=0.4887 max=1.6531 gg=0.1694 shape_dev=0.5467 xbar=0.1799
# CONVTAG t=2300.00 rough=0.000000 cond=1.306911 evap=0.000000 backs=0.000000
t= 2310.00 -1.92e-15 | 1.6185 15.85  21013    7 246867 247669 | 1.4249 14.38 | 5.01e-03 1.45e-02 |   2.6832 0.5504  0.9639  1.5134 0.833 15.67 | edge_dev mean=0.4862 max=1.6806 gg=0.1647 shape_dev=0.5224 xbar=0.1770
# CONVTAG t=2310.00 rough=0.000000 cond=1.306911 evap=0.000000 backs=0.000000
t= 2320.00 -1.92e-15 | 1.6186 15.89  21063    5 247882 248687 | 1.4255 14.39 | 6.37e-03 1.82e-02 |   2.7303 0.5601  0.9589  1.5605 0.833 16.33 | edge_dev mean=0.4943 max=1.6964 gg=0.1646 shape_dev=0.5399 xbar=0.1823
# CONVTAG t=2320.00 rough=0.000000 cond=1.306911 evap=0.000000 backs=0.000000
t= 2330.00 -2.06e-15 | 1.6185 15.89  21058   11 248879 249669 | 1.4256 14.39 | 9.68e-03 2.76e-02 |   2.7176 0.5575  0.9415  1.5820 0.833 16.33 | edge_dev mean=0.4874 max=1.6980 gg=0.1753 shape_dev=0.4828 xbar=0.1967
# CONVTAG t=2330.00 rough=0.000000 cond=1.306911 evap=0.000000 backs=0.000000
t= 2340.00 -2.06e-15 | 1.6185 15.89  21057    8 249904 250737 | 1.4255 14.39 | 3.02e-03 1.34e-02 |   2.6510 0.5438  0.8711  1.5070 0.833 16.33 | edge_dev mean=0.4811 max=1.7319 gg=0.1638 shape_dev=0.4455 xbar=0.1753
# CONVTAG t=2340.00 rough=0.000000 cond=1.306911 evap=0.000000 backs=0.000000
t= 2350.00 -2.06e-15 | 1.6185 15.88  21050    7 250998 251811 | 1.4256 14.40 | 4.69e-03 1.78e-02 |   2.6529 0.5442  0.8669  1.4976 0.833 16.17 | edge_dev mean=0.4929 max=1.7516 gg=0.1604 shape_dev=0.4607 xbar=0.1753
# CONVTAG t=2350.00 rough=0.000000 cond=1.306911 evap=0.000000 backs=0.000000
t= 2360.00 -2.06e-15 | 1.6185 15.89  21066    8 251992 252807 | 1.4257 14.40 | 8.42e-03 2.16e-02 |   2.6460 0.5428  0.8434  1.5165 0.833 16.00 | edge_dev mean=0.5044 max=1.7839 gg=0.1649 shape_dev=0.4434 xbar=0.1753
# CONVTAG t=2360.00 rough=0.000000 cond=1.306911 evap=0.000000 backs=0.000000
t= 2370.00 -2.06e-15 | 1.6185 15.85  21015    0 252963 253749 | 1.4250 14.39 | 5.42e-03 1.37e-02 |   2.5560 0.5243  0.7995  1.4431 0.833 16.17 | edge_dev mean=0.4959 max=1.7710 gg=0.2052 shape_dev=0.4568 xbar=0.1691
# CONVTAG t=2370.00 rough=0.000000 cond=1.306911 evap=0.000000 backs=0.000000
t= 2380.00 -2.06e-15 | 1.6185 15.84  21002   12 254034 254842 | 1.4247 14.38 | 5.11e-03 1.43e-02 |   2.6215 0.5377  0.7999  1.4983 0.833 16.33 | edge_dev mean=0.5106 max=1.7966 gg=0.1597 shape_dev=0.4836 xbar=0.1732
# CONVTAG t=2380.00 rough=0.000000 cond=1.306911 evap=0.000000 backs=0.000000
t= 2390.00 -2.06e-15 | 1.6184 15.83  20981   13 255171 256030 | 1.4243 14.37 | 5.38e-03 1.61e-02 |   2.7443 0.5629  0.8547  1.5371 0.833 16.50 | edge_dev mean=0.5287 max=1.8066 gg=0.1596 shape_dev=0.4870 xbar=0.1815
# CONVTAG t=2390.00 rough=0.000000 cond=1.306911 evap=0.000000 backs=0.000000
t= 2400.00 -2.06e-15 | 1.6184 15.83  20989   15 256134 256964 | 1.4246 14.38 | 6.75e-03 1.82e-02 |   2.7959 0.5735  0.8748  1.5322 0.833 16.50 | edge_dev mean=0.5314 max=1.8053 gg=0.1543 shape_dev=0.5202 xbar=0.1848
# CONVTAG t=2400.00 rough=0.000000 cond=1.306911 evap=0.000000 backs=0.000000
t= 2410.00 -2.06e-15 | 1.6185 15.83  20977   14 257166 258005 | 1.4244 14.38 | 9.49e-03 2.13e-02 |   2.6057 0.5345  0.9032  1.5515 0.833 16.33 | edge_dev mean=0.5481 max=1.8363 gg=0.1657 shape_dev=0.5360 xbar=0.1720
# CONVTAG t=2410.00 rough=0.000000 cond=1.306911 evap=0.000000 backs=0.000000
t= 2420.00 -2.06e-15 | 1.6185 15.84  20997   10 258263 259102 | 1.4245 14.37 | 4.32e-03 1.21e-02 |   2.2655 0.4647  0.9483  1.5991 0.833 16.33 | edge_dev mean=0.5599 max=1.8343 gg=0.1666 shape_dev=0.5400 xbar=0.1496
# CONVTAG t=2420.00 rough=0.000000 cond=1.306911 evap=0.000000 backs=0.000000
t= 2430.00 -2.06e-15 | 1.6184 15.84  20990   14 259288 260145 | 1.4244 14.37 | 4.83e-03 1.17e-02 |   2.6319 0.5399  0.9626  1.5489 0.833 16.33 | edge_dev mean=0.5408 max=1.8329 gg=0.1602 shape_dev=0.5765 xbar=0.1739
# CONVTAG t=2430.00 rough=0.000000 cond=1.306911 evap=0.000000 backs=0.000000
t= 2440.00 -2.06e-15 | 1.6185 15.84  20998   10 260403 261249 | 1.4246 14.37 | 1.01e-02 2.51e-02 |   2.5233 0.5176  0.9831  1.5728 0.833 16.50 | edge_dev mean=0.5415 max=1.8332 gg=0.1654 shape_dev=0.5707 xbar=0.1670
# CONVTAG t=2440.00 rough=0.000000 cond=1.306911 evap=0.000000 backs=0.000000
t= 2450.00 -2.06e-15 | 1.6185 15.84  20996    4 261492 262344 | 1.4246 14.38 | 4.93e-03 1.35e-02 |   2.4269 0.4978  1.0112  1.5919 0.833 16.50 | edge_dev mean=0.5397 max=1.8146 gg=0.1946 shape_dev=0.5523 xbar=0.1600
# CONVTAG t=2450.00 rough=0.000000 cond=1.306911 evap=0.000000 backs=0.000000
t= 2460.00 -2.06e-15 | 1.6185 15.85  21011    8 262508 263314 | 1.4248 14.38 | 5.48e-03 1.61e-02 |   2.3224 0.4764  1.0354  1.6599 0.833 16.83 | edge_dev mean=0.5529 max=1.8225 gg=0.1348 shape_dev=0.5417 xbar=0.1624
# CONVTAG t=2460.00 rough=0.000000 cond=1.306911 evap=0.000000 backs=0.000000
t= 2470.00 -2.20e-15 | 1.6185 15.85  21009    8 263477 264304 | 1.4248 14.39 | 6.34e-03 1.58e-02 |   2.1430 0.4396  1.1622  1.6378 0.833 16.83 | edge_dev mean=0.5656 max=1.8367 gg=0.1621 shape_dev=0.5494 xbar=0.1415
# CONVTAG t=2470.00 rough=0.000000 cond=1.306911 evap=0.000000 backs=0.000000
t= 2480.00 -2.06e-15 | 1.6186 15.83  20982    8 264504 265335 | 1.4245 14.39 | 6.87e-03 1.67e-02 |   2.1663 0.4444  1.1657  1.8255 0.833 16.83 | edge_dev mean=0.5635 max=1.8368 gg=0.1464 shape_dev=0.5739 xbar=0.1619
# CONVTAG t=2480.00 rough=0.000000 cond=1.306911 evap=0.000000 backs=0.000000
t= 2490.00 -2.06e-15 | 1.6186 15.83  20989    9 265623 266435 | 1.4246 14.40 | 3.99e-03 1.19e-02 |   2.6463 0.5428  1.0008  1.6173 0.833 16.67 | edge_dev mean=0.5639 max=1.8389 gg=0.1460 shape_dev=0.5600 xbar=0.1754
# CONVTAG t=2490.00 rough=0.000000 cond=1.306911 evap=0.000000 backs=0.000000
t= 2500.00 -2.20e-15 | 1.6185 15.83  20984    8 266652 267451 | 1.4246 14.39 | 8.90e-03 2.18e-02 |   2.3679 0.4857  1.1036  1.6497 0.833 16.83 | edge_dev mean=0.5574 max=1.8443 gg=0.1537 shape_dev=0.5639 xbar=0.1565
# CONVTAG t=2500.00 rough=0.000000 cond=1.306911 evap=0.000000 backs=0.000000
t= 2510.00 -2.20e-15 | 1.6185 15.84  20995   12 267605 268410 | 1.4248 14.40 | 8.70e-03 2.33e-02 |   2.4698 0.5066  1.0166  1.6027 0.833 16.83 | edge_dev mean=0.5551 max=1.8361 gg=0.1636 shape_dev=0.5698 xbar=0.1633
# CONVTAG t=2510.00 rough=0.000000 cond=1.306911 evap=0.000000 backs=0.000000
t= 2520.00 -2.20e-15 | 1.6185 15.85  21005    7 268603 269419 | 1.4248 14.40 | 7.82e-03 1.96e-02 |   2.4424 0.5010  1.0723  1.6443 0.833 17.17 | edge_dev mean=0.5613 max=1.8524 gg=0.1470 shape_dev=0.5835 xbar=0.1608
# CONVTAG t=2520.00 rough=0.000000 cond=1.306911 evap=0.000000 backs=0.000000
t= 2530.00 -2.20e-15 | 1.6185 15.86  21021    6 269572 270407 | 1.4251 14.40 | 5.09e-03 1.43e-02 |   2.2630 0.4642  1.1814  1.6524 0.833 17.17 | edge_dev mean=0.5695 max=1.8570 gg=0.1657 shape_dev=0.5905 xbar=0.1495
# CONVTAG t=2530.00 rough=0.000000 cond=1.306911 evap=0.000000 backs=0.000000
t= 2540.00 -2.20e-15 | 1.6186 15.84  20998   13 270556 271365 | 1.4248 14.40 | 6.01e-03 1.80e-02 |   2.2101 0.4534  1.1424  1.6461 0.833 17.17 | edge_dev mean=0.5789 max=1.8473 gg=0.1439 shape_dev=0.5730 xbar=0.1457
# CONVTAG t=2540.00 rough=0.000000 cond=1.306911 evap=0.000000 backs=0.000000
t= 2550.00 -2.20e-15 | 1.6186 15.86  21020    7 271574 272377 | 1.4252 14.41 | 3.97e-03 1.74e-02 |   2.4952 0.5118  1.0566  1.6447 0.833 16.83 | edge_dev mean=0.5701 max=1.8519 gg=0.0796 shape_dev=0.5701 xbar=0.1652
# CONVTAG t=2550.00 rough=0.000000 cond=1.306911 evap=0.000000 backs=0.000000
t= 2560.00 -2.20e-15 | 1.6187 15.84  20992   10 272683 273463 | 1.4249 14.40 | 8.58e-03 2.22e-02 |   2.2955 0.4709  1.0878  1.6721 0.833 16.83 | edge_dev mean=0.5761 max=1.8584 gg=0.0026 shape_dev=0.5596 xbar=0.1521
# CONVTAG t=2560.00 rough=0.000000 cond=1.306911 evap=0.000000 backs=0.000000
t= 2570.00 -2.20e-15 | 1.6186 15.86  21025   10 273760 274512 | 1.4253 14.41 | 1.09e-02 2.34e-02 |   2.3651 0.4851  1.0528  1.6609 0.667 16.33 | edge_dev mean=0.5842 max=1.8671 gg=0.0000 shape_dev=0.5702 xbar=0.1630
# CONVTAG t=2570.00 rough=0.000000 cond=1.306911 evap=0.000000 backs=0.000000
t= 2580.00 -2.20e-15 | 1.6185 15.86  21016   11 274831 275602 | 1.4252 14.41 | 8.31e-03 1.65e-02 |   2.3206 0.4760  1.0896  1.6266 0.833 16.67 | edge_dev mean=0.5772 max=1.8618 gg=0.0000 shape_dev=0.5821 xbar=0.1533
# CONVTAG t=2580.00 rough=0.000000 cond=1.306911 evap=0.000000 backs=0.000000
t= 2590.00 -2.20e-15 | 1.6185 15.87  21039   14 275912 276694 | 1.4254 14.41 | 1.50e-02 3.44e-02 |   2.4595 0.5045  1.0598  1.6258 0.667 16.50 | edge_dev mean=0.5811 max=1.8872 gg=0.0023 shape_dev=0.6117 xbar=0.1623
# CONVTAG t=2590.00 rough=0.000000 cond=1.306911 evap=0.000000 backs=0.000000
t= 2600.00 -2.20e-15 | 1.6184 15.87  21042    8 277016 277795 | 1.4255 14.42 | 4.53e-03 1.78e-02 |   2.5748 0.5282  1.0557  1.6402 0.667 16.50 | edge_dev mean=0.5814 max=1.9040 gg=0.0000 shape_dev=0.6231 xbar=0.1700
# CONVTAG t=2600.00 rough=0.000000 cond=1.306911 evap=0.000000 backs=0.000000
t= 2610.00 -2.20e-15 | 1.6186 15.88  21045   14 278182 278957 | 1.4256 14.42 | 7.98e-03 1.89e-02 |   2.2089 0.4531  1.1200  1.6864 0.833 16.33 | edge_dev mean=0.5787 max=1.9024 gg=0.0094 shape_dev=0.5988 xbar=0.1460
# CONVTAG t=2610.00 rough=0.000000 cond=1.306911 evap=0.000000 backs=0.000000
t= 2620.00 -2.06e-15 | 1.6185 15.87  21040    2 279402 280161 | 1.4256 14.43 | 2.92e-03 1.25e-02 |   2.1823 0.4477  1.1077  1.6686 0.833 16.00 | edge_dev mean=0.5897 max=1.9178 gg=0.0092 shape_dev=0.5906 xbar=0.1443
# CONVTAG t=2620.00 rough=0.000000 cond=1.306911 evap=0.000000 backs=0.000000
t= 2630.00 -2.06e-15 | 1.6186 15.87  21033   10 280443 281238 | 1.4255 14.42 | 4.93e-03 2.01e-02 |   2.3652 0.4852  1.0393  1.6370 0.833 16.00 | edge_dev mean=0.5686 max=1.9031 gg=0.0000 shape_dev=0.5875 xbar=0.1559
# CONVTAG t=2630.00 rough=0.000000 cond=1.306911 evap=0.000000 backs=0.000000
t= 2640.00 -2.20e-15 | 1.6186 15.84  20990   11 281575 282337 | 1.4250 14.43 | 4.28e-03 1.33e-02 |   2.4614 0.5049  1.0406  1.6702 0.833 16.17 | edge_dev mean=0.5636 max=1.8972 gg=0.0000 shape_dev=0.6164 xbar=0.1625
# CONVTAG t=2640.00 rough=0.000000 cond=1.306911 evap=0.000000 backs=0.000000
t= 2650.00 -2.20e-15 | 1.6185 15.86  21022   12 282657 283411 | 1.4254 14.42 | 4.05e-03 1.42e-02 |   2.4924 0.5113  1.0173  1.6832 0.833 16.17 | edge_dev mean=0.5592 max=1.8714 gg=0.0000 shape_dev=0.6184 xbar=0.1686
# CONVTAG t=2650.00 rough=0.000000 cond=1.306911 evap=0.000000 backs=0.000000
t= 2660.00 -2.20e-15 | 1.6186 15.85  21008   10 283707 284480 | 1.4250 14.41 | 3.51e-03 1.44e-02 |   2.5860 0.5305  1.0033  1.6940 0.833 16.83 | edge_dev mean=0.5565 max=1.8504 gg=0.0017 shape_dev=0.6073 xbar=0.1707
# CONVTAG t=2660.00 rough=0.000000 cond=1.306911 evap=0.000000 backs=0.000000
t= 2670.00 -2.20e-15 | 1.6185 15.85  21011    7 284653 285432 | 1.4250 14.40 | 5.08e-03 1.53e-02 |   2.7486 0.5638  0.9646  1.6721 0.833 16.50 | edge_dev mean=0.5530 max=1.8302 gg=0.0028 shape_dev=0.5532 xbar=0.1955
# CONVTAG t=2670.00 rough=0.000000 cond=1.306911 evap=0.000000 backs=0.000000
t= 2680.00 -2.20e-15 | 1.6185 15.84  21001    7 285615 286371 | 1.4249 14.40 | 1.77e-02 3.75e-02 |   2.8499 0.5846  0.9130  1.5931 0.833 16.00 | edge_dev mean=0.5432 max=1.7943 gg=0.0089 shape_dev=0.4983 xbar=0.1884
# CONVTAG t=2680.00 rough=0.000000 cond=1.306911 evap=0.000000 backs=0.000000
t= 2690.00 -2.20e-15 | 1.6184 15.85  21006   10 286646 287388 | 1.4250 14.41 | 5.43e-03 1.53e-02 |   2.8015 0.5747  0.8890  1.5579 0.833 16.33 | edge_dev mean=0.5137 max=1.7263 gg=0.0000 shape_dev=0.4336 xbar=0.1854
# CONVTAG t=2690.00 rough=0.000000 cond=1.306911 evap=0.000000 backs=0.000000
t= 2700.00 -2.20e-15 | 1.6185 15.86  21021   10 287670 288426 | 1.4253 14.42 | 5.61e-03 1.69e-02 |   2.9148 0.5979  0.8980  1.5493 0.833 16.33 | edge_dev mean=0.5159 max=1.7314 gg=0.0601 shape_dev=0.3729 xbar=0.1928
# CONVTAG t=2700.00 rough=0.000000 cond=1.306911 evap=0.000000 backs=0.000000
t= 2710.00 -2.20e-15 | 1.6185 15.87  21032    9 288700 289433 | 1.4255 14.43 | 7.48e-03 1.68e-02 |   2.8886 0.5925  0.9301  1.5784 0.833 16.50 | edge_dev mean=0.5223 max=1.7422 gg=0.0044 shape_dev=0.3727 xbar=0.1911
# CONVTAG t=2710.00 rough=0.000000 cond=1.306911 evap=0.000000 backs=0.000000
t= 2720.00 -2.20e-15 | 1.6185 15.86  21022   11 289603 290391 | 1.4252 14.41 | 6.84e-03 2.21e-02 |   2.8098 0.5764  0.9646  1.5666 0.833 16.50 | edge_dev mean=0.5394 max=1.7554 gg=0.0174 shape_dev=0.3827 xbar=0.1856
# CONVTAG t=2720.00 rough=0.000000 cond=1.306911 evap=0.000000 backs=0.000000
t= 2730.00 -2.20e-15 | 1.6185 15.85  21003   11 290684 291437 | 1.4250 14.41 | 4.69e-03 1.45e-02 |   2.7496 0.5640  1.0075  1.5517 0.833 16.33 | edge_dev mean=0.5380 max=1.7711 gg=0.0006 shape_dev=0.3974 xbar=0.1818
# CONVTAG t=2730.00 rough=0.000000 cond=1.306911 evap=0.000000 backs=0.000000
t= 2740.00 -2.20e-15 | 1.6186 15.86  21020    6 291741 292521 | 1.4252 14.41 | 4.90e-03 1.63e-02 |   2.9577 0.6067  0.9190  1.5476 0.833 16.67 | edge_dev mean=0.5448 max=1.7631 gg=0.0000 shape_dev=0.4161 xbar=0.1956
# CONVTAG t=2740.00 rough=0.000000 cond=1.606093 evap=0.000000 backs=0.000000
t= 2750.00 -2.20e-15 | 1.6184 15.84  20994    9 292837 293642 | 1.4248 14.40 | 3.42e-03 1.30e-02 |   2.8414 0.5828  0.9909  1.6250 0.833 16.67 | edge_dev mean=0.5546 max=1.7540 gg=0.0001 shape_dev=0.4374 xbar=0.1907
# CONVTAG t=2750.00 rough=0.000000 cond=1.606093 evap=0.000000 backs=0.000000
t= 2760.00 -2.20e-15 | 1.6186 15.83  20984    9 293877 294726 | 1.4247 14.40 | 4.60e-03 1.48e-02 |   2.7644 0.5671  0.9809  1.6135 0.833 16.17 | edge_dev mean=0.5701 max=1.7634 gg=0.0000 shape_dev=0.4541 xbar=0.1828
# CONVTAG t=2760.00 rough=0.000000 cond=1.606093 evap=0.000000 backs=0.000000
t= 2770.00 -2.20e-15 | 1.6185 15.82  20973    5 294926 295750 | 1.4245 14.39 | 4.95e-03 1.86e-02 |   2.6893 0.5517  0.9906  1.6185 0.833 16.33 | edge_dev mean=0.5751 max=1.7603 gg=0.0001 shape_dev=0.4712 xbar=0.1778
# CONVTAG t=2770.00 rough=0.000000 cond=1.606093 evap=0.000000 backs=0.000000
t= 2780.00 -2.20e-15 | 1.6186 15.80  20944    8 295938 296737 | 1.4242 14.40 | 4.40e-03 1.33e-02 |   2.6898 0.5518  1.0488  1.6037 0.833 16.17 | edge_dev mean=0.5700 max=1.7631 gg=0.0003 shape_dev=0.4838 xbar=0.1777
# CONVTAG t=2780.00 rough=0.000000 cond=1.606093 evap=0.000000 backs=0.000000
t= 2790.00 -2.20e-15 | 1.6186 15.85  21004   11 296891 297623 | 1.4251 14.41 | 6.20e-03 1.57e-02 |   2.7134 0.5566  1.0397  1.6089 0.833 17.00 | edge_dev mean=0.5471 max=1.7703 gg=0.0127 shape_dev=0.5055 xbar=0.1793
# CONVTAG t=2790.00 rough=0.000000 cond=1.606093 evap=0.000000 backs=0.000000
t= 2800.00 -2.06e-15 | 1.6186 15.86  21016   10 297852 298589 | 1.4254 14.42 | 4.39e-03 1.44e-02 |   2.7307 0.5602  1.0311  1.5848 0.833 16.83 | edge_dev mean=0.5219 max=1.7366 gg=0.0028 shape_dev=0.5464 xbar=0.1805
# CONVTAG t=2800.00 rough=0.000000 cond=1.606093 evap=0.000000 backs=0.000000
t= 2810.00 -2.06e-15 | 1.6186 15.85  21003    9 298839 299609 | 1.4251 14.42 | 6.45e-03 1.72e-02 |   2.6990 0.5536  1.0170  1.5928 0.833 16.83 | edge_dev mean=0.5319 max=1.7415 gg=0.0010 shape_dev=0.5781 xbar=0.1783
# CONVTAG t=2810.00 rough=0.000000 cond=1.606093 evap=0.000000 backs=0.000000
t= 2820.00 -2.06e-15 | 1.6186 15.83  20985   10 299904 300665 | 1.4249 14.41 | 7.87e-03 1.74e-02 |   2.6467 0.5429  1.0289  1.8113 0.833 16.67 | edge_dev mean=0.5474 max=1.7516 gg=0.0004 shape_dev=0.5922 xbar=0.1961
# CONVTAG t=2820.00 rough=0.000000 cond=1.606093 evap=0.000000 backs=0.000000
t= 2830.00 -2.06e-15 | 1.6186 15.84  21000   16 300947 301734 | 1.4250 14.41 | 9.32e-03 2.27e-02 |   2.3844 0.4891  1.0600  1.7033 0.833 16.67 | edge_dev mean=0.5412 max=1.7770 gg=0.1178 shape_dev=0.5897 xbar=0.1581
# CONVTAG t=2830.00 rough=0.000000 cond=1.606093 evap=0.000000 backs=0.000000
t= 2840.00 -2.06e-15 | 1.6186 15.85  21004   12 301998 302831 | 1.4250 14.40 | 5.79e-03 1.75e-02 |   2.7068 0.5552  1.0477  1.6159 0.833 16.83 | edge_dev mean=0.5295 max=1.7873 gg=0.0001 shape_dev=0.5705 xbar=0.1792
# CONVTAG t=2840.00 rough=0.000000 cond=1.606093 evap=0.000000 backs=0.000000
t= 2850.00 -2.06e-15 | 1.6187 15.85  21013    7 303004 303822 | 1.4250 14.40 | 6.83e-03 1.67e-02 |   2.3961 0.4915  1.0638  1.7063 0.667 16.33 | edge_dev mean=0.5242 max=1.7930 gg=0.0072 shape_dev=0.5704 xbar=0.1584
# CONVTAG t=2850.00 rough=0.000000 cond=1.606093 evap=0.000000 backs=0.000000
t= 2860.00 -2.06e-15 | 1.6187 15.84  21002   10 304017 304825 | 1.4249 14.40 | 1.05e-02 2.88e-02 |   2.2427 0.4600  1.0153  1.7260 0.833 16.50 | edge_dev mean=0.5203 max=1.7828 gg=0.0954 shape_dev=0.5820 xbar=0.1482
# CONVTAG t=2860.00 rough=0.000000 cond=1.606093 evap=0.000000 backs=0.000000
t= 2870.00 -2.06e-15 | 1.6186 15.84  20999   14 305056 305812 | 1.4249 14.40 | 4.66e-03 1.34e-02 |   2.2108 0.4535  0.9136  1.7588 0.667 16.17 | edge_dev mean=0.5335 max=1.8228 gg=0.0275 shape_dev=0.5789 xbar=0.1464
# CONVTAG t=2870.00 rough=0.000000 cond=1.606093 evap=0.000000 backs=0.000000
t= 2880.00 -2.06e-15 | 1.6187 15.85  21013   12 305953 306737 | 1.4252 14.41 | 5.09e-03 1.39e-02 |   2.3918 0.4906  0.8860  1.7380 0.667 15.83 | edge_dev mean=0.5509 max=1.8533 gg=0.0022 shape_dev=0.6468 xbar=0.1599
# CONVTAG t=2880.00 rough=0.000000 cond=1.606093 evap=0.000000 backs=0.000000
t= 2890.00 -2.06e-15 | 1.6188 15.84  21000    8 306915 307712 | 1.4250 14.40 | 3.78e-03 1.13e-02 |   2.4427 0.5011  0.8739  1.7433 0.667 15.83 | edge_dev mean=0.5622 max=1.8928 gg=0.0000 shape_dev=0.6934 xbar=0.1614
# CONVTAG t=2890.00 rough=0.000000 cond=1.606093 evap=0.000000 backs=0.000000
t= 2900.00 -2.06e-15 | 1.6186 15.88  21043   12 307873 308674 | 1.4255 14.40 | 5.33e-03 1.45e-02 |   2.6993 0.5537  0.8066  1.7275 0.667 15.67 | edge_dev mean=0.5920 max=1.9270 gg=0.0000 shape_dev=0.7686 xbar=0.1799
# CONVTAG t=2900.00 rough=0.000000 cond=1.606093 evap=0.000000 backs=0.000000
t= 2910.00 -2.20e-15 | 1.6186 15.82  20976   10 308919 309715 | 1.4246 14.40 | 5.61e-03 1.74e-02 |   2.3099 0.4738  0.8816  1.7724 0.667 15.83 | edge_dev mean=0.5919 max=1.9395 gg=0.0073 shape_dev=0.7484 xbar=0.1530
# CONVTAG t=2910.00 rough=0.000000 cond=1.606093 evap=0.000000 backs=0.000000
t= 2920.00 -2.20e-15 | 1.6186 15.86  21017    8 309923 310710 | 1.4252 14.41 | 4.63e-03 1.51e-02 |   2.3585 0.4838  0.9135  1.7673 0.667 16.00 | edge_dev mean=0.5990 max=1.9650 gg=0.0245 shape_dev=0.7646 xbar=0.1564
# CONVTAG t=2920.00 rough=0.000000 cond=1.606093 evap=0.000000 backs=0.000000
t= 2930.00 -2.20e-15 | 1.6186 15.84  21001   12 310889 311677 | 1.4250 14.40 | 6.80e-03 1.76e-02 |   2.3460 0.4812  0.6681  1.6343 0.667 16.00 | edge_dev mean=0.6326 max=1.9527 gg=0.0066 shape_dev=0.8051 xbar=0.1556
# CONVTAG t=2930.00 rough=0.000000 cond=1.606093 evap=0.000000 backs=0.000000
t= 2940.00 -2.20e-15 | 1.6187 15.85  21011   16 311958 312738 | 1.4250 14.40 | 3.27e-03 1.36e-02 |   2.1698 0.4451  0.6537  1.5735 0.667 16.00 | edge_dev mean=0.6273 max=1.9444 gg=0.0864 shape_dev=0.8089 xbar=0.1554
# CONVTAG t=2940.00 rough=0.000000 cond=1.606093 evap=0.000000 backs=0.000000
t= 2950.00 -2.06e-15 | 1.6186 15.88  21050   13 312998 313772 | 1.4257 14.41 | 3.24e-03 1.21e-02 |   2.2909 0.4699  0.6473  1.4520 0.667 16.00 | edge_dev mean=0.6161 max=1.9041 gg=0.0559 shape_dev=0.7736 xbar=0.1516
# CONVTAG t=2950.00 rough=0.000000 cond=1.606093 evap=0.000000 backs=0.000000
t= 2960.00 -2.20e-15 | 1.6186 15.87  21032   15 313961 314719 | 1.4255 14.42 | 4.35e-03 1.27e-02 |   2.4939 0.5116  0.6449  1.3889 0.667 15.83 | edge_dev mean=0.6165 max=1.9473 gg=0.0285 shape_dev=0.7868 xbar=0.1651
# CONVTAG t=2960.00 rough=0.000000 cond=1.606093 evap=0.000000 backs=0.000000
t= 2970.00 -2.20e-15 | 1.6186 15.86  21024    6 314991 315727 | 1.4254 14.42 | 7.26e-03 2.05e-02 |   2.5932 0.5319  0.6745  1.3261 0.833 16.17 | edge_dev mean=0.6008 max=1.8964 gg=0.0227 shape_dev=0.7579 xbar=0.1713
# CONVTAG t=2970.00 rough=0.000000 cond=1.606093 evap=0.000000 backs=0.000000
t= 2980.00 -2.20e-15 | 1.6186 15.85  21013    9 316029 316775 | 1.4253 14.42 | 6.06e-03 1.73e-02 |   2.6709 0.5479  0.5907  1.4179 0.833 15.83 | edge_dev mean=0.6044 max=1.9017 gg=0.0226 shape_dev=0.7576 xbar=0.1766
# CONVTAG t=2980.00 rough=0.000000 cond=1.606093 evap=0.000000 backs=0.000000
t= 2990.00 -2.20e-15 | 1.6186 15.88  21047   12 316992 317742 | 1.4257 14.42 | 3.98e-03 1.29e-02 |   2.6125 0.5359  0.6023  1.3693 0.833 16.17 | edge_dev mean=0.6176 max=1.9351 gg=0.0167 shape_dev=0.7660 xbar=0.1721
# CONVTAG t=2990.00 rough=0.000000 cond=1.606093 evap=0.000000 backs=0.000000
t= 3000.00 -2.20e-15 | 1.6187 15.88  21054    8 317978 318757 | 1.4258 14.42 | 5.03e-03 1.48e-02 |   2.7282 0.5596  0.5792  1.4391 0.833 16.00 | edge_dev mean=0.6245 max=1.9473 gg=0.2270 shape_dev=0.7991 xbar=0.1936
# CONVTAG t=3000.00 rough=0.000000 cond=1.606093 evap=0.000000 backs=0.000000
t= 3010.00 -2.20e-15 | 1.6188 15.87  21038   10 319018 319758 | 1.4257 14.43 | 9.06e-03 2.36e-02 |   2.6765 0.5490  0.5119  1.3790 0.833 15.50 | edge_dev mean=0.6397 max=1.9280 gg=0.1894 shape_dev=0.7986 xbar=0.1794
# CONVTAG t=3010.00 rough=0.000000 cond=1.606093 evap=0.000000 backs=0.000000
t= 3020.00 -2.20e-15 | 1.6188 15.84  21001   18 320070 320851 | 1.4253 14.43 | 5.65e-03 1.71e-02 |   2.5489 0.5228  0.6320  1.2872 0.833 16.00 | edge_dev mean=0.6848 max=1.9887 gg=0.1905 shape_dev=0.8219 xbar=0.1681
# CONVTAG t=3020.00 rough=0.000000 cond=1.606093 evap=0.000000 backs=0.000000
t= 3030.00 -2.20e-15 | 1.6188 15.86  21027    8 321179 321949 | 1.4255 14.43 | 5.98e-03 1.72e-02 |   2.9350 0.6021  0.7589  1.5467 0.833 15.83 | edge_dev mean=0.6661 max=2.0370 gg=0.2597 shape_dev=0.8479 xbar=0.1942
# CONVTAG t=3030.00 rough=0.000000 cond=1.606093 evap=0.000000 backs=0.000000
t= 3040.00 -2.20e-15 | 1.6188 15.87  21038   13 322182 322959 | 1.4254 14.41 | 5.69e-03 1.54e-02 |   3.2112 0.6587  0.7499  1.5227 0.833 15.83 | edge_dev mean=0.6419 max=2.0910 gg=0.4260 shape_dev=0.9124 xbar=0.2127
# CONVTAG t=3040.00 rough=0.000000 cond=1.606093 evap=0.000000 backs=0.000000
t= 3050.00 -2.20e-15 | 1.6189 15.85  21009   12 323172 323970 | 1.4251 14.41 | 7.09e-03 2.12e-02 |   2.9574 0.6067  0.7819  1.5492 0.833 15.67 | edge_dev mean=0.6580 max=2.1012 gg=0.3055 shape_dev=0.8741 xbar=0.2268
# CONVTAG t=3050.00 rough=0.000000 cond=1.606093 evap=0.000000 backs=0.000000
t= 3060.00 -2.20e-15 | 1.6188 15.85  21013    8 324289 325060 | 1.4251 14.41 | 9.82e-03 2.57e-02 |   2.7319 0.5604  0.7483  1.4781 0.833 16.00 | edge_dev mean=0.6603 max=2.0579 gg=0.2924 shape_dev=0.8425 xbar=0.1805
# CONVTAG t=3060.00 rough=0.000000 cond=1.606093 evap=0.000000 backs=0.000000
t= 3070.00 -2.33e-15 | 1.6188 15.84  20996   14 325399 326184 | 1.4249 14.41 | 4.03e-03 1.49e-02 |   2.5384 0.5207  0.7273  1.2631 0.833 16.33 | edge_dev mean=0.6547 max=2.0884 gg=0.1407 shape_dev=0.8726 xbar=0.1676
# CONVTAG t=3070.00 rough=0.000000 cond=1.606093 evap=0.000000 backs=0.000000
t= 3080.00 -2.33e-15 | 1.6188 15.82  20976    8 326443 327190 | 1.4246 14.40 | 7.75e-03 1.94e-02 |   2.6869 0.5512  0.7597  1.2351 0.833 15.83 | edge_dev mean=0.6528 max=2.1267 gg=0.1620 shape_dev=0.8695 xbar=0.1775
# CONVTAG t=3080.00 rough=0.000000 cond=1.606093 evap=0.000000 backs=0.000000
t= 3090.00 -2.20e-15 | 1.6187 15.82  20967    4 327510 328283 | 1.4244 14.39 | 6.13e-03 1.63e-02 |   2.5231 0.5176  0.6257  1.2022 0.833 16.00 | edge_dev mean=0.6524 max=2.1662 gg=0.1513 shape_dev=0.8876 xbar=0.1671
# CONVTAG t=3090.00 rough=0.000000 cond=1.606093 evap=0.000000 backs=0.000000
t= 3100.00 -2.33e-15 | 1.6188 15.81  20957    7 328495 329279 | 1.4243 14.40 | 5.14e-03 1.48e-02 |   2.1100 0.4328  0.5043  1.1524 0.833 15.67 | edge_dev mean=0.6753 max=2.1630 gg=0.0912 shape_dev=0.8162 xbar=0.1398
# CONVTAG t=3100.00 rough=0.000000 cond=1.606093 evap=0.000000 backs=0.000000
t= 3110.00 -2.20e-15 | 1.6187 15.82  20970   11 329472 330266 | 1.4244 14.40 | 1.29e-02 3.08e-02 |   1.8657 0.3827  0.5329  1.2019 0.833 15.83 | edge_dev mean=0.6889 max=2.2239 gg=0.0934 shape_dev=0.9238 xbar=0.1233
# CONVTAG t=3110.00 rough=0.000000 cond=1.606093 evap=0.000000 backs=0.000000
t= 3120.00 -2.20e-15 | 1.6187 15.81  20952    6 330533 331341 | 1.4241 14.39 | 1.04e-02 2.55e-02 |   1.9338 0.3967  0.5536  1.3467 0.833 16.00 | edge_dev mean=0.6993 max=2.1914 gg=0.0007 shape_dev=0.9649 xbar=0.1278
# CONVTAG t=3120.00 rough=0.000000 cond=1.606093 evap=0.000000 backs=0.000000
t= 3130.00 -2.20e-15 | 1.6187 15.82  20972    9 331565 332369 | 1.4244 14.39 | 6.65e-03 1.97e-02 |   1.8499 0.3795  0.5386  1.2784 0.833 15.83 | edge_dev mean=0.6988 max=2.1600 gg=0.0846 shape_dev=0.9437 xbar=0.1222
# CONVTAG t=3130.00 rough=0.000000 cond=1.606093 evap=0.000000 backs=0.000000
t= 3140.00 -2.20e-15 | 1.6187 15.83  20989    9 332561 333350 | 1.4246 14.40 | 7.79e-03 2.56e-02 |   1.8202 0.3734  0.5371  1.2870 0.833 16.00 | edge_dev mean=0.6936 max=2.1666 gg=0.0000 shape_dev=0.9552 xbar=0.1206
# CONVTAG t=3140.00 rough=0.000000 cond=1.606093 evap=0.000000 backs=0.000000
t= 3150.00 -2.20e-15 | 1.6187 15.82  20975    9 333568 334361 | 1.4245 14.40 | 4.94e-03 1.64e-02 |   1.8003 0.3693  0.5895  1.2709 0.833 15.67 | edge_dev mean=0.6905 max=2.1709 gg=0.0318 shape_dev=0.9669 xbar=0.1193
# CONVTAG t=3150.00 rough=0.000000 cond=1.606093 evap=0.000000 backs=0.000000
t= 3160.00 -2.20e-15 | 1.6186 15.80  20947    7 334499 335275 | 1.4240 14.39 | 8.72e-03 2.03e-02 |   1.7506 0.3591  0.5783  1.1468 0.667 15.17 | edge_dev mean=0.7219 max=2.1952 gg=0.0017 shape_dev=1.0274 xbar=0.1155
# CONVTAG t=3160.00 rough=0.000000 cond=1.606093 evap=0.000000 backs=0.000000
t= 3170.00 -2.20e-15 | 1.6186 15.81  20952   10 335434 336220 | 1.4239 14.38 | 5.11e-03 1.52e-02 |   1.8436 0.3782  0.5569  1.1856 0.667 15.50 | edge_dev mean=0.7522 max=2.2077 gg=0.0610 shape_dev=1.0150 xbar=0.1221
# CONVTAG t=3170.00 rough=0.000000 cond=1.606093 evap=0.000000 backs=0.000000
t= 3180.00 -2.20e-15 | 1.6186 15.80  20943    9 336381 337181 | 1.4237 14.36 | 5.93e-03 1.40e-02 |   1.8502 0.3795  0.5627  1.2396 0.667 15.33 | edge_dev mean=0.7582 max=2.2241 gg=0.0755 shape_dev=1.0864 xbar=0.1221
# CONVTAG t=3180.00 rough=0.000000 cond=1.606093 evap=0.000000 backs=0.000000
t= 3190.00 -2.20e-15 | 1.6186 15.81  20956    6 337432 338237 | 1.4238 14.36 | 3.13e-03 1.25e-02 |   1.9533 0.4007  0.6519  1.2996 0.667 15.00 | edge_dev mean=0.8102 max=2.2471 gg=0.1645 shape_dev=1.1084 xbar=0.1288
# CONVTAG t=3190.00 rough=0.000000 cond=1.606093 evap=0.000000 backs=0.000000
t= 3200.00 -2.20e-15 | 1.6186 15.81  20960    6 338381 339202 | 1.4238 14.36 | 8.42e-03 2.47e-02 |   2.2083 0.4530  0.8097  1.2146 0.667 15.17 | edge_dev mean=0.8072 max=2.2702 gg=0.1637 shape_dev=1.1564 xbar=0.1461
# CONVTAG t=3200.00 rough=0.000000 cond=1.606093 evap=0.000000 backs=0.000000
t= 3210.00 -2.20e-15 | 1.6186 15.82  20972   12 339415 340214 | 1.4240 14.36 | 9.01e-03 1.81e-02 |   2.3292 0.4778  0.8219  1.2757 0.667 15.17 | edge_dev mean=0.8021 max=2.3004 gg=0.0627 shape_dev=1.2062 xbar=0.1540
# CONVTAG t=3210.00 rough=0.000000 cond=1.606093 evap=0.000000 backs=0.000000
t= 3220.00 -2.20e-15 | 1.6185 15.84  21002    9 340359 341170 | 1.4244 14.36 | 8.21e-03 2.02e-02 |   2.2626 0.4641  0.7941  1.2529 0.667 15.50 | edge_dev mean=0.7898 max=2.2644 gg=0.0339 shape_dev=1.1986 xbar=0.1491
# CONVTAG t=3220.00 rough=0.000000 cond=1.606093 evap=0.000000 backs=0.000000
t= 3230.00 -2.20e-15 | 1.6185 15.83  20980   12 341443 342229 | 1.4242 14.36 | 6.82e-03 1.69e-02 |   2.2610 0.4638  0.8011  1.2664 0.667 15.50 | edge_dev mean=0.7871 max=2.2512 gg=0.1591 shape_dev=1.2094 xbar=0.1493
# CONVTAG t=3230.00 rough=0.000000 cond=1.606093 evap=0.000000 backs=0.000000
t= 3240.00 -2.20e-15 | 1.6184 15.82  20964   14 342417 343209 | 1.4240 14.36 | 5.09e-03 1.67e-02 |   2.3593 0.4840  0.7511  1.2898 0.667 15.50 | edge_dev mean=0.7967 max=2.2462 gg=0.1557 shape_dev=1.1925 xbar=0.1559
# CONVTAG t=3240.00 rough=0.000000 cond=1.606093 evap=0.000000 backs=0.000000
t= 3250.00 -2.20e-15 | 1.6184 15.81  20953    4 343427 344206 | 1.4238 14.36 | 4.54e-03 1.67e-02 |   2.0123 0.4128  0.7505  1.2787 0.667 15.33 | edge_dev mean=0.7907 max=2.2362 gg=0.0578 shape_dev=1.2044 xbar=0.1330
# CONVTAG t=3250.00 rough=0.000000 cond=1.606093 evap=0.000000 backs=0.000000
t= 3260.00 -2.20e-15 | 1.6185 15.84  20990   10 344430 345203 | 1.4244 14.36 | 6.04e-03 1.38e-02 |   1.9432 0.3986  0.7909  1.2533 0.667 15.50 | edge_dev mean=0.7909 max=2.2517 gg=0.0010 shape_dev=1.2213 xbar=0.1285
# CONVTAG t=3260.00 rough=0.000000 cond=1.606093 evap=0.000000 backs=0.000000
t= 3270.00 -2.20e-15 | 1.6185 15.82  20973   11 345406 346180 | 1.4242 14.36 | 4.04e-03 1.30e-02 |   1.9638 0.4028  0.8201  1.2458 0.667 15.50 | edge_dev mean=0.8225 max=2.2835 gg=0.0485 shape_dev=1.2720 xbar=0.1294
# CONVTAG t=3270.00 rough=0.000000 cond=1.606093 evap=0.000000 backs=0.000000
t= 3280.00 -2.20e-15 | 1.6185 15.81  20951   10 346385 347218 | 1.4239 14.36 | 4.81e-03 1.37e-02 |   2.1527 0.4416  0.8798  1.2499 0.667 15.33 | edge_dev mean=0.8395 max=2.2677 gg=0.0000 shape_dev=1.2730 xbar=0.1423
# CONVTAG t=3280.00 rough=0.000000 cond=1.606093 evap=0.000000 backs=0.000000
t= 3290.00 -2.20e-15 | 1.6185 15.81  20951   15 347320 348132 | 1.4238 14.36 | 4.23e-03 1.69e-02 |   2.3326 0.4785  0.8719  1.2425 0.667 15.33 | edge_dev mean=0.8381 max=2.2641 gg=0.1662 shape_dev=1.2493 xbar=0.1543
# CONVTAG t=3290.00 rough=0.000000 cond=1.606093 evap=0.000000 backs=0.000000
t= 3300.00 -2.33e-15 | 1.6184 15.83  20978   13 348314 349113 | 1.4241 14.35 | 8.19e-03 1.90e-02 |   1.9920 0.4086  0.7391  1.1286 0.667 15.50 | edge_dev mean=0.8418 max=2.2757 gg=0.0000 shape_dev=1.2566 xbar=0.1317
# CONVTAG t=3300.00 rough=0.000000 cond=1.606093 evap=0.000000 backs=0.000000
t= 3310.00 -2.20e-15 | 1.6184 15.85  21013   11 349169 350005 | 1.4247 14.37 | 4.61e-03 1.39e-02 |   2.4039 0.4931  0.9290  1.1471 0.667 15.33 | edge_dev mean=0.8512 max=2.2824 gg=0.0279 shape_dev=1.2661 xbar=0.1592
# CONVTAG t=3310.00 rough=0.000000 cond=1.606093 evap=0.000000 backs=0.000000
t= 3320.00 -2.20e-15 | 1.6183 15.84  20996    9 350170 350997 | 1.4245 14.37 | 5.91e-03 1.46e-02 |   1.7873 0.3666  0.6536  1.1171 0.667 15.83 | edge_dev mean=0.8520 max=2.2911 gg=0.0057 shape_dev=1.2813 xbar=0.1181
# CONVTAG t=3320.00 rough=0.000000 cond=1.606093 evap=0.000000 backs=0.000000
t= 3330.00 -2.33e-15 | 1.6183 15.84  20993    9 351222 352069 | 1.4245 14.37 | 6.80e-03 1.90e-02 |   1.7207 0.3530  0.6594  1.1401 0.667 15.83 | edge_dev mean=0.8543 max=2.2746 gg=0.0037 shape_dev=1.3250 xbar=0.1135
# CONVTAG t=3330.00 rough=0.000000 cond=1.606093 evap=0.000000 backs=0.000000
t= 3340.00 -2.20e-15 | 1.6184 15.83  20983    9 352236 353077 | 1.4243 14.37 | 8.91e-03 2.31e-02 |   1.7556 0.3601  0.6256  1.2263 0.667 15.83 | edge_dev mean=0.8532 max=2.2674 gg=0.1651 shape_dev=1.3334 xbar=0.1159
# CONVTAG t=3340.00 rough=0.000000 cond=1.606093 evap=0.000000 backs=0.000000
t= 3350.00 -2.20e-15 | 1.6185 15.83  20980    7 353160 353993 | 1.4244 14.38 | 5.92e-03 1.56e-02 |   1.6679 0.3421  0.5446  1.2337 0.667 15.67 | edge_dev mean=0.8502 max=2.2508 gg=0.1194 shape_dev=1.3136 xbar=0.1099
# CONVTAG t=3350.00 rough=0.000000 cond=1.606093 evap=0.000000 backs=0.000000
t= 3360.00 -2.20e-15 | 1.6184 15.84  21001   11 354157 354987 | 1.4247 14.38 | 7.28e-03 1.76e-02 |   1.8633 0.3822  0.6602  1.1554 0.667 15.33 | edge_dev mean=0.8365 max=2.2440 gg=0.1662 shape_dev=1.3094 xbar=0.1228
# CONVTAG t=3360.00 rough=0.000000 cond=1.606093 evap=0.000000 backs=0.000000
t= 3370.00 -2.20e-15 | 1.6184 15.83  20986   15 355142 355979 | 1.4244 14.37 | 6.19e-03 1.83e-02 |   2.0179 0.4139  0.5210  1.4134 0.667 15.17 | edge_dev mean=0.8402 max=2.1910 gg=0.1660 shape_dev=1.3254 xbar=0.1344
# CONVTAG t=3370.00 rough=0.000000 cond=1.606093 evap=0.000000 backs=0.000000
t= 3380.00 -2.20e-15 | 1.6185 15.83  20982    9 356145 357025 | 1.4242 14.36 | 1.26e-02 2.87e-02 |   1.9809 0.4063  0.4948  1.3723 0.667 15.33 | edge_dev mean=0.8279 max=2.1749 gg=0.1653 shape_dev=1.2939 xbar=0.1308
# CONVTAG t=3380.00 rough=0.000000 cond=1.606093 evap=0.000000 backs=0.000000
t= 3390.00 -2.20e-15 | 1.6185 15.83  20981   12 357121 357994 | 1.4242 14.36 | 7.02e-03 1.77e-02 |   1.9336 0.3966  0.5467  1.3492 0.667 15.33 | edge_dev mean=0.8393 max=2.2027 gg=0.1662 shape_dev=1.3181 xbar=0.1277
# CONVTAG t=3390.00 rough=0.000000 cond=1.606093 evap=0.000000 backs=0.000000
t= 3400.00 -2.20e-15 | 1.6187 15.83  20989    6 358141 358983 | 1.4243 14.36 | 5.51e-03 1.54e-02 |   1.9852 0.4072  0.5407  1.3790 0.667 15.33 | edge_dev mean=0.8398 max=2.1872 gg=0.1653 shape_dev=1.2924 xbar=0.1309
# CONVTAG t=3400.00 rough=0.000000 cond=1.606093 evap=0.000000 backs=0.000000
t= 3410.00 -2.20e-15 | 1.6186 15.85  21003    9 359095 359936 | 1.4244 14.36 | 3.85e-03 1.40e-02 |   1.9601 0.4021  0.5854  1.2778 0.667 15.17 | edge_dev mean=0.8366 max=2.1982 gg=0.1645 shape_dev=1.2882 xbar=0.1306
# CONVTAG t=3410.00 rough=0.000000 cond=1.606093 evap=0.000000 backs=0.000000
t= 3420.00 -2.20e-15 | 1.6185 15.85  21008   10 360059 360910 | 1.4245 14.36 | 1.00e-02 2.23e-02 |   1.7651 0.3621  0.6145  1.2830 0.667 15.00 | edge_dev mean=0.8291 max=2.1770 gg=0.2130 shape_dev=1.2646 xbar=0.1168
# CONVTAG t=3420.00 rough=0.000000 cond=1.606093 evap=0.000000 backs=0.000000
t= 3430.00 -2.20e-15 | 1.6185 15.84  21000   17 361058 361903 | 1.4244 14.36 | 6.35e-03 1.81e-02 |   1.6761 0.3438  0.7684  1.1334 0.667 15.17 | edge_dev mean=0.8282 max=2.1892 gg=0.1666 shape_dev=1.2491 xbar=0.1203
# CONVTAG t=3430.00 rough=0.000000 cond=1.606093 evap=0.000000 backs=0.000000
t= 3440.00 -2.20e-15 | 1.6184 15.86  21018   12 361963 362873 | 1.4244 14.34 | 4.30e-03 1.12e-02 |   1.9859 0.4074  0.5485  1.3506 0.667 15.67 | edge_dev mean=0.8329 max=2.1564 gg=0.1659 shape_dev=1.2567 xbar=0.1307
# CONVTAG t=3440.00 rough=0.000000 cond=1.606093 evap=0.000000 backs=0.000000
t= 3450.00 -2.20e-15 | 1.6185 15.83  20987    8 362878 363774 | 1.4240 14.33 | 7.09e-03 1.84e-02 |   1.9241 0.3947  0.4162  1.4602 0.667 15.50 | edge_dev mean=0.8283 max=2.1571 gg=0.2302 shape_dev=1.2370 xbar=0.1266
# CONVTAG t=3450.00 rough=0.000000 cond=1.606093 evap=0.000000 backs=0.000000
t= 3460.00 -2.20e-15 | 1.6184 15.83  20984    8 363844 364711 | 1.4240 14.33 | 3.57e-03 1.22e-02 |   1.9705 0.4042  0.4550  1.4330 0.667 15.17 | edge_dev mean=0.8338 max=2.1473 gg=0.1664 shape_dev=1.2881 xbar=0.1297
# CONVTAG t=3460.00 rough=0.000000 cond=1.606093 evap=0.000000 backs=0.000000
t= 3470.00 -2.20e-15 | 1.6185 15.85  21010    6 364832 365721 | 1.4243 14.33 | 5.85e-03 1.87e-02 |   2.0466 0.4198  0.4499  1.4577 0.667 15.17 | edge_dev mean=0.8356 max=2.1543 gg=0.1667 shape_dev=1.3197 xbar=0.1349
# CONVTAG t=3470.00 rough=0.000000 cond=1.606093 evap=0.000000 backs=0.000000
t= 3480.00 -2.20e-15 | 1.6185 15.84  20995   15 365740 366670 | 1.4241 14.33 | 5.54e-03 1.67e-02 |   2.1628 0.4436  0.6238  1.3611 0.667 15.33 | edge_dev mean=0.8111 max=2.1408 gg=0.2062 shape_dev=1.2849 xbar=0.1426
# CONVTAG t=3480.00 rough=0.000000 cond=1.606093 evap=0.000000 backs=0.000000
t= 3490.00 -2.33e-15 | 1.6184 15.86  21021   10 366661 367610 | 1.4243 14.33 | 3.85e-03 1.42e-02 |   2.4151 0.4954  0.5995  1.4572 0.667 15.17 | edge_dev mean=0.7957 max=2.1679 gg=0.2861 shape_dev=1.2676 xbar=0.1807
# CONVTAG t=3490.00 rough=0.000000 cond=1.606093 evap=0.000000 backs=0.000000
t= 3500.00 -2.33e-15 | 1.6185 15.89  21060   11 367652 368600 | 1.4248 14.33 | 4.60e-03 1.72e-02 |   2.6349 0.5405  0.5480  1.4661 0.667 15.33 | edge_dev mean=0.7956 max=2.1685 gg=0.2398 shape_dev=1.2592 xbar=0.1738
# CONVTAG t=3500.00 rough=0.000000 cond=1.606093 evap=0.000000 backs=0.000000
t= 3510.00 -2.33e-15 | 1.6186 15.86  21029    8 368691 369614 | 1.4244 14.33 | 6.53e-03 1.61e-02 |   2.7785 0.5699  0.4676  1.5055 0.667 15.33 | edge_dev mean=0.8011 max=2.1328 gg=0.1661 shape_dev=1.2710 xbar=0.1848
# CONVTAG t=3510.00 rough=0.000000 cond=1.606093 evap=0.000000 backs=0.000000
t= 3520.00 -2.33e-15 | 1.6187 15.90  21079   10 369677 370573 | 1.4251 14.34 | 4.73e-03 1.64e-02 |   2.5307 0.5191  0.4339  1.4885 0.667 15.33 | edge_dev mean=0.8185 max=2.1355 gg=0.1600 shape_dev=1.2583 xbar=0.2014
# CONVTAG t=3520.00 rough=0.000000 cond=1.606093 evap=0.000000 backs=0.000000
t= 3530.00 -2.33e-15 | 1.6186 15.89  21056    9 370670 371557 | 1.4249 14.34 | 5.75e-03 1.45e-02 |   2.6643 0.5465  0.4430  1.5012 0.667 15.17 | edge_dev mean=0.8268 max=2.1135 gg=0.0680 shape_dev=1.3051 xbar=0.1784
# CONVTAG t=3530.00 rough=0.000000 cond=1.606093 evap=0.000000 backs=0.000000
t= 3540.00 -2.33e-15 | 1.6186 15.85  21013    8 371714 372593 | 1.4243 14.33 | 4.92e-03 1.32e-02 |   2.9853 0.6124  0.4500  1.5258 0.667 14.83 | edge_dev mean=0.8073 max=2.0790 gg=0.0034 shape_dev=1.2893 xbar=0.1978
# CONVTAG t=3540.00 rough=0.000000 cond=1.606093 evap=0.000000 backs=0.000000
t= 3550.00 -2.33e-15 | 1.6186 15.90  21072    7 372662 373535 | 1.4251 14.35 | 6.44e-03 1.78e-02 |   2.6481 0.5432  0.4946  1.4457 0.667 15.17 | edge_dev mean=0.8365 max=2.1355 gg=0.0017 shape_dev=1.3111 xbar=0.1764
# CONVTAG t=3550.00 rough=0.000000 cond=1.606093 evap=0.000000 backs=0.000000
t= 3560.00 -2.33e-15 | 1.6187 15.86  21021    6 373645 374489 | 1.4246 14.36 | 9.02e-03 2.25e-02 |   2.5917 0.5316  0.4937  1.3896 0.667 15.17 | edge_dev mean=0.8519 max=2.1157 gg=0.0025 shape_dev=1.2610 xbar=0.1716
# CONVTAG t=3560.00 rough=0.000000 cond=1.606093 evap=0.000000 backs=0.000000
t= 3570.00 -2.33e-15 | 1.6186 15.84  20993   14 374638 375501 | 1.4241 14.34 | 5.18e-03 1.35e-02 |   2.6797 0.5497  0.4684  1.4270 0.667 15.67 | edge_dev mean=0.8599 max=2.1314 gg=0.0170 shape_dev=1.2515 xbar=0.1773
# CONVTAG t=3570.00 rough=0.000000 cond=1.606093 evap=0.000000 backs=0.000000
t= 3580.00 -2.33e-15 | 1.6185 15.84  20991    9 375629 376550 | 1.4240 14.33 | 4.15e-03 1.31e-02 |   2.6340 0.5403  0.4929  1.4129 0.667 15.33 | edge_dev mean=0.8644 max=2.1207 gg=0.0021 shape_dev=1.2523 xbar=0.1742
# CONVTAG t=3580.00 rough=0.000000 cond=1.606093 evap=0.000000 backs=0.000000
t= 3590.00 -2.33e-15 | 1.6185 15.87  21030    8 376673 377603 | 1.4245 14.33 | 4.92e-03 1.53e-02 |   2.6908 0.5520  0.4981  1.4253 0.667 15.67 | edge_dev mean=0.8742 max=2.1568 gg=0.1970 shape_dev=1.2730 xbar=0.1780
# CONVTAG t=3590.00 rough=0.000000 cond=1.606093 evap=0.000000 backs=0.000000
t= 3600.00 -2.47e-15 | 1.6185 15.86  21018    3 377615 378554 | 1.4244 14.33 | 6.44e-03 1.40e-02 |   2.7332 0.5607  0.4594  1.4298 0.667 15.83 | edge_dev mean=0.8836 max=2.2015 gg=0.0000 shape_dev=1.2756 xbar=0.1806
# CONVTAG t=3600.00 rough=0.000000 cond=1.606093 evap=0.000000 backs=0.000000
t= 3610.00 -2.47e-15 | 1.6185 15.87  21032   13 378576 379489 | 1.4245 14.33 | 3.41e-03 1.43e-02 |   2.6643 0.5465  0.4697  1.4568 0.667 15.67 | edge_dev mean=0.8843 max=2.1437 gg=0.1328 shape_dev=1.2628 xbar=0.1759
# CONVTAG t=3610.00 rough=0.000000 cond=1.606093 evap=0.000000 backs=0.000000
t= 3620.00 -2.47e-15 | 1.6185 15.86  21019    9 379530 380460 | 1.4244 14.34 | 5.06e-03 1.43e-02 |   2.6867 0.5511  0.4826  1.4610 0.667 15.67 | edge_dev mean=0.8869 max=2.1200 gg=0.0000 shape_dev=1.2332 xbar=0.1776
# CONVTAG t=3620.00 rough=0.000000 cond=1.606093 evap=0.000000 backs=0.000000
t= 3630.00 -2.47e-15 | 1.6185 15.86  21021    7 380572 381486 | 1.4246 14.35 | 7.21e-03 1.82e-02 |   2.5408 0.5212  0.5046  1.4649 0.667 15.67 | edge_dev mean=0.8844 max=2.0927 gg=0.1065 shape_dev=1.2048 xbar=0.1680
# CONVTAG t=3630.00 rough=0.000000 cond=1.606093 evap=0.000000 backs=0.000000
t= 3640.00 -2.47e-15 | 1.6186 15.85  21012    6 381613 382490 | 1.4245 14.36 | 3.88e-03 1.44e-02 |   2.3172 0.4753  0.4436  1.5126 0.667 15.50 | edge_dev mean=0.8862 max=2.0918 gg=0.0000 shape_dev=1.2188 xbar=0.1536
# CONVTAG t=3640.00 rough=0.000000 cond=1.606093 evap=0.000000 backs=0.000000
# QATOM t=3640.64 dir=FD w=1.62672737 e=0.29773695736
t= 3650.00 -2.47e-15 | 1.6186 15.84  20999    7 382639 383496 | 1.4244 14.36 | 5.71e-03 1.95e-02 |   2.0596 0.4225  0.6151  1.5335 0.667 15.50 | edge_dev mean=0.8883 max=2.0962 gg=0.1034 shape_dev=1.2930 xbar=0.1368
# CONVTAG t=3650.00 rough=0.000000 cond=1.606093 evap=0.000000 backs=0.000000
t= 3660.00 -2.47e-15 | 1.6186 15.82  20975    5 383631 384524 | 1.4240 14.35 | 4.04e-03 1.28e-02 |   2.3120 0.4743  0.3637  1.5359 0.667 15.50 | edge_dev mean=0.9034 max=2.1418 gg=0.0072 shape_dev=1.3085 xbar=0.1537
# CONVTAG t=3660.00 rough=0.000000 cond=1.606093 evap=0.000000 backs=0.000000
t= 3670.00 -2.47e-15 | 1.6185 15.85  21007    6 384644 385530 | 1.4243 14.34 | 3.75e-03 1.60e-02 |   2.2317 0.4578  0.2993  1.5954 0.667 15.33 | edge_dev mean=0.8885 max=2.0596 gg=0.0003 shape_dev=1.2833 xbar=0.1489
# CONVTAG t=3670.00 rough=0.000000 cond=1.606093 evap=0.000000 backs=0.000000
t= 3680.00 -2.47e-15 | 1.6184 15.85  21006    9 385673 386570 | 1.4242 14.34 | 4.12e-03 1.27e-02 |   2.5260 0.5181  0.4510  1.5367 0.667 15.50 | edge_dev mean=0.9011 max=2.0633 gg=0.0000 shape_dev=1.3114 xbar=0.1678
# CONVTAG t=3680.00 rough=0.000000 cond=1.606093 evap=0.000000 backs=0.000000
t= 3690.00 -2.47e-15 | 1.6183 15.84  20996   11 386779 387690 | 1.4241 14.34 | 7.57e-03 2.09e-02 |   2.3022 0.4723  0.4670  1.5865 0.667 15.67 | edge_dev mean=0.9094 max=2.0796 gg=0.0455 shape_dev=1.3570 xbar=0.1526
# CONVTAG t=3690.00 rough=0.000000 cond=1.606093 evap=0.000000 backs=0.000000
t= 3700.00 -2.47e-15 | 1.6184 15.86  21023   11 387818 388735 | 1.4245 14.35 | 4.78e-03 1.30e-02 |   2.4768 0.5081  0.4372  1.5864 0.667 15.50 | edge_dev mean=0.8997 max=2.0873 gg=0.0006 shape_dev=1.3855 xbar=0.1637
# CONVTAG t=3700.00 rough=0.000000 cond=1.606093 evap=0.000000 backs=0.000000
t= 3710.00 -2.47e-15 | 1.6185 15.85  21015   11 388891 389790 | 1.4244 14.35 | 4.41e-03 1.14e-02 |   2.4739 0.5075  0.4520  1.5951 0.667 14.83 | edge_dev mean=0.9040 max=2.0961 gg=0.1189 shape_dev=1.3737 xbar=0.1634
# CONVTAG t=3710.00 rough=0.000000 cond=1.606093 evap=0.000000 backs=0.000000
t= 3720.00 -2.33e-15 | 1.6185 15.87  21032    3 389748 390644 | 1.4247 14.36 | 5.28e-03 1.52e-02 |   2.5192 0.5168  0.4546  1.5892 0.667 15.00 | edge_dev mean=0.8947 max=2.0829 gg=0.0074 shape_dev=1.3829 xbar=0.1666
# CONVTAG t=3720.00 rough=0.000000 cond=1.606093 evap=0.000000 backs=0.000000
t= 3730.00 -2.33e-15 | 1.6185 15.86  21027    9 390606 391507 | 1.4247 14.36 | 7.69e-03 2.19e-02 |   2.4390 0.5003  0.4321  1.6334 0.667 14.83 | edge_dev mean=0.8692 max=2.0861 gg=0.0000 shape_dev=1.3179 xbar=0.1617
# CONVTAG t=3730.00 rough=0.000000 cond=1.606093 evap=0.000000 backs=0.000000
t= 3740.00 -2.33e-15 | 1.6185 15.88  21049    2 391588 392477 | 1.4250 14.36 | 5.87e-03 1.54e-02 |   2.7704 0.5683  0.5228  1.5307 0.667 15.00 | edge_dev mean=0.8588 max=2.0752 gg=0.0753 shape_dev=1.3334 xbar=0.1840
# CONVTAG t=3740.00 rough=0.000000 cond=1.606093 evap=0.000000 backs=0.000000
t= 3750.00 -2.33e-15 | 1.6186 15.86  21018    5 392627 393530 | 1.4247 14.37 | 6.73e-03 1.66e-02 |   2.1662 0.4444  0.4971  1.5927 0.667 14.67 | edge_dev mean=0.8320 max=2.0314 gg=0.0001 shape_dev=1.2611 xbar=0.1438
# CONVTAG t=3750.00 rough=0.000000 cond=1.606093 evap=0.000000 backs=0.000000
t= 3760.00 -2.33e-15 | 1.6185 15.86  21023    4 393665 394553 | 1.4250 14.38 | 5.34e-03 1.90e-02 |   2.3842 0.4891  0.5782  1.5129 0.667 15.33 | edge_dev mean=0.8251 max=2.0735 gg=0.0000 shape_dev=1.2263 xbar=0.1583
# CONVTAG t=3760.00 rough=0.000000 cond=1.606093 evap=0.000000 backs=0.000000
t= 3770.00 -2.33e-15 | 1.6185 15.85  21003    6 394744 395617 | 1.4245 14.36 | 1.09e-02 2.72e-02 |   2.4835 0.5094  0.6083  1.4055 0.667 15.50 | edge_dev mean=0.8330 max=2.1270 gg=0.0000 shape_dev=1.2431 xbar=0.1652
# CONVTAG t=3770.00 rough=0.000000 cond=1.606093 evap=0.000000 backs=0.000000
t= 3780.00 -2.47e-15 | 1.6184 15.85  21009   11 395759 396643 | 1.4245 14.36 | 9.51e-03 2.05e-02 |   2.1363 0.4382  0.5044  1.5367 0.667 15.67 | edge_dev mean=0.8493 max=2.1754 gg=0.1515 shape_dev=1.3090 xbar=0.1420
# CONVTAG t=3780.00 rough=0.000000 cond=1.606093 evap=0.000000 backs=0.000000
t= 3790.00 -2.47e-15 | 1.6184 15.84  20997    5 396836 397718 | 1.4243 14.36 | 5.87e-03 1.46e-02 |   2.1552 0.4421  0.4542  1.4931 0.667 15.50 | edge_dev mean=0.8429 max=2.1316 gg=0.0000 shape_dev=1.2826 xbar=0.1434
# CONVTAG t=3790.00 rough=0.000000 cond=1.606093 evap=0.000000 backs=0.000000
t= 3800.00 -2.47e-15 | 1.6184 15.84  21001    4 397904 398745 | 1.4245 14.36 | 3.95e-03 1.15e-02 |   2.4815 0.5090  0.3409  1.5511 0.667 15.17 | edge_dev mean=0.8440 max=2.1406 gg=0.0004 shape_dev=1.2947 xbar=0.1649
# CONVTAG t=3800.00 rough=0.000000 cond=1.606093 evap=0.000000 backs=0.000000
t= 3810.00 -2.47e-15 | 1.6186 15.85  21010   15 398957 399827 | 1.4245 14.36 | 5.92e-03 1.40e-02 |   2.1050 0.4318  0.4229  1.4582 0.667 15.50 | edge_dev mean=0.8432 max=2.1555 gg=0.0000 shape_dev=1.2714 xbar=0.1398
# CONVTAG t=3810.00 rough=0.000000 cond=1.606093 evap=0.000000 backs=0.000000
t= 3820.00 -2.33e-15 | 1.6186 15.85  21015    8 399969 400804 | 1.4247 14.37 | 7.96e-03 1.90e-02 |   2.1160 0.4340  0.4142  1.5323 0.667 15.50 | edge_dev mean=0.8503 max=2.1431 gg=0.0085 shape_dev=1.2801 xbar=0.1471
# CONVTAG t=3820.00 rough=0.000000 cond=1.606093 evap=0.000000 backs=0.000000
t= 3830.00 -2.47e-15 | 1.6186 15.82  20969   10 400956 401801 | 1.4240 14.35 | 8.37e-03 1.91e-02 |   1.9952 0.4093  0.4099  1.5733 0.667 15.50 | edge_dev mean=0.8709 max=2.1719 gg=0.0000 shape_dev=1.3115 xbar=0.1328
# CONVTAG t=3830.00 rough=0.000000 cond=1.606093 evap=0.000000 backs=0.000000
t= 3840.00 -2.47e-15 | 1.6187 15.83  20985    8 402050 402904 | 1.4241 14.35 | 7.04e-03 1.72e-02 |   1.7168 0.3522  0.5883  1.5769 0.667 15.50 | edge_dev mean=0.8777 max=2.1905 gg=0.0002 shape_dev=1.3572 xbar=0.1140
# CONVTAG t=3840.00 rough=0.000000 cond=1.606093 evap=0.000000 backs=0.000000
t= 3850.00 -2.47e-15 | 1.6187 15.82  20970   11 403133 403952 | 1.4240 14.35 | 8.70e-03 2.12e-02 |   1.6995 0.3486  0.5387  1.5841 0.667 15.33 | edge_dev mean=0.8784 max=2.1911 gg=0.0004 shape_dev=1.3649 xbar=0.1131
# CONVTAG t=3850.00 rough=0.000000 cond=1.606093 evap=0.000000 backs=0.000000
t= 3860.00 -2.47e-15 | 1.6186 15.81  20951   21 404066 404885 | 1.4238 14.35 | 6.30e-03 1.77e-02 |   1.8968 0.3891  0.3574  1.6590 0.667 15.00 | edge_dev mean=0.8646 max=2.1941 gg=0.0000 shape_dev=1.3286 xbar=0.1260
# CONVTAG t=3860.00 rough=0.000000 cond=1.606093 evap=0.000000 backs=0.000000
t= 3870.00 -2.47e-15 | 1.6186 15.81  20958    7 405088 405901 | 1.4238 14.35 | 4.84e-03 1.50e-02 |   1.7446 0.3579  0.4012  1.5531 0.667 15.17 | edge_dev mean=0.8543 max=2.2335 gg=0.0042 shape_dev=1.2496 xbar=0.1160
# CONVTAG t=3870.00 rough=0.000000 cond=1.606093 evap=0.000000 backs=0.000000
t= 3880.00 -2.47e-15 | 1.6186 15.84  20994   13 406107 406936 | 1.4242 14.34 | 4.54e-03 1.30e-02 |   1.6008 0.3284  0.5772  1.6112 0.667 15.17 | edge_dev mean=0.8540 max=2.2159 gg=0.0000 shape_dev=1.2344 xbar=0.1064
# CONVTAG t=3880.00 rough=0.000000 cond=1.606093 evap=0.000000 backs=0.000000
t= 3890.00 -2.47e-15 | 1.6186 15.82  20976   12 407180 407980 | 1.4240 14.34 | 6.29e-03 1.96e-02 |   1.7792 0.3650  0.5288  1.7132 0.667 15.33 | edge_dev mean=0.8554 max=2.1892 gg=0.0001 shape_dev=1.2623 xbar=0.1187
# CONVTAG t=3890.00 rough=0.000000 cond=1.606093 evap=0.000000 backs=0.000000
t= 3900.00 -2.47e-15 | 1.6186 15.83  20989   13 408197 409037 | 1.4241 14.34 | 7.99e-03 2.34e-02 |   1.7101 0.3508  0.5861  1.7010 0.667 15.33 | edge_dev mean=0.8632 max=2.2149 gg=0.0750 shape_dev=1.2730 xbar=0.1136
# CONVTAG t=3900.00 rough=0.000000 cond=1.606093 evap=0.000000 backs=0.000000
t= 3910.00 -2.47e-15 | 1.6186 15.84  21002   12 409073 409914 | 1.4243 14.34 | 3.41e-03 1.34e-02 |   1.6764 0.3439  0.7587  1.6849 0.667 15.17 | edge_dev mean=0.8935 max=2.2043 gg=0.0000 shape_dev=1.2147 xbar=0.1112
# CONVTAG t=3910.00 rough=0.000000 cond=1.606093 evap=0.000000 backs=0.000000
t= 3920.00 -2.47e-15 | 1.6185 15.84  20996   13 410075 410936 | 1.4243 14.35 | 7.10e-03 1.90e-02 |   1.5541 0.3188  0.7239  1.6230 0.667 14.83 | edge_dev mean=0.8753 max=2.1623 gg=0.0000 shape_dev=1.1614 xbar=0.1032
# CONVTAG t=3920.00 rough=0.000000 cond=1.606093 evap=0.000000 backs=0.000000
t= 3930.00 -2.47e-15 | 1.6184 15.87  21031   10 410989 411835 | 1.4249 14.36 | 6.24e-03 1.67e-02 |   1.4905 0.3058  0.7353  1.6001 0.667 15.17 | edge_dev mean=0.8518 max=2.1595 gg=0.0024 shape_dev=1.1024 xbar=0.0990
# CONVTAG t=3930.00 rough=0.000000 cond=1.606093 evap=0.000000 backs=0.000000
t= 3940.00 -2.47e-15 | 1.6185 15.87  21030   12 411917 412767 | 1.4248 14.36 | 6.36e-03 1.93e-02 |   1.5213 0.3121  0.7243  1.6656 0.667 15.17 | edge_dev mean=0.8627 max=2.2132 gg=0.0001 shape_dev=1.1524 xbar=0.1044
# CONVTAG t=3940.00 rough=0.000000 cond=1.606093 evap=0.000000 backs=0.000000
t= 3950.00 -2.47e-15 | 1.6186 15.86  21017   11 412882 413711 | 1.4247 14.36 | 7.00e-03 1.73e-02 |   1.5087 0.3095  0.7314  1.6802 0.667 15.33 | edge_dev mean=0.8612 max=2.2109 gg=0.0972 shape_dev=1.1245 xbar=0.1001
# CONVTAG t=3950.00 rough=0.000000 cond=1.606093 evap=0.000000 backs=0.000000
t= 3960.00 -2.47e-15 | 1.6185 15.86  21020    8 413871 414723 | 1.4248 14.37 | 5.28e-03 1.31e-02 |   1.4592 0.2993  0.8081  1.6683 0.667 15.50 | edge_dev mean=0.8545 max=2.1907 gg=0.0000 shape_dev=1.1184 xbar=0.0969
# CONVTAG t=3960.00 rough=0.000000 cond=1.606093 evap=0.000000 backs=0.000000
t= 3970.00 -2.61e-15 | 1.6186 15.84  20995    9 415000 415818 | 1.4245 14.37 | 8.00e-03 1.99e-02 |   1.5232 0.3125  0.7970  1.7186 0.667 15.50 | edge_dev mean=0.8630 max=2.2151 gg=0.0115 shape_dev=1.1396 xbar=0.1012
# CONVTAG t=3970.00 rough=0.000000 cond=1.606093 evap=0.000000 backs=0.000000
t= 3980.00 -2.61e-15 | 1.6185 15.82  20975   13 416030 416891 | 1.4242 14.37 | 5.98e-03 1.71e-02 |   1.5332 0.3145  0.8663  1.7192 0.667 15.67 | edge_dev mean=0.8739 max=2.2418 gg=0.1531 shape_dev=1.1251 xbar=0.1018
# CONVTAG t=3980.00 rough=0.000000 cond=1.606093 evap=0.000000 backs=0.000000
t= 3990.00 -2.61e-15 | 1.6185 15.85  21007    9 417135 417987 | 1.4247 14.37 | 8.06e-03 2.15e-02 |   1.4404 0.2955  0.9755  1.7194 0.667 15.83 | edge_dev mean=0.8689 max=2.2329 gg=0.0000 shape_dev=1.1299 xbar=0.0958
# CONVTAG t=3990.00 rough=0.000000 cond=1.606093 evap=0.000000 backs=0.000000
t= 4000.00 -2.61e-15 | 1.6185 15.84  20994    5 418145 419009 | 1.4245 14.36 | 8.15e-03 2.14e-02 |   1.4960 0.3069  0.9073  1.7132 0.667 15.83 | edge_dev mean=0.8615 max=2.1966 gg=0.0475 shape_dev=1.0687 xbar=0.0994
# CONVTAG t=4000.00 rough=0.000000 cond=1.606093 evap=0.000000 backs=0.000000
t= 4010.00 -2.61e-15 | 1.6185 15.85  21015    8 419088 419956 | 1.4246 14.35 | 5.64e-03 1.57e-02 |   1.5980 0.3278  0.8718  1.7792 0.667 15.50 | edge_dev mean=0.8601 max=2.2040 gg=0.0000 shape_dev=1.0895 xbar=0.1137
# CONVTAG t=4010.00 rough=0.000000 cond=1.606093 evap=0.000000 backs=0.000000
t= 4020.00 -2.61e-15 | 1.6185 15.88  21043    9 420045 420905 | 1.4250 14.36 | 6.96e-03 1.75e-02 |   1.4962 0.3069  0.8978  1.7075 0.667 15.83 | edge_dev mean=0.8612 max=2.1731 gg=0.0953 shape_dev=1.1001 xbar=0.0994
# CONVTAG t=4020.00 rough=0.000000 cond=1.606093 evap=0.000000 backs=0.000000
t= 4030.00 -2.61e-15 | 1.6184 15.85  21010   14 421073 421939 | 1.4246 14.36 | 4.82e-03 1.27e-02 |   1.5154 0.3109  0.9757  1.7202 0.667 15.67 | edge_dev mean=0.8529 max=2.1545 gg=0.0002 shape_dev=1.1085 xbar=0.1006
# CONVTAG t=4030.00 rough=0.000000 cond=1.606093 evap=0.000000 backs=0.000000
t= 4040.00 -2.61e-15 | 1.6185 15.84  20998   11 422030 422886 | 1.4243 14.35 | 6.67e-03 1.66e-02 |   1.5712 0.3223  0.8198  1.6946 0.667 15.83 | edge_dev mean=0.8473 max=2.1132 gg=0.0014 shape_dev=1.0824 xbar=0.1043
# CONVTAG t=4040.00 rough=0.000000 cond=1.606093 evap=0.000000 backs=0.000000
t= 4050.00 -2.61e-15 | 1.6184 15.84  20997   10 422937 423805 | 1.4242 14.34 | 8.50e-03 2.30e-02 |   1.5470 0.3173  0.8755  1.6839 0.667 15.83 | edge_dev mean=0.8493 max=2.1245 gg=0.0000 shape_dev=1.0606 xbar=0.1026
# CONVTAG t=4050.00 rough=0.000000 cond=1.606093 evap=0.000000 backs=0.000000
t= 4060.00 -2.61e-15 | 1.6184 15.84  20992   13 423935 424825 | 1.4241 14.34 | 3.75e-03 1.53e-02 |   1.5554 0.3191  0.8763  1.6924 0.667 15.67 | edge_dev mean=0.8520 max=2.1475 gg=0.0152 shape_dev=1.0676 xbar=0.1034
# CONVTAG t=4060.00 rough=0.000000 cond=1.606093 evap=0.000000 backs=0.000000
t= 4070.00 -2.61e-15 | 1.6184 15.83  20983    7 424829 425693 | 1.4241 14.34 | 3.67e-03 1.35e-02 |   1.4671 0.3010  0.9034  1.6927 0.667 15.83 | edge_dev mean=0.8491 max=2.1509 gg=0.0003 shape_dev=1.0855 xbar=0.0990
# CONVTAG t=4070.00 rough=0.000000 cond=1.606093 evap=0.000000 backs=0.000000
t= 4080.00 -2.61e-15 | 1.6184 15.85  21015    9 425757 426605 | 1.4244 14.34 | 7.30e-03 1.90e-02 |   1.4593 0.2993  0.9063  1.6760 0.667 16.00 | edge_dev mean=0.8433 max=2.1254 gg=0.0182 shape_dev=1.0820 xbar=0.0969
# CONVTAG t=4080.00 rough=0.000000 cond=1.606093 evap=0.000000 backs=0.000000
t= 4090.00 -2.61e-15 | 1.6184 15.84  20993    5 426803 427628 | 1.4242 14.34 | 1.43e-02 3.75e-02 |   1.4331 0.2940  0.8817  1.6807 0.667 16.00 | edge_dev mean=0.8438 max=2.1572 gg=0.0800 shape_dev=1.0685 xbar=0.0951
# CONVTAG t=4090.00 rough=0.000000 cond=1.606093 evap=0.000000 backs=0.000000
t= 4100.00 -2.61e-15 | 1.6184 15.85  21009    5 427745 428557 | 1.4243 14.34 | 7.00e-03 1.39e-02 |   1.6737 0.3433  0.5949  1.6752 0.667 16.17 | edge_dev mean=0.8648 max=2.2048 gg=0.0058 shape_dev=1.0786 xbar=0.1112
# CONVTAG t=4100.00 rough=0.000000 cond=1.606093 evap=0.000000 backs=0.000000
t= 4110.00 -2.61e-15 | 1.6185 15.88  21049    4 428719 429556 | 1.4250 14.35 | 4.96e-03 1.55e-02 |   1.4345 0.2943  0.8532  1.6806 0.667 16.00 | edge_dev mean=0.8769 max=2.1913 gg=0.0003 shape_dev=1.0875 xbar=0.0953
# CONVTAG t=4110.00 rough=0.000000 cond=1.606093 evap=0.000000 backs=0.000000
t= 4120.00 -2.61e-15 | 1.6185 15.86  21019    5 429782 430608 | 1.4246 14.34 | 6.52e-03 2.13e-02 |   1.4748 0.3025  0.8847  1.7116 0.667 16.33 | edge_dev mean=0.8846 max=2.1868 gg=0.0794 shape_dev=1.1338 xbar=0.0980
# CONVTAG t=4120.00 rough=0.000000 cond=1.606093 evap=0.000000 backs=0.000000
t= 4130.00 -2.61e-15 | 1.6183 15.86  21022    6 430786 431637 | 1.4245 14.33 | 5.05e-03 1.63e-02 |   1.4353 0.2944  0.8757  1.7378 0.667 16.00 | edge_dev mean=0.8858 max=2.1940 gg=0.0124 shape_dev=1.1609 xbar=0.0953
# CONVTAG t=4130.00 rough=0.000000 cond=1.606093 evap=0.000000 backs=0.000000
t= 4140.00 -2.61e-15 | 1.6182 15.87  21032    6 431801 432673 | 1.4246 14.34 | 1.04e-02 2.91e-02 |   1.4271 0.2927  0.8692  1.7274 0.667 16.00 | edge_dev mean=0.9063 max=2.2261 gg=0.0396 shape_dev=1.2003 xbar=0.0948
# CONVTAG t=4140.00 rough=0.000000 cond=1.606093 evap=0.000000 backs=0.000000
t= 4150.00 -2.61e-15 | 1.6182 15.86  21026   11 432809 433679 | 1.4247 14.35 | 4.81e-03 1.75e-02 |   1.3638 0.2798  0.9364  1.7621 0.667 16.17 | edge_dev mean=0.9127 max=2.1848 gg=0.0395 shape_dev=1.2547 xbar=0.0905
# CONVTAG t=4150.00 rough=0.000000 cond=1.606093 evap=0.000000 backs=0.000000
t= 4160.00 -2.61e-15 | 1.6182 15.83  20988    8 433874 434740 | 1.4243 14.35 | 7.49e-03 1.86e-02 |   1.5875 0.3256  0.8446  1.7757 0.667 16.17 | edge_dev mean=0.9215 max=2.1530 gg=0.0422 shape_dev=1.2876 xbar=0.1053
# CONVTAG t=4160.00 rough=0.000000 cond=1.606093 evap=0.000000 backs=0.000000
t= 4170.00 -2.61e-15 | 1.6182 15.84  20998    6 434874 435751 | 1.4244 14.35 | 8.03e-03 2.22e-02 |   1.6784 0.3443  0.8795  1.7952 0.667 16.00 | edge_dev mean=0.9343 max=2.1726 gg=0.0001 shape_dev=1.3023 xbar=0.1116
# CONVTAG t=4170.00 rough=0.000000 cond=1.606093 evap=0.000000 backs=0.000000
t= 4180.00 -2.61e-15 | 1.6182 15.85  21006    7 435962 436823 | 1.4245 14.36 | 3.42e-03 1.39e-02 |   1.6922 0.3471  0.9486  1.7927 0.667 15.67 | edge_dev mean=0.9524 max=2.2162 gg=0.0000 shape_dev=1.3134 xbar=0.1126
# CONVTAG t=4180.00 rough=0.000000 cond=1.606093 evap=0.000000 backs=0.000000
t= 4190.00 -2.61e-15 | 1.6182 15.86  21022    8 437039 437910 | 1.4246 14.35 | 8.03e-03 2.29e-02 |   1.8069 0.3707  0.9796  1.7856 0.667 15.83 | edge_dev mean=0.9525 max=2.2706 gg=0.0266 shape_dev=1.3148 xbar=0.1202
# CONVTAG t=4190.00 rough=0.000000 cond=1.606093 evap=0.000000 backs=0.000000
t= 4200.00 -2.61e-15 | 1.6182 15.87  21031   13 438122 438947 | 1.4248 14.36 | 1.07e-02 2.49e-02 |   1.7362 0.3561  0.9180  1.7794 0.667 16.00 | edge_dev mean=0.9729 max=2.3435 gg=0.0430 shape_dev=1.3373 xbar=0.1156
# CONVTAG t=4200.00 rough=0.000000 cond=1.606093 evap=0.000000 backs=0.000000
t= 4210.00 -2.61e-15 | 1.6182 15.87  21037    9 439109 439958 | 1.4249 14.36 | 1.37e-02 3.08e-02 |   1.8206 0.3735  0.9745  1.7929 0.667 15.83 | edge_dev mean=0.9721 max=2.3353 gg=0.0005 shape_dev=1.3269 xbar=0.1233
# CONVTAG t=4210.00 rough=0.000000 cond=1.606093 evap=0.000000 backs=0.000000
t= 4220.00 -2.61e-15 | 1.6183 15.84  20995    6 440154 441006 | 1.4243 14.35 | 5.02e-03 1.30e-02 |   1.7226 0.3534  0.9758  1.7400 0.667 16.00 | edge_dev mean=0.9458 max=2.2832 gg=0.0017 shape_dev=1.2441 xbar=0.1146
# CONVTAG t=4220.00 rough=0.000000 cond=1.606093 evap=0.000000 backs=0.000000
t= 4230.00 -2.61e-15 | 1.6184 15.85  21014    7 441193 442053 | 1.4247 14.37 | 5.30e-03 1.57e-02 |   1.6846 0.3456  0.8418  1.7187 0.667 16.17 | edge_dev mean=0.9488 max=2.2865 gg=0.1207 shape_dev=1.2302 xbar=0.1121
# CONVTAG t=4230.00 rough=0.000000 cond=1.606093 evap=0.000000 backs=0.000000
t= 4240.00 -2.61e-15 | 1.6183 15.85  21015    7 442306 443153 | 1.4247 14.37 | 4.26e-03 1.45e-02 |   1.8435 0.3781  0.8095  1.7589 0.667 15.67 | edge_dev mean=0.9763 max=2.3555 gg=0.0028 shape_dev=1.2828 xbar=0.1226
# CONVTAG t=4240.00 rough=0.000000 cond=1.606093 evap=0.000000 backs=0.000000
t= 4250.00 -2.61e-15 | 1.6185 15.85  21011    9 443345 444223 | 1.4246 14.37 | 8.14e-03 1.86e-02 |   1.6170 0.3317  0.6433  1.7139 0.667 16.00 | edge_dev mean=0.9871 max=2.3977 gg=0.0054 shape_dev=1.3441 xbar=0.1076
# CONVTAG t=4250.00 rough=0.000000 cond=1.606093 evap=0.000000 backs=0.000000
t= 4260.00 -2.61e-15 | 1.6184 15.83  20987    7 444437 445317 | 1.4242 14.36 | 3.77e-03 1.27e-02 |   1.6128 0.3308  0.5538  1.7233 0.667 15.83 | edge_dev mean=1.0486 max=2.5632 gg=0.0112 shape_dev=1.5149 xbar=0.1073
# CONVTAG t=4260.00 rough=0.000000 cond=1.606093 evap=0.000000 backs=0.000000
t= 4270.00 -2.61e-15 | 1.6183 15.81  20958    5 445493 446363 | 1.4238 14.36 | 5.72e-03 1.43e-02 |   1.5479 0.3175  0.5770  1.7962 0.667 15.83 | edge_dev mean=1.1009 max=2.7039 gg=0.0001 shape_dev=1.7442 xbar=0.1029
# CONVTAG t=4270.00 rough=0.000000 cond=1.606093 evap=0.000000 backs=0.000000
t= 4280.00 -2.61e-15 | 1.6183 15.84  20992   12 446581 447388 | 1.4243 14.36 | 4.34e-03 1.46e-02 |   1.6455 0.3375  0.3492  1.7335 0.667 15.67 | edge_dev mean=1.1259 max=2.7147 gg=0.1507 shape_dev=1.8055 xbar=0.1096
# CONVTAG t=4280.00 rough=0.000000 cond=1.606093 evap=0.000000 backs=0.000000
t= 4290.00 -2.61e-15 | 1.6184 15.84  20992   12 447710 448507 | 1.4242 14.35 | 4.10e-03 1.82e-02 |   1.2890 0.2644  0.6152  1.7600 0.667 15.67 | edge_dev mean=1.1264 max=2.6936 gg=0.0000 shape_dev=1.7749 xbar=0.0861
# CONVTAG t=4290.00 rough=0.000000 cond=1.606093 evap=0.000000 backs=0.000000
t= 4300.00 -2.61e-15 | 1.6184 15.82  20967   11 448678 449531 | 1.4239 14.35 | 6.92e-03 1.89e-02 |   1.5318 0.3142  0.4031  1.7305 0.667 15.67 | edge_dev mean=1.1220 max=2.6825 gg=0.0004 shape_dev=1.7486 xbar=0.1018
# CONVTAG t=4300.00 rough=0.000000 cond=1.606093 evap=0.000000 backs=0.000000
t= 4310.00 -2.61e-15 | 1.6185 15.84  20991   13 449686 450566 | 1.4241 14.35 | 4.81e-03 1.44e-02 |   1.3223 0.2712  0.5536  1.6908 0.667 15.83 | edge_dev mean=1.1120 max=2.6869 gg=0.0000 shape_dev=1.7211 xbar=0.0880
# CONVTAG t=4310.00 rough=0.000000 cond=1.606093 evap=0.000000 backs=0.000000
t= 4320.00 -2.61e-15 | 1.6185 15.83  20984    8 450664 451539 | 1.4240 14.35 | 5.82e-03 2.24e-02 |   1.3642 0.2798  0.4976  1.6738 0.667 15.83 | edge_dev mean=1.1154 max=2.6476 gg=0.0320 shape_dev=1.7249 xbar=0.0907
# CONVTAG t=4320.00 rough=0.000000 cond=1.606093 evap=0.000000 backs=0.000000
t= 4330.00 -2.61e-15 | 1.6185 15.85  21008   10 451669 452535 | 1.4243 14.34 | 4.48e-03 1.62e-02 |   1.3634 0.2797  0.5334  1.7366 0.667 15.83 | edge_dev mean=1.1271 max=2.6614 gg=0.0090 shape_dev=1.7713 xbar=0.0907
# CONVTAG t=4330.00 rough=0.000000 cond=1.606093 evap=0.000000 backs=0.000000
t= 4340.00 -2.61e-15 | 1.6185 15.83  20989   17 452704 453561 | 1.4240 14.34 | 5.01e-03 1.54e-02 |   1.6469 0.3378  0.2667  1.6320 0.667 15.67 | edge_dev mean=1.1513 max=2.6962 gg=0.0000 shape_dev=1.8262 xbar=0.1096
# CONVTAG t=4340.00 rough=0.000000 cond=1.606093 evap=0.000000 backs=0.000000
t= 4350.00 -2.61e-15 | 1.6186 15.83  20982    5 453772 454676 | 1.4239 14.34 | 3.78e-03 1.49e-02 |   1.5886 0.3259  0.6132  1.6848 0.667 15.83 | edge_dev mean=1.1420 max=2.6694 gg=0.0000 shape_dev=1.8052 xbar=0.1056
# CONVTAG t=4350.00 rough=0.000000 cond=1.606093 evap=0.000000 backs=0.000000
t= 4360.00 -2.61e-15 | 1.6186 15.87  21034   11 454769 455661 | 1.4245 14.34 | 7.46e-03 2.35e-02 |   1.6033 0.3289  0.5662  1.6807 0.667 16.00 | edge_dev mean=1.1310 max=2.7035 gg=0.0002 shape_dev=1.8404 xbar=0.1065
# CONVTAG t=4360.00 rough=0.000000 cond=1.606093 evap=0.000000 backs=0.000000
t= 4370.00 -2.61e-15 | 1.6187 15.85  21012    7 455770 456650 | 1.4243 14.34 | 6.37e-03 1.66e-02 |   1.4106 0.2894  0.7844  1.7301 0.667 15.83 | edge_dev mean=1.1474 max=2.7098 gg=0.0042 shape_dev=1.8611 xbar=0.0938
# CONVTAG t=4370.00 rough=0.000000 cond=1.606093 evap=0.000000 backs=0.000000
t= 4380.00 -2.61e-15 | 1.6189 15.82  20975   11 456870 457785 | 1.4237 14.32 | 8.50e-03 2.03e-02 |   1.4301 0.2934  0.6714  1.7093 0.667 16.00 | edge_dev mean=1.1551 max=2.6890 gg=0.0000 shape_dev=1.9044 xbar=0.0950
# CONVTAG t=4380.00 rough=0.000000 cond=1.606093 evap=0.000000 backs=0.000000
t= 4390.00 -2.61e-15 | 1.6188 15.83  20989    5 457901 458769 | 1.4240 14.33 | 4.94e-03 1.80e-02 |   1.1965 0.2454  0.9020  1.4828 0.667 16.00 | edge_dev mean=1.1720 max=2.6651 gg=0.0129 shape_dev=2.0523 xbar=0.0794
# CONVTAG t=4390.00 rough=0.000000 cond=1.606093 evap=0.000000 backs=0.000000
t= 4400.00 -2.61e-15 | 1.6188 15.84  20991    6 459015 459864 | 1.4241 14.34 | 6.61e-03 1.81e-02 |   1.3275 0.2723  1.1252  1.7068 0.667 16.33 | edge_dev mean=1.1977 max=2.7074 gg=0.0502 shape_dev=2.1756 xbar=0.0881
# CONVTAG t=4400.00 rough=0.000000 cond=1.606093 evap=0.000000 backs=0.000000
t= 4410.00 -2.61e-15 | 1.6188 15.83  20983   11 459998 460838 | 1.4240 14.35 | 5.71e-03 1.53e-02 |   1.3588 0.2787  1.2003  1.6920 0.667 16.33 | edge_dev mean=1.1841 max=2.7082 gg=0.0003 shape_dev=2.1615 xbar=0.0903
# CONVTAG t=4410.00 rough=0.000000 cond=1.606093 evap=0.000000 backs=0.000000
t= 4420.00 -2.61e-15 | 1.6188 15.82  20974   14 460950 461804 | 1.4240 14.35 | 4.66e-03 1.74e-02 |   1.4098 0.2892  1.3681  1.7964 0.667 16.33 | edge_dev mean=1.1675 max=2.6678 gg=0.0000 shape_dev=2.1220 xbar=0.0933
# CONVTAG t=4420.00 rough=0.000000 cond=1.606093 evap=0.000000 backs=0.000000
t= 4430.00 -2.61e-15 | 1.6188 15.82  20976   12 461982 462858 | 1.4239 14.34 | 5.37e-03 1.77e-02 |   1.5105 0.3098  1.3155  1.7768 0.667 15.67 | edge_dev mean=1.1561 max=2.6400 gg=0.0001 shape_dev=2.1162 xbar=0.0999
# CONVTAG t=4430.00 rough=0.000000 cond=1.606093 evap=0.000000 backs=0.000000
t= 4440.00 -2.61e-15 | 1.6188 15.83  20981    5 463099 463974 | 1.4241 14.35 | 5.26e-03 1.38e-02 |   1.3290 0.2726  1.4256  1.8460 0.667 15.67 | edge_dev mean=1.1667 max=2.6645 gg=0.0001 shape_dev=2.1385 xbar=0.0881
# CONVTAG t=4440.00 rough=0.000000 cond=1.606093 evap=0.000000 backs=0.000000
t= 4450.00 -2.61e-15 | 1.6187 15.83  20984   10 464127 465021 | 1.4241 14.36 | 8.07e-03 1.81e-02 |   1.2162 0.2495  1.5797  1.7973 0.667 15.50 | edge_dev mean=1.1744 max=2.7048 gg=0.0148 shape_dev=2.1655 xbar=0.0807
# CONVTAG t=4450.00 rough=0.000000 cond=1.606093 evap=0.000000 backs=0.000000
t= 4460.00 -2.61e-15 | 1.6186 15.86  21027   10 465213 466073 | 1.4247 14.36 | 6.61e-03 1.56e-02 |   1.2486 0.2561  1.5745  1.8122 0.667 15.83 | edge_dev mean=1.1759 max=2.7340 gg=0.0533 shape_dev=2.1516 xbar=0.0828
# CONVTAG t=4460.00 rough=0.000000 cond=1.606093 evap=0.000000 backs=0.000000
t= 4470.00 -2.61e-15 | 1.6187 15.85  21012    8 466175 467070 | 1.4244 14.35 | 1.35e-02 3.07e-02 |   1.2689 0.2603  1.5540  1.7980 0.667 15.83 | edge_dev mean=1.1699 max=2.6953 gg=0.0000 shape_dev=2.1403 xbar=0.0841
# CONVTAG t=4470.00 rough=0.000000 cond=1.606093 evap=0.000000 backs=0.000000
t= 4480.00 -2.61e-15 | 1.6187 15.87  21040    5 467167 468083 | 1.4247 14.35 | 6.54e-03 1.68e-02 |   1.3278 0.2724  1.5896  1.8332 0.667 15.83 | edge_dev mean=1.1675 max=2.6703 gg=0.0000 shape_dev=2.1484 xbar=0.1019
# CONVTAG t=4480.00 rough=0.000000 cond=1.606093 evap=0.000000 backs=0.000000
t= 4490.00 -2.61e-15 | 1.6188 15.86  21025    8 468121 469018 | 1.4246 14.35 | 6.47e-03 1.70e-02 |   1.4028 0.2878  1.4922  1.8917 0.667 15.83 | edge_dev mean=1.1687 max=2.6274 gg=0.0000 shape_dev=2.1591 xbar=0.0929
# CONVTAG t=4490.00 rough=0.000000 cond=1.606093 evap=0.000000 backs=0.000000
t= 4500.00 -2.61e-15 | 1.6189 15.88  21054    8 469108 469992 | 1.4250 14.36 | 5.91e-03 1.80e-02 |   1.4650 0.3005  1.4601  1.8828 0.667 16.17 | edge_dev mean=1.1528 max=2.5638 gg=0.0280 shape_dev=2.1355 xbar=0.0970
# CONVTAG t=4500.00 rough=0.000000 cond=1.606093 evap=0.000000 backs=0.000000
t= 4510.00 -2.61e-15 | 1.6188 15.84  21000   10 470026 470913 | 1.4243 14.35 | 5.61e-03 1.70e-02 |   1.4828 0.3042  1.5309  1.8016 0.667 16.17 | edge_dev mean=1.1566 max=2.5988 gg=0.0250 shape_dev=2.1518 xbar=0.0984
# CONVTAG t=4510.00 rough=0.000000 cond=1.606093 evap=0.000000 backs=0.000000
t= 4520.00 -2.61e-15 | 1.6188 15.86  21016    6 471023 471908 | 1.4246 14.36 | 8.36e-03 1.97e-02 |   1.4716 0.3019  1.5608  1.8385 0.667 16.00 | edge_dev mean=1.1423 max=2.5688 gg=0.0054 shape_dev=2.1630 xbar=0.0976
# CONVTAG t=4520.00 rough=0.000000 cond=1.606093 evap=0.000000 backs=0.000000
t= 4530.00 -2.61e-15 | 1.6187 15.86  21018   13 472050 472945 | 1.4246 14.37 | 1.05e-02 2.59e-02 |   1.4969 0.3070  1.6066  1.9121 0.667 16.00 | edge_dev mean=1.1284 max=2.5523 gg=0.0001 shape_dev=2.1449 xbar=0.0990
# CONVTAG t=4530.00 rough=0.000000 cond=1.606093 evap=0.000000 backs=0.000000
t= 4540.00 -2.61e-15 | 1.6186 15.86  21025    7 473043 473949 | 1.4245 14.35 | 6.13e-03 1.68e-02 |   1.5203 0.3119  1.6291  1.9397 0.667 16.17 | edge_dev mean=1.1158 max=2.5676 gg=0.0098 shape_dev=2.1750 xbar=0.1010
# CONVTAG t=4540.00 rough=0.000000 cond=1.606093 evap=0.000000 backs=0.000000
t= 4550.00 -2.61e-15 | 1.6187 15.84  20991   15 473986 474865 | 1.4241 14.35 | 6.09e-03 2.30e-02 |   1.4659 0.3007  1.6283  1.9408 0.667 15.83 | edge_dev mean=1.1248 max=2.5982 gg=0.0000 shape_dev=2.1975 xbar=0.0970
# CONVTAG t=4550.00 rough=0.000000 cond=1.606093 evap=0.000000 backs=0.000000
t= 4560.00 -2.61e-15 | 1.6186 15.83  20985   11 474942 475828 | 1.4240 14.34 | 5.90e-03 1.69e-02 |   1.4386 0.2951  1.5993  1.9376 0.667 16.00 | edge_dev mean=1.1262 max=2.5796 gg=0.0000 shape_dev=2.1934 xbar=0.0952
# CONVTAG t=4560.00 rough=0.000000 cond=1.606093 evap=0.000000 backs=0.000000
t= 4570.00 -2.61e-15 | 1.6186 15.84  20996    9 475937 476796 | 1.4242 14.35 | 4.77e-03 1.66e-02 |   1.3164 0.2700  1.5827  1.8246 0.667 16.00 | edge_dev mean=1.1398 max=2.5883 gg=0.0728 shape_dev=2.1942 xbar=0.0872
# CONVTAG t=4570.00 rough=0.000000 cond=1.606093 evap=0.000000 backs=0.000000
t= 4580.00 -2.61e-15 | 1.6185 15.83  20987    4 476894 477788 | 1.4241 14.35 | 8.10e-03 1.87e-02 |   1.3733 0.2817  1.4993  1.8667 0.667 16.00 | edge_dev mean=1.1600 max=2.6368 gg=0.0140 shape_dev=2.2486 xbar=0.0913
# CONVTAG t=4580.00 rough=0.000000 cond=1.606093 evap=0.000000 backs=0.000000
t= 4590.00 -2.61e-15 | 1.6185 15.84  21000   11 477796 478667 | 1.4243 14.36 | 5.76e-03 1.51e-02 |   1.5416 0.3162  1.3749  1.8517 0.667 15.83 | edge_dev mean=1.1786 max=2.6979 gg=0.0141 shape_dev=2.2799 xbar=0.1024
# CONVTAG t=4590.00 rough=0.000000 cond=1.606093 evap=0.000000 backs=0.000000
t= 4600.00 -2.61e-15 | 1.6186 15.82  20966    9 478772 479633 | 1.4239 14.35 | 5.55e-03 1.62e-02 |   1.6221 0.3327  1.2828  1.8340 0.667 16.00 | edge_dev mean=1.1726 max=2.7236 gg=0.0085 shape_dev=2.2670 xbar=0.1076
# CONVTAG t=4600.00 rough=0.000000 cond=1.606093 evap=0.000000 backs=0.000000
t= 4610.00 -2.61e-15 | 1.6184 15.80  20943   14 479724 480564 | 1.4235 14.33 | 4.99e-03 1.38e-02 |   1.6431 0.3370  1.2360  1.8682 0.667 15.67 | edge_dev mean=1.1973 max=2.8073 gg=0.0000 shape_dev=2.3378 xbar=0.1091
# CONVTAG t=4610.00 rough=0.000000 cond=1.606093 evap=0.000000 backs=0.000000
t= 4620.00 -2.61e-15 | 1.6185 15.82  20971   15 480645 481461 | 1.4239 14.34 | 5.78e-03 1.85e-02 |   1.5998 0.3282  1.2118  1.8133 0.667 15.33 | edge_dev mean=1.2274 max=2.9150 gg=0.0011 shape_dev=2.4181 xbar=0.1061
# CONVTAG t=4620.00 rough=0.000000 cond=1.606093 evap=0.000000 backs=0.000000
t= 4630.00 -2.61e-15 | 1.6184 15.84  20990   11 481606 482450 | 1.4241 14.33 | 6.03e-03 1.57e-02 |   1.4668 0.3009  1.2513  1.7729 0.667 15.17 | edge_dev mean=1.2338 max=2.9157 gg=0.0470 shape_dev=2.4819 xbar=0.0973
# CONVTAG t=4630.00 rough=0.000000 cond=1.606093 evap=0.000000 backs=0.000000
t= 4640.00 -2.61e-15 | 1.6184 15.83  20989    7 482585 483415 | 1.4242 14.34 | 4.00e-03 1.50e-02 |   1.5243 0.3127  1.2713  1.7338 0.667 15.50 | edge_dev mean=1.2428 max=2.8657 gg=0.0000 shape_dev=2.5459 xbar=0.1012
# CONVTAG t=4640.00 rough=0.000000 cond=1.606093 evap=0.000000 backs=0.000000
t= 4650.00 -2.61e-15 | 1.6183 15.82  20968    7 483607 484425 | 1.4241 14.35 | 6.48e-03 1.74e-02 |   1.4352 0.2944  1.3051  1.7394 0.667 15.50 | edge_dev mean=1.2377 max=2.7924 gg=0.0829 shape_dev=2.5405 xbar=0.0952
# CONVTAG t=4650.00 rough=0.000000 cond=1.606093 evap=0.000000 backs=0.000000
t= 4660.00 -2.61e-15 | 1.6185 15.82  20973    8 484640 485477 | 1.4240 14.34 | 7.52e-03 1.79e-02 |   1.3822 0.2835  1.3396  1.7585 0.667 16.00 | edge_dev mean=1.2702 max=2.8290 gg=0.0000 shape_dev=2.5858 xbar=0.0918
# CONVTAG t=4660.00 rough=0.000000 cond=1.606093 evap=0.000000 backs=0.000000
t= 4670.00 -2.61e-15 | 1.6184 15.81  20954   14 485673 486508 | 1.4236 14.33 | 6.12e-03 1.75e-02 |   1.2398 0.2543  1.4994  1.8805 0.667 16.33 | edge_dev mean=1.2987 max=2.8291 gg=0.0076 shape_dev=2.6000 xbar=0.0824
# CONVTAG t=4670.00 rough=0.000000 cond=1.606093 evap=0.000000 backs=0.000000
t= 4680.00 -2.61e-15 | 1.6184 15.82  20974    7 486773 487589 | 1.4237 14.32 | 7.23e-03 1.99e-02 |   1.0710 0.2197  1.7152  1.9170 0.667 16.33 | edge_dev mean=1.2850 max=2.8062 gg=0.0001 shape_dev=2.5384 xbar=0.0711
# CONVTAG t=4680.00 rough=0.000000 cond=1.606093 evap=0.000000 backs=0.000000
t= 4690.00 -2.61e-15 | 1.6184 15.82  20971   12 487767 488610 | 1.4238 14.32 | 1.04e-02 2.51e-02 |   0.9036 0.1854  1.8874  1.9811 0.667 16.00 | edge_dev mean=1.3134 max=2.8624 gg=0.0000 shape_dev=2.5789 xbar=0.0600
# CONVTAG t=4690.00 rough=0.000000 cond=1.606093 evap=0.000000 backs=0.000000
t= 4700.00 -2.61e-15 | 1.6185 15.82  20964    6 488731 489564 | 1.4237 14.32 | 6.00e-03 1.52e-02 |   0.7869 0.1614  2.0226  2.1595 0.667 15.83 | edge_dev mean=1.3256 max=2.8800 gg=0.0000 shape_dev=2.6207 xbar=0.0544
# CONVTAG t=4700.00 rough=0.000000 cond=1.606093 evap=0.000000 backs=0.000000
t= 4710.00 -2.61e-15 | 1.6185 15.82  20963    9 489771 490615 | 1.4236 14.31 | 8.68e-03 2.32e-02 |   0.9375 0.1923  1.6632  2.1908 0.667 16.00 | edge_dev mean=1.3615 max=2.9415 gg=0.0158 shape_dev=2.6960 xbar=0.0635
# CONVTAG t=4710.00 rough=0.000000 cond=1.606093 evap=0.000000 backs=0.000000
t= 4720.00 -2.61e-15 | 1.6186 15.79  20931    9 490834 491654 | 1.4232 14.31 | 7.23e-03 1.97e-02 |   0.9894 0.2030  1.5201  2.3273 0.667 15.83 | edge_dev mean=1.3346 max=2.9467 gg=0.0000 shape_dev=2.6828 xbar=0.0670
# CONVTAG t=4720.00 rough=0.000000 cond=1.606093 evap=0.000000 backs=0.000000
t= 4730.00 -2.61e-15 | 1.6185 15.81  20961   13 491845 492688 | 1.4236 14.32 | 5.29e-03 1.79e-02 |   1.1854 0.2432  1.3337  2.1736 0.667 16.17 | edge_dev mean=1.3140 max=2.9415 gg=0.0001 shape_dev=2.6623 xbar=0.0783
# CONVTAG t=4730.00 rough=0.000000 cond=1.606093 evap=0.000000 backs=0.000000
t= 4740.00 -2.61e-15 | 1.6185 15.84  20994    7 492764 493610 | 1.4241 14.33 | 6.00e-03 1.74e-02 |   1.3180 0.2704  1.2571  2.1239 0.667 16.33 | edge_dev mean=1.3025 max=2.9384 gg=0.0000 shape_dev=2.6701 xbar=0.0868
# CONVTAG t=4740.00 rough=0.000000 cond=1.606093 evap=0.000000 backs=0.000000
t= 4750.00 -2.61e-15 | 1.6187 15.83  20979    8 493807 494694 | 1.4238 14.33 | 5.02e-03 1.40e-02 |   1.4124 0.2897  1.1703  2.0580 0.667 16.17 | edge_dev mean=1.2864 max=2.9182 gg=0.0001 shape_dev=2.6808 xbar=0.0936
# CONVTAG t=4750.00 rough=0.000000 cond=1.606093 evap=0.000000 backs=0.000000
t= 4760.00 -2.61e-15 | 1.6186 15.83  20984    8 494856 495723 | 1.4240 14.33 | 6.76e-03 1.57e-02 |   1.6613 0.3408  1.1787  2.0327 0.667 16.17 | edge_dev mean=1.2528 max=2.8687 gg=0.0186 shape_dev=2.6249 xbar=0.1099
# CONVTAG t=4760.00 rough=0.000000 cond=1.606093 evap=0.000000 backs=0.000000
t= 4770.00 -2.61e-15 | 1.6186 15.84  21002   10 495841 496692 | 1.4242 14.34 | 1.25e-02 2.83e-02 |   1.5466 0.3172  1.2867  2.0705 0.667 16.17 | edge_dev mean=1.2488 max=2.8460 gg=0.0113 shape_dev=2.5852 xbar=0.1023
# CONVTAG t=4770.00 rough=0.000000 cond=1.606093 evap=0.000000 backs=0.000000
t= 4780.00 -2.61e-15 | 1.6187 15.84  20994   13 496812 497665 | 1.4242 14.34 | 4.64e-03 1.69e-02 |   1.5464 0.3172  1.0798  1.9789 0.667 16.50 | edge_dev mean=1.2658 max=2.8931 gg=0.0035 shape_dev=2.6155 xbar=0.1024
# CONVTAG t=4780.00 rough=0.000000 cond=1.606093 evap=0.000000 backs=0.000000
t= 4790.00 -2.61e-15 | 1.6187 15.84  20992    6 497780 498623 | 1.4243 14.35 | 6.39e-03 1.70e-02 |   1.3072 0.2681  0.9262  1.7143 0.667 16.33 | edge_dev mean=1.2491 max=2.8551 gg=0.0335 shape_dev=2.5877 xbar=0.0863
# CONVTAG t=4790.00 rough=0.000000 cond=1.606093 evap=0.000000 backs=0.000000
t= 4800.00 -2.61e-15 | 1.6187 15.87  21040   10 498751 499561 | 1.4250 14.36 | 4.38e-03 1.55e-02 |   1.2861 0.2638  0.9354  1.9837 0.667 16.50 | edge_dev mean=1.2367 max=2.8315 gg=0.0001 shape_dev=2.5860 xbar=0.0851
# CONVTAG t=4800.00 rough=0.000000 cond=1.606093 evap=0.000000 backs=0.000000
t= 4810.00 -2.61e-15 | 1.6187 15.85  21003   11 499691 500529 | 1.4245 14.36 | 7.52e-03 1.77e-02 |   1.5147 0.3107  0.9086  1.9186 0.667 16.33 | edge_dev mean=1.2402 max=2.7877 gg=0.0528 shape_dev=2.5979 xbar=0.1008
# CONVTAG t=4810.00 rough=0.000000 cond=1.606093 evap=0.000000 backs=0.000000
t= 4820.00 -2.61e-15 | 1.6187 15.84  20995    5 500570 501379 | 1.4245 14.36 | 4.71e-03 1.47e-02 |   1.6763 0.3438  0.8537  1.8116 0.667 16.33 | edge_dev mean=1.2348 max=2.7439 gg=0.0006 shape_dev=2.5857 xbar=0.1111
# CONVTAG t=4820.00 rough=0.000000 cond=1.606093 evap=0.000000 backs=0.000000
t= 4830.00 -2.75e-15 | 1.6187 15.83  20982   10 501579 502369 | 1.4244 14.37 | 1.02e-02 2.42e-02 |   1.6058 0.3294  0.9087  1.7058 0.667 16.17 | edge_dev mean=1.2234 max=2.7205 gg=0.0505 shape_dev=2.5388 xbar=0.1063
# CONVTAG t=4830.00 rough=0.000000 cond=1.606093 evap=0.000000 backs=0.000000
t= 4840.00 -2.61e-15 | 1.6187 15.83  20986   16 502584 503389 | 1.4243 14.36 | 5.45e-03 1.60e-02 |   1.6210 0.3325  0.8619  1.5056 0.667 16.67 | edge_dev mean=1.2184 max=2.7118 gg=0.0026 shape_dev=2.5312 xbar=0.1076
# CONVTAG t=4840.00 rough=0.000000 cond=1.606093 evap=0.000000 backs=0.000000
t= 4850.00 -2.61e-15 | 1.6187 15.80  20946   10 503611 504408 | 1.4239 14.37 | 1.02e-02 2.59e-02 |   1.3915 0.2854  0.8656  1.3073 0.667 16.33 | edge_dev mean=1.2133 max=2.7067 gg=0.0089 shape_dev=2.4789 xbar=0.0923
# CONVTAG t=4850.00 rough=0.000000 cond=1.606093 evap=0.000000 backs=0.000000
t= 4860.00 -2.61e-15 | 1.6187 15.85  21004   10 504612 505442 | 1.4246 14.37 | 8.73e-03 2.19e-02 |   1.4587 0.2992  0.6254  1.7109 0.667 16.17 | edge_dev mean=1.2151 max=2.6764 gg=0.0010 shape_dev=2.4680 xbar=0.0966
# CONVTAG t=4860.00 rough=0.000000 cond=1.606093 evap=0.000000 backs=0.000000
t= 4870.00 -2.61e-15 | 1.6187 15.85  21011    9 505593 506408 | 1.4248 14.37 | 5.58e-03 1.76e-02 |   1.5223 0.3123  0.6808  1.7230 0.667 16.83 | edge_dev mean=1.2141 max=2.6727 gg=0.0392 shape_dev=2.4589 xbar=0.1008
# CONVTAG t=4870.00 rough=0.000000 cond=1.606093 evap=0.000000 backs=0.000000
t= 4880.00 -2.61e-15 | 1.6188 15.85  21015   14 506517 507299 | 1.4249 14.38 | 7.25e-03 2.06e-02 |   1.5379 0.3155  0.7018  1.9074 0.667 16.67 | edge_dev mean=1.2258 max=2.6973 gg=0.0000 shape_dev=2.5016 xbar=0.1018
# CONVTAG t=4880.00 rough=0.000000 cond=1.606093 evap=0.000000 backs=0.000000
t= 4890.00 -2.61e-15 | 1.6188 15.82  20964    6 507507 508318 | 1.4241 14.37 | 6.98e-03 1.86e-02 |   1.4972 0.3071  0.9191  1.8848 0.667 16.33 | edge_dev mean=1.2290 max=2.6726 gg=0.0000 shape_dev=2.5159 xbar=0.0990
# CONVTAG t=4890.00 rough=0.000000 cond=1.606093 evap=0.000000 backs=0.000000
t= 4900.00 -2.61e-15 | 1.6188 15.82  20967    5 508501 509307 | 1.4241 14.36 | 7.69e-03 2.12e-02 |   1.5506 0.3181  0.8606  2.0450 0.667 16.17 | edge_dev mean=1.2308 max=2.6640 gg=0.0122 shape_dev=2.5056 xbar=0.1026
# CONVTAG t=4900.00 rough=0.000000 cond=1.606093 evap=0.000000 backs=0.000000
t= 4910.00 -2.61e-15 | 1.6187 15.85  21008   13 509458 510244 | 1.4248 14.37 | 7.35e-03 1.76e-02 |   1.5831 0.3247  0.7169  2.1805 0.667 15.67 | edge_dev mean=1.2104 max=2.6643 gg=0.0301 shape_dev=2.4770 xbar=0.1053
# CONVTAG t=4910.00 rough=0.000000 cond=1.606093 evap=0.000000 backs=0.000000
t= 4920.00 -2.61e-15 | 1.6187 15.85  21015    7 510533 511324 | 1.4249 14.38 | 5.94e-03 1.64e-02 |   1.4938 0.3064  0.7242  2.1876 0.667 15.33 | edge_dev mean=1.2117 max=2.6668 gg=0.0005 shape_dev=2.4848 xbar=0.0986
# CONVTAG t=4920.00 rough=0.000000 cond=1.606093 evap=0.000000 backs=0.000000
t= 4930.00 -2.61e-15 | 1.6187 15.86  21019   15 511576 512354 | 1.4250 14.38 | 6.09e-03 1.63e-02 |   1.3844 0.2840  0.8640  1.9987 0.667 15.67 | edge_dev mean=1.2053 max=2.6322 gg=0.0009 shape_dev=2.4741 xbar=0.0915
# CONVTAG t=4930.00 rough=0.000000 cond=1.606093 evap=0.000000 backs=0.000000
t= 4940.00 -2.61e-15 | 1.6188 15.88  21050   13 512568 513376 | 1.4253 14.38 | 4.06e-03 1.13e-02 |   1.3802 0.2831  0.8927  1.9506 0.667 15.67 | edge_dev mean=1.1972 max=2.6092 gg=0.0003 shape_dev=2.4500 xbar=0.0914
# CONVTAG t=4940.00 rough=0.000000 cond=1.606093 evap=0.000000 backs=0.000000
t= 4950.00 -2.61e-15 | 1.6188 15.86  21029   11 513473 514269 | 1.4251 14.38 | 3.66e-03 1.30e-02 |   1.3181 0.2704  0.9034  1.8199 0.667 15.50 | edge_dev mean=1.1992 max=2.6015 gg=0.1420 shape_dev=2.4467 xbar=0.0874
# CONVTAG t=4950.00 rough=0.000000 cond=1.606093 evap=0.000000 backs=0.000000
t= 4960.00 -2.75e-15 | 1.6187 15.86  21020   10 514523 515301 | 1.4250 14.38 | 8.74e-03 2.20e-02 |   1.3173 0.2702  0.9085  1.7490 0.667 15.67 | edge_dev mean=1.2164 max=2.6005 gg=0.0000 shape_dev=2.4970 xbar=0.0871
# CONVTAG t=4960.00 rough=0.000000 cond=1.606093 evap=0.000000 backs=0.000000
t= 4970.00 -2.61e-15 | 1.6188 15.85  21008    7 515468 516271 | 1.4249 14.38 | 5.99e-03 1.52e-02 |   1.0891 0.2234  1.3133  1.8708 0.667 15.67 | edge_dev mean=1.2002 max=2.5654 gg=0.0000 shape_dev=2.4572 xbar=0.0720
# CONVTAG t=4970.00 rough=0.000000 cond=1.606093 evap=0.000000 backs=0.000000
t= 4980.00 -2.61e-15 | 1.6188 15.85  21012    8 516491 517283 | 1.4250 14.38 | 3.26e-03 1.30e-02 |   1.0818 0.2219  1.2844  1.9314 0.667 16.00 | edge_dev mean=1.1970 max=2.5354 gg=0.0000 shape_dev=2.4116 xbar=0.0714
# CONVTAG t=4980.00 rough=0.000000 cond=1.606093 evap=0.000000 backs=0.000000
t= 4990.00 -2.61e-15 | 1.6187 15.85  21010   11 517602 518387 | 1.4251 14.39 | 4.14e-03 1.35e-02 |   1.0173 0.2087  1.2866  1.9658 0.667 15.67 | edge_dev mean=1.1780 max=2.5004 gg=0.0767 shape_dev=2.3498 xbar=0.0692
# CONVTAG t=4990.00 rough=0.000000 cond=1.606093 evap=0.000000 backs=0.000000
t= 5000.00 -2.61e-15 | 1.6186 15.87  21040   13 518565 519311 | 1.4254 14.39 | 6.76e-03 2.29e-02 |   1.1782 0.2417  1.2485  1.9748 0.667 15.67 | edge_dev mean=1.1841 max=2.4760 gg=0.0123 shape_dev=2.3313 xbar=0.0780
# CONVTAG t=5000.00 rough=0.000000 cond=1.606093 evap=0.000000 backs=0.000000
#
# RESULT drift_rel -2.608e-15
# RESULT births 518565 deaths 519311 beta_returns 0 beta_energy 0.000000e+00
# RESULT conv rough=100.906002 cond=665.125485 evap=0.000000 backs=13.161652 rad=0.000000
# RESULT convtag rough=0.000000 cond=1.606093 evap=0.000000 backs=0.000000 net=1.606093
# RESULT geometry phi_nom=1.6186 z_live=15.87 dbar=1.4254 sigma_d=0.1439
# RESULT truss edge_dev_mean=1.184127 edge_dev_max=2.476000 shape=(0.1339,1.4812,2.9836) shape0=(0.0000,1.1337,1.1337)
# EDGE 0 2645-2646 CHANNEL DEAD
# EDGE 1 2646-2647 CHANNEL DEAD
# EDGE 2 2647-2648 CHANNEL DEAD
# EDGE 3 2648-2649 d=1.64789 dev=+0.14209 gg=0.0000 gpl=0.0616
# EDGE 4 2649-2650 d=1.83884 dev=+0.33304 gg=0.0000 gpl=0.0021
# EDGE 5 2650-2645 d=1.21552 dev=-0.29028 gg=0.0735 gpl=0.0014
