t	E_phi_kin	E_theta_kin	E_grad	E_mass	E_pot	E_tgrad	E_tmass	E_coupling	E_total	phi_max	P_max	P_int	theta_rms	Q_phi	Q_theta	Q_total	s_max	r_core	omega_core	Q_core	thp1u	thp1v	thp2u	thp2v
0.00	8.430834e+01	5.532488e+00	1.235344e+01	9.267403e+01	-1.116636e+01	9.661191e-01	6.919353e+00	-4.746054e+00	1.868414e+02	6.206394e-01	2.390662e-01	1.005536e+01	5.641714e-03	1.178563660161e+02	7.733979196318e+00	1.255903452125e+02	5.715263e-02	2.831759e+00	1.430696477211e+00	1.252124906148e+02	7.730316e-03	0.000000e+00	1.678261e-05	0.000000e+00
2.00	8.430681e+01	5.532422e+00	1.235365e+01	9.267358e+01	-1.116649e+01	9.661474e-01	6.919292e+00	-4.746058e+00	1.868393e+02	6.206384e-01	2.390649e-01	1.005545e+01	5.641690e-03	1.178550007144e+02	7.733898894264e+00	1.255888996087e+02	5.715204e-02	2.831318e+00	1.430686763058e+00	1.252124906148e+02	-7.428909e-03	2.137621e-03	-9.051259e-06	5.510870e-06
4.00	8.430493e+01	5.532297e+00	1.235388e+01	9.267459e+01	-1.116674e+01	9.661740e-01	6.919303e+00	-4.746101e+00	1.868383e+02	6.206336e-01	2.390594e-01	1.005565e+01	5.641694e-03	1.178543313120e+02	7.733817671262e+00	1.255881489833e+02	5.714939e-02	2.831123e+00	1.430630676840e+00	1.252124904518e+02	6.548196e-03	-4.108554e-03	4.151407e-06	-8.450369e-06
6.00	8.430297e+01	5.532092e+00	1.235409e+01	9.267605e+01	-1.116703e+01	9.661851e-01	6.919311e+00	-4.746137e+00	1.868375e+02	6.206382e-01	2.390647e-01	1.005592e+01	5.641698e-03	1.178538893869e+02	7.733678341603e+00	1.255875677285e+02	5.715193e-02	2.830987e+00	1.430618912811e+00	1.252124322489e+02	-5.156435e-03	5.758957e-03	-2.169186e-07	9.390565e-06
8.00	8.430125e+01	5.531877e+00	1.235432e+01	9.267734e+01	-1.116734e+01	9.662021e-01	6.919309e+00	-4.746172e+00	1.868368e+02	6.206424e-01	2.390696e-01	1.005617e+01	5.641697e-03	1.178535064119e+02	7.733526834648e+00	1.255870332465e+02	5.715427e-02	2.830866e+00	1.430614453072e+00	1.252120681984e+02	3.361162e-03	-6.963427e-03	-3.162928e-06	-9.079248e-06
10.00	8.430014e+01	5.531724e+00	1.235446e+01	9.267793e+01	-1.116751e+01	9.662358e-01	6.919287e+00	-4.746202e+00	1.868361e+02	6.206450e-01	2.390726e-01	1.005630e+01	5.641688e-03	1.178531051369e+02	7.733407790515e+00	1.255865129274e+02	5.715569e-02	2.830750e+00	1.430615785977e+00	1.252126659645e+02	-1.308585e-03	7.635564e-03	6.062380e-06	7.860532e-06
12.00	8.429991e+01	5.531633e+00	1.235447e+01	9.267754e+01	-1.116750e+01	9.662720e-01	6.919192e+00	-4.746194e+00	1.868353e+02	6.206462e-01	2.390740e-01	1.005629e+01	5.641649e-03	1.178527034430e+02	7.733291234643e+00	1.255859946776e+02	5.715636e-02	2.830632e+00	1.430624407741e+00	1.252151355990e+02	-8.358949e-04	-7.705957e-03	-8.363489e-06	-5.907160e-06
14.00	8.430048e+01	5.531558e+00	1.235471e+01	9.267638e+01	-1.116769e+01	9.663088e-01	6.918977e+00	-4.746140e+00	1.868346e+02	6.206439e-01	2.390713e-01	1.005622e+01	5.641562e-03	1.178523536388e+02	7.733118804660e+00	1.255854724434e+02	5.715510e-02	2.830508e+00	1.430632388828e+00	1.252179590665e+02	2.917661e-03	7.165878e-03	9.946656e-06	3.410138e-06
16.00	8.430267e+01	5.531445e+00	1.235466e+01	9.267362e+01	-1.116761e+01	9.663938e-01	6.918570e+00	-4.746052e+00	1.868337e+02	6.206297e-01	2.390549e-01	1.005587e+01	5.641395e-03	1.178521306795e+02	7.732812147572e+00	1.255849428271e+02	5.714725e-02	2.830381e+00	1.430656562074e+00	1.252201338328e+02	-4.774428e-03	-6.066650e-03	-1.071942e-05	-5.898512e-07
18.00	8.430530e+01	5.531211e+00	1.235231e+01	9.267064e+01	-1.116495e+01	9.664905e-01	6.917993e+00	-4.745928e+00	1.868331e+02	6.207179e-01	2.391568e-01	1.005484e+01	5.641160e-03	1.178520765894e+02	7.732326516525e+00	1.255844031060e+02	5.719600e-02	2.830262e+00	1.430954890827e+00	1.252213794067e+02	6.259932e-03	4.497073e-03	1.063826e-05	-2.332333e-06
20.00	8.430396e+01	5.530688e+00	1.235042e+01	9.267238e+01	-1.116296e+01	9.664610e-01	6.917349e+00	-4.745788e+00	1.868325e+02	6.206802e-01	2.391132e-01	1.005408e+01	5.640897e-03	1.178522510491e+02	7.731600886120e+00	1.255838519352e+02	5.717514e-02	2.830102e+00	1.430632192677e+00	1.252217351606e+02	-7.256689e-03	-2.579874e-03	-9.723952e-06	5.137197e-06
22.00	8.430082e+01	5.529475e+00	1.235129e+01	9.267718e+01	-1.116407e+01	9.662139e-01	6.916326e+00	-4.745490e+00	1.868317e+02	6.204758e-01	2.388772e-01	1.005454e+01	5.640481e-03	1.178531082029e+02	7.730181658037e+00	1.255832898610e+02	5.706229e-02	2.829823e+00	1.430068387158e+00	1.252213708530e+02	7.685864e-03	4.638307e-04	8.073061e-06	-7.559370e-06
24.00	8.430115e+01	5.527578e+00	1.235391e+01	9.267932e+01	-1.116678e+01	9.657639e-01	6.914831e+00	-4.744872e+00	1.868309e+02	6.204879e-01	2.388910e-01	1.005632e+01	5.639871e-03	1.178546974203e+02	7.728019865913e+00	1.255827172862e+02	5.706893e-02	2.829385e+00	1.430198529429e+00	1.252205121625e+02	-7.514200e-03	1.688482e-03	-5.817545e-06	9.368924e-06
26.00	8.430329e+01	5.526487e+00	1.235824e+01	9.267793e+01	-1.117116e+01	9.656768e-01	6.914053e+00	-4.744651e+00	1.868299e+02	6.206402e-01	2.390670e-01	1.005914e+01	5.639553e-03	1.178553113810e+02	7.726822086605e+00	1.255821334676e+02	5.715303e-02	2.828848e+00	1.430501973265e+00	1.252192147879e+02	6.757166e-03	-3.708672e-03	3.064894e-06	-1.042392e-05
28.00	8.430295e+01	5.527343e+00	1.236318e+01	9.267560e+01	-1.117624e+01	9.662586e-01	6.914990e+00	-4.745379e+00	1.868287e+02	6.207779e-01	2.392262e-01	1.006212e+01	5.639935e-03	1.178535940338e+02	7.727944236256e+00	1.255815382700e+02	5.722919e-02	2.828346e+00	1.430709112384e+00	1.252174465843e+02	-5.472663e-03	5.436661e-03	-9.277689e-08	1.082933e-05
30.00	8.430006e+01	5.529351e+00	1.236702e+01	9.267391e+01	-1.118017e+01	9.670737e-01	6.916939e+00	-4.746570e+00	1.868276e+02	6.208338e-01	2.392909e-01	1.006428e+01	5.640730e-03	1.178504950893e+02	7.730437127134e+00	1.255809322164e+02	5.726011e-02	2.827998e+00	1.430749919632e+00	1.252158281712e+02	3.760571e-03	-6.738605e-03	-2.864844e-06	-1.035711e-05
32.00	8.429716e+01	5.530832e+00	1.236882e+01	9.267328e+01	-1.118190e+01	9.675525e-01	6.918333e+00	-4.747413e+00	1.868267e+02	6.208266e-01	2.392825e-01	1.006518e+01	5.641299e-03	1.178480646657e+02	7.732250894011e+00	1.255803155597e+02	5.725612e-02	2.827861e+00	1.430714874750e+00	1.252141302474e+02	-1.753059e-03	7.509299e-03	5.577703e-06	9.102666e-06
34.00	8.429627e+01	5.530834e+00	1.236858e+01	9.267335e+01	-1.118141e+01	9.675081e-01	6.918236e+00	-4.747542e+00	1.868258e+02	6.207912e-01	2.392416e-01	1.006485e+01	5.641259e-03	1.178474938130e+02	7.732198367816e+00	1.255796921808e+02	5.723654e-02	2.827943e+00	1.430675262280e+00	1.252119909354e+02	-3.944470e-04	-7.695188e-03	-7.862675e-06	-7.179948e-06
36.00	8.429753e+01	5.529664e+00	1.236677e+01	9.267343e+01	-1.117923e+01	9.671338e-01	6.916925e+00	-4.747153e+00	1.868251e+02	6.207491e-01	2.391929e-01	1.006355e+01	5.640725e-03	1.178484190041e+02	7.730648031144e+00	1.255790670352e+02	5.721327e-02	2.828225e+00	1.430652450633e+00	1.252101641860e+02	2.509943e-03	7.284391e-03	9.421725e-06	4.746501e-06
38.00	8.429968e+01	5.528360e+00	1.236396e+01	9.267279e+01	-1.117600e+01	9.667293e-01	6.915448e+00	-4.746679e+00	1.868243e+02	6.207093e-01	2.391469e-01	1.006158e+01	5.640123e-03	1.178495159591e+02	7.728911712495e+00	1.255784276716e+02	5.719125e-02	2.828664e+00	1.430644506244e+00	1.252091851863e+02	-4.427770e-03	-6.303627e-03	-1.019910e-05	-1.698547e-06
40.00	8.430121e+01	5.527924e+00	1.236071e+01	9.267107e+01	-1.117232e+01	9.664907e-01	6.914877e+00	-4.746478e+00	1.868235e+02	6.206747e-01	2.391070e-01	1.005925e+01	5.639890e-03	1.178494904791e+02	7.728287677550e+00	1.255777781567e+02	5.717214e-02	2.829205e+00	1.430643569275e+00	1.252088770049e+02	5.999234e-03	4.828165e-03	1.045220e-05	-1.371935e-06
42.00	8.430107e+01	5.528855e+00	1.235746e+01	9.266838e+01	-1.116867e+01	9.664639e-01	6.915803e+00	-4.746691e+00	1.868227e+02	6.206467e-01	2.390745e-01	1.005688e+01	5.640267e-03	1.178476844583e+02	7.729455536258e+00	1.255771399945e+02	5.715661e-02	2.829793e+00	1.430643904026e+00	1.252086529142e+02	-7.102779e-03	-2.972689e-03	-9.820324e-06	3.719336e-06
44.00	8.429892e+01	5.531060e+00	1.235454e+01	9.266520e+01	-1.116543e+01	9.665885e-01	6.918198e+00	-4.747258e+00	1.868218e+02	6.206255e-01	2.390500e-01	1.005471e+01	5.641244e-03	1.178441606769e+02	7.732334773549e+00	1.255764954504e+02	5.714491e-02	2.830365e+00	1.430641913816e+00	1.252079919432e+02	7.652543e-03	8.821046e-04	7.933014e-06	-5.994648e-06
46.00	8.429514e+01	5.534011e+00	1.235213e+01	9.266212e+01	-1.116281e+01	9.667615e-01	6.921532e+00	-4.747992e+00	1.868209e+02	6.206104e-01	2.390326e-01	1.005292e+01	5.642603e-03	1.178395560848e+02	7.736260803411e+00	1.255758168882e+02	5.713659e-02	2.830869e+00	1.430635535222e+00	1.252066614362e+02	-7.605578e-03	1.279926e-03	-5.175282e-06	8.387448e-06
48.00	8.429061e+01	5.536995e+00	1.235030e+01	9.265963e+01	-1.116089e+01	9.668877e-01	6.925027e+00	-4.748664e+00	1.868199e+02	6.206005e-01	2.390211e-01	1.005159e+01	5.644027e-03	1.178348122228e+02	7.740299967140e+00	1.255751121899e+02	5.713110e-02	2.831277e+00	1.430627137424e+00	1.252047050966e+02	6.965464e-03	-3.344444e-03	2.260201e-06	-1.054796e-05
50.00	8.428644e+01	5.539347e+00	1.234903e+01	9.265800e+01	-1.115965e+01	9.669051e-01	6.927906e+00	-4.749069e+00	1.868189e+02	6.205944e-01	2.390142e-01	1.005073e+01	5.645200e-03	1.178308634997e+02	7.743553335227e+00	1.255744168349e+02	5.712777e-02	2.831586e+00	1.430619214320e+00	1.252023527978e+02	-5.781803e-03	5.150576e-03	3.978805e-07	1.164703e-05
52.00	8.428364e+01	5.540608e+00	1.234823e+01	9.265719e+01	-1.115898e+01	9.667944e-01	6.929585e+00	-4.749075e+00	1.868180e+02	6.205920e-01	2.390114e-01	1.005026e+01	5.645884e-03	1.178283883743e+02	7.745372436367e+00	1.255737608107e+02	5.712644e-02	2.831801e+00	1.430617336444e+00	1.251998948737e+02	4.146680e-03	-6.557560e-03	-2.771424e-06	-1.148438e-05
54.00	8.428279e+01	5.540581e+00	1.234780e+01	9.265703e+01	-1.115877e+01	9.665717e-01	6.929768e+00	-4.748642e+00	1.868171e+02	6.205917e-01	2.390110e-01	1.005011e+01	5.645959e-03	1.178276930044e+02	7.745456029402e+00	1.255731490338e+02	5.712626e-02	2.831934e+00	1.430623133667e+00	1.251975980133e+02	-2.186980e-03	7.455480e-03	5.025733e-06	1.010995e-05
56.00	8.428402e+01	5.539319e+00	1.234763e+01	9.265729e+01	-1.115889e+01	9.662732e-01	6.928460e+00	-4.747809e+00	1.868163e+02	6.205928e-01	2.390122e-01	1.005019e+01	5.645426e-03	1.178287212538e+02	7.743842755563e+00	1.255725640094e+02	5.712685e-02	2.831996e+00	1.430634012892e+00	1.251956885482e+02	5.532501e-05	-7.775529e-03	-7.106392e-06	-7.835797e-06
58.00	8.428695e+01	5.537067e+00	1.234767e+01	9.265787e+01	-1.115927e+01	9.659447e-01	6.925915e+00	-4.746683e+00	1.868155e+02	6.205960e-01	2.390160e-01	1.005045e+01	5.644389e-03	1.178311325487e+02	7.740846815000e+00	1.255719793637e+02	5.712866e-02	2.831995e+00	1.430649315991e+00	1.251943192137e+02	2.081296e-03	7.493141e-03	8.796510e-06	5.091870e-06
60.00	8.429082e+01	5.534192e+00	1.234790e+01	9.265876e+01	-1.115986e+01	9.656360e-01	6.922564e+00	-4.745420e+00	1.868146e+02	6.205987e-01	2.390191e-01	1.005086e+01	5.643024e-03	1.178344078682e+02	7.736964552341e+00	1.255713724206e+02	5.713014e-02	2.831938e+00	1.430661493631e+00	1.251935129183e+02	-4.055981e-03	-6.629648e-03	-9.849533e-06	-2.124687e-06
62.00	8.429474e+01	5.531096e+00	1.234830e+01	9.266006e+01	-1.116065e+01	9.653966e-01	6.918905e+00	-4.744189e+00	1.868137e+02	6.206011e-01	2.390219e-01	1.005140e+01	5.641532e-03	1.178379751249e+02	7.732755657513e+00	1.255707307824e+02	5.713147e-02	2.831831e+00	1.430666559795e+00	1.251931688300e+02	5.714964e-03	5.252074e-03	1.009496e-05	-9.352363e-07
64.00	8.429794e+01	5.528130e+00	1.234882e+01	9.266183e+01	-1.116156e+01	9.652535e-01	6.915386e+00	-4.743132e+00	1.868127e+02	6.206049e-01	2.390263e-01	1.005204e+01	5.640097e-03	1.178413368481e+02	7.728716309156e+00	1.255700531573e+02	5.713356e-02	2.831680e+00	1.430663660589e+00	1.251931347561e+02	-6.929153e-03	-3.467900e-03	-9.458590e-06	3.897483e-06
66.00	8.429990e+01	5.525543e+00	1.234950e+01	9.266409e+01	-1.116261e+01	9.651945e-01	6.912343e+00	-4.742322e+00	1.868116e+02	6.206107e-01	2.390330e-01	1.005281e+01	5.638856e-03	1.178441399154e+02	7.725206804209e+00	1.255693467196e+02	5.713677e-02	2.831488e+00	1.430654486208e+00	1.251932750103e+02	7.604000e-03	1.416005e-03	7.982148e-06	-6.560456e-06
68.00	8.430044e+01	5.523503e+00	1.235041e+01	9.266666e+01	-1.116385e+01	9.651827e-01	6.909998e+00	-4.741775e+00	1.868106e+02	6.206172e-01	2.390405e-01	1.005370e+01	5.637900e-03	1.178461528420e+02	7.722470456019e+00	1.255686232980e+02	5.714035e-02	2.831258e+00	1.430637279839e+00	1.251935116740e+02	-7.687160e-03	7.436708e-04	-5.795369e-06	8.702254e-06
70.00	8.429974e+01	5.522178e+00	1.235157e+01	9.266904e+01	-1.116526e+01	9.651978e-01	6.908523e+00	-4.741501e+00	1.868095e+02	6.206256e-01	2.390502e-01	1.005467e+01	5.637298e-03	1.178471760631e+02	7.720719759746e+00	1.255678958229e+02	5.714499e-02	2.830998e+00	1.430621089659e+00	1.251938220591e+02	7.172181e-03	-2.842225e-03	3.060465e-06	-1.019681e-05
72.00	8.429812e+01	5.521761e+00	1.235283e+01	9.267054e+01	-1.116665e+01	9.652646e-01	6.908066e+00	-4.741531e+00	1.868084e+02	6.206374e-01	2.390639e-01	1.005559e+01	5.637111e-03	1.178470022106e+02	7.720173414196e+00	1.255671756248e+02	5.715152e-02	2.830726e+00	1.430614728178e+00	1.251941965591e+02	-6.098893e-03	4.715986e-03	4.612505e-09	1.095423e-05
74.00	8.429596e+01	5.522380e+00	1.235394e+01	9.267059e+01	-1.116773e+01	9.654305e-01	6.908685e+00	-4.741901e+00	1.868074e+02	6.206511e-01	2.390797e-01	1.005627e+01	5.637364e-03	1.178455194736e+02	7.720951606558e+00	1.255664710801e+02	5.715909e-02	2.830464e+00	1.430620043326e+00	1.251946237544e+02	4.550843e-03	-6.219332e-03	-3.157038e-06	-1.091782e-05
76.00	8.429367e+01	5.523932e+00	1.235467e+01	9.266897e+01	-1.116825e+01	9.657079e-01	6.910222e+00	-4.742581e+00	1.868063e+02	6.206625e-01	2.390929e-01	1.005656e+01	5.637991e-03	1.178428914508e+02	7.722895754060e+00	1.255657872049e+02	5.716539e-02	2.830235e+00	1.430633445539e+00	1.251950865679e+02	-2.649019e-03	7.235109e-03	6.149733e-06	1.006870e-05
78.00	8.429169e+01	5.526032e+00	1.235494e+01	9.266600e+01	-1.116815e+01	9.660434e-01	6.912272e+00	-4.743442e+00	1.868054e+02	6.206680e-01	2.390991e-01	1.005642e+01	5.638827e-03	1.178396162784e+02	7.725509456689e+00	1.255651257351e+02	5.716840e-02	2.830052e+00	1.430649631790e+00	1.251955549184e+02	5.414635e-04	-7.683705e-03	-8.747685e-06	-8.452112e-06
80.00	8.429034e+01	5.528141e+00	1.235483e+01	9.266236e+01	-1.116756e+01	9.663457e-01	6.914314e+00	-4.744305e+00	1.868045e+02	6.206658e-01	2.390966e-01	1.005595e+01	5.639660e-03	1.178363621686e+02	7.728123914061e+00	1.255644860826e+02	5.716718e-02	2.829918e+00	1.430663086867e+00	1.251959865599e+02	1.608025e-03	7.530896e-03	1.077611e-05	6.202689e-06
82.00	8.428967e+01	5.529798e+00	1.235454e+01	9.265888e+01	-1.116673e+01	9.665444e-01	6.915926e+00	-4.745024e+00	1.868036e+02	6.206570e-01	2.390865e-01	1.005535e+01	5.640317e-03	1.178336819740e+02	7.730183972989e+00	1.255638659470e+02	5.716235e-02	2.829826e+00	1.430669760028e+00	1.251963318957e+02	-3.631629e-03	-6.789596e-03	-1.208339e-05	-3.507007e-06
84.00	8.428943e+01	5.530805e+00	1.235426e+01	9.265620e+01	-1.116595e+01	9.666281e-01	6.916949e+00	-4.745547e+00	1.868028e+02	6.206452e-01	2.390728e-01	1.005480e+01	5.640735e-03	1.178318023511e+02	7.731459086584e+00	1.255632614377e+02	5.715580e-02	2.829767e+00	1.430668080414e+00	1.251965310494e+02	5.371021e-03	5.517885e-03	1.259795e-05	5.752477e-07
86.00	8.428916e+01	5.531238e+00	1.235416e+01	9.265461e+01	-1.116542e+01	9.666394e-01	6.917488e+00	-4.745918e+00	1.868020e+02	6.206348e-01	2.390608e-01	1.005444e+01	5.640954e-03	1.178306043406e+02	7.732063434616e+00	1.255626677752e+02	5.715005e-02	2.829729e+00	1.430659639240e+00	1.251965197907e+02	-6.690128e-03	-3.814763e-03	-1.221732e-05	2.239051e-06
88.00	8.428845e+01	5.531345e+00	1.235432e+01	9.265408e+01	-1.116528e+01	9.666403e-01	6.917796e+00	-4.746224e+00	1.868011e+02	6.206296e-01	2.390548e-01	1.005434e+01	5.641080e-03	1.178297701958e+02	7.732309927612e+00	1.255620801234e+02	5.714721e-02	2.829703e+00	1.430647804748e+00	1.251962443015e+02	7.486010e-03	1.812738e-03	1.091853e-05	-4.941713e-06
90.00	8.428711e+01	5.531383e+00	1.235475e+01	9.265431e+01	-1.116553e+01	9.666740e-01	6.918107e+00	-4.746533e+00	1.868003e+02	6.206315e-01	2.390569e-01	1.005451e+01	5.641207e-03	1.178289837467e+02	7.732510169393e+00	1.255614939161e+02	5.714822e-02	2.829682e+00	1.430636437116e+00	1.251956746829e+02	-7.696732e-03	3.321464e-04	-8.993176e-06	7.356041e-06
92.00	8.428529e+01	5.531504e+00	1.235539e+01	9.265488e+01	-1.116607e+01	9.667460e-01	6.918532e+00	-4.746859e+00	1.867994e+02	6.206394e-01	2.390662e-01	1.005487e+01	5.641380e-03	1.178280726851e+02	7.732832625420e+00	1.255609053106e+02	5.715263e-02	2.829661e+00	1.430628990728e+00	1.251948113641e+02	7.306020e-03	-2.452467e-03	6.575562e-06	-9.048358e-06
94.00	8.428337e+01	5.531731e+00	1.235611e+01	9.265536e+01	-1.116674e+01	9.668278e-01	6.919036e+00	-4.747158e+00	1.867985e+02	6.206508e-01	2.390793e-01	1.005529e+01	5.641585e-03	1.178270392009e+02	7.733272582393e+00	1.255603117833e+02	5.715890e-02	2.829641e+00	1.430627530437e+00	1.251936857735e+02	-6.344371e-03	4.382619e-03	-3.770206e-06	9.908912e-06
96.00	8.428183e+01	5.531999e+00	1.235674e+01	9.265541e+01	-1.116735e+01	9.668777e-01	6.919499e+00	-4.747364e+00	1.867977e+02	6.206619e-01	2.390921e-01	1.005566e+01	5.641774e-03	1.178259934836e+02	7.733718594711e+00	1.255597120784e+02	5.716502e-02	2.829629e+00	1.430632273456e+00	1.251923578467e+02	4.886714e-03	-5.971803e-03	7.527565e-07	-9.899019e-06
98.00	8.428101e+01	5.532235e+00	1.235714e+01	9.265483e+01	-1.116770e+01	9.668636e-01	6.919810e+00	-4.747424e+00	1.867968e+02	6.206695e-01	2.391009e-01	1.005585e+01	5.641901e-03	1.178250480967e+02	7.734057329505e+00	1.255591054262e+02	5.716925e-02	2.829632e+00	1.430642076834e+00	1.251909106828e+02	-3.046649e-03	7.095842e-03	2.232039e-06	9.110695e-06
100.00	8.428099e+01	5.532416e+00	1.235720e+01	9.265358e+01	-1.116768e+01	9.667775e-01	6.919937e+00	-4.747327e+00	1.867959e+02	6.206719e-01	2.391036e-01	1.005579e+01	5.641953e-03	1.178242357721e+02	7.734254937185e+00	1.255584907092e+02	5.717054e-02	2.829658e+00	1.430654558702e+00	1.251894367613e+02	9.675466e-04	-7.666889e-03	-4.916721e-06	-7.624891e-06
102.00	8.428154e+01	5.532583e+00	1.235688e+01	9.265179e+01	-1.116726e+01	9.666370e-01	6.919949e+00	-4.747112e+00	1.867950e+02	6.206685e-01	2.390998e-01	1.005546e+01	5.641958e-03	1.178234875757e+02	7.734378635993e+00	1.255578662117e+02	5.716871e-02	2.829715e+00	1.430666397904e+00	1.251880183039e+02	1.188599e-03	7.640332e-03	7.054899e-06	5.546107e-06
104.00	8.428223e+01	5.532814e+00	1.235621e+01	9.264975e+01	-1.116649e+01	9.664760e-01	6.919981e+00	-4.746849e+00	1.867941e+02	6.206605e-01	2.390905e-01	1.005491e+01	5.641971e-03	1.178226718612e+02	7.734558211041e+00	1.255572300722e+02	5.716428e-02	2.829805e+00	1.430674237051e+00	1.251867130882e+02	-3.253715e-03	-7.018258e-03	-8.482476e-06	-2.996834e-06
106.00	8.428254e+01	5.533177e+00	1.235529e+01	9.264783e+01	-1.116548e+01	9.663301e-01	6.920166e+00	-4.746615e+00	1.867932e+02	6.206498e-01	2.390781e-01	1.005422e+01	5.642046e-03	1.178216660723e+02	7.734915073445e+00	1.255565811457e+02	5.715833e-02	2.829926e+00	1.430675789013e+00	1.251855466610e+02	5.066785e-03	5.849172e-03	9.104388e-06	1.464164e-07
108.00	8.428212e+01	5.533684e+00	1.235423e+01	9.264634e+01	-1.116438e+01	9.662248e-01	6.920572e+00	-4.746462e+00	1.867923e+02	6.206382e-01	2.390647e-01	1.005348e+01	5.642212e-03	1.178204235188e+02	7.735496327431e+00	1.255559198462e+02	5.715193e-02	2.830073e+00	1.430670151496e+00	1.251845127280e+02	-6.486448e-03	-4.224203e-03	-8.896999e-06	2.769104e-06
110.00	8.428085e+01	5.534274e+00	1.235316e+01	9.264550e+01	-1.116332e+01	9.661694e-01	6.921168e+00	-4.746407e+00	1.867914e+02	6.206274e-01	2.390523e-01	1.005279e+01	5.642454e-03	1.178190070269e+02	7.736241563146e+00	1.255552485900e+02	5.714599e-02	2.830235e+00	1.430658279654e+00	1.251835826222e+02	7.402024e-03	2.269960e-03	7.896602e-06	-5.505049e-06
112.00	8.427896e+01	5.534823e+00	1.235218e+01	9.264534e+01	-1.116241e+01	9.661569e-01	6.921822e+00	-4.746423e+00	1.867904e+02	6.206190e-01	2.390425e-01	1.005221e+01	5.642721e-03	1.178175810735e+02	7.736990539391e+00	1.255545716128e+02	5.714132e-02	2.830402e+00	1.430643848332e+00	1.251827208841e+02	-7.742145e-03	-1.387077e-04	-6.186015e-06	7.828250e-06
114.00	8.427690e+01	5.535177e+00	1.235134e+01	9.264569e+01	-1.116168e+01	9.661682e-01	6.922339e+00	-4.746451e+00	1.867895e+02	6.206136e-01	2.390363e-01	1.005175e+01	5.642932e-03	1.178163663692e+02	7.737527817171e+00	1.255538941864e+02	5.713836e-02	2.830561e+00	1.430631525875e+00	1.251819000738e+02	7.480296e-03	-2.003464e-03	3.897714e-06	-9.531138e-06
116.00	8.427523e+01	5.535201e+00	1.235069e+01	9.264628e+01	-1.116114e+01	9.661803e-01	6.922524e+00	-4.746424e+00	1.867885e+02	6.206111e-01	2.390334e-01	1.005142e+01	5.643007e-03	1.178155742520e+02	7.737647225294e+00	1.255532214773e+02	5.713697e-02	2.830702e+00	1.430624917561e+00	1.251811091861e+02	-6.636846e-03	3.989593e-03	-1.206076e-06	1.047422e-05
118.00	8.427443e+01	5.534812e+00	1.235020e+01	9.264680e+01	-1.116077e+01	9.661745e-01	6.922234e+00	-4.746287e+00	1.867876e+02	6.206104e-01	2.390327e-01	1.005118e+01	5.642889e-03	1.178153440557e+02	7.737213359938e+00	1.255525574156e+02	5.713661e-02	2.830817e+00	1.430625869727e+00	1.251803530364e+02	5.277484e-03	-5.664883e-03	-1.679390e-06	-1.058843e-05
120.00	8.427474e+01	5.534008e+00	1.234986e+01	9.264702e+01	-1.116053e+01	9.661435e-01	6.921427e+00	-4.746014e+00	1.867867e+02	6.206107e-01	2.390329e-01	1.005102e+01	5.642560e-03	1.178157031871e+02	7.736200739574e+00	1.255519039267e+02	5.713673e-02	2.830901e+00	1.430634146390e+00	1.251796445358e+02	-3.508105e-03	6.898751e-03	4.530980e-06	9.862446e-06
122.00	8.427611e+01	5.532864e+00	1.234964e+01	9.264687e+01	-1.116039e+01	9.660916e-01	6.920169e+00	-4.745618e+00	1.867857e+02	6.206111e-01	2.390334e-01	1.005092e+01	5.642047e-03	1.178165630938e+02	7.734697632256e+00	1.255512607260e+02	5.713699e-02	2.830951e+00	1.430647569236e+00	1.251789954986e+02	1.466581e-03	-7.595079e-03	-7.118760e-06	-8.346263e-06
124.00	8.427819e+01	5.531505e+00	1.234953e+01	9.264644e+01	-1.116035e+01	9.660308e-01	6.918608e+00	-4.745141e+00	1.867848e+02	6.206116e-01	2.390340e-01	1.005087e+01	5.641411e-03	1.178177497764e+02	7.732875891009e+00	1.255506256674e+02	5.713727e-02	2.830968e+00	1.430662372759e+00	1.251784103970e+02	6.879076e-04	7.699678e-03	9.236006e-06	6.159431e-06
126.00	8.428046e+01	5.530075e+00	1.234954e+01	9.264600e+01	-1.116043e+01	9.659730e-01	6.916938e+00	-4.744638e+00	1.867839e+02	6.206122e-01	2.390347e-01	1.005091e+01	5.640730e-03	1.178190520989e+02	7.730943375357e+00	1.255499954742e+02	5.713760e-02	2.830952e+00	1.430674249385e+00	1.251778847150e+02	-2.787405e-03	-7.204419e-03	-1.070469e-05	-3.472527e-06
128.00	8.428235e+01	5.528709e+00	1.234968e+01	9.264583e+01	-1.116068e+01	9.659258e-01	6.915349e+00	-4.744163e+00	1.867830e+02	6.206133e-01	2.390359e-01	1.005106e+01	5.640082e-03	1.178202664579e+02	7.729100160882e+00	1.255493666188e+02	5.713818e-02	2.830906e+00	1.430679772747e+00	1.251774059278e+02	4.668307e-03	6.147995e-03	1.139778e-05	4.748448e-07
130.00	8.428344e+01	5.527516e+00	1.234997e+01	9.264615e+01	-1.116111e+01	9.658920e-01	6.913998e+00	-4.743759e+00	1.867821e+02	6.206152e-01	2.390381e-01	1.005135e+01	5.639531e-03	1.178212249312e+02	7.727511144466e+00	1.255487360756e+02	5.713923e-02	2.830833e+00	1.430677561132e+00	1.251769560105e+02	-6.184072e-03	-4.612859e-03	-1.126394e-05	2.610612e-06
132.00	8.428352e+01	5.526580e+00	1.235041e+01	9.264697e+01	-1.116172e+01	9.658723e-01	6.912991e+00	-4.743452e+00	1.867812e+02	6.206184e-01	2.390418e-01	1.005177e+01	5.639120e-03	1.178218076227e+02	7.726294144734e+00	1.255481017674e+02	5.714099e-02	2.830740e+00	1.430668789421e+00	1.251765154947e+02	7.216598e-03	2.718786e-03	1.030435e-05	-5.524804e-06
134.00	8.428268e+01	5.525960e+00	1.235094e+01	9.264812e+01	-1.116244e+01	9.658678e-01	6.912372e+00	-4.743254e+00	1.867802e+02	6.206229e-01	2.390471e-01	1.005228e+01	5.638868e-03	1.178219478585e+02	7.725514861674e+00	1.255474627201e+02	5.714351e-02	2.830633e+00	1.430656793193e+00	1.251760685288e+02	-7.685424e-03	-6.134635e-04	-8.567167e-06	8.054025e-06
136.00	8.428121e+01	5.525678e+00	1.235150e+01	9.264924e+01	-1.116317e+01	9.658796e-01	6.912130e+00	-4.743161e+00	1.867793e+02	6.206286e-01	2.390537e-01	1.005278e+01	5.638769e-03	1.178216367027e+02	7.725182318708e+00	1.255468190215e+02	5.714666e-02	2.830521e+00	1.430645946088e+00	1.251756068223e+02	7.554034e-03	-1.538992e-03	6.183198e-06	-1.002999e-05
138.00	8.427957e+01	5.525716e+00	1.235199e+01	9.264993e+01	-1.116378e+01	9.659062e-01	6.912196e+00	-4.743154e+00	1.867784e+02	6.206347e-01	2.390607e-01	1.005320e+01	5.638796e-03	1.178209255085e+02	7.725246137849e+00	1.255461716463e+02	5.715002e-02	2.830415e+00	1.430640071374e+00	1.251751306767e+02	-6.832726e-03	3.570794e-03	-3.345719e-06	1.130214e-05
140.00	8.427818e+01	5.526011e+00	1.235232e+01	9.264987e+01	-1.116416e+01	9.659418e-01	6.912466e+00	-4.743204e+00	1.867774e+02	6.206400e-01	2.390669e-01	1.005344e+01	5.638906e-03	1.178199194463e+02	7.725602741233e+00	1.255455221876e+02	5.715297e-02	2.830323e+00	1.430641191003e+00	1.251746465706e+02	5.577820e-03	-5.323526e-03	2.801476e-07	-1.176503e-05
142.00	8.427734e+01	5.526462e+00	1.235244e+01	9.264896e+01	-1.116424e+01	9.659765e-01	6.912820e+00	-4.743279e+00	1.867765e+02	6.206434e-01	2.390708e-01	1.005347e+01	5.639051e-03	1.178187560884e+02	7.726116422072e+00	1.255448725105e+02	5.715484e-02	2.830255e+00	1.430648841411e+00	1.251741623548e+02	-3.887259e-03	6.660487e-03	2.782737e-06	1.137164e-05
144.00	8.427713e+01	5.526960e+00	1.235235e+01	9.264733e+01	-1.116402e+01	9.659997e-01	6.913159e+00	-4.743352e+00	1.867756e+02	6.206440e-01	2.390714e-01	1.005327e+01	5.639189e-03	1.178175706185e+02	7.726653761795e+00	1.255442243803e+02	5.715513e-02	2.830215e+00	1.430660222602e+00	1.251736823627e+02	1.892957e-03	-7.477396e-03	-5.619260e-06	-1.015595e-05
146.00	8.427740e+01	5.527411e+00	1.235207e+01	9.264529e+01	-1.116355e+01	9.660046e-01	6.913431e+00	-4.743414e+00	1.867746e+02	6.206413e-01	2.390684e-01	1.005291e+01	5.639300e-03	1.178164579897e+02	7.727121160836e+00	1.255435791505e+02	5.715369e-02	2.830205e+00	1.430671272435e+00	1.251732044084e+02	2.494753e-04	7.710540e-03	8.019904e-06	8.220881e-06
148.00	8.427780e+01	5.527769e+00	1.235167e+01	9.264326e+01	-1.116292e+01	9.659919e-01	6.913646e+00	-4.743474e+00	1.867737e+02	6.206361e-01	2.390623e-01	1.005245e+01	5.639387e-03	1.178154462805e+02	7.727491317384e+00	1.255429375979e+02	5.715077e-02	2.830224e+00	1.430678058097e+00	1.251727191103e+02	-2.372893e-03	-7.341718e-03	-9.801679e-06	-5.725435e-06
150.00	8.427793e+01	5.528044e+00	1.235123e+01	9.264161e+01	-1.116225e+01	9.659700e-01	6.913868e+00	-4.743558e+00	1.867728e+02	6.206293e-01	2.390544e-01	1.005198e+01	5.639478e-03	1.178144923047e+02	7.727807623372e+00	1.255422999281e+02	5.714700e-02	2.830266e+00	1.430678067725e+00	1.251722112577e+02	4.311671e-03	6.399680e-03	1.082615e-05	2.862900e-06
152.00	8.427746e+01	5.528294e+00	1.235084e+01	9.264057e+01	-1.116165e+01	9.659519e-01	6.914194e+00	-4.743698e+00	1.867720e+02	6.206224e-01	2.390464e-01	1.005157e+01	5.639611e-03	1.178135019363e+02	7.728163963650e+00	1.255416659000e+02	5.714320e-02	2.830322e+00	1.430670999376e+00	1.251716627497e+02	-5.914605e-03	-4.957865e-03	-1.101404e-05	1.482561e-07
154.00	8.427625e+01	5.528601e+00	1.235054e+01	9.264012e+01	-1.116118e+01	9.659504e-01	6.914711e+00	-4.743920e+00	1.867711e+02	6.206168e-01	2.390400e-01	1.005127e+01	5.639822e-03	1.178123673403e+02	7.728667639572e+00	1.255410349799e+02	5.714012e-02	2.830384e+00	1.430658946392e+00	1.251710563758e+02	7.056683e-03	3.128674e-03	1.035460e-05	-3.079169e-06
156.00	8.427438e+01	5.529042e+00	1.235037e+01	9.264003e+01	-1.116086e+01	9.659733e-01	6.915468e+00	-4.744229e+00	1.867702e+02	6.206134e-01	2.390361e-01	1.005107e+01	5.640131e-03	1.178110072182e+02	7.729399235978e+00	1.255404064542e+02	5.713826e-02	2.830440e+00	1.430645568413e+00	1.251703797218e+02	-7.648807e-03	-1.054692e-03	-8.904798e-06	5.706306e-06
158.00	8.427213e+01	5.529661e+00	1.235034e+01	9.263997e+01	-1.116067e+01	9.660209e-01	6.916453e+00	-4.744613e+00	1.867693e+02	6.206124e-01	2.390349e-01	1.005095e+01	5.640532e-03	1.178093966621e+02	7.730382818315e+00	1.255397794804e+02	5.713771e-02	2.830482e+00	1.430634946974e+00	1.251696287110e+02	7.644739e-03	-1.102420e-03	6.783897e-06	-7.827460e-06
160.00	8.426991e+01	5.530454e+00	1.235040e+01	9.263955e+01	-1.116057e+01	9.660869e-01	6.917595e+00	-4.745037e+00	1.867684e+02	6.206134e-01	2.390361e-01	1.005088e+01	5.640998e-03	1.178075782087e+02	7.731574887429e+00	1.255391530961e+02	5.713824e-02	2.830504e+00	1.430630447239e+00	1.251688101787e+02	-7.044706e-03	3.174513e-03	-4.164142e-06	9.279753e-06
162.00	8.426809e+01	5.531368e+00	1.235054e+01	9.263852e+01	-1.116050e+01	9.661602e-01	6.918776e+00	-4.745459e+00	1.867675e+02	6.206156e-01	2.390386e-01	1.005081e+01	5.641480e-03	1.178056522664e+02	7.732873955070e+00	1.255385262215e+02	5.713944e-02	2.830503e+00	1.430633656469e+00	1.251679426098e+02	5.895402e-03	-5.000047e-03	1.254607e-06	-9.951849e-06
164.00	8.426692e+01	5.532313e+00	1.235071e+01	9.263682e+01	-1.116043e+01	9.662297e-01	6.919870e+00	-4.745836e+00	1.867666e+02	6.206181e-01	2.390415e-01	1.005071e+01	5.641925e-03	1.178037519303e+02	7.734145757217e+00	1.255378976876e+02	5.714082e-02	2.830479e+00	1.430643854863e+00	1.251670545050e+02	-4.286372e-03	6.436705e-03	1.714828e-06	9.793453e-06
166.00	8.426644e+01	5.533185e+00	1.235090e+01	9.263462e+01	-1.116036e+01	9.662874e-01	6.920763e+00	-4.746139e+00	1.867657e+02	6.206202e-01	2.390439e-01	1.005059e+01	5.642290e-03	1.178020118075e+02	7.735254498794e+00	1.255372663063e+02	5.714199e-02	2.830435e+00	1.430658211932e+00	1.251661802885e+02	2.343027e-03	-7.372471e-03	-4.511305e-06	-8.820999e-06
168.00	8.426647e+01	5.533887e+00	1.235110e+01	9.263227e+01	-1.116031e+01	9.663305e-01	6.921381e+00	-4.746353e+00	1.867648e+02	6.206216e-01	2.390455e-01	1.005048e+01	5.642541e-03	1.178005407146e+02	7.736090272345e+00	1.255366309870e+02	5.714277e-02	2.830377e+00	1.430672722566e+00	1.251653545074e+02	-2.168506e-04	7.734394e-03	6.916129e-06	7.114685e-06
170.00	8.426672e+01	5.534345e+00	1.235131e+01	9.263021e+01	-1.116031e+01	9.663608e-01	6.921695e+00	-4.746482e+00	1.867638e+02	6.206224e-01	2.390465e-01	1.005042e+01	5.642669e-03	1.177994050360e+02	7.736585857250e+00	1.255359908933e+02	5.714323e-02	2.830313e+00	1.430683469744e+00	1.251646059025e+02	-1.926425e-03	-7.494285e-03	-8.741283e-06	-4.812011e-06
172.00	8.426685e+01	5.534522e+00	1.235156e+01	9.262883e+01	-1.116041e+01	9.663829e-01	6.921715e+00	-4.746537e+00	1.867629e+02	6.206231e-01	2.390473e-01	1.005043e+01	5.642678e-03	1.177986249650e+02	7.736720651216e+00	1.255353456163e+02	5.714359e-02	2.830247e+00	1.430687817393e+00	1.251639527251e+02	3.919741e-03	6.670894e-03	9.844231e-06	2.097081e-06
174.00	8.426664e+01	5.534414e+00	1.235182e+01	9.262837e+01	-1.116062e+01	9.664007e-01	6.921480e+00	-4.746533e+00	1.867620e+02	6.206241e-01	2.390484e-01	1.005055e+01	5.642582e-03	1.177981813421e+02	7.736513981792e+00	1.255346953239e+02	5.714415e-02	2.830186e+00	1.430685150253e+00	1.251634003181e+02	-5.607741e-03	-5.328423e-03	-1.013808e-05	8.100889e-07
176.00	8.426603e+01	5.534052e+00	1.235210e+01	9.262880e+01	-1.116093e+01	9.664154e-01	6.921037e+00	-4.746477e+00	1.867610e+02	6.206258e-01	2.390503e-01	1.005076e+01	5.642401e-03	1.177980278321e+02	7.736013010600e+00	1.255340408427e+02	5.714507e-02	2.830132e+00	1.430676996706e+00	1.251629411764e+02	6.858873e-03	3.571513e-03	9.596555e-06	-3.677502e-06
178.00	8.426513e+01	5.533487e+00	1.235236e+01	9.262990e+01	-1.116129e+01	9.664248e-01	6.920432e+00	-4.746369e+00	1.867601e+02	6.206281e-01	2.390530e-01	1.005102e+01	5.642155e-03	1.177981029515e+02	7.735280672635e+00	1.255333836241e+02	5.714635e-02	2.830087e+00	1.430666484323e+00	1.251625570918e+02	-7.575632e-03	-1.537091e-03	-8.262701e-06	6.278960e-06
180.00	8.426422e+01	5.532787e+00	1.235255e+01	9.263127e+01	-1.116163e+01	9.664239e-01	6.919709e+00	-4.746205e+00	1.867591e+02	6.206307e-01	2.390561e-01	1.005128e+01	5.641860e-03	1.177983388179e+02	7.734386766262e+00	1.255327255842e+02	5.714781e-02	2.830052e+00	1.430657285204e+00	1.251622227089e+02	7.702149e-03	-6.162867e-04	6.242477e-06	-8.403009e-06
182.00	8.426360e+01	5.532022e+00	1.235263e+01	9.263248e+01	-1.116187e+01	9.664077e-01	6.918903e+00	-4.745977e+00	1.867582e+02	6.206330e-01	2.390588e-01	1.005148e+01	5.641531e-03	1.177986666615e+02	7.733402182529e+00	1.255320688440e+02	5.714910e-02	2.830026e+00	1.430652467958e+00	1.251619096501e+02	-7.228548e-03	2.720784e-03	-3.693898e-06	9.878077e-06
184.00	8.426349e+01	5.531258e+00	1.235256e+01	9.263315e+01	-1.116196e+01	9.663729e-01	6.918055e+00	-4.745685e+00	1.867572e+02	6.206344e-01	2.390603e-01	1.005155e+01	5.641186e-03	1.177990210368e+02	7.732394386192e+00	1.255314154230e+02	5.714984e-02	2.830008e+00	1.430653479511e+00	1.251615902814e+02	6.191736e-03	-4.612368e-03	8.161508e-07	-1.058473e-05
186.00	8.426398e+01	5.530546e+00	1.235234e+01	9.263313e+01	-1.116185e+01	9.663198e-01	6.917207e+00	-4.745337e+00	1.867563e+02	6.206342e-01	2.390602e-01	1.005149e+01	5.640840e-03	1.177993444600e+02	7.731422487605e+00	1.255307669476e+02	5.714976e-02	2.830000e+00	1.430659767665e+00	1.251612403914e+02	-4.672537e-03	6.143603e-03	2.165263e-06	1.046562e-05
188.00	8.426494e+01	5.529917e+00	1.235198e+01	9.263246e+01	-1.116158e+01	9.662516e-01	6.916400e+00	-4.744952e+00	1.867554e+02	6.206324e-01	2.390580e-01	1.005131e+01	5.640511e-03	1.177995925378e+02	7.730531895287e+00	1.255301244330e+02	5.714875e-02	2.830001e+00	1.430668982683e+00	1.251608404862e+02	2.789403e-03	-7.195157e-03	-5.015511e-06	-9.526284e-06
190.00	8.426609e+01	5.529377e+00	1.235153e+01	9.263142e+01	-1.116120e+01	9.661739e-01	6.915676e+00	-4.744556e+00	1.867545e+02	6.206291e-01	2.390543e-01	1.005104e+01	5.640215e-03	1.177997380439e+02	7.729750127636e+00	1.255294881715e+02	5.714694e-02	2.830012e+00	1.430677802555e+00	1.251603758724e+02	-6.891690e-04	7.685112e-03	7.510224e-06	7.835424e-06
192.00	8.426710e+01	5.528917e+00	1.235104e+01	9.263036e+01	-1.116078e+01	9.660933e-01	6.915063e+00	-4.744176e+00	1.867536e+02	6.206250e-01	2.390495e-01	1.005075e+01	5.639965e-03	1.177997720274e+02	7.729085711139e+00	1.255288577386e+02	5.714466e-02	2.830035e+00	1.430683044753e+00	1.251598361573e+02	-1.464410e-03	-7.575356e-03	-9.453216e-06	-5.519749e-06
194.00	8.426766e+01	5.528516e+00	1.235058e+01	9.262964e+01	-1.116040e+01	9.660158e-01	6.914573e+00	-4.743835e+00	1.867527e+02	6.206208e-01	2.390446e-01	1.005050e+01	5.639765e-03	1.177997010253e+02	7.728531083303e+00	1.255282321086e+02	5.714232e-02	2.830070e+00	1.430682734034e+00	1.251592147939e+02	3.503439e-03	6.874537e-03	1.069124e-05	2.755972e-06
196.00	8.426759e+01	5.528152e+00	1.235018e+01	9.262947e+01	-1.116012e+01	9.659460e-01	6.914201e+00	-4.743550e+00	1.867519e+02	6.206172e-01	2.390405e-01	1.005033e+01	5.639614e-03	1.177995410517e+02	7.728068800920e+00	1.255276098526e+02	5.714034e-02	2.830116e+00	1.430676777866e+00	1.251585090078e+02	-5.268969e-03	-5.637375e-03	-1.112502e-05	2.433607e-07
198.00	8.426690e+01	5.527813e+00	1.234986e+01	9.262986e+01	-1.115994e+01	9.658869e-01	6.913927e+00	-4.743324e+00	1.867510e+02	6.206148e-01	2.390377e-01	1.005023e+01	5.639502e-03	1.177993102254e+02	7.727679146550e+00	1.255269893719e+02	5.713901e-02	2.830173e+00	1.430667017148e+00	1.251577200532e+02	6.623380e-03	3.960379e-03	1.071688e-05	-3.245959e-06
200.00	8.426579e+01	5.527503e+00	1.234962e+01	9.263062e+01	-1.115985e+01	9.658396e-01	6.913720e+00	-4.743153e+00	1.867501e+02	6.206137e-01	2.390365e-01	1.005020e+01	5.639418e-03	1.177990222197e+02	7.727346898083e+00	1.255263691178e+02	5.713843e-02	2.830240e+00	1.430656603267e+00	1.251568535107e+02	-7.461096e-03	-1.974337e-03	-9.494499e-06	6.019189e-06
202.00	8.426458e+01	5.527236e+00	1.234943e+01	9.263142e+01	-1.115978e+01	9.658035e-01	6.913551e+00	-4.743025e+00	1.867492e+02	6.206138e-01	2.390366e-01	1.005018e+01	5.639349e-03	1.177986820257e+02	7.727065728082e+00	1.255257477537e+02	5.713848e-02	2.830314e+00	1.430648971034e+00	1.251559192752e+02	7.716801e-03	-1.658797e-04	7.549396e-06	-8.348081e-06
204.00	8.426359e+01	5.527036e+00	1.234924e+01	9.263189e+01	-1.115968e+01	9.657766e-01	6.913397e+00	-4.742927e+00	1.867483e+02	6.206145e-01	2.390373e-01	1.005012e+01	5.639286e-03	1.177982843608e+02	7.726839877190e+00	1.255251242380e+02	5.713885e-02	2.830393e+00	1.430646679595e+00	1.251549310625e+02	-7.370542e-03	2.293366e-03	-5.029971e-06	1.005244e-05
206.00	8.426304e+01	5.526926e+00	1.234903e+01	9.263175e+01	-1.115948e+01	9.657570e-01	6.913255e+00	-4.742851e+00	1.867474e+02	6.206151e-01	2.390380e-01	1.004998e+01	5.639228e-03	1.177978142624e+02	7.726683572105e+00	1.255244978345e+02	5.713919e-02	2.830473e+00	1.430650547152e+00	1.251539054656e+02	6.449291e-03	-4.242195e-03	2.129641e-06	-1.100082e-05
208.00	8.426299e+01	5.526924e+00	1.234879e+01	9.263091e+01	-1.115917e+01	9.657428e-01	6.913142e+00	-4.742795e+00	1.867465e+02	6.206150e-01	2.390379e-01	1.004974e+01	5.639182e-03	1.177972491615e+02	7.726618914184e+00	1.255238680757e+02	5.713914e-02	2.830552e+00	1.430659378020e+00	1.251528607686e+02	-5.024861e-03	5.860362e-03	9.285604e-07	1.112010e-05
210.00	8.426332e+01	5.527041e+00	1.234850e+01	9.262947e+01	-1.115877e+01	9.657337e-01	6.913092e+00	-4.742766e+00	1.867456e+02	6.206139e-01	2.390366e-01	1.004942e+01	5.639161e-03	1.177965620304e+02	7.726672678894e+00	1.255232347093e+02	5.713851e-02	2.830627e+00	1.430670336833e+00	1.251518157586e+02	3.208302e-03	-7.021644e-03	-3.909492e-06	-1.040098e-05
212.00	8.426374e+01	5.527277e+00	1.234821e+01	9.262770e+01	-1.115831e+01	9.657306e-01	6.913153e+00	-4.742778e+00	1.867447e+02	6.206117e-01	2.390341e-01	1.004906e+01	5.639186e-03	1.177957256431e+02	7.726872009305e+00	1.255225976524e+02	5.713729e-02	2.830696e+00	1.430679872108e+00	1.251507886526e+02	-1.141246e-03	7.635459e-03	6.584576e-06	8.898524e-06
214.00	8.426390e+01	5.527627e+00	1.234795e+01	9.262593e+01	-1.115786e+01	9.657361e-01	6.913372e+00	-4.742849e+00	1.867438e+02	6.206088e-01	2.390307e-01	1.004871e+01	5.639276e-03	1.177947181125e+02	7.727238847313e+00	1.255219569598e+02	5.713569e-02	2.830756e+00	1.430684862820e+00	1.251497962176e+02	-1.015160e-03	-7.653920e-03	-8.749067e-06	-6.728268e-06
216.00	8.426352e+01	5.528076e+00	1.234776e+01	9.262448e+01	-1.115748e+01	9.657529e-01	6.913784e+00	-4.742993e+00	1.867429e+02	6.206058e-01	2.390272e-01	1.004841e+01	5.639444e-03	1.177935294520e+02	7.727783355434e+00	1.255213128074e+02	5.713403e-02	2.830805e+00	1.430683629877e+00	1.251488531237e+02	3.092819e-03	7.075558e-03	1.023751e-05	4.057243e-06
218.00	8.426247e+01	5.528610e+00	1.234765e+01	9.262350e+01	-1.115721e+01	9.657832e-01	6.914394e+00	-4.743212e+00	1.867420e+02	6.206032e-01	2.390243e-01	1.004820e+01	5.639693e-03	1.177921681004e+02	7.728497380816e+00	1.255206654812e+02	5.713264e-02	2.830841e+00	1.430676493045e+00	1.251479714940e+02	-4.929793e-03	-5.945424e-03	-1.093707e-05	-1.091151e-06
220.00	8.426078e+01	5.529207e+00	1.234763e+01	9.262299e+01	-1.115706e+01	9.658270e-01	6.915173e+00	-4.743500e+00	1.867410e+02	6.206017e-01	2.390226e-01	1.004809e+01	5.640010e-03	1.177906656268e+02	7.729349741790e+00	1.255200153686e+02	5.713179e-02	2.830861e+00	1.430665675049e+00	1.251471606616e+02	6.382910e-03	4.351566e-03	1.079655e-05	-1.940618e-06
222.00	8.425872e+01	5.529837e+00	1.234770e+01	9.262275e+01	-1.115701e+01	9.658819e-01	6.916059e+00	-4.743831e+00	1.867401e+02	6.206014e-01	2.390222e-01	1.004805e+01	5.640371e-03	1.177890776483e+02	7.730285300418e+00	1.255193629487e+02	5.713160e-02	2.830863e+00	1.430654593897e+00	1.251464271394e+02	-7.338913e-03	-2.418166e-03	-9.829926e-06	4.802968e-06
224.00	8.425665e+01	5.530466e+00	1.234783e+01	9.262252e+01	-1.115702e+01	9.659430e-01	6.916961e+00	-4.744174e+00	1.867392e+02	6.206021e-01	2.390231e-01	1.004806e+01	5.640739e-03	1.177874796031e+02	7.731229177755e+00	1.255187087809e+02	5.713202e-02	2.830847e+00	1.430646780942e+00	1.251457747681e+02	7.723274e-03	2.958754e-04	8.115699e-06	-7.274599e-06
226.00	8.425492e+01	5.531050e+00	1.234799e+01	9.262203e+01	-1.115705e+01	9.660041e-01	6.917783e+00	-4.744493e+00	1.867382e+02	6.206036e-01	2.390248e-01	1.004807e+01	5.641074e-03	1.177859573271e+02	7.732096160030e+00	1.255180534872e+02	5.713284e-02	2.830810e+00	1.430644761741e+00	1.251452049334e+02	-7.506014e-03	1.849917e-03	-5.790764e-06	9.164946e-06
228.00	8.425381e+01	5.531541e+00	1.234817e+01	9.262111e+01	-1.115706e+01	9.660591e-01	6.918434e+00	-4.744757e+00	1.867373e+02	6.206054e-01	2.390268e-01	1.004806e+01	5.641340e-03	1.177845939876e+02	7.732803743065e+00	1.255173977307e+02	5.713381e-02	2.830754e+00	1.430649281945e+00	1.251447167529e+02	6.704046e-03	-3.851972e-03	3.039316e-06	-1.032922e-05
230.00	8.425341e+01	5.531897e+00	1.234834e+01	9.261976e+01	-1.115706e+01	9.661033e-01	6.918851e+00	-4.744943e+00	1.867364e+02	6.206070e-01	2.390286e-01	1.004802e+01	5.641510e-03	1.177834562207e+02	7.733285966078e+00	1.255167421867e+02	5.713469e-02	2.830681e+00	1.430659087815e+00	1.251443071363e+02	-5.379872e-03	5.554243e-03	-7.815564e-08	1.067927e-05
232.00	8.425361e+01	5.532084e+00	1.234853e+01	9.261816e+01	-1.115707e+01	9.661348e-01	6.919010e+00	-4.745047e+00	1.867354e+02	6.206082e-01	2.390301e-01	1.004799e+01	5.641575e-03	1.177825827862e+02	7.733504724191e+00	1.255160875104e+02	5.713539e-02	2.830593e+00	1.430671363652e+00	1.251439706753e+02	3.636713e-03	-6.824049e-03	-2.860531e-06	-1.019043e-05
234.00	8.425415e+01	5.532083e+00	1.234874e+01	9.261662e+01	-1.115712e+01	9.661543e-01	6.918923e+00	-4.745075e+00	1.867345e+02	6.206092e-01	2.390312e-01	1.004798e+01	5.641539e-03	1.177819784767e+02	7.733455826640e+00	1.255154343033e+02	5.713591e-02	2.830493e+00	1.430682629664e+00	1.251436993666e+02	-1.610452e-03	7.562433e-03	5.546810e-06	8.903208e-06
236.00	8.425469e+01	5.531901e+00	1.234900e+01	9.261545e+01	-1.115726e+01	9.661646e-01	6.918636e+00	-4.745045e+00	1.867335e+02	6.206101e-01	2.390323e-01	1.004805e+01	5.641422e-03	1.177816146120e+02	7.733168474413e+00	1.255147830864e+02	5.713642e-02	2.830386e+00	1.430689849908e+00	1.251434822753e+02	-5.409701e-04	-7.711874e-03	-7.770559e-06	-6.919919e-06
238.00	8.425495e+01	5.531566e+00	1.234931e+01	9.261488e+01	-1.115752e+01	9.661692e-01	6.918215e+00	-4.744978e+00	1.867326e+02	6.206113e-01	2.390337e-01	1.004821e+01	5.641251e-03	1.177814357260e+02	7.732698557105e+00	1.255141342831e+02	5.713710e-02	2.830276e+00	1.430691352991e+00	1.251433053188e+02	2.649874e-03	7.260760e-03	9.357504e-06	4.396996e-06
240.00	8.425475e+01	5.531123e+00	1.234968e+01	9.261500e+01	-1.115790e+01	9.661714e-01	6.917730e+00	-4.744892e+00	1.867317e+02	6.206132e-01	2.390358e-01	1.004846e+01	5.641053e-03	1.177813705915e+02	7.732117621554e+00	1.255134882131e+02	5.713811e-02	2.830166e+00	1.430687310751e+00	1.251431513753e+02	-4.551910e-03	-6.244278e-03	-1.018302e-05	-1.532883e-06
242.00	8.425410e+01	5.530631e+00	1.235007e+01	9.261567e+01	-1.115835e+01	9.661729e-01	6.917240e+00	-4.744801e+00	1.867307e+02	6.206157e-01	2.390387e-01	1.004878e+01	5.640853e-03	1.177813449527e+02	7.731500145340e+00	1.255128450981e+02	5.713949e-02	2.830060e+00	1.430679603845e+00	1.251430008593e+02	6.098861e-03	4.741670e-03	1.018219e-05	-1.447072e-06
244.00	8.425317e+01	5.530152e+00	1.235044e+01	9.261662e+01	-1.115882e+01	9.661738e-01	6.916786e+00	-4.744708e+00	1.867298e+02	6.206186e-01	2.390421e-01	1.004912e+01	5.640668e-03	1.177812933008e+02	7.730911771284e+00	1.255122050721e+02	5.714114e-02	2.829961e+00	1.430671168479e+00	1.251428327727e+02	-7.170179e-03	-2.870053e-03	-9.355107e-06	4.308364e-06
246.00	8.425221e+01	5.529736e+00	1.235074e+01	9.261748e+01	-1.115923e+01	9.661730e-01	6.916391e+00	-4.744611e+00	1.867289e+02	6.206217e-01	2.390456e-01	1.004942e+01	5.640507e-03	1.177811676219e+02	7.730400570762e+00	1.255115681927e+02	5.714281e-02	2.829872e+00	1.430664997767e+00	1.251426260851e+02	7.682378e-03	7.753088e-04	7.767047e-06	-6.825803e-06
248.00	8.425148e+01	5.529419e+00	1.235094e+01	9.261792e+01	-1.115951e+01	9.661688e-01	6.916058e+00	-4.744504e+00	1.867280e+02	6.206242e-01	2.390486e-01	1.004962e+01	5.640371e-03	1.177809419533e+02	7.729992491280e+00	1.255109344446e+02	5.714421e-02	2.829795e+00	1.430663186394e+00	1.251423611972e+02	-7.595549e-03	1.379280e-03	-5.543082e-06	8.801458e-06
250.00	8.425117e+01	5.529211e+00	1.235101e+01	9.261774e+01	-1.115961e+01	9.661597e-01	6.915779e+00	-4.744384e+00	1.867271e+02	6.206257e-01	2.390503e-01	1.004970e+01	5.640257e-03	1.177806125196e+02	7.729691213769e+00	1.255103037334e+02	5.714507e-02	2.829734e+00	1.430666256364e+00	1.251420212324e+02	6.916484e-03	-3.425752e-03	2.858119e-06	-1.008031e-05
252.00	8.425130e+01	5.529099e+00	1.235094e+01	9.261695e+01	-1.115954e+01	9.661453e-01	6.915544e+00	-4.744251e+00	1.867262e+02	6.206260e-01	2.390506e-01	1.004963e+01	5.640162e-03	1.177801939844e+02	7.729481884650e+00	1.255096758691e+02	5.714521e-02	2.829693e+00	1.430673056224e+00	1.251415929728e+02	-5.698157e-03	5.204567e-03	7.712682e-08	1.056201e-05
254.00	8.425174e+01	5.529054e+00	1.235075e+01	9.261571e+01	-1.115932e+01	9.661260e-01	6.915342e+00	-4.744111e+00	1.867253e+02	6.206249e-01	2.390494e-01	1.004945e+01	5.640079e-03	1.177797129123e+02	7.729337634898e+00	1.255090505472e+02	5.714462e-02	2.829674e+00	1.430681165233e+00	1.251410673751e+02	4.035594e-03	-6.577058e-03	-3.032501e-06	-1.020859e-05
256.00	8.425226e+01	5.529035e+00	1.235048e+01	9.261433e+01	-1.115900e+01	9.661034e-01	6.915169e+00	-4.743972e+00	1.867244e+02	6.206228e-01	2.390470e-01	1.004921e+01	5.640009e-03	1.177791998766e+02	7.729227458327e+00	1.255084273349e+02	5.714345e-02	2.829679e+00	1.430687752305e+00	1.251404397179e+02	-2.058460e-03	7.436247e-03	5.776182e-06	9.046875e-06
258.00	8.425258e+01	5.529004e+00	1.235017e+01	9.261316e+01	-1.115865e+01	9.660792e-01	6.915023e+00	-4.743846e+00	1.867235e+02	6.206201e-01	2.390438e-01	1.004894e+01	5.639949e-03	1.177786817723e+02	7.729123898237e+00	1.255078056705e+02	5.714196e-02	2.829711e+00	1.430690521824e+00	1.251397094948e+02	-7.906648e-05	-7.715190e-03	-8.092459e-06	-7.166608e-06
260.00	8.425251e+01	5.528934e+00	1.234985e+01	9.261244e+01	-1.115831e+01	9.660550e-01	6.914905e+00	-4.743741e+00	1.867226e+02	6.206174e-01	2.390406e-01	1.004870e+01	5.639901e-03	1.177781757785e+02	7.729009100080e+00	1.255071848786e+02	5.714043e-02	2.829769e+00	1.430688498032e+00	1.251388801690e+02	2.210322e-03	7.392175e-03	9.798394e-06	4.713424e-06
262.00	8.425196e+01	5.528818e+00	1.234954e+01	9.261228e+01	-1.115802e+01	9.660314e-01	6.914816e+00	-4.743659e+00	1.867218e+02	6.206149e-01	2.390379e-01	1.004850e+01	5.639865e-03	1.177776860631e+02	7.728878137748e+00	1.255065642009e+02	5.713910e-02	2.829851e+00	1.430682340031e+00	1.251379588776e+02	-4.169149e-03	-6.492410e-03	-1.075827e-05	-1.878039e-06
264.00	8.425100e+01	5.528668e+00	1.234923e+01	9.261257e+01	-1.115776e+01	9.660083e-01	6.914754e+00	-4.743597e+00	1.867209e+02	6.206131e-01	2.390357e-01	1.004834e+01	5.639839e-03	1.177772037419e+02	7.728739093755e+00	1.255059428357e+02	5.713806e-02	2.829954e+00	1.430674121607e+00	1.251369561205e+02	5.802834e-03	5.086042e-03	1.089438e-05	-1.118522e-06
266.00	8.424985e+01	5.528514e+00	1.234892e+01	9.261306e+01	-1.115750e+01	9.659844e-01	6.914716e+00	-4.743547e+00	1.867200e+02	6.206117e-01	2.390341e-01	1.004817e+01	5.639824e-03	1.177767099043e+02	7.728610077078e+00	1.255053199814e+02	5.713728e-02	2.830072e+00	1.430666625710e+00	1.251358854227e+02	-6.984002e-03	-3.282693e-03	-1.019352e-05	4.042289e-06
268.00	8.424875e+01	5.528391e+00	1.234857e+01	9.261344e+01	-1.115720e+01	9.659585e-01	6.914698e+00	-4.743497e+00	1.867191e+02	6.206104e-01	2.390326e-01	1.004798e+01	5.639816e-03	1.177761808463e+02	7.728514032904e+00	1.255046948792e+02	5.713658e-02	2.830201e+00	1.430662420707e+00	1.251347629385e+02	7.620538e-03	1.222931e-03	8.708202e-06	-6.664703e-06
270.00	8.424794e+01	5.528332e+00	1.234816e+01	9.261340e+01	-1.115681e+01	9.659294e-01	6.914697e+00	-4.743440e+00	1.867182e+02	6.206089e-01	2.390308e-01	1.004772e+01	5.639816e-03	1.177755941983e+02	7.728472654170e+00	1.255040668524e+02	5.713574e-02	2.830334e+00	1.430662980995e+00	1.251336069674e+02	-7.662772e-03	9.326828e-04	-6.552396e-06	8.780861e-06
272.00	8.424756e+01	5.528357e+00	1.234770e+01	9.261279e+01	-1.115632e+01	9.658967e-01	6.914716e+00	-4.743370e+00	1.867173e+02	6.206067e-01	2.390283e-01	1.004738e+01	5.639824e-03	1.177749345210e+02	7.728500822099e+00	1.255034353431e+02	5.713455e-02	2.830464e+00	1.430668203093e+00	1.251324373664e+02	7.107362e-03	-3.016101e-03	3.892335e-06	-1.022542e-05
274.00	8.424757e+01	5.528469e+00	1.234720e+01	9.261161e+01	-1.115575e+01	9.658613e-01	6.914759e+00	-4.743290e+00	1.867164e+02	6.206037e-01	2.390249e-01	1.004697e+01	5.639842e-03	1.177741971800e+02	7.728602764716e+00	1.255027999447e+02	5.713291e-02	2.830586e+00	1.430676398819e+00	1.251312748494e+02	-5.997565e-03	4.864899e-03	-9.333158e-07	1.088551e-05
276.00	8.424782e+01	5.528651e+00	1.234668e+01	9.261007e+01	-1.115515e+01	9.658252e-01	6.914832e+00	-4.743208e+00	1.867155e+02	6.206001e-01	2.390207e-01	1.004653e+01	5.639871e-03	1.177733898116e+02	7.728770618957e+00	1.255021604305e+02	5.713089e-02	2.830695e+00	1.430684858133e+00	1.251301401836e+02	4.419864e-03	-6.334942e-03	-2.096295e-06	-1.070911e-05
278.00	8.424806e+01	5.528871e+00	1.234620e+01	9.260846e+01	-1.115457e+01	9.657911e-01	6.914941e+00	-4.743136e+00	1.867146e+02	6.205961e-01	2.390161e-01	1.004611e+01	5.639916e-03	1.177725312965e+02	7.728985477337e+00	1.255015167738e+02	5.712868e-02	2.830788e+00	1.430690710020e+00	1.251290533017e+02	-2.497221e-03	7.311636e-03	4.962632e-06	9.708981e-06
280.00	8.424804e+01	5.529093e+00	1.234580e+01	9.260709e+01	-1.115409e+01	9.657620e-01	6.915084e+00	-4.743084e+00	1.867137e+02	6.205923e-01	2.390117e-01	1.004576e+01	5.639974e-03	1.177716486891e+02	7.729220468528e+00	1.255008691576e+02	5.712657e-02	2.830863e+00	1.430691876441e+00	1.251280323718e+02	3.794762e-04	-7.718851e-03	-7.444214e-06	-7.961601e-06
282.00	8.424759e+01	5.529280e+00	1.234551e+01	9.260620e+01	-1.115375e+01	9.657401e-01	6.915252e+00	-4.743059e+00	1.867128e+02	6.205892e-01	2.390082e-01	1.004551e+01	5.640042e-03	1.177707728822e+02	7.729445087535e+00	1.255002179697e+02	5.712490e-02	2.830917e+00	1.430687750793e+00	1.251270928766e+02	1.768336e-03	7.524849e-03	9.349009e-06	5.601556e-06
284.00	8.424669e+01	5.529407e+00	1.234535e+01	9.260587e+01	-1.115357e+01	9.657266e-01	6.915424e+00	-4.743061e+00	1.867118e+02	6.205874e-01	2.390060e-01	1.004539e+01	5.640113e-03	1.177699338883e+02	7.729629894453e+00	1.254995637828e+02	5.712388e-02	2.830950e+00	1.430679413632e+00	1.251262467792e+02	-3.778851e-03	-6.744743e-03	-1.052941e-05	-2.811351e-06
286.00	8.424546e+01	5.529462e+00	1.234531e+01	9.260600e+01	-1.115355e+01	9.657210e-01	6.915572e+00	-4.743083e+00	1.867109e+02	6.205869e-01	2.390055e-01	1.004539e+01	5.640173e-03	1.177691565192e+02	7.729750800725e+00	1.254989073200e+02	5.712363e-02	2.830961e+00	1.430669302384e+00	1.251255018579e+02	5.495405e-03	5.439310e-03	1.089400e-05	-1.926212e-07
288.00	8.424414e+01	5.529445e+00	1.234537e+01	9.260636e+01	-1.115363e+01	9.657221e-01	6.915667e+00	-4.743112e+00	1.867100e+02	6.205878e-01	2.390064e-01	1.004546e+01	5.640212e-03	1.177684570413e+02	7.729792367891e+00	1.254982494092e+02	5.712408e-02	2.830950e+00	1.430660450421e+00	1.251248612944e+02	-6.784235e-03	-3.710260e-03	-1.041489e-05	3.177018e-06
290.00	8.424299e+01	5.529372e+00	1.234549e+01	9.260665e+01	-1.115377e+01	9.657277e-01	6.915683e+00	-4.743135e+00	1.867090e+02	6.205895e-01	2.390084e-01	1.004556e+01	5.640218e-03	1.177678411631e+02	7.729749767059e+00	1.254975909302e+02	5.712503e-02	2.830918e+00	1.430655529756e+00	1.251243235648e+02	7.544901e-03	1.692314e-03	9.130101e-06	-5.910030e-06
292.00	8.424225e+01	5.529260e+00	1.234565e+01	9.260662e+01	-1.115392e+01	9.657360e-01	6.915607e+00	-4.743140e+00	1.867081e+02	6.205916e-01	2.390109e-01	1.004566e+01	5.640187e-03	1.177673035181e+02	7.729629242443e+00	1.254969327605e+02	5.712621e-02	2.830866e+00	1.430656034991e+00	1.251238826519e+02	-7.718112e-03	4.572790e-04	-7.140378e-06	8.179684e-06
294.00	8.424201e+01	5.529129e+00	1.234582e+01	9.260614e+01	-1.115404e+01	9.657461e-01	6.915444e+00	-4.743126e+00	1.867071e+02	6.205937e-01	2.390133e-01	1.004573e+01	5.640121e-03	1.177668286409e+02	7.729447083073e+00	1.254962757240e+02	5.712738e-02	2.830795e+00	1.430661818012e+00	1.251235285342e+02	7.290367e-03	-2.571001e-03	4.601131e-06	-9.810444e-06
296.00	8.424222e+01	5.528996e+00	1.234600e+01	9.260522e+01	-1.115414e+01	9.657580e-01	6.915217e+00	-4.743097e+00	1.867062e+02	6.205955e-01	2.390154e-01	1.004577e+01	5.640028e-03	1.177663932930e+02	7.729227253747e+00	1.254956205467e+02	5.712835e-02	2.830709e+00	1.430671181062e+00	1.251232478836e+02	-6.295009e-03	4.484126e-03	-1.710035e-06	1.067670e-05
298.00	8.424269e+01	5.528872e+00	1.234620e+01	9.260403e+01	-1.115424e+01	9.657731e-01	6.914963e+00	-4.743064e+00	1.867052e+02	6.205968e-01	2.390169e-01	1.004580e+01	5.639925e-03	1.177659698330e+02	7.728997990275e+00	1.254949678232e+02	5.712909e-02	2.830610e+00	1.430681425861e+00	1.251230248760e+02	4.809633e-03	-6.047565e-03	-1.308359e-06	-1.071230e-05
300.00	8.424315e+01	5.528761e+00	1.234644e+01	9.260284e+01	-1.115436e+01	9.657935e-01	6.914725e+00	-4.743045e+00	1.867043e+02	6.205979e-01	2.390182e-01	1.004585e+01	5.639828e-03	1.177655301749e+02	7.728787819600e+00	1.254943179945e+02	5.712970e-02	2.830502e+00	1.430689728370e+00	1.251228420339e+02	-2.950023e-03	7.139504e-03	4.219960e-06	9.915435e-06
302.00	8.424332e+01	5.528669e+00	1.234673e+01	9.260190e+01	-1.115456e+01	9.658207e-01	6.914543e+00	-4.743055e+00	1.867034e+02	6.205991e-01	2.390195e-01	1.004595e+01	5.639753e-03	1.177650497519e+02	7.728621587236e+00	1.254936713392e+02	5.713034e-02	2.830390e+00	1.430694022538e+00	1.251226810383e+02	8.611249e-04	-7.674886e-03	-6.799047e-06	-8.348835e-06
304.00	8.424303e+01	5.528597e+00	1.234707e+01	9.260137e+01	-1.115483e+01	9.658557e-01	6.914446e+00	-4.743102e+00	1.867024e+02	6.206006e-01	2.390213e-01	1.004612e+01	5.639714e-03	1.177645108633e+02	7.728517114316e+00	1.254930279776e+02	5.713120e-02	2.830277e+00	1.430693615363e+00	1.251225234810e+02	1.294264e-03	7.612038e-03	8.845703e-06	6.135032e-06
306.00	8.424225e+01	5.528550e+00	1.234747e+01	9.260127e+01	-1.115518e+01	9.658977e-01	6.914443e+00	-4.743189e+00	1.867015e+02	6.206028e-01	2.390238e-01	1.004635e+01	5.639713e-03	1.177639048563e+02	7.728483030094e+00	1.254923878864e+02	5.713237e-02	2.830167e+00	1.430689353578e+00	1.251223515427e+02	-3.348178e-03	-6.955905e-03	-1.020140e-05	-3.447106e-06
308.00	8.424111e+01	5.528535e+00	1.234788e+01	9.260148e+01	-1.115557e+01	9.659443e-01	6.914526e+00	-4.743306e+00	1.867006e+02	6.206055e-01	2.390269e-01	1.004661e+01	5.639746e-03	1.177632327892e+02	7.728518131209e+00	1.254917509204e+02	5.713386e-02	2.830063e+00	1.430683279528e+00	1.251221485954e+02	5.140560e-03	5.757658e-03	1.076158e-05	4.952398e-07
310.00	8.423982e+01	5.528556e+00	1.234828e+01	9.260175e+01	-1.115594e+01	9.659920e-01	6.914668e+00	-4.743440e+00	1.866997e+02	6.206085e-01	2.390304e-01	1.004687e+01	5.639804e-03	1.177625044969e+02	7.728612341494e+00	1.254911168384e+02	5.713551e-02	2.829968e+00	1.430677912924e+00	1.251218997246e+02	-6.531734e-03	-4.110714e-03	-1.048406e-05	2.489703e-06
312.00	8.423865e+01	5.528617e+00	1.234861e+01	9.260182e+01	-1.115624e+01	9.660365e-01	6.914836e+00	-4.743570e+00	1.866988e+02	6.206113e-01	2.390337e-01	1.004707e+01	5.639873e-03	1.177617362792e+02	7.728749047886e+00	1.254904853271e+02	5.713711e-02	2.829885e+00	1.430675398707e+00	1.251215921630e+02	7.413278e-03	2.143461e-03	9.392335e-06	-5.274491e-06
314.00	8.423783e+01	5.528715e+00	1.234884e+01	9.260149e+01	-1.115640e+01	9.660742e-01	6.914999e+00	-4.743681e+00	1.866979e+02	6.206136e-01	2.390363e-01	1.004717e+01	5.639939e-03	1.177609476840e+02	7.728908337833e+00	1.254898560218e+02	5.713837e-02	2.829818e+00	1.430676790741e+00	1.251212156235e+02	-7.716489e-03	-9.265341e-06	-7.573602e-06	7.641894e-06
316.00	8.423744e+01	5.528841e+00	1.234896e+01	9.260067e+01	-1.115643e+01	9.661022e-01	6.915131e+00	-4.743761e+00	1.866970e+02	6.206149e-01	2.390378e-01	1.004716e+01	5.639993e-03	1.177601580065e+02	7.729070514528e+00	1.254892285211e+02	5.713909e-02	2.829767e+00	1.430681721752e+00	1.251207625267e+02	7.417745e-03	-2.125483e-03	5.171657e-06	-9.407677e-06
318.00	8.423744e+01	5.528980e+00	1.234896e+01	9.259945e+01	-1.115631e+01	9.661191e-01	6.915223e+00	-4.743807e+00	1.866961e+02	6.206150e-01	2.390380e-01	1.004705e+01	5.640031e-03	1.177593831529e+02	7.729219242894e+00	1.254886023958e+02	5.713915e-02	2.829735e+00	1.430688545931e+00	1.251202281219e+02	-6.540354e-03	4.094344e-03	-2.375485e-06	1.043477e-05
320.00	8.423765e+01	5.529114e+00	1.234886e+01	9.259804e+01	-1.115608e+01	9.661253e-01	6.915278e+00	-4.743821e+00	1.866952e+02	6.206140e-01	2.390368e-01	1.004686e+01	5.640053e-03	1.177586334182e+02	7.729343776761e+00	1.254879771950e+02	5.713860e-02	2.829725e+00	1.430694907117e+00	1.251196105189e+02	5.152743e-03	-5.743819e-03	-5.955473e-07	-1.064367e-05
322.00	8.423784e+01	5.529226e+00	1.234869e+01	9.259670e+01	-1.115579e+01	9.661218e-01	6.915311e+00	-4.743813e+00	1.866943e+02	6.206122e-01	2.390347e-01	1.004664e+01	5.640066e-03	1.177579125406e+02	7.729439909637e+00	1.254873524503e+02	5.713757e-02	2.829736e+00	1.430698548896e+00	1.251189106481e+02	-3.363108e-03	6.945314e-03	3.508565e-06	1.001847e-05
324.00	8.423778e+01	5.529303e+00	1.234847e+01	9.259568e+01	-1.115549e+01	9.661103e-01	6.915339e+00	-4.743792e+00	1.866934e+02	6.206099e-01	2.390320e-01	1.004641e+01	5.640078e-03	1.177572181420e+02	7.729509539134e+00	1.254867276811e+02	5.713628e-02	2.829769e+00	1.430698074270e+00	1.251181321683e+02	1.310975e-03	-7.605170e-03	-6.135125e-06	-8.608120e-06
326.00	8.423732e+01	5.529343e+00	1.234822e+01	9.259512e+01	-1.115520e+01	9.660922e-01	6.915377e+00	-4.743765e+00	1.866925e+02	6.206075e-01	2.390292e-01	1.004621e+01	5.640093e-03	1.177565434081e+02	7.729558995235e+00	1.254861024033e+02	5.713497e-02	2.829822e+00	1.430693434575e+00	1.251172813339e+02	8.436886e-04	7.671948e-03	8.268883e-06	6.522911e-06
328.00	8.423647e+01	5.529352e+00	1.234796e+01	9.259501e+01	-1.115494e+01	9.660685e-01	6.915433e+00	-4.743734e+00	1.866916e+02	6.206053e-01	2.390267e-01	1.004603e+01	5.640116e-03	1.177558796274e+02	7.729596512966e+00	1.254854761403e+02	5.713378e-02	2.829894e+00	1.430685955914e+00	1.251163668191e+02	-2.932934e-03	-7.140429e-03	-9.741792e-06	-3.926074e-06
330.00	8.423534e+01	5.529344e+00	1.234767e+01	9.259521e+01	-1.115469e+01	9.660394e-01	6.915502e+00	-4.743694e+00	1.866907e+02	6.206035e-01	2.390246e-01	1.004587e+01	5.640144e-03	1.177552190463e+02	7.729629391777e+00	1.254848484381e+02	5.713276e-02	2.829980e+00	1.430677922710e+00	1.251153994877e+02	4.793916e-03	6.052012e-03	1.043749e-05	1.021228e-06
332.00	8.423417e+01	5.529334e+00	1.234734e+01	9.259546e+01	-1.115440e+01	9.660046e-01	6.915572e+00	-4.743639e+00	1.866898e+02	6.206018e-01	2.390227e-01	1.004570e+01	5.640173e-03	1.177545574354e+02	7.729661446892e+00	1.254842188823e+02	5.713184e-02	2.830077e+00	1.430671836554e+00	1.251143920887e+02	-6.281573e-03	-4.491495e-03	-1.030065e-05	1.963661e-06
334.00	8.423318e+01	5.529334e+00	1.234696e+01	9.259550e+01	-1.115407e+01	9.659640e-01	6.915625e+00	-4.743561e+00	1.866889e+02	6.206001e-01	2.390207e-01	1.004548e+01	5.640195e-03	1.177538958114e+02	7.729691305429e+00	1.254835871168e+02	5.713087e-02	2.830180e+00	1.430669607893e+00	1.251133588597e+02	7.279930e-03	2.580470e-03	9.341368e-06	-4.794309e-06
336.00	8.423256e+01	5.529349e+00	1.234653e+01	9.259515e+01	-1.115365e+01	9.659181e-01	6.915643e+00	-4.743454e+00	1.866880e+02	6.205980e-01	2.390182e-01	1.004520e+01	5.640202e-03	1.177532409279e+02	7.729711934988e+00	1.254829528629e+02	5.712972e-02	2.830283e+00	1.430671930584e+00	1.251123150288e+02	-7.711139e-03	-4.678578e-04	-7.634245e-06	7.248635e-06
338.00	8.423237e+01	5.529373e+00	1.234605e+01	9.259436e+01	-1.115317e+01	9.658684e-01	6.915613e+00	-4.743318e+00	1.866871e+02	6.205953e-01	2.390152e-01	1.004486e+01	5.640190e-03	1.177526043950e+02	7.729711541028e+00	1.254823159361e+02	5.712827e-02	2.830383e+00	1.430678061578e+00	1.251112762187e+02	7.541559e-03	-1.681697e-03	5.312302e-06	-9.134133e-06
340.00	8.423255e+01	5.529388e+00	1.234555e+01	9.259322e+01	-1.115265e+01	9.658172e-01	6.915530e+00	-4.743161e+00	1.866862e+02	6.205922e-01	2.390116e-01	1.004449e+01	5.640156e-03	1.177520005793e+02	7.729675681161e+00	1.254816762604e+02	5.712655e-02	2.830476e+00	1.430686049825e+00	1.251102577727e+02	-6.784384e-03	3.700665e-03	-2.556365e-06	1.030268e-05
342.00	8.423291e+01	5.529372e+00	1.234508e+01	9.259195e+01	-1.115214e+01	9.657677e-01	6.915397e+00	-4.742994e+00	1.866853e+02	6.205888e-01	2.390077e-01	1.004412e+01	5.640102e-03	1.177514436961e+02	7.729590181550e+00	1.254810338776e+02	5.712467e-02	2.830559e+00	1.430693372685e+00	1.251092740419e+02	5.498610e-03	-5.431699e-03	-4.190027e-07	-1.066185e-05
344.00	8.423323e+01	5.529301e+00	1.234466e+01	9.259081e+01	-1.115171e+01	9.657232e-01	6.915224e+00	-4.742829e+00	1.866844e+02	6.205856e-01	2.390039e-01	1.004381e+01	5.640031e-03	1.177509446865e+02	7.729444262925e+00	1.254803889494e+02	5.712287e-02	2.830630e+00	1.430697735045e+00	1.251083376816e+02	-3.784435e-03	6.739903e-03	3.382037e-06	1.018188e-05
346.00	8.423330e+01	5.529161e+00	1.234435e+01	9.259005e+01	-1.115139e+01	9.656864e-01	6.915022e+00	-4.742681e+00	1.866835e+02	6.205829e-01	2.390008e-01	1.004358e+01	5.639949e-03	1.177505085191e+02	7.729233233370e+00	1.254797417524e+02	5.712139e-02	2.830686e+00	1.430697807424e+00	1.251074590193e+02	1.775435e-03	-7.523342e-03	-6.101551e-06	-8.898133e-06
348.00	8.423301e+01	5.528948e+00	1.234414e+01	9.258977e+01	-1.115121e+01	9.656590e-01	6.914800e+00	-4.742555e+00	1.866826e+02	6.205812e-01	2.389988e-01	1.004345e+01	5.639858e-03	1.177501324709e+02	7.728960193978e+00	1.254790926649e+02	5.712045e-02	2.830728e+00	1.430693636575e+00	1.251066455526e+02	3.718516e-04	7.720977e-03	8.364787e-06	6.908465e-06
350.00	8.423238e+01	5.528672e+00	1.234405e+01	9.258995e+01	-1.115117e+01	9.656413e-01	6.914566e+00	-4.742455e+00	1.866816e+02	6.205806e-01	2.389982e-01	1.004343e+01	5.639763e-03	1.177498057366e+02	7.728636409574e+00	1.254784421462e+02	5.712015e-02	2.830753e+00	1.430686620194e+00	1.251059016285e+02	-2.490122e-03	-7.317414e-03	-9.994080e-06	-4.365988e-06
352.00	8.423153e+01	5.528358e+00	1.234406e+01	9.259042e+01	-1.115124e+01	9.656322e-01	6.914321e+00	-4.742376e+00	1.866807e+02	6.205812e-01	2.389989e-01	1.004349e+01	5.639663e-03	1.177495104399e+02	7.728280270436e+00	1.254777907103e+02	5.712047e-02	2.830762e+00	1.430679043086e+00	1.251052283385e+02	4.414333e-03	6.344095e-03	1.086092e-05	1.467228e-06
354.00	8.423067e+01	5.528038e+00	1.234412e+01	9.259091e+01	-1.115137e+01	9.656299e-01	6.914068e+00	-4.742309e+00	1.866798e+02	6.205826e-01	2.390005e-01	1.004359e+01	5.639560e-03	1.177492238471e+02	7.727915049458e+00	1.254771388966e+02	5.712124e-02	2.830755e+00	1.430673341879e+00	1.251046236354e+02	-5.994560e-03	-4.876850e-03	-1.089626e-05	1.563226e-06
356.00	8.423000e+01	5.527745e+00	1.234422e+01	9.259118e+01	-1.115150e+01	9.656322e-01	6.913809e+00	-4.742249e+00	1.866788e+02	6.205844e-01	2.390026e-01	1.004369e+01	5.639454e-03	1.177489213564e+02	7.727565882654e+00	1.254764872391e+02	5.712225e-02	2.830732e+00	1.430671324759e+00	1.251040826519e+02	7.107671e-03	3.030005e-03	1.009595e-05	-4.490450e-06
358.00	8.422965e+01	5.527509e+00	1.234432e+01	9.259103e+01	-1.115160e+01	9.656374e-01	6.913552e+00	-4.742190e+00	1.866779e+02	6.205862e-01	2.390047e-01	1.004375e+01	5.639349e-03	1.177485797113e+02	7.727256526907e+00	1.254758362382e+02	5.712323e-02	2.830695e+00	1.430673613316e+00	1.251035981730e+02	-7.666934e-03	-9.474724e-04	-8.521014e-06	7.087695e-06
360.00	8.422963e+01	5.527345e+00	1.234440e+01	9.259041e+01	-1.115165e+01	9.656448e-01	6.913309e+00	-4.742134e+00	1.866770e+02	6.205876e-01	2.390063e-01	1.004377e+01	5.639250e-03	1.177481798768e+02	7.727006459501e+00	1.254751863363e+02	5.712400e-02	2.830645e+00	1.430679466635e+00	1.251031612006e+02	7.628780e-03	-1.208460e-03	6.292639e-06	-9.154062e-06
362.00	8.422986e+01	5.527257e+00	1.234448e+01	9.258942e+01	-1.115166e+01	9.656544e-01	6.913101e+00	-4.742085e+00	1.866760e+02	6.205885e-01	2.390073e-01	1.004375e+01	5.639165e-03	1.177477091114e+02	7.726828787416e+00	1.254745378988e+02	5.712447e-02	2.830585e+00	1.430687052035e+00	1.251027615436e+02	-6.996210e-03	3.269782e-03	-3.582593e-06	1.053003e-05
364.00	8.423014e+01	5.527238e+00	1.234457e+01	9.258826e+01	-1.115166e+01	9.656673e-01	6.912947e+00	-4.742053e+00	1.866751e+02	6.205889e-01	2.390077e-01	1.004372e+01	5.639102e-03	1.177471619440e+02	7.726729258538e+00	1.254738912025e+02	5.712470e-02	2.830519e+00	1.430694059655e+00	1.251023883749e+02	5.818557e-03	-5.075864e-03	5.998328e-07	-1.110962e-05
366.00	8.423024e+01	5.527271e+00	1.234469e+01	9.258716e+01	-1.115169e+01	9.656845e-01	6.912865e+00	-4.742050e+00	1.866742e+02	6.205891e-01	2.390080e-01	1.004371e+01	5.639069e-03	1.177465399782e+02	7.726706451515e+00	1.254732464297e+02	5.712482e-02	2.830449e+00	1.430698457427e+00	1.251020307161e+02	-4.187633e-03	6.485983e-03	2.425582e-06	1.084850e-05
368.00	8.423000e+01	5.527337e+00	1.234484e+01	9.258634e+01	-1.115176e+01	9.657067e-01	6.912866e+00	-4.742082e+00	1.866733e+02	6.205894e-01	2.390084e-01	1.004374e+01	5.639069e-03	1.177458506613e+02	7.726753008116e+00	1.254726036694e+02	5.712500e-02	2.830378e+00	1.430699143395e+00	1.251016778358e+02	2.230569e-03	-7.390287e-03	-5.260181e-06	-9.767443e-06
370.00	8.422935e+01	5.527421e+00	1.234505e+01	9.258589e+01	-1.115190e+01	9.657338e-01	6.912948e+00	-4.742152e+00	1.866723e+02	6.205902e-01	2.390092e-01	1.004382e+01	5.639103e-03	1.177451053240e+02	7.726857598946e+00	1.254719629229e+02	5.712540e-02	2.830309e+00	1.430696277090e+00	1.251013195620e+02	-9.989342e-05	7.718341e-03	7.685157e-06	7.950927e-06
372.00	8.422833e+01	5.527513e+00	1.234528e+01	9.258577e+01	-1.115209e+01	9.657646e-01	6.913100e+00	-4.742253e+00	1.866714e+02	6.205914e-01	2.390106e-01	1.004394e+01	5.639165e-03	1.177443169060e+02	7.727007207687e+00	1.254713241137e+02	5.712609e-02	2.830243e+00	1.430691195393e+00	1.251009465305e+02	-2.038342e-03	-7.444615e-03	-9.513461e-06	-5.540684e-06
374.00	8.422711e+01	5.527614e+00	1.234553e+01	9.258582e+01	-1.115230e+01	9.657970e-01	6.913300e+00	-4.742376e+00	1.866705e+02	6.205931e-01	2.390126e-01	1.004408e+01	5.639246e-03	1.177434978043e+02	7.727189294489e+00	1.254706870988e+02	5.712701e-02	2.830184e+00	1.430685940224e+00	1.251005503889e+02	4.017502e-03	6.590462e-03	1.060458e-05	2.724758e-06
376.00	8.422590e+01	5.527726e+00	1.234575e+01	9.258583e+01	-1.115247e+01	9.658283e-01	6.913525e+00	-4.742507e+00	1.866696e+02	6.205949e-01	2.390147e-01	1.004420e+01	5.639338e-03	1.177426582255e+02	7.727393455463e+00	1.254700516810e+02	5.712802e-02	2.830131e+00	1.430682565039e+00	1.251001239760e+02	-5.683337e-03	-5.222462e-03	-1.087565e-05	2.772867e-07
378.00	8.422491e+01	5.527858e+00	1.234593e+01	9.258558e+01	-1.115258e+01	9.658561e-01	6.913751e+00	-4.742631e+00	1.866687e+02	6.205965e-01	2.390165e-01	1.004426e+01	5.639430e-03	1.177418053035e+02	7.727612317746e+00	1.254694176213e+02	5.712891e-02	2.830086e+00	1.430682442814e+00	1.250996614838e+02	6.906009e-03	3.447242e-03	1.030790e-05	-3.231705e-06
380.00	8.422427e+01	5.528014e+00	1.234603e+01	9.258492e+01	-1.115258e+01	9.658788e-01	6.913966e+00	-4.742740e+00	1.866678e+02	6.205975e-01	2.390177e-01	1.004425e+01	5.639518e-03	1.177409430767e+02	7.727841572845e+00	1.254687846496e+02	5.712948e-02	2.830048e+00	1.430685814455e+00	1.250991586004e+02	-7.590211e-03	-1.403172e-03	-8.947965e-06	5.908937e-06
382.00	8.422399e+01	5.528197e+00	1.234606e+01	9.258387e+01	-1.115248e+01	9.658958e-01	6.914163e+00	-4.742829e+00	1.866669e+02	6.205978e-01	2.390180e-01	1.004415e+01	5.639598e-03	1.177400732518e+02	7.728079223026e+00	1.254681524748e+02	5.712961e-02	2.830020e+00	1.430691707794e+00	1.250986126193e+02	7.682605e-03	-7.504134e-04	6.903993e-06	-8.101514e-06
384.00	8.422396e+01	5.528400e+00	1.234603e+01	9.258252e+01	-1.115230e+01	9.659076e-01	6.914348e+00	-4.742901e+00	1.866660e+02	6.205972e-01	2.390173e-01	1.004400e+01	5.639674e-03	1.177391965309e+02	7.728324263920e+00	1.254675207948e+02	5.712928e-02	2.830000e+00	1.430698269325e+00	1.250980225034e+02	-7.175988e-03	2.845644e-03	-4.337029e-06	9.639999e-06
386.00	8.422398e+01	5.528612e+00	1.234595e+01	9.258111e+01	-1.115207e+01	9.659156e-01	6.914531e+00	-4.742963e+00	1.866651e+02	6.205959e-01	2.390158e-01	1.004381e+01	5.639748e-03	1.177383141801e+02	7.728575124901e+00	1.254668893050e+02	5.712857e-02	2.829990e+00	1.430703378187e+00	1.250973888834e+02	6.109849e-03	-4.719202e-03	1.448501e-06	-1.040597e-05
388.00	8.422386e+01	5.528821e+00	1.234585e+01	9.257985e+01	-1.115184e+01	9.659211e-01	6.914722e+00	-4.743020e+00	1.866642e+02	6.205943e-01	2.390140e-01	1.004362e+01	5.639826e-03	1.177374294868e+02	7.728828221407e+00	1.254662577082e+02	5.712767e-02	2.829990e+00	1.430705352807e+00	1.250967139872e+02	-4.567285e-03	6.225063e-03	1.535272e-06	1.034109e-05
390.00	8.422344e+01	5.529013e+00	1.234574e+01	9.257893e+01	-1.115164e+01	9.659253e-01	6.914927e+00	-4.743078e+00	1.866633e+02	6.205926e-01	2.390121e-01	1.004347e+01	5.639910e-03	1.177365487862e+02	7.729076938135e+00	1.254656257243e+02	5.712678e-02	2.829999e+00	1.430703510414e+00	1.250960014948e+02	2.668517e-03	-7.245863e-03	-4.380510e-06	-9.451707e-06
392.00	8.422266e+01	5.529179e+00	1.234565e+01	9.257842e+01	-1.115149e+01	9.659283e-01	6.915140e+00	-4.743136e+00	1.866624e+02	6.205913e-01	2.390106e-01	1.004336e+01	5.639997e-03	1.177356818300e+02	7.729311269606e+00	1.254649930996e+02	5.712606e-02	2.830018e+00	1.430698397363e+00	1.250952563289e+02	-5.615112e-04	7.702048e-03	6.864065e-06	7.808594e-06
394.00	8.422160e+01	5.529310e+00	1.234556e+01	9.257827e+01	-1.115137e+01	9.659293e-01	6.915345e+00	-4.743188e+00	1.866615e+02	6.205905e-01	2.390096e-01	1.004328e+01	5.640080e-03	1.177348414003e+02	7.729518215438e+00	1.254643596157e+02	5.712560e-02	2.830045e+00	1.430691618839e+00	1.250944843930e+02	-1.589545e-03	-7.558054e-03	-8.790958e-06	-5.541656e-06
396.00	8.422041e+01	5.529407e+00	1.234547e+01	9.257831e+01	-1.115127e+01	9.659269e-01	6.915519e+00	-4.743224e+00	1.866605e+02	6.205901e-01	2.390091e-01	1.004322e+01	5.640151e-03	1.177340422110e+02	7.729682887171e+00	1.254637250981e+02	5.712536e-02	2.830079e+00	1.430685323416e+00	1.250936922743e+02	3.617033e-03	6.825081e-03	1.000979e-05	2.829860e-06
398.00	8.421933e+01	5.529468e+00	1.234534e+01	9.257834e+01	-1.115115e+01	9.659192e-01	6.915635e+00	-4.743231e+00	1.866596e+02	6.205898e-01	2.390088e-01	1.004314e+01	5.640199e-03	1.177332992651e+02	7.729790156453e+00	1.254630894215e+02	5.712523e-02	2.830117e+00	1.430681508483e+00	1.250928869288e+02	-5.362955e-03	-5.560219e-03	-1.042483e-05	1.128505e-07
400.00	8.421853e+01	5.529492e+00	1.234517e+01	9.257815e+01	-1.115099e+01	9.659049e-01	6.915669e+00	-4.743199e+00	1.866587e+02	6.205895e-01	2.390085e-01	1.004303e+01	5.640213e-03	1.177326259325e+02	7.729826581330e+00	1.254624525139e+02	5.712504e-02	2.830158e+00	1.430681383245e+00	1.250920753643e+02	6.691247e-03	3.862012e-03	1.000347e-05	-3.054492e-06
402.00	8.421814e+01	5.529478e+00	1.234495e+01	9.257765e+01	-1.115076e+01	9.658833e-01	6.915608e+00	-4.743124e+00	1.866578e+02	6.205888e-01	2.390076e-01	1.004286e+01	5.640188e-03	1.177320320560e+02	7.729782301215e+00	1.254618143572e+02	5.712465e-02	2.830200e+00	1.430684980229e+00	1.250912643345e+02	-7.498382e-03	-1.862780e-03	-8.778680e-06	5.763375e-06
404.00	8.421814e+01	5.529418e+00	1.234468e+01	9.257685e+01	-1.115047e+01	9.658551e-01	6.915451e+00	-4.743007e+00	1.866569e+02	6.205876e-01	2.390062e-01	1.004265e+01	5.640124e-03	1.177315223895e+02	7.729652596700e+00	1.254611749862e+02	5.712397e-02	2.830242e+00	1.430691155308e+00	1.250904600579e+02	7.721450e-03	-2.816905e-04	6.846161e-06	-8.026180e-06
406.00	8.421843e+01	5.529305e+00	1.234440e+01	9.257586e+01	-1.115016e+01	9.658223e-01	6.915210e+00	-4.742858e+00	1.866560e+02	6.205859e-01	2.390042e-01	1.004242e+01	5.640025e-03	1.177310956192e+02	7.729438864566e+00	1.254605344838e+02	5.712303e-02	2.830282e+00	1.430697962818e+00	1.250896679690e+02	-7.343065e-03	2.404291e-03	-4.356707e-06	9.664486e-06
408.00	8.421880e+01	5.529132e+00	1.234412e+01	9.257490e+01	-1.114986e+01	9.657873e-01	6.914907e+00	-4.742689e+00	1.866551e+02	6.205839e-01	2.390020e-01	1.004220e+01	5.639902e-03	1.177307441235e+02	7.729148851097e+00	1.254598929746e+02	5.712194e-02	2.830319e+00	1.430703283309e+00	1.250888925179e+02	6.392716e-03	-4.339623e-03	1.504456e-06	-1.054842e-05
410.00	8.421905e+01	5.528897e+00	1.234387e+01	9.257417e+01	-1.114962e+01	9.657529e-01	6.914570e+00	-4.742516e+00	1.866542e+02	6.205819e-01	2.389997e-01	1.004202e+01	5.639764e-03	1.177304545143e+02	7.728796102841e+00	1.254592506171e+02	5.712087e-02	2.830353e+00	1.430705508713e+00	1.250881370252e+02	-4.944464e-03	5.936894e-03	1.488087e-06	1.060667e-05
412.00	8.421904e+01	5.528605e+00	1.234368e+01	9.257380e+01	-1.114945e+01	9.657212e-01	6.914224e+00	-4.742349e+00	1.866533e+02	6.205804e-01	2.389979e-01	1.004190e+01	5.639623e-03	1.177302088796e+02	7.728398714846e+00	1.254586075944e+02	5.712001e-02	2.830383e+00	1.430704044658e+00	1.250874036080e+02	3.111159e-03	-7.071662e-03	-4.387151e-06	-9.832086e-06
414.00	8.421870e+01	5.528270e+00	1.234354e+01	9.257382e+01	-1.114937e+01	9.656935e-01	6.913889e+00	-4.742198e+00	1.866523e+02	6.205795e-01	2.389969e-01	1.004185e+01	5.639487e-03	1.177299865415e+02	7.727977562815e+00	1.254579641044e+02	5.711950e-02	2.830409e+00	1.430699491710e+00	1.250866931796e+02	-1.035643e-03	7.655527e-03	6.965829e-06	8.282456e-06
416.00	8.421810e+01	5.527915e+00	1.234345e+01	9.257414e+01	-1.114936e+01	9.656700e-01	6.913577e+00	-4.742063e+00	1.866514e+02	6.205792e-01	2.389966e-01	1.004185e+01	5.639359e-03	1.177297660690e+02	7.727554280516e+00	1.254573203495e+02	5.711936e-02	2.830430e+00	1.430693430727e+00	1.250860055289e+02	-1.120375e-03	-7.643008e-03	-9.021802e-06	-6.076202e-06
418.00	8.421737e+01	5.527565e+00	1.234339e+01	9.257456e+01	-1.114938e+01	9.656500e-01	6.913289e+00	-4.741942e+00	1.866505e+02	6.205795e-01	2.389969e-01	1.004188e+01	5.639242e-03	1.177295272533e+02	7.727149274764e+00	1.254566765281e+02	5.711952e-02	2.830445e+00	1.430687899847e+00	1.250853394682e+02	3.188918e-03	7.035087e-03	1.039333e-05	3.383277e-06
420.00	8.421669e+01	5.527248e+00	1.234333e+01	9.257487e+01	-1.114939e+01	9.656324e-01	6.913025e+00	-4.741830e+00	1.866496e+02	6.205801e-01	2.389976e-01	1.004190e+01	5.639134e-03	1.177292527723e+02	7.726780052587e+00	1.254560328249e+02	5.711984e-02	2.830456e+00	1.430684731712e+00	1.250846930370e+02	-5.008817e-03	-5.879133e-03	-1.097202e-05	-4.118524e-07
422.00	8.421623e+01	5.526986e+00	1.234327e+01	9.257488e+01	-1.114937e+01	9.656160e-01	6.912780e+00	-4.741721e+00	1.866487e+02	6.205806e-01	2.389982e-01	1.004189e+01	5.639034e-03	1.177289293319e+02	7.726460072193e+00	1.254553894041e+02	5.712012e-02	2.830460e+00	1.430684964633e+00	1.250840637334e+02	6.438268e-03	4.265222e-03	1.071136e-05	-2.608087e-06
424.00	8.421604e+01	5.526792e+00	1.234317e+01	9.257448e+01	-1.114928e+01	9.656005e-01	6.912554e+00	-4.741614e+00	1.866477e+02	6.205808e-01	2.389984e-01	1.004183e+01	5.638942e-03	1.177285481698e+02	7.726198232941e+00	1.254547464028e+02	5.712022e-02	2.830460e+00	1.430688521547e+00	1.250834487510e+02	-7.365893e-03	-2.319122e-03	-9.630224e-06	5.442778e-06
426.00	8.421612e+01	5.526668e+00	1.234306e+01	9.257370e+01	-1.114914e+01	9.655862e-01	6.912352e+00	-4.741512e+00	1.866468e+02	6.205804e-01	2.389980e-01	1.004172e+01	5.638860e-03	1.177281049189e+02	7.725999007428e+00	1.254541039263e+02	5.712004e-02	2.830455e+00	1.430694256027e+00	1.250828451902e+02	7.719421e-03	1.924943e-04	7.811221e-06	-7.872914e-06
428.00	8.421632e+01	5.526608e+00	1.234293e+01	9.257269e+01	-1.114897e+01	9.655744e-01	6.912185e+00	-4.741423e+00	1.866459e+02	6.205796e-01	2.389971e-01	1.004158e+01	5.638792e-03	1.177275989339e+02	7.725863111362e+00	1.254534620452e+02	5.711960e-02	2.830447e+00	1.430700338557e+00	1.250822502293e+02	-7.471327e-03	1.948932e-03	-5.394177e-06	9.710547e-06
430.00	8.421647e+01	5.526597e+00	1.234283e+01	9.257163e+01	-1.114880e+01	9.655667e-01	6.912065e+00	-4.741356e+00	1.866450e+02	6.205786e-01	2.389958e-01	1.004144e+01	5.638743e-03	1.177270322702e+02	7.725788523507e+00	1.254528207937e+02	5.711901e-02	2.830436e+00	1.430704869805e+00	1.250816612442e+02	6.640973e-03	-3.938283e-03	2.565265e-06	-1.081357e-05
432.00	8.421639e+01	5.526621e+00	1.234276e+01	9.257073e+01	-1.114867e+01	9.655646e-01	6.912005e+00	-4.741321e+00	1.866441e+02	6.205776e-01	2.389947e-01	1.004133e+01	5.638718e-03	1.177264085471e+02	7.725771622683e+00	1.254521801698e+02	5.711845e-02	2.830423e+00	1.430706493240e+00	1.250810758821e+02	-5.293095e-03	5.620548e-03	4.573013e-07	1.109665e-05
434.00	8.421598e+01	5.526668e+00	1.234274e+01	9.257012e+01	-1.114860e+01	9.655690e-01	6.912011e+00	-4.741323e+00	1.866432e+02	6.205769e-01	2.389939e-01	1.004127e+01	5.638721e-03	1.177257319289e+02	7.725808208514e+00	1.254515401374e+02	5.711807e-02	2.830409e+00	1.430704836822e+00	1.250804920986e+02	3.532748e-03	-6.864655e-03	-3.440086e-06	-1.053798e-05
436.00	8.421521e+01	5.526732e+00	1.234278e+01	9.256982e+01	-1.114860e+01	9.655799e-01	6.912086e+00	-4.741362e+00	1.866422e+02	6.205767e-01	2.389937e-01	1.004126e+01	5.638751e-03	1.177250064143e+02	7.725894215637e+00	1.254509006300e+02	5.711800e-02	2.830395e+00	1.430700613884e+00	1.250799081777e+02	-1.497111e-03	7.573673e-03	6.152527e-06	9.181135e-06
438.00	8.421418e+01	5.526813e+00	1.234285e+01	9.256975e+01	-1.114864e+01	9.655962e-01	6.912220e+00	-4.741434e+00	1.866413e+02	6.205772e-01	2.389942e-01	1.004128e+01	5.638806e-03	1.177242355479e+02	7.726026007660e+00	1.254502615556e+02	5.711825e-02	2.830379e+00	1.430695377427e+00	1.250793227474e+02	-6.551900e-04	-7.692365e-03	-8.384998e-06	-7.131850e-06
440.00	8.421305e+01	5.526917e+00	1.234295e+01	9.256971e+01	-1.114870e+01	9.656163e-01	6.912402e+00	-4.741528e+00	1.866404e+02	6.205781e-01	2.389953e-01	1.004132e+01	5.638880e-03	1.177234225717e+02	7.726200232031e+00	1.254496228037e+02	5.711874e-02	2.830363e+00	1.430690997601e+00	1.250787348006e+02	2.756443e-03	7.211478e-03	9.965311e-06	4.549838e-06
442.00	8.421200e+01	5.527052e+00	1.234305e+01	9.256952e+01	-1.114874e+01	9.656380e-01	6.912614e+00	-4.741634e+00	1.866395e+02	6.205791e-01	2.389965e-01	1.004134e+01	5.638967e-03	1.177225709411e+02	7.726413311645e+00	1.254489842528e+02	5.711932e-02	2.830345e+00	1.430689044017e+00	1.250781437209e+02	-4.642905e-03	-6.168477e-03	-1.077229e-05	-1.636192e-06
444.00	8.421118e+01	5.527223e+00	1.234312e+01	9.256903e+01	-1.114873e+01	9.656596e-01	6.912843e+00	-4.741742e+00	1.866386e+02	6.205800e-01	2.389975e-01	1.004132e+01	5.639060e-03	1.177216850531e+02	7.726660725611e+00	1.254483457787e+02	5.711981e-02	2.830325e+00	1.430690272075e+00	1.250775493030e+02	6.167564e-03	4.644629e-03	1.074519e-05	-1.382457e-06
446.00	8.421066e+01	5.527429e+00	1.234316e+01	9.256816e+01	-1.114866e+01	9.656801e-01	6.913078e+00	-4.741845e+00	1.866377e+02	6.205805e-01	2.389981e-01	1.004125e+01	5.639156e-03	1.177207709877e+02	7.726936276128e+00	1.254477072638e+02	5.712008e-02	2.830304e+00	1.430694384060e+00	1.250769517511e+02	-7.211597e-03	-2.758678e-03	-9.888268e-06	4.271767e-06
448.00	8.421040e+01	5.527663e+00	1.234317e+01	9.256698e+01	-1.114853e+01	9.656989e-01	6.913314e+00	-4.741941e+00	1.866368e+02	6.205805e-01	2.389980e-01	1.004113e+01	5.639252e-03	1.177198370622e+02	7.727231542766e+00	1.254470686049e+02	5.712006e-02	2.830281e+00	1.430700131869e+00	1.250763516426e+02	7.693638e-03	6.575901e-04	8.270209e-06	-6.807881e-06
450.00	8.421028e+01	5.527910e+00	1.234316e+01	9.256563e+01	-1.114837e+01	9.657166e-01	6.913549e+00	-4.742032e+00	1.866358e+02	6.205800e-01	2.389974e-01	1.004099e+01	5.639348e-03	1.177188940319e+02	7.727535689563e+00	1.254464297215e+02	5.711977e-02	2.830257e+00	1.430705739839e+00	1.250757498426e+02	-7.576122e-03	1.494901e-03	-6.018638e-06	8.794706e-06
452.00	8.421013e+01	5.528151e+00	1.234315e+01	9.256432e+01	-1.114822e+01	9.657339e-01	6.913784e+00	-4.742122e+00	1.866349e+02	6.205792e-01	2.389965e-01	1.004086e+01	5.639444e-03	1.177179548400e+02	7.727835721558e+00	1.254457905615e+02	5.711933e-02	2.830234e+00	1.430709484201e+00	1.250751473734e+02	6.868209e-03	-3.531064e-03	3.310209e-06	-1.007894e-05
454.00	8.420979e+01	5.528368e+00	1.234316e+01	9.256324e+01	-1.114811e+01	9.657512e-01	6.914017e+00	-4.742212e+00	1.866340e+02	6.205784e-01	2.389956e-01	1.004075e+01	5.639539e-03	1.177170339063e+02	7.728117199315e+00	1.254451511056e+02	5.711890e-02	2.830212e+00	1.430710265224e+00	1.250745452462e+02	-5.625067e-03	5.292244e-03	-3.570107e-07	1.056192e-05
456.00	8.420919e+01	5.528544e+00	1.234320e+01	9.256251e+01	-1.114805e+01	9.657686e-01	6.914240e+00	-4.742302e+00	1.866331e+02	6.205779e-01	2.389950e-01	1.004070e+01	5.639630e-03	1.177161460387e+02	7.728365330048e+00	1.254445113688e+02	5.711863e-02	2.830192e+00	1.430707956720e+00	1.250739442794e+02	3.943560e-03	-6.641217e-03	-2.609753e-06	-1.020732e-05
458.00	8.420832e+01	5.528671e+00	1.234326e+01	9.256215e+01	-1.114805e+01	9.657852e-01	6.914441e+00	-4.742388e+00	1.866322e+02	6.205779e-01	2.389950e-01	1.004069e+01	5.639712e-03	1.177153051192e+02	7.728566279371e+00	1.254438713986e+02	5.711861e-02	2.830174e+00	1.430703446095e+00	1.250733449292e+02	-1.954700e-03	7.472881e-03	5.357715e-06	9.044203e-06
460.00	8.420728e+01	5.528747e+00	1.234333e+01	9.256205e+01	-1.114808e+01	9.657995e-01	6.914601e+00	-4.742460e+00	1.866313e+02	6.205783e-01	2.389955e-01	1.004071e+01	5.639777e-03	1.177145227687e+02	7.728708502824e+00	1.254432312716e+02	5.711884e-02	2.830159e+00	1.430698333840e+00	1.250727471597e+02	-1.865591e-04	-7.722436e-03	-7.671535e-06	-7.164904e-06
462.00	8.420626e+01	5.528774e+00	1.234338e+01	9.256205e+01	-1.114812e+01	9.658094e-01	6.914702e+00	-4.742508e+00	1.866303e+02	6.205790e-01	2.389963e-01	1.004074e+01	5.639818e-03	1.177138071964e+02	7.728783889147e+00	1.254425910856e+02	5.711924e-02	2.830147e+00	1.430694407828e+00	1.250721503744e+02	2.313389e-03	7.370426e-03	9.369902e-06	4.717885e-06
464.00	8.420542e+01	5.528761e+00	1.234341e+01	9.256196e+01	-1.114813e+01	9.658133e-01	6.914726e+00	-4.742523e+00	1.866294e+02	6.205797e-01	2.389972e-01	1.004075e+01	5.639828e-03	1.177131624128e+02	7.728788538476e+00	1.254419509512e+02	5.711965e-02	2.830138e+00	1.430693055860e+00	1.250715534162e+02	-4.260079e-03	-6.444266e-03	-1.031984e-05	-1.896046e-06
466.00	8.420488e+01	5.528715e+00	1.234339e+01	9.256165e+01	-1.114809e+01	9.658100e-01	6.914667e+00	-4.742498e+00	1.866285e+02	6.205802e-01	2.389977e-01	1.004071e+01	5.639804e-03	1.177125879203e+02	7.728723061210e+00	1.254413109815e+02	5.711992e-02	2.830131e+00	1.430694816207e+00	1.250709546375e+02	5.874945e-03	5.016107e-03	1.044709e-05	-1.078552e-06
468.00	8.420468e+01	5.528640e+00	1.234331e+01	9.256107e+01	-1.114799e+01	9.657994e-01	6.914526e+00	-4.742432e+00	1.866276e+02	6.205802e-01	2.389978e-01	1.004063e+01	5.639747e-03	1.177120789167e+02	7.728592364578e+00	1.254406712813e+02	5.711992e-02	2.830126e+00	1.430699202641e+00	1.250703520238e+02	-7.032156e-03	-3.197224e-03	-9.741805e-06	3.972148e-06
470.00	8.420477e+01	5.528539e+00	1.234319e+01	9.256025e+01	-1.114784e+01	9.657825e-01	6.914318e+00	-4.742333e+00	1.866267e+02	6.205797e-01	2.389971e-01	1.004051e+01	5.639662e-03	1.177116269595e+02	7.728404978050e+00	1.254400319376e+02	5.711962e-02	2.830123e+00	1.430704871776e+00	1.250697433523e+02	7.641545e-03	1.129340e-03	8.259081e-06	-6.557528e-06
472.00	8.420501e+01	5.528409e+00	1.234304e+01	9.255936e+01	-1.114766e+01	9.657611e-01	6.914063e+00	-4.742210e+00	1.866258e+02	6.205786e-01	2.389959e-01	1.004037e+01	5.639558e-03	1.177112209715e+02	7.728172039975e+00	1.254393930114e+02	5.711905e-02	2.830123e+00	1.430710058258e+00	1.250691263649e+02	-7.655638e-03	1.026416e-03	-6.114554e-06	8.631608e-06
474.00	8.420521e+01	5.528249e+00	1.234289e+01	9.255855e+01	-1.114748e+01	9.657376e-01	6.913787e+00	-4.742076e+00	1.866249e+02	6.205774e-01	2.389944e-01	1.004024e+01	5.639445e-03	1.177108484192e+02	7.727906113846e+00	1.254387545330e+02	5.711833e-02	2.830127e+00	1.430713156512e+00	1.250684989324e+02	7.073353e-03	-3.102079e-03	3.475398e-06	-1.003108e-05
476.00	8.420522e+01	5.528059e+00	1.234275e+01	9.255799e+01	-1.114734e+01	9.657140e-01	6.913514e+00	-4.741944e+00	1.866240e+02	6.205761e-01	2.389930e-01	1.004013e+01	5.639334e-03	1.177104964824e+02	7.727620016291e+00	1.254381164987e+02	5.711764e-02	2.830134e+00	1.430713234605e+00	1.250678592017e+02	-5.940075e-03	4.935933e-03	-5.474547e-07	1.064506e-05
478.00	8.420495e+01	5.527841e+00	1.234263e+01	9.255774e+01	-1.114724e+01	9.656918e-01	6.913260e+00	-4.741820e+00	1.866230e+02	6.205751e-01	2.389918e-01	1.004006e+01	5.639230e-03	1.177101530517e+02	7.727325819819e+00	1.254374788715e+02	5.711710e-02	2.830145e+00	1.430710337501e+00	1.250672057158e+02	4.344114e-03	-6.385113e-03	-2.440648e-06	-1.042380e-05
480.00	8.420442e+01	5.527605e+00	1.234253e+01	9.255778e+01	-1.114719e+01	9.656714e-01	6.913033e+00	-4.741709e+00	1.866221e+02	6.205745e-01	2.389912e-01	1.004003e+01	5.639138e-03	1.177098074375e+02	7.727034147176e+00	1.254368415847e+02	5.711678e-02	2.830159e+00	1.430705462726e+00	1.250665375081e+02	-2.409818e-03	7.336725e-03	5.255240e-06	9.382713e-06
482.00	8.420371e+01	5.527364e+00	1.234244e+01	9.255800e+01	-1.114716e+01	9.656526e-01	6.912833e+00	-4.741609e+00	1.866212e+02	6.205744e-01	2.389910e-01	1.004002e+01	5.639056e-03	1.177094507352e+02	7.726753811227e+00	1.254362045464e+02	5.711669e-02	2.830178e+00	1.430700234484e+00	1.250658541733e+02	2.878919e-04	-7.716639e-03	-7.675905e-06	-7.601382e-06
484.00	8.420298e+01	5.527134e+00	1.234234e+01	9.255821e+01	-1.114713e+01	9.656344e-01	6.912652e+00	-4.741515e+00	1.866203e+02	6.205745e-01	2.389911e-01	1.004001e+01	5.638982e-03	1.177090758594e+02	7.726491787378e+00	1.254355676468e+02	5.711673e-02	2.830199e+00	1.430696374241e+00	1.250651559164e+02	1.856342e-03	7.495261e-03	9.512837e-06	5.217389e-06
486.00	8.420239e+01	5.526929e+00	1.234222e+01	9.255824e+01	-1.114705e+01	9.656157e-01	6.912482e+00	-4.741420e+00	1.866194e+02	6.205745e-01	2.389911e-01	1.003996e+01	5.638913e-03	1.177086773178e+02	7.726253447364e+00	1.254349307652e+02	5.711676e-02	2.830223e+00	1.430695147552e+00	1.250644435815e+02	-3.855816e-03	-6.689842e-03	-1.062178e-05	-2.415500e-06
488.00	8.420203e+01	5.526761e+00	1.234206e+01	9.255797e+01	-1.114691e+01	9.655959e-01	6.912315e+00	-4.741321e+00	1.866185e+02	6.205743e-01	2.389908e-01	1.003986e+01	5.638845e-03	1.177082508329e+02	7.726042943916e+00	1.254342937768e+02	5.711663e-02	2.830249e+00	1.430696960989e+00	1.250637186563e+02	5.554738e-03	5.363141e-03	1.091527e-05	-5.868818e-07
490.00	8.420192e+01	5.526635e+00	1.234187e+01	9.255736e+01	-1.114670e+01	9.655751e-01	6.912151e+00	-4.741219e+00	1.866176e+02	6.205735e-01	2.389900e-01	1.003971e+01	5.638778e-03	1.177077929385e+02	7.725863621275e+00	1.254336565598e+02	5.711623e-02	2.830277e+00	1.430701243985e+00	1.250629832485e+02	-6.820729e-03	-3.618540e-03	-1.036940e-05	3.556771e-06
492.00	8.420201e+01	5.526550e+00	1.234165e+01	9.255649e+01	-1.114645e+01	9.655541e-01	6.911998e+00	-4.741118e+00	1.866167e+02	6.205723e-01	2.389886e-01	1.003952e+01	5.638715e-03	1.177073006623e+02	7.725718337651e+00	1.254330190000e+02	5.711555e-02	2.830305e+00	1.430706641947e+00	1.250622400309e+02	7.555150e-03	1.591986e-03	9.025439e-06	-6.263732e-06
494.00	8.420214e+01	5.526501e+00	1.234142e+01	9.255551e+01	-1.114618e+01	9.655346e-01	6.911865e+00	-4.741025e+00	1.866158e+02	6.205707e-01	2.389867e-01	1.003931e+01	5.638661e-03	1.177067713770e+02	7.725609618455e+00	1.254323809954e+02	5.711466e-02	2.830334e+00	1.430711466295e+00	1.250614921523e+02	-7.700786e-03	5.586035e-04	-6.986619e-06	8.497673e-06
496.00	8.420217e+01	5.526478e+00	1.234121e+01	9.255459e+01	-1.114592e+01	9.655183e-01	6.911768e+00	-4.740951e+00	1.866149e+02	6.205689e-01	2.389847e-01	1.003912e+01	5.638622e-03	1.177062028542e+02	7.725539605607e+00	1.254317424598e+02	5.711369e-02	2.830362e+00	1.430714239318e+00	1.250607431200e+02	7.246305e-03	-2.665657e-03	4.410108e-06	-1.008507e-05
498.00	8.420194e+01	5.526475e+00	1.234104e+01	9.255388e+01	-1.114570e+01	9.655065e-01	6.911719e+00	-4.740903e+00	1.866140e+02	6.205673e-01	2.389828e-01	1.003896e+01	5.638602e-03	1.177055935059e+02	7.725509818614e+00	1.254311033245e+02	5.711279e-02	2.830390e+00	1.430714169849e+00	1.250599966599e+02	-6.227133e-03	4.565006e-03	-1.494955e-06	1.090238e-05
500.00	8.420142e+01	5.526487e+00	1.234091e+01	9.255343e+01	-1.114555e+01	9.655002e-01	6.911723e+00	-4.740883e+00	1.866130e+02	6.205661e-01	2.389814e-01	1.003884e+01	5.638603e-03	1.177049427531e+02	7.725520787389e+00	1.254304635405e+02	5.711212e-02	2.830414e+00	1.430711395323e+00	1.250592565672e+02	4.722683e-03	-6.108671e-03	-1.533245e-06	-1.088580e-05
502.00	8.420061e+01	5.526515e+00	1.234083e+01	9.255323e+01	-1.114545e+01	9.654991e-01	6.911779e+00	-4.740892e+00	1.866121e+02	6.205654e-01	2.389806e-01	1.003877e+01	5.638626e-03	1.177042514332e+02	7.725571646853e+00	1.254298230801e+02	5.711173e-02	2.830436e+00	1.430706922659e+00	1.250585265591e+02	-2.850169e-03	7.176388e-03	4.439868e-06	1.003635e-05
504.00	8.419964e+01	5.526562e+00	1.234079e+01	9.255315e+01	-1.114539e+01	9.655024e-01	6.911878e+00	-4.740923e+00	1.866112e+02	6.205652e-01	2.389804e-01	1.003873e+01	5.638666e-03	1.177035221436e+02	7.725659794308e+00	1.254291819379e+02	5.711163e-02	2.830452e+00	1.430702287952e+00	1.250578101388e+02	7.554736e-04	-7.684967e-03	-6.999627e-06	-8.419990e-06
506.00	8.419866e+01	5.526634e+00	1.234077e+01	9.255303e+01	-1.114535e+01	9.655088e-01	6.912005e+00	-4.740968e+00	1.866103e+02	6.205654e-01	2.389806e-01	1.003870e+01	5.638718e-03	1.177027594311e+02	7.725780701225e+00	1.254285401323e+02	5.711174e-02	2.830463e+00	1.430699049366e+00	1.250571104763e+02	1.398209e-03	7.594776e-03	9.014279e-06	6.162486e-06
508.00	8.419782e+01	5.526732e+00	1.234075e+01	9.255271e+01	-1.114529e+01	9.655167e-01	6.912146e+00	-4.741018e+00	1.866094e+02	6.205657e-01	2.389810e-01	1.003865e+01	5.638776e-03	1.177019697619e+02	7.725927944266e+00	1.254278977062e+02	5.711191e-02	2.830466e+00	1.430698282326e+00	1.250564303037e+02	-3.443083e-03	-6.912828e-03	-1.032820e-05	-3.439509e-06
510.00	8.419722e+01	5.526856e+00	1.234073e+01	9.255210e+01	-1.114520e+01	9.655250e-01	6.912286e+00	-4.741066e+00	1.866085e+02	6.205659e-01	2.389812e-01	1.003858e+01	5.638833e-03	1.177011612458e+02	7.726093481549e+00	1.254272547273e+02	5.711203e-02	2.830462e+00	1.430700238987e+00	1.250557718214e+02	5.219824e-03	5.692245e-03	1.084048e-05	4.627739e-07
512.00	8.419687e+01	5.527001e+00	1.234070e+01	9.255120e+01	-1.114508e+01	9.655334e-01	6.912418e+00	-4.741110e+00	1.866075e+02	6.205659e-01	2.389812e-01	1.003847e+01	5.638887e-03	1.177003431311e+02	7.726268156941e+00	1.254266112880e+02	5.711201e-02	2.830450e+00	1.430704281638e+00	1.250551366084e+02	-6.589997e-03	-4.028120e-03	-1.051265e-05	2.536561e-06
514.00	8.419670e+01	5.527153e+00	1.234067e+01	9.255009e+01	-1.114494e+01	9.655420e-01	6.912539e+00	-4.741151e+00	1.866066e+02	6.205656e-01	2.389808e-01	1.003836e+01	5.638936e-03	1.176995251286e+02	7.726442375194e+00	1.254259675037e+02	5.711183e-02	2.830432e+00	1.430709108651e+00	1.250545255324e+02	7.446848e-03	2.050110e-03	9.371466e-06	-5.325854e-06
516.00	8.419659e+01	5.527300e+00	1.234066e+01	9.254894e+01	-1.114481e+01	9.655516e-01	6.912650e+00	-4.741191e+00	1.866057e+02	6.205651e-01	2.389802e-01	1.003824e+01	5.638981e-03	1.176987166495e+02	7.726606860839e+00	1.254253235104e+02	5.711156e-02	2.830407e+00	1.430713193906e+00	1.250539386604e+02	-7.723624e-03	8.767530e-05	-7.506755e-06	7.688960e-06
518.00	8.419640e+01	5.527425e+00	1.234068e+01	9.254792e+01	-1.114473e+01	9.655629e-01	6.912756e+00	-4.741235e+00	1.866048e+02	6.205646e-01	2.389797e-01	1.003816e+01	5.639024e-03	1.176979260614e+02	7.726753398752e+00	1.254246794602e+02	5.711131e-02	2.830377e+00	1.430715294191e+00	1.250533751793e+02	7.398772e-03	-2.218682e-03	5.064424e-06	-9.442864e-06
520.00	8.419600e+01	5.527518e+00	1.234073e+01	9.254715e+01	-1.114470e+01	9.655764e-01	6.912857e+00	-4.741286e+00	1.866038e+02	6.205644e-01	2.389795e-01	1.003812e+01	5.639066e-03	1.176971600603e+02	7.726875456209e+00	1.254240355165e+02	5.711120e-02	2.830344e+00	1.430714858209e+00	1.250528333384e+02	-6.497609e-03	4.176897e-03	-2.235261e-06	1.045187e-05
522.00	8.419537e+01	5.527575e+00	1.234083e+01	9.254668e+01	-1.114473e+01	9.655918e-01	6.912954e+00	-4.741343e+00	1.866029e+02	6.205647e-01	2.389798e-01	1.003813e+01	5.639105e-03	1.176964232428e+02	7.726968604480e+00	1.254233918473e+02	5.711134e-02	2.830309e+00	1.430712200400e+00	1.250523104327e+02	5.090348e-03	-5.809773e-03	-7.597695e-07	-1.063821e-05
524.00	8.419454e+01	5.527596e+00	1.234096e+01	9.254649e+01	-1.114482e+01	9.656084e-01	6.913038e+00	-4.741403e+00	1.866020e+02	6.205654e-01	2.389806e-01	1.003818e+01	5.639140e-03	1.176957179284e+02	7.727030689103e+00	1.254227486175e+02	5.711174e-02	2.830273e+00	1.430708391008e+00	1.250518028406e+02	-3.286620e-03	6.990111e-03	3.686701e-06	9.988294e-06
526.00	8.419362e+01	5.527589e+00	1.234110e+01	9.254643e+01	-1.114493e+01	9.656247e-01	6.913102e+00	-4.741457e+00	1.866011e+02	6.205665e-01	2.389819e-01	1.003826e+01	5.639166e-03	1.176950442448e+02	7.727061736767e+00	1.254221059816e+02	5.711235e-02	2.830237e+00	1.430704892781e+00	1.250513061275e+02	1.226938e-03	-7.625962e-03	-6.316882e-06	-8.553842e-06
528.00	8.419277e+01	5.527565e+00	1.234122e+01	9.254636e+01	-1.114504e+01	9.656390e-01	6.913136e+00	-4.741499e+00	1.866002e+02	6.205678e-01	2.389834e-01	1.003833e+01	5.639179e-03	1.176944004489e+02	7.727063626643e+00	1.254214640755e+02	5.711305e-02	2.830201e+00	1.430703074079e+00	1.250508152146e+02	9.282447e-04	7.667788e-03	8.444960e-06	6.447925e-06
530.00	8.419210e+01	5.527535e+00	1.234132e+01	9.254612e+01	-1.114510e+01	9.656498e-01	6.913131e+00	-4.741521e+00	1.865992e+02	6.205690e-01	2.389847e-01	1.003837e+01	5.639177e-03	1.176937834212e+02	7.727039588578e+00	1.254208230098e+02	5.711370e-02	2.830166e+00	1.430703751219e+00	1.250503246039e+02	-3.011026e-03	-7.112329e-03	-9.905012e-06	-3.836009e-06
532.00	8.419170e+01	5.527505e+00	1.234138e+01	9.254563e+01	-1.114511e+01	9.656563e-01	6.913086e+00	-4.741519e+00	1.865983e+02	6.205698e-01	2.389857e-01	1.003837e+01	5.639159e-03	1.176931892489e+02	7.726993614165e+00	1.254201828630e+02	5.711415e-02	2.830133e+00	1.430706916428e+00	1.250498286397e+02	4.859141e-03	6.002859e-03	1.058347e-05	9.228806e-07
534.00	8.419155e+01	5.527478e+00	1.234139e+01	9.254489e+01	-1.114507e+01	9.656584e-01	6.913005e+00	-4.741495e+00	1.865974e+02	6.205701e-01	2.389860e-01	1.003832e+01	5.639126e-03	1.176926138018e+02	7.726929875536e+00	1.254195436774e+02	5.711432e-02	2.830103e+00	1.430711734097e+00	1.250493217831e+02	-6.328605e-03	-4.425822e-03	-1.042785e-05	2.063421e-06
536.00	8.419156e+01	5.527452e+00	1.234136e+01	9.254399e+01	-1.114498e+01	9.656569e-01	6.912900e+00	-4.741454e+00	1.865965e+02	6.205699e-01	2.389858e-01	1.003824e+01	5.639083e-03	1.176920532160e+02	7.726852239563e+00	1.254189054556e+02	5.711420e-02	2.830077e+00	1.430716811170e+00	1.250487988744e+02	7.304940e-03	2.504093e-03	9.450667e-06	-4.889376e-06
538.00	8.419161e+01	5.527418e+00	1.234132e+01	9.254308e+01	-1.114487e+01	9.656529e-01	6.912783e+00	-4.741403e+00	1.865956e+02	6.205693e-01	2.389851e-01	1.003814e+01	5.639036e-03	1.176915042165e+02	7.726763943437e+00	1.254182681600e+02	5.711387e-02	2.830056e+00	1.430720644975e+00	1.250482553621e+02	-7.712094e-03	-3.874038e-04	-7.728345e-06	7.334037e-06
540.00	8.419155e+01	5.527372e+00	1.234126e+01	9.254230e+01	-1.114477e+01	9.656477e-01	6.912669e+00	-4.741351e+00	1.865947e+02	6.205685e-01	2.389842e-01	1.003805e+01	5.638989e-03	1.176909642482e+02	7.726667465312e+00	1.254176317135e+02	5.711344e-02	2.830041e+00	1.430722111942e+00	1.250476874872e+02	7.518366e-03	-1.759334e-03	5.395329e-06	-9.206117e-06
542.00	8.419127e+01	5.527305e+00	1.234120e+01	9.254176e+01	-1.114469e+01	9.656422e-01	6.912568e+00	-4.741302e+00	1.865938e+02	6.205678e-01	2.389834e-01	1.003799e+01	5.638948e-03	1.176904314158e+02	7.726564586764e+00	1.254169960026e+02	5.711304e-02	2.830033e+00	1.430720825775e+00	1.250470924154e+02	-6.738867e-03	3.768877e-03	-2.633724e-06	1.035881e-05
544.00	8.419075e+01	5.527219e+00	1.234116e+01	9.254150e+01	-1.114463e+01	9.656365e-01	6.912483e+00	-4.741260e+00	1.865929e+02	6.205673e-01	2.389828e-01	1.003795e+01	5.638913e-03	1.176899042730e+02	7.726456608880e+00	1.254163608819e+02	5.711277e-02	2.830032e+00	1.430717263731e+00	1.250464683223e+02	5.434340e-03	-5.484675e-03	-3.407498e-07	-1.070132e-05
546.00	8.419005e+01	5.527116e+00	1.234111e+01	9.254146e+01	-1.114460e+01	9.656302e-01	6.912411e+00	-4.741221e+00	1.865919e+02	6.205671e-01	2.389825e-01	1.003793e+01	5.638884e-03	1.176893815232e+02	7.726344657215e+00	1.254157261804e+02	5.711265e-02	2.830039e+00	1.430712607842e+00	1.250458144379e+02	-3.706422e-03	6.773065e-03	3.295534e-06	1.020609e-05
548.00	8.418927e+01	5.527005e+00	1.234104e+01	9.254150e+01	-1.114456e+01	9.656222e-01	6.912345e+00	-4.741182e+00	1.865910e+02	6.205670e-01	2.389825e-01	1.003790e+01	5.638857e-03	1.176888617111e+02	7.726229997434e+00	1.254150917085e+02	5.711264e-02	2.830053e+00	1.430708366243e+00	1.250451310586e+02	1.689729e-03	-7.533677e-03	-5.999445e-06	-8.911052e-06
550.00	8.418855e+01	5.526895e+00	1.234095e+01	9.254147e+01	-1.114448e+01	9.656115e-01	6.912275e+00	-4.741134e+00	1.865901e+02	6.205670e-01	2.389825e-01	1.003785e+01	5.638828e-03	1.176883429807e+02	7.726114285422e+00	1.254144572661e+02	5.711263e-02	2.830074e+00	1.430705889852e+00	1.250444195322e+02	4.586235e-04	7.707251e-03	8.240845e-06	6.916750e-06
552.00	8.418801e+01	5.526797e+00	1.234081e+01	9.254125e+01	-1.114435e+01	9.655970e-01	6.912192e+00	-4.741074e+00	1.865892e+02	6.205668e-01	2.389822e-01	1.003776e+01	5.638795e-03	1.176878229580e+02	7.725999692408e+00	1.254138226504e+02	5.711249e-02	2.830101e+00	1.430705946898e+00	1.250436822181e+02	-2.571258e-03	-7.280262e-03	-9.844259e-06	-4.378362e-06
554.00	8.418771e+01	5.526717e+00	1.234063e+01	9.254075e+01	-1.114415e+01	9.655786e-01	6.912095e+00	-4.740999e+00	1.865883e+02	6.205661e-01	2.389814e-01	1.003762e+01	5.638755e-03	1.176872987911e+02	7.725888873622e+00	1.254131876647e+02	5.711213e-02	2.830133e+00	1.430708487286e+00	1.250429224188e+02	4.483575e-03	6.285972e-03	1.068405e-05	1.493483e-06
556.00	8.418762e+01	5.526655e+00	1.234040e+01	9.254002e+01	-1.114390e+01	9.655568e-01	6.911985e+00	-4.740912e+00	1.865874e+02	6.205649e-01	2.389801e-01	1.003743e+01	5.638710e-03	1.176867673429e+02	7.725784782673e+00	1.254125521256e+02	5.711147e-02	2.830169e+00	1.430712675068e+00	1.250421442796e+02	-6.046583e-03	-4.801847e-03	-1.069411e-05	1.513369e-06
558.00	8.418765e+01	5.526611e+00	1.234015e+01	9.253912e+01	-1.114360e+01	9.655329e-01	6.911872e+00	-4.740818e+00	1.865865e+02	6.205633e-01	2.389782e-01	1.003722e+01	5.638664e-03	1.176862255044e+02	7.725690366362e+00	1.254119158707e+02	5.711056e-02	2.830208e+00	1.430717168152e+00	1.250413526518e+02	7.138506e-03	2.943521e-03	9.872871e-06	-4.408213e-06
560.00	8.418768e+01	5.526576e+00	1.233988e+01	9.253822e+01	-1.114330e+01	9.655087e-01	6.911768e+00	-4.740725e+00	1.865856e+02	6.205613e-01	2.389759e-01	1.003699e+01	5.638622e-03	1.176856705651e+02	7.725608199704e+00	1.254112787648e+02	5.710949e-02	2.830249e+00	1.430720562032e+00	1.250405529186e+02	-7.674281e-03	-8.557747e-04	-8.283351e-06	6.965713e-06
562.00	8.418757e+01	5.526546e+00	1.233964e+01	9.253745e+01	-1.114303e+01	9.654861e-01	6.911684e+00	-4.740643e+00	1.865847e+02	6.205594e-01	2.389736e-01	1.003679e+01	5.638587e-03	1.176851005714e+02	7.725540133674e+00	1.254106407051e+02	5.710840e-02	2.830291e+00	1.430721838843e+00	1.250397507893e+02	7.612173e-03	-1.298742e-03	6.048332e-06	-8.986583e-06
564.00	8.418723e+01	5.526515e+00	1.233943e+01	9.253691e+01	-1.114279e+01	9.654663e-01	6.911628e+00	-4.740576e+00	1.865838e+02	6.205576e-01	2.389716e-01	1.003662e+01	5.638565e-03	1.176845145988e+02	7.725487026309e+00	1.254100016251e+02	5.710742e-02	2.830331e+00	1.430720691018e+00	1.250389520722e+02	-6.957026e-03	3.352188e-03	-3.340929e-06	1.031308e-05
566.00	8.418664e+01	5.526481e+00	1.233925e+01	9.253660e+01	-1.114262e+01	9.654503e-01	6.911602e+00	-4.740527e+00	1.865829e+02	6.205562e-01	2.389700e-01	1.003650e+01	5.638554e-03	1.176839128858e+02	7.725448611903e+00	1.254093614977e+02	5.710667e-02	2.830370e+00	1.430717603206e+00	1.250381624403e+02	5.759877e-03	-5.144602e-03	3.712465e-07	-1.084137e-05
568.00	8.418588e+01	5.526447e+00	1.233911e+01	9.253647e+01	-1.114249e+01	9.654381e-01	6.911600e+00	-4.740494e+00	1.865820e+02	6.205554e-01	2.389690e-01	1.003641e+01	5.638553e-03	1.176832967989e+02	7.725423536682e+00	1.254087203356e+02	5.710619e-02	2.830404e+00	1.430713680092e+00	1.250373872062e+02	-4.113978e-03	6.536358e-03	2.629955e-06	1.052974e-05
570.00	8.418505e+01	5.526417e+00	1.233900e+01	9.253640e+01	-1.114238e+01	9.654289e-01	6.911612e+00	-4.740472e+00	1.865811e+02	6.205549e-01	2.389685e-01	1.003634e+01	5.638558e-03	1.176826686335e+02	7.725409557827e+00	1.254080781913e+02	5.710594e-02	2.830433e+00	1.430710274024e+00	1.250366311189e+02	2.147535e-03	-7.419037e-03	-5.429314e-06	-9.402002e-06
572.00	8.418429e+01	5.526397e+00	1.233891e+01	9.253623e+01	-1.114229e+01	9.654221e-01	6.911627e+00	-4.740455e+00	1.865801e+02	6.205547e-01	2.389683e-01	1.003627e+01	5.638564e-03	1.176820312822e+02	7.725403872478e+00	1.254074351547e+02	5.710585e-02	2.830454e+00	1.430708538574e+00	1.250358981947e+02	-1.372559e-05	7.723871e-03	7.809188e-06	7.545638e-06
574.00	8.418370e+01	5.526390e+00	1.233883e+01	9.253586e+01	-1.114218e+01	9.654168e-01	6.911634e+00	-4.740439e+00	1.865792e+02	6.205546e-01	2.389682e-01	1.003620e+01	5.638567e-03	1.176813878293e+02	7.725403520155e+00	1.254067913494e+02	5.710579e-02	2.830467e+00	1.430709055521e+00	1.250351915835e+02	-2.121230e-03	-7.427104e-03	-9.584703e-06	-5.104882e-06
576.00	8.418334e+01	5.526399e+00	1.233874e+01	9.253524e+01	-1.114205e+01	9.654127e-01	6.911628e+00	-4.740420e+00	1.865783e+02	6.205545e-01	2.389680e-01	1.003610e+01	5.638565e-03	1.176807411376e+02	7.725405790069e+00	1.254061469277e+02	5.710569e-02	2.830472e+00	1.430711654706e+00	1.250345134732e+02	4.091018e-03	6.551848e-03	1.061813e-05	2.269352e-06
578.00	8.418317e+01	5.526418e+00	1.233867e+01	9.253441e+01	-1.114192e+01	9.654100e-01	6.911609e+00	-4.740399e+00	1.865774e+02	6.205541e-01	2.389676e-01	1.003598e+01	5.638557e-03	1.176800934980e+02	7.725408565988e+00	1.254055020640e+02	5.710550e-02	2.830468e+00	1.430715482657e+00	1.250338650275e+02	-5.742189e-03	-5.166286e-03	-1.082949e-05	7.407952e-07
580.00	8.418310e+01	5.526443e+00	1.233861e+01	9.253347e+01	-1.114178e+01	9.654094e-01	6.911582e+00	-4.740380e+00	1.865764e+02	6.205536e-01	2.389670e-01	1.003587e+01	5.638546e-03	1.176794463929e+02	7.725410554712e+00	1.254048569476e+02	5.710523e-02	2.830456e+00	1.430719298020e+00	1.250332463544e+02	6.946120e-03	3.378359e-03	1.020263e-05	-3.691971e-06
582.00	8.418301e+01	5.526464e+00	1.233858e+01	9.253255e+01	-1.114168e+01	9.654117e-01	6.911556e+00	-4.740369e+00	1.865755e+02	6.205531e-01	2.389665e-01	1.003578e+01	5.638535e-03	1.176788004084e+02	7.725411366725e+00	1.254042117751e+02	5.710497e-02	2.830437e+00	1.430721887281e+00	1.250326565043e+02	-7.609038e-03	-1.327348e-03	-8.786437e-06	6.355199e-06
584.00	8.418278e+01	5.526477e+00	1.233859e+01	9.253179e+01	-1.114163e+01	9.654176e-01	6.911540e+00	-4.740371e+00	1.865746e+02	6.205529e-01	2.389661e-01	1.003573e+01	5.638529e-03	1.176781552978e+02	7.725411444513e+00	1.254035667423e+02	5.710481e-02	2.830412e+00	1.430722471900e+00	1.250320934979e+02	7.679315e-03	-8.269763e-04	6.691056e-06	-8.523812e-06
586.00	8.418234e+01	5.526477e+00	1.233865e+01	9.253126e+01	-1.114163e+01	9.654273e-01	6.911541e+00	-4.740388e+00	1.865737e+02	6.205529e-01	2.389662e-01	1.003572e+01	5.638529e-03	1.176775101760e+02	7.725411860102e+00	1.254029220361e+02	5.710485e-02	2.830382e+00	1.430720963779e+00	1.250315543893e+02	-7.151493e-03	2.916805e-03	-4.079478e-06	1.002949e-05
588.00	8.418168e+01	5.526466e+00	1.233875e+01	9.253097e+01	-1.114169e+01	9.654404e-01	6.911558e+00	-4.740418e+00	1.865728e+02	6.205534e-01	2.389668e-01	1.003575e+01	5.638536e-03	1.176768638042e+02	7.725414023968e+00	1.254022778282e+02	5.710513e-02	2.830349e+00	1.430717993366e+00	1.250310353668e+02	6.066695e-03	-4.779359e-03	1.154963e-06	-1.075545e-05
590.00	8.418088e+01	5.526450e+00	1.233887e+01	9.253083e+01	-1.114178e+01	9.654558e-01	6.911588e+00	-4.740459e+00	1.865718e+02	6.205544e-01	2.389679e-01	1.003581e+01	5.638548e-03	1.176762149088e+02	7.725419359283e+00	1.254016342681e+02	5.710564e-02	2.830313e+00	1.430714699008e+00	1.250305318941e+02	-4.509425e-03	6.269565e-03	1.854769e-06	1.064566e-05
592.00	8.418004e+01	5.526436e+00	1.233900e+01	9.253072e+01	-1.114189e+01	9.654719e-01	6.911623e+00	-4.740502e+00	1.865709e+02	6.205556e-01	2.389692e-01	1.003588e+01	5.638563e-03	1.176755624814e+02	7.725428997105e+00	1.254009914785e+02	5.710630e-02	2.830276e+00	1.430712347800e+00	1.250300388905e+02	2.600989e-03	-7.271348e-03	-4.715360e-06	-9.709340e-06
594.00	8.417930e+01	5.526432e+00	1.233912e+01	9.253051e+01	-1.114198e+01	9.654873e-01	6.911655e+00	-4.740542e+00	1.865700e+02	6.205568e-01	2.389707e-01	1.003593e+01	5.638575e-03	1.176749060114e+02	7.725443540127e+00	1.254003495515e+02	5.710698e-02	2.830239e+00	1.430711916706e+00	1.250295509412e+02	-4.900466e-04	7.706676e-03	7.204217e-06	8.020205e-06
596.00	8.417873e+01	5.526443e+00	1.233922e+01	9.253009e+01	-1.114202e+01	9.655007e-01	6.911675e+00	-4.740572e+00	1.865691e+02	6.205578e-01	2.389719e-01	1.003595e+01	5.638584e-03	1.176742456188e+02	7.725462927265e+00	1.253997085461e+02	5.710755e-02	2.830202e+00	1.430713766101e+00	1.250290625251e+02	-1.658963e-03	-7.541642e-03	-9.127944e-06	-5.710631e-06
598.00	8.417838e+01	5.526471e+00	1.233928e+01	9.252943e+01	-1.114201e+01	9.655113e-01	6.911682e+00	-4.740590e+00	1.865681e+02	6.205585e-01	2.389726e-01	1.003593e+01	5.638587e-03	1.176735820752e+02	7.725486411891e+00	1.253990684871e+02	5.710791e-02	2.830166e+00	1.430717516948e+00	1.250285682445e+02	3.678630e-03	6.789107e-03	1.033739e-05	2.961180e-06
600.00	8.417821e+01	5.526511e+00	1.233930e+01	9.252858e+01	-1.114196e+01	9.655193e-01	6.911679e+00	-4.740598e+00	1.865672e+02	6.205587e-01	2.389728e-01	1.003587e+01	5.638585e-03	1.176729167185e+02	7.725512646641e+00	1.253984293651e+02	5.710801e-02	2.830133e+00	1.430722168119e+00	1.250280630391e+02	-5.411622e-03	-5.507706e-03	-1.073914e-05	1.355827e-08
602.00	8.417811e+01	5.526557e+00	1.233930e+01	9.252764e+01	-1.114188e+01	9.655251e-01	6.911671e+00	-4.740599e+00	1.865663e+02	6.205584e-01	2.389726e-01	1.003580e+01	5.638582e-03	1.176722512874e+02	7.725539850787e+00	1.253977911382e+02	5.710789e-02	2.830103e+00	1.430726414864e+00	1.250275423714e+02	6.722941e-03	3.797275e-03	1.030262e-05	-2.981652e-06
604.00	8.417798e+01	5.526598e+00	1.233929e+01	9.252674e+01	-1.114180e+01	9.655297e-01	6.911666e+00	-4.740598e+00	1.865654e+02	6.205580e-01	2.389720e-01	1.003572e+01	5.638580e-03	1.176715877086e+02	7.725566024760e+00	1.253971537333e+02	5.710763e-02	2.830078e+00	1.430729066879e+00	1.250270023742e+02	-7.510447e-03	-1.791069e-03	-9.062470e-06	5.711779e-06
606.00	8.417770e+01	5.526627e+00	1.233928e+01	9.252601e+01	-1.114172e+01	9.655336e-01	6.911671e+00	-4.740600e+00	1.865645e+02	6.205574e-01	2.389714e-01	1.003565e+01	5.638582e-03	1.176709278781e+02	7.725589171916e+00	1.253965170501e+02	5.710733e-02	2.830059e+00	1.430729425956e+00	1.250264399584e+02	7.712809e-03	-3.546211e-04	7.115791e-06	-7.991114e-06
608.00	8.417722e+01	5.526639e+00	1.233927e+01	9.252550e+01	-1.114167e+01	9.655372e-01	6.911688e+00	-4.740606e+00	1.865636e+02	6.205570e-01	2.389709e-01	1.003560e+01	5.638589e-03	1.176702734738e+02	7.725607490221e+00	1.253958809640e+02	5.710709e-02	2.830046e+00	1.430727505645e+00	1.250258528841e+02	-7.314276e-03	2.472647e-03	-4.614776e-06	9.641869e-06
610.00	8.417656e+01	5.526634e+00	1.233926e+01	9.252522e+01	-1.114163e+01	9.655402e-01	6.911717e+00	-4.740616e+00	1.865627e+02	6.205568e-01	2.389707e-01	1.003557e+01	5.638601e-03	1.176696258262e+02	7.725619505324e+00	1.253952453315e+02	5.710697e-02	2.830039e+00	1.430724020665e+00	1.250252398006e+02	6.345901e-03	-4.398023e-03	1.754931e-06	-1.053520e-05
612.00	8.417577e+01	5.526615e+00	1.233925e+01	9.252507e+01	-1.114160e+01	9.655417e-01	6.911749e+00	-4.740625e+00	1.865618e+02	6.205568e-01	2.389706e-01	1.003555e+01	5.638614e-03	1.176689858650e+02	7.725624129503e+00	1.253946099946e+02	5.710697e-02	2.830040e+00	1.430720151691e+00	1.250246002636e+02	-4.883121e-03	5.980767e-03	1.240131e-06	1.060139e-05
614.00	8.417499e+01	5.526589e+00	1.233921e+01	9.252494e+01	-1.114156e+01	9.655406e-01	6.911774e+00	-4.740627e+00	1.865609e+02	6.205568e-01	2.389707e-01	1.003552e+01	5.638624e-03	1.176683541404e+02	7.725620645900e+00	1.253939747863e+02	5.710701e-02	2.830046e+00	1.430717166187e+00	1.250239347319e+02	3.039880e-03	-7.097586e-03	-4.136194e-06	-9.835369e-06
616.00	8.417431e+01	5.526565e+00	1.233914e+01	9.252471e+01	-1.114147e+01	9.655360e-01	6.911784e+00	-4.740615e+00	1.865600e+02	6.205568e-01	2.389707e-01	1.003546e+01	5.638628e-03	1.176677309055e+02	7.725608631692e+00	1.253933395372e+02	5.710699e-02	2.830058e+00	1.430716014075e+00	1.250232445465e+02	-9.597616e-04	7.661476e-03	6.706829e-06	8.297128e-06
618.00	8.417382e+01	5.526546e+00	1.233903e+01	9.252427e+01	-1.114133e+01	9.655270e-01	6.911770e+00	-4.740586e+00	1.865591e+02	6.205565e-01	2.389703e-01	1.003536e+01	5.638622e-03	1.176671162358e+02	7.725587844982e+00	1.253927040808e+02	5.710682e-02	2.830076e+00	1.430717034406e+00	1.250225318867e+02	-1.195194e-03	-7.628502e-03	-8.751127e-06	-6.106943e-06
620.00	8.417355e+01	5.526533e+00	1.233887e+01	9.252363e+01	-1.114114e+01	9.655138e-01	6.911732e+00	-4.740538e+00	1.865581e+02	6.205558e-01	2.389695e-01	1.003521e+01	5.638607e-03	1.176665101537e+02	7.725558106372e+00	1.253920682601e+02	5.710641e-02	2.830098e+00	1.430719860419e+00	1.250217996997e+02	3.257115e-03	7.001228e-03	1.010935e-05	3.435882e-06
622.00	8.417343e+01	5.526526e+00	1.233867e+01	9.252281e+01	-1.114090e+01	9.654970e-01	6.911672e+00	-4.740475e+00	1.865572e+02	6.205546e-01	2.389681e-01	1.003503e+01	5.638583e-03	1.176659127269e+02	7.725519206449e+00	1.253914319333e+02	5.710577e-02	2.830124e+00	1.430723554681e+00	1.250210515969e+02	-5.065375e-03	-5.828518e-03	-1.067526e-05	-4.923970e-07
624.00	8.417338e+01	5.526516e+00	1.233846e+01	9.252194e+01	-1.114064e+01	9.654779e-01	6.911598e+00	-4.740402e+00	1.865563e+02	6.205531e-01	2.389664e-01	1.003484e+01	5.638552e-03	1.176653241148e+02	7.725470864653e+00	1.253907949795e+02	5.710493e-02	2.830154e+00	1.430726925253e+00	1.250202917166e+02	6.479115e-03	4.201725e-03	1.040432e-05	-2.493877e-06
626.00	8.417328e+01	5.526496e+00	1.233824e+01	9.252114e+01	-1.114039e+01	9.654579e-01	6.911519e+00	-4.740326e+00	1.865554e+02	6.205514e-01	2.389645e-01	1.003465e+01	5.638520e-03	1.176647445484e+02	7.725412754246e+00	1.253901573026e+02	5.710401e-02	2.830185e+00	1.430728917844e+00	1.250195245539e+02	-7.388214e-03	-2.247574e-03	-9.317070e-06	5.289906e-06
628.00	8.417304e+01	5.526460e+00	1.233804e+01	9.252051e+01	-1.114016e+01	9.654385e-01	6.911442e+00	-4.740253e+00	1.865545e+02	6.205498e-01	2.389626e-01	1.003449e+01	5.638488e-03	1.176641742415e+02	7.725344594264e+00	1.253895188358e+02	5.710313e-02	2.830218e+00	1.430728956743e+00	1.250187547696e+02	7.721864e-03	1.182824e-04	7.497633e-06	-7.677309e-06
630.00	8.417260e+01	5.526405e+00	1.233786e+01	9.252011e+01	-1.113998e+01	9.654206e-01	6.911371e+00	-4.740187e+00	1.865536e+02	6.205485e-01	2.389610e-01	1.003436e+01	5.638460e-03	1.176636132483e+02	7.725266294888e+00	1.253888795432e+02	5.710238e-02	2.830252e+00	1.430727123394e+00	1.250179869895e+02	-7.454081e-03	2.020300e-03	-5.087250e-06	9.469341e-06
632.00	8.417200e+01	5.526331e+00	1.233771e+01	9.251990e+01	-1.113984e+01	9.654045e-01	6.911306e+00	-4.740128e+00	1.865527e+02	6.205475e-01	2.389599e-01	1.003426e+01	5.638433e-03	1.176630612910e+02	7.725178130380e+00	1.253882394214e+02	5.710184e-02	2.830284e+00	1.430724117134e+00	1.250172256105e+02	6.605722e-03	-4.001601e-03	2.273401e-06	-1.052552e-05
634.00	8.417130e+01	5.526243e+00	1.233759e+01	9.251981e+01	-1.113973e+01	9.653901e-01	6.911242e+00	-4.740074e+00	1.865518e+02	6.205469e-01	2.389592e-01	1.003419e+01	5.638407e-03	1.176625175923e+02	7.725080905994e+00	1.253875984983e+02	5.710150e-02	2.830314e+00	1.430721015754e+00	1.250164746292e+02	-5.242861e-03	5.671303e-03	7.247928e-07	1.076271e-05
636.00	8.417062e+01	5.526148e+00	1.233747e+01	9.251972e+01	-1.113963e+01	9.653769e-01	6.911173e+00	-4.740022e+00	1.865509e+02	6.205465e-01	2.389588e-01	1.003412e+01	5.638379e-03	1.176619807481e+02	7.724976083691e+00	1.253869568318e+02	5.710131e-02	2.830340e+00	1.430718913402e+00	1.250157375029e+02	3.471642e-03	-6.899352e-03	-3.673722e-06	-1.016166e-05
638.00	8.417005e+01	5.526055e+00	1.233736e+01	9.251950e+01	-1.113952e+01	9.653643e-01	6.911092e+00	-4.739967e+00	1.865499e+02	6.205463e-01	2.389585e-01	1.003404e+01	5.638346e-03	1.176614486697e+02	7.724865836642e+00	1.253863145063e+02	5.710118e-02	2.830361e+00	1.430718560931e+00	1.250150170489e+02	-1.430021e-03	7.590092e-03	6.343605e-06	8.768540e-06
640.00	8.416967e+01	5.525969e+00	1.233724e+01	9.251909e+01	-1.113939e+01	9.653521e-01	6.910998e+00	-4.739908e+00	1.865490e+02	6.205460e-01	2.389582e-01	1.003395e+01	5.638307e-03	1.176609186149e+02	7.724753013530e+00	1.253856716284e+02	5.710102e-02	2.830377e+00	1.430720120734e+00	1.250143153822e+02	-7.229816e-04	-7.689716e-03	-8.526459e-06	-6.691234e-06
642.00	8.416947e+01	5.525894e+00	1.233713e+01	9.251848e+01	-1.113925e+01	9.653405e-01	6.910891e+00	-4.739845e+00	1.865481e+02	6.205455e-01	2.389577e-01	1.003384e+01	5.638264e-03	1.176603873131e+02	7.724641008556e+00	1.253850283216e+02	5.710077e-02	2.830387e+00	1.430723120507e+00	1.250136338857e+02	2.819667e-03	7.190464e-03	1.005227e-05	4.090820e-06
644.00	8.416940e+01	5.525830e+00	1.233701e+01	9.251771e+01	-1.113910e+01	9.653302e-01	6.910778e+00	-4.739783e+00	1.865472e+02	6.205449e-01	2.389570e-01	1.003372e+01	5.638218e-03	1.176598511717e+02	7.724533549159e+00	1.253843847208e+02	5.710042e-02	2.830390e+00	1.430726614827e+00	1.250129732072e+02	-4.696723e-03	-6.131229e-03	-1.080211e-05	-1.168982e-06
646.00	8.416936e+01	5.525775e+00	1.233692e+01	9.251690e+01	-1.113895e+01	9.653220e-01	6.910670e+00	-4.739726e+00	1.865463e+02	6.205442e-01	2.389561e-01	1.003361e+01	5.638174e-03	1.176593065387e+02	7.724434427458e+00	1.253837409661e+02	5.710003e-02	2.830388e+00	1.430729502435e+00	1.250123332754e+02	6.207950e-03	4.594523e-03	1.071732e-05	-1.847637e-06
648.00	8.416924e+01	5.525725e+00	1.233685e+01	9.251616e+01	-1.113884e+01	9.653170e-01	6.910577e+00	-4.739681e+00	1.865453e+02	6.205435e-01	2.389554e-01	1.003351e+01	5.638136e-03	1.176587499864e+02	7.724347210888e+00	1.253830971973e+02	5.709966e-02	2.830381e+00	1.430730892130e+00	1.250117133314e+02	-7.235651e-03	-2.700046e-03	-9.803999e-06	4.724965e-06
650.00	8.416895e+01	5.525677e+00	1.233682e+01	9.251558e+01	-1.113877e+01	9.653158e-01	6.910508e+00	-4.739652e+00	1.865444e+02	6.205431e-01	2.389548e-01	1.003345e+01	5.638107e-03	1.176581785775e+02	7.724274970474e+00	1.253824535480e+02	5.709942e-02	2.830369e+00	1.430730397866e+00	1.250111119744e+02	7.699794e-03	5.953611e-04	8.132630e-06	-7.239607e-06
652.00	8.416845e+01	5.525632e+00	1.233683e+01	9.251520e+01	-1.113875e+01	9.653185e-01	6.910466e+00	-4.739641e+00	1.865435e+02	6.205430e-01	2.389547e-01	1.003343e+01	5.638090e-03	1.176575900797e+02	7.724220061288e+00	1.253818101410e+02	5.709937e-02	2.830354e+00	1.430728265292e+00	1.250105272243e+02	-7.564242e-03	1.555606e-03	-5.832705e-06	9.196218e-06
654.00	8.416779e+01	5.525592e+00	1.233687e+01	9.251498e+01	-1.113877e+01	9.653245e-01	6.910451e+00	-4.739645e+00	1.865426e+02	6.205433e-01	2.389551e-01	1.003344e+01	5.638084e-03	1.176569831044e+02	7.724183979828e+00	1.253811670843e+02	5.709953e-02	2.830336e+00	1.430725291620e+00	1.250099566016e+02	6.839563e-03	-3.585328e-03	3.082756e-06	-1.044278e-05
656.00	8.416703e+01	5.525564e+00	1.233694e+01	9.251483e+01	-1.113882e+01	9.653330e-01	6.910456e+00	-4.739662e+00	1.865417e+02	6.205439e-01	2.389558e-01	1.003347e+01	5.638087e-03	1.176563571581e+02	7.724167309407e+00	1.253805244675e+02	5.709987e-02	2.830315e+00	1.430722562533e+00	1.250093972290e+02	-5.582205e-03	5.335724e-03	-9.646110e-08	1.088258e-05
658.00	8.416628e+01	5.525552e+00	1.233700e+01	9.251463e+01	-1.113886e+01	9.653427e-01	6.910475e+00	-4.739684e+00	1.865407e+02	6.205447e-01	2.389567e-01	1.003349e+01	5.638094e-03	1.176557126100e+02	7.724169749995e+00	1.253798823600e+02	5.710030e-02	2.830293e+00	1.430721097888e+00	1.250088459499e+02	3.890103e-03	-6.670462e-03	-2.894080e-06	-1.048182e-05
660.00	8.416564e+01	5.525562e+00	1.233705e+01	9.251429e+01	-1.113887e+01	9.653524e-01	6.910500e+00	-4.739707e+00	1.865398e+02	6.205455e-01	2.389576e-01	1.003350e+01	5.638104e-03	1.176550505930e+02	7.724190216140e+00	1.253792408092e+02	5.710072e-02	2.830269e+00	1.430721516851e+00	1.250082994611e+02	-1.895054e-03	7.485586e-03	5.656549e-06	9.272226e-06
662.00	8.416517e+01	5.525595e+00	1.233709e+01	9.251375e+01	-1.113885e+01	9.653612e-01	6.910524e+00	-4.739726e+00	1.865389e+02	6.205460e-01	2.389582e-01	1.003347e+01	5.638114e-03	1.176543728624e+02	7.724226978039e+00	1.253785998404e+02	5.710102e-02	2.830244e+00	1.430723836649e+00	1.250077544484e+02	-2.475461e-04	-7.717606e-03	-7.976570e-06	-7.348500e-06
664.00	8.416486e+01	5.525649e+00	1.233710e+01	9.251300e+01	-1.113880e+01	9.653690e-01	6.910548e+00	-4.739742e+00	1.865380e+02	6.205462e-01	2.389585e-01	1.003341e+01	5.638124e-03	1.176536816393e+02	7.724277817759e+00	1.253779594571e+02	5.710114e-02	2.830219e+00	1.430727465209e+00	1.250072077177e+02	2.370803e-03	7.348458e-03	9.674386e-06	4.860791e-06
666.00	8.416466e+01	5.525717e+00	1.233710e+01	9.251211e+01	-1.113871e+01	9.653759e-01	6.910574e+00	-4.739755e+00	1.865371e+02	6.205461e-01	2.389583e-01	1.003333e+01	5.638135e-03	1.176529794668e+02	7.724340175255e+00	1.253773196420e+02	5.710108e-02	2.830195e+00	1.430731392363e+00	1.250066563085e+02	-4.309334e-03	-6.406903e-03	-1.061874e-05	-2.002940e-06
668.00	8.416447e+01	5.525791e+00	1.233709e+01	9.251120e+01	-1.113862e+01	9.653826e-01	6.910608e+00	-4.739770e+00	1.865362e+02	6.205458e-01	2.389579e-01	1.003325e+01	5.638149e-03	1.176522690930e+02	7.724411266047e+00	1.253766803591e+02	5.710089e-02	2.830173e+00	1.430734514044e+00	1.250060975857e+02	5.912147e-03	4.966294e-03	1.073696e-05	-1.002583e-06
670.00	8.416420e+01	5.525863e+00	1.233709e+01	9.251038e+01	-1.113854e+01	9.653896e-01	6.910656e+00	-4.739790e+00	1.865352e+02	6.205453e-01	2.389574e-01	1.003317e+01	5.638168e-03	1.176515533932e+02	7.724488162367e+00	1.253760415555e+02	5.710064e-02	2.830152e+00	1.430735985654e+00	1.250055293050e+02	-7.054406e-03	-3.138849e-03	-1.002059e-05	3.921898e-06
672.00	8.416377e+01	5.525926e+00	1.233709e+01	9.250972e+01	-1.113848e+01	9.653974e-01	6.910720e+00	-4.739818e+00	1.865343e+02	6.205449e-01	2.389570e-01	1.003312e+01	5.638194e-03	1.176508353248e+02	7.724567839964e+00	1.253754031648e+02	5.710043e-02	2.830135e+00	1.430735487932e+00	1.250049496540e+02	7.647153e-03	1.066912e-03	8.526051e-06	-6.527830e-06
674.00	8.416317e+01	5.525977e+00	1.233711e+01	9.250925e+01	-1.113844e+01	9.654057e-01	6.910798e+00	-4.739853e+00	1.865334e+02	6.205447e-01	2.389567e-01	1.003308e+01	5.638226e-03	1.176501179083e+02	7.724647201389e+00	1.253747651097e+02	5.710032e-02	2.830120e+00	1.430733323363e+00	1.250043572742e+02	-7.644227e-03	1.088138e-03	-6.370391e-06	8.617560e-06
676.00	8.416243e+01	5.526015e+00	1.233713e+01	9.250895e+01	-1.113842e+01	9.654140e-01	6.910886e+00	-4.739892e+00	1.865325e+02	6.205448e-01	2.389568e-01	1.003306e+01	5.638262e-03	1.176494042134e+02	7.724723091921e+00	1.253741273053e+02	5.710035e-02	2.830109e+00	1.430730309607e+00	1.250037512685e+02	7.045861e-03	-3.158450e-03	3.722210e-06	-1.002849e-05
678.00	8.416163e+01	5.526045e+00	1.233714e+01	9.250871e+01	-1.113840e+01	9.654213e-01	6.910973e+00	-4.739928e+00	1.865316e+02	6.205450e-01	2.389570e-01	1.003304e+01	5.638297e-03	1.176486973375e+02	7.724792325530e+00	1.253734896631e+02	5.710046e-02	2.830102e+00	1.430727511599e+00	1.250031312007e+02	-5.898658e-03	4.982777e-03	-7.885668e-07	1.065100e-05
680.00	8.416088e+01	5.526069e+00	1.233714e+01	9.250844e+01	-1.113837e+01	9.654262e-01	6.911049e+00	-4.739956e+00	1.865307e+02	6.205452e-01	2.389573e-01	1.003302e+01	5.638328e-03	1.176480003581e+02	7.724851735514e+00	1.253728520936e+02	5.710060e-02	2.830098e+00	1.430725895495e+00	1.250024970885e+02	4.291967e-03	-6.419023e-03	-2.201247e-06	-1.043707e-05
682.00	8.416027e+01	5.526093e+00	1.233711e+01	9.250803e+01	-1.113830e+01	9.654279e-01	6.911102e+00	-4.739969e+00	1.865298e+02	6.205453e-01	2.389574e-01	1.003296e+01	5.638350e-03	1.176473162515e+02	7.724898258625e+00	1.253722145101e+02	5.710065e-02	2.830097e+00	1.430726021799e+00	1.250018493889e+02	-2.350926e-03	7.355319e-03	5.013667e-06	9.404030e-06
684.00	8.415984e+01	5.526117e+00	1.233704e+01	9.250745e+01	-1.113818e+01	9.654258e-01	6.911127e+00	-4.739964e+00	1.865289e+02	6.205452e-01	2.389572e-01	1.003287e+01	5.638360e-03	1.176466477779e+02	7.724929053814e+00	1.253715768317e+02	5.710055e-02	2.830100e+00	1.430727872678e+00	1.250011889737e+02	2.267189e-04	-7.718733e-03	-7.429125e-06	-7.633067e-06
686.00	8.415958e+01	5.526139e+00	1.233693e+01	9.250672e+01	-1.113802e+01	9.654199e-01	6.911122e+00	-4.739941e+00	1.865279e+02	6.205446e-01	2.389566e-01	1.003275e+01	5.638358e-03	1.176459973367e+02	7.724941648847e+00	1.253709389855e+02	5.710026e-02	2.830106e+00	1.430730869553e+00	1.250005170895e+02	1.915201e-03	7.480958e-03	9.259128e-06	5.262848e-06
688.00	8.415943e+01	5.526154e+00	1.233681e+01	9.250589e+01	-1.113784e+01	9.654108e-01	6.911090e+00	-4.739903e+00	1.865270e+02	6.205437e-01	2.389556e-01	1.003261e+01	5.638345e-03	1.176453668081e+02	7.724934101296e+00	1.253703009094e+02	5.709978e-02	2.830114e+00	1.430734071602e+00	1.249998353008e+02	-3.908003e-03	-6.660515e-03	-1.036086e-05	-2.478640e-06
690.00	8.415930e+01	5.526155e+00	1.233667e+01	9.250508e+01	-1.113765e+01	9.653995e-01	6.911037e+00	-4.739854e+00	1.865261e+02	6.205426e-01	2.389543e-01	1.003246e+01	5.638323e-03	1.176447573973e+02	7.724905155825e+00	1.253696625531e+02	5.709917e-02	2.830126e+00	1.430736488750e+00	1.249991454141e+02	5.596476e-03	5.321311e-03	1.064819e-05	-5.020813e-07
692.00	8.415909e+01	5.526135e+00	1.233653e+01	9.250439e+01	-1.113748e+01	9.653872e-01	6.910971e+00	-4.739800e+00	1.865252e+02	6.205415e-01	2.389530e-01	1.003233e+01	5.638297e-03	1.176441695013e+02	7.724854377986e+00	1.253690238793e+02	5.709853e-02	2.830139e+00	1.430737405132e+00	1.249984493901e+02	-6.849119e-03	-3.567654e-03	-1.009840e-05	3.446481e-06
694.00	8.415874e+01	5.526091e+00	1.233640e+01	9.250388e+01	-1.113733e+01	9.653745e-01	6.910898e+00	-4.739745e+00	1.865243e+02	6.205405e-01	2.389518e-01	1.003222e+01	5.638267e-03	1.176436026183e+02	7.724782245930e+00	1.253683848642e+02	5.709796e-02	2.830156e+00	1.430736609493e+00	1.249977492486e+02	7.568376e-03	1.536127e-03	8.753964e-06	-6.124416e-06
696.00	8.415824e+01	5.526021e+00	1.233629e+01	9.250357e+01	-1.113721e+01	9.653621e-01	6.910819e+00	-4.739691e+00	1.865234e+02	6.205397e-01	2.389509e-01	1.003213e+01	5.638235e-03	1.176430553116e+02	7.724690185415e+00	1.253677454970e+02	5.709752e-02	2.830173e+00	1.430734455561e+00	1.249970469782e+02	-7.698237e-03	6.150521e-04	-6.719386e-06	8.326365e-06
698.00	8.415763e+01	5.525931e+00	1.233619e+01	9.250340e+01	-1.113712e+01	9.653499e-01	6.910736e+00	-4.739638e+00	1.865225e+02	6.205391e-01	2.389503e-01	1.003207e+01	5.638201e-03	1.176425252398e+02	7.724580539506e+00	1.253671057793e+02	5.709723e-02	2.830192e+00	1.430731739364e+00	1.249963444592e+02	7.228590e-03	-2.718352e-03	4.153112e-06	-9.879824e-06
700.00	8.415699e+01	5.525826e+00	1.233609e+01	9.250330e+01	-1.113704e+01	9.653375e-01	6.910646e+00	-4.739582e+00	1.865216e+02	6.205388e-01	2.389499e-01	1.003201e+01	5.638164e-03	1.176420092520e+02	7.724456471705e+00	1.253664657237e+02	5.709706e-02	2.830210e+00	1.430729431013e+00	1.249956434065e+02	-6.196007e-03	4.609969e-03	-1.255194e-06	1.066286e-05
702.00	8.415641e+01	5.525715e+00	1.233599e+01	9.250313e+01	-1.113695e+01	9.653247e-01	6.910543e+00	-4.739522e+00	1.865207e+02	6.205386e-01	2.389497e-01	1.003195e+01	5.638122e-03	1.176415035435e+02	7.724321808904e+00	1.253658253524e+02	5.709694e-02	2.830228e+00	1.430728354821e+00	1.249949453359e+02	4.680904e-03	-6.142583e-03	-1.748375e-06	-1.061367e-05
704.00	8.415597e+01	5.525606e+00	1.233588e+01	9.250283e+01	-1.113684e+01	9.653110e-01	6.910428e+00	-4.739454e+00	1.865197e+02	6.205383e-01	2.389494e-01	1.003187e+01	5.638075e-03	1.176410038579e+02	7.724180837495e+00	1.253651846954e+02	5.709680e-02	2.830244e+00	1.430728919804e+00	1.249942515501e+02	-2.801277e-03	7.196829e-03	4.623380e-06	9.735403e-06
706.00	8.415569e+01	5.525503e+00	1.233576e+01	9.250236e+01	-1.113670e+01	9.652965e-01	6.910300e+00	-4.739381e+00	1.865188e+02	6.205379e-01	2.389489e-01	1.003177e+01	5.638023e-03	1.176405057171e+02	7.724038071248e+00	1.253645437884e+02	5.709656e-02	2.830258e+00	1.430730989329e+00	1.249935631407e+02	7.035150e-04	-7.690600e-03	-7.145671e-06	-8.095813e-06
708.00	8.415556e+01	5.525411e+00	1.233562e+01	9.250172e+01	-1.113654e+01	9.652819e-01	6.910166e+00	-4.739303e+00	1.865179e+02	6.205373e-01	2.389481e-01	1.003165e+01	5.637968e-03	1.176400046589e+02	7.723898012459e+00	1.253639026714e+02	5.709620e-02	2.830270e+00	1.430733931789e+00	1.249928809953e+02	1.449002e-03	7.585443e-03	9.118593e-06	5.821883e-06
710.00	8.415549e+01	5.525327e+00	1.233549e+01	9.250099e+01	-1.113638e+01	9.652678e-01	6.910033e+00	-4.739226e+00	1.865170e+02	6.205364e-01	2.389471e-01	1.003152e+01	5.637914e-03	1.176394964586e+02	7.723764927795e+00	1.253632613864e+02	5.709573e-02	2.830279e+00	1.430736832132e+00	1.249922058065e+02	-3.488630e-03	-6.889556e-03	-1.038821e-05	-3.089911e-06
712.00	8.415540e+01	5.525250e+00	1.233536e+01	9.250027e+01	-1.113622e+01	9.652554e-01	6.909910e+00	-4.739156e+00	1.865161e+02	6.205355e-01	2.389461e-01	1.003140e+01	5.637864e-03	1.176389773190e+02	7.723642657307e+00	1.253626199763e+02	5.709522e-02	2.830286e+00	1.430738795732e+00	1.249915380743e+02	5.256525e-03	5.657145e-03	1.085517e-05	1.118298e-07
714.00	8.415520e+01	5.525177e+00	1.233526e+01	9.249965e+01	-1.113609e+01	9.652456e-01	6.909807e+00	-4.739098e+00	1.865152e+02	6.205346e-01	2.389451e-01	1.003130e+01	5.637822e-03	1.176384440137e+02	7.723534469559e+00	1.253619784832e+02	5.709475e-02	2.830291e+00	1.430739243137e+00	1.249908781044e+02	-6.615009e-03	-3.984202e-03	-1.048246e-05	2.881178e-06
716.00	8.415484e+01	5.525109e+00	1.233519e+01	9.249919e+01	-1.113599e+01	9.652389e-01	6.909729e+00	-4.739054e+00	1.865142e+02	6.205340e-01	2.389443e-01	1.003123e+01	5.637790e-03	1.176378939784e+02	7.723442968674e+00	1.253613369471e+02	5.709440e-02	2.830294e+00	1.430738098831e+00	1.249902260033e+02	7.458296e-03	2.001019e-03	9.298324e-06	-5.656593e-06
718.00	8.415430e+01	5.525046e+00	1.233514e+01	9.249888e+01	-1.113593e+01	9.652353e-01	6.909677e+00	-4.739026e+00	1.865133e+02	6.205337e-01	2.389440e-01	1.003118e+01	5.637769e-03	1.176373253534e+02	7.723370051608e+00	1.253606954050e+02	5.709422e-02	2.830295e+00	1.430735815412e+00	1.249895816770e+02	-7.720723e-03	1.379545e-04	-7.394210e-06	7.998642e-06
720.00	8.415365e+01	5.524993e+00	1.233512e+01	9.249868e+01	-1.113590e+01	9.652344e-01	6.909648e+00	-4.739011e+00	1.865124e+02	6.205336e-01	2.389439e-01	1.003115e+01	5.637757e-03	1.176367369829e+02	7.723316907359e+00	1.253600538903e+02	5.709420e-02	2.830295e+00	1.430733222561e+00	1.249889448367e+02	7.381858e-03	-2.266142e-03	4.917703e-06	-9.725171e-06
722.00	8.415296e+01	5.524955e+00	1.233510e+01	9.249848e+01	-1.113587e+01	9.652354e-01	6.909637e+00	-4.739005e+00	1.865115e+02	6.205338e-01	2.389442e-01	1.003113e+01	5.637752e-03	1.176361283864e+02	7.723284045402e+00	1.253594124318e+02	5.709431e-02	2.830292e+00	1.430731255727e+00	1.249883150175e+02	-6.468095e-03	4.217805e-03	-2.061067e-06	1.070195e-05
724.00	8.415231e+01	5.524937e+00	1.233509e+01	9.249820e+01	-1.113584e+01	9.652374e-01	6.909637e+00	-4.739004e+00	1.865106e+02	6.205341e-01	2.389445e-01	1.003110e+01	5.637752e-03	1.176354997148e+02	7.723271339232e+00	1.253587710540e+02	5.709446e-02	2.830288e+00	1.430730650180e+00	1.249876916083e+02	5.050597e-03	-5.840952e-03	-9.538164e-07	-1.085316e-05
726.00	8.415178e+01	5.524943e+00	1.233507e+01	9.249776e+01	-1.113578e+01	9.652397e-01	6.909642e+00	-4.739004e+00	1.865097e+02	6.205343e-01	2.389447e-01	1.003106e+01	5.637754e-03	1.176348517038e+02	7.723278072541e+00	1.253581297763e+02	5.709458e-02	2.830281e+00	1.430731702083e+00	1.249870738910e+02	-3.239759e-03	7.009173e-03	3.892819e-06	1.016734e-05
728.00	8.415140e+01	5.524972e+00	1.233504e+01	9.249714e+01	-1.113570e+01	9.652420e-01	6.909650e+00	-4.739004e+00	1.865087e+02	6.205343e-01	2.389447e-01	1.003098e+01	5.637758e-03	1.176341856335e+02	7.723302979892e+00	1.253574886134e+02	5.709458e-02	2.830273e+00	1.430734174480e+00	1.249864610819e+02	1.176614e-03	-7.631486e-03	-6.527859e-06	-8.698139e-06
730.00	8.415113e+01	5.525021e+00	1.233500e+01	9.249636e+01	-1.113559e+01	9.652443e-01	6.909663e+00	-4.739004e+00	1.865078e+02	6.205341e-01	2.389445e-01	1.003089e+01	5.637763e-03	1.176335032958e+02	7.723344279638e+00	1.253568475755e+02	5.709446e-02	2.830263e+00	1.430737374882e+00	1.249858523690e+02	9.781554e-04	7.659430e-03	8.654624e-06	6.560059e-06
732.00	8.415091e+01	5.525083e+00	1.233496e+01	9.249551e+01	-1.113548e+01	9.652472e-01	6.909684e+00	-4.739007e+00	1.865069e+02	6.205337e-01	2.389440e-01	1.003080e+01	5.637772e-03	1.176328069661e+02	7.723399702833e+00	1.253562066689e+02	5.709422e-02	2.830251e+00	1.430740382286e+00	1.249852469396e+02	-3.056734e-03	-7.090835e-03	-1.010838e-05	-3.919489e-06
734.00	8.415065e+01	5.525151e+00	1.233492e+01	9.249468e+01	-1.113537e+01	9.652513e-01	6.909719e+00	-4.739017e+00	1.865060e+02	6.205332e-01	2.389434e-01	1.003070e+01	5.637786e-03	1.176320993699e+02	7.723466526525e+00	1.253555658964e+02	5.709394e-02	2.830238e+00	1.430742344662e+00	1.249846439943e+02	4.897243e-03	5.969993e-03	1.077672e-05	9.817881e-07
736.00	8.415028e+01	5.525217e+00	1.233491e+01	9.249395e+01	-1.113528e+01	9.652570e-01	6.909770e+00	-4.739035e+00	1.865051e+02	6.205327e-01	2.389428e-01	1.003063e+01	5.637807e-03	1.176313836362e+02	7.723541622009e+00	1.253549252582e+02	5.709368e-02	2.830224e+00	1.430742752783e+00	1.249840427484e+02	-6.356353e-03	-4.384202e-03	-1.060824e-05	2.024614e-06
738.00	8.414977e+01	5.525276e+00	1.233491e+01	9.249339e+01	-1.113523e+01	9.652643e-01	6.909839e+00	-4.739064e+00	1.865042e+02	6.205324e-01	2.389425e-01	1.003058e+01	5.637835e-03	1.176306632246e+02	7.723621527779e+00	1.253542847524e+02	5.709353e-02	2.830210e+00	1.430741601239e+00	1.249834424253e+02	7.320438e-03	2.456963e-03	9.616624e-06	-4.865919e-06
740.00	8.414911e+01	5.525326e+00	1.233493e+01	9.249298e+01	-1.113520e+01	9.652730e-01	6.909922e+00	-4.739101e+00	1.865032e+02	6.205324e-01	2.389425e-01	1.003055e+01	5.637868e-03	1.176299418225e+02	7.723702553176e+00	1.253536443757e+02	5.709352e-02	2.830197e+00	1.430739383767e+00	1.249828422468e+02	-7.714426e-03	-3.383630e-04	-7.879641e-06	7.321144e-06
742.00	8.414836e+01	5.525367e+00	1.233496e+01	9.249267e+01	-1.113519e+01	9.652823e-01	6.910011e+00	-4.739141e+00	1.865023e+02	6.205326e-01	2.389427e-01	1.003054e+01	5.637905e-03	1.176292232113e+02	7.723780913035e+00	1.253530041244e+02	5.709363e-02	2.830183e+00	1.430736929550e+00	1.249822414277e+02	7.507636e-03	-1.806611e-03	5.533167e-06	-9.199396e-06
744.00	8.414762e+01	5.525403e+00	1.233499e+01	9.249237e+01	-1.113518e+01	9.652910e-01	6.910095e+00	-4.739180e+00	1.865014e+02	6.205330e-01	2.389431e-01	1.003052e+01	5.637939e-03	1.176285111073e+02	7.723852887177e+00	1.253523639944e+02	5.709383e-02	2.830171e+00	1.430735131223e+00	1.249816391772e+02	-6.716170e-03	3.810919e-03	-2.760587e-06	1.035481e-05
746.00	8.414695e+01	5.525435e+00	1.233501e+01	9.249200e+01	-1.113515e+01	9.652981e-01	6.910166e+00	-4.739210e+00	1.865005e+02	6.205333e-01	2.389436e-01	1.003050e+01	5.637968e-03	1.176278089890e+02	7.723914992911e+00	1.253517239819e+02	5.709403e-02	2.830159e+00	1.430734656616e+00	1.249810347103e+02	5.401663e-03	-5.518472e-03	-2.215559e-07	-1.069798e-05
748.00	8.414642e+01	5.525466e+00	1.233500e+01	9.249149e+01	-1.113510e+01	9.653028e-01	6.910215e+00	-4.739228e+00	1.864996e+02	6.205335e-01	2.389438e-01	1.003045e+01	5.637988e-03	1.176271199282e+02	7.723964154963e+00	1.253510840831e+02	5.709415e-02	2.830147e+00	1.430735737019e+00	1.249804272652e+02	-3.666483e-03	6.796290e-03	3.180517e-06	1.020288e-05
750.00	8.414605e+01	5.525496e+00	1.233497e+01	9.249084e+01	-1.113501e+01	9.653046e-01	6.910238e+00	-4.739231e+00	1.864987e+02	6.205335e-01	2.389438e-01	1.003037e+01	5.637998e-03	1.176264464380e+02	7.723997856290e+00	1.253504442943e+02	5.709413e-02	2.830137e+00	1.430738097406e+00	1.249798161250e+02	1.645763e-03	-7.544856e-03	-5.885528e-06	-8.908815e-06
752.00	8.414581e+01	5.525520e+00	1.233492e+01	9.249008e+01	-1.113490e+01	9.653038e-01	6.910237e+00	-4.739221e+00	1.864977e+02	6.205332e-01	2.389434e-01	1.003028e+01	5.637997e-03	1.176257903563e+02	7.724014255139e+00	1.253498046114e+02	5.709395e-02	2.830129e+00	1.430741053958e+00	1.249792006367e+02	5.031275e-04	7.705879e-03	8.125731e-06	6.917274e-06
754.00	8.414562e+01	5.525536e+00	1.233485e+01	9.248928e+01	-1.113477e+01	9.653009e-01	6.910214e+00	-4.739200e+00	1.864968e+02	6.205326e-01	2.389428e-01	1.003018e+01	5.637988e-03	1.176251527717e+02	7.724012257973e+00	1.253491650297e+02	5.709364e-02	2.830122e+00	1.430743739521e+00	1.249785802258e+02	-2.612838e-03	-7.266823e-03	-9.726530e-06	-4.383979e-06
756.00	8.414541e+01	5.525536e+00	1.233478e+01	9.248854e+01	-1.113465e+01	9.652965e-01	6.910176e+00	-4.739172e+00	1.864959e+02	6.205319e-01	2.389420e-01	1.003008e+01	5.637972e-03	1.176245339992e+02	7.723991543623e+00	1.253485255428e+02	5.709326e-02	2.830118e+00	1.430745387749e+00	1.249779544031e+02	4.519074e-03	6.261888e-03	1.056310e-05	1.506800e-06
758.00	8.414510e+01	5.525518e+00	1.233471e+01	9.248794e+01	-1.113454e+01	9.652913e-01	6.910129e+00	-4.739141e+00	1.864950e+02	6.205313e-01	2.389412e-01	1.002999e+01	5.637953e-03	1.176239336025e+02	7.723952539999e+00	1.253478861425e+02	5.709289e-02	2.830116e+00	1.430745579217e+00	1.249773227680e+02	-6.073393e-03	-4.769341e-03	-1.057010e-05	1.489572e-06
760.00	8.414466e+01	5.525479e+00	1.233465e+01	9.248751e+01	-1.113445e+01	9.652859e-01	6.910077e+00	-4.739110e+00	1.864941e+02	6.205307e-01	2.389406e-01	1.002992e+01	5.637932e-03	1.176233504581e+02	7.723896359847e+00	1.253472468180e+02	5.709259e-02	2.830117e+00	1.430744371348e+00	1.249766850091e+02	7.154763e-03	2.905415e-03	9.746810e-06	-4.371059e-06
762.00	8.414410e+01	5.525421e+00	1.233460e+01	9.248723e+01	-1.113439e+01	9.652801e-01	6.910021e+00	-4.739077e+00	1.864932e+02	6.205304e-01	2.389402e-01	1.002988e+01	5.637909e-03	1.176227828495e+02	7.723824705580e+00	1.253466075551e+02	5.709240e-02	2.830120e+00	1.430742272659e+00	1.249760409091e+02	-7.678979e-03	-8.152595e-04	-8.157309e-06	6.912443e-06
764.00	8.414348e+01	5.525349e+00	1.233454e+01	9.248704e+01	-1.113434e+01	9.652738e-01	6.909960e+00	-4.739043e+00	1.864923e+02	6.205302e-01	2.389400e-01	1.002984e+01	5.637884e-03	1.176222285818e+02	7.723739754772e+00	1.253459683365e+02	5.709231e-02	2.830125e+00	1.430740068972e+00	1.249753903559e+02	7.605223e-03	-1.338363e-03	5.925499e-06	-8.914963e-06
766.00	8.414287e+01	5.525268e+00	1.233448e+01	9.248685e+01	-1.113428e+01	9.652664e-01	6.909890e+00	-4.739003e+00	1.864914e+02	6.205301e-01	2.389399e-01	1.002979e+01	5.637855e-03	1.176216851040e+02	7.723644037604e+00	1.253453291416e+02	5.709226e-02	2.830132e+00	1.430738563161e+00	1.249747333624e+02	-6.939239e-03	3.387745e-03	-3.225471e-06	1.022192e-05
768.00	8.414236e+01	5.525186e+00	1.233441e+01	9.248657e+01	-1.113419e+01	9.652574e-01	6.909807e+00	-4.738956e+00	1.864904e+02	6.205300e-01	2.389397e-01	1.002974e+01	5.637822e-03	1.176211496304e+02	7.723540315737e+00	1.253446899461e+02	5.709220e-02	2.830140e+00	1.430738312582e+00	1.249740700906e+02	5.732886e-03	-5.173297e-03	2.678581e-07	-1.073090e-05
770.00	8.414197e+01	5.525106e+00	1.233431e+01	9.248616e+01	-1.113409e+01	9.652468e-01	6.909712e+00	-4.738900e+00	1.864895e+02	6.205298e-01	2.389394e-01	1.002965e+01	5.637783e-03	1.176206192538e+02	7.723431469507e+00	1.253440507233e+02	5.709206e-02	2.830150e+00	1.430739449259e+00	1.249734008784e+02	-4.080108e-03	6.555970e-03	2.716667e-06	1.040176e-05
772.00	8.414173e+01	5.525032e+00	1.233419e+01	9.248560e+01	-1.113395e+01	9.652346e-01	6.909606e+00	-4.738836e+00	1.864886e+02	6.205293e-01	2.389389e-01	1.002955e+01	5.637740e-03	1.176200910469e+02	7.723320397441e+00	1.253434114443e+02	5.709178e-02	2.830160e+00	1.430741643737e+00	1.249727262586e+02	2.109617e-03	-7.428091e-03	-5.495389e-06	-9.259682e-06
774.00	8.414158e+01	5.524963e+00	1.233406e+01	9.248493e+01	-1.113378e+01	9.652215e-01	6.909495e+00	-4.738767e+00	1.864877e+02	6.205285e-01	2.389380e-01	1.002943e+01	5.637694e-03	1.176195621493e+02	7.723209929545e+00	1.253427720788e+02	5.709137e-02	2.830170e+00	1.430744217529e+00	1.249720469673e+02	2.513522e-05	7.721749e-03	7.851651e-06	7.393084e-06
776.00	8.414145e+01	5.524898e+00	1.233393e+01	9.248423e+01	-1.113361e+01	9.652082e-01	6.909385e+00	-4.738699e+00	1.864868e+02	6.205276e-01	2.389369e-01	1.002930e+01	5.637649e-03	1.176190298428e+02	7.723102753822e+00	1.253421325966e+02	5.709086e-02	2.830182e+00	1.430746372043e+00	1.249713639351e+02	-2.157905e-03	-7.414083e-03	-9.601630e-06	-4.946756e-06
778.00	8.414128e+01	5.524833e+00	1.233379e+01	9.248358e+01	-1.113345e+01	9.651957e-01	6.909284e+00	-4.738635e+00	1.864859e+02	6.205266e-01	2.389358e-01	1.002917e+01	5.637608e-03	1.176184916144e+02	7.723001354177e+00	1.253414929685e+02	5.709032e-02	2.830194e+00	1.430747452306e+00	1.249706782618e+02	4.122611e-03	6.529062e-03	1.060859e-05	2.110613e-06
780.00	8.414098e+01	5.524768e+00	1.233368e+01	9.248304e+01	-1.113331e+01	9.651847e-01	6.909199e+00	-4.738579e+00	1.864850e+02	6.205257e-01	2.389348e-01	1.002907e+01	5.637573e-03	1.176179452103e+02	7.722907957285e+00	1.253408531676e+02	5.708983e-02	2.830206e+00	1.430747162720e+00	1.249699911766e+02	-5.766262e-03	-5.135612e-03	-1.079349e-05	8.949835e-07
782.00	8.414055e+01	5.524702e+00	1.233358e+01	9.248265e+01	-1.113320e+01	9.651756e-01	6.909132e+00	-4.738534e+00	1.864840e+02	6.205250e-01	2.389339e-01	1.002898e+01	5.637546e-03	1.176173886844e+02	7.722824486043e+00	1.253402131704e+02	5.708943e-02	2.830218e+00	1.430745663088e+00	1.249693039895e+02	6.960873e-03	3.342246e-03	1.014124e-05	-3.836325e-06
784.00	8.413999e+01	5.524638e+00	1.233350e+01	9.248237e+01	-1.113311e+01	9.651683e-01	6.909082e+00	-4.738499e+00	1.864831e+02	6.205245e-01	2.389334e-01	1.002892e+01	5.637526e-03	1.176168204404e+02	7.722752517739e+00	1.253395729581e+02	5.708917e-02	2.830231e+00	1.430743513827e+00	1.249686180408e+02	-7.613426e-03	-1.288615e-03	-8.701962e-06	6.484530e-06
786.00	8.413936e+01	5.524581e+00	1.233343e+01	9.248214e+01	-1.113303e+01	9.651624e-01	6.909047e+00	-4.738471e+00	1.864822e+02	6.205243e-01	2.389331e-01	1.002886e+01	5.637512e-03	1.176162392714e+02	7.722693246096e+00	1.253389325175e+02	5.708902e-02	2.830242e+00	1.430741491345e+00	1.249679346549e+02	7.673110e-03	-8.653690e-04	6.587132e-06	-8.633452e-06
788.00	8.413874e+01	5.524537e+00	1.233336e+01	9.248189e+01	-1.113295e+01	9.651574e-01	6.909021e+00	-4.738448e+00	1.864813e+02	6.205241e-01	2.389329e-01	1.002881e+01	5.637501e-03	1.176156443943e+02	7.722647447617e+00	1.253382918420e+02	5.708894e-02	2.830253e+00	1.430740332951e+00	1.249672551009e+02	-7.135278e-03	2.951977e-03	-3.960932e-06	1.011580e-05
790.00	8.413820e+01	5.524508e+00	1.233329e+01	9.248153e+01	-1.113286e+01	9.651528e-01	6.909000e+00	-4.738425e+00	1.864804e+02	6.205240e-01	2.389327e-01	1.002874e+01	5.637492e-03	1.176150354776e+02	7.722615454150e+00	1.253376509317e+02	5.708886e-02	2.830261e+00	1.430740495745e+00	1.249665805619e+02	6.041807e-03	-4.808724e-03	1.027380e-06	-1.081623e-05
792.00	8.413777e+01	5.524499e+00	1.233321e+01	9.248102e+01	-1.113275e+01	9.651483e-01	6.908979e+00	-4.738403e+00	1.864795e+02	6.205237e-01	2.389325e-01	1.002865e+01	5.637484e-03	1.176144126597e+02	7.722597134927e+00	1.253370097947e+02	5.708872e-02	2.830268e+00	1.430742009275e+00	1.249659121096e+02	-4.477848e-03	6.291026e-03	1.985627e-06	1.068031e-05
794.00	8.413746e+01	5.524507e+00	1.233312e+01	9.248037e+01	-1.113262e+01	9.651439e-01	6.908959e+00	-4.738379e+00	1.864786e+02	6.205233e-01	2.389320e-01	1.002855e+01	5.637476e-03	1.176137765539e+02	7.722591892360e+00	1.253363684463e+02	5.708849e-02	2.830272e+00	1.430744465993e+00	1.249652506807e+02	2.565188e-03	-7.283454e-03	-4.844104e-06	-9.718686e-06
796.00	8.413722e+01	5.524529e+00	1.233304e+01	9.247961e+01	-1.113248e+01	9.651402e-01	6.908943e+00	-4.738358e+00	1.864776e+02	6.205227e-01	2.389313e-01	1.002843e+01	5.637469e-03	1.176131282336e+02	7.722598676047e+00	1.253357269097e+02	5.708817e-02	2.830273e+00	1.430747156601e+00	1.249645970509e+02	-4.527694e-04	7.708731e-03	7.326148e-06	8.006148e-06
798.00	8.413698e+01	5.524560e+00	1.233296e+01	9.247883e+01	-1.113234e+01	9.651378e-01	6.908936e+00	-4.738341e+00	1.864767e+02	6.205221e-01	2.389305e-01	1.002832e+01	5.637466e-03	1.176124691962e+02	7.722616018724e+00	1.253350852149e+02	5.708781e-02	2.830271e+00	1.430749300014e+00	1.249639518051e+02	-1.694914e-03	-7.533748e-03	-9.239145e-06	-5.675808e-06
800.00	8.413668e+01	5.524593e+00	1.233290e+01	9.247811e+01	-1.113222e+01	9.651373e-01	6.908941e+00	-4.738333e+00	1.864758e+02	6.205214e-01	2.389298e-01	1.002823e+01	5.637469e-03	1.176118013027e+02	7.722642096021e+00	1.253344433987e+02	5.708746e-02	2.830267e+00	1.430750297290e+00	1.249633153033e+02	3.710625e-03	6.772139e-03	1.043468e-05	2.908773e-06
802.00	8.413627e+01	5.524623e+00	1.233286e+01	9.247751e+01	-1.113214e+01	9.651390e-01	6.908962e+00	-4.738336e+00	1.864749e+02	6.205209e-01	2.389293e-01	1.002816e+01	5.637477e-03	1.176111266942e+02	7.722674809084e+00	1.253338015033e+02	5.708719e-02	2.830261e+00	1.430749923771e+00	1.249626876468e+02	-5.437411e-03	-5.483213e-03	-1.082006e-05	7.988437e-08
804.00	8.413572e+01	5.524647e+00	1.233285e+01	9.247704e+01	-1.113208e+01	9.651429e-01	6.908998e+00	-4.738348e+00	1.864740e+02	6.205207e-01	2.389290e-01	1.002811e+01	5.637492e-03	1.176104476891e+02	7.722711885856e+00	1.253331595749e+02	5.708706e-02	2.830252e+00	1.430748398908e+00	1.249620686504e+02	6.740819e-03	3.767341e-03	1.036562e-05	-3.057785e-06
806.00	8.413507e+01	5.524666e+00	1.233286e+01	9.247668e+01	-1.113206e+01	9.651487e-01	6.909045e+00	-4.738369e+00	1.864731e+02	6.205208e-01	2.389290e-01	1.002808e+01	5.637511e-03	1.176097666693e+02	7.722750993638e+00	1.253325176629e+02	5.708708e-02	2.830241e+00	1.430746312514e+00	1.249614578257e+02	-7.519363e-03	-1.758129e-03	-9.107068e-06	5.793350e-06
808.00	8.413437e+01	5.524681e+00	1.233289e+01	9.247638e+01	-1.113204e+01	9.651555e-01	6.909096e+00	-4.738393e+00	1.864721e+02	6.205210e-01	2.389293e-01	1.002807e+01	5.637531e-03	1.176090859645e+02	7.722789853258e+00	1.253318758178e+02	5.708723e-02	2.830229e+00	1.430744431438e+00	1.249608543825e+02	7.712425e-03	-3.879764e-04	7.142765e-06	-8.073870e-06
810.00	8.413371e+01	5.524695e+00	1.233291e+01	9.247604e+01	-1.113203e+01	9.651624e-01	6.909143e+00	-4.738417e+00	1.864712e+02	6.205214e-01	2.389298e-01	1.002805e+01	5.637551e-03	1.176084077449e+02	7.722826344276e+00	1.253312340892e+02	5.708743e-02	2.830215e+00	1.430743451440e+00	1.249602572475e+02	-7.304970e-03	2.503868e-03	-4.626064e-06	9.722156e-06
812.00	8.413314e+01	5.524712e+00	1.233292e+01	9.247561e+01	-1.113200e+01	9.651685e-01	6.909180e+00	-4.738435e+00	1.864703e+02	6.205217e-01	2.389302e-01	1.002802e+01	5.637566e-03	1.176077339328e+02	7.722858591564e+00	1.253305925244e+02	5.708763e-02	2.830200e+00	1.430743774846e+00	1.249596651026e+02	6.328727e-03	-4.424789e-03	1.753293e-06	-1.061036e-05
814.00	8.413270e+01	5.524732e+00	1.233292e+01	9.247504e+01	-1.113195e+01	9.651732e-01	6.909203e+00	-4.738446e+00	1.864694e+02	6.205220e-01	2.389304e-01	1.002797e+01	5.637575e-03	1.176070661401e+02	7.722885026201e+00	1.253299511663e+02	5.708775e-02	2.830184e+00	1.430745384223e+00	1.249590764352e+02	-4.859712e-03	6.001165e-03	1.251609e-06	1.066993e-05
816.00	8.413237e+01	5.524754e+00	1.233291e+01	9.247436e+01	-1.113188e+01	9.651765e-01	6.909209e+00	-4.738447e+00	1.864685e+02	6.205220e-01	2.389304e-01	1.002791e+01	5.637578e-03	1.176064056341e+02	7.722904417483e+00	1.253293100515e+02	5.708775e-02	2.830169e+00	1.430747854453e+00	1.249584895978e+02	3.012318e-03	-7.110250e-03	-4.154562e-06	-9.896820e-06
818.00	8.413212e+01	5.524775e+00	1.233288e+01	9.247361e+01	-1.113179e+01	9.651784e-01	6.909203e+00	-4.738442e+00	1.864675e+02	6.205218e-01	2.389302e-01	1.002783e+01	5.637575e-03	1.176057533321e+02	7.722915877193e+00	1.253286692092e+02	5.708764e-02	2.830153e+00	1.430750493988e+00	1.249579028688e+02	-9.303995e-04	7.665687e-03	6.729540e-06	8.351778e-06
820.00	8.413188e+01	5.524791e+00	1.233285e+01	9.247286e+01	-1.113170e+01	9.651794e-01	6.909188e+00	-4.738433e+00	1.864666e+02	6.205214e-01	2.389298e-01	1.002775e+01	5.637569e-03	1.176051098182e+02	7.722918841227e+00	1.253280286594e+02	5.708744e-02	2.830139e+00	1.430752571828e+00	1.249573145106e+02	-1.223930e-03	-7.624235e-03	-8.776091e-06	-6.155569e-06
822.00	8.413159e+01	5.524798e+00	1.233282e+01	9.247219e+01	-1.113161e+01	9.651800e-01	6.909170e+00	-4.738422e+00	1.864657e+02	6.205210e-01	2.389293e-01	1.002768e+01	5.637562e-03	1.176044753758e+02	7.722913036362e+00	1.253273884122e+02	5.708722e-02	2.830126e+00	1.430753552341e+00	1.249567228229e+02	3.282922e-03	6.989132e-03	1.013489e-05	3.479605e-06
824.00	8.413118e+01	5.524792e+00	1.233280e+01	9.247165e+01	-1.113155e+01	9.651804e-01	6.909151e+00	-4.738411e+00	1.864648e+02	6.205207e-01	2.389289e-01	1.002762e+01	5.637554e-03	1.176038500260e+02	7.722898440915e+00	1.253267484669e+02	5.708703e-02	2.830115e+00	1.430753263884e+00	1.249561261920e+02	-5.086258e-03	-5.809839e-03	-1.070012e-05	-5.326839e-07
826.00	8.413067e+01	5.524772e+00	1.233278e+01	9.247125e+01	-1.113150e+01	9.651808e-01	6.909134e+00	-4.738402e+00	1.864639e+02	6.205204e-01	2.389287e-01	1.002758e+01	5.637547e-03	1.176032335653e+02	7.722875247109e+00	1.253261088124e+02	5.708691e-02	2.830107e+00	1.430751946616e+00	1.249555231363e+02	6.493530e-03	4.178186e-03	1.042779e-05	-2.455236e-06
828.00	8.413007e+01	5.524742e+00	1.233277e+01	9.247095e+01	-1.113146e+01	9.651808e-01	6.909116e+00	-4.738393e+00	1.864630e+02	6.205204e-01	2.389286e-01	1.002755e+01	5.637540e-03	1.176026255963e+02	7.722843830539e+00	1.253254694268e+02	5.708688e-02	2.830100e+00	1.430750165548e+00	1.249549123526e+02	-7.395166e-03	-2.221222e-03	-9.339201e-06	5.250935e-06
830.00	8.412944e+01	5.524703e+00	1.233275e+01	9.247069e+01	-1.113143e+01	9.651799e-01	6.909094e+00	-4.738380e+00	1.864621e+02	6.205204e-01	2.389287e-01	1.002752e+01	5.637531e-03	1.176020255495e+02	7.722804728800e+00	1.253248302783e+02	5.708690e-02	2.830097e+00	1.430748619736e+00	1.249542927618e+02	7.720966e-03	9.132142e-05	7.519368e-06	-7.636176e-06
832.00	8.412886e+01	5.524662e+00	1.233271e+01	9.247040e+01	-1.113138e+01	9.651775e-01	6.909064e+00	-4.738362e+00	1.864611e+02	6.205205e-01	2.389287e-01	1.002748e+01	5.637518e-03	1.176014326982e+02	7.722758628044e+00	1.253241913263e+02	5.708693e-02	2.830095e+00	1.430747910769e+00	1.249536635551e+02	-7.445562e-03	2.045672e-03	-5.110350e-06	9.424763e-06
834.00	8.412838e+01	5.524621e+00	1.233266e+01	9.247000e+01	-1.113130e+01	9.651731e-01	6.909022e+00	-4.738335e+00	1.864602e+02	6.205204e-01	2.389286e-01	1.002742e+01	5.637501e-03	1.176008461686e+02	7.722706353701e+00	1.253235525223e+02	5.708689e-02	2.830096e+00	1.430748346303e+00	1.249530242356e+02	6.590398e-03	-4.023363e-03	2.300126e-06	-1.047710e-05
836.00	8.412802e+01	5.524582e+00	1.233258e+01	9.246949e+01	-1.113119e+01	9.651667e-01	6.908967e+00	-4.738299e+00	1.864593e+02	6.205201e-01	2.389283e-01	1.002734e+01	5.637479e-03	1.176002649519e+02	7.722648860366e+00	1.253229138122e+02	5.708674e-02	2.830099e+00	1.430749843651e+00	1.249523746525e+02	-5.222065e-03	5.687756e-03	6.921179e-07	1.071100e-05
838.00	8.412777e+01	5.524547e+00	1.233248e+01	9.246886e+01	-1.113105e+01	9.651584e-01	6.908901e+00	-4.738255e+00	1.864584e+02	6.205196e-01	2.389277e-01	1.002724e+01	5.637452e-03	1.175996879216e+02	7.722587216169e+00	1.253222751378e+02	5.708646e-02	2.830104e+00	1.430751961542e+00	1.249517150191e+02	3.447109e-03	-6.909256e-03	-3.633093e-06	-1.010806e-05
840.00	8.412757e+01	5.524512e+00	1.233237e+01	9.246817e+01	-1.113090e+01	9.651488e-01	6.908829e+00	-4.738205e+00	1.864575e+02	6.205189e-01	2.389269e-01	1.002712e+01	5.637423e-03	1.175991138602e+02	7.722522578463e+00	1.253216364387e+02	5.708605e-02	2.830111e+00	1.430754050977e+00	1.249510459139e+02	-1.403744e-03	7.592753e-03	6.293533e-06	8.715004e-06
842.00	8.412737e+01	5.524474e+00	1.233225e+01	9.246749e+01	-1.113075e+01	9.651386e-01	6.908757e+00	-4.738154e+00	1.864566e+02	6.205180e-01	2.389259e-01	1.002700e+01	5.637393e-03	1.175985414946e+02	7.722456160058e+00	1.253209976547e+02	5.708557e-02	2.830121e+00	1.430755471860e+00	1.249503682602e+02	-7.489246e-04	-7.685033e-03	-8.465979e-06	-6.640002e-06
844.00	8.412710e+01	5.524432e+00	1.233213e+01	9.246689e+01	-1.113060e+01	9.651284e-01	6.908690e+00	-4.738105e+00	1.864557e+02	6.205171e-01	2.389248e-01	1.002688e+01	5.637366e-03	1.175979695402e+02	7.722389187609e+00	1.253203587278e+02	5.708508e-02	2.830132e+00	1.430755805922e+00	1.249496832872e+02	2.843282e-03	7.178921e-03	9.980867e-06	4.044347e-06
846.00	8.412672e+01	5.524384e+00	1.233202e+01	9.246641e+01	-1.113047e+01	9.651188e-01	6.908631e+00	-4.738061e+00	1.864548e+02	6.205163e-01	2.389239e-01	1.002679e+01	5.637342e-03	1.175973967488e+02	7.722322855791e+00	1.253197196045e+02	5.708463e-02	2.830144e+00	1.430754994780e+00	1.249489924756e+02	-4.716260e-03	-6.113827e-03	-1.071974e-05	-1.129942e-06
848.00	8.412622e+01	5.524331e+00	1.233192e+01	9.246605e+01	-1.113035e+01	9.651100e-01	6.908582e+00	-4.738022e+00	1.864538e+02	6.205156e-01	2.389231e-01	1.002670e+01	5.637322e-03	1.175968219556e+02	7.722258281915e+00	1.253190802375e+02	5.708427e-02	2.830159e+00	1.430753359001e+00	1.249482974946e+02	6.222032e-03	4.572686e-03	1.062451e-05	-1.876351e-06
850.00	8.412565e+01	5.524276e+00	1.233183e+01	9.246577e+01	-1.113025e+01	9.651017e-01	6.908541e+00	-4.737987e+00	1.864529e+02	6.205152e-01	2.389226e-01	1.002663e+01	5.637305e-03	1.175962441218e+02	7.722196465654e+00	1.253184405874e+02	5.708400e-02	2.830174e+00	1.430751492666e+00	1.249476001358e+02	-7.243359e-03	-2.675489e-03	-9.702099e-06	4.740385e-06
852.00	8.412506e+01	5.524223e+00	1.233174e+01	9.246551e+01	-1.113016e+01	9.650937e-01	6.908503e+00	-4.737954e+00	1.864520e+02	6.205148e-01	2.389222e-01	1.002656e+01	5.637290e-03	1.175956623668e+02	7.722138257661e+00	1.253178006244e+02	5.708381e-02	2.830189e+00	1.430750068844e+00	1.249469022496e+02	7.700722e-03	5.699529e-04	8.023916e-06	-7.239017e-06
854.00	8.412451e+01	5.524176e+00	1.233165e+01	9.246519e+01	-1.113005e+01	9.650856e-01	6.908465e+00	-4.737920e+00	1.864511e+02	6.205145e-01	2.389218e-01	1.002648e+01	5.637274e-03	1.175950759900e+02	7.722084339393e+00	1.253171603294e+02	5.708363e-02	2.830204e+00	1.430749619481e+00	1.249462056870e+02	-7.558509e-03	1.579988e-03	-5.720306e-06	9.177561e-06
856.00	8.412405e+01	5.524139e+00	1.233155e+01	9.246477e+01	-1.112993e+01	9.650772e-01	6.908423e+00	-4.737883e+00	1.864502e+02	6.205141e-01	2.389214e-01	1.002639e+01	5.637257e-03	1.175944844797e+02	7.722035214790e+00	1.253165196945e+02	5.708343e-02	2.830217e+00	1.430750362963e+00	1.249455122463e+02	6.827792e-03	-3.606939e-03	2.970339e-06	-1.040498e-05
858.00	8.412369e+01	5.524113e+00	1.233144e+01	9.246422e+01	-1.112979e+01	9.650685e-01	6.908377e+00	-4.737844e+00	1.864493e+02	6.205136e-01	2.389208e-01	1.002629e+01	5.637238e-03	1.175938875106e+02	7.721991213045e+00	1.253158787236e+02	5.708315e-02	2.830229e+00	1.430752133166e+00	1.249448236236e+02	-5.565463e-03	5.353080e-03	1.220289e-08	1.082565e-05
860.00	8.412343e+01	5.524097e+00	1.233132e+01	9.246356e+01	-1.112964e+01	9.650598e-01	6.908328e+00	-4.737803e+00	1.864484e+02	6.205130e-01	2.389201e-01	1.002617e+01	5.637218e-03	1.175932849318e+02	7.721952500606e+00	1.253152374324e+02	5.708280e-02	2.830239e+00	1.430754435050e+00	1.249441413649e+02	3.869810e-03	-6.682456e-03	-2.995493e-06	-1.040667e-05
862.00	8.412320e+01	5.524087e+00	1.233121e+01	9.246285e+01	-1.112948e+01	9.650519e-01	6.908280e+00	-4.737763e+00	1.864474e+02	6.205122e-01	2.389192e-01	1.002605e+01	5.637199e-03	1.175926767476e+02	7.721919099996e+00	1.253145958476e+02	5.708238e-02	2.830247e+00	1.430756605430e+00	1.249434668180e+02	-1.872859e-03	7.491567e-03	5.747672e-06	9.180468e-06
864.00	8.412295e+01	5.524080e+00	1.233112e+01	9.246216e+01	-1.112934e+01	9.650453e-01	6.908239e+00	-4.737729e+00	1.864465e+02	6.205115e-01	2.389183e-01	1.002594e+01	5.637182e-03	1.175920630932e+02	7.721890912820e+00	1.253139540060e+02	5.708195e-02	2.830251e+00	1.430758028215e+00	1.249428010839e+02	-2.699070e-04	-7.717423e-03	-8.054827e-06	-7.242158e-06
866.00	8.412262e+01	5.524071e+00	1.233104e+01	9.246155e+01	-1.112922e+01	9.650408e-01	6.908209e+00	-4.737703e+00	1.864456e+02	6.205108e-01	2.389175e-01	1.002585e+01	5.637170e-03	1.175914442091e+02	7.721867744354e+00	1.253133119535e+02	5.708158e-02	2.830254e+00	1.430758332546e+00	1.249421449711e+02	2.391657e-03	7.342445e-03	9.737582e-06	4.742242e-06
868.00	8.412218e+01	5.524058e+00	1.233099e+01	9.246105e+01	-1.112913e+01	9.650385e-01	6.908191e+00	-4.737686e+00	1.864447e+02	6.205103e-01	2.389170e-01	1.002578e+01	5.637162e-03	1.175908204158e+02	7.721849327255e+00	1.253126697430e+02	5.708131e-02	2.830253e+00	1.430757510500e+00	1.249414989573e+02	-4.327203e-03	-6.395836e-03	-1.066506e-05	-1.874950e-06
870.00	8.412164e+01	5.524042e+00	1.233096e+01	9.246066e+01	-1.112908e+01	9.650384e-01	6.908186e+00	-4.737679e+00	1.864438e+02	6.205101e-01	2.389167e-01	1.002573e+01	5.637160e-03	1.175901920907e+02	7.721835342173e+00	1.253120274329e+02	5.708118e-02	2.830250e+00	1.430755916651e+00	1.249408631621e+02	5.925853e-03	4.951299e-03	1.076511e-05	-1.136828e-06
872.00	8.412103e+01	5.524025e+00	1.233094e+01	9.246034e+01	-1.112904e+01	9.650402e-01	6.908190e+00	-4.737679e+00	1.864429e+02	6.205101e-01	2.389167e-01	1.002570e+01	5.637162e-03	1.175895596510e+02	7.721825433326e+00	1.253113850844e+02	5.708118e-02	2.830244e+00	1.430754151143e+00	1.249402373382e+02	-7.063150e-03	-3.121301e-03	-1.003001e-05	4.058896e-06
874.00	8.412040e+01	5.524009e+00	1.233094e+01	9.246003e+01	-1.112901e+01	9.650431e-01	6.908199e+00	-4.737683e+00	1.864419e+02	6.205102e-01	2.389169e-01	1.002567e+01	5.637166e-03	1.175889235419e+02	7.721819217679e+00	1.253107427596e+02	5.708128e-02	2.830236e+00	1.430752864233e+00	1.249396208807e+02	7.650550e-03	1.048316e-03	8.517100e-06	-6.664035e-06
876.00	8.411983e+01	5.523999e+00	1.233094e+01	9.245965e+01	-1.112897e+01	9.650463e-01	6.908206e+00	-4.737687e+00	1.864410e+02	6.205105e-01	2.389172e-01	1.002564e+01	5.637169e-03	1.175882842321e+02	7.721816287120e+00	1.253101005192e+02	5.708142e-02	2.830226e+00	1.430752548132e+00	1.249390128567e+02	-7.642322e-03	1.106260e-03	-6.344284e-06	8.749755e-06
878.00	8.411935e+01	5.523997e+00	1.233094e+01	9.245917e+01	-1.112893e+01	9.650495e-01	6.908209e+00	-4.737689e+00	1.864401e+02	6.205107e-01	2.389174e-01	1.002560e+01	5.637170e-03	1.175876422162e+02	7.721816204154e+00	1.253094584203e+02	5.708153e-02	2.830214e+00	1.430753380668e+00	1.249384120506e+02	7.039109e-03	-3.174681e-03	3.680820e-06	-1.015409e-05
880.00	8.411897e+01	5.524003e+00	1.233092e+01	9.245858e+01	-1.112886e+01	9.650521e-01	6.908205e+00	-4.737687e+00	1.864392e+02	6.205108e-01	2.389175e-01	1.002554e+01	5.637168e-03	1.175869980214e+02	7.721818492844e+00	1.253088165142e+02	5.708157e-02	2.830200e+00	1.430755173928e+00	1.249378170205e+02	-5.887879e-03	4.995906e-03	-7.340658e-07	1.076817e-05
882.00	8.411867e+01	5.524016e+00	1.233090e+01	9.245789e+01	-1.112879e+01	9.650543e-01	6.908196e+00	-4.737681e+00	1.864383e+02	6.205107e-01	2.389174e-01	1.002547e+01	5.637164e-03	1.175863522168e+02	7.721822627862e+00	1.253081748447e+02	5.708152e-02	2.830186e+00	1.430757439809e+00	1.249372261591e+02	4.278269e-03	-6.428142e-03	-2.266688e-06	-1.054465e-05
884.00	8.411840e+01	5.524033e+00	1.233088e+01	9.245717e+01	-1.112870e+01	9.650563e-01	6.908185e+00	-4.737675e+00	1.864373e+02	6.205104e-01	2.389171e-01	1.002540e+01	5.637160e-03	1.175857054213e+02	7.721828025272e+00	1.253075334465e+02	5.708139e-02	2.830171e+00	1.430759552435e+00	1.249366377557e+02	-2.335603e-03	7.359885e-03	5.088031e-06	9.501311e-06
886.00	8.411810e+01	5.524049e+00	1.233085e+01	9.245648e+01	-1.112862e+01	9.650584e-01	6.908176e+00	-4.737669e+00	1.864364e+02	6.205101e-01	2.389168e-01	1.002533e+01	5.637156e-03	1.175850583059e+02	7.721834038701e+00	1.253068923446e+02	5.708123e-02	2.830156e+00	1.430760951849e+00	1.249360500532e+02	2.111359e-04	-7.718603e-03	-7.510536e-06	-7.719662e-06
888.00	8.411773e+01	5.524061e+00	1.233084e+01	9.245587e+01	-1.112856e+01	9.650609e-01	6.908172e+00	-4.737667e+00	1.864355e+02	6.205099e-01	2.389165e-01	1.002527e+01	5.637154e-03	1.175844115890e+02	7.721839963854e+00	1.253062515529e+02	5.708107e-02	2.830142e+00	1.430761322985e+00	1.249354613015e+02	1.929731e-03	7.476376e-03	9.345795e-06	5.338652e-06
890.00	8.411726e+01	5.524066e+00	1.233083e+01	9.245538e+01	-1.112851e+01	9.650639e-01	6.908175e+00	-4.737668e+00	1.864346e+02	6.205097e-01	2.389162e-01	1.002523e+01	5.637156e-03	1.175837660213e+02	7.721845052822e+00	1.253056110741e+02	5.708097e-02	2.830129e+00	1.430760692279e+00	1.249348698067e+02	-3.920322e-03	-6.652073e-03	-1.045108e-05	-2.543893e-06
892.00	8.411669e+01	5.524064e+00	1.233083e+01	9.245498e+01	-1.112847e+01	9.650671e-01	6.908183e+00	-4.737672e+00	1.864337e+02	6.205096e-01	2.389162e-01	1.002519e+01	5.637159e-03	1.175831223623e+02	7.721848537714e+00	1.253049709000e+02	5.708094e-02	2.830118e+00	1.430759411563e+00	1.249342739785e+02	5.605665e-03	5.309874e-03	1.074051e-05	-4.467397e-07
894.00	8.411608e+01	5.524057e+00	1.233083e+01	9.245465e+01	-1.112844e+01	9.650702e-01	6.908194e+00	-4.737677e+00	1.864328e+02	6.205097e-01	2.389163e-01	1.002517e+01	5.637163e-03	1.175824813508e+02	7.721849661176e+00	1.253043310119e+02	5.708098e-02	2.830108e+00	1.430758035663e+00	1.249336723780e+02	-6.854554e-03	-3.554279e-03	-1.019179e-05	3.400094e-06
896.00	8.411547e+01	5.524047e+00	1.233082e+01	9.245432e+01	-1.112841e+01	9.650724e-01	6.908202e+00	-4.737680e+00	1.864318e+02	6.205098e-01	2.389164e-01	1.002513e+01	5.637167e-03	1.175818436714e+02	7.721847709850e+00	1.253036913813e+02	5.708104e-02	2.830101e+00	1.430757136795e+00	1.249330637646e+02	7.569757e-03	1.521968e-03	8.847971e-06	-6.085946e-06
898.00	8.411492e+01	5.524038e+00	1.233080e+01	9.245393e+01	-1.112835e+01	9.650733e-01	6.908204e+00	-4.737676e+00	1.864309e+02	6.205099e-01	2.389165e-01	1.002509e+01	5.637167e-03	1.175812099249e+02	7.721842046169e+00	1.253030519710e+02	5.708108e-02	2.830095e+00	1.430757114175e+00	1.249324471421e+02	-7.695595e-03	6.288324e-04	-6.814087e-06	8.294986e-06
900.00	8.411446e+01	5.524031e+00	1.233076e+01	9.245344e+01	-1.112827e+01	9.650723e-01	6.908195e+00	-4.737666e+00	1.864300e+02	6.205098e-01	2.389164e-01	1.002503e+01	5.637164e-03	1.175805806027e+02	7.721832134285e+00	1.253024127370e+02	5.708105e-02	2.830091e+00	1.430758065227e+00	1.249318217987e+02	7.222270e-03	-2.730670e-03	4.248905e-06	-9.855148e-06
902.00	8.411411e+01	5.524026e+00	1.233070e+01	9.245284e+01	-1.112817e+01	9.650696e-01	6.908175e+00	-4.737647e+00	1.864291e+02	6.205095e-01	2.389161e-01	1.002494e+01	5.637156e-03	1.175799560724e+02	7.721817557260e+00	1.253017736296e+02	5.708090e-02	2.830089e+00	1.430759755414e+00	1.249311873374e+02	-6.186637e-03	4.619905e-03	-1.352497e-06	1.064497e-05
904.00	8.411384e+01	5.524021e+00	1.233062e+01	9.245217e+01	-1.112805e+01	9.650651e-01	6.908146e+00	-4.737621e+00	1.864282e+02	6.205091e-01	2.389155e-01	1.002485e+01	5.637144e-03	1.175793365710e+02	7.721798024642e+00	1.253011345956e+02	5.708063e-02	2.830088e+00	1.430761699443e+00	1.249305436916e+02	4.669329e-03	-6.149451e-03	-1.649348e-06	-1.060299e-05
906.00	8.411358e+01	5.524014e+00	1.233053e+01	9.245148e+01	-1.112791e+01	9.650595e-01	6.908111e+00	-4.737591e+00	1.864273e+02	6.205084e-01	2.389148e-01	1.002474e+01	5.637130e-03	1.175787222085e+02	7.721773371641e+00	1.253004955801e+02	5.708028e-02	2.830090e+00	1.430763323594e+00	1.249298911231e+02	-2.788479e-03	7.200227e-03	4.522677e-06	9.732461e-06
908.00	8.411330e+01	5.524000e+00	1.233044e+01	9.245083e+01	-1.112778e+01	9.650532e-01	6.908075e+00	-4.737560e+00	1.864264e+02	6.205077e-01	2.389139e-01	1.002463e+01	5.637115e-03	1.175781129756e+02	7.721743552811e+00	1.252998565285e+02	5.707987e-02	2.830094e+00	1.430764156183e+00	1.249292302031e+02	6.905244e-04	-7.690432e-03	-7.043517e-06	-8.101128e-06
910.00	8.411294e+01	5.523979e+00	1.233035e+01	9.245027e+01	-1.112765e+01	9.650467e-01	6.908039e+00	-4.737528e+00	1.864255e+02	6.205070e-01	2.389131e-01	1.002454e+01	5.637100e-03	1.175775087542e+02	7.721708633951e+00	1.252992173881e+02	5.707948e-02	2.830101e+00	1.430763984008e+00	1.249285617771e+02	1.461203e-03	7.581909e-03	9.015271e-06	5.835954e-06
912.00	8.411249e+01	5.523948e+00	1.233027e+01	9.244983e+01	-1.112754e+01	9.650402e-01	6.908006e+00	-4.737499e+00	1.864245e+02	6.205064e-01	2.389124e-01	1.002446e+01	5.637087e-03	1.175769093249e+02	7.721668785732e+00	1.252985781106e+02	5.707914e-02	2.830109e+00	1.430762922453e+00	1.249278869185e+02	-3.499189e-03	-6.883112e-03	-1.028403e-05	-3.113331e-06
914.00	8.411196e+01	5.523909e+00	1.233019e+01	9.244948e+01	-1.112745e+01	9.650337e-01	6.907975e+00	-4.737470e+00	1.864236e+02	6.205059e-01	2.389118e-01	1.002438e+01	5.637074e-03	1.175763143716e+02	7.721624281384e+00	1.252979386530e+02	5.707887e-02	2.830119e+00	1.430761377926e+00	1.249272068776e+02	5.264775e-03	5.648443e-03	1.075060e-05	1.453759e-07
916.00	8.411139e+01	5.523865e+00	1.233011e+01	9.244917e+01	-1.112735e+01	9.650270e-01	6.907943e+00	-4.737441e+00	1.864227e+02	6.205055e-01	2.389114e-01	1.002432e+01	5.637061e-03	1.175757234802e+02	7.721575498967e+00	1.252972989792e+02	5.707867e-02	2.830130e+00	1.430759915706e+00	1.249265230291e+02	-6.620512e-03	-3.974024e-03	-1.037831e-05	2.836590e-06
918.00	8.411083e+01	5.523819e+00	1.233002e+01	9.244886e+01	-1.112726e+01	9.650196e-01	6.907907e+00	-4.737409e+00	1.864218e+02	6.205052e-01	2.389111e-01	1.002425e+01	5.637046e-03	1.175751361345e+02	7.721522926846e+00	1.252966590613e+02	5.707850e-02	2.830142e+00	1.430759074973e+00	1.249258368228e+02	7.460855e-03	1.990207e-03	9.195896e-06	-5.600109e-06
920.00	8.411034e+01	5.523775e+00	1.232993e+01	9.244848e+01	-1.112715e+01	9.650114e-01	6.907862e+00	-4.737373e+00	1.864209e+02	6.205049e-01	2.389107e-01	1.002416e+01	5.637028e-03	1.175745517108e+02	7.721467169486e+00	1.252960188802e+02	5.707831e-02	2.830154e+00	1.430759195281e+00	1.249251497392e+02	-7.720382e-03	1.485682e-04	-7.295253e-06	7.929755e-06
922.00	8.410994e+01	5.523735e+00	1.232983e+01	9.244801e+01	-1.112702e+01	9.650022e-01	6.907807e+00	-4.737331e+00	1.864200e+02	6.205044e-01	2.389102e-01	1.002407e+01	5.637006e-03	1.175739694762e+02	7.721408949912e+00	1.252953784261e+02	5.707807e-02	2.830166e+00	1.430760306000e+00	1.249244632481e+02	7.378887e-03	-2.275796e-03	4.824218e-06	-9.643926e-06
924.00	8.410963e+01	5.523700e+00	1.232971e+01	9.244743e+01	-1.112688e+01	9.649923e-01	6.907745e+00	-4.737284e+00	1.864191e+02	6.205039e-01	2.389095e-01	1.002396e+01	5.636980e-03	1.175733885930e+02	7.721349105442e+00	1.252947376984e+02	5.707776e-02	2.830178e+00	1.430762119196e+00	1.249237787700e+02	-6.462957e-03	4.225869e-03	-1.975007e-06	1.060897e-05
926.00	8.410939e+01	5.523667e+00	1.232960e+01	9.244679e+01	-1.112672e+01	9.649823e-01	6.907677e+00	-4.737235e+00	1.864181e+02	6.205031e-01	2.389087e-01	1.002384e+01	5.636953e-03	1.175728081316e+02	7.721288574278e+00	1.252940967058e+02	5.707737e-02	2.830188e+00	1.430764123753e+00	1.249230976369e+02	5.043901e-03	-5.846976e-03	-1.030764e-06	-1.074953e-05
928.00	8.410915e+01	5.523635e+00	1.232948e+01	9.244614e+01	-1.112657e+01	9.649727e-01	6.907609e+00	-4.737187e+00	1.864172e+02	6.205024e-01	2.389078e-01	1.002373e+01	5.636925e-03	1.175722270934e+02	7.721228372204e+00	1.252934554656e+02	5.707693e-02	2.830197e+00	1.430765751433e+00	1.249224210524e+02	-3.232197e-03	7.012918e-03	3.959300e-06	1.005434e-05
930.00	8.410887e+01	5.523602e+00	1.232938e+01	9.244553e+01	-1.112644e+01	9.649641e-01	6.907546e+00	-4.737143e+00	1.864163e+02	6.205016e-01	2.389069e-01	1.002362e+01	5.636899e-03	1.175716444422e+02	7.721169560262e+00	1.252928140024e+02	5.707651e-02	2.830204e+00	1.430766560854e+00	1.249217500522e+02	1.168887e-03	-7.632932e-03	-6.582765e-06	-8.577133e-06
932.00	8.410851e+01	5.523564e+00	1.232929e+01	9.244500e+01	-1.112632e+01	9.649572e-01	6.907492e+00	-4.737106e+00	1.864154e+02	6.205009e-01	2.389061e-01	1.002354e+01	5.636877e-03	1.175710591423e+02	7.721113205748e+00	1.252921723480e+02	5.707615e-02	2.830210e+00	1.430766377606e+00	1.249210854665e+02	9.854051e-04	7.658761e-03	8.696968e-06	6.432477e-06
934.00	8.410805e+01	5.523523e+00	1.232923e+01	9.244458e+01	-1.112623e+01	9.649522e-01	6.907449e+00	-4.737077e+00	1.864145e+02	6.205005e-01	2.389056e-01	1.002347e+01	5.636860e-03	1.175704701993e+02	7.721060339658e+00	1.252915305390e+02	5.707588e-02	2.830213e+00	1.430765348403e+00	1.249204278897e+02	-3.062975e-03	-7.088400e-03	-1.013727e-05	-3.786922e-06
936.00	8.410752e+01	5.523480e+00	1.232918e+01	9.244423e+01	-1.112617e+01	9.649488e-01	6.907417e+00	-4.737055e+00	1.864136e+02	6.205002e-01	2.389053e-01	1.002341e+01	5.636846e-03	1.175698767022e+02	7.721011913886e+00	1.252908886161e+02	5.707573e-02	2.830215e+00	1.430763890374e+00	1.249197776600e+02	4.902094e-03	5.966253e-03	1.079142e-05	8.460798e-07
938.00	8.410695e+01	5.523438e+00	1.232914e+01	9.244392e+01	-1.112611e+01	9.649468e-01	6.907391e+00	-4.737039e+00	1.864126e+02	6.205001e-01	2.389052e-01	1.002337e+01	5.636836e-03	1.175692778611e+02	7.720968761097e+00	1.252902466222e+02	5.707569e-02	2.830215e+00	1.430762553565e+00	1.249191348526e+02	-6.359597e-03	-4.379677e-03	-1.060838e-05	2.161386e-06
940.00	8.410639e+01	5.523402e+00	1.232911e+01	9.244358e+01	-1.112606e+01	9.649457e-01	6.907370e+00	-4.737025e+00	1.864117e+02	6.205001e-01	2.389052e-01	1.002333e+01	5.636827e-03	1.175686730416e+02	7.720931559442e+00	1.252896046011e+02	5.707570e-02	2.830213e+00	1.430761843724e+00	1.249184992881e+02	7.322024e-03	2.452182e-03	9.602335e-06	-5.001610e-06
942.00	8.410590e+01	5.523375e+00	1.232908e+01	9.244316e+01	-1.112599e+01	9.649449e-01	6.907349e+00	-4.737011e+00	1.864108e+02	6.205002e-01	2.389052e-01	1.002328e+01	5.636819e-03	1.175680617922e+02	7.720900803516e+00	1.252889625958e+02	5.707571e-02	2.830209e+00	1.430762059358e+00	1.249178705529e+02	-7.714456e-03	-3.338192e-04	-7.851523e-06	7.453776e-06
944.00	8.410548e+01	5.523359e+00	1.232904e+01	9.244265e+01	-1.112592e+01	9.649443e-01	6.907326e+00	-4.736997e+00	1.864099e+02	6.205001e-01	2.389052e-01	1.002321e+01	5.636809e-03	1.175674438648e+02	7.720876782339e+00	1.252883206471e+02	5.707570e-02	2.830203e+00	1.430763200367e+00	1.249172480303e+02	7.506347e-03	-1.810503e-03	5.492145e-06	-9.327332e-06
946.00	8.410515e+01	5.523353e+00	1.232900e+01	9.244203e+01	-1.112583e+01	9.649436e-01	6.907303e+00	-4.736982e+00	1.864090e+02	6.205000e-01	2.389050e-01	1.002314e+01	5.636800e-03	1.175668192276e+02	7.720859564840e+00	1.252876787925e+02	5.707561e-02	2.830195e+00	1.430764972269e+00	1.249166309358e+02	-6.713900e-03	3.813854e-03	-2.707690e-06	1.047679e-05
948.00	8.410486e+01	5.523356e+00	1.232896e+01	9.244136e+01	-1.112574e+01	9.649432e-01	6.907280e+00	-4.736967e+00	1.864080e+02	6.204997e-01	2.389047e-01	1.002306e+01	5.636791e-03	1.175661880716e+02	7.720848993183e+00	1.252870370647e+02	5.707546e-02	2.830186e+00	1.430766886425e+00	1.249160183542e+02	5.398814e-03	-5.520280e-03	-2.853542e-07	-1.081298e-05
950.00	8.410456e+01	5.523364e+00	1.232892e+01	9.244068e+01	-1.112564e+01	9.649433e-01	6.907263e+00	-4.736954e+00	1.864071e+02	6.204993e-01	2.389043e-01	1.002298e+01	5.636783e-03	1.175655508069e+02	7.720844684345e+00	1.252863954913e+02	5.707527e-02	2.830177e+00	1.430768421901e+00	1.249154092737e+02	-3.663469e-03	6.796947e-03	3.254319e-06	1.030999e-05
952.00	8.410422e+01	5.523374e+00	1.232888e+01	9.244005e+01	-1.112556e+01	9.649442e-01	6.907252e+00	-4.736946e+00	1.864062e+02	6.204990e-01	2.389039e-01	1.002291e+01	5.636779e-03	1.175649080531e+02	7.720846040230e+00	1.252857540933e+02	5.707508e-02	2.830167e+00	1.430769193616e+00	1.249148026171e+02	1.642962e-03	-7.544477e-03	-5.968407e-06	-9.007114e-06
954.00	8.410379e+01	5.523383e+00	1.232886e+01	9.243950e+01	-1.112549e+01	9.649461e-01	6.907252e+00	-4.736943e+00	1.864053e+02	6.204987e-01	2.389036e-01	1.002285e+01	5.636779e-03	1.175642606190e+02	7.720852266363e+00	1.252851128854e+02	5.707492e-02	2.830157e+00	1.430769075893e+00	1.249141972700e+02	5.054174e-04	7.704687e-03	8.216617e-06	7.005874e-06
956.00	8.410328e+01	5.523390e+00	1.232885e+01	9.243904e+01	-1.112544e+01	9.649489e-01	6.907262e+00	-4.736946e+00	1.864044e+02	6.204986e-01	2.389034e-01	1.002281e+01	5.636783e-03	1.175636094766e+02	7.720862398638e+00	1.252844718753e+02	5.707484e-02	2.830147e+00	1.430768237441e+00	1.249135921080e+02	-2.614430e-03	-7.265113e-03	-9.824176e-06	-4.462158e-06
958.00	8.410269e+01	5.523394e+00	1.232885e+01	9.243865e+01	-1.112540e+01	9.649523e-01	6.907279e+00	-4.736953e+00	1.864035e+02	6.204986e-01	2.389034e-01	1.002278e+01	5.636790e-03	1.175629557270e+02	7.720875336924e+00	1.252838310639e+02	5.707483e-02	2.830137e+00	1.430767081061e+00	1.249129860254e+02	4.519903e-03	6.259979e-03	1.066618e-05	1.574113e-06
960.00	8.410209e+01	5.523398e+00	1.232884e+01	9.243829e+01	-1.112537e+01	9.649558e-01	6.907300e+00	-4.736961e+00	1.864025e+02	6.204986e-01	2.389035e-01	1.002274e+01	5.636799e-03	1.175623005621e+02	7.720889883661e+00	1.252831904458e+02	5.707487e-02	2.830128e+00	1.430766107601e+00	1.249123779671e+02	-6.073507e-03	-4.767530e-03	-1.067738e-05	1.433293e-06
962.00	8.410151e+01	5.523404e+00	1.232883e+01	9.243789e+01	-1.112532e+01	9.649589e-01	6.907320e+00	-4.736968e+00	1.864016e+02	6.204987e-01	2.389036e-01	1.002270e+01	5.636807e-03	1.175616452240e+02	7.720904785135e+00	1.252825500091e+02	5.707493e-02	2.830120e+00	1.430765748424e+00	1.249117669622e+02	7.154304e-03	2.903947e-03	9.857251e-06	-4.325839e-06
964.00	8.410100e+01	5.523412e+00	1.232881e+01	9.243743e+01	-1.112526e+01	9.649609e-01	6.907334e+00	-4.736971e+00	1.864007e+02	6.204988e-01	2.389036e-01	1.002265e+01	5.636813e-03	1.175609909637e+02	7.720918773094e+00	1.252819097368e+02	5.707495e-02	2.830113e+00	1.430766224735e+00	1.249111521592e+02	-7.678160e-03	-8.143013e-04	-8.270054e-06	6.878331e-06
966.00	8.410057e+01	5.523424e+00	1.232878e+01	9.243687e+01	-1.112518e+01	9.649617e-01	6.907341e+00	-4.736968e+00	1.863998e+02	6.204987e-01	2.389035e-01	1.002259e+01	5.636816e-03	1.175603390024e+02	7.720930604762e+00	1.252812696071e+02	5.707490e-02	2.830106e+00	1.430767475292e+00	1.249105328565e+02	7.604297e-03	-1.338737e-03	6.039728e-06	-8.892151e-06
968.00	8.410023e+01	5.523437e+00	1.232873e+01	9.243623e+01	-1.112508e+01	9.649612e-01	6.907340e+00	-4.736959e+00	1.863989e+02	6.204984e-01	2.389032e-01	1.002250e+01	5.636815e-03	1.175596904945e+02	7.720939100028e+00	1.252806295945e+02	5.707475e-02	2.830100e+00	1.430769179112e+00	1.249099085277e+02	-6.938468e-03	3.387562e-03	-3.340218e-06	1.021069e-05
970.00	8.409992e+01	5.523448e+00	1.232867e+01	9.243555e+01	-1.112497e+01	9.649597e-01	6.907333e+00	-4.736946e+00	1.863980e+02	6.204980e-01	2.389027e-01	1.002241e+01	5.636812e-03	1.175590464953e+02	7.720943175436e+00	1.252799896707e+02	5.707452e-02	2.830096e+00	1.430770863147e+00	1.249092788349e+02	5.732508e-03	-5.172685e-03	3.819115e-07	-1.073146e-05
972.00	8.409962e+01	5.523456e+00	1.232861e+01	9.243488e+01	-1.112486e+01	9.649574e-01	6.907321e+00	-4.736930e+00	1.863971e+02	6.204975e-01	2.389021e-01	1.002232e+01	5.636807e-03	1.175584079306e+02	7.720941875277e+00	1.252793498059e+02	5.707423e-02	2.830093e+00	1.430772057955e+00	1.249086436307e+02	-4.080301e-03	6.555145e-03	2.604703e-06	1.041407e-05
974.00	8.409927e+01	5.523456e+00	1.232855e+01	9.243427e+01	-1.112475e+01	9.649547e-01	6.907308e+00	-4.736913e+00	1.863961e+02	6.204969e-01	2.389015e-01	1.002224e+01	5.636802e-03	1.175577755692e+02	7.720934400382e+00	1.252787099696e+02	5.707393e-02	2.830091e+00	1.430772453654e+00	1.249080029495e+02	2.110463e-03	-7.427333e-03	-5.386919e-06	-9.283320e-06
976.00	8.409885e+01	5.523446e+00	1.232849e+01	9.243375e+01	-1.112465e+01	9.649518e-01	6.907294e+00	-4.736896e+00	1.863952e+02	6.204964e-01	2.389009e-01	1.002216e+01	5.636796e-03	1.175571499966e+02	7.720920134982e+00	1.252780701316e+02	5.707366e-02	2.830091e+00	1.430771999809e+00	1.249073569884e+02	2.366505e-05	7.721360e-03	7.747897e-06	7.427337e-06
978.00	8.409835e+01	5.523427e+00	1.232843e+01	9.243333e+01	-1.112457e+01	9.649486e-01	6.907280e+00	-4.736880e+00	1.863943e+02	6.204960e-01	2.389005e-01	1.002209e+01	5.636791e-03	1.175565315919e+02	7.720898671335e+00	1.252774302633e+02	5.707344e-02	2.830093e+00	1.430770922568e+00	1.249067060846e+02	-2.155961e-03	-7.414344e-03	-9.503550e-06	-4.990766e-06
980.00	8.409780e+01	5.523399e+00	1.232838e+01	9.243297e+01	-1.112449e+01	9.649451e-01	6.907263e+00	-4.736862e+00	1.863934e+02	6.204957e-01	2.389001e-01	1.002204e+01	5.636784e-03	1.175559205071e+02	7.720869830883e+00	1.252767903380e+02	5.707328e-02	2.830097e+00	1.430769649706e+00	1.249060506911e+02	4.120445e-03	6.530185e-03	1.051692e-05	2.163539e-06
982.00	8.409724e+01	5.523366e+00	1.232832e+01	9.243263e+01	-1.112441e+01	9.649409e-01	6.907240e+00	-4.736841e+00	1.863925e+02	6.204955e-01	2.388999e-01	1.002198e+01	5.636774e-03	1.175553166521e+02	7.720833679868e+00	1.252761503320e+02	5.707316e-02	2.830101e+00	1.430768670643e+00	1.249053913550e+02	-5.764201e-03	-5.137708e-03	-1.070891e-05	8.339274e-07
984.00	8.409672e+01	5.523330e+00	1.232825e+01	9.243226e+01	-1.112433e+01	9.649356e-01	6.907208e+00	-4.736815e+00	1.863916e+02	6.204953e-01	2.388996e-01	1.002191e+01	5.636761e-03	1.175547196882e+02	7.720790536828e+00	1.252755102250e+02	5.707304e-02	2.830107e+00	1.430768378037e+00	1.249047286996e+02	6.959277e-03	3.345304e-03	1.006444e-05	-3.767943e-06
986.00	8.409628e+01	5.523294e+00	1.232817e+01	9.243183e+01	-1.112422e+01	9.649290e-01	6.907165e+00	-4.736782e+00	1.863907e+02	6.204950e-01	2.388993e-01	1.002183e+01	5.636744e-03	1.175541290311e+02	7.720740969533e+00	1.252748700007e+02	5.707288e-02	2.830114e+00	1.430768940116e+00	1.249040634094e+02	-7.612649e-03	-1.292496e-03	-8.633631e-06	6.409787e-06
988.00	8.409591e+01	5.523258e+00	1.232808e+01	9.243131e+01	-1.112410e+01	9.649212e-01	6.907110e+00	-4.736743e+00	1.863897e+02	6.204946e-01	2.388988e-01	1.002174e+01	5.636721e-03	1.175535438669e+02	7.720685779740e+00	1.252742296466e+02	5.707266e-02	2.830121e+00	1.430770248112e+00	1.249033962166e+02	7.673457e-03	-8.609228e-04	6.527849e-06	-8.553539e-06
990.00	8.409562e+01	5.523224e+00	1.232798e+01	9.243072e+01	-1.112397e+01	9.649125e-01	6.907046e+00	-4.736699e+00	1.863888e+02	6.204941e-01	2.388982e-01	1.002164e+01	5.636695e-03	1.175529631792e+02	7.720625975425e+00	1.252735891546e+02	5.707235e-02	2.830128e+00	1.430771953156e+00	1.249027278868e+02	-7.136970e-03	2.947326e-03	-3.910972e-06	1.003208e-05
992.00	8.409536e+01	5.523189e+00	1.232787e+01	9.243009e+01	-1.112383e+01	9.649032e-01	6.906977e+00	-4.736651e+00	1.863879e+02	6.204934e-01	2.388974e-01	1.002153e+01	5.636667e-03	1.175523857890e+02	7.720562731754e+00	1.252729485207e+02	5.707198e-02	2.830136e+00	1.430773579989e+00	1.249020592007e+02	6.044955e-03	-4.804309e-03	9.866319e-07	-1.073007e-05
994.00	8.409509e+01	5.523151e+00	1.232777e+01	9.242948e+01	-1.112369e+01	9.648942e-01	6.906908e+00	-4.736605e+00	1.863870e+02	6.204927e-01	2.388966e-01	1.002143e+01	5.636639e-03	1.175518104015e+02	7.720497343473e+00	1.252723077449e+02	5.707158e-02	2.830143e+00	1.430774682737e+00	1.249013909319e+02	-4.482419e-03	6.287326e-03	2.017602e-06	1.059285e-05
996.00	8.409477e+01	5.523108e+00	1.232767e+01	9.242893e+01	-1.112357e+01	9.648858e-01	6.906842e+00	-4.736561e+00	1.863861e+02	6.204920e-01	2.388958e-01	1.002133e+01	5.636612e-03	1.175512356587e+02	7.720431172358e+00	1.252716668311e+02	5.707119e-02	2.830149e+00	1.430774986854e+00	1.249007238222e+02	2.570993e-03	-7.280946e-03	-4.867891e-06	-9.630725e-06
998.00	8.409437e+01	5.523061e+00	1.232759e+01	9.242847e+01	-1.112346e+01	9.648785e-01	6.906784e+00	-4.736522e+00	1.863852e+02	6.204914e-01	2.388951e-01	1.002125e+01	5.636588e-03	1.175506601926e+02	7.720365593670e+00	1.252710257862e+02	5.707087e-02	2.830156e+00	1.430774477736e+00	1.249000585551e+02	-4.594612e-04	7.707834e-03	7.342288e-06	7.918213e-06
1000.00	8.409390e+01	5.523010e+00	1.232752e+01	9.242808e+01	-1.112337e+01	9.648723e-01	6.906733e+00	-4.736489e+00	1.863843e+02	6.204909e-01	2.388946e-01	1.002118e+01	5.636567e-03	1.175500826755e+02	7.720301945121e+00	1.252703846207e+02	5.707062e-02	2.830162e+00	1.430773401715e+00	1.248993957334e+02	-1.687820e-03	-7.534768e-03	-9.248028e-06	-5.588261e-06
