# cellfab — v89 cell-fabric kernel (no lattice, no prior code)
# cfg seed=20260727 mode=field init=pairs
# cfg L=30 dmin=1.25 r0=0.85 rjit=0.06
# cfg C=1 w1=1.65 w2=2.9 q_detune=1.2 gamma_res=0.25 gamma_res_m=0.1 p_gate=8
# cfg lock_floor=0.005
# cfg k_dep=1.2 k_dep_m=2 cap=2.5 e_s0=1 es_floor=0.05
# cfg e_cond=0 f_conv=0.25 f_evap=0.5 s_pull=0.15
# cfg kappa_lock=1 kappa_align=0.5 kappa_freq=0 kappa_reac=0 sigma_tumble=0.01
# cfg space: s_k=0.06 s_disp=0.3 es_gx=0
# cfg dt=0.02 T=60 diag_every=250 snap_every=0
# cfg center=(-1,-1,-1) amp=1 sigma=2.5 k=(0,0,0) prealign=0 noise_amp=0.08
# cfg music: comb_limit=6 rough_k=0.35 gamma_rough=0.5 mob_sym=1 mob_floor=0.004
# cfg field sector: two-component signed amplitude, unitary hops, field_J=1.8
# cfg ledger: mode=3 u=1.000e-12 (cellfabi INT_LEDGER)
# cfg pairs: n=60 x0=-1 x1=-1 pq=1:1 seedlock=1 d=[1.5,1.72] gap=5
# GEOM relax start: NC=9741 contact_floor=1.5200 sweeps=800 k=0.3
# GEOM relax done: residual_close_pairs=23624 (below floor 1.5200)
# GEOM links: NL=37058 dbar=1.5437 sigma_d=0.0465 (3.01%)
# action atom: A0=1.1500 (dbar=1.5437) mode=2 — eps(w)=A0*w/2pi; atoms at mode boundaries, transport continuous
# edge coloring: 14 colors for 37058 links
# pairs: seeded 60 of 60 requested, d=[1.5,1.72], x0=x*(d), example 0.128, phases=locked
# fabric: cells=9741 channels=37058 mean_degree=7.61 box=30 dmin=1.25
# LEDGER seed mode=3 u=1.000e-12 E0_int=10223248136555835 NC=9741 NL=37058
# LEDGER seed mode=3 u=1.000e-12 E0_int=10223248136555835 NC=9741 NL=37058
# t	E_space	E_dense	E_field	E_transfer	E_total	rel_drift	live_ch	cm_x	cm_y	cm_z	contain	front_r	r_core	defA	r_far	r_ratio	w_core	w_far
0.000	9727.06961	106.799684	389.378846	0	10223.2481366	0.000e+00	36176	14.746	15.422	15.812	0.032	25.4626	0.8431	0	0.8494	0.9926	1.65000	1.64363	14.9985	14.9716	14.9990	0	0	0	-0.39034	5.2311	2.0179
# CONV t=0.00 cond=0 evap=0 rough=0 back_s=0
# LEDGER t=0.000 mode=3 sum_err=0 max|E-iEu|=4.999e-13 run_max_diff=0.000e+00 run_max_sum_err=0 steps=0 E0_int=10223248136555835 sum=10223248136555835
# ANG t=0.00 mean|cosb|=0.5053 n=9741 loaded|cosb|=0.6532 nl=120
# PAIR t=0.0 p=0 d=1.587 pq=1:1 delta=+0.000 x=0.387 ratio=1.0000 dth=-0.000 gg=1.0000 fl=0.000 ret=1.000 shed=0.000 act=0.0000 flq=0.00
# PAIR t=0.0 p=1 d=1.518 pq=1:1 delta=+0.000 x=0.334 ratio=1.0000 dth=+0.000 gg=1.0000 fl=0.000 ret=1.000 shed=0.000 act=0.0000 flq=0.00
# PAIR t=0.0 p=2 d=1.518 pq=1:1 delta=+0.000 x=0.334 ratio=1.0000 dth=-0.000 gg=1.0000 fl=0.000 ret=1.000 shed=0.000 act=0.0000 flq=0.00
# PAIR t=0.0 p=3 d=1.550 pq=1:1 delta=+0.000 x=0.359 ratio=1.0000 dth=+0.000 gg=1.0000 fl=0.000 ret=1.000 shed=0.000 act=0.0000 flq=0.00
# PAIR t=0.0 p=4 d=1.651 pq=1:1 delta=+0.000 x=0.437 ratio=1.0000 dth=+0.000 gg=1.0000 fl=0.000 ret=1.000 shed=0.000 act=0.0000 flq=0.00
# PAIR t=0.0 p=5 d=1.522 pq=1:1 delta=+0.000 x=0.338 ratio=1.0000 dth=+0.000 gg=1.0000 fl=0.000 ret=1.000 shed=0.000 act=0.0000 flq=0.00
# PAIR t=0.0 p=6 d=1.520 pq=1:1 delta=+0.000 x=0.336 ratio=1.0000 dth=+0.000 gg=1.0000 fl=0.000 ret=1.000 shed=0.000 act=0.0000 flq=0.00
# PAIR t=0.0 p=7 d=1.520 pq=1:1 delta=+0.000 x=0.336 ratio=1.0000 dth=+0.000 gg=1.0000 fl=0.000 ret=1.000 shed=0.000 act=0.0000 flq=0.00
# PAIR t=0.0 p=8 d=1.622 pq=1:1 delta=+0.000 x=0.415 ratio=1.0000 dth=-0.000 gg=1.0000 fl=0.000 ret=1.000 shed=0.000 act=0.0000 flq=0.00
# PAIR t=0.0 p=9 d=1.520 pq=1:1 delta=+0.000 x=0.336 ratio=1.0000 dth=+0.000 gg=1.0000 fl=0.000 ret=1.000 shed=0.000 act=0.0000 flq=0.00
# PAIR t=0.0 p=10 d=1.520 pq=1:1 delta=-0.000 x=0.336 ratio=1.0000 dth=-0.000 gg=1.0000 fl=0.000 ret=1.000 shed=0.000 act=0.0000 flq=0.00
# PAIR t=0.0 p=11 d=1.519 pq=1:1 delta=+0.000 x=0.335 ratio=1.0000 dth=+0.000 gg=1.0000 fl=0.000 ret=1.000 shed=0.000 act=0.0000 flq=0.00
# PAIR t=0.0 p=12 d=1.519 pq=1:1 delta=+0.000 x=0.335 ratio=1.0000 dth=-0.000 gg=1.0000 fl=0.000 ret=1.000 shed=0.000 act=0.0000 flq=0.00
# PAIR t=0.0 p=13 d=1.520 pq=1:1 delta=+0.000 x=0.336 ratio=1.0000 dth=+0.000 gg=1.0000 fl=0.000 ret=1.000 shed=0.000 act=0.0000 flq=0.00
# PAIR t=0.0 p=14 d=1.671 pq=1:1 delta=+0.000 x=0.452 ratio=1.0000 dth=+0.000 gg=1.0000 fl=0.000 ret=1.000 shed=0.000 act=0.0000 flq=0.00
# PAIR t=0.0 p=15 d=1.520 pq=1:1 delta=+0.000 x=0.336 ratio=1.0000 dth=+0.000 gg=1.0000 fl=0.000 ret=1.000 shed=0.000 act=0.0000 flq=0.00
# PAIR t=0.0 p=16 d=1.519 pq=1:1 delta=+0.000 x=0.335 ratio=1.0000 dth=+0.000 gg=1.0000 fl=0.000 ret=1.000 shed=0.000 act=0.0000 flq=0.00
# PAIR t=0.0 p=17 d=1.675 pq=1:1 delta=+0.000 x=0.455 ratio=1.0000 dth=-0.000 gg=1.0000 fl=0.000 ret=1.000 shed=0.000 act=0.0000 flq=0.00
# PAIR t=0.0 p=18 d=1.533 pq=1:1 delta=+0.000 x=0.346 ratio=1.0000 dth=-0.000 gg=1.0000 fl=0.000 ret=1.000 shed=0.000 act=0.0000 flq=0.00
# PAIR t=0.0 p=19 d=1.605 pq=1:1 delta=+0.000 x=0.402 ratio=1.0000 dth=+0.000 gg=1.0000 fl=0.000 ret=1.000 shed=0.000 act=0.0000 flq=0.00
# PAIR t=0.0 p=20 d=1.520 pq=1:1 delta=+0.000 x=0.336 ratio=1.0000 dth=-0.000 gg=1.0000 fl=0.000 ret=1.000 shed=0.000 act=0.0000 flq=0.00
# PAIR t=0.0 p=21 d=1.696 pq=1:1 delta=+0.000 x=0.471 ratio=1.0000 dth=+0.000 gg=1.0000 fl=0.000 ret=1.000 shed=0.000 act=0.0000 flq=0.00
# PAIR t=0.0 p=22 d=1.520 pq=1:1 delta=+0.000 x=0.336 ratio=1.0000 dth=-0.000 gg=1.0000 fl=0.000 ret=1.000 shed=0.000 act=0.0000 flq=0.00
# PAIR t=0.0 p=23 d=1.518 pq=1:1 delta=+0.000 x=0.334 ratio=1.0000 dth=-0.000 gg=1.0000 fl=0.000 ret=1.000 shed=0.000 act=0.0000 flq=0.00
# PAIR t=0.0 p=24 d=1.549 pq=1:1 delta=+0.000 x=0.358 ratio=1.0000 dth=+0.000 gg=1.0000 fl=0.000 ret=1.000 shed=0.000 act=0.0000 flq=0.00
# PAIR t=0.0 p=25 d=1.519 pq=1:1 delta=+0.000 x=0.335 ratio=1.0000 dth=+0.000 gg=1.0000 fl=0.000 ret=1.000 shed=0.000 act=0.0000 flq=0.00
# PAIR t=0.0 p=26 d=1.520 pq=1:1 delta=+0.000 x=0.336 ratio=1.0000 dth=+0.000 gg=1.0000 fl=0.000 ret=1.000 shed=0.000 act=0.0000 flq=0.00
# PAIR t=0.0 p=27 d=1.519 pq=1:1 delta=+0.000 x=0.335 ratio=1.0000 dth=-0.000 gg=1.0000 fl=0.000 ret=1.000 shed=0.000 act=0.0000 flq=0.00
# PAIR t=0.0 p=28 d=1.637 pq=1:1 delta=+0.000 x=0.426 ratio=1.0000 dth=-0.000 gg=1.0000 fl=0.000 ret=1.000 shed=0.000 act=0.0000 flq=0.00
# PAIR t=0.0 p=29 d=1.519 pq=1:1 delta=+0.000 x=0.335 ratio=1.0000 dth=-0.000 gg=1.0000 fl=0.000 ret=1.000 shed=0.000 act=0.0000 flq=0.00
# PAIR t=0.0 p=30 d=1.517 pq=1:1 delta=+0.000 x=0.334 ratio=1.0000 dth=-0.000 gg=1.0000 fl=0.000 ret=1.000 shed=0.000 act=0.0000 flq=0.00
# PAIR t=0.0 p=31 d=1.516 pq=1:1 delta=+0.000 x=0.333 ratio=1.0000 dth=+0.000 gg=1.0000 fl=0.000 ret=1.000 shed=0.000 act=0.0000 flq=0.00
# PAIR t=0.0 p=32 d=1.520 pq=1:1 delta=+0.000 x=0.336 ratio=1.0000 dth=+0.000 gg=1.0000 fl=0.000 ret=1.000 shed=0.000 act=0.0000 flq=0.00
# PAIR t=0.0 p=33 d=1.519 pq=1:1 delta=+0.000 x=0.335 ratio=1.0000 dth=+0.000 gg=1.0000 fl=0.000 ret=1.000 shed=0.000 act=0.0000 flq=0.00
# PAIR t=0.0 p=34 d=1.642 pq=1:1 delta=+0.000 x=0.430 ratio=1.0000 dth=-0.000 gg=1.0000 fl=0.000 ret=1.000 shed=0.000 act=0.0000 flq=0.00
# PAIR t=0.0 p=35 d=1.540 pq=1:1 delta=+0.000 x=0.351 ratio=1.0000 dth=+0.000 gg=1.0000 fl=0.000 ret=1.000 shed=0.000 act=0.0000 flq=0.00
# PAIR t=0.0 p=36 d=1.519 pq=1:1 delta=+0.000 x=0.335 ratio=1.0000 dth=-0.000 gg=1.0000 fl=0.000 ret=1.000 shed=0.000 act=0.0000 flq=0.00
# PAIR t=0.0 p=37 d=1.564 pq=1:1 delta=+0.000 x=0.370 ratio=1.0000 dth=+0.000 gg=1.0000 fl=0.000 ret=1.000 shed=0.000 act=0.0000 flq=0.00
# PAIR t=0.0 p=38 d=1.519 pq=1:1 delta=+0.000 x=0.335 ratio=1.0000 dth=+0.000 gg=1.0000 fl=0.000 ret=1.000 shed=0.000 act=0.0000 flq=0.00
# PAIR t=0.0 p=39 d=1.519 pq=1:1 delta=+0.000 x=0.335 ratio=1.0000 dth=+0.000 gg=1.0000 fl=0.000 ret=1.000 shed=0.000 act=0.0000 flq=0.00
# PAIR t=0.0 p=40 d=1.520 pq=1:1 delta=+0.000 x=0.336 ratio=1.0000 dth=+0.000 gg=1.0000 fl=0.000 ret=1.000 shed=0.000 act=0.0000 flq=0.00
# PAIR t=0.0 p=41 d=1.518 pq=1:1 delta=+0.000 x=0.334 ratio=1.0000 dth=-0.000 gg=1.0000 fl=0.000 ret=1.000 shed=0.000 act=0.0000 flq=0.00
# PAIR t=0.0 p=42 d=1.545 pq=1:1 delta=+0.000 x=0.355 ratio=1.0000 dth=+0.000 gg=1.0000 fl=0.000 ret=1.000 shed=0.000 act=0.0000 flq=0.00
# PAIR t=0.0 p=43 d=1.535 pq=1:1 delta=+0.000 x=0.348 ratio=1.0000 dth=+0.000 gg=1.0000 fl=0.000 ret=1.000 shed=0.000 act=0.0000 flq=0.00
# PAIR t=0.0 p=44 d=1.520 pq=1:1 delta=+0.000 x=0.336 ratio=1.0000 dth=-0.000 gg=1.0000 fl=0.000 ret=1.000 shed=0.000 act=0.0000 flq=0.00
# PAIR t=0.0 p=45 d=1.626 pq=1:1 delta=+0.000 x=0.417 ratio=1.0000 dth=+0.000 gg=1.0000 fl=0.000 ret=1.000 shed=0.000 act=0.0000 flq=0.00
# PAIR t=0.0 p=46 d=1.520 pq=1:1 delta=+0.000 x=0.336 ratio=1.0000 dth=+0.000 gg=1.0000 fl=0.000 ret=1.000 shed=0.000 act=0.0000 flq=0.00
# PAIR t=0.0 p=47 d=1.522 pq=1:1 delta=+0.000 x=0.338 ratio=1.0000 dth=-0.000 gg=1.0000 fl=0.000 ret=1.000 shed=0.000 act=0.0000 flq=0.00
# PAIR t=0.0 p=48 d=1.519 pq=1:1 delta=+0.000 x=0.335 ratio=1.0000 dth=+0.000 gg=1.0000 fl=0.000 ret=1.000 shed=0.000 act=0.0000 flq=0.00
# PAIR t=0.0 p=49 d=1.520 pq=1:1 delta=+0.000 x=0.336 ratio=1.0000 dth=-0.000 gg=1.0000 fl=0.000 ret=1.000 shed=0.000 act=0.0000 flq=0.00
# PAIR t=0.0 p=50 d=1.518 pq=1:1 delta=+0.000 x=0.335 ratio=1.0000 dth=+0.000 gg=1.0000 fl=0.000 ret=1.000 shed=0.000 act=0.0000 flq=0.00
# PAIR t=0.0 p=51 d=1.519 pq=1:1 delta=+0.000 x=0.335 ratio=1.0000 dth=+0.000 gg=1.0000 fl=0.000 ret=1.000 shed=0.000 act=0.0000 flq=0.00
# PAIR t=0.0 p=52 d=1.581 pq=1:1 delta=+0.000 x=0.383 ratio=1.0000 dth=+0.000 gg=1.0000 fl=0.000 ret=1.000 shed=0.000 act=0.0000 flq=0.00
# PAIR t=0.0 p=53 d=1.518 pq=1:1 delta=+0.000 x=0.334 ratio=1.0000 dth=-0.000 gg=1.0000 fl=0.000 ret=1.000 shed=0.000 act=0.0000 flq=0.00
# PAIR t=0.0 p=54 d=1.519 pq=1:1 delta=+0.000 x=0.335 ratio=1.0000 dth=-0.000 gg=1.0000 fl=0.000 ret=1.000 shed=0.000 act=0.0000 flq=0.00
# PAIR t=0.0 p=55 d=1.559 pq=1:1 delta=+0.000 x=0.366 ratio=1.0000 dth=-0.000 gg=1.0000 fl=0.000 ret=1.000 shed=0.000 act=0.0000 flq=0.00
# PAIR t=0.0 p=56 d=1.520 pq=1:1 delta=+0.000 x=0.336 ratio=1.0000 dth=-0.000 gg=1.0000 fl=0.000 ret=1.000 shed=0.000 act=0.0000 flq=0.00
# PAIR t=0.0 p=57 d=1.524 pq=1:1 delta=+0.000 x=0.339 ratio=1.0000 dth=+0.000 gg=1.0000 fl=0.000 ret=1.000 shed=0.000 act=0.0000 flq=0.00
# PAIR t=0.0 p=58 d=1.519 pq=1:1 delta=+0.000 x=0.335 ratio=1.0000 dth=-0.000 gg=1.0000 fl=0.000 ret=1.000 shed=0.000 act=0.0000 flq=0.00
# PAIR t=0.0 p=59 d=1.623 pq=1:1 delta=+0.000 x=0.415 ratio=1.0000 dth=-0.000 gg=1.0000 fl=0.000 ret=1.000 shed=0.000 act=0.0000 flq=0.00
5.000	9727.06961	101.051577	389.378846	5.74810676	10223.2481366	-1.068e-15	36177	14.797	15.439	15.840	0.031	25.5623	0.8430	0.27826	0.8494	0.9925	1.64999	1.64362	14.9895	14.9837	15.0213	-0.0011214	0.0028629	0.0060728	2.1637	-1.5302	2.7919
# CONV t=5.00 cond=0 evap=0 rough=0 back_s=0
# LEDGER t=5.000 mode=3 sum_err=0 max|E-iEu|=5.000e-13 run_max_diff=1.499e-12 run_max_sum_err=0 steps=250 E0_int=10223248136555835 sum=10223248136555835
# ANG t=5.00 mean|cosb|=0.5078 n=9741 loaded|cosb|=0.7215 nl=120
# PAIR t=5.0 p=0 d=1.587 pq=1:1 delta=+0.001 x=0.387 ratio=1.0007 dth=+0.002 gg=1.0000 fl=0.011 ret=0.999 shed=0.001 act=0.0703 flq=0.06
# PAIR t=5.0 p=1 d=1.518 pq=1:1 delta=+0.001 x=0.332 ratio=1.0027 dth=+0.004 gg=0.9999 fl=0.142 ret=0.999 shed=0.001 act=0.7194 flq=0.63
# PAIR t=5.0 p=2 d=1.518 pq=1:1 delta=+0.000 x=0.333 ratio=1.0001 dth=+0.000 gg=1.0000 fl=0.076 ret=1.000 shed=0.000 act=0.3859 flq=0.34
# PAIR t=5.0 p=3 d=1.550 pq=1:1 delta=+0.001 x=0.357 ratio=0.9855 dth=-0.015 gg=0.9991 fl=0.075 ret=1.000 shed=0.001 act=0.4188 flq=0.36
# PAIR t=5.0 p=4 d=1.651 pq=1:1 delta=+0.001 x=0.437 ratio=1.0000 dth=-0.000 gg=1.0000 fl=0.000 ret=0.999 shed=0.001 act=0.0000 flq=0.00
# PAIR t=5.0 p=5 d=1.522 pq=1:1 delta=+0.002 x=0.336 ratio=1.0222 dth=+0.028 gg=0.9967 fl=0.059 ret=0.999 shed=0.001 act=0.3008 flq=0.26
# PAIR t=5.0 p=6 d=1.520 pq=1:1 delta=+0.001 x=0.335 ratio=0.9955 dth=-0.009 gg=0.9997 fl=0.076 ret=1.000 shed=0.001 act=0.3853 flq=0.34
# PAIR t=5.0 p=7 d=1.520 pq=1:1 delta=+0.002 x=0.334 ratio=1.0031 dth=+0.008 gg=0.9997 fl=0.088 ret=0.999 shed=0.002 act=0.4505 flq=0.39
# PAIR t=5.0 p=8 d=1.622 pq=1:1 delta=+0.001 x=0.414 ratio=1.0004 dth=+0.001 gg=1.0000 fl=0.000 ret=0.999 shed=0.001 act=0.0000 flq=0.00
# PAIR t=5.0 p=9 d=1.520 pq=1:1 delta=+0.001 x=0.335 ratio=1.0006 dth=+0.009 gg=0.9997 fl=0.053 ret=1.000 shed=0.001 act=0.2725 flq=0.24
# PAIR t=5.0 p=10 d=1.520 pq=1:1 delta=+0.001 x=0.334 ratio=1.0004 dth=-0.008 gg=0.9998 fl=0.091 ret=0.999 shed=0.001 act=0.4663 flq=0.41
# PAIR t=5.0 p=11 d=1.519 pq=1:1 delta=+0.001 x=0.334 ratio=0.9971 dth=-0.002 gg=1.0000 fl=0.073 ret=1.000 shed=0.001 act=0.3732 flq=0.32
# PAIR t=5.0 p=12 d=1.519 pq=1:1 delta=+0.001 x=0.334 ratio=1.0112 dth=+0.007 gg=0.9998 fl=0.107 ret=1.000 shed=0.000 act=0.5450 flq=0.47
# PAIR t=5.0 p=13 d=1.520 pq=1:1 delta=+0.001 x=0.335 ratio=0.9971 dth=-0.005 gg=0.9999 fl=0.033 ret=0.999 shed=0.001 act=0.1676 flq=0.15
# PAIR t=5.0 p=14 d=1.671 pq=1:1 delta=+0.001 x=0.452 ratio=1.0000 dth=-0.001 gg=1.0000 fl=0.000 ret=1.000 shed=0.001 act=0.0000 flq=0.00
# PAIR t=5.0 p=15 d=1.520 pq=1:1 delta=+0.002 x=0.334 ratio=0.9938 dth=-0.005 gg=0.9999 fl=0.080 ret=0.999 shed=0.002 act=0.4065 flq=0.35
# PAIR t=5.0 p=16 d=1.519 pq=1:1 delta=+0.001 x=0.334 ratio=0.9960 dth=-0.008 gg=0.9997 fl=0.052 ret=1.000 shed=0.001 act=0.2652 flq=0.23
# PAIR t=5.0 p=17 d=1.675 pq=1:1 delta=+0.000 x=0.455 ratio=1.0000 dth=-0.000 gg=1.0000 fl=0.000 ret=1.000 shed=0.001 act=0.0000 flq=0.00
# PAIR t=5.0 p=18 d=1.533 pq=1:1 delta=+0.001 x=0.345 ratio=1.0093 dth=+0.016 gg=0.9990 fl=0.084 ret=1.000 shed=0.001 act=0.4473 flq=0.39
# PAIR t=5.0 p=19 d=1.605 pq=1:1 delta=+0.002 x=0.401 ratio=1.0001 dth=-0.001 gg=1.0000 fl=0.001 ret=0.999 shed=0.002 act=0.0042 flq=0.00
# PAIR t=5.0 p=20 d=1.520 pq=1:1 delta=+0.002 x=0.334 ratio=1.0122 dth=+0.009 gg=0.9996 fl=0.102 ret=0.999 shed=0.001 act=0.5187 flq=0.45
# PAIR t=5.0 p=21 d=1.696 pq=1:1 delta=+0.001 x=0.471 ratio=0.9999 dth=-0.000 gg=1.0000 fl=0.000 ret=1.000 shed=0.001 act=0.0000 flq=0.00
# PAIR t=5.0 p=22 d=1.520 pq=1:1 delta=+0.001 x=0.335 ratio=0.9958 dth=-0.005 gg=0.9999 fl=0.075 ret=0.999 shed=0.001 act=0.3843 flq=0.33
# PAIR t=5.0 p=23 d=1.518 pq=1:1 delta=+0.001 x=0.333 ratio=0.9962 dth=-0.006 gg=0.9999 fl=0.101 ret=1.000 shed=0.001 act=0.5109 flq=0.44
# PAIR t=5.0 p=24 d=1.549 pq=1:1 delta=+0.001 x=0.357 ratio=0.9965 dth=-0.002 gg=1.0000 fl=0.033 ret=0.999 shed=0.001 act=0.1809 flq=0.16
# PAIR t=5.0 p=25 d=1.519 pq=1:1 delta=+0.001 x=0.335 ratio=1.0008 dth=+0.001 gg=1.0000 fl=0.038 ret=1.000 shed=0.001 act=0.1923 flq=0.17
# PAIR t=5.0 p=26 d=1.520 pq=1:1 delta=+0.001 x=0.334 ratio=1.0018 dth=-0.001 gg=1.0000 fl=0.093 ret=0.999 shed=0.001 act=0.4771 flq=0.41
# PAIR t=5.0 p=27 d=1.519 pq=1:1 delta=+0.001 x=0.335 ratio=1.0004 dth=-0.005 gg=0.9999 fl=0.043 ret=0.999 shed=0.001 act=0.2194 flq=0.19
# PAIR t=5.0 p=28 d=1.637 pq=1:1 delta=+0.007 x=0.425 ratio=1.0020 dth=-0.001 gg=0.9999 fl=0.000 ret=0.996 shed=0.008 act=0.0000 flq=0.00
# PAIR t=5.0 p=29 d=1.519 pq=1:1 delta=+0.002 x=0.334 ratio=0.9918 dth=-0.015 gg=0.9992 fl=0.024 ret=0.999 shed=0.001 act=0.1242 flq=0.11
# PAIR t=5.0 p=30 d=1.517 pq=1:1 delta=+0.002 x=0.332 ratio=1.0009 dth=+0.003 gg=0.9999 fl=0.083 ret=0.999 shed=0.002 act=0.4209 flq=0.37
# PAIR t=5.0 p=31 d=1.516 pq=1:1 delta=+0.000 x=0.333 ratio=0.9982 dth=+0.000 gg=1.0000 fl=0.026 ret=1.000 shed=0.000 act=0.1290 flq=0.11
# PAIR t=5.0 p=32 d=1.520 pq=1:1 delta=+0.002 x=0.334 ratio=0.9946 dth=-0.010 gg=0.9997 fl=0.087 ret=0.999 shed=0.002 act=0.4444 flq=0.39
# PAIR t=5.0 p=33 d=1.519 pq=1:1 delta=+0.001 x=0.335 ratio=1.0024 dth=+0.004 gg=0.9999 fl=0.031 ret=1.000 shed=0.001 act=0.1563 flq=0.14
# PAIR t=5.0 p=34 d=1.642 pq=1:1 delta=+0.001 x=0.429 ratio=0.9998 dth=-0.001 gg=1.0000 fl=0.000 ret=1.000 shed=0.001 act=0.0000 flq=0.00
# PAIR t=5.0 p=35 d=1.540 pq=1:1 delta=+0.001 x=0.350 ratio=0.9954 dth=-0.002 gg=1.0000 fl=0.062 ret=0.999 shed=0.001 act=0.3331 flq=0.29
# PAIR t=5.0 p=36 d=1.519 pq=1:1 delta=+0.001 x=0.333 ratio=0.9967 dth=-0.006 gg=0.9999 fl=0.128 ret=0.999 shed=0.001 act=0.6535 flq=0.57
# PAIR t=5.0 p=37 d=1.564 pq=1:1 delta=+0.001 x=0.369 ratio=0.9947 dth=-0.008 gg=0.9998 fl=0.037 ret=0.999 shed=0.001 act=0.2125 flq=0.18
# PAIR t=5.0 p=38 d=1.519 pq=1:1 delta=+0.000 x=0.334 ratio=1.0043 dth=+0.002 gg=1.0000 fl=0.065 ret=1.000 shed=0.000 act=0.3338 flq=0.29
# PAIR t=5.0 p=39 d=1.519 pq=1:1 delta=+0.000 x=0.333 ratio=0.9966 dth=+0.003 gg=1.0000 fl=0.140 ret=1.000 shed=0.000 act=0.7133 flq=0.62
# PAIR t=5.0 p=40 d=1.520 pq=1:1 delta=+0.001 x=0.334 ratio=1.0028 dth=+0.001 gg=1.0000 fl=0.075 ret=0.999 shed=0.001 act=0.3842 flq=0.33
# PAIR t=5.0 p=41 d=1.518 pq=1:1 delta=+0.000 x=0.333 ratio=0.9978 dth=+0.000 gg=1.0000 fl=0.076 ret=1.000 shed=0.000 act=0.3858 flq=0.34
# PAIR t=5.0 p=42 d=1.545 pq=1:1 delta=+0.001 x=0.354 ratio=1.0026 dth=+0.004 gg=0.9999 fl=0.065 ret=0.999 shed=0.001 act=0.3590 flq=0.31
# PAIR t=5.0 p=43 d=1.535 pq=1:1 delta=+0.001 x=0.346 ratio=1.0045 dth=+0.009 gg=0.9996 fl=0.064 ret=0.999 shed=0.001 act=0.3398 flq=0.30
# PAIR t=5.0 p=44 d=1.520 pq=1:1 delta=+0.001 x=0.335 ratio=0.9999 dth=-0.002 gg=1.0000 fl=0.026 ret=0.999 shed=0.001 act=0.1321 flq=0.11
# PAIR t=5.0 p=45 d=1.626 pq=1:1 delta=+0.013 x=0.415 ratio=1.0007 dth=-0.005 gg=0.9998 fl=0.000 ret=0.994 shed=0.013 act=0.0000 flq=0.00
# PAIR t=5.0 p=46 d=1.520 pq=1:1 delta=+0.001 x=0.335 ratio=0.9830 dth=-0.009 gg=0.9997 fl=0.080 ret=1.000 shed=0.001 act=0.4070 flq=0.35
# PAIR t=5.0 p=47 d=1.522 pq=1:1 delta=+0.001 x=0.337 ratio=0.9949 dth=-0.007 gg=0.9998 fl=0.035 ret=1.000 shed=0.001 act=0.1805 flq=0.16
# PAIR t=5.0 p=48 d=1.519 pq=1:1 delta=+0.001 x=0.334 ratio=1.0051 dth=+0.009 gg=0.9996 fl=0.055 ret=0.999 shed=0.001 act=0.2792 flq=0.24
# PAIR t=5.0 p=49 d=1.520 pq=1:1 delta=+0.002 x=0.334 ratio=0.9889 dth=+0.001 gg=1.0000 fl=0.108 ret=0.999 shed=0.002 act=0.5483 flq=0.48
# PAIR t=5.0 p=50 d=1.518 pq=1:1 delta=+0.000 x=0.334 ratio=0.9990 dth=-0.006 gg=0.9999 fl=0.025 ret=1.000 shed=0.000 act=0.1256 flq=0.11
# PAIR t=5.0 p=51 d=1.519 pq=1:1 delta=+0.001 x=0.334 ratio=1.0127 dth=+0.020 gg=0.9983 fl=0.081 ret=1.000 shed=0.001 act=0.4116 flq=0.36
# PAIR t=5.0 p=52 d=1.581 pq=1:1 delta=+0.001 x=0.382 ratio=1.0010 dth=-0.003 gg=1.0000 fl=0.016 ret=0.999 shed=0.001 act=0.0963 flq=0.08
# PAIR t=5.0 p=53 d=1.518 pq=1:1 delta=+0.001 x=0.333 ratio=0.9986 dth=-0.002 gg=1.0000 fl=0.104 ret=0.999 shed=0.001 act=0.5289 flq=0.46
# PAIR t=5.0 p=54 d=1.519 pq=1:1 delta=+0.001 x=0.334 ratio=1.0044 dth=+0.017 gg=0.9988 fl=0.033 ret=0.999 shed=0.001 act=0.1675 flq=0.15
# PAIR t=5.0 p=55 d=1.559 pq=1:1 delta=+0.000 x=0.366 ratio=1.0000 dth=-0.000 gg=1.0000 fl=0.000 ret=1.000 shed=0.000 act=0.0000 flq=0.00
# PAIR t=5.0 p=56 d=1.520 pq=1:1 delta=+0.001 x=0.334 ratio=1.0013 dth=-0.002 gg=1.0000 fl=0.088 ret=0.999 shed=0.001 act=0.4499 flq=0.39
# PAIR t=5.0 p=57 d=1.524 pq=1:1 delta=+0.001 x=0.338 ratio=0.9939 dth=-0.015 gg=0.9991 fl=0.035 ret=0.999 shed=0.001 act=0.1832 flq=0.16
# PAIR t=5.0 p=58 d=1.519 pq=1:1 delta=+0.002 x=0.333 ratio=0.9883 dth=-0.007 gg=0.9998 fl=0.148 ret=0.999 shed=0.001 act=0.7546 flq=0.66
# PAIR t=5.0 p=59 d=1.623 pq=1:1 delta=+0.011 x=0.413 ratio=1.0024 dth=+0.005 gg=0.9995 fl=0.000 ret=0.995 shed=0.011 act=0.0000 flq=0.00
10.000	9727.06961	96.9678605	389.378846	9.83182361	10223.2481366	-6.939e-15	36177	14.854	15.466	15.873	0.030	25.2752	0.8431	0.98298	0.8494	0.9927	1.65000	1.64362	15.0132	14.9812	15.0382	-0.0092916	0.010823	-0.0025661	1.3978	0.73604	0.48923
# CONV t=10.00 cond=0 evap=0 rough=0 back_s=0
# LEDGER t=10.000 mode=3 sum_err=0 max|E-iEu|=4.999e-13 run_max_diff=1.499e-12 run_max_sum_err=0 steps=500 E0_int=10223248136555835 sum=10223248136555835
# ANG t=10.00 mean|cosb|=0.5107 n=9741 loaded|cosb|=0.7202 nl=120
# PAIR t=10.0 p=0 d=1.587 pq=1:1 delta=+0.003 x=0.387 ratio=1.0004 dth=+0.003 gg=0.9999 fl=0.011 ret=0.998 shed=0.003 act=0.0652 flq=0.06
# PAIR t=10.0 p=1 d=1.518 pq=1:1 delta=+0.003 x=0.332 ratio=1.0126 dth=+0.013 gg=0.9992 fl=0.242 ret=0.999 shed=0.002 act=1.2284 flq=1.07
# PAIR t=10.0 p=2 d=1.518 pq=1:1 delta=+0.002 x=0.333 ratio=1.0026 dth=+0.002 gg=1.0000 fl=0.127 ret=0.999 shed=0.002 act=0.6464 flq=0.56
# PAIR t=10.0 p=3 d=1.550 pq=1:1 delta=+0.003 x=0.357 ratio=0.9826 dth=-0.029 gg=0.9970 fl=0.128 ret=0.999 shed=0.002 act=0.7151 flq=0.62
# PAIR t=10.0 p=4 d=1.651 pq=1:1 delta=+0.002 x=0.437 ratio=1.0000 dth=-0.001 gg=1.0000 fl=0.000 ret=0.999 shed=0.002 act=0.0000 flq=0.00
# PAIR t=10.0 p=5 d=1.522 pq=1:1 delta=+0.002 x=0.336 ratio=1.0121 dth=+0.057 gg=0.9868 fl=0.116 ret=0.999 shed=0.001 act=0.5937 flq=0.52
# PAIR t=10.0 p=6 d=1.520 pq=1:1 delta=+0.002 x=0.335 ratio=1.0040 dth=+0.000 gg=1.0000 fl=0.130 ret=0.999 shed=0.002 act=0.6657 flq=0.58
# PAIR t=10.0 p=7 d=1.520 pq=1:1 delta=+0.003 x=0.334 ratio=0.9967 dth=+0.002 gg=1.0000 fl=0.152 ret=0.998 shed=0.003 act=0.7732 flq=0.67
# PAIR t=10.0 p=8 d=1.622 pq=1:1 delta=+0.003 x=0.414 ratio=1.0009 dth=+0.006 gg=0.9998 fl=0.000 ret=0.999 shed=0.003 act=0.0000 flq=0.00
# PAIR t=10.0 p=9 d=1.520 pq=1:1 delta=+0.001 x=0.335 ratio=0.9973 dth=-0.004 gg=1.0000 fl=0.090 ret=0.999 shed=0.001 act=0.4614 flq=0.40
# PAIR t=10.0 p=10 d=1.520 pq=1:1 delta=+0.002 x=0.334 ratio=1.0134 dth=+0.006 gg=0.9998 fl=0.150 ret=0.999 shed=0.002 act=0.7661 flq=0.67
# PAIR t=10.0 p=11 d=1.519 pq=1:1 delta=+0.002 x=0.334 ratio=0.9956 dth=-0.015 gg=0.9992 fl=0.124 ret=0.999 shed=0.002 act=0.6296 flq=0.55
# PAIR t=10.0 p=12 d=1.519 pq=1:1 delta=+0.001 x=0.334 ratio=1.0050 dth=+0.020 gg=0.9983 fl=0.196 ret=0.999 shed=0.001 act=0.9973 flq=0.87
# PAIR t=10.0 p=13 d=1.520 pq=1:1 delta=+0.002 x=0.335 ratio=0.9896 dth=-0.044 gg=0.9927 fl=0.044 ret=0.999 shed=0.001 act=0.2255 flq=0.20
# PAIR t=10.0 p=14 d=1.671 pq=1:1 delta=+0.002 x=0.452 ratio=0.9998 dth=-0.003 gg=1.0000 fl=0.000 ret=0.999 shed=0.002 act=0.0000 flq=0.00
# PAIR t=10.0 p=15 d=1.520 pq=1:1 delta=+0.003 x=0.334 ratio=0.9967 dth=-0.018 gg=0.9989 fl=0.140 ret=0.998 shed=0.003 act=0.7133 flq=0.62
# PAIR t=10.0 p=16 d=1.519 pq=1:1 delta=+0.002 x=0.334 ratio=0.9963 dth=-0.018 gg=0.9988 fl=0.083 ret=0.999 shed=0.002 act=0.4246 flq=0.37
# PAIR t=10.0 p=17 d=1.675 pq=1:1 delta=+0.001 x=0.455 ratio=1.0001 dth=-0.000 gg=1.0000 fl=0.000 ret=1.000 shed=0.001 act=0.0000 flq=0.00
# PAIR t=10.0 p=18 d=1.533 pq=1:1 delta=+0.003 x=0.345 ratio=1.0175 dth=+0.032 gg=0.9954 fl=0.130 ret=0.999 shed=0.002 act=0.6926 flq=0.60
# PAIR t=10.0 p=19 d=1.605 pq=1:1 delta=+0.003 x=0.401 ratio=1.0000 dth=-0.001 gg=1.0000 fl=0.001 ret=0.998 shed=0.003 act=0.0042 flq=0.00
# PAIR t=10.0 p=20 d=1.520 pq=1:1 delta=+0.004 x=0.334 ratio=1.0107 dth=+0.026 gg=0.9968 fl=0.180 ret=0.998 shed=0.003 act=0.9190 flq=0.80
# PAIR t=10.0 p=21 d=1.696 pq=1:1 delta=+0.002 x=0.471 ratio=1.0000 dth=-0.001 gg=1.0000 fl=0.000 ret=0.999 shed=0.002 act=0.0000 flq=0.00
# PAIR t=10.0 p=22 d=1.520 pq=1:1 delta=+0.003 x=0.334 ratio=0.9952 dth=-0.022 gg=0.9982 fl=0.136 ret=0.999 shed=0.003 act=0.6954 flq=0.60
# PAIR t=10.0 p=23 d=1.518 pq=1:1 delta=+0.002 x=0.333 ratio=0.9946 dth=-0.009 gg=0.9997 fl=0.177 ret=0.999 shed=0.002 act=0.8956 flq=0.78
# PAIR t=10.0 p=24 d=1.549 pq=1:1 delta=+0.002 x=0.357 ratio=0.9979 dth=-0.014 gg=0.9994 fl=0.049 ret=0.999 shed=0.002 act=0.2744 flq=0.24
# PAIR t=10.0 p=25 d=1.519 pq=1:1 delta=+0.001 x=0.335 ratio=0.9963 dth=-0.004 gg=0.9999 fl=0.059 ret=0.999 shed=0.001 act=0.3003 flq=0.26
# PAIR t=10.0 p=26 d=1.520 pq=1:1 delta=+0.003 x=0.334 ratio=1.0012 dth=-0.002 gg=1.0000 fl=0.163 ret=0.998 shed=0.003 act=0.8326 flq=0.72
# PAIR t=10.0 p=27 d=1.519 pq=1:1 delta=+0.002 x=0.335 ratio=1.0085 dth=+0.033 gg=0.9953 fl=0.064 ret=0.999 shed=0.002 act=0.3244 flq=0.28
# PAIR t=10.0 p=28 d=1.637 pq=1:1 delta=+0.032 x=0.420 ratio=1.0096 dth=+0.033 gg=0.9892 fl=0.000 ret=0.984 shed=0.033 act=0.0000 flq=0.00
# PAIR t=10.0 p=29 d=1.519 pq=1:1 delta=+0.002 x=0.334 ratio=0.9909 dth=-0.072 gg=0.9801 fl=0.029 ret=0.999 shed=0.002 act=0.1498 flq=0.13
# PAIR t=10.0 p=30 d=1.517 pq=1:1 delta=+0.004 x=0.332 ratio=1.0026 dth=+0.001 gg=1.0000 fl=0.141 ret=0.998 shed=0.004 act=0.7152 flq=0.62
# PAIR t=10.0 p=31 d=1.516 pq=1:1 delta=+0.002 x=0.332 ratio=0.9988 dth=-0.011 gg=0.9996 fl=0.033 ret=0.999 shed=0.002 act=0.1667 flq=0.14
# PAIR t=10.0 p=32 d=1.520 pq=1:1 delta=+0.003 x=0.334 ratio=0.9978 dth=-0.010 gg=0.9997 fl=0.153 ret=0.998 shed=0.003 act=0.7789 flq=0.68
# PAIR t=10.0 p=33 d=1.519 pq=1:1 delta=+0.001 x=0.335 ratio=1.0039 dth=+0.019 gg=0.9985 fl=0.044 ret=0.999 shed=0.001 act=0.2227 flq=0.19
# PAIR t=10.0 p=34 d=1.642 pq=1:1 delta=+0.002 x=0.429 ratio=0.9995 dth=-0.004 gg=0.9999 fl=0.000 ret=0.999 shed=0.002 act=0.0000 flq=0.00
# PAIR t=10.0 p=35 d=1.540 pq=1:1 delta=+0.002 x=0.350 ratio=0.9975 dth=-0.012 gg=0.9995 fl=0.104 ret=0.999 shed=0.002 act=0.5600 flq=0.49
# PAIR t=10.0 p=36 d=1.519 pq=1:1 delta=+0.003 x=0.333 ratio=0.9934 dth=-0.012 gg=0.9996 fl=0.227 ret=0.998 shed=0.003 act=1.1568 flq=1.01
# PAIR t=10.0 p=37 d=1.564 pq=1:1 delta=+0.002 x=0.369 ratio=0.9940 dth=-0.016 gg=0.9990 fl=0.062 ret=0.999 shed=0.002 act=0.3584 flq=0.31
# PAIR t=10.0 p=38 d=1.519 pq=1:1 delta=+0.001 x=0.334 ratio=0.9954 dth=-0.003 gg=1.0000 fl=0.115 ret=0.999 shed=0.001 act=0.5860 flq=0.51
# PAIR t=10.0 p=39 d=1.519 pq=1:1 delta=+0.001 x=0.334 ratio=0.9844 dth=-0.023 gg=0.9981 fl=0.232 ret=0.999 shed=0.001 act=1.1837 flq=1.03
# PAIR t=10.0 p=40 d=1.520 pq=1:1 delta=+0.003 x=0.334 ratio=1.0006 dth=+0.004 gg=0.9999 fl=0.131 ret=0.998 shed=0.003 act=0.6696 flq=0.58
# PAIR t=10.0 p=41 d=1.518 pq=1:1 delta=+0.001 x=0.333 ratio=0.9964 dth=-0.016 gg=0.9990 fl=0.135 ret=0.999 shed=0.001 act=0.6860 flq=0.60
# PAIR t=10.0 p=42 d=1.545 pq=1:1 delta=+0.003 x=0.354 ratio=1.0080 dth=+0.008 gg=0.9996 fl=0.109 ret=0.998 shed=0.003 act=0.6012 flq=0.52
# PAIR t=10.0 p=43 d=1.535 pq=1:1 delta=+0.002 x=0.346 ratio=1.0028 dth=+0.010 gg=0.9995 fl=0.112 ret=0.999 shed=0.002 act=0.5957 flq=0.52
# PAIR t=10.0 p=44 d=1.520 pq=1:1 delta=+0.002 x=0.335 ratio=1.0029 dth=-0.007 gg=0.9999 fl=0.031 ret=0.999 shed=0.002 act=0.1567 flq=0.14
# PAIR t=10.0 p=45 d=1.626 pq=1:1 delta=+0.020 x=0.413 ratio=1.0013 dth=+0.000 gg=0.9992 fl=0.000 ret=0.990 shed=0.021 act=0.0000 flq=0.00
# PAIR t=10.0 p=46 d=1.520 pq=1:1 delta=+0.001 x=0.335 ratio=0.9912 dth=-0.029 gg=0.9968 fl=0.158 ret=0.999 shed=0.001 act=0.8059 flq=0.70
# PAIR t=10.0 p=47 d=1.522 pq=1:1 delta=+0.001 x=0.337 ratio=0.9997 dth=-0.015 gg=0.9991 fl=0.056 ret=0.999 shed=0.001 act=0.2888 flq=0.25
# PAIR t=10.0 p=48 d=1.519 pq=1:1 delta=+0.002 x=0.334 ratio=1.0041 dth=+0.018 gg=0.9986 fl=0.092 ret=0.999 shed=0.002 act=0.4690 flq=0.41
# PAIR t=10.0 p=49 d=1.520 pq=1:1 delta=+0.004 x=0.333 ratio=0.9991 dth=-0.010 gg=0.9997 fl=0.206 ret=0.998 shed=0.004 act=1.0493 flq=0.91
# PAIR t=10.0 p=50 d=1.518 pq=1:1 delta=+0.001 x=0.334 ratio=0.9998 dth=-0.006 gg=0.9999 fl=0.035 ret=0.999 shed=0.001 act=0.1769 flq=0.15
# PAIR t=10.0 p=51 d=1.519 pq=1:1 delta=+0.002 x=0.334 ratio=1.0036 dth=+0.017 gg=0.9987 fl=0.153 ret=0.999 shed=0.002 act=0.7776 flq=0.68
# PAIR t=10.0 p=52 d=1.581 pq=1:1 delta=+0.003 x=0.382 ratio=1.0013 dth=+0.008 gg=0.9997 fl=0.018 ret=0.999 shed=0.003 act=0.1118 flq=0.10
# PAIR t=10.0 p=53 d=1.518 pq=1:1 delta=+0.002 x=0.333 ratio=0.9974 dth=-0.005 gg=0.9999 fl=0.184 ret=0.999 shed=0.002 act=0.9311 flq=0.81
# PAIR t=10.0 p=54 d=1.519 pq=1:1 delta=+0.002 x=0.334 ratio=1.0031 dth=+0.024 gg=0.9974 fl=0.048 ret=0.999 shed=0.002 act=0.2449 flq=0.21
# PAIR t=10.0 p=55 d=1.559 pq=1:1 delta=+0.001 x=0.366 ratio=1.0001 dth=+0.000 gg=1.0000 fl=0.000 ret=1.000 shed=0.001 act=0.0000 flq=0.00
# PAIR t=10.0 p=56 d=1.520 pq=1:1 delta=+0.002 x=0.334 ratio=1.0022 dth=+0.007 gg=0.9998 fl=0.144 ret=0.999 shed=0.002 act=0.7357 flq=0.64
# PAIR t=10.0 p=57 d=1.524 pq=1:1 delta=+0.002 x=0.338 ratio=0.9945 dth=-0.029 gg=0.9969 fl=0.055 ret=0.999 shed=0.002 act=0.2848 flq=0.25
# PAIR t=10.0 p=58 d=1.519 pq=1:1 delta=+0.003 x=0.333 ratio=0.9964 dth=-0.010 gg=0.9997 fl=0.279 ret=0.998 shed=0.003 act=1.4236 flq=1.24
# PAIR t=10.0 p=59 d=1.623 pq=1:1 delta=+0.016 x=0.412 ratio=1.0031 dth=+0.028 gg=0.9946 fl=0.000 ret=0.992 shed=0.016 act=0.0000 flq=0.00
15.000	9727.06961	93.8422799	389.378846	12.9574042	10223.2481366	-7.651e-15	36174	14.885	15.474	15.890	0.029	25.6186	0.8431	1.3677	0.8494	0.9926	1.64999	1.64362	15.0095	14.9751	15.0666	-0.0038696	0.008272	-0.031951	-1.8426	-0.9192	2.4934
# CONV t=15.00 cond=0 evap=0 rough=0 back_s=0
# LEDGER t=15.000 mode=3 sum_err=0 max|E-iEu|=5.000e-13 run_max_diff=1.499e-12 run_max_sum_err=0 steps=750 E0_int=10223248136555835 sum=10223248136555835
# ANG t=15.00 mean|cosb|=0.5123 n=9741 loaded|cosb|=0.7207 nl=120
# PAIR t=15.0 p=0 d=1.587 pq=1:1 delta=+0.004 x=0.387 ratio=0.9991 dth=+0.001 gg=0.9999 fl=0.000 ret=0.998 shed=0.004 act=0.0008 flq=0.00
# PAIR t=15.0 p=1 d=1.518 pq=1:1 delta=+0.004 x=0.332 ratio=1.0040 dth=+0.004 gg=0.9998 fl=0.351 ret=0.998 shed=0.004 act=1.7784 flq=1.55
# PAIR t=15.0 p=2 d=1.518 pq=1:1 delta=+0.003 x=0.333 ratio=1.0095 dth=+0.022 gg=0.9977 fl=0.157 ret=0.998 shed=0.003 act=0.7969 flq=0.69
# PAIR t=15.0 p=3 d=1.550 pq=1:1 delta=+0.004 x=0.357 ratio=1.0025 dth=-0.023 gg=0.9982 fl=0.190 ret=0.998 shed=0.004 act=1.0582 flq=0.92
# PAIR t=15.0 p=4 d=1.651 pq=1:1 delta=+0.003 x=0.436 ratio=1.0000 dth=-0.001 gg=1.0000 fl=0.000 ret=0.999 shed=0.003 act=0.0000 flq=0.00
# PAIR t=15.0 p=5 d=1.522 pq=1:1 delta=+0.003 x=0.336 ratio=0.9960 dth=+0.018 gg=0.9986 fl=0.158 ret=0.999 shed=0.002 act=0.8134 flq=0.71
# PAIR t=15.0 p=6 d=1.520 pq=1:1 delta=+0.003 x=0.335 ratio=0.9918 dth=-0.033 gg=0.9961 fl=0.163 ret=0.999 shed=0.002 act=0.8303 flq=0.72
# PAIR t=15.0 p=7 d=1.520 pq=1:1 delta=+0.005 x=0.334 ratio=0.9940 dth=-0.037 gg=0.9951 fl=0.196 ret=0.997 shed=0.004 act=0.9985 flq=0.87
# PAIR t=15.0 p=8 d=1.622 pq=1:1 delta=+0.004 x=0.414 ratio=1.0013 dth=+0.015 gg=0.9988 fl=0.000 ret=0.998 shed=0.004 act=0.0000 flq=0.00
# PAIR t=15.0 p=9 d=1.520 pq=1:1 delta=+0.003 x=0.335 ratio=0.9925 dth=-0.033 gg=0.9960 fl=0.112 ret=0.999 shed=0.002 act=0.5688 flq=0.49
# PAIR t=15.0 p=10 d=1.520 pq=1:1 delta=+0.003 x=0.334 ratio=1.0096 dth=+0.040 gg=0.9932 fl=0.214 ret=0.998 shed=0.003 act=1.0927 flq=0.95
# PAIR t=15.0 p=11 d=1.519 pq=1:1 delta=+0.003 x=0.334 ratio=0.9937 dth=-0.029 gg=0.9970 fl=0.160 ret=0.998 shed=0.003 act=0.8141 flq=0.71
# PAIR t=15.0 p=12 d=1.519 pq=1:1 delta=+0.002 x=0.334 ratio=0.9944 dth=-0.002 gg=1.0000 fl=0.266 ret=0.999 shed=0.002 act=1.3568 flq=1.18
# PAIR t=15.0 p=13 d=1.520 pq=1:1 delta=+0.002 x=0.335 ratio=0.9880 dth=-0.106 gg=0.9573 fl=0.045 ret=0.999 shed=0.002 act=0.2296 flq=0.20
# PAIR t=15.0 p=14 d=1.671 pq=1:1 delta=+0.003 x=0.452 ratio=0.9996 dth=-0.005 gg=0.9999 fl=0.000 ret=0.999 shed=0.003 act=0.0000 flq=0.00
# PAIR t=15.0 p=15 d=1.520 pq=1:1 delta=+0.005 x=0.334 ratio=0.9978 dth=-0.014 gg=0.9994 fl=0.187 ret=0.997 shed=0.004 act=0.9541 flq=0.83
# PAIR t=15.0 p=16 d=1.519 pq=1:1 delta=+0.002 x=0.334 ratio=0.9989 dth=-0.018 gg=0.9988 fl=0.103 ret=0.999 shed=0.002 act=0.5243 flq=0.46
# PAIR t=15.0 p=17 d=1.675 pq=1:1 delta=+0.001 x=0.455 ratio=1.0001 dth=+0.000 gg=1.0000 fl=0.000 ret=0.999 shed=0.002 act=0.0000 flq=0.00
# PAIR t=15.0 p=18 d=1.533 pq=1:1 delta=+0.003 x=0.344 ratio=0.9994 dth=+0.010 gg=0.9994 fl=0.202 ret=0.998 shed=0.003 act=1.0746 flq=0.93
# PAIR t=15.0 p=19 d=1.605 pq=1:1 delta=+0.004 x=0.401 ratio=0.9998 dth=-0.002 gg=1.0000 fl=0.001 ret=0.998 shed=0.004 act=0.0042 flq=0.00
# PAIR t=15.0 p=20 d=1.520 pq=1:1 delta=+0.005 x=0.334 ratio=1.0079 dth=+0.010 gg=0.9994 fl=0.250 ret=0.997 shed=0.005 act=1.2763 flq=1.11
# PAIR t=15.0 p=21 d=1.696 pq=1:1 delta=+0.003 x=0.471 ratio=1.0000 dth=-0.002 gg=1.0000 fl=0.000 ret=0.999 shed=0.003 act=0.0000 flq=0.00
# PAIR t=15.0 p=22 d=1.520 pq=1:1 delta=+0.004 x=0.334 ratio=0.9976 dth=-0.012 gg=0.9996 fl=0.187 ret=0.998 shed=0.003 act=0.9540 flq=0.83
# PAIR t=15.0 p=23 d=1.518 pq=1:1 delta=+0.003 x=0.333 ratio=0.9960 dth=-0.017 gg=0.9991 fl=0.241 ret=0.998 shed=0.003 act=1.2201 flq=1.06
# PAIR t=15.0 p=24 d=1.549 pq=1:1 delta=+0.004 x=0.357 ratio=0.9976 dth=-0.020 gg=0.9987 fl=0.057 ret=0.998 shed=0.004 act=0.3135 flq=0.27
# PAIR t=15.0 p=25 d=1.519 pq=1:1 delta=+0.002 x=0.335 ratio=0.9943 dth=-0.036 gg=0.9952 fl=0.068 ret=0.999 shed=0.002 act=0.3465 flq=0.30
# PAIR t=15.0 p=26 d=1.520 pq=1:1 delta=+0.004 x=0.334 ratio=1.0032 dth=+0.006 gg=0.9997 fl=0.230 ret=0.998 shed=0.004 act=1.1750 flq=1.02
# PAIR t=15.0 p=27 d=1.519 pq=1:1 delta=+0.003 x=0.335 ratio=1.0062 dth=+0.058 gg=0.9859 fl=0.069 ret=0.998 shed=0.003 act=0.3514 flq=0.31
# PAIR t=15.0 p=28 d=1.637 pq=1:1 delta=+0.042 x=0.418 ratio=1.0118 dth=+0.130 gg=0.9113 fl=0.000 ret=0.980 shed=0.042 act=0.0000 flq=0.00
# PAIR t=15.0 p=29 d=1.519 pq=1:1 delta=+0.003 x=0.334 ratio=0.9918 dth=-0.125 gg=0.9412 fl=0.022 ret=0.998 shed=0.003 act=0.1117 flq=0.10
# PAIR t=15.0 p=30 d=1.517 pq=1:1 delta=+0.005 x=0.332 ratio=1.0074 dth=+0.016 gg=0.9986 fl=0.178 ret=0.997 shed=0.005 act=0.9006 flq=0.78
# PAIR t=15.0 p=31 d=1.516 pq=1:1 delta=+0.003 x=0.332 ratio=0.9991 dth=-0.016 gg=0.9991 fl=0.029 ret=0.998 shed=0.003 act=0.1470 flq=0.13
# PAIR t=15.0 p=32 d=1.520 pq=1:1 delta=+0.004 x=0.334 ratio=0.9984 dth=-0.013 gg=0.9995 fl=0.208 ret=0.997 shed=0.004 act=1.0613 flq=0.92
# PAIR t=15.0 p=33 d=1.519 pq=1:1 delta=+0.001 x=0.335 ratio=1.0034 dth=+0.031 gg=0.9961 fl=0.046 ret=0.999 shed=0.001 act=0.2367 flq=0.21
# PAIR t=15.0 p=34 d=1.642 pq=1:1 delta=+0.003 x=0.429 ratio=0.9992 dth=-0.011 gg=0.9996 fl=0.000 ret=0.998 shed=0.003 act=0.0000 flq=0.00
# PAIR t=15.0 p=35 d=1.540 pq=1:1 delta=+0.004 x=0.350 ratio=0.9855 dth=-0.061 gg=0.9864 fl=0.121 ret=0.998 shed=0.004 act=0.6557 flq=0.57
# PAIR t=15.0 p=36 d=1.519 pq=1:1 delta=+0.004 x=0.333 ratio=0.9967 dth=-0.010 gg=0.9997 fl=0.317 ret=0.998 shed=0.004 act=1.6152 flq=1.40
# PAIR t=15.0 p=37 d=1.564 pq=1:1 delta=+0.003 x=0.369 ratio=0.9875 dth=-0.029 gg=0.9969 fl=0.074 ret=0.999 shed=0.003 act=0.4279 flq=0.37
# PAIR t=15.0 p=38 d=1.519 pq=1:1 delta=+0.002 x=0.334 ratio=0.9931 dth=-0.024 gg=0.9979 fl=0.150 ret=0.999 shed=0.002 act=0.7658 flq=0.67
# PAIR t=15.0 p=39 d=1.519 pq=1:1 delta=+0.002 x=0.334 ratio=1.0082 dth=-0.005 gg=0.9999 fl=0.335 ret=0.999 shed=0.001 act=1.7057 flq=1.48
# PAIR t=15.0 p=40 d=1.520 pq=1:1 delta=+0.005 x=0.334 ratio=1.0021 dth=+0.015 gg=0.9987 fl=0.162 ret=0.997 shed=0.005 act=0.8268 flq=0.72
# PAIR t=15.0 p=41 d=1.518 pq=1:1 delta=+0.002 x=0.333 ratio=0.9968 dth=-0.014 gg=0.9993 fl=0.183 ret=0.999 shed=0.002 act=0.9288 flq=0.81
# PAIR t=15.0 p=42 d=1.545 pq=1:1 delta=+0.004 x=0.353 ratio=1.0050 dth=+0.016 gg=0.9987 fl=0.150 ret=0.998 shed=0.004 act=0.8253 flq=0.72
# PAIR t=15.0 p=43 d=1.535 pq=1:1 delta=+0.003 x=0.346 ratio=1.0005 dth=-0.001 gg=1.0000 fl=0.147 ret=0.998 shed=0.003 act=0.7868 flq=0.68
# PAIR t=15.0 p=44 d=1.520 pq=1:1 delta=+0.003 x=0.335 ratio=1.0041 dth=+0.029 gg=0.9963 fl=0.024 ret=0.998 shed=0.003 act=0.1213 flq=0.11
# PAIR t=15.0 p=45 d=1.626 pq=1:1 delta=+0.025 x=0.412 ratio=1.0015 dth=+0.011 gg=0.9971 fl=0.000 ret=0.988 shed=0.026 act=0.0000 flq=0.00
# PAIR t=15.0 p=46 d=1.520 pq=1:1 delta=+0.002 x=0.335 ratio=0.9840 dth=-0.051 gg=0.9899 fl=0.202 ret=0.999 shed=0.002 act=1.0311 flq=0.90
# PAIR t=15.0 p=47 d=1.522 pq=1:1 delta=+0.002 x=0.337 ratio=1.0003 dth=-0.002 gg=1.0000 fl=0.068 ret=0.999 shed=0.002 act=0.3479 flq=0.30
# PAIR t=15.0 p=48 d=1.519 pq=1:1 delta=+0.003 x=0.334 ratio=1.0068 dth=+0.037 gg=0.9940 fl=0.116 ret=0.998 shed=0.003 act=0.5883 flq=0.51
# PAIR t=15.0 p=49 d=1.520 pq=1:1 delta=+0.006 x=0.333 ratio=1.0016 dth=-0.000 gg=0.9999 fl=0.281 ret=0.996 shed=0.006 act=1.4344 flq=1.25
# PAIR t=15.0 p=50 d=1.518 pq=1:1 delta=+0.002 x=0.334 ratio=1.0001 dth=-0.005 gg=0.9999 fl=0.032 ret=0.999 shed=0.002 act=0.1636 flq=0.14
# PAIR t=15.0 p=51 d=1.519 pq=1:1 delta=+0.002 x=0.334 ratio=1.0051 dth=+0.018 gg=0.9985 fl=0.210 ret=0.999 shed=0.002 act=1.0691 flq=0.93
# PAIR t=15.0 p=52 d=1.581 pq=1:1 delta=+0.004 x=0.382 ratio=1.0016 dth=+0.012 gg=0.9992 fl=0.014 ret=0.998 shed=0.004 act=0.0866 flq=0.08
# PAIR t=15.0 p=53 d=1.518 pq=1:1 delta=+0.004 x=0.332 ratio=1.0049 dth=+0.002 gg=0.9999 fl=0.239 ret=0.998 shed=0.004 act=1.2104 flq=1.05
# PAIR t=15.0 p=54 d=1.519 pq=1:1 delta=+0.004 x=0.334 ratio=1.0031 dth=+0.034 gg=0.9950 fl=0.052 ret=0.998 shed=0.004 act=0.2640 flq=0.23
# PAIR t=15.0 p=55 d=1.559 pq=1:1 delta=+0.002 x=0.366 ratio=1.0001 dth=+0.000 gg=1.0000 fl=0.000 ret=0.999 shed=0.002 act=0.0000 flq=0.00
# PAIR t=15.0 p=56 d=1.520 pq=1:1 delta=+0.003 x=0.334 ratio=0.9997 dth=-0.003 gg=1.0000 fl=0.199 ret=0.998 shed=0.003 act=1.0148 flq=0.88
# PAIR t=15.0 p=57 d=1.524 pq=1:1 delta=+0.004 x=0.338 ratio=0.9898 dth=-0.055 gg=0.9889 fl=0.064 ret=0.998 shed=0.003 act=0.3317 flq=0.29
# PAIR t=15.0 p=58 d=1.519 pq=1:1 delta=+0.004 x=0.333 ratio=0.9985 dth=-0.003 gg=1.0000 fl=0.381 ret=0.998 shed=0.004 act=1.9405 flq=1.69
# PAIR t=15.0 p=59 d=1.623 pq=1:1 delta=+0.020 x=0.411 ratio=1.0039 dth=+0.059 gg=0.9809 fl=0.000 ret=0.990 shed=0.021 act=0.0000 flq=0.00
20.000	9727.06961	102.02689	389.378846	4.77279366	10223.2481366	-6.050e-15	36172	14.840	15.352	15.852	0.029	25.9387	0.8432	1.6315	0.8493	0.9927	1.64999	1.64361	15.0299	14.9582	15.0628	-0.019969	-0.0052758	-0.012452	0.29061	-1.2977	-3.6194
# CONV t=20.00 cond=0 evap=0 rough=0 back_s=0
# LEDGER t=20.000 mode=3 sum_err=0 max|E-iEu|=4.999e-13 run_max_diff=1.499e-12 run_max_sum_err=0 steps=1000 E0_int=10223248136555835 sum=10223248136555835
# ANG t=20.00 mean|cosb|=0.5163 n=9741 loaded|cosb|=0.7250 nl=120
# PAIR t=20.0 p=0 d=1.587 pq=1:1 delta=+0.006 x=0.386 ratio=0.9991 dth=-0.008 gg=0.9999 fl=0.000 ret=0.997 shed=0.006 act=0.0008 flq=0.00
# PAIR t=20.0 p=1 d=1.518 pq=1:1 delta=+0.005 x=0.331 ratio=0.9956 dth=+0.003 gg=0.9999 fl=0.066 ret=0.997 shed=0.004 act=0.3359 flq=0.29
# PAIR t=20.0 p=2 d=1.518 pq=1:1 delta=+0.004 x=0.333 ratio=1.0207 dth=+0.072 gg=0.9782 fl=0.022 ret=0.998 shed=0.003 act=0.1109 flq=0.10
# PAIR t=20.0 p=3 d=1.550 pq=1:1 delta=+0.005 x=0.357 ratio=1.0139 dth=+0.024 gg=0.9971 fl=0.221 ret=0.997 shed=0.005 act=1.2319 flq=1.07
# PAIR t=20.0 p=4 d=1.651 pq=1:1 delta=+0.004 x=0.436 ratio=0.9999 dth=-0.002 gg=1.0000 fl=0.000 ret=0.998 shed=0.004 act=0.0000 flq=0.00
# PAIR t=20.0 p=5 d=1.522 pq=1:1 delta=+0.004 x=0.336 ratio=0.9885 dth=-0.049 gg=0.9910 fl=0.189 ret=0.998 shed=0.003 act=0.9724 flq=0.85
# PAIR t=20.0 p=6 d=1.520 pq=1:1 delta=+0.003 x=0.334 ratio=0.9968 dth=-0.023 gg=0.9982 fl=0.029 ret=0.998 shed=0.003 act=0.1459 flq=0.13
# PAIR t=20.0 p=7 d=1.520 pq=1:1 delta=+0.007 x=0.334 ratio=0.9962 dth=-0.013 gg=0.9996 fl=0.035 ret=0.996 shed=0.006 act=0.1795 flq=0.16
# PAIR t=20.0 p=8 d=1.622 pq=1:1 delta=+0.005 x=0.413 ratio=1.0017 dth=+0.028 gg=0.9961 fl=0.000 ret=0.997 shed=0.005 act=0.0000 flq=0.00
# PAIR t=20.0 p=9 d=1.520 pq=1:1 delta=+0.003 x=0.335 ratio=0.9924 dth=-0.050 gg=0.9907 fl=0.017 ret=0.998 shed=0.003 act=0.0874 flq=0.08
# PAIR t=20.0 p=10 d=1.520 pq=1:1 delta=+0.004 x=0.334 ratio=1.0058 dth=+0.012 gg=0.9992 fl=0.275 ret=0.998 shed=0.004 act=1.4019 flq=1.22
# PAIR t=20.0 p=11 d=1.519 pq=1:1 delta=+0.004 x=0.334 ratio=1.0096 dth=-0.008 gg=0.9998 fl=0.024 ret=0.998 shed=0.004 act=0.1241 flq=0.11
# PAIR t=20.0 p=12 d=1.519 pq=1:1 delta=+0.003 x=0.334 ratio=1.0079 dth=-0.000 gg=1.0000 fl=0.048 ret=0.999 shed=0.002 act=0.2445 flq=0.21
# PAIR t=20.0 p=13 d=1.520 pq=1:1 delta=+0.003 x=0.335 ratio=0.9880 dth=-0.159 gg=0.9061 fl=0.005 ret=0.998 shed=0.003 act=0.0261 flq=0.02
# PAIR t=20.0 p=14 d=1.671 pq=1:1 delta=+0.004 x=0.451 ratio=0.9995 dth=-0.009 gg=0.9998 fl=0.000 ret=0.998 shed=0.004 act=0.0000 flq=0.00
# PAIR t=20.0 p=15 d=1.520 pq=1:1 delta=+0.006 x=0.334 ratio=0.9988 dth=-0.002 gg=1.0000 fl=0.033 ret=0.996 shed=0.006 act=0.1698 flq=0.15
# PAIR t=20.0 p=16 d=1.519 pq=1:1 delta=+0.003 x=0.334 ratio=0.9967 dth=-0.001 gg=1.0000 fl=0.014 ret=0.998 shed=0.003 act=0.0720 flq=0.06
# PAIR t=20.0 p=17 d=1.675 pq=1:1 delta=+0.002 x=0.455 ratio=1.0001 dth=+0.001 gg=1.0000 fl=0.000 ret=0.999 shed=0.002 act=0.0000 flq=0.00
# PAIR t=20.0 p=18 d=1.533 pq=1:1 delta=+0.004 x=0.344 ratio=1.0032 dth=-0.000 gg=1.0000 fl=0.246 ret=0.998 shed=0.004 act=1.3052 flq=1.13
# PAIR t=20.0 p=19 d=1.605 pq=1:1 delta=+0.005 x=0.400 ratio=0.9999 dth=-0.003 gg=1.0000 fl=0.001 ret=0.997 shed=0.005 act=0.0042 flq=0.00
# PAIR t=20.0 p=20 d=1.520 pq=1:1 delta=+0.006 x=0.333 ratio=1.0013 dth=+0.010 gg=0.9993 fl=0.047 ret=0.996 shed=0.006 act=0.2421 flq=0.21
# PAIR t=20.0 p=21 d=1.696 pq=1:1 delta=+0.004 x=0.470 ratio=0.9999 dth=-0.003 gg=1.0000 fl=0.000 ret=0.998 shed=0.004 act=0.0000 flq=0.00
# PAIR t=20.0 p=22 d=1.520 pq=1:1 delta=+0.005 x=0.334 ratio=0.9993 dth=-0.008 gg=0.9999 fl=0.031 ret=0.997 shed=0.005 act=0.1583 flq=0.14
# PAIR t=20.0 p=23 d=1.518 pq=1:1 delta=+0.004 x=0.332 ratio=1.0118 dth=+0.014 gg=0.9989 fl=0.040 ret=0.998 shed=0.004 act=0.2036 flq=0.18
# PAIR t=20.0 p=24 d=1.549 pq=1:1 delta=+0.005 x=0.357 ratio=0.9973 dth=-0.027 gg=0.9975 fl=0.056 ret=0.997 shed=0.005 act=0.3092 flq=0.27
# PAIR t=20.0 p=25 d=1.519 pq=1:1 delta=+0.003 x=0.335 ratio=1.0002 dth=-0.042 gg=0.9936 fl=0.009 ret=0.998 shed=0.003 act=0.0447 flq=0.04
# PAIR t=20.0 p=26 d=1.520 pq=1:1 delta=+0.006 x=0.333 ratio=1.0006 dth=-0.001 gg=0.9999 fl=0.041 ret=0.997 shed=0.006 act=0.2117 flq=0.18
# PAIR t=20.0 p=27 d=1.519 pq=1:1 delta=+0.004 x=0.334 ratio=1.0073 dth=+0.051 gg=0.9887 fl=0.009 ret=0.998 shed=0.004 act=0.0456 flq=0.04
# PAIR t=20.0 p=28 d=1.637 pq=1:1 delta=+0.049 x=0.416 ratio=1.0129 dth=+0.245 gg=0.7459 fl=0.000 ret=0.977 shed=0.049 act=0.0000 flq=0.00
# PAIR t=20.0 p=29 d=1.519 pq=1:1 delta=+0.005 x=0.334 ratio=0.9917 dth=-0.180 gg=0.8808 fl=0.001 ret=0.997 shed=0.004 act=0.0035 flq=0.00
# PAIR t=20.0 p=30 d=1.517 pq=1:1 delta=+0.007 x=0.332 ratio=1.0006 dth=+0.020 gg=0.9978 fl=0.030 ret=0.996 shed=0.007 act=0.1519 flq=0.13
# PAIR t=20.0 p=31 d=1.516 pq=1:1 delta=+0.004 x=0.332 ratio=0.9988 dth=-0.022 gg=0.9984 fl=0.002 ret=0.998 shed=0.004 act=0.0099 flq=0.01
# PAIR t=20.0 p=32 d=1.520 pq=1:1 delta=+0.006 x=0.334 ratio=0.9880 dth=-0.033 gg=0.9965 fl=0.034 ret=0.997 shed=0.006 act=0.1715 flq=0.15
# PAIR t=20.0 p=33 d=1.519 pq=1:1 delta=+0.002 x=0.335 ratio=1.0029 dth=+0.052 gg=0.9889 fl=0.004 ret=0.999 shed=0.002 act=0.0224 flq=0.02
# PAIR t=20.0 p=34 d=1.642 pq=1:1 delta=+0.004 x=0.429 ratio=0.9989 dth=-0.020 gg=0.9987 fl=0.000 ret=0.998 shed=0.004 act=0.0000 flq=0.00
# PAIR t=20.0 p=35 d=1.540 pq=1:1 delta=+0.005 x=0.349 ratio=0.9901 dth=-0.068 gg=0.9832 fl=0.147 ret=0.997 shed=0.005 act=0.7918 flq=0.69
# PAIR t=20.0 p=36 d=1.519 pq=1:1 delta=+0.006 x=0.332 ratio=1.0014 dth=-0.011 gg=0.9997 fl=0.059 ret=0.997 shed=0.005 act=0.3003 flq=0.26
# PAIR t=20.0 p=37 d=1.564 pq=1:1 delta=+0.004 x=0.369 ratio=0.9910 dth=-0.074 gg=0.9793 fl=0.087 ret=0.998 shed=0.003 act=0.5024 flq=0.44
# PAIR t=20.0 p=38 d=1.519 pq=1:1 delta=+0.003 x=0.334 ratio=0.9896 dth=-0.044 gg=0.9929 fl=0.025 ret=0.999 shed=0.002 act=0.1270 flq=0.11
# PAIR t=20.0 p=39 d=1.519 pq=1:1 delta=+0.003 x=0.333 ratio=1.0191 dth=+0.037 gg=0.9940 fl=0.058 ret=0.999 shed=0.002 act=0.2934 flq=0.26
# PAIR t=20.0 p=40 d=1.520 pq=1:1 delta=+0.006 x=0.334 ratio=0.9951 dth=-0.019 gg=0.9989 fl=0.027 ret=0.997 shed=0.005 act=0.1383 flq=0.12
# PAIR t=20.0 p=41 d=1.518 pq=1:1 delta=+0.003 x=0.333 ratio=0.9997 dth=-0.003 gg=1.0000 fl=0.032 ret=0.998 shed=0.003 act=0.1636 flq=0.14
# PAIR t=20.0 p=42 d=1.545 pq=1:1 delta=+0.006 x=0.353 ratio=1.0069 dth=+0.014 gg=0.9988 fl=0.179 ret=0.997 shed=0.006 act=0.9833 flq=0.85
# PAIR t=20.0 p=43 d=1.535 pq=1:1 delta=+0.004 x=0.346 ratio=1.0007 dth=+0.006 gg=0.9997 fl=0.176 ret=0.998 shed=0.004 act=0.9379 flq=0.82
# PAIR t=20.0 p=44 d=1.520 pq=1:1 delta=+0.004 x=0.335 ratio=1.0037 dth=+0.058 gg=0.9856 fl=0.001 ret=0.998 shed=0.004 act=0.0040 flq=0.00
# PAIR t=20.0 p=45 d=1.626 pq=1:1 delta=+0.029 x=0.411 ratio=1.0016 dth=+0.024 gg=0.9932 fl=0.000 ret=0.986 shed=0.029 act=0.0000 flq=0.00
# PAIR t=20.0 p=46 d=1.520 pq=1:1 delta=+0.003 x=0.335 ratio=0.9768 dth=-0.043 gg=0.9932 fl=0.032 ret=0.999 shed=0.002 act=0.1614 flq=0.14
# PAIR t=20.0 p=47 d=1.522 pq=1:1 delta=+0.003 x=0.337 ratio=0.9974 dth=-0.019 gg=0.9987 fl=0.066 ret=0.998 shed=0.003 act=0.3391 flq=0.29
# PAIR t=20.0 p=48 d=1.519 pq=1:1 delta=+0.004 x=0.334 ratio=1.0044 dth=+0.032 gg=0.9953 fl=0.018 ret=0.997 shed=0.004 act=0.0896 flq=0.08
# PAIR t=20.0 p=49 d=1.520 pq=1:1 delta=+0.008 x=0.333 ratio=0.9950 dth=-0.009 gg=0.9998 fl=0.052 ret=0.995 shed=0.008 act=0.2654 flq=0.23
# PAIR t=20.0 p=50 d=1.518 pq=1:1 delta=+0.002 x=0.334 ratio=0.9998 dth=-0.002 gg=1.0000 fl=0.003 ret=0.999 shed=0.002 act=0.0140 flq=0.01
# PAIR t=20.0 p=51 d=1.519 pq=1:1 delta=+0.003 x=0.334 ratio=1.0071 dth=+0.006 gg=0.9998 fl=0.036 ret=0.998 shed=0.003 act=0.1814 flq=0.16
# PAIR t=20.0 p=52 d=1.581 pq=1:1 delta=+0.006 x=0.382 ratio=1.0016 dth=+0.022 gg=0.9974 fl=0.006 ret=0.997 shed=0.006 act=0.0337 flq=0.03
# PAIR t=20.0 p=53 d=1.518 pq=1:1 delta=+0.007 x=0.332 ratio=1.0323 dth=+0.072 gg=0.9775 fl=0.029 ret=0.997 shed=0.005 act=0.1462 flq=0.13
# PAIR t=20.0 p=54 d=1.519 pq=1:1 delta=+0.005 x=0.334 ratio=1.0073 dth=+0.053 gg=0.9880 fl=0.005 ret=0.997 shed=0.005 act=0.0271 flq=0.02
# PAIR t=20.0 p=55 d=1.559 pq=1:1 delta=+0.002 x=0.366 ratio=1.0002 dth=+0.002 gg=1.0000 fl=0.000 ret=0.999 shed=0.002 act=0.0000 flq=0.00
# PAIR t=20.0 p=56 d=1.520 pq=1:1 delta=+0.005 x=0.334 ratio=1.0115 dth=+0.011 gg=0.9993 fl=0.033 ret=0.997 shed=0.004 act=0.1671 flq=0.15
# PAIR t=20.0 p=57 d=1.524 pq=1:1 delta=+0.005 x=0.338 ratio=0.9892 dth=-0.095 gg=0.9663 fl=0.068 ret=0.997 shed=0.005 act=0.3520 flq=0.31
# PAIR t=20.0 p=58 d=1.519 pq=1:1 delta=+0.006 x=0.332 ratio=0.9942 dth=-0.007 gg=0.9999 fl=0.073 ret=0.997 shed=0.005 act=0.3710 flq=0.32
# PAIR t=20.0 p=59 d=1.623 pq=1:1 delta=+0.023 x=0.411 ratio=1.0045 dth=+0.097 gg=0.9536 fl=0.000 ret=0.989 shed=0.024 act=0.0000 flq=0.00
25.000	9727.06961	101.636399	389.378846	5.16328477	10223.2481366	-1.210e-14	36166	14.819	15.482	15.860	0.031	25.4319	0.8431	1.7283	0.8493	0.9926	1.64999	1.64361	15.0073	14.9174	15.0323	0.024751	0.0028363	-0.0068364	-1.8953	-2.555	1.9446
# CONV t=25.00 cond=0 evap=0 rough=0 back_s=0
# LEDGER t=25.000 mode=3 sum_err=0 max|E-iEu|=5.000e-13 run_max_diff=1.499e-12 run_max_sum_err=0 steps=1250 E0_int=10223248136555835 sum=10223248136555835
# ANG t=25.00 mean|cosb|=0.5185 n=9741 loaded|cosb|=0.7277 nl=120
# PAIR t=25.0 p=0 d=1.587 pq=1:1 delta=+0.007 x=0.386 ratio=0.9991 dth=-0.018 gg=0.9991 fl=0.000 ret=0.996 shed=0.007 act=0.0008 flq=0.00
# PAIR t=25.0 p=1 d=1.518 pq=1:1 delta=+0.006 x=0.331 ratio=0.9880 dth=-0.017 gg=0.9992 fl=0.170 ret=0.997 shed=0.005 act=0.8595 flq=0.75
# PAIR t=25.0 p=2 d=1.518 pq=1:1 delta=+0.006 x=0.333 ratio=1.0201 dth=+0.111 gg=0.9492 fl=0.055 ret=0.997 shed=0.005 act=0.2803 flq=0.24
# PAIR t=25.0 p=3 d=1.550 pq=1:1 delta=+0.006 x=0.357 ratio=0.9990 dth=+0.013 gg=0.9990 fl=0.007 ret=0.997 shed=0.005 act=0.0414 flq=0.04
# PAIR t=25.0 p=4 d=1.651 pq=1:1 delta=+0.004 x=0.436 ratio=0.9999 dth=-0.003 gg=1.0000 fl=0.000 ret=0.998 shed=0.004 act=0.0000 flq=0.00
# PAIR t=25.0 p=5 d=1.522 pq=1:1 delta=+0.004 x=0.336 ratio=0.9887 dth=-0.054 gg=0.9892 fl=0.043 ret=0.998 shed=0.004 act=0.2201 flq=0.19
# PAIR t=25.0 p=6 d=1.520 pq=1:1 delta=+0.004 x=0.334 ratio=1.0006 dth=-0.006 gg=0.9999 fl=0.074 ret=0.998 shed=0.004 act=0.3799 flq=0.33
# PAIR t=25.0 p=7 d=1.520 pq=1:1 delta=+0.008 x=0.333 ratio=1.0013 dth=-0.002 gg=0.9999 fl=0.090 ret=0.996 shed=0.007 act=0.4615 flq=0.40
# PAIR t=25.0 p=8 d=1.622 pq=1:1 delta=+0.006 x=0.413 ratio=1.0020 dth=+0.045 gg=0.9906 fl=0.000 ret=0.997 shed=0.006 act=0.0000 flq=0.00
# PAIR t=25.0 p=9 d=1.520 pq=1:1 delta=+0.004 x=0.334 ratio=0.9919 dth=-0.051 gg=0.9903 fl=0.042 ret=0.998 shed=0.004 act=0.2140 flq=0.19
# PAIR t=25.0 p=10 d=1.520 pq=1:1 delta=+0.005 x=0.334 ratio=1.0020 dth=+0.003 gg=0.9999 fl=0.065 ret=0.997 shed=0.004 act=0.3300 flq=0.29
# PAIR t=25.0 p=11 d=1.519 pq=1:1 delta=+0.005 x=0.334 ratio=1.0086 dth=+0.040 gg=0.9928 fl=0.068 ret=0.997 shed=0.004 act=0.3457 flq=0.30
# PAIR t=25.0 p=12 d=1.519 pq=1:1 delta=+0.004 x=0.334 ratio=1.0124 dth=+0.012 gg=0.9992 fl=0.120 ret=0.998 shed=0.003 act=0.6135 flq=0.53
# PAIR t=25.0 p=13 d=1.520 pq=1:1 delta=+0.004 x=0.335 ratio=0.9878 dth=-0.225 gg=0.8195 fl=0.008 ret=0.998 shed=0.003 act=0.0400 flq=0.03
# PAIR t=25.0 p=14 d=1.671 pq=1:1 delta=+0.005 x=0.451 ratio=0.9994 dth=-0.014 gg=0.9994 fl=0.000 ret=0.998 shed=0.005 act=0.0000 flq=0.00
# PAIR t=25.0 p=15 d=1.520 pq=1:1 delta=+0.007 x=0.334 ratio=1.0027 dth=+0.004 gg=0.9997 fl=0.086 ret=0.996 shed=0.007 act=0.4369 flq=0.38
# PAIR t=25.0 p=16 d=1.519 pq=1:1 delta=+0.004 x=0.334 ratio=0.9944 dth=-0.036 gg=0.9955 fl=0.033 ret=0.998 shed=0.004 act=0.1698 flq=0.15
# PAIR t=25.0 p=17 d=1.675 pq=1:1 delta=+0.003 x=0.454 ratio=1.0001 dth=+0.002 gg=0.9999 fl=0.000 ret=0.999 shed=0.003 act=0.0000 flq=0.00
# PAIR t=25.0 p=18 d=1.533 pq=1:1 delta=+0.006 x=0.344 ratio=1.0020 dth=+0.002 gg=0.9999 fl=0.058 ret=0.997 shed=0.006 act=0.3085 flq=0.27
# PAIR t=25.0 p=19 d=1.605 pq=1:1 delta=+0.007 x=0.400 ratio=0.9999 dth=-0.006 gg=0.9999 fl=0.001 ret=0.997 shed=0.007 act=0.0042 flq=0.00
# PAIR t=25.0 p=20 d=1.520 pq=1:1 delta=+0.008 x=0.333 ratio=0.9868 dth=-0.012 gg=0.9997 fl=0.111 ret=0.995 shed=0.008 act=0.5686 flq=0.49
# PAIR t=25.0 p=21 d=1.696 pq=1:1 delta=+0.005 x=0.470 ratio=0.9998 dth=-0.005 gg=1.0000 fl=0.000 ret=0.998 shed=0.005 act=0.0000 flq=0.00
# PAIR t=25.0 p=22 d=1.520 pq=1:1 delta=+0.006 x=0.334 ratio=1.0140 dth=+0.038 gg=0.9932 fl=0.073 ret=0.997 shed=0.006 act=0.3748 flq=0.33
# PAIR t=25.0 p=23 d=1.518 pq=1:1 delta=+0.005 x=0.332 ratio=1.0108 dth=+0.031 gg=0.9956 fl=0.107 ret=0.997 shed=0.005 act=0.5405 flq=0.47
# PAIR t=25.0 p=24 d=1.549 pq=1:1 delta=+0.006 x=0.357 ratio=0.9982 dth=-0.026 gg=0.9978 fl=0.001 ret=0.997 shed=0.006 act=0.0067 flq=0.01
# PAIR t=25.0 p=25 d=1.519 pq=1:1 delta=+0.003 x=0.334 ratio=0.9985 dth=-0.026 gg=0.9977 fl=0.019 ret=0.998 shed=0.003 act=0.0980 flq=0.09
# PAIR t=25.0 p=26 d=1.520 pq=1:1 delta=+0.007 x=0.333 ratio=0.9998 dth=-0.008 gg=0.9999 fl=0.106 ret=0.996 shed=0.007 act=0.5402 flq=0.47
# PAIR t=25.0 p=27 d=1.519 pq=1:1 delta=+0.005 x=0.334 ratio=1.0079 dth=+0.092 gg=0.9653 fl=0.019 ret=0.997 shed=0.004 act=0.0982 flq=0.09
# PAIR t=25.0 p=28 d=1.637 pq=1:1 delta=+0.053 x=0.416 ratio=1.0128 dth=+0.367 gg=0.5344 fl=0.000 ret=0.975 shed=0.053 act=0.0000 flq=0.00
# PAIR t=25.0 p=29 d=1.519 pq=1:1 delta=+0.005 x=0.334 ratio=0.9917 dth=-0.267 gg=0.7559 fl=0.002 ret=0.997 shed=0.005 act=0.0110 flq=0.01
# PAIR t=25.0 p=30 d=1.517 pq=1:1 delta=+0.009 x=0.332 ratio=1.0004 dth=-0.001 gg=0.9999 fl=0.081 ret=0.995 shed=0.009 act=0.4086 flq=0.35
# PAIR t=25.0 p=31 d=1.516 pq=1:1 delta=+0.005 x=0.332 ratio=0.9990 dth=-0.033 gg=0.9964 fl=0.000 ret=0.997 shed=0.005 act=0.0020 flq=0.00
# PAIR t=25.0 p=32 d=1.520 pq=1:1 delta=+0.007 x=0.333 ratio=0.9976 dth=-0.027 gg=0.9978 fl=0.090 ret=0.996 shed=0.007 act=0.4575 flq=0.40
# PAIR t=25.0 p=33 d=1.519 pq=1:1 delta=+0.002 x=0.335 ratio=1.0005 dth=+0.059 gg=0.9858 fl=0.004 ret=0.999 shed=0.002 act=0.0222 flq=0.02
# PAIR t=25.0 p=34 d=1.642 pq=1:1 delta=+0.005 x=0.429 ratio=0.9988 dth=-0.031 gg=0.9968 fl=0.000 ret=0.998 shed=0.005 act=0.0000 flq=0.00
# PAIR t=25.0 p=35 d=1.540 pq=1:1 delta=+0.007 x=0.349 ratio=0.9914 dth=-0.052 gg=0.9906 fl=0.032 ret=0.996 shed=0.006 act=0.1715 flq=0.15
# PAIR t=25.0 p=36 d=1.519 pq=1:1 delta=+0.007 x=0.332 ratio=1.0054 dth=+0.025 gg=0.9967 fl=0.146 ret=0.996 shed=0.007 act=0.7426 flq=0.64
# PAIR t=25.0 p=37 d=1.564 pq=1:1 delta=+0.004 x=0.368 ratio=0.9976 dth=-0.042 gg=0.9936 fl=0.099 ret=0.998 shed=0.004 act=0.5730 flq=0.50
# PAIR t=25.0 p=38 d=1.519 pq=1:1 delta=+0.003 x=0.334 ratio=0.9897 dth=-0.054 gg=0.9889 fl=0.064 ret=0.998 shed=0.003 act=0.3242 flq=0.28
# PAIR t=25.0 p=39 d=1.519 pq=1:1 delta=+0.003 x=0.334 ratio=1.0176 dth=+0.017 gg=0.9986 fl=0.153 ret=0.999 shed=0.003 act=0.7785 flq=0.68
# PAIR t=25.0 p=40 d=1.520 pq=1:1 delta=+0.007 x=0.334 ratio=0.9945 dth=-0.017 gg=0.9992 fl=0.071 ret=0.996 shed=0.007 act=0.3618 flq=0.31
# PAIR t=25.0 p=41 d=1.518 pq=1:1 delta=+0.004 x=0.333 ratio=1.0002 dth=-0.007 gg=0.9999 fl=0.082 ret=0.998 shed=0.004 act=0.4151 flq=0.36
# PAIR t=25.0 p=42 d=1.545 pq=1:1 delta=+0.008 x=0.353 ratio=1.0065 dth=+0.009 gg=0.9992 fl=0.005 ret=0.996 shed=0.008 act=0.0295 flq=0.03
# PAIR t=25.0 p=43 d=1.535 pq=1:1 delta=+0.005 x=0.346 ratio=0.9967 dth=-0.013 gg=0.9996 fl=0.038 ret=0.997 shed=0.005 act=0.2049 flq=0.18
# PAIR t=25.0 p=44 d=1.520 pq=1:1 delta=+0.005 x=0.335 ratio=1.0036 dth=+0.096 gg=0.9619 fl=0.002 ret=0.997 shed=0.005 act=0.0113 flq=0.01
# PAIR t=25.0 p=45 d=1.626 pq=1:1 delta=+0.033 x=0.411 ratio=1.0015 dth=+0.038 gg=0.9874 fl=0.000 ret=0.984 shed=0.033 act=0.0000 flq=0.00
# PAIR t=25.0 p=46 d=1.520 pq=1:1 delta=+0.003 x=0.334 ratio=0.9925 dth=-0.055 gg=0.9885 fl=0.099 ret=0.998 shed=0.003 act=0.5034 flq=0.44
# PAIR t=25.0 p=47 d=1.522 pq=1:1 delta=+0.003 x=0.337 ratio=1.0029 dth=+0.004 gg=0.9999 fl=0.012 ret=0.998 shed=0.003 act=0.0600 flq=0.05
# PAIR t=25.0 p=48 d=1.519 pq=1:1 delta=+0.005 x=0.334 ratio=1.0012 dth=+0.026 gg=0.9967 fl=0.043 ret=0.997 shed=0.005 act=0.2175 flq=0.19
# PAIR t=25.0 p=49 d=1.520 pq=1:1 delta=+0.010 x=0.332 ratio=0.9999 dth=-0.007 gg=0.9999 fl=0.142 ret=0.994 shed=0.010 act=0.7219 flq=0.63
# PAIR t=25.0 p=50 d=1.518 pq=1:1 delta=+0.003 x=0.334 ratio=0.9997 dth=-0.005 gg=0.9999 fl=0.001 ret=0.999 shed=0.002 act=0.0068 flq=0.01
# PAIR t=25.0 p=51 d=1.519 pq=1:1 delta=+0.004 x=0.334 ratio=0.9883 dth=-0.006 gg=0.9999 fl=0.089 ret=0.998 shed=0.003 act=0.4519 flq=0.39
# PAIR t=25.0 p=52 d=1.581 pq=1:1 delta=+0.007 x=0.382 ratio=1.0017 dth=+0.037 gg=0.9935 fl=0.003 ret=0.997 shed=0.007 act=0.0174 flq=0.02
# PAIR t=25.0 p=53 d=1.518 pq=1:1 delta=+0.007 x=0.332 ratio=1.0200 dth=+0.084 gg=0.9697 fl=0.093 ret=0.996 shed=0.006 act=0.4719 flq=0.41
# PAIR t=25.0 p=54 d=1.519 pq=1:1 delta=+0.006 x=0.334 ratio=1.0047 dth=+0.094 gg=0.9629 fl=0.007 ret=0.997 shed=0.006 act=0.0346 flq=0.03
# PAIR t=25.0 p=55 d=1.559 pq=1:1 delta=+0.003 x=0.366 ratio=1.0002 dth=+0.003 gg=0.9999 fl=0.000 ret=0.999 shed=0.003 act=0.0000 flq=0.00
# PAIR t=25.0 p=56 d=1.520 pq=1:1 delta=+0.006 x=0.334 ratio=1.0153 dth=+0.046 gg=0.9903 fl=0.081 ret=0.997 shed=0.005 act=0.4121 flq=0.36
# PAIR t=25.0 p=57 d=1.524 pq=1:1 delta=+0.005 x=0.338 ratio=0.9947 dth=-0.104 gg=0.9597 fl=0.012 ret=0.997 shed=0.005 act=0.0632 flq=0.05
# PAIR t=25.0 p=58 d=1.519 pq=1:1 delta=+0.008 x=0.332 ratio=0.9884 dth=-0.025 gg=0.9982 fl=0.191 ret=0.996 shed=0.007 act=0.9715 flq=0.84
# PAIR t=25.0 p=59 d=1.623 pq=1:1 delta=+0.026 x=0.410 ratio=1.0052 dth=+0.142 gg=0.9076 fl=0.000 ret=0.988 shed=0.025 act=0.0000 flq=0.00
30.000	9727.06961	98.6636989	389.378846	8.13598518	10223.2481366	-9.786e-15	36160	14.849	15.492	15.876	0.030	25.6186	0.8431	1.6244	0.8493	0.9927	1.64998	1.64361	15.0016	14.9065	15.0375	0.0071163	-0.010917	0.015857	-0.54813	-1.5875	1.2597
# CONV t=30.00 cond=0 evap=0 rough=0 back_s=0
# LEDGER t=30.000 mode=3 sum_err=0 max|E-iEu|=5.000e-13 run_max_diff=1.500e-12 run_max_sum_err=0 steps=1500 E0_int=10223248136555835 sum=10223248136555835
# ANG t=30.00 mean|cosb|=0.5192 n=9741 loaded|cosb|=0.7265 nl=120
# PAIR t=30.0 p=0 d=1.587 pq=1:1 delta=+0.009 x=0.386 ratio=0.9990 dth=-0.029 gg=0.9975 fl=0.000 ret=0.996 shed=0.009 act=0.0008 flq=0.00
# PAIR t=30.0 p=1 d=1.518 pq=1:1 delta=+0.007 x=0.331 ratio=0.9920 dth=-0.023 gg=0.9984 fl=0.274 ret=0.996 shed=0.007 act=1.3906 flq=1.21
# PAIR t=30.0 p=2 d=1.518 pq=1:1 delta=+0.006 x=0.333 ratio=1.0144 dth=+0.100 gg=0.9585 fl=0.092 ret=0.997 shed=0.006 act=0.4665 flq=0.41
# PAIR t=30.0 p=3 d=1.550 pq=1:1 delta=+0.007 x=0.356 ratio=1.0070 dth=-0.008 gg=0.9999 fl=0.062 ret=0.996 shed=0.007 act=0.3441 flq=0.30
# PAIR t=30.0 p=4 d=1.651 pq=1:1 delta=+0.005 x=0.436 ratio=0.9999 dth=-0.004 gg=1.0000 fl=0.000 ret=0.998 shed=0.005 act=0.0000 flq=0.00
# PAIR t=30.0 p=5 d=1.522 pq=1:1 delta=+0.005 x=0.336 ratio=0.9877 dth=-0.053 gg=0.9900 fl=0.078 ret=0.997 shed=0.005 act=0.4027 flq=0.35
# PAIR t=30.0 p=6 d=1.520 pq=1:1 delta=+0.005 x=0.334 ratio=1.0038 dth=+0.007 gg=0.9996 fl=0.112 ret=0.997 shed=0.005 act=0.5735 flq=0.50
# PAIR t=30.0 p=7 d=1.520 pq=1:1 delta=+0.009 x=0.333 ratio=0.9928 dth=-0.018 gg=0.9992 fl=0.136 ret=0.995 shed=0.009 act=0.6952 flq=0.60
# PAIR t=30.0 p=8 d=1.622 pq=1:1 delta=+0.007 x=0.413 ratio=1.0022 dth=+0.065 gg=0.9815 fl=0.000 ret=0.997 shed=0.007 act=0.0000 flq=0.00
# PAIR t=30.0 p=9 d=1.520 pq=1:1 delta=+0.005 x=0.334 ratio=0.9911 dth=-0.077 gg=0.9782 fl=0.059 ret=0.997 shed=0.005 act=0.2991 flq=0.26
# PAIR t=30.0 p=10 d=1.520 pq=1:1 delta=+0.005 x=0.334 ratio=1.0045 dth=+0.006 gg=0.9996 fl=0.127 ret=0.997 shed=0.005 act=0.6483 flq=0.56
# PAIR t=30.0 p=11 d=1.519 pq=1:1 delta=+0.006 x=0.334 ratio=1.0069 dth=+0.046 gg=0.9906 fl=0.102 ret=0.997 shed=0.005 act=0.5184 flq=0.45
# PAIR t=30.0 p=12 d=1.519 pq=1:1 delta=+0.004 x=0.334 ratio=1.0178 dth=+0.044 gg=0.9915 fl=0.181 ret=0.998 shed=0.004 act=0.9205 flq=0.80
# PAIR t=30.0 p=13 d=1.520 pq=1:1 delta=+0.005 x=0.335 ratio=0.9886 dth=-0.315 gg=0.6759 fl=0.003 ret=0.997 shed=0.004 act=0.0158 flq=0.01
# PAIR t=30.0 p=14 d=1.671 pq=1:1 delta=+0.005 x=0.451 ratio=0.9994 dth=-0.020 gg=0.9988 fl=0.000 ret=0.997 shed=0.006 act=0.0000 flq=0.00
# PAIR t=30.0 p=15 d=1.520 pq=1:1 delta=+0.009 x=0.333 ratio=1.0042 dth=+0.010 gg=0.9991 fl=0.132 ret=0.995 shed=0.008 act=0.6740 flq=0.59
# PAIR t=30.0 p=16 d=1.519 pq=1:1 delta=+0.004 x=0.334 ratio=0.9958 dth=-0.052 gg=0.9901 fl=0.045 ret=0.998 shed=0.004 act=0.2317 flq=0.20
# PAIR t=30.0 p=17 d=1.675 pq=1:1 delta=+0.003 x=0.454 ratio=1.0001 dth=+0.002 gg=0.9999 fl=0.000 ret=0.999 shed=0.003 act=0.0000 flq=0.00
# PAIR t=30.0 p=18 d=1.533 pq=1:1 delta=+0.007 x=0.344 ratio=0.9988 dth=+0.004 gg=0.9997 fl=0.110 ret=0.996 shed=0.006 act=0.5864 flq=0.51
# PAIR t=30.0 p=19 d=1.605 pq=1:1 delta=+0.008 x=0.400 ratio=0.9999 dth=-0.008 gg=0.9999 fl=0.001 ret=0.996 shed=0.008 act=0.0042 flq=0.00
# PAIR t=30.0 p=20 d=1.520 pq=1:1 delta=+0.009 x=0.333 ratio=0.9886 dth=-0.045 gg=0.9935 fl=0.179 ret=0.995 shed=0.009 act=0.9134 flq=0.79
# PAIR t=30.0 p=21 d=1.696 pq=1:1 delta=+0.006 x=0.470 ratio=0.9998 dth=-0.007 gg=0.9999 fl=0.000 ret=0.997 shed=0.006 act=0.0000 flq=0.00
# PAIR t=30.0 p=22 d=1.520 pq=1:1 delta=+0.007 x=0.334 ratio=0.9987 dth=+0.034 gg=0.9944 fl=0.112 ret=0.996 shed=0.007 act=0.5712 flq=0.50
# PAIR t=30.0 p=23 d=1.518 pq=1:1 delta=+0.006 x=0.332 ratio=1.0080 dth=+0.028 gg=0.9960 fl=0.168 ret=0.997 shed=0.006 act=0.8503 flq=0.74
# PAIR t=30.0 p=24 d=1.549 pq=1:1 delta=+0.007 x=0.357 ratio=0.9982 dth=-0.033 gg=0.9964 fl=0.007 ret=0.996 shed=0.007 act=0.0415 flq=0.04
# PAIR t=30.0 p=25 d=1.519 pq=1:1 delta=+0.004 x=0.334 ratio=0.9991 dth=-0.031 gg=0.9967 fl=0.023 ret=0.998 shed=0.004 act=0.1163 flq=0.10
# PAIR t=30.0 p=26 d=1.520 pq=1:1 delta=+0.009 x=0.333 ratio=0.9929 dth=-0.026 gg=0.9981 fl=0.162 ret=0.995 shed=0.008 act=0.8261 flq=0.72
# PAIR t=30.0 p=27 d=1.519 pq=1:1 delta=+0.006 x=0.334 ratio=1.0058 dth=+0.113 gg=0.9473 fl=0.024 ret=0.997 shed=0.006 act=0.1237 flq=0.11
# PAIR t=30.0 p=28 d=1.637 pq=1:1 delta=+0.057 x=0.415 ratio=1.0124 dth=+0.487 gg=0.3405 fl=0.000 ret=0.973 shed=0.057 act=0.0000 flq=0.00
# PAIR t=30.0 p=29 d=1.519 pq=1:1 delta=+0.006 x=0.334 ratio=0.9916 dth=-0.355 gg=0.6085 fl=0.002 ret=0.997 shed=0.006 act=0.0110 flq=0.01
# PAIR t=30.0 p=30 d=1.517 pq=1:1 delta=+0.010 x=0.331 ratio=0.9988 dth=-0.010 gg=0.9998 fl=0.125 ret=0.994 shed=0.009 act=0.6357 flq=0.55
# PAIR t=30.0 p=31 d=1.516 pq=1:1 delta=+0.007 x=0.332 ratio=0.9992 dth=-0.044 gg=0.9934 fl=0.000 ret=0.996 shed=0.006 act=0.0020 flq=0.00
# PAIR t=30.0 p=32 d=1.520 pq=1:1 delta=+0.009 x=0.333 ratio=0.9935 dth=-0.013 gg=0.9996 fl=0.131 ret=0.995 shed=0.008 act=0.6662 flq=0.58
# PAIR t=30.0 p=33 d=1.519 pq=1:1 delta=+0.003 x=0.335 ratio=1.0004 dth=+0.060 gg=0.9850 fl=0.000 ret=0.998 shed=0.003 act=0.0016 flq=0.00
# PAIR t=30.0 p=34 d=1.642 pq=1:1 delta=+0.005 x=0.428 ratio=0.9987 dth=-0.043 gg=0.9934 fl=0.000 ret=0.997 shed=0.006 act=0.0000 flq=0.00
# PAIR t=30.0 p=35 d=1.540 pq=1:1 delta=+0.008 x=0.349 ratio=0.9953 dth=-0.057 gg=0.9887 fl=0.056 ret=0.996 shed=0.007 act=0.3036 flq=0.26
# PAIR t=30.0 p=36 d=1.519 pq=1:1 delta=+0.008 x=0.332 ratio=0.9999 dth=-0.000 gg=0.9999 fl=0.243 ret=0.995 shed=0.008 act=1.2365 flq=1.07
# PAIR t=30.0 p=37 d=1.564 pq=1:1 delta=+0.005 x=0.368 ratio=0.9876 dth=-0.062 gg=0.9859 fl=0.096 ret=0.998 shed=0.005 act=0.5542 flq=0.48
# PAIR t=30.0 p=38 d=1.519 pq=1:1 delta=+0.004 x=0.334 ratio=0.9970 dth=-0.051 gg=0.9904 fl=0.094 ret=0.998 shed=0.003 act=0.4774 flq=0.41
# PAIR t=30.0 p=39 d=1.519 pq=1:1 delta=+0.003 x=0.333 ratio=1.0079 dth=+0.023 gg=0.9975 fl=0.256 ret=0.998 shed=0.003 act=1.3073 flq=1.14
# PAIR t=30.0 p=40 d=1.520 pq=1:1 delta=+0.009 x=0.333 ratio=0.9933 dth=-0.038 gg=0.9954 fl=0.103 ret=0.995 shed=0.009 act=0.5280 flq=0.46
# PAIR t=30.0 p=41 d=1.518 pq=1:1 delta=+0.005 x=0.333 ratio=0.9989 dth=+0.005 gg=0.9998 fl=0.123 ret=0.997 shed=0.004 act=0.6261 flq=0.54
# PAIR t=30.0 p=42 d=1.545 pq=1:1 delta=+0.010 x=0.353 ratio=1.0091 dth=+0.012 gg=0.9988 fl=0.044 ret=0.995 shed=0.009 act=0.2391 flq=0.21
# PAIR t=30.0 p=43 d=1.535 pq=1:1 delta=+0.006 x=0.346 ratio=1.0010 dth=-0.011 gg=0.9997 fl=0.069 ret=0.997 shed=0.006 act=0.3677 flq=0.32
# PAIR t=30.0 p=44 d=1.520 pq=1:1 delta=+0.007 x=0.334 ratio=1.0037 dth=+0.132 gg=0.9288 fl=0.002 ret=0.996 shed=0.006 act=0.0113 flq=0.01
# PAIR t=30.0 p=45 d=1.626 pq=1:1 delta=+0.035 x=0.410 ratio=1.0014 dth=+0.050 gg=0.9804 fl=0.000 ret=0.983 shed=0.035 act=0.0000 flq=0.00
# PAIR t=30.0 p=46 d=1.520 pq=1:1 delta=+0.004 x=0.334 ratio=1.0086 dth=+0.016 gg=0.9987 fl=0.153 ret=0.998 shed=0.003 act=0.7818 flq=0.68
# PAIR t=30.0 p=47 d=1.522 pq=1:1 delta=+0.004 x=0.337 ratio=1.0037 dth=+0.026 gg=0.9969 fl=0.019 ret=0.998 shed=0.004 act=0.0955 flq=0.08
# PAIR t=30.0 p=48 d=1.519 pq=1:1 delta=+0.006 x=0.334 ratio=0.9994 dth=+0.004 gg=0.9998 fl=0.063 ret=0.996 shed=0.006 act=0.3182 flq=0.28
# PAIR t=30.0 p=49 d=1.520 pq=1:1 delta=+0.013 x=0.332 ratio=0.9978 dth=-0.004 gg=0.9998 fl=0.217 ret=0.993 shed=0.012 act=1.1045 flq=0.96
# PAIR t=30.0 p=50 d=1.518 pq=1:1 delta=+0.003 x=0.334 ratio=0.9996 dth=-0.009 gg=0.9998 fl=0.002 ret=0.998 shed=0.003 act=0.0089 flq=0.01
# PAIR t=30.0 p=51 d=1.519 pq=1:1 delta=+0.004 x=0.334 ratio=0.9913 dth=-0.047 gg=0.9920 fl=0.142 ret=0.998 shed=0.004 act=0.7218 flq=0.63
# PAIR t=30.0 p=52 d=1.581 pq=1:1 delta=+0.008 x=0.381 ratio=1.0016 dth=+0.053 gg=0.9870 fl=0.003 ret=0.996 shed=0.008 act=0.0174 flq=0.02
# PAIR t=30.0 p=53 d=1.518 pq=1:1 delta=+0.008 x=0.332 ratio=1.0117 dth=+0.048 gg=0.9891 fl=0.160 ret=0.996 shed=0.008 act=0.8129 flq=0.71
# PAIR t=30.0 p=54 d=1.519 pq=1:1 delta=+0.007 x=0.334 ratio=1.0044 dth=+0.129 gg=0.9320 fl=0.002 ret=0.996 shed=0.007 act=0.0118 flq=0.01
# PAIR t=30.0 p=55 d=1.559 pq=1:1 delta=+0.003 x=0.365 ratio=1.0003 dth=+0.006 gg=0.9998 fl=0.000 ret=0.998 shed=0.003 act=0.0000 flq=0.00
# PAIR t=30.0 p=56 d=1.520 pq=1:1 delta=+0.007 x=0.334 ratio=1.0060 dth=+0.056 gg=0.9861 fl=0.128 ret=0.996 shed=0.006 act=0.6509 flq=0.57
# PAIR t=30.0 p=57 d=1.524 pq=1:1 delta=+0.007 x=0.337 ratio=0.9926 dth=-0.107 gg=0.9582 fl=0.017 ret=0.996 shed=0.007 act=0.0887 flq=0.08
# PAIR t=30.0 p=58 d=1.519 pq=1:1 delta=+0.009 x=0.332 ratio=0.9886 dth=-0.031 gg=0.9971 fl=0.297 ret=0.995 shed=0.008 act=1.5130 flq=1.31
# PAIR t=30.0 p=59 d=1.623 pq=1:1 delta=+0.027 x=0.410 ratio=1.0057 dth=+0.194 gg=0.8400 fl=0.000 ret=0.987 shed=0.027 act=0.0000 flq=0.00
35.000	9727.06961	104.950042	389.378846	1.84964188	10223.2481366	-5.872e-15	36162	14.793	15.382	15.843	0.030	25.5623	0.8434	1.2896	0.8493	0.9930	1.64997	1.64360	14.9959	14.8703	15.0586	0.0035403	0.0013881	0.0023087	-2.1606	-1.0375	0.48447
# CONV t=35.00 cond=0 evap=0 rough=0 back_s=0
# LEDGER t=35.000 mode=3 sum_err=0 max|E-iEu|=4.999e-13 run_max_diff=1.500e-12 run_max_sum_err=0 steps=1750 E0_int=10223248136555835 sum=10223248136555835
# ANG t=35.00 mean|cosb|=0.5190 n=9741 loaded|cosb|=0.7186 nl=120
# PAIR t=35.0 p=0 d=1.587 pq=1:1 delta=+0.010 x=0.385 ratio=0.9989 dth=-0.040 gg=0.9950 fl=0.000 ret=0.995 shed=0.010 act=0.0008 flq=0.00
# PAIR t=35.0 p=1 d=1.518 pq=1:1 delta=+0.008 x=0.331 ratio=0.9950 dth=-0.010 gg=0.9998 fl=0.011 ret=0.996 shed=0.007 act=0.0541 flq=0.05
# PAIR t=35.0 p=2 d=1.518 pq=1:1 delta=+0.007 x=0.332 ratio=1.0121 dth=+0.072 gg=0.9774 fl=0.003 ret=0.996 shed=0.006 act=0.0163 flq=0.01
# PAIR t=35.0 p=3 d=1.550 pq=1:1 delta=+0.008 x=0.356 ratio=0.9999 dth=+0.010 gg=0.9991 fl=0.116 ret=0.996 shed=0.008 act=0.6473 flq=0.56
# PAIR t=35.0 p=4 d=1.651 pq=1:1 delta=+0.006 x=0.436 ratio=0.9999 dth=-0.006 gg=0.9999 fl=0.000 ret=0.997 shed=0.006 act=0.0000 flq=0.00
# PAIR t=35.0 p=5 d=1.522 pq=1:1 delta=+0.005 x=0.336 ratio=0.9985 dth=-0.036 gg=0.9955 fl=0.119 ret=0.997 shed=0.005 act=0.6090 flq=0.53
# PAIR t=35.0 p=6 d=1.520 pq=1:1 delta=+0.006 x=0.334 ratio=1.0001 dth=+0.011 gg=0.9992 fl=0.004 ret=0.997 shed=0.005 act=0.0197 flq=0.02
# PAIR t=35.0 p=7 d=1.520 pq=1:1 delta=+0.011 x=0.333 ratio=0.9857 dth=-0.049 gg=0.9923 fl=0.004 ret=0.994 shed=0.010 act=0.0227 flq=0.02
# PAIR t=35.0 p=8 d=1.622 pq=1:1 delta=+0.007 x=0.413 ratio=1.0024 dth=+0.086 gg=0.9681 fl=0.000 ret=0.996 shed=0.007 act=0.0000 flq=0.00
# PAIR t=35.0 p=9 d=1.520 pq=1:1 delta=+0.005 x=0.334 ratio=0.9926 dth=-0.078 gg=0.9773 fl=0.002 ret=0.997 shed=0.005 act=0.0089 flq=0.01
# PAIR t=35.0 p=10 d=1.520 pq=1:1 delta=+0.007 x=0.334 ratio=1.0129 dth=+0.030 gg=0.9954 fl=0.175 ret=0.996 shed=0.006 act=0.8953 flq=0.78
# PAIR t=35.0 p=11 d=1.519 pq=1:1 delta=+0.006 x=0.334 ratio=1.0024 dth=+0.010 gg=0.9993 fl=0.003 ret=0.996 shed=0.006 act=0.0178 flq=0.02
# PAIR t=35.0 p=12 d=1.519 pq=1:1 delta=+0.005 x=0.333 ratio=1.0129 dth=+0.027 gg=0.9966 fl=0.007 ret=0.998 shed=0.004 act=0.0365 flq=0.03
# PAIR t=35.0 p=13 d=1.520 pq=1:1 delta=+0.006 x=0.335 ratio=0.9885 dth=-0.431 gg=0.4784 fl=0.001 ret=0.997 shed=0.005 act=0.0044 flq=0.00
# PAIR t=35.0 p=14 d=1.671 pq=1:1 delta=+0.006 x=0.451 ratio=0.9993 dth=-0.027 gg=0.9977 fl=0.000 ret=0.997 shed=0.006 act=0.0000 flq=0.00
# PAIR t=35.0 p=15 d=1.520 pq=1:1 delta=+0.010 x=0.333 ratio=1.0029 dth=+0.008 gg=0.9993 fl=0.005 ret=0.994 shed=0.010 act=0.0236 flq=0.02
# PAIR t=35.0 p=16 d=1.519 pq=1:1 delta=+0.005 x=0.334 ratio=0.9948 dth=-0.052 gg=0.9903 fl=0.001 ret=0.997 shed=0.005 act=0.0066 flq=0.01
# PAIR t=35.0 p=17 d=1.675 pq=1:1 delta=+0.004 x=0.454 ratio=1.0000 dth=+0.003 gg=0.9999 fl=0.000 ret=0.998 shed=0.004 act=0.0000 flq=0.00
# PAIR t=35.0 p=18 d=1.533 pq=1:1 delta=+0.008 x=0.344 ratio=0.9906 dth=-0.022 gg=0.9986 fl=0.151 ret=0.996 shed=0.007 act=0.8016 flq=0.70
# PAIR t=35.0 p=19 d=1.605 pq=1:1 delta=+0.009 x=0.400 ratio=0.9997 dth=-0.010 gg=0.9998 fl=0.001 ret=0.995 shed=0.009 act=0.0042 flq=0.00
# PAIR t=35.0 p=20 d=1.520 pq=1:1 delta=+0.011 x=0.333 ratio=0.9937 dth=-0.027 gg=0.9981 fl=0.007 ret=0.994 shed=0.010 act=0.0355 flq=0.03
# PAIR t=35.0 p=21 d=1.696 pq=1:1 delta=+0.007 x=0.470 ratio=0.9997 dth=-0.010 gg=0.9998 fl=0.000 ret=0.997 shed=0.007 act=0.0000 flq=0.00
# PAIR t=35.0 p=22 d=1.520 pq=1:1 delta=+0.008 x=0.334 ratio=1.0071 dth=+0.001 gg=0.9998 fl=0.004 ret=0.995 shed=0.008 act=0.0188 flq=0.02
# PAIR t=35.0 p=23 d=1.518 pq=1:1 delta=+0.007 x=0.332 ratio=1.0088 dth=+0.030 gg=0.9954 fl=0.006 ret=0.996 shed=0.006 act=0.0296 flq=0.03
# PAIR t=35.0 p=24 d=1.549 pq=1:1 delta=+0.008 x=0.356 ratio=1.0010 dth=-0.031 gg=0.9970 fl=0.007 ret=0.996 shed=0.008 act=0.0405 flq=0.04
# PAIR t=35.0 p=25 d=1.519 pq=1:1 delta=+0.005 x=0.334 ratio=0.9992 dth=-0.028 gg=0.9974 fl=0.001 ret=0.997 shed=0.004 act=0.0026 flq=0.00
# PAIR t=35.0 p=26 d=1.520 pq=1:1 delta=+0.010 x=0.333 ratio=0.9895 dth=-0.028 gg=0.9978 fl=0.006 ret=0.994 shed=0.010 act=0.0289 flq=0.03
# PAIR t=35.0 p=27 d=1.519 pq=1:1 delta=+0.007 x=0.334 ratio=1.0046 dth=+0.116 gg=0.9444 fl=0.001 ret=0.996 shed=0.006 act=0.0032 flq=0.00
# PAIR t=35.0 p=28 d=1.637 pq=1:1 delta=+0.062 x=0.414 ratio=1.0120 dth=+0.602 gg=0.1947 fl=0.000 ret=0.971 shed=0.061 act=0.0000 flq=0.00
# PAIR t=35.0 p=29 d=1.519 pq=1:1 delta=+0.008 x=0.334 ratio=0.9915 dth=-0.443 gg=0.4594 fl=0.002 ret=0.996 shed=0.007 act=0.0110 flq=0.01
# PAIR t=35.0 p=30 d=1.517 pq=1:1 delta=+0.013 x=0.331 ratio=1.0033 dth=-0.005 gg=0.9998 fl=0.004 ret=0.993 shed=0.012 act=0.0221 flq=0.02
# PAIR t=35.0 p=31 d=1.516 pq=1:1 delta=+0.007 x=0.332 ratio=0.9991 dth=-0.053 gg=0.9903 fl=0.000 ret=0.996 shed=0.007 act=0.0020 flq=0.00
# PAIR t=35.0 p=32 d=1.520 pq=1:1 delta=+0.010 x=0.333 ratio=0.9882 dth=-0.053 gg=0.9908 fl=0.004 ret=0.994 shed=0.009 act=0.0227 flq=0.02
# PAIR t=35.0 p=33 d=1.519 pq=1:1 delta=+0.003 x=0.335 ratio=1.0003 dth=+0.064 gg=0.9830 fl=0.000 ret=0.998 shed=0.003 act=0.0016 flq=0.00
# PAIR t=35.0 p=34 d=1.642 pq=1:1 delta=+0.006 x=0.428 ratio=0.9986 dth=-0.056 gg=0.9885 fl=0.000 ret=0.997 shed=0.006 act=0.0000 flq=0.00
# PAIR t=35.0 p=35 d=1.540 pq=1:1 delta=+0.009 x=0.349 ratio=0.9976 dth=-0.023 gg=0.9985 fl=0.078 ret=0.995 shed=0.009 act=0.4216 flq=0.37
# PAIR t=35.0 p=36 d=1.519 pq=1:1 delta=+0.010 x=0.332 ratio=0.9919 dth=-0.028 gg=0.9977 fl=0.009 ret=0.995 shed=0.009 act=0.0444 flq=0.04
# PAIR t=35.0 p=37 d=1.564 pq=1:1 delta=+0.006 x=0.368 ratio=0.9925 dth=-0.074 gg=0.9799 fl=0.014 ret=0.997 shed=0.005 act=0.0829 flq=0.07
# PAIR t=35.0 p=38 d=1.519 pq=1:1 delta=+0.004 x=0.334 ratio=1.0042 dth=+0.004 gg=0.9998 fl=0.003 ret=0.998 shed=0.004 act=0.0161 flq=0.01
# PAIR t=35.0 p=39 d=1.519 pq=1:1 delta=+0.004 x=0.333 ratio=0.9990 dth=+0.006 gg=0.9997 fl=0.010 ret=0.998 shed=0.003 act=0.0514 flq=0.04
# PAIR t=35.0 p=40 d=1.520 pq=1:1 delta=+0.010 x=0.333 ratio=0.9956 dth=-0.036 gg=0.9961 fl=0.004 ret=0.995 shed=0.009 act=0.0185 flq=0.02
# PAIR t=35.0 p=41 d=1.518 pq=1:1 delta=+0.005 x=0.333 ratio=1.0039 dth=-0.016 gg=0.9992 fl=0.004 ret=0.997 shed=0.005 act=0.0209 flq=0.02
# PAIR t=35.0 p=42 d=1.545 pq=1:1 delta=+0.011 x=0.353 ratio=1.0185 dth=+0.037 gg=0.9926 fl=0.068 ret=0.994 shed=0.011 act=0.3748 flq=0.33
# PAIR t=35.0 p=43 d=1.535 pq=1:1 delta=+0.007 x=0.346 ratio=1.0048 dth=+0.013 gg=0.9988 fl=0.094 ret=0.996 shed=0.007 act=0.5013 flq=0.44
# PAIR t=35.0 p=44 d=1.520 pq=1:1 delta=+0.008 x=0.334 ratio=1.0035 dth=+0.169 gg=0.8867 fl=0.002 ret=0.995 shed=0.008 act=0.0113 flq=0.01
# PAIR t=35.0 p=45 d=1.626 pq=1:1 delta=+0.037 x=0.410 ratio=1.0013 dth=+0.062 gg=0.9728 fl=0.000 ret=0.982 shed=0.037 act=0.0000 flq=0.00
# PAIR t=35.0 p=46 d=1.520 pq=1:1 delta=+0.004 x=0.334 ratio=1.0034 dth=+0.016 gg=0.9987 fl=0.006 ret=0.998 shed=0.004 act=0.0289 flq=0.03
# PAIR t=35.0 p=47 d=1.522 pq=1:1 delta=+0.004 x=0.337 ratio=1.0041 dth=+0.052 gg=0.9883 fl=0.020 ret=0.998 shed=0.004 act=0.1049 flq=0.09
# PAIR t=35.0 p=48 d=1.519 pq=1:1 delta=+0.007 x=0.333 ratio=0.9970 dth=-0.013 gg=0.9996 fl=0.002 ret=0.996 shed=0.007 act=0.0097 flq=0.01
# PAIR t=35.0 p=49 d=1.520 pq=1:1 delta=+0.014 x=0.332 ratio=0.9844 dth=-0.023 gg=0.9988 fl=0.007 ret=0.992 shed=0.013 act=0.0361 flq=0.03
# PAIR t=35.0 p=50 d=1.518 pq=1:1 delta=+0.004 x=0.334 ratio=0.9996 dth=-0.013 gg=0.9995 fl=0.002 ret=0.998 shed=0.003 act=0.0089 flq=0.01
# PAIR t=35.0 p=51 d=1.519 pq=1:1 delta=+0.005 x=0.334 ratio=0.9899 dth=-0.023 gg=0.9982 fl=0.005 ret=0.997 shed=0.004 act=0.0247 flq=0.02
# PAIR t=35.0 p=52 d=1.581 pq=1:1 delta=+0.010 x=0.381 ratio=1.0017 dth=+0.069 gg=0.9781 fl=0.003 ret=0.995 shed=0.010 act=0.0174 flq=0.02
# PAIR t=35.0 p=53 d=1.518 pq=1:1 delta=+0.009 x=0.332 ratio=1.0072 dth=+0.012 gg=0.9988 fl=0.006 ret=0.995 shed=0.009 act=0.0311 flq=0.03
# PAIR t=35.0 p=54 d=1.519 pq=1:1 delta=+0.008 x=0.334 ratio=1.0045 dth=+0.173 gg=0.8818 fl=0.000 ret=0.995 shed=0.008 act=0.0008 flq=0.00
# PAIR t=35.0 p=55 d=1.559 pq=1:1 delta=+0.004 x=0.365 ratio=1.0003 dth=+0.008 gg=0.9996 fl=0.000 ret=0.998 shed=0.004 act=0.0000 flq=0.00
# PAIR t=35.0 p=56 d=1.520 pq=1:1 delta=+0.008 x=0.333 ratio=0.9865 dth=-0.031 gg=0.9971 fl=0.004 ret=0.996 shed=0.007 act=0.0221 flq=0.02
# PAIR t=35.0 p=57 d=1.524 pq=1:1 delta=+0.008 x=0.337 ratio=0.9919 dth=-0.146 gg=0.9222 fl=0.017 ret=0.996 shed=0.007 act=0.0887 flq=0.08
# PAIR t=35.0 p=58 d=1.519 pq=1:1 delta=+0.010 x=0.332 ratio=0.9841 dth=-0.016 gg=0.9994 fl=0.011 ret=0.994 shed=0.009 act=0.0554 flq=0.05
# PAIR t=35.0 p=59 d=1.623 pq=1:1 delta=+0.029 x=0.410 ratio=1.0061 dth=+0.251 gg=0.7534 fl=0.000 ret=0.986 shed=0.029 act=0.0000 flq=0.00
40.000	9727.06961	102.081779	389.378846	4.71790509	10223.2481366	-4.270e-15	36160	14.837	15.402	15.846	0.030	25.2202	0.8434	1.4429	0.8493	0.9931	1.64996	1.64360	14.9698	14.8826	15.0637	-0.0015166	0.0034766	-0.0086223	0.095326	0.16423	-0.00081927
# CONV t=40.00 cond=0 evap=0 rough=0 back_s=0
# LEDGER t=40.000 mode=3 sum_err=0 max|E-iEu|=5.000e-13 run_max_diff=1.500e-12 run_max_sum_err=0 steps=2000 E0_int=10223248136555835 sum=10223248136555835
# ANG t=40.00 mean|cosb|=0.5227 n=9741 loaded|cosb|=0.7142 nl=120
# PAIR t=40.0 p=0 d=1.587 pq=1:1 delta=+0.011 x=0.385 ratio=0.9988 dth=-0.052 gg=0.9915 fl=0.000 ret=0.994 shed=0.011 act=0.0008 flq=0.00
# PAIR t=40.0 p=1 d=1.518 pq=1:1 delta=+0.009 x=0.331 ratio=0.9998 dth=-0.009 gg=0.9998 fl=0.123 ret=0.995 shed=0.009 act=0.6226 flq=0.54
# PAIR t=40.0 p=2 d=1.518 pq=1:1 delta=+0.008 x=0.332 ratio=1.0135 dth=+0.081 gg=0.9715 fl=0.035 ret=0.995 shed=0.008 act=0.1772 flq=0.15
# PAIR t=40.0 p=3 d=1.550 pq=1:1 delta=+0.009 x=0.356 ratio=1.0013 dth=-0.012 gg=0.9997 fl=0.163 ret=0.995 shed=0.009 act=0.9051 flq=0.79
# PAIR t=40.0 p=4 d=1.651 pq=1:1 delta=+0.007 x=0.436 ratio=0.9998 dth=-0.008 gg=0.9999 fl=0.000 ret=0.997 shed=0.007 act=0.0000 flq=0.00
# PAIR t=40.0 p=5 d=1.522 pq=1:1 delta=+0.006 x=0.336 ratio=1.0003 dth=-0.004 gg=1.0000 fl=0.152 ret=0.997 shed=0.006 act=0.7794 flq=0.68
# PAIR t=40.0 p=6 d=1.520 pq=1:1 delta=+0.006 x=0.334 ratio=1.0066 dth=+0.006 gg=0.9996 fl=0.040 ret=0.996 shed=0.006 act=0.2063 flq=0.18
# PAIR t=40.0 p=7 d=1.520 pq=1:1 delta=+0.012 x=0.333 ratio=0.9919 dth=-0.059 gg=0.9887 fl=0.052 ret=0.993 shed=0.012 act=0.2652 flq=0.23
# PAIR t=40.0 p=8 d=1.622 pq=1:1 delta=+0.008 x=0.413 ratio=1.0025 dth=+0.109 gg=0.9500 fl=0.000 ret=0.996 shed=0.008 act=0.0000 flq=0.00
# PAIR t=40.0 p=9 d=1.520 pq=1:1 delta=+0.006 x=0.334 ratio=0.9932 dth=-0.087 gg=0.9721 fl=0.018 ret=0.997 shed=0.006 act=0.0905 flq=0.08
# PAIR t=40.0 p=10 d=1.520 pq=1:1 delta=+0.007 x=0.334 ratio=1.0091 dth=+0.032 gg=0.9949 fl=0.236 ret=0.996 shed=0.007 act=1.2058 flq=1.05
# PAIR t=40.0 p=11 d=1.519 pq=1:1 delta=+0.007 x=0.333 ratio=1.0018 dth=+0.010 gg=0.9992 fl=0.040 ret=0.996 shed=0.007 act=0.2025 flq=0.18
# PAIR t=40.0 p=12 d=1.519 pq=1:1 delta=+0.005 x=0.333 ratio=1.0125 dth=+0.025 gg=0.9970 fl=0.083 ret=0.997 shed=0.005 act=0.4223 flq=0.37
# PAIR t=40.0 p=13 d=1.520 pq=1:1 delta=+0.006 x=0.335 ratio=0.9885 dth=-0.551 gg=0.2965 fl=0.001 ret=0.997 shed=0.006 act=0.0044 flq=0.00
# PAIR t=40.0 p=14 d=1.671 pq=1:1 delta=+0.007 x=0.451 ratio=0.9991 dth=-0.035 gg=0.9961 fl=0.000 ret=0.997 shed=0.007 act=0.0000 flq=0.00
# PAIR t=40.0 p=15 d=1.520 pq=1:1 delta=+0.011 x=0.333 ratio=1.0049 dth=+0.011 gg=0.9988 fl=0.050 ret=0.994 shed=0.010 act=0.2534 flq=0.22
# PAIR t=40.0 p=16 d=1.519 pq=1:1 delta=+0.006 x=0.334 ratio=0.9949 dth=-0.073 gg=0.9806 fl=0.013 ret=0.997 shed=0.006 act=0.0681 flq=0.06
# PAIR t=40.0 p=17 d=1.675 pq=1:1 delta=+0.005 x=0.454 ratio=1.0000 dth=+0.002 gg=0.9999 fl=0.000 ret=0.998 shed=0.005 act=0.0000 flq=0.00
# PAIR t=40.0 p=18 d=1.533 pq=1:1 delta=+0.010 x=0.344 ratio=0.9775 dth=-0.089 gg=0.9718 fl=0.158 ret=0.995 shed=0.008 act=0.8364 flq=0.73
# PAIR t=40.0 p=19 d=1.605 pq=1:1 delta=+0.011 x=0.399 ratio=0.9998 dth=-0.013 gg=0.9997 fl=0.001 ret=0.995 shed=0.010 act=0.0042 flq=0.00
# PAIR t=40.0 p=20 d=1.520 pq=1:1 delta=+0.012 x=0.332 ratio=0.9992 dth=-0.011 gg=0.9998 fl=0.082 ret=0.993 shed=0.012 act=0.4206 flq=0.37
# PAIR t=40.0 p=21 d=1.696 pq=1:1 delta=+0.008 x=0.470 ratio=0.9996 dth=-0.013 gg=0.9996 fl=0.000 ret=0.997 shed=0.008 act=0.0000 flq=0.00
# PAIR t=40.0 p=22 d=1.520 pq=1:1 delta=+0.010 x=0.334 ratio=1.0236 dth=+0.073 gg=0.9757 fl=0.034 ret=0.995 shed=0.009 act=0.1716 flq=0.15
# PAIR t=40.0 p=23 d=1.518 pq=1:1 delta=+0.008 x=0.332 ratio=1.0016 dth=-0.001 gg=0.9999 fl=0.066 ret=0.996 shed=0.007 act=0.3366 flq=0.29
# PAIR t=40.0 p=24 d=1.549 pq=1:1 delta=+0.008 x=0.356 ratio=1.0018 dth=-0.014 gg=0.9996 fl=0.003 ret=0.995 shed=0.008 act=0.0158 flq=0.01
# PAIR t=40.0 p=25 d=1.519 pq=1:1 delta=+0.005 x=0.334 ratio=0.9987 dth=-0.034 gg=0.9961 fl=0.003 ret=0.997 shed=0.005 act=0.0163 flq=0.01
# PAIR t=40.0 p=26 d=1.520 pq=1:1 delta=+0.012 x=0.333 ratio=0.9819 dth=-0.074 gg=0.9817 fl=0.056 ret=0.993 shed=0.011 act=0.2839 flq=0.25
# PAIR t=40.0 p=27 d=1.519 pq=1:1 delta=+0.007 x=0.334 ratio=1.0041 dth=+0.131 gg=0.9302 fl=0.004 ret=0.996 shed=0.007 act=0.0223 flq=0.02
# PAIR t=40.0 p=28 d=1.637 pq=1:1 delta=+0.067 x=0.413 ratio=1.0114 dth=+0.714 gg=0.1008 fl=0.000 ret=0.969 shed=0.067 act=0.0000 flq=0.00
# PAIR t=40.0 p=29 d=1.519 pq=1:1 delta=+0.008 x=0.334 ratio=0.9915 dth=-0.532 gg=0.3235 fl=0.002 ret=0.996 shed=0.008 act=0.0110 flq=0.01
# PAIR t=40.0 p=30 d=1.517 pq=1:1 delta=+0.014 x=0.331 ratio=1.0060 dth=+0.019 gg=0.9972 fl=0.049 ret=0.992 shed=0.013 act=0.2459 flq=0.21
# PAIR t=40.0 p=31 d=1.516 pq=1:1 delta=+0.009 x=0.331 ratio=0.9993 dth=-0.062 gg=0.9870 fl=0.000 ret=0.995 shed=0.008 act=0.0020 flq=0.00
# PAIR t=40.0 p=32 d=1.520 pq=1:1 delta=+0.011 x=0.333 ratio=0.9860 dth=-0.061 gg=0.9877 fl=0.051 ret=0.994 shed=0.010 act=0.2591 flq=0.22
# PAIR t=40.0 p=33 d=1.519 pq=1:1 delta=+0.004 x=0.335 ratio=1.0003 dth=+0.067 gg=0.9814 fl=0.000 ret=0.998 shed=0.003 act=0.0016 flq=0.00
# PAIR t=40.0 p=34 d=1.642 pq=1:1 delta=+0.006 x=0.428 ratio=0.9986 dth=-0.070 gg=0.9821 fl=0.000 ret=0.997 shed=0.006 act=0.0000 flq=0.00
# PAIR t=40.0 p=35 d=1.540 pq=1:1 delta=+0.010 x=0.349 ratio=0.9986 dth=-0.023 gg=0.9986 fl=0.099 ret=0.994 shed=0.010 act=0.5351 flq=0.46
# PAIR t=40.0 p=36 d=1.519 pq=1:1 delta=+0.011 x=0.332 ratio=0.9881 dth=-0.018 gg=0.9993 fl=0.094 ret=0.994 shed=0.010 act=0.4778 flq=0.41
# PAIR t=40.0 p=37 d=1.564 pq=1:1 delta=+0.006 x=0.368 ratio=0.9975 dth=-0.059 gg=0.9878 fl=0.027 ret=0.997 shed=0.006 act=0.1563 flq=0.14
# PAIR t=40.0 p=38 d=1.519 pq=1:1 delta=+0.004 x=0.334 ratio=1.0059 dth=+0.022 gg=0.9976 fl=0.034 ret=0.998 shed=0.004 act=0.1730 flq=0.15
# PAIR t=40.0 p=39 d=1.519 pq=1:1 delta=+0.004 x=0.333 ratio=0.9960 dth=-0.011 gg=0.9997 fl=0.116 ret=0.998 shed=0.004 act=0.5919 flq=0.51
# PAIR t=40.0 p=40 d=1.520 pq=1:1 delta=+0.011 x=0.333 ratio=0.9953 dth=-0.018 gg=0.9993 fl=0.040 ret=0.994 shed=0.011 act=0.2055 flq=0.18
# PAIR t=40.0 p=41 d=1.518 pq=1:1 delta=+0.006 x=0.333 ratio=1.0068 dth=+0.017 gg=0.9983 fl=0.047 ret=0.997 shed=0.006 act=0.2379 flq=0.21
# PAIR t=40.0 p=42 d=1.545 pq=1:1 delta=+0.013 x=0.352 ratio=1.0147 dth=+0.077 gg=0.9723 fl=0.099 ret=0.993 shed=0.012 act=0.5459 flq=0.47
# PAIR t=40.0 p=43 d=1.535 pq=1:1 delta=+0.008 x=0.346 ratio=0.9998 dth=+0.013 gg=0.9987 fl=0.114 ret=0.996 shed=0.008 act=0.6069 flq=0.53
# PAIR t=40.0 p=44 d=1.520 pq=1:1 delta=+0.009 x=0.334 ratio=1.0035 dth=+0.205 gg=0.8381 fl=0.002 ret=0.995 shed=0.009 act=0.0113 flq=0.01
# PAIR t=40.0 p=45 d=1.626 pq=1:1 delta=+0.039 x=0.409 ratio=1.0014 dth=+0.073 gg=0.9644 fl=0.000 ret=0.981 shed=0.039 act=0.0000 flq=0.00
# PAIR t=40.0 p=46 d=1.520 pq=1:1 delta=+0.005 x=0.334 ratio=0.9994 dth=+0.003 gg=0.9999 fl=0.065 ret=0.997 shed=0.004 act=0.3335 flq=0.29
# PAIR t=40.0 p=47 d=1.522 pq=1:1 delta=+0.005 x=0.337 ratio=1.0039 dth=+0.075 gg=0.9765 fl=0.017 ret=0.997 shed=0.004 act=0.0894 flq=0.08
# PAIR t=40.0 p=48 d=1.519 pq=1:1 delta=+0.008 x=0.333 ratio=0.9983 dth=-0.020 gg=0.9990 fl=0.020 ret=0.996 shed=0.007 act=0.1005 flq=0.09
# PAIR t=40.0 p=49 d=1.520 pq=1:1 delta=+0.017 x=0.331 ratio=0.9860 dth=-0.044 gg=0.9947 fl=0.081 ret=0.991 shed=0.015 act=0.4139 flq=0.36
# PAIR t=40.0 p=50 d=1.518 pq=1:1 delta=+0.004 x=0.334 ratio=0.9995 dth=-0.018 gg=0.9989 fl=0.002 ret=0.998 shed=0.004 act=0.0089 flq=0.01
# PAIR t=40.0 p=51 d=1.519 pq=1:1 delta=+0.005 x=0.334 ratio=0.9972 dth=-0.024 gg=0.9981 fl=0.056 ret=0.997 shed=0.005 act=0.2839 flq=0.25
# PAIR t=40.0 p=52 d=1.581 pq=1:1 delta=+0.011 x=0.381 ratio=1.0019 dth=+0.086 gg=0.9668 fl=0.003 ret=0.994 shed=0.011 act=0.0174 flq=0.02
# PAIR t=40.0 p=53 d=1.518 pq=1:1 delta=+0.010 x=0.331 ratio=1.0043 dth=+0.011 gg=0.9988 fl=0.072 ret=0.994 shed=0.010 act=0.3629 flq=0.32
# PAIR t=40.0 p=54 d=1.519 pq=1:1 delta=+0.009 x=0.334 ratio=1.0043 dth=+0.218 gg=0.8195 fl=0.000 ret=0.995 shed=0.008 act=0.0008 flq=0.00
# PAIR t=40.0 p=55 d=1.559 pq=1:1 delta=+0.004 x=0.365 ratio=1.0004 dth=+0.012 gg=0.9992 fl=0.000 ret=0.998 shed=0.004 act=0.0000 flq=0.00
# PAIR t=40.0 p=56 d=1.520 pq=1:1 delta=+0.008 x=0.333 ratio=0.9904 dth=-0.052 gg=0.9910 fl=0.052 ret=0.995 shed=0.008 act=0.2651 flq=0.23
# PAIR t=40.0 p=57 d=1.524 pq=1:1 delta=+0.009 x=0.337 ratio=0.9929 dth=-0.190 gg=0.8715 fl=0.014 ret=0.995 shed=0.008 act=0.0715 flq=0.06
# PAIR t=40.0 p=58 d=1.519 pq=1:1 delta=+0.012 x=0.331 ratio=0.9972 dth=-0.013 gg=0.9997 fl=0.135 ret=0.993 shed=0.011 act=0.6904 flq=0.60
# PAIR t=40.0 p=59 d=1.623 pq=1:1 delta=+0.029 x=0.410 ratio=1.0063 dth=+0.311 gg=0.6526 fl=0.000 ret=0.986 shed=0.029 act=0.0000 flq=0.00
45.000	9727.06961	100.811662	389.378846	5.98802165	10223.2481366	-1.050e-14	36152	14.835	15.423	15.770	0.031	25.6186	0.8434	1.4178	0.8493	0.9931	1.64996	1.64360	14.9441	14.8927	15.0481	0.0056735	-0.0012791	-0.0060396	-1.6887	2.7629	-1.0991
# CONV t=45.00 cond=0 evap=0 rough=0 back_s=0
# LEDGER t=45.000 mode=3 sum_err=0 max|E-iEu|=5.000e-13 run_max_diff=1.500e-12 run_max_sum_err=0 steps=2250 E0_int=10223248136555835 sum=10223248136555835
# ANG t=45.00 mean|cosb|=0.5235 n=9741 loaded|cosb|=0.7147 nl=120
# PAIR t=45.0 p=0 d=1.587 pq=1:1 delta=+0.013 x=0.385 ratio=0.9988 dth=-0.064 gg=0.9865 fl=0.000 ret=0.994 shed=0.013 act=0.0008 flq=0.00
# PAIR t=45.0 p=1 d=1.518 pq=1:1 delta=+0.010 x=0.331 ratio=0.9937 dth=-0.009 gg=0.9998 fl=0.218 ret=0.994 shed=0.010 act=1.1032 flq=0.96
# PAIR t=45.0 p=2 d=1.518 pq=1:1 delta=+0.009 x=0.332 ratio=1.0092 dth=+0.079 gg=0.9724 fl=0.065 ret=0.995 shed=0.008 act=0.3286 flq=0.29
# PAIR t=45.0 p=3 d=1.550 pq=1:1 delta=+0.010 x=0.356 ratio=1.0056 dth=+0.010 gg=0.9990 fl=0.210 ret=0.995 shed=0.010 act=1.1700 flq=1.02
# PAIR t=45.0 p=4 d=1.651 pq=1:1 delta=+0.007 x=0.435 ratio=0.9998 dth=-0.009 gg=0.9998 fl=0.000 ret=0.997 shed=0.008 act=0.0000 flq=0.00
# PAIR t=45.0 p=5 d=1.522 pq=1:1 delta=+0.007 x=0.336 ratio=0.9911 dth=-0.036 gg=0.9958 fl=0.032 ret=0.996 shed=0.006 act=0.1656 flq=0.14
# PAIR t=45.0 p=6 d=1.520 pq=1:1 delta=+0.007 x=0.334 ratio=1.0049 dth=+0.031 gg=0.9953 fl=0.075 ret=0.996 shed=0.007 act=0.3818 flq=0.33
# PAIR t=45.0 p=7 d=1.520 pq=1:1 delta=+0.014 x=0.333 ratio=1.0000 dth=-0.031 gg=0.9976 fl=0.098 ret=0.992 shed=0.013 act=0.5016 flq=0.44
# PAIR t=45.0 p=8 d=1.622 pq=1:1 delta=+0.008 x=0.413 ratio=1.0026 dth=+0.133 gg=0.9272 fl=0.000 ret=0.996 shed=0.008 act=0.0000 flq=0.00
# PAIR t=45.0 p=9 d=1.520 pq=1:1 delta=+0.007 x=0.334 ratio=0.9941 dth=-0.094 gg=0.9676 fl=0.030 ret=0.996 shed=0.007 act=0.1514 flq=0.13
# PAIR t=45.0 p=10 d=1.520 pq=1:1 delta=+0.008 x=0.333 ratio=1.0027 dth=+0.005 gg=0.9996 fl=0.057 ret=0.996 shed=0.007 act=0.2890 flq=0.25
# PAIR t=45.0 p=11 d=1.519 pq=1:1 delta=+0.008 x=0.333 ratio=0.9984 dth=-0.004 gg=0.9999 fl=0.067 ret=0.995 shed=0.008 act=0.3394 flq=0.29
# PAIR t=45.0 p=12 d=1.519 pq=1:1 delta=+0.006 x=0.333 ratio=1.0086 dth=+0.024 gg=0.9970 fl=0.154 ret=0.997 shed=0.005 act=0.7822 flq=0.68
# PAIR t=45.0 p=13 d=1.520 pq=1:1 delta=+0.007 x=0.334 ratio=0.9883 dth=-0.673 gg=0.1613 fl=0.001 ret=0.996 shed=0.007 act=0.0044 flq=0.00
# PAIR t=45.0 p=14 d=1.671 pq=1:1 delta=+0.008 x=0.450 ratio=0.9990 dth=-0.043 gg=0.9937 fl=0.000 ret=0.997 shed=0.008 act=0.0000 flq=0.00
# PAIR t=45.0 p=15 d=1.520 pq=1:1 delta=+0.013 x=0.333 ratio=1.0078 dth=+0.035 gg=0.9930 fl=0.089 ret=0.993 shed=0.012 act=0.4545 flq=0.39
# PAIR t=45.0 p=16 d=1.519 pq=1:1 delta=+0.006 x=0.334 ratio=0.9961 dth=-0.083 gg=0.9747 fl=0.022 ret=0.997 shed=0.006 act=0.1137 flq=0.10
# PAIR t=45.0 p=17 d=1.675 pq=1:1 delta=+0.005 x=0.454 ratio=1.0000 dth=+0.002 gg=0.9999 fl=0.000 ret=0.998 shed=0.005 act=0.0000 flq=0.00
# PAIR t=45.0 p=18 d=1.533 pq=1:1 delta=+0.011 x=0.344 ratio=0.9767 dth=-0.119 gg=0.9497 fl=0.034 ret=0.995 shed=0.009 act=0.1806 flq=0.16
# PAIR t=45.0 p=19 d=1.605 pq=1:1 delta=+0.012 x=0.399 ratio=0.9998 dth=-0.016 gg=0.9995 fl=0.001 ret=0.994 shed=0.012 act=0.0042 flq=0.00
# PAIR t=45.0 p=20 d=1.520 pq=1:1 delta=+0.013 x=0.332 ratio=0.9898 dth=-0.032 gg=0.9972 fl=0.144 ret=0.993 shed=0.012 act=0.7325 flq=0.64
# PAIR t=45.0 p=21 d=1.696 pq=1:1 delta=+0.008 x=0.470 ratio=0.9996 dth=-0.017 gg=0.9993 fl=0.000 ret=0.996 shed=0.009 act=0.0000 flq=0.00
# PAIR t=45.0 p=22 d=1.520 pq=1:1 delta=+0.010 x=0.334 ratio=1.0135 dth=+0.128 gg=0.9310 fl=0.065 ret=0.994 shed=0.009 act=0.3306 flq=0.29
# PAIR t=45.0 p=23 d=1.518 pq=1:1 delta=+0.009 x=0.332 ratio=1.0094 dth=+0.022 gg=0.9972 fl=0.117 ret=0.995 shed=0.008 act=0.5941 flq=0.52
# PAIR t=45.0 p=24 d=1.549 pq=1:1 delta=+0.009 x=0.356 ratio=1.0018 dth=+0.004 gg=0.9996 fl=0.001 ret=0.995 shed=0.009 act=0.0028 flq=0.00
# PAIR t=45.0 p=25 d=1.519 pq=1:1 delta=+0.006 x=0.334 ratio=0.9986 dth=-0.045 gg=0.9928 fl=0.001 ret=0.997 shed=0.006 act=0.0065 flq=0.01
# PAIR t=45.0 p=26 d=1.520 pq=1:1 delta=+0.014 x=0.333 ratio=0.9744 dth=-0.127 gg=0.9434 fl=0.090 ret=0.993 shed=0.012 act=0.4593 flq=0.40
# PAIR t=45.0 p=27 d=1.519 pq=1:1 delta=+0.009 x=0.334 ratio=1.0038 dth=+0.154 gg=0.9042 fl=0.003 ret=0.995 shed=0.008 act=0.0171 flq=0.01
# PAIR t=45.0 p=28 d=1.637 pq=1:1 delta=+0.075 x=0.411 ratio=1.0100 dth=+0.816 gg=0.0492 fl=0.000 ret=0.965 shed=0.075 act=0.0000 flq=0.00
# PAIR t=45.0 p=29 d=1.519 pq=1:1 delta=+0.009 x=0.333 ratio=0.9914 dth=-0.622 gg=0.2122 fl=0.002 ret=0.995 shed=0.008 act=0.0110 flq=0.01
# PAIR t=45.0 p=30 d=1.517 pq=1:1 delta=+0.015 x=0.331 ratio=0.9996 dth=+0.010 gg=0.9986 fl=0.088 ret=0.992 shed=0.014 act=0.4480 flq=0.39
# PAIR t=45.0 p=31 d=1.516 pq=1:1 delta=+0.010 x=0.331 ratio=0.9994 dth=-0.069 gg=0.9835 fl=0.000 ret=0.994 shed=0.010 act=0.0020 flq=0.00
# PAIR t=45.0 p=32 d=1.520 pq=1:1 delta=+0.012 x=0.333 ratio=0.9960 dth=-0.057 gg=0.9894 fl=0.097 ret=0.993 shed=0.011 act=0.4966 flq=0.43
# PAIR t=45.0 p=33 d=1.519 pq=1:1 delta=+0.004 x=0.334 ratio=1.0002 dth=+0.069 gg=0.9798 fl=0.000 ret=0.998 shed=0.004 act=0.0016 flq=0.00
# PAIR t=45.0 p=34 d=1.642 pq=1:1 delta=+0.006 x=0.428 ratio=0.9985 dth=-0.084 gg=0.9740 fl=0.000 ret=0.997 shed=0.006 act=0.0000 flq=0.00
# PAIR t=45.0 p=35 d=1.540 pq=1:1 delta=+0.011 x=0.348 ratio=0.9966 dth=-0.019 gg=0.9992 fl=0.021 ret=0.994 shed=0.010 act=0.1141 flq=0.10
# PAIR t=45.0 p=36 d=1.519 pq=1:1 delta=+0.012 x=0.332 ratio=1.0147 dth=+0.017 gg=0.9977 fl=0.161 ret=0.993 shed=0.011 act=0.8221 flq=0.71
# PAIR t=45.0 p=37 d=1.564 pq=1:1 delta=+0.007 x=0.368 ratio=0.9983 dth=-0.038 gg=0.9951 fl=0.035 ret=0.996 shed=0.007 act=0.2053 flq=0.18
# PAIR t=45.0 p=38 d=1.519 pq=1:1 delta=+0.005 x=0.334 ratio=1.0031 dth=+0.032 gg=0.9952 fl=0.061 ret=0.997 shed=0.005 act=0.3116 flq=0.27
# PAIR t=45.0 p=39 d=1.519 pq=1:1 delta=+0.005 x=0.333 ratio=1.0092 dth=+0.008 gg=0.9996 fl=0.205 ret=0.998 shed=0.004 act=1.0463 flq=0.91
# PAIR t=45.0 p=40 d=1.520 pq=1:1 delta=+0.013 x=0.333 ratio=1.0006 dth=-0.016 gg=0.9995 fl=0.074 ret=0.993 shed=0.012 act=0.3755 flq=0.33
# PAIR t=45.0 p=41 d=1.518 pq=1:1 delta=+0.007 x=0.332 ratio=1.0069 dth=+0.030 gg=0.9955 fl=0.083 ret=0.996 shed=0.006 act=0.4234 flq=0.37
# PAIR t=45.0 p=42 d=1.545 pq=1:1 delta=+0.014 x=0.352 ratio=1.0109 dth=+0.070 gg=0.9760 fl=0.128 ret=0.992 shed=0.014 act=0.7056 flq=0.61
# PAIR t=45.0 p=43 d=1.535 pq=1:1 delta=+0.009 x=0.345 ratio=0.9939 dth=-0.027 gg=0.9980 fl=0.024 ret=0.995 shed=0.008 act=0.1269 flq=0.11
# PAIR t=45.0 p=44 d=1.520 pq=1:1 delta=+0.011 x=0.334 ratio=1.0035 dth=+0.240 gg=0.7857 fl=0.002 ret=0.994 shed=0.010 act=0.0113 flq=0.01
# PAIR t=45.0 p=45 d=1.626 pq=1:1 delta=+0.042 x=0.409 ratio=1.0018 dth=+0.086 gg=0.9532 fl=0.000 ret=0.980 shed=0.042 act=0.0000 flq=0.00
# PAIR t=45.0 p=46 d=1.520 pq=1:1 delta=+0.005 x=0.334 ratio=0.9959 dth=-0.009 gg=0.9998 fl=0.120 ret=0.997 shed=0.005 act=0.6144 flq=0.53
# PAIR t=45.0 p=47 d=1.522 pq=1:1 delta=+0.005 x=0.337 ratio=1.0035 dth=+0.098 gg=0.9606 fl=0.002 ret=0.997 shed=0.005 act=0.0085 flq=0.01
# PAIR t=45.0 p=48 d=1.519 pq=1:1 delta=+0.009 x=0.333 ratio=0.9980 dth=-0.027 gg=0.9979 fl=0.034 ret=0.995 shed=0.009 act=0.1723 flq=0.15
# PAIR t=45.0 p=49 d=1.520 pq=1:1 delta=+0.019 x=0.331 ratio=0.9990 dth=-0.034 gg=0.9972 fl=0.162 ret=0.990 shed=0.017 act=0.8264 flq=0.72
# PAIR t=45.0 p=50 d=1.518 pq=1:1 delta=+0.005 x=0.334 ratio=0.9995 dth=-0.024 gg=0.9981 fl=0.002 ret=0.997 shed=0.004 act=0.0089 flq=0.01
# PAIR t=45.0 p=51 d=1.519 pq=1:1 delta=+0.006 x=0.334 ratio=0.9833 dth=-0.047 gg=0.9921 fl=0.090 ret=0.997 shed=0.005 act=0.4604 flq=0.40
# PAIR t=45.0 p=52 d=1.581 pq=1:1 delta=+0.013 x=0.380 ratio=1.0019 dth=+0.103 gg=0.9529 fl=0.003 ret=0.994 shed=0.012 act=0.0174 flq=0.02
# PAIR t=45.0 p=53 d=1.518 pq=1:1 delta=+0.012 x=0.331 ratio=0.9984 dth=+0.004 gg=0.9994 fl=0.130 ret=0.993 shed=0.011 act=0.6589 flq=0.57
# PAIR t=45.0 p=54 d=1.519 pq=1:1 delta=+0.010 x=0.333 ratio=1.0044 dth=+0.263 gg=0.7489 fl=0.000 ret=0.994 shed=0.009 act=0.0008 flq=0.00
# PAIR t=45.0 p=55 d=1.559 pq=1:1 delta=+0.005 x=0.365 ratio=1.0004 dth=+0.015 gg=0.9987 fl=0.000 ret=0.997 shed=0.005 act=0.0000 flq=0.00
# PAIR t=45.0 p=56 d=1.520 pq=1:1 delta=+0.010 x=0.333 ratio=0.9893 dth=-0.055 gg=0.9901 fl=0.095 ret=0.995 shed=0.009 act=0.4841 flq=0.42
# PAIR t=45.0 p=57 d=1.524 pq=1:1 delta=+0.010 x=0.337 ratio=0.9928 dth=-0.236 gg=0.8071 fl=0.001 ret=0.995 shed=0.009 act=0.0047 flq=0.00
# PAIR t=45.0 p=58 d=1.519 pq=1:1 delta=+0.013 x=0.331 ratio=0.9898 dth=-0.022 gg=0.9989 fl=0.241 ret=0.993 shed=0.012 act=1.2279 flq=1.07
# PAIR t=45.0 p=59 d=1.623 pq=1:1 delta=+0.030 x=0.409 ratio=1.0064 dth=+0.373 gg=0.5446 fl=0.000 ret=0.986 shed=0.029 act=0.0000 flq=0.00
50.000	9727.06961	99.1148559	389.378846	7.68482816	10223.2481366	-4.626e-15	36153	14.852	15.522	15.865	0.031	24.8643	0.8434	1.4179	0.8493	0.9930	1.64995	1.64360	14.9576	14.9142	14.9955	-0.00054038	-0.011092	-0.010247	-0.93452	0.064001	-3.4252
# CONV t=50.00 cond=0 evap=0 rough=0 back_s=0
# LEDGER t=50.000 mode=3 sum_err=0 max|E-iEu|=4.999e-13 run_max_diff=1.500e-12 run_max_sum_err=0 steps=2500 E0_int=10223248136555835 sum=10223248136555835
# ANG t=50.00 mean|cosb|=0.5235 n=9741 loaded|cosb|=0.7060 nl=120
# PAIR t=50.0 p=0 d=1.587 pq=1:1 delta=+0.014 x=0.385 ratio=0.9987 dth=-0.077 gg=0.9803 fl=0.000 ret=0.993 shed=0.014 act=0.0008 flq=0.00
# PAIR t=50.0 p=1 d=1.518 pq=1:1 delta=+0.012 x=0.331 ratio=0.9927 dth=-0.029 gg=0.9978 fl=0.301 ret=0.994 shed=0.011 act=1.5281 flq=1.33
# PAIR t=50.0 p=2 d=1.518 pq=1:1 delta=+0.010 x=0.332 ratio=1.0079 dth=+0.066 gg=0.9803 fl=0.098 ret=0.995 shed=0.009 act=0.4957 flq=0.43
# PAIR t=50.0 p=3 d=1.550 pq=1:1 delta=+0.011 x=0.356 ratio=1.0084 dth=+0.003 gg=0.9996 fl=0.013 ret=0.994 shed=0.010 act=0.0699 flq=0.06
# PAIR t=50.0 p=4 d=1.651 pq=1:1 delta=+0.008 x=0.435 ratio=0.9998 dth=-0.011 gg=0.9997 fl=0.000 ret=0.996 shed=0.008 act=0.0000 flq=0.00
# PAIR t=50.0 p=5 d=1.522 pq=1:1 delta=+0.007 x=0.336 ratio=0.9886 dth=-0.056 gg=0.9890 fl=0.064 ret=0.996 shed=0.007 act=0.3301 flq=0.29
# PAIR t=50.0 p=6 d=1.520 pq=1:1 delta=+0.008 x=0.334 ratio=1.0074 dth=+0.033 gg=0.9946 fl=0.101 ret=0.996 shed=0.007 act=0.5154 flq=0.45
# PAIR t=50.0 p=7 d=1.520 pq=1:1 delta=+0.015 x=0.332 ratio=1.0141 dth=+0.044 gg=0.9892 fl=0.122 ret=0.991 shed=0.014 act=0.6228 flq=0.54
# PAIR t=50.0 p=8 d=1.622 pq=1:1 delta=+0.008 x=0.413 ratio=1.0026 dth=+0.158 gg=0.8996 fl=0.000 ret=0.996 shed=0.008 act=0.0000 flq=0.00
# PAIR t=50.0 p=9 d=1.520 pq=1:1 delta=+0.008 x=0.334 ratio=0.9963 dth=-0.095 gg=0.9670 fl=0.037 ret=0.996 shed=0.007 act=0.1862 flq=0.16
# PAIR t=50.0 p=10 d=1.520 pq=1:1 delta=+0.009 x=0.333 ratio=1.0132 dth=+0.029 gg=0.9953 fl=0.106 ret=0.995 shed=0.008 act=0.5417 flq=0.47
# PAIR t=50.0 p=11 d=1.519 pq=1:1 delta=+0.009 x=0.333 ratio=0.9974 dth=-0.013 gg=0.9996 fl=0.096 ret=0.995 shed=0.008 act=0.4879 flq=0.42
# PAIR t=50.0 p=12 d=1.519 pq=1:1 delta=+0.006 x=0.333 ratio=1.0043 dth=+0.007 gg=0.9996 fl=0.228 ret=0.997 shed=0.006 act=1.1607 flq=1.01
# PAIR t=50.0 p=13 d=1.520 pq=1:1 delta=+0.008 x=0.334 ratio=0.9882 dth=-0.795 gg=0.0765 fl=0.001 ret=0.995 shed=0.008 act=0.0044 flq=0.00
# PAIR t=50.0 p=14 d=1.671 pq=1:1 delta=+0.009 x=0.450 ratio=0.9989 dth=-0.053 gg=0.9904 fl=0.000 ret=0.996 shed=0.009 act=0.0000 flq=0.00
# PAIR t=50.0 p=15 d=1.520 pq=1:1 delta=+0.014 x=0.333 ratio=1.0036 dth=+0.021 gg=0.9967 fl=0.129 ret=0.992 shed=0.013 act=0.6575 flq=0.57
# PAIR t=50.0 p=16 d=1.519 pq=1:1 delta=+0.007 x=0.334 ratio=0.9988 dth=-0.082 gg=0.9756 fl=0.022 ret=0.996 shed=0.006 act=0.1116 flq=0.10
# PAIR t=50.0 p=17 d=1.675 pq=1:1 delta=+0.006 x=0.454 ratio=1.0000 dth=+0.001 gg=0.9999 fl=0.000 ret=0.997 shed=0.006 act=0.0000 flq=0.00
# PAIR t=50.0 p=18 d=1.533 pq=1:1 delta=+0.011 x=0.343 ratio=0.9859 dth=-0.101 gg=0.9641 fl=0.078 ret=0.994 shed=0.010 act=0.4149 flq=0.36
# PAIR t=50.0 p=19 d=1.605 pq=1:1 delta=+0.013 x=0.399 ratio=0.9998 dth=-0.019 gg=0.9992 fl=0.001 ret=0.994 shed=0.013 act=0.0042 flq=0.00
# PAIR t=50.0 p=20 d=1.520 pq=1:1 delta=+0.015 x=0.332 ratio=0.9914 dth=-0.040 gg=0.9954 fl=0.210 ret=0.992 shed=0.014 act=1.0727 flq=0.93
# PAIR t=50.0 p=21 d=1.696 pq=1:1 delta=+0.009 x=0.469 ratio=0.9996 dth=-0.021 gg=0.9988 fl=0.000 ret=0.996 shed=0.009 act=0.0000 flq=0.00
# PAIR t=50.0 p=22 d=1.520 pq=1:1 delta=+0.011 x=0.333 ratio=1.0013 dth=+0.066 gg=0.9799 fl=0.099 ret=0.994 shed=0.010 act=0.5052 flq=0.44
# PAIR t=50.0 p=23 d=1.518 pq=1:1 delta=+0.010 x=0.332 ratio=1.0178 dth=+0.059 gg=0.9839 fl=0.150 ret=0.995 shed=0.008 act=0.7593 flq=0.66
# PAIR t=50.0 p=24 d=1.549 pq=1:1 delta=+0.010 x=0.356 ratio=1.0017 dth=+0.021 gg=0.9971 fl=0.001 ret=0.994 shed=0.010 act=0.0028 flq=0.00
# PAIR t=50.0 p=25 d=1.519 pq=1:1 delta=+0.007 x=0.334 ratio=0.9986 dth=-0.060 gg=0.9871 fl=0.000 ret=0.996 shed=0.006 act=0.0002 flq=0.00
# PAIR t=50.0 p=26 d=1.520 pq=1:1 delta=+0.015 x=0.332 ratio=0.9788 dth=-0.136 gg=0.9362 fl=0.135 ret=0.992 shed=0.014 act=0.6885 flq=0.60
# PAIR t=50.0 p=27 d=1.519 pq=1:1 delta=+0.009 x=0.334 ratio=1.0039 dth=+0.189 gg=0.8604 fl=0.000 ret=0.995 shed=0.009 act=0.0003 flq=0.00
# PAIR t=50.0 p=28 d=1.637 pq=1:1 delta=+0.082 x=0.410 ratio=1.0085 dth=+0.904 gg=0.0243 fl=0.000 ret=0.962 shed=0.082 act=0.0000 flq=0.00
# PAIR t=50.0 p=29 d=1.519 pq=1:1 delta=+0.010 x=0.333 ratio=0.9913 dth=-0.712 gg=0.1295 fl=0.002 ret=0.994 shed=0.009 act=0.0110 flq=0.01
# PAIR t=50.0 p=30 d=1.517 pq=1:1 delta=+0.018 x=0.330 ratio=1.0060 dth=+0.009 gg=0.9985 fl=0.113 ret=0.990 shed=0.016 act=0.5723 flq=0.50
# PAIR t=50.0 p=31 d=1.516 pq=1:1 delta=+0.011 x=0.331 ratio=0.9994 dth=-0.076 gg=0.9804 fl=0.000 ret=0.994 shed=0.010 act=0.0020 flq=0.00
# PAIR t=50.0 p=32 d=1.520 pq=1:1 delta=+0.013 x=0.332 ratio=1.0021 dth=-0.013 gg=0.9997 fl=0.143 ret=0.993 shed=0.013 act=0.7277 flq=0.63
# PAIR t=50.0 p=33 d=1.519 pq=1:1 delta=+0.005 x=0.334 ratio=1.0002 dth=+0.072 gg=0.9784 fl=0.000 ret=0.997 shed=0.004 act=0.0016 flq=0.00
# PAIR t=50.0 p=34 d=1.642 pq=1:1 delta=+0.006 x=0.428 ratio=0.9984 dth=-0.099 gg=0.9641 fl=0.000 ret=0.997 shed=0.006 act=0.0000 flq=0.00
# PAIR t=50.0 p=35 d=1.540 pq=1:1 delta=+0.012 x=0.348 ratio=0.9963 dth=-0.027 gg=0.9981 fl=0.043 ret=0.993 shed=0.012 act=0.2349 flq=0.20
# PAIR t=50.0 p=36 d=1.519 pq=1:1 delta=+0.014 x=0.332 ratio=1.0129 dth=+0.036 gg=0.9924 fl=0.245 ret=0.993 shed=0.012 act=1.2483 flq=1.08
# PAIR t=50.0 p=37 d=1.564 pq=1:1 delta=+0.008 x=0.368 ratio=0.9975 dth=-0.029 gg=0.9974 fl=0.044 ret=0.996 shed=0.008 act=0.2538 flq=0.22
# PAIR t=50.0 p=38 d=1.519 pq=1:1 delta=+0.005 x=0.334 ratio=1.0003 dth=+0.015 gg=0.9987 fl=0.083 ret=0.997 shed=0.005 act=0.4233 flq=0.37
# PAIR t=50.0 p=39 d=1.519 pq=1:1 delta=+0.005 x=0.333 ratio=1.0121 dth=+0.029 gg=0.9960 fl=0.284 ret=0.997 shed=0.005 act=1.4456 flq=1.26
# PAIR t=50.0 p=40 d=1.520 pq=1:1 delta=+0.014 x=0.333 ratio=0.9998 dth=-0.012 gg=0.9997 fl=0.103 ret=0.992 shed=0.013 act=0.5281 flq=0.46
# PAIR t=50.0 p=41 d=1.518 pq=1:1 delta=+0.007 x=0.332 ratio=1.0006 dth=+0.028 gg=0.9960 fl=0.115 ret=0.996 shed=0.007 act=0.5832 flq=0.51
# PAIR t=50.0 p=42 d=1.545 pq=1:1 delta=+0.016 x=0.352 ratio=1.0014 dth=+0.026 gg=0.9953 fl=0.008 ret=0.992 shed=0.015 act=0.0443 flq=0.04
# PAIR t=50.0 p=43 d=1.535 pq=1:1 delta=+0.010 x=0.345 ratio=0.9989 dth=-0.024 gg=0.9984 fl=0.049 ret=0.995 shed=0.009 act=0.2630 flq=0.23
# PAIR t=50.0 p=44 d=1.520 pq=1:1 delta=+0.012 x=0.333 ratio=1.0032 dth=+0.275 gg=0.7288 fl=0.002 ret=0.993 shed=0.011 act=0.0113 flq=0.01
# PAIR t=50.0 p=45 d=1.626 pq=1:1 delta=+0.045 x=0.408 ratio=1.0024 dth=+0.104 gg=0.9359 fl=0.000 ret=0.979 shed=0.045 act=0.0000 flq=0.00
# PAIR t=50.0 p=46 d=1.520 pq=1:1 delta=+0.006 x=0.334 ratio=0.9940 dth=-0.026 gg=0.9978 fl=0.167 ret=0.997 shed=0.006 act=0.8519 flq=0.74
# PAIR t=50.0 p=47 d=1.522 pq=1:1 delta=+0.006 x=0.337 ratio=1.0034 dth=+0.130 gg=0.9314 fl=0.000 ret=0.997 shed=0.005 act=0.0002 flq=0.00
# PAIR t=50.0 p=48 d=1.519 pq=1:1 delta=+0.010 x=0.333 ratio=0.9962 dth=-0.041 gg=0.9948 fl=0.041 ret=0.994 shed=0.009 act=0.2100 flq=0.18
# PAIR t=50.0 p=49 d=1.520 pq=1:1 delta=+0.020 x=0.331 ratio=1.0127 dth=+0.024 gg=0.9950 fl=0.220 ret=0.989 shed=0.019 act=1.1201 flq=0.97
# PAIR t=50.0 p=50 d=1.518 pq=1:1 delta=+0.005 x=0.334 ratio=0.9994 dth=-0.030 gg=0.9970 fl=0.002 ret=0.997 shed=0.005 act=0.0089 flq=0.01
# PAIR t=50.0 p=51 d=1.519 pq=1:1 delta=+0.007 x=0.334 ratio=0.9826 dth=-0.104 gg=0.9605 fl=0.126 ret=0.997 shed=0.006 act=0.6441 flq=0.56
# PAIR t=50.0 p=52 d=1.581 pq=1:1 delta=+0.014 x=0.380 ratio=1.0019 dth=+0.122 gg=0.9354 fl=0.003 ret=0.993 shed=0.014 act=0.0174 flq=0.02
# PAIR t=50.0 p=53 d=1.518 pq=1:1 delta=+0.013 x=0.331 ratio=0.9929 dth=-0.034 gg=0.9969 fl=0.177 ret=0.993 shed=0.012 act=0.8957 flq=0.78
# PAIR t=50.0 p=54 d=1.519 pq=1:1 delta=+0.011 x=0.333 ratio=1.0044 dth=+0.307 gg=0.6745 fl=0.000 ret=0.994 shed=0.010 act=0.0008 flq=0.00
# PAIR t=50.0 p=55 d=1.559 pq=1:1 delta=+0.006 x=0.365 ratio=1.0005 dth=+0.019 gg=0.9980 fl=0.000 ret=0.997 shed=0.005 act=0.0000 flq=0.00
# PAIR t=50.0 p=56 d=1.520 pq=1:1 delta=+0.011 x=0.333 ratio=0.9913 dth=-0.049 gg=0.9924 fl=0.133 ret=0.994 shed=0.010 act=0.6798 flq=0.59
# PAIR t=50.0 p=57 d=1.524 pq=1:1 delta=+0.011 x=0.337 ratio=0.9927 dth=-0.307 gg=0.6930 fl=0.000 ret=0.994 shed=0.010 act=0.0000 flq=0.00
# PAIR t=50.0 p=58 d=1.519 pq=1:1 delta=+0.014 x=0.331 ratio=1.0004 dth=-0.012 gg=0.9997 fl=0.352 ret=0.992 shed=0.013 act=1.7939 flq=1.56
# PAIR t=50.0 p=59 d=1.623 pq=1:1 delta=+0.030 x=0.409 ratio=1.0066 dth=+0.436 gg=0.4392 fl=0.000 ret=0.986 shed=0.030 act=0.0000 flq=0.00
55.000	9727.06961	104.075017	389.378846	2.7246667	10223.2481366	-7.829e-15	36148	14.803	15.422	15.852	0.030	25.2048	0.8435	1.4459	0.8493	0.9931	1.64995	1.64359	14.9360	14.9031	14.9846	-0.007627	-0.0075562	0.003474	-3.3934	-0.46737	-2.2984
# CONV t=55.00 cond=0 evap=0 rough=0 back_s=0
# LEDGER t=55.000 mode=3 sum_err=0 max|E-iEu|=5.000e-13 run_max_diff=1.500e-12 run_max_sum_err=0 steps=2750 E0_int=10223248136555835 sum=10223248136555835
# ANG t=55.00 mean|cosb|=0.5261 n=9741 loaded|cosb|=0.7137 nl=120
# PAIR t=55.0 p=0 d=1.587 pq=1:1 delta=+0.015 x=0.384 ratio=0.9987 dth=-0.090 gg=0.9728 fl=0.000 ret=0.992 shed=0.015 act=0.0008 flq=0.00
# PAIR t=55.0 p=1 d=1.518 pq=1:1 delta=+0.013 x=0.330 ratio=1.0054 dth=-0.007 gg=0.9998 fl=0.068 ret=0.993 shed=0.012 act=0.3427 flq=0.30
# PAIR t=55.0 p=2 d=1.518 pq=1:1 delta=+0.011 x=0.332 ratio=1.0056 dth=+0.045 gg=0.9899 fl=0.020 ret=0.994 shed=0.010 act=0.1014 flq=0.09
# PAIR t=55.0 p=3 d=1.550 pq=1:1 delta=+0.012 x=0.356 ratio=0.9903 dth=-0.005 gg=0.9999 fl=0.061 ret=0.994 shed=0.011 act=0.3380 flq=0.29
# PAIR t=55.0 p=4 d=1.651 pq=1:1 delta=+0.009 x=0.435 ratio=0.9998 dth=-0.013 gg=0.9996 fl=0.000 ret=0.996 shed=0.009 act=0.0000 flq=0.00
# PAIR t=55.0 p=5 d=1.522 pq=1:1 delta=+0.008 x=0.336 ratio=0.9922 dth=-0.067 gg=0.9839 fl=0.096 ret=0.996 shed=0.007 act=0.4934 flq=0.43
# PAIR t=55.0 p=6 d=1.520 pq=1:1 delta=+0.008 x=0.334 ratio=1.0075 dth=+0.047 gg=0.9893 fl=0.020 ret=0.995 shed=0.008 act=0.1030 flq=0.09
# PAIR t=55.0 p=7 d=1.520 pq=1:1 delta=+0.017 x=0.332 ratio=1.0107 dth=+0.038 gg=0.9912 fl=0.026 ret=0.991 shed=0.015 act=0.1342 flq=0.12
# PAIR t=55.0 p=8 d=1.622 pq=1:1 delta=+0.009 x=0.413 ratio=1.0027 dth=+0.184 gg=0.8676 fl=0.000 ret=0.996 shed=0.008 act=0.0000 flq=0.00
# PAIR t=55.0 p=9 d=1.520 pq=1:1 delta=+0.008 x=0.334 ratio=0.9973 dth=-0.083 gg=0.9755 fl=0.006 ret=0.995 shed=0.008 act=0.0331 flq=0.03
# PAIR t=55.0 p=10 d=1.520 pq=1:1 delta=+0.010 x=0.333 ratio=1.0067 dth=+0.016 gg=0.9982 fl=0.160 ret=0.995 shed=0.009 act=0.8181 flq=0.71
# PAIR t=55.0 p=11 d=1.519 pq=1:1 delta=+0.010 x=0.333 ratio=0.9957 dth=-0.028 gg=0.9977 fl=0.019 ret=0.994 shed=0.009 act=0.0987 flq=0.09
# PAIR t=55.0 p=12 d=1.519 pq=1:1 delta=+0.007 x=0.333 ratio=1.0023 dth=+0.010 gg=0.9993 fl=0.050 ret=0.996 shed=0.006 act=0.2560 flq=0.22
# PAIR t=55.0 p=13 d=1.520 pq=1:1 delta=+0.009 x=0.334 ratio=0.9882 dth=-0.919 gg=0.0312 fl=0.001 ret=0.995 shed=0.008 act=0.0044 flq=0.00
# PAIR t=55.0 p=14 d=1.671 pq=1:1 delta=+0.009 x=0.450 ratio=0.9988 dth=-0.064 gg=0.9859 fl=0.000 ret=0.996 shed=0.010 act=0.0000 flq=0.00
# PAIR t=55.0 p=15 d=1.520 pq=1:1 delta=+0.015 x=0.332 ratio=1.0001 dth=-0.001 gg=0.9996 fl=0.026 ret=0.992 shed=0.014 act=0.1337 flq=0.12
# PAIR t=55.0 p=16 d=1.519 pq=1:1 delta=+0.007 x=0.334 ratio=0.9988 dth=-0.069 gg=0.9833 fl=0.004 ret=0.996 shed=0.007 act=0.0210 flq=0.02
# PAIR t=55.0 p=17 d=1.675 pq=1:1 delta=+0.006 x=0.454 ratio=1.0000 dth=+0.001 gg=0.9999 fl=0.000 ret=0.997 shed=0.006 act=0.0000 flq=0.00
# PAIR t=55.0 p=18 d=1.533 pq=1:1 delta=+0.012 x=0.343 ratio=0.9865 dth=-0.065 gg=0.9861 fl=0.123 ret=0.993 shed=0.011 act=0.6512 flq=0.57
# PAIR t=55.0 p=19 d=1.605 pq=1:1 delta=+0.014 x=0.399 ratio=0.9997 dth=-0.022 gg=0.9990 fl=0.001 ret=0.993 shed=0.014 act=0.0042 flq=0.00
# PAIR t=55.0 p=20 d=1.520 pq=1:1 delta=+0.017 x=0.332 ratio=1.0113 dth=-0.020 gg=0.9992 fl=0.041 ret=0.991 shed=0.015 act=0.2111 flq=0.18
# PAIR t=55.0 p=21 d=1.696 pq=1:1 delta=+0.010 x=0.469 ratio=0.9995 dth=-0.026 gg=0.9981 fl=0.000 ret=0.996 shed=0.010 act=0.0000 flq=0.00
# PAIR t=55.0 p=22 d=1.520 pq=1:1 delta=+0.012 x=0.333 ratio=1.0064 dth=+0.008 gg=0.9990 fl=0.020 ret=0.993 shed=0.011 act=0.0996 flq=0.09
# PAIR t=55.0 p=23 d=1.518 pq=1:1 delta=+0.010 x=0.332 ratio=1.0137 dth=+0.056 gg=0.9851 fl=0.033 ret=0.994 shed=0.009 act=0.1692 flq=0.15
# PAIR t=55.0 p=24 d=1.549 pq=1:1 delta=+0.011 x=0.356 ratio=1.0016 dth=+0.038 gg=0.9923 fl=0.001 ret=0.994 shed=0.011 act=0.0028 flq=0.00
# PAIR t=55.0 p=25 d=1.519 pq=1:1 delta=+0.007 x=0.334 ratio=0.9985 dth=-0.076 gg=0.9795 fl=0.000 ret=0.996 shed=0.007 act=0.0002 flq=0.00
# PAIR t=55.0 p=26 d=1.520 pq=1:1 delta=+0.016 x=0.332 ratio=0.9832 dth=-0.075 gg=0.9821 fl=0.030 ret=0.991 shed=0.015 act=0.1547 flq=0.13
# PAIR t=55.0 p=27 d=1.519 pq=1:1 delta=+0.010 x=0.334 ratio=1.0040 dth=+0.229 gg=0.8031 fl=0.000 ret=0.994 shed=0.009 act=0.0003 flq=0.00
# PAIR t=55.0 p=28 d=1.637 pq=1:1 delta=+0.088 x=0.409 ratio=1.0073 dth=+0.979 gg=0.0124 fl=0.000 ret=0.959 shed=0.087 act=0.0000 flq=0.00
# PAIR t=55.0 p=29 d=1.519 pq=1:1 delta=+0.010 x=0.333 ratio=0.9913 dth=-0.803 gg=0.0729 fl=0.002 ret=0.994 shed=0.010 act=0.0110 flq=0.01
# PAIR t=55.0 p=30 d=1.517 pq=1:1 delta=+0.018 x=0.330 ratio=0.9981 dth=+0.009 gg=0.9984 fl=0.024 ret=0.990 shed=0.017 act=0.1206 flq=0.10
# PAIR t=55.0 p=31 d=1.516 pq=1:1 delta=+0.013 x=0.331 ratio=0.9995 dth=-0.082 gg=0.9772 fl=0.000 ret=0.993 shed=0.012 act=0.0020 flq=0.00
# PAIR t=55.0 p=32 d=1.520 pq=1:1 delta=+0.014 x=0.332 ratio=0.9929 dth=-0.004 gg=0.9998 fl=0.028 ret=0.992 shed=0.013 act=0.1444 flq=0.13
# PAIR t=55.0 p=33 d=1.519 pq=1:1 delta=+0.005 x=0.334 ratio=1.0002 dth=+0.073 gg=0.9774 fl=0.000 ret=0.997 shed=0.005 act=0.0016 flq=0.00
# PAIR t=55.0 p=34 d=1.642 pq=1:1 delta=+0.007 x=0.428 ratio=0.9981 dth=-0.116 gg=0.9512 fl=0.000 ret=0.996 shed=0.008 act=0.0000 flq=0.00
# PAIR t=55.0 p=35 d=1.540 pq=1:1 delta=+0.013 x=0.348 ratio=0.9944 dth=-0.045 gg=0.9938 fl=0.060 ret=0.993 shed=0.013 act=0.3249 flq=0.28
# PAIR t=55.0 p=36 d=1.519 pq=1:1 delta=+0.015 x=0.331 ratio=1.0156 dth=+0.037 gg=0.9919 fl=0.051 ret=0.992 shed=0.014 act=0.2577 flq=0.22
# PAIR t=55.0 p=37 d=1.564 pq=1:1 delta=+0.009 x=0.368 ratio=0.9984 dth=-0.033 gg=0.9967 fl=0.050 ret=0.996 shed=0.008 act=0.2875 flq=0.25
# PAIR t=55.0 p=38 d=1.519 pq=1:1 delta=+0.006 x=0.334 ratio=1.0047 dth=+0.006 gg=0.9996 fl=0.016 ret=0.997 shed=0.005 act=0.0796 flq=0.07
# PAIR t=55.0 p=39 d=1.519 pq=1:1 delta=+0.005 x=0.333 ratio=1.0080 dth=+0.011 gg=0.9993 fl=0.065 ret=0.997 shed=0.005 act=0.3292 flq=0.29
# PAIR t=55.0 p=40 d=1.520 pq=1:1 delta=+0.015 x=0.332 ratio=1.0015 dth=-0.012 gg=0.9997 fl=0.020 ret=0.992 shed=0.014 act=0.1009 flq=0.09
# PAIR t=55.0 p=41 d=1.518 pq=1:1 delta=+0.008 x=0.332 ratio=0.9999 dth=-0.004 gg=0.9999 fl=0.023 ret=0.996 shed=0.007 act=0.1180 flq=0.10
# PAIR t=55.0 p=42 d=1.545 pq=1:1 delta=+0.017 x=0.351 ratio=1.0040 dth=+0.006 gg=0.9989 fl=0.040 ret=0.991 shed=0.016 act=0.2210 flq=0.19
# PAIR t=55.0 p=43 d=1.535 pq=1:1 delta=+0.011 x=0.345 ratio=1.0000 dth=-0.014 gg=0.9996 fl=0.072 ret=0.994 shed=0.010 act=0.3844 flq=0.33
# PAIR t=55.0 p=44 d=1.520 pq=1:1 delta=+0.013 x=0.333 ratio=1.0034 dth=+0.308 gg=0.6713 fl=0.002 ret=0.993 shed=0.012 act=0.0113 flq=0.01
# PAIR t=55.0 p=45 d=1.626 pq=1:1 delta=+0.048 x=0.408 ratio=1.0031 dth=+0.129 gg=0.9091 fl=0.000 ret=0.977 shed=0.047 act=0.0000 flq=0.00
# PAIR t=55.0 p=46 d=1.520 pq=1:1 delta=+0.007 x=0.334 ratio=0.9876 dth=-0.023 gg=0.9984 fl=0.032 ret=0.996 shed=0.006 act=0.1646 flq=0.14
# PAIR t=55.0 p=47 d=1.522 pq=1:1 delta=+0.006 x=0.337 ratio=1.0035 dth=+0.165 gg=0.8931 fl=0.000 ret=0.996 shed=0.006 act=0.0002 flq=0.00
# PAIR t=55.0 p=48 d=1.519 pq=1:1 delta=+0.011 x=0.333 ratio=0.9933 dth=-0.064 gg=0.9860 fl=0.007 ret=0.994 shed=0.010 act=0.0358 flq=0.03
# PAIR t=55.0 p=49 d=1.520 pq=1:1 delta=+0.023 x=0.330 ratio=1.0065 dth=+0.009 gg=0.9978 fl=0.049 ret=0.988 shed=0.021 act=0.2489 flq=0.22
# PAIR t=55.0 p=50 d=1.518 pq=1:1 delta=+0.005 x=0.334 ratio=0.9994 dth=-0.036 gg=0.9955 fl=0.002 ret=0.997 shed=0.005 act=0.0089 flq=0.01
# PAIR t=55.0 p=51 d=1.519 pq=1:1 delta=+0.007 x=0.334 ratio=0.9921 dth=-0.070 gg=0.9822 fl=0.027 ret=0.996 shed=0.006 act=0.1385 flq=0.12
# PAIR t=55.0 p=52 d=1.581 pq=1:1 delta=+0.016 x=0.380 ratio=1.0020 dth=+0.141 gg=0.9150 fl=0.003 ret=0.992 shed=0.015 act=0.0174 flq=0.02
# PAIR t=55.0 p=53 d=1.518 pq=1:1 delta=+0.014 x=0.331 ratio=0.9958 dth=-0.025 gg=0.9985 fl=0.038 ret=0.992 shed=0.013 act=0.1945 flq=0.17
# PAIR t=55.0 p=54 d=1.519 pq=1:1 delta=+0.012 x=0.333 ratio=1.0043 dth=+0.352 gg=0.5971 fl=0.000 ret=0.993 shed=0.011 act=0.0008 flq=0.00
# PAIR t=55.0 p=55 d=1.559 pq=1:1 delta=+0.006 x=0.365 ratio=1.0005 dth=+0.024 gg=0.9971 fl=0.000 ret=0.997 shed=0.006 act=0.0000 flq=0.00
# PAIR t=55.0 p=56 d=1.520 pq=1:1 delta=+0.011 x=0.333 ratio=0.9924 dth=-0.043 gg=0.9943 fl=0.029 ret=0.994 shed=0.010 act=0.1461 flq=0.13
# PAIR t=55.0 p=57 d=1.524 pq=1:1 delta=+0.012 x=0.337 ratio=0.9925 dth=-0.385 gg=0.5604 fl=0.000 ret=0.994 shed=0.011 act=0.0000 flq=0.00
# PAIR t=55.0 p=58 d=1.519 pq=1:1 delta=+0.016 x=0.331 ratio=1.0075 dth=-0.008 gg=0.9998 fl=0.078 ret=0.991 shed=0.015 act=0.3976 flq=0.34
# PAIR t=55.0 p=59 d=1.623 pq=1:1 delta=+0.031 x=0.409 ratio=1.0067 dth=+0.499 gg=0.3420 fl=0.000 ret=0.985 shed=0.031 act=0.0000 flq=0.00
60.000	9727.06961	101.481119	389.378846	5.31856551	10223.2481366	-5.338e-16	36145	14.831	15.433	15.868	0.030	25.6186	0.8432	1.7192	0.8493	0.9928	1.64995	1.64359	14.9420	14.8952	14.9829	-0.004895	-0.013013	-0.015532	2.438	-0.17091	0.89025
# CONV t=60.00 cond=0 evap=0 rough=0 back_s=0
# LEDGER t=60.000 mode=3 sum_err=0 max|E-iEu|=5.000e-13 run_max_diff=1.500e-12 run_max_sum_err=0 steps=3000 E0_int=10223248136555835 sum=10223248136555835
# ANG t=60.00 mean|cosb|=0.5269 n=9741 loaded|cosb|=0.7215 nl=120
# PAIR t=60.0 p=0 d=1.587 pq=1:1 delta=+0.016 x=0.384 ratio=0.9988 dth=-0.104 gg=0.9640 fl=0.000 ret=0.992 shed=0.016 act=0.0008 flq=0.00
# PAIR t=60.0 p=1 d=1.518 pq=1:1 delta=+0.014 x=0.330 ratio=0.9914 dth=-0.024 gg=0.9987 fl=0.153 ret=0.992 shed=0.013 act=0.7742 flq=0.67
# PAIR t=60.0 p=2 d=1.518 pq=1:1 delta=+0.012 x=0.332 ratio=1.0040 dth=+0.032 gg=0.9942 fl=0.049 ret=0.994 shed=0.011 act=0.2510 flq=0.22
# PAIR t=60.0 p=3 d=1.550 pq=1:1 delta=+0.013 x=0.356 ratio=1.0089 dth=-0.022 gg=0.9989 fl=0.103 ret=0.993 shed=0.012 act=0.5744 flq=0.50
# PAIR t=60.0 p=4 d=1.651 pq=1:1 delta=+0.010 x=0.435 ratio=0.9998 dth=-0.016 gg=0.9994 fl=0.000 ret=0.996 shed=0.010 act=0.0000 flq=0.00
# PAIR t=60.0 p=5 d=1.522 pq=1:1 delta=+0.008 x=0.335 ratio=0.9952 dth=-0.042 gg=0.9942 fl=0.130 ret=0.995 shed=0.008 act=0.6678 flq=0.58
# PAIR t=60.0 p=6 d=1.520 pq=1:1 delta=+0.009 x=0.334 ratio=1.0092 dth=+0.048 gg=0.9891 fl=0.048 ret=0.995 shed=0.008 act=0.2453 flq=0.21
# PAIR t=60.0 p=7 d=1.520 pq=1:1 delta=+0.018 x=0.332 ratio=1.0057 dth=+0.041 gg=0.9897 fl=0.066 ret=0.990 shed=0.017 act=0.3393 flq=0.29
# PAIR t=60.0 p=8 d=1.622 pq=1:1 delta=+0.009 x=0.413 ratio=1.0027 dth=+0.210 gg=0.8315 fl=0.000 ret=0.996 shed=0.009 act=0.0000 flq=0.00
# PAIR t=60.0 p=9 d=1.520 pq=1:1 delta=+0.009 x=0.334 ratio=0.9982 dth=-0.076 gg=0.9795 fl=0.013 ret=0.995 shed=0.008 act=0.0673 flq=0.06
# PAIR t=60.0 p=10 d=1.520 pq=1:1 delta=+0.011 x=0.333 ratio=0.9997 dth=+0.004 gg=0.9995 fl=0.219 ret=0.994 shed=0.010 act=1.1169 flq=0.97
# PAIR t=60.0 p=11 d=1.519 pq=1:1 delta=+0.011 x=0.333 ratio=1.0031 dth=-0.023 gg=0.9987 fl=0.047 ret=0.994 shed=0.010 act=0.2377 flq=0.21
# PAIR t=60.0 p=12 d=1.519 pq=1:1 delta=+0.007 x=0.333 ratio=1.0056 dth=+0.007 gg=0.9995 fl=0.124 ret=0.996 shed=0.007 act=0.6302 flq=0.55
# PAIR t=60.0 p=13 d=1.520 pq=1:1 delta=+0.010 x=0.334 ratio=0.9880 dth=-1.043 gg=0.0109 fl=0.001 ret=0.995 shed=0.009 act=0.0044 flq=0.00
# PAIR t=60.0 p=14 d=1.671 pq=1:1 delta=+0.010 x=0.450 ratio=0.9988 dth=-0.076 gg=0.9799 fl=0.000 ret=0.995 shed=0.010 act=0.0000 flq=0.00
# PAIR t=60.0 p=15 d=1.520 pq=1:1 delta=+0.016 x=0.332 ratio=0.9987 dth=-0.009 gg=0.9997 fl=0.063 ret=0.991 shed=0.015 act=0.3217 flq=0.28
# PAIR t=60.0 p=16 d=1.519 pq=1:1 delta=+0.008 x=0.334 ratio=1.0000 dth=-0.064 gg=0.9855 fl=0.007 ret=0.996 shed=0.007 act=0.0358 flq=0.03
# PAIR t=60.0 p=17 d=1.675 pq=1:1 delta=+0.007 x=0.454 ratio=0.9999 dth=+0.000 gg=0.9999 fl=0.000 ret=0.997 shed=0.007 act=0.0000 flq=0.00
# PAIR t=60.0 p=18 d=1.533 pq=1:1 delta=+0.013 x=0.343 ratio=0.9927 dth=-0.057 gg=0.9896 fl=0.170 ret=0.993 shed=0.012 act=0.9048 flq=0.79
# PAIR t=60.0 p=19 d=1.605 pq=1:1 delta=+0.015 x=0.399 ratio=0.9998 dth=-0.025 gg=0.9986 fl=0.001 ret=0.992 shed=0.015 act=0.0042 flq=0.00
# PAIR t=60.0 p=20 d=1.520 pq=1:1 delta=+0.019 x=0.332 ratio=1.0311 dth=+0.094 gg=0.9577 fl=0.077 ret=0.990 shed=0.016 act=0.3952 flq=0.34
# PAIR t=60.0 p=21 d=1.696 pq=1:1 delta=+0.011 x=0.469 ratio=0.9995 dth=-0.031 gg=0.9973 fl=0.000 ret=0.995 shed=0.011 act=0.0000 flq=0.00
# PAIR t=60.0 p=22 d=1.520 pq=1:1 delta=+0.013 x=0.333 ratio=1.0011 dth=+0.021 gg=0.9970 fl=0.049 ret=0.993 shed=0.012 act=0.2483 flq=0.22
# PAIR t=60.0 p=23 d=1.518 pq=1:1 delta=+0.011 x=0.331 ratio=1.0091 dth=+0.042 gg=0.9908 fl=0.087 ret=0.994 shed=0.010 act=0.4414 flq=0.38
# PAIR t=60.0 p=24 d=1.549 pq=1:1 delta=+0.012 x=0.356 ratio=1.0015 dth=+0.053 gg=0.9859 fl=0.001 ret=0.994 shed=0.011 act=0.0028 flq=0.00
# PAIR t=60.0 p=25 d=1.519 pq=1:1 delta=+0.009 x=0.334 ratio=0.9986 dth=-0.092 gg=0.9699 fl=0.000 ret=0.995 shed=0.008 act=0.0002 flq=0.00
# PAIR t=60.0 p=26 d=1.520 pq=1:1 delta=+0.017 x=0.332 ratio=0.9886 dth=-0.065 gg=0.9873 fl=0.082 ret=0.991 shed=0.016 act=0.4202 flq=0.36
# PAIR t=60.0 p=27 d=1.519 pq=1:1 delta=+0.011 x=0.333 ratio=1.0040 dth=+0.269 gg=0.7383 fl=0.000 ret=0.994 shed=0.010 act=0.0003 flq=0.00
# PAIR t=60.0 p=28 d=1.637 pq=1:1 delta=+0.091 x=0.408 ratio=1.0066 dth=+1.046 gg=0.0065 fl=0.000 ret=0.958 shed=0.090 act=0.0000 flq=0.00
# PAIR t=60.0 p=29 d=1.519 pq=1:1 delta=+0.011 x=0.333 ratio=0.9912 dth=-0.895 gg=0.0379 fl=0.002 ret=0.994 shed=0.010 act=0.0110 flq=0.01
# PAIR t=60.0 p=30 d=1.517 pq=1:1 delta=+0.020 x=0.330 ratio=0.9993 dth=-0.013 gg=0.9996 fl=0.061 ret=0.989 shed=0.019 act=0.3079 flq=0.27
# PAIR t=60.0 p=31 d=1.516 pq=1:1 delta=+0.014 x=0.331 ratio=0.9995 dth=-0.088 gg=0.9740 fl=0.000 ret=0.992 shed=0.013 act=0.0020 flq=0.00
# PAIR t=60.0 p=32 d=1.520 pq=1:1 delta=+0.016 x=0.332 ratio=1.0000 dth=-0.032 gg=0.9975 fl=0.072 ret=0.991 shed=0.015 act=0.3672 flq=0.32
# PAIR t=60.0 p=33 d=1.519 pq=1:1 delta=+0.006 x=0.334 ratio=1.0001 dth=+0.074 gg=0.9765 fl=0.000 ret=0.997 shed=0.005 act=0.0016 flq=0.00
# PAIR t=60.0 p=34 d=1.642 pq=1:1 delta=+0.010 x=0.428 ratio=0.9973 dth=-0.138 gg=0.9319 fl=0.000 ret=0.995 shed=0.011 act=0.0000 flq=0.00
# PAIR t=60.0 p=35 d=1.540 pq=1:1 delta=+0.014 x=0.348 ratio=0.9959 dth=-0.049 gg=0.9927 fl=0.081 ret=0.992 shed=0.013 act=0.4383 flq=0.38
# PAIR t=60.0 p=36 d=1.519 pq=1:1 delta=+0.016 x=0.331 ratio=1.0060 dth=+0.013 gg=0.9980 fl=0.138 ret=0.991 shed=0.015 act=0.7013 flq=0.61
# PAIR t=60.0 p=37 d=1.564 pq=1:1 delta=+0.009 x=0.368 ratio=1.0013 dth=-0.022 gg=0.9987 fl=0.055 ret=0.995 shed=0.009 act=0.3208 flq=0.28
# PAIR t=60.0 p=38 d=1.519 pq=1:1 delta=+0.006 x=0.334 ratio=1.0091 dth=+0.048 gg=0.9897 fl=0.037 ret=0.997 shed=0.006 act=0.1876 flq=0.16
# PAIR t=60.0 p=39 d=1.519 pq=1:1 delta=+0.006 x=0.333 ratio=1.0048 dth=+0.013 gg=0.9989 fl=0.161 ret=0.997 shed=0.005 act=0.8224 flq=0.71
# PAIR t=60.0 p=40 d=1.520 pq=1:1 delta=+0.016 x=0.332 ratio=1.0021 dth=+0.007 gg=0.9988 fl=0.052 ret=0.991 shed=0.016 act=0.2634 flq=0.23
# PAIR t=60.0 p=41 d=1.518 pq=1:1 delta=+0.008 x=0.332 ratio=1.0041 dth=+0.002 gg=0.9998 fl=0.055 ret=0.995 shed=0.008 act=0.2797 flq=0.24
# PAIR t=60.0 p=42 d=1.545 pq=1:1 delta=+0.019 x=0.351 ratio=1.0068 dth=+0.017 gg=0.9969 fl=0.070 ret=0.990 shed=0.018 act=0.3822 flq=0.33
# PAIR t=60.0 p=43 d=1.535 pq=1:1 delta=+0.012 x=0.345 ratio=1.0005 dth=-0.011 gg=0.9998 fl=0.091 ret=0.994 shed=0.011 act=0.4841 flq=0.42
# PAIR t=60.0 p=44 d=1.520 pq=1:1 delta=+0.014 x=0.333 ratio=1.0032 dth=+0.341 gg=0.6141 fl=0.002 ret=0.992 shed=0.014 act=0.0113 flq=0.01
# PAIR t=60.0 p=45 d=1.626 pq=1:1 delta=+0.049 x=0.407 ratio=1.0036 dth=+0.159 gg=0.8710 fl=0.000 ret=0.977 shed=0.049 act=0.0000 flq=0.00
# PAIR t=60.0 p=46 d=1.520 pq=1:1 delta=+0.007 x=0.334 ratio=0.9912 dth=-0.055 gg=0.9894 fl=0.079 ret=0.996 shed=0.007 act=0.4042 flq=0.35
# PAIR t=60.0 p=47 d=1.522 pq=1:1 delta=+0.007 x=0.336 ratio=1.0034 dth=+0.200 gg=0.8476 fl=0.000 ret=0.996 shed=0.007 act=0.0002 flq=0.00
# PAIR t=60.0 p=48 d=1.519 pq=1:1 delta=+0.012 x=0.333 ratio=0.9944 dth=-0.096 gg=0.9681 fl=0.015 ret=0.993 shed=0.011 act=0.0786 flq=0.07
# PAIR t=60.0 p=49 d=1.520 pq=1:1 delta=+0.025 x=0.330 ratio=0.9995 dth=-0.011 gg=0.9994 fl=0.126 ret=0.986 shed=0.023 act=0.6424 flq=0.56
# PAIR t=60.0 p=50 d=1.518 pq=1:1 delta=+0.006 x=0.334 ratio=0.9993 dth=-0.043 gg=0.9937 fl=0.002 ret=0.997 shed=0.005 act=0.0089 flq=0.01
# PAIR t=60.0 p=51 d=1.519 pq=1:1 delta=+0.007 x=0.334 ratio=0.9979 dth=-0.026 gg=0.9979 fl=0.071 ret=0.996 shed=0.006 act=0.3626 flq=0.31
# PAIR t=60.0 p=52 d=1.581 pq=1:1 delta=+0.017 x=0.380 ratio=1.0022 dth=+0.160 gg=0.8922 fl=0.003 ret=0.991 shed=0.016 act=0.0174 flq=0.02
# PAIR t=60.0 p=53 d=1.518 pq=1:1 delta=+0.016 x=0.330 ratio=0.9970 dth=-0.017 gg=0.9994 fl=0.098 ret=0.991 shed=0.015 act=0.4948 flq=0.43
# PAIR t=60.0 p=54 d=1.519 pq=1:1 delta=+0.013 x=0.333 ratio=1.0043 dth=+0.396 gg=0.5201 fl=0.000 ret=0.993 shed=0.012 act=0.0008 flq=0.00
# PAIR t=60.0 p=55 d=1.559 pq=1:1 delta=+0.007 x=0.365 ratio=1.0006 dth=+0.029 gg=0.9958 fl=0.000 ret=0.997 shed=0.006 act=0.0000 flq=0.00
# PAIR t=60.0 p=56 d=1.520 pq=1:1 delta=+0.012 x=0.333 ratio=0.9915 dth=-0.047 gg=0.9933 fl=0.070 ret=0.993 shed=0.011 act=0.3568 flq=0.31
# PAIR t=60.0 p=57 d=1.524 pq=1:1 delta=+0.013 x=0.336 ratio=0.9922 dth=-0.464 gg=0.4297 fl=0.000 ret=0.993 shed=0.012 act=0.0000 flq=0.00
# PAIR t=60.0 p=58 d=1.519 pq=1:1 delta=+0.017 x=0.331 ratio=1.0041 dth=-0.006 gg=0.9997 fl=0.193 ret=0.991 shed=0.015 act=0.9826 flq=0.85
# PAIR t=60.0 p=59 d=1.623 pq=1:1 delta=+0.031 x=0.409 ratio=1.0066 dth=+0.564 gg=0.2556 fl=0.000 ret=0.985 shed=0.030 act=0.0000 flq=0.00
# RESULT es_shells 0.94:1.0004 2.81:0.9980 4.69:0.9982 6.56:1.0004 8.44:0.9986 10.31:0.9986 12.19:0.9983 14.06:0.9981
# RESULT LEDGER mode=3 E0_int=10223248136555835 sum_int=10223248136555835 max_sum_err=0 max|E-iEu|=1.500e-12 steps=3000
# RESULT conservation E0=10223.2481366 Efinal=10223.2481366 rel_drift=-5.338e-16
# RESULT roughness_radiated=0 (dissonant dense deliveries converted to field, conserved)
# RESULT curvature_fit defA_per_Em=-0.04637 r2=0.0858 (linear defect ~ converted energy)
# PAIR t=60.0 p=0 d=1.587 pq=1:1 delta=+0.016 x=0.384 ratio=0.9988 dth=-0.104 gg=0.9640 fl=0.000 ret=0.992 shed=0.016 act=0.0008 flq=0.00
# PAIR t=60.0 p=1 d=1.518 pq=1:1 delta=+0.014 x=0.330 ratio=0.9914 dth=-0.024 gg=0.9987 fl=0.153 ret=0.992 shed=0.013 act=0.7742 flq=0.67
# PAIR t=60.0 p=2 d=1.518 pq=1:1 delta=+0.012 x=0.332 ratio=1.0040 dth=+0.032 gg=0.9942 fl=0.049 ret=0.994 shed=0.011 act=0.2510 flq=0.22
# PAIR t=60.0 p=3 d=1.550 pq=1:1 delta=+0.013 x=0.356 ratio=1.0089 dth=-0.022 gg=0.9989 fl=0.103 ret=0.993 shed=0.012 act=0.5744 flq=0.50
# PAIR t=60.0 p=4 d=1.651 pq=1:1 delta=+0.010 x=0.435 ratio=0.9998 dth=-0.016 gg=0.9994 fl=0.000 ret=0.996 shed=0.010 act=0.0000 flq=0.00
# PAIR t=60.0 p=5 d=1.522 pq=1:1 delta=+0.008 x=0.335 ratio=0.9952 dth=-0.042 gg=0.9942 fl=0.130 ret=0.995 shed=0.008 act=0.6678 flq=0.58
# PAIR t=60.0 p=6 d=1.520 pq=1:1 delta=+0.009 x=0.334 ratio=1.0092 dth=+0.048 gg=0.9891 fl=0.048 ret=0.995 shed=0.008 act=0.2453 flq=0.21
# PAIR t=60.0 p=7 d=1.520 pq=1:1 delta=+0.018 x=0.332 ratio=1.0057 dth=+0.041 gg=0.9897 fl=0.066 ret=0.990 shed=0.017 act=0.3393 flq=0.29
# PAIR t=60.0 p=8 d=1.622 pq=1:1 delta=+0.009 x=0.413 ratio=1.0027 dth=+0.210 gg=0.8315 fl=0.000 ret=0.996 shed=0.009 act=0.0000 flq=0.00
# PAIR t=60.0 p=9 d=1.520 pq=1:1 delta=+0.009 x=0.334 ratio=0.9982 dth=-0.076 gg=0.9795 fl=0.013 ret=0.995 shed=0.008 act=0.0673 flq=0.06
# PAIR t=60.0 p=10 d=1.520 pq=1:1 delta=+0.011 x=0.333 ratio=0.9997 dth=+0.004 gg=0.9995 fl=0.219 ret=0.994 shed=0.010 act=1.1169 flq=0.97
# PAIR t=60.0 p=11 d=1.519 pq=1:1 delta=+0.011 x=0.333 ratio=1.0031 dth=-0.023 gg=0.9987 fl=0.047 ret=0.994 shed=0.010 act=0.2377 flq=0.21
# PAIR t=60.0 p=12 d=1.519 pq=1:1 delta=+0.007 x=0.333 ratio=1.0056 dth=+0.007 gg=0.9995 fl=0.124 ret=0.996 shed=0.007 act=0.6302 flq=0.55
# PAIR t=60.0 p=13 d=1.520 pq=1:1 delta=+0.010 x=0.334 ratio=0.9880 dth=-1.043 gg=0.0109 fl=0.001 ret=0.995 shed=0.009 act=0.0044 flq=0.00
# PAIR t=60.0 p=14 d=1.671 pq=1:1 delta=+0.010 x=0.450 ratio=0.9988 dth=-0.076 gg=0.9799 fl=0.000 ret=0.995 shed=0.010 act=0.0000 flq=0.00
# PAIR t=60.0 p=15 d=1.520 pq=1:1 delta=+0.016 x=0.332 ratio=0.9987 dth=-0.009 gg=0.9997 fl=0.063 ret=0.991 shed=0.015 act=0.3217 flq=0.28
# PAIR t=60.0 p=16 d=1.519 pq=1:1 delta=+0.008 x=0.334 ratio=1.0000 dth=-0.064 gg=0.9855 fl=0.007 ret=0.996 shed=0.007 act=0.0358 flq=0.03
# PAIR t=60.0 p=17 d=1.675 pq=1:1 delta=+0.007 x=0.454 ratio=0.9999 dth=+0.000 gg=0.9999 fl=0.000 ret=0.997 shed=0.007 act=0.0000 flq=0.00
# PAIR t=60.0 p=18 d=1.533 pq=1:1 delta=+0.013 x=0.343 ratio=0.9927 dth=-0.057 gg=0.9896 fl=0.170 ret=0.993 shed=0.012 act=0.9048 flq=0.79
# PAIR t=60.0 p=19 d=1.605 pq=1:1 delta=+0.015 x=0.399 ratio=0.9998 dth=-0.025 gg=0.9986 fl=0.001 ret=0.992 shed=0.015 act=0.0042 flq=0.00
# PAIR t=60.0 p=20 d=1.520 pq=1:1 delta=+0.019 x=0.332 ratio=1.0311 dth=+0.094 gg=0.9577 fl=0.077 ret=0.990 shed=0.016 act=0.3952 flq=0.34
# PAIR t=60.0 p=21 d=1.696 pq=1:1 delta=+0.011 x=0.469 ratio=0.9995 dth=-0.031 gg=0.9973 fl=0.000 ret=0.995 shed=0.011 act=0.0000 flq=0.00
# PAIR t=60.0 p=22 d=1.520 pq=1:1 delta=+0.013 x=0.333 ratio=1.0011 dth=+0.021 gg=0.9970 fl=0.049 ret=0.993 shed=0.012 act=0.2483 flq=0.22
# PAIR t=60.0 p=23 d=1.518 pq=1:1 delta=+0.011 x=0.331 ratio=1.0091 dth=+0.042 gg=0.9908 fl=0.087 ret=0.994 shed=0.010 act=0.4414 flq=0.38
# PAIR t=60.0 p=24 d=1.549 pq=1:1 delta=+0.012 x=0.356 ratio=1.0015 dth=+0.053 gg=0.9859 fl=0.001 ret=0.994 shed=0.011 act=0.0028 flq=0.00
# PAIR t=60.0 p=25 d=1.519 pq=1:1 delta=+0.009 x=0.334 ratio=0.9986 dth=-0.092 gg=0.9699 fl=0.000 ret=0.995 shed=0.008 act=0.0002 flq=0.00
# PAIR t=60.0 p=26 d=1.520 pq=1:1 delta=+0.017 x=0.332 ratio=0.9886 dth=-0.065 gg=0.9873 fl=0.082 ret=0.991 shed=0.016 act=0.4202 flq=0.36
# PAIR t=60.0 p=27 d=1.519 pq=1:1 delta=+0.011 x=0.333 ratio=1.0040 dth=+0.269 gg=0.7383 fl=0.000 ret=0.994 shed=0.010 act=0.0003 flq=0.00
# PAIR t=60.0 p=28 d=1.637 pq=1:1 delta=+0.091 x=0.408 ratio=1.0066 dth=+1.046 gg=0.0065 fl=0.000 ret=0.958 shed=0.090 act=0.0000 flq=0.00
# PAIR t=60.0 p=29 d=1.519 pq=1:1 delta=+0.011 x=0.333 ratio=0.9912 dth=-0.895 gg=0.0379 fl=0.002 ret=0.994 shed=0.010 act=0.0110 flq=0.01
# PAIR t=60.0 p=30 d=1.517 pq=1:1 delta=+0.020 x=0.330 ratio=0.9993 dth=-0.013 gg=0.9996 fl=0.061 ret=0.989 shed=0.019 act=0.3079 flq=0.27
# PAIR t=60.0 p=31 d=1.516 pq=1:1 delta=+0.014 x=0.331 ratio=0.9995 dth=-0.088 gg=0.9740 fl=0.000 ret=0.992 shed=0.013 act=0.0020 flq=0.00
# PAIR t=60.0 p=32 d=1.520 pq=1:1 delta=+0.016 x=0.332 ratio=1.0000 dth=-0.032 gg=0.9975 fl=0.072 ret=0.991 shed=0.015 act=0.3672 flq=0.32
# PAIR t=60.0 p=33 d=1.519 pq=1:1 delta=+0.006 x=0.334 ratio=1.0001 dth=+0.074 gg=0.9765 fl=0.000 ret=0.997 shed=0.005 act=0.0016 flq=0.00
# PAIR t=60.0 p=34 d=1.642 pq=1:1 delta=+0.010 x=0.428 ratio=0.9973 dth=-0.138 gg=0.9319 fl=0.000 ret=0.995 shed=0.011 act=0.0000 flq=0.00
# PAIR t=60.0 p=35 d=1.540 pq=1:1 delta=+0.014 x=0.348 ratio=0.9959 dth=-0.049 gg=0.9927 fl=0.081 ret=0.992 shed=0.013 act=0.4383 flq=0.38
# PAIR t=60.0 p=36 d=1.519 pq=1:1 delta=+0.016 x=0.331 ratio=1.0060 dth=+0.013 gg=0.9980 fl=0.138 ret=0.991 shed=0.015 act=0.7013 flq=0.61
# PAIR t=60.0 p=37 d=1.564 pq=1:1 delta=+0.009 x=0.368 ratio=1.0013 dth=-0.022 gg=0.9987 fl=0.055 ret=0.995 shed=0.009 act=0.3208 flq=0.28
# PAIR t=60.0 p=38 d=1.519 pq=1:1 delta=+0.006 x=0.334 ratio=1.0091 dth=+0.048 gg=0.9897 fl=0.037 ret=0.997 shed=0.006 act=0.1876 flq=0.16
# PAIR t=60.0 p=39 d=1.519 pq=1:1 delta=+0.006 x=0.333 ratio=1.0048 dth=+0.013 gg=0.9989 fl=0.161 ret=0.997 shed=0.005 act=0.8224 flq=0.71
# PAIR t=60.0 p=40 d=1.520 pq=1:1 delta=+0.016 x=0.332 ratio=1.0021 dth=+0.007 gg=0.9988 fl=0.052 ret=0.991 shed=0.016 act=0.2634 flq=0.23
# PAIR t=60.0 p=41 d=1.518 pq=1:1 delta=+0.008 x=0.332 ratio=1.0041 dth=+0.002 gg=0.9998 fl=0.055 ret=0.995 shed=0.008 act=0.2797 flq=0.24
# PAIR t=60.0 p=42 d=1.545 pq=1:1 delta=+0.019 x=0.351 ratio=1.0068 dth=+0.017 gg=0.9969 fl=0.070 ret=0.990 shed=0.018 act=0.3822 flq=0.33
# PAIR t=60.0 p=43 d=1.535 pq=1:1 delta=+0.012 x=0.345 ratio=1.0005 dth=-0.011 gg=0.9998 fl=0.091 ret=0.994 shed=0.011 act=0.4841 flq=0.42
# PAIR t=60.0 p=44 d=1.520 pq=1:1 delta=+0.014 x=0.333 ratio=1.0032 dth=+0.341 gg=0.6141 fl=0.002 ret=0.992 shed=0.014 act=0.0113 flq=0.01
# PAIR t=60.0 p=45 d=1.626 pq=1:1 delta=+0.049 x=0.407 ratio=1.0036 dth=+0.159 gg=0.8710 fl=0.000 ret=0.977 shed=0.049 act=0.0000 flq=0.00
# PAIR t=60.0 p=46 d=1.520 pq=1:1 delta=+0.007 x=0.334 ratio=0.9912 dth=-0.055 gg=0.9894 fl=0.079 ret=0.996 shed=0.007 act=0.4042 flq=0.35
# PAIR t=60.0 p=47 d=1.522 pq=1:1 delta=+0.007 x=0.336 ratio=1.0034 dth=+0.200 gg=0.8476 fl=0.000 ret=0.996 shed=0.007 act=0.0002 flq=0.00
# PAIR t=60.0 p=48 d=1.519 pq=1:1 delta=+0.012 x=0.333 ratio=0.9944 dth=-0.096 gg=0.9681 fl=0.015 ret=0.993 shed=0.011 act=0.0786 flq=0.07
# PAIR t=60.0 p=49 d=1.520 pq=1:1 delta=+0.025 x=0.330 ratio=0.9995 dth=-0.011 gg=0.9994 fl=0.126 ret=0.986 shed=0.023 act=0.6424 flq=0.56
# PAIR t=60.0 p=50 d=1.518 pq=1:1 delta=+0.006 x=0.334 ratio=0.9993 dth=-0.043 gg=0.9937 fl=0.002 ret=0.997 shed=0.005 act=0.0089 flq=0.01
# PAIR t=60.0 p=51 d=1.519 pq=1:1 delta=+0.007 x=0.334 ratio=0.9979 dth=-0.026 gg=0.9979 fl=0.071 ret=0.996 shed=0.006 act=0.3626 flq=0.31
# PAIR t=60.0 p=52 d=1.581 pq=1:1 delta=+0.017 x=0.380 ratio=1.0022 dth=+0.160 gg=0.8922 fl=0.003 ret=0.991 shed=0.016 act=0.0174 flq=0.02
# PAIR t=60.0 p=53 d=1.518 pq=1:1 delta=+0.016 x=0.330 ratio=0.9970 dth=-0.017 gg=0.9994 fl=0.098 ret=0.991 shed=0.015 act=0.4948 flq=0.43
# PAIR t=60.0 p=54 d=1.519 pq=1:1 delta=+0.013 x=0.333 ratio=1.0043 dth=+0.396 gg=0.5201 fl=0.000 ret=0.993 shed=0.012 act=0.0008 flq=0.00
# PAIR t=60.0 p=55 d=1.559 pq=1:1 delta=+0.007 x=0.365 ratio=1.0006 dth=+0.029 gg=0.9958 fl=0.000 ret=0.997 shed=0.006 act=0.0000 flq=0.00
# PAIR t=60.0 p=56 d=1.520 pq=1:1 delta=+0.012 x=0.333 ratio=0.9915 dth=-0.047 gg=0.9933 fl=0.070 ret=0.993 shed=0.011 act=0.3568 flq=0.31
# PAIR t=60.0 p=57 d=1.524 pq=1:1 delta=+0.013 x=0.336 ratio=0.9922 dth=-0.464 gg=0.4297 fl=0.000 ret=0.993 shed=0.012 act=0.0000 flq=0.00
# PAIR t=60.0 p=58 d=1.519 pq=1:1 delta=+0.017 x=0.331 ratio=1.0041 dth=-0.006 gg=0.9997 fl=0.193 ret=0.991 shed=0.015 act=0.9826 flq=0.85
# PAIR t=60.0 p=59 d=1.623 pq=1:1 delta=+0.031 x=0.409 ratio=1.0066 dth=+0.564 gg=0.2556 fl=0.000 ret=0.985 shed=0.030 act=0.0000 flq=0.00
# RESULT pair_tongue |delta|<0.6: n=60 gg=0.893 ret=0.993 fl=0.050 | 0.6-1.2: n=0 gg=0.000 ret=0.000 fl=0.000 | >1.2: n=0 gg=0.000 ret=0.000 fl=0.000
