{
  "sfa": "/home/d/code/scp/v40/gen_004/UDD_R4_output.sfa",
  "N": 192, "L": 25.00,
  "physics": {"mu": -41.345000, "kappa": 50.0, "m2": 2.2500, "eta": 0.500},
  "early": {"frame": 0, "time": 0.00, "n_clusters": 7, "P_max": 1.30405000e+00},
  "late": {"frame": 20, "time": 100.00, "n_clusters": 8, "P_max": 2.84968305e-01},
  "matching": {
    "n_matched": 2,
    "n_stable": 0,
    "n_unstable": 2,
    "n_disappeared": 5,
    "n_new": 6,
    "match_radius": 10.0
  },
  "pairs": [
    {
      "early_centroid": [1.10, 0.49, -0.57],
      "late_centroid": [4.18, 2.33, 0.66],
      "distance": 3.7989,
      "grew": false,
      "early": {"n_voxels": 173697, "P_peak": 1.304050e+00, "P_int": 3.749684e+02, "E_pot": -3.285580e+02, "theta_rms": 0.000000e+00, "R_half": 2.7548, "v_disp": 6.483054e-01, "div_v": -8.736889e-03, "aspect": 1.5516},
      "late": {"n_voxels": 68364, "P_peak": 2.311860e-01, "P_int": 4.201520e+01, "E_pot": -4.273025e+01, "theta_rms": 4.529442e-02, "R_half": 2.3562, "v_disp": 4.920815e-01, "div_v": -8.444983e-02, "aspect": 1.4869},
      "delta": {"dP_peak": -1.072864e+00, "dP_int": -3.329532e+02, "dn_voxels": -105333}
    },
    {
      "early_centroid": [-0.00, -0.00, 16.58],
      "late_centroid": [0.55, -0.60, 17.64],
      "distance": 1.3441,
      "grew": false,
      "early": {"n_voxels": 33292, "P_peak": 9.564800e-02, "P_int": 2.032114e+01, "E_pot": -1.611382e+01, "theta_rms": 0.000000e+00, "R_half": 42.0311, "v_disp": 3.316942e-01, "div_v": 5.325197e-02, "aspect": 33.4343},
      "late": {"n_voxels": 33, "P_peak": 3.486323e-03, "P_int": 1.865109e-03, "E_pot": -1.218093e-04, "theta_rms": 1.648300e-02, "R_half": 0.1198, "v_disp": 1.143742e-01, "div_v": -1.276316e-02, "aspect": 1.4604},
      "delta": {"dP_peak": -9.216167e-02, "dP_int": -2.031927e+01, "dn_voxels": -33259}
    }
  ],
  "stable_stats": {
      "n_voxels": {"mean": 0.000000e+00, "std": 0.000000e+00, "min": 0.000000e+00, "max": 0.000000e+00, "n": 0},
      "P_peak": {"mean": 0.000000e+00, "std": 0.000000e+00, "min": 0.000000e+00, "max": 0.000000e+00, "n": 0},
      "P_int": {"mean": 0.000000e+00, "std": 0.000000e+00, "min": 0.000000e+00, "max": 0.000000e+00, "n": 0},
      "core_volume": {"mean": 0.000000e+00, "std": 0.000000e+00, "min": 0.000000e+00, "max": 0.000000e+00, "n": 0},
      "E_pot": {"mean": 0.000000e+00, "std": 0.000000e+00, "min": 0.000000e+00, "max": 0.000000e+00, "n": 0},
      "E_total": {"mean": 0.000000e+00, "std": 0.000000e+00, "min": 0.000000e+00, "max": 0.000000e+00, "n": 0},
      "E_kin_phi": {"mean": 0.000000e+00, "std": 0.000000e+00, "min": 0.000000e+00, "max": 0.000000e+00, "n": 0},
      "E_grad_phi": {"mean": 0.000000e+00, "std": 0.000000e+00, "min": 0.000000e+00, "max": 0.000000e+00, "n": 0},
      "theta_rms": {"mean": 0.000000e+00, "std": 0.000000e+00, "min": 0.000000e+00, "max": 0.000000e+00, "n": 0},
      "theta_rms_core": {"mean": 0.000000e+00, "std": 0.000000e+00, "min": 0.000000e+00, "max": 0.000000e+00, "n": 0},
      "v_drift_mag": {"mean": 0.000000e+00, "std": 0.000000e+00, "min": 0.000000e+00, "max": 0.000000e+00, "n": 0},
      "v_disp": {"mean": 0.000000e+00, "std": 0.000000e+00, "min": 0.000000e+00, "max": 0.000000e+00, "n": 0},
      "div_v": {"mean": 0.000000e+00, "std": 0.000000e+00, "min": 0.000000e+00, "max": 0.000000e+00, "n": 0},
      "aspect": {"mean": 0.000000e+00, "std": 0.000000e+00, "min": 0.000000e+00, "max": 0.000000e+00, "n": 0},
      "rho_peak": {"mean": 0.000000e+00, "std": 0.000000e+00, "min": 0.000000e+00, "max": 0.000000e+00, "n": 0},
      "R_half": {"mean": 0.000000e+00, "std": 0.000000e+00, "min": 0.000000e+00, "max": 0.000000e+00, "n": 0}
  },
  "unstable_stats": {
      "n_voxels": {"mean": 1.034945e+05, "std": 9.928133e+04, "min": 3.329200e+04, "max": 1.736970e+05, "n": 2},
      "P_peak": {"mean": 6.998490e-01, "std": 8.544692e-01, "min": 9.564800e-02, "max": 1.304050e+00, "n": 2},
      "P_int": {"mean": 1.976448e+02, "std": 2.507735e+02, "min": 2.032114e+01, "max": 3.749684e+02, "n": 2},
      "core_volume": {"mean": 1.184993e+02, "std": 1.503188e+01, "min": 1.078701e+02, "max": 1.291284e+02, "n": 2},
      "E_pot": {"mean": -1.723359e+02, "std": 2.209314e+02, "min": -3.285580e+02, "max": -1.611382e+01, "n": 2},
      "E_total": {"mean": 1.975257e+03, "std": 2.205567e+03, "min": 4.156859e+02, "max": 3.534829e+03, "n": 2},
      "E_kin_phi": {"mean": 4.233720e+02, "std": 3.544102e+02, "min": 1.727662e+02, "max": 6.739779e+02, "n": 2},
      "E_grad_phi": {"mean": 4.325847e+01, "std": 5.457761e+01, "min": 4.666267e+00, "max": 8.185066e+01, "n": 2},
      "theta_rms": {"mean": 0.000000e+00, "std": 0.000000e+00, "min": 0.000000e+00, "max": 0.000000e+00, "n": 2},
      "theta_rms_core": {"mean": 0.000000e+00, "std": 0.000000e+00, "min": 0.000000e+00, "max": 0.000000e+00, "n": 2},
      "v_drift_mag": {"mean": 3.976685e-01, "std": 4.056268e-01, "min": 1.108470e-01, "max": 6.844899e-01, "n": 2},
      "v_disp": {"mean": 4.899998e-01, "std": 2.238779e-01, "min": 3.316942e-01, "max": 6.483054e-01, "n": 2},
      "div_v": {"mean": 2.225754e-02, "std": 4.383274e-02, "min": -8.736889e-03, "max": 5.325197e-02, "n": 2},
      "aspect": {"mean": 1.749296e+01, "std": 2.254451e+01, "min": 1.551582e+00, "max": 3.343433e+01, "n": 2},
      "rho_peak": {"mean": 2.908499e+00, "std": 3.134737e+00, "min": 6.919054e-01, "max": 5.125093e+00, "n": 2},
      "R_half": {"mean": 2.239298e+01, "std": 2.777255e+01, "min": 2.754823e+00, "max": 4.203113e+01, "n": 2}
  },
  "early_clusters": [
    {"id": 1, "n_voxels": 7880, "centroid": [-21.06,-0.00,0.13], "P_peak": 3.603387e-02, "P_int": 2.914324e+00, "E_pot": -1.299107e+00, "theta_rms": 0.000000e+00, "v_disp": 2.350098e-01, "div_v": -7.923043e-02, "aspect": 9.7573, "R_half": 3.0747, "rho_peak": 3.659978e-01, "matched": false, "grew": null},
    {"id": 2, "n_voxels": 173697, "centroid": [1.10,0.49,-0.57], "P_peak": 1.304050e+00, "P_int": 3.749684e+02, "E_pot": -3.285580e+02, "theta_rms": 0.000000e+00, "v_disp": 6.483054e-01, "div_v": -8.736889e-03, "aspect": 1.5516, "R_half": 2.7548, "rho_peak": 5.125093e+00, "matched": true, "grew": false},
    {"id": 3, "n_voxels": 33292, "centroid": [-0.00,-0.00,16.58], "P_peak": 9.564800e-02, "P_int": 2.032114e+01, "E_pot": -1.611382e+01, "theta_rms": 0.000000e+00, "v_disp": 3.316942e-01, "div_v": 5.325197e-02, "aspect": 33.4343, "R_half": 42.0311, "rho_peak": 6.919054e-01, "matched": true, "grew": false},
    {"id": 4, "n_voxels": 17288, "centroid": [0.01,0.00,-18.10], "P_peak": 5.658447e-02, "P_int": 7.978925e+00, "E_pot": -4.648531e+00, "theta_rms": 0.000000e+00, "v_disp": 2.305996e-01, "div_v": -4.420375e-02, "aspect": 1.8814, "R_half": 2.7605, "rho_peak": 6.243811e-01, "matched": false, "grew": null},
    {"id": 5, "n_voxels": 7726, "centroid": [-0.00,-21.11,0.03], "P_peak": 3.609715e-02, "P_int": 2.859658e+00, "E_pot": -1.276225e+00, "theta_rms": 0.000000e+00, "v_disp": 2.287707e-01, "div_v": 6.115026e-02, "aspect": 8.5093, "R_half": 3.0757, "rho_peak": 3.660434e-01, "matched": false, "grew": null},
    {"id": 6, "n_voxels": 4568, "centroid": [0.00,19.48,-0.19], "P_peak": 2.694213e-02, "P_int": 1.466900e+00, "E_pot": -5.529930e-01, "theta_rms": 0.000000e+00, "v_disp": 1.587226e-01, "div_v": 4.706482e-02, "aspect": 1.6728, "R_half": 3.4217, "rho_peak": 3.354948e-01, "matched": false, "grew": null},
    {"id": 7, "n_voxels": 4821, "centroid": [19.57,0.00,-0.83], "P_peak": 2.718452e-02, "P_int": 1.553671e+00, "E_pot": -5.885367e-01, "theta_rms": 0.000000e+00, "v_disp": 1.734508e-01, "div_v": -9.271939e-02, "aspect": 1.7486, "R_half": 3.4637, "rho_peak": 3.401627e-01, "matched": false, "grew": null}
  ],
  "late_clusters": [
    {"id": 1, "n_voxels": 72858, "centroid": [-0.98,2.67,14.81], "P_peak": 2.849683e-01, "P_int": 6.866801e+01, "E_pot": -8.109910e+01, "theta_rms": 4.441435e-02, "v_disp": 5.361307e-01, "div_v": 3.123956e-02, "aspect": 2.5725, "R_half": 2.2580, "rho_peak": 1.302021e+00, "matched": false},
    {"id": 2,