# freecell — v89 free-cell substance test (exp=tri2)
# laws = laws_V2g VERBATIM (defaults): C=1 w1=1.65 w2=2.9 q_detune=1.2
# gamma_res=0.25 gamma_res_m=0.1 p_gate=8 lock_floor=0.005 k_dep=1.2 k_dep_m=2 cap=2.5
# e_s0=1 es_floor=0.05 e_cond=0 f_conv=0.25 f_evap=0.5 s_pull=0.15
# kappa_lock=1 kappa_align=0.5 s_k=0.06 s_disp=0.3 sigma_tumble=0.01
# comb_limit=6 rough_k=0.35 gamma_rough=0.5 mob_sym=1 mob_floor=0.004 field_J=1.8
# quant_A0=1.15 quant_mode=2 (A0eff=1.15)
# v91 radiance (laws_V3r candidate A): k_rad=0.05 p_rad=4 rad_clock=0
# v91 cantus (coherent-channel candidate B): k_cant=1 k_tune=0.2 cant_tau=1e+18 cant_seed=1 cant_grow=0
# v91 registry (exchange-registry lane, REGISTRY.md): reg_tau=10 reg_gate=0 reg_f0=0
# GEOMETRY (apparatus): cfac=1.15 k_rep=1 mob_geo=1 kappa_bond=1 freeze_geo=0
# bath=1 bath_frac=1 jam_sweeps=800 jam_k=0.1 L=16 dt=0.02 T=5000 seed=20260802 diag_every=200
# JAM sweeps=800 max_step=1.402e-04 (tol 1.0e-04, k_end=0.0010) — witness for the settle
# SEED tri: kind=UUD ntri=2 xU=0.2800 xD=0.8367 wU=2.1707 wD=1.4471 (wD/wU=0.666667)
# SEED tri: d*_UU=1.447299 d*_UD(m=2)=1.447299 d*_DD=2.170949 branch_k=0 doff=+0.000
# SEED tri: contacts UU=1.6466 UD=1.5877 DD=1.5287 (DD edge OPEN (no contact))
# SEED noise: amp=0.5 (e1-class churn)
# SEED cantus: sgg=1 on 7 tagged-pair slots
# INIT NC=2706 slots=26071 live=20927 phi_nom=1.7076 z_live=15.47 dbar=1.4107 sigma_d=14.85% E0=3399.343061829
#
# t | drift_rel | phi_nom z_live NLa NLd births deaths | dbar sigma_d% | maxstep maxbond | Em_tag ret com_dev rms conn z_tag | pair: d delta gf gb | core/far
t=    0.00 +0.00e+00 | 1.7076 15.47  20927    0      0      0 | 1.4107 14.85 | 0.00e+00 0.00e+00 |   6.9833 1.0000  1.5971  1.5091 1.000 14.83 | edge_dev mean=0.0000 max=0.0000 gg=0.0170 shape_dev=0.0000 xbar=0.4656 | T0 psi=(-3.142,-0.000,+0.000) ggm=0.000 circ=+0.0000 xUDD=(0.280,0.280,0.837) | T1 psi=(-3.142,+0.000,+0.000) ggm=0.000 circ=+0.0000 xUDD=(0.280,0.280,0.837) | sep=2.6000
# CONVTAG t=0.00 rough=0.000000 cond=0.000000 evap=0.000000 backs=0.000000
# CANT t=0.00 a_tag=1.0000 a_max=1.0000 xl_tag=0.4656 nlock=6 tune=0.000000
# REG t=0.00 tp n=7 rho=[0.000 0.000 0.000 0.000] gr=0.00000 fl=0.000 | ba n=25951 rho=[0.000 0.000 0.000 0.000] gr=0.00000 fl=0.000
t=    4.00 -4.01e-16 | 1.7079 16.05  21709    2   1453   1297 | 1.4240 15.01 | 2.07e-03 3.68e-03 |   6.9002 0.9881  1.6205  1.5238 1.000 13.83 | edge_dev mean=0.0845 max=0.2362 gg=0.2652 shape_dev=0.1689 xbar=0.4608 | T0 psi=(-0.034,-2.949,-2.544) ggm=0.000 circ=-0.0426 xUDD=(0.282,0.288,0.808) | T1 psi=(+0.571,-2.034,+2.066) ggm=0.000 circ=+0.1073 xUDD=(0.264,0.303,0.820) | sep=2.6842
# CONVTAG t=4.00 rough=0.000000 cond=0.000000 evap=0.000000 backs=0.000000
# CANT t=4.00 a_tag=1.0000 a_max=1.0000 xl_tag=0.4656 nlock=6 tune=0.348617
# REG t=4.00 tp n=7 rho=[0.269 0.343 0.681 0.866] gr=0.00319 fl=1.000 | ba n=26128 rho=[0.000 0.000 0.000 0.000] gr=0.00000 fl=0.038
t=    8.00 -6.69e-16 | 1.7075 16.28  22021    4   2420   2131 | 1.4296 15.12 | 1.62e-03 4.45e-03 |   6.8140 0.9758  1.5964  1.4852 1.000 14.83 | edge_dev mean=0.1217 max=0.4201 gg=0.3457 shape_dev=0.0837 xbar=0.4536 | T0 psi=(+0.114,+2.637,-2.006) ggm=0.000 circ=+0.0413 xUDD=(0.258,0.301,0.805) | T1 psi=(+0.085,+1.977,-0.286) ggm=0.000 circ=+0.0559 xUDD=(0.275,0.289,0.794) | sep=2.6143
# CONVTAG t=8.00 rough=0.000000 cond=0.000000 evap=0.000000 backs=0.000000
# CANT t=8.00 a_tag=1.0000 a_max=1.0000 xl_tag=0.4656 nlock=6 tune=0.623996
# REG t=8.00 tp n=7 rho=[0.208 0.269 0.482 0.947] gr=0.00305 fl=1.000 | ba n=26260 rho=[0.000 0.000 0.000 0.001] gr=0.00000 fl=0.327
t=   12.00 -8.03e-16 | 1.7064 16.42  22213   16   3241   2840 | 1.4330 15.18 | 1.69e-03 2.68e-03 |   6.7604 0.9681  1.6228  1.4787 1.000 14.67 | edge_dev mean=0.1389 max=0.5159 gg=0.3047 shape_dev=0.0945 xbar=0.4501 | T0 psi=(+0.234,+2.037,-1.783) ggm=0.000 circ=+0.1252 xUDD=(0.245,0.301,0.797) | T1 psi=(+0.014,+0.557,+1.713) ggm=0.000 circ=-0.0160 xUDD=(0.291,0.279,0.788) | sep=2.6196
# CONVTAG t=12.00 rough=0.000000 cond=0.000000 evap=0.000000 backs=0.000000
# CANT t=12.00 a_tag=1.0000 a_max=1.0000 xl_tag=0.4656 nlock=6 tune=0.959418
# REG t=12.00 tp n=7 rho=[0.098 0.191 0.465 0.886] gr=0.00286 fl=1.000 | ba n=26355 rho=[0.000 0.000 0.011 0.333] gr=0.00000 fl=0.818
t=   16.00 -8.03e-16 | 1.7031 16.51  22333   20   3939   3510 | 1.4348 15.18 | 1.46e-03 5.11e-03 |   6.7061 0.9603  1.6308  1.4793 1.000 15.17 | edge_dev mean=0.1316 max=0.5077 gg=0.3554 shape_dev=0.1211 xbar=0.4466 | T0 psi=(+0.484,+0.853,-1.181) ggm=0.001 circ=+0.1831 xUDD=(0.251,0.278,0.800) | T1 psi=(+0.005,-0.729,+2.946) ggm=0.000 circ=+0.0419 xUDD=(0.270,0.293,0.788) | sep=2.6398
# CONVTAG t=16.00 rough=0.000000 cond=0.000000 evap=0.000000 backs=0.000000
# CANT t=16.00 a_tag=1.0000 a_max=1.0000 xl_tag=0.4656 nlock=6 tune=1.284226
# REG t=16.00 tp n=7 rho=[0.085 0.254 0.448 0.850] gr=0.00251 fl=1.000 | ba n=26380 rho=[0.000 0.000 0.029 0.435] gr=0.00000 fl=0.868
t=   20.00 -8.03e-16 | 1.6987 16.53  22366   28   4496   4135 | 1.4352 15.18 | 3.17e-03 7.60e-03 |   6.6484 0.9520  1.6346  1.4804 1.000 14.83 | edge_dev mean=0.1088 max=0.4894 gg=0.2873 shape_dev=0.1249 xbar=0.4426 | T0 psi=(+0.346,-0.998,+0.613) ggm=0.004 circ=+0.2552 xUDD=(0.251,0.280,0.794) | T1 psi=(-0.039,-2.225,-2.025) ggm=0.000 circ=+0.0211 xUDD=(0.277,0.273,0.781) | sep=2.6235
# CONVTAG t=20.00 rough=0.000000 cond=0.000000 evap=0.000000 backs=0.000000
# CANT t=20.00 a_tag=1.0000 a_max=1.0000 xl_tag=0.4656 nlock=6 tune=1.535920
# REG t=20.00 tp n=7 rho=[0.096 0.282 0.434 0.860] gr=0.00202 fl=1.000 | ba n=26305 rho=[0.000 0.000 0.054 0.480] gr=0.00000 fl=0.884
t=   24.00 -8.03e-16 | 1.6932 16.54  22378   29   5033   4708 | 1.4355 15.19 | 5.29e-03 1.48e-02 |   6.6152 0.9473  1.6492  1.4564 1.000 15.17 | edge_dev mean=0.1142 max=0.4938 gg=0.3392 shape_dev=0.1936 xbar=0.4403 | T0 psi=(+0.127,-3.026,-3.091) ggm=0.000 circ=+0.3084 xUDD=(0.253,0.277,0.787) | T1 psi=(-0.132,+2.656,-0.537) ggm=0.000 circ=+0.0348 xUDD=(0.263,0.273,0.789) | sep=2.5653
# CONVTAG t=24.00 rough=0.000000 cond=0.000000 evap=0.000000 backs=0.000000
# CANT t=24.00 a_tag=1.0000 a_max=1.0000 xl_tag=0.4656 nlock=6 tune=1.818646
# REG t=24.00 tp n=7 rho=[0.123 0.292 0.421 0.886] gr=0.00159 fl=1.000 | ba n=26267 rho=[0.000 0.000 0.108 0.555] gr=0.00000 fl=0.894
t=   28.00 -8.03e-16 | 1.6875 16.52  22354   34   5555   5250 | 1.4352 15.17 | 7.43e-03 2.59e-02 |   6.5420 0.9368  1.6279  1.4593 1.000 15.67 | edge_dev mean=0.1157 max=0.5032 gg=0.2860 shape_dev=0.2207 xbar=0.4353 | T0 psi=(-0.013,+0.979,-0.537) ggm=0.203 circ=+0.2758 xUDD=(0.280,0.275,0.775) | T1 psi=(+0.187,+2.655,-1.333) ggm=0.000 circ=+0.1249 xUDD=(0.238,0.265,0.778) | sep=2.5550
# CONVTAG t=28.00 rough=0.000000 cond=0.000000 evap=0.000000 backs=0.000000
# CANT t=28.00 a_tag=1.0000 a_max=1.0000 xl_tag=0.4656 nlock=6 tune=2.118727
# REG t=28.00 tp n=7 rho=[0.113 0.292 0.472 0.956] gr=0.00125 fl=1.000 | ba n=26242 rho=[0.000 0.003 0.201 0.646] gr=0.00000 fl=0.899
t=   32.00 -8.03e-16 | 1.6822 16.49  22305   27   6011   5768 | 1.4345 15.16 | 4.32e-03 1.26e-02 |   6.7499 0.9666  1.6414  1.4527 1.000 14.50 | edge_dev mean=0.1329 max=0.5032 gg=0.3268 shape_dev=0.2317 xbar=0.4494 | T0 psi=(-0.019,-0.795,+1.646) ggm=0.000 circ=+0.2345 xUDD=(0.283,0.281,0.804) | T1 psi=(-0.024,+1.330,+0.434) ggm=0.000 circ=+0.1502 xUDD=(0.261,0.287,0.780) | sep=2.5517
# CONVTAG t=32.00 rough=0.000000 cond=0.229902 evap=0.000000 backs=0.000000
# CANT t=32.00 a_tag=1.0000 a_max=1.0000 xl_tag=0.4656 nlock=6 tune=2.499246
# REG t=32.00 tp n=7 rho=[0.113 0.292 0.936 0.954] gr=0.00141 fl=1.000 | ba n=26187 rho=[0.000 0.015 0.306 0.719] gr=0.00000 fl=0.906
t=   36.00 -8.03e-16 | 1.6775 16.49  22309   36   6460   6256 | 1.4343 15.14 | 2.12e-03 1.04e-02 |   6.1649 0.8828  1.6343  1.4529 1.000 15.33 | edge_dev mean=0.1335 max=0.5110 gg=0.3316 shape_dev=0.2744 xbar=0.4102 | T0 psi=(-0.015,-2.331,+2.889) ggm=0.000 circ=+0.2340 xUDD=(0.271,0.276,0.711) | T1 psi=(-0.076,+0.072,+1.676) ggm=0.000 circ=+0.1472 xUDD=(0.258,0.254,0.692) | sep=2.5398
# CONVTAG t=36.00 rough=0.000000 cond=0.229902 evap=0.544846 backs=0.071067
# CANT t=36.00 a_tag=1.0000 a_max=1.0000 xl_tag=0.4656 nlock=6 tune=2.812478
# REG t=36.00 tp n=7 rho=[0.109 0.292 0.802 0.969] gr=0.00151 fl=1.000 | ba n=26139 rho=[0.000 0.047 0.408 0.779] gr=0.00001 fl=0.910
t=   40.00 -8.03e-16 | 1.6738 16.45  22263   32   6896   6728 | 1.4334 15.11 | 3.87e-03 1.32e-02 |   6.1469 0.8802  1.6790  1.4496 1.000 15.33 | edge_dev mean=0.1336 max=0.4957 gg=0.3317 shape_dev=0.2841 xbar=0.4089 | T0 psi=(-0.034,+2.317,-1.687) ggm=0.000 circ=+0.1434 xUDD=(0.267,0.241,0.750) | T1 psi=(-0.080,-1.487,-3.136) ggm=0.000 circ=+0.1231 xUDD=(0.232,0.228,0.735) | sep=2.5447
# CONVTAG t=40.00 rough=0.000000 cond=0.229902 evap=0.544846 backs=0.071067
# CANT t=40.00 a_tag=1.0000 a_max=1.0000 xl_tag=0.4656 nlock=6 tune=3.172064
# REG t=40.00 tp n=7 rho=[0.109 0.292 0.630 0.991] gr=0.00137 fl=1.000 | ba n=26109 rho=[0.000 0.106 0.516 0.822] gr=0.00001 fl=0.913
t=   44.00 -8.03e-16 | 1.6709 16.40  22183   29   7273   7174 | 1.4323 15.09 | 6.59e-03 1.82e-02 |   6.4003 0.9165  1.6497  1.4549 1.000 15.00 | edge_dev mean=0.1363 max=0.4953 gg=0.3296 shape_dev=0.2883 xbar=0.4258 | T0 psi=(-0.076,+1.192,-0.089) ggm=0.121 circ=+0.1274 xUDD=(0.296,0.267,0.776) | T1 psi=(-0.085,-3.116,-1.455) ggm=0.000 circ=+0.0865 xUDD=(0.238,0.238,0.740) | sep=2.5363
# CONVTAG t=44.00 rough=0.000000 cond=0.460686 evap=0.544846 backs=0.071067
# CANT t=44.00 a_tag=1.0000 a_max=1.0000 xl_tag=0.4656 nlock=6 tune=3.588937
# REG t=44.00 tp n=7 rho=[0.109 0.292 0.421 0.987] gr=0.00128 fl=1.000 | ba n=26044 rho=[0.001 0.170 0.583 0.858] gr=0.00002 fl=0.916
t=   48.00 -8.03e-16 | 1.6687 16.38  22162   35   7679   7670 | 1.4317 15.07 | 7.65e-03 1.97e-02 |   6.5535 0.9384  1.6577  1.4507 1.000 15.50 | edge_dev mean=0.1408 max=0.5082 gg=0.3281 shape_dev=0.2769 xbar=0.4361 | T0 psi=(-0.031,-0.097,+1.241) ggm=0.000 circ=+0.0793 xUDD=(0.292,0.282,0.786) | T1 psi=(-0.113,+1.630,+0.276) ggm=0.000 circ=+0.0472 xUDD=(0.254,0.261,0.743) | sep=2.5430
# CONVTAG t=48.00 rough=0.000000 cond=0.617480 evap=0.544846 backs=0.071067
# CANT t=48.00 a_tag=1.0000 a_max=1.0000 xl_tag=0.4656 nlock=6 tune=3.929742
# REG t=48.00 tp n=7 rho=[0.109 0.292 0.300 0.989] gr=0.00329 fl=1.000 | ba n=25949 rho=[0.005 0.236 0.641 0.878] gr=0.00002 fl=0.920
t=   52.00 -8.03e-16 | 1.6672 16.37  22146   24   8068   8104 | 1.4315 15.06 | 4.61e-03 1.22e-02 |   6.5897 0.9436  1.6712  1.4484 1.000 15.50 | edge_dev mean=0.1409 max=0.5052 gg=0.3298 shape_dev=0.2798 xbar=0.4386 | T0 psi=(-0.037,-1.884,+3.002) ggm=0.000 circ=+0.0407 xUDD=(0.283,0.292,0.783) | T1 psi=(-0.066,+0.164,+1.739) ggm=0.000 circ=+0.0531 xUDD=(0.253,0.264,0.756) | sep=2.5407
# CONVTAG t=52.00 rough=0.000000 cond=0.617480 evap=0.544846 backs=0.071067
# CANT t=52.00 a_tag=1.0000 a_max=1.0000 xl_tag=0.4656 nlock=6 tune=4.213594
# REG t=52.00 tp n=7 rho=[0.109 0.240 0.292 0.985] gr=0.00259 fl=1.000 | ba n=25915 rho=[0.012 0.299 0.685 0.901] gr=0.00002 fl=0.921
t=   56.00 -8.03e-16 | 1.6657 16.37  22143   31   8434   8490 | 1.4312 15.05 | 4.95e-03 1.52e-02 |   6.7640 0.9686  1.7265  1.4420 1.000 15.33 | edge_dev mean=0.1428 max=0.5096 gg=0.3298 shape_dev=0.2638 xbar=0.4501 | T0 psi=(-0.025,+2.851,-1.860) ggm=0.000 circ=+0.0020 xUDD=(0.286,0.266,0.787) | T1 psi=(-0.098,-0.945,-3.060) ggm=0.000 circ=+0.1010 xUDD=(0.283,0.279,0.800) | sep=2.5519
# CONVTAG t=56.00 rough=0.000000 cond=0.849590 evap=0.544846 backs=0.071067
# CANT t=56.00 a_tag=1.0000 a_max=1.0000 xl_tag=0.4656 nlock=6 tune=4.587304
# REG t=56.00 tp n=7 rho=[0.109 0.214 0.292 0.985] gr=0.00225 fl=1.000 | ba n=25887 rho=[0.022 0.344 0.717 0.908] gr=0.00003 fl=0.923
t=   60.00 -8.03e-16 | 1.6647 16.38  22165   32   8837   8918 | 1.4313 15.03 | 4.67e-03 1.71e-02 |   6.7901 0.9723  1.7108  1.4412 1.000 15.17 | edge_dev mean=0.1454 max=0.5062 gg=0.3302 shape_dev=0.2668 xbar=0.4518 | T0 psi=(-0.042,+1.465,-0.425) ggm=0.046 circ=-0.0292 xUDD=(0.294,0.279,0.783) | T1 psi=(-0.091,-2.240,-1.733) ggm=0.000 circ=+0.0951 xUDD=(0.282,0.279,0.793) | sep=2.5505
# CONVTAG t=60.00 rough=0.000000 cond=0.849590 evap=0.544846 backs=0.071067
# CANT t=60.00 a_tag=1.0000 a_max=1.0000 xl_tag=0.4656 nlock=6 tune=4.832679
# REG t=60.00 tp n=7 rho=[0.109 0.235 0.292 0.981] gr=0.00181 fl=1.000 | ba n=25859 rho=[0.038 0.390 0.746 0.917] gr=0.00003 fl=0.925
t=   64.00 -8.03e-16 | 1.6638 16.37  22148   34   9236   9340 | 1.4309 15.02 | 2.90e-03 1.01e-02 |   6.4944 0.9300  1.7692  1.4178 1.000 15.00 | edge_dev mean=0.1459 max=0.5091 gg=0.3207 shape_dev=0.2849 xbar=0.4321 | T0 psi=(+0.067,+0.389,+0.125) ggm=0.076 circ=-0.0180 xUDD=(0.237,0.255,0.763) | T1 psi=(-0.107,+2.690,-0.353) ggm=0.000 circ=+0.0911 xUDD=(0.278,0.270,0.790) | sep=2.5416
# CONVTAG t=64.00 rough=0.000000 cond=0.849590 evap=0.938550 backs=0.122420
# CANT t=64.00 a_tag=1.0000 a_max=1.0000 xl_tag=0.4656 nlock=6 tune=5.200912
# REG t=64.00 tp n=7 rho=[0.081 0.271 0.484 0.998] gr=0.00166 fl=1.000 | ba n=25835 rho=[0.052 0.424 0.763 0.924] gr=0.00003 fl=0.925
t=   68.00 -8.03e-16 | 1.6634 16.36  22131   24   9610   9738 | 1.4305 15.00 | 5.20e-03 1.62e-02 |   5.9204 0.8478  1.7586  1.4180 1.000 15.17 | edge_dev mean=0.1490 max=0.5047 gg=0.2845 shape_dev=0.3074 xbar=0.3939 | T0 psi=(-0.011,-1.987,+2.376) ggm=0.000 circ=-0.0190 xUDD=(0.216,0.239,0.729) | T1 psi=(-0.384,+2.099,+0.279) ggm=0.000 circ=+0.0417 xUDD=(0.236,0.207,0.736) | sep=2.5278
# CONVTAG t=68.00 rough=0.000000 cond=0.849590 evap=1.490041 backs=0.194353
# CANT t=68.00 a_tag=1.0000 a_max=1.0000 xl_tag=0.4656 nlock=6 tune=5.762912
# REG t=68.00 tp n=7 rho=[0.053 0.359 0.556 0.987] gr=0.00147 fl=1.000 | ba n=25822 rho=[0.066 0.451 0.780 0.929] gr=0.00004 fl=0.926
t=   72.00 -8.03e-16 | 1.6631 16.34  22109   18  10004  10118 | 1.4302 15.00 | 3.58e-03 1.14e-02 |   5.8974 0.8445  1.7517  1.4154 1.000 15.17 | edge_dev mean=0.1550 max=0.5147 gg=0.4763 shape_dev=0.3155 xbar=0.3918 | T0 psi=(-0.031,+2.905,-2.510) ggm=0.000 circ=-0.0372 xUDD=(0.226,0.235,0.718) | T1 psi=(-0.167,+0.048,+2.047) ggm=0.000 circ=-0.0145 xUDD=(0.220,0.211,0.740) | sep=2.5196
# CONVTAG t=72.00 rough=0.000000 cond=0.849590 evap=1.490041 backs=0.194353
# CANT t=72.00 a_tag=1.0000 a_max=1.0000 xl_tag=0.4656 nlock=6 tune=6.072581
# REG t=72.00 tp n=7 rho=[0.024 0.556 0.761 0.966] gr=0.00228 fl=1.000 | ba n=25838 rho=[0.077 0.471 0.792 0.935] gr=0.00004 fl=0.926
t=   76.00 -8.03e-16 | 1.6631 16.35  22122   23  10422  10540 | 1.4304 15.00 | 5.38e-03 1.43e-02 |   5.8483 0.8375  1.7196  1.4079 1.000 15.00 | edge_dev mean=0.1369 max=0.5164 gg=0.3060 shape_dev=0.3177 xbar=0.3891 | T0 psi=(-0.049,+0.702,-0.373) ggm=0.425 circ=-0.0557 xUDD=(0.230,0.236,0.717) | T1 psi=(-0.070,-1.653,+3.073) ggm=0.000 circ=+0.0379 xUDD=(0.192,0.232,0.727) | sep=2.5005
# CONVTAG t=76.00 rough=0.000000 cond=0.849590 evap=1.490041 backs=0.194353
# CANT t=76.00 a_tag=1.0000 a_max=1.0000 xl_tag=0.4656 nlock=6 tune=6.359839
# REG t=76.00 tp n=7 rho=[0.491 0.636 0.686 0.991] gr=0.00201 fl=1.000 | ba n=25829 rho=[0.089 0.491 0.804 0.938] gr=0.00004 fl=0.926
t=   80.00 -8.03e-16 | 1.6629 16.35  22123   28  10866  10968 | 1.4305 15.01 | 2.40e-03 1.08e-02 |   5.7938 0.8297  1.6463  1.4300 1.000 14.50 | edge_dev mean=0.1440 max=0.5162 gg=0.3315 shape_dev=0.3260 xbar=0.3854 | T0 psi=(-0.012,-1.589,+1.985) ggm=0.000 circ=-0.1015 xUDD=(0.246,0.276,0.720) | T1 psi=(-0.240,+0.384,+1.337) ggm=0.000 circ=+0.0244 xUDD=(0.187,0.182,0.701) | sep=2.4959
# CONVTAG t=80.00 rough=0.000000 cond=0.849590 evap=1.490041 backs=0.194353
# CANT t=80.00 a_tag=1.0000 a_max=1.0000 xl_tag=0.4656 nlock=6 tune=6.663179
# REG t=80.00 tp n=7 rho=[0.423 0.556 0.595 0.997] gr=0.00235 fl=1.000 | ba n=25840 rho=[0.102 0.504 0.810 0.942] gr=0.00004 fl=0.926
t=   84.00 -8.03e-16 | 1.6631 16.39  22173   25  11289  11401 | 1.4311 15.01 | 2.38e-03 1.24e-02 |   4.8116 0.6890  1.8940  1.3226 1.000 14.50 | edge_dev mean=0.1718 max=0.5032 gg=0.2199 shape_dev=0.4163 xbar=0.3202 | T0 psi=(-0.908,-1.811,+2.309) ggm=0.000 circ=-0.1177 xUDD=(0.091,0.167,0.672) | T1 psi=(-0.192,+1.546,-0.265) ggm=0.000 circ=+0.1369 xUDD=(0.141,0.164,0.687) | sep=2.4313
# CONVTAG t=84.00 rough=0.000000 cond=1.094747 evap=2.740915 backs=0.357511
# CANT t=84.00 a_tag=1.0000 a_max=1.0000 xl_tag=0.4656 nlock=6 tune=7.140562
# REG t=84.00 tp n=7 rho=[0.395 0.556 0.610 0.969] gr=0.00359 fl=1.000 | ba n=25833 rho=[0.109 0.516 0.816 0.942] gr=0.00004 fl=0.926
t=   88.00 -8.03e-16 | 1.6632 16.39  22176   16  11696  11814 | 1.4310 15.00 | 7.90e-03 2.20e-02 |   4.7833 0.6850  1.8699  1.3460 1.000 15.17 | edge_dev mean=0.2004 max=0.5158 gg=0.3453 shape_dev=0.4181 xbar=0.3179 | T0 psi=(-0.059,+0.494,-0.383) ggm=0.524 circ=-0.2503 xUDD=(0.147,0.136,0.653) | T1 psi=(-0.188,-0.153,+1.568) ggm=0.000 circ=+0.1292 xUDD=(0.157,0.150,0.664) | sep=2.4625
# CONVTAG t=88.00 rough=0.000000 cond=1.094747 evap=2.740915 backs=0.357511
# CANT t=88.00 a_tag=1.0000 a_max=1.0000 xl_tag=0.4656 nlock=6 tune=7.429543
# REG t=88.00 tp n=7 rho=[0.314 0.512 0.556 0.957] gr=0.00347 fl=1.000 | ba n=25836 rho=[0.115 0.526 0.821 0.944] gr=0.00004 fl=0.926
t=   92.00 -9.36e-16 | 1.6628 16.39  22181   19  12136  12250 | 1.4310 14.99 | 5.16e-03 1.59e-02 |   4.8572 0.6955  1.8451  1.3677 1.000 15.33 | edge_dev mean=0.1770 max=0.5130 gg=0.3091 shape_dev=0.3621 xbar=0.3230 | T0 psi=(-0.213,-0.653,+0.561) ggm=0.009 circ=-0.2903 xUDD=(0.168,0.149,0.643) | T1 psi=(-0.041,+2.457,-1.279) ggm=0.000 circ=+0.1380 xUDD=(0.159,0.163,0.656) | sep=2.4934
# CONVTAG t=92.00 rough=0.000000 cond=1.094747 evap=2.740915 backs=0.357511
# CANT t=92.00 a_tag=1.0000 a_max=1.0000 xl_tag=0.4656 nlock=6 tune=7.734333
# REG t=92.00 tp n=7 rho=[0.213 0.464 0.525 0.964] gr=0.00436 fl=1.000 | ba n=25834 rho=[0.118 0.532 0.826 0.947] gr=0.00004 fl=0.926
t=   96.00 -8.03e-16 | 1.6628 16.40  22184   37  12596  12684 | 1.4309 14.99 | 8.20e-03 1.86e-02 |   4.7547 0.6809  1.8345  1.3707 1.000 14.83 | edge_dev mean=0.1904 max=0.4991 gg=0.3151 shape_dev=0.3675 xbar=0.3158 | T0 psi=(+0.047,+2.781,-3.050) ggm=0.000 circ=-0.3566 xUDD=(0.162,0.138,0.652) | T1 psi=(-0.186,-1.337,+2.577) ggm=0.000 circ=+0.1807 xUDD=(0.139,0.149,0.655) | sep=2.5000
# CONVTAG t=96.00 rough=0.000000 cond=1.094747 evap=2.740915 backs=0.357511
# CANT t=96.00 a_tag=1.0000 a_max=1.0000 xl_tag=0.4656 nlock=6 tune=8.036069
# REG t=96.00 tp n=7 rho=[0.196 0.433 0.526 0.959] gr=0.00499 fl=1.000 | ba n=25843 rho=[0.120 0.534 0.831 0.949] gr=0.00005 fl=0.925
t=  100.00 -8.03e-16 | 1.6630 16.39  22180   14  13058  13150 | 1.4308 14.98 | 6.69e-03 1.73e-02 |   4.8519 0.6948  1.8280  1.3620 1.000 15.33 | edge_dev mean=0.1895 max=0.4834 gg=0.4215 shape_dev=0.3664 xbar=0.3224 | T0 psi=(-0.063,+2.603,-2.604) ggm=0.000 circ=-0.3432 xUDD=(0.168,0.145,0.650) | T1 psi=(-0.046,+2.857,-1.700) ggm=0.000 circ=+0.1461 xUDD=(0.149,0.171,0.651) | sep=2.4975
# CONVTAG t=100.00 rough=0.000000 cond=1.094747 evap=2.740915 backs=0.357511
# CANT t=100.00 a_tag=1.0000 a_max=1.0000 xl_tag=0.4656 nlock=6 tune=8.309778
# REG t=100.00 tp n=7 rho=[0.308 0.402 0.540 0.979] gr=0.00372 fl=1.000 | ba n=25865 rho=[0.119 0.536 0.833 0.950] gr=0.00005 fl=0.924
t=  104.00 -8.03e-16 | 1.6629 16.36  22140   34  13497  13551 | 1.4305 14.99 | 4.73e-03 1.35e-02 |   4.9102 0.7031  1.7992  1.3772 1.000 15.17 | edge_dev mean=0.1970 max=0.4788 gg=0.2841 shape_dev=0.3515 xbar=0.3263 | T0 psi=(+0.002,+0.867,-0.696) ggm=0.223 circ=-0.3388 xUDD=(0.167,0.168,0.658) | T1 psi=(-0.478,-1.813,-2.441) ggm=0.000 circ=+0.1366 xUDD=(0.150,0.154,0.660) | sep=2.5081
# CONVTAG t=104.00 rough=0.000000 cond=1.094747 evap=2.740915 backs=0.357511
# CANT t=104.00 a_tag=1.0000 a_max=1.0000 xl_tag=0.4656 nlock=6 tune=8.587071
# REG t=104.00 tp n=7 rho=[0.329 0.451 0.490 0.989] gr=0.00427 fl=1.000 | ba n=25883 rho=[0.119 0.547 0.836 0.950] gr=0.00005 fl=0.923
t=  108.00 -8.03e-16 | 1.6628 16.34  22109   25  13916  13988 | 1.4302 14.99 | 3.21e-03 1.40e-02 |   4.9278 0.7057  1.7516  1.4164 1.000 15.33 | edge_dev mean=0.1955 max=0.4694 gg=0.3616 shape_dev=0.3225 xbar=0.3308 | T0 psi=(+0.007,-2.797,+3.032) ggm=0.000 circ=-0.3052 xUDD=(0.203,0.183,0.655) | T1 psi=(-0.028,+2.259,-1.232) ggm=0.000 circ=+0.1393 xUDD=(0.148,0.147,0.650) | sep=2.5264
# CONVTAG t=108.00 rough=0.000000 cond=1.094747 evap=2.740915 backs=0.357511
# CANT t=108.00 a_tag=1.0000 a_max=1.0000 xl_tag=0.4656 nlock=6 tune=8.866897
# REG t=108.00 tp n=7 rho=[0.304 0.480 0.608 0.999] gr=0.00301 fl=1.000 | ba n=25875 rho=[0.124 0.549 0.839 0.952] gr=0.00005 fl=0.923
t=  112.00 -8.03e-16 | 1.6628 16.35  22127   17  14348  14446 | 1.4302 14.98 | 5.19e-03 1.71e-02 |   4.7936 0.6864  1.7790  1.3769 1.000 15.67 | edge_dev mean=0.2099 max=0.4660 gg=0.3238 shape_dev=0.3533 xbar=0.3185 | T0 psi=(+0.051,+0.823,-0.437) ggm=0.212 circ=-0.3407 xUDD=(0.156,0.172,0.655) | T1 psi=(-0.077,+2.061,-1.032) ggm=0.000 circ=+0.1582 xUDD=(0.141,0.145,0.642) | sep=2.5080
# CONVTAG t=112.00 rough=0.000000 cond=1.094747 evap=2.740915 backs=0.357511
# CANT t=112.00 a_tag=1.0000 a_max=1.0000 xl_tag=0.4656 nlock=6 tune=9.155536
# REG t=112.00 tp n=7 rho=[0.246 0.481 0.660 0.993] gr=0.00202 fl=1.000 | ba n=25856 rho=[0.128 0.558 0.842 0.953] gr=0.00005 fl=0.924
t=  116.00 -8.03e-16 | 1.6629 16.36  22134   18  14790  14877 | 1.4302 14.97 | 8.39e-03 2.03e-02 |   4.6046 0.6594  1.8283  1.3668 1.000 15.67 | edge_dev mean=0.2029 max=0.4565 gg=0.4051 shape_dev=0.3330 xbar=0.3060 | T0 psi=(-0.031,+0.594,-0.489) ggm=0.271 circ=-0.3710 xUDD=(0.134,0.152,0.640) | T1 psi=(-0.105,-0.074,+0.980) ggm=0.005 circ=+0.1675 xUDD=(0.136,0.134,0.641) | sep=2.5163
# CONVTAG t=116.00 rough=0.000000 cond=1.094747 evap=2.740915 backs=0.357511
# CANT t=116.00 a_tag=1.0000 a_max=1.0000 xl_tag=0.4656 nlock=6 tune=9.481037
# REG t=116.00 tp n=7 rho=[0.288 0.490 0.818 0.988] gr=0.00288 fl=1.000 | ba n=25865 rho=[0.132 0.559 0.842 0.953] gr=0.00005 fl=0.924
t=  120.00 -8.03e-16 | 1.6628 16.35  22124   21  15207  15268 | 1.4300 14.97 | 7.72e-03 1.75e-02 |   4.1814 0.5988  1.8464  1.3780 1.000 15.67 | edge_dev mean=0.2077 max=0.4608 gg=0.4343 shape_dev=0.3182 xbar=0.2781 | T0 psi=(-0.020,-1.536,+1.171) ggm=0.000 circ=-0.3800 xUDD=(0.140,0.120,0.562) | T1 psi=(+0.032,-1.195,+1.586) ggm=0.004 circ=+0.1636 xUDD=(0.122,0.128,0.597) | sep=2.5296
# CONVTAG t=120.00 rough=0.000000 cond=1.267217 evap=3.345816 backs=0.436411
# CANT t=120.00 a_tag=1.0000 a_max=1.0000 xl_tag=0.4656 nlock=6 tune=9.913761
# REG t=120.00 tp n=7 rho=[0.267 0.838 0.963 0.988] gr=0.00332 fl=1.000 | ba n=25888 rho=[0.137 0.569 0.848 0.955] gr=0.00005 fl=0.923
t=  124.00 -8.03e-16 | 1.6632 16.36  22135   27  15692  15772 | 1.4301 14.96 | 3.81e-03 1.33e-02 |   4.3286 0.6199  1.8356  1.3667 1.000 15.83 | edge_dev mean=0.2073 max=0.4544 gg=0.2842 shape_dev=0.3098 xbar=0.2885 | T0 psi=(+0.135,-2.586,+2.043) ggm=0.000 circ=-0.3940 xUDD=(0.138,0.121,0.616) | T1 psi=(-0.031,-1.371,+2.007) ggm=0.000 circ=+0.1715 xUDD=(0.117,0.124,0.614) | sep=2.5364
# CONVTAG t=124.00 rough=0.000000 cond=1.267217 evap=3.345816 backs=0.436411
# CANT t=124.00 a_tag=1.0000 a_max=1.0000 xl_tag=0.4656 nlock=6 tune=10.225511
# REG t=124.00 tp n=7 rho=[0.320 0.839 0.964 0.982] gr=0.00392 fl=1.000 | ba n=25863 rho=[0.142 0.571 0.849 0.956] gr=0.00005 fl=0.923
t=  128.00 -8.03e-16 | 1.6633 16.38  22164   22  16160  16238 | 1.4304 14.96 | 6.04e-03 1.81e-02 |   4.6277 0.6627  1.9032  1.2826 1.000 15.67 | edge_dev mean=0.2133 max=0.4485 gg=0.3718 shape_dev=0.3256 xbar=0.3080 | T0 psi=(+0.374,+2.365,+2.686) ggm=0.000 circ=-0.3690 xUDD=(0.118,0.102,0.619) | T1 psi=(-0.275,+0.094,+1.411) ggm=0.023 circ=+0.1594 xUDD=(0.129,0.259,0.621) | sep=2.5249
# CONVTAG t=128.00 rough=0.000000 cond=1.525574 evap=3.345816 backs=0.436411
# CANT t=128.00 a_tag=1.0000 a_max=1.0000 xl_tag=0.4656 nlock=6 tune=10.466338
# REG t=128.00 tp n=7 rho=[0.322 0.577 0.959 0.985] gr=0.00419 fl=1.000 | ba n=25869 rho=[0.144 0.570 0.849 0.956] gr=0.00005 fl=0.924
t=  132.00 -8.03e-16 | 1.6635 16.38  22161   19  16576  16688 | 1.4304 14.96 | 4.52e-03 1.30e-02 |   4.3081 0.6169  1.9149  1.3005 1.000 16.00 | edge_dev mean=0.2045 max=0.4544 gg=0.3886 shape_dev=0.3252 xbar=0.2865 | T0 psi=(-0.032,-0.980,+0.625) ggm=0.000 circ=-0.3924 xUDD=(0.100,0.090,0.627) | T1 psi=(-0.183,-0.468,+1.267) ggm=0.021 circ=+0.1291 xUDD=(0.092,0.163,0.648) | sep=2.5214
# CONVTAG t=132.00 rough=0.000000 cond=1.781565 evap=3.795738 backs=0.495096
# CANT t=132.00 a_tag=1.0000 a_max=1.0000 xl_tag=0.4656 nlock=6 tune=10.945499
# REG t=132.00 tp n=7 rho=[0.372 0.564 0.802 0.991] gr=0.00287 fl=1.000 | ba n=25839 rho=[0.143 0.568 0.852 0.956] gr=0.00005 fl=0.925
t=  136.00 -8.03e-16 | 1.6630 16.37  22153   25  17030  17175 | 1.4302 14.95 | 6.64e-03 1.86e-02 |   4.0466 0.5795  1.8786  1.3206 1.000 15.83 | edge_dev mean=0.2075 max=0.4640 gg=0.2336 shape_dev=0.3639 xbar=0.2690 | T0 psi=(-0.068,+2.659,-2.799) ggm=0.000 circ=-0.4170 xUDD=(0.097,0.094,0.613) | T1 psi=(-0.355,+1.731,-1.313) ggm=0.000 circ=+0.2156 xUDD=(0.073,0.104,0.632) | sep=2.5004
# CONVTAG t=136.00 rough=0.000000 cond=1.781565 evap=3.795738 backs=0.495096
# CANT t=136.00 a_tag=1.0000 a_max=1.0000 xl_tag=0.4656 nlock=6 tune=11.268494
# REG t=136.00 tp n=7 rho=[0.320 0.558 0.564 0.962] gr=0.00193 fl=1.000 | ba n=25803 rho=[0.146 0.569 0.849 0.956] gr=0.00006 fl=0.926
t=  140.00 -8.03e-16 | 1.6633 16.36  22138   27  17523  17626 | 1.4300 14.95 | 1.14e-02 3.16e-02 |   4.1993 0.6013  1.7999  1.3377 1.000 15.50 | edge_dev mean=0.1927 max=0.4563 gg=0.1843 shape_dev=0.3681 xbar=0.2794 | T0 psi=(+0.031,+0.024,-0.035) ggm=0.053 circ=-0.3851 xUDD=(0.130,0.103,0.630) | T1 psi=(-0.679,-0.812,+1.167) ggm=0.007 circ=+0.2361 xUDD=(0.069,0.116,0.628) | sep=2.4852
# CONVTAG t=140.00 rough=0.000000 cond=1.956144 evap=3.795738 backs=0.495096
# CANT t=140.00 a_tag=1.0000 a_max=1.0000 xl_tag=0.4656 nlock=6 tune=11.595545
# REG t=140.00 tp n=7 rho=[0.320 0.442 0.514 0.952] gr=0.00197 fl=1.000 | ba n=25841 rho=[0.139 0.564 0.851 0.956] gr=0.00006 fl=0.924
t=  144.00 -9.36e-16 | 1.6628 16.37  22143   17  18002  18123 | 1.4299 14.94 | 4.61e-03 1.52e-02 |   4.4136 0.6320  1.8639  1.3480 1.000 15.67 | edge_dev mean=0.2193 max=0.4937 gg=0.2687 shape_dev=0.3727 xbar=0.2934 | T0 psi=(+0.236,-1.464,+0.858) ggm=0.000 circ=-0.3631 xUDD=(0.146,0.096,0.631) | T1 psi=(-0.095,-3.131,-2.038) ggm=0.000 circ=+0.2102 xUDD=(0.126,0.127,0.634) | sep=2.5058
# CONVTAG t=144.00 rough=0.000000 cond=1.956144 evap=3.795738 backs=0.495096
# CANT t=144.00 a_tag=1.0000 a_max=1.0000 xl_tag=0.4656 nlock=6 tune=11.841754
# REG t=144.00 tp n=7 rho=[0.271 0.435 0.599 0.980] gr=0.00232 fl=1.000 | ba n=25837 rho=[0.138 0.558 0.849 0.956] gr=0.00006 fl=0.925
t=  148.00 -9.36e-16 | 1.6627 16.34  22104   23  18450  18557 | 1.4296 14.95 | 7.41e-03 2.16e-02 |   4.5708 0.6545  1.8656  1.3670 1.000 15.83 | edge_dev mean=0.2173 max=0.4961 gg=0.3722 shape_dev=0.3485 xbar=0.3038 | T0 psi=(-0.055,+1.236,-1.145) ggm=0.048 circ=-0.3269 xUDD=(0.144,0.125,0.629) | T1 psi=(-0.086,+2.578,-1.275) ggm=0.000 circ=+0.1555 xUDD=(0.149,0.136,0.641) | sep=2.5242
# CONVTAG t=148.00 rough=0.000000 cond=1.956144 evap=3.795738 backs=0.495096
# CANT t=148.00 a_tag=1.0000 a_max=1.0000 xl_tag=0.4656 nlock=6 tune=12.110130
# REG t=148.00 tp n=7 rho=[0.226 0.435 0.924 0.979] gr=0.00344 fl=1.000 | ba n=25845 rho=[0.135 0.558 0.849 0.956] gr=0.00006 fl=0.924
t=  152.00 -9.36e-16 | 1.6625 16.34  22109   17  18854  18966 | 1.4297 14.95 | 6.36e-03 1.37e-02 |   4.7399 0.6787  1.8319  1.3788 1.000 15.67 | edge_dev mean=0.2146 max=0.5073 gg=0.2975 shape_dev=0.3533 xbar=0.3151 | T0 psi=(-0.247,+3.128,-2.507) ggm=0.000 circ=-0.3305 xUDD=(0.167,0.139,0.638) | T1 psi=(-0.133,+2.888,-1.318) ggm=0.000 circ=+0.1524 xUDD=(0.155,0.147,0.645) | sep=2.5217
# CONVTAG t=152.00 rough=0.000000 cond=1.956144 evap=3.795738 backs=0.495096
# CANT t=152.00 a_tag=1.0000 a_max=1.0000 xl_tag=0.4656 nlock=6 tune=12.408144
# REG t=152.00 tp n=7 rho=[0.247 0.502 0.619 0.987] gr=0.00255 fl=1.000 | ba n=25845 rho=[0.133 0.556 0.851 0.956] gr=0.00006 fl=0.924
t=  156.00 -9.36e-16 | 1.6626 16.36  22137   15  19287  19401 | 1.4301 14.96 | 7.02e-03 1.37e-02 |   4.7836 0.6850  1.8546  1.3746 1.000 15.83 | edge_dev mean=0.2204 max=0.5121 gg=0.3422 shape_dev=0.3582 xbar=0.3175 | T0 psi=(-0.083,+1.023,-0.686) ggm=0.155 circ=-0.3298 xUDD=(0.158,0.139,0.642) | T1 psi=(-0.050,+2.801,-1.236) ggm=0.000 circ=+0.1007 xUDD=(0.159,0.149,0.658) | sep=2.5254
# CONVTAG t=156.00 rough=0.000000 cond=1.956144 evap=3.795738 backs=0.495096
# CANT t=156.00 a_tag=1.0000 a_max=1.0000 xl_tag=0.4656 nlock=6 tune=12.722649
# REG t=156.00 tp n=7 rho=[0.236 0.504 0.699 0.972] gr=0.00221 fl=1.000 | ba n=25844 rho=[0.132 0.554 0.849 0.956] gr=0.00006 fl=0.925
t=  160.00 -9.36e-16 | 1.6627 16.34  22111    9  19758  19846 | 1.4298 14.96 | 7.93e-03 1.90e-02 |   4.7702 0.6831  1.8486  1.3787 1.000 16.00 | edge_dev mean=0.2219 max=0.5043 gg=0.3444 shape_dev=0.3443 xbar=0.3167 | T0 psi=(-0.047,+0.813,-0.443) ggm=0.187 circ=-0.3086 xUDD=(0.153,0.139,0.642) | T1 psi=(-0.076,+3.009,-1.436) ggm=0.000 circ=+0.1037 xUDD=(0.154,0.159,0.652) | sep=2.5404
# CONVTAG t=160.00 rough=0.000000 cond=1.956144 evap=3.795738 backs=0.495096
# CANT t=160.00 a_tag=1.0000 a_max=1.0000 xl_tag=0.4656 nlock=6 tune=13.027036
# REG t=160.00 tp n=7 rho=[0.203 0.595 0.713 0.980] gr=0.00204 fl=1.000 | ba n=25877 rho=[0.130 0.553 0.850 0.956] gr=0.00006 fl=0.924
t=  164.00 -9.36e-16 | 1.6633 16.35  22122   16  20255  20340 | 1.4299 14.95 | 7.35e-03 1.95e-02 |   4.7664 0.6825  1.8482  1.3876 1.000 15.67 | edge_dev mean=0.2135 max=0.5087 gg=0.3867 shape_dev=0.3498 xbar=0.3166 | T0 psi=(-0.036,+0.572,-0.258) ggm=0.164 circ=-0.3140 xUDD=(0.154,0.144,0.647) | T1 psi=(+0.030,+2.226,-1.113) ggm=0.000 circ=+0.0912 xUDD=(0.160,0.144,0.652) | sep=2.5309
# CONVTAG t=164.00 rough=0.000000 cond=1.956144 evap=3.795738 backs=0.495096
# CANT t=164.00 a_tag=1.0000 a_max=1.0000 xl_tag=0.4656 nlock=6 tune=13.315377
# REG t=164.00 tp n=7 rho=[0.384 0.570 0.819 0.990] gr=0.00188 fl=1.000 | ba n=25872 rho=[0.130 0.558 0.849 0.957] gr=0.00006 fl=0.925
t=  168.00 -8.03e-16 | 1.6634 16.36  22136   17  20708  20795 | 1.4300 14.95 | 6.61e-03 1.96e-02 |   4.7539 0.6807  1.8266  1.3952 1.000 15.67 | edge_dev mean=0.2179 max=0.5049 gg=0.3394 shape_dev=0.3429 xbar=0.3159 | T0 psi=(-0.002,+0.724,-0.364) ggm=0.161 circ=-0.2752 xUDD=(0.148,0.155,0.644) | T1 psi=(-0.054,+2.764,-1.482) ggm=0.000 circ=+0.1128 xUDD=(0.144,0.155,0.649) | sep=2.5429
# CONVTAG t=168.00 rough=0.000000 cond=1.956144 evap=3.795738 backs=0.495096
# CANT t=168.00 a_tag=1.0000 a_max=1.0000 xl_tag=0.4656 nlock=6 tune=13.634603
# REG t=168.00 tp n=7 rho=[0.396 0.639 0.804 0.989] gr=0.00313 fl=1.000 | ba n=25870 rho=[0.126 0.557 0.849 0.957] gr=0.00006 fl=0.925
t=  172.00 -8.03e-16 | 1.6637 16.37  22146   19  21155  21243 | 1.4301 14.95 | 6.08e-03 2.05e-02 |   4.6689 0.6686  1.8176  1.4077 1.000 15.83 | edge_dev mean=0.2147 max=0.4992 gg=0.2936 shape_dev=0.3460 xbar=0.3101 | T0 psi=(-0.028,-1.878,+2.174) ggm=0.000 circ=-0.2521 xUDD=(0.154,0.155,0.643) | T1 psi=(+0.183,+0.948,-0.329) ggm=0.000 circ=+0.1022 xUDD=(0.140,0.126,0.642) | sep=2.5394
# CONVTAG t=172.00 rough=0.000000 cond=2.211927 evap=4.245297 backs=0.553734
# CANT t=172.00 a_tag=1.0000 a_max=1.0000 xl_tag=0.4656 nlock=6 tune=13.942873
# REG t=172.00 tp n=7 rho=[0.398 0.751 0.905 0.989] gr=0.00269 fl=1.000 | ba n=25868 rho=[0.123 0.556 0.850 0.956] gr=0.00006 fl=0.925
t=  176.00 -8.03e-16 | 1.6638 16.37  22152   21  21596  21685 | 1.4302 14.96 | 9.86e-03 2.73e-02 |   4.6822 0.6705  1.8187  1.4018 1.000 15.67 | edge_dev mean=0.2124 max=0.4979 gg=0.3081 shape_dev=0.3446 xbar=0.3114 | T0 psi=(-0.074,+2.755,-2.368) ggm=0.000 circ=-0.1958 xUDD=(0.140,0.162,0.649) | T1 psi=(+0.117,-2.919,-2.656) ggm=0.000 circ=+0.1530 xUDD=(0.135,0.142,0.640) | sep=2.5359
# CONVTAG t=176.00 rough=0.000000 cond=2.211927 evap=4.245297 backs=0.553734
# CANT t=176.00 a_tag=1.0000 a_max=1.0000 xl_tag=0.4656 nlock=6 tune=14.224198
# REG t=176.00 tp n=7 rho=[0.491 0.551 0.787 0.980] gr=0.00298 fl=1.000 | ba n=25863 rho=[0.125 0.553 0.854 0.957] gr=0.00006 fl=0.926
t=  180.00 -9.36e-16 | 1.6636 16.37  22143   17  22056  22158 | 1.4301 14.95 | 9.91e-03 2.12e-02 |   4.6241 0.6622  1.8101  1.4075 1.000 15.50 | edge_dev mean=0.2036 max=0.4801 gg=0.3234 shape_dev=0.3384 xbar=0.3073 | T0 psi=(-0.053,-3.036,-3.064) ggm=0.000 circ=-0.1943 xUDD=(0.150,0.154,0.645) | T1 psi=(-0.001,-2.719,-2.825) ggm=0.000 circ=+0.1184 xUDD=(0.127,0.133,0.633) | sep=2.5338
# CONVTAG t=180.00 rough=0.000000 cond=2.211927 evap=4.245297 backs=0.553734
# CANT t=180.00 a_tag=1.0000 a_max=1.0000 xl_tag=0.4656 nlock=6 tune=14.509011
# REG t=180.00 tp n=7 rho=[0.485 0.507 0.771 0.987] gr=0.00201 fl=1.000 | ba n=25852 rho=[0.132 0.557 0.849 0.959] gr=0.00006 fl=0.926
t=  184.00 -8.03e-16 | 1.6634 16.38  22159   18  22566  22660 | 1.4303 14.95 | 7.40e-03 2.07e-02 |   4.3992 0.6300  1.6197  1.4432 1.000 15.67 | edge_dev mean=0.1950 max=0.4670 gg=0.4236 shape_dev=0.3118 xbar=0.2926 | T0 psi=(-0.116,+0.217,+0.255) ggm=0.030 circ=-0.1693 xUDD=(0.200,0.166,0.666) | T1 psi=(-0.078,+1.188,-1.238) ggm=0.000 circ=+0.0996 xUDD=(0.064,0.089,0.570) | sep=2.5484
# CONVTAG t=184.00 rough=0.000000 cond=2.731646 evap=5.009765 backs=0.653448
# CANT t=184.00 a_tag=1.0000 a_max=1.0000 xl_tag=0.4656 nlock=6 tune=15.089331
# REG t=184.00 tp n=7 rho=[0.500 0.539 0.774 0.984] gr=0.00144 fl=1.000 | ba n=25862 rho=[0.131 0.554 0.850 0.957] gr=0.00006 fl=0.925
t=  188.00 -8.03e-16 | 1.6632 16.35  22126   17  23016  23135 | 1.4299 14.94 | 6.19e-03 1.65e-02 |   4.4443 0.6364  1.6909  1.4392 1.000 15.33 | edge_dev mean=0.2012 max=0.4248 gg=0.4265 shape_dev=0.3129 xbar=0.2952 | T0 psi=(-0.031,-2.039,+2.349) ggm=0.000 circ=-0.1827 xUDD=(0.176,0.169,0.658) | T1 psi=(-0.066,-0.714,+0.872) ggm=0.048 circ=+0.1111 xUDD=(0.070,0.095,0.602) | sep=2.5512
# CONVTAG t=188.00 rough=0.000000 cond=2.731646 evap=5.009765 backs=0.653448
# CANT t=188.00 a_tag=1.0000 a_max=1.0000 xl_tag=0.4656 nlock=6 tune=15.467144
# REG t=188.00 tp n=7 rho=[0.500 0.780 0.906 0.993] gr=0.00143 fl=1.000 | ba n=25837 rho=[0.133 0.555 0.850 0.957] gr=0.00006 fl=0.926
t=  192.00 -9.36e-16 | 1.6631 16.38  22163   13  23503  23621 | 1.4304 14.96 | 4.19e-03 1.50e-02 |   4.3928 0.6290  1.8720  1.4236 1.000 15.00 | edge_dev mean=0.2015 max=0.4129 gg=0.3743 shape_dev=0.3294 xbar=0.2917 | T0 psi=(-0.036,+1.553,-1.638) ggm=0.003 circ=-0.1864 xUDD=(0.138,0.142,0.604) | T1 psi=(+0.082,-2.515,+2.691) ggm=0.000 circ=+0.1033 xUDD=(0.126,0.099,0.641) | sep=2.5422
# CONVTAG t=192.00 rough=0.000000 cond=2.906693 evap=5.308368 backs=0.692396
# CANT t=192.00 a_tag=1.0000 a_max=1.0000 xl_tag=0.4656 nlock=6 tune=15.907312
# REG t=192.00 tp n=7 rho=[0.500 0.671 0.773 0.996] gr=0.00177 fl=1.000 | ba n=25843 rho=[0.130 0.562 0.850 0.957] gr=0.00006 fl=0.926
t=  196.00 -9.36e-16 | 1.6632 16.37  22145   15  23965  24084 | 1.4301 14.94 | 4.65e-03 1.29e-02 |   4.3271 0.6196  1.8460  1.3907 1.000 14.83 | edge_dev mean=0.2065 max=0.3973 gg=0.3580 shape_dev=0.3609 xbar=0.2875 | T0 psi=(-0.055,+0.893,-0.856) ggm=0.078 circ=-0.1554 xUDD=(0.130,0.127,0.626) | T1 psi=(-0.205,+1.824,-1.136) ggm=0.000 circ=+0.1346 xUDD=(0.104,0.116,0.621) | sep=2.5258
# CONVTAG t=196.00 rough=0.000000 cond=2.906693 evap=5.308368 backs=0.692396
# CANT t=196.00 a_tag=1.0000 a_max=1.0000 xl_tag=0.4656 nlock=6 tune=16.154276
# REG t=196.00 tp n=7 rho=[0.347 0.780 0.916 0.986] gr=0.00217 fl=1.000 | ba n=25839 rho=[0.128 0.554 0.851 0.959] gr=0.00007 fl=0.926
t=  200.00 -9.36e-16 | 1.6635 16.36  22130   15  24462  24633 | 1.4299 14.94 | 4.74e-03 1.45e-02 |   4.3192 0.6185  1.8396  1.3797 1.000 14.83 | edge_dev mean=0.2111 max=0.4057 gg=0.3928 shape_dev=0.3671 xbar=0.2872 | T0 psi=(-0.057,+0.099,-0.060) ggm=0.007 circ=-0.1744 xUDD=(0.131,0.121,0.631) | T1 psi=(+0.030,-1.069,+1.391) ggm=0.022 circ=+0.1712 xUDD=(0.095,0.120,0.624) | sep=2.5223
# CONVTAG t=200.00 rough=0.000000 cond=2.906693 evap=5.308368 backs=0.692396
# CANT t=200.00 a_tag=1.0000 a_max=1.0000 xl_tag=0.4656 nlock=6 tune=16.412475
# REG t=200.00 tp n=7 rho=[0.352 0.558 0.953 0.985] gr=0.00205 fl=1.000 | ba n=25788 rho=[0.129 0.554 0.850 0.959] gr=0.00007 fl=0.928
t=  204.00 -9.36e-16 | 1.6633 16.34  22105   20  24921  25083 | 1.4296 14.94 | 4.66e-03 1.52e-02 |   4.4105 0.6316  1.8433  1.3854 1.000 14.83 | edge_dev mean=0.2059 max=0.3757 gg=0.3267 shape_dev=0.3405 xbar=0.2937 | T0 psi=(-0.021,-1.178,+1.094) ggm=0.000 circ=-0.1744 xUDD=(0.132,0.131,0.632) | T1 psi=(-0.126,-1.305,+2.057) ggm=0.000 circ=+0.1916 xUDD=(0.110,0.132,0.626) | sep=2.5427
# CONVTAG t=204.00 rough=0.000000 cond=2.906693 evap=5.308368 backs=0.692396
# CANT t=204.00 a_tag=1.0000 a_max=1.0000 xl_tag=0.4656 nlock=6 tune=16.679584
# REG t=204.00 tp n=7 rho=[0.326 0.564 0.849 0.966] gr=0.00213 fl=1.000 | ba n=25793 rho=[0.128 0.556 0.851 0.958] gr=0.00007 fl=0.927
t=  208.00 -9.36e-16 | 1.6635 16.33  22101   10  25442  25584 | 1.4295 14.93 | 9.98e-03 2.27e-02 |   4.4452 0.6365  1.8463  1.3982 1.000 14.83 | edge_dev mean=0.2000 max=0.3839 gg=0.3195 shape_dev=0.3318 xbar=0.2958 | T0 psi=(+0.033,-2.658,+2.458) ggm=0.000 circ=-0.2206 xUDD=(0.144,0.128,0.630) | T1 psi=(-0.077,+2.070,-1.449) ggm=0.000 circ=+0.1868 xUDD=(0.125,0.129,0.619) | sep=2.5457
# CONVTAG t=208.00 rough=0.000000 cond=2.906693 evap=5.308368 backs=0.692396
# CANT t=208.00 a_tag=1.0000 a_max=1.0000 xl_tag=0.4656 nlock=6 tune=16.922236
# REG t=208.00 tp n=7 rho=[0.231 0.632 0.724 0.977] gr=0.00211 fl=1.000 | ba n=25821 rho=[0.126 0.560 0.854 0.958] gr=0.00007 fl=0.926
t=  212.00 -9.36e-16 | 1.6634 16.34  22111   17  25963  26062 | 1.4296 14.93 | 2.94e-03 1.14e-02 |   4.5238 0.6478  1.8570  1.3825 1.000 15.33 | edge_dev mean=0.2064 max=0.4009 gg=0.4200 shape_dev=0.3453 xbar=0.3008 | T0 psi=(+0.232,+2.257,-2.804) ggm=0.000 circ=-0.1967 xUDD=(0.145,0.132,0.631) | T1 psi=(-0.090,+0.065,+0.945) ggm=0.074 circ=+0.1817 xUDD=(0.144,0.138,0.615) | sep=2.5346
# CONVTAG t=212.00 rough=0.000000 cond=2.906693 evap=5.308368 backs=0.692396
# CANT t=212.00 a_tag=1.0000 a_max=1.0000 xl_tag=0.4656 nlock=6 tune=17.173049
# REG t=212.00 tp n=7 rho=[0.199 0.534 0.562 0.984] gr=0.00190 fl=1.000 | ba n=25857 rho=[0.129 0.557 0.854 0.959] gr=0.00007 fl=0.926
t=  216.00 -9.36e-16 | 1.6632 16.34  22113   14  26430  26567 | 1.4296 14.93 | 5.05e-03 1.17e-02 |   4.4258 0.6338  1.8686  1.3730 1.000 15.33 | edge_dev mean=0.2156 max=0.3802 gg=0.4693 shape_dev=0.3576 xbar=0.2938 | T0 psi=(+0.220,+2.015,-2.455) ggm=0.000 circ=-0.1833 xUDD=(0.137,0.129,0.629) | T1 psi=(-0.104,+0.029,+0.942) ggm=0.182 circ=+0.1203 xUDD=(0.127,0.132,0.608) | sep=2.5260
# CONVTAG t=216.00 rough=0.000000 cond=2.906693 evap=5.308368 backs=0.692396
# CANT t=216.00 a_tag=1.0000 a_max=1.0000 xl_tag=0.4656 nlock=6 tune=17.468860
# REG t=216.00 tp n=7 rho=[0.269 0.470 0.558 0.990] gr=0.00240 fl=1.000 | ba n=25823 rho=[0.132 0.553 0.854 0.958] gr=0.00007 fl=0.926
t=  220.00 -9.36e-16 | 1.6634 16.33  22095   18  26909  27013 | 1.4294 14.92 | 3.01e-03 1.34e-02 |   4.5817 0.6561  1.8388  1.3858 1.000 15.50 | edge_dev mean=0.2082 max=0.3784 gg=0.3951 shape_dev=0.3667 xbar=0.3043 | T0 psi=(-0.023,+3.008,-2.789) ggm=0.000 circ=-0.1928 xUDD=(0.157,0.150,0.639) | T1 psi=(-0.009,-0.493,+1.254) ggm=0.093 circ=+0.0517 xUDD=(0.132,0.133,0.615) | sep=2.5147
# CONVTAG t=220.00 rough=0.000000 cond=3.078602 evap=5.308368 backs=0.692396
# CANT t=220.00 a_tag=1.0000 a_max=1.0000 xl_tag=0.4656 nlock=6 tune=17.858764
# REG t=220.00 tp n=7 rho=[0.356 0.522 0.546 0.996] gr=0.00313 fl=1.000 | ba n=25851 rho=[0.125 0.554 0.852 0.958] gr=0.00007 fl=0.926
t=  224.00 -9.36e-16 | 1.6636 16.36  22138   20  27424  27549 | 1.4299 14.93 | 7.82e-03 1.99e-02 |   4.5804 0.6559  1.8432  1.3942 1.000 15.50 | edge_dev mean=0.2047 max=0.3733 gg=0.4699 shape_dev=0.3604 xbar=0.3043 | T0 psi=(+0.085,-2.325,+2.228) ggm=0.000 circ=-0.1764 xUDD=(0.159,0.150,0.637) | T1 psi=(-0.017,+0.109,+0.616) ggm=0.207 circ=+0.0890 xUDD=(0.123,0.129,0.630) | sep=2.5157
# CONVTAG t=224.00 rough=0.000000 cond=3.078602 evap=5.308368 backs=0.692396
# CANT t=224.00 a_tag=1.0000 a_max=1.0000 xl_tag=0.4656 nlock=6 tune=18.170621
# REG t=224.00 tp n=7 rho=[0.291 0.541 0.632 0.985] gr=0.00404 fl=1.000 | ba n=25829 rho=[0.127 0.551 0.854 0.959] gr=0.00007 fl=0.927
t=  228.00 -9.36e-16 | 1.6635 16.35  22116   25  27970  28072 | 1.4296 14.92 | 8.50e-03 2.29e-02 |   4.5217 0.6475  1.8416  1.3862 1.000 15.33 | edge_dev mean=0.2114 max=0.3790 gg=0.3293 shape_dev=0.3600 xbar=0.2999 | T0 psi=(-0.031,+0.226,-0.017) ggm=0.002 circ=-0.1478 xUDD=(0.149,0.148,0.637) | T1 psi=(-0.011,+2.722,-2.034) ggm=0.000 circ=+0.0980 xUDD=(0.116,0.124,0.625) | sep=2.5149
# CONVTAG t=228.00 rough=0.000000 cond=3.078602 evap=5.308368 backs=0.692396
# CANT t=228.00 a_tag=1.0000 a_max=1.0000 xl_tag=0.4656 nlock=6 tune=18.446616
# REG t=228.00 tp n=7 rho=[0.342 0.551 0.755 0.992] gr=0.00423 fl=1.000 | ba n=25846 rho=[0.128 0.548 0.852 0.958] gr=0.00007 fl=0.926
t=  232.00 -9.36e-16 | 1.6637 16.33  22090   15  28519  28607 | 1.4292 14.91 | 9.16e-03 2.38e-02 |   4.5702 0.6544  1.8608  1.3828 1.000 15.33 | edge_dev mean=0.2082 max=0.3714 gg=0.3169 shape_dev=0.3430 xbar=0.3034 | T0 psi=(-0.031,+0.694,-0.554) ggm=0.018 circ=-0.0462 xUDD=(0.139,0.150,0.642) | T1 psi=(-0.224,+3.074,-1.878) ggm=0.000 circ=+0.1302 xUDD=(0.128,0.130,0.631) | sep=2.5232
# CONVTAG t=232.00 rough=0.000000 cond=3.078602 evap=5.308368 backs=0.692396
# CANT t=232.00 a_tag=1.0000 a_max=1.0000 xl_tag=0.4656 nlock=6 tune=18.706778
# REG t=232.00 tp n=7 rho=[0.218 0.549 0.660 0.982] gr=0.00472 fl=1.000 | ba n=25871 rho=[0.128 0.551 0.851 0.957] gr=0.00007 fl=0.925
t=  236.00 -9.36e-16 | 1.6637 16.33  22098   10  29045  29141 | 1.4292 14.91 | 3.86e-03 1.43e-02 |   4.6422 0.6648  1.8557  1.3871 1.000 15.00 | edge_dev mean=0.2030 max=0.3650 gg=0.3056 shape_dev=0.3320 xbar=0.3081 | T0 psi=(-0.031,+0.941,-0.846) ggm=0.028 circ=-0.0431 xUDD=(0.148,0.151,0.640) | T1 psi=(-0.280,+2.049,-0.766) ggm=0.000 circ=+0.1624 xUDD=(0.133,0.141,0.636) | sep=2.5247
# CONVTAG t=236.00 rough=0.000000 cond=3.078602 evap=5.308368 backs=0.692396
# CANT t=236.00 a_tag=1.0000 a_max=1.0000 xl_tag=0.4656 nlock=6 tune=18.968518
# REG t=236.00 tp n=7 rho=[0.324 0.551 0.795 0.981] gr=0.00666 fl=1.000 | ba n=25868 rho=[0.127 0.547 0.852 0.958] gr=0.00007 fl=0.925
t=  240.00 -9.36e-16 | 1.6639 16.33  22091   21  29595  29660 | 1.4292 14.91 | 5.26e-03 1.52e-02 |   4.6897 0.6716  1.8843  1.3782 1.000 15.00 | edge_dev mean=0.2030 max=0.3436 gg=0.3087 shape_dev=0.3159 xbar=0.3114 | T0 psi=(+0.061,+0.946,-1.155) ggm=0.032 circ=-0.0233 xUDD=(0.141,0.148,0.651) | T1 psi=(-0.256,-0.951,+2.351) ggm=0.000 circ=+0.1674 xUDD=(0.137,0.144,0.647) | sep=2.5383
# CONVTAG t=240.00 rough=0.000000 cond=3.078602 evap=5.308368 backs=0.692396
# CANT t=240.00 a_tag=1.0000 a_max=1.0000 xl_tag=0.4656 nlock=6 tune=19.271692
# REG t=240.00 tp n=7 rho=[0.561 0.654 0.879 0.989] gr=0.00520 fl=1.000 | ba n=25888 rho=[0.125 0.544 0.852 0.958] gr=0.00007 fl=0.925
t=  244.00 -1.07e-15 | 1.6637 16.33  22092   15  30103  30187 | 1.4292 14.91 | 5.29e-03 1.39e-02 |   4.5860 0.6567  1.8852  1.3684 1.000 15.67 | edge_dev mean=0.2064 max=0.3692 gg=0.2755 shape_dev=0.3522 xbar=0.3050 | T0 psi=(+0.062,+3.068,+3.080) ggm=0.000 circ=-0.0432 xUDD=(0.147,0.129,0.639) | T1 psi=(+0.208,+2.394,-1.942) ggm=0.000 circ=+0.1837 xUDD=(0.156,0.128,0.633) | sep=2.5151
# CONVTAG t=244.00 rough=0.000000 cond=3.078602 evap=5.308368 backs=0.692396
# CANT t=244.00 a_tag=1.0000 a_max=1.0000 xl_tag=0.4656 nlock=6 tune=19.554952
# REG t=244.00 tp n=7 rho=[0.522 0.638 0.969 0.994] gr=0.00526 fl=1.000 | ba n=25873 rho=[0.123 0.544 0.852 0.958] gr=0.00007 fl=0.925
t=  248.00 -9.36e-16 | 1.6634 16.33  22091   18  30633  30708 | 1.4293 14.92 | 5.07e-03 1.46e-02 |   4.5829 0.6563  1.9014  1.3786 1.000 15.83 | edge_dev mean=0.1996 max=0.4021 gg=0.4630 shape_dev=0.3298 xbar=0.3056 | T0 psi=(-0.038,+1.153,-1.027) ggm=0.012 circ=-0.0432 xUDD=(0.135,0.134,0.630) | T1 psi=(-0.162,+0.356,+0.418) ggm=0.641 circ=+0.2320 xUDD=(0.154,0.141,0.640) | sep=2.5308
# CONVTAG t=248.00 rough=0.000000 cond=3.078602 evap=5.308368 backs=0.692396
# CANT t=248.00 a_tag=1.0000 a_max=1.0000 xl_tag=0.4656 nlock=6 tune=19.806832
# REG t=248.00 tp n=7 rho=[0.541 0.722 0.915 0.991] gr=0.00560 fl=1.000 | ba n=25880 rho=[0.122 0.543 0.850 0.959] gr=0.00007 fl=0.924
t=  252.00 -1.07e-15 | 1.6639 16.33  22090   17  31191  31299 | 1.4293 14.92 | 1.10e-02 2.95e-02 |   4.0153 0.5750  1.8478  1.3726 1.000 16.17 | edge_dev mean=0.2231 max=0.4225 gg=0.3417 shape_dev=0.3645 xbar=0.2687 | T0 psi=(-0.058,+1.474,-1.777) ggm=0.001 circ=-0.1000 xUDD=(0.137,0.126,0.519) | T1 psi=(+0.002,-0.399,+0.945) ggm=0.123 circ=+0.2572 xUDD=(0.122,0.158,0.551) | sep=2.5192
# CONVTAG t=252.00 rough=0.000000 cond=3.078602 evap=5.910135 backs=0.770887
# CANT t=252.00 a_tag=1.0000 a_max=1.0000 xl_tag=0.4656 nlock=6 tune=20.149907
# REG t=252.00 tp n=7 rho=[0.658 0.743 0.823 0.988] gr=0.00782 fl=1.000 | ba n=25849 rho=[0.128 0.550 0.850 0.958] gr=0.00007 fl=0.925
t=  256.00 -1.07e-15 | 1.6642 16.33  22100   12  31759  31835 | 1.4294 14.92 | 1.18e-02 2.35e-02 |   4.2314 0.6059  1.8631  1.3507 1.000 16.00 | edge_dev mean=0.2350 max=0.4566 gg=0.2891 shape_dev=0.4019 xbar=0.2814 | T0 psi=(-0.312,+2.592,-1.870) ggm=0.000 circ=-0.1406 xUDD=(0.118,0.133,0.610) | T1 psi=(-0.041,-0.162,+0.933) ggm=0.155 circ=+0.2743 xUDD=(0.110,0.113,0.605) | sep=2.4929
# CONVTAG t=256.00 rough=0.000000 cond=3.078602 evap=5.910135 backs=0.770887
# CANT t=256.00 a_tag=1.0000 a_max=1.0000 xl_tag=0.4656 nlock=6 tune=20.585039
# REG t=256.00 tp n=7 rho=[0.674 0.716 0.717 0.980] gr=0.00608 fl=1.000 | ba n=25886 rho=[0.125 0.547 0.851 0.959] gr=0.00007 fl=0.924
t=  260.00 -1.07e-15 | 1.6646 16.37  22148   21  32242  32311 | 1.4300 14.92 | 6.24e-03 1.71e-02 |   4.1620 0.5960  1.9074  1.3333 1.000 16.17 | edge_dev mean=0.2291 max=0.4288 gg=0.4527 shape_dev=0.4173 xbar=0.2770 | T0 psi=(-0.103,-1.888,+1.992) ggm=0.000 circ=-0.1649 xUDD=(0.115,0.100,0.612) | T1 psi=(-0.033,-2.968,-2.641) ggm=0.000 circ=+0.3098 xUDD=(0.114,0.112,0.609) | sep=2.4803
# CONVTAG t=260.00 rough=0.000000 cond=3.078602 evap=5.910135 backs=0.770887
# CANT t=260.00 a_tag=1.0000 a_max=1.0000 xl_tag=0.4656 nlock=6 tune=20.819563
# REG t=260.00 tp n=7 rho=[0.560 0.697 0.710 0.985] gr=0.00409 fl=1.000 | ba n=25883 rho=[0.122 0.539 0.849 0.958] gr=0.00007 fl=0.924
t=  264.00 -1.07e-15 | 1.6647 16.38  22163   18  32735  32793 | 1.4302 14.92 | 1.03e-02 2.34e-02 |   4.0952 0.5864  1.9229  1.3206 1.000 16.17 | edge_dev mean=0.2371 max=0.4286 gg=0.4292 shape_dev=0.4223 xbar=0.2715 | T0 psi=(-0.048,+1.901,-1.879) ggm=0.000 circ=-0.1788 xUDD=(0.099,0.090,0.613) | T1 psi=(-0.090,+1.249,-0.420) ggm=0.013 circ=+0.3495 xUDD=(0.110,0.108,0.610) | sep=2.4846
# CONVTAG t=264.00 rough=0.000000 cond=3.078602 evap=5.910135 backs=0.770887
# CANT t=264.00 a_tag=1.0000 a_max=1.0000 xl_tag=0.4656 nlock=6 tune=21.077399
# REG t=264.00 tp n=7 rho=[0.460 0.586 0.694 0.984] gr=0.00274 fl=1.000 | ba n=25898 rho=[0.116 0.529 0.847 0.960] gr=0.00007 fl=0.924
t=  268.00 -1.07e-15 | 1.6648 16.38  22158   19  33223  33329 | 1.4301 14.92 | 9.36e-03 2.19e-02 |   4.0373 0.5781  1.9347  1.3188 1.000 16.33 | edge_dev mean=0.2401 max=0.4440 gg=0.4248 shape_dev=0.4277 xbar=0.2680 | T0 psi=(-0.020,-0.643,+0.619) ggm=0.000 circ=-0.1645 xUDD=(0.092,0.087,0.608) | T1 psi=(-0.064,-0.868,+1.567) ggm=0.001 circ=+0.3670 xUDD=(0.101,0.106,0.613) | sep=2.4804
# CONVTAG t=268.00 rough=0.000000 cond=3.078602 evap=5.910135 backs=0.770887
# CANT t=268.00 a_tag=1.0000 a_max=1.0000 xl_tag=0.4656 nlock=6 tune=21.293167
# REG t=268.00 tp n=7 rho=[0.442 0.567 0.694 0.990] gr=0.00188 fl=1.000 | ba n=25849 rho=[0.117 0.530 0.849 0.959] gr=0.00007 fl=0.925
t=  272.00 -9.36e-16 | 1.6639 16.37  22150   19  33734  33843 | 1.4298 14.91 | 6.88e-03 1.58e-02 |   4.0697 0.5828  1.9151  1.3345 1.000 16.00 | edge_dev mean=0.2357 max=0.4425 gg=0.3842 shape_dev=0.4340 xbar=0.2709 | T0 psi=(+0.046,-3.108,+2.978) ggm=0.000 circ=-0.1686 xUDD=(0.095,0.107,0.608) | T1 psi=(-0.105,+2.828,-2.167) ggm=0.000 circ=+0.3406 xUDD=(0.116,0.086,0.613) | sep=2.4705
# CONVTAG t=272.00 rough=0.000000 cond=3.078602 evap=5.910135 backs=0.770887
# CANT t=272.00 a_tag=1.0000 a_max=1.0000 xl_tag=0.4656 nlock=6 tune=21.501533
# REG t=272.00 tp n=7 rho=[0.448 0.567 0.694 0.993] gr=0.00126 fl=1.000 | ba n=25846 rho=[0.117 0.530 0.847 0.957] gr=0.00007 fl=0.926
t=  276.00 -9.36e-16 | 1.6638 16.34  22109   23  34233  34354 | 1.4293 14.90 | 3.64e-03 1.39e-02 |   4.1257 0.5908  1.8896  1.3392 1.000 15.83 | edge_dev mean=0.2355 max=0.4432 gg=0.3762 shape_dev=0.4292 xbar=0.2744 | T0 psi=(-0.016,+0.853,-0.780) ggm=0.002 circ=-0.1628 xUDD=(0.104,0.112,0.614) | T1 psi=(-0.080,+0.315,+0.354) ggm=0.581 circ=+0.3676 xUDD=(0.106,0.098,0.613) | sep=2.4744
# CONVTAG t=276.00 rough=0.000000 cond=3.078602 evap=5.910135 backs=0.770887
# CANT t=276.00 a_tag=1.0000 a_max=1.0000 xl_tag=0.4656 nlock=6 tune=21.747313
# REG t=276.00 tp n=7 rho=[0.542 0.694 0.785 0.998] gr=0.00088 fl=1.000 | ba n=25830 rho=[0.117 0.526 0.848 0.957] gr=0.00007 fl=0.927
t=  280.00 -9.36e-16 | 1.6642 16.33  22091   13  34783  34875 | 1.4291 14.90 | 6.63e-03 1.85e-02 |   4.3016 0.6160  1.9374  1.3337 1.000 15.83 | edge_dev mean=0.2276 max=0.4270 gg=0.3813 shape_dev=0.4081 xbar=0.2862 | T0 psi=(-0.035,-1.791,+1.729) ggm=0.000 circ=-0.1557 xUDD=(0.108,0.101,0.609) | T1 psi=(-0.085,-1.938,+2.901) ggm=0.000 circ=+0.3907 xUDD=(0.129,0.128,0.643) | sep=2.4873
# CONVTAG t=280.00 rough=0.000000 cond=3.252807 evap=5.910135 backs=0.770887
# CANT t=280.00 a_tag=1.0000 a_max=1.0000 xl_tag=0.4656 nlock=6 tune=22.036595
# REG t=280.00 tp n=7 rho=[0.528 0.694 0.797 0.998] gr=0.00071 fl=1.000 | ba n=25867 rho=[0.116 0.524 0.844 0.956] gr=0.00007 fl=0.925
t=  284.00 -9.36e-16 | 1.6642 16.35  22126   15  35321  35408 | 1.4295 14.90 | 4.60e-03 1.34e-02 |   4.2966 0.6153  1.9212  1.3231 1.000 15.67 | edge_dev mean=0.2250 max=0.4279 gg=0.3527 shape_dev=0.4011 xbar=0.2854 | T0 psi=(-0.017,+1.887,-1.846) ggm=0.000 circ=-0.1493 xUDD=(0.104,0.099,0.612) | T1 psi=(+0.114,-1.497,+1.989) ggm=0.000 circ=+0.4279 xUDD=(0.135,0.133,0.629) | sep=2.4919
# CONVTAG t=284.00 rough=0.000000 cond=3.252807 evap=5.910135 backs=0.770887
# CANT t=284.00 a_tag=1.0000 a_max=1.0000 xl_tag=0.4656 nlock=6 tune=22.280711
# REG t=284.00 tp n=7 rho=[0.514 0.808 0.812 0.995] gr=0.00159 fl=1.000 | ba n=25870 rho=[0.115 0.518 0.845 0.958] gr=0.00007 fl=0.925
t=  288.00 -9.36e-16 | 1.6641 16.36  22141   22  35871  35957 | 1.4296 14.89 | 6.80e-03 1.94e-02 |   4.3270 0.6196  1.8875  1.3264 1.000 15.83 | edge_dev mean=0.2277 max=0.4350 gg=0.3581 shape_dev=0.4057 xbar=0.2877 | T0 psi=(-0.010,-0.561,+0.703) ggm=0.000 circ=-0.1844 xUDD=(0.115,0.102,0.618) | T1 psi=(-0.191,-3.129,-2.004) ggm=0.000 circ=+0.4589 xUDD=(0.132,0.134,0.625) | sep=2.4895
# CONVTAG t=288.00 rough=0.000000 cond=3.252807 evap=5.910135 backs=0.770887
# CANT t=288.00 a_tag=1.0000 a_max=1.0000 xl_tag=0.4656 nlock=6 tune=22.538683
# REG t=288.00 tp n=7 rho=[0.489 0.836 0.846 0.983] gr=0.00300 fl=1.000 | ba n=25863 rho=[0.116 0.526 0.844 0.958] gr=0.00007 fl=0.926
t=  292.00 -9.36e-16 | 1.6638 16.34  22103   17  36395  36511 | 1.4291 14.89 | 7.51e-03 1.80e-02 |   4.3268 0.6196  1.8717  1.3260 1.000 16.00 | edge_dev mean=0.2310 max=0.4256 gg=0.3674 shape_dev=0.4066 xbar=0.2872 | T0 psi=(+0.015,+2.996,-2.895) ggm=0.000 circ=-0.1787 xUDD=(0.114,0.112,0.618) | T1 psi=(-0.118,-2.910,-2.356) ggm=0.000 circ=+0.4675 xUDD=(0.130,0.129,0.619) | sep=2.4895
# CONVTAG t=292.00 rough=0.000000 cond=3.252807 evap=5.910135 backs=0.770887
# CANT t=292.00 a_tag=1.0000 a_max=1.0000 xl_tag=0.4656 nlock=6 tune=22.798050
# REG t=292.00 tp n=7 rho=[0.419 0.558 0.866 0.987] gr=0.00223 fl=1.000 | ba n=25838 rho=[0.117 0.527 0.846 0.958] gr=0.00007 fl=0.926
t=  296.00 -1.07e-15 | 1.6636 16.37  22149   13  36928  37072 | 1.4297 14.89 | 5.14e-03 1.74e-02 |   4.4178 0.6326  1.8453  1.3375 1.000 15.83 | edge_dev mean=0.2360 max=0.4277 gg=0.3339 shape_dev=0.4137 xbar=0.2933 | T0 psi=(-0.029,+1.674,-1.241) ggm=0.003 circ=-0.1799 xUDD=(0.119,0.139,0.620) | T1 psi=(-0.076,+3.116,-2.015) ggm=0.000 circ=+0.5018 xUDD=(0.127,0.130,0.625) | sep=2.4795
# CONVTAG t=296.00 rough=0.000000 cond=3.252807 evap=5.910135 backs=0.770887
# CANT t=296.00 a_tag=1.0000 a_max=1.0000 xl_tag=0.4656 nlock=6 tune=23.059684
# REG t=296.00 tp n=7 rho=[0.384 0.540 0.930 0.983] gr=0.00149 fl=1.000 | ba n=25814 rho=[0.115 0.525 0.846 0.958] gr=0.00007 fl=0.926
t=  300.00 -1.07e-15 | 1.6636 16.37  22145   20  37453  37585 | 1.4297 14.89 | 7.74e-03 1.71e-02 |   4.4046 0.6307  1.8519  1.4553 1.000 15.67 | edge_dev mean=0.2237 max=0.4290 gg=0.4796 shape_dev=0.4137 xbar=0.3136 | T0 psi=(+0.082,+0.783,-0.385) ggm=0.006 circ=-0.1585 xUDD=(0.176,0.207,0.624) | T1 psi=(-0.136,+0.173,+0.457) ggm=0.722 circ=+0.4984 xUDD=(0.122,0.131,0.621) | sep=2.4701
# CONVTAG t=300.00 rough=0.000000 cond=3.252807 evap=5.910135 backs=0.770887
# CANT t=300.00 a_tag=1.0000 a_max=1.0000 xl_tag=0.4656 nlock=6 tune=23.315738
# REG t=300.00 tp n=7 rho=[0.345 0.380 0.588 0.984] gr=0.00203 fl=1.000 | ba n=25820 rho=[0.112 0.519 0.841 0.957] gr=0.00007 fl=0.926
t=  304.00 -1.07e-15 | 1.6637 16.37  22152   15  37997  38129 | 1.4298 14.89 | 5.55e-03 1.65e-02 |   4.3113 0.6174  1.8657  1.3413 1.000 15.17 | edge_dev mean=0.2316 max=0.4248 gg=0.3087 shape_dev=0.4020 xbar=0.2862 | T0 psi=(-0.034,-1.049,+1.565) ggm=0.000 circ=-0.2166 xUDD=(0.104,0.129,0.627) | T1 psi=(-0.267,-0.663,+1.681) ggm=0.002 circ=+0.4450 xUDD=(0.116,0.123,0.618) | sep=2.4830
# CONVTAG t=304.00 rough=0.000000 cond=3.252807 evap=5.910135 backs=0.770887
# CANT t=304.00 a_tag=1.0000 a_max=1.0000 xl_tag=0.4656 nlock=6 tune=23.585206
# REG t=304.00 tp n=7 rho=[0.344 0.523 0.584 0.983] gr=0.00543 fl=1.000 | ba n=25824 rho=[0.110 0.517 0.839 0.957] gr=0.00007 fl=0.926
t=  308.00 -1.07e-15 | 1.6636 16.36  22136   14  38535  38702 | 1.4296 14.89 | 4.82e-03 1.28e-02 |   4.2055 0.6022  1.8893  1.3284 1.000 15.50 | edge_dev mean=0.2360 max=0.4206 gg=0.4014 shape_dev=0.4078 xbar=0.2794 | T0 psi=(+0.016,+2.273,-2.016) ggm=0.000 circ=-0.2365 xUDD=(0.101,0.112,0.619) | T1 psi=(-0.052,+1.778,-1.133) ggm=0.000 circ=+0.4409 xUDD=(0.117,0.109,0.619) | sep=2.4796
# CONVTAG t=308.00 rough=0.000000 cond=3.252807 evap=5.910135 backs=0.770887
# CANT t=308.00 a_tag=1.0000 a_max=1.0000 xl_tag=0.4656 nlock=6 tune=23.814736
# REG t=308.00 tp n=7 rho=[0.241 0.531 0.583 0.993] gr=0.00370 fl=1.000 | ba n=25790 rho=[0.109 0.510 0.840 0.957] gr=0.00007 fl=0.927
t=  312.00 -1.07e-15 | 1.6637 16.35  22123   13  39099  39258 | 1.4294 14.89 | 6.08e-03 1.50e-02 |   4.2455 0.6079  1.8836  1.3342 1.000 15.83 | edge_dev mean=0.2286 max=0.4116 gg=0.3855 shape_dev=0.3882 xbar=0.2823 | T0 psi=(+0.014,-0.348,+0.461) ggm=0.000 circ=-0.2807 xUDD=(0.114,0.106,0.616) | T1 psi=(-0.070,-0.467,+1.196) ggm=0.028 circ=+0.4511 xUDD=(0.120,0.122,0.617) | sep=2.4928
# CONVTAG t=312.00 rough=0.000000 cond=3.252807 evap=5.910135 backs=0.770887
# CANT t=312.00 a_tag=1.0000 a_max=1.0000 xl_tag=0.4656 nlock=6 tune=24.036971
# REG t=312.00 tp n=7 rho=[0.178 0.531 0.580 0.988] gr=0.00282 fl=1.000 | ba n=25801 rho=[0.106 0.505 0.839 0.956] gr=0.00007 fl=0.926
t=  316.00 -9.36e-16 | 1.6643 16.35  22125    9  39670  39836 | 1.4293 14.88 | 6.19e-03 1.70e-02 |   4.2968 0.6153  1.8633  1.3482 1.000 15.83 | edge_dev mean=0.2200 max=0.3921 gg=0.3654 shape_dev=0.3802 xbar=0.2858 | T0 psi=(+0.010,-2.868,+2.992) ggm=0.000 circ=-0.3079 xUDD=(0.119,0.120,0.618) | T1 psi=(-0.124,-2.510,-3.093) ggm=0.000 circ=+0.4468 xUDD=(0.121,0.118,0.620) | sep=2.4927
# CONVTAG t=316.00 rough=0.000000 cond=3.252807 evap=5.910135 backs=0.770887
# CANT t=316.00 a_tag=1.0000 a_max=1.0000 xl_tag=0.4656 nlock=6 tune=24.271034
# REG t=316.00 tp n=7 rho=[0.204 0.560 0.563 0.978] gr=0.00256 fl=1.000 | ba n=25799 rho=[0.106 0.503 0.836 0.955] gr=0.00007 fl=0.927
t=  320.00 -9.36e-16 | 1.6644 16.35  22117   17  40219  40397 | 1.4292 14.89 | 4.83e-03 1.59e-02 |   4.3531 0.6234  1.8213  1.3649 1.000 16.17 | edge_dev mean=0.2084 max=0.3675 gg=0.3403 shape_dev=0.3493 xbar=0.2890 | T0 psi=(+0.020,+0.888,-0.809) ggm=0.040 circ=-0.3353 xUDD=(0.127,0.138,0.623) | T1 psi=(-0.078,+0.909,-0.500) ggm=0.162 circ=+0.4586 xUDD=(0.114,0.116,0.615) | sep=2.5117
# CONVTAG t=320.00 rough=0.000000 cond=3.252807 evap=5.910135 backs=0.770887
# CANT t=320.00 a_tag=1.0000 a_max=1.0000 xl_tag=0.4656 nlock=6 tune=24.524532
# REG t=320.00 tp n=7 rho=[0.350 0.563 0.568 0.985] gr=0.00381 fl=1.000 | ba n=25778 rho=[0.106 0.507 0.838 0.956] gr=0.00007 fl=0.927
t=  324.00 -9.36e-16 | 1.6639 16.33  22098   17  40812  41001 | 1.4288 14.87 | 5.02e-03 1.43e-02 |   4.3643 0.6250  1.8064  1.3620 1.000 16.17 | edge_dev mean=0.2136 max=0.3663 gg=0.3346 shape_dev=0.3597 xbar=0.2900 | T0 psi=(-0.070,+0.759,-0.438) ggm=0.036 circ=-0.2987 xUDD=(0.122,0.141,0.628) | T1 psi=(-0.037,-1.289,+1.723) ggm=0.000 circ=+0.5074 xUDD=(0.117,0.120,0.613) | sep=2.5080
# CONVTAG t=324.00 rough=0.000000 cond=3.252807 evap=5.910135 backs=0.770887
# CANT t=324.00 a_tag=1.0000 a_max=1.0000 xl_tag=0.4656 nlock=6 tune=24.785020
# REG t=324.00 tp n=7 rho=[0.316 0.563 0.740 0.993] gr=0.00291 fl=1.000 | ba n=25767 rho=[0.109 0.506 0.839 0.957] gr=0.00007 fl=0.928
t=  328.00 -9.36e-16 | 1.6640 16.35  22115   19  41428  41636 | 1.4290 14.87 | 6.41e-03 1.67e-02 |   4.3456 0.6223  1.8254  1.3599 1.000 16.00 | edge_dev mean=0.2210 max=0.3651 gg=0.3198 shape_dev=0.3680 xbar=0.2885 | T0 psi=(+0.117,-1.982,+1.936) ggm=0.000 circ=-0.3126 xUDD=(0.129,0.122,0.624) | T1 psi=(-0.101,-1.861,+2.564) ggm=0.000 circ=+0.4947 xUDD=(0.127,0.112,0.618) | sep=2.5064
# CONVTAG t=328.00 rough=0.000000 cond=3.252807 evap=5.910135 backs=0.770887
# CANT t=328.00 a_tag=1.0000 a_max=1.0000 xl_tag=0.4656 nlock=6 tune=25.021415
# REG t=328.00 tp n=7 rho=[0.296 0.563 0.886 0.996] gr=0.00294 fl=1.000 | ba n=25746 rho=[0.111 0.506 0.839 0.957] gr=0.00007 fl=0.928
t=  332.00 -9.36e-16 | 1.6638 16.35  22123   17  41951  42152 | 1.4290 14.87 | 3.82e-03 1.82e-02 |   3.7700 0.5399  1.8419  1.3573 1.000 15.83 | edge_dev mean=0.2288 max=0.3558 gg=0.3639 shape_dev=0.3574 xbar=0.2503 | T0 psi=(+0.037,+1.285,-1.777) ggm=0.004 circ=-0.3183 xUDD=(0.106,0.098,0.564) | T1 psi=(-0.117,+2.564,-2.217) ggm=0.000 circ=+0.5293 xUDD=(0.087,0.088,0.558) | sep=2.5219
# CONVTAG t=332.00 rough=0.000000 cond=3.252807 evap=6.517653 backs=0.850129
# CANT t=332.00 a_tag=1.0000 a_max=1.0000 xl_tag=0.4656 nlock=6 tune=25.477884
# REG t=332.00 tp n=7 rho=[0.555 0.801 0.842 0.992] gr=0.00285 fl=1.000 | ba n=25754 rho=[0.110 0.512 0.841 0.959] gr=0.00007 fl=0.928
t=  336.00 -9.36e-16 | 1.6636 16.36  22130   11  42471  42695 | 1.4291 14.86 | 5.80e-03 1.68e-02 |   3.8446 0.5505  1.8440  1.3564 1.000 16.00 | edge_dev mean=0.2259 max=0.3541 gg=0.4225 shape_dev=0.3578 xbar=0.2556 | T0 psi=(+0.047,-1.491,+1.092) ggm=0.000 circ=-0.3164 xUDD=(0.094,0.102,0.597) | T1 psi=(-0.094,-1.937,+2.103) ggm=0.000 circ=+0.5732 xUDD=(0.076,0.075,0.589) | sep=2.5198
# CONVTAG t=336.00 rough=0.000000 cond=3.252807 evap=6.517653 backs=0.850129
# CANT t=336.00 a_tag=1.0000 a_max=1.0000 xl_tag=0.4656 nlock=6 tune=25.706038
# REG t=336.00 tp n=7 rho=[0.556 0.662 0.769 0.984] gr=0.00280 fl=1.000 | ba n=25738 rho=[0.110 0.509 0.844 0.960] gr=0.00007 fl=0.928
t=  340.00 -9.36e-16 | 1.6637 16.34  22109   17  42981  43203 | 1.4288 14.86 | 1.52e-02 3.49e-02 |   4.0059 0.5736  1.8924  1.3409 1.000 16.17 | edge_dev mean=0.2290 max=0.3431 gg=0.3739 shape_dev=0.3616 xbar=0.2660 | T0 psi=(+0.004,+2.379,-2.701) ggm=0.000 circ=-0.3337 xUDD=(0.094,0.093,0.601) | T1 psi=(-0.140,+2.543,-1.880) ggm=0.000 circ=+0.5947 xUDD=(0.084,0.085,0.639) | sep=2.5154
# CONVTAG t=340.00 rough=0.000000 cond=3.429303 evap=6.517653 backs=0.850129
# CANT t=340.00 a_tag=1.0000 a_max=1.0000 xl_tag=0.4656 nlock=6 tune=25.938423
# REG t=340.00 tp n=7 rho=[0.556 0.581 0.769 0.986] gr=0.00247 fl=1.000 | ba n=25736 rho=[0.107 0.506 0.845 0.959] gr=0.00007 fl=0.927
t=  344.00 -9.36e-16 | 1.6635 16.33  22095   11  43522  43741 | 1.4286 14.85 | 8.49e-03 2.22e-02 |   4.0121 0.5745  1.8785  1.3300 1.000 16.17 | edge_dev mean=0.2269 max=0.3404 gg=0.3306 shape_dev=0.3650 xbar=0.2668 | T0 psi=(-0.160,+0.275,-0.269) ggm=0.011 circ=-0.3018 xUDD=(0.082,0.101,0.605) | T1 psi=(-0.156,+0.125,+0.587) ggm=0.529 circ=+0.5906 xUDD=(0.107,0.093,0.613) | sep=2.5116
# CONVTAG t=344.00 rough=0.000000 cond=3.429303 evap=6.517653 backs=0.850129
# CANT t=344.00 a_tag=1.0000 a_max=1.0000 xl_tag=0.4656 nlock=6 tune=26.154448
# REG t=344.00 tp n=7 rho=[0.535 0.564 0.770 0.991] gr=0.00166 fl=1.000 | ba n=25745 rho=[0.106 0.506 0.843 0.960] gr=0.00007 fl=0.927
t=  348.00 -9.36e-16 | 1.6632 16.32  22086    8  44051  44269 | 1.4285 14.85 | 9.28e-03 2.40e-02 |   4.2655 0.6108  1.8420  1.3092 1.000 16.00 | edge_dev mean=0.2277 max=0.3409 gg=0.3420 shape_dev=0.3623 xbar=0.2837 | T0 psi=(-0.090,-2.707,+2.962) ggm=0.000 circ=-0.2930 xUDD=(0.090,0.095,0.674) | T1 psi=(-0.168,-2.396,-2.980) ggm=0.000 circ=+0.5667 xUDD=(0.117,0.111,0.616) | sep=2.5118
# CONVTAG t=348.00 rough=0.000000 cond=3.604182 evap=6.517653 backs=0.850129
# CANT t=348.00 a_tag=1.0000 a_max=1.0000 xl_tag=0.4656 nlock=6 tune=26.386918
# REG t=348.00 tp n=7 rho=[0.479 0.564 0.772 0.994] gr=0.00111 fl=1.000 | ba n=25749 rho=[0.106 0.509 0.844 0.960] gr=0.00007 fl=0.927
t=  352.00 -9.36e-16 | 1.6633 16.34  22113   11  44647  44829 | 1.4289 14.86 | 7.21e-03 1.98e-02 |   4.2352 0.6065  1.8429  1.3398 1.000 16.33 | edge_dev mean=0.2200 max=0.3498 gg=0.4732 shape_dev=0.3610 xbar=0.2814 | T0 psi=(+0.003,+0.529,-0.706) ggm=0.048 circ=-0.3032 xUDD=(0.111,0.112,0.613) | T1 psi=(-0.144,+1.901,-1.083) ggm=0.000 circ=+0.5596 xUDD=(0.122,0.111,0.617) | sep=2.5112
# CONVTAG t=352.00 rough=0.000000 cond=3.604182 evap=6.517653 backs=0.850129
# CANT t=352.00 a_tag=1.0000 a_max=1.0000 xl_tag=0.4656 nlock=6 tune=26.689085
# REG t=352.00 tp n=7 rho=[0.429 0.564 0.775 0.990] gr=0.00075 fl=1.000 | ba n=25781 rho=[0.106 0.510 0.841 0.959] gr=0.00007 fl=0.926
t=  356.00 -9.36e-16 | 1.6635 16.34  22108   13  45207  45400 | 1.4289 14.87 | 6.18e-03 1.95e-02 |   4.0838 0.5848  1.8267  1.3580 1.000 15.83 | edge_dev mean=0.2152 max=0.3605 gg=0.3120 shape_dev=0.3597 xbar=0.2711 | T0 psi=(+0.044,-1.783,+1.562) ggm=0.000 circ=-0.3098 xUDD=(0.116,0.109,0.610) | T1 psi=(-0.238,-1.961,+2.477) ggm=0.000 circ=+0.5199 xUDD=(0.111,0.070,0.611) | sep=2.5104
# CONVTAG t=356.00 rough=0.000000 cond=3.604182 evap=6.517653 backs=0.850129
# CANT t=356.00 a_tag=1.0000 a_max=1.0000 xl_tag=0.4656 nlock=6 tune=26.925082
# REG t=356.00 tp n=7 rho=[0.416 0.591 0.779 0.977] gr=0.00058 fl=1.000 | ba n=25769 rho=[0.106 0.506 0.845 0.960] gr=0.00007 fl=0.926
t=  360.00 -9.36e-16 | 1.6634 16.34  22107   11  45760  45960 | 1.4288 14.86 | 1.02e-02 2.14e-02 |   4.2238 0.6048  1.8282  1.3428 1.000 15.83 | edge_dev mean=0.2244 max=0.3674 gg=0.3512 shape_dev=0.3776 xbar=0.2804 | T0 psi=(-0.001,+2.063,-2.142) ggm=0.000 circ=-0.2947 xUDD=(0.111,0.119,0.620) | T1 psi=(-0.036,+1.994,-1.322) ggm=0.000 circ=+0.5637 xUDD=(0.109,0.103,0.620) | sep=2.5009
# CONVTAG t=360.00 rough=0.000000 cond=3.604182 evap=6.517653 backs=0.850129
# CANT t=360.00 a_tag=1.0000 a_max=1.0000 xl_tag=0.4656 nlock=6 tune=27.149995
# REG t=360.00 tp n=7 rho=[0.454 0.595 0.826 0.992] gr=0.00049 fl=1.000 | ba n=25763 rho=[0.100 0.501 0.845 0.960] gr=0.00007 fl=0.926
t=  364.00 -9.36e-16 | 1.6639 16.34  22111   15  46266  46476 | 1.4290 14.87 | 9.10e-03 2.63e-02 |   4.5428 0.6505  1.7299  1.3795 1.000 15.83 | edge_dev mean=0.2110 max=0.3723 gg=0.3442 shape_dev=0.3477 xbar=0.3017 | T0 psi=(-0.013,+1.456,-1.089) ggm=0.017 circ=-0.2553 xUDD=(0.156,0.158,0.646) | T1 psi=(-0.052,-0.583,+1.213) ggm=0.002 circ=+0.5588 xUDD=(0.117,0.116,0.618) | sep=2.5130
# CONVTAG t=364.00 rough=0.000000 cond=3.872361 evap=6.517653 backs=0.850129
# CANT t=364.00 a_tag=1.0000 a_max=1.0000 xl_tag=0.4656 nlock=6 tune=27.495533
# REG t=364.00 tp n=7 rho=[0.379 0.564 0.718 0.985] gr=0.00114 fl=1.000 | ba n=25750 rho=[0.103 0.506 0.846 0.958] gr=0.00007 fl=0.927
t=  368.00 -8.03e-16 | 1.6642 16.36  22129   18  46824  46998 | 1.4293 14.88 | 6.27e-03 1.69e-02 |   4.5615 0.6532  1.7154  1.3841 1.000 15.83 | edge_dev mean=0.2060 max=0.3675 gg=0.3291 shape_dev=0.3198 xbar=0.3030 | T0 psi=(+0.111,-1.732,+1.807) ggm=0.000 circ=-0.2529 xUDD=(0.158,0.168,0.646) | T1 psi=(+0.063,-2.928,-3.028) ggm=0.000 circ=+0.5861 xUDD=(0.109,0.120,0.618) | sep=2.5291
# CONVTAG t=368.00 rough=0.000000 cond=3.872361 evap=6.517653 backs=0.850129
# CANT t=368.00 a_tag=1.0000 a_max=1.0000 xl_tag=0.4656 nlock=6 tune=27.776376
# REG t=368.00 tp n=7 rho=[0.337 0.540 0.567 0.989] gr=0.00188 fl=1.000 | ba n=25783 rho=[0.103 0.511 0.842 0.959] gr=0.00007 fl=0.926
t=  372.00 -9.36e-16 | 1.6641 16.35  22121   14  47367  47577 | 1.4291 14.87 | 7.34e-03 1.96e-02 |   4.7513 0.6804  1.7613  1.3632 1.000 16.00 | edge_dev mean=0.2061 max=0.3713 gg=0.3577 shape_dev=0.3311 xbar=0.3158 | T0 psi=(+0.009,+1.226,-0.946) ggm=0.033 circ=-0.2936 xUDD=(0.161,0.151,0.649) | T1 psi=(+0.117,-2.928,-2.689) ggm=0.000 circ=+0.6085 xUDD=(0.143,0.157,0.635) | sep=2.5207
# CONVTAG t=372.00 rough=0.000000 cond=3.872361 evap=6.517653 backs=0.850129
# CANT t=372.00 a_tag=1.0000 a_max=1.0000 xl_tag=0.4656 nlock=6 tune=28.058854
# REG t=372.00 tp n=7 rho=[0.328 0.524 0.540 0.997] gr=0.00219 fl=1.000 | ba n=25749 rho=[0.105 0.508 0.844 0.958] gr=0.00007 fl=0.928
t=  376.00 -9.36e-16 | 1.6643 16.34  22106   15  47929  48131 | 1.4288 14.86 | 1.19e-02 3.13e-02 |   4.6298 0.6630  1.8012  1.3721 1.000 15.83 | edge_dev mean=0.1962 max=0.3847 gg=0.4040 shape_dev=0.3156 xbar=0.3077 | T0 psi=(+0.001,+1.119,-0.854) ggm=0.037 circ=-0.3585 xUDD=(0.143,0.138,0.637) | T1 psi=(-0.096,+0.562,+0.008) ggm=0.648 circ=+0.6083 xUDD=(0.147,0.148,0.633) | sep=2.5260
# CONVTAG t=376.00 rough=0.000000 cond=3.872361 evap=6.517653 backs=0.850129
# CANT t=376.00 a_tag=1.0000 a_max=1.0000 xl_tag=0.4656 nlock=6 tune=28.333163
# REG t=376.00 tp n=7 rho=[0.182 0.560 0.822 0.994] gr=0.00515 fl=1.000 | ba n=25756 rho=[0.105 0.509 0.843 0.958] gr=0.00007 fl=0.928
t=  380.00 -9.36e-16 | 1.6644 16.34  22110   15  48498  48685 | 1.4289 14.86 | 7.76e-03 2.27e-02 |   4.5935 0.6578  1.8052  1.3804 1.000 15.83 | edge_dev mean=0.1911 max=0.3903 gg=0.4816 shape_dev=0.3201 xbar=0.3054 | T0 psi=(-0.049,+1.088,-0.757) ggm=0.037 circ=-0.3571 xUDD=(0.145,0.136,0.629) | T1 psi=(-0.095,+0.241,+0.135) ggm=0.831 circ=+0.5280 xUDD=(0.149,0.147,0.626) | sep=2.5207
# CONVTAG t=380.00 rough=0.000000 cond=3.872361 evap=6.517653 backs=0.850129
# CANT t=380.00 a_tag=1.0000 a_max=1.0000 xl_tag=0.4656 nlock=6 tune=28.603829
# REG t=380.00 tp n=7 rho=[0.454 0.623 0.780 0.993] gr=0.00948 fl=1.000 | ba n=25770 rho=[0.105 0.508 0.844 0.958] gr=0.00007 fl=0.927
t=  384.00 -9.36e-16 | 1.6643 16.32  22085   15  49056  49214 | 1.4285 14.85 | 8.02e-03 2.10e-02 |   4.6210 0.6617  1.7987  1.3887 1.000 15.83 | edge_dev mean=0.1800 max=0.3874 gg=0.4810 shape_dev=0.3161 xbar=0.3073 | T0 psi=(-0.047,+1.175,-0.957) ggm=0.021 circ=-0.3304 xUDD=(0.136,0.153,0.631) | T1 psi=(-0.082,+0.121,+0.057) ggm=0.938 circ=+0.4501 xUDD=(0.152,0.141,0.631) | sep=2.5188
# CONVTAG t=384.00 rough=0.000000 cond=3.872361 evap=6.517653 backs=0.850129
# CANT t=384.00 a_tag=1.0000 a_max=1.0000 xl_tag=0.4656 nlock=6 tune=28.892828
# REG t=384.00 tp n=7 rho=[0.496 0.674 0.750 0.984] gr=0.01423 fl=1.000 | ba n=25800 rho=[0.101 0.510 0.841 0.959] gr=0.00007 fl=0.926
t=  388.00 -9.36e-16 | 1.6646 16.33  22089   13  49593  49750 | 1.4286 14.86 | 5.65e-03 1.65e-02 |   4.6493 0.6658  1.7543  1.3719 1.000 16.17 | edge_dev mean=0.1916 max=0.3574 gg=0.3687 shape_dev=0.3413 xbar=0.3085 | T0 psi=(-0.029,+0.691,-0.570) ggm=0.029 circ=-0.3374 xUDD=(0.161,0.154,0.635) | T1 psi=(-0.062,-1.670,+2.218) ggm=0.000 circ=+0.3985 xUDD=(0.130,0.135,0.635) | sep=2.5032
# CONVTAG t=388.00 rough=0.000000 cond=3.872361 evap=6.517653 backs=0.850129
# CANT t=388.00 a_tag=1.0000 a_max=1.0000 xl_tag=0.4656 nlock=6 tune=29.175627
# REG t=388.00 tp n=7 rho=[0.497 0.626 0.633 0.975] gr=0.01227 fl=1.000 | ba n=25803 rho=[0.102 0.503 0.845 0.960] gr=0.00007 fl=0.925
t=  392.00 -9.36e-16 | 1.6646 16.33  22095   13  50121  50284 | 1.4287 14.86 | 4.82e-03 1.69e-02 |   4.7660 0.6825  1.7557  1.3752 1.000 16.00 | edge_dev mean=0.1919 max=0.3637 gg=0.4825 shape_dev=0.3417 xbar=0.3164 | T0 psi=(+0.008,+0.359,-0.174) ggm=0.004 circ=-0.3554 xUDD=(0.164,0.168,0.641) | T1 psi=(-0.036,-2.617,-3.007) ggm=0.000 circ=+0.4191 xUDD=(0.146,0.143,0.636) | sep=2.5044
# CONVTAG t=392.00 rough=0.000000 cond=3.872361 evap=6.517653 backs=0.850129
# CANT t=392.00 a_tag=1.0000 a_max=1.0000 xl_tag=0.4656 nlock=6 tune=29.446614
# REG t=392.00 tp n=7 rho=[0.497 0.625 0.716 0.987] gr=0.00836 fl=1.000 | ba n=25798 rho=[0.102 0.497 0.843 0.958] gr=0.00007 fl=0.926
t=  396.00 -9.36e-16 | 1.6646 16.31  22064   14  50688  50843 | 1.4283 14.85 | 6.69e-03 2.18e-02 |   4.7453 0.6795  1.7461  1.3858 1.000 16.17 | edge_dev mean=0.1942 max=0.3767 gg=0.3672 shape_dev=0.3157 xbar=0.3151 | T0 psi=(-0.004,-1.294,+1.547) ggm=0.000 circ=-0.3753 xUDD=(0.164,0.174,0.643) | T1 psi=(-0.035,-2.628,+3.120) ggm=0.000 circ=+0.4228 xUDD=(0.143,0.140,0.627) | sep=2.5197
# CONVTAG t=396.00 rough=0.000000 cond=3.872361 evap=6.517653 backs=0.850129
# CANT t=396.00 a_tag=1.0000 a_max=1.0000 xl_tag=0.4656 nlock=6 tune=29.735970
# REG t=396.00 tp n=7 rho=[0.497 0.630 0.723 0.991] gr=0.00617 fl=1.000 | ba n=25803 rho=[0.101 0.494 0.843 0.959] gr=0.00007 fl=0.926
t=  400.00 -9.36e-16 | 1.6646 16.34  22114   14  51244  51387 | 1.4290 14.86 | 5.29e-03 1.84e-02 |   4.5361 0.6496  1.8251  1.3647 1.000 16.17 | edge_dev mean=0.2004 max=0.3827 gg=0.3276 shape_dev=0.3053 xbar=0.3010 | T0 psi=(+0.113,+2.674,-2.794) ggm=0.000 circ=-0.4070 xUDD=(0.150,0.117,0.641) | T1 psi=(-0.060,-2.889,-2.893) ggm=0.000 circ=+0.4240 xUDD=(0.134,0.137,0.627) | sep=2.5329
# CONVTAG t=400.00 rough=0.000000 cond=3.872361 evap=6.517653 backs=0.850129
# CANT t=400.00 a_tag=1.0000 a_max=1.0000 xl_tag=0.4656 nlock=6 tune=30.053938
# REG t=400.00 tp n=7 rho=[0.497 0.598 0.805 0.987] gr=0.00491 fl=1.000 | ba n=25813 rho=[0.101 0.498 0.844 0.958] gr=0.00007 fl=0.925
t=  404.00 -9.36e-16 | 1.6647 16.35  22115   15  51704  51882 | 1.4291 14.87 | 1.07e-02 2.50e-02 |   3.8652 0.5535  1.8926  1.3349 1.000 16.33 | edge_dev mean=0.2169 max=0.3710 gg=0.4018 shape_dev=0.2934 xbar=0.2567 | T0 psi=(-0.045,-1.340,+0.950) ggm=0.000 circ=-0.4016 xUDD=(0.092,0.085,0.597) | T1 psi=(-0.014,+0.686,-0.691) ggm=0.372 circ=+0.4357 xUDD=(0.090,0.092,0.583) | sep=2.5476
# CONVTAG t=404.00 rough=0.000000 cond=3.872361 evap=7.120612 backs=0.928775
# CANT t=404.00 a_tag=1.0000 a_max=1.0000 xl_tag=0.4656 nlock=6 tune=30.559967
# REG t=404.00 tp n=7 rho=[0.470 0.624 0.817 0.991] gr=0.00402 fl=1.000 | ba n=25778 rho=[0.103 0.497 0.841 0.958] gr=0.00007 fl=0.927
t=  408.00 -9.36e-16 | 1.6645 16.33  22096   19  52205  52377 | 1.4289 14.87 | 5.58e-03 1.92e-02 |   3.7994 0.5441  1.9368  1.3201 1.000 16.50 | edge_dev mean=0.2181 max=0.3689 gg=0.4207 shape_dev=0.2912 xbar=0.2531 | T0 psi=(-0.070,+1.822,-2.313) ggm=0.000 circ=-0.3988 xUDD=(0.080,0.077,0.597) | T1 psi=(-0.065,+1.786,-1.706) ggm=0.000 circ=+0.4366 xUDD=(0.080,0.089,0.596) | sep=2.5477
# CONVTAG t=408.00 rough=0.000000 cond=3.872361 evap=7.120612 backs=0.928775
# CANT t=408.00 a_tag=1.0000 a_max=1.0000 xl_tag=0.4656 nlock=6 tune=30.736941
# REG t=408.00 tp n=7 rho=[0.428 0.538 0.817 0.993] gr=0.00349 fl=1.000 | ba n=25780 rho=[0.100 0.491 0.842 0.958] gr=0.00007 fl=0.927
t=  412.00 -9.36e-16 | 1.6645 16.33  22094   17  52701  52883 | 1.4288 14.86 | 3.21e-03 1.66e-02 |   3.7661 0.5393  1.9463  1.3124 1.000 16.00 | edge_dev mean=0.2150 max=0.3603 gg=0.3719 shape_dev=0.2915 xbar=0.2507 | T0 psi=(-0.058,-0.600,-0.055) ggm=0.000 circ=-0.3497 xUDD=(0.072,0.085,0.594) | T1 psi=(-0.088,-0.323,+0.310) ggm=0.007 circ=+0.4072 xUDD=(0.087,0.074,0.592) | sep=2.5391
# CONVTAG t=412.00 rough=0.000000 cond=3.872361 evap=7.120612 backs=0.928775
# CANT t=412.00 a_tag=1.0000 a_max=1.0000 xl_tag=0.4656 nlock=6 tune=30.910683
# REG t=412.00 tp n=7 rho=[0.428 0.497 0.818 0.997] gr=0.00308 fl=1.000 | ba n=25770 rho=[0.098 0.491 0.840 0.958] gr=0.00007 fl=0.927
t=  416.00 -9.36e-16 | 1.6643 16.34  22112   24  53262  53414 | 1.4291 14.87 | 5.89e-03 1.68e-02 |   4.2183 0.6041  1.8199  1.3522 1.000 16.00 | edge_dev mean=0.2103 max=0.3670 gg=0.3278 shape_dev=0.2965 xbar=0.2804 | T0 psi=(+0.080,-2.931,+2.527) ggm=0.000 circ=-0.3230 xUDD=(0.139,0.121,0.630) | T1 psi=(-0.065,-2.805,+3.054) ggm=0.000 circ=+0.4005 xUDD=(0.090,0.106,0.595) | sep=2.5270
# CONVTAG t=416.00 rough=0.000000 cond=4.151247 evap=7.120612 backs=0.928775
# CANT t=416.00 a_tag=1.0000 a_max=1.0000 xl_tag=0.4656 nlock=6 tune=31.231393
# REG t=416.00 tp n=7 rho=[0.428 0.494 0.821 0.986] gr=0.00274 fl=1.000 | ba n=25793 rho=[0.097 0.493 0.844 0.959] gr=0.00007 fl=0.925
t=  420.00 -9.36e-16 | 1.6645 16.32  22083   17  53814  53987 | 1.4289 14.88 | 5.44e-03 1.47e-02 |   4.1768 0.5981  1.8526  1.3321 1.000 16.33 | edge_dev mean=0.2182 max=0.4021 gg=0.3421 shape_dev=0.3163 xbar=0.2772 | T0 psi=(+0.014,+0.789,-1.173) ggm=0.031 circ=-0.3472 xUDD=(0.128,0.112,0.629) | T1 psi=(-0.027,+0.805,-0.423) ggm=0.086 circ=+0.3578 xUDD=(0.095,0.096,0.602) | sep=2.5103
# CONVTAG t=420.00 rough=0.000000 cond=4.405887 evap=7.568162 backs=0.987152
# CANT t=420.00 a_tag=1.0000 a_max=1.0000 xl_tag=0.4656 nlock=6 tune=31.485944
# REG t=420.00 tp n=7 rho=[0.410 0.489 0.946 0.995] gr=0.00270 fl=1.000 | ba n=25777 rho=[0.096 0.488 0.837 0.957] gr=0.00007 fl=0.925
t=  424.00 -9.36e-16 | 1.6645 16.32  22083   22  54337  54512 | 1.4289 14.88 | 4.32e-03 1.46e-02 |   4.4667 0.6396  1.8516  1.3261 1.000 15.83 | edge_dev mean=0.2151 max=0.4503 gg=0.4189 shape_dev=0.3370 xbar=0.2971 | T0 psi=(-0.049,+0.893,-1.034) ggm=0.017 circ=-0.3359 xUDD=(0.135,0.144,0.641) | T1 psi=(-0.167,+0.214,+0.677) ggm=0.000 circ=+0.3508 xUDD=(0.103,0.129,0.632) | sep=2.4816
# CONVTAG t=424.00 rough=0.000000 cond=4.678932 evap=7.568162 backs=0.987152
# CANT t=424.00 a_tag=1.0000 a_max=1.0000 xl_tag=0.4656 nlock=6 tune=31.845938
# REG t=424.00 tp n=7 rho=[0.299 0.428 0.884 0.996] gr=0.00234 fl=1.000 | ba n=25770 rho=[0.094 0.489 0.840 0.957] gr=0.00007 fl=0.925
t=  428.00 -9.36e-16 | 1.6645 16.37  22142   14  54852  55063 | 1.4297 14.88 | 5.40e-03 1.67e-02 |   4.7804 0.6845  1.8673  1.3276 1.000 15.83 | edge_dev mean=0.2007 max=0.4420 gg=0.3407 shape_dev=0.3475 xbar=0.3175 | T0 psi=(+0.015,+0.558,-0.764) ggm=0.022 circ=-0.3972 xUDD=(0.148,0.155,0.643) | T1 psi=(+0.004,-2.595,-2.826) ggm=0.000 circ=+0.2946 xUDD=(0.139,0.152,0.668) | sep=2.4649
# CONVTAG t=428.00 rough=0.000000 cond=4.851252 evap=7.568162 backs=0.987152
# CANT t=428.00 a_tag=1.0000 a_max=1.0000 xl_tag=0.4656 nlock=6 tune=32.137892
# REG t=428.00 tp n=7 rho=[0.320 0.498 0.813 0.990] gr=0.00562 fl=1.000 | ba n=25743 rho=[0.096 0.488 0.839 0.958] gr=0.00007 fl=0.928
t=  432.00 -9.36e-16 | 1.6645 16.36  22139   16  55341  55507 | 1.4296 14.88 | 1.13e-02 2.74e-02 |   4.9022 0.7020  1.8383  1.3253 1.000 15.50 | edge_dev mean=0.1869 max=0.4628 gg=0.4703 shape_dev=0.3510 xbar=0.3257 | T0 psi=(+0.055,+0.472,-0.871) ggm=0.066 circ=-0.4363 xUDD=(0.160,0.160,0.646) | T1 psi=(+0.016,+2.209,-1.315) ggm=0.000 circ=+0.2575 xUDD=(0.177,0.161,0.651) | sep=2.4512
# CONVTAG t=432.00 rough=0.000000 cond=4.851252 evap=7.568162 backs=0.987152
# CANT t=432.00 a_tag=1.0000 a_max=1.0000 xl_tag=0.4656 nlock=6 tune=32.436435
# REG t=432.00 tp n=7 rho=[0.480 0.550 0.650 0.991] gr=0.00587 fl=1.000 | ba n=25786 rho=[0.094 0.492 0.840 0.960] gr=0.00007 fl=0.926
t=  436.00 -9.36e-16 | 1.6647 16.35  22127   14  55853  56008 | 1.4295 14.88 | 8.85e-03 2.12e-02 |   5.2383 0.7501  1.7691  1.3203 1.000 15.33 | edge_dev mean=0.1871 max=0.4694 gg=0.2833 shape_dev=0.3571 xbar=0.3482 | T0 psi=(+0.161,+0.297,-0.222) ggm=0.008 circ=-0.4736 xUDD=(0.173,0.183,0.734) | T1 psi=(-0.302,-2.847,-1.939) ggm=0.000 circ=+0.2111 xUDD=(0.177,0.164,0.659) | sep=2.4450
# CONVTAG t=436.00 rough=0.000000 cond=5.019940 evap=7.568162 backs=0.987152
# CANT t=436.00 a_tag=1.0000 a_max=1.0000 xl_tag=0.4656 nlock=6 tune=32.748031
# REG t=436.00 tp n=7 rho=[0.431 0.652 0.770 0.988] gr=0.00508 fl=1.000 | ba n=25800 rho=[0.092 0.489 0.838 0.959] gr=0.00007 fl=0.927
t=  440.00 -9.36e-16 | 1.6646 16.36  22129   21  56386  56505 | 1.4294 14.87 | 1.41e-02 3.30e-02 |   5.1624 0.7392  1.7887  1.3311 1.000 15.17 | edge_dev mean=0.1846 max=0.4679 gg=0.2673 shape_dev=0.3657 xbar=0.3431 | T0 psi=(-0.276,-0.389,+1.125) ggm=0.000 circ=-0.4873 xUDD=(0.189,0.172,0.677) | T1 psi=(+0.020,+1.206,-0.260) ggm=0.001 circ=+0.1674 xUDD=(0.175,0.180,0.666) | sep=2.4381
# CONVTAG t=440.00 rough=0.000000 cond=5.019940 evap=7.568162 backs=0.987152
# CANT t=440.00 a_tag=1.0000 a_max=1.0000 xl_tag=0.4656 nlock=6 tune=33.106495
# REG t=440.00 tp n=7 rho=[0.415 0.609 0.664 0.983] gr=0.00666 fl=1.000 | ba n=25829 rho=[0.093 0.490 0.838 0.958] gr=0.00007 fl=0.927
t=  444.00 -9.36e-16 | 1.6643 16.33  22100   18  56894  57023 | 1.4289 14.86 | 4.84e-03 1.63e-02 |   5.0483 0.7229  1.8256  1.3206 1.000 15.17 | edge_dev mean=0.1876 max=0.4901 gg=0.2743 shape_dev=0.3475 xbar=0.3356 | T0 psi=(+0.039,-3.130,+2.999) ggm=0.000 circ=-0.4562 xUDD=(0.164,0.162,0.666) | T1 psi=(+0.265,+0.170,+0.290) ggm=0.000 circ=+0.1868 xUDD=(0.166,0.184,0.672) | sep=2.4507
# CONVTAG t=444.00 rough=0.000000 cond=5.019940 evap=7.568162 backs=0.987152
# CANT t=444.00 a_tag=1.0000 a_max=1.0000 xl_tag=0.4656 nlock=6 tune=33.461585
# REG t=444.00 tp n=7 rho=[0.412 0.664 0.721 0.997] gr=0.00530 fl=1.000 | ba n=25823 rho=[0.093 0.490 0.837 0.958] gr=0.00007 fl=0.926
t=  448.00 -8.03e-16 | 1.6644 16.36  22132   11  57374  57517 | 1.4293 14.86 | 6.24e-03 1.77e-02 |   4.9245 0.7052  1.8504  1.3110 1.000 15.17 | edge_dev mean=0.1931 max=0.4904 gg=0.3277 shape_dev=0.3421 xbar=0.3268 | T0 psi=(+0.053,+0.691,-1.052) ggm=0.051 circ=-0.4489 xUDD=(0.148,0.147,0.663) | T1 psi=(+0.077,-1.745,+2.546) ggm=0.000 circ=+0.2458 xUDD=(0.154,0.173,0.676) | sep=2.4569
# CONVTAG t=448.00 rough=0.000000 cond=5.019940 evap=7.568162 backs=0.987152
# CANT t=448.00 a_tag=1.0000 a_max=1.0000 xl_tag=0.4656 nlock=6 tune=33.812148
# REG t=448.00 tp n=7 rho=[0.219 0.674 0.714 0.979] gr=0.00392 fl=1.000 | ba n=25815 rho=[0.093 0.493 0.838 0.959] gr=0.00007 fl=0.927
t=  452.00 -9.36e-16 | 1.6647 16.35  22123   15  57888  58033 | 1.4292 14.87 | 9.78e-03 2.34e-02 |   4.7269 0.6769  1.8908  1.2986 1.000 15.50 | edge_dev mean=0.1940 max=0.4847 gg=0.3316 shape_dev=0.3341 xbar=0.3137 | T0 psi=(+0.021,-2.109,+1.768) ggm=0.000 circ=-0.4386 xUDD=(0.125,0.130,0.644) | T1 psi=(+0.043,-1.915,+2.636) ggm=0.000 circ=+0.2559 xUDD=(0.157,0.167,0.660) | sep=2.4684
# CONVTAG t=452.00 rough=0.000000 cond=5.019940 evap=7.568162 backs=0.987152
# CANT t=452.00 a_tag=1.0000 a_max=1.0000 xl_tag=0.4656 nlock=6 tune=34.122110
# REG t=452.00 tp n=7 rho=[0.219 0.551 0.672 0.980] gr=0.00462 fl=1.000 | ba n=25809 rho=[0.098 0.488 0.839 0.958] gr=0.00007 fl=0.927
t=  456.00 -9.36e-16 | 1.6645 16.32  22084   11  58392  58544 | 1.4286 14.86 | 1.09e-02 2.20e-02 |   4.6922 0.6719  1.8989  1.3026 1.000 15.67 | edge_dev mean=0.1979 max=0.4934 gg=0.3335 shape_dev=0.3248 xbar=0.3116 | T0 psi=(+0.026,+1.555,-1.934) ggm=0.001 circ=-0.4347 xUDD=(0.122,0.132,0.639) | T1 psi=(+0.001,+1.767,-0.972) ggm=0.000 circ=+0.2783 xUDD=(0.156,0.162,0.659) | sep=2.4760
# CONVTAG t=456.00 rough=0.000000 cond=5.019940 evap=7.568162 backs=0.987152
# CANT t=456.00 a_tag=1.0000 a_max=1.0000 xl_tag=0.4656 nlock=6 tune=34.410588
# REG t=456.00 tp n=7 rho=[0.297 0.551 0.672 0.982] gr=0.00503 fl=1.000 | ba n=25808 rho=[0.097 0.491 0.840 0.959] gr=0.00007 fl=0.928
t=  460.00 -9.36e-16 | 1.6647 16.34  22113   21  58934  59090 | 1.4289 14.85 | 1.02e-02 3.00e-02 |   4.6550 0.6666  1.8751  1.3179 1.000 15.83 | edge_dev mean=0.1992 max=0.4877 gg=0.3300 shape_dev=0.3144 xbar=0.3093 | T0 psi=(+0.063,-0.669,+0.179) ggm=0.000 circ=-0.4697 xUDD=(0.133,0.129,0.636) | T1 psi=(-0.085,+1.561,-0.701) ggm=0.001 circ=+0.2629 xUDD=(0.155,0.148,0.653) | sep=2.4831
# CONVTAG t=460.00 rough=0.000000 cond=5.019940 evap=7.568162 backs=0.987152
# CANT t=460.00 a_tag=1.0000 a_max=1.0000 xl_tag=0.4656 nlock=6 tune=34.693744
# REG t=460.00 tp n=7 rho=[0.272 0.637 0.672 0.993] gr=0.00357 fl=1.000 | ba n=25794 rho=[0.098 0.493 0.841 0.959] gr=0.00007 fl=0.928
t=  464.00 -9.36e-16 | 1.6648 16.33  22101   14  59504  59658 | 1.4285 14.83 | 6.99e-03 1.73e-02 |   4.2293 0.6056  1.8212  1.3296 1.000 16.00 | edge_dev mean=0.2036 max=0.4791 gg=0.3892 shape_dev=0.3037 xbar=0.2811 | T0 psi=(-0.080,-1.744,+1.344) ggm=0.000 circ=-0.5077 xUDD=(0.127,0.121,0.612) | T1 psi=(-0.061,+3.057,-2.859) ggm=0.000 circ=+0.2528 xUDD=(0.126,0.115,0.586) | sep=2.4938
# CONVTAG t=464.00 rough=0.000000 cond=5.191469 evap=8.169093 backs=1.065534
# CANT t=464.00 a_tag=1.0000 a_max=1.0000 xl_tag=0.4656 nlock=6 tune=35.099930
# REG t=464.00 tp n=7 rho=[0.288 0.377 0.510 0.992] gr=0.00248 fl=1.000 | ba n=25802 rho=[0.096 0.495 0.843 0.960] gr=0.00007 fl=0.928
t=  468.00 -9.36e-16 | 1.6650 16.31  22069   15  60035  60179 | 1.4281 14.82 | 9.05e-03 2.26e-02 |   4.5272 0.6483  1.8657  1.4558 1.000 15.83 | edge_dev mean=0.1892 max=0.4521 gg=0.2897 shape_dev=0.2821 xbar=0.3257 | T0 psi=(+0.025,-0.097,-0.412) ggm=0.006 circ=-0.4698 xUDD=(0.194,0.204,0.640) | T1 psi=(-0.330,-3.074,-2.175) ggm=0.000 circ=+0.2380 xUDD=(0.132,0.148,0.637) | sep=2.5083
# CONVTAG t=468.00 rough=0.000000 cond=5.456531 evap=8.169093 backs=1.065534
# CANT t=468.00 a_tag=1.0000 a_max=1.0000 xl_tag=0.4656 nlock=6 tune=35.583119
# REG t=468.00 tp n=7 rho=[0.213 0.360 0.677 0.991] gr=0.00285 fl=1.000 | ba n=25811 rho=[0.094 0.492 0.843 0.960] gr=0.00007 fl=0.927
t=  472.00 -9.36e-16 | 1.6649 16.31  22072    7  60589  60729 | 1.4282 14.83 | 5.11e-03 1.53e-02 |   4.5363 0.6496  1.8519  1.3433 1.000 15.83 | edge_dev mean=0.1892 max=0.4362 gg=0.3093 shape_dev=0.2457 xbar=0.3015 | T0 psi=(-0.128,-0.717,+0.377) ggm=0.000 circ=-0.4843 xUDD=(0.127,0.139,0.636) | T1 psi=(-0.172,+1.004,-0.198) ggm=0.003 circ=+0.1986 xUDD=(0.131,0.141,0.635) | sep=2.5364
# CONVTAG t=472.00 rough=0.000000 cond=5.456531 evap=8.169093 backs=1.065534
# CANT t=472.00 a_tag=1.0000 a_max=1.0000 xl_tag=0.4656 nlock=6 tune=35.859473
# REG t=472.00 tp n=7 rho=[0.246 0.484 0.541 0.991] gr=0.00774 fl=1.000 | ba n=25826 rho=[0.097 0.499 0.842 0.960] gr=0.00007 fl=0.926
t=  476.00 -9.36e-16 | 1.6647 16.32  22081   23  61085  61257 | 1.4283 14.83 | 3.99e-03 1.24e-02 |   4.6484 0.6656  1.7949  1.3764 1.000 16.00 | edge_dev mean=0.1941 max=0.4544 gg=0.3882 shape_dev=0.2215 xbar=0.3087 | T0 psi=(+0.090,+2.467,-2.998) ggm=0.000 circ=-0.4858 xUDD=(0.157,0.158,0.640) | T1 psi=(-0.002,-0.124,+0.689) ggm=0.000 circ=+0.2198 xUDD=(0.132,0.133,0.633) | sep=2.5544
# CONVTAG t=476.00 rough=0.000000 cond=5.456531 evap=8.169093 backs=1.065534
# CANT t=476.00 a_tag=1.0000 a_max=1.0000 xl_tag=0.4656 nlock=6 tune=36.118438
# REG t=476.00 tp n=7 rho=[0.397 0.445 0.481 0.993] gr=0.00534 fl=1.000 | ba n=25778 rho=[0.099 0.501 0.845 0.960] gr=0.00007 fl=0.928
t=  480.00 -9.36e-16 | 1.6648 16.35  22116   17  61678  61874 | 1.4287 14.83 | 1.01e-02 2.56e-02 |   4.6612 0.6675  1.7921  1.3838 1.000 15.83 | edge_dev mean=0.1948 max=0.4516 gg=0.2621 shape_dev=0.1977 xbar=0.3098 | T0 psi=(+0.120,+0.337,-0.986) ggm=0.028 circ=-0.5041 xUDD=(0.152,0.167,0.648) | T1 psi=(+0.288,-0.672,+0.598) ggm=0.000 circ=+0.2265 xUDD=(0.143,0.123,0.626) | sep=2.5682
# CONVTAG t=480.00 rough=0.000000 cond=5.456531 evap=8.169093 backs=1.065534
# CANT t=480.00 a_tag=1.0000 a_max=1.0000 xl_tag=0.4656 nlock=6 tune=36.420755
# REG t=480.00 tp n=7 rho=[0.431 0.463 0.501 0.999] gr=0.00358 fl=1.000 | ba n=25760 rho=[0.105 0.504 0.843 0.960] gr=0.00007 fl=0.929
t=  484.00 -9.36e-16 | 1.6650 16.36  22134   18  62245  62445 | 1.4290 14.83 | 6.55e-03 1.67e-02 |   4.5370 0.6497  1.8817  1.3644 1.000 15.67 | edge_dev mean=0.1923 max=0.4365 gg=0.3275 shape_dev=0.1771 xbar=0.3027 | T0 psi=(-0.071,-0.666,-0.045) ggm=0.000 circ=-0.5058 xUDD=(0.134,0.131,0.628) | T1 psi=(-0.030,-1.883,+2.467) ggm=0.000 circ=+0.2331 xUDD=(0.143,0.151,0.628) | sep=2.5834
# CONVTAG t=484.00 rough=0.000000 cond=5.456531 evap=8.169093 backs=1.065534
# CANT t=484.00 a_tag=1.0000 a_max=1.0000 xl_tag=0.4656 nlock=6 tune=36.704813
# REG t=484.00 tp n=7 rho=[0.213 0.497 0.704 0.997] gr=0.00333 fl=1.000 | ba n=25755 rho=[0.106 0.506 0.845 0.960] gr=0.00007 fl=0.929
t=  488.00 -9.36e-16 | 1.6649 16.35  22122   20  62814  62994 | 1.4288 14.83 | 3.91e-03 1.29e-02 |   4.4562 0.6381  1.9779  1.3125 1.000 16.00 | edge_dev mean=0.1892 max=0.4430 gg=0.3805 shape_dev=0.2199 xbar=0.2957 | T0 psi=(+0.021,+2.299,+3.095) ggm=0.000 circ=-0.5091 xUDD=(0.110,0.094,0.622) | T1 psi=(+0.013,-2.488,-3.115) ggm=0.000 circ=+0.2295 xUDD=(0.164,0.151,0.634) | sep=2.5615
# CONVTAG t=488.00 rough=0.000000 cond=5.456531 evap=8.169093 backs=1.065534
# CANT t=488.00 a_tag=1.0000 a_max=1.0000 xl_tag=0.4656 nlock=6 tune=37.009664
# REG t=488.00 tp n=7 rho=[0.251 0.501 0.524 0.999] gr=0.00230 fl=1.000 | ba n=25771 rho=[0.105 0.509 0.846 0.960] gr=0.00007 fl=0.928
t=  492.00 -9.36e-16 | 1.6648 16.34  22106   13  63361  63546 | 1.4286 14.83 | 5.81e-03 1.28e-02 |   4.5496 0.6515  1.9420  1.3344 1.000 16.00 | edge_dev mean=0.1982 max=0.4545 gg=0.3336 shape_dev=0.2095 xbar=0.3016 | T0 psi=(+0.092,+0.456,-1.366) ggm=0.034 circ=-0.5607 xUDD=(0.119,0.120,0.619) | T1 psi=(-0.047,+2.470,-1.503) ggm=0.000 circ=+0.1686 xUDD=(0.164,0.141,0.647) | sep=2.5692
# CONVTAG t=492.00 rough=0.000000 cond=5.456531 evap=8.169093 backs=1.065534
# CANT t=492.00 a_tag=1.0000 a_max=1.0000 xl_tag=0.4656 nlock=6 tune=37.308453
# REG t=492.00 tp n=7 rho=[0.213 0.427 0.431 0.992] gr=0.00393 fl=1.000 | ba n=25774 rho=[0.106 0.509 0.844 0.960] gr=0.00007 fl=0.927
t=  496.00 -9.36e-16 | 1.6645 16.32  22085   11  63844  64037 | 1.4283 14.83 | 8.33e-03 2.57e-02 |   4.6164 0.6611  1.9288  1.3407 1.000 15.83 | edge_dev mean=0.1965 max=0.4709 gg=0.3310 shape_dev=0.1898 xbar=0.3065 | T0 psi=(+0.028,-3.019,+2.299) ggm=0.000 circ=-0.5888 xUDD=(0.126,0.123,0.629) | T1 psi=(-0.087,+1.306,-0.129) ggm=0.003 circ=+0.1962 xUDD=(0.165,0.147,0.649) | sep=2.5852
# CONVTAG t=496.00 rough=0.000000 cond=5.456531 evap=8.169093 backs=1.065534
# CANT t=496.00 a_tag=1.0000 a_max=1.0000 xl_tag=0.4656 nlock=6 tune=37.586175
# REG t=496.00 tp n=7 rho=[0.243 0.434 0.541 0.991] gr=0.00390 fl=1.000 | ba n=25766 rho=[0.108 0.506 0.845 0.960] gr=0.00007 fl=0.928
t=  500.00 -9.36e-16 | 1.6648 16.33  22090   10  64329  64535 | 1.4283 14.83 | 6.37e-03 1.81e-02 |   4.8442 0.6937  1.8595  1.3599 1.000 16.00 | edge_dev mean=0.2005 max=0.4787 gg=0.3333 shape_dev=0.1796 xbar=0.3216 | T0 psi=(+0.028,+0.508,-0.910) ggm=0.095 circ=-0.6211 xUDD=(0.151,0.149,0.670) | T1 psi=(-0.077,+0.831,+0.516) ggm=0.000 circ=+0.1456 xUDD=(0.162,0.145,0.654) | sep=2.5921
# CONVTAG t=500.00 rough=0.000000 cond=5.628919 evap=8.169093 backs=1.065534
# CANT t=500.00 a_tag=1.0000 a_max=1.0000 xl_tag=0.4656 nlock=6 tune=37.885890
# REG t=500.00 tp n=7 rho=[0.239 0.473 0.492 0.990] gr=0.00387 fl=1.000 | ba n=25755 rho=[0.111 0.512 0.845 0.959] gr=0.00007 fl=0.928
t=  504.00 -9.36e-16 | 1.6644 16.34  22107   15  64858  65065 | 1.4286 14.83 | 8.46e-03 2.00e-02 |   4.8645 0.6966  1.8147  1.3845 1.000 16.00 | edge_dev mean=0.2008 max=0.4802 gg=0.3851 shape_dev=0.1565 xbar=0.3230 | T0 psi=(-0.050,-0.168,-0.151) ggm=0.008 circ=-0.6113 xUDD=(0.174,0.164,0.656) | T1 psi=(-0.043,+1.261,+0.071) ggm=0.003 circ=+0.1781 xUDD=(0.155,0.146,0.643) | sep=2.6081
# CONVTAG t=504.00 rough=0.000000 cond=5.628919 evap=8.169093 backs=1.065534
# CANT t=504.00 a_tag=1.0000 a_max=1.0000 xl_tag=0.4656 nlock=6 tune=38.193891
# REG t=504.00 tp n=7 rho=[0.373 0.597 0.599 0.993] gr=0.00568 fl=1.000 | ba n=25748 rho=[0.109 0.508 0.840 0.959] gr=0.00007 fl=0.928
t=  508.00 -9.36e-16 | 1.6642 16.34  22106   16  65395  65604 | 1.4286 14.83 | 7.89e-03 2.23e-02 |   4.7480 0.6799  1.8458  1.3691 1.000 16.00 | edge_dev mean=0.2091 max=0.4734 gg=0.3451 shape_dev=0.1730 xbar=0.3154 | T0 psi=(-0.004,-2.282,+1.935) ggm=0.000 circ=-0.6132 xUDD=(0.162,0.141,0.652) | T1 psi=(-0.035,+0.925,+0.301) ggm=0.001 circ=+0.2076 xUDD=(0.152,0.145,0.639) | sep=2.6002
# CONVTAG t=508.00 rough=0.000000 cond=5.628919 evap=8.169093 backs=1.065534
# CANT t=508.00 a_tag=1.0000 a_max=1.0000 xl_tag=0.4656 nlock=6 tune=38.511114
# REG t=508.00 tp n=7 rho=[0.430 0.662 0.781 0.995] gr=0.00501 fl=1.000 | ba n=25744 rho=[0.106 0.504 0.842 0.959] gr=0.00007 fl=0.928
t=  512.00 -9.36e-16 | 1.6638 16.32  22075   19  65945  66178 | 1.4282 14.83 | 6.66e-03 1.88e-02 |   4.5686 0.6542  1.9131  1.3295 1.000 15.67 | edge_dev mean=0.2101 max=0.4748 gg=0.3123 shape_dev=0.1972 xbar=0.3036 | T0 psi=(+0.015,-3.030,+2.456) ggm=0.000 circ=-0.5979 xUDD=(0.134,0.107,0.642) | T1 psi=(+0.126,-0.206,+1.162) ggm=0.000 circ=+0.3219 xUDD=(0.143,0.155,0.641) | sep=2.5884
# CONVTAG t=512.00 rough=0.000000 cond=5.628919 evap=8.169093 backs=1.065534
# CANT t=512.00 a_tag=1.0000 a_max=1.0000 xl_tag=0.4656 nlock=6 tune=38.863793
# REG t=512.00 tp n=7 rho=[0.481 0.567 0.917 0.991] gr=0.00431 fl=1.000 | ba n=25716 rho=[0.105 0.504 0.842 0.958] gr=0.00007 fl=0.929
t=  516.00 -9.36e-16 | 1.6643 16.30  22050   14  66560  66746 | 1.4279 14.83 | 9.39e-03 2.15e-02 |   4.7831 0.6849  1.8383  1.3716 1.000 15.50 | edge_dev mean=0.2071 max=0.4706 gg=0.3008 shape_dev=0.2026 xbar=0.3177 | T0 psi=(+0.261,+2.872,+2.749) ggm=0.000 circ=-0.6196 xUDD=(0.156,0.167,0.643) | T1 psi=(-0.069,+1.473,-0.061) ggm=0.008 circ=+0.3808 xUDD=(0.154,0.146,0.640) | sep=2.5816
# CONVTAG t=516.00 rough=0.000000 cond=5.628919 evap=8.169093 backs=1.065534
# CANT t=516.00 a_tag=1.0000 a_max=1.0000 xl_tag=0.4656 nlock=6 tune=39.155975
# REG t=516.00 tp n=7 rho=[0.348 0.512 0.575 0.989] gr=0.00427 fl=1.000 | ba n=25767 rho=[0.102 0.493 0.838 0.958] gr=0.00007 fl=0.927
t=  520.00 -9.36e-16 | 1.6646 16.33  22096   12  67111  67310 | 1.4284 14.83 | 7.64e-03 2.43e-02 |   4.8680 0.6971  1.8154  1.5358 1.000 15.50 | edge_dev mean=0.2019 max=0.4717 gg=0.3253 shape_dev=0.1534 xbar=0.3551 | T0 psi=(+0.024,+1.826,-1.971) ggm=0.000 circ=-0.6479 xUDD=(0.265,0.270,0.658) | T1 psi=(+0.032,+0.790,+0.204) ggm=0.001 circ=+0.4219 xUDD=(0.155,0.144,0.638) | sep=2.6102
# CONVTAG t=520.00 rough=0.000000 cond=5.628919 evap=8.169093 backs=1.065534
# CANT t=520.00 a_tag=1.0000 a_max=1.0000 xl_tag=0.4656 nlock=6 tune=39.477765
# REG t=520.00 tp n=7 rho=[0.335 0.507 0.620 0.992] gr=0.00298 fl=1.000 | ba n=25757 rho=[0.103 0.498 0.839 0.958] gr=0.00007 fl=0.927
t=  524.00 -9.36e-16 | 1.6640 16.32  22080   11  67618  67832 | 1.4283 14.83 | 5.15e-03 1.79e-02 |   4.8730 0.6978  1.8419  1.3934 1.000 15.33 | edge_dev mean=0.2014 max=0.4537 gg=0.3297 shape_dev=0.1546 xbar=0.3234 | T0 psi=(-0.053,-0.241,+0.091) ggm=0.001 circ=-0.7056 xUDD=(0.173,0.163,0.654) | T1 psi=(+0.020,+0.784,+0.384) ggm=0.002 circ=+0.4736 xUDD=(0.154,0.150,0.646) | sep=2.6094
# CONVTAG t=524.00 rough=0.000000 cond=5.628919 evap=8.169093 backs=1.065534
# CANT t=524.00 a_tag=1.0000 a_max=1.0000 xl_tag=0.4656 nlock=6 tune=39.769152
# REG t=524.00 tp n=7 rho=[0.264 0.489 0.498 0.984] gr=0.00297 fl=1.000 | ba n=25745 rho=[0.105 0.500 0.840 0.959] gr=0.00007 fl=0.928
t=  528.00 -1.07e-15 | 1.6639 16.35  22123   17  68130  68351 | 1.4288 14.84 | 1.12e-02 2.70e-02 |   4.3504 0.6230  1.9117  1.3685 1.000 15.50 | edge_dev mean=0.2111 max=0.4480 gg=0.4148 shape_dev=0.1663 xbar=0.2893 | T0 psi=(-0.011,+0.115,-0.811) ggm=0.055 circ=-0.7004 xUDD=(0.130,0.125,0.623) | T1 psi=(+0.078,-2.500,-3.091) ggm=0.000 circ=+0.5935 xUDD=(0.094,0.122,0.642) | sep=2.6094
# CONVTAG t=528.00 rough=0.000000 cond=5.888387 evap=8.922575 backs=1.163814
# CANT t=528.00 a_tag=1.0000 a_max=1.0000 xl_tag=0.4656 nlock=6 tune=40.214110
# REG t=528.00 tp n=7 rho=[0.362 0.512 0.794 0.972] gr=0.00349 fl=1.000 | ba n=25732 rho=[0.107 0.498 0.838 0.960] gr=0.00007 fl=0.929
t=  532.00 -1.07e-15 | 1.6644 16.33  22088   22  68653  68865 | 1.4283 14.83 | 1.02e-02 2.60e-02 |   4.3142 0.6178  1.9172  1.3691 1.000 15.33 | edge_dev mean=0.2115 max=0.4326 gg=0.4867 shape_dev=0.1652 xbar=0.2868 | T0 psi=(+0.006,+1.612,-2.099) ggm=0.000 circ=-0.7295 xUDD=(0.129,0.113,0.632) | T1 psi=(+0.041,+1.510,-0.896) ggm=0.015 circ=+0.6316 xUDD=(0.110,0.114,0.623) | sep=2.6133
# CONVTAG t=532.00 rough=0.000000 cond=5.888387 evap=8.922575 backs=1.163814
# CANT t=532.00 a_tag=1.0000 a_max=1.0000 xl_tag=0.4656 nlock=6 tune=40.452542
# REG t=532.00 tp n=7 rho=[0.361 0.479 0.774 0.972] gr=0.00285 fl=1.000 | ba n=25734 rho=[0.105 0.500 0.841 0.960] gr=0.00007 fl=0.928
t=  536.00 -1.07e-15 | 1.6644 16.34  22107   15  69213  69387 | 1.4286 14.83 | 8.54e-03 2.36e-02 |   3.9183 0.5611  1.9045  1.3657 1.000 15.50 | edge_dev mean=0.2095 max=0.4250 gg=0.4094 shape_dev=0.1569 xbar=0.2606 | T0 psi=(-0.025,-1.182,+0.602) ggm=0.000 circ=-0.7329 xUDD=(0.114,0.097,0.619) | T1 psi=(-0.094,-0.048,+0.239) ggm=0.000 circ=+0.6678 xUDD=(0.079,0.085,0.571) | sep=2.6212
# CONVTAG t=536.00 rough=0.000000 cond=5.888387 evap=9.226120 backs=1.203407
# CANT t=536.00 a_tag=1.0000 a_max=1.0000 xl_tag=0.4656 nlock=6 tune=40.824828
# REG t=536.00 tp n=7 rho=[0.381 0.457 0.774 0.971] gr=0.00191 fl=1.000 | ba n=25779 rho=[0.100 0.499 0.841 0.960] gr=0.00007 fl=0.927
t=  540.00 -9.36e-16 | 1.6643 16.32  22076   12  69755  69932 | 1.4283 14.84 | 3.41e-03 1.39e-02 |   3.8058 0.5450  1.9761  1.3643 1.000 15.50 | edge_dev mean=0.2159 max=0.4143 gg=0.4394 shape_dev=0.1298 xbar=0.2529 | T0 psi=(-0.033,+2.408,+3.107) ggm=0.000 circ=-0.7327 xUDD=(0.095,0.087,0.606) | T1 psi=(-0.097,+3.100,-2.784) ggm=0.000 circ=+0.6829 xUDD=(0.074,0.075,0.580) | sep=2.6460
# CONVTAG t=540.00 rough=0.000000 cond=5.888387 evap=9.226120 backs=1.203407
# CANT t=540.00 a_tag=1.0000 a_max=1.0000 xl_tag=0.4656 nlock=6 tune=41.053889
# REG t=540.00 tp n=7 rho=[0.381 0.435 0.774 0.977] gr=0.00128 fl=1.000 | ba n=25778 rho=[0.102 0.497 0.840 0.960] gr=0.00007 fl=0.926
t=  544.00 -1.07e-15 | 1.6646 16.32  22084   22  70253  70442 | 1.4285 14.85 | 4.76e-03 1.50e-02 |   3.7510 0.5371  2.0077  1.3523 1.000 15.67 | edge_dev mean=0.2189 max=0.4178 gg=0.4364 shape_dev=0.1355 xbar=0.2490 | T0 psi=(-0.030,-0.644,-0.168) ggm=0.000 circ=-0.7334 xUDD=(0.084,0.083,0.597) | T1 psi=(-0.276,+0.734,-0.075) ggm=0.027 circ=+0.6710 xUDD=(0.065,0.077,0.588) | sep=2.6426
# CONVTAG t=544.00 rough=0.000000 cond=5.888387 evap=9.226120 backs=1.203407
# CANT t=544.00 a_tag=1.0000 a_max=1.0000 xl_tag=0.4656 nlock=6 tune=41.228829
# REG t=544.00 tp n=7 rho=[0.380 0.411 0.774 0.987] gr=0.00086 fl=1.000 | ba n=25757 rho=[0.099 0.500 0.841 0.959] gr=0.00007 fl=0.927
t=  548.00 -1.07e-15 | 1.6649 16.35  22121   15  70761  70965 | 1.4290 14.85 | 4.27e-03 1.36e-02 |   3.7509 0.5371  2.0285  1.3374 1.000 15.50 | edge_dev mean=0.2168 max=0.4052 gg=0.4425 shape_dev=0.1829 xbar=0.2494 | T0 psi=(-0.008,+2.484,+2.863) ggm=0.000 circ=-0.7459 xUDD=(0.085,0.078,0.597) | T1 psi=(-0.106,-2.550,+2.876) ggm=0.000 circ=+0.6668 xUDD=(0.068,0.079,0.590) | sep=2.6092
# CONVTAG t=548.00 rough=0.000000 cond=5.888387 evap=9.226120 backs=1.203407
# CANT t=548.00 a_tag=1.0000 a_max=1.0000 xl_tag=0.4656 nlock=6 tune=41.391024
# REG t=548.00 tp n=7 rho=[0.380 0.410 0.774 0.993] gr=0.00058 fl=1.000 | ba n=25749 rho=[0.103 0.499 0.842 0.960] gr=0.00007 fl=0.928
t=  552.00 -9.36e-16 | 1.6651 16.36  22129   14  71292  71494 | 1.4290 14.85 | 6.13e-03 2.35e-02 |   3.7433 0.5360  2.0255  1.3310 1.000 15.50 | edge_dev mean=0.2146 max=0.4213 gg=0.4316 shape_dev=0.2328 xbar=0.2491 | T0 psi=(+0.022,-0.629,-0.303) ggm=0.035 circ=-0.7563 xUDD=(0.084,0.090,0.593) | T1 psi=(-0.116,+0.653,-0.445) ggm=0.036 circ=+0.6647 xUDD=(0.066,0.076,0.586) | sep=2.5746
# CONVTAG t=552.00 rough=0.000000 cond=5.888387 evap=9.226120 backs=1.203407
# CANT t=552.00 a_tag=1.0000 a_max=1.0000 xl_tag=0.4656 nlock=6 tune=41.559198
# REG t=552.00 tp n=7 rho=[0.374 0.422 0.774 0.991] gr=0.00059 fl=1.000 | ba n=25752 rho=[0.104 0.503 0.843 0.959] gr=0.00007 fl=0.929
t=  556.00 -9.36e-16 | 1.6655 16.38  22157   21  71842  72065 | 1.4293 14.85 | 4.21e-03 1.43e-02 |   3.8469 0.5509  1.9836  1.4800 1.000 15.67 | edge_dev mean=0.2161 max=0.4244 gg=0.4427 shape_dev=0.2480 xbar=0.2769 | T0 psi=(-0.016,+2.515,+3.007) ggm=0.000 circ=-0.7639 xUDD=(0.151,0.186,0.595) | T1 psi=(-0.010,-2.429,+2.654) ggm=0.000 circ=+0.6731 xUDD=(0.072,0.069,0.588) | sep=2.5641
# CONVTAG t=556.00 rough=0.000000 cond=5.888387 evap=9.226120 backs=1.203407
# CANT t=556.00 a_tag=1.0000 a_max=1.0000 xl_tag=0.4656 nlock=6 tune=41.734152
# REG t=556.00 tp n=7 rho=[0.364 0.406 0.774 0.991] gr=0.00073 fl=1.000 | ba n=25726 rho=[0.106 0.503 0.844 0.960] gr=0.00007 fl=0.929
t=  560.00 -1.07e-15 | 1.6649 16.35  22120   19  72423  72618 | 1.4289 14.85 | 5.32e-03 1.55e-02 |   4.2045 0.6021  1.8836  1.3550 1.000 15.50 | edge_dev mean=0.2053 max=0.3992 gg=0.3945 shape_dev=0.2259 xbar=0.2793 | T0 psi=(+0.014,+0.400,-0.673) ggm=0.486 circ=-0.7858 xUDD=(0.113,0.133,0.695) | T1 psi=(+0.020,+0.269,-0.249) ggm=0.028 circ=+0.6784 xUDD=(0.070,0.074,0.590) | sep=2.5749
# CONVTAG t=560.00 rough=0.000000 cond=6.061593 evap=9.226120 backs=1.203407
# CANT t=560.00 a_tag=1.0000 a_max=1.0000 xl_tag=0.4656 nlock=6 tune=42.061351
# REG t=560.00 tp n=7 rho=[0.348 0.381 0.774 0.986] gr=0.00102 fl=1.000 | ba n=25754 rho=[0.104 0.507 0.844 0.960] gr=0.00007 fl=0.928
t=  564.00 -1.07e-15 | 1.6648 16.36  22133   12  72975  73148 | 1.4291 14.85 | 4.50e-03 1.28e-02 |   4.3820 0.6275  1.9789  1.3370 1.000 15.83 | edge_dev mean=0.1965 max=0.4138 gg=0.3859 shape_dev=0.2234 xbar=0.2913 | T0 psi=(-0.018,-3.021,+2.449) ggm=0.000 circ=-0.7784 xUDD=(0.125,0.109,0.642) | T1 psi=(-0.064,-1.630,+2.378) ggm=0.000 circ=+0.6340 xUDD=(0.113,0.138,0.620) | sep=2.5712
# CONVTAG t=564.00 rough=0.000000 cond=6.337218 evap=9.226120 backs=1.203407
# CANT t=564.00 a_tag=1.0000 a_max=1.0000 xl_tag=0.4656 nlock=6 tune=42.517250
# REG t=564.00 tp n=7 rho=[0.288 0.381 0.593 0.983] gr=0.00118 fl=1.000 | ba n=25783 rho=[0.099 0.501 0.840 0.960] gr=0.00007 fl=0.927
t=  568.00 -1.07e-15 | 1.6649 16.33  22096   17  73548  73709 | 1.4285 14.84 | 8.57e-03 1.96e-02 |   4.2911 0.6145  1.9881  1.3545 1.000 15.83 | edge_dev mean=0.1958 max=0.4204 gg=0.3635 shape_dev=0.1935 xbar=0.2854 | T0 psi=(+0.020,+0.124,-0.798) ggm=0.380 circ=-0.7640 xUDD=(0.120,0.115,0.622) | T1 psi=(-0.216,+0.716,+0.190) ggm=0.012 circ=+0.5787 xUDD=(0.124,0.115,0.617) | sep=2.5951
# CONVTAG t=568.00 rough=0.000000 cond=6.337218 evap=9.226120 backs=1.203407
# CANT t=568.00 a_tag=1.0000 a_max=1.0000 xl_tag=0.4656 nlock=6 tune=42.786384
# REG t=568.00 tp n=7 rho=[0.244 0.593 0.596 0.982] gr=0.00182 fl=1.000 | ba n=25788 rho=[0.098 0.496 0.842 0.961] gr=0.00007 fl=0.927
t=  572.00 -1.07e-15 | 1.6648 16.34  22114   14  74050  74234 | 1.4287 14.84 | 3.89e-03 1.38e-02 |   4.8815 0.6990  1.9046  1.3917 1.000 15.67 | edge_dev mean=0.1794 max=0.3982 gg=0.3339 shape_dev=0.1776 xbar=0.3247 | T0 psi=(+0.082,-0.396,+0.202) ggm=0.075 circ=-0.8246 xUDD=(0.168,0.171,0.662) | T1 psi=(+0.059,-2.497,+3.096) ggm=0.000 circ=+0.5830 xUDD=(0.148,0.152,0.647) | sep=2.5972
# CONVTAG t=572.00 rough=0.000000 cond=6.865773 evap=9.226120 backs=1.203407
# CANT t=572.00 a_tag=1.0000 a_max=1.0000 xl_tag=0.4656 nlock=6 tune=43.306017
# REG t=572.00 tp n=7 rho=[0.430 0.649 0.764 0.976] gr=0.00261 fl=1.000 | ba n=25771 rho=[0.099 0.499 0.839 0.960] gr=0.00006 fl=0.927
t=  576.00 -9.36e-16 | 1.6655 16.37  22144   10  74514  74734 | 1.4290 14.84 | 8.92e-03 2.17e-02 |   4.9369 0.7070  1.9259  1.3871 1.000 15.33 | edge_dev mean=0.1865 max=0.4029 gg=0.2262 shape_dev=0.2020 xbar=0.3283 | T0 psi=(-0.313,-1.208,+1.815) ggm=0.000 circ=-0.8324 xUDD=(0.177,0.168,0.652) | T1 psi=(-0.239,-2.754,-1.981) ggm=0.000 circ=+0.5631 xUDD=(0.169,0.160,0.645) | sep=2.5814
# CONVTAG t=576.00 rough=0.000000 cond=6.865773 evap=9.226120 backs=1.203407
# CANT t=576.00 a_tag=1.0000 a_max=1.0000 xl_tag=0.4656 nlock=6 tune=43.616242
# REG t=576.00 tp n=7 rho=[0.375 0.616 0.772 0.978] gr=0.00205 fl=1.000 | ba n=25740 rho=[0.101 0.502 0.842 0.960] gr=0.00006 fl=0.928
t=  580.00 -1.07e-15 | 1.6654 16.37  22149   11  75021  75200 | 1.4292 14.85 | 1.41e-02 3.11e-02 |   4.9195 0.7045  1.9004  1.4064 1.000 15.50 | edge_dev mean=0.1781 max=0.4357 gg=0.2882 shape_dev=0.1657 xbar=0.3271 | T0 psi=(+0.074,+1.103,-1.551) ggm=0.010 circ=-0.8458 xUDD=(0.176,0.192,0.647) | T1 psi=(-0.265,-2.357,-2.308) ggm=0.000 circ=+0.5145 xUDD=(0.160,0.151,0.637) | sep=2.6038
# CONVTAG t=580.00 rough=0.000000 cond=6.865773 evap=9.226120 backs=1.203407
# CANT t=580.00 a_tag=1.0000 a_max=1.0000 xl_tag=0.4656 nlock=6 tune=43.942027
# REG t=580.00 tp n=7 rho=[0.357 0.415 0.633 0.984] gr=0.00379 fl=1.000 | ba n=25778 rho=[0.099 0.498 0.840 0.960] gr=0.00006 fl=0.927
t=  584.00 -9.36e-16 | 1.6656 16.36  22139   10  75525  75671 | 1.4290 14.84 | 3.57e-03 1.21e-02 |   4.9042 0.7023  1.9095  1.4129 1.000 15.67 | edge_dev mean=0.1808 max=0.4331 gg=0.3353 shape_dev=0.1173 xbar=0.3255 | T0 psi=(+0.062,-1.090,+0.806) ggm=0.000 circ=-0.8775 xUDD=(0.173,0.185,0.644) | T1 psi=(+0.074,+2.263,-1.446) ggm=0.000 circ=+0.5230 xUDD=(0.148,0.163,0.641) | sep=2.6410
# CONVTAG t=584.00 rough=0.000000 cond=6.865773 evap=9.226120 backs=1.203407
# CANT t=584.00 a_tag=1.0000 a_max=1.0000 xl_tag=0.4656 nlock=6 tune=44.294189
# REG t=584.00 tp n=7 rho=[0.181 0.406 0.557 0.991] gr=0.00303 fl=1.000 | ba n=25811 rho=[0.099 0.497 0.841 0.960] gr=0.00006 fl=0.926
t=  588.00 -9.36e-16 | 1.6654 16.35  22120   12  76029  76181 | 1.4288 14.84 | 5.59e-03 1.76e-02 |   4.4958 0.6438  2.0231  1.3757 1.000 15.50 | edge_dev mean=0.1979 max=0.4350 gg=0.3569 shape_dev=0.1517 xbar=0.2979 | T0 psi=(-0.010,+1.522,-2.232) ggm=0.000 circ=-0.8689 xUDD=(0.130,0.140,0.582) | T1 psi=(+0.065,+0.797,+0.207) ggm=0.008 circ=+0.5309 xUDD=(0.151,0.144,0.641) | sep=2.6254
# CONVTAG t=588.00 rough=0.000000 cond=6.865773 evap=9.525701 backs=1.242483
# CANT t=588.00 a_tag=1.0000 a_max=1.0000 xl_tag=0.4656 nlock=6 tune=44.733388
# REG t=588.00 tp n=7 rho=[0.151 0.663 0.711 0.989] gr=0.00362 fl=1.000 | ba n=25805 rho=[0.100 0.500 0.842 0.960] gr=0.00006 fl=0.926
t=  592.00 -9.36e-16 | 1.6650 16.35  22116   17  76539  76722 | 1.4287 14.84 | 4.56e-03 1.48e-02 |   4.2516 0.6088  2.0958  1.3142 1.000 15.50 | edge_dev mean=0.2151 max=0.4664 gg=0.3532 shape_dev=0.1802 xbar=0.2822 | T0 psi=(-0.016,-1.456,+0.653) ggm=0.000 circ=-0.8414 xUDD=(0.096,0.091,0.607) | T1 psi=(-0.007,+1.276,-0.131) ggm=0.012 circ=+0.5641 xUDD=(0.143,0.128,0.628) | sep=2.6127
# CONVTAG t=592.00 rough=0.000000 cond=6.865773 evap=9.525701 backs=1.242483
# CANT t=592.00 a_tag=1.0000 a_max=1.0000 xl_tag=0.4656 nlock=6 tune=45.049487
# REG t=592.00 tp n=7 rho=[0.258 0.606 0.770 0.989] gr=0.00560 fl=1.000 | ba n=25768 rho=[0.102 0.507 0.841 0.959] gr=0.00006 fl=0.926
t=  596.00 -9.36e-16 | 1.6649 16.33  22097    5  77094  77280 | 1.4285 14.84 | 4.22e-03 1.35e-02 |   4.2911 0.6145  2.0828  1.3081 1.000 15.50 | edge_dev mean=0.2099 max=0.4511 gg=0.3328 shape_dev=0.1799 xbar=0.2852 | T0 psi=(+0.016,-2.970,+2.174) ggm=0.000 circ=-0.8601 xUDD=(0.100,0.088,0.611) | T1 psi=(+0.079,+0.145,+0.674) ggm=0.000 circ=+0.6083 xUDD=(0.131,0.157,0.625) | sep=2.6122
# CONVTAG t=596.00 rough=0.000000 cond=6.865773 evap=9.525701 backs=1.242483
# CANT t=596.00 a_tag=1.0000 a_max=1.0000 xl_tag=0.4656 nlock=6 tune=45.310813
# REG t=596.00 tp n=7 rho=[0.214 0.563 0.601 0.994] gr=0.00478 fl=1.000 | ba n=25776 rho=[0.102 0.507 0.840 0.958] gr=0.00006 fl=0.926
t=  600.00 -9.36e-16 | 1.6652 16.36  22138   12  77603  77800 | 1.4289 14.83 | 6.76e-03 1.82e-02 |   4.1887 0.5998  2.0959  1.3311 1.000 15.67 | edge_dev mean=0.1963 max=0.4041 gg=0.3084 shape_dev=0.1158 xbar=0.2788 | T0 psi=(+0.007,+0.325,-1.136) ggm=0.160 circ=-0.8690 xUDD=(0.088,0.085,0.610) | T1 psi=(-0.267,-2.772,-2.651) ggm=0.000 circ=+0.5959 xUDD=(0.108,0.151,0.632) | sep=2.6528
# CONVTAG t=600.00 rough=0.000000 cond=6.865773 evap=9.525701 backs=1.242483
# CANT t=600.00 a_tag=1.0000 a_max=1.0000 xl_tag=0.4656 nlock=6 tune=45.591840
# REG t=600.00 tp n=7 rho=[0.179 0.568 0.781 0.996] gr=0.00433 fl=1.000 | ba n=25758 rho=[0.105 0.508 0.839 0.959] gr=0.00006 fl=0.927
t=  604.00 -9.36e-16 | 1.6651 16.34  22113    5  78180  78368 | 1.4286 14.83 | 9.42e-03 2.60e-02 |   4.1358 0.5922  2.0868  1.3385 1.000 15.67 | edge_dev mean=0.1954 max=0.4062 gg=0.2512 shape_dev=0.1070 xbar=0.2744 | T0 psi=(+0.004,-2.730,+1.875) ggm=0.000 circ=-0.8563 xUDD=(0.081,0.090,0.604) | T1 psi=(-0.485,+2.713,-1.498) ggm=0.000 circ=+0.5434 xUDD=(0.108,0.137,0.627) | sep=2.6581
# CONVTAG t=604.00 rough=0.000000 cond=6.865773 evap=9.525701 backs=1.242483
# CANT t=604.00 a_tag=1.0000 a_max=1.0000 xl_tag=0.4656 nlock=6 tune=45.837858
# REG t=604.00 tp n=7 rho=[0.162 0.568 0.708 0.991] gr=0.00555 fl=1.000 | ba n=25773 rho=[0.100 0.498 0.840 0.959] gr=0.00006 fl=0.927
t=  608.00 -9.36e-16 | 1.6647 16.33  22101   13  78636  78847 | 1.4284 14.83 | 8.02e-03 1.95e-02 |   4.3680 0.6255  2.0051  1.3614 1.000 15.50 | edge_dev mean=0.1869 max=0.4255 gg=0.3796 shape_dev=0.1287 xbar=0.2902 | T0 psi=(-0.055,+1.363,-1.865) ggm=0.000 circ=-0.8739 xUDD=(0.105,0.126,0.626) | T1 psi=(-0.007,-1.009,+1.319) ggm=0.000 circ=+0.5169 xUDD=(0.101,0.152,0.630) | sep=2.6367
# CONVTAG t=608.00 rough=0.000000 cond=7.040821 evap=9.525701 backs=1.242483
# CANT t=608.00 a_tag=1.0000 a_max=1.0000 xl_tag=0.4656 nlock=6 tune=46.158557
# REG t=608.00 tp n=7 rho=[0.162 0.437 0.569 0.987] gr=0.00544 fl=1.000 | ba n=25744 rho=[0.099 0.497 0.840 0.959] gr=0.00006 fl=0.928
t=  612.00 -9.36e-16 | 1.6648 16.37  22151   13  79162  79388 | 1.4291 14.84 | 4.40e-03 1.31e-02 |   4.0979 0.5868  1.9185  1.3565 1.000 15.83 | edge_dev mean=0.1898 max=0.4444 gg=0.2713 shape_dev=0.1468 xbar=0.2724 | T0 psi=(+0.019,-1.479,+1.021) ggm=0.000 circ=-0.8965 xUDD=(0.116,0.122,0.624) | T1 psi=(-0.423,+0.716,-0.219) ggm=0.000 circ=+0.4795 xUDD=(0.110,0.129,0.533) | sep=2.6202
# CONVTAG t=612.00 rough=0.000000 cond=7.040821 evap=9.827782 backs=1.281885
# CANT t=612.00 a_tag=1.0000 a_max=1.0000 xl_tag=0.4656 nlock=6 tune=46.442581
# REG t=612.00 tp n=7 rho=[0.162 0.426 0.555 0.986] gr=0.00389 fl=1.000 | ba n=25728 rho=[0.103 0.504 0.843 0.959] gr=0.00006 fl=0.929
t=  616.00 -9.36e-16 | 1.6650 16.36  22136   16  79662  79839 | 1.4290 14.84 | 8.02e-03 2.43e-02 |   4.1488 0.5941  1.9289  1.3688 1.000 15.50 | edge_dev mean=0.2015 max=0.4433 gg=0.3311 shape_dev=0.2183 xbar=0.2755 | T0 psi=(+0.036,+1.938,-2.316) ggm=0.000 circ=-0.9225 xUDD=(0.120,0.146,0.620) | T1 psi=(-0.033,+2.056,-2.015) ggm=0.000 circ=+0.5243 xUDD=(0.075,0.097,0.595) | sep=2.5718
# CONVTAG t=616.00 rough=0.000000 cond=7.040821 evap=9.827782 backs=1.281885
# CANT t=616.00 a_tag=1.0000 a_max=1.0000 xl_tag=0.4656 nlock=6 tune=46.773902
# REG t=616.00 tp n=7 rho=[0.289 0.561 0.672 0.993] gr=0.00335 fl=1.000 | ba n=25774 rho=[0.102 0.496 0.840 0.959] gr=0.00006 fl=0.927
t=  620.00 -9.36e-16 | 1.6650 16.36  22134   19  80176  80342 | 1.4291 14.84 | 7.43e-03 1.73e-02 |   4.1927 0.6004  1.9442  1.3572 1.000 15.50 | edge_dev mean=0.2018 max=0.4503 gg=0.3142 shape_dev=0.2419 xbar=0.2784 | T0 psi=(+0.209,-1.562,+0.768) ggm=0.000 circ=-0.9377 xUDD=(0.107,0.156,0.621) | T1 psi=(+0.051,-0.332,+0.389) ggm=0.000 circ=+0.5082 xUDD=(0.087,0.100,0.600) | sep=2.5530
# CONVTAG t=620.00 rough=0.000000 cond=7.040821 evap=9.827782 backs=1.281885
# CANT t=620.00 a_tag=1.0000 a_max=1.0000 xl_tag=0.4656 nlock=6 tune=47.045907
# REG t=620.00 tp n=7 rho=[0.293 0.495 0.561 0.996] gr=0.00387 fl=1.000 | ba n=25784 rho=[0.098 0.495 0.842 0.958] gr=0.00006 fl=0.927
t=  624.00 -9.36e-16 | 1.6650 16.36  22136   22  80666  80847 | 1.4291 14.84 | 6.88e-03 2.20e-02 |   4.3994 0.6300  1.9376  1.3430 1.000 15.67 | edge_dev mean=0.1983 max=0.4630 gg=0.3276 shape_dev=0.2536 xbar=0.2922 | T0 psi=(+0.037,+2.871,+3.124) ggm=0.000 circ=-0.9302 xUDD=(0.107,0.163,0.654) | T1 psi=(+0.063,-1.839,+2.052) ggm=0.000 circ=+0.4976 xUDD=(0.103,0.116,0.610) | sep=2.5409
# CONVTAG t=624.00 rough=0.000000 cond=7.213461 evap=9.827782 backs=1.281885
# CANT t=624.00 a_tag=1.0000 a_max=1.0000 xl_tag=0.4656 nlock=6 tune=47.384157
# REG t=624.00 tp n=7 rho=[0.331 0.474 0.561 0.997] gr=0.00474 fl=1.000 | ba n=25767 rho=[0.095 0.493 0.840 0.959] gr=0.00007 fl=0.928
t=  628.00 -9.36e-16 | 1.6649 16.35  22116   13  81174  81350 | 1.4288 14.84 | 6.84e-03 2.24e-02 |   4.3623 0.6247  1.9534  1.3388 1.000 15.67 | edge_dev mean=0.2011 max=0.4741 gg=0.3241 shape_dev=0.2592 xbar=0.2898 | T0 psi=(+0.184,-0.413,-0.264) ggm=0.030 circ=-0.9464 xUDD=(0.101,0.162,0.635) | T1 psi=(+0.018,+2.069,-1.666) ggm=0.000 circ=+0.4711 xUDD=(0.104,0.121,0.616) | sep=2.5391
# CONVTAG t=628.00 rough=0.000000 cond=7.213461 evap=9.827782 backs=1.281885
# CANT t=628.00 a_tag=1.0000 a_max=1.0000 xl_tag=0.4656 nlock=6 tune=47.653397
# REG t=628.00 tp n=7 rho=[0.331 0.561 0.628 0.996] gr=0.00506 fl=1.000 | ba n=25780 rho=[0.097 0.486 0.838 0.957] gr=0.00007 fl=0.928
t=  632.00 -9.36e-16 | 1.6645 16.37  22149   11  81670  81863 | 1.4292 14.84 | 6.33e-03 1.64e-02 |   4.5366 0.6496  2.0159  1.3252 1.000 15.67 | edge_dev mean=0.1925 max=0.4608 gg=0.3184 shape_dev=0.2456 xbar=0.3015 | T0 psi=(-0.004,-1.285,+0.813) ggm=0.000 circ=-0.9703 xUDD=(0.099,0.147,0.633) | T1 psi=(-0.129,+0.443,+0.541) ggm=0.000 circ=+0.4536 xUDD=(0.131,0.155,0.643) | sep=2.5456
# CONVTAG t=632.00 rough=0.000000 cond=7.387092 evap=9.827782 backs=1.281885
# CANT t=632.00 a_tag=1.0000 a_max=1.0000 xl_tag=0.4656 nlock=6 tune=47.973599
# REG t=632.00 tp n=7 rho=[0.331 0.494 0.561 0.992] gr=0.00483 fl=1.000 | ba n=25767 rho=[0.094 0.490 0.840 0.957] gr=0.00007 fl=0.928
t=  636.00 -9.36e-16 | 1.6645 16.38  22159    6  82177  82390 | 1.4293 14.84 | 1.08e-02 3.11e-02 |   4.5467 0.6511  2.0223  1.3152 1.000 15.83 | edge_dev mean=0.1850 max=0.4576 gg=0.3238 shape_dev=0.2498 xbar=0.3016 | T0 psi=(+0.124,+1.752,-2.649) ggm=0.000 circ=-0.9749 xUDD=(0.099,0.141,0.634) | T1 psi=(+0.088,-3.111,-2.636) ggm=0.000 circ=+0.4521 xUDD=(0.138,0.160,0.637) | sep=2.5371
# CONVTAG t=636.00 rough=0.000000 cond=7.387092 evap=9.827782 backs=1.281885
# CANT t=636.00 a_tag=1.0000 a_max=1.0000 xl_tag=0.4656 nlock=6 tune=48.206895
# REG t=636.00 tp n=7 rho=[0.364 0.512 0.566 0.999] gr=0.00493 fl=1.000 | ba n=25753 rho=[0.097 0.494 0.842 0.958] gr=0.00007 fl=0.929
t=  640.00 -9.36e-16 | 1.6645 16.37  22151   13  82699  82896 | 1.4291 14.84 | 1.25e-02 3.17e-02 |   4.4237 0.6335  1.9972  1.3577 1.000 15.50 | edge_dev mean=0.1908 max=0.4571 gg=0.3217 shape_dev=0.2487 xbar=0.3003 | T0 psi=(+0.112,-1.625,+0.818) ggm=0.000 circ=-0.9895 xUDD=(0.103,0.174,0.624) | T1 psi=(+0.118,+0.214,+0.094) ggm=0.000 circ=+0.4021 xUDD=(0.129,0.147,0.626) | sep=2.5412
# CONVTAG t=640.00 rough=0.000000 cond=7.387092 evap=9.827782 backs=1.281885
# CANT t=640.00 a_tag=1.0000 a_max=1.0000 xl_tag=0.4656 nlock=6 tune=48.439278
# REG t=640.00 tp n=7 rho=[0.325 0.387 0.401 0.990] gr=0.00505 fl=1.000 | ba n=25763 rho=[0.099 0.492 0.843 0.959] gr=0.00007 fl=0.929
t=  644.00 -9.36e-16 | 1.6646 16.36  22132   14  83218  83448 | 1.4289 14.83 | 6.73e-03 1.79e-02 |   4.4768 0.6411  1.9463  1.3413 1.000 15.33 | edge_dev mean=0.1995 max=0.4624 gg=0.3258 shape_dev=0.2642 xbar=0.2976 | T0 psi=(+0.092,-3.036,+2.531) ggm=0.000 circ=-0.9936 xUDD=(0.101,0.169,0.629) | T1 psi=(-0.060,+1.270,-0.436) ggm=0.008 circ=+0.4008 xUDD=(0.144,0.119,0.625) | sep=2.5347
# CONVTAG t=644.00 rough=0.000000 cond=7.387092 evap=9.827782 backs=1.281885
# CANT t=644.00 a_tag=1.0000 a_max=1.0000 xl_tag=0.4656 nlock=6 tune=48.685323
# REG t=644.00 tp n=7 rho=[0.335 0.493 0.494 0.991] gr=0.00370 fl=1.000 | ba n=25728 rho=[0.096 0.495 0.841 0.959] gr=0.00007 fl=0.930
t=  648.00 -9.36e-16 | 1.6646 16.37  22142   22  83737  83951 | 1.4290 14.84 | 1.31e-02 2.99e-02 |   4.4861 0.6424  1.8836  1.3704 1.000 15.50 | edge_dev mean=0.1910 max=0.4678 gg=0.4832 shape_dev=0.2274 xbar=0.2981 | T0 psi=(+0.114,-0.635,+0.116) ggm=0.002 circ=-1.0430 xUDD=(0.130,0.163,0.646) | T1 psi=(+0.049,-0.901,+1.252) ggm=0.000 circ=+0.4096 xUDD=(0.122,0.108,0.620) | sep=2.5586
# CONVTAG t=648.00 rough=0.000000 cond=7.387092 evap=9.827782 backs=1.281885
# CANT t=648.00 a_tag=1.0000 a_max=1.0000 xl_tag=0.4656 nlock=6 tune=48.972658
# REG t=648.00 tp n=7 rho=[0.270 0.335 0.346 0.993] gr=0.00406 fl=1.000 | ba n=25735 rho=[0.098 0.496 0.841 0.959] gr=0.00007 fl=0.929
t=  652.00 -9.36e-16 | 1.6646 16.37  22149    8  84226  84453 | 1.4292 14.84 | 6.55e-03 1.79e-02 |   4.4645 0.6393  1.8637  1.3900 1.000 15.67 | edge_dev mean=0.1901 max=0.4728 gg=0.3617 shape_dev=0.1768 xbar=0.2967 | T0 psi=(+0.050,-0.334,-0.048) ggm=0.010 circ=-1.0891 xUDD=(0.146,0.151,0.635) | T1 psi=(+0.162,-2.412,+2.458) ggm=0.000 circ=+0.4190 xUDD=(0.115,0.118,0.615) | sep=2.5970
# CONVTAG t=652.00 rough=0.000000 cond=7.387092 evap=9.827782 backs=1.281885
# CANT t=652.00 a_tag=1.0000 a_max=1.0000 xl_tag=0.4656 nlock=6 tune=49.250063
# REG t=652.00 tp n=7 rho=[0.217 0.343 0.355 0.984] gr=0.00274 fl=1.000 | ba n=25736 rho=[0.106 0.501 0.843 0.958] gr=0.00007 fl=0.929
t=  656.00 -9.36e-16 | 1.6643 16.35  22116   16  84713  84931 | 1.4289 14.84 | 8.24e-03 1.96e-02 |   4.5301 0.6487  1.9465  1.3879 1.000 15.33 | edge_dev mean=0.1980 max=0.4798 gg=0.3760 shape_dev=0.1528 xbar=0.3012 | T0 psi=(+0.074,-3.080,+2.586) ggm=0.000 circ=-1.0556 xUDD=(0.130,0.144,0.625) | T1 psi=(+0.095,+1.919,-1.357) ggm=0.000 circ=+0.4561 xUDD=(0.112,0.131,0.666) | sep=2.6212
# CONVTAG t=656.00 rough=0.000000 cond=7.561220 evap=9.827782 backs=1.281885
# CANT t=656.00 a_tag=1.0000 a_max=1.0000 xl_tag=0.4656 nlock=6 tune=49.577224
# REG t=656.00 tp n=7 rho=[0.258 0.349 0.354 0.993] gr=0.00238 fl=1.000 | ba n=25737 rho=[0.104 0.501 0.843 0.958] gr=0.00007 fl=0.929
t=  660.00 -9.36e-16 | 1.6649 16.35  22116   16  85203  85425 | 1.4289 14.85 | 6.53e-03 1.77e-02 |   4.2794 0.6128  2.0369  1.3331 1.000 15.00 | edge_dev mean=0.2055 max=0.4978 gg=0.3121 shape_dev=0.1681 xbar=0.2842 | T0 psi=(-0.106,+2.402,-2.949) ggm=0.000 circ=-1.0319 xUDD=(0.091,0.110,0.593) | T1 psi=(-0.021,+1.513,-0.644) ggm=0.001 circ=+0.4827 xUDD=(0.133,0.146,0.632) | sep=2.6127
# CONVTAG t=660.00 rough=0.000000 cond=7.561220 evap=10.130336 backs=1.321348
# CANT t=660.00 a_tag=1.0000 a_max=1.0000 xl_tag=0.4656 nlock=6 tune=50.016004
# REG t=660.00 tp n=7 rho=[0.248 0.407 0.467 0.988] gr=0.00171 fl=1.000 | ba n=25734 rho=[0.104 0.498 0.841 0.959] gr=0.00007 fl=0.929
t=  664.00 -9.36e-16 | 1.6651 16.34  22105   16  85676  85921 | 1.4287 14.84 | 1.15e-02 2.53e-02 |   4.3190 0.6185  2.0209  1.3160 1.000 15.33 | edge_dev mean=0.1992 max=0.5052 gg=0.3131 shape_dev=0.1977 xbar=0.2864 | T0 psi=(+0.049,-2.397,+1.558) ggm=0.000 circ=-1.0273 xUDD=(0.098,0.093,0.619) | T1 psi=(+0.174,+0.541,-0.201) ggm=0.000 circ=+0.5066 xUDD=(0.129,0.149,0.630) | sep=2.5848
# CONVTAG t=664.00 rough=0.000000 cond=7.561220 evap=10.130336 backs=1.321348
# CANT t=664.00 a_tag=1.0000 a_max=1.0000 xl_tag=0.4656 nlock=6 tune=50.336361
# REG t=664.00 tp n=7 rho=[0.157 0.480 0.599 0.986] gr=0.00155 fl=1.000 | ba n=25711 rho=[0.101 0.500 0.843 0.958] gr=0.00007 fl=0.930
t=  668.00 -9.36e-16 | 1.6652 16.35  22127   14  86207  86435 | 1.4289 14.83 | 5.83e-03 1.45e-02 |   4.3526 0.6233  2.0449  1.3038 1.000 15.33 | edge_dev mean=0.2012 max=0.5068 gg=0.3346 shape_dev=0.2164 xbar=0.2890 | T0 psi=(+0.077,+0.368,-1.254) ggm=0.086 circ=-1.0781 xUDD=(0.094,0.091,0.614) | T1 psi=(+0.058,-2.562,-3.010) ggm=0.000 circ=+0.4730 xUDD=(0.151,0.149,0.635) | sep=2.5730
# CONVTAG t=668.00 rough=0.000000 cond=7.561220 evap=10.130336 backs=1.321348
# CANT t=668.00 a_tag=1.0000 a_max=1.0000 xl_tag=0.4656 nlock=6 tune=50.612483
# REG t=668.00 tp n=7 rho=[0.155 0.373 0.471 0.994] gr=0.00270 fl=1.000 | ba n=25729 rho=[0.099 0.492 0.843 0.960] gr=0.00007 fl=0.929
t=  672.00 -9.36e-16 | 1.6646 16.35  22127   20  86744  86969 | 1.4288 14.83 | 9.26e-03 2.43e-02 |   4.3663 0.6253  2.0398  1.3033 1.000 14.83 | edge_dev mean=0.2091 max=0.5092 gg=0.3248 shape_dev=0.2335 xbar=0.2903 | T0 psi=(+0.041,-2.893,+2.198) ggm=0.000 circ=-1.0951 xUDD=(0.094,0.098,0.615) | T1 psi=(+0.089,+1.208,-0.437) ggm=0.000 circ=+0.5130 xUDD=(0.136,0.152,0.647) | sep=2.5672
# CONVTAG t=672.00 rough=0.000000 cond=7.561220 evap=10.130336 backs=1.321348
# CANT t=672.00 a_tag=1.0000 a_max=1.0000 xl_tag=0.4656 nlock=6 tune=50.900503
# REG t=672.00 tp n=7 rho=[0.155 0.464 0.661 0.987] gr=0.00255 fl=1.000 | ba n=25725 rho=[0.099 0.487 0.841 0.958] gr=0.00007 fl=0.929
t=  676.00 -9.36e-16 | 1.6646 16.35  22126   12  87323  87542 | 1.4288 14.83 | 8.72e-03 2.22e-02 |   4.5321 0.6490  1.9849  1.3637 1.000 15.00 | edge_dev mean=0.2126 max=0.5152 gg=0.3332 shape_dev=0.2799 xbar=0.3075 | T0 psi=(+0.094,+0.250,-0.779) ggm=0.380 circ=-1.1169 xUDD=(0.167,0.110,0.620) | T1 psi=(+0.026,+1.699,-0.579) ggm=0.001 circ=+0.5523 xUDD=(0.152,0.150,0.646) | sep=2.5464
# CONVTAG t=676.00 rough=0.000000 cond=7.561220 evap=10.130336 backs=1.321348
# CANT t=676.00 a_tag=1.0000 a_max=1.0000 xl_tag=0.4656 nlock=6 tune=51.197672
# REG t=676.00 tp n=7 rho=[0.179 0.452 0.530 0.987] gr=0.00231 fl=1.000 | ba n=25740 rho=[0.096 0.487 0.839 0.958] gr=0.00007 fl=0.929
t=  680.00 -9.36e-16 | 1.6646 16.37  22150    8  87828  88027 | 1.4291 14.83 | 6.32e-03 1.35e-02 |   4.5594 0.6529  1.9625  1.3340 1.000 15.00 | edge_dev mean=0.2079 max=0.5118 gg=0.2764 shape_dev=0.3081 xbar=0.3028 | T0 psi=(+0.383,-1.035,+0.187) ggm=0.014 circ=-1.1295 xUDD=(0.143,0.109,0.630) | T1 psi=(-0.123,+2.227,-1.095) ggm=0.000 circ=+0.5767 xUDD=(0.152,0.136,0.646) | sep=2.5383
# CONVTAG t=680.00 rough=0.000000 cond=7.561220 evap=10.130336 backs=1.321348
# CANT t=680.00 a_tag=1.0000 a_max=1.0000 xl_tag=0.4656 nlock=6 tune=51.468638
# REG t=680.00 tp n=7 rho=[0.377 0.419 0.635 0.987] gr=0.00345 fl=1.000 | ba n=25764 rho=[0.094 0.482 0.842 0.959] gr=0.00007 fl=0.928
t=  684.00 -9.36e-16 | 1.6649 16.35  22123   16  88350  88579 | 1.4288 14.83 | 4.44e-03 1.33e-02 |   4.2461 0.6080  1.9338  1.3232 1.000 15.17 | edge_dev mean=0.2211 max=0.5318 gg=0.2784 shape_dev=0.3396 xbar=0.2823 | T0 psi=(+0.351,-2.103,+1.341) ggm=0.000 circ=-1.1230 xUDD=(0.147,0.091,0.630) | T1 psi=(+0.091,+1.607,-1.420) ggm=0.000 circ=+0.5814 xUDD=(0.119,0.120,0.588) | sep=2.5180
# CONVTAG t=684.00 rough=0.000000 cond=7.561220 evap=10.430124 backs=1.360451
# CANT t=684.00 a_tag=1.0000 a_max=1.0000 xl_tag=0.4656 nlock=6 tune=51.844344
# REG t=684.00 tp n=7 rho=[0.249 0.470 0.472 0.990] gr=0.00400 fl=1.000 | ba n=25723 rho=[0.095 0.487 0.843 0.959] gr=0.00007 fl=0.929
t=  688.00 -9.36e-16 | 1.6651 16.36  22140   17  88872  89097 | 1.4289 14.82 | 5.08e-03 1.62e-02 |   4.2660 0.6109  1.9805  1.3328 1.000 15.33 | edge_dev mean=0.2184 max=0.5574 gg=0.3189 shape_dev=0.3139 xbar=0.2835 | T0 psi=(+0.182,+1.762,-2.599) ggm=0.000 circ=-1.1426 xUDD=(0.140,0.098,0.631) | T1 psi=(-0.070,-0.568,+1.049) ggm=0.000 circ=+0.6150 xUDD=(0.103,0.115,0.615) | sep=2.5275
# CONVTAG t=688.00 rough=0.000000 cond=7.561220 evap=10.430124 backs=1.360451
# CANT t=688.00 a_tag=1.0000 a_max=1.0000 xl_tag=0.4656 nlock=6 tune=52.121429
# REG t=688.00 tp n=7 rho=[0.249 0.475 0.905 0.982] gr=0.00321 fl=1.000 | ba n=25724 rho=[0.094 0.480 0.841 0.958] gr=0.00007 fl=0.929
t=  692.00 -9.36e-16 | 1.6651 16.35  22122   20  89399  89620 | 1.4287 14.83 | 8.83e-03 2.35e-02 |   4.0070 0.5738  2.0643  1.3089 1.000 15.00 | edge_dev mean=0.2165 max=0.5545 gg=0.3423 shape_dev=0.3013 xbar=0.2667 | T0 psi=(+0.169,-2.116,+0.669) ggm=0.000 circ=-1.1495 xUDD=(0.134,0.040,0.617) | T1 psi=(-0.093,-2.594,+2.867) ggm=0.000 circ=+0.6289 xUDD=(0.088,0.118,0.604) | sep=2.5371
# CONVTAG t=692.00 rough=0.000000 cond=7.830077 evap=10.902661 backs=1.422086
# CANT t=692.00 a_tag=1.0000 a_max=1.0000 xl_tag=0.4656 nlock=6 tune=52.395476
# REG t=692.00 tp n=7 rho=[0.249 0.563 0.567 0.981] gr=0.00343 fl=1.000 | ba n=25727 rho=[0.093 0.481 0.839 0.958] gr=0.00007 fl=0.928
t=  696.00 -9.36e-16 | 1.6653 16.37  22145    9  89923  90141 | 1.4290 14.83 | 4.17e-03 1.62e-02 |   4.1100 0.5885  2.0950  1.2882 1.000 15.17 | edge_dev mean=0.2223 max=0.5447 gg=0.3410 shape_dev=0.2949 xbar=0.2730 | T0 psi=(+0.001,+1.668,-2.706) ggm=0.000 circ=-1.1594 xUDD=(0.103,0.060,0.618) | T1 psi=(-0.062,+2.802,-2.463) ggm=0.000 circ=+0.5466 xUDD=(0.111,0.131,0.615) | sep=2.5369
# CONVTAG t=696.00 rough=0.000000 cond=7.830077 evap=10.902661 backs=1.422086
# CANT t=696.00 a_tag=1.0000 a_max=1.0000 xl_tag=0.4656 nlock=6 tune=52.731289
# REG t=696.00 tp n=7 rho=[0.185 0.475 0.524 0.981] gr=0.00466 fl=1.000 | ba n=25739 rho=[0.093 0.483 0.839 0.959] gr=0.00007 fl=0.928
t=  700.00 -9.36e-16 | 1.6653 16.34  22110   15  90446  90667 | 1.4286 14.83 | 6.20e-03 1.72e-02 |   4.3390 0.6213  2.0694  1.3199 1.000 14.83 | edge_dev mean=0.2074 max=0.5217 gg=0.3358 shape_dev=0.2526 xbar=0.2877 | T0 psi=(+0.017,-0.534,-0.539) ggm=0.132 circ=-1.1461 xUDD=(0.109,0.096,0.621) | T1 psi=(-0.046,+1.502,-1.175) ggm=0.000 circ=+0.5598 xUDD=(0.134,0.143,0.625) | sep=2.5566
# CONVTAG t=700.00 rough=0.000000 cond=7.830077 evap=10.902661 backs=1.422086
# CANT t=700.00 a_tag=1.0000 a_max=1.0000 xl_tag=0.4656 nlock=6 tune=52.969829
# REG t=700.00 tp n=7 rho=[0.221 0.475 0.524 0.991] gr=0.00312 fl=1.000 | ba n=25731 rho=[0.094 0.488 0.841 0.959] gr=0.00007 fl=0.928
t=  704.00 -8.03e-16 | 1.6648 16.35  22117    7  90936  91199 | 1.4287 14.83 | 5.96e-03 1.71e-02 |   4.5068 0.6454  2.0640  1.3250 1.000 15.17 | edge_dev mean=0.1977 max=0.5158 gg=0.2917 shape_dev=0.2456 xbar=0.2994 | T0 psi=(-0.197,-1.542,+1.021) ggm=0.000 circ=-1.1515 xUDD=(0.093,0.136,0.629) | T1 psi=(+0.060,+0.697,-0.355) ggm=0.000 circ=+0.5474 xUDD=(0.148,0.153,0.637) | sep=2.5585
# CONVTAG t=704.00 rough=0.000000 cond=7.830077 evap=10.902661 backs=1.422086
# CANT t=704.00 a_tag=1.0000 a_max=1.0000 xl_tag=0.4656 nlock=6 tune=53.248431
# REG t=704.00 tp n=7 rho=[0.303 0.483 0.524 0.997] gr=0.00372 fl=1.000 | ba n=25698 rho=[0.098 0.490 0.839 0.959] gr=0.00007 fl=0.930
t=  708.00 -9.36e-16 | 1.6649 16.34  22113    5  91438  91659 | 1.4286 14.83 | 1.19e-02 3.07e-02 |   4.5804 0.6559  2.0811  1.3283 1.000 15.17 | edge_dev mean=0.1980 max=0.5297 gg=0.3231 shape_dev=0.2271 xbar=0.3045 | T0 psi=(+0.039,+1.210,-2.245) ggm=0.000 circ=-1.1716 xUDD=(0.105,0.116,0.631) | T1 psi=(-0.202,+0.572,+0.491) ggm=0.000 circ=+0.5436 xUDD=(0.185,0.147,0.644) | sep=2.5704
# CONVTAG t=708.00 rough=0.000000 cond=7.830077 evap=10.902661 backs=1.422086
# CANT t=708.00 a_tag=1.0000 a_max=1.0000 xl_tag=0.4656 nlock=6 tune=53.592310
# REG t=708.00 tp n=7 rho=[0.357 0.451 0.523 0.998] gr=0.00253 fl=1.000 | ba n=25745 rho=[0.099 0.490 0.842 0.961] gr=0.00007 fl=0.928
t=  712.00 -9.36e-16 | 1.6648 16.35  22125    9  91947  92184 | 1.4288 14.82 | 7.05e-03 1.90e-02 |   4.5804 0.6559  2.0567  1.3516 1.000 15.17 | edge_dev mean=0.1954 max=0.5158 gg=0.3241 shape_dev=0.2028 xbar=0.3044 | T0 psi=(-0.066,-1.019,+0.257) ggm=0.003 circ=-1.1793 xUDD=(0.120,0.118,0.625) | T1 psi=(-0.095,+2.168,-1.403) ggm=0.000 circ=+0.5136 xUDD=(0.158,0.154,0.651) | sep=2.5941
# CONVTAG t=712.00 rough=0.000000 cond=7.830077 evap=10.902661 backs=1.422086
# CANT t=712.00 a_tag=1.0000 a_max=1.0000 xl_tag=0.4656 nlock=6 tune=53.903954
# REG t=712.00 tp n=7 rho=[0.338 0.450 0.479 0.992] gr=0.00170 fl=1.000 | ba n=25725 rho=[0.096 0.484 0.843 0.960] gr=0.00007 fl=0.930
t=  716.00 -9.36e-16 | 1.6650 16.34  22106   14  92467  92707 | 1.4285 14.82 | 8.03e-03 1.94e-02 |   4.5039 0.6449  2.0722  1.3432 1.000 15.17 | edge_dev mean=0.1958 max=0.5229 gg=0.3252 shape_dev=0.2076 xbar=0.2998 | T0 psi=(+0.154,+3.095,+1.861) ggm=0.000 circ=-1.1751 xUDD=(0.143,0.076,0.625) | T1 psi=(+0.025,+1.629,-1.011) ggm=0.000 circ=+0.4958 xUDD=(0.154,0.153,0.647) | sep=2.5943
# CONVTAG t=716.00 rough=0.000000 cond=7.830077 evap=10.902661 backs=1.422086
# CANT t=716.00 a_tag=1.0000 a_max=1.0000 xl_tag=0.4656 nlock=6 tune=54.204452
# REG t=716.00 tp n=7 rho=[0.334 0.430 0.453 0.993] gr=0.00196 fl=1.000 | ba n=25716 rho=[0.098 0.486 0.843 0.958] gr=0.00007 fl=0.930
t=  720.00 -9.36e-16 | 1.6651 16.35  22123   20  92996  93216 | 1.4287 14.82 | 3.65e-03 1.15e-02 |   4.4927 0.6434  2.0990  1.3287 1.000 15.17 | edge_dev mean=0.1988 max=0.5372 gg=0.3595 shape_dev=0.2030 xbar=0.3022 | T0 psi=(+0.020,-1.431,+0.345) ggm=0.000 circ=-1.1783 xUDD=(0.123,0.075,0.624) | T1 psi=(+0.041,+2.162,-1.460) ggm=0.000 circ=+0.4948 xUDD=(0.180,0.167,0.643) | sep=2.6022
# CONVTAG t=720.00 rough=0.000000 cond=7.830077 evap=10.902661 backs=1.422086
# CANT t=720.00 a_tag=1.0000 a_max=1.0000 xl_tag=0.4656 nlock=6 tune=54.502339
# REG t=720.00 tp n=7 rho=[0.346 0.432 0.455 0.990] gr=0.00192 fl=1.000 | ba n=25731 rho=[0.097 0.488 0.842 0.958] gr=0.00007 fl=0.930
t=  724.00 -9.36e-16 | 1.6652 16.33  22089   16  93534  93761 | 1.4283 14.82 | 8.33e-03 1.97e-02 |   4.6202 0.6616  2.0487  1.3382 1.000 15.33 | edge_dev mean=0.1899 max=0.5352 gg=0.3468 shape_dev=0.1917 xbar=0.3072 | T0 psi=(+0.086,+2.193,+2.974) ggm=0.000 circ=-1.1928 xUDD=(0.122,0.108,0.624) | T1 psi=(+0.049,+1.640,-0.884) ggm=0.000 circ=+0.4758 xUDD=(0.158,0.184,0.646) | sep=2.6087
# CONVTAG t=724.00 rough=0.000000 cond=7.830077 evap=10.902661 backs=1.422086
# CANT t=724.00 a_tag=1.0000 a_max=1.0000 xl_tag=0.4656 nlock=6 tune=54.830747
# REG t=724.00 tp n=7 rho=[0.334 0.369 0.432 0.995] gr=0.00161 fl=1.000 | ba n=25728 rho=[0.095 0.480 0.842 0.959] gr=0.00007 fl=0.930
t=  728.00 -9.36e-16 | 1.6652 16.36  22129   17  94107  94309 | 1.4287 14.82 | 5.46e-03 2.40e-02 |   4.3326 0.6204  2.0441  1.3570 1.000 15.33 | edge_dev mean=0.1865 max=0.5433 gg=0.3467 shape_dev=0.2025 xbar=0.2877 | T0 psi=(+0.024,-0.812,-0.611) ggm=0.027 circ=-1.2276 xUDD=(0.118,0.121,0.556) | T1 psi=(-0.090,-1.051,+1.883) ggm=0.000 circ=+0.4602 xUDD=(0.117,0.168,0.647) | sep=2.6042
# CONVTAG t=728.00 rough=0.000000 cond=7.830077 evap=11.203644 backs=1.461345
# CANT t=728.00 a_tag=1.0000 a_max=1.0000 xl_tag=0.4656 nlock=6 tune=55.245597
# REG t=728.00 tp n=7 rho=[0.139 0.334 0.432 0.981] gr=0.00128 fl=1.000 | ba n=25753 rho=[0.097 0.484 0.839 0.960] gr=0.00007 fl=0.928
t=  732.00 -9.36e-16 | 1.6653 16.36  22139   14  94632  94832 | 1.4289 14.83 | 1.09e-02 2.50e-02 |   4.2910 0.6145  1.9952  1.3252 1.000 15.17 | edge_dev mean=0.2009 max=0.5679 gg=0.3889 shape_dev=0.2537 xbar=0.2852 | T0 psi=(+0.076,+2.892,+2.246) ggm=0.000 circ=-1.2109 xUDD=(0.108,0.110,0.617) | T1 psi=(-0.203,-2.230,-3.110) ggm=0.000 circ=+0.4189 xUDD=(0.093,0.152,0.632) | sep=2.5713
# CONVTAG t=732.00 rough=0.000000 cond=7.830077 evap=11.203644 backs=1.461345
# CANT t=732.00 a_tag=1.0000 a_max=1.0000 xl_tag=0.4656 nlock=6 tune=55.585939
# REG t=732.00 tp n=7 rho=[0.139 0.334 0.634 0.989] gr=0.00092 fl=1.000 | ba n=25759 rho=[0.100 0.491 0.841 0.959] gr=0.00007 fl=0.928
t=  736.00 -9.36e-16 | 1.6656 16.36  22135   16  95188  95387 | 1.4289 14.83 | 9.09e-03 2.37e-02 |   4.6050 0.6594  1.9214  1.3561 1.000 15.17 | edge_dev mean=0.1942 max=0.5631 gg=0.4921 shape_dev=0.2504 xbar=0.3061 | T0 psi=(+0.095,+0.046,-0.694) ggm=0.372 circ=-1.1406 xUDD=(0.139,0.142,0.634) | T1 psi=(-0.022,-1.345,+2.323) ggm=0.000 circ=+0.3698 xUDD=(0.140,0.156,0.625) | sep=2.5793
# CONVTAG t=736.00 rough=0.000000 cond=8.097594 evap=11.203644 backs=1.461345
# CANT t=736.00 a_tag=1.0000 a_max=1.0000 xl_tag=0.4656 nlock=6 tune=56.013938
# REG t=736.00 tp n=7 rho=[0.139 0.264 0.431 0.987] gr=0.00148 fl=1.000 | ba n=25761 rho=[0.101 0.493 0.842 0.958] gr=0.00007 fl=0.929
t=  740.00 -9.36e-16 | 1.6655 16.37  22146    8  95711  95937 | 1.4290 14.83 | 6.30e-03 1.91e-02 |   4.4967 0.6439  1.9379  1.3501 1.000 15.17 | edge_dev mean=0.1995 max=0.5602 gg=0.4823 shape_dev=0.2535 xbar=0.2995 | T0 psi=(+0.099,+0.050,-0.754) ggm=0.206 circ=-1.1529 xUDD=(0.130,0.139,0.616) | T1 psi=(-0.030,-1.311,+2.200) ggm=0.000 circ=+0.3727 xUDD=(0.132,0.159,0.621) | sep=2.5762
# CONVTAG t=740.00 rough=0.000000 cond=8.097594 evap=11.203644 backs=1.461345
# CANT t=740.00 a_tag=1.0000 a_max=1.0000 xl_tag=0.4656 nlock=6 tune=56.351398
# REG t=740.00 tp n=7 rho=[0.298 0.462 0.575 0.986] gr=0.00562 fl=1.000 | ba n=25740 rho=[0.101 0.497 0.841 0.959] gr=0.00007 fl=0.930
t=  744.00 -9.36e-16 | 1.6649 16.36  22137   11  96187  96403 | 1.4289 14.82 | 1.10e-02 2.73e-02 |   4.4503 0.6373  1.8993  1.3667 1.000 15.50 | edge_dev mean=0.1862 max=0.5295 gg=0.3892 shape_dev=0.2308 xbar=0.2955 | T0 psi=(+0.094,-0.443,-0.485) ggm=0.091 circ=-1.2511 xUDD=(0.143,0.138,0.621) | T1 psi=(+0.005,-1.349,+1.702) ggm=0.000 circ=+0.3587 xUDD=(0.099,0.149,0.623) | sep=2.5868
# CONVTAG t=744.00 rough=0.000000 cond=8.097594 evap=11.203644 backs=1.461345
# CANT t=744.00 a_tag=1.0000 a_max=1.0000 xl_tag=0.4656 nlock=6 tune=56.686317
# REG t=744.00 tp n=7 rho=[0.400 0.447 0.545 0.998] gr=0.00490 fl=1.000 | ba n=25746 rho=[0.099 0.492 0.839 0.960] gr=0.00006 fl=0.930
t=  748.00 -9.36e-16 | 1.6642 16.35  22124   14  96712  96944 | 1.4287 14.82 | 4.75e-03 1.44e-02 |   4.5767 0.6554  1.8472  1.3798 1.000 15.67 | edge_dev mean=0.1801 max=0.5027 gg=0.3472 shape_dev=0.2272 xbar=0.3040 | T0 psi=(+0.112,+0.711,-1.505) ggm=0.040 circ=-1.2546 xUDD=(0.150,0.162,0.650) | T1 psi=(-0.313,-2.790,-2.678) ggm=0.000 circ=+0.3317 xUDD=(0.088,0.144,0.629) | sep=2.5894
# CONVTAG t=748.00 rough=0.000000 cond=8.097594 evap=11.203644 backs=1.461345
# CANT t=748.00 a_tag=1.0000 a_max=1.0000 xl_tag=0.4656 nlock=6 tune=57.005762
# REG t=748.00 tp n=7 rho=[0.205 0.447 0.548 0.991] gr=0.00472 fl=1.000 | ba n=25727 rho=[0.100 0.487 0.836 0.958] gr=0.00006 fl=0.930
t=  752.00 -9.36e-16 | 1.6642 16.36  22137   14  97252  97498 | 1.4289 14.82 | 8.45e-03 1.96e-02 |   4.6205 0.6617  1.8927  1.3490 1.000 15.33 | edge_dev mean=0.1889 max=0.5203 gg=0.4372 shape_dev=0.2594 xbar=0.3092 | T0 psi=(-0.160,-1.253,+0.880) ggm=0.000 circ=-1.2115 xUDD=(0.135,0.151,0.655) | T1 psi=(+0.027,+0.374,-0.232) ggm=0.000 circ=+0.2624 xUDD=(0.098,0.176,0.639) | sep=2.5655
# CONVTAG t=752.00 rough=0.000000 cond=8.361803 evap=11.203644 backs=1.461345
# CANT t=752.00 a_tag=1.0000 a_max=1.0000 xl_tag=0.4656 nlock=6 tune=57.384576
# REG t=752.00 tp n=7 rho=[0.326 0.447 0.544 0.961] gr=0.00534 fl=1.000 | ba n=25713 rho=[0.098 0.482 0.833 0.958] gr=0.00007 fl=0.931
t=  756.00 -9.36e-16 | 1.6641 16.34  22109   14  97784  98019 | 1.4285 14.82 | 9.11e-03 2.39e-02 |   4.2879 0.6140  1.8543  1.3535 1.000 15.17 | edge_dev mean=0.1865 max=0.5167 gg=0.2870 shape_dev=0.2614 xbar=0.2850 | T0 psi=(+0.266,+1.448,-2.948) ggm=0.000 circ=-1.2434 xUDD=(0.140,0.125,0.637) | T1 psi=(-0.204,+0.061,-0.016) ggm=0.000 circ=+0.3212 xUDD=(0.081,0.124,0.604) | sep=2.5730
# CONVTAG t=756.00 rough=0.000000 cond=8.361803 evap=11.503828 backs=1.500499
# CANT t=756.00 a_tag=1.0000 a_max=1.0000 xl_tag=0.4656 nlock=6 tune=57.842190
# REG t=756.00 tp n=7 rho=[0.334 0.533 0.641 0.995] gr=0.00359 fl=1.000 | ba n=25723 rho=[0.095 0.478 0.838 0.959] gr=0.00007 fl=0.930
t=  760.00 -9.36e-16 | 1.6641 16.35  22115   19  98345  98579 | 1.4285 14.81 | 5.51e-03 1.54e-02 |   4.4230 0.6334  1.9319  1.3354 1.000 15.50 | edge_dev mean=0.2047 max=0.5421 gg=0.3080 shape_dev=0.2689 xbar=0.2938 | T0 psi=(-0.239,+0.557,-1.087) ggm=0.032 circ=-1.2137 xUDD=(0.114,0.130,0.626) | T1 psi=(-0.056,+1.831,-1.526) ggm=0.000 circ=+0.2940 xUDD=(0.140,0.137,0.616) | sep=2.5724
# CONVTAG t=760.00 rough=0.000000 cond=8.361803 evap=11.503828 backs=1.500499
# CANT t=760.00 a_tag=1.0000 a_max=1.0000 xl_tag=0.4656 nlock=6 tune=58.114791
# REG t=760.00 tp n=7 rho=[0.443 0.541 0.683 0.991] gr=0.00516 fl=1.000 | ba n=25716 rho=[0.098 0.488 0.838 0.958] gr=0.00006 fl=0.930
t=  764.00 -9.36e-16 | 1.6639 16.35  22125   20  98887  99122 | 1.4285 14.80 | 9.88e-03 2.46e-02 |   4.4511 0.6374  1.9900  1.3112 1.000 15.67 | edge_dev mean=0.2103 max=0.5369 gg=0.3540 shape_dev=0.2575 xbar=0.2958 | T0 psi=(+0.018,-3.024,+1.850) ggm=0.000 circ=-1.2310 xUDD=(0.111,0.100,0.630) | T1 psi=(+0.083,-3.069,+2.708) ggm=0.000 circ=+0.3119 xUDD=(0.137,0.176,0.621) | sep=2.5718
# CONVTAG t=764.00 rough=0.000000 cond=8.361803 evap=11.503828 backs=1.500499
# CANT t=764.00 a_tag=1.0000 a_max=1.0000 xl_tag=0.4656 nlock=6 tune=58.403450
# REG t=764.00 tp n=7 rho=[0.444 0.557 0.683 0.991] gr=0.00361 fl=1.000 | ba n=25716 rho=[0.097 0.485 0.837 0.959] gr=0.00007 fl=0.929
t=  768.00 -9.36e-16 | 1.6640 16.35  22124    8  99403  99655 | 1.4285 14.81 | 4.97e-03 1.58e-02 |   4.1258 0.5908  1.9827  1.2861 1.000 15.83 | edge_dev mean=0.2084 max=0.5654 gg=0.2289 shape_dev=0.2937 xbar=0.2743 | T0 psi=(+0.039,+0.352,-1.583) ggm=0.024 circ=-1.2125 xUDD=(0.096,0.093,0.623) | T1 psi=(+0.028,+2.768,+2.400) ggm=0.000 circ=+0.3242 xUDD=(0.067,0.140,0.627) | sep=2.5397
# CONVTAG t=768.00 rough=0.000000 cond=8.361803 evap=11.503828 backs=1.500499
# CANT t=768.00 a_tag=1.0000 a_max=1.0000 xl_tag=0.4656 nlock=6 tune=58.668405
# REG t=768.00 tp n=7 rho=[0.420 0.557 0.683 0.965] gr=0.00242 fl=1.000 | ba n=25711 rho=[0.100 0.492 0.839 0.959] gr=0.00007 fl=0.930
t=  772.00 -9.36e-16 | 1.6641 16.37  22143   16  99988 100219 | 1.4287 14.81 | 6.40e-03 1.72e-02 |   3.9287 0.5626  1.9893  1.2841 1.000 15.67 | edge_dev mean=0.2046 max=0.5835 gg=0.2282 shape_dev=0.2972 xbar=0.2615 | T0 psi=(+0.080,-3.131,+1.746) ggm=0.000 circ=-1.1931 xUDD=(0.085,0.094,0.609) | T1 psi=(+0.154,-0.285,-1.436) ggm=0.000 circ=+0.3684 xUDD=(0.040,0.110,0.630) | sep=2.5380
# CONVTAG t=772.00 rough=0.000000 cond=8.361803 evap=11.503828 backs=1.500499
# CANT t=772.00 a_tag=1.0000 a_max=1.0000 xl_tag=0.4656 nlock=6 tune=58.917288
# REG t=772.00 tp n=7 rho=[0.417 0.539 0.683 0.931] gr=0.00162 fl=1.000 | ba n=25724 rho=[0.098 0.482 0.839 0.959] gr=0.00007 fl=0.929
t=  776.00 -9.36e-16 | 1.6639 16.34  22112   14 100494 100724 | 1.4282 14.79 | 7.12e-03 2.18e-02 |   3.9172 0.5609  1.9972  1.2835 1.000 15.50 | edge_dev mean=0.1883 max=0.5912 gg=0.2374 shape_dev=0.2859 xbar=0.2643 | T0 psi=(+0.016,-0.158,-1.216) ggm=0.044 circ=-1.1616 xUDD=(0.078,0.098,0.612) | T1 psi=(-0.143,-1.961,+1.011) ggm=0.000 circ=+0.4353 xUDD=(0.044,0.121,0.632) | sep=2.5469
# CONVTAG t=776.00 rough=0.000000 cond=8.361803 evap=11.503828 backs=1.500499
# CANT t=776.00 a_tag=1.0000 a_max=1.0000 xl_tag=0.4656 nlock=6 tune=59.162614
# REG t=776.00 tp n=7 rho=[0.460 0.557 0.683 0.893] gr=0.00109 fl=1.000 | ba n=25728 rho=[0.099 0.482 0.838 0.960] gr=0.00007 fl=0.929
t=  780.00 -9.36e-16 | 1.6635 16.33  22101   14 101070 101291 | 1.4281 14.80 | 7.89e-03 2.33e-02 |   4.0443 0.5791  2.0098  1.2867 1.000 15.83 | edge_dev mean=0.1811 max=0.5905 gg=0.2645 shape_dev=0.2684 xbar=0.2691 | T0 psi=(+0.006,+2.378,+2.416) ggm=0.000 circ=-1.1591 xUDD=(0.087,0.092,0.619) | T1 psi=(-0.215,+0.973,-1.326) ggm=0.000 circ=+0.5409 xUDD=(0.082,0.105,0.631) | sep=2.5553
# CONVTAG t=780.00 rough=0.000000 cond=8.361803 evap=11.503828 backs=1.500499
# CANT t=780.00 a_tag=1.0000 a_max=1.0000 xl_tag=0.4656 nlock=6 tune=59.468195
# REG t=780.00 tp n=7 rho=[0.519 0.557 0.683 0.784] gr=0.00073 fl=1.000 | ba n=25737 rho=[0.097 0.480 0.836 0.960] gr=0.00007 fl=0.928
t=  784.00 -9.36e-16 | 1.6633 16.33  22093   11 101584 101806 | 1.4281 14.80 | 5.84e-03 2.01e-02 |   4.1058 0.5879  1.9634  1.3125 1.000 16.00 | edge_dev mean=0.1775 max=0.5959 gg=0.2334 shape_dev=0.2783 xbar=0.2734 | T0 psi=(-0.015,-0.497,-0.910) ggm=0.053 circ=-1.1762 xUDD=(0.109,0.105,0.622) | T1 psi=(-0.465,-1.516,+1.538) ggm=0.000 circ=+0.6518 xUDD=(0.078,0.096,0.630) | sep=2.5463
# CONVTAG t=784.00 rough=0.000000 cond=8.361803 evap=11.503828 backs=1.500499
# CANT t=784.00 a_tag=1.0000 a_max=1.0000 xl_tag=0.4656 nlock=6 tune=59.764463
# REG t=784.00 tp n=7 rho=[0.505 0.557 0.637 0.683] gr=0.00060 fl=1.000 | ba n=25739 rho=[0.096 0.475 0.839 0.960] gr=0.00007 fl=0.928
t=  788.00 -9.36e-16 | 1.6634 16.29  22042   15 102138 102360 | 1.4274 14.80 | 1.01e-02 2.38e-02 |   4.1237 0.5905  1.9422  1.3185 1.000 15.33 | edge_dev mean=0.1947 max=0.5942 gg=0.3410 shape_dev=0.3224 xbar=0.2743 | T0 psi=(+0.043,+3.032,+1.864) ggm=0.000 circ=-1.1026 xUDD=(0.112,0.115,0.621) | T1 psi=(-0.236,+2.221,-1.600) ggm=0.000 circ=+0.7708 xUDD=(0.074,0.102,0.621) | sep=2.5378
# CONVTAG t=788.00 rough=0.000000 cond=8.361803 evap=11.503828 backs=1.500499
# CANT t=788.00 a_tag=1.0000 a_max=1.0000 xl_tag=0.4656 nlock=6 tune=60.045886
# REG t=788.00 tp n=7 rho=[0.485 0.557 0.644 0.683] gr=0.00068 fl=1.000 | ba n=25735 rho=[0.096 0.478 0.840 0.960] gr=0.00007 fl=0.929
t=  792.00 -9.36e-16 | 1.6636 16.29  22046   16 102658 102914 | 1.4275 14.80 | 7.33e-03 1.93e-02 |   4.1434 0.5933  1.8908  1.3361 1.000 15.67 | edge_dev mean=0.1702 max=0.5925 gg=0.2057 shape_dev=0.2904 xbar=0.2755 | T0 psi=(-0.045,+1.902,-3.005) ggm=0.000 circ=-1.0790 xUDD=(0.117,0.137,0.626) | T1 psi=(-0.562,-0.419,+0.806) ggm=0.000 circ=+0.8111 xUDD=(0.063,0.101,0.609) | sep=2.5475
# CONVTAG t=792.00 rough=0.000000 cond=8.361803 evap=11.503828 backs=1.500499
# CANT t=792.00 a_tag=1.0000 a_max=1.0000 xl_tag=0.4656 nlock=6 tune=60.280253
# REG t=792.00 tp n=7 rho=[0.401 0.557 0.683 0.720] gr=0.00068 fl=1.000 | ba n=25701 rho=[0.100 0.485 0.841 0.960] gr=0.00007 fl=0.929
t=  796.00 -9.36e-16 | 1.6639 16.33  22096    9 103232 103473 | 1.4280 14.79 | 7.39e-03 1.76e-02 |   4.3186 0.6184  1.8391  1.3585 1.000 16.00 | edge_dev mean=0.1610 max=0.6076 gg=0.1904 shape_dev=0.2812 xbar=0.2869 | T0 psi=(+0.056,+2.248,+2.754) ggm=0.000 circ=-1.0701 xUDD=(0.151,0.148,0.634) | T1 psi=(-0.444,+3.112,-2.911) ggm=0.000 circ=+0.8305 xUDD=(0.071,0.104,0.614) | sep=2.5473
# CONVTAG t=796.00 rough=0.000000 cond=8.361803 evap=11.503828 backs=1.500499
# CANT t=796.00 a_tag=1.0000 a_max=1.0000 xl_tag=0.4656 nlock=6 tune=60.509350
# REG t=796.00 tp n=7 rho=[0.437 0.557 0.683 0.741] gr=0.00165 fl=1.000 | ba n=25724 rho=[0.098 0.490 0.842 0.959] gr=0.00007 fl=0.929
t=  800.00 -8.03e-16 | 1.6641 16.31  22068   13 103829 104027 | 1.4277 14.79 | 1.06e-02 2.89e-02 |   4.4694 0.6400  1.7908  1.3832 1.000 16.17 | edge_dev mean=0.1581 max=0.5948 gg=0.2155 shape_dev=0.2711 xbar=0.2982 | T0 psi=(+0.144,+1.973,+2.986) ggm=0.000 circ=-1.0720 xUDD=(0.163,0.178,0.651) | T1 psi=(-0.402,+0.093,-0.051) ggm=0.000 circ=+0.8708 xUDD=(0.077,0.097,0.623) | sep=2.5462
# CONVTAG t=800.00 rough=0.000000 cond=8.361803 evap=11.503828 backs=1.500499
# CANT t=800.00 a_tag=1.0000 a_max=1.0000 xl_tag=0.4656 nlock=6 tune=60.748023
# REG t=800.00 tp n=7 rho=[0.382 0.558 0.683 0.704] gr=0.00177 fl=1.000 | ba n=25764 rho=[0.098 0.492 0.841 0.958] gr=0.00007 fl=0.927
t=  804.00 -8.03e-16 | 1.6642 16.35  22115   15 104375 104585 | 1.4282 14.79 | 1.27e-02 2.51e-02 |   4.4581 0.6384  1.7773  1.3739 1.000 15.67 | edge_dev mean=0.1695 max=0.6093 gg=0.1800 shape_dev=0.2658 xbar=0.2965 | T0 psi=(+0.128,-0.409,-0.742) ggm=0.131 circ=-1.1169 xUDD=(0.168,0.178,0.665) | T1 psi=(-0.261,-2.622,+2.078) ggm=0.000 circ=+0.9924 xUDD=(0.055,0.095,0.617) | sep=2.5406
# CONVTAG t=804.00 rough=0.000000 cond=8.361803 evap=11.503828 backs=1.500499
# CANT t=804.00 a_tag=1.0000 a_max=1.0000 xl_tag=0.4656 nlock=6 tune=61.092064
# REG t=804.00 tp n=7 rho=[0.329 0.537 0.558 0.683] gr=0.00204 fl=1.000 | ba n=25750 rho=[0.098 0.482 0.841 0.959] gr=0.00007 fl=0.926
t=  808.00 -8.03e-16 | 1.6642 16.32  22084   14 104917 105136 | 1.4279 14.79 | 1.48e-02 3.49e-02 |   3.9339 0.5633  1.8943  1.3552 1.000 15.83 | edge_dev mean=0.1761 max=0.6156 gg=0.2570 shape_dev=0.2672 xbar=0.2618 | T0 psi=(+0.038,-1.882,+0.213) ggm=0.000 circ=-1.1239 xUDD=(0.119,0.136,0.582) | T1 psi=(-0.668,+1.420,-1.103) ggm=0.000 circ=+1.0855 xUDD=(0.061,0.065,0.608) | sep=2.5419
# CONVTAG t=808.00 rough=0.000000 cond=8.361803 evap=11.802640 backs=1.539475
# CANT t=808.00 a_tag=1.0000 a_max=1.0000 xl_tag=0.4656 nlock=6 tune=61.499781
# REG t=808.00 tp n=7 rho=[0.303 0.490 0.528 0.683] gr=0.00152 fl=1.000 | ba n=25740 rho=[0.100 0.485 0.843 0.959] gr=0.00007 fl=0.927
t=  812.00 -8.03e-16 | 1.6643 16.31  22065   17 105462 105671 | 1.4276 14.79 | 1.12e-02 2.34e-02 |   3.9679 0.5682  1.8865  1.3208 1.000 16.00 | edge_dev mean=0.1808 max=0.6210 gg=0.0913 shape_dev=0.2893 xbar=0.2641 | T0 psi=(-0.336,-1.443,+0.853) ggm=0.000 circ=-1.0776 xUDD=(0.089,0.149,0.619) | T1 psi=(-0.533,-1.835,+1.895) ggm=0.000 circ=+1.1622 xUDD=(0.051,0.071,0.606) | sep=2.5251
# CONVTAG t=812.00 rough=0.000000 cond=8.361803 evap=11.802640 backs=1.539475
# CANT t=812.00 a_tag=1.0000 a_max=1.0000 xl_tag=0.4656 nlock=6 tune=61.724414
# REG t=812.00 tp n=7 rho=[0.298 0.436 0.536 0.683] gr=0.00131 fl=1.000 | ba n=25750 rho=[0.099 0.487 0.841 0.959] gr=0.00007 fl=0.926
t=  816.00 -8.03e-16 | 1.6641 16.33  22096   15 106013 106244 | 1.4280 14.79 | 5.94e-03 1.81e-02 |   4.4693 0.6400  1.8855  1.2745 1.000 15.50 | edge_dev mean=0.1889 max=0.6373 gg=0.2197 shape_dev=0.3114 xbar=0.2975 | T0 psi=(-0.052,-1.189,+0.578) ggm=0.000 circ=-1.0104 xUDD=(0.093,0.151,0.705) | T1 psi=(-0.467,+2.494,-2.073) ggm=0.000 circ=+1.1349 xUDD=(0.075,0.141,0.620) | sep=2.5046
# CONVTAG t=816.00 rough=0.000000 cond=8.809282 evap=11.802640 backs=1.539475
# CANT t=816.00 a_tag=1.0000 a_max=1.0000 xl_tag=0.4656 nlock=6 tune=62.223878
# REG t=816.00 tp n=7 rho=[0.337 0.434 0.483 0.683] gr=0.00144 fl=1.000 | ba n=25728 rho=[0.100 0.482 0.838 0.959] gr=0.00007 fl=0.927
t=  820.00 -8.03e-16 | 1.6644 16.33  22097   22 106543 106784 | 1.4280 14.79 | 6.78e-03 1.66e-02 |   4.2926 0.6147  1.9106  1.2940 1.000 15.83 | edge_dev mean=0.1876 max=0.6468 gg=0.2074 shape_dev=0.3197 xbar=0.2857 | T0 psi=(+0.065,-2.449,+1.280) ggm=0.000 circ=-1.0176 xUDD=(0.102,0.132,0.652) | T1 psi=(-0.285,-0.497,+0.746) ggm=0.000 circ=+1.2359 xUDD=(0.073,0.118,0.636) | sep=2.5076
# CONVTAG t=820.00 rough=0.000000 cond=8.809282 evap=11.802640 backs=1.539475
# CANT t=820.00 a_tag=1.0000 a_max=1.0000 xl_tag=0.4656 nlock=6 tune=62.636145
# REG t=820.00 tp n=7 rho=[0.303 0.417 0.437 0.682] gr=0.00131 fl=1.000 | ba n=25711 rho=[0.095 0.485 0.838 0.958] gr=0.00008 fl=0.928
t=  824.00 -8.03e-16 | 1.6644 16.33  22088   12 107069 107322 | 1.4280 14.80 | 6.82e-03 1.73e-02 |   4.2295 0.6057  1.9320  1.3048 1.000 15.17 | edge_dev mean=0.2163 max=0.6220 gg=0.3376 shape_dev=0.3379 xbar=0.2814 | T0 psi=(+0.014,+0.921,-2.017) ggm=0.000 circ=-0.9938 xUDD=(0.108,0.119,0.630) | T1 psi=(-0.055,-2.967,-2.673) ggm=0.000 circ=+1.3242 xUDD=(0.087,0.112,0.632) | sep=2.5179
# CONVTAG t=824.00 rough=0.000000 cond=8.809282 evap=11.802640 backs=1.539475
# CANT t=824.00 a_tag=1.0000 a_max=1.0000 xl_tag=0.4656 nlock=6 tune=62.936888
# REG t=824.00 tp n=7 rho=[0.237 0.452 0.682 0.688] gr=0.00121 fl=1.000 | ba n=25705 rho=[0.096 0.485 0.838 0.958] gr=0.00007 fl=0.928
t=  828.00 -8.03e-16 | 1.6640 16.32  22080   15 107599 107836 | 1.4278 14.79 | 6.25e-03 1.88e-02 |   4.1950 0.6007  1.8617  1.3235 1.000 15.33 | edge_dev mean=0.2149 max=0.6118 gg=0.2604 shape_dev=0.3344 xbar=0.2793 | T0 psi=(-0.027,-1.471,+0.598) ggm=0.000 circ=-0.9823 xUDD=(0.126,0.137,0.638) | T1 psi=(-0.168,+1.678,-1.998) ggm=0.000 circ=+1.3409 xUDD=(0.029,0.115,0.631) | sep=2.5103
# CONVTAG t=828.00 rough=0.000000 cond=9.254392 evap=12.281995 backs=1.601999
# CANT t=828.00 a_tag=1.0000 a_max=1.0000 xl_tag=0.4656 nlock=6 tune=63.256800
# REG t=828.00 tp n=7 rho=[0.199 0.477 0.682 0.851] gr=0.00112 fl=1.000 | ba n=25719 rho=[0.094 0.479 0.835 0.957] gr=0.00007 fl=0.927
t=  832.00 -8.03e-16 | 1.6640 16.32  22077   15 108137 108384 | 1.4278 14.79 | 6.43e-03 2.10e-02 |   3.7704 0.5399  1.7618  1.3260 1.000 15.33 | edge_dev mean=0.2116 max=0.6036 gg=0.1697 shape_dev=0.3258 xbar=0.2507 | T0 psi=(+0.065,+2.251,+2.855) ggm=0.000 circ=-0.9947 xUDD=(0.140,0.117,0.624) | T1 psi=(+0.052,-0.667,-1.975) ggm=0.000 circ=+1.3873 xUDD=(0.025,0.076,0.522) | sep=2.4888
# CONVTAG t=832.00 rough=0.000000 cond=9.254392 evap=12.584772 backs=1.641492
# CANT t=832.00 a_tag=1.0000 a_max=1.0000 xl_tag=0.4656 nlock=6 tune=63.545978
# REG t=832.00 tp n=7 rho=[0.171 0.535 0.682 0.804] gr=0.00105 fl=1.000 | ba n=25709 rho=[0.096 0.482 0.835 0.958] gr=0.00008 fl=0.927
t=  836.00 -8.03e-16 | 1.6644 16.30  22053   19 108675 108920 | 1.4275 14.80 | 8.88e-03 2.11e-02 |   3.7819 0.5416  1.7714  1.3529 1.000 15.33 | edge_dev mean=0.2180 max=0.6110 gg=0.1672 shape_dev=0.3009 xbar=0.2524 | T0 psi=(+0.194,-1.548,+0.043) ggm=0.002 circ=-0.9828 xUDD=(0.145,0.124,0.627) | T1 psi=(+0.022,-2.655,-0.216) ggm=0.000 circ=+1.4499 xUDD=(0.010,0.043,0.564) | sep=2.4978
# CONVTAG t=836.00 rough=0.000000 cond=9.254392 evap=12.584772 backs=1.641492
# CANT t=836.00 a_tag=1.0000 a_max=1.0000 xl_tag=0.4656 nlock=6 tune=63.914836
# REG t=836.00 tp n=7 rho=[0.139 0.535 0.682 0.742] gr=0.00108 fl=1.000 | ba n=25708 rho=[0.093 0.478 0.836 0.958] gr=0.00008 fl=0.927
t=  840.00 -8.03e-16 | 1.6642 16.29  22035   12 109272 109507 | 1.4274 14.80 | 8.77e-03 2.14e-02 |   3.8946 0.5577  1.7878  1.3629 1.000 15.50 | edge_dev mean=0.2129 max=0.6161 gg=0.2741 shape_dev=0.2921 xbar=0.2589 | T0 psi=(+0.069,+2.656,+2.304) ggm=0.000 circ=-1.0035 xUDD=(0.146,0.139,0.623) | T1 psi=(-0.044,+2.101,+1.405) ggm=0.000 circ=+1.4880 xUDD=(0.014,0.057,0.575) | sep=2.5026
# CONVTAG t=840.00 rough=0.000000 cond=9.254392 evap=12.584772 backs=1.641492
# CANT t=840.00 a_tag=1.0000 a_max=1.0000 xl_tag=0.4656 nlock=6 tune=64.178748
# REG t=840.00 tp n=7 rho=[0.158 0.542 0.682 0.707] gr=0.00095 fl=1.000 | ba n=25724 rho=[0.094 0.485 0.837 0.959] gr=0.00007 fl=0.926
t=  844.00 -8.03e-16 | 1.6645 16.32  22076   10 109856 110089 | 1.4279 14.80 | 9.54e-03 2.43e-02 |   3.9789 0.5698  1.8265  1.3698 1.000 15.67 | edge_dev mean=0.2239 max=0.6036 gg=0.1645 shape_dev=0.2837 xbar=0.2647 | T0 psi=(+0.037,+1.590,-2.840) ggm=0.000 circ=-1.0013 xUDD=(0.137,0.144,0.621) | T1 psi=(+0.607,-1.623,+99.000) ggm=0.000 circ=+0.3731 xUDD=(0.029,0.066,0.591) | sep=2.5122
# CONVTAG t=844.00 rough=0.000000 cond=9.254392 evap=12.584772 backs=1.641492
# CANT t=844.00 a_tag=1.0000 a_max=1.0000 xl_tag=0.4656 nlock=6 tune=64.434522
# REG t=844.00 tp n=6 rho=[0.329 0.406 0.542 0.634] gr=0.00065 fl=1.000 | ba n=25727 rho=[0.095 0.484 0.838 0.958] gr=0.00008 fl=0.926
t=  848.00 -8.03e-16 | 1.6645 16.31  22063   12 110420 110665 | 1.4277 14.80 | 4.76e-03 2.35e-02 |   3.9733 0.5690  1.8518  1.3569 1.000 15.33 | edge_dev mean=0.2376 max=0.5908 gg=0.1608 shape_dev=0.2901 xbar=0.2645 | T0 psi=(-0.039,+1.313,-2.389) ggm=0.000 circ=-1.0108 xUDD=(0.124,0.136,0.623) | T1 psi=(+0.645,+1.763,+99.000) ggm=0.000 circ=+0.4285 xUDD=(0.032,0.065,0.607) | sep=2.5105
# CONVTAG t=848.00 rough=0.000000 cond=9.254392 evap=12.584772 backs=1.641492
# CANT t=848.00 a_tag=1.0000 a_max=1.0000 xl_tag=0.4656 nlock=6 tune=64.701551
# REG t=848.00 tp n=6 rho=[0.385 0.541 0.543 0.568] gr=0.00101 fl=1.000 | ba n=25714 rho=[0.094 0.481 0.840 0.959] gr=0.00008 fl=0.926
t=  852.00 -8.03e-16 | 1.6645 16.33  22101   12 111027 111266 | 1.4281 14.80 | 5.89e-03 1.82e-02 |   4.0358 0.5779  1.8521  1.3469 1.000 15.17 | edge_dev mean=0.2452 max=0.5663 gg=0.2079 shape_dev=0.3039 xbar=0.2682 | T0 psi=(+0.070,-1.543,+0.373) ggm=0.000 circ=-1.0839 xUDD=(0.137,0.116,0.632) | T1 psi=(-0.042,-2.982,+99.000) ggm=0.000 circ=+0.5342 xUDD=(0.033,0.075,0.615) | sep=2.5038
# CONVTAG t=852.00 rough=0.000000 cond=9.254392 evap=12.584772 backs=1.641492
# CANT t=852.00 a_tag=1.0000 a_max=1.0000 xl_tag=0.4656 nlock=6 tune=64.929222
# REG t=852.00 tp n=6 rho=[0.385 0.426 0.543 0.805] gr=0.00107 fl=1.000 | ba n=25718 rho=[0.095 0.481 0.838 0.959] gr=0.00008 fl=0.926
t=  856.00 -8.03e-16 | 1.6647 16.31  22062    7 111589 111829 | 1.4276 14.80 | 5.93e-03 1.66e-02 |   4.0645 0.5820  1.8317  1.3526 1.000 15.50 | edge_dev mean=0.2457 max=0.5619 gg=0.1562 shape_dev=0.3025 xbar=0.2703 | T0 psi=(+0.151,+2.066,+2.972) ggm=0.000 circ=-1.1054 xUDD=(0.143,0.122,0.633) | T1 psi=(+0.708,-2.003,+99.000) ggm=0.000 circ=+0.6168 xUDD=(0.034,0.071,0.619) | sep=2.5127
# CONVTAG t=856.00 rough=0.000000 cond=9.254392 evap=12.584772 backs=1.641492
# CANT t=856.00 a_tag=1.0000 a_max=1.0000 xl_tag=0.4656 nlock=6 tune=65.175598
# REG t=856.00 tp n=6 rho=[0.384 0.388 0.517 0.542] gr=0.00135 fl=1.000 | ba n=25722 rho=[0.095 0.479 0.836 0.959] gr=0.00008 fl=0.926
t=  860.00 -8.03e-16 | 1.6645 16.30  22058   12 112125 112380 | 1.4276 14.79 | 8.83e-03 2.08e-02 |   3.8936 0.5576  1.8334  1.3525 1.000 15.67 | edge_dev mean=0.2274 max=0.5521 gg=0.2193 shape_dev=0.2911 xbar=0.2589 | T0 psi=(-0.095,-0.663,-0.146) ggm=0.028 circ=-1.1046 xUDD=(0.121,0.127,0.622) | T1 psi=(+0.442,+1.554,+99.000) ggm=0.000 circ=+0.6765 xUDD=(0.017,0.061,0.606) | sep=2.5178
# CONVTAG t=860.00 rough=0.000000 cond=9.254392 evap=12.584772 backs=1.641492
# CANT t=860.00 a_tag=1.0000 a_max=1.0000 xl_tag=0.4656 nlock=6 tune=65.408216
# REG t=860.00 tp n=6 rho=[0.277 0.303 0.384 0.521] gr=0.00175 fl=1.000 | ba n=25703 rho=[0.097 0.480 0.836 0.960] gr=0.00007 fl=0.927
t=  864.00 -8.03e-16 | 1.6647 16.29  22043    8 112680 112916 | 1.4273 14.79 | 1.12e-02 2.63e-02 |   3.9460 0.5651  1.8836  1.3314 1.000 15.50 | edge_dev mean=0.2211 max=0.5559 gg=0.1494 shape_dev=0.2833 xbar=0.2627 | T0 psi=(-0.188,+2.679,+2.947) ggm=0.000 circ=-1.1058 xUDD=(0.098,0.127,0.621) | T1 psi=(+0.386,-1.173,-2.081) ggm=0.000 circ=+0.7175 xUDD=(0.031,0.095,0.603) | sep=2.5254
# CONVTAG t=864.00 rough=0.000000 cond=9.254392 evap=12.584772 backs=1.641492
# CANT t=864.00 a_tag=1.0000 a_max=1.0000 xl_tag=0.4656 nlock=6 tune=65.631356
# REG t=864.00 tp n=7 rho=[0.125 0.290 0.452 0.534] gr=0.00147 fl=0.857 | ba n=25725 rho=[0.098 0.482 0.838 0.960] gr=0.00007 fl=0.926
t=  868.00 -8.03e-16 | 1.6645 16.32  22079   19 113225 113455 | 1.4277 14.78 | 7.57e-03 2.11e-02 |   3.9565 0.5666  1.8934  1.3256 1.000 15.50 | edge_dev mean=0.2171 max=0.5756 gg=0.2420 shape_dev=0.3029 xbar=0.2633 | T0 psi=(+0.009,-2.082,+0.955) ggm=0.000 circ=-1.1031 xUDD=(0.113,0.109,0.616) | T1 psi=(+0.251,+2.068,+1.278) ggm=0.000 circ=+0.7506 xUDD=(0.039,0.097,0.606) | sep=2.5053
# CONVTAG t=868.00 rough=0.000000 cond=9.254392 evap=12.584772 backs=1.641492
# CANT t=868.00 a_tag=1.0000 a_max=1.0000 xl_tag=0.4656 nlock=6 tune=65.858424
# REG t=868.00 tp n=7 rho=[0.055 0.304 0.431 0.515] gr=0.00106 fl=0.857 | ba n=25721 rho=[0.098 0.482 0.838 0.960] gr=0.00007 fl=0.926
t=  872.00 -8.03e-16 | 1.6649 16.30  22057   13 113737 113991 | 1.4274 14.78 | 5.18e-03 1.80e-02 |   3.7891 0.5426  1.9124  1.3308 1.000 15.50 | edge_dev mean=0.2129 max=0.5637 gg=0.2205 shape_dev=0.2851 xbar=0.2518 | T0 psi=(+0.010,+1.083,-2.531) ggm=0.000 circ=-1.1203 xUDD=(0.102,0.102,0.600) | T1 psi=(+0.393,-1.033,-2.696) ggm=0.000 circ=+0.7887 xUDD=(0.030,0.076,0.600) | sep=2.5163
# CONVTAG t=872.00 rough=0.000000 cond=9.254392 evap=12.889723 backs=1.681268
# CANT t=872.00 a_tag=1.0000 a_max=1.0000 xl_tag=0.4656 nlock=6 tune=66.242061
# REG t=872.00 tp n=7 rho=[0.034 0.396 0.489 0.706] gr=0.00113 fl=0.857 | ba n=25705 rho=[0.098 0.484 0.838 0.961] gr=0.00007 fl=0.927
t=  876.00 -8.03e-16 | 1.6651 16.31  22070   12 114316 114539 | 1.4277 14.79 | 9.66e-03 2.61e-02 |   3.8405 0.5500  1.9031  1.3428 1.000 15.17 | edge_dev mean=0.2110 max=0.5506 gg=0.2304 shape_dev=0.2665 xbar=0.2555 | T0 psi=(+0.022,-2.275,+0.899) ggm=0.000 circ=-1.1534 xUDD=(0.112,0.100,0.615) | T1 psi=(+0.409,+1.991,+0.657) ggm=0.000 circ=+0.8117 xUDD=(0.032,0.075,0.599) | sep=2.5385
# CONVTAG t=876.00 rough=0.000000 cond=9.254392 evap=12.889723 backs=1.681268
# CANT t=876.00 a_tag=1.0000 a_max=1.0000 xl_tag=0.4656 nlock=6 tune=66.420808
# REG t=876.00 tp n=7 rho=[0.023 0.392 0.474 0.706] gr=0.00106 fl=0.857 | ba n=25736 rho=[0.096 0.483 0.838 0.959] gr=0.00007 fl=0.926
t=  880.00 -8.03e-16 | 1.6654 16.32  22087    8 114879 115098 | 1.4278 14.78 | 8.70e-03 2.20e-02 |   3.8265 0.5480  1.9235  1.3482 1.000 15.17 | edge_dev mean=0.2175 max=0.5474 gg=0.2373 shape_dev=0.2539 xbar=0.2547 | T0 psi=(+0.013,+0.838,-2.248) ggm=0.000 circ=-1.1606 xUDD=(0.105,0.101,0.617) | T1 psi=(+0.280,-1.495,-1.786) ggm=0.000 circ=+0.8685 xUDD=(0.030,0.072,0.602) | sep=2.5522
# CONVTAG t=880.00 rough=0.000000 cond=9.254392 evap=12.889723 backs=1.681268
# CANT t=880.00 a_tag=1.0000 a_max=1.0000 xl_tag=0.4656 nlock=6 tune=66.647127
# REG t=880.00 tp n=7 rho=[0.015 0.387 0.465 0.706] gr=0.00090 fl=0.857 | ba n=25743 rho=[0.095 0.481 0.837 0.959] gr=0.00007 fl=0.926
t=  884.00 -8.03e-16 | 1.6651 16.35  22117   11 115445 115661 | 1.4281 14.78 | 8.70e-03 1.96e-02 |   3.8389 0.5497  1.9070  1.3488 1.000 15.17 | edge_dev mean=0.2230 max=0.5468 gg=0.2346 shape_dev=0.2628 xbar=0.2557 | T0 psi=(+0.033,-2.221,+0.860) ggm=0.000 circ=-1.1757 xUDD=(0.111,0.105,0.611) | T1 psi=(+0.297,+1.707,+99.000) ggm=0.000 circ=+0.9320 xUDD=(0.031,0.070,0.606) | sep=2.5433
# CONVTAG t=884.00 rough=0.000000 cond=9.254392 evap=12.889723 backs=1.681268
# CANT t=884.00 a_tag=1.0000 a_max=1.0000 xl_tag=0.4656 nlock=6 tune=66.873722
# REG t=884.00 tp n=6 rho=[0.045 0.388 0.480 0.706] gr=0.00087 fl=1.000 | ba n=25742 rho=[0.092 0.478 0.834 0.959] gr=0.00007 fl=0.925
t=  888.00 -6.69e-16 | 1.6648 16.31  22062   12 116002 116259 | 1.4275 14.78 | 5.56e-03 1.70e-02 |   3.9748 0.5692  1.8686  1.3488 1.000 14.83 | edge_dev mean=0.2140 max=0.5614 gg=0.1826 shape_dev=0.2581 xbar=0.2642 | T0 psi=(-0.056,+1.939,-3.035) ggm=0.000 circ=-1.1784 xUDD=(0.116,0.125,0.623) | T1 psi=(+0.199,-1.346,-1.601) ggm=0.000 circ=+1.0049 xUDD=(0.032,0.076,0.612) | sep=2.5396
# CONVTAG t=888.00 rough=0.000000 cond=9.254392 evap=12.889723 backs=1.681268
# CANT t=888.00 a_tag=1.0000 a_max=1.0000 xl_tag=0.4656 nlock=6 tune=67.104614
# REG t=888.00 tp n=7 rho=[0.007 0.382 0.489 0.694] gr=0.00085 fl=0.857 | ba n=25698 rho=[0.092 0.472 0.833 0.959] gr=0.00007 fl=0.927
t=  892.00 -8.03e-16 | 1.6648 16.31  22061    8 116580 116834 | 1.4275 14.78 | 1.47e-02 3.71e-02 |   4.1385 0.5926  1.9601  1.3548 1.000 14.83 | edge_dev mean=0.2071 max=0.5529 gg=0.2276 shape_dev=0.2378 xbar=0.2753 | T0 psi=(+0.006,-1.969,+0.704) ggm=0.000 circ=-1.1809 xUDD=(0.118,0.113,0.620) | T1 psi=(+0.289,+2.280,+1.417) ggm=0.000 circ=+1.0735 xUDD=(0.028,0.090,0.682) | sep=2.5571
# CONVTAG t=892.00 rough=0.000000 cond=9.428730 evap=12.889723 backs=1.681268
# CANT t=892.00 a_tag=1.0000 a_max=1.0000 xl_tag=0.4656 nlock=6 tune=67.321882
# REG t=892.00 tp n=7 rho=[0.005 0.367 0.499 0.666] gr=0.00089 fl=0.857 | ba n=25704 rho=[0.094 0.479 0.837 0.960] gr=0.00007 fl=0.927
t=  896.00 -6.69e-16 | 1.6645 16.32  22082   16 117100 117370 | 1.4278 14.78 | 7.36e-03 1.83e-02 |   4.1052 0.5879  1.9704  1.3346 1.000 14.83 | edge_dev mean=0.2063 max=0.5598 gg=0.2410 shape_dev=0.2526 xbar=0.2731 | T0 psi=(+0.006,+1.162,-2.435) ggm=0.000 circ=-1.1576 xUDD=(0.107,0.108,0.623) | T1 psi=(+0.413,-0.502,-2.063) ggm=0.000 circ=+1.0819 xUDD=(0.050,0.103,0.647) | sep=2.5501
# CONVTAG t=896.00 rough=0.000000 cond=9.428730 evap=12.889723 backs=1.681268
# CANT t=896.00 a_tag=1.0000 a_max=1.0000 xl_tag=0.4656 nlock=6 tune=67.580912
# REG t=896.00 tp n=7 rho=[0.003 0.370 0.482 0.666] gr=0.00085 fl=0.857 | ba n=25680 rho=[0.096 0.479 0.834 0.959] gr=0.00007 fl=0.929
t=  900.00 -8.03e-16 | 1.6650 16.33  22089   13 117591 117862 | 1.4278 14.77 | 4.85e-03 1.80e-02 |   4.1531 0.5947  1.9723  1.3557 1.000 15.17 | edge_dev mean=0.2116 max=0.5397 gg=0.2386 shape_dev=0.2426 xbar=0.2764 | T0 psi=(+0.030,-1.869,+0.586) ggm=0.000 circ=-1.1382 xUDD=(0.113,0.117,0.621) | T1 psi=(+0.488,+2.382,+99.000) ggm=0.000 circ=+1.0943 xUDD=(0.074,0.098,0.636) | sep=2.5472
# CONVTAG t=900.00 rough=0.000000 cond=9.428730 evap=12.889723 backs=1.681268
# CANT t=900.00 a_tag=1.0000 a_max=1.0000 xl_tag=0.4656 nlock=6 tune=67.768609
# REG t=900.00 tp n=6 rho=[0.019 0.383 0.454 0.666] gr=0.00100 fl=1.000 | ba n=25684 rho=[0.095 0.477 0.832 0.958] gr=0.00007 fl=0.928
t=  904.00 -6.69e-16 | 1.6651 16.34  22113   11 118113 118355 | 1.4282 14.79 | 1.10e-02 2.75e-02 |   4.1599 0.5957  1.9521  1.3495 1.000 15.00 | edge_dev mean=0.2095 max=0.5551 gg=0.2263 shape_dev=0.2517 xbar=0.2764 | T0 psi=(+0.020,+1.417,-2.654) ggm=0.000 circ=-1.1458 xUDD=(0.122,0.115,0.624) | T1 psi=(+0.316,-0.790,-1.680) ggm=0.000 circ=+1.7546 xUDD=(0.060,0.105,0.632) | sep=2.5467
# CONVTAG t=904.00 rough=0.000000 cond=9.428730 evap=12.889723 backs=1.681268
# CANT t=904.00 a_tag=1.0000 a_max=1.0000 xl_tag=0.4656 nlock=6 tune=67.963220
# REG t=904.00 tp n=7 rho=[0.001 0.366 0.426 0.666] gr=0.00114 fl=0.857 | ba n=25715 rho=[0.096 0.477 0.831 0.959] gr=0.00007 fl=0.927
t=  908.00 -8.03e-16 | 1.6646 16.33  22093   11 118595 118840 | 1.4280 14.78 | 6.30e-03 1.98e-02 |   4.1353 0.5922  1.9346  1.3452 1.000 15.00 | edge_dev mean=0.2034 max=0.5706 gg=0.2210 shape_dev=0.2528 xbar=0.2749 | T0 psi=(+0.033,-1.655,+0.418) ggm=0.000 circ=-1.1554 xUDD=(0.122,0.119,0.626) | T1 psi=(+0.415,+2.557,+1.368) ggm=0.000 circ=+1.7845 xUDD=(0.053,0.102,0.628) | sep=2.5519
# CONVTAG t=908.00 rough=0.000000 cond=9.428730 evap=12.889723 backs=1.681268
# CANT t=908.00 a_tag=1.0000 a_max=1.0000 xl_tag=0.4656 nlock=6 tune=68.182160
# REG t=908.00 tp n=7 rho=[0.001 0.341 0.429 0.666] gr=0.00123 fl=0.857 | ba n=25714 rho=[0.094 0.476 0.837 0.959] gr=0.00007 fl=0.928
t=  912.00 -6.69e-16 | 1.6646 16.35  22116   12 119075 119338 | 1.4283 14.79 | 5.57e-03 1.83e-02 |   3.7698 0.5398  1.8363  1.3418 1.000 15.17 | edge_dev mean=0.2022 max=0.5740 gg=0.2053 shape_dev=0.2632 xbar=0.2506 | T0 psi=(-0.047,+1.988,-3.115) ggm=0.000 circ=-1.1486 xUDD=(0.119,0.123,0.615) | T1 psi=(-0.152,+2.051,+2.369) ggm=0.000 circ=+1.8262 xUDD=(0.028,0.073,0.546) | sep=2.5457
# CONVTAG t=912.00 rough=0.000000 cond=9.428730 evap=13.192578 backs=1.720771
# CANT t=912.00 a_tag=1.0000 a_max=1.0000 xl_tag=0.4656 nlock=6 tune=68.472243
# REG t=912.00 tp n=7 rho=[0.001 0.356 0.433 0.967] gr=0.00110 fl=0.857 | ba n=25693 rho=[0.098 0.485 0.840 0.960] gr=0.00007 fl=0.929
t=  916.00 -6.69e-16 | 1.6647 16.32  22084   12 119639 119905 | 1.4278 14.78 | 5.17e-03 1.37e-02 |   3.7389 0.5354  1.8800  1.3394 1.000 15.50 | edge_dev mean=0.2014 max=0.5697 gg=0.1817 shape_dev=0.2717 xbar=0.2488 | T0 psi=(-0.065,-1.281,+0.216) ggm=0.001 circ=-1.1283 xUDD=(0.109,0.117,0.606) | T1 psi=(+0.083,-2.498,+0.269) ggm=0.000 circ=+1.8568 xUDD=(0.023,0.067,0.571) | sep=2.5463
# CONVTAG t=916.00 rough=0.000000 cond=9.428730 evap=13.192578 backs=1.720771
# CANT t=916.00 a_tag=1.0000 a_max=1.0000 xl_tag=0.4656 nlock=6 tune=68.707405
# REG t=916.00 tp n=7 rho=[0.013 0.349 0.434 0.585] gr=0.00076 fl=0.857 | ba n=25689 rho=[0.098 0.486 0.841 0.959] gr=0.00007 fl=0.928
t=  920.00 -6.69e-16 | 1.6650 16.34  22111   23 120111 120385 | 1.4283 14.79 | 1.02e-02 2.70e-02 |   3.8959 0.5579  1.9797  1.3240 1.000 15.17 | edge_dev mean=0.2017 max=0.5724 gg=0.2355 shape_dev=0.2708 xbar=0.2589 | T0 psi=(+0.014,+0.726,-2.089) ggm=0.000 circ=-1.1226 xUDD=(0.098,0.110,0.603) | T1 psi=(+0.268,+1.698,+2.344) ggm=0.000 circ=+1.8880 xUDD=(0.022,0.087,0.634) | sep=2.5432
# CONVTAG t=920.00 rough=0.000000 cond=9.607471 evap=13.192578 backs=1.720771
# CANT t=920.00 a_tag=1.0000 a_max=1.0000 xl_tag=0.4656 nlock=6 tune=68.930779
# REG t=920.00 tp n=7 rho=[0.049 0.347 0.445 0.541] gr=0.00066 fl=0.857 | ba n=25672 rho=[0.096 0.484 0.841 0.961] gr=0.00007 fl=0.928
t=  924.00 -6.69e-16 | 1.6652 16.35  22115   12 120617 120864 | 1.4283 14.80 | 7.28e-03 1.39e-02 |   3.8350 0.5492  2.0110  1.3094 1.000 15.33 | edge_dev mean=0.2057 max=0.5723 gg=0.2205 shape_dev=0.2656 xbar=0.2548 | T0 psi=(+0.064,-2.558,+0.947) ggm=0.000 circ=-1.1307 xUDD=(0.094,0.092,0.603) | T1 psi=(+0.126,-1.241,-0.930) ggm=0.000 circ=+1.9234 xUDD=(0.036,0.084,0.620) | sep=2.5339
# CONVTAG t=924.00 rough=0.000000 cond=9.607471 evap=13.192578 backs=1.720771
# CANT t=924.00 a_tag=1.0000 a_max=1.0000 xl_tag=0.4656 nlock=6 tune=69.148850
# REG t=924.00 tp n=7 rho=[0.042 0.379 0.450 0.543] gr=0.00071 fl=0.857 | ba n=25709 rho=[0.094 0.479 0.835 0.960] gr=0.00007 fl=0.927
t=  928.00 -6.69e-16 | 1.6656 16.33  22097   15 121186 121409 | 1.4280 14.79 | 4.31e-03 1.99e-02 |   3.8913 0.5572  1.9862  1.3253 1.000 15.33 | edge_dev mean=0.2138 max=0.5567 gg=0.2745 shape_dev=0.2576 xbar=0.2588 | T0 psi=(+0.010,+0.121,-1.517) ggm=0.023 circ=-1.1265 xUDD=(0.099,0.106,0.604) | T1 psi=(+0.042,+2.691,+1.067) ggm=0.000 circ=+1.9699 xUDD=(0.042,0.089,0.612) | sep=2.5265
# CONVTAG t=928.00 rough=0.000000 cond=9.607471 evap=13.192578 backs=1.720771
# CANT t=928.00 a_tag=1.0000 a_max=1.0000 xl_tag=0.4656 nlock=6 tune=69.331528
# REG t=928.00 tp n=7 rho=[0.053 0.421 0.436 0.543] gr=0.00075 fl=0.857 | ba n=25730 rho=[0.092 0.480 0.839 0.959] gr=0.00007 fl=0.926
t=  932.00 -6.69e-16 | 1.6655 16.32  22081    9 121744 121956 | 1.4279 14.80 | 6.31e-03 1.60e-02 |   4.1891 0.5999  1.8890  1.3690 1.000 15.00 | edge_dev mean=0.2081 max=0.5318 gg=0.2184 shape_dev=0.2484 xbar=0.2787 | T0 psi=(+0.125,-2.608,+1.391) ggm=0.000 circ=-1.0783 xUDD=(0.121,0.163,0.624) | T1 psi=(+0.373,+0.790,+99.000) ggm=0.000 circ=+1.4057 xUDD=(0.053,0.102,0.609) | sep=2.5333
# CONVTAG t=932.00 rough=0.000000 cond=9.607471 evap=13.192578 backs=1.720771
# CANT t=932.00 a_tag=1.0000 a_max=1.0000 xl_tag=0.4656 nlock=6 tune=69.564265
# REG t=932.00 tp n=6 rho=[0.168 0.236 0.393 0.396] gr=0.00077 fl=1.000 | ba n=25748 rho=[0.090 0.482 0.839 0.960] gr=0.00007 fl=0.925
t=  936.00 -6.69e-16 | 1.6652 16.34  22107   10 122317 122528 | 1.4283 14.80 | 8.26e-03 2.03e-02 |   4.0849 0.5850  1.9699  1.3388 1.000 15.00 | edge_dev mean=0.2102 max=0.5139 gg=0.2132 shape_dev=0.2232 xbar=0.2790 | T0 psi=(+0.067,+0.585,-1.907) ggm=0.002 circ=-1.0429 xUDD=(0.094,0.120,0.637) | T1 psi=(+0.564,-2.058,+99.000) ggm=0.000 circ=+1.4445 xUDD=(0.069,0.145,0.610) | sep=2.5453
# CONVTAG t=936.00 rough=0.000000 cond=9.871750 evap=13.657068 backs=1.781357
# CANT t=936.00 a_tag=1.0000 a_max=1.0000 xl_tag=0.4656 nlock=6 tune=69.904166
# REG t=936.00 tp n=6 rho=[0.085 0.340 0.356 0.416] gr=0.00110 fl=1.000 | ba n=25748 rho=[0.090 0.477 0.835 0.959] gr=0.00007 fl=0.926
t=  940.00 -6.69e-16 | 1.6650 16.32  22078   11 122838 123066 | 1.4279 14.79 | 6.63e-03 1.73e-02 |   4.0173 0.5753  1.9806  1.3285 1.000 15.00 | edge_dev mean=0.2131 max=0.5248 gg=0.2302 shape_dev=0.2672 xbar=0.2671 | T0 psi=(+0.060,-3.128,+1.677) ggm=0.000 circ=-1.0449 xUDD=(0.110,0.101,0.622) | T1 psi=(+0.424,+1.269,+99.000) ggm=0.000 circ=+1.4859 xUDD=(0.057,0.099,0.614) | sep=2.5192
# CONVTAG t=940.00 rough=0.000000 cond=9.871750 evap=13.657068 backs=1.781357
# CANT t=940.00 a_tag=1.0000 a_max=1.0000 xl_tag=0.4656 nlock=6 tune=70.115004
# REG t=940.00 tp n=6 rho=[0.049 0.334 0.356 0.405] gr=0.00099 fl=1.000 | ba n=25731 rho=[0.089 0.474 0.835 0.958] gr=0.00007 fl=0.926
t=  944.00 -6.69e-16 | 1.6650 16.35  22123    9 123323 123541 | 1.4283 14.78 | 4.05e-03 1.49e-02 |   3.9702 0.5685  2.0013  1.2923 1.000 15.67 | edge_dev mean=0.2187 max=0.5120 gg=0.2190 shape_dev=0.3224 xbar=0.2641 | T0 psi=(-0.088,+0.248,-1.460) ggm=0.015 circ=-1.0031 xUDD=(0.093,0.101,0.613) | T1 psi=(+0.225,-2.129,+99.000) ggm=0.000 circ=+1.5123 xUDD=(0.054,0.111,0.614) | sep=2.4771
# CONVTAG t=944.00 rough=0.000000 cond=9.871750 evap=13.657068 backs=1.781357
# CANT t=944.00 a_tag=1.0000 a_max=1.0000 xl_tag=0.4656 nlock=6 tune=70.320159
# REG t=944.00 tp n=6 rho=[0.025 0.282 0.356 0.388] gr=0.00150 fl=1.000 | ba n=25745 rho=[0.090 0.477 0.839 0.959] gr=0.00007 fl=0.926
t=  948.00 -6.69e-16 | 1.6656 16.35  22119    6 123866 124115 | 1.4282 14.78 | 9.99e-03 2.38e-02 |   3.6417 0.5215  2.1070  1.2737 1.000 15.83 | edge_dev mean=0.2175 max=0.5313 gg=0.1667 shape_dev=0.3180 xbar=0.2426 | T0 psi=(+0.019,-1.672,-0.358) ggm=0.000 circ=-1.0042 xUDD=(0.077,0.074,0.545) | T1 psi=(+0.077,+1.107,+99.000) ggm=0.000 circ=+1.5622 xUDD=(0.049,0.088,0.623) | sep=2.4714
# CONVTAG t=948.00 rough=0.000000 cond=9.871750 evap=13.962696 backs=1.821221
# CANT t=948.00 a_tag=1.0000 a_max=1.0000 xl_tag=0.4656 nlock=6 tune=70.701261
# REG t=948.00 tp n=6 rho=[0.015 0.277 0.283 0.333] gr=0.00227 fl=1.000 | ba n=25717 rho=[0.091 0.483 0.839 0.959] gr=0.00007 fl=0.928
t=  952.00 -6.69e-16 | 1.6655 16.34  22111   13 124399 124648 | 1.4281 14.78 | 4.60e-03 1.52e-02 |   3.6544 0.5233  2.1045  1.2312 1.000 16.00 | edge_dev mean=0.2171 max=0.5571 gg=0.1972 shape_dev=0.3102 xbar=0.2433 | T0 psi=(+0.026,-0.048,-1.825) ggm=0.002 circ=-0.9790 xUDD=(0.058,0.064,0.597) | T1 psi=(-0.035,-1.803,-0.854) ggm=0.000 circ=+1.6708 xUDD=(0.034,0.082,0.623) | sep=2.4834
# CONVTAG t=952.00 rough=0.000000 cond=9.871750 evap=13.962696 backs=1.821221
# CANT t=952.00 a_tag=1.0000 a_max=1.0000 xl_tag=0.4656 nlock=6 tune=70.982180
# REG t=952.00 tp n=7 rho=[0.006 0.245 0.345 0.354] gr=0.00264 fl=0.857 | ba n=25709 rho=[0.089 0.480 0.839 0.959] gr=0.00007 fl=0.928
t=  956.00 -6.69e-16 | 1.6656 16.36  22141   17 124924 125176 | 1.4285 14.78 | 5.12e-03 1.57e-02 |   3.5857 0.5135  2.0925  1.2437 1.000 15.67 | edge_dev mean=0.2261 max=0.5566 gg=0.1890 shape_dev=0.2938 xbar=0.2388 | T0 psi=(+0.060,-3.069,+1.244) ggm=0.000 circ=-0.9395 xUDD=(0.058,0.066,0.597) | T1 psi=(-0.094,+1.275,+2.127) ggm=0.000 circ=+1.7494 xUDD=(0.036,0.063,0.613) | sep=2.4925
# CONVTAG t=956.00 rough=0.000000 cond=9.871750 evap=13.962696 backs=1.821221
# CANT t=956.00 a_tag=1.0000 a_max=1.0000 xl_tag=0.4656 nlock=6 tune=71.202771
# REG t=956.00 tp n=7 rho=[0.005 0.245 0.380 0.444] gr=0.00295 fl=0.857 | ba n=25701 rho=[0.089 0.478 0.840 0.960] gr=0.00007 fl=0.928
t=  960.00 -6.69e-16 | 1.6651 16.33  22094   15 125474 125697 | 1.4280 14.79 | 8.86e-03 2.85e-02 |   3.5232 0.5045  2.0759  1.2457 1.000 15.33 | edge_dev mean=0.2312 max=0.5506 gg=0.1906 shape_dev=0.3018 xbar=0.2344 | T0 psi=(+0.028,+0.074,-1.897) ggm=0.002 circ=-0.9717 xUDD=(0.067,0.060,0.591) | T1 psi=(-0.384,-1.941,-0.838) ggm=0.000 circ=+1.7696 xUDD=(0.024,0.068,0.595) | sep=2.4844
# CONVTAG t=960.00 rough=0.000000 cond=9.871750 evap=13.962696 backs=1.821221
# CANT t=960.00 a_tag=1.0000 a_max=1.0000 xl_tag=0.4656 nlock=6 tune=71.354433
# REG t=960.00 tp n=7 rho=[0.004 0.245 0.418 0.497] gr=0.00273 fl=0.857 | ba n=25731 rho=[0.088 0.477 0.837 0.960] gr=0.00007 fl=0.926
t=  964.00 -8.03e-16 | 1.6645 16.34  22106   14 126017 126257 | 1.4281 14.79 | 6.60e-03 2.30e-02 |   3.5510 0.5085  2.0665  1.2616 1.000 15.33 | edge_dev mean=0.2397 max=0.5531 gg=0.1865 shape_dev=0.3090 xbar=0.2363 | T0 psi=(+0.012,-3.054,+1.381) ggm=0.000 circ=-0.9772 xUDD=(0.069,0.067,0.591) | T1 psi=(-0.092,+1.219,+1.602) ggm=0.000 circ=+1.7925 xUDD=(0.043,0.062,0.586) | sep=2.4833
# CONVTAG t=964.00 rough=0.000000 cond=9.871750 evap=13.962696 backs=1.821221
# CANT t=964.00 a_tag=1.0000 a_max=1.0000 xl_tag=0.4656 nlock=6 tune=71.491469
# REG t=964.00 tp n=7 rho=[0.004 0.245 0.461 0.545] gr=0.00261 fl=0.857 | ba n=25716 rho=[0.087 0.476 0.838 0.961] gr=0.00007 fl=0.927
t=  968.00 -8.03e-16 | 1.6645 16.34  22110    9 126552 126824 | 1.4281 14.79 | 5.00e-03 1.86e-02 |   3.5312 0.5057  2.0683  1.2688 1.000 15.33 | edge_dev mean=0.2372 max=0.5437 gg=0.1838 shape_dev=0.2964 xbar=0.2349 | T0 psi=(+0.006,-0.179,-1.601) ggm=0.008 circ=-0.9690 xUDD=(0.072,0.062,0.589) | T1 psi=(-0.044,-2.180,+99.000) ggm=0.000 circ=+1.7998 xUDD=(0.042,0.062,0.583) | sep=2.4945
# CONVTAG t=968.00 rough=0.000000 cond=9.871750 evap=13.962696 backs=1.821221
# CANT t=968.00 a_tag=1.0000 a_max=1.0000 xl_tag=0.4656 nlock=6 tune=71.614367
# REG t=968.00 tp n=6 rho=[0.003 0.245 0.499 0.580] gr=0.00241 fl=1.000 | ba n=25691 rho=[0.088 0.474 0.833 0.958] gr=0.00007 fl=0.928
t=  972.00 -8.03e-16 | 1.6647 16.35  22116   12 127092 127327 | 1.4282 14.78 | 1.23e-02 3.02e-02 |   3.5489 0.5082  2.0925  1.2561 1.000 15.50 | edge_dev mean=0.2415 max=0.5392 gg=0.1992 shape_dev=0.2909 xbar=0.2362 | T0 psi=(+0.033,+2.458,+2.036) ggm=0.000 circ=-0.9730 xUDD=(0.064,0.058,0.589) | T1 psi=(+0.209,+0.792,+99.000) ggm=0.000 circ=+1.8237 xUDD=(0.041,0.080,0.585) | sep=2.4973
# CONVTAG t=972.00 rough=0.000000 cond=9.871750 evap=13.962696 backs=1.821221
# CANT t=972.00 a_tag=1.0000 a_max=1.0000 xl_tag=0.4656 nlock=6 tune=71.750226
# REG t=972.00 tp n=6 rho=[0.002 0.245 0.531 0.578] gr=0.00243 fl=1.000 | ba n=25724 rho=[0.085 0.469 0.832 0.959] gr=0.00007 fl=0.926
t=  976.00 -8.03e-16 | 1.6648 16.34  22102   25 127616 127848 | 1.4280 14.77 | 8.12e-03 2.08e-02 |   3.5367 0.5064  2.1219  1.2424 1.000 15.83 | edge_dev mean=0.2498 max=0.5526 gg=0.1717 shape_dev=0.2833 xbar=0.2354 | T0 psi=(-0.007,-0.482,-1.184) ggm=0.012 circ=-0.9859 xUDD=(0.060,0.048,0.588) | T1 psi=(+1.998,+3.128,+99.000) ggm=0.000 circ=+1.8227 xUDD=(0.051,0.078,0.588) | sep=2.5018
# CONVTAG t=976.00 rough=0.000000 cond=9.871750 evap=13.962696 backs=1.821221
# CANT t=976.00 a_tag=1.0000 a_max=1.0000 xl_tag=0.4656 nlock=6 tune=71.914618
# REG t=976.00 tp n=6 rho=[0.001 0.245 0.567 0.573] gr=0.00252 fl=1.000 | ba n=25713 rho=[0.085 0.464 0.832 0.960] gr=0.00007 fl=0.926
t=  980.00 -8.03e-16 | 1.6648 16.32  22083   14 128133 128377 | 1.4276 14.76 | 7.96e-03 2.10e-02 |   3.7346 0.5348  2.2085  1.2214 1.000 15.17 | edge_dev mean=0.2487 max=0.5590 gg=0.1747 shape_dev=0.2764 xbar=0.2485 | T0 psi=(+0.044,+2.344,+1.996) ggm=0.000 circ=-0.9687 xUDD=(0.045,0.044,0.588) | T1 psi=(+2.906,+0.790,+99.000) ggm=0.000 circ=+1.8044 xUDD=(0.080,0.084,0.650) | sep=2.5064
# CONVTAG t=980.00 rough=0.000000 cond=10.049100 evap=13.962696 backs=1.821221
# CANT t=980.00 a_tag=1.0000 a_max=1.0000 xl_tag=0.4656 nlock=6 tune=72.101615
# REG t=980.00 tp n=6 rho=[0.006 0.245 0.605 0.634] gr=0.00234 fl=1.000 | ba n=25711 rho=[0.084 0.471 0.836 0.959] gr=0.00007 fl=0.927
t=  984.00 -8.03e-16 | 1.6647 16.34  22105   12 128646 128906 | 1.4278 14.76 | 7.42e-03 2.04e-02 |   4.2597 0.6100  1.9647  1.3289 1.000 15.67 | edge_dev mean=0.2323 max=0.5683 gg=0.3117 shape_dev=0.2597 xbar=0.2838 | T0 psi=(+0.191,-0.153,-1.034) ggm=0.066 circ=-0.9816 xUDD=(0.090,0.150,0.639) | T1 psi=(-3.077,-2.436,+99.000) ggm=0.000 circ=+1.7793 xUDD=(0.092,0.098,0.633) | sep=2.5208
# CONVTAG t=984.00 rough=0.000000 cond=10.507911 evap=13.962696 backs=1.821221
# CANT t=984.00 a_tag=1.0000 a_max=1.0000 xl_tag=0.4656 nlock=6 tune=72.403889
# REG t=984.00 tp n=6 rho=[0.026 0.259 0.616 0.701] gr=0.00243 fl=1.000 | ba n=25698 rho=[0.087 0.475 0.834 0.959] gr=0.00007 fl=0.927
t=  988.00 -8.03e-16 | 1.6645 16.33  22092   12 129175 129454 | 1.4278 14.77 | 4.64e-03 1.73e-02 |   3.9513 0.5658  1.8322  1.3333 1.000 15.67 | edge_dev mean=0.2139 max=0.5504 gg=0.1803 shape_dev=0.2813 xbar=0.2628 | T0 psi=(+0.064,+2.456,+2.644) ggm=0.000 circ=-1.0479 xUDD=(0.129,0.119,0.635) | T1 psi=(-3.139,+0.044,+99.000) ggm=0.000 circ=+1.7518 xUDD=(0.084,0.084,0.525) | sep=2.5129
# CONVTAG t=988.00 rough=0.000000 cond=10.507911 evap=14.264324 backs=1.860564
# CANT t=988.00 a_tag=1.0000 a_max=1.0000 xl_tag=0.4656 nlock=6 tune=72.631970
# REG t=988.00 tp n=6 rho=[0.061 0.524 0.553 0.680] gr=0.00256 fl=1.000 | ba n=25681 rho=[0.091 0.481 0.836 0.959] gr=0.00007 fl=0.928
t=  992.00 -8.03e-16 | 1.6645 16.33  22099    9 129712 129998 | 1.4279 14.77 | 8.78e-03 2.14e-02 |   4.0720 0.5831  1.8478  1.3347 1.000 15.83 | edge_dev mean=0.2093 max=0.5442 gg=0.2085 shape_dev=0.3017 xbar=0.2709 | T0 psi=(+0.027,-1.317,+0.401) ggm=0.000 circ=-1.0427 xUDD=(0.133,0.122,0.651) | T1 psi=(+2.920,-2.316,+0.022) ggm=0.000 circ=+1.7549 xUDD=(0.074,0.066,0.580) | sep=2.4933
# CONVTAG t=992.00 rough=0.000000 cond=10.680537 evap=14.264324 backs=1.860564
# CANT t=992.00 a_tag=1.0000 a_max=1.0000 xl_tag=0.4656 nlock=6 tune=72.986290
# REG t=992.00 tp n=7 rho=[0.065 0.403 0.553 0.610] gr=0.00211 fl=0.857 | ba n=25673 rho=[0.092 0.475 0.836 0.959] gr=0.00007 fl=0.928
t=  996.00 -8.03e-16 | 1.6646 16.35  22116    7 130262 130507 | 1.4282 14.78 | 4.86e-03 1.63e-02 |   3.9431 0.5647  1.8956  1.3327 1.000 15.83 | edge_dev mean=0.2112 max=0.5317 gg=0.2144 shape_dev=0.2917 xbar=0.2625 | T0 psi=(+0.082,+1.580,-2.828) ggm=0.000 circ=-0.9984 xUDD=(0.115,0.116,0.619) | T1 psi=(+3.018,+1.999,+1.581) ggm=0.000 circ=+1.7559 xUDD=(0.060,0.064,0.599) | sep=2.4995
# CONVTAG t=996.00 rough=0.000000 cond=10.680537 evap=14.264324 backs=1.860564
# CANT t=996.00 a_tag=1.0000 a_max=1.0000 xl_tag=0.4656 nlock=6 tune=73.194458
# REG t=996.00 tp n=7 rho=[0.093 0.379 0.531 0.553] gr=0.00143 fl=0.857 | ba n=25717 rho=[0.091 0.473 0.838 0.959] gr=0.00007 fl=0.927
t= 1000.00 -8.03e-16 | 1.6644 16.37  22142   15 130772 131034 | 1.4286 14.79 | 4.85e-03 1.65e-02 |   3.9890 0.5712  1.8849  1.3420 1.000 15.83 | edge_dev mean=0.2204 max=0.5303 gg=0.1623 shape_dev=0.3137 xbar=0.2650 | T0 psi=(+0.115,-0.817,-0.488) ggm=0.045 circ=-1.0546 xUDD=(0.125,0.117,0.614) | T1 psi=(+2.972,-0.955,+99.000) ggm=0.000 circ=+1.7580 xUDD=(0.059,0.067,0.609) | sep=2.4960
# CONVTAG t=1000.00 rough=0.000000 cond=10.680537 evap=14.264324 backs=1.860564
# CANT t=1000.00 a_tag=1.0000 a_max=1.0000 xl_tag=0.4656 nlock=6 tune=73.353920
# REG t=1000.00 tp n=6 rho=[0.327 0.363 0.451 0.553] gr=0.00099 fl=1.000 | ba n=25695 rho=[0.089 0.473 0.840 0.959] gr=0.00007 fl=0.927
t= 1004.00 -8.03e-16 | 1.6643 16.36  22135   12 131307 131556 | 1.4285 14.79 | 7.49e-03 2.05e-02 |   4.1704 0.5972  1.9541  1.3167 1.000 15.67 | edge_dev mean=0.2284 max=0.5222 gg=0.2591 shape_dev=0.3302 xbar=0.2777 | T0 psi=(+0.072,+1.069,-2.322) ggm=0.000 circ=-1.0417 xUDD=(0.094,0.126,0.623) | T1 psi=(+2.825,+0.981,+99.000) ggm=0.000 circ=+1.7585 xUDD=(0.111,0.098,0.615) | sep=2.4840
# CONVTAG t=1004.00 rough=0.000000 cond=10.944627 evap=14.728481 backs=1.921106
# CANT t=1004.00 a_tag=1.0000 a_max=1.0000 xl_tag=0.4656 nlock=6 tune=73.575205
# REG t=1004.00 tp n=6 rho=[0.402 0.513 0.518 0.532] gr=0.00083 fl=1.000 | ba n=25711 rho=[0.091 0.472 0.839 0.960] gr=0.00007 fl=0.928
t= 1008.00 -8.03e-16 | 1.6644 16.35  22121   10 131854 132107 | 1.4284 14.79 | 5.20e-03 1.52e-02 |   4.4401 0.6358  1.9006  1.3385 1.000 15.67 | edge_dev mean=0.2219 max=0.5163 gg=0.1784 shape_dev=0.3198 xbar=0.2954 | T0 psi=(-0.072,-0.853,+0.145) ggm=0.001 circ=-1.0224 xUDD=(0.118,0.153,0.647) | T1 psi=(-3.016,+1.117,+99.000) ggm=0.000 circ=+1.7380 xUDD=(0.110,0.121,0.623) | sep=2.4902
# CONVTAG t=1008.00 rough=0.000000 cond=10.944627 evap=14.728481 backs=1.921106
# CANT t=1008.00 a_tag=1.0000 a_max=1.0000 xl_tag=0.4656 nlock=6 tune=73.865774
# REG t=1008.00 tp n=6 rho=[0.309 0.360 0.483 0.674] gr=0.00062 fl=1.000 | ba n=25710 rho=[0.091 0.472 0.836 0.959] gr=0.00007 fl=0.928
t= 1012.00 -8.03e-16 | 1.6641 16.35  22118   15 132373 132651 | 1.4283 14.79 | 5.15e-03 1.76e-02 |   4.3625 0.6247  1.8838  1.3555 1.000 15.50 | edge_dev mean=0.2270 max=0.5260 gg=0.1444 shape_dev=0.3197 xbar=0.2902 | T0 psi=(+0.260,+1.876,+2.952) ggm=0.000 circ=-1.0228 xUDD=(0.153,0.131,0.639) | T1 psi=(-2.973,-1.303,+99.000) ggm=0.000 circ=+1.7073 xUDD=(0.082,0.108,0.628) | sep=2.4887
# CONVTAG t=1012.00 rough=0.000000 cond=10.944627 evap=14.728481 backs=1.921106
# CANT t=1012.00 a_tag=1.0000 a_max=1.0000 xl_tag=0.4656 nlock=6 tune=74.088980
# REG t=1012.00 tp n=6 rho=[0.224 0.309 0.456 0.954] gr=0.00053 fl=1.000 | ba n=25682 rho=[0.089 0.466 0.836 0.959] gr=0.00007 fl=0.929
t= 1016.00 -8.03e-16 | 1.6640 16.36  22133   14 132910 133173 | 1.4284 14.78 | 9.76e-03 2.69e-02 |   4.4055 0.6309  1.9027  1.3561 1.000 15.50 | edge_dev mean=0.2324 max=0.5430 gg=0.1750 shape_dev=0.3092 xbar=0.2930 | T0 psi=(+0.096,-1.621,+0.400) ggm=0.000 circ=-1.0786 xUDD=(0.161,0.121,0.641) | T1 psi=(+2.961,+2.387,+99.000) ggm=0.000 circ=+1.6982 xUDD=(0.085,0.118,0.633) | sep=2.4976
# CONVTAG t=1016.00 rough=0.000000 cond=11.481916 evap=15.200645 backs=1.982693
# CANT t=1016.00 a_tag=1.0000 a_max=1.0000 xl_tag=0.4656 nlock=6 tune=74.318787
# REG t=1016.00 tp n=6 rho=[0.216 0.331 0.456 0.914] gr=0.00040 fl=1.000 | ba n=25696 rho=[0.088 0.468 0.837 0.959] gr=0.00007 fl=0.928
t= 1020.00 -8.03e-16 | 1.6643 16.34  22112   10 133500 133758 | 1.4283 14.79 | 1.01e-02 2.03e-02 |   3.9755 0.5693  2.0041  1.3251 1.000 15.83 | edge_dev mean=0.2414 max=0.5122 gg=0.1830 shape_dev=0.2970 xbar=0.2643 | T0 psi=(+0.036,+1.086,-2.712) ggm=0.000 circ=-1.0551 xUDD=(0.100,0.100,0.601) | T1 psi=(+3.068,+1.196,+99.000) ggm=0.000 circ=+1.6991 xUDD=(0.058,0.107,0.620) | sep=2.5130
# CONVTAG t=1020.00 rough=0.000000 cond=11.481916 evap=15.500878 backs=2.021854
# CANT t=1020.00 a_tag=1.0000 a_max=1.0000 xl_tag=0.4656 nlock=6 tune=74.678640
# REG t=1020.00 tp n=6 rho=[0.165 0.427 0.692 0.888] gr=0.00028 fl=1.000 | ba n=25704 rho=[0.090 0.476 0.836 0.960] gr=0.00007 fl=0.927
t= 1024.00 -8.03e-16 | 1.6644 16.35  22120    9 134076 134362 | 1.4284 14.80 | 5.78e-03 1.58e-02 |   3.8924 0.5574  2.1062  1.2734 1.000 15.67 | edge_dev mean=0.2491 max=0.5005 gg=0.1569 shape_dev=0.2688 xbar=0.2592 | T0 psi=(+0.291,-2.853,+0.639) ggm=0.000 circ=-0.9938 xUDD=(0.042,0.094,0.612) | T1 psi=(+2.696,+2.853,+99.000) ggm=0.000 circ=+1.7024 xUDD=(0.070,0.119,0.618) | sep=2.5272
# CONVTAG t=1024.00 rough=0.000000 cond=11.753537 evap=15.978273 backs=2.084123
# CANT t=1024.00 a_tag=1.0000 a_max=1.0000 xl_tag=0.4656 nlock=6 tune=74.936717
# REG t=1024.00 tp n=6 rho=[0.424 0.467 0.692 0.780] gr=0.00021 fl=1.000 | ba n=25678 rho=[0.091 0.477 0.836 0.958] gr=0.00007 fl=0.928
t= 1028.00 -8.03e-16 | 1.6642 16.34  22109   14 134650 134933 | 1.4282 14.79 | 8.39e-03 2.21e-02 |   3.9538 0.5662  2.0588  1.3098 1.000 15.50 | edge_dev mean=0.2430 max=0.4994 gg=0.2071 shape_dev=0.2536 xbar=0.2774 | T0 psi=(+0.048,+0.238,-1.995) ggm=0.001 circ=-1.0049 xUDD=(0.073,0.091,0.610) | T1 psi=(+2.812,-2.073,+99.000) ggm=0.000 circ=+1.6873 xUDD=(0.065,0.211,0.614) | sep=2.5403
# CONVTAG t=1028.00 rough=0.000000 cond=11.753537 evap=15.978273 backs=2.084123
# CANT t=1028.00 a_tag=1.0000 a_max=1.0000 xl_tag=0.4656 nlock=6 tune=75.187803
# REG t=1028.00 tp n=6 rho=[0.241 0.508 0.692 0.744] gr=0.00015 fl=1.000 | ba n=25674 rho=[0.089 0.473 0.836 0.958] gr=0.00007 fl=0.928
t= 1032.00 -8.03e-16 | 1.6641 16.33  22091   11 135201 135494 | 1.4279 14.78 | 8.10e-03 1.90e-02 |   3.9344 0.5634  2.0760  1.3198 1.000 15.67 | edge_dev mean=0.2502 max=0.5020 gg=0.1988 shape_dev=0.2529 xbar=0.2616 | T0 psi=(-0.025,+2.947,+1.617) ggm=0.000 circ=-0.9889 xUDD=(0.076,0.084,0.609) | T1 psi=(+2.720,+1.827,+99.000) ggm=0.000 circ=+1.6808 xUDD=(0.076,0.106,0.619) | sep=2.5417
# CONVTAG t=1032.00 rough=0.000000 cond=11.753537 evap=15.978273 backs=2.084123
# CANT t=1032.00 a_tag=1.0000 a_max=1.0000 xl_tag=0.4656 nlock=6 tune=75.394913
# REG t=1032.00 tp n=6 rho=[0.292 0.532 0.692 0.715] gr=0.00010 fl=1.000 | ba n=25666 rho=[0.088 0.480 0.840 0.958] gr=0.00007 fl=0.929
t= 1036.00 -8.03e-16 | 1.6640 16.36  22133   10 135728 136005 | 1.4285 14.79 | 4.63e-03 1.53e-02 |   3.9193 0.5612  2.0770  1.3187 1.000 15.33 | edge_dev mean=0.2525 max=0.5236 gg=0.1671 shape_dev=0.2587 xbar=0.2607 | T0 psi=(-0.074,-0.259,-1.430) ggm=0.008 circ=-0.9761 xUDD=(0.072,0.088,0.603) | T1 psi=(+3.000,+0.524,+99.000) ggm=0.000 circ=+1.6825 xUDD=(0.085,0.098,0.618) | sep=2.5345
# CONVTAG t=1036.00 rough=0.000000 cond=11.753537 evap=15.978273 backs=2.084123
# CANT t=1036.00 a_tag=1.0000 a_max=1.0000 xl_tag=0.4656 nlock=6 tune=75.594643
# REG t=1036.00 tp n=6 rho=[0.388 0.550 0.613 0.692] gr=0.00008 fl=1.000 | ba n=25683 rho=[0.087 0.478 0.840 0.959] gr=0.00007 fl=0.928
t= 1040.00 -8.03e-16 | 1.6644 16.37  22153    7 136226 136484 | 1.4287 14.79 | 7.21e-03 2.34e-02 |   3.8726 0.5546  2.0750  1.2992 1.000 15.50 | edge_dev mean=0.2480 max=0.5380 gg=0.1712 shape_dev=0.2661 xbar=0.2576 | T0 psi=(+0.013,+2.397,+2.084) ggm=0.000 circ=-0.9629 xUDD=(0.059,0.091,0.603) | T1 psi=(+3.104,-2.350,+99.000) ggm=0.000 circ=+1.6856 xUDD=(0.080,0.097,0.615) | sep=2.5285
# CONVTAG t=1040.00 rough=0.000000 cond=11.753537 evap=15.978273 backs=2.084123
# CANT t=1040.00 a_tag=1.0000 a_max=1.0000 xl_tag=0.4656 nlock=6 tune=75.788372
# REG t=1040.00 tp n=6 rho=[0.492 0.555 0.692 0.788] gr=0.00015 fl=1.000 | ba n=25706 rho=[0.087 0.477 0.837 0.958] gr=0.00007 fl=0.928
t= 1044.00 -8.03e-16 | 1.6649 16.36  22133    8 136733 137019 | 1.4284 14.78 | 8.59e-03 2.35e-02 |   3.8124 0.5459  2.0733  1.2848 1.000 15.67 | edge_dev mean=0.2506 max=0.5458 gg=0.1343 shape_dev=0.2723 xbar=0.2536 | T0 psi=(-0.172,-0.769,-0.645) ggm=0.002 circ=-0.9537 xUDD=(0.055,0.088,0.599) | T1 psi=(+2.947,+0.526,+99.000) ggm=0.000 circ=+1.6891 xUDD=(0.071,0.098,0.611) | sep=2.5248
# CONVTAG t=1044.00 rough=0.000000 cond=11.753537 evap=15.978273 backs=2.084123
# CANT t=1044.00 a_tag=1.0000 a_max=1.0000 xl_tag=0.4656 nlock=6 tune=75.992910
# REG t=1044.00 tp n=6 rho=[0.557 0.577 0.692 0.847] gr=0.00035 fl=1.000 | ba n=25676 rho=[0.089 0.478 0.840 0.958] gr=0.00007 fl=0.929
t= 1048.00 -8.03e-16 | 1.6649 16.36  22132   16 137280 137556 | 1.4284 14.79 | 8.93e-03 2.04e-02 |   3.8284 0.5482  1.9961  1.3328 1.000 15.67 | edge_dev mean=0.2466 max=0.5226 gg=0.1658 shape_dev=0.2772 xbar=0.2558 | T0 psi=(+0.070,+1.973,+2.524) ggm=0.000 circ=-0.9215 xUDD=(0.099,0.089,0.600) | T1 psi=(+2.727,+3.110,+99.000) ggm=0.000 circ=+1.6928 xUDD=(0.051,0.086,0.610) | sep=2.5264
# CONVTAG t=1048.00 rough=0.000000 cond=11.753537 evap=15.978273 backs=2.084123
# CANT t=1048.00 a_tag=1.0000 a_max=1.0000 xl_tag=0.4656 nlock=6 tune=76.174661
# REG t=1048.00 tp n=6 rho=[0.568 0.647 0.659 0.693] gr=0.00025 fl=1.000 | ba n=25679 rho=[0.092 0.476 0.840 0.959] gr=0.00007 fl=0.929
t= 1052.00 -8.03e-16 | 1.6648 16.36  22133   15 137771 138108 | 1.4284 14.79 | 6.78e-03 1.99e-02 |   3.8166 0.5465  1.9969  1.3127 1.000 15.67 | edge_dev mean=0.2530 max=0.5247 gg=0.1647 shape_dev=0.2826 xbar=0.2538 | T0 psi=(+0.085,-1.354,-0.344) ggm=0.000 circ=-0.9087 xUDD=(0.077,0.098,0.603) | T1 psi=(+2.862,-0.010,+99.000) ggm=0.000 circ=+1.6959 xUDD=(0.050,0.085,0.610) | sep=2.5232
# CONVTAG t=1052.00 rough=0.000000 cond=11.753537 evap=15.978273 backs=2.084123
# CANT t=1052.00 a_tag=1.0000 a_max=1.0000 xl_tag=0.4656 nlock=6 tune=76.353022
# REG t=1052.00 tp n=6 rho=[0.476 0.567 0.696 0.714] gr=0.00019 fl=1.000 | ba n=25619 rho=[0.094 0.475 0.841 0.960] gr=0.00007 fl=0.931
t= 1056.00 -8.03e-16 | 1.6648 16.35  22124   13 138277 138605 | 1.4282 14.78 | 5.22e-03 1.71e-02 |   3.8184 0.5468  1.9710  1.3605 1.000 15.17 | edge_dev mean=0.2566 max=0.5306 gg=0.1155 shape_dev=0.2605 xbar=0.2573 | T0 psi=(+0.364,+0.774,-3.092) ggm=0.000 circ=-0.9217 xUDD=(0.120,0.090,0.596) | T1 psi=(+2.670,-2.118,+99.000) ggm=0.000 circ=+1.6907 xUDD=(0.054,0.085,0.599) | sep=2.5373
# CONVTAG t=1056.00 rough=0.000000 cond=11.753537 evap=15.978273 backs=2.084123
# CANT t=1056.00 a_tag=1.0000 a_max=1.0000 xl_tag=0.4656 nlock=6 tune=76.528815
# REG t=1056.00 tp n=6 rho=[0.613 0.712 0.781 0.886] gr=0.00015 fl=1.000 | ba n=25630 rho=[0.092 0.476 0.845 0.961] gr=0.00007 fl=0.931
t= 1060.00 -8.03e-16 | 1.6650 16.35  22128   16 138806 139113 | 1.4282 14.78 | 6.88e-03 1.74e-02 |   3.7836 0.5418  2.0097  1.3171 1.000 15.17 | edge_dev mean=0.2611 max=0.5236 gg=0.1664 shape_dev=0.2567 xbar=0.2516 | T0 psi=(+0.034,-2.795,+1.160) ggm=0.000 circ=-0.9341 xUDD=(0.080,0.082,0.600) | T1 psi=(+2.731,+1.475,+99.000) ggm=0.000 circ=+1.6682 xUDD=(0.057,0.094,0.596) | sep=2.5453
# CONVTAG t=1060.00 rough=0.000000 cond=11.753537 evap=15.978273 backs=2.084123
# CANT t=1060.00 a_tag=1.0000 a_max=1.0000 xl_tag=0.4656 nlock=6 tune=76.703903
# REG t=1060.00 tp n=6 rho=[0.379 0.636 0.736 0.830] gr=0.00011 fl=1.000 | ba n=25648 rho=[0.091 0.478 0.842 0.960] gr=0.00007 fl=0.930
t= 1064.00 -9.36e-16 | 1.6647 16.34  22112    8 139310 139614 | 1.4280 14.78 | 5.90e-03 2.03e-02 |   3.7410 0.5357  2.0178  1.3313 1.000 15.00 | edge_dev mean=0.2718 max=0.5225 gg=0.1691 shape_dev=0.2683 xbar=0.2489 | T0 psi=(+0.037,-0.621,-0.968) ggm=0.009 circ=-0.9520 xUDD=(0.082,0.079,0.600) | T1 psi=(+2.347,-2.725,+99.000) ggm=0.000 circ=+1.6566 xUDD=(0.058,0.078,0.596) | sep=2.5410
# CONVTAG t=1064.00 rough=0.000000 cond=11.753537 evap=15.978273 backs=2.084123
# CANT t=1064.00 a_tag=1.0000 a_max=1.0000 xl_tag=0.4656 nlock=6 tune=76.873179
# REG t=1064.00 tp n=6 rho=[0.224 0.650 0.822 0.860] gr=0.00009 fl=1.000 | ba n=25660 rho=[0.092 0.480 0.844 0.961] gr=0.00007 fl=0.930
t= 1068.00 -9.36e-16 | 1.6647 16.36  22138   15 139847 140163 | 1.4283 14.78 | 6.12e-03 1.65e-02 |   3.4445 0.4933  1.9407  1.3376 1.000 15.17 | edge_dev mean=0.2730 max=0.5499 gg=0.1685 shape_dev=0.2735 xbar=0.2289 | T0 psi=(+0.032,+1.910,+2.768) ggm=0.000 circ=-0.9518 xUDD=(0.081,0.079,0.595) | T1 psi=(+2.272,-2.045,+99.000) ggm=0.000 circ=+1.6567 xUDD=(0.046,0.057,0.516) | sep=2.5367
# CONVTAG t=1068.00 rough=0.000000 cond=11.753537 evap=16.287612 backs=2.124471
# CANT t=1068.00 a_tag=1.0000 a_max=1.0000 xl_tag=0.4656 nlock=6 tune=77.128806
# REG t=1068.00 tp n=6 rho=[0.243 0.731 0.847 0.897] gr=0.00007 fl=1.000 | ba n=25640 rho=[0.091 0.481 0.845 0.961] gr=0.00007 fl=0.930
t= 1072.00 -9.36e-16 | 1.6649 16.36  22133   10 140424 140724 | 1.4283 14.78 | 6.64e-03 1.98e-02 |   3.4076 0.4880  2.0119  1.3326 1.000 15.33 | edge_dev mean=0.2762 max=0.5809 gg=0.1828 shape_dev=0.2827 xbar=0.2268 | T0 psi=(+0.028,-2.457,+0.722) ggm=0.000 circ=-0.9530 xUDD=(0.074,0.068,0.592) | T1 psi=(+2.401,+0.386,+99.000) ggm=0.000 circ=+1.6540 xUDD=(0.034,0.046,0.547) | sep=2.5317
# CONVTAG t=1072.00 rough=0.000000 cond=11.753537 evap=16.287612 backs=2.124471
# CANT t=1072.00 a_tag=1.0000 a_max=1.0000 xl_tag=0.4656 nlock=6 tune=77.340391
# REG t=1072.00 tp n=6 rho=[0.221 0.788 0.799 0.930] gr=0.00007 fl=1.000 | ba n=25662 rho=[0.090 0.477 0.838 0.960] gr=0.00007 fl=0.930
t= 1076.00 -9.36e-16 | 1.6649 16.35  22128    8 140938 141220 | 1.4283 14.79 | 9.91e-03 2.24e-02 |   3.4211 0.4899  2.0395  1.3366 1.000 15.67 | edge_dev mean=0.2749 max=0.5869 gg=0.1742 shape_dev=0.2774 xbar=0.2276 | T0 psi=(+0.045,+0.214,-2.144) ggm=0.000 circ=-0.9421 xUDD=(0.082,0.057,0.589) | T1 psi=(+2.602,-2.612,+99.000) ggm=0.000 circ=+1.6483 xUDD=(0.030,0.049,0.559) | sep=2.5293
# CONVTAG t=1076.00 rough=0.000000 cond=11.753537 evap=16.287612 backs=2.124471
# CANT t=1076.00 a_tag=1.0000 a_max=1.0000 xl_tag=0.4656 nlock=6 tune=77.516930
# REG t=1076.00 tp n=6 rho=[0.161 0.755 0.796 0.934] gr=0.00009 fl=1.000 | ba n=25681 rho=[0.090 0.482 0.843 0.960] gr=0.00007 fl=0.929
t= 1080.00 -9.36e-16 | 1.6650 16.34  22107   15 141493 141761 | 1.4282 14.80 | 8.70e-03 1.80e-02 |   3.2948 0.4718  2.1325  1.2909 1.000 15.67 | edge_dev mean=0.2771 max=0.6069 gg=0.1838 shape_dev=0.2861 xbar=0.2193 | T0 psi=(-0.001,+2.692,+1.292) ggm=0.000 circ=-0.9403 xUDD=(0.054,0.037,0.584) | T1 psi=(+2.621,+0.337,+99.000) ggm=0.000 circ=+1.6408 xUDD=(0.027,0.048,0.565) | sep=2.5202
# CONVTAG t=1080.00 rough=0.000000 cond=11.753537 evap=16.287612 backs=2.124471
# CANT t=1080.00 a_tag=1.0000 a_max=1.0000 xl_tag=0.4656 nlock=6 tune=77.677934
# REG t=1080.00 tp n=6 rho=[0.112 0.737 0.813 0.935] gr=0.00029 fl=1.000 | ba n=25688 rho=[0.093 0.484 0.839 0.960] gr=0.00007 fl=0.928
t= 1084.00 -9.36e-16 | 1.6645 16.34  22104   19 142069 142306 | 1.4282 14.80 | 8.06e-03 1.91e-02 |   3.2836 0.4702  2.1535  1.2932 1.000 15.67 | edge_dev mean=0.2802 max=0.6379 gg=0.1821 shape_dev=0.2747 xbar=0.2187 | T0 psi=(+0.034,-0.764,-1.719) ggm=0.001 circ=-0.9398 xUDD=(0.046,0.040,0.578) | T1 psi=(+2.697,-3.013,+99.000) ggm=0.000 circ=+1.6303 xUDD=(0.026,0.052,0.570) | sep=2.5313
# CONVTAG t=1084.00 rough=0.000000 cond=11.753537 evap=16.287612 backs=2.124471
# CANT t=1084.00 a_tag=1.0000 a_max=1.0000 xl_tag=0.4656 nlock=6 tune=77.776711
# REG t=1084.00 tp n=6 rho=[0.071 0.713 0.855 0.935] gr=0.00047 fl=1.000 | ba n=25716 rho=[0.090 0.479 0.841 0.960] gr=0.00007 fl=0.927
t= 1088.00 -9.36e-16 | 1.6644 16.35  22115   14 142579 142848 | 1.4282 14.80 | 6.32e-03 1.70e-02 |   3.3223 0.4757  2.1221  1.3209 1.000 15.67 | edge_dev mean=0.2860 max=0.6559 gg=0.1808 shape_dev=0.2608 xbar=0.2210 | T0 psi=(+0.042,+2.177,+1.640) ggm=0.000 circ=-0.9453 xUDD=(0.061,0.042,0.583) | T1 psi=(+2.524,-0.166,+99.000) ggm=0.000 circ=+1.6191 xUDD=(0.016,0.050,0.575) | sep=2.5412
# CONVTAG t=1088.00 rough=0.000000 cond=11.753537 evap=16.287612 backs=2.124471
# CANT t=1088.00 a_tag=1.0000 a_max=1.0000 xl_tag=0.4656 nlock=6 tune=77.873965
# REG t=1088.00 tp n=6 rho=[0.048 0.692 0.927 0.935] gr=0.00074 fl=1.000 | ba n=25688 rho=[0.090 0.479 0.839 0.961] gr=0.00007 fl=0.928
t= 1092.00 -9.36e-16 | 1.6644 16.32  22084    8 143134 143383 | 1.4277 14.78 | 7.48e-03 2.24e-02 |   3.6907 0.5285  2.1556  1.3517 1.000 15.33 | edge_dev mean=0.2877 max=0.6574 gg=0.1580 shape_dev=0.2395 xbar=0.2457 | T0 psi=(+0.215,-1.571,-0.983) ggm=0.000 circ=-0.9476 xUDD=(0.081,0.046,0.591) | T1 psi=(+2.107,+0.831,+99.000) ggm=0.000 circ=+1.6125 xUDD=(0.040,0.073,0.644) | sep=2.5585
# CONVTAG t=1092.00 rough=0.000000 cond=11.932119 evap=16.287612 backs=2.124471
# CANT t=1092.00 a_tag=1.0000 a_max=1.0000 xl_tag=0.4656 nlock=6 tune=78.032870
# REG t=1092.00 tp n=6 rho=[0.030 0.674 0.936 0.942] gr=0.00057 fl=1.000 | ba n=25716 rho=[0.089 0.475 0.841 0.961] gr=0.00007 fl=0.927
t= 1096.00 -9.36e-16 | 1.6640 16.33  22089   11 143635 143910 | 1.4277 14.77 | 9.65e-03 2.52e-02 |   3.7436 0.5361  2.1601  1.3341 1.000 15.33 | edge_dev mean=0.2893 max=0.6736 gg=0.1785 shape_dev=0.2410 xbar=0.2492 | T0 psi=(+0.091,+0.761,+3.129) ggm=0.000 circ=-0.9622 xUDD=(0.068,0.051,0.599) | T1 psi=(+2.534,+1.727,+99.000) ggm=0.000 circ=+1.6131 xUDD=(0.061,0.091,0.626) | sep=2.5617
# CONVTAG t=1096.00 rough=0.000000 cond=11.932119 evap=16.287612 backs=2.124471
# CANT t=1096.00 a_tag=1.0000 a_max=1.0000 xl_tag=0.4656 nlock=6 tune=78.204686
# REG t=1096.00 tp n=6 rho=[0.098 0.602 0.874 0.936] gr=0.00040 fl=1.000 | ba n=25686 rho=[0.090 0.481 0.839 0.960] gr=0.00007 fl=0.928
t= 1100.00 -9.36e-16 | 1.6642 16.33  22096   13 144134 144418 | 1.4278 14.77 | 5.11e-03 1.58e-02 |   3.8929 0.5575  2.0986  1.3782 1.000 15.67 | edge_dev mean=0.2899 max=0.6765 gg=0.1406 shape_dev=0.2332 xbar=0.2592 | T0 psi=(+0.327,+3.090,+0.641) ggm=0.000 circ=-0.9687 xUDD=(0.099,0.062,0.602) | T1 psi=(+2.227,-0.805,+99.000) ggm=0.000 circ=+1.6115 xUDD=(0.080,0.085,0.627) | sep=2.5702
# CONVTAG t=1100.00 rough=0.000000 cond=11.932119 evap=16.287612 backs=2.124471
# CANT t=1100.00 a_tag=1.0000 a_max=1.0000 xl_tag=0.4656 nlock=6 tune=78.388166
# REG t=1100.00 tp n=6 rho=[0.449 0.572 0.837 0.937] gr=0.00029 fl=1.000 | ba n=25675 rho=[0.089 0.479 0.838 0.959] gr=0.00007 fl=0.928
t= 1104.00 -9.36e-16 | 1.6645 16.33  22099    9 144687 144972 | 1.4278 14.77 | 5.72e-03 1.34e-02 |   3.6773 0.5266  2.1609  1.3471 1.000 15.83 | edge_dev mean=0.2838 max=0.6708 gg=0.1715 shape_dev=0.2142 xbar=0.2448 | T0 psi=(+0.044,-0.218,-2.224) ggm=0.000 circ=-0.9524 xUDD=(0.054,0.067,0.583) | T1 psi=(+2.557,-2.308,+99.000) ggm=0.000 circ=+1.5894 xUDD=(0.075,0.069,0.621) | sep=2.5884
# CONVTAG t=1104.00 rough=0.000000 cond=12.107049 evap=16.595065 backs=2.164574
# CANT t=1104.00 a_tag=1.0000 a_max=1.0000 xl_tag=0.4656 nlock=6 tune=78.577947
# REG t=1104.00 tp n=6 rho=[0.132 0.575 0.818 0.942] gr=0.00020 fl=1.000 | ba n=25680 rho=[0.089 0.478 0.836 0.958] gr=0.00007 fl=0.928
t= 1108.00 -9.36e-16 | 1.6648 16.34  22111   14 145236 145501 | 1.4279 14.77 | 7.06e-03 1.87e-02 |   3.6062 0.5164  2.1552  1.3458 1.000 16.00 | edge_dev mean=0.2900 max=0.6634 gg=0.1624 shape_dev=0.1930 xbar=0.2402 | T0 psi=(-0.004,+2.809,+1.206) ggm=0.000 circ=-0.9887 xUDD=(0.075,0.037,0.595) | T1 psi=(+2.555,+0.968,+99.000) ggm=0.000 circ=+1.5745 xUDD=(0.063,0.058,0.614) | sep=2.6008
# CONVTAG t=1108.00 rough=0.000000 cond=12.107049 evap=16.595065 backs=2.164574
# CANT t=1108.00 a_tag=1.0000 a_max=1.0000 xl_tag=0.4656 nlock=6 tune=78.716677
# REG t=1108.00 tp n=6 rho=[0.076 0.569 0.837 0.954] gr=0.00020 fl=1.000 | ba n=25695 rho=[0.091 0.481 0.835 0.960] gr=0.00007 fl=0.928
t= 1112.00 -9.36e-16 | 1.6649 16.36  22130   11 145793 146062 | 1.4282 14.77 | 5.31e-03 1.55e-02 |   3.5000 0.5012  2.1921  1.3199 1.000 16.00 | edge_dev mean=0.2986 max=0.6674 gg=0.1721 shape_dev=0.2228 xbar=0.2342 | T0 psi=(+0.040,-1.505,-0.961) ggm=0.000 circ=-0.9855 xUDD=(0.049,0.046,0.590) | T1 psi=(+2.284,-1.410,+99.000) ggm=0.000 circ=+1.5716 xUDD=(0.063,0.048,0.610) | sep=2.5830
# CONVTAG t=1112.00 rough=0.000000 cond=12.107049 evap=16.595065 backs=2.164574
# CANT t=1112.00 a_tag=1.0000 a_max=1.0000 xl_tag=0.4656 nlock=6 tune=78.853952
# REG t=1112.00 tp n=6 rho=[0.069 0.566 0.855 0.981] gr=0.00017 fl=1.000 | ba n=25695 rho=[0.092 0.483 0.838 0.960] gr=0.00007 fl=0.928
t= 1116.00 -9.36e-16 | 1.6643 16.34  22106   18 146401 146643 | 1.4279 14.77 | 9.12e-03 2.45e-02 |   3.4382 0.4923  2.1882  1.3174 1.000 16.33 | edge_dev mean=0.3087 max=0.6803 gg=0.1718 shape_dev=0.2480 xbar=0.2297 | T0 psi=(+0.061,+1.277,+2.578) ggm=0.000 circ=-0.9848 xUDD=(0.050,0.050,0.587) | T1 psi=(+2.414,+2.464,+99.000) ggm=0.000 circ=+1.5723 xUDD=(0.046,0.042,0.603) | sep=2.5716
# CONVTAG t=1116.00 rough=0.000000 cond=12.107049 evap=16.595065 backs=2.164574
# CANT t=1116.00 a_tag=1.0000 a_max=1.0000 xl_tag=0.4656 nlock=6 tune=78.953532
# REG t=1116.00 tp n=6 rho=[0.183 0.567 0.933 0.989] gr=0.00018 fl=1.000 | ba n=25713 rho=[0.088 0.476 0.838 0.961] gr=0.00007 fl=0.927
t= 1120.00 -9.36e-16 | 1.6640 16.33  22097   16 146939 147192 | 1.4279 14.78 | 5.47e-03 1.62e-02 |   3.3239 0.4760  2.2102  1.3088 1.000 16.33 | edge_dev mean=0.3116 max=0.6878 gg=0.1839 shape_dev=0.2553 xbar=0.2221 | T0 psi=(-0.013,-2.675,+0.306) ggm=0.000 circ=-0.9834 xUDD=(0.044,0.042,0.583) | T1 psi=(+2.164,-2.403,+99.000) ggm=0.000 circ=+1.5717 xUDD=(0.039,0.030,0.594) | sep=2.5697
# CONVTAG t=1120.00 rough=0.000000 cond=12.107049 evap=16.595065 backs=2.164574
# CANT t=1120.00 a_tag=1.0000 a_max=1.0000 xl_tag=0.4656 nlock=6 tune=79.033696
# REG t=1120.00 tp n=6 rho=[0.435 0.556 0.862 0.976] gr=0.00028 fl=1.000 | ba n=25703 rho=[0.084 0.473 0.833 0.960] gr=0.00007 fl=0.927
t= 1124.00 -9.36e-16 | 1.6639 16.33  22095   15 147466 147734 | 1.4279 14.78 | 4.86e-03 1.80e-02 |   3.1821 0.4557  2.2195  1.2949 1.000 16.17 | edge_dev mean=0.3155 max=0.7017 gg=0.1968 shape_dev=0.2467 xbar=0.2120 | T0 psi=(-0.000,-0.342,-2.166) ggm=0.000 circ=-0.9765 xUDD=(0.034,0.033,0.576) | T1 psi=(+2.676,-2.910,+99.000) ggm=0.000 circ=+1.5617 xUDD=(0.033,0.019,0.578) | sep=2.5729
# CONVTAG t=1124.00 rough=0.000000 cond=12.107049 evap=16.595065 backs=2.164574
# CANT t=1124.00 a_tag=1.0000 a_max=1.0000 xl_tag=0.4656 nlock=6 tune=79.127375
# REG t=1124.00 tp n=6 rho=[0.262 0.589 0.852 0.945] gr=0.00041 fl=1.000 | ba n=25689 rho=[0.085 0.471 0.830 0.960] gr=0.00007 fl=0.927
t= 1128.00 -8.03e-16 | 1.6641 16.34  22111   17 148013 148262 | 1.4281 14.78 | 6.05e-03 1.81e-02 |   3.1900 0.4568  2.2491  1.2689 1.000 16.17 | edge_dev mean=0.3185 max=0.7103 gg=0.1829 shape_dev=0.2540 xbar=0.2125 | T0 psi=(-0.026,+2.584,+1.122) ggm=0.000 circ=-0.9776 xUDD=(0.027,0.025,0.574) | T1 psi=(+2.893,+0.454,+99.000) ggm=0.000 circ=+1.5380 xUDD=(0.038,0.037,0.575) | sep=2.5662
# CONVTAG t=1128.00 rough=0.000000 cond=12.107049 evap=16.595065 backs=2.164574
# CANT t=1128.00 a_tag=1.0000 a_max=1.0000 xl_tag=0.4656 nlock=6 tune=79.201328
# REG t=1128.00 tp n=6 rho=[0.155 0.600 0.851 0.931] gr=0.00085 fl=1.000 | ba n=25705 rho=[0.086 0.471 0.834 0.959] gr=0.00007 fl=0.926
t= 1132.00 -8.03e-16 | 1.6645 16.34  22106   11 148548 148821 | 1.4280 14.78 | 5.63e-03 1.60e-02 |   3.1422 0.4500  2.2887  1.2562 1.000 16.33 | edge_dev mean=0.3101 max=0.7052 gg=0.1704 shape_dev=0.2281 xbar=0.2094 | T0 psi=(-0.188,-1.533,-0.904) ggm=0.000 circ=-0.9642 xUDD=(0.017,0.021,0.573) | T1 psi=(+2.298,+2.626,+99.000) ggm=0.000 circ=+1.5198 xUDD=(0.035,0.031,0.580) | sep=2.5784
# CONVTAG t=1132.00 rough=0.000000 cond=12.107049 evap=16.595065 backs=2.164574
# CANT t=1132.00 a_tag=1.0000 a_max=1.0000 xl_tag=0.4656 nlock=6 tune=79.296908
# REG t=1132.00 tp n=6 rho=[0.100 0.610 0.847 0.930] gr=0.00087 fl=1.000 | ba n=25689 rho=[0.086 0.475 0.836 0.960] gr=0.00007 fl=0.927
t= 1136.00 -8.03e-16 | 1.6648 16.34  22105   15 149090 149352 | 1.4280 14.78 | 7.33e-03 1.79e-02 |   3.1024 0.4443  2.2997  1.2534 1.000 16.50 | edge_dev mean=0.2992 max=0.6901 gg=0.1673 shape_dev=0.2209 xbar=0.2067 | T0 psi=(-0.091,+0.546,+3.136) ggm=0.000 circ=-0.9632 xUDD=(0.015,0.016,0.570) | T1 psi=(+2.540,+1.475,+99.000) ggm=0.000 circ=+1.5172 xUDD=(0.037,0.023,0.578) | sep=2.5797
# CONVTAG t=1136.00 rough=0.000000 cond=12.107049 evap=16.595065 backs=2.164574
# CANT t=1136.00 a_tag=1.0000 a_max=1.0000 xl_tag=0.4656 nlock=6 tune=79.359741
# REG t=1136.00 tp n=6 rho=[0.145 0.630 0.833 0.924] gr=0.00082 fl=1.000 | ba n=25695 rho=[0.087 0.475 0.835 0.959] gr=0.00007 fl=0.927
t= 1140.00 -8.03e-16 | 1.6648 16.34  22111   15 149638 149905 | 1.4281 14.79 | 5.33e-03 1.63e-02 |   3.0446 0.4360  2.3110  1.2439 1.000 16.33 | edge_dev mean=0.2900 max=0.6907 gg=0.1738 shape_dev=0.2293 xbar=0.2029 | T0 psi=(-0.115,+2.204,+1.496) ggm=0.000 circ=-0.9565 xUDD=(0.013,0.009,0.568) | T1 psi=(+2.234,-1.225,+99.000) ggm=0.000 circ=+1.5138 xUDD=(0.036,0.019,0.572) | sep=2.5678
# CONVTAG t=1140.00 rough=0.000000 cond=12.107049 evap=16.595065 backs=2.164574
# CANT t=1140.00 a_tag=1.0000 a_max=1.0000 xl_tag=0.4656 nlock=6 tune=79.431041
# REG t=1140.00 tp n=6 rho=[0.235 0.631 0.824 0.917] gr=0.00078 fl=1.000 | ba n=25689 rho=[0.086 0.473 0.837 0.961] gr=0.00007 fl=0.927
t= 1144.00 -8.03e-16 | 1.6641 16.33  22095    6 150124 150413 | 1.4278 14.78 | 6.24e-03 1.75e-02 |   3.2031 0.4587  2.3870  1.2320 1.000 16.00 | edge_dev mean=0.2867 max=0.6744 gg=0.1715 shape_dev=0.2048 xbar=0.2134 | T0 psi=(-0.073,-1.482,-1.278) ggm=0.000 circ=-0.9475 xUDD=(0.009,0.008,0.567) | T1 psi=(+2.333,+2.839,+99.000) ggm=0.000 circ=+1.5082 xUDD=(0.030,0.032,0.635) | sep=2.5818
# CONVTAG t=1144.00 rough=0.000000 cond=12.286322 evap=16.595065 backs=2.164574
# CANT t=1144.00 a_tag=1.0000 a_max=1.0000 xl_tag=0.4656 nlock=6 tune=79.542792
# REG t=1144.00 tp n=6 rho=[0.140 0.615 0.822 0.898] gr=0.00068 fl=1.000 | ba n=25677 rho=[0.088 0.472 0.835 0.960] gr=0.00007 fl=0.928
t= 1148.00 -9.36e-16 | 1.6641 16.34  22105   20 150598 150905 | 1.4278 14.77 | 5.46e-03 1.37e-02 |   3.2747 0.4689  2.3435  1.2567 1.000 16.17 | edge_dev mean=0.2976 max=0.6922 gg=0.1873 shape_dev=0.1916 xbar=0.2181 | T0 psi=(-0.031,+0.975,+2.553) ggm=0.000 circ=-0.9457 xUDD=(0.015,0.016,0.574) | T1 psi=(+2.159,-2.426,+99.000) ggm=0.000 circ=+1.5023 xUDD=(0.044,0.047,0.613) | sep=2.5959
# CONVTAG t=1148.00 rough=0.000000 cond=12.286322 evap=16.595065 backs=2.164574
# CANT t=1148.00 a_tag=1.0000 a_max=1.0000 xl_tag=0.4656 nlock=6 tune=79.703523
# REG t=1148.00 tp n=6 rho=[0.087 0.576 0.723 0.809] gr=0.00068 fl=1.000 | ba n=25647 rho=[0.089 0.471 0.836 0.959] gr=0.00007 fl=0.928
t= 1152.00 -9.36e-16 | 1.6642 16.35  22128   15 151132 151410 | 1.4282 14.78 | 4.47e-03 1.52e-02 |   2.9711 0.4255  2.1622  1.2796 1.000 16.00 | edge_dev mean=0.2935 max=0.6844 gg=0.1847 shape_dev=0.2338 xbar=0.1978 | T0 psi=(-0.007,-2.470,-0.127) ggm=0.000 circ=-0.9477 xUDD=(0.020,0.026,0.574) | T1 psi=(+2.734,-2.504,+99.000) ggm=0.000 circ=+1.5007 xUDD=(0.058,0.027,0.483) | sep=2.5661
# CONVTAG t=1152.00 rough=0.000000 cond=12.286322 evap=16.904687 backs=2.204959
# CANT t=1152.00 a_tag=1.0000 a_max=1.0000 xl_tag=0.4656 nlock=6 tune=79.841198
# REG t=1152.00 tp n=6 rho=[0.095 0.613 0.713 0.802] gr=0.00051 fl=1.000 | ba n=25681 rho=[0.088 0.470 0.831 0.960] gr=0.00007 fl=0.927
t= 1156.00 -9.36e-16 | 1.6647 16.37  22144   11 151688 151956 | 1.4285 14.79 | 6.21e-03 1.84e-02 |   2.9780 0.4264  2.2070  1.2798 1.000 16.00 | edge_dev mean=0.2989 max=0.7031 gg=0.1805 shape_dev=0.2330 xbar=0.1983 | T0 psi=(-0.007,+0.364,-3.047) ggm=0.000 circ=-0.9492 xUDD=(0.019,0.026,0.569) | T1 psi=(+2.838,+0.702,+99.000) ggm=0.000 circ=+1.4940 xUDD=(0.035,0.015,0.526) | sep=2.5681
# CONVTAG t=1156.00 rough=0.000000 cond=12.286322 evap=16.904687 backs=2.204959
# CANT t=1156.00 a_tag=1.0000 a_max=1.0000 xl_tag=0.4656 nlock=6 tune=80.051133
# REG t=1156.00 tp n=6 rho=[0.123 0.605 0.692 0.737] gr=0.00055 fl=1.000 | ba n=25695 rho=[0.087 0.469 0.828 0.958] gr=0.00007 fl=0.926
t= 1160.00 -9.36e-16 | 1.6650 16.38  22160    9 152197 152485 | 1.4288 14.79 | 6.77e-03 2.00e-02 |   3.0505 0.4368  2.2205  1.2820 1.000 16.00 | edge_dev mean=0.3015 max=0.7091 gg=0.1850 shape_dev=0.2369 xbar=0.2033 | T0 psi=(+0.054,+2.915,+0.618) ggm=0.000 circ=-0.9547 xUDD=(0.028,0.023,0.571) | T1 psi=(+2.916,-2.261,+99.000) ggm=0.000 circ=+1.4768 xUDD=(0.029,0.018,0.550) | sep=2.5655
# CONVTAG t=1160.00 rough=0.000000 cond=12.286322 evap=16.904687 backs=2.204959
# CANT t=1160.00 a_tag=1.0000 a_max=1.0000 xl_tag=0.4656 nlock=6 tune=80.176428
# REG t=1160.00 tp n=6 rho=[0.256 0.607 0.688 0.701] gr=0.00040 fl=1.000 | ba n=25675 rho=[0.089 0.469 0.831 0.960] gr=0.00007 fl=0.927
t= 1164.00 -9.36e-16 | 1.6649 16.38  22159    8 152732 153021 | 1.4287 14.79 | 8.31e-03 2.39e-02 |   3.1141 0.4459  2.1738  1.3144 1.000 16.00 | edge_dev mean=0.2962 max=0.7092 gg=0.2260 shape_dev=0.2176 xbar=0.2074 | T0 psi=(+0.097,-1.372,-1.356) ggm=0.000 circ=-0.9592 xUDD=(0.032,0.048,0.573) | T1 psi=(+2.375,+0.108,+99.000) ggm=0.000 circ=+1.4695 xUDD=(0.019,0.013,0.560) | sep=2.5774
# CONVTAG t=1164.00 rough=0.000000 cond=12.286322 evap=16.904687 backs=2.204959
# CANT t=1164.00 a_tag=1.0000 a_max=1.0000 xl_tag=0.4656 nlock=6 tune=80.267064
# REG t=1164.00 tp n=6 rho=[0.536 0.622 0.696 0.776] gr=0.00035 fl=1.000 | ba n=25676 rho=[0.087 0.466 0.830 0.959] gr=0.00007 fl=0.927
t= 1168.00 -9.36e-16 | 1.6645 16.35  22117   10 153205 153473 | 1.4281 14.78 | 4.60e-03 1.37e-02 |   3.3784 0.4838  1.9872  1.4207 1.000 15.83 | edge_dev mean=0.2972 max=0.7015 gg=0.0848 shape_dev=0.2040 xbar=0.2251 | T0 psi=(-0.080,+1.740,+2.984) ggm=0.000 circ=-0.9558 xUDD=(0.141,0.039,0.582) | T1 psi=(+2.574,-1.220,+99.000) ggm=0.000 circ=+1.4631 xUDD=(0.010,0.014,0.563) | sep=2.5829
# CONVTAG t=1168.00 rough=0.000000 cond=12.577956 evap=16.904687 backs=2.204959
# CANT t=1168.00 a_tag=1.0000 a_max=1.0000 xl_tag=0.4656 nlock=6 tune=80.388870
# REG t=1168.00 tp n=6 rho=[0.225 0.664 0.693 0.842] gr=0.00057 fl=1.000 | ba n=25696 rho=[0.086 0.460 0.828 0.959] gr=0.00007 fl=0.927
t= 1172.00 -9.36e-16 | 1.6645 16.34  22108    9 153723 154007 | 1.4280 14.78 | 1.02e-02 2.94e-02 |   3.2830 0.4701  2.0972  1.3543 1.000 16.17 | edge_dev mean=0.2922 max=0.6997 gg=0.1605 shape_dev=0.1942 xbar=0.2186 | T0 psi=(-0.002,-2.157,-0.028) ggm=0.000 circ=-0.8842 xUDD=(0.051,0.068,0.588) | T1 psi=(+2.570,+1.713,+99.000) ggm=0.000 circ=+1.4579 xUDD=(0.012,0.023,0.569) | sep=2.5977
# CONVTAG t=1172.00 rough=0.000000 cond=12.577956 evap=16.904687 backs=2.204959
# CANT t=1172.00 a_tag=1.0000 a_max=1.0000 xl_tag=0.4656 nlock=6 tune=80.638848
# REG t=1172.00 tp n=6 rho=[0.143 0.257 0.649 0.918] gr=0.00059 fl=1.000 | ba n=25681 rho=[0.089 0.463 0.828 0.959] gr=0.00007 fl=0.927
t= 1176.00 -9.36e-16 | 1.6645 16.33  22090    9 154198 154510 | 1.4277 14.77 | 5.26e-03 1.45e-02 |   3.1990 0.4581  2.1618  1.3236 1.000 16.00 | edge_dev mean=0.2925 max=0.6898 gg=0.1658 shape_dev=0.2065 xbar=0.2131 | T0 psi=(-0.023,-0.431,-1.789) ggm=0.000 circ=-0.8476 xUDD=(0.035,0.054,0.580) | T1 psi=(+2.241,-1.578,+99.000) ggm=0.000 circ=+1.4553 xUDD=(0.022,0.017,0.570) | sep=2.5838
# CONVTAG t=1176.00 rough=0.000000 cond=12.577956 evap=16.904687 backs=2.204959
# CANT t=1176.00 a_tag=1.0000 a_max=1.0000 xl_tag=0.4656 nlock=6 tune=80.725804
# REG t=1176.00 tp n=6 rho=[0.111 0.179 0.614 0.891] gr=0.00051 fl=1.000 | ba n=25653 rho=[0.086 0.463 0.833 0.961] gr=0.00007 fl=0.927
t= 1180.00 -9.36e-16 | 1.6642 16.33  22101   16 154697 154986 | 1.4278 14.77 | 7.90e-03 1.48e-02 |   3.2299 0.4625  2.1765  1.3138 1.000 15.50 | edge_dev mean=0.2858 max=0.6584 gg=0.1793 shape_dev=0.2179 xbar=0.2150 | T0 psi=(-0.005,+1.519,+2.538) ggm=0.000 circ=-0.8346 xUDD=(0.048,0.038,0.578) | T1 psi=(+2.012,+0.789,+99.000) ggm=0.000 circ=+1.4549 xUDD=(0.022,0.031,0.573) | sep=2.5738
# CONVTAG t=1180.00 rough=0.000000 cond=12.577956 evap=16.904687 backs=2.204959
# CANT t=1180.00 a_tag=1.0000 a_max=1.0000 xl_tag=0.4656 nlock=6 tune=80.810412
# REG t=1180.00 tp n=6 rho=[0.171 0.301 0.599 0.905] gr=0.00038 fl=1.000 | ba n=25666 rho=[0.086 0.463 0.834 0.959] gr=0.00007 fl=0.927
t= 1184.00 -9.36e-16 | 1.6639 16.30  22050   18 155189 155465 | 1.4271 14.76 | 1.17e-02 2.61e-02 |   3.1979 0.4579  2.1918  1.2979 1.000 16.00 | edge_dev mean=0.2717 max=0.6242 gg=0.1720 shape_dev=0.2241 xbar=0.2128 | T0 psi=(+0.062,-2.653,+0.294) ggm=0.000 circ=-0.8267 xUDD=(0.039,0.039,0.577) | T1 psi=(+2.437,+0.930,+99.000) ggm=0.000 circ=+1.4472 xUDD=(0.021,0.023,0.577) | sep=2.5648
# CONVTAG t=1184.00 rough=0.000000 cond=12.577956 evap=16.904687 backs=2.204959
# CANT t=1184.00 a_tag=1.0000 a_max=1.0000 xl_tag=0.4656 nlock=6 tune=80.900154
# REG t=1184.00 tp n=6 rho=[0.118 0.168 0.612 0.953] gr=0.00051 fl=1.000 | ba n=25678 rho=[0.084 0.456 0.832 0.960] gr=0.00007 fl=0.926
t= 1188.00 -9.36e-16 | 1.6643 16.31  22074   13 155713 155971 | 1.4273 14.75 | 5.68e-03 1.38e-02 |   3.1852 0.4561  2.1494  1.3198 1.000 16.00 | edge_dev mean=0.2788 max=0.6271 gg=0.1617 shape_dev=0.2458 xbar=0.2121 | T0 psi=(+0.129,+0.109,-2.419) ggm=0.000 circ=-0.8262 xUDD=(0.056,0.041,0.573) | T1 psi=(+2.607,-2.152,+99.000) ggm=0.000 circ=+1.4417 xUDD=(0.018,0.015,0.570) | sep=2.5536
# CONVTAG t=1188.00 rough=0.000000 cond=12.577956 evap=16.904687 backs=2.204959
# CANT t=1188.00 a_tag=1.0000 a_max=1.0000 xl_tag=0.4656 nlock=6 tune=80.984298
# REG t=1188.00 tp n=6 rho=[0.066 0.167 0.598 0.969] gr=0.00036 fl=1.000 | ba n=25701 rho=[0.081 0.459 0.835 0.959] gr=0.00007 fl=0.925
t= 1192.00 -9.36e-16 | 1.6641 16.33  22094   11 156207 156498 | 1.4275 14.75 | 6.77e-03 1.62e-02 |   3.0863 0.4419  2.2145  1.2766 1.000 16.17 | edge_dev mean=0.2851 max=0.6456 gg=0.1716 shape_dev=0.2533 xbar=0.2058 | T0 psi=(+0.028,+2.164,+1.749) ggm=0.000 circ=-0.8155 xUDD=(0.033,0.030,0.572) | T1 psi=(+2.096,+0.283,+99.000) ggm=0.000 circ=+1.4382 xUDD=(0.016,0.016,0.568) | sep=2.5532
# CONVTAG t=1192.00 rough=0.000000 cond=12.577956 evap=16.904687 backs=2.204959
# CANT t=1192.00 a_tag=1.0000 a_max=1.0000 xl_tag=0.4656 nlock=6 tune=81.042827
# REG t=1192.00 tp n=6 rho=[0.046 0.183 0.570 0.973] gr=0.00028 fl=1.000 | ba n=25670 rho=[0.083 0.466 0.833 0.959] gr=0.00007 fl=0.926
t= 1196.00 -9.36e-16 | 1.6639 16.32  22079   11 156742 156996 | 1.4273 14.75 | 7.32e-03 1.98e-02 |   3.0204 0.4325  2.2485  1.2582 1.000 16.17 | edge_dev mean=0.2947 max=0.6654 gg=0.1692 shape_dev=0.2622 xbar=0.2013 | T0 psi=(+0.057,-1.901,-0.618) ggm=0.000 circ=-0.8084 xUDD=(0.028,0.020,0.566) | T1 psi=(+2.283,-0.866,+99.000) ggm=0.000 circ=+1.4383 xUDD=(0.016,0.011,0.567) | sep=2.5551
# CONVTAG t=1196.00 rough=0.000000 cond=12.577956 evap=16.904687 backs=2.204959
# CANT t=1196.00 a_tag=1.0000 a_max=1.0000 xl_tag=0.4656 nlock=6 tune=81.083975
# REG t=1196.00 tp n=6 rho=[0.088 0.187 0.565 0.973] gr=0.00020 fl=1.000 | ba n=25707 rho=[0.081 0.474 0.836 0.960] gr=0.00007 fl=0.925
t= 1200.00 -9.36e-16 | 1.6642 16.33  22090   10 157259 157507 | 1.4274 14.75 | 7.61e-03 1.80e-02 |   3.0011 0.4298  2.2502  1.2511 1.000 16.00 | edge_dev mean=0.2926 max=0.6673 gg=0.1655 shape_dev=0.2586 xbar=0.1999 | T0 psi=(+0.070,+0.536,+3.095) ggm=0.000 circ=-0.7977 xUDD=(0.024,0.018,0.566) | T1 psi=(+2.161,+1.898,+99.000) ggm=0.000 circ=+1.4387 xUDD=(0.014,0.010,0.566) | sep=2.5627
# CONVTAG t=1200.00 rough=0.000000 cond=12.577956 evap=16.904687 backs=2.204959
# CANT t=1200.00 a_tag=1.0000 a_max=1.0000 xl_tag=0.4656 nlock=6 tune=81.126021
# REG t=1200.00 tp n=6 rho=[0.247 0.332 0.540 0.939] gr=0.00016 fl=1.000 | ba n=25714 rho=[0.081 0.471 0.841 0.960] gr=0.00007 fl=0.925
t= 1204.00 -9.36e-16 | 1.6643 16.36  22141   12 157773 158026 | 1.4279 14.75 | 7.29e-03 1.90e-02 |   3.0094 0.4309  2.2616  1.2602 1.000 16.33 | edge_dev mean=0.2906 max=0.6656 gg=0.1690 shape_dev=0.2434 xbar=0.2010 | T0 psi=(+0.073,+2.274,+1.258) ggm=0.000 circ=-0.8054 xUDD=(0.024,0.018,0.565) | T1 psi=(+1.999,-0.948,+99.000) ggm=0.000 circ=+1.4373 xUDD=(0.025,0.010,0.564) | sep=2.5729
# CONVTAG t=1204.00 rough=0.000000 cond=12.577956 evap=16.904687 backs=2.204959
# CANT t=1204.00 a_tag=1.0000 a_max=1.0000 xl_tag=0.4656 nlock=6 tune=81.165673
# REG t=1204.00 tp n=6 rho=[0.291 0.321 0.533 0.882] gr=0.00012 fl=1.000 | ba n=25707 rho=[0.082 0.468 0.837 0.960] gr=0.00007 fl=0.925
t= 1208.00 -9.36e-16 | 1.6643 16.33  22096   10 158264 158551 | 1.4273 14.74 | 5.37e-03 1.55e-02 |   2.7741 0.3973  2.3678  1.2116 1.000 16.33 | edge_dev mean=0.2825 max=0.6658 gg=0.1525 shape_dev=0.2325 xbar=0.1849 | T0 psi=(+0.026,-1.504,-1.853) ggm=0.000 circ=-0.8007 xUDD=(0.004,0.002,0.519) | T1 psi=(+2.409,+2.825,+99.000) ggm=0.000 circ=+1.4350 xUDD=(0.021,0.003,0.560) | sep=2.5797
# CONVTAG t=1208.00 rough=0.000000 cond=12.577956 evap=17.220735 backs=2.246183
# CANT t=1208.00 a_tag=1.0000 a_max=1.0000 xl_tag=0.4656 nlock=6 tune=81.408924
# REG t=1208.00 tp n=6 rho=[0.005 0.206 0.485 0.716] gr=0.00008 fl=1.000 | ba n=25674 rho=[0.082 0.469 0.841 0.960] gr=0.00007 fl=0.926
t= 1212.00 -9.36e-16 | 1.6646 16.33  22100   10 158736 158999 | 1.4275 14.75 | 3.91e-03 1.65e-02 |   2.8409 0.4068  2.3199  1.2059 1.000 16.17 | edge_dev mean=0.2820 max=0.6692 gg=0.1857 shape_dev=0.2368 xbar=0.1893 | T0 psi=(-0.096,+0.289,-3.138) ggm=0.000 circ=-0.7964 xUDD=(0.004,0.002,0.551) | T1 psi=(+2.209,+0.443,+99.000) ggm=0.000 circ=+1.4348 xUDD=(0.018,0.005,0.556) | sep=2.5830
# CONVTAG t=1212.00 rough=0.000000 cond=12.577956 evap=17.220735 backs=2.246183
# CANT t=1212.00 a_tag=1.0000 a_max=1.0000 xl_tag=0.4656 nlock=6 tune=81.542694
# REG t=1212.00 tp n=6 rho=[0.005 0.194 0.462 0.741] gr=0.00006 fl=1.000 | ba n=25697 rho=[0.083 0.467 0.843 0.960] gr=0.00007 fl=0.925
t= 1216.00 -9.36e-16 | 1.6646 16.31  22073   15 159261 159508 | 1.4272 14.75 | 6.57e-03 2.03e-02 |   2.9186 0.4179  2.2803  1.2229 1.000 16.33 | edge_dev mean=0.2850 max=0.6683 gg=0.1940 shape_dev=0.2361 xbar=0.1946 | T0 psi=(-0.213,+3.051,+0.716) ggm=0.000 circ=-0.7963 xUDD=(0.016,0.005,0.560) | T1 psi=(+2.740,-2.016,+99.000) ggm=0.000 circ=+1.4340 xUDD=(0.017,0.010,0.560) | sep=2.5824
# CONVTAG t=1216.00 rough=0.000000 cond=12.577956 evap=17.220735 backs=2.246183
# CANT t=1216.00 a_tag=1.0000 a_max=1.0000 xl_tag=0.4656 nlock=6 tune=81.593566
# REG t=1216.00 tp n=6 rho=[0.003 0.259 0.549 0.889] gr=0.00007 fl=1.000 | ba n=25708 rho=[0.084 0.476 0.843 0.960] gr=0.00007 fl=0.924
t= 1220.00 -9.36e-16 | 1.6644 16.33  22093    9 159756 160043 | 1.4276 14.76 | 9.03e-03 2.25e-02 |   2.9697 0.4253  2.2675  1.2275 1.000 16.33 | edge_dev mean=0.2863 max=0.6629 gg=0.2523 shape_dev=0.2251 xbar=0.1978 | T0 psi=(-0.029,-1.443,-1.314) ggm=0.000 circ=-0.7937 xUDD=(0.015,0.012,0.566) | T1 psi=(+2.798,+1.306,+99.000) ggm=0.000 circ=+1.4316 xUDD=(0.017,0.014,0.563) | sep=2.5874
# CONVTAG t=1220.00 rough=0.000000 cond=12.577956 evap=17.220735 backs=2.246183
# CANT t=1220.00 a_tag=1.0000 a_max=1.0000 xl_tag=0.4656 nlock=6 tune=81.634600
# REG t=1220.00 tp n=6 rho=[0.001 0.446 0.602 0.968] gr=0.00021 fl=1.000 | ba n=25675 rho=[0.088 0.479 0.844 0.959] gr=0.00007 fl=0.925
t= 1224.00 -1.07e-15 | 1.6640 16.32  22085   12 160315 160566 | 1.4275 14.76 | 8.74e-03 2.37e-02 |   2.9921 0.4285  2.2299  1.2488 1.000 16.33 | edge_dev mean=0.2862 max=0.6507 gg=0.2321 shape_dev=0.2242 xbar=0.1995 | T0 psi=(-0.078,+1.271,+2.514) ggm=0.000 circ=-0.7967 xUDD=(0.024,0.017,0.567) | T1 psi=(-3.087,-0.834,+99.000) ggm=0.000 circ=+1.4247 xUDD=(0.017,0.011,0.561) | sep=2.5897
# CONVTAG t=1224.00 rough=0.000000 cond=12.577956 evap=17.220735 backs=2.246183
# CANT t=1224.00 a_tag=1.0000 a_max=1.0000 xl_tag=0.4656 nlock=6 tune=81.680471
# REG t=1224.00 tp n=6 rho=[0.001 0.199 0.680 0.974] gr=0.00033 fl=1.000 | ba n=25707 rho=[0.088 0.478 0.845 0.960] gr=0.00007 fl=0.925
t= 1228.00 -9.36e-16 | 1.6641 16.32  22076    8 160891 161118 | 1.4274 14.75 | 7.77e-03 1.85e-02 |   2.9401 0.4210  2.2562  1.2273 1.000 16.33 | edge_dev mean=0.2852 max=0.6370 gg=0.2313 shape_dev=0.2293 xbar=0.1959 | T0 psi=(-0.064,-2.546,-0.066) ggm=0.000 circ=-0.7980 xUDD=(0.018,0.013,0.563) | T1 psi=(-3.069,+2.015,+99.000) ggm=0.000 circ=+1.4158 xUDD=(0.012,0.008,0.562) | sep=2.5856
# CONVTAG t=1228.00 rough=0.000000 cond=12.577956 evap=17.220735 backs=2.246183
# CANT t=1228.00 a_tag=1.0000 a_max=1.0000 xl_tag=0.4656 nlock=6 tune=81.717567
# REG t=1228.00 tp n=6 rho=[0.001 0.138 0.748 0.963] gr=0.00028 fl=1.000 | ba n=25736 rho=[0.088 0.481 0.841 0.960] gr=0.00007 fl=0.924
t= 1232.00 -9.36e-16 | 1.6643 16.32  22082   23 161399 161671 | 1.4274 14.75 | 9.17e-03 2.24e-02 |   2.8909 0.4140  2.2764  1.2167 1.000 16.33 | edge_dev mean=0.2876 max=0.6288 gg=0.2310 shape_dev=0.2198 xbar=0.1928 | T0 psi=(-0.147,+0.070,-2.727) ggm=0.000 circ=-0.7972 xUDD=(0.018,0.007,0.559) | T1 psi=(+3.014,-1.771,+99.000) ggm=0.000 circ=+1.4071 xUDD=(0.008,0.004,0.561) | sep=2.5908
# CONVTAG t=1232.00 rough=0.000000 cond=12.577956 evap=17.220735 backs=2.246183
# CANT t=1232.00 a_tag=1.0000 a_max=1.0000 xl_tag=0.4656 nlock=6 tune=81.753018
# REG t=1232.00 tp n=6 rho=[0.001 0.094 0.816 0.969] gr=0.00024 fl=1.000 | ba n=25675 rho=[0.089 0.478 0.843 0.961] gr=0.00007 fl=0.925
t= 1236.00 -9.36e-16 | 1.6643 16.33  22099   22 161904 162193 | 1.4276 14.76 | 8.44e-03 2.06e-02 |   2.8900 0.4138  2.2754  1.2095 1.000 16.33 | edge_dev mean=0.2855 max=0.6274 gg=0.2085 shape_dev=0.2310 xbar=0.1926 | T0 psi=(-0.141,+2.999,+0.528) ggm=0.000 circ=-0.8045 xUDD=(0.014,0.010,0.561) | T1 psi=(+2.935,+0.910,+99.000) ggm=0.000 circ=+1.4014 xUDD=(0.007,0.004,0.559) | sep=2.5851
# CONVTAG t=1236.00 rough=0.000000 cond=12.577956 evap=17.220735 backs=2.246183
# CANT t=1236.00 a_tag=1.0000 a_max=1.0000 xl_tag=0.4656 nlock=6 tune=81.783820
# REG t=1236.00 tp n=6 rho=[0.001 0.058 0.849 0.974] gr=0.00019 fl=1.000 | ba n=25658 rho=[0.089 0.477 0.842 0.961] gr=0.00008 fl=0.926
t= 1240.00 -9.36e-16 | 1.6640 16.34  22111   17 162411 162732 | 1.4277 14.76 | 7.25e-03 2.15e-02 |   2.9047 0.4159  2.2738  1.2164 1.000 16.33 | edge_dev mean=0.2922 max=0.6547 gg=0.1967 shape_dev=0.2424 xbar=0.1935 | T0 psi=(-0.126,-0.315,-2.397) ggm=0.000 circ=-0.8140 xUDD=(0.020,0.008,0.561) | T1 psi=(+2.729,-2.572,+99.000) ggm=0.000 circ=+1.3954 xUDD=(0.007,0.007,0.559) | sep=2.5818
# CONVTAG t=1240.00 rough=0.000000 cond=12.577956 evap=17.220735 backs=2.246183
# CANT t=1240.00 a_tag=1.0000 a_max=1.0000 xl_tag=0.4656 nlock=6 tune=81.810837
# REG t=1240.00 tp n=6 rho=[0.001 0.029 0.861 0.963] gr=0.00020 fl=1.000 | ba n=25632 rho=[0.088 0.475 0.844 0.961] gr=0.00007 fl=0.928
t= 1244.00 -9.36e-16 | 1.6640 16.32  22079   13 162976 163291 | 1.4273 14.75 | 7.42e-03 2.05e-02 |   2.9283 0.4193  2.2904  1.2142 1.000 16.33 | edge_dev mean=0.3043 max=0.7047 gg=0.2002 shape_dev=0.2675 xbar=0.1951 | T0 psi=(-0.100,+2.312,+1.207) ggm=0.000 circ=-0.8153 xUDD=(0.015,0.008,0.564) | T1 psi=(+3.023,+0.470,+99.000) ggm=0.000 circ=+1.3894 xUDD=(0.013,0.011,0.561) | sep=2.5713
# CONVTAG t=1244.00 rough=0.000000 cond=12.577956 evap=17.220735 backs=2.246183
# CANT t=1244.00 a_tag=1.0000 a_max=1.0000 xl_tag=0.4656 nlock=6 tune=81.848975
# REG t=1244.00 tp n=6 rho=[0.001 0.017 0.856 0.965] gr=0.00024 fl=1.000 | ba n=25642 rho=[0.085 0.473 0.839 0.961] gr=0.00007 fl=0.928
t= 1248.00 -1.07e-15 | 1.6637 16.34  22108   16 163501 163807 | 1.4277 14.75 | 8.28e-03 2.15e-02 |   3.2806 0.4698  2.2821  1.2043 1.000 16.17 | edge_dev mean=0.3058 max=0.6941 gg=0.2449 shape_dev=0.2931 xbar=0.2186 | T0 psi=(-0.195,-1.768,-0.659) ggm=0.000 circ=-0.8177 xUDD=(0.026,0.011,0.581) | T1 psi=(+3.068,-2.185,+99.000) ggm=0.000 circ=+1.3912 xUDD=(0.027,0.080,0.586) | sep=2.5519
# CONVTAG t=1248.00 rough=0.000000 cond=12.876083 evap=17.220735 backs=2.246183
# CANT t=1248.00 a_tag=1.0000 a_max=1.0000 xl_tag=0.4656 nlock=6 tune=82.086977
# REG t=1248.00 tp n=6 rho=[0.001 0.778 0.848 0.972] gr=0.00026 fl=1.000 | ba n=25647 rho=[0.087 0.478 0.841 0.961] gr=0.00007 fl=0.928
t= 1252.00 -1.07e-15 | 1.6636 16.34  22106   17 164012 164330 | 1.4276 14.75 | 6.59e-03 1.77e-02 |   3.5898 0.5141  2.0538  1.3582 1.000 16.00 | edge_dev mean=0.2950 max=0.6751 gg=0.2189 shape_dev=0.2676 xbar=0.2392 | T0 psi=(-0.016,+1.380,+2.919) ggm=0.000 circ=-0.8072 xUDD=(0.109,0.050,0.607) | T1 psi=(+2.922,+1.873,+99.000) ggm=0.000 circ=+1.3882 xUDD=(0.035,0.043,0.592) | sep=2.5688
# CONVTAG t=1252.00 rough=0.000000 cond=13.170756 evap=17.220735 backs=2.246183
# CANT t=1252.00 a_tag=1.0000 a_max=1.0000 xl_tag=0.4656 nlock=6 tune=82.375074
# REG t=1252.00 tp n=6 rho=[0.001 0.690 0.948 0.993] gr=0.00034 fl=1.000 | ba n=25635 rho=[0.088 0.478 0.842 0.961] gr=0.00007 fl=0.928
t= 1256.00 -1.07e-15 | 1.6637 16.33  22096   14 164636 164961 | 1.4275 14.75 | 7.23e-03 2.41e-02 |   3.6267 0.5193  2.0352  1.3507 1.000 16.17 | edge_dev mean=0.2898 max=0.6458 gg=0.2137 shape_dev=0.2655 xbar=0.2415 | T0 psi=(+0.075,-1.881,-0.128) ggm=0.000 circ=-0.8080 xUDD=(0.091,0.074,0.611) | T1 psi=(+2.845,-1.215,+99.000) ggm=0.000 circ=+1.3798 xUDD=(0.041,0.044,0.589) | sep=2.5686
# CONVTAG t=1256.00 rough=0.000000 cond=13.170756 evap=17.220735 backs=2.246183
# CANT t=1256.00 a_tag=1.0000 a_max=1.0000 xl_tag=0.4656 nlock=6 tune=82.524479
# REG t=1256.00 tp n=6 rho=[0.001 0.628 0.833 0.889] gr=0.00046 fl=1.000 | ba n=25631 rho=[0.092 0.486 0.843 0.959] gr=0.00007 fl=0.928
t= 1260.00 -1.07e-15 | 1.6640 16.32  22079    9 165208 165483 | 1.4274 14.75 | 1.29e-02 2.91e-02 |   3.6609 0.5242  2.0456  1.3463 1.000 16.33 | edge_dev mean=0.2952 max=0.6589 gg=0.2058 shape_dev=0.2679 xbar=0.2436 | T0 psi=(+0.058,+1.168,+3.130) ggm=0.000 circ=-0.7849 xUDD=(0.075,0.082,0.609) | T1 psi=(+2.925,+1.847,+99.000) ggm=0.000 circ=+1.3731 xUDD=(0.056,0.046,0.594) | sep=2.5691
# CONVTAG t=1260.00 rough=0.000000 cond=13.170756 evap=17.220735 backs=2.246183
# CANT t=1260.00 a_tag=1.0000 a_max=1.0000 xl_tag=0.4656 nlock=6 tune=82.641896
# REG t=1260.00 tp n=6 rho=[0.001 0.596 0.769 0.839] gr=0.00035 fl=1.000 | ba n=25686 rho=[0.094 0.487 0.845 0.959] gr=0.00007 fl=0.926
t= 1264.00 -1.07e-15 | 1.6643 16.33  22096    7 165712 165981 | 1.4276 14.75 | 6.09e-03 1.60e-02 |   3.6352 0.5206  2.0578  1.3399 1.000 16.33 | edge_dev mean=0.3005 max=0.6536 gg=0.1926 shape_dev=0.2738 xbar=0.2420 | T0 psi=(+0.082,-2.020,-0.029) ggm=0.000 circ=-0.7875 xUDD=(0.077,0.074,0.601) | T1 psi=(+2.729,-1.379,+99.000) ggm=0.000 circ=+1.3710 xUDD=(0.053,0.048,0.598) | sep=2.5592
# CONVTAG t=1264.00 rough=0.000000 cond=13.170756 evap=17.220735 backs=2.246183
# CANT t=1264.00 a_tag=1.0000 a_max=1.0000 xl_tag=0.4656 nlock=6 tune=82.730736
# REG t=1264.00 tp n=6 rho=[0.001 0.587 0.609 0.868] gr=0.00030 fl=1.000 | ba n=25693 rho=[0.095 0.490 0.844 0.961] gr=0.00007 fl=0.926
t= 1268.00 -9.36e-16 | 1.6651 16.32  22079   10 166206 166475 | 1.4275 14.76 | 6.17e-03 1.71e-02 |   3.5482 0.5081  2.0870  1.3302 1.000 16.33 | edge_dev mean=0.2962 max=0.6346 gg=0.1973 shape_dev=0.2692 xbar=0.2364 | T0 psi=(+0.078,+0.802,-2.889) ggm=0.000 circ=-0.7906 xUDD=(0.070,0.065,0.592) | T1 psi=(+2.890,+1.791,+99.000) ggm=0.000 circ=+1.3685 xUDD=(0.049,0.042,0.600) | sep=2.5566
# CONVTAG t=1268.00 rough=0.000000 cond=13.170756 evap=17.220735 backs=2.246183
# CANT t=1268.00 a_tag=1.0000 a_max=1.0000 xl_tag=0.4656 nlock=6 tune=82.804284
# REG t=1268.00 tp n=6 rho=[0.001 0.380 0.602 0.939] gr=0.00032 fl=1.000 | ba n=25690 rho=[0.096 0.488 0.843 0.961] gr=0.00007 fl=0.926
t= 1272.00 -1.07e-15 | 1.6651 16.33  22092   12 166723 166987 | 1.4276 14.76 | 1.12e-02 3.00e-02 |   3.5130 0.5031  2.0279  1.3510 1.000 16.17 | edge_dev mean=0.2891 max=0.6248 gg=0.2400 shape_dev=0.2694 xbar=0.2339 | T0 psi=(+0.039,+3.049,+1.229) ggm=0.000 circ=-0.7927 xUDD=(0.069,0.069,0.588) | T1 psi=(+2.633,-1.966,+99.000) ggm=0.000 circ=+1.3639 xUDD=(0.136,0.027,0.514) | sep=2.5534
# CONVTAG t=1272.00 rough=0.000000 cond=13.459972 evap=17.529585 backs=2.286468
# CANT t=1272.00 a_tag=1.0000 a_max=1.0000 xl_tag=0.4656 nlock=6 tune=83.061488
# REG t=1272.00 tp n=6 rho=[0.001 0.594 0.618 0.933] gr=0.00034 fl=1.000 | ba n=25693 rho=[0.097 0.488 0.843 0.959] gr=0.00007 fl=0.926
t= 1276.00 -9.36e-16 | 1.6648 16.32  22078   14 167207 167483 | 1.4274 14.75 | 7.34e-03 2.07e-02 |   3.4063 0.4878  2.0699  1.3394 1.000 16.33 | edge_dev mean=0.2891 max=0.6345 gg=0.2254 shape_dev=0.2580 xbar=0.2268 | T0 psi=(+0.013,-0.311,-1.699) ggm=0.002 circ=-0.7945 xUDD=(0.067,0.059,0.585) | T1 psi=(+2.741,+2.605,+99.000) ggm=0.000 circ=+1.3574 xUDD=(0.069,0.027,0.553) | sep=2.5640
# CONVTAG t=1276.00 rough=0.000000 cond=13.459972 evap=17.529585 backs=2.286468
# CANT t=1276.00 a_tag=1.0000 a_max=1.0000 xl_tag=0.4656 nlock=6 tune=83.338875
# REG t=1276.00 tp n=6 rho=[0.001 0.422 0.609 0.906] gr=0.00074 fl=1.000 | ba n=25678 rho=[0.094 0.482 0.841 0.960] gr=0.00007 fl=0.927
t= 1280.00 -9.36e-16 | 1.6647 16.35  22118    8 167716 168011 | 1.4278 14.75 | 5.64e-03 1.87e-02 |   3.3206 0.4755  2.1410  1.3057 1.000 16.17 | edge_dev mean=0.2854 max=0.6352 gg=0.2035 shape_dev=0.2361 xbar=0.2210 | T0 psi=(+0.015,+2.468,+1.512) ggm=0.000 circ=-0.7771 xUDD=(0.050,0.043,0.583) | T1 psi=(+2.690,-0.148,+99.000) ggm=0.000 circ=+1.3529 xUDD=(0.052,0.030,0.568) | sep=2.5831
# CONVTAG t=1280.00 rough=0.000000 cond=13.459972 evap=17.529585 backs=2.286468
# CANT t=1280.00 a_tag=1.0000 a_max=1.0000 xl_tag=0.4656 nlock=6 tune=83.483697
# REG t=1280.00 tp n=6 rho=[0.001 0.263 0.612 0.898] gr=0.00059 fl=1.000 | ba n=25665 rho=[0.093 0.484 0.838 0.960] gr=0.00007 fl=0.927
t= 1284.00 -9.36e-16 | 1.6647 16.31  22064   10 168235 168491 | 1.4272 14.74 | 7.23e-03 1.80e-02 |   3.2149 0.4604  2.1940  1.3116 1.000 16.33 | edge_dev mean=0.2917 max=0.6722 gg=0.1905 shape_dev=0.2227 xbar=0.2162 | T0 psi=(+0.054,-1.113,-1.450) ggm=0.000 circ=-0.7750 xUDD=(0.054,0.031,0.580) | T1 psi=(+2.934,-3.105,+99.000) ggm=0.000 circ=+1.3468 xUDD=(0.032,0.027,0.574) | sep=2.5968
# CONVTAG t=1284.00 rough=0.000000 cond=13.459972 evap=17.529585 backs=2.286468
# CANT t=1284.00 a_tag=1.0000 a_max=1.0000 xl_tag=0.4656 nlock=6 tune=83.575340
# REG t=1284.00 tp n=6 rho=[0.001 0.161 0.617 0.910] gr=0.00045 fl=1.000 | ba n=25701 rho=[0.091 0.477 0.840 0.959] gr=0.00007 fl=0.926
t= 1288.00 -9.36e-16 | 1.6650 16.30  22053   14 168738 168976 | 1.4270 14.74 | 8.91e-03 2.25e-02 |   3.2392 0.4638  2.1648  1.3067 1.000 16.17 | edge_dev mean=0.2987 max=0.6857 gg=0.1941 shape_dev=0.2411 xbar=0.2156 | T0 psi=(-0.116,+1.930,+2.248) ggm=0.000 circ=-0.7704 xUDD=(0.042,0.047,0.578) | T1 psi=(-3.050,-0.218,+99.000) ggm=0.000 circ=+1.3362 xUDD=(0.034,0.018,0.574) | sep=2.5893
# CONVTAG t=1288.00 rough=0.000000 cond=13.459972 evap=17.529585 backs=2.286468
# CANT t=1288.00 a_tag=1.0000 a_max=1.0000 xl_tag=0.4656 nlock=6 tune=83.635443
# REG t=1288.00 tp n=6 rho=[0.001 0.090 0.640 0.951] gr=0.00073 fl=1.000 | ba n=25715 rho=[0.089 0.476 0.835 0.959] gr=0.00007 fl=0.925
t= 1292.00 -9.36e-16 | 1.6646 16.31  22068    9 169220 169495 | 1.4272 14.74 | 4.23e-03 1.40e-02 |   3.2287 0.4623  2.1223  1.3181 1.000 16.00 | edge_dev mean=0.3027 max=0.6854 gg=0.1970 shape_dev=0.2642 xbar=0.2151 | T0 psi=(+0.053,-1.996,-0.346) ggm=0.000 circ=-0.7724 xUDD=(0.064,0.040,0.579) | T1 psi=(+3.112,+2.364,+99.000) ggm=0.000 circ=+1.3266 xUDD=(0.016,0.018,0.572) | sep=2.5775
# CONVTAG t=1292.00 rough=0.000000 cond=13.459972 evap=17.529585 backs=2.286468
# CANT t=1292.00 a_tag=1.0000 a_max=1.0000 xl_tag=0.4656 nlock=6 tune=83.711459
# REG t=1292.00 tp n=6 rho=[0.001 0.065 0.667 0.965] gr=0.00066 fl=1.000 | ba n=25684 rho=[0.087 0.469 0.837 0.960] gr=0.00007 fl=0.927
t= 1296.00 -9.36e-16 | 1.6651 16.32  22076   17 169716 169973 | 1.4273 14.74 | 1.11e-02 2.61e-02 |   3.5163 0.5035  1.9610  1.3831 1.000 15.83 | edge_dev mean=0.3003 max=0.6858 gg=0.2238 shape_dev=0.2783 xbar=0.2340 | T0 psi=(+0.007,+0.820,-2.516) ggm=0.000 circ=-0.7490 xUDD=(0.108,0.083,0.606) | T1 psi=(+2.828,-0.533,+99.000) ggm=0.000 circ=+1.3225 xUDD=(0.017,0.020,0.571) | sep=2.5758
# CONVTAG t=1296.00 rough=0.000000 cond=13.742769 evap=17.529585 backs=2.286468
# CANT t=1296.00 a_tag=1.0000 a_max=1.0000 xl_tag=0.4656 nlock=6 tune=83.941677
# REG t=1296.00 tp n=6 rho=[0.001 0.059 0.703 0.887] gr=0.00054 fl=1.000 | ba n=25694 rho=[0.085 0.473 0.837 0.960] gr=0.00007 fl=0.926
t= 1300.00 -9.36e-16 | 1.6651 16.29  22034   18 170215 170502 | 1.4268 14.74 | 5.62e-03 1.62e-02 |   3.2127 0.4601  2.1057  1.3469 1.000 15.67 | edge_dev mean=0.2970 max=0.6688 gg=0.1812 shape_dev=0.2806 xbar=0.2139 | T0 psi=(+0.066,+3.098,+0.720) ggm=0.000 circ=-0.7285 xUDD=(0.077,0.050,0.550) | T1 psi=(+3.003,-2.624,+99.000) ggm=0.000 circ=+1.3196 xUDD=(0.017,0.016,0.573) | sep=2.5699
# CONVTAG t=1300.00 rough=0.000000 cond=13.742769 evap=17.837275 backs=2.326601
# CANT t=1300.00 a_tag=1.0000 a_max=1.0000 xl_tag=0.4656 nlock=6 tune=84.229089
# REG t=1300.00 tp n=6 rho=[0.187 0.461 0.768 0.880] gr=0.00045 fl=1.000 | ba n=25663 rho=[0.088 0.476 0.837 0.959] gr=0.00007 fl=0.927
t= 1304.00 -9.36e-16 | 1.6651 16.32  22086   16 170780 171015 | 1.4274 14.74 | 1.03e-02 2.25e-02 |   3.5095 0.5025  2.2358  1.2764 1.000 15.67 | edge_dev mean=0.2915 max=0.6520 gg=0.1743 shape_dev=0.3053 xbar=0.2338 | T0 psi=(-0.034,-0.839,-1.691) ggm=0.001 circ=-0.7174 xUDD=(0.043,0.027,0.578) | T1 psi=(+2.958,+0.499,+99.000) ggm=0.000 circ=+1.3176 xUDD=(0.125,0.052,0.578) | sep=2.5511
# CONVTAG t=1304.00 rough=0.000000 cond=14.035824 evap=17.837275 backs=2.326601
# CANT t=1304.00 a_tag=1.0000 a_max=1.0000 xl_tag=0.4656 nlock=6 tune=84.415731
# REG t=1304.00 tp n=6 rho=[0.440 0.461 0.773 0.856] gr=0.00038 fl=1.000 | ba n=25715 rho=[0.087 0.477 0.838 0.960] gr=0.00007 fl=0.926
t= 1308.00 -9.36e-16 | 1.6647 16.32  22080   14 171306 171526 | 1.4274 14.75 | 9.56e-03 2.30e-02 |   4.0650 0.5821  2.0765  1.3160 1.000 15.33 | edge_dev mean=0.2874 max=0.6422 gg=0.2232 shape_dev=0.3188 xbar=0.2707 | T0 psi=(+0.022,+1.506,-3.073) ggm=0.000 circ=-0.7036 xUDD=(0.090,0.064,0.673) | T1 psi=(+2.872,+2.909,+99.000) ggm=0.000 circ=+1.3184 xUDD=(0.107,0.086,0.604) | sep=2.5385
# CONVTAG t=1308.00 rough=0.000000 cond=14.389629 evap=17.837275 backs=2.326601
# CANT t=1308.00 a_tag=1.0000 a_max=1.0000 xl_tag=0.4656 nlock=6 tune=84.841018
# REG t=1308.00 tp n=6 rho=[0.462 0.570 0.761 0.838] gr=0.00035 fl=1.000 | ba n=25734 rho=[0.088 0.477 0.838 0.959] gr=0.00007 fl=0.926
t= 1312.00 -9.36e-16 | 1.6651 16.31  22066   19 171805 172027 | 1.4272 14.75 | 8.91e-03 1.90e-02 |   3.8270 0.5480  2.1522  1.3065 1.000 16.00 | edge_dev mean=0.2931 max=0.6350 gg=0.1990 shape_dev=0.3154 xbar=0.2548 | T0 psi=(+0.010,+0.312,-2.267) ggm=0.000 circ=-0.7097 xUDD=(0.074,0.055,0.616) | T1 psi=(+3.062,+0.717,+99.000) ggm=0.000 circ=+1.3169 xUDD=(0.092,0.071,0.620) | sep=2.5344
# CONVTAG t=1312.00 rough=0.000000 cond=14.666602 evap=18.324076 backs=2.390097
# CANT t=1312.00 a_tag=1.0000 a_max=1.0000 xl_tag=0.4656 nlock=6 tune=85.110864
# REG t=1312.00 tp n=6 rho=[0.383 0.520 0.837 0.964] gr=0.00030 fl=1.000 | ba n=25727 rho=[0.090 0.479 0.838 0.959] gr=0.00007 fl=0.926
t= 1316.00 -9.36e-16 | 1.6653 16.32  22081    9 172299 172522 | 1.4274 14.75 | 5.48e-03 1.33e-02 |   3.7967 0.5437  2.1082  1.3439 1.000 16.00 | edge_dev mean=0.2984 max=0.6655 gg=0.1702 shape_dev=0.3251 xbar=0.2529 | T0 psi=(+0.163,-2.911,+0.708) ggm=0.000 circ=-0.7308 xUDD=(0.090,0.070,0.606) | T1 psi=(+2.862,-2.003,+99.000) ggm=0.000 circ=+1.3125 xUDD=(0.077,0.058,0.617) | sep=2.5371
# CONVTAG t=1316.00 rough=0.000000 cond=14.666602 evap=18.324076 backs=2.390097
# CANT t=1316.00 a_tag=1.0000 a_max=1.0000 xl_tag=0.4656 nlock=6 tune=85.228350
# REG t=1316.00 tp n=6 rho=[0.219 0.518 0.584 0.837] gr=0.00033 fl=1.000 | ba n=25737 rho=[0.091 0.482 0.836 0.960] gr=0.00007 fl=0.926
t= 1320.00 -9.36e-16 | 1.6652 16.33  22091   14 172739 172961 | 1.4276 14.75 | 7.59e-03 2.23e-02 |   3.7592 0.5383  2.1421  1.3225 1.000 15.67 | edge_dev mean=0.3068 max=0.6760 gg=0.1735 shape_dev=0.3196 xbar=0.2501 | T0 psi=(+0.026,+0.336,-2.300) ggm=0.000 circ=-0.7312 xUDD=(0.069,0.070,0.606) | T1 psi=(+2.688,+1.406,+99.000) ggm=0.000 circ=+1.3109 xUDD=(0.068,0.069,0.618) | sep=2.5449
# CONVTAG t=1320.00 rough=0.000000 cond=14.666602 evap=18.324076 backs=2.390097
# CANT t=1320.00 a_tag=1.0000 a_max=1.0000 xl_tag=0.4656 nlock=6 tune=85.337123
# REG t=1320.00 tp n=6 rho=[0.180 0.293 0.540 0.837] gr=0.00044 fl=1.000 | ba n=25731 rho=[0.091 0.479 0.838 0.959] gr=0.00007 fl=0.926
t= 1324.00 -9.36e-16 | 1.6649 16.31  22064   11 173243 173488 | 1.4272 14.74 | 3.94e-03 1.32e-02 |   3.6356 0.5206  2.1345  1.3513 1.000 15.50 | edge_dev mean=0.3120 max=0.6713 gg=0.0888 shape_dev=0.3274 xbar=0.2452 | T0 psi=(+0.379,+3.046,+0.413) ggm=0.000 circ=-0.7351 xUDD=(0.106,0.052,0.599) | T1 psi=(+2.835,-1.676,+99.000) ggm=0.000 circ=+1.3127 xUDD=(0.044,0.054,0.616) | sep=2.5425
# CONVTAG t=1324.00 rough=0.000000 cond=14.666602 evap=18.324076 backs=2.390097
# CANT t=1324.00 a_tag=1.0000 a_max=1.0000 xl_tag=0.4656 nlock=6 tune=85.469237
# REG t=1324.00 tp n=6 rho=[0.143 0.170 0.543 0.837] gr=0.00051 fl=1.000 | ba n=25712 rho=[0.092 0.485 0.840 0.959] gr=0.00007 fl=0.926
t= 1328.00 -9.36e-16 | 1.6648 16.32  22075   19 173781 174006 | 1.4274 14.75 | 1.12e-02 2.87e-02 |   3.7050 0.5305  2.2274  1.2934 1.000 15.50 | edge_dev mean=0.3078 max=0.6576 gg=0.1585 shape_dev=0.3125 xbar=0.2467 | T0 psi=(+0.055,-1.084,-1.333) ggm=0.001 circ=-0.7229 xUDD=(0.052,0.046,0.595) | T1 psi=(+2.442,+2.155,+99.000) ggm=0.000 circ=+1.3069 xUDD=(0.099,0.076,0.613) | sep=2.5489
# CONVTAG t=1328.00 rough=0.000000 cond=14.950282 evap=18.324076 backs=2.390097
# CANT t=1328.00 a_tag=1.0000 a_max=1.0000 xl_tag=0.4656 nlock=6 tune=85.682262
# REG t=1328.00 tp n=6 rho=[0.141 0.554 0.771 0.837] gr=0.00052 fl=1.000 | ba n=25726 rho=[0.093 0.486 0.844 0.961] gr=0.00007 fl=0.926
t= 1332.00 -9.36e-16 | 1.6651 16.33  22096   21 174267 174523 | 1.4277 14.75 | 5.56e-03 1.87e-02 |   3.6202 0.5184  2.1994  1.2950 1.000 15.50 | edge_dev mean=0.3047 max=0.6631 gg=0.1749 shape_dev=0.3116 xbar=0.2410 | T0 psi=(+0.035,+1.882,+2.204) ggm=0.000 circ=-0.7167 xUDD=(0.047,0.061,0.597) | T1 psi=(+2.746,-0.152,+99.000) ggm=0.000 circ=+1.2898 xUDD=(0.062,0.068,0.611) | sep=2.5482
# CONVTAG t=1332.00 rough=0.000000 cond=14.950282 evap=18.324076 backs=2.390097
# CANT t=1332.00 a_tag=1.0000 a_max=1.0000 xl_tag=0.4656 nlock=6 tune=85.811678
# REG t=1332.00 tp n=6 rho=[0.146 0.261 0.581 0.837] gr=0.00035 fl=1.000 | ba n=25693 rho=[0.091 0.487 0.842 0.960] gr=0.00007 fl=0.927
t= 1336.00 -9.36e-16 | 1.6648 16.33  22090   10 174751 175005 | 1.4276 14.76 | 1.31e-02 2.94e-02 |   3.6382 0.5210  2.1841  1.2968 1.000 15.50 | edge_dev mean=0.3016 max=0.6712 gg=0.1807 shape_dev=0.3339 xbar=0.2423 | T0 psi=(-0.012,-1.352,-0.608) ggm=0.000 circ=-0.7227 xUDD=(0.053,0.062,0.600) | T1 psi=(+2.781,+2.990,+99.000) ggm=0.000 circ=+1.2748 xUDD=(0.062,0.067,0.611) | sep=2.5338
# CONVTAG t=1336.00 rough=0.000000 cond=14.950282 evap=18.324076 backs=2.390097
# CANT t=1336.00 a_tag=1.0000 a_max=1.0000 xl_tag=0.4656 nlock=6 tune=85.943407
# REG t=1336.00 tp n=6 rho=[0.142 0.142 0.584 0.837] gr=0.00032 fl=1.000 | ba n=25705 rho=[0.089 0.476 0.839 0.960] gr=0.00008 fl=0.926
t= 1340.00 -1.07e-15 | 1.6641 16.30  22060   16 175271 175525 | 1.4273 14.75 | 7.91e-03 1.99e-02 |   3.5818 0.5129  2.1684  1.2971 1.000 15.83 | edge_dev mean=0.2954 max=0.6735 gg=0.1855 shape_dev=0.3476 xbar=0.2384 | T0 psi=(-0.006,+1.654,+2.743) ggm=0.000 circ=-0.7184 xUDD=(0.058,0.060,0.596) | T1 psi=(+2.754,-0.405,+99.000) ggm=0.000 circ=+1.2604 xUDD=(0.054,0.054,0.608) | sep=2.5230
# CONVTAG t=1340.00 rough=0.000000 cond=14.950282 evap=18.324076 backs=2.390097
# CANT t=1340.00 a_tag=1.0000 a_max=1.0000 xl_tag=0.4656 nlock=6 tune=86.051542
# REG t=1340.00 tp n=6 rho=[0.078 0.129 0.547 0.837] gr=0.00034 fl=1.000 | ba n=25699 rho=[0.092 0.474 0.836 0.959] gr=0.00008 fl=0.927
t= 1344.00 -1.07e-15 | 1.6642 16.31  22066   15 175731 176011 | 1.4273 14.75 | 7.14e-03 1.51e-02 |   3.5475 0.5080  2.1679  1.2901 1.000 15.50 | edge_dev mean=0.2966 max=0.6499 gg=0.1855 shape_dev=0.3481 xbar=0.2362 | T0 psi=(+0.020,-1.517,-0.371) ggm=0.000 circ=-0.7134 xUDD=(0.058,0.055,0.594) | T1 psi=(+2.734,+2.772,+99.000) ggm=0.000 circ=+1.2468 xUDD=(0.056,0.051,0.603) | sep=2.5192
# CONVTAG t=1344.00 rough=0.000000 cond=14.950282 evap=18.324076 backs=2.390097
# CANT t=1344.00 a_tag=1.0000 a_max=1.0000 xl_tag=0.4656 nlock=6 tune=86.133768
# REG t=1344.00 tp n=6 rho=[0.054 0.134 0.540 0.837] gr=0.00036 fl=1.000 | ba n=25674 rho=[0.089 0.476 0.836 0.959] gr=0.00008 fl=0.927
t= 1348.00 -9.36e-16 | 1.6641 16.31  22074   15 176228 176509 | 1.4274 14.75 | 7.70e-03 2.07e-02 |   3.6747 0.5262  2.0920  1.3587 1.000 15.67 | edge_dev mean=0.2951 max=0.6356 gg=0.1686 shape_dev=0.3248 xbar=0.2477 | T0 psi=(-0.051,+1.989,+2.741) ggm=0.000 circ=-0.7165 xUDD=(0.062,0.122,0.593) | T1 psi=(+2.770,-0.453,+99.000) ggm=0.000 circ=+1.2324 xUDD=(0.060,0.048,0.600) | sep=2.5317
# CONVTAG t=1348.00 rough=0.000000 cond=14.950282 evap=18.324076 backs=2.390097
# CANT t=1348.00 a_tag=1.0000 a_max=1.0000 xl_tag=0.4656 nlock=6 tune=86.230027
# REG t=1348.00 tp n=6 rho=[0.038 0.136 0.558 0.837] gr=0.00048 fl=1.000 | ba n=25672 rho=[0.091 0.471 0.834 0.959] gr=0.00008 fl=0.928
t= 1352.00 -9.36e-16 | 1.6640 16.32  22081    9 176749 177003 | 1.4274 14.75 | 4.85e-03 1.51e-02 |   3.7985 0.5439  2.1127  1.3169 1.000 15.17 | edge_dev mean=0.2896 max=0.6234 gg=0.1714 shape_dev=0.3077 xbar=0.2525 | T0 psi=(-0.000,-1.363,-0.196) ggm=0.000 circ=-0.7108 xUDD=(0.075,0.071,0.626) | T1 psi=(+2.818,+2.740,+99.000) ggm=0.000 circ=+1.2187 xUDD=(0.064,0.082,0.596) | sep=2.5379
# CONVTAG t=1352.00 rough=0.000000 cond=15.125542 evap=18.324076 backs=2.390097
# CANT t=1352.00 a_tag=1.0000 a_max=1.0000 xl_tag=0.4656 nlock=6 tune=86.492732
# REG t=1352.00 tp n=6 rho=[0.024 0.117 0.548 0.837] gr=0.00050 fl=1.000 | ba n=25705 rho=[0.090 0.469 0.837 0.959] gr=0.00008 fl=0.926
t= 1356.00 -9.36e-16 | 1.6641 16.32  22079    5 177217 177490 | 1.4273 14.75 | 5.94e-03 1.73e-02 |   3.3411 0.4784  2.0853  1.2865 1.000 15.33 | edge_dev mean=0.2901 max=0.6240 gg=0.1744 shape_dev=0.2870 xbar=0.2223 | T0 psi=(-0.024,+1.369,+2.986) ggm=0.000 circ=-0.7028 xUDD=(0.062,0.049,0.599) | T1 psi=(+2.771,-1.015,+99.000) ggm=0.000 circ=+1.2020 xUDD=(0.060,0.075,0.489) | sep=2.5488
# CONVTAG t=1356.00 rough=0.000000 cond=15.125542 evap=18.633113 backs=2.430406
# CANT t=1356.00 a_tag=1.0000 a_max=1.0000 xl_tag=0.4656 nlock=6 tune=86.738532
# REG t=1356.00 tp n=6 rho=[0.015 0.117 0.559 0.837] gr=0.00038 fl=1.000 | ba n=25690 rho=[0.090 0.474 0.836 0.960] gr=0.00008 fl=0.927
t= 1360.00 -9.36e-16 | 1.6638 16.31  22074   14 177667 177954 | 1.4273 14.75 | 4.19e-03 1.25e-02 |   3.2569 0.4664  2.1133  1.2885 1.000 15.17 | edge_dev mean=0.2864 max=0.5959 gg=0.1888 shape_dev=0.3066 xbar=0.2166 | T0 psi=(-0.023,-2.323,+0.283) ggm=0.000 circ=-0.6871 xUDD=(0.053,0.057,0.587) | T1 psi=(+2.635,+2.087,+99.000) ggm=0.000 circ=+1.1774 xUDD=(0.041,0.029,0.533) | sep=2.5324
# CONVTAG t=1360.00 rough=0.000000 cond=15.125542 evap=18.633113 backs=2.430406
# CANT t=1360.00 a_tag=1.0000 a_max=1.0000 xl_tag=0.4656 nlock=6 tune=87.002851
# REG t=1360.00 tp n=6 rho=[0.007 0.121 0.558 0.837] gr=0.00026 fl=1.000 | ba n=25669 rho=[0.091 0.473 0.835 0.959] gr=0.00008 fl=0.927
t= 1364.00 -9.36e-16 | 1.6642 16.30  22058   19 178182 178438 | 1.4272 14.75 | 7.14e-03 2.05e-02 |   3.5617 0.5100  2.1813  1.2571 1.000 15.50 | edge_dev mean=0.2919 max=0.6104 gg=0.1860 shape_dev=0.3206 xbar=0.2372 | T0 psi=(+0.007,+0.668,-2.812) ggm=0.000 circ=-0.6754 xUDD=(0.052,0.055,0.598) | T1 psi=(+3.020,+1.464,+99.000) ggm=0.000 circ=+1.1787 xUDD=(0.044,0.104,0.570) | sep=2.5193
# CONVTAG t=1364.00 rough=0.000000 cond=15.421521 evap=18.633113 backs=2.430406
# CANT t=1364.00 a_tag=1.0000 a_max=1.0000 xl_tag=0.4656 nlock=6 tune=87.269743
# REG t=1364.00 tp n=6 rho=[0.078 0.124 0.524 0.837] gr=0.00019 fl=1.000 | ba n=25694 rho=[0.089 0.473 0.839 0.961] gr=0.00008 fl=0.926
t= 1368.00 -9.36e-16 | 1.6646 16.34  22108    8 178748 179010 | 1.4278 14.75 | 7.60e-03 2.09e-02 |   3.6287 0.5196  2.1669  1.2967 1.000 15.50 | edge_dev mean=0.2891 max=0.6153 gg=0.2101 shape_dev=0.3236 xbar=0.2416 | T0 psi=(-0.005,+2.861,+1.406) ggm=0.000 circ=-0.6719 xUDD=(0.062,0.067,0.601) | T1 psi=(+2.968,-0.442,+99.000) ggm=0.000 circ=+1.1758 xUDD=(0.051,0.068,0.601) | sep=2.5199
# CONVTAG t=1368.00 rough=0.000000 cond=15.421521 evap=18.633113 backs=2.430406
# CANT t=1368.00 a_tag=1.0000 a_max=1.0000 xl_tag=0.4656 nlock=6 tune=87.518988
# REG t=1368.00 tp n=6 rho=[0.141 0.167 0.513 0.837] gr=0.00015 fl=1.000 | ba n=25699 rho=[0.091 0.477 0.839 0.961] gr=0.00008 fl=0.926
t= 1372.00 -9.36e-16 | 1.6648 16.35  22127   23 179237 179521 | 1.4280 14.76 | 6.95e-03 2.16e-02 |   3.6163 0.5178  2.1556  1.3047 1.000 15.67 | edge_dev mean=0.2927 max=0.6234 gg=0.2076 shape_dev=0.3298 xbar=0.2406 | T0 psi=(+0.002,-0.542,-1.449) ggm=0.004 circ=-0.6740 xUDD=(0.070,0.068,0.602) | T1 psi=(-2.771,-2.632,+99.000) ggm=0.000 circ=+1.1624 xUDD=(0.044,0.054,0.604) | sep=2.5189
# CONVTAG t=1372.00 rough=0.000000 cond=15.421521 evap=18.633113 backs=2.430406
# CANT t=1372.00 a_tag=1.0000 a_max=1.0000 xl_tag=0.4656 nlock=6 tune=87.667468
# REG t=1372.00 tp n=6 rho=[0.107 0.148 0.501 0.837] gr=0.00044 fl=1.000 | ba n=25662 rho=[0.096 0.485 0.840 0.960] gr=0.00008 fl=0.927
t= 1376.00 -9.36e-16 | 1.6645 16.32  22078    9 179737 180001 | 1.4275 14.76 | 5.37e-03 1.57e-02 |   3.5343 0.5061  2.1502  1.3197 1.000 15.50 | edge_dev mean=0.3124 max=0.6635 gg=0.1754 shape_dev=0.3271 xbar=0.2352 | T0 psi=(+0.021,-3.121,+1.092) ggm=0.000 circ=-0.6855 xUDD=(0.074,0.065,0.597) | T1 psi=(-0.846,+0.272,+99.000) ggm=0.000 circ=+1.1429 xUDD=(0.039,0.038,0.599) | sep=2.5317
# CONVTAG t=1376.00 rough=0.000000 cond=15.421521 evap=18.633113 backs=2.430406
# CANT t=1376.00 a_tag=1.0000 a_max=1.0000 xl_tag=0.4656 nlock=6 tune=87.769270
# REG t=1376.00 tp n=6 rho=[0.072 0.148 0.536 0.837] gr=0.00053 fl=1.000 | ba n=25696 rho=[0.094 0.482 0.843 0.960] gr=0.00008 fl=0.927
t= 1380.00 -9.36e-16 | 1.6647 16.32  22085   15 180286 180547 | 1.4277 14.77 | 6.59e-03 1.82e-02 |   3.4577 0.4951  2.3173  1.2710 1.000 15.83 | edge_dev mean=0.3053 max=0.6421 gg=0.1764 shape_dev=0.3209 xbar=0.2301 | T0 psi=(-0.124,-0.457,-1.817) ggm=0.000 circ=-0.6703 xUDD=(0.031,0.034,0.565) | T1 psi=(-0.333,-2.449,+99.000) ggm=0.000 circ=+1.1450 xUDD=(0.129,0.037,0.585) | sep=2.5313
# CONVTAG t=1380.00 rough=0.000000 cond=15.714622 evap=18.942279 backs=2.470732
# CANT t=1380.00 a_tag=1.0000 a_max=1.0000 xl_tag=0.4656 nlock=6 tune=88.151418
# REG t=1380.00 tp n=6 rho=[0.052 0.143 0.565 0.971] gr=0.00056 fl=1.000 | ba n=25692 rho=[0.093 0.490 0.841 0.961] gr=0.00008 fl=0.927
t= 1384.00 -9.36e-16 | 1.6650 16.32  22078   12 180802 181052 | 1.4276 14.77 | 7.24e-03 1.77e-02 |   3.5799 0.5126  2.3638  1.2299 1.000 15.67 | edge_dev mean=0.3030 max=0.6363 gg=0.1776 shape_dev=0.3198 xbar=0.2384 | T0 psi=(-0.055,+2.647,+1.362) ggm=0.000 circ=-0.6686 xUDD=(0.029,0.029,0.584) | T1 psi=(+0.022,+0.987,+99.000) ggm=0.000 circ=+1.2114 xUDD=(0.076,0.073,0.639) | sep=2.5207
# CONVTAG t=1384.00 rough=0.000000 cond=15.891998 evap=18.942279 backs=2.470732
# CANT t=1384.00 a_tag=1.0000 a_max=1.0000 xl_tag=0.4656 nlock=6 tune=88.360909
# REG t=1384.00 tp n=6 rho=[0.047 0.144 0.308 0.590] gr=0.00077 fl=1.000 | ba n=25708 rho=[0.091 0.484 0.842 0.960] gr=0.00008 fl=0.926
t= 1388.00 -9.36e-16 | 1.6650 16.32  22076   11 181305 181541 | 1.4277 14.77 | 6.52e-03 1.76e-02 |   3.7210 0.5328  2.2401  1.2877 1.000 15.67 | edge_dev mean=0.2948 max=0.6011 gg=0.1696 shape_dev=0.3135 xbar=0.2482 | T0 psi=(+0.080,-0.281,-1.690) ggm=0.003 circ=-0.7178 xUDD=(0.065,0.058,0.605) | T1 psi=(-0.008,-2.350,+99.000) ggm=0.000 circ=+1.3242 xUDD=(0.051,0.084,0.626) | sep=2.5142
# CONVTAG t=1388.00 rough=0.000000 cond=16.474833 evap=19.454467 backs=2.537539
# CANT t=1388.00 a_tag=1.0000 a_max=1.0000 xl_tag=0.4656 nlock=6 tune=88.597401
# REG t=1388.00 tp n=6 rho=[0.047 0.050 0.104 0.523] gr=0.00129 fl=1.000 | ba n=25722 rho=[0.091 0.485 0.839 0.959] gr=0.00008 fl=0.926
t= 1392.00 -9.36e-16 | 1.6648 16.33  22100    4 181830 182089 | 1.4279 14.77 | 9.09e-03 2.76e-02 |   3.6451 0.5220  2.2375  1.2748 1.000 15.67 | edge_dev mean=0.2965 max=0.5952 gg=0.1697 shape_dev=0.3250 xbar=0.2427 | T0 psi=(+0.017,+2.848,+1.667) ggm=0.000 circ=-0.7224 xUDD=(0.056,0.061,0.605) | T1 psi=(-0.044,+0.807,+99.000) ggm=0.000 circ=+1.4043 xUDD=(0.037,0.078,0.619) | sep=2.5062
# CONVTAG t=1392.00 rough=0.000000 cond=16.474833 evap=19.454467 backs=2.537539
# CANT t=1392.00 a_tag=1.0000 a_max=1.0000 xl_tag=0.4656 nlock=6 tune=88.797376
# REG t=1392.00 tp n=6 rho=[0.026 0.047 0.068 0.531] gr=0.00156 fl=1.000 | ba n=25707 rho=[0.094 0.490 0.842 0.958] gr=0.00008 fl=0.927
t= 1396.00 -9.36e-16 | 1.6648 16.31  22064   14 182391 182626 | 1.4275 14.77 | 4.03e-03 1.31e-02 |   3.5192 0.5039  2.2268  1.2899 1.000 15.83 | edge_dev mean=0.3004 max=0.6230 gg=0.1669 shape_dev=0.3559 xbar=0.2344 | T0 psi=(+0.057,-0.559,-1.133) ggm=0.001 circ=-0.7118 xUDD=(0.056,0.061,0.599) | T1 psi=(-0.223,-2.882,+99.000) ggm=0.000 circ=+1.4525 xUDD=(0.026,0.052,0.612) | sep=2.4945
# CONVTAG t=1396.00 rough=0.000000 cond=16.474833 evap=19.454467 backs=2.537539
# CANT t=1396.00 a_tag=1.0000 a_max=1.0000 xl_tag=0.4656 nlock=6 tune=88.972961
# REG t=1396.00 tp n=6 rho=[0.020 0.047 0.052 0.543] gr=0.00139 fl=1.000 | ba n=25721 rho=[0.095 0.493 0.844 0.960] gr=0.00007 fl=0.926
t= 1400.00 -9.36e-16 | 1.6646 16.30  22060    9 182893 183160 | 1.4274 14.77 | 7.21e-03 1.93e-02 |   3.6576 0.5238  2.0989  1.4231 1.000 16.00 | edge_dev mean=0.3008 max=0.6336 gg=0.1694 shape_dev=0.3569 xbar=0.2548 | T0 psi=(+0.025,+2.630,+2.421) ggm=0.000 circ=-0.7209 xUDD=(0.134,0.110,0.614) | T1 psi=(-0.330,-0.229,+99.000) ggm=0.000 circ=+1.4862 xUDD=(0.019,0.048,0.603) | sep=2.5029
# CONVTAG t=1400.00 rough=0.000000 cond=16.758641 evap=19.454467 backs=2.537539
# CANT t=1400.00 a_tag=1.0000 a_max=1.0000 xl_tag=0.4656 nlock=6 tune=89.195504
# REG t=1400.00 tp n=6 rho=[0.007 0.015 0.041 0.547] gr=0.00115 fl=1.000 | ba n=25693 rho=[0.095 0.494 0.847 0.959] gr=0.00007 fl=0.928
t= 1404.00 -9.36e-16 | 1.6642 16.34  22110   12 183392 183650 | 1.4280 14.77 | 4.42e-03 1.45e-02 |   3.5916 0.5143  2.1447  1.3305 1.000 16.00 | edge_dev mean=0.2985 max=0.6297 gg=0.1733 shape_dev=0.3393 xbar=0.2390 | T0 psi=(+0.024,-0.863,-0.557) ggm=0.000 circ=-0.7002 xUDD=(0.076,0.077,0.605) | T1 psi=(-0.474,+2.801,+99.000) ggm=0.000 circ=+1.5103 xUDD=(0.026,0.050,0.600) | sep=2.5169
# CONVTAG t=1404.00 rough=0.000000 cond=16.758641 evap=19.454467 backs=2.537539
# CANT t=1404.00 a_tag=1.0000 a_max=1.0000 xl_tag=0.4656 nlock=6 tune=89.332378
# REG t=1404.00 tp n=6 rho=[0.006 0.013 0.031 0.551] gr=0.00100 fl=1.000 | ba n=25701 rho=[0.096 0.496 0.847 0.960] gr=0.00007 fl=0.928
t= 1408.00 -9.36e-16 | 1.6643 16.36  22129   11 183920 184172 | 1.4282 14.77 | 6.48e-03 1.72e-02 |   3.6427 0.5216  2.1465  1.3357 1.000 15.67 | edge_dev mean=0.2811 max=0.5797 gg=0.1800 shape_dev=0.3026 xbar=0.2425 | T0 psi=(+0.027,+1.874,+2.848) ggm=0.000 circ=-0.6828 xUDD=(0.077,0.079,0.601) | T1 psi=(+0.047,-0.378,+99.000) ggm=0.000 circ=+1.5891 xUDD=(0.044,0.055,0.600) | sep=2.5363
# CONVTAG t=1408.00 rough=0.000000 cond=16.758641 evap=19.454467 backs=2.537539
# CANT t=1408.00 a_tag=1.0000 a_max=1.0000 xl_tag=0.4656 nlock=6 tune=89.430567
# REG t=1408.00 tp n=6 rho=[0.005 0.007 0.042 0.549] gr=0.00102 fl=1.000 | ba n=25708 rho=[0.095 0.489 0.845 0.961] gr=0.00007 fl=0.928
t= 1412.00 -9.36e-16 | 1.6644 16.34  22110   16 184401 184664 | 1.4279 14.76 | 7.39e-03 2.24e-02 |   4.2828 0.6133  1.9845  1.3698 1.000 15.50 | edge_dev mean=0.2634 max=0.5050 gg=0.1574 shape_dev=0.2910 xbar=0.2862 | T0 psi=(+0.189,-0.696,-0.629) ggm=0.010 circ=-0.6850 xUDD=(0.161,0.111,0.637) | T1 psi=(+0.083,+2.411,+99.000) ggm=0.000 circ=+1.6434 xUDD=(0.037,0.167,0.605) | sep=2.5360
# CONVTAG t=1412.00 rough=0.000000 cond=17.314287 evap=19.454467 backs=2.537539
# CANT t=1412.00 a_tag=1.0000 a_max=1.0000 xl_tag=0.4656 nlock=6 tune=89.790902
# REG t=1412.00 tp n=6 rho=[0.004 0.005 0.031 0.514] gr=0.00107 fl=1.000 | ba n=25690 rho=[0.096 0.488 0.840 0.961] gr=0.00007 fl=0.928
t= 1416.00 -9.36e-16 | 1.6646 16.33  22101   13 184886 185170 | 1.4278 14.76 | 9.56e-03 1.37e-02 |   4.4589 0.6385  1.9544  1.3902 1.000 15.17 | edge_dev mean=0.2542 max=0.4769 gg=0.1573 shape_dev=0.2845 xbar=0.2967 | T0 psi=(+0.215,+2.348,+2.768) ggm=0.000 circ=-0.7158 xUDD=(0.173,0.121,0.660) | T1 psi=(-0.182,+0.347,+99.000) ggm=0.000 circ=+1.6848 xUDD=(0.069,0.120,0.637) | sep=2.5310
# CONVTAG t=1416.00 rough=0.000000 cond=17.314287 evap=19.454467 backs=2.537539
# CANT t=1416.00 a_tag=1.0000 a_max=1.0000 xl_tag=0.4656 nlock=6 tune=90.143054
# REG t=1416.00 tp n=6 rho=[0.024 0.059 0.120 0.342] gr=0.00106 fl=1.000 | ba n=25674 rho=[0.098 0.489 0.841 0.961] gr=0.00007 fl=0.929
t= 1420.00 -9.36e-16 | 1.6643 16.34  22103   11 185403 185682 | 1.4279 14.76 | 1.11e-02 2.50e-02 |   4.4639 0.6392  1.9610  1.4074 1.000 15.33 | edge_dev mean=0.2715 max=0.5205 gg=0.1389 shape_dev=0.2931 xbar=0.2970 | T0 psi=(+0.307,-0.268,-1.024) ggm=0.068 circ=-0.7473 xUDD=(0.183,0.120,0.661) | T1 psi=(-0.183,-1.131,+99.000) ggm=0.000 circ=+1.7605 xUDD=(0.062,0.105,0.652) | sep=2.5430
# CONVTAG t=1420.00 rough=0.000000 cond=17.314287 evap=19.454467 backs=2.537539
# CANT t=1420.00 a_tag=1.0000 a_max=1.0000 xl_tag=0.4656 nlock=6 tune=90.387749
# REG t=1420.00 tp n=6 rho=[0.025 0.093 0.095 0.301] gr=0.00078 fl=1.000 | ba n=25681 rho=[0.096 0.485 0.842 0.959] gr=0.00007 fl=0.928
t= 1424.00 -9.36e-16 | 1.6641 16.37  22143   16 185942 186204 | 1.4283 14.76 | 6.64e-03 1.94e-02 |   4.5129 0.6462  1.9911  1.3911 1.000 15.67 | edge_dev mean=0.2604 max=0.5074 gg=0.1690 shape_dev=0.3127 xbar=0.3003 | T0 psi=(+0.069,+2.892,+2.519) ggm=0.000 circ=-0.7584 xUDD=(0.155,0.134,0.670) | T1 psi=(-0.125,+2.722,+99.000) ggm=0.000 circ=+1.8339 xUDD=(0.080,0.111,0.652) | sep=2.5355
# CONVTAG t=1424.00 rough=0.000000 cond=17.314287 evap=19.454467 backs=2.537539
# CANT t=1424.00 a_tag=1.0000 a_max=1.0000 xl_tag=0.4656 nlock=6 tune=90.660857
# REG t=1424.00 tp n=6 rho=[0.024 0.089 0.169 0.328] gr=0.00078 fl=1.000 | ba n=25692 rho=[0.092 0.483 0.840 0.960] gr=0.00007 fl=0.928
t= 1428.00 -9.36e-16 | 1.6643 16.35  22122   11 186445 186720 | 1.4281 14.76 | 6.23e-03 1.56e-02 |   4.5184 0.6470  2.0105  1.3903 1.000 15.67 | edge_dev mean=0.2426 max=0.4970 gg=0.1731 shape_dev=0.2681 xbar=0.3035 | T0 psi=(+0.071,-0.185,-0.812) ggm=0.050 circ=-0.7991 xUDD=(0.148,0.136,0.660) | T1 psi=(+0.164,+0.264,+99.000) ggm=0.000 circ=+1.9341 xUDD=(0.089,0.129,0.660) | sep=2.5492
# CONVTAG t=1428.00 rough=0.000000 cond=17.314287 evap=19.454467 backs=2.537539
# CANT t=1428.00 a_tag=1.0000 a_max=1.0000 xl_tag=0.4656 nlock=6 tune=90.850836
# REG t=1428.00 tp n=6 rho=[0.026 0.093 0.316 0.347] gr=0.00119 fl=1.000 | ba n=25686 rho=[0.092 0.483 0.844 0.961] gr=0.00007 fl=0.929
t= 1432.00 -9.36e-16 | 1.6645 16.36  22140    7 186987 187278 | 1.4283 14.76 | 5.14e-03 1.58e-02 |   4.4375 0.6354  1.9559  1.3993 1.000 15.17 | edge_dev mean=0.2253 max=0.4951 gg=0.1105 shape_dev=0.2600 xbar=0.2955 | T0 psi=(+0.414,-1.831,+0.351) ggm=0.000 circ=-0.8780 xUDD=(0.165,0.145,0.658) | T1 psi=(+0.196,-2.793,+99.000) ggm=0.000 circ=+2.0798 xUDD=(0.055,0.099,0.651) | sep=2.5456
# CONVTAG t=1432.00 rough=0.000000 cond=17.579210 evap=19.920089 backs=2.598272
# CANT t=1432.00 a_tag=1.0000 a_max=1.0000 xl_tag=0.4656 nlock=6 tune=91.101678
# REG t=1432.00 tp n=6 rho=[0.021 0.340 0.357 0.705] gr=0.00128 fl=1.000 | ba n=25674 rho=[0.095 0.485 0.840 0.961] gr=0.00008 fl=0.929
t= 1436.00 -9.36e-16 | 1.6646 16.35  22120   19 187497 187774 | 1.4281 14.76 | 7.18e-03 1.63e-02 |   4.1242 0.5906  1.8709  1.3811 1.000 15.50 | edge_dev mean=0.2131 max=0.5001 gg=0.2690 shape_dev=0.2887 xbar=0.2744 | T0 psi=(+0.040,-0.225,-0.696) ggm=0.057 circ=-0.9173 xUDD=(0.151,0.154,0.652) | T1 psi=(-0.400,-0.640,-2.106) ggm=0.000 circ=+1.9241 xUDD=(0.041,0.080,0.569) | sep=2.5247
# CONVTAG t=1436.00 rough=0.000000 cond=17.579210 evap=20.218249 backs=2.637163
# CANT t=1436.00 a_tag=1.0000 a_max=1.0000 xl_tag=0.4656 nlock=6 tune=91.459150
# REG t=1436.00 tp n=7 rho=[0.004 0.333 0.344 0.673] gr=0.00112 fl=0.857 | ba n=25674 rho=[0.094 0.485 0.841 0.960] gr=0.00007 fl=0.929
t= 1440.00 -9.36e-16 | 1.6648 16.34  22111    6 188041 188304 | 1.4280 14.76 | 6.95e-03 1.80e-02 |   3.9233 0.5618  1.9631  1.3426 1.000 15.00 | edge_dev mean=0.2305 max=0.5301 gg=0.2207 shape_dev=0.3011 xbar=0.2610 | T0 psi=(-0.037,-0.021,-0.890) ggm=0.063 circ=-0.9276 xUDD=(0.112,0.126,0.638) | T1 psi=(-0.120,-0.571,+99.000) ggm=0.000 circ=+2.2651 xUDD=(0.025,0.072,0.593) | sep=2.5161
# CONVTAG t=1440.00 rough=0.000000 cond=17.579210 evap=20.218249 backs=2.637163
# CANT t=1440.00 a_tag=1.0000 a_max=1.0000 xl_tag=0.4656 nlock=6 tune=91.753373
# REG t=1440.00 tp n=6 rho=[0.246 0.294 0.332 0.466] gr=0.00155 fl=1.000 | ba n=25700 rho=[0.093 0.479 0.838 0.960] gr=0.00008 fl=0.928
t= 1444.00 -9.36e-16 | 1.6647 16.38  22162    5 188537 188793 | 1.4285 14.76 | 8.71e-03 2.01e-02 |   3.8338 0.5490  1.9916  1.3645 1.000 15.50 | edge_dev mean=0.2677 max=0.5476 gg=0.2249 shape_dev=0.3419 xbar=0.2580 | T0 psi=(-0.008,+3.002,+2.194) ggm=0.000 circ=-0.9461 xUDD=(0.111,0.110,0.624) | T1 psi=(-0.092,-3.124,+99.000) ggm=0.000 circ=+2.2951 xUDD=(0.058,0.052,0.593) | sep=2.5161
# CONVTAG t=1444.00 rough=0.000000 cond=17.579210 evap=20.218249 backs=2.637163
# CANT t=1444.00 a_tag=1.0000 a_max=1.0000 xl_tag=0.4656 nlock=6 tune=91.981412
# REG t=1444.00 tp n=6 rho=[0.101 0.332 0.380 0.466] gr=0.00185 fl=1.000 | ba n=25709 rho=[0.092 0.480 0.841 0.959] gr=0.00008 fl=0.928
t= 1448.00 -9.36e-16 | 1.6645 16.35  22126   13 189043 189319 | 1.4280 14.75 | 5.16e-03 1.31e-02 |   3.8271 0.5480  1.9764  1.3781 1.000 15.33 | edge_dev mean=0.2777 max=0.5623 gg=0.1778 shape_dev=0.3568 xbar=0.2548 | T0 psi=(+0.253,-0.251,-1.264) ggm=0.041 circ=-0.9876 xUDD=(0.101,0.148,0.591) | T1 psi=(-0.271,+0.135,+99.000) ggm=0.000 circ=+2.3512 xUDD=(0.044,0.053,0.593) | sep=2.5164
# CONVTAG t=1448.00 rough=0.000000 cond=17.850741 evap=20.522545 backs=2.676854
# CANT t=1448.00 a_tag=1.0000 a_max=1.0000 xl_tag=0.4656 nlock=6 tune=92.399606
# REG t=1448.00 tp n=6 rho=[0.050 0.332 0.419 0.466] gr=0.00124 fl=1.000 | ba n=25681 rho=[0.093 0.482 0.840 0.960] gr=0.00008 fl=0.929
t= 1452.00 -9.36e-16 | 1.6645 16.32  22079    7 189530 189846 | 1.4273 14.74 | 4.51e-03 1.92e-02 |   3.7031 0.5303  2.0634  1.3252 1.000 15.33 | edge_dev mean=0.2696 max=0.5344 gg=0.2164 shape_dev=0.3312 xbar=0.2463 | T0 psi=(+0.030,+2.932,+1.919) ggm=0.000 circ=-1.0342 xUDD=(0.089,0.085,0.608) | T1 psi=(-0.285,-2.970,+99.000) ggm=0.000 circ=+2.3947 xUDD=(0.041,0.060,0.595) | sep=2.5187
# CONVTAG t=1452.00 rough=0.000000 cond=17.850741 evap=20.522545 backs=2.676854
# CANT t=1452.00 a_tag=1.0000 a_max=1.0000 xl_tag=0.4656 nlock=6 tune=92.600520
# REG t=1452.00 tp n=6 rho=[0.030 0.332 0.466 0.684] gr=0.00084 fl=1.000 | ba n=25647 rho=[0.094 0.485 0.844 0.960] gr=0.00008 fl=0.930
t= 1456.00 -9.36e-16 | 1.6646 16.33  22090   14 190036 190328 | 1.4274 14.74 | 1.05e-02 2.52e-02 |   3.7833 0.5418  2.0713  1.3203 1.000 15.17 | edge_dev mean=0.2564 max=0.5352 gg=0.2148 shape_dev=0.3114 xbar=0.2517 | T0 psi=(+0.016,-0.208,-1.372) ggm=0.024 circ=-1.0378 xUDD=(0.091,0.086,0.612) | T1 psi=(-0.156,+0.443,+99.000) ggm=0.000 circ=+2.4407 xUDD=(0.046,0.075,0.600) | sep=2.5239
# CONVTAG t=1456.00 rough=0.000000 cond=17.850741 evap=20.522545 backs=2.676854
# CANT t=1456.00 a_tag=1.0000 a_max=1.0000 xl_tag=0.4656 nlock=6 tune=92.765092
# REG t=1456.00 tp n=6 rho=[0.017 0.332 0.466 0.636] gr=0.00056 fl=1.000 | ba n=25664 rho=[0.093 0.485 0.845 0.960] gr=0.00008 fl=0.930
t= 1460.00 -9.36e-16 | 1.6649 16.34  22106    9 190527 190807 | 1.4276 14.74 | 6.90e-03 1.91e-02 |   3.8751 0.5549  2.0546  1.3140 1.000 15.50 | edge_dev mean=0.2582 max=0.5429 gg=0.2192 shape_dev=0.3381 xbar=0.2580 | T0 psi=(+0.053,+2.788,+1.676) ggm=0.000 circ=-1.0414 xUDD=(0.097,0.094,0.615) | T1 psi=(-0.115,-2.484,+99.000) ggm=0.000 circ=+2.4923 xUDD=(0.052,0.081,0.609) | sep=2.4964
# CONVTAG t=1460.00 rough=0.000000 cond=17.850741 evap=20.522545 backs=2.676854
# CANT t=1460.00 a_tag=1.0000 a_max=1.0000 xl_tag=0.4656 nlock=6 tune=92.943537
# REG t=1460.00 tp n=6 rho=[0.010 0.332 0.466 0.639] gr=0.00038 fl=1.000 | ba n=25681 rho=[0.092 0.486 0.844 0.960] gr=0.00008 fl=0.929
t= 1464.00 -9.36e-16 | 1.6651 16.32  22087   20 190995 191305 | 1.4274 14.74 | 6.20e-03 1.77e-02 |   3.9620 0.5674  2.0052  1.3314 1.000 15.50 | edge_dev mean=0.2729 max=0.5351 gg=0.2488 shape_dev=0.3828 xbar=0.2638 | T0 psi=(+0.039,-0.105,-1.458) ggm=0.009 circ=-1.0649 xUDD=(0.097,0.125,0.625) | T1 psi=(-0.076,+0.496,+99.000) ggm=0.000 circ=+2.5350 xUDD=(0.042,0.081,0.613) | sep=2.4775
# CONVTAG t=1464.00 rough=0.000000 cond=17.850741 evap=20.522545 backs=2.676854
# CANT t=1464.00 a_tag=1.0000 a_max=1.0000 xl_tag=0.4656 nlock=6 tune=93.192085
# REG t=1464.00 tp n=6 rho=[0.007 0.332 0.466 0.645] gr=0.00025 fl=1.000 | ba n=25640 rho=[0.094 0.492 0.848 0.960] gr=0.00008 fl=0.930
t= 1468.00 -9.36e-16 | 1.6652 16.34  22102   11 191489 191805 | 1.4275 14.74 | 9.74e-03 2.73e-02 |   4.3202 0.6186  1.8296  1.4194 1.000 15.50 | edge_dev mean=0.2640 max=0.5316 gg=0.2023 shape_dev=0.4117 xbar=0.2925 | T0 psi=(+0.144,-2.858,+1.694) ggm=0.000 circ=-1.0520 xUDD=(0.240,0.131,0.654) | T1 psi=(-0.236,-2.699,+99.000) ggm=0.000 circ=+2.5782 xUDD=(0.040,0.075,0.615) | sep=2.4651
# CONVTAG t=1468.00 rough=0.000000 cond=18.117628 evap=20.522545 backs=2.676854
# CANT t=1468.00 a_tag=1.0000 a_max=1.0000 xl_tag=0.4656 nlock=6 tune=93.511772
# REG t=1468.00 tp n=6 rho=[0.005 0.332 0.466 0.645] gr=0.00017 fl=1.000 | ba n=25643 rho=[0.095 0.499 0.848 0.961] gr=0.00008 fl=0.930
t= 1472.00 -9.36e-16 | 1.6649 16.32  22081   10 191995 192317 | 1.4274 14.75 | 6.27e-03 1.52e-02 |   4.2280 0.6054  1.9111  1.3607 1.000 15.50 | edge_dev mean=0.2689 max=0.5357 gg=0.1817 shape_dev=0.4092 xbar=0.2813 | T0 psi=(+0.208,+0.451,-1.842) ggm=0.010 circ=-1.0534 xUDD=(0.167,0.114,0.649) | T1 psi=(+0.013,+0.853,+99.000) ggm=0.000 circ=+2.6355 xUDD=(0.061,0.082,0.615) | sep=2.4697
# CONVTAG t=1472.00 rough=0.000000 cond=18.117628 evap=20.522545 backs=2.676854
# CANT t=1472.00 a_tag=1.0000 a_max=1.0000 xl_tag=0.4656 nlock=6 tune=93.772786
# REG t=1472.00 tp n=6 rho=[0.003 0.332 0.466 0.653] gr=0.00011 fl=1.000 | ba n=25638 rho=[0.097 0.494 0.849 0.960] gr=0.00008 fl=0.930
t= 1476.00 -9.36e-16 | 1.6645 16.32  22085   10 192491 192844 | 1.4274 14.75 | 5.86e-03 1.83e-02 |   4.2088 0.6027  1.9161  1.3608 1.000 15.50 | edge_dev mean=0.2752 max=0.5421 gg=0.1929 shape_dev=0.4209 xbar=0.2801 | T0 psi=(+0.182,-2.658,+1.296) ggm=0.000 circ=-1.0660 xUDD=(0.175,0.107,0.645) | T1 psi=(-0.035,-2.007,+99.000) ggm=0.000 circ=+2.6890 xUDD=(0.046,0.086,0.622) | sep=2.4645
# CONVTAG t=1476.00 rough=0.000000 cond=18.117628 evap=20.522545 backs=2.676854
# CANT t=1476.00 a_tag=1.0000 a_max=1.0000 xl_tag=0.4656 nlock=6 tune=93.981833
# REG t=1476.00 tp n=6 rho=[0.002 0.332 0.466 0.620] gr=0.00008 fl=1.000 | ba n=25610 rho=[0.102 0.498 0.847 0.962] gr=0.00008 fl=0.931
t= 1480.00 -9.36e-16 | 1.6647 16.34  22103   13 192958 193337 | 1.4275 14.74 | 6.16e-03 1.91e-02 |   4.2339 0.6063  1.9384  1.3530 1.000 15.83 | edge_dev mean=0.2748 max=0.5562 gg=0.2056 shape_dev=0.4404 xbar=0.2818 | T0 psi=(+0.115,+0.656,-1.943) ggm=0.003 circ=-1.0752 xUDD=(0.168,0.111,0.645) | T1 psi=(-0.112,+1.334,+99.000) ggm=0.000 circ=+2.7138 xUDD=(0.050,0.090,0.626) | sep=2.4520
# CONVTAG t=1480.00 rough=0.000000 cond=18.117628 evap=20.522545 backs=2.676854
# CANT t=1480.00 a_tag=1.0000 a_max=1.0000 xl_tag=0.4656 nlock=6 tune=94.194057
# REG t=1480.00 tp n=6 rho=[0.001 0.332 0.466 0.578] gr=0.00005 fl=1.000 | ba n=25580 rho=[0.102 0.494 0.848 0.961] gr=0.00008 fl=0.932
t= 1484.00 -9.36e-16 | 1.6649 16.31  22064   13 193439 193792 | 1.4270 14.73 | 7.69e-03 2.17e-02 |   4.3176 0.6183  1.9224  1.3643 1.000 15.83 | edge_dev mean=0.2840 max=0.5654 gg=0.1840 shape_dev=0.4820 xbar=0.2875 | T0 psi=(+0.154,-1.877,+0.779) ggm=0.000 circ=-1.0810 xUDD=(0.177,0.123,0.652) | T1 psi=(-0.267,-1.684,+99.000) ggm=0.000 circ=+2.7325 xUDD=(0.054,0.091,0.629) | sep=2.4362
# CONVTAG t=1484.00 rough=0.000000 cond=18.117628 evap=20.522545 backs=2.676854
# CANT t=1484.00 a_tag=1.0000 a_max=1.0000 xl_tag=0.4656 nlock=6 tune=94.433168
# REG t=1484.00 tp n=6 rho=[0.001 0.332 0.467 0.543] gr=0.00003 fl=1.000 | ba n=25606 rho=[0.098 0.490 0.845 0.960] gr=0.00008 fl=0.931
t= 1488.00 -1.07e-15 | 1.6650 16.34  22110   17 193910 194257 | 1.4276 14.74 | 5.91e-03 1.64e-02 |   4.2910 0.6145  1.9661  1.3607 1.000 15.50 | edge_dev mean=0.2803 max=0.5476 gg=0.1634 shape_dev=0.4707 xbar=0.2856 | T0 psi=(+0.089,+1.796,-2.881) ggm=0.000 circ=-1.0907 xUDD=(0.160,0.113,0.645) | T1 psi=(-0.072,+1.745,+99.000) ggm=0.000 circ=+2.7790 xUDD=(0.075,0.091,0.630) | sep=2.4399
# CONVTAG t=1488.00 rough=0.000000 cond=18.117628 evap=20.522545 backs=2.676854
# CANT t=1488.00 a_tag=1.0000 a_max=1.0000 xl_tag=0.4656 nlock=6 tune=94.632169
# REG t=1488.00 tp n=6 rho=[0.001 0.332 0.423 0.467] gr=0.00004 fl=1.000 | ba n=25609 rho=[0.098 0.492 0.846 0.961] gr=0.00008 fl=0.930
t= 1492.00 -1.07e-15 | 1.6648 16.34  22112    7 194371 194716 | 1.4276 14.74 | 4.73e-03 1.59e-02 |   4.1046 0.5878  2.0245  1.3197 1.000 15.83 | edge_dev mean=0.2761 max=0.5514 gg=0.1625 shape_dev=0.4547 xbar=0.2730 | T0 psi=(+0.077,-0.862,-0.369) ggm=0.003 circ=-1.0889 xUDD=(0.113,0.099,0.638) | T1 psi=(+0.034,-1.087,+99.000) ggm=0.000 circ=+2.8495 xUDD=(0.063,0.093,0.632) | sep=2.4463
# CONVTAG t=1492.00 rough=0.000000 cond=18.117628 evap=20.522545 backs=2.676854
# CANT t=1492.00 a_tag=1.0000 a_max=1.0000 xl_tag=0.4656 nlock=6 tune=94.817252
# REG t=1492.00 tp n=6 rho=[0.001 0.332 0.469 0.559] gr=0.00003 fl=1.000 | ba n=25622 rho=[0.099 0.490 0.846 0.961] gr=0.00008 fl=0.930
t= 1496.00 -1.07e-15 | 1.6646 16.33  22090   12 194905 195284 | 1.4274 14.74 | 9.80e-03 2.13e-02 |   4.0541 0.5805  1.9926  1.3163 1.000 15.83 | edge_dev mean=0.2832 max=0.5519 gg=0.1815 shape_dev=0.4435 xbar=0.2696 | T0 psi=(+0.070,+1.694,-2.930) ggm=0.000 circ=-1.1006 xUDD=(0.117,0.099,0.631) | T1 psi=(-0.768,-0.498,+99.000) ggm=0.000 circ=+2.8630 xUDD=(0.041,0.108,0.621) | sep=2.4611
# CONVTAG t=1496.00 rough=0.000000 cond=18.117628 evap=20.522545 backs=2.676854
# CANT t=1496.00 a_tag=1.0000 a_max=1.0000 xl_tag=0.4656 nlock=6 tune=94.999094
# REG t=1496.00 tp n=6 rho=[0.000 0.332 0.478 0.672] gr=0.00003 fl=1.000 | ba n=25582 rho=[0.098 0.499 0.849 0.962] gr=0.00008 fl=0.931
t= 1500.00 -1.07e-15 | 1.6646 16.33  22096    8 195408 195785 | 1.4276 14.75 | 7.13e-03 1.73e-02 |   4.0632 0.5818  1.9980  1.3124 1.000 16.00 | edge_dev mean=0.2907 max=0.5538 gg=0.2124 shape_dev=0.4440 xbar=0.2704 | T0 psi=(+0.049,-2.188,+0.844) ggm=0.000 circ=-1.0957 xUDD=(0.114,0.098,0.626) | T1 psi=(-0.387,+1.073,+99.000) ggm=0.000 circ=+2.8676 xUDD=(0.047,0.119,0.618) | sep=2.4650
# CONVTAG t=1500.00 rough=0.000000 cond=18.117628 evap=20.522545 backs=2.676854
# CANT t=1500.00 a_tag=1.0000 a_max=1.0000 xl_tag=0.4656 nlock=6 tune=95.224842
# REG t=1500.00 tp n=6 rho=[0.003 0.332 0.481 0.628] gr=0.00003 fl=1.000 | ba n=25588 rho=[0.098 0.495 0.848 0.962] gr=0.00008 fl=0.931
t= 1504.00 -1.07e-15 | 1.6644 16.34  22109   22 195956 196300 | 1.4278 14.76 | 7.01e-03 1.78e-02 |   4.1003 0.5872  1.9616  1.3248 1.000 15.67 | edge_dev mean=0.2930 max=0.5624 gg=0.1487 shape_dev=0.4586 xbar=0.2729 | T0 psi=(+0.202,+0.324,-1.981) ggm=0.004 circ=-1.0802 xUDD=(0.136,0.099,0.621) | T1 psi=(-0.546,-0.133,+99.000) ggm=0.000 circ=+2.8714 xUDD=(0.049,0.112,0.620) | sep=2.4558
# CONVTAG t=1504.00 rough=0.000000 cond=18.117628 evap=20.522545 backs=2.676854
# CANT t=1504.00 a_tag=1.0000 a_max=1.0000 xl_tag=0.4656 nlock=6 tune=95.440601
# REG t=1504.00 tp n=6 rho=[0.003 0.334 0.482 0.694] gr=0.00004 fl=1.000 | ba n=25607 rho=[0.097 0.496 0.849 0.961] gr=0.00008 fl=0.930
t= 1508.00 -9.36e-16 | 1.6643 16.33  22098   14 196460 196778 | 1.4276 14.75 | 7.66e-03 1.97e-02 |   4.1328 0.5918  1.9672  1.3279 1.000 15.67 | edge_dev mean=0.2964 max=0.5684 gg=0.1653 shape_dev=0.4584 xbar=0.2749 | T0 psi=(+0.068,-3.126,+1.525) ggm=0.000 circ=-1.1030 xUDD=(0.147,0.086,0.624) | T1 psi=(-0.862,-1.099,+99.000) ggm=0.000 circ=+2.8765 xUDD=(0.071,0.105,0.617) | sep=2.4526
# CONVTAG t=1508.00 rough=0.000000 cond=18.117628 evap=20.522545 backs=2.676854
# CANT t=1508.00 a_tag=1.0000 a_max=1.0000 xl_tag=0.4656 nlock=6 tune=95.670503
# REG t=1508.00 tp n=6 rho=[0.003 0.335 0.483 0.784] gr=0.00005 fl=1.000 | ba n=25641 rho=[0.098 0.498 0.845 0.961] gr=0.00007 fl=0.929
t= 1512.00 -9.36e-16 | 1.6642 16.32  22085    7 196993 197315 | 1.4274 14.75 | 6.48e-03 2.05e-02 |   4.0588 0.5812  1.9696  1.3203 1.000 15.83 | edge_dev mean=0.2798 max=0.5403 gg=0.1588 shape_dev=0.4364 xbar=0.2699 | T0 psi=(+0.131,-0.501,-1.437) ggm=0.015 circ=-1.1108 xUDD=(0.136,0.088,0.622) | T1 psi=(-0.584,+2.117,+99.000) ggm=0.000 circ=+2.8846 xUDD=(0.070,0.095,0.609) | sep=2.4514
# CONVTAG t=1512.00 rough=0.000000 cond=18.117628 evap=20.522545 backs=2.676854
# CANT t=1512.00 a_tag=1.0000 a_max=1.0000 xl_tag=0.4656 nlock=6 tune=95.917133
# REG t=1512.00 tp n=6 rho=[0.008 0.341 0.483 0.742] gr=0.00005 fl=1.000 | ba n=25646 rho=[0.097 0.499 0.848 0.961] gr=0.00007 fl=0.929
t= 1516.00 -9.36e-16 | 1.6639 16.34  22108   13 197456 197796 | 1.4278 14.76 | 9.34e-03 2.45e-02 |   4.0783 0.5840  1.9622  1.3240 1.000 15.67 | edge_dev mean=0.2781 max=0.5317 gg=0.1564 shape_dev=0.4123 xbar=0.2712 | T0 psi=(+0.146,-2.408,+0.589) ggm=0.000 circ=-1.1299 xUDD=(0.117,0.106,0.626) | T1 psi=(-0.408,+0.072,+99.000) ggm=0.000 circ=+2.9222 xUDD=(0.095,0.091,0.591) | sep=2.4724
# CONVTAG t=1516.00 rough=0.000000 cond=18.292126 evap=20.829239 backs=2.716857
# CANT t=1516.00 a_tag=1.0000 a_max=1.0000 xl_tag=0.4656 nlock=6 tune=96.159271
# REG t=1516.00 tp n=6 rho=[0.006 0.342 0.487 0.816] gr=0.00004 fl=1.000 | ba n=25620 rho=[0.102 0.504 0.848 0.961] gr=0.00008 fl=0.930
t= 1520.00 -9.36e-16 | 1.6645 16.32  22083   13 197958 198286 | 1.4275 14.76 | 7.00e-03 1.74e-02 |   3.8015 0.5444  2.0652  1.3398 1.000 15.67 | edge_dev mean=0.2716 max=0.5260 gg=0.1759 shape_dev=0.4087 xbar=0.2621 | T0 psi=(+0.003,+0.334,-2.257) ggm=0.000 circ=-1.1341 xUDD=(0.117,0.091,0.595) | T1 psi=(+0.097,-2.452,+99.000) ggm=0.000 circ=+2.9813 xUDD=(0.075,0.092,0.602) | sep=2.4600
# CONVTAG t=1520.00 rough=0.000000 cond=18.292126 evap=21.131813 backs=2.756323
# CANT t=1520.00 a_tag=1.0000 a_max=1.0000 xl_tag=0.4656 nlock=6 tune=96.513273
# REG t=1520.00 tp n=6 rho=[0.003 0.009 0.651 0.722] gr=0.00035 fl=1.000 | ba n=25630 rho=[0.102 0.498 0.847 0.960] gr=0.00008 fl=0.930
t= 1524.00 -9.36e-16 | 1.6645 16.32  22079   11 198488 198805 | 1.4274 14.75 | 5.86e-03 1.68e-02 |   3.7900 0.5427  2.0187  1.2841 1.000 15.83 | edge_dev mean=0.2731 max=0.5397 gg=0.1384 shape_dev=0.4037 xbar=0.2522 | T0 psi=(+0.244,+2.895,+1.189) ggm=0.000 circ=-1.1435 xUDD=(0.115,0.060,0.606) | T1 psi=(-0.064,+0.897,+99.000) ggm=0.000 circ=+3.0123 xUDD=(0.037,0.090,0.605) | sep=2.4655
# CONVTAG t=1524.00 rough=0.000000 cond=18.292126 evap=21.131813 backs=2.756323
# CANT t=1524.00 a_tag=1.0000 a_max=1.0000 xl_tag=0.4656 nlock=6 tune=96.671184
# REG t=1524.00 tp n=6 rho=[0.003 0.065 0.651 0.821] gr=0.00023 fl=1.000 | ba n=25644 rho=[0.103 0.496 0.845 0.960] gr=0.00008 fl=0.930
t= 1528.00 -9.36e-16 | 1.6645 16.33  22099   13 198950 199294 | 1.4277 14.76 | 1.62e-02 3.67e-02 |   3.8188 0.5468  2.0298  1.3027 1.000 15.83 | edge_dev mean=0.2732 max=0.5283 gg=0.1693 shape_dev=0.3934 xbar=0.2540 | T0 psi=(+0.137,-0.278,-1.623) ggm=0.015 circ=-1.1411 xUDD=(0.108,0.067,0.607) | T1 psi=(-0.362,-2.331,+99.000) ggm=0.000 circ=+3.0343 xUDD=(0.046,0.092,0.604) | sep=2.4831
# CONVTAG t=1528.00 rough=0.000000 cond=18.292126 evap=21.131813 backs=2.756323
# CANT t=1528.00 a_tag=1.0000 a_max=1.0000 xl_tag=0.4656 nlock=6 tune=96.836803
# REG t=1528.00 tp n=6 rho=[0.003 0.651 0.716 0.788] gr=0.00016 fl=1.000 | ba n=25614 rho=[0.101 0.495 0.846 0.961] gr=0.00007 fl=0.931
t= 1532.00 -9.36e-16 | 1.6643 16.33  22099    7 199432 199734 | 1.4277 14.75 | 9.71e-03 3.02e-02 |   3.9524 0.5660  2.0230  1.4155 1.000 15.83 | edge_dev mean=0.2774 max=0.5561 gg=0.1807 shape_dev=0.3940 xbar=0.2782 | T0 psi=(+0.039,+2.869,+1.717) ggm=0.000 circ=-1.1358 xUDD=(0.153,0.109,0.613) | T1 psi=(-0.203,+0.600,+99.000) ggm=0.000 circ=+3.0604 xUDD=(0.095,0.087,0.612) | sep=2.4868
# CONVTAG t=1532.00 rough=0.000000 cond=18.292126 evap=21.131813 backs=2.756323
# CANT t=1532.00 a_tag=1.0000 a_max=1.0000 xl_tag=0.4656 nlock=6 tune=96.993988
# REG t=1532.00 tp n=6 rho=[0.003 0.650 0.651 0.740] gr=0.00011 fl=1.000 | ba n=25660 rho=[0.098 0.496 0.845 0.961] gr=0.00007 fl=0.929
t= 1536.00 -9.36e-16 | 1.6642 16.34  22113   12 199958 200285 | 1.4278 14.75 | 5.65e-03 1.60e-02 |   4.0672 0.5824  2.0688  1.3016 1.000 15.67 | edge_dev mean=0.2822 max=0.5403 gg=0.1837 shape_dev=0.3928 xbar=0.2705 | T0 psi=(+0.006,-0.598,-1.239) ggm=0.010 circ=-1.1311 xUDD=(0.093,0.082,0.620) | T1 psi=(-0.442,-1.428,+99.000) ggm=0.000 circ=+3.0802 xUDD=(0.105,0.106,0.617) | sep=2.4845
# CONVTAG t=1536.00 rough=0.000000 cond=18.292126 evap=21.131813 backs=2.756323
# CANT t=1536.00 a_tag=1.0000 a_max=1.0000 xl_tag=0.4656 nlock=6 tune=97.169916
# REG t=1536.00 tp n=6 rho=[0.004 0.651 0.674 0.997] gr=0.00007 fl=1.000 | ba n=25631 rho=[0.103 0.494 0.842 0.960] gr=0.00007 fl=0.930
t= 1540.00 -9.36e-16 | 1.6640 16.35  22117   15 200479 200801 | 1.4278 14.75 | 6.21e-03 2.11e-02 |   4.4254 0.6337  1.9805  1.3395 1.000 15.83 | edge_dev mean=0.2799 max=0.5735 gg=0.1681 shape_dev=0.3705 xbar=0.2945 | T0 psi=(+0.131,+2.826,+1.732) ggm=0.000 circ=-1.1260 xUDD=(0.135,0.118,0.658) | T1 psi=(-0.327,+3.027,+99.000) ggm=0.000 circ=+3.0991 xUDD=(0.098,0.125,0.632) | sep=2.5051
# CONVTAG t=1540.00 rough=0.000000 cond=18.557030 evap=21.131813 backs=2.756323
# CANT t=1540.00 a_tag=1.0000 a_max=1.0000 xl_tag=0.4656 nlock=6 tune=97.502228
# REG t=1540.00 tp n=6 rho=[0.004 0.163 0.651 0.663] gr=0.00005 fl=1.000 | ba n=25632 rho=[0.104 0.498 0.843 0.959] gr=0.00007 fl=0.930
t= 1544.00 -9.36e-16 | 1.6640 16.34  22110    8 201011 201314 | 1.4279 14.76 | 6.03e-03 1.50e-02 |   4.4770 0.6411  1.9563  1.3608 1.000 15.33 | edge_dev mean=0.2777 max=0.5901 gg=0.1326 shape_dev=0.3522 xbar=0.2981 | T0 psi=(+0.285,-0.038,-1.900) ggm=0.007 circ=-1.1594 xUDD=(0.152,0.127,0.657) | T1 psi=(-0.362,+0.434,+99.000) ggm=0.000 circ=+3.1298 xUDD=(0.095,0.115,0.643) | sep=2.5180
# CONVTAG t=1544.00 rough=0.000000 cond=18.557030 evap=21.131813 backs=2.756323
# CANT t=1544.00 a_tag=1.0000 a_max=1.0000 xl_tag=0.4656 nlock=6 tune=97.718103
# REG t=1544.00 tp n=6 rho=[0.004 0.075 0.649 0.652] gr=0.00003 fl=1.000 | ba n=25659 rho=[0.104 0.495 0.842 0.959] gr=0.00007 fl=0.929
t= 1548.00 -9.36e-16 | 1.6640 16.36  22129    9 201547 201834 | 1.4281 14.76 | 4.46e-03 1.44e-02 |   4.4135 0.6320  1.9994  1.3437 1.000 15.33 | edge_dev mean=0.2762 max=0.6025 gg=0.1541 shape_dev=0.3469 xbar=0.2944 | T0 psi=(+0.183,-2.859,+0.952) ggm=0.000 circ=-1.1630 xUDD=(0.121,0.131,0.652) | T1 psi=(-0.166,-1.936,+99.000) ggm=0.000 circ=+3.1982 xUDD=(0.096,0.120,0.646) | sep=2.5151
# CONVTAG t=1548.00 rough=0.000000 cond=18.557030 evap=21.131813 backs=2.756323
# CANT t=1548.00 a_tag=1.0000 a_max=1.0000 xl_tag=0.4656 nlock=6 tune=97.917435
# REG t=1548.00 tp n=6 rho=[0.013 0.040 0.648 0.654] gr=0.00002 fl=1.000 | ba n=25673 rho=[0.103 0.497 0.843 0.960] gr=0.00007 fl=0.929
t= 1552.00 -9.36e-16 | 1.6647 16.37  22144   10 202095 202370 | 1.4284 14.77 | 7.07e-03 1.93e-02 |   4.2191 0.6042  2.0203  1.3344 1.000 15.67 | edge_dev mean=0.2745 max=0.5856 gg=0.2581 shape_dev=0.3485 xbar=0.2806 | T0 psi=(+0.007,-0.729,-0.952) ggm=0.017 circ=-1.1403 xUDD=(0.107,0.117,0.638) | T1 psi=(-0.501,+1.470,+99.000) ggm=0.000 circ=+3.2087 xUDD=(0.076,0.102,0.643) | sep=2.5207
# CONVTAG t=1552.00 rough=0.000000 cond=18.557030 evap=21.131813 backs=2.756323
# CANT t=1552.00 a_tag=1.0000 a_max=1.0000 xl_tag=0.4656 nlock=6 tune=98.138142
# REG t=1552.00 tp n=6 rho=[0.014 0.033 0.640 0.656] gr=0.00001 fl=1.000 | ba n=25683 rho=[0.100 0.496 0.843 0.961] gr=0.00007 fl=0.928
t= 1556.00 -9.36e-16 | 1.6647 16.39  22169   12 202624 202919 | 1.4288 14.78 | 7.29e-03 1.87e-02 |   4.0894 0.5856  2.0459  1.3322 1.000 15.50 | edge_dev mean=0.2808 max=0.5793 gg=0.2484 shape_dev=0.3657 xbar=0.2720 | T0 psi=(-0.002,+2.573,+2.008) ggm=0.000 circ=-1.1606 xUDD=(0.100,0.101,0.631) | T1 psi=(-0.184,+0.094,+99.000) ggm=0.000 circ=+3.2233 xUDD=(0.084,0.079,0.638) | sep=2.5110
# CONVTAG t=1556.00 rough=0.000000 cond=18.557030 evap=21.131813 backs=2.756323
# CANT t=1556.00 a_tag=1.0000 a_max=1.0000 xl_tag=0.4656 nlock=6 tune=98.314141
# REG t=1556.00 tp n=6 rho=[0.013 0.063 0.565 0.656] gr=0.00004 fl=1.000 | ba n=25661 rho=[0.101 0.492 0.845 0.960] gr=0.00007 fl=0.929
t= 1560.00 -9.36e-16 | 1.6644 16.34  22105   13 203103 203385 | 1.4281 14.78 | 7.83e-03 2.25e-02 |   4.1748 0.5978  2.0256  1.3369 1.000 15.50 | edge_dev mean=0.2852 max=0.5894 gg=0.2117 shape_dev=0.3894 xbar=0.2778 | T0 psi=(+0.120,-0.432,-1.368) ggm=0.021 circ=-1.1613 xUDD=(0.117,0.110,0.626) | T1 psi=(+0.093,-2.487,+99.000) ggm=0.000 circ=+3.3083 xUDD=(0.074,0.102,0.637) | sep=2.5006
# CONVTAG t=1560.00 rough=0.000000 cond=18.557030 evap=21.131813 backs=2.756323
# CANT t=1560.00 a_tag=1.0000 a_max=1.0000 xl_tag=0.4656 nlock=6 tune=98.462081
# REG t=1560.00 tp n=6 rho=[0.006 0.214 0.594 0.656] gr=0.00006 fl=1.000 | ba n=25673 rho=[0.100 0.496 0.846 0.960] gr=0.00007 fl=0.929
t= 1564.00 -9.36e-16 | 1.6644 16.35  22118   11 203536 203804 | 1.4283 14.79 | 1.26e-02 2.88e-02 |   4.1110 0.5887  2.0431  1.3333 1.000 15.50 | edge_dev mean=0.2812 max=0.5999 gg=0.2137 shape_dev=0.3628 xbar=0.2754 | T0 psi=(+0.006,+2.976,+1.601) ggm=0.000 circ=-1.1871 xUDD=(0.092,0.118,0.629) | T1 psi=(-0.232,+0.779,+99.000) ggm=0.000 circ=+3.3868 xUDD=(0.082,0.096,0.637) | sep=2.5263
# CONVTAG t=1564.00 rough=0.000000 cond=18.557030 evap=21.131813 backs=2.756323
# CANT t=1564.00 a_tag=1.0000 a_max=1.0000 xl_tag=0.4656 nlock=6 tune=98.661857
# REG t=1564.00 tp n=6 rho=[0.004 0.351 0.596 0.656] gr=0.00006 fl=1.000 | ba n=25690 rho=[0.098 0.494 0.846 0.960] gr=0.00007 fl=0.928
t= 1568.00 -9.36e-16 | 1.6646 16.35  22118   12 204028 204291 | 1.4283 14.78 | 5.01e-03 1.52e-02 |   3.8994 0.5584  2.0994  1.3034 1.000 15.67 | edge_dev mean=0.2830 max=0.5942 gg=0.2230 shape_dev=0.3413 xbar=0.2610 | T0 psi=(-0.023,-0.348,-1.633) ggm=0.005 circ=-1.1929 xUDD=(0.082,0.079,0.618) | T1 psi=(-0.096,-2.162,+99.000) ggm=0.000 circ=+3.4377 xUDD=(0.065,0.085,0.637) | sep=2.5368
# CONVTAG t=1568.00 rough=0.000000 cond=18.557030 evap=21.131813 backs=2.756323
# CANT t=1568.00 a_tag=1.0000 a_max=1.0000 xl_tag=0.4656 nlock=6 tune=98.868353
# REG t=1568.00 tp n=6 rho=[0.003 0.429 0.616 0.656] gr=0.00008 fl=1.000 | ba n=25694 rho=[0.094 0.489 0.842 0.960] gr=0.00007 fl=0.929
t= 1572.00 -9.36e-16 | 1.6646 16.37  22145    7 204534 204810 | 1.4285 14.78 | 1.38e-02 3.20e-02 |   3.6587 0.5239  2.0956  1.2976 1.000 15.83 | edge_dev mean=0.2852 max=0.5795 gg=0.2021 shape_dev=0.3308 xbar=0.2434 | T0 psi=(+0.025,+2.932,+1.156) ggm=0.000 circ=-1.1868 xUDD=(0.070,0.071,0.602) | T1 psi=(-0.148,+0.511,+99.000) ggm=0.000 circ=+3.5119 xUDD=(0.046,0.049,0.623) | sep=2.5335
# CONVTAG t=1572.00 rough=0.000000 cond=18.557030 evap=21.131813 backs=2.756323
# CANT t=1572.00 a_tag=1.0000 a_max=1.0000 xl_tag=0.4656 nlock=6 tune=99.029007
# REG t=1572.00 tp n=6 rho=[0.003 0.604 0.656 0.669] gr=0.00008 fl=1.000 | ba n=25687 rho=[0.094 0.488 0.841 0.960] gr=0.00007 fl=0.929
t= 1576.00 -9.36e-16 | 1.6644 16.35  22127    8 205056 205324 | 1.4283 14.78 | 9.86e-03 2.19e-02 |   3.6156 0.5177  2.1181  1.2664 1.000 15.83 | edge_dev mean=0.2945 max=0.5686 gg=0.1942 shape_dev=0.3433 xbar=0.2406 | T0 psi=(+0.035,-0.187,-2.126) ggm=0.000 circ=-1.2059 xUDD=(0.065,0.065,0.596) | T1 psi=(-0.273,-2.054,+99.000) ggm=0.000 circ=+3.5378 xUDD=(0.029,0.078,0.610) | sep=2.5203
# CONVTAG t=1576.00 rough=0.000000 cond=18.557030 evap=21.131813 backs=2.756323
# CANT t=1576.00 a_tag=1.0000 a_max=1.0000 xl_tag=0.4656 nlock=6 tune=99.172582
# REG t=1576.00 tp n=6 rho=[0.003 0.607 0.657 0.723] gr=0.00007 fl=1.000 | ba n=25693 rho=[0.095 0.492 0.840 0.960] gr=0.00007 fl=0.929
t= 1580.00 -9.36e-16 | 1.6645 16.35  22125    8 205535 205816 | 1.4283 14.78 | 5.45e-03 1.57e-02 |   3.6407 0.5213  2.1201  1.2721 1.000 15.50 | edge_dev mean=0.3025 max=0.5855 gg=0.1784 shape_dev=0.3491 xbar=0.2421 | T0 psi=(+0.036,+2.896,+1.045) ggm=0.000 circ=-1.2031 xUDD=(0.069,0.059,0.595) | T1 psi=(-0.511,+1.108,+99.000) ggm=0.000 circ=+3.5420 xUDD=(0.046,0.079,0.603) | sep=2.5187
# CONVTAG t=1580.00 rough=0.000000 cond=18.557030 evap=21.131813 backs=2.756323
# CANT t=1580.00 a_tag=1.0000 a_max=1.0000 xl_tag=0.4656 nlock=6 tune=99.347463
# REG t=1580.00 tp n=6 rho=[0.003 0.611 0.658 0.793] gr=0.00006 fl=1.000 | ba n=25681 rho=[0.093 0.490 0.840 0.960] gr=0.00007 fl=0.930
t= 1584.00 -9.36e-16 | 1.6645 16.36  22129   10 206049 206345 | 1.4284 14.79 | 1.06e-02 3.14e-02 |   3.9137 0.5604  2.0101  1.3181 1.000 15.50 | edge_dev mean=0.2886 max=0.5640 gg=0.1658 shape_dev=0.3366 xbar=0.2603 | T0 psi=(+0.114,+0.083,-2.044) ggm=0.001 circ=-1.1883 xUDD=(0.111,0.084,0.623) | T1 psi=(-0.475,-2.273,+99.000) ggm=0.000 circ=+3.5470 xUDD=(0.052,0.091,0.601) | sep=2.5210
# CONVTAG t=1584.00 rough=0.000000 cond=18.837316 evap=21.131813 backs=2.756323
# CANT t=1584.00 a_tag=1.0000 a_max=1.0000 xl_tag=0.4656 nlock=6 tune=99.614242
# REG t=1584.00 tp n=6 rho=[0.003 0.611 0.684 0.779] gr=0.00005 fl=1.000 | ba n=25665 rho=[0.093 0.492 0.840 0.960] gr=0.00007 fl=0.930
t= 1588.00 -9.36e-16 | 1.6645 16.37  22154    8 206560 206842 | 1.4287 14.79 | 5.39e-03 1.50e-02 |   3.7949 0.5434  2.1154  1.2808 1.000 15.83 | edge_dev mean=0.2909 max=0.5674 gg=0.1696 shape_dev=0.3220 xbar=0.2526 | T0 psi=(+0.114,+2.625,+1.350) ggm=0.000 circ=-1.1705 xUDD=(0.068,0.077,0.604) | T1 psi=(-0.377,+1.029,+99.000) ggm=0.000 circ=+3.5560 xUDD=(0.063,0.101,0.604) | sep=2.5244
# CONVTAG t=1588.00 rough=0.000000 cond=18.837316 evap=21.131813 backs=2.756323
# CANT t=1588.00 a_tag=1.0000 a_max=1.0000 xl_tag=0.4656 nlock=6 tune=99.819010
# REG t=1588.00 tp n=6 rho=[0.003 0.616 0.714 0.784] gr=0.00004 fl=1.000 | ba n=25681 rho=[0.095 0.493 0.842 0.960] gr=0.00007 fl=0.930
t= 1592.00 -9.36e-16 | 1.6647 16.39  22178   12 207080 207395 | 1.4289 14.78 | 9.25e-03 2.67e-02 |   3.5530 0.5088  2.0500  1.2757 1.000 16.00 | edge_dev mean=0.2967 max=0.5664 gg=0.1844 shape_dev=0.3317 xbar=0.2363 | T0 psi=(+0.027,-0.658,-1.624) ggm=0.001 circ=-1.1625 xUDD=(0.059,0.076,0.601) | T1 psi=(-0.456,-2.736,+99.000) ggm=0.000 circ=+3.5677 xUDD=(0.083,0.086,0.512) | sep=2.5205
# CONVTAG t=1592.00 rough=0.000000 cond=18.837316 evap=21.438666 backs=2.796348
# CANT t=1592.00 a_tag=1.0000 a_max=1.0000 xl_tag=0.4656 nlock=6 tune=100.075625
# REG t=1592.00 tp n=6 rho=[0.003 0.652 0.722 0.844] gr=0.00004 fl=1.000 | ba n=25645 rho=[0.094 0.490 0.841 0.960] gr=0.00007 fl=0.931
t= 1596.00 -9.36e-16 | 1.6651 16.40  22185   11 207602 207911 | 1.4289 14.78 | 1.06e-02 2.17e-02 |   3.2714 0.4685  2.1583  1.3145 1.000 16.00 | edge_dev mean=0.2973 max=0.5700 gg=0.2018 shape_dev=0.3176 xbar=0.2178 | T0 psi=(+0.010,+1.776,+1.571) ggm=0.000 circ=-1.1758 xUDD=(0.063,0.064,0.500) | T1 psi=(-0.887,+1.111,+99.000) ggm=0.000 circ=+3.5739 xUDD=(0.083,0.036,0.561) | sep=2.5258
# CONVTAG t=1596.00 rough=0.000000 cond=18.837316 evap=21.747407 backs=2.836618
# CANT t=1596.00 a_tag=1.0000 a_max=1.0000 xl_tag=0.4656 nlock=6 tune=100.376516
# REG t=1596.00 tp n=6 rho=[0.003 0.656 0.728 0.923] gr=0.00004 fl=1.000 | ba n=25651 rho=[0.092 0.486 0.840 0.960] gr=0.00007 fl=0.931
t= 1600.00 -9.36e-16 | 1.6652 16.39  22169    9 208092 208404 | 1.4287 14.78 | 1.72e-02 3.91e-02 |   3.1965 0.4577  2.2365  1.2246 1.000 16.17 | edge_dev mean=0.3057 max=0.5646 gg=0.1901 shape_dev=0.3089 xbar=0.2127 | T0 psi=(-0.023,-1.639,-1.178) ggm=0.000 circ=-1.1859 xUDD=(0.031,0.026,0.562) | T1 psi=(-0.998,-0.774,+99.000) ggm=0.000 circ=+3.5752 xUDD=(0.067,0.021,0.570) | sep=2.5301
# CONVTAG t=1600.00 rough=0.000000 cond=18.837316 evap=21.747407 backs=2.836618
# CANT t=1600.00 a_tag=1.0000 a_max=1.0000 xl_tag=0.4656 nlock=6 tune=100.651401
# REG t=1600.00 tp n=6 rho=[0.221 0.612 0.887 0.977] gr=0.00003 fl=1.000 | ba n=25653 rho=[0.091 0.480 0.837 0.960] gr=0.00007 fl=0.930
t= 1604.00 -9.36e-16 | 1.6647 16.39  22172    8 208606 208932 | 1.4287 14.78 | 4.94e-03 1.52e-02 |   3.1443 0.4503  2.2620  1.1941 1.000 16.00 | edge_dev mean=0.3046 max=0.5572 gg=0.1879 shape_dev=0.3080 xbar=0.2095 | T0 psi=(-0.018,+1.379,+2.023) ggm=0.000 circ=-1.1811 xUDD=(0.024,0.019,0.566) | T1 psi=(-1.012,+2.470,+99.000) ggm=0.000 circ=+3.5762 xUDD=(0.049,0.024,0.575) | sep=2.5287
# CONVTAG t=1604.00 rough=0.000000 cond=18.837316 evap=21.747407 backs=2.836618
# CANT t=1604.00 a_tag=1.0000 a_max=1.0000 xl_tag=0.4656 nlock=6 tune=100.752668
# REG t=1604.00 tp n=6 rho=[0.221 0.428 0.881 0.887] gr=0.00003 fl=1.000 | ba n=25640 rho=[0.092 0.476 0.836 0.960] gr=0.00007 fl=0.931
t= 1608.00 -1.07e-15 | 1.6645 16.37  22155   14 209155 209491 | 1.4285 14.78 | 8.55e-03 2.04e-02 |   3.2972 0.4722  2.2488  1.2013 1.000 16.17 | edge_dev mean=0.3037 max=0.5676 gg=0.1856 shape_dev=0.3242 xbar=0.2209 | T0 psi=(-0.002,-1.932,-0.932) ggm=0.000 circ=-1.1774 xUDD=(0.027,0.029,0.574) | T1 psi=(-0.916,-0.466,+99.000) ggm=0.000 circ=+3.5783 xUDD=(0.055,0.058,0.582) | sep=2.5170
# CONVTAG t=1608.00 rough=0.000000 cond=18.837316 evap=21.747407 backs=2.836618
# CANT t=1608.00 a_tag=1.0000 a_max=1.0000 xl_tag=0.4656 nlock=6 tune=100.846339
# REG t=1608.00 tp n=6 rho=[0.221 0.354 0.808 0.888] gr=0.00002 fl=1.000 | ba n=25624 rho=[0.091 0.474 0.840 0.961] gr=0.00007 fl=0.932
t= 1612.00 -1.07e-15 | 1.6649 16.35  22124   14 209685 210022 | 1.4280 14.77 | 6.20e-03 1.70e-02 |   3.7180 0.5324  2.0896  1.3050 1.000 16.17 | edge_dev mean=0.2927 max=0.5831 gg=0.1836 shape_dev=0.3303 xbar=0.2474 | T0 psi=(+0.106,+1.118,+2.634) ggm=0.000 circ=-1.1967 xUDD=(0.071,0.080,0.607) | T1 psi=(-0.447,+2.368,+99.000) ggm=0.000 circ=+3.5813 xUDD=(0.080,0.053,0.593) | sep=2.5191
# CONVTAG t=1612.00 rough=0.000000 cond=19.127917 evap=21.747407 backs=2.836618
# CANT t=1612.00 a_tag=1.0000 a_max=1.0000 xl_tag=0.4656 nlock=6 tune=101.109966
# REG t=1612.00 tp n=6 rho=[0.028 0.221 0.227 0.773] gr=0.00002 fl=1.000 | ba n=25624 rho=[0.092 0.472 0.835 0.960] gr=0.00007 fl=0.932
t= 1616.00 -9.36e-16 | 1.6649 16.36  22135   22 210204 210572 | 1.4282 14.77 | 1.02e-02 2.29e-02 |   3.7325 0.5345  2.0977  1.4505 1.000 15.83 | edge_dev mean=0.2853 max=0.5814 gg=0.1849 shape_dev=0.3155 xbar=0.2673 | T0 psi=(+0.060,-2.206,-0.318) ggm=0.000 circ=-1.1886 xUDD=(0.129,0.132,0.600) | T1 psi=(-0.355,-1.049,+99.000) ggm=0.000 circ=+3.5911 xUDD=(0.090,0.055,0.597) | sep=2.5239
# CONVTAG t=1616.00 rough=0.000000 cond=19.127917 evap=21.747407 backs=2.836618
# CANT t=1616.00 a_tag=1.0000 a_max=1.0000 xl_tag=0.4656 nlock=6 tune=101.254680
# REG t=1616.00 tp n=6 rho=[0.028 0.029 0.221 0.794] gr=0.00002 fl=1.000 | ba n=25583 rho=[0.094 0.473 0.836 0.960] gr=0.00007 fl=0.932
t= 1620.00 -1.07e-15 | 1.6647 16.36  22138    6 210733 211099 | 1.4282 14.77 | 8.52e-03 2.37e-02 |   3.9290 0.5626  2.1420  1.3056 1.000 15.67 | edge_dev mean=0.2698 max=0.5469 gg=0.1893 shape_dev=0.2710 xbar=0.2614 | T0 psi=(+0.034,+0.842,+2.899) ggm=0.000 circ=-1.1926 xUDD=(0.078,0.073,0.608) | T1 psi=(-0.361,+2.220,+99.000) ggm=0.000 circ=+3.6621 xUDD=(0.078,0.085,0.647) | sep=2.5518
# CONVTAG t=1620.00 rough=0.000000 cond=19.303808 evap=21.747407 backs=2.836618
# CANT t=1620.00 a_tag=1.0000 a_max=1.0000 xl_tag=0.4656 nlock=6 tune=101.448291
# REG t=1620.00 tp n=6 rho=[0.005 0.028 0.221 0.809] gr=0.00001 fl=1.000 | ba n=25601 rho=[0.094 0.476 0.839 0.960] gr=0.00007 fl=0.931
t= 1624.00 -1.07e-15 | 1.6648 16.38  22158    9 211231 211570 | 1.4283 14.76 | 8.12e-03 2.25e-02 |   4.1344 0.5920  2.0615  1.3617 1.000 15.83 | edge_dev mean=0.2345 max=0.4945 gg=0.1876 shape_dev=0.2250 xbar=0.2792 | T0 psi=(+0.032,-2.023,-0.223) ggm=0.000 circ=-1.1700 xUDD=(0.095,0.112,0.618) | T1 psi=(+0.236,-0.662,+99.000) ggm=0.000 circ=+3.7801 xUDD=(0.104,0.106,0.640) | sep=2.5762
# CONVTAG t=1624.00 rough=0.000000 cond=19.303808 evap=21.747407 backs=2.836618
# CANT t=1624.00 a_tag=1.0000 a_max=1.0000 xl_tag=0.4656 nlock=6 tune=101.669426
# REG t=1624.00 tp n=6 rho=[0.003 0.028 0.221 0.855] gr=0.00001 fl=1.000 | ba n=25626 rho=[0.093 0.477 0.836 0.961] gr=0.00007 fl=0.931
t= 1628.00 -9.36e-16 | 1.6644 16.35  22117   13 211709 212013 | 1.4278 14.76 | 9.66e-03 2.23e-02 |   4.0554 0.5807  2.0259  1.3612 1.000 15.67 | edge_dev mean=0.2292 max=0.4811 gg=0.2264 shape_dev=0.2055 xbar=0.2694 | T0 psi=(+0.037,+0.369,-2.585) ggm=0.000 circ=-1.1743 xUDD=(0.111,0.105,0.620) | T1 psi=(+0.081,+3.130,+99.000) ggm=0.000 circ=+3.9368 xUDD=(0.060,0.085,0.635) | sep=2.5905
# CONVTAG t=1628.00 rough=0.000000 cond=19.303808 evap=21.747407 backs=2.836618
# CANT t=1628.00 a_tag=1.0000 a_max=1.0000 xl_tag=0.4656 nlock=6 tune=101.877366
# REG t=1628.00 tp n=6 rho=[0.006 0.028 0.221 0.954] gr=0.00001 fl=1.000 | ba n=25657 rho=[0.093 0.480 0.842 0.961] gr=0.00007 fl=0.930
t= 1632.00 -9.36e-16 | 1.6645 16.33  22088   10 212178 212514 | 1.4275 14.76 | 9.51e-03 2.88e-02 |   3.7774 0.5409  2.0482  1.3428 1.000 15.50 | edge_dev mean=0.2287 max=0.4750 gg=0.1818 shape_dev=0.2124 xbar=0.2513 | T0 psi=(+0.094,-2.570,+0.062) ggm=0.000 circ=-1.1757 xUDD=(0.100,0.089,0.613) | T1 psi=(+0.225,+1.154,+99.000) ggm=0.000 circ=+4.0152 xUDD=(0.021,0.061,0.624) | sep=2.5707
# CONVTAG t=1632.00 rough=0.000000 cond=19.303808 evap=21.747407 backs=2.836618
# CANT t=1632.00 a_tag=1.0000 a_max=1.0000 xl_tag=0.4656 nlock=6 tune=102.066046
# REG t=1632.00 tp n=6 rho=[0.020 0.028 0.221 0.961] gr=0.00001 fl=1.000 | ba n=25628 rho=[0.096 0.490 0.845 0.960] gr=0.00007 fl=0.931
t= 1636.00 -9.36e-16 | 1.6642 16.32  22083   15 212692 213025 | 1.4273 14.75 | 6.95e-03 1.74e-02 |   3.6418 0.5215  2.0449  1.3338 1.000 16.00 | edge_dev mean=0.2380 max=0.4857 gg=0.1986 shape_dev=0.2575 xbar=0.2424 | T0 psi=(+0.041,+0.245,-2.654) ggm=0.000 circ=-1.1866 xUDD=(0.098,0.081,0.603) | T1 psi=(-0.021,-1.909,+99.000) ggm=0.000 circ=+4.0698 xUDD=(0.023,0.043,0.606) | sep=2.5423
# CONVTAG t=1636.00 rough=0.000000 cond=19.303808 evap=21.747407 backs=2.836618
# CANT t=1636.00 a_tag=1.0000 a_max=1.0000 xl_tag=0.4656 nlock=6 tune=102.241585
# REG t=1636.00 tp n=6 rho=[0.028 0.049 0.221 0.962] gr=0.00001 fl=1.000 | ba n=25624 rho=[0.097 0.494 0.846 0.962] gr=0.00007 fl=0.931
t= 1640.00 -9.36e-16 | 1.6641 16.33  22101    7 213230 213560 | 1.4275 14.74 | 1.14e-02 3.00e-02 |   3.5483 0.5081  2.0992  1.4063 1.000 16.17 | edge_dev mean=0.2334 max=0.4662 gg=0.2328 shape_dev=0.2647 xbar=0.2506 | T0 psi=(-0.063,+3.102,+0.720) ggm=0.000 circ=-1.2082 xUDD=(0.122,0.105,0.594) | T1 psi=(-0.199,+0.970,+99.000) ggm=0.000 circ=+4.1336 xUDD=(0.021,0.061,0.600) | sep=2.5327
# CONVTAG t=1640.00 rough=0.000000 cond=19.303808 evap=21.747407 backs=2.836618
# CANT t=1640.00 a_tag=1.0000 a_max=1.0000 xl_tag=0.4656 nlock=6 tune=102.417036
# REG t=1640.00 tp n=6 rho=[0.028 0.063 0.221 0.927] gr=0.00002 fl=1.000 | ba n=25634 rho=[0.097 0.494 0.846 0.962] gr=0.00007 fl=0.930
t= 1644.00 -9.36e-16 | 1.6638 16.32  22083    9 213728 214041 | 1.4274 14.75 | 8.40e-03 1.84e-02 |   3.8870 0.5566  1.9705  1.3682 1.000 15.83 | edge_dev mean=0.2265 max=0.4802 gg=0.2058 shape_dev=0.2840 xbar=0.2597 | T0 psi=(-0.057,+0.473,-2.417) ggm=0.000 circ=-1.2031 xUDD=(0.128,0.111,0.612) | T1 psi=(-0.255,-2.084,+99.000) ggm=0.000 circ=+4.1722 xUDD=(0.034,0.063,0.610) | sep=2.5239
# CONVTAG t=1644.00 rough=0.000000 cond=19.303808 evap=21.747407 backs=2.836618
# CANT t=1644.00 a_tag=1.0000 a_max=1.0000 xl_tag=0.4656 nlock=6 tune=102.624295
# REG t=1644.00 tp n=6 rho=[0.028 0.075 0.221 0.856] gr=0.00005 fl=1.000 | ba n=25649 rho=[0.097 0.491 0.844 0.961] gr=0.00007 fl=0.929
t= 1648.00 -9.36e-16 | 1.6639 16.33  22101    6 214286 214610 | 1.4276 14.75 | 1.22e-02 2.94e-02 |   4.1091 0.5884  1.9293  1.3564 1.000 16.17 | edge_dev mean=0.2124 max=0.4642 gg=0.1476 shape_dev=0.3073 xbar=0.2734 | T0 psi=(+0.202,-1.451,-0.757) ggm=0.002 circ=-1.2002 xUDD=(0.141,0.128,0.631) | T1 psi=(+0.199,+1.330,+99.000) ggm=0.000 circ=+4.2578 xUDD=(0.043,0.084,0.613) | sep=2.5012
# CONVTAG t=1648.00 rough=0.000000 cond=19.303808 evap=21.747407 backs=2.836618
# CANT t=1648.00 a_tag=1.0000 a_max=1.0000 xl_tag=0.4656 nlock=6 tune=102.819546
# REG t=1648.00 tp n=6 rho=[0.023 0.215 0.244 0.503] gr=0.00007 fl=1.000 | ba n=25641 rho=[0.097 0.490 0.844 0.962] gr=0.00007 fl=0.930
t= 1652.00 -9.36e-16 | 1.6642 16.34  22106    9 214830 215121 | 1.4277 14.76 | 5.99e-03 1.85e-02 |   4.2205 0.6044  1.8666  1.3802 1.000 15.83 | edge_dev mean=0.1998 max=0.4708 gg=0.2030 shape_dev=0.3041 xbar=0.2808 | T0 psi=(+0.157,+1.907,+2.436) ggm=0.000 circ=-1.2226 xUDD=(0.152,0.162,0.637) | T1 psi=(+0.327,-1.887,+99.000) ggm=0.000 circ=+4.3228 xUDD=(0.038,0.071,0.624) | sep=2.5031
# CONVTAG t=1652.00 rough=0.000000 cond=19.303808 evap=21.747407 backs=2.836618
# CANT t=1652.00 a_tag=1.0000 a_max=1.0000 xl_tag=0.4656 nlock=6 tune=103.048532
# REG t=1652.00 tp n=6 rho=[0.001 0.023 0.143 0.657] gr=0.00027 fl=1.000 | ba n=25671 rho=[0.095 0.490 0.844 0.962] gr=0.00007 fl=0.929
t= 1656.00 -9.36e-16 | 1.6638 16.34  22110   11 215372 215676 | 1.4277 14.75 | 5.89e-03 1.75e-02 |   4.2000 0.6014  1.8502  1.3911 1.000 15.67 | edge_dev mean=0.1974 max=0.4353 gg=0.2171 shape_dev=0.3086 xbar=0.2797 | T0 psi=(-0.047,-0.742,-0.693) ggm=0.016 circ=-1.2699 xUDD=(0.159,0.156,0.639) | T1 psi=(+0.554,+1.883,+99.000) ggm=0.000 circ=+4.3988 xUDD=(0.041,0.064,0.619) | sep=2.5040
# CONVTAG t=1656.00 rough=0.000000 cond=19.303808 evap=21.747407 backs=2.836618
# CANT t=1656.00 a_tag=1.0000 a_max=1.0000 xl_tag=0.4656 nlock=6 tune=103.296086
# REG t=1656.00 tp n=6 rho=[0.001 0.110 0.161 0.851] gr=0.00021 fl=1.000 | ba n=25656 rho=[0.096 0.488 0.842 0.961] gr=0.00007 fl=0.930
t= 1660.00 -9.36e-16 | 1.6635 16.34  22112   15 215854 216169 | 1.4277 14.75 | 8.44e-03 2.21e-02 |   4.1097 0.5885  1.8558  1.3921 1.000 15.50 | edge_dev mean=0.1903 max=0.4098 gg=0.1682 shape_dev=0.3037 xbar=0.2735 | T0 psi=(+0.091,+2.950,+1.457) ggm=0.000 circ=-1.2952 xUDD=(0.162,0.133,0.638) | T1 psi=(+2.637,-1.616,+99.000) ggm=0.000 circ=+4.4317 xUDD=(0.037,0.056,0.615) | sep=2.5120
# CONVTAG t=1660.00 rough=0.000000 cond=19.303808 evap=21.747407 backs=2.836618
# CANT t=1660.00 a_tag=1.0000 a_max=1.0000 xl_tag=0.4656 nlock=6 tune=103.523568
# REG t=1660.00 tp n=6 rho=[0.001 0.173 0.248 0.927] gr=0.00015 fl=1.000 | ba n=25642 rho=[0.094 0.490 0.842 0.962] gr=0.00007 fl=0.930
t= 1664.00 -9.36e-16 | 1.6637 16.34  22105   14 216321 216637 | 1.4278 14.76 | 6.64e-03 1.58e-02 |   4.0244 0.5763  1.9538  1.3618 1.000 15.17 | edge_dev mean=0.1991 max=0.4014 gg=0.0869 shape_dev=0.2889 xbar=0.2677 | T0 psi=(+0.347,+0.222,-3.018) ggm=0.000 circ=-1.2928 xUDD=(0.122,0.107,0.628) | T1 psi=(-2.790,+2.895,+99.000) ggm=0.000 circ=+4.4291 xUDD=(0.065,0.070,0.615) | sep=2.5186
# CONVTAG t=1664.00 rough=0.000000 cond=19.303808 evap=21.747407 backs=2.836618
# CANT t=1664.00 a_tag=1.0000 a_max=1.0000 xl_tag=0.4656 nlock=6 tune=103.719570
# REG t=1664.00 tp n=6 rho=[0.011 0.179 0.225 0.975] gr=0.00011 fl=1.000 | ba n=25643 rho=[0.093 0.489 0.844 0.961] gr=0.00007 fl=0.930
t= 1668.00 -9.36e-16 | 1.6637 16.34  22106   10 216816 217110 | 1.4278 14.76 | 9.46e-03 2.27e-02 |   3.8392 0.5498  2.0275  1.3221 1.000 15.50 | edge_dev mean=0.2015 max=0.4169 gg=0.1966 shape_dev=0.3254 xbar=0.2552 | T0 psi=(+0.020,+2.173,+1.973) ggm=0.000 circ=-1.2916 xUDD=(0.092,0.090,0.614) | T1 psi=(-2.856,+0.051,+99.000) ggm=0.000 circ=+4.4218 xUDD=(0.057,0.063,0.615) | sep=2.4956
# CONVTAG t=1668.00 rough=0.000000 cond=19.303808 evap=21.747407 backs=2.836618
# CANT t=1668.00 a_tag=1.0000 a_max=1.0000 xl_tag=0.4656 nlock=6 tune=103.845395
# REG t=1668.00 tp n=6 rho=[0.174 0.178 0.220 0.838] gr=0.00009 fl=1.000 | ba n=25669 rho=[0.091 0.496 0.845 0.962] gr=0.00007 fl=0.929
t= 1672.00 -9.36e-16 | 1.6639 16.35  22116   16 217319 217617 | 1.4280 14.77 | 4.82e-03 1.42e-02 |   3.5962 0.5150  1.9128  1.3405 1.000 15.50 | edge_dev mean=0.2060 max=0.4252 gg=0.2204 shape_dev=0.3342 xbar=0.2398 | T0 psi=(-0.001,-0.709,-1.361) ggm=0.001 circ=-1.2897 xUDD=(0.088,0.118,0.612) | T1 psi=(+3.118,+2.944,+99.000) ggm=0.000 circ=+4.4179 xUDD=(0.055,0.029,0.536) | sep=2.4870
# CONVTAG t=1672.00 rough=0.000000 cond=19.303808 evap=22.052784 backs=2.876450
# CANT t=1672.00 a_tag=1.0000 a_max=1.0000 xl_tag=0.4656 nlock=6 tune=104.138123
# REG t=1672.00 tp n=6 rho=[0.178 0.265 0.279 0.947] gr=0.00017 fl=1.000 | ba n=25659 rho=[0.097 0.499 0.845 0.960] gr=0.00007 fl=0.930
t= 1676.00 -9.36e-16 | 1.6643 16.37  22153   13 217854 218132 | 1.4285 14.78 | 5.85e-03 1.55e-02 |   3.5586 0.5096  1.9208  1.3361 1.000 15.50 | edge_dev mean=0.2055 max=0.4319 gg=0.2137 shape_dev=0.3462 xbar=0.2369 | T0 psi=(+0.026,+1.380,+2.746) ggm=0.000 circ=-1.3148 xUDD=(0.097,0.104,0.601) | T1 psi=(-2.866,+1.279,+99.000) ggm=0.000 circ=+4.4090 xUDD=(0.035,0.030,0.555) | sep=2.4861
# CONVTAG t=1676.00 rough=0.000000 cond=19.303808 evap=22.052784 backs=2.876450
# CANT t=1676.00 a_tag=1.0000 a_max=1.0000 xl_tag=0.4656 nlock=6 tune=104.382469
# REG t=1676.00 tp n=6 rho=[0.161 0.178 0.263 0.347] gr=0.00045 fl=1.000 | ba n=25681 rho=[0.094 0.499 0.844 0.962] gr=0.00007 fl=0.929
t= 1680.00 -9.36e-16 | 1.6646 16.35  22122    8 218321 218594 | 1.4283 14.79 | 5.36e-03 1.87e-02 |   3.8135 0.5461  1.9950  1.4824 1.000 15.33 | edge_dev mean=0.1961 max=0.4295 gg=0.2407 shape_dev=0.3441 xbar=0.2767 | T0 psi=(-0.027,-1.772,-0.382) ggm=0.000 circ=-1.3235 xUDD=(0.157,0.171,0.598) | T1 psi=(-0.731,-1.563,+99.000) ggm=0.000 circ=+4.3631 xUDD=(0.051,0.067,0.616) | sep=2.4982
# CONVTAG t=1680.00 rough=0.000000 cond=19.484596 evap=22.052784 backs=2.876450
# CANT t=1680.00 a_tag=1.0000 a_max=1.0000 xl_tag=0.4656 nlock=6 tune=104.584497
# REG t=1680.00 tp n=6 rho=[0.069 0.178 0.265 0.719] gr=0.00059 fl=1.000 | ba n=25691 rho=[0.095 0.494 0.845 0.961] gr=0.00007 fl=0.929
t= 1684.00 -9.36e-16 | 1.6642 16.34  22111    9 218797 219073 | 1.4281 14.78 | 5.80e-03 1.63e-02 |   3.4434 0.4931  2.1319  1.2561 1.000 15.67 | edge_dev mean=0.2062 max=0.4544 gg=0.2087 shape_dev=0.3283 xbar=0.2291 | T0 psi=(-0.052,+1.408,+1.954) ggm=0.000 circ=-1.3231 xUDD=(0.055,0.053,0.556) | T1 psi=(+0.310,+2.612,+0.429) ggm=0.000 circ=+4.4906 xUDD=(0.037,0.062,0.612) | sep=2.5192
# CONVTAG t=1684.00 rough=0.000000 cond=19.484596 evap=22.360239 backs=2.916553
# CANT t=1684.00 a_tag=1.0000 a_max=1.0000 xl_tag=0.4656 nlock=6 tune=104.912009
# REG t=1684.00 tp n=7 rho=[0.024 0.258 0.471 0.775] gr=0.00051 fl=0.857 | ba n=25686 rho=[0.097 0.493 0.842 0.961] gr=0.00007 fl=0.930
t= 1688.00 -9.36e-16 | 1.6644 16.36  22134   12 219264 219534 | 1.4284 14.78 | 6.83e-03 1.59e-02 |   3.5006 0.5013  2.0859  1.2583 1.000 15.83 | edge_dev mean=0.2039 max=0.4444 gg=0.3028 shape_dev=0.3340 xbar=0.2331 | T0 psi=(-0.020,-2.729,-0.057) ggm=0.000 circ=-1.3221 xUDD=(0.061,0.055,0.588) | T1 psi=(+0.592,+0.122,+2.023) ggm=0.000 circ=+4.6016 xUDD=(0.032,0.054,0.608) | sep=2.5092
# CONVTAG t=1688.00 rough=0.000000 cond=19.484596 evap=22.360239 backs=2.916553
# CANT t=1688.00 a_tag=1.0000 a_max=1.0000 xl_tag=0.4656 nlock=6 tune=105.105838
# REG t=1688.00 tp n=7 rho=[0.018 0.292 0.470 0.840] gr=0.00040 fl=0.857 | ba n=25689 rho=[0.095 0.493 0.843 0.961] gr=0.00007 fl=0.930
t= 1692.00 -9.36e-16 | 1.6643 16.34  22113    9 219752 220012 | 1.4281 14.78 | 4.62e-03 1.80e-02 |   3.6236 0.5189  1.9682  1.3229 1.000 15.67 | edge_dev mean=0.1951 max=0.4219 gg=0.2246 shape_dev=0.3344 xbar=0.2407 | T0 psi=(-0.014,+0.584,-2.789) ggm=0.000 circ=-1.3328 xUDD=(0.098,0.081,0.595) | T1 psi=(+0.553,-1.912,-2.847) ggm=0.000 circ=+4.6656 xUDD=(0.023,0.043,0.605) | sep=2.5011
# CONVTAG t=1692.00 rough=0.000000 cond=19.484596 evap=22.360239 backs=2.916553
# CANT t=1692.00 a_tag=1.0000 a_max=1.0000 xl_tag=0.4656 nlock=6 tune=105.271199
# REG t=1692.00 tp n=7 rho=[0.060 0.340 0.350 0.725] gr=0.00039 fl=0.857 | ba n=25700 rho=[0.092 0.489 0.840 0.960] gr=0.00007 fl=0.929
t= 1696.00 -9.36e-16 | 1.6640 16.35  22124   21 220266 220506 | 1.4284 14.79 | 8.81e-03 2.51e-02 |   3.5818 0.5129  1.9610  1.3157 1.000 15.67 | edge_dev mean=0.1980 max=0.4361 gg=0.2634 shape_dev=0.3509 xbar=0.2382 | T0 psi=(-0.021,+2.512,+1.644) ggm=0.000 circ=-1.3515 xUDD=(0.099,0.075,0.601) | T1 psi=(+0.370,+1.452,+0.385) ggm=0.001 circ=+4.7412 xUDD=(0.022,0.037,0.595) | sep=2.4876
# CONVTAG t=1696.00 rough=0.000000 cond=19.484596 evap=22.360239 backs=2.916553
# CANT t=1696.00 a_tag=1.0000 a_max=1.0000 xl_tag=0.4656 nlock=6 tune=105.432905
# REG t=1696.00 tp n=7 rho=[0.133 0.249 0.321 0.351] gr=0.00034 fl=0.857 | ba n=25707 rho=[0.091 0.484 0.841 0.961] gr=0.00007 fl=0.929
t= 1700.00 -9.36e-16 | 1.6641 16.34  22110   12 220743 221001 | 1.4281 14.78 | 1.00e-02 2.48e-02 |   3.3762 0.4835  2.0199  1.2762 1.000 15.50 | edge_dev mean=0.1929 max=0.4396 gg=0.2681 shape_dev=0.3780 xbar=0.2248 | T0 psi=(-0.075,-1.000,-1.357) ggm=0.001 circ=-1.3652 xUDD=(0.076,0.054,0.587) | T1 psi=(+2.169,-1.364,-0.256) ggm=0.000 circ=+4.7801 xUDD=(0.018,0.029,0.586) | sep=2.4755
# CONVTAG t=1700.00 rough=0.000000 cond=19.484596 evap=22.360239 backs=2.916553
# CANT t=1700.00 a_tag=1.0000 a_max=1.0000 xl_tag=0.4656 nlock=6 tune=105.564827
# REG t=1700.00 tp n=7 rho=[0.100 0.184 0.258 0.373] gr=0.00031 fl=0.857 | ba n=25699 rho=[0.093 0.482 0.840 0.961] gr=0.00007 fl=0.929
t= 1704.00 -9.36e-16 | 1.6645 16.36  22138   13 221248 221511 | 1.4286 14.79 | 6.48e-03 2.11e-02 |   3.4737 0.4974  2.0218  1.2781 1.000 15.33 | edge_dev mean=0.1920 max=0.4402 gg=0.2096 shape_dev=0.3837 xbar=0.2315 | T0 psi=(-0.032,+2.412,+1.564) ggm=0.000 circ=-1.3702 xUDD=(0.081,0.053,0.590) | T1 psi=(-2.997,-3.135,-0.329) ggm=0.000 circ=+4.7677 xUDD=(0.041,0.042,0.583) | sep=2.4769
# CONVTAG t=1704.00 rough=0.000000 cond=19.484596 evap=22.360239 backs=2.916553
# CANT t=1704.00 a_tag=1.0000 a_max=1.0000 xl_tag=0.4656 nlock=6 tune=105.682962
# REG t=1704.00 tp n=7 rho=[0.048 0.185 0.257 0.388] gr=0.00026 fl=0.857 | ba n=25694 rho=[0.093 0.489 0.840 0.961] gr=0.00007 fl=0.929
t= 1708.00 -9.36e-16 | 1.6647 16.37  22150    9 221753 222006 | 1.4287 14.80 | 5.02e-03 1.60e-02 |   3.4736 0.4974  2.0114  1.2767 1.000 15.67 | edge_dev mean=0.1941 max=0.4563 gg=0.2232 shape_dev=0.3830 xbar=0.2311 | T0 psi=(-0.039,-0.848,-1.377) ggm=0.002 circ=-1.3644 xUDD=(0.074,0.063,0.593) | T1 psi=(-2.818,+0.025,+2.663) ggm=0.000 circ=+4.7549 xUDD=(0.035,0.038,0.583) | sep=2.4809
# CONVTAG t=1708.00 rough=0.000000 cond=19.484596 evap=22.360239 backs=2.916553
# CANT t=1708.00 a_tag=1.0000 a_max=1.0000 xl_tag=0.4656 nlock=6 tune=105.794649
# REG t=1708.00 tp n=7 rho=[0.028 0.217 0.257 0.380] gr=0.00021 fl=0.857 | ba n=25709 rho=[0.092 0.493 0.844 0.961] gr=0.00007 fl=0.929
t= 1712.00 -8.03e-16 | 1.6647 16.36  22132    6 222222 222478 | 1.4285 14.79 | 6.60e-03 1.82e-02 |   3.6085 0.5167  1.9413  1.3183 1.000 15.67 | edge_dev mean=0.1959 max=0.4536 gg=0.1879 shape_dev=0.3558 xbar=0.2402 | T0 psi=(+0.057,+2.485,+1.539) ggm=0.000 circ=-1.3498 xUDD=(0.102,0.076,0.603) | T1 psi=(-2.794,+2.976,-0.189) ggm=0.000 circ=+4.7410 xUDD=(0.043,0.035,0.583) | sep=2.5001
# CONVTAG t=1712.00 rough=0.000000 cond=19.484596 evap=22.360239 backs=2.916553
# CANT t=1712.00 a_tag=1.0000 a_max=1.0000 xl_tag=0.4656 nlock=6 tune=105.912032
# REG t=1712.00 tp n=7 rho=[0.018 0.257 0.292 0.355] gr=0.00019 fl=0.857 | ba n=25709 rho=[0.095 0.488 0.843 0.962] gr=0.00007 fl=0.929
t= 1716.00 -9.36e-16 | 1.6647 16.36  22134   18 222759 223035 | 1.4284 14.79 | 1.08e-02 2.45e-02 |   3.5369 0.5065  1.9776  1.2982 1.000 15.50 | edge_dev mean=0.1796 max=0.4383 gg=0.1599 shape_dev=0.3568 xbar=0.2356 | T0 psi=(+0.157,-0.941,-1.660) ggm=0.002 circ=-1.3422 xUDD=(0.078,0.078,0.595) | T1 psi=(-3.081,-0.280,-2.944) ggm=0.000 circ=+4.7287 xUDD=(0.039,0.042,0.582) | sep=2.4955
# CONVTAG t=1716.00 rough=0.000000 cond=19.484596 evap=22.360239 backs=2.916553
# CANT t=1716.00 a_tag=1.0000 a_max=1.0000 xl_tag=0.4656 nlock=6 tune=106.027214
# REG t=1716.00 tp n=7 rho=[0.011 0.257 0.309 0.325] gr=0.00019 fl=0.857 | ba n=25677 rho=[0.095 0.492 0.843 0.962] gr=0.00007 fl=0.930
t= 1720.00 -8.03e-16 | 1.6646 16.35  22125   14 223269 223557 | 1.4283 14.79 | 5.25e-03 1.62e-02 |   3.5247 0.5047  1.9972  1.2855 1.000 15.67 | edge_dev mean=0.1708 max=0.4156 gg=0.1895 shape_dev=0.3697 xbar=0.2345 | T0 psi=(+0.018,+1.945,+2.004) ggm=0.000 circ=-1.3254 xUDD=(0.067,0.075,0.592) | T1 psi=(-2.940,+2.787,+0.071) ggm=0.000 circ=+4.7165 xUDD=(0.047,0.043,0.582) | sep=2.4882
# CONVTAG t=1720.00 rough=0.000000 cond=19.484596 evap=22.360239 backs=2.916553
# CANT t=1720.00 a_tag=1.0000 a_max=1.0000 xl_tag=0.4656 nlock=6 tune=106.147909
# REG t=1720.00 tp n=7 rho=[0.008 0.257 0.286 0.395] gr=0.00018 fl=0.857 | ba n=25669 rho=[0.098 0.492 0.846 0.961] gr=0.00007 fl=0.930
t= 1724.00 -9.36e-16 | 1.6646 16.35  22121    8 223769 224062 | 1.4282 14.78 | 7.70e-03 1.87e-02 |   3.4917 0.5000  1.9939  1.2819 1.000 15.67 | edge_dev mean=0.1652 max=0.4066 gg=0.1866 shape_dev=0.3866 xbar=0.2324 | T0 psi=(+0.007,-1.226,-1.056) ggm=0.001 circ=-1.3248 xUDD=(0.073,0.068,0.591) | T1 psi=(-3.054,-0.579,-2.644) ggm=0.000 circ=+4.7051 xUDD=(0.039,0.043,0.582) | sep=2.4786
# CONVTAG t=1724.00 rough=0.000000 cond=19.484596 evap=22.360239 backs=2.916553
# CANT t=1724.00 a_tag=1.0000 a_max=1.0000 xl_tag=0.4656 nlock=6 tune=106.255990
# REG t=1724.00 tp n=7 rho=[0.005 0.257 0.282 0.520] gr=0.00016 fl=0.857 | ba n=25668 rho=[0.096 0.489 0.847 0.961] gr=0.00007 fl=0.930
t= 1728.00 -9.36e-16 | 1.6647 16.38  22157   15 224279 224558 | 1.4286 14.78 | 6.30e-03 1.82e-02 |   3.4736 0.4974  2.0220  1.2865 1.000 15.67 | edge_dev mean=0.1670 max=0.4141 gg=0.1848 shape_dev=0.3796 xbar=0.2332 | T0 psi=(-0.013,+1.807,+2.267) ggm=0.000 circ=-1.3268 xUDD=(0.076,0.065,0.590) | T1 psi=(-3.067,+2.532,+0.652) ggm=0.000 circ=+4.6935 xUDD=(0.038,0.047,0.583) | sep=2.4849
# CONVTAG t=1728.00 rough=0.000000 cond=19.484596 evap=22.360239 backs=2.916553
# CANT t=1728.00 a_tag=1.0000 a_max=1.0000 xl_tag=0.4656 nlock=6 tune=106.353367
# REG t=1728.00 tp n=7 rho=[0.004 0.257 0.279 0.689] gr=0.00013 fl=0.857 | ba n=25674 rho=[0.094 0.480 0.844 0.962] gr=0.00007 fl=0.930
t= 1732.00 -9.36e-16 | 1.6646 16.37  22142   17 224783 225051 | 1.4284 14.77 | 7.45e-03 1.85e-02 |   3.4501 0.4940  2.0261  1.2754 1.000 15.67 | edge_dev mean=0.1693 max=0.4118 gg=0.1890 shape_dev=0.3434 xbar=0.2295 | T0 psi=(-0.038,-1.571,-0.609) ggm=0.000 circ=-1.3200 xUDD=(0.062,0.066,0.591) | T1 psi=(-3.010,-0.732,-2.663) ggm=0.000 circ=+4.6820 xUDD=(0.032,0.040,0.586) | sep=2.4978
# CONVTAG t=1732.00 rough=0.000000 cond=19.484596 evap=22.360239 backs=2.916553
# CANT t=1732.00 a_tag=1.0000 a_max=1.0000 xl_tag=0.4656 nlock=6 tune=106.472455
# REG t=1732.00 tp n=7 rho=[0.002 0.257 0.281 0.801] gr=0.00010 fl=0.857 | ba n=25682 rho=[0.090 0.479 0.839 0.961] gr=0.00007 fl=0.930
t= 1736.00 -9.36e-16 | 1.6646 16.38  22164   16 225314 225587 | 1.4286 14.77 | 5.29e-03 1.36e-02 |   3.5404 0.5070  2.0442  1.2745 1.000 15.67 | edge_dev mean=0.1677 max=0.4167 gg=0.1968 shape_dev=0.3544 xbar=0.2360 | T0 psi=(+0.021,+1.203,+2.904) ggm=0.000 circ=-1.3078 xUDD=(0.069,0.063,0.592) | T1 psi=(-2.838,+2.315,+0.713) ggm=0.000 circ=+4.6703 xUDD=(0.056,0.047,0.590) | sep=2.4870
# CONVTAG t=1736.00 rough=0.000000 cond=19.484596 evap=22.360239 backs=2.916553
# CANT t=1736.00 a_tag=1.0000 a_max=1.0000 xl_tag=0.4656 nlock=6 tune=106.576256
# REG t=1736.00 tp n=7 rho=[0.002 0.257 0.291 0.928] gr=0.00011 fl=0.857 | ba n=25679 rho=[0.088 0.475 0.843 0.961] gr=0.00007 fl=0.930
t= 1740.00 -8.03e-16 | 1.6646 16.36  22137   16 225819 226086 | 1.4284 14.78 | 7.00e-03 1.74e-02 |   3.4705 0.4970  2.0682  1.2677 1.000 15.83 | edge_dev mean=0.1675 max=0.4175 gg=0.2010 shape_dev=0.3414 xbar=0.2312 | T0 psi=(-0.029,-2.108,-0.016) ggm=0.000 circ=-1.3085 xUDD=(0.065,0.057,0.587) | T1 psi=(-3.112,-1.250,-1.687) ggm=0.000 circ=+4.6595 xUDD=(0.050,0.037,0.591) | sep=2.4903
# CONVTAG t=1740.00 rough=0.000000 cond=19.484596 evap=22.360239 backs=2.916553
# CANT t=1740.00 a_tag=1.0000 a_max=1.0000 xl_tag=0.4656 nlock=6 tune=106.687618
# REG t=1740.00 tp n=7 rho=[0.001 0.257 0.312 0.852] gr=0.00015 fl=0.857 | ba n=25685 rho=[0.086 0.479 0.840 0.959] gr=0.00007 fl=0.929
t= 1744.00 -9.36e-16 | 1.6650 16.37  22146   14 226360 226605 | 1.4286 14.78 | 6.99e-03 1.63e-02 |   3.4040 0.4874  2.0965  1.2350 1.000 15.83 | edge_dev mean=0.1671 max=0.4334 gg=0.2081 shape_dev=0.3550 xbar=0.2266 | T0 psi=(-0.033,+0.943,+3.099) ggm=0.000 circ=-1.3198 xUDD=(0.055,0.049,0.586) | T1 psi=(-3.083,+1.799,+1.616) ggm=0.000 circ=+4.6510 xUDD=(0.043,0.039,0.588) | sep=2.4802
# CONVTAG t=1744.00 rough=0.000000 cond=19.484596 evap=22.360239 backs=2.916553
# CANT t=1744.00 a_tag=1.0000 a_max=1.0000 xl_tag=0.4656 nlock=6 tune=106.776316
# REG t=1744.00 tp n=7 rho=[0.001 0.257 0.334 0.782] gr=0.00027 fl=0.857 | ba n=25710 rho=[0.086 0.474 0.838 0.960] gr=0.00007 fl=0.927
t= 1748.00 -9.36e-16 | 1.6651 16.36  22135   13 226864 227093 | 1.4284 14.78 | 4.42e-03 1.22e-02 |   3.4530 0.4945  2.1002  1.2310 1.000 16.17 | edge_dev mean=0.1510 max=0.4134 gg=0.2322 shape_dev=0.3593 xbar=0.2299 | T0 psi=(-0.039,-2.380,+0.144) ggm=0.000 circ=-1.3278 xUDD=(0.056,0.051,0.586) | T1 psi=(-2.872,-1.252,-1.875) ggm=0.000 circ=+4.6425 xUDD=(0.046,0.049,0.593) | sep=2.4743
# CONVTAG t=1748.00 rough=0.000000 cond=19.484596 evap=22.360239 backs=2.916553
# CANT t=1748.00 a_tag=1.0000 a_max=1.0000 xl_tag=0.4656 nlock=6 tune=106.893244
# REG t=1748.00 tp n=7 rho=[0.001 0.256 0.363 0.693] gr=0.00032 fl=0.857 | ba n=25725 rho=[0.084 0.469 0.840 0.959] gr=0.00007 fl=0.927
t= 1752.00 -8.03e-16 | 1.6650 16.36  22134   14 227365 227603 | 1.4284 14.78 | 5.93e-03 1.75e-02 |   3.5347 0.5062  2.0592  1.2524 1.000 16.17 | edge_dev mean=0.1502 max=0.4174 gg=0.2290 shape_dev=0.3710 xbar=0.2354 | T0 psi=(-0.010,+0.895,-2.967) ggm=0.000 circ=-1.3209 xUDD=(0.066,0.065,0.589) | T1 psi=(-2.884,+1.743,+1.676) ggm=0.000 circ=+4.6235 xUDD=(0.049,0.049,0.595) | sep=2.4658
# CONVTAG t=1752.00 rough=0.000000 cond=19.484596 evap=22.360239 backs=2.916553
# CANT t=1752.00 a_tag=1.0000 a_max=1.0000 xl_tag=0.4656 nlock=6 tune=106.995779
# REG t=1752.00 tp n=7 rho=[0.001 0.183 0.218 0.377] gr=0.00034 fl=1.000 | ba n=25715 rho=[0.083 0.471 0.839 0.959] gr=0.00007 fl=0.927
t= 1756.00 -8.03e-16 | 1.6645 16.37  22147   14 227904 228126 | 1.4286 14.78 | 6.90e-03 1.91e-02 |   3.6708 0.5257  1.9697  1.2961 1.000 16.17 | edge_dev mean=0.1419 max=0.4137 gg=0.2038 shape_dev=0.3646 xbar=0.2443 | T0 psi=(-0.046,-2.028,+0.189) ggm=0.000 circ=-1.3110 xUDD=(0.104,0.076,0.600) | T1 psi=(-3.077,-1.443,-1.091) ggm=0.000 circ=+4.6101 xUDD=(0.047,0.044,0.593) | sep=2.4690
# CONVTAG t=1756.00 rough=0.000000 cond=19.484596 evap=22.360239 backs=2.916553
# CANT t=1756.00 a_tag=1.0000 a_max=1.0000 xl_tag=0.4656 nlock=6 tune=107.104897
# REG t=1756.00 tp n=7 rho=[0.008 0.171 0.359 0.389] gr=0.00045 fl=1.000 | ba n=25735 rho=[0.085 0.467 0.839 0.960] gr=0.00007 fl=0.926
t= 1760.00 -8.03e-16 | 1.6646 16.38  22158   11 228416 228637 | 1.4287 14.78 | 7.99e-03 2.12e-02 |   3.8495 0.5512  1.9028  1.3281 1.000 16.00 | edge_dev mean=0.1421 max=0.4018 gg=0.1577 shape_dev=0.3654 xbar=0.2579 | T0 psi=(+0.186,+1.664,+2.586) ggm=0.000 circ=-1.2934 xUDD=(0.129,0.093,0.612) | T1 psi=(-3.022,+1.565,+2.122) ggm=0.000 circ=+4.5992 xUDD=(0.058,0.057,0.598) | sep=2.4753
# CONVTAG t=1760.00 rough=0.000000 cond=19.484596 evap=22.360239 backs=2.916553
# CANT t=1760.00 a_tag=1.0000 a_max=1.0000 xl_tag=0.4656 nlock=6 tune=107.238443
# REG t=1760.00 tp n=7 rho=[0.017 0.138 0.292 0.764] gr=0.00064 fl=1.000 | ba n=25738 rho=[0.085 0.476 0.845 0.960] gr=0.00007 fl=0.926
t= 1764.00 -8.03e-16 | 1.6645 16.38  22163   11 228994 229224 | 1.4287 14.77 | 7.93e-03 1.82e-02 |   3.5184 0.5038  1.7858  1.3276 1.000 16.33 | edge_dev mean=0.1436 max=0.3919 gg=0.1951 shape_dev=0.3914 xbar=0.2351 | T0 psi=(+0.086,-1.733,-0.067) ggm=0.000 circ=-1.2903 xUDD=(0.127,0.102,0.610) | T1 psi=(+2.705,+1.280,+2.628) ggm=0.000 circ=+4.5893 xUDD=(0.050,0.029,0.493) | sep=2.4595
# CONVTAG t=1764.00 rough=0.000000 cond=19.484596 evap=22.668653 backs=2.956781
# CANT t=1764.00 a_tag=1.0000 a_max=1.0000 xl_tag=0.4656 nlock=6 tune=107.407088
# REG t=1764.00 tp n=7 rho=[0.103 0.126 0.202 0.453] gr=0.00066 fl=1.000 | ba n=25729 rho=[0.088 0.480 0.842 0.960] gr=0.00007 fl=0.927
t= 1768.00 -8.03e-16 | 1.6646 16.38  22158   10 229559 229814 | 1.4287 14.78 | 5.93e-03 1.84e-02 |   3.7438 0.5361  1.7358  1.3551 1.000 15.67 | edge_dev mean=0.1365 max=0.3760 gg=0.1658 shape_dev=0.4074 xbar=0.2503 | T0 psi=(-0.029,+2.450,+2.667) ggm=0.000 circ=-1.2276 xUDD=(0.141,0.141,0.627) | T1 psi=(+3.005,+2.443,+0.778) ggm=0.000 circ=+4.5888 xUDD=(0.034,0.024,0.536) | sep=2.4441
# CONVTAG t=1768.00 rough=0.000000 cond=19.749928 evap=22.668653 backs=2.956781
# CANT t=1768.00 a_tag=1.0000 a_max=1.0000 xl_tag=0.4656 nlock=6 tune=107.906364
# REG t=1768.00 tp n=7 rho=[0.027 0.126 0.180 0.432] gr=0.00047 fl=1.000 | ba n=25708 rho=[0.090 0.483 0.845 0.961] gr=0.00007 fl=0.928
t= 1772.00 -8.03e-16 | 1.6649 16.37  22147   12 230130 230381 | 1.4284 14.77 | 1.27e-02 2.86e-02 |   3.6032 0.5160  1.8167  1.3325 1.000 15.67 | edge_dev mean=0.1441 max=0.3789 gg=0.1816 shape_dev=0.4285 xbar=0.2395 | T0 psi=(+0.035,-0.925,-0.476) ggm=0.004 circ=-1.2197 xUDD=(0.117,0.113,0.593) | T1 psi=(-2.901,+0.162,+2.479) ggm=0.000 circ=+4.5837 xUDD=(0.031,0.029,0.554) | sep=2.4389
# CONVTAG t=1772.00 rough=0.000000 cond=19.749928 evap=22.971666 backs=2.996304
# CANT t=1772.00 a_tag=1.0000 a_max=1.0000 xl_tag=0.4656 nlock=6 tune=108.280328
# REG t=1772.00 tp n=7 rho=[0.036 0.162 0.434 0.468] gr=0.00075 fl=1.000 | ba n=25711 rho=[0.091 0.483 0.847 0.961] gr=0.00007 fl=0.928
t= 1776.00 -8.03e-16 | 1.6651 16.37  22150    9 230720 230954 | 1.4285 14.77 | 6.31e-03 1.99e-02 |   3.6518 0.5229  1.8166  1.3299 1.000 15.83 | edge_dev mean=0.1464 max=0.3677 gg=0.3183 shape_dev=0.4374 xbar=0.2429 | T0 psi=(+0.040,-0.209,-1.130) ggm=0.048 circ=-1.2437 xUDD=(0.115,0.117,0.601) | T1 psi=(+3.077,-2.404,-0.737) ggm=0.000 circ=+4.5699 xUDD=(0.024,0.036,0.565) | sep=2.4390
# CONVTAG t=1776.00 rough=0.000000 cond=19.749928 evap=22.971666 backs=2.996304
# CANT t=1776.00 a_tag=1.0000 a_max=1.0000 xl_tag=0.4656 nlock=6 tune=108.482578
# REG t=1776.00 tp n=7 rho=[0.099 0.377 0.389 0.739] gr=0.00122 fl=1.000 | ba n=25729 rho=[0.089 0.480 0.844 0.960] gr=0.00007 fl=0.928
t= 1780.00 -8.03e-16 | 1.6651 16.35  22127    5 231304 231567 | 1.4282 14.77 | 5.65e-03 1.57e-02 |   3.7510 0.5371  1.8073  1.3254 1.000 15.50 | edge_dev mean=0.1404 max=0.3758 gg=0.1680 shape_dev=0.4563 xbar=0.2497 | T0 psi=(+0.057,+2.285,+2.478) ggm=0.000 circ=-1.2570 xUDD=(0.132,0.117,0.605) | T1 psi=(-2.842,+0.488,+2.138) ggm=0.000 circ=+4.5495 xUDD=(0.032,0.042,0.570) | sep=2.4170
# CONVTAG t=1780.00 rough=0.000000 cond=19.749928 evap=22.971666 backs=2.996304
# CANT t=1780.00 a_tag=1.0000 a_max=1.0000 xl_tag=0.4656 nlock=6 tune=108.683376
# REG t=1780.00 tp n=7 rho=[0.081 0.365 0.466 0.821] gr=0.00149 fl=1.000 | ba n=25703 rho=[0.089 0.477 0.842 0.961] gr=0.00007 fl=0.929
t= 1784.00 -8.03e-16 | 1.6647 16.34  22106   10 231834 232093 | 1.4279 14.76 | 7.78e-03 1.80e-02 |   3.8326 0.5488  1.8469  1.3042 1.000 15.33 | edge_dev mean=0.1408 max=0.3883 gg=0.1270 shape_dev=0.4617 xbar=0.2551 | T0 psi=(+0.322,-1.135,-0.921) ggm=0.008 circ=-1.2415 xUDD=(0.122,0.113,0.610) | T1 psi=(-2.977,-1.733,-1.195) ggm=0.000 circ=+4.5324 xUDD=(0.048,0.056,0.581) | sep=2.4099
# CONVTAG t=1784.00 rough=0.000000 cond=19.749928 evap=22.971666 backs=2.996304
# CANT t=1784.00 a_tag=1.0000 a_max=1.0000 xl_tag=0.4656 nlock=6 tune=108.870310
# REG t=1784.00 tp n=7 rho=[0.049 0.166 0.448 0.679] gr=0.00136 fl=1.000 | ba n=25703 rho=[0.089 0.475 0.840 0.960] gr=0.00007 fl=0.928
t= 1788.00 -8.03e-16 | 1.6646 16.32  22080   12 232311 232575 | 1.4277 14.77 | 8.67e-03 2.01e-02 |   3.8457 0.5507  1.8901  1.2860 1.000 15.67 | edge_dev mean=0.1461 max=0.3892 gg=0.1973 shape_dev=0.4627 xbar=0.2557 | T0 psi=(-0.001,+1.034,-2.448) ggm=0.000 circ=-1.2494 xUDD=(0.105,0.111,0.611) | T1 psi=(-3.058,+1.116,+2.568) ggm=0.000 circ=+4.5148 xUDD=(0.059,0.053,0.594) | sep=2.4045
# CONVTAG t=1788.00 rough=0.000000 cond=19.749928 evap=22.971666 backs=2.996304
# CANT t=1788.00 a_tag=1.0000 a_max=1.0000 xl_tag=0.4656 nlock=6 tune=109.023555
# REG t=1788.00 tp n=7 rho=[0.031 0.295 0.407 0.594] gr=0.00124 fl=1.000 | ba n=25694 rho=[0.088 0.479 0.842 0.960] gr=0.00007 fl=0.928
t= 1792.00 -8.03e-16 | 1.6646 16.33  22098   12 232836 233098 | 1.4279 14.78 | 7.87e-03 2.45e-02 |   3.6795 0.5269  1.9689  1.2609 1.000 15.67 | edge_dev mean=0.1539 max=0.3853 gg=0.1926 shape_dev=0.4563 xbar=0.2449 | T0 psi=(-0.040,-1.969,+0.512) ggm=0.000 circ=-1.2787 xUDD=(0.080,0.090,0.605) | T1 psi=(+2.981,-2.151,-0.186) ggm=0.000 circ=+4.5101 xUDD=(0.053,0.045,0.597) | sep=2.4085
# CONVTAG t=1792.00 rough=0.000000 cond=19.749928 evap=22.971666 backs=2.996304
# CANT t=1792.00 a_tag=1.0000 a_max=1.0000 xl_tag=0.4656 nlock=6 tune=109.150222
# REG t=1792.00 tp n=7 rho=[0.042 0.382 0.450 0.565] gr=0.00190 fl=1.000 | ba n=25694 rho=[0.087 0.481 0.844 0.960] gr=0.00007 fl=0.928
t= 1796.00 -8.03e-16 | 1.6647 16.35  22120   16 233329 233595 | 1.4282 14.78 | 9.25e-03 1.52e-02 |   3.7169 0.5323  1.9068  1.2783 1.000 15.50 | edge_dev mean=0.1520 max=0.3954 gg=0.1735 shape_dev=0.4837 xbar=0.2476 | T0 psi=(+0.096,+1.539,+3.109) ggm=0.000 circ=-1.2725 xUDD=(0.112,0.091,0.601) | T1 psi=(+3.117,+1.267,+2.221) ggm=0.000 circ=+4.5058 xUDD=(0.048,0.043,0.591) | sep=2.3830
# CONVTAG t=1796.00 rough=0.000000 cond=19.749928 evap=22.971666 backs=2.996304
# CANT t=1796.00 a_tag=1.0000 a_max=1.0000 xl_tag=0.4656 nlock=6 tune=109.283703
# REG t=1796.00 tp n=7 rho=[0.073 0.354 0.495 0.544] gr=0.00239 fl=1.000 | ba n=25686 rho=[0.088 0.471 0.844 0.960] gr=0.00007 fl=0.929
t= 1800.00 -8.03e-16 | 1.6644 16.37  22143   10 233839 234111 | 1.4284 14.78 | 6.63e-03 1.79e-02 |   3.8071 0.5452  1.8988  1.2783 1.000 15.67 | edge_dev mean=0.1467 max=0.4022 gg=0.2075 shape_dev=0.4851 xbar=0.2534 | T0 psi=(-0.043,-2.207,+0.869) ggm=0.000 circ=-1.2443 xUDD=(0.111,0.101,0.604) | T1 psi=(-3.095,-1.797,-0.818) ggm=0.000 circ=+4.5007 xUDD=(0.058,0.053,0.594) | sep=2.3849
# CONVTAG t=1800.00 rough=0.000000 cond=19.749928 evap=22.971666 backs=2.996304
# CANT t=1800.00 a_tag=1.0000 a_max=1.0000 xl_tag=0.4656 nlock=6 tune=109.415369
# REG t=1800.00 tp n=7 rho=[0.072 0.336 0.365 0.949] gr=0.00174 fl=1.000 | ba n=25686 rho=[0.091 0.483 0.844 0.962] gr=0.00007 fl=0.929
t= 1804.00 -8.03e-16 | 1.6650 16.36  22135   16 234369 234609 | 1.4282 14.77 | 5.59e-03 1.44e-02 |   3.7470 0.5366  1.9860  1.2382 1.000 15.67 | edge_dev mean=0.1479 max=0.3989 gg=0.2163 shape_dev=0.4718 xbar=0.2495 | T0 psi=(-0.079,+0.825,-2.466) ggm=0.000 circ=-1.2479 xUDD=(0.078,0.078,0.602) | T1 psi=(-3.038,+1.254,+2.588) ggm=0.000 circ=+4.4925 xUDD=(0.069,0.066,0.603) | sep=2.3942
# CONVTAG t=1804.00 rough=0.000000 cond=19.749928 evap=22.971666 backs=2.996304
# CANT t=1804.00 a_tag=1.0000 a_max=1.0000 xl_tag=0.4656 nlock=6 tune=109.586695
# REG t=1804.00 tp n=7 rho=[0.058 0.328 0.332 0.671] gr=0.00124 fl=1.000 | ba n=25714 rho=[0.091 0.483 0.848 0.961] gr=0.00007 fl=0.928
t= 1808.00 -8.03e-16 | 1.6645 16.35  22128   11 234846 235127 | 1.4282 14.78 | 6.41e-03 1.53e-02 |   3.8065 0.5451  1.9662  1.2703 1.000 15.67 | edge_dev mean=0.1362 max=0.3806 gg=0.2042 shape_dev=0.4413 xbar=0.2541 | T0 psi=(+0.025,-2.306,+0.159) ggm=0.000 circ=-1.2376 xUDD=(0.102,0.085,0.606) | T1 psi=(+3.077,-1.862,-0.307) ggm=0.000 circ=+4.4903 xUDD=(0.062,0.062,0.607) | sep=2.4089
# CONVTAG t=1808.00 rough=0.000000 cond=19.749928 evap=22.971666 backs=2.996304
# CANT t=1808.00 a_tag=1.0000 a_max=1.0000 xl_tag=0.4656 nlock=6 tune=109.710453
# REG t=1808.00 tp n=7 rho=[0.058 0.316 0.325 0.488] gr=0.00085 fl=1.000 | ba n=25678 rho=[0.093 0.482 0.846 0.962] gr=0.00007 fl=0.929
t= 1812.00 -8.03e-16 | 1.6646 16.37  22145    6 235352 235628 | 1.4285 14.78 | 1.03e-02 2.83e-02 |   3.7848 0.5420  1.9724  1.2787 1.000 15.83 | edge_dev mean=0.1386 max=0.3689 gg=0.2036 shape_dev=0.4006 xbar=0.2519 | T0 psi=(-0.002,+0.777,-3.029) ggm=0.000 circ=-1.2383 xUDD=(0.093,0.091,0.606) | T1 psi=(+2.840,+1.316,+3.000) ggm=0.000 circ=+4.4901 xUDD=(0.047,0.063,0.611) | sep=2.4314
# CONVTAG t=1812.00 rough=0.000000 cond=19.749928 evap=22.971666 backs=2.996304
# CANT t=1812.00 a_tag=1.0000 a_max=1.0000 xl_tag=0.4656 nlock=6 tune=109.831560
# REG t=1812.00 tp n=7 rho=[0.070 0.304 0.325 0.407] gr=0.00057 fl=1.000 | ba n=25687 rho=[0.091 0.486 0.846 0.963] gr=0.00007 fl=0.929
t= 1816.00 -8.03e-16 | 1.6644 16.35  22127    6 235872 236129 | 1.4283 14.79 | 8.73e-03 2.26e-02 |   3.8567 0.5523  1.9821  1.2831 1.000 15.83 | edge_dev mean=0.1391 max=0.3596 gg=0.2184 shape_dev=0.3972 xbar=0.2563 | T0 psi=(-0.042,-2.303,+0.096) ggm=0.000 circ=-1.2371 xUDD=(0.086,0.099,0.604) | T1 psi=(-3.013,-1.656,-1.022) ggm=0.000 circ=+4.4888 xUDD=(0.076,0.059,0.613) | sep=2.4282
# CONVTAG t=1816.00 rough=0.000000 cond=19.749928 evap=22.971666 backs=2.996304
# CANT t=1816.00 a_tag=1.0000 a_max=1.0000 xl_tag=0.4656 nlock=6 tune=109.974258
# REG t=1816.00 tp n=7 rho=[0.100 0.276 0.287 0.323] gr=0.00041 fl=1.000 | ba n=25706 rho=[0.089 0.482 0.842 0.962] gr=0.00007 fl=0.928
t= 1820.00 -8.03e-16 | 1.6645 16.34  22112   10 236371 236627 | 1.4282 14.79 | 7.52e-03 2.12e-02 |   3.8450 0.5506  2.0026  1.2682 1.000 15.83 | edge_dev mean=0.1351 max=0.3287 gg=0.1998 shape_dev=0.3930 xbar=0.2560 | T0 psi=(-0.043,+1.008,-3.059) ggm=0.000 circ=-1.2062 xUDD=(0.078,0.093,0.610) | T1 psi=(+2.926,+1.608,+2.527) ggm=0.000 circ=+4.4859 xUDD=(0.074,0.069,0.612) | sep=2.4243
# CONVTAG t=1820.00 rough=0.000000 cond=19.749928 evap=22.971666 backs=2.996304
# CANT t=1820.00 a_tag=1.0000 a_max=1.0000 xl_tag=0.4656 nlock=6 tune=110.121683
# REG t=1820.00 tp n=7 rho=[0.096 0.222 0.299 0.314] gr=0.00035 fl=1.000 | ba n=25704 rho=[0.092 0.484 0.842 0.963] gr=0.00007 fl=0.929
t= 1824.00 -8.03e-16 | 1.6646 16.35  22128   11 236876 237146 | 1.4283 14.79 | 6.87e-03 2.08e-02 |   3.9530 0.5661  1.9271  1.2978 1.000 16.00 | edge_dev mean=0.1319 max=0.3095 gg=0.1867 shape_dev=0.3763 xbar=0.2632 | T0 psi=(-0.035,-1.695,-0.102) ggm=0.000 circ=-1.1788 xUDD=(0.125,0.083,0.628) | T1 psi=(+2.855,-1.767,-0.564) ggm=0.000 circ=+4.4835 xUDD=(0.062,0.072,0.609) | sep=2.4290
# CONVTAG t=1824.00 rough=0.000000 cond=20.028134 evap=22.971666 backs=2.996304
# CANT t=1824.00 a_tag=1.0000 a_max=1.0000 xl_tag=0.4656 nlock=6 tune=110.383982
# REG t=1824.00 tp n=7 rho=[0.111 0.195 0.279 0.325] gr=0.00033 fl=1.000 | ba n=25690 rho=[0.092 0.480 0.842 0.962] gr=0.00007 fl=0.929
t= 1828.00 -8.03e-16 | 1.6642 16.35  22121   13 237418 237691 | 1.4282 14.78 | 4.07e-03 1.25e-02 |   3.9468 0.5652  1.9606  1.2957 1.000 16.33 | edge_dev mean=0.1421 max=0.3101 gg=0.2052 shape_dev=0.3719 xbar=0.2625 | T0 psi=(-0.017,+1.406,+2.999) ggm=0.000 circ=-1.1659 xUDD=(0.112,0.088,0.615) | T1 psi=(+2.781,+1.615,+2.483) ggm=0.000 circ=+4.4821 xUDD=(0.066,0.079,0.615) | sep=2.4365
# CONVTAG t=1828.00 rough=0.000000 cond=20.028134 evap=22.971666 backs=2.996304
# CANT t=1828.00 a_tag=1.0000 a_max=1.0000 xl_tag=0.4656 nlock=6 tune=110.550597
# REG t=1828.00 tp n=7 rho=[0.098 0.237 0.278 0.328] gr=0.00039 fl=1.000 | ba n=25683 rho=[0.092 0.486 0.844 0.963] gr=0.00007 fl=0.929
t= 1832.00 -8.03e-16 | 1.6645 16.37  22153   20 237953 238239 | 1.4286 14.78 | 6.20e-03 1.83e-02 |   3.9984 0.5726  1.9892  1.2926 1.000 16.17 | edge_dev mean=0.1368 max=0.3145 gg=0.2245 shape_dev=0.3509 xbar=0.2665 | T0 psi=(-0.014,-2.295,+0.391) ggm=0.000 circ=-1.1502 xUDD=(0.101,0.087,0.613) | T1 psi=(+2.619,-0.534,-0.962) ggm=0.000 circ=+4.4812 xUDD=(0.090,0.086,0.622) | sep=2.4571
# CONVTAG t=1832.00 rough=0.000000 cond=20.028134 evap=22.971666 backs=2.996304
# CANT t=1832.00 a_tag=1.0000 a_max=1.0000 xl_tag=0.4656 nlock=6 tune=110.727608
# REG t=1832.00 tp n=7 rho=[0.070 0.278 0.453 0.981] gr=0.00048 fl=1.000 | ba n=25664 rho=[0.093 0.491 0.846 0.961] gr=0.00007 fl=0.929
t= 1836.00 -8.03e-16 | 1.6646 16.38  22157   10 238534 238812 | 1.4286 14.78 | 6.34e-03 1.50e-02 |   4.0004 0.5729  1.9982  1.2911 1.000 16.00 | edge_dev mean=0.1382 max=0.3101 gg=0.2123 shape_dev=0.3618 xbar=0.2662 | T0 psi=(-0.007,+1.042,-2.854) ggm=0.000 circ=-1.1455 xUDD=(0.093,0.087,0.612) | T1 psi=(+2.931,-2.238,+0.136) ggm=0.000 circ=+4.4790 xUDD=(0.107,0.074,0.624) | sep=2.4506
# CONVTAG t=1836.00 rough=0.000000 cond=20.028134 evap=22.971666 backs=2.996304
# CANT t=1836.00 a_tag=1.0000 a_max=1.0000 xl_tag=0.4656 nlock=6 tune=110.906452
# REG t=1836.00 tp n=7 rho=[0.065 0.278 0.299 0.453] gr=0.00032 fl=1.000 | ba n=25682 rho=[0.097 0.491 0.847 0.962] gr=0.00007 fl=0.929
t= 1840.00 -8.03e-16 | 1.6645 16.37  22148    3 239009 239300 | 1.4285 14.78 | 3.98e-03 1.38e-02 |   4.0024 0.5731  2.0036  1.2603 1.000 15.83 | edge_dev mean=0.1467 max=0.2829 gg=0.1883 shape_dev=0.4346 xbar=0.2665 | T0 psi=(-0.050,-1.319,-0.018) ggm=0.000 circ=-1.1421 xUDD=(0.079,0.091,0.611) | T1 psi=(+2.865,+1.338,+2.786) ggm=0.000 circ=+4.4684 xUDD=(0.096,0.095,0.626) | sep=2.3938
# CONVTAG t=1840.00 rough=0.000000 cond=20.028134 evap=22.971666 backs=2.996304
# CANT t=1840.00 a_tag=1.0000 a_max=1.0000 xl_tag=0.4656 nlock=6 tune=111.108090
# REG t=1840.00 tp n=7 rho=[0.072 0.201 0.278 0.452] gr=0.00075 fl=1.000 | ba n=25676 rho=[0.096 0.490 0.846 0.962] gr=0.00007 fl=0.929
t= 1844.00 -8.03e-16 | 1.6643 16.37  22151    6 239532 239827 | 1.4285 14.78 | 6.42e-03 1.59e-02 |   4.0271 0.5767  1.9876  1.2819 1.000 15.50 | edge_dev mean=0.1363 max=0.2625 gg=0.1655 shape_dev=0.4299 xbar=0.2687 | T0 psi=(-0.133,+2.347,+2.855) ggm=0.000 circ=-1.1440 xUDD=(0.105,0.082,0.609) | T1 psi=(+2.890,-1.248,-1.023) ggm=0.000 circ=+4.4555 xUDD=(0.094,0.091,0.631) | sep=2.3935
# CONVTAG t=1844.00 rough=0.000000 cond=20.028134 evap=22.971666 backs=2.996304
# CANT t=1844.00 a_tag=1.0000 a_max=1.0000 xl_tag=0.4656 nlock=6 tune=111.307148
# REG t=1844.00 tp n=7 rho=[0.023 0.158 0.278 0.452] gr=0.00077 fl=1.000 | ba n=25670 rho=[0.094 0.485 0.843 0.962] gr=0.00007 fl=0.929
t= 1848.00 -9.36e-16 | 1.6646 16.37  22148   19 240053 240327 | 1.4285 14.78 | 7.77e-03 1.73e-02 |   4.0361 0.5780  1.9677  1.2918 1.000 15.83 | edge_dev mean=0.1339 max=0.2448 gg=0.1423 shape_dev=0.4212 xbar=0.2687 | T0 psi=(+0.130,-0.960,-0.568) ggm=0.016 circ=-1.1511 xUDD=(0.110,0.081,0.618) | T1 psi=(+2.669,+1.961,+2.306) ggm=0.000 circ=+4.4514 xUDD=(0.087,0.083,0.633) | sep=2.3990
# CONVTAG t=1848.00 rough=0.000000 cond=20.028134 evap=22.971666 backs=2.996304
# CANT t=1848.00 a_tag=1.0000 a_max=1.0000 xl_tag=0.4656 nlock=6 tune=111.472707
# REG t=1848.00 tp n=7 rho=[0.019 0.183 0.278 0.441] gr=0.00070 fl=1.000 | ba n=25679 rho=[0.095 0.489 0.846 0.962] gr=0.00007 fl=0.929
t= 1852.00 -9.36e-16 | 1.6645 16.37  22143   12 240522 240798 | 1.4284 14.78 | 4.51e-03 1.34e-02 |   3.9216 0.5616  1.9697  1.3020 1.000 15.50 | edge_dev mean=0.1416 max=0.2616 gg=0.1687 shape_dev=0.4058 xbar=0.2606 | T0 psi=(-0.023,+2.363,+2.738) ggm=0.000 circ=-1.1226 xUDD=(0.101,0.086,0.611) | T1 psi=(+2.583,-1.003,-0.984) ggm=0.000 circ=+4.4503 xUDD=(0.084,0.056,0.626) | sep=2.4200
# CONVTAG t=1852.00 rough=0.000000 cond=20.028134 evap=22.971666 backs=2.996304
# CANT t=1852.00 a_tag=1.0000 a_max=1.0000 xl_tag=0.4656 nlock=6 tune=111.642673
# REG t=1852.00 tp n=7 rho=[0.018 0.221 0.278 0.428] gr=0.00064 fl=1.000 | ba n=25683 rho=[0.095 0.484 0.844 0.960] gr=0.00007 fl=0.929
t= 1856.00 -9.36e-16 | 1.6642 16.39  22177   11 240935 241240 | 1.4288 14.78 | 7.54e-03 1.90e-02 |   3.8553 0.5521  1.9726  1.2916 1.000 15.67 | edge_dev mean=0.1382 max=0.2262 gg=0.1682 shape_dev=0.4165 xbar=0.2563 | T0 psi=(+0.002,-1.096,-0.304) ggm=0.002 circ=-1.0957 xUDD=(0.088,0.085,0.605) | T1 psi=(+2.498,+2.126,+2.024) ggm=0.000 circ=+4.4489 xUDD=(0.079,0.066,0.615) | sep=2.4096
# CONVTAG t=1856.00 rough=0.000000 cond=20.028134 evap=22.971666 backs=2.996304
# CANT t=1856.00 a_tag=1.0000 a_max=1.0000 xl_tag=0.4656 nlock=6 tune=111.777131
# REG t=1856.00 tp n=7 rho=[0.016 0.278 0.290 0.423] gr=0.00061 fl=1.000 | ba n=25655 rho=[0.096 0.488 0.844 0.961] gr=0.00007 fl=0.930
t= 1860.00 -9.36e-16 | 1.6643 16.39  22177   10 241406 241748 | 1.4288 14.78 | 6.55e-03 1.41e-02 |   3.5702 0.5113  1.8904  1.2870 1.000 15.83 | edge_dev mean=0.1363 max=0.2285 gg=0.1925 shape_dev=0.4282 xbar=0.2376 | T0 psi=(-0.074,+1.621,-3.059) ggm=0.000 circ=-1.0796 xUDD=(0.079,0.091,0.599) | T1 psi=(+2.237,+3.065,+1.064) ggm=0.000 circ=+4.4477 xUDD=(0.090,0.046,0.521) | sep=2.3988
# CONVTAG t=1860.00 rough=0.000000 cond=20.028134 evap=23.277569 backs=3.036205
# CANT t=1860.00 a_tag=1.0000 a_max=1.0000 xl_tag=0.4656 nlock=6 tune=112.014189
# REG t=1860.00 tp n=7 rho=[0.013 0.278 0.391 0.421] gr=0.00063 fl=1.000 | ba n=25619 rho=[0.097 0.490 0.845 0.960] gr=0.00007 fl=0.932
t= 1864.00 -9.36e-16 | 1.6646 16.39  22180    6 241886 242246 | 1.4288 14.77 | 5.49e-03 1.70e-02 |   3.4749 0.4976  2.0057  1.3027 1.000 15.83 | edge_dev mean=0.1332 max=0.2534 gg=0.2126 shape_dev=0.4522 xbar=0.2313 | T0 psi=(-0.086,-1.897,-0.386) ggm=0.000 circ=-1.0760 xUDD=(0.085,0.088,0.481) | T1 psi=(+2.709,-2.732,+0.463) ggm=0.000 circ=+4.4476 xUDD=(0.110,0.059,0.565) | sep=2.3798
# CONVTAG t=1864.00 rough=0.000000 cond=20.028134 evap=23.586325 backs=3.076477
# CANT t=1864.00 a_tag=1.0000 a_max=1.0000 xl_tag=0.4656 nlock=6 tune=112.283382
# REG t=1864.00 tp n=7 rho=[0.014 0.200 0.278 0.722] gr=0.00042 fl=1.000 | ba n=25603 rho=[0.102 0.492 0.843 0.960] gr=0.00007 fl=0.932
t= 1868.00 -9.36e-16 | 1.6646 16.37  22155   15 242346 242704 | 1.4285 14.77 | 7.31e-03 1.70e-02 |   3.4080 0.4880  2.0555  1.2203 1.000 16.00 | edge_dev mean=0.1435 max=0.2806 gg=0.2504 shape_dev=0.4457 xbar=0.2266 | T0 psi=(-0.113,+1.030,-3.075) ggm=0.000 circ=-1.0717 xUDD=(0.045,0.054,0.574) | T1 psi=(+2.799,+0.742,+2.751) ggm=0.000 circ=+4.4472 xUDD=(0.075,0.033,0.578) | sep=2.3908
# CONVTAG t=1868.00 rough=0.000000 cond=20.028134 evap=23.586325 backs=3.076477
# CANT t=1868.00 a_tag=1.0000 a_max=1.0000 xl_tag=0.4656 nlock=6 tune=112.627663
# REG t=1868.00 tp n=7 rho=[0.021 0.145 0.254 0.692] gr=0.00028 fl=1.000 | ba n=25597 rho=[0.103 0.494 0.845 0.961] gr=0.00007 fl=0.932
t= 1872.00 -9.36e-16 | 1.6641 16.35  22118   13 242869 243197 | 1.4280 14.77 | 7.07e-03 1.91e-02 |   3.5040 0.5018  2.0643  1.2292 1.000 15.50 | edge_dev mean=0.1475 max=0.2613 gg=0.2290 shape_dev=0.4027 xbar=0.2332 | T0 psi=(-0.018,-1.890,-0.471) ggm=0.000 circ=-1.0398 xUDD=(0.054,0.047,0.584) | T1 psi=(+3.118,-2.114,-1.166) ggm=0.000 circ=+4.4428 xUDD=(0.087,0.042,0.587) | sep=2.4230
# CONVTAG t=1872.00 rough=0.000000 cond=20.028134 evap=23.586325 backs=3.076477
# CANT t=1872.00 a_tag=1.0000 a_max=1.0000 xl_tag=0.4656 nlock=6 tune=112.787664
# REG t=1872.00 tp n=7 rho=[0.040 0.173 0.254 0.694] gr=0.00026 fl=1.000 | ba n=25628 rho=[0.100 0.494 0.844 0.962] gr=0.00007 fl=0.931
t= 1876.00 -9.36e-16 | 1.6643 16.36  22136   14 243398 243690 | 1.4281 14.76 | 5.99e-03 1.66e-02 |   3.5975 0.5152  2.0720  1.2361 1.000 15.83 | edge_dev mean=0.1480 max=0.2903 gg=0.2188 shape_dev=0.3989 xbar=0.2396 | T0 psi=(-0.118,+1.280,+2.798) ggm=0.000 circ=-1.0229 xUDD=(0.055,0.056,0.587) | T1 psi=(+2.956,+1.246,+2.322) ggm=0.000 circ=+4.4384 xUDD=(0.094,0.051,0.595) | sep=2.4304
# CONVTAG t=1876.00 rough=0.000000 cond=20.028134 evap=23.586325 backs=3.076477
# CANT t=1876.00 a_tag=1.0000 a_max=1.0000 xl_tag=0.4656 nlock=6 tune=112.952723
# REG t=1876.00 tp n=7 rho=[0.052 0.210 0.254 0.707] gr=0.00037 fl=1.000 | ba n=25663 rho=[0.101 0.498 0.845 0.961] gr=0.00007 fl=0.930
t= 1880.00 -9.36e-16 | 1.6642 16.37  22151   10 243875 244183 | 1.4282 14.76 | 4.36e-03 1.55e-02 |   3.5385 0.5067  2.0775  1.2287 1.000 15.83 | edge_dev mean=0.1490 max=0.3031 gg=0.2395 shape_dev=0.4007 xbar=0.2353 | T0 psi=(-0.146,-1.847,-0.232) ggm=0.000 circ=-1.0215 xUDD=(0.049,0.052,0.585) | T1 psi=(+2.902,-1.820,-0.994) ggm=0.000 circ=+4.4371 xUDD=(0.084,0.044,0.597) | sep=2.4276
# CONVTAG t=1880.00 rough=0.000000 cond=20.028134 evap=23.586325 backs=3.076477
# CANT t=1880.00 a_tag=1.0000 a_max=1.0000 xl_tag=0.4656 nlock=6 tune=113.118741
# REG t=1880.00 tp n=7 rho=[0.047 0.228 0.254 0.707] gr=0.00033 fl=1.000 | ba n=25652 rho=[0.101 0.497 0.847 0.961] gr=0.00007 fl=0.930
t= 1884.00 -9.36e-16 | 1.6647 16.37  22151   13 244414 244736 | 1.4282 14.76 | 6.59e-03 2.41e-02 |   3.5720 0.5115  2.0784  1.2321 1.000 15.67 | edge_dev mean=0.1594 max=0.3407 gg=0.2340 shape_dev=0.3866 xbar=0.2376 | T0 psi=(-0.080,+1.596,+2.580) ggm=0.000 circ=-1.0237 xUDD=(0.057,0.051,0.587) | T1 psi=(+3.061,+1.940,+1.376) ggm=0.000 circ=+4.4347 xUDD=(0.079,0.055,0.597) | sep=2.4384
# CONVTAG t=1884.00 rough=0.000000 cond=20.028134 evap=23.586325 backs=3.076477
# CANT t=1884.00 a_tag=1.0000 a_max=1.0000 xl_tag=0.4656 nlock=6 tune=113.240546
# REG t=1884.00 tp n=7 rho=[0.055 0.245 0.254 0.694] gr=0.00029 fl=1.000 | ba n=25635 rho=[0.101 0.497 0.848 0.962] gr=0.00007 fl=0.930
t= 1888.00 -9.36e-16 | 1.6647 16.35  22116   10 244901 245223 | 1.4279 14.76 | 1.03e-02 2.72e-02 |   3.6494 0.5226  2.0876  1.2515 1.000 16.17 | edge_dev mean=0.1497 max=0.3739 gg=0.2496 shape_dev=0.3929 xbar=0.2478 | T0 psi=(-0.056,-1.652,-0.759) ggm=0.000 circ=-1.0031 xUDD=(0.062,0.056,0.589) | T1 psi=(-2.690,-0.889,-2.517) ggm=0.000 circ=+4.4253 xUDD=(0.117,0.060,0.603) | sep=2.4377
# CONVTAG t=1888.00 rough=0.000000 cond=20.028134 evap=23.586325 backs=3.076477
# CANT t=1888.00 a_tag=1.0000 a_max=1.0000 xl_tag=0.4656 nlock=6 tune=113.394148
# REG t=1888.00 tp n=7 rho=[0.050 0.257 0.391 0.569] gr=0.00023 fl=1.000 | ba n=25639 rho=[0.099 0.492 0.845 0.961] gr=0.00007 fl=0.930
t= 1892.00 -9.36e-16 | 1.6649 16.32  22082   12 245372 245665 | 1.4275 14.76 | 7.66e-03 2.22e-02 |   3.7710 0.5400  2.0983  1.2403 1.000 15.83 | edge_dev mean=0.1420 max=0.3704 gg=0.2064 shape_dev=0.4019 xbar=0.2512 | T0 psi=(-0.115,+1.217,+2.614) ggm=0.000 circ=-0.9935 xUDD=(0.063,0.060,0.592) | T1 psi=(-3.005,+1.899,+2.083) ggm=0.000 circ=+4.4204 xUDD=(0.117,0.064,0.610) | sep=2.4294
# CONVTAG t=1892.00 rough=0.000000 cond=20.028134 evap=23.586325 backs=3.076477
# CANT t=1892.00 a_tag=1.0000 a_max=1.0000 xl_tag=0.4656 nlock=6 tune=113.555486
# REG t=1892.00 tp n=7 rho=[0.053 0.261 0.469 0.529] gr=0.00016 fl=1.000 | ba n=25664 rho=[0.098 0.489 0.846 0.961] gr=0.00007 fl=0.929
t= 1896.00 -8.03e-16 | 1.6648 16.32  22081   13 245861 246161 | 1.4276 14.77 | 1.17e-02 2.63e-02 |   3.8769 0.5552  1.9179  1.3208 1.000 15.67 | edge_dev mean=0.1430 max=0.3787 gg=0.1856 shape_dev=0.4014 xbar=0.2578 | T0 psi=(-0.033,-1.006,-0.713) ggm=0.003 circ=-0.9629 xUDD=(0.118,0.100,0.621) | T1 psi=(-3.085,-1.156,-1.572) ggm=0.000 circ=+4.4188 xUDD=(0.069,0.030,0.609) | sep=2.4255
# CONVTAG t=1896.00 rough=0.000000 cond=20.587728 evap=24.074158 backs=3.140108
# CANT t=1896.00 a_tag=1.0000 a_max=1.0000 xl_tag=0.4656 nlock=6 tune=113.876835
# REG t=1896.00 tp n=7 rho=[0.014 0.250 0.529 0.578] gr=0.00016 fl=1.000 | ba n=25656 rho=[0.100 0.495 0.847 0.962] gr=0.00007 fl=0.930
t= 1900.00 -9.36e-16 | 1.6646 16.33  22096    9 246394 246671 | 1.4277 14.76 | 3.61e-03 1.48e-02 |   3.8065 0.5451  1.9159  1.3151 1.000 15.50 | edge_dev mean=0.1452 max=0.3726 gg=0.2479 shape_dev=0.4107 xbar=0.2531 | T0 psi=(-0.024,+1.571,+2.910) ggm=0.000 circ=-0.9523 xUDD=(0.110,0.106,0.608) | T1 psi=(-2.826,+1.971,+0.914) ggm=0.000 circ=+4.4091 xUDD=(0.055,0.042,0.597) | sep=2.4155
# CONVTAG t=1900.00 rough=0.000000 cond=20.587728 evap=24.074158 backs=3.140108
# CANT t=1900.00 a_tag=1.0000 a_max=1.0000 xl_tag=0.4656 nlock=6 tune=114.037792
# REG t=1900.00 tp n=7 rho=[0.015 0.216 0.484 0.812] gr=0.00022 fl=1.000 | ba n=25682 rho=[0.100 0.493 0.845 0.961] gr=0.00007 fl=0.929
t= 1904.00 -9.36e-16 | 1.6642 16.36  22137    9 246887 247181 | 1.4281 14.76 | 6.04e-03 2.06e-02 |   4.0096 0.5742  1.9046  1.3226 1.000 15.67 | edge_dev mean=0.1430 max=0.3531 gg=0.1533 shape_dev=0.3952 xbar=0.2666 | T0 psi=(-0.180,+1.846,+2.965) ggm=0.000 circ=-0.9150 xUDD=(0.119,0.120,0.613) | T1 psi=(-0.050,-1.086,-1.347) ggm=0.000 circ=+4.4475 xUDD=(0.085,0.068,0.596) | sep=2.4187
# CONVTAG t=1904.00 rough=0.000000 cond=20.587728 evap=24.074158 backs=3.140108
# CANT t=1904.00 a_tag=1.0000 a_max=1.0000 xl_tag=0.4656 nlock=6 tune=114.184680
# REG t=1904.00 tp n=7 rho=[0.207 0.513 0.840 0.853] gr=0.00019 fl=1.000 | ba n=25664 rho=[0.101 0.496 0.846 0.963] gr=0.00007 fl=0.930
t= 1908.00 -8.03e-16 | 1.6643 16.38  22166   10 247389 247664 | 1.4285 14.76 | 6.18e-03 1.61e-02 |   4.1321 0.5917  1.8619  1.3224 1.000 15.50 | edge_dev mean=0.1358 max=0.3411 gg=0.1766 shape_dev=0.4101 xbar=0.2746 | T0 psi=(-0.070,+2.021,+2.822) ggm=0.000 circ=-0.9269 xUDD=(0.143,0.129,0.622) | T1 psi=(-0.068,+1.754,+1.947) ggm=0.000 circ=+4.5458 xUDD=(0.047,0.098,0.609) | sep=2.3992
# CONVTAG t=1908.00 rough=0.000000 cond=20.587728 evap=24.074158 backs=3.140108
# CANT t=1908.00 a_tag=1.0000 a_max=1.0000 xl_tag=0.4656 nlock=6 tune=114.435360
# REG t=1908.00 tp n=7 rho=[0.207 0.513 0.921 0.989] gr=0.00013 fl=1.000 | ba n=25682 rho=[0.098 0.490 0.845 0.963] gr=0.00007 fl=0.929
t= 1912.00 -9.36e-16 | 1.6643 16.36  22132   11 247880 248178 | 1.4282 14.77 | 6.04e-03 1.48e-02 |   4.1535 0.5948  1.8881  1.3238 1.000 15.00 | edge_dev mean=0.1422 max=0.3490 gg=0.1884 shape_dev=0.4149 xbar=0.2760 | T0 psi=(+0.036,+2.440,+2.259) ggm=0.000 circ=-0.9315 xUDD=(0.133,0.136,0.618) | T1 psi=(+0.391,+1.651,+1.137) ggm=0.000 circ=+4.5844 xUDD=(0.055,0.103,0.612) | sep=2.3977
# CONVTAG t=1912.00 rough=0.000000 cond=20.587728 evap=24.074158 backs=3.140108
# CANT t=1912.00 a_tag=1.0000 a_max=1.0000 xl_tag=0.4656 nlock=6 tune=114.683599
# REG t=1912.00 tp n=7 rho=[0.200 0.466 0.510 0.916] gr=0.00009 fl=1.000 | ba n=25660 rho=[0.097 0.489 0.843 0.962] gr=0.00007 fl=0.930
t= 1916.00 -9.36e-16 | 1.6645 16.34  22114   12 248361 248663 | 1.4279 14.77 | 7.88e-03 2.55e-02 |   4.0848 0.5849  1.9076  1.3207 1.000 15.17 | edge_dev mean=0.1410 max=0.3508 gg=0.1635 shape_dev=0.4293 xbar=0.2716 | T0 psi=(-0.096,+2.826,+2.105) ggm=0.000 circ=-0.9267 xUDD=(0.122,0.131,0.613) | T1 psi=(+2.649,-0.770,-0.879) ggm=0.000 circ=+4.5882 xUDD=(0.057,0.096,0.611) | sep=2.3950
# CONVTAG t=1916.00 rough=0.000000 cond=20.587728 evap=24.074158 backs=3.140108
# CANT t=1916.00 a_tag=1.0000 a_max=1.0000 xl_tag=0.4656 nlock=6 tune=114.904961
# REG t=1916.00 tp n=7 rho=[0.176 0.436 0.582 0.871] gr=0.00006 fl=1.000 | ba n=25655 rho=[0.096 0.488 0.842 0.962] gr=0.00007 fl=0.930
t= 1920.00 -9.36e-16 | 1.6643 16.36  22133   14 248872 249164 | 1.4282 14.77 | 6.88e-03 1.87e-02 |   4.3992 0.6300  1.9486  1.5043 1.000 16.00 | edge_dev mean=0.1291 max=0.3211 gg=0.2559 shape_dev=0.4030 xbar=0.3222 | T0 psi=(-0.006,+2.058,+2.904) ggm=0.000 circ=-0.9187 xUDD=(0.235,0.220,0.613) | T1 psi=(-2.489,+2.582,+0.389) ggm=0.000 circ=+4.5843 xUDD=(0.086,0.109,0.669) | sep=2.4211
# CONVTAG t=1920.00 rough=0.000000 cond=20.762253 evap=24.074158 backs=3.140108
# CANT t=1920.00 a_tag=1.0000 a_max=1.0000 xl_tag=0.4656 nlock=6 tune=115.176395
# REG t=1920.00 tp n=7 rho=[0.207 0.410 0.586 0.869] gr=0.00004 fl=1.000 | ba n=25664 rho=[0.093 0.478 0.840 0.961] gr=0.00007 fl=0.929
t= 1924.00 -9.36e-16 | 1.6642 16.34  22110   14 249380 249669 | 1.4280 14.78 | 5.67e-03 1.78e-02 |   4.7312 0.6775  1.9392  1.3270 1.000 15.83 | edge_dev mean=0.1214 max=0.3369 gg=0.1777 shape_dev=0.3985 xbar=0.3143 | T0 psi=(+0.100,+1.816,-3.094) ggm=0.000 circ=-0.9306 xUDD=(0.157,0.129,0.648) | T1 psi=(+0.136,+0.175,-1.500) ggm=0.001 circ=+4.5479 xUDD=(0.119,0.171,0.662) | sep=2.4342
# CONVTAG t=1924.00 rough=0.000000 cond=21.029774 evap=24.074158 backs=3.140108
# CANT t=1924.00 a_tag=1.0000 a_max=1.0000 xl_tag=0.4656 nlock=6 tune=115.584611
# REG t=1924.00 tp n=7 rho=[0.141 0.586 0.885 0.964] gr=0.00065 fl=1.000 | ba n=25669 rho=[0.089 0.480 0.841 0.961] gr=0.00007 fl=0.929
t= 1928.00 -9.36e-16 | 1.6645 16.34  22111    7 249908 250177 | 1.4280 14.78 | 6.21e-03 1.84e-02 |   4.6913 0.6718  1.9449  1.3215 1.000 15.50 | edge_dev mean=0.1186 max=0.2397 gg=0.2119 shape_dev=0.3879 xbar=0.3119 | T0 psi=(-0.038,-0.581,-0.331) ggm=0.029 circ=-0.9425 xUDD=(0.139,0.120,0.674) | T1 psi=(-0.306,+1.565,-2.785) ggm=0.000 circ=+4.6368 xUDD=(0.111,0.165,0.662) | sep=2.4298
# CONVTAG t=1928.00 rough=0.000000 cond=21.455561 evap=24.524871 backs=3.198896
# CANT t=1928.00 a_tag=1.0000 a_max=1.0000 xl_tag=0.4656 nlock=6 tune=116.112824
# REG t=1928.00 tp n=7 rho=[0.255 0.468 0.499 0.700] gr=0.00121 fl=1.000 | ba n=25695 rho=[0.089 0.487 0.842 0.961] gr=0.00007 fl=0.928
t= 1932.00 -9.36e-16 | 1.6643 16.34  22109    9 250468 250701 | 1.4279 14.77 | 8.99e-03 2.73e-02 |   4.7917 0.6862  1.9062  1.3410 1.000 15.67 | edge_dev mean=0.1170 max=0.3218 gg=0.1533 shape_dev=0.4043 xbar=0.3182 | T0 psi=(+0.145,-1.956,+0.652) ggm=0.000 circ=-0.9476 xUDD=(0.159,0.145,0.662) | T1 psi=(+0.691,-0.858,-1.591) ggm=0.000 circ=+4.7907 xUDD=(0.130,0.144,0.670) | sep=2.4264
# CONVTAG t=1932.00 rough=0.000000 cond=21.455561 evap=24.524871 backs=3.198896
# CANT t=1932.00 a_tag=1.0000 a_max=1.0000 xl_tag=0.4656 nlock=6 tune=116.548122
# REG t=1932.00 tp n=7 rho=[0.214 0.370 0.539 0.722] gr=0.00248 fl=1.000 | ba n=25727 rho=[0.089 0.485 0.843 0.962] gr=0.00007 fl=0.927
t= 1936.00 -9.36e-16 | 1.6648 16.36  22138   10 250990 251239 | 1.4283 14.78 | 8.61e-03 1.93e-02 |   4.4794 0.6414  1.9256  1.3532 1.000 15.67 | edge_dev mean=0.1164 max=0.3439 gg=0.1946 shape_dev=0.3847 xbar=0.2974 | T0 psi=(-0.102,+0.410,-1.510) ggm=0.022 circ=-0.9091 xUDD=(0.134,0.143,0.622) | T1 psi=(+3.033,+2.924,+2.419) ggm=0.000 circ=+4.7967 xUDD=(0.126,0.098,0.661) | sep=2.4455
# CONVTAG t=1936.00 rough=0.000000 cond=21.455561 evap=24.820389 backs=3.237442
# CANT t=1936.00 a_tag=1.0000 a_max=1.0000 xl_tag=0.4656 nlock=6 tune=116.969839
# REG t=1936.00 tp n=7 rho=[0.239 0.289 0.476 0.485] gr=0.00322 fl=1.000 | ba n=25712 rho=[0.090 0.490 0.846 0.961] gr=0.00007 fl=0.928
t= 1940.00 -9.36e-16 | 1.6655 16.36  22140    6 251538 251770 | 1.4284 14.78 | 8.44e-03 1.84e-02 |   4.1241 0.5906  1.8445  1.3468 1.000 15.50 | edge_dev mean=0.1104 max=0.2932 gg=0.2773 shape_dev=0.3920 xbar=0.2741 | T0 psi=(-0.030,-0.079,-1.072) ggm=0.131 circ=-0.9261 xUDD=(0.137,0.130,0.626) | T1 psi=(+3.025,+0.554,-2.720) ggm=0.000 circ=+4.7255 xUDD=(0.102,0.077,0.573) | sep=2.4302
# CONVTAG t=1940.00 rough=0.000000 cond=21.455561 evap=25.116641 backs=3.276084
# CANT t=1940.00 a_tag=1.0000 a_max=1.0000 xl_tag=0.4656 nlock=6 tune=117.288067
# REG t=1940.00 tp n=7 rho=[0.294 0.376 0.452 0.455] gr=0.00367 fl=1.000 | ba n=25732 rho=[0.088 0.486 0.845 0.961] gr=0.00007 fl=0.927
t= 1944.00 -9.36e-16 | 1.6651 16.37  22147   16 252076 252358 | 1.4285 14.78 | 7.89e-03 2.13e-02 |   4.1268 0.5909  1.8361  1.3535 1.000 15.67 | edge_dev mean=0.1159 max=0.2090 gg=0.1853 shape_dev=0.4050 xbar=0.2743 | T0 psi=(+0.035,-1.076,-0.230) ggm=0.013 circ=-0.9180 xUDD=(0.134,0.138,0.613) | T1 psi=(-2.898,-1.083,-2.469) ggm=0.000 circ=+4.7207 xUDD=(0.103,0.069,0.590) | sep=2.4046
# CONVTAG t=1944.00 rough=0.000000 cond=21.455561 evap=25.116641 backs=3.276084
# CANT t=1944.00 a_tag=1.0000 a_max=1.0000 xl_tag=0.4656 nlock=6 tune=117.525190
# REG t=1944.00 tp n=7 rho=[0.317 0.362 0.377 0.594] gr=0.00246 fl=1.000 | ba n=25673 rho=[0.088 0.481 0.843 0.962] gr=0.00007 fl=0.929
t= 1948.00 -9.36e-16 | 1.6653 16.37  22149   18 252650 252882 | 1.4286 14.79 | 4.25e-03 1.83e-02 |   4.0575 0.5810  1.8399  1.3589 1.000 15.50 | edge_dev mean=0.1120 max=0.1937 gg=0.2342 shape_dev=0.4016 xbar=0.2739 | T0 psi=(+0.069,+2.870,+1.987) ggm=0.000 circ=-0.9299 xUDD=(0.144,0.113,0.616) | T1 psi=(-2.955,+2.036,+0.589) ggm=0.000 circ=+4.7106 xUDD=(0.100,0.071,0.599) | sep=2.4024
# CONVTAG t=1948.00 rough=0.000000 cond=21.455561 evap=25.116641 backs=3.276084
# CANT t=1948.00 a_tag=1.0000 a_max=1.0000 xl_tag=0.4656 nlock=6 tune=117.749408
# REG t=1948.00 tp n=7 rho=[0.315 0.458 0.492 0.663] gr=0.00219 fl=1.000 | ba n=25722 rho=[0.088 0.472 0.842 0.962] gr=0.00007 fl=0.927
t= 1952.00 -9.36e-16 | 1.6648 16.37  22144   13 253119 253364 | 1.4285 14.78 | 4.77e-03 1.45e-02 |   4.0420 0.5788  1.8653  1.3357 1.000 15.50 | edge_dev mean=0.1093 max=0.2058 gg=0.1393 shape_dev=0.3891 xbar=0.2691 | T0 psi=(+0.256,+0.684,-2.730) ggm=0.000 circ=-0.9151 xUDD=(0.139,0.099,0.617) | T1 psi=(-2.952,-0.647,-2.909) ggm=0.000 circ=+4.6857 xUDD=(0.077,0.074,0.608) | sep=2.4128
# CONVTAG t=1952.00 rough=0.000000 cond=21.455561 evap=25.116641 backs=3.276084
# CANT t=1952.00 a_tag=1.0000 a_max=1.0000 xl_tag=0.4656 nlock=6 tune=117.939903
# REG t=1952.00 tp n=7 rho=[0.127 0.427 0.673 0.766] gr=0.00371 fl=1.000 | ba n=25713 rho=[0.087 0.470 0.844 0.962] gr=0.00007 fl=0.927
t= 1956.00 -9.36e-16 | 1.6645 16.35  22127    9 253624 253887 | 1.4283 14.78 | 8.93e-03 2.55e-02 |   3.9904 0.5714  1.9320  1.3130 1.000 15.67 | edge_dev mean=0.1214 max=0.2186 gg=0.2128 shape_dev=0.3632 xbar=0.2651 | T0 psi=(-0.060,+2.787,+1.892) ggm=0.000 circ=-0.9004 xUDD=(0.108,0.084,0.611) | T1 psi=(-2.925,+2.648,+0.409) ggm=0.000 circ=+4.6656 xUDD=(0.111,0.065,0.611) | sep=2.4340
# CONVTAG t=1956.00 rough=0.000000 cond=21.455561 evap=25.116641 backs=3.276084
# CANT t=1956.00 a_tag=1.0000 a_max=1.0000 xl_tag=0.4656 nlock=6 tune=118.116206
# REG t=1956.00 tp n=7 rho=[0.090 0.406 0.684 0.891] gr=0.00365 fl=1.000 | ba n=25697 rho=[0.085 0.470 0.837 0.961] gr=0.00007 fl=0.928
t= 1960.00 -9.36e-16 | 1.6648 16.36  22134   11 254102 254370 | 1.4281 14.76 | 8.52e-03 1.64e-02 |   3.8701 0.5542  1.9398  1.3114 1.000 15.83 | edge_dev mean=0.1204 max=0.2065 gg=0.2258 shape_dev=0.3502 xbar=0.2575 | T0 psi=(-0.001,-0.325,-1.588) ggm=0.013 circ=-0.8866 xUDD=(0.113,0.075,0.608) | T1 psi=(-2.990,-0.516,-3.097) ggm=0.000 circ=+4.6522 xUDD=(0.071,0.070,0.608) | sep=2.4327
# CONVTAG t=1960.00 rough=0.000000 cond=21.455561 evap=25.116641 backs=3.276084
# CANT t=1960.00 a_tag=1.0000 a_max=1.0000 xl_tag=0.4656 nlock=6 tune=118.253265
# REG t=1960.00 tp n=7 rho=[0.095 0.385 0.709 0.790] gr=0.00245 fl=1.000 | ba n=25690 rho=[0.087 0.473 0.839 0.961] gr=0.00007 fl=0.928
t= 1964.00 -9.36e-16 | 1.6650 16.38  22168   22 254648 254901 | 1.4286 14.77 | 4.77e-03 1.60e-02 |   4.1581 0.5954  1.9608  1.2952 1.000 15.83 | edge_dev mean=0.1113 max=0.1940 gg=0.2224 shape_dev=0.3657 xbar=0.2765 | T0 psi=(-0.106,+1.668,+2.778) ggm=0.000 circ=-0.8512 xUDD=(0.117,0.082,0.618) | T1 psi=(-2.990,+2.494,+0.784) ggm=0.000 circ=+4.6383 xUDD=(0.093,0.118,0.632) | sep=2.4146
# CONVTAG t=1964.00 rough=0.000000 cond=21.738253 evap=25.116641 backs=3.276084
# CANT t=1964.00 a_tag=1.0000 a_max=1.0000 xl_tag=0.4656 nlock=6 tune=118.564187
# REG t=1964.00 tp n=7 rho=[0.082 0.435 0.568 0.603] gr=0.00174 fl=1.000 | ba n=25694 rho=[0.090 0.483 0.841 0.961] gr=0.00007 fl=0.927
t= 1968.00 -9.36e-16 | 1.6654 16.36  22129   10 255150 255443 | 1.4282 14.77 | 1.15e-02 2.81e-02 |   4.1918 0.6003  1.9583  1.3224 1.000 16.17 | edge_dev mean=0.1014 max=0.1840 gg=0.1905 shape_dev=0.3699 xbar=0.2785 | T0 psi=(+0.026,-1.288,-0.730) ggm=0.008 circ=-0.8347 xUDD=(0.114,0.098,0.612) | T1 psi=(-1.055,+0.575,-1.424) ggm=0.003 circ=+4.6166 xUDD=(0.116,0.095,0.636) | sep=2.4077
# CONVTAG t=1968.00 rough=0.000000 cond=21.738253 evap=25.116641 backs=3.276084
# CANT t=1968.00 a_tag=1.0000 a_max=1.0000 xl_tag=0.4656 nlock=6 tune=118.823650
# REG t=1968.00 tp n=7 rho=[0.070 0.377 0.488 0.597] gr=0.00156 fl=1.000 | ba n=25666 rho=[0.091 0.489 0.844 0.961] gr=0.00007 fl=0.928
t= 1972.00 -9.36e-16 | 1.6653 16.38  22156    7 255693 255959 | 1.4286 14.77 | 9.63e-03 1.79e-02 |   4.3222 0.6189  1.9671  1.3494 1.000 16.00 | edge_dev mean=0.0969 max=0.1794 gg=0.1470 shape_dev=0.3621 xbar=0.2872 | T0 psi=(+0.128,-2.934,+0.999) ggm=0.000 circ=-0.8223 xUDD=(0.125,0.111,0.612) | T1 psi=(+0.028,-1.027,-2.051) ggm=0.000 circ=+4.6649 xUDD=(0.090,0.086,0.698) | sep=2.4173
# CONVTAG t=1972.00 rough=0.000000 cond=21.910028 evap=25.116641 backs=3.276084
# CANT t=1972.00 a_tag=1.0000 a_max=1.0000 xl_tag=0.4656 nlock=6 tune=119.092051
# REG t=1972.00 tp n=7 rho=[0.101 0.375 0.604 0.886] gr=0.00116 fl=1.000 | ba n=25698 rho=[0.092 0.480 0.842 0.961] gr=0.00007 fl=0.926
t= 1976.00 -9.36e-16 | 1.6652 16.37  22149   14 256207 256497 | 1.4285 14.77 | 4.17e-03 1.47e-02 |   4.3036 0.6163  1.9229  1.3550 1.000 15.33 | edge_dev mean=0.1026 max=0.1878 gg=0.2107 shape_dev=0.3527 xbar=0.2863 | T0 psi=(+0.242,+0.535,-2.561) ggm=0.000 circ=-0.7940 xUDD=(0.136,0.117,0.618) | T1 psi=(+0.262,+2.490,-0.213) ggm=0.000 circ=+4.7560 xUDD=(0.090,0.096,0.661) | sep=2.4169
# CONVTAG t=1976.00 rough=0.000000 cond=21.910028 evap=25.116641 backs=3.276084
# CANT t=1976.00 a_tag=1.0000 a_max=1.0000 xl_tag=0.4656 nlock=6 tune=119.389680
# REG t=1976.00 tp n=7 rho=[0.077 0.358 0.373 0.621] gr=0.00079 fl=1.000 | ba n=25665 rho=[0.095 0.483 0.842 0.962] gr=0.00007 fl=0.927
t= 1980.00 -9.36e-16 | 1.6653 16.36  22137    4 256738 257019 | 1.4283 14.77 | 6.56e-03 1.64e-02 |   4.2630 0.6105  1.9192  1.3421 1.000 15.67 | edge_dev mean=0.1086 max=0.1938 gg=0.1760 shape_dev=0.3753 xbar=0.2830 | T0 psi=(-0.038,+2.995,+1.957) ggm=0.000 circ=-0.7586 xUDD=(0.126,0.119,0.622) | T1 psi=(-0.435,-1.732,-1.163) ggm=0.000 circ=+4.7800 xUDD=(0.080,0.108,0.642) | sep=2.3967
# CONVTAG t=1980.00 rough=0.000000 cond=21.910028 evap=25.116641 backs=3.276084
# CANT t=1980.00 a_tag=1.0000 a_max=1.0000 xl_tag=0.4656 nlock=6 tune=119.593153
# REG t=1980.00 tp n=7 rho=[0.113 0.299 0.369 0.603] gr=0.00055 fl=1.000 | ba n=25686 rho=[0.095 0.484 0.843 0.963] gr=0.00007 fl=0.927
t= 1984.00 -9.36e-16 | 1.6647 16.33  22093    9 257248 257548 | 1.4277 14.76 | 7.46e-03 2.23e-02 |   4.3247 0.6193  1.9059  1.3458 1.000 15.50 | edge_dev mean=0.1049 max=0.1864 gg=0.1664 shape_dev=0.4004 xbar=0.2873 | T0 psi=(-0.019,+2.160,+2.842) ggm=0.000 circ=-0.7665 xUDD=(0.128,0.129,0.626) | T1 psi=(+0.185,-2.064,-1.884) ggm=0.000 circ=+4.7982 xUDD=(0.086,0.115,0.640) | sep=2.3797
# CONVTAG t=1984.00 rough=0.000000 cond=21.910028 evap=25.116641 backs=3.276084
# CANT t=1984.00 a_tag=1.0000 a_max=1.0000 xl_tag=0.4656 nlock=6 tune=119.782663
# REG t=1984.00 tp n=7 rho=[0.123 0.299 0.363 0.588] gr=0.00037 fl=1.000 | ba n=25662 rho=[0.094 0.477 0.839 0.961] gr=0.00007 fl=0.928
t= 1988.00 -9.36e-16 | 1.6651 16.33  22099   10 257751 258055 | 1.4277 14.76 | 1.14e-02 2.73e-02 |   4.4597 0.6386  1.8436  1.3499 1.000 15.17 | edge_dev mean=0.0912 max=0.1682 gg=0.1619 shape_dev=0.4246 xbar=0.2966 | T0 psi=(+0.074,-0.643,-0.518) ggm=0.109 circ=-0.7762 xUDD=(0.151,0.139,0.658) | T1 psi=(-0.249,+1.666,+1.509) ggm=0.000 circ=+4.8512 xUDD=(0.071,0.116,0.644) | sep=2.3621
# CONVTAG t=1988.00 rough=0.000000 cond=22.082326 evap=25.116641 backs=3.276084
# CANT t=1988.00 a_tag=1.0000 a_max=1.0000 xl_tag=0.4656 nlock=6 tune=120.062774
# REG t=1988.00 tp n=7 rho=[0.119 0.301 0.363 0.587] gr=0.00025 fl=1.000 | ba n=25657 rho=[0.093 0.484 0.839 0.961] gr=0.00007 fl=0.928
t= 1992.00 -9.36e-16 | 1.6647 16.34  22111    7 258263 258543 | 1.4280 14.77 | 7.80e-03 2.11e-02 |   4.3570 0.6239  1.7700  1.3913 1.000 15.17 | edge_dev mean=0.0948 max=0.1402 gg=0.2137 shape_dev=0.3905 xbar=0.2896 | T0 psi=(-0.011,+2.708,+2.683) ggm=0.000 circ=-0.7783 xUDD=(0.169,0.166,0.648) | T1 psi=(-0.162,-1.156,-2.479) ggm=0.000 circ=+4.8774 xUDD=(0.075,0.062,0.617) | sep=2.3882
# CONVTAG t=1992.00 rough=0.000000 cond=22.350021 evap=25.587137 backs=3.337453
# CANT t=1992.00 a_tag=1.0000 a_max=1.0000 xl_tag=0.4656 nlock=6 tune=120.333965
# REG t=1992.00 tp n=7 rho=[0.094 0.305 0.356 0.587] gr=0.00017 fl=1.000 | ba n=25681 rho=[0.090 0.480 0.842 0.960] gr=0.00007 fl=0.927
t= 1996.00 -9.36e-16 | 1.6648 16.33  22100    9 258789 259048 | 1.4279 14.77 | 5.29e-03 1.43e-02 |   4.4213 0.6331  1.8061  1.3600 1.000 15.33 | edge_dev mean=0.1029 max=0.1781 gg=0.2555 shape_dev=0.3805 xbar=0.2940 | T0 psi=(-0.110,-0.544,-0.234) ggm=0.272 circ=-0.8033 xUDD=(0.189,0.125,0.659) | T1 psi=(+0.206,+2.308,+0.074) ggm=0.000 circ=+4.8946 xUDD=(0.092,0.093,0.606) | sep=2.3908
# CONVTAG t=1996.00 rough=0.000000 cond=22.602377 evap=26.030671 backs=3.395305
# CANT t=1996.00 a_tag=1.0000 a_max=1.0000 xl_tag=0.4656 nlock=6 tune=120.658968
# REG t=1996.00 tp n=7 rho=[0.072 0.310 0.356 0.587] gr=0.00014 fl=1.000 | ba n=25700 rho=[0.089 0.477 0.838 0.961] gr=0.00007 fl=0.926
t= 2000.00 -9.36e-16 | 1.6649 16.33  22091   12 259282 259544 | 1.4278 14.77 | 3.06e-03 1.37e-02 |   4.5226 0.6476  1.8434  1.3513 1.000 15.17 | edge_dev mean=0.1000 max=0.1755 gg=0.1560 shape_dev=0.3815 xbar=0.3008 | T0 psi=(+0.096,-2.854,+1.582) ggm=0.000 circ=-0.7610 xUDD=(0.163,0.140,0.653) | T1 psi=(+0.296,-0.893,-2.718) ggm=0.000 circ=+4.9120 xUDD=(0.112,0.113,0.623) | sep=2.3908
# CONVTAG t=2000.00 rough=0.000000 cond=22.602377 evap=26.030671 backs=3.395305
# CANT t=2000.00 a_tag=1.0000 a_max=1.0000 xl_tag=0.4656 nlock=6 tune=120.924363
# REG t=2000.00 tp n=7 rho=[0.060 0.356 0.539 0.587] gr=0.00028 fl=1.000 | ba n=25696 rho=[0.089 0.480 0.837 0.960] gr=0.00007 fl=0.927
t= 2004.00 -9.36e-16 | 1.6646 16.33  22091    9 259802 260085 | 1.4278 14.77 | 6.57e-03 1.75e-02 |   4.1049 0.5878  1.9379  1.3770 1.000 15.33 | edge_dev mean=0.1028 max=0.1737 gg=0.1751 shape_dev=0.3865 xbar=0.2730 | T0 psi=(-0.027,+0.570,-2.393) ggm=0.000 circ=-0.7437 xUDD=(0.142,0.129,0.536) | T1 psi=(+0.213,+2.587,+0.099) ggm=0.000 circ=+4.9311 xUDD=(0.097,0.092,0.643) | sep=2.3950
# CONVTAG t=2004.00 rough=0.000000 cond=22.602377 evap=26.329431 backs=3.434274
# CANT t=2004.00 a_tag=1.0000 a_max=1.0000 xl_tag=0.4656 nlock=6 tune=121.216400
# REG t=2004.00 tp n=7 rho=[0.042 0.344 0.412 0.587] gr=0.00046 fl=1.000 | ba n=25678 rho=[0.092 0.480 0.838 0.960] gr=0.00007 fl=0.928
t= 2008.00 -9.36e-16 | 1.6647 16.34  22108   11 260313 260563 | 1.4279 14.77 | 7.56e-03 2.00e-02 |   3.7323 0.5345  1.9109  1.3334 1.000 15.67 | edge_dev mean=0.1077 max=0.1795 gg=0.1491 shape_dev=0.3746 xbar=0.2486 | T0 psi=(-0.046,-3.049,+1.221) ggm=0.000 circ=-0.7218 xUDD=(0.112,0.087,0.600) | T1 psi=(+0.038,-1.079,+2.905) ggm=0.000 circ=+4.9381 xUDD=(0.115,0.044,0.533) | sep=2.3999
# CONVTAG t=2008.00 rough=0.000000 cond=22.602377 evap=26.631249 backs=3.473641
# CANT t=2008.00 a_tag=1.0000 a_max=1.0000 xl_tag=0.4656 nlock=6 tune=121.597232
# REG t=2008.00 tp n=7 rho=[0.113 0.375 0.458 0.587] gr=0.00036 fl=1.000 | ba n=25709 rho=[0.091 0.483 0.840 0.960] gr=0.00007 fl=0.927
t= 2012.00 -8.03e-16 | 1.6643 16.34  22103   15 260785 261014 | 1.4280 14.78 | 5.14e-03 1.66e-02 |   3.7102 0.5313  1.9552  1.3158 1.000 15.50 | edge_dev mean=0.1073 max=0.1695 gg=0.1837 shape_dev=0.3937 xbar=0.2470 | T0 psi=(-0.122,-0.115,-1.684) ggm=0.011 circ=-0.7034 xUDD=(0.105,0.075,0.600) | T1 psi=(-0.472,+2.252,+0.449) ggm=0.000 circ=+4.9505 xUDD=(0.076,0.056,0.570) | sep=2.3845
# CONVTAG t=2012.00 rough=0.000000 cond=22.602377 evap=26.631249 backs=3.473641
# CANT t=2012.00 a_tag=1.0000 a_max=1.0000 xl_tag=0.4656 nlock=6 tune=121.898113
# REG t=2012.00 tp n=7 rho=[0.113 0.375 0.460 0.973] gr=0.00024 fl=1.000 | ba n=25725 rho=[0.092 0.485 0.839 0.959] gr=0.00007 fl=0.927
t= 2016.00 -9.36e-16 | 1.6644 16.34  22105   11 261248 261511 | 1.4279 14.77 | 1.15e-02 2.93e-02 |   3.7849 0.5420  1.9564  1.3146 1.000 15.50 | edge_dev mean=0.1089 max=0.1641 gg=0.1162 shape_dev=0.4003 xbar=0.2518 | T0 psi=(+0.038,-3.120,+1.022) ggm=0.000 circ=-0.6845 xUDD=(0.116,0.076,0.608) | T1 psi=(-0.191,-0.557,+3.063) ggm=0.000 circ=+5.0486 xUDD=(0.054,0.069,0.588) | sep=2.3867
# CONVTAG t=2016.00 rough=0.000000 cond=22.602377 evap=26.631249 backs=3.473641
# CANT t=2016.00 a_tag=1.0000 a_max=1.0000 xl_tag=0.4656 nlock=6 tune=122.112213
# REG t=2016.00 tp n=7 rho=[0.113 0.379 0.463 0.972] gr=0.00017 fl=1.000 | ba n=25696 rho=[0.091 0.483 0.838 0.960] gr=0.00007 fl=0.928
t= 2020.00 -9.36e-16 | 1.6641 16.35  22125   10 261778 262030 | 1.4281 14.77 | 5.89e-03 1.78e-02 |   3.8440 0.5505  1.9309  1.4008 1.000 15.17 | edge_dev mean=0.1093 max=0.1825 gg=0.1329 shape_dev=0.4314 xbar=0.2672 | T0 psi=(-0.035,+1.557,+3.099) ggm=0.000 circ=-0.6153 xUDD=(0.159,0.130,0.617) | T1 psi=(-0.111,+2.666,-0.378) ggm=0.000 circ=+5.1442 xUDD=(0.033,0.062,0.602) | sep=2.3702
# CONVTAG t=2020.00 rough=0.000000 cond=22.602377 evap=26.631249 backs=3.473641
# CANT t=2020.00 a_tag=1.0000 a_max=1.0000 xl_tag=0.4656 nlock=6 tune=122.327398
# REG t=2020.00 tp n=7 rho=[0.114 0.376 0.478 0.952] gr=0.00012 fl=1.000 | ba n=25706 rho=[0.089 0.484 0.840 0.960] gr=0.00007 fl=0.928
t= 2024.00 -9.36e-16 | 1.6642 16.35  22128    7 262261 262562 | 1.4282 14.77 | 6.48e-03 1.67e-02 |   3.9108 0.5600  1.9228  1.3289 1.000 15.33 | edge_dev mean=0.1175 max=0.2213 gg=0.1568 shape_dev=0.4642 xbar=0.2599 | T0 psi=(-0.001,-1.287,+0.136) ggm=0.000 circ=-0.5094 xUDD=(0.126,0.112,0.622) | T1 psi=(-0.252,-0.248,+2.721) ggm=0.000 circ=+5.2042 xUDD=(0.023,0.067,0.611) | sep=2.3526
# CONVTAG t=2024.00 rough=0.000000 cond=22.602377 evap=26.631249 backs=3.473641
# CANT t=2024.00 a_tag=1.0000 a_max=1.0000 xl_tag=0.4656 nlock=6 tune=122.547105
# REG t=2024.00 tp n=7 rho=[0.115 0.444 0.611 0.919] gr=0.00008 fl=1.000 | ba n=25660 rho=[0.091 0.490 0.841 0.959] gr=0.00007 fl=0.930
t= 2028.00 -8.03e-16 | 1.6642 16.36  22133   12 262746 263029 | 1.4283 14.77 | 8.01e-03 2.18e-02 |   3.9804 0.5700  1.9293  1.3210 1.000 15.17 | edge_dev mean=0.1250 max=0.2224 gg=0.1638 shape_dev=0.4923 xbar=0.2645 | T0 psi=(+0.020,+1.841,-2.861) ggm=0.000 circ=-0.4393 xUDD=(0.124,0.112,0.628) | T1 psi=(-0.049,+3.076,-0.992) ggm=0.000 circ=+5.2426 xUDD=(0.046,0.066,0.612) | sep=2.3276
# CONVTAG t=2028.00 rough=0.000000 cond=22.602377 evap=26.631249 backs=3.473641
# CANT t=2028.00 a_tag=1.0000 a_max=1.0000 xl_tag=0.4656 nlock=6 tune=122.789752
# REG t=2028.00 tp n=7 rho=[0.118 0.790 0.866 0.916] gr=0.00008 fl=1.000 | ba n=25674 rho=[0.089 0.486 0.843 0.960] gr=0.00007 fl=0.930
t= 2032.00 -9.36e-16 | 1.6643 16.35  22117   17 263208 263507 | 1.4281 14.77 | 1.10e-02 2.73e-02 |   3.9964 0.5723  1.9273  1.3130 1.000 15.00 | edge_dev mean=0.1181 max=0.2218 gg=0.2161 shape_dev=0.4888 xbar=0.2658 | T0 psi=(-0.027,-2.223,+1.319) ggm=0.000 circ=-0.4264 xUDD=(0.114,0.116,0.623) | T1 psi=(+0.145,+0.077,+1.694) ggm=0.000 circ=+5.3287 xUDD=(0.052,0.077,0.611) | sep=2.3283
# CONVTAG t=2032.00 rough=0.000000 cond=22.602377 evap=26.631249 backs=3.473641
# CANT t=2032.00 a_tag=1.0000 a_max=1.0000 xl_tag=0.4656 nlock=6 tune=122.960280
# REG t=2032.00 tp n=7 rho=[0.120 0.622 0.929 0.947] gr=0.00005 fl=1.000 | ba n=25652 rho=[0.092 0.490 0.841 0.960] gr=0.00007 fl=0.931
t= 2036.00 -9.36e-16 | 1.6642 16.35  22122   10 263709 263985 | 1.4281 14.77 | 9.25e-03 2.34e-02 |   4.3756 0.6266  1.9420  1.3073 1.000 15.17 | edge_dev mean=0.1095 max=0.2316 gg=0.2155 shape_dev=0.5029 xbar=0.2910 | T0 psi=(-0.006,+1.123,-1.931) ggm=0.002 circ=-0.4129 xUDD=(0.123,0.132,0.637) | T1 psi=(+0.058,+3.119,+0.339) ggm=0.000 circ=+5.5014 xUDD=(0.105,0.117,0.632) | sep=2.3306
# CONVTAG t=2036.00 rough=0.000000 cond=22.885700 evap=26.631249 backs=3.473641
# CANT t=2036.00 a_tag=1.0000 a_max=1.0000 xl_tag=0.4656 nlock=6 tune=123.193121
# REG t=2036.00 tp n=7 rho=[0.144 0.394 0.569 0.662] gr=0.00003 fl=1.000 | ba n=25683 rho=[0.091 0.488 0.842 0.960] gr=0.00007 fl=0.929
t= 2040.00 -9.36e-16 | 1.6646 16.35  22121   14 264176 264469 | 1.4281 14.78 | 7.86e-03 2.48e-02 |   4.4259 0.6338  1.9249  1.3064 1.000 15.33 | edge_dev mean=0.1218 max=0.2605 gg=0.2070 shape_dev=0.5282 xbar=0.2945 | T0 psi=(-0.049,-1.311,+0.803) ggm=0.000 circ=-0.4002 xUDD=(0.133,0.142,0.650) | T1 psi=(+0.092,+0.577,+2.499) ggm=0.000 circ=+5.6392 xUDD=(0.081,0.112,0.649) | sep=2.3178
# CONVTAG t=2040.00 rough=0.000000 cond=22.885700 evap=26.631249 backs=3.473641
# CANT t=2040.00 a_tag=1.0000 a_max=1.0000 xl_tag=0.4656 nlock=6 tune=123.475928
# REG t=2040.00 tp n=7 rho=[0.200 0.323 0.332 0.394] gr=0.00002 fl=1.000 | ba n=25660 rho=[0.092 0.482 0.840 0.960] gr=0.00007 fl=0.930
t= 2044.00 -9.36e-16 | 1.6641 16.36  22140    8 264674 264955 | 1.4283 14.77 | 7.03e-03 1.86e-02 |   4.6873 0.6712  1.9769  1.3040 1.000 15.50 | edge_dev mean=0.1271 max=0.2653 gg=0.2509 shape_dev=0.5311 xbar=0.3120 | T0 psi=(-0.038,+1.970,-2.519) ggm=0.000 circ=-0.4069 xUDD=(0.141,0.140,0.658) | T1 psi=(+0.208,-1.770,-1.224) ggm=0.000 circ=+5.7733 xUDD=(0.084,0.139,0.710) | sep=2.3158
# CONVTAG t=2044.00 rough=0.000000 cond=23.055026 evap=26.631249 backs=3.473641
# CANT t=2044.00 a_tag=1.0000 a_max=1.0000 xl_tag=0.4656 nlock=6 tune=123.784685
# REG t=2044.00 tp n=7 rho=[0.103 0.333 0.355 0.387] gr=0.00003 fl=1.000 | ba n=25678 rho=[0.097 0.495 0.841 0.960] gr=0.00007 fl=0.930
t= 2048.00 -9.36e-16 | 1.6642 16.31  22072    6 265229 265502 | 1.4274 14.77 | 1.13e-02 2.67e-02 |   4.5272 0.6483  1.9827  1.2920 1.000 15.50 | edge_dev mean=0.1343 max=0.2600 gg=0.2614 shape_dev=0.5314 xbar=0.3014 | T0 psi=(-0.071,-0.630,+0.001) ggm=0.000 circ=-0.4042 xUDD=(0.126,0.134,0.654) | T1 psi=(+0.063,+1.667,+1.523) ggm=0.000 circ=+5.8777 xUDD=(0.078,0.125,0.691) | sep=2.3107
# CONVTAG t=2048.00 rough=0.000000 cond=23.055026 evap=26.631249 backs=3.473641
# CANT t=2048.00 a_tag=1.0000 a_max=1.0000 xl_tag=0.4656 nlock=6 tune=124.097556
# REG t=2048.00 tp n=7 rho=[0.066 0.333 0.387 0.401] gr=0.00002 fl=1.000 | ba n=25687 rho=[0.097 0.496 0.843 0.962] gr=0.00007 fl=0.929
t= 2052.00 -9.36e-16 | 1.6640 16.33  22099    8 265764 266040 | 1.4277 14.76 | 9.66e-03 2.66e-02 |   4.4825 0.6419  1.9152  1.3288 1.000 15.33 | edge_dev mean=0.1371 max=0.2786 gg=0.1474 shape_dev=0.5295 xbar=0.2984 | T0 psi=(+0.091,-2.304,+1.613) ggm=0.000 circ=-0.3826 xUDD=(0.154,0.148,0.656) | T1 psi=(-0.010,-0.952,-2.351) ggm=0.000 circ=+5.9624 xUDD=(0.077,0.080,0.675) | sep=2.3131
# CONVTAG t=2052.00 rough=0.000000 cond=23.318774 evap=27.094806 backs=3.534105
# CANT t=2052.00 a_tag=1.0000 a_max=1.0000 xl_tag=0.4656 nlock=6 tune=124.366571
# REG t=2052.00 tp n=7 rho=[0.047 0.333 0.388 0.573] gr=0.00002 fl=1.000 | ba n=25682 rho=[0.096 0.489 0.842 0.961] gr=0.00007 fl=0.929
t= 2056.00 -9.36e-16 | 1.6642 16.34  22102   16 266280 266557 | 1.4278 14.76 | 5.61e-03 2.16e-02 |   4.6815 0.6704  1.8462  1.3385 1.000 15.17 | edge_dev mean=0.1319 max=0.3006 gg=0.1576 shape_dev=0.5185 xbar=0.3124 | T0 psi=(+0.042,+1.334,-1.554) ggm=0.008 circ=-0.3796 xUDD=(0.167,0.194,0.674) | T1 psi=(-0.056,+2.642,+0.423) ggm=0.000 circ=+6.0595 xUDD=(0.073,0.106,0.661) | sep=2.3160
# CONVTAG t=2056.00 rough=0.000000 cond=23.318774 evap=27.094806 backs=3.534105
# CANT t=2056.00 a_tag=1.0000 a_max=1.0000 xl_tag=0.4656 nlock=6 tune=124.624317
# REG t=2056.00 tp n=7 rho=[0.040 0.333 0.486 0.596] gr=0.00001 fl=1.000 | ba n=25674 rho=[0.098 0.495 0.844 0.959] gr=0.00007 fl=0.930
t= 2060.00 -9.36e-16 | 1.6643 16.33  22101   12 266836 267119 | 1.4278 14.77 | 8.09e-03 2.39e-02 |   4.5770 0.6554  1.8877  1.3271 1.000 15.17 | edge_dev mean=0.1404 max=0.3241 gg=0.1495 shape_dev=0.5258 xbar=0.3046 | T0 psi=(-0.228,-2.603,+2.950) ggm=0.000 circ=-0.3815 xUDD=(0.168,0.153,0.671) | T1 psi=(+0.286,-0.139,+2.212) ggm=0.000 circ=+6.1284 xUDD=(0.068,0.106,0.662) | sep=2.3076
# CONVTAG t=2060.00 rough=0.000000 cond=23.318774 evap=27.094806 backs=3.534105
# CANT t=2060.00 a_tag=1.0000 a_max=1.0000 xl_tag=0.4656 nlock=6 tune=124.871899
# REG t=2060.00 tp n=7 rho=[0.033 0.333 0.413 0.728] gr=0.00001 fl=1.000 | ba n=25673 rho=[0.097 0.497 0.843 0.961] gr=0.00007 fl=0.930
t= 2064.00 -9.36e-16 | 1.6641 16.35  22118    9 267392 267709 | 1.4280 14.77 | 8.07e-03 2.50e-02 |   4.5638 0.6535  1.9113  1.3218 1.000 15.17 | edge_dev mean=0.1436 max=0.3313 gg=0.1644 shape_dev=0.5109 xbar=0.3037 | T0 psi=(-0.102,-2.472,+2.539) ggm=0.000 circ=-0.3870 xUDD=(0.118,0.198,0.650) | T1 psi=(-3.137,-1.969,-1.580) ggm=0.000 circ=+6.1294 xUDD=(0.097,0.109,0.650) | sep=2.3181
# CONVTAG t=2064.00 rough=0.000000 cond=23.592488 evap=27.094806 backs=3.534105
# CANT t=2064.00 a_tag=1.0000 a_max=1.0000 xl_tag=0.4656 nlock=6 tune=125.181640
# REG t=2064.00 tp n=7 rho=[0.032 0.327 0.430 0.778] gr=0.00008 fl=1.000 | ba n=25642 rho=[0.098 0.494 0.849 0.963] gr=0.00007 fl=0.931
t= 2068.00 -9.36e-16 | 1.6635 16.35  22121   17 267943 268268 | 1.4280 14.77 | 8.14e-03 2.03e-02 |   4.6815 0.6704  1.9403  1.3155 1.000 15.17 | edge_dev mean=0.1391 max=0.3571 gg=0.1737 shape_dev=0.5116 xbar=0.3114 | T0 psi=(-0.035,+1.325,-1.179) ggm=0.018 circ=-0.4244 xUDD=(0.142,0.150,0.675) | T1 psi=(-0.811,+1.627,+3.036) ggm=0.000 circ=+6.0984 xUDD=(0.126,0.121,0.654) | sep=2.3126
# CONVTAG t=2068.00 rough=0.000000 cond=23.761504 evap=27.094806 backs=3.534105
# CANT t=2068.00 a_tag=1.0000 a_max=1.0000 xl_tag=0.4656 nlock=6 tune=125.486366
# REG t=2068.00 tp n=7 rho=[0.040 0.453 0.527 0.837] gr=0.00007 fl=1.000 | ba n=25628 rho=[0.101 0.495 0.846 0.962] gr=0.00007 fl=0.931
t= 2072.00 -9.36e-16 | 1.6638 16.35  22119    9 268467 268781 | 1.4280 14.76 | 6.24e-03 2.07e-02 |   4.3721 0.6261  1.8846  1.3174 1.000 15.33 | edge_dev mean=0.1376 max=0.3880 gg=0.1736 shape_dev=0.5355 xbar=0.2910 | T0 psi=(-0.038,-0.227,+0.408) ggm=0.000 circ=-0.4259 xUDD=(0.151,0.147,0.648) | T1 psi=(-0.643,+2.374,+1.090) ggm=0.000 circ=+6.1320 xUDD=(0.114,0.098,0.589) | sep=2.2763
# CONVTAG t=2072.00 rough=0.000000 cond=23.761504 evap=27.391859 backs=3.572851
# CANT t=2072.00 a_tag=1.0000 a_max=1.0000 xl_tag=0.4656 nlock=6 tune=125.805646
# REG t=2072.00 tp n=8 rho=[0.011 0.327 0.507 0.840] gr=0.00003 fl=0.875 | ba n=25647 rho=[0.099 0.498 0.845 0.961] gr=0.00007 fl=0.931
t= 2076.00 -9.36e-16 | 1.6640 16.34  22111   20 269029 269307 | 1.4280 14.77 | 4.41e-03 1.62e-02 |   4.1631 0.5961  1.9183  1.3398 1.000 15.33 | edge_dev mean=0.1350 max=0.3970 gg=0.3052 shape_dev=0.5369 xbar=0.2771 | T0 psi=(-0.065,-2.333,+2.225) ggm=0.000 circ=-0.4025 xUDD=(0.140,0.161,0.580) | T1 psi=(-0.279,-1.895,-1.635) ggm=0.000 circ=+6.1413 xUDD=(0.102,0.076,0.604) | sep=2.2765
# CONVTAG t=2076.00 rough=0.000000 cond=23.761504 evap=27.691630 backs=3.611952
# CANT t=2076.00 a_tag=1.0000 a_max=1.0000 xl_tag=0.4656 nlock=6 tune=126.153620
# REG t=2076.00 tp n=8 rho=[0.109 0.333 0.479 0.840] gr=0.00009 fl=0.875 | ba n=25672 rho=[0.094 0.497 0.847 0.962] gr=0.00007 fl=0.930
t= 2080.00 -9.36e-16 | 1.6639 16.36  22133   10 269529 269818 | 1.4281 14.76 | 1.18e-02 2.99e-02 |   4.5843 0.6565  1.8109  1.3394 1.000 15.17 | edge_dev mean=0.1227 max=0.4076 gg=0.2493 shape_dev=0.5295 xbar=0.3053 | T0 psi=(+0.053,+1.415,-1.099) ggm=0.003 circ=-0.3840 xUDD=(0.156,0.221,0.675) | T1 psi=(-0.041,+1.787,+0.474) ggm=0.000 circ=+6.2219 xUDD=(0.077,0.086,0.617) | sep=2.2778
# CONVTAG t=2080.00 rough=0.000000 cond=23.761504 evap=27.691630 backs=3.611952
# CANT t=2080.00 a_tag=1.0000 a_max=1.0000 xl_tag=0.4656 nlock=6 tune=126.645059
# REG t=2080.00 tp n=8 rho=[0.107 0.273 0.323 0.840] gr=0.00007 fl=0.875 | ba n=25671 rho=[0.096 0.490 0.843 0.961] gr=0.00007 fl=0.930
t= 2084.00 -9.36e-16 | 1.6644 16.35  22119   15 270088 270391 | 1.4280 14.76 | 7.64e-03 1.76e-02 |   3.9984 0.5726  2.0663  1.2352 1.000 15.00 | edge_dev mean=0.1129 max=0.4095 gg=0.1304 shape_dev=0.5556 xbar=0.2676 | T0 psi=(-0.834,-0.998,+1.148) ggm=0.000 circ=-0.3783 xUDD=(0.093,0.047,0.643) | T1 psi=(-0.155,-0.600,-3.115) ggm=0.000 circ=+6.2750 xUDD=(0.074,0.119,0.629) | sep=2.2468
# CONVTAG t=2084.00 rough=0.000000 cond=24.015509 evap=28.573059 backs=3.726921
# CANT t=2084.00 a_tag=1.0000 a_max=1.0000 xl_tag=0.4656 nlock=6 tune=127.092797
# REG t=2084.00 tp n=8 rho=[0.057 0.223 0.386 0.841] gr=0.00007 fl=0.875 | ba n=25653 rho=[0.096 0.486 0.837 0.960] gr=0.00007 fl=0.931
t= 2088.00 -9.36e-16 | 1.6644 16.32  22075   14 270608 270917 | 1.4275 14.77 | 8.79e-03 1.47e-02 |   4.0613 0.5816  2.1831  1.1988 1.000 15.00 | edge_dev mean=0.1153 max=0.4067 gg=0.1247 shape_dev=0.5653 xbar=0.2706 | T0 psi=(-0.851,+2.070,-2.274) ggm=0.000 circ=-0.3850 xUDD=(0.062,0.045,0.624) | T1 psi=(-0.223,-2.775,-0.235) ggm=0.000 circ=+6.3152 xUDD=(0.081,0.113,0.698) | sep=2.2410
# CONVTAG t=2088.00 rough=0.000000 cond=24.186709 evap=28.573059 backs=3.726921
# CANT t=2088.00 a_tag=1.0000 a_max=1.0000 xl_tag=0.4656 nlock=6 tune=127.421183
# REG t=2088.00 tp n=8 rho=[0.042 0.186 0.424 0.841] gr=0.00005 fl=0.875 | ba n=25648 rho=[0.095 0.481 0.838 0.961] gr=0.00007 fl=0.931
t= 2092.00 -9.36e-16 | 1.6645 16.35  22118   13 271148 271422 | 1.4280 14.77 | 8.12e-03 2.46e-02 |   3.9237 0.5619  2.1714  1.1949 1.000 15.00 | edge_dev mean=0.1337 max=0.4236 gg=0.0565 shape_dev=0.5655 xbar=0.2611 | T0 psi=(-0.946,-0.462,+0.005) ggm=0.000 circ=-0.3889 xUDD=(0.057,0.043,0.614) | T1 psi=(-0.259,+1.008,+2.164) ggm=0.000 circ=+6.3713 xUDD=(0.076,0.104,0.674) | sep=2.2365
# CONVTAG t=2092.00 rough=0.000000 cond=24.186709 evap=28.573059 backs=3.726921
# CANT t=2092.00 a_tag=1.0000 a_max=1.0000 xl_tag=0.4656 nlock=6 tune=127.771598
# REG t=2092.00 tp n=8 rho=[0.055 0.127 0.502 0.836] gr=0.00006 fl=0.875 | ba n=25684 rho=[0.089 0.479 0.838 0.960] gr=0.00007 fl=0.930
t= 2096.00 -9.36e-16 | 1.6645 16.33  22094   22 271670 271940 | 1.4277 14.77 | 7.91e-03 1.75e-02 |   3.9216 0.5616  2.1289  1.2228 1.000 15.00 | edge_dev mean=0.1351 max=0.4196 gg=0.0693 shape_dev=0.5705 xbar=0.2612 | T0 psi=(-0.860,+2.605,-3.033) ggm=0.000 circ=-0.3858 xUDD=(0.078,0.047,0.613) | T1 psi=(-0.310,-1.840,-1.417) ggm=0.000 circ=+6.4086 xUDD=(0.087,0.087,0.655) | sep=2.2251
# CONVTAG t=2096.00 rough=0.000000 cond=24.186709 evap=28.573059 backs=3.726921
# CANT t=2096.00 a_tag=1.0000 a_max=1.0000 xl_tag=0.4656 nlock=6 tune=128.015786
# REG t=2096.00 tp n=8 rho=[0.037 0.127 0.736 0.755] gr=0.00007 fl=0.875 | ba n=25679 rho=[0.089 0.477 0.840 0.961] gr=0.00008 fl=0.929
t= 2100.00 -9.36e-16 | 1.6646 16.34  22105   13 272200 272514 | 1.4278 14.76 | 6.37e-03 1.76e-02 |   3.7735 0.5404  2.1018  1.2345 1.000 15.00 | edge_dev mean=0.1277 max=0.4131 gg=0.0411 shape_dev=0.5704 xbar=0.2513 | T0 psi=(-0.631,-0.565,-0.055) ggm=0.000 circ=-0.3687 xUDD=(0.079,0.052,0.609) | T1 psi=(-0.411,+0.672,+2.076) ggm=0.000 circ=+6.4326 xUDD=(0.073,0.063,0.632) | sep=2.2249
# CONVTAG t=2100.00 rough=0.000000 cond=24.186709 evap=28.573059 backs=3.726921
# CANT t=2100.00 a_tag=1.0000 a_max=1.0000 xl_tag=0.4656 nlock=6 tune=128.176661
# REG t=2100.00 tp n=8 rho=[0.030 0.167 0.587 0.884] gr=0.00015 fl=0.875 | ba n=25644 rho=[0.088 0.477 0.839 0.961] gr=0.00007 fl=0.930
t= 2104.00 -9.36e-16 | 1.6645 16.33  22091   13 272705 272979 | 1.4276 14.76 | 5.39e-03 1.77e-02 |   3.8805 0.5557  2.1042  1.2044 1.000 15.00 | edge_dev mean=0.1224 max=0.4001 gg=0.0841 shape_dev=0.6085 xbar=0.2584 | T0 psi=(-0.567,+2.513,-3.076) ggm=0.000 circ=-0.3291 xUDD=(0.066,0.067,0.613) | T1 psi=(-0.474,-2.033,-1.004) ggm=0.000 circ=+6.4438 xUDD=(0.083,0.097,0.625) | sep=2.1989
# CONVTAG t=2104.00 rough=0.000000 cond=24.186709 evap=28.573059 backs=3.726921
# CANT t=2104.00 a_tag=1.0000 a_max=1.0000 xl_tag=0.4656 nlock=6 tune=128.292206
# REG t=2104.00 tp n=8 rho=[0.025 0.131 0.603 0.895] gr=0.00012 fl=0.875 | ba n=25684 rho=[0.086 0.476 0.837 0.961] gr=0.00007 fl=0.929
t= 2108.00 -9.36e-16 | 1.6651 16.35  22116   12 273236 273501 | 1.4280 14.77 | 4.57e-03 1.52e-02 |   4.0732 0.5833  2.0882  1.2170 1.000 15.50 | edge_dev mean=0.1564 max=0.4045 gg=0.2484 shape_dev=0.6184 xbar=0.2711 | T0 psi=(-0.141,-0.358,+0.340) ggm=0.000 circ=-0.2980 xUDD=(0.080,0.079,0.621) | T1 psi=(-0.300,+1.037,+2.318) ggm=0.000 circ=+6.4786 xUDD=(0.109,0.100,0.638) | sep=2.2099
# CONVTAG t=2108.00 rough=0.000000 cond=24.186709 evap=28.573059 backs=3.726921
# CANT t=2108.00 a_tag=1.0000 a_max=1.0000 xl_tag=0.4656 nlock=6 tune=128.464292
# REG t=2108.00 tp n=8 rho=[0.018 0.105 0.546 0.900] gr=0.00009 fl=0.875 | ba n=25694 rho=[0.086 0.476 0.836 0.960] gr=0.00008 fl=0.928
t= 2112.00 -9.36e-16 | 1.6647 16.35  22118    9 273736 274017 | 1.4280 14.77 | 7.93e-03 1.77e-02 |   4.2626 0.6104  1.9137  1.2747 1.000 15.50 | edge_dev mean=0.1534 max=0.4298 gg=0.2397 shape_dev=0.6096 xbar=0.2835 | T0 psi=(-0.056,-2.570,-3.141) ggm=0.000 circ=-0.3042 xUDD=(0.129,0.137,0.653) | T1 psi=(-0.325,-1.819,-1.487) ggm=0.000 circ=+6.5411 xUDD=(0.043,0.094,0.645) | sep=2.2186
# CONVTAG t=2112.00 rough=0.000000 cond=24.734642 evap=29.051930 backs=3.789382
# CANT t=2112.00 a_tag=1.0000 a_max=1.0000 xl_tag=0.4656 nlock=6 tune=128.766477
# REG t=2112.00 tp n=8 rho=[0.009 0.158 0.437 0.849] gr=0.00027 fl=0.875 | ba n=25683 rho=[0.089 0.480 0.840 0.960] gr=0.00007 fl=0.929
t= 2116.00 -9.36e-16 | 1.6646 16.35  22123   15 274194 274470 | 1.4281 14.77 | 7.46e-03 1.85e-02 |   4.2500 0.6086  1.9160  1.2664 1.000 16.00 | edge_dev mean=0.1578 max=0.4322 gg=0.2910 shape_dev=0.6293 xbar=0.2827 | T0 psi=(-0.107,+1.087,-0.457) ggm=0.009 circ=-0.2844 xUDD=(0.129,0.138,0.642) | T1 psi=(-0.018,+1.921,+0.384) ggm=0.000 circ=+6.5621 xUDD=(0.052,0.096,0.638) | sep=2.1964
# CONVTAG t=2116.00 rough=0.000000 cond=24.734642 evap=29.051930 backs=3.789382
# CANT t=2116.00 a_tag=1.0000 a_max=1.0000 xl_tag=0.4656 nlock=6 tune=128.969962
# REG t=2116.00 tp n=8 rho=[0.007 0.088 0.479 0.923] gr=0.00019 fl=0.875 | ba n=25681 rho=[0.090 0.471 0.837 0.960] gr=0.00007 fl=0.929
t= 2120.00 -9.36e-16 | 1.6648 16.36  22138   10 274674 274979 | 1.4282 14.77 | 9.46e-03 2.22e-02 |   4.2941 0.6149  1.8665  1.2722 1.000 15.67 | edge_dev mean=0.1587 max=0.4488 gg=0.2659 shape_dev=0.6398 xbar=0.2857 | T0 psi=(-0.042,-1.708,+2.600) ggm=0.000 circ=-0.2992 xUDD=(0.145,0.141,0.680) | T1 psi=(-0.106,-1.137,-2.701) ggm=0.000 circ=+6.5791 xUDD=(0.036,0.078,0.634) | sep=2.1985
# CONVTAG t=2120.00 rough=0.000000 cond=24.905616 evap=29.051930 backs=3.789382
# CANT t=2120.00 a_tag=1.0000 a_max=1.0000 xl_tag=0.4656 nlock=6 tune=129.219575
# REG t=2120.00 tp n=8 rho=[0.033 0.414 0.799 0.967] gr=0.00051 fl=1.000 | ba n=25658 rho=[0.093 0.474 0.841 0.960] gr=0.00007 fl=0.930
t= 2124.00 -9.36e-16 | 1.6648 16.37  22144    8 275146 275446 | 1.4284 14.77 | 5.87e-03 1.80e-02 |   4.3040 0.6163  1.8827  1.2894 1.000 16.00 | edge_dev mean=0.1572 max=0.4659 gg=0.1716 shape_dev=0.6207 xbar=0.2863 | T0 psi=(-0.057,+0.213,+0.638) ggm=0.000 circ=-0.2708 xUDD=(0.150,0.142,0.646) | T1 psi=(+0.169,+2.139,+0.175) ggm=0.000 circ=+6.6198 xUDD=(0.056,0.091,0.633) | sep=2.2167
# CONVTAG t=2124.00 rough=0.000000 cond=24.905616 evap=29.051930 backs=3.789382
# CANT t=2124.00 a_tag=1.0000 a_max=1.0000 xl_tag=0.4656 nlock=6 tune=129.456722
# REG t=2124.00 tp n=8 rho=[0.015 0.164 0.453 0.981] gr=0.00090 fl=1.000 | ba n=25665 rho=[0.095 0.479 0.839 0.960] gr=0.00008 fl=0.931
t= 2128.00 -9.36e-16 | 1.6649 16.37  22142    5 275680 275969 | 1.4283 14.76 | 6.43e-03 2.04e-02 |   4.3395 0.6214  1.9130  1.2904 1.000 15.83 | edge_dev mean=0.1603 max=0.4641 gg=0.1747 shape_dev=0.6131 xbar=0.2886 | T0 psi=(-0.093,+0.724,+0.160) ggm=0.000 circ=-0.2076 xUDD=(0.145,0.137,0.639) | T1 psi=(+0.228,-0.505,+2.969) ggm=0.000 circ=+6.7337 xUDD=(0.085,0.090,0.636) | sep=2.2187
# CONVTAG t=2128.00 rough=0.000000 cond=24.905616 evap=29.051930 backs=3.789382
# CANT t=2128.00 a_tag=1.0000 a_max=1.0000 xl_tag=0.4656 nlock=6 tune=129.632646
# REG t=2128.00 tp n=8 rho=[0.023 0.125 0.564 0.900] gr=0.00158 fl=1.000 | ba n=25679 rho=[0.092 0.480 0.843 0.961] gr=0.00008 fl=0.930
t= 2132.00 -1.07e-15 | 1.6652 16.35  22126   12 276206 276463 | 1.4281 14.76 | 1.65e-02 3.59e-02 |   3.9142 0.5605  1.8747  1.2711 1.000 16.00 | edge_dev mean=0.1653 max=0.4639 gg=0.2886 shape_dev=0.5990 xbar=0.2616 | T0 psi=(-0.100,+0.282,+0.360) ggm=0.000 circ=-0.1860 xUDD=(0.114,0.122,0.634) | T1 psi=(+2.589,-2.717,-0.027) ggm=0.000 circ=+6.7801 xUDD=(0.087,0.068,0.544) | sep=2.2361
# CONVTAG t=2132.00 rough=0.000000 cond=24.905616 evap=29.352431 backs=3.828578
# CANT t=2132.00 a_tag=1.0000 a_max=1.0000 xl_tag=0.4656 nlock=6 tune=129.907996
# REG t=2132.00 tp n=8 rho=[0.074 0.191 0.459 0.749] gr=0.00133 fl=1.000 | ba n=25703 rho=[0.092 0.477 0.839 0.959] gr=0.00008 fl=0.930
t= 2136.00 -1.07e-15 | 1.6649 16.38  22158   10 276649 276948 | 1.4284 14.76 | 4.28e-03 1.58e-02 |   3.9587 0.5669  1.8960  1.2947 1.000 15.83 | edge_dev mean=0.1698 max=0.4665 gg=0.1519 shape_dev=0.5888 xbar=0.2640 | T0 psi=(+0.003,-1.910,+2.448) ggm=0.000 circ=-0.1359 xUDD=(0.132,0.116,0.624) | T1 psi=(+3.081,+0.772,+1.909) ggm=0.000 circ=+6.7852 xUDD=(0.079,0.054,0.578) | sep=2.2420
# CONVTAG t=2136.00 rough=0.000000 cond=24.905616 evap=29.352431 backs=3.828578
# CANT t=2136.00 a_tag=1.0000 a_max=1.0000 xl_tag=0.4656 nlock=6 tune=130.169832
# REG t=2136.00 tp n=8 rho=[0.074 0.215 0.346 0.459] gr=0.00090 fl=1.000 | ba n=25661 rho=[0.094 0.483 0.838 0.959] gr=0.00008 fl=0.931
t= 2140.00 -9.36e-16 | 1.6649 16.36  22134   13 277142 277452 | 1.4280 14.75 | 9.09e-03 2.36e-02 |   3.7287 0.5339  1.9845  1.2748 1.000 15.67 | edge_dev mean=0.1756 max=0.4710 gg=0.2593 shape_dev=0.5994 xbar=0.2483 | T0 psi=(-0.115,+0.814,-0.316) ggm=0.003 circ=-0.0981 xUDD=(0.098,0.098,0.595) | T1 psi=(-2.894,-1.780,-2.519) ggm=0.000 circ=+6.7694 xUDD=(0.071,0.040,0.588) | sep=2.2364
# CONVTAG t=2140.00 rough=0.000000 cond=24.905616 evap=29.655890 backs=3.868160
# CANT t=2140.00 a_tag=1.0000 a_max=1.0000 xl_tag=0.4656 nlock=6 tune=130.499455
# REG t=2140.00 tp n=8 rho=[0.111 0.256 0.271 0.444] gr=0.00071 fl=1.000 | ba n=25646 rho=[0.098 0.486 0.844 0.960] gr=0.00008 fl=0.931
t= 2144.00 -1.07e-15 | 1.6644 16.34  22113    8 277647 277977 | 1.4277 14.75 | 5.86e-03 1.68e-02 |   3.6144 0.5176  1.9762  1.2658 1.000 15.67 | edge_dev mean=0.1801 max=0.4821 gg=0.2787 shape_dev=0.6026 xbar=0.2407 | T0 psi=(-0.126,-2.402,+2.885) ggm=0.000 circ=-0.0739 xUDD=(0.088,0.094,0.601) | T1 psi=(+3.116,+1.163,+0.946) ggm=0.000 circ=+6.7387 xUDD=(0.038,0.034,0.589) | sep=2.2349
# CONVTAG t=2144.00 rough=0.000000 cond=24.905616 evap=29.655890 backs=3.868160
# CANT t=2144.00 a_tag=1.0000 a_max=1.0000 xl_tag=0.4656 nlock=6 tune=130.620230
# REG t=2144.00 tp n=8 rho=[0.123 0.292 0.443 0.898] gr=0.00047 fl=1.000 | ba n=25631 rho=[0.102 0.492 0.845 0.960] gr=0.00008 fl=0.931
t= 2148.00 -9.36e-16 | 1.6645 16.34  22114   10 278206 278502 | 1.4277 14.75 | 4.98e-03 1.69e-02 |   4.0623 0.5817  2.0130  1.2308 1.000 15.67 | edge_dev mean=0.1770 max=0.4595 gg=0.2936 shape_dev=0.6175 xbar=0.2702 | T0 psi=(-0.190,+0.654,-0.106) ggm=0.001 circ=-0.0353 xUDD=(0.090,0.096,0.624) | T1 psi=(+2.893,+3.002,+0.899) ggm=0.000 circ=+6.7281 xUDD=(0.086,0.107,0.618) | sep=2.2256
# CONVTAG t=2148.00 rough=0.000000 cond=25.195160 evap=29.655890 backs=3.868160
# CANT t=2148.00 a_tag=1.0000 a_max=1.0000 xl_tag=0.4656 nlock=6 tune=130.926713
# REG t=2148.00 tp n=8 rho=[0.125 0.341 0.592 0.947] gr=0.00032 fl=1.000 | ba n=25666 rho=[0.101 0.490 0.843 0.961] gr=0.00008 fl=0.929
t= 2152.00 -9.36e-16 | 1.6648 16.33  22100    9 278712 279016 | 1.4276 14.75 | 7.39e-03 1.94e-02 |   4.1258 0.5908  2.0363  1.2343 1.000 15.67 | edge_dev mean=0.1843 max=0.4614 gg=0.2940 shape_dev=0.6186 xbar=0.2746 | T0 psi=(-0.081,-2.198,+2.750) ggm=0.000 circ=-0.0272 xUDD=(0.090,0.097,0.625) | T1 psi=(+2.971,-2.279,-0.338) ggm=0.000 circ=+6.7266 xUDD=(0.110,0.092,0.634) | sep=2.2181
# CONVTAG t=2152.00 rough=0.000000 cond=25.195160 evap=29.655890 backs=3.868160
# CANT t=2152.00 a_tag=1.0000 a_max=1.0000 xl_tag=0.4656 nlock=6 tune=131.132591
# REG t=2152.00 tp n=8 rho=[0.125 0.422 0.442 0.918] gr=0.00024 fl=1.000 | ba n=25659 rho=[0.101 0.489 0.844 0.961] gr=0.00008 fl=0.929
t= 2156.00 -1.07e-15 | 1.6646 16.33  22095    7 279223 279535 | 1.4276 14.75 | 6.86e-03 2.02e-02 |   3.9223 0.5617  2.0391  1.2340 1.000 15.83 | edge_dev mean=0.1858 max=0.4658 gg=0.2734 shape_dev=0.6178 xbar=0.2609 | T0 psi=(-0.092,+1.402,-0.881) ggm=0.010 circ=-0.0155 xUDD=(0.087,0.087,0.616) | T1 psi=(+2.637,+1.792,+1.992) ggm=0.000 circ=+6.7251 xUDD=(0.075,0.069,0.632) | sep=2.2172
# CONVTAG t=2156.00 rough=0.000000 cond=25.195160 evap=29.655890 backs=3.868160
# CANT t=2156.00 a_tag=1.0000 a_max=1.0000 xl_tag=0.4656 nlock=6 tune=131.285425
# REG t=2156.00 tp n=8 rho=[0.126 0.415 0.672 0.893] gr=0.00019 fl=1.000 | ba n=25651 rho=[0.101 0.494 0.844 0.960] gr=0.00008 fl=0.930
t= 2160.00 -1.07e-15 | 1.6648 16.31  22066   11 279746 280060 | 1.4272 14.75 | 7.47e-03 1.79e-02 |   4.2907 0.6144  2.0598  1.2431 1.000 15.50 | edge_dev mean=0.1769 max=0.4535 gg=0.3288 shape_dev=0.6180 xbar=0.2854 | T0 psi=(-0.062,-1.256,+1.727) ggm=0.000 circ=-0.0213 xUDD=(0.102,0.104,0.617) | T1 psi=(-2.102,-0.241,+1.665) ggm=0.000 circ=+6.7152 xUDD=(0.128,0.098,0.663) | sep=2.2098
# CONVTAG t=2160.00 rough=0.000000 cond=25.367021 evap=29.655890 backs=3.868160
# CANT t=2160.00 a_tag=1.0000 a_max=1.0000 xl_tag=0.4656 nlock=6 tune=131.541089
# REG t=2160.00 tp n=8 rho=[0.126 0.403 0.647 0.744] gr=0.00014 fl=1.000 | ba n=25647 rho=[0.100 0.493 0.844 0.959] gr=0.00008 fl=0.929
t= 2164.00 -1.07e-15 | 1.6648 16.33  22097   14 280247 280577 | 1.4277 14.76 | 9.74e-03 1.84e-02 |   4.2005 0.6015  2.0341  1.2456 1.000 15.67 | edge_dev mean=0.1707 max=0.4680 gg=0.2235 shape_dev=0.6186 xbar=0.2794 | T0 psi=(-0.081,+2.912,-2.338) ggm=0.000 circ=+0.0123 xUDD=(0.101,0.103,0.625) | T1 psi=(-0.342,-2.672,+0.419) ggm=0.000 circ=+6.7383 xUDD=(0.105,0.090,0.651) | sep=2.2166
# CONVTAG t=2164.00 rough=0.000000 cond=25.367021 evap=29.655890 backs=3.868160
# CANT t=2164.00 a_tag=1.0000 a_max=1.0000 xl_tag=0.4656 nlock=6 tune=131.719702
# REG t=2164.00 tp n=8 rho=[0.378 0.411 0.647 0.905] gr=0.00011 fl=1.000 | ba n=25629 rho=[0.101 0.491 0.846 0.960] gr=0.00008 fl=0.929
t= 2168.00 -9.36e-16 | 1.6648 16.35  22118   11 280762 281085 | 1.4280 14.76 | 1.12e-02 2.74e-02 |   4.2511 0.6087  1.9710  1.2505 1.000 15.67 | edge_dev mean=0.1639 max=0.4704 gg=0.2491 shape_dev=0.6187 xbar=0.2829 | T0 psi=(-0.065,+0.070,+0.532) ggm=0.000 circ=+0.0282 xUDD=(0.110,0.124,0.629) | T1 psi=(+0.063,+1.365,+1.637) ggm=0.000 circ=+6.8798 xUDD=(0.082,0.104,0.648) | sep=2.2090
# CONVTAG t=2168.00 rough=0.000000 cond=25.367021 evap=29.655890 backs=3.868160
# CANT t=2168.00 a_tag=1.0000 a_max=1.0000 xl_tag=0.4656 nlock=6 tune=131.928539
# REG t=2168.00 tp n=8 rho=[0.210 0.366 0.646 0.745] gr=0.00007 fl=1.000 | ba n=25638 rho=[0.101 0.494 0.846 0.961] gr=0.00008 fl=0.930
t= 2172.00 -9.36e-16 | 1.6647 16.34  22113   10 281283 281577 | 1.4280 14.76 | 6.83e-03 1.79e-02 |   4.2876 0.6140  1.9418  1.2691 1.000 15.83 | edge_dev mean=0.1661 max=0.4790 gg=0.2608 shape_dev=0.6144 xbar=0.2855 | T0 psi=(-0.063,-2.781,-2.775) ggm=0.000 circ=+0.0499 xUDD=(0.123,0.130,0.635) | T1 psi=(+0.279,-1.764,-1.808) ggm=0.000 circ=+7.0227 xUDD=(0.085,0.093,0.646) | sep=2.2152
# CONVTAG t=2172.00 rough=0.000000 cond=25.367021 evap=29.655890 backs=3.868160
# CANT t=2172.00 a_tag=1.0000 a_max=1.0000 xl_tag=0.4656 nlock=6 tune=132.139936
# REG t=2172.00 tp n=8 rho=[0.171 0.366 0.745 0.952] gr=0.00008 fl=1.000 | ba n=25668 rho=[0.097 0.489 0.845 0.961] gr=0.00008 fl=0.929
t= 2176.00 -1.07e-15 | 1.6646 16.35  22119    7 281795 282101 | 1.4280 14.76 | 8.11e-03 2.43e-02 |   4.3480 0.6226  1.9466  1.2602 1.000 15.67 | edge_dev mean=0.1692 max=0.4943 gg=0.2769 shape_dev=0.6034 xbar=0.2893 | T0 psi=(-0.067,+0.840,+0.043) ggm=0.000 circ=+0.0692 xUDD=(0.115,0.134,0.643) | T1 psi=(+0.237,+1.464,+1.561) ggm=0.000 circ=+7.1446 xUDD=(0.074,0.121,0.649) | sep=2.2282
# CONVTAG t=2176.00 rough=0.000000 cond=25.367021 evap=29.655890 backs=3.868160
# CANT t=2176.00 a_tag=1.0000 a_max=1.0000 xl_tag=0.4656 nlock=6 tune=132.342083
# REG t=2176.00 tp n=8 rho=[0.180 0.370 0.737 0.901] gr=0.00006 fl=1.000 | ba n=25660 rho=[0.098 0.485 0.844 0.960] gr=0.00008 fl=0.929
t= 2180.00 -9.36e-16 | 1.6644 16.34  22111   12 282337 282670 | 1.4280 14.76 | 9.51e-03 2.48e-02 |   4.5460 0.6510  1.8826  1.2916 1.000 15.83 | edge_dev mean=0.1585 max=0.4591 gg=0.1635 shape_dev=0.5991 xbar=0.3025 | T0 psi=(-0.011,-1.097,+1.988) ggm=0.000 circ=+0.1467 xUDD=(0.159,0.147,0.668) | T1 psi=(+0.091,-1.358,-1.704) ggm=0.000 circ=+7.2233 xUDD=(0.080,0.105,0.657) | sep=2.2185
# CONVTAG t=2180.00 rough=0.000000 cond=25.631901 evap=29.655890 backs=3.868160
# CANT t=2180.00 a_tag=1.0000 a_max=1.0000 xl_tag=0.4656 nlock=6 tune=132.677373
# REG t=2180.00 tp n=8 rho=[0.178 0.262 0.737 0.757] gr=0.00005 fl=1.000 | ba n=25629 rho=[0.097 0.486 0.843 0.961] gr=0.00008 fl=0.930
t= 2184.00 -1.07e-15 | 1.6644 16.35  22115    9 282839 283180 | 1.4281 14.77 | 8.83e-03 2.69e-02 |   4.3690 0.6256  1.8914  1.2942 1.000 15.67 | edge_dev mean=0.1529 max=0.4384 gg=0.1641 shape_dev=0.5777 xbar=0.2905 | T0 psi=(-0.051,-2.868,-2.642) ggm=0.000 circ=+0.1702 xUDD=(0.140,0.151,0.646) | T1 psi=(+0.072,+2.236,+0.727) ggm=0.000 circ=+7.3256 xUDD=(0.056,0.098,0.652) | sep=2.2319
# CONVTAG t=2184.00 rough=0.000000 cond=25.631901 evap=29.655890 backs=3.868160
# CANT t=2184.00 a_tag=1.0000 a_max=1.0000 xl_tag=0.4656 nlock=6 tune=132.890351
# REG t=2184.00 tp n=8 rho=[0.091 0.182 0.645 0.739] gr=0.00021 fl=1.000 | ba n=25623 rho=[0.095 0.486 0.840 0.959] gr=0.00008 fl=0.931
t= 2188.00 -1.07e-15 | 1.6644 16.36  22141    8 283347 283666 | 1.4281 14.75 | 7.74e-03 2.08e-02 |   4.3252 0.6194  1.8932  1.2917 1.000 15.83 | edge_dev mean=0.1515 max=0.4334 gg=0.1625 shape_dev=0.5825 xbar=0.2875 | T0 psi=(-0.077,+0.073,+0.791) ggm=0.000 circ=+0.1854 xUDD=(0.138,0.146,0.657) | T1 psi=(+0.178,-0.385,+2.749) ggm=0.000 circ=+7.4132 xUDD=(0.050,0.087,0.647) | sep=2.2222
# CONVTAG t=2188.00 rough=0.000000 cond=25.631901 evap=29.655890 backs=3.868160
# CANT t=2188.00 a_tag=1.0000 a_max=1.0000 xl_tag=0.4656 nlock=6 tune=133.109213
# REG t=2188.00 tp n=8 rho=[0.032 0.209 0.644 0.931] gr=0.00046 fl=1.000 | ba n=25646 rho=[0.095 0.482 0.844 0.961] gr=0.00008 fl=0.931
t= 2192.00 -1.07e-15 | 1.6644 16.36  22129   13 283822 284116 | 1.4280 14.75 | 6.82e-03 1.99e-02 |   4.3296 0.6200  1.8779  1.3061 1.000 16.00 | edge_dev mean=0.1505 max=0.4443 gg=0.1536 shape_dev=0.5862 xbar=0.2881 | T0 psi=(+0.058,+0.409,+0.263) ggm=0.000 circ=+0.1471 xUDD=(0.144,0.165,0.643) | T1 psi=(+0.203,-2.851,-1.206) ggm=0.000 circ=+7.5018 xUDD=(0.053,0.084,0.640) | sep=2.2152
# CONVTAG t=2192.00 rough=0.000000 cond=25.631901 evap=29.655890 backs=3.868160
# CANT t=2192.00 a_tag=1.0000 a_max=1.0000 xl_tag=0.4656 nlock=6 tune=133.357814
# REG t=2192.00 tp n=8 rho=[0.118 0.209 0.967 0.989] gr=0.00094 fl=1.000 | ba n=25666 rho=[0.097 0.488 0.842 0.961] gr=0.00008 fl=0.930
t= 2196.00 -1.07e-15 | 1.6646 16.38  22159    8 284306 284624 | 1.4284 14.75 | 5.90e-03 1.69e-02 |   4.4505 0.6373  1.8884  1.2893 1.000 16.00 | edge_dev mean=0.1537 max=0.4591 gg=0.1580 shape_dev=0.5799 xbar=0.2962 | T0 psi=(-0.161,-2.634,-2.472) ggm=0.000 circ=+0.1475 xUDD=(0.138,0.168,0.659) | T1 psi=(-0.094,+0.552,+2.529) ggm=0.000 circ=+7.5602 xUDD=(0.060,0.113,0.640) | sep=2.2216
# CONVTAG t=2196.00 rough=0.000000 cond=25.631901 evap=29.655890 backs=3.868160
# CANT t=2196.00 a_tag=1.0000 a_max=1.0000 xl_tag=0.4656 nlock=6 tune=133.615065
# REG t=2196.00 tp n=8 rho=[0.109 0.256 0.644 0.712] gr=0.00118 fl=1.000 | ba n=25647 rho=[0.096 0.484 0.841 0.961] gr=0.00008 fl=0.930
t= 2200.00 -1.07e-15 | 1.6647 16.40  22187   17 284800 285145 | 1.4287 14.75 | 7.28e-03 2.09e-02 |   4.8706 0.6975  1.9557  1.2751 1.000 16.00 | edge_dev mean=0.1581 max=0.4533 gg=0.2696 shape_dev=0.5975 xbar=0.3238 | T0 psi=(+0.005,+0.724,+0.161) ggm=0.001 circ=+0.0759 xUDD=(0.151,0.142,0.664) | T1 psi=(+0.021,+0.284,-1.227) ggm=0.007 circ=+7.7302 xUDD=(0.153,0.168,0.664) | sep=2.2437
# CONVTAG t=2200.00 rough=0.000000 cond=25.910120 evap=29.655890 backs=3.868160
# CANT t=2200.00 a_tag=1.0000 a_max=1.0000 xl_tag=0.4656 nlock=6 tune=133.914789
# REG t=2200.00 tp n=8 rho=[0.108 0.201 0.558 0.604] gr=0.00102 fl=1.000 | ba n=25614 rho=[0.094 0.481 0.842 0.960] gr=0.00008 fl=0.931
t= 2204.00 -1.07e-15 | 1.6647 16.37  22144   12 285314 285640 | 1.4282 14.76 | 1.12e-02 2.89e-02 |   4.5518 0.6518  1.9368  1.3036 1.000 16.00 | edge_dev mean=0.1677 max=0.4479 gg=0.2807 shape_dev=0.5501 xbar=0.3057 | T0 psi=(+0.002,-1.742,+2.412) ggm=0.000 circ=+0.1079 xUDD=(0.131,0.159,0.642) | T1 psi=(+0.069,+2.581,+2.368) ggm=0.000 circ=+7.7567 xUDD=(0.163,0.132,0.606) | sep=2.2954
# CONVTAG t=2204.00 rough=0.000000 cond=25.910120 evap=29.949286 backs=3.906429
# CANT t=2204.00 a_tag=1.0000 a_max=1.0000 xl_tag=0.4656 nlock=6 tune=134.382787
# REG t=2204.00 tp n=8 rho=[0.108 0.217 0.717 0.954] gr=0.00175 fl=1.000 | ba n=25635 rho=[0.096 0.482 0.838 0.960] gr=0.00007 fl=0.931
t= 2208.00 -1.07e-15 | 1.6646 16.38  22164    9 285822 286123 | 1.4284 14.75 | 5.77e-03 1.44e-02 |   4.3190 0.6185  2.0266  1.3199 1.000 15.67 | edge_dev mean=0.1607 max=0.4243 gg=0.4148 shape_dev=0.5093 xbar=0.2869 | T0 psi=(-0.008,+1.757,-1.672) ggm=0.001 circ=+0.0762 xUDD=(0.133,0.131,0.557) | T1 psi=(+0.124,+3.060,+1.840) ggm=0.000 circ=+7.8435 xUDD=(0.142,0.135,0.624) | sep=2.3234
# CONVTAG t=2208.00 rough=0.000000 cond=25.910120 evap=30.250055 backs=3.945659
# CANT t=2208.00 a_tag=1.0000 a_max=1.0000 xl_tag=0.4656 nlock=6 tune=134.715236
# REG t=2208.00 tp n=8 rho=[0.108 0.300 0.834 0.834] gr=0.00177 fl=1.000 | ba n=25662 rho=[0.095 0.476 0.838 0.960] gr=0.00007 fl=0.930
t= 2212.00 -1.07e-15 | 1.6644 16.35  22125   10 286309 286646 | 1.4280 14.76 | 8.24e-03 2.42e-02 |   4.4047 0.6307  2.0363  1.2985 1.000 15.50 | edge_dev mean=0.1534 max=0.3944 gg=0.3258 shape_dev=0.4981 xbar=0.2928 | T0 psi=(-0.037,+1.981,-1.786) ggm=0.000 circ=+0.1081 xUDD=(0.116,0.119,0.621) | T1 psi=(-0.012,+2.338,+2.692) ggm=0.000 circ=+7.8749 xUDD=(0.152,0.125,0.625) | sep=2.3322
# CONVTAG t=2212.00 rough=0.000000 cond=25.910120 evap=30.250055 backs=3.945659
# CANT t=2212.00 a_tag=1.0000 a_max=1.0000 xl_tag=0.4656 nlock=6 tune=134.964178
# REG t=2212.00 tp n=7 rho=[0.147 0.629 0.833 0.897] gr=0.00675 fl=1.000 | ba n=25626 rho=[0.099 0.479 0.840 0.960] gr=0.00007 fl=0.931
t= 2216.00 -1.07e-15 | 1.6643 16.34  22110   11 286848 287188 | 1.4279 14.76 | 4.14e-03 1.32e-02 |   4.4176 0.6326  2.0147  1.2801 1.000 15.50 | edge_dev mean=0.1605 max=0.3779 gg=0.5378 shape_dev=0.5178 xbar=0.2937 | T0 psi=(-0.049,-1.371,+1.489) ggm=0.000 circ=+0.1071 xUDD=(0.116,0.121,0.633) | T1 psi=(-0.005,-0.081,-0.844) ggm=0.329 circ=+7.8980 xUDD=(0.137,0.137,0.618) | sep=2.3274
# CONVTAG t=2216.00 rough=0.000000 cond=25.910120 evap=30.250055 backs=3.945659
# CANT t=2216.00 a_tag=1.0000 a_max=1.0000 xl_tag=0.4656 nlock=6 tune=135.181658
# REG t=2216.00 tp n=7 rho=[0.555 0.639 0.683 0.922] gr=0.00467 fl=1.000 | ba n=25622 rho=[0.097 0.484 0.841 0.960] gr=0.00007 fl=0.931
t= 2220.00 -1.07e-15 | 1.6642 16.34  22112   12 287374 287710 | 1.4280 14.77 | 6.36e-03 1.75e-02 |   4.4925 0.6433  2.0237  1.2906 1.000 15.83 | edge_dev mean=0.1559 max=0.3962 gg=0.4925 shape_dev=0.5031 xbar=0.2988 | T0 psi=(-0.068,-3.007,-3.032) ggm=0.000 circ=+0.0455 xUDD=(0.131,0.109,0.634) | T1 psi=(-0.088,+0.082,-0.868) ggm=0.300 circ=+7.8804 xUDD=(0.153,0.141,0.623) | sep=2.3342
# CONVTAG t=2220.00 rough=0.000000 cond=25.910120 evap=30.250055 backs=3.945659
# CANT t=2220.00 a_tag=1.0000 a_max=1.0000 xl_tag=0.4656 nlock=6 tune=135.406844
# REG t=2220.00 tp n=7 rho=[0.550 0.609 0.642 0.950] gr=0.00804 fl=1.000 | ba n=25625 rho=[0.095 0.485 0.843 0.961] gr=0.00007 fl=0.931
t= 2224.00 -1.07e-15 | 1.6641 16.35  22126    8 287818 288186 | 1.4282 14.77 | 6.12e-03 1.65e-02 |   4.5188 0.6471  2.0412  1.2948 1.000 15.83 | edge_dev mean=0.1524 max=0.4125 gg=0.4198 shape_dev=0.4799 xbar=0.3005 | T0 psi=(+0.000,+0.748,-0.743) ggm=0.007 circ=+0.0960 xUDD=(0.117,0.123,0.629) | T1 psi=(+0.041,+0.322,-1.309) ggm=0.110 circ=+7.8589 xUDD=(0.168,0.139,0.627) | sep=2.3513
# CONVTAG t=2224.00 rough=0.000000 cond=25.910120 evap=30.250055 backs=3.945659
# CANT t=2224.00 a_tag=1.0000 a_max=1.0000 xl_tag=0.4656 nlock=6 tune=135.625692
# REG t=2224.00 tp n=7 rho=[0.593 0.645 0.683 0.968] gr=0.01129 fl=1.000 | ba n=25596 rho=[0.096 0.485 0.844 0.961] gr=0.00007 fl=0.932
t= 2228.00 -1.07e-15 | 1.6644 16.35  22122   10 288280 288654 | 1.4281 14.77 | 5.79e-03 1.80e-02 |   4.5911 0.6574  2.0424  1.2889 1.000 15.83 | edge_dev mean=0.1527 max=0.4359 gg=0.3810 shape_dev=0.4860 xbar=0.3051 | T0 psi=(-0.100,-2.279,+2.718) ggm=0.000 circ=+0.1240 xUDD=(0.111,0.132,0.632) | T1 psi=(+0.171,-0.486,-0.822) ggm=0.271 circ=+7.8434 xUDD=(0.166,0.162,0.628) | sep=2.3449
# CONVTAG t=2228.00 rough=0.000000 cond=25.910120 evap=30.250055 backs=3.945659
# CANT t=2228.00 a_tag=1.0000 a_max=1.0000 xl_tag=0.4656 nlock=6 tune=135.843272
# REG t=2228.00 tp n=7 rho=[0.571 0.654 0.721 0.977] gr=0.01192 fl=1.000 | ba n=25590 rho=[0.099 0.484 0.844 0.961] gr=0.00007 fl=0.933
t= 2232.00 -1.07e-15 | 1.6640 16.38  22158   11 288771 289135 | 1.4285 14.77 | 5.56e-03 1.66e-02 |   4.3089 0.6170  2.0937  1.2660 1.000 15.50 | edge_dev mean=0.1642 max=0.4460 gg=0.5023 shape_dev=0.5098 xbar=0.2866 | T0 psi=(-0.132,+1.298,-0.853) ggm=0.014 circ=+0.1062 xUDD=(0.105,0.076,0.643) | T1 psi=(-0.021,-2.798,+1.532) ggm=0.000 circ=+7.9311 xUDD=(0.109,0.140,0.646) | sep=2.3301
# CONVTAG t=2232.00 rough=0.000000 cond=26.172397 evap=30.711026 backs=4.005786
# CANT t=2232.00 a_tag=1.0000 a_max=1.0000 xl_tag=0.4656 nlock=6 tune=136.165036
# REG t=2232.00 tp n=7 rho=[0.304 0.592 0.960 0.972] gr=0.01070 fl=1.000 | ba n=25596 rho=[0.095 0.482 0.843 0.961] gr=0.00007 fl=0.933
t= 2236.00 -1.07e-15 | 1.6641 16.37  22143   12 289250 289594 | 1.4282 14.76 | 8.50e-03 2.57e-02 |   4.3184 0.6184  2.0631  1.2812 1.000 15.83 | edge_dev mean=0.1577 max=0.4451 gg=0.2544 shape_dev=0.5116 xbar=0.2872 | T0 psi=(-0.086,-0.647,+1.157) ggm=0.000 circ=+0.0807 xUDD=(0.111,0.094,0.637) | T1 psi=(+0.167,-2.311,+0.330) ggm=0.000 circ=+8.0151 xUDD=(0.101,0.130,0.650) | sep=2.3206
# CONVTAG t=2236.00 rough=0.000000 cond=26.172397 evap=30.711026 backs=4.005786
# CANT t=2236.00 a_tag=1.0000 a_max=1.0000 xl_tag=0.4656 nlock=6 tune=136.448679
# REG t=2236.00 tp n=8 rho=[0.297 0.592 0.945 0.952] gr=0.00114 fl=0.875 | ba n=25615 rho=[0.093 0.478 0.842 0.961] gr=0.00007 fl=0.932
t= 2240.00 -1.07e-15 | 1.6645 16.34  22114   15 289721 290070 | 1.4279 14.76 | 6.08e-03 1.64e-02 |   4.3892 0.6285  2.0337  1.2834 1.000 15.83 | edge_dev mean=0.1469 max=0.4616 gg=0.2294 shape_dev=0.5398 xbar=0.2919 | T0 psi=(-0.089,+3.063,-2.288) ggm=0.000 circ=+0.0914 xUDD=(0.112,0.115,0.637) | T1 psi=(+0.311,+0.927,+2.627) ggm=0.000 circ=+8.2018 xUDD=(0.104,0.124,0.660) | sep=2.2840
# CONVTAG t=2240.00 rough=0.000000 cond=26.172397 evap=30.711026 backs=4.005786
# CANT t=2240.00 a_tag=1.0000 a_max=1.0000 xl_tag=0.4656 nlock=6 tune=136.769694
# REG t=2240.00 tp n=8 rho=[0.287 0.593 0.845 0.897] gr=0.00106 fl=0.875 | ba n=25608 rho=[0.094 0.483 0.841 0.961] gr=0.00007 fl=0.932
t= 2244.00 -1.20e-15 | 1.6641 16.36  22136   11 290213 290552 | 1.4281 14.76 | 6.71e-03 1.84e-02 |   4.5059 0.6452  1.9462  1.2854 1.000 16.17 | edge_dev mean=0.1500 max=0.4853 gg=0.2257 shape_dev=0.5740 xbar=0.2997 | T0 psi=(-0.055,+0.494,+0.731) ggm=0.000 circ=+0.1092 xUDD=(0.131,0.139,0.675) | T1 psi=(+0.207,-1.903,-1.573) ggm=0.000 circ=+8.3596 xUDD=(0.072,0.119,0.663) | sep=2.2357
# CONVTAG t=2244.00 rough=0.000000 cond=26.343613 evap=30.711026 backs=4.005786
# CANT t=2244.00 a_tag=1.0000 a_max=1.0000 xl_tag=0.4656 nlock=6 tune=137.131371
# REG t=2244.00 tp n=8 rho=[0.271 0.593 0.762 0.817] gr=0.00128 fl=0.875 | ba n=25620 rho=[0.093 0.482 0.839 0.959] gr=0.00007 fl=0.931
t= 2248.00 -1.20e-15 | 1.6641 16.37  22153   17 290738 291077 | 1.4284 14.77 | 5.32e-03 1.54e-02 |   4.5088 0.6457  1.9318  1.3078 1.000 16.00 | edge_dev mean=0.1501 max=0.4724 gg=0.1490 shape_dev=0.5768 xbar=0.3000 | T0 psi=(+0.066,-1.123,+2.068) ggm=0.000 circ=+0.0999 xUDD=(0.154,0.144,0.650) | T1 psi=(+0.427,+1.551,+0.720) ggm=0.000 circ=+8.4743 xUDD=(0.074,0.115,0.663) | sep=2.2278
# CONVTAG t=2248.00 rough=0.000000 cond=26.343613 evap=30.711026 backs=4.005786
# CANT t=2248.00 a_tag=1.0000 a_max=1.0000 xl_tag=0.4656 nlock=6 tune=137.403156
# REG t=2248.00 tp n=8 rho=[0.295 0.512 0.737 0.985] gr=0.00188 fl=1.000 | ba n=25614 rho=[0.093 0.479 0.839 0.960] gr=0.00007 fl=0.931
t= 2252.00 -1.20e-15 | 1.6638 16.36  22135   15 291250 291592 | 1.4281 14.76 | 1.51e-02 3.47e-02 |   4.4393 0.6357  1.9531  1.3175 1.000 15.50 | edge_dev mean=0.1517 max=0.4526 gg=0.1655 shape_dev=0.5465 xbar=0.2952 | T0 psi=(-0.079,-2.985,-2.253) ggm=0.000 circ=+0.0857 xUDD=(0.146,0.151,0.636) | T1 psi=(+3.139,-1.257,-2.287) ggm=0.000 circ=+8.4801 xUDD=(0.096,0.096,0.647) | sep=2.2440
# CONVTAG t=2252.00 rough=0.000000 cond=26.343613 evap=30.711026 backs=4.005786
# CANT t=2252.00 a_tag=1.0000 a_max=1.0000 xl_tag=0.4656 nlock=6 tune=137.627054
# REG t=2252.00 tp n=8 rho=[0.245 0.303 0.593 0.732] gr=0.00161 fl=1.000 | ba n=25613 rho=[0.094 0.483 0.840 0.960] gr=0.00007 fl=0.931
t= 2256.00 -1.20e-15 | 1.6645 16.37  22144    6 291717 292061 | 1.4283 14.77 | 6.94e-03 1.57e-02 |   4.5285 0.6485  1.9594  1.3263 1.000 15.67 | edge_dev mean=0.1574 max=0.4597 gg=0.1681 shape_dev=0.5449 xbar=0.3014 | T0 psi=(-0.098,+1.085,+0.222) ggm=0.007 circ=+0.1643 xUDD=(0.150,0.142,0.639) | T1 psi=(-2.807,-2.853,-0.740) ggm=0.000 circ=+8.4684 xUDD=(0.145,0.091,0.641) | sep=2.2585
# CONVTAG t=2256.00 rough=0.000000 cond=26.343613 evap=30.711026 backs=4.005786
# CANT t=2256.00 a_tag=1.0000 a_max=1.0000 xl_tag=0.4656 nlock=6 tune=137.820512
# REG t=2256.00 tp n=8 rho=[0.243 0.593 0.754 0.877] gr=0.00336 fl=1.000 | ba n=25619 rho=[0.094 0.479 0.840 0.960] gr=0.00007 fl=0.931
t= 2260.00 -1.20e-15 | 1.6641 16.34  22109   14 292204 292543 | 1.4279 14.77 | 3.84e-03 1.52e-02 |   4.4241 0.6335  1.9441  1.3255 1.000 15.50 | edge_dev mean=0.1515 max=0.4399 gg=0.1805 shape_dev=0.5253 xbar=0.2945 | T0 psi=(-0.096,-2.917,-2.306) ggm=0.000 circ=+0.1961 xUDD=(0.149,0.146,0.645) | T1 psi=(-2.638,+0.016,+2.047) ggm=0.000 circ=+8.4483 xUDD=(0.098,0.089,0.640) | sep=2.2700
# CONVTAG t=2260.00 rough=0.000000 cond=26.343613 evap=30.711026 backs=4.005786
# CANT t=2260.00 a_tag=1.0000 a_max=1.0000 xl_tag=0.4656 nlock=6 tune=137.982697
# REG t=2260.00 tp n=8 rho=[0.286 0.593 0.856 0.896] gr=0.00288 fl=1.000 | ba n=25618 rho=[0.093 0.481 0.840 0.960] gr=0.00007 fl=0.931
t= 2264.00 -1.20e-15 | 1.6643 16.33  22101   13 292720 293033 | 1.4277 14.76 | 5.58e-03 2.08e-02 |   4.1301 0.5914  1.8485  1.3065 1.000 16.00 | edge_dev mean=0.1490 max=0.4065 gg=0.1632 shape_dev=0.5102 xbar=0.2747 | T0 psi=(-0.069,+0.120,+0.607) ggm=0.000 circ=+0.1888 xUDD=(0.151,0.146,0.640) | T1 psi=(-0.127,-2.542,-1.232) ggm=0.000 circ=+8.4936 xUDD=(0.075,0.104,0.533) | sep=2.2687
# CONVTAG t=2264.00 rough=0.000000 cond=26.343613 evap=31.012211 backs=4.045071
# CANT t=2264.00 a_tag=1.0000 a_max=1.0000 xl_tag=0.4656 nlock=6 tune=138.179548
# REG t=2264.00 tp n=8 rho=[0.429 0.487 0.751 0.802] gr=0.00298 fl=1.000 | ba n=25648 rho=[0.092 0.480 0.837 0.961] gr=0.00007 fl=0.930
t= 2268.00 -1.20e-15 | 1.6647 16.34  22109    8 293253 293540 | 1.4279 14.76 | 7.99e-03 2.11e-02 |   4.1056 0.5879  1.8965  1.3204 1.000 15.83 | edge_dev mean=0.1524 max=0.4109 gg=0.1785 shape_dev=0.5061 xbar=0.2730 | T0 psi=(-0.077,+0.266,+0.267) ggm=0.000 circ=+0.2176 xUDD=(0.147,0.138,0.631) | T1 psi=(-0.955,+2.848,+1.167) ggm=0.000 circ=+8.5199 xUDD=(0.068,0.083,0.572) | sep=2.2669
# CONVTAG t=2268.00 rough=0.000000 cond=26.343613 evap=31.012211 backs=4.045071
# CANT t=2268.00 a_tag=1.0000 a_max=1.0000 xl_tag=0.4656 nlock=6 tune=138.473804
# REG t=2268.00 tp n=8 rho=[0.376 0.512 0.799 0.967] gr=0.00333 fl=1.000 | ba n=25678 rho=[0.093 0.475 0.836 0.959] gr=0.00007 fl=0.929
t= 2272.00 -1.20e-15 | 1.6646 16.35  22120   18 293746 294045 | 1.4278 14.75 | 1.32e-02 3.10e-02 |   3.6657 0.5249  2.0144  1.3053 1.000 16.17 | edge_dev mean=0.1545 max=0.4311 gg=0.1429 shape_dev=0.5016 xbar=0.2441 | T0 psi=(-0.232,-1.781,+2.018) ggm=0.000 circ=+0.2819 xUDD=(0.096,0.106,0.592) | T1 psi=(-0.635,+0.484,+2.262) ggm=0.000 circ=+8.5273 xUDD=(0.041,0.043,0.586) | sep=2.2771
# CONVTAG t=2272.00 rough=0.000000 cond=26.343613 evap=31.315270 backs=4.084600
# CANT t=2272.00 a_tag=1.0000 a_max=1.0000 xl_tag=0.4656 nlock=6 tune=138.821286
# REG t=2272.00 tp n=8 rho=[0.335 0.387 0.800 0.899] gr=0.00246 fl=1.000 | ba n=25657 rho=[0.094 0.484 0.839 0.961] gr=0.00007 fl=0.930
t= 2276.00 -1.20e-15 | 1.6644 16.34  22111   20 294259 294552 | 1.4277 14.75 | 5.44e-03 1.92e-02 |   3.4838 0.4989  2.1487  1.2171 1.000 16.00 | edge_dev mean=0.1574 max=0.4357 gg=0.1040 shape_dev=0.5045 xbar=0.2324 | T0 psi=(-0.495,+1.047,-0.791) ggm=0.003 circ=+0.2775 xUDD=(0.017,0.090,0.604) | T1 psi=(-0.147,-1.675,-2.827) ggm=0.000 circ=+8.5808 xUDD=(0.043,0.047,0.594) | sep=2.2778
# CONVTAG t=2276.00 rough=0.000000 cond=26.618378 evap=31.798191 backs=4.147590
# CANT t=2276.00 a_tag=1.0000 a_max=1.0000 xl_tag=0.4656 nlock=6 tune=138.967399
# REG t=2276.00 tp n=8 rho=[0.363 0.426 0.825 0.991] gr=0.00169 fl=1.000 | ba n=25660 rho=[0.096 0.484 0.838 0.961] gr=0.00007 fl=0.930
t= 2280.00 -1.20e-15 | 1.6641 16.31  22067   14 294760 295086 | 1.4271 14.74 | 5.73e-03 1.80e-02 |   3.4863 0.4992  2.1194  1.2571 1.000 15.83 | edge_dev mean=0.1573 max=0.4443 gg=0.0525 shape_dev=0.4700 xbar=0.2323 | T0 psi=(-0.606,-1.589,+1.777) ggm=0.000 circ=+0.2770 xUDD=(0.051,0.057,0.601) | T1 psi=(-0.194,+1.731,+0.197) ggm=0.000 circ=+8.6483 xUDD=(0.034,0.053,0.597) | sep=2.3045
# CONVTAG t=2280.00 rough=0.000000 cond=26.618378 evap=31.798191 backs=4.147590
# CANT t=2280.00 a_tag=1.0000 a_max=1.0000 xl_tag=0.4656 nlock=6 tune=139.137824
# REG t=2280.00 tp n=8 rho=[0.317 0.397 0.798 0.900] gr=0.00115 fl=1.000 | ba n=25632 rho=[0.098 0.491 0.838 0.961] gr=0.00007 fl=0.930
t= 2284.00 -1.20e-15 | 1.6645 16.33  22101   14 295263 295590 | 1.4274 14.74 | 7.52e-03 1.54e-02 |   3.5042 0.5018  2.1048  1.2596 1.000 16.00 | edge_dev mean=0.1608 max=0.4359 gg=0.0634 shape_dev=0.4900 xbar=0.2334 | T0 psi=(-0.602,+2.035,-1.690) ggm=0.000 circ=+0.3017 xUDD=(0.056,0.066,0.597) | T1 psi=(-0.284,-1.062,-3.078) ggm=0.000 circ=+8.6901 xUDD=(0.031,0.053,0.598) | sep=2.2889
# CONVTAG t=2284.00 rough=0.000000 cond=26.618378 evap=31.798191 backs=4.147590
# CANT t=2284.00 a_tag=1.0000 a_max=1.0000 xl_tag=0.4656 nlock=6 tune=139.227086
# REG t=2284.00 tp n=8 rho=[0.250 0.419 0.631 0.975] gr=0.00077 fl=1.000 | ba n=25632 rho=[0.098 0.491 0.841 0.959] gr=0.00007 fl=0.930
t= 2288.00 -1.20e-15 | 1.6648 16.32  22084   12 295722 296078 | 1.4272 14.74 | 4.89e-03 1.47e-02 |   3.6784 0.5267  2.0660  1.2782 1.000 15.83 | edge_dev mean=0.1746 max=0.4148 gg=0.1402 shape_dev=0.5217 xbar=0.2455 | T0 psi=(-0.217,-1.411,+1.605) ggm=0.000 circ=+0.3132 xUDD=(0.084,0.081,0.601) | T1 psi=(-0.282,+2.269,+0.168) ggm=0.000 circ=+8.7205 xUDD=(0.041,0.061,0.604) | sep=2.2687
# CONVTAG t=2288.00 rough=0.000000 cond=26.618378 evap=31.798191 backs=4.147590
# CANT t=2288.00 a_tag=1.0000 a_max=1.0000 xl_tag=0.4656 nlock=6 tune=139.361051
# REG t=2288.00 tp n=8 rho=[0.341 0.431 0.470 0.859] gr=0.00052 fl=1.000 | ba n=25603 rho=[0.101 0.494 0.845 0.961] gr=0.00007 fl=0.931
t= 2292.00 -1.20e-15 | 1.6646 16.33  22098   15 296218 296588 | 1.4273 14.73 | 7.12e-03 2.12e-02 |   3.6954 0.5292  2.0691  1.2753 1.000 16.00 | edge_dev mean=0.1907 max=0.4163 gg=0.1622 shape_dev=0.5327 xbar=0.2459 | T0 psi=(-0.135,+1.856,-1.550) ggm=0.001 circ=+0.2946 xUDD=(0.085,0.076,0.604) | T1 psi=(-0.264,-0.717,-3.045) ggm=0.000 circ=+8.7615 xUDD=(0.047,0.060,0.604) | sep=2.2670
# CONVTAG t=2292.00 rough=0.000000 cond=26.618378 evap=31.798191 backs=4.147590
# CANT t=2292.00 a_tag=1.0000 a_max=1.0000 xl_tag=0.4656 nlock=6 tune=139.479083
# REG t=2292.00 tp n=8 rho=[0.330 0.365 0.487 0.663] gr=0.00035 fl=1.000 | ba n=25588 rho=[0.100 0.496 0.841 0.961] gr=0.00007 fl=0.931
t= 2296.00 -1.20e-15 | 1.6651 16.35  22115   14 296751 297110 | 1.4274 14.73 | 1.11e-02 2.87e-02 |   3.8105 0.5457  2.0660  1.2445 1.000 15.83 | edge_dev mean=0.1830 max=0.4020 gg=0.1452 shape_dev=0.5437 xbar=0.2536 | T0 psi=(-0.281,-0.827,+1.365) ggm=0.000 circ=+0.2849 xUDD=(0.067,0.084,0.656) | T1 psi=(-0.243,+2.769,-0.316) ggm=0.000 circ=+8.7938 xUDD=(0.044,0.063,0.608) | sep=2.2501
# CONVTAG t=2296.00 rough=0.000000 cond=26.793788 evap=31.798191 backs=4.147590
# CANT t=2296.00 a_tag=1.0000 a_max=1.0000 xl_tag=0.4656 nlock=6 tune=139.678634
# REG t=2296.00 tp n=8 rho=[0.215 0.363 0.554 0.556] gr=0.00027 fl=1.000 | ba n=25600 rho=[0.099 0.486 0.841 0.961] gr=0.00007 fl=0.931
t= 2300.00 -1.20e-15 | 1.6651 16.35  22120   16 297276 297624 | 1.4275 14.73 | 5.59e-03 1.66e-02 |   3.8877 0.5567  1.9798  1.3088 1.000 15.50 | edge_dev mean=0.1750 max=0.3914 gg=0.1879 shape_dev=0.5329 xbar=0.2587 | T0 psi=(-0.080,+2.695,-2.261) ggm=0.000 circ=+0.2835 xUDD=(0.120,0.110,0.623) | T1 psi=(-0.075,+0.010,+2.007) ggm=0.000 circ=+8.8267 xUDD=(0.039,0.055,0.605) | sep=2.2618
# CONVTAG t=2300.00 rough=0.000000 cond=26.793788 evap=31.798191 backs=4.147590
# CANT t=2300.00 a_tag=1.0000 a_max=1.0000 xl_tag=0.4656 nlock=6 tune=139.876692
# REG t=2300.00 tp n=8 rho=[0.075 0.363 0.632 0.814] gr=0.00033 fl=1.000 | ba n=25609 rho=[0.099 0.487 0.837 0.961] gr=0.00007 fl=0.931
t= 2304.00 -1.20e-15 | 1.6651 16.35  22127   10 297747 298097 | 1.4276 14.73 | 8.99e-03 2.19e-02 |   3.8463 0.5508  1.9697  1.3103 1.000 15.50 | edge_dev mean=0.1663 max=0.3794 gg=0.1759 shape_dev=0.5277 xbar=0.2560 | T0 psi=(-0.081,-0.274,+0.591) ggm=0.000 circ=+0.2766 xUDD=(0.118,0.113,0.618) | T1 psi=(-0.194,-2.973,-1.308) ggm=0.000 circ=+8.8668 xUDD=(0.031,0.053,0.603) | sep=2.2606
# CONVTAG t=2304.00 rough=0.000000 cond=26.793788 evap=31.798191 backs=4.147590
# CANT t=2304.00 a_tag=1.0000 a_max=1.0000 xl_tag=0.4656 nlock=6 tune=140.023944
# REG t=2304.00 tp n=8 rho=[0.056 0.438 0.736 0.962] gr=0.00030 fl=1.000 | ba n=25615 rho=[0.097 0.491 0.844 0.961] gr=0.00007 fl=0.930
t= 2308.00 -1.20e-15 | 1.6654 16.37  22147   17 298189 298491 | 1.4279 14.74 | 4.82e-03 1.62e-02 |   4.2353 0.6065  1.9933  1.3126 1.000 15.50 | edge_dev mean=0.1544 max=0.3496 gg=0.1753 shape_dev=0.5083 xbar=0.2820 | T0 psi=(-0.080,-2.906,-3.115) ggm=0.000 circ=+0.3025 xUDD=(0.126,0.134,0.640) | T1 psi=(-0.174,+1.197,+1.533) ggm=0.000 circ=+8.8846 xUDD=(0.039,0.091,0.662) | sep=2.2740
# CONVTAG t=2308.00 rough=0.000000 cond=27.142358 evap=31.798191 backs=4.147590
# CANT t=2308.00 a_tag=1.0000 a_max=1.0000 xl_tag=0.4656 nlock=6 tune=140.327354
# REG t=2308.00 tp n=8 rho=[0.057 0.514 0.758 0.885] gr=0.00024 fl=1.000 | ba n=25656 rho=[0.094 0.483 0.841 0.960] gr=0.00007 fl=0.929
t= 2312.00 -1.20e-15 | 1.6654 16.37  22145   14 298620 298935 | 1.4280 14.74 | 7.60e-03 2.03e-02 |   4.0713 0.5830  2.0158  1.3043 1.000 15.83 | edge_dev mean=0.1563 max=0.3377 gg=0.1682 shape_dev=0.5010 xbar=0.2710 | T0 psi=(-0.122,+0.274,-0.115) ggm=0.074 circ=+0.3100 xUDD=(0.114,0.121,0.628) | T1 psi=(-0.196,-1.838,-1.717) ggm=0.000 circ=+8.9015 xUDD=(0.046,0.080,0.637) | sep=2.2809
# CONVTAG t=2312.00 rough=0.000000 cond=27.414648 evap=32.276760 backs=4.210012
# CANT t=2312.00 a_tag=1.0000 a_max=1.0000 xl_tag=0.4656 nlock=6 tune=140.560387
# REG t=2312.00 tp n=8 rho=[0.057 0.508 0.688 0.741] gr=0.00018 fl=1.000 | ba n=25645 rho=[0.091 0.485 0.839 0.959] gr=0.00007 fl=0.929
t= 2316.00 -1.20e-15 | 1.6651 16.35  22127   10 299113 299418 | 1.4278 14.74 | 8.10e-03 2.29e-02 |   4.1857 0.5994  1.9932  1.3158 1.000 15.83 | edge_dev mean=0.1450 max=0.3040 gg=0.1507 shape_dev=0.5026 xbar=0.2785 | T0 psi=(-0.251,-0.962,+1.322) ggm=0.000 circ=+0.2947 xUDD=(0.129,0.134,0.630) | T1 psi=(-0.034,+1.474,+1.099) ggm=0.000 circ=+8.9712 xUDD=(0.070,0.076,0.632) | sep=2.2719
# CONVTAG t=2316.00 rough=0.000000 cond=27.414648 evap=32.276760 backs=4.210012
# CANT t=2316.00 a_tag=1.0000 a_max=1.0000 xl_tag=0.4656 nlock=6 tune=140.720383
# REG t=2316.00 tp n=8 rho=[0.057 0.438 0.457 0.670] gr=0.00015 fl=1.000 | ba n=25660 rho=[0.090 0.477 0.840 0.960] gr=0.00007 fl=0.928
t= 2320.00 -1.20e-15 | 1.6652 16.35  22119   14 299613 299932 | 1.4278 14.75 | 4.73e-03 1.88e-02 |   4.1545 0.5949  1.9536  1.3263 1.000 15.50 | edge_dev mean=0.1453 max=0.2826 gg=0.2001 shape_dev=0.4783 xbar=0.2764 | T0 psi=(-0.098,-2.591,+2.598) ggm=0.000 circ=+0.2472 xUDD=(0.142,0.142,0.628) | T1 psi=(-0.242,-0.253,+2.862) ggm=0.000 circ=+9.0125 xUDD=(0.058,0.068,0.621) | sep=2.2837
# CONVTAG t=2320.00 rough=0.000000 cond=27.414648 evap=32.276760 backs=4.210012
# CANT t=2320.00 a_tag=1.0000 a_max=1.0000 xl_tag=0.4656 nlock=6 tune=140.902015
# REG t=2320.00 tp n=8 rho=[0.057 0.341 0.486 0.645] gr=0.00028 fl=1.000 | ba n=25640 rho=[0.089 0.473 0.841 0.961] gr=0.00008 fl=0.928
t= 2324.00 -1.20e-15 | 1.6649 16.35  22125   13 300175 300471 | 1.4278 14.75 | 4.65e-03 1.43e-02 |   4.5271 0.6483  2.0379  1.3206 1.000 15.50 | edge_dev mean=0.1491 max=0.3124 gg=0.2185 shape_dev=0.4553 xbar=0.3014 | T0 psi=(-0.120,-2.520,+2.611) ggm=0.000 circ=+0.2109 xUDD=(0.142,0.138,0.633) | T1 psi=(-0.555,-1.017,-0.992) ggm=0.001 circ=+9.0269 xUDD=(0.075,0.118,0.702) | sep=2.3113
# CONVTAG t=2324.00 rough=0.000000 cond=27.587385 evap=32.276760 backs=4.210012
# CANT t=2324.00 a_tag=1.0000 a_max=1.0000 xl_tag=0.4656 nlock=6 tune=141.128157
# REG t=2324.00 tp n=8 rho=[0.057 0.326 0.691 0.701] gr=0.00039 fl=1.000 | ba n=25664 rho=[0.089 0.475 0.837 0.959] gr=0.00008 fl=0.928
t= 2328.00 -1.20e-15 | 1.6649 16.36  22136   11 300693 300998 | 1.4280 14.75 | 8.01e-03 1.84e-02 |   4.8396 0.6930  1.9320  1.3502 1.000 15.50 | edge_dev mean=0.1405 max=0.3220 gg=0.1655 shape_dev=0.4263 xbar=0.3224 | T0 psi=(-0.084,+1.252,-0.816) ggm=0.045 circ=+0.1573 xUDD=(0.142,0.236,0.652) | T1 psi=(-0.348,+1.723,+2.465) ggm=0.000 circ=+9.0368 xUDD=(0.094,0.135,0.676) | sep=2.3374
# CONVTAG t=2328.00 rough=0.000000 cond=27.850125 evap=32.276760 backs=4.210012
# CANT t=2328.00 a_tag=1.0000 a_max=1.0000 xl_tag=0.4656 nlock=6 tune=141.387950
# REG t=2328.00 tp n=8 rho=[0.057 0.241 0.858 0.973] gr=0.00038 fl=1.000 | ba n=25656 rho=[0.093 0.483 0.838 0.960] gr=0.00008 fl=0.928
t= 2332.00 -1.20e-15 | 1.6649 16.37  22148   12 301198 301494 | 1.4281 14.75 | 5.48e-03 1.97e-02 |   4.6968 0.6726  1.9778  1.3467 1.000 15.33 | edge_dev mean=0.1379 max=0.3268 gg=0.1653 shape_dev=0.4403 xbar=0.3126 | T0 psi=(-0.068,-1.455,+1.566) ggm=0.000 circ=+0.1171 xUDD=(0.164,0.164,0.619) | T1 psi=(-0.064,-0.370,-2.122) ggm=0.000 circ=+9.1158 xUDD=(0.116,0.134,0.678) | sep=2.3293
# CONVTAG t=2332.00 rough=0.000000 cond=27.850125 evap=32.568906 backs=4.248118
# CANT t=2332.00 a_tag=1.0000 a_max=1.0000 xl_tag=0.4656 nlock=6 tune=141.776364
# REG t=2332.00 tp n=8 rho=[0.057 0.435 0.858 0.948] gr=0.00026 fl=1.000 | ba n=25665 rho=[0.093 0.490 0.843 0.960] gr=0.00007 fl=0.928
t= 2336.00 -1.20e-15 | 1.6654 16.40  22183    9 301731 302001 | 1.4286 14.76 | 5.24e-03 1.70e-02 |   4.3935 0.6291  1.8961  1.3329 1.000 15.17 | edge_dev mean=0.1464 max=0.3202 gg=0.3036 shape_dev=0.4291 xbar=0.2924 | T0 psi=(-0.185,+2.634,-2.096) ggm=0.000 circ=+0.1850 xUDD=(0.147,0.165,0.656) | T1 psi=(-0.467,+2.417,+1.412) ggm=0.000 circ=+9.1635 xUDD=(0.094,0.100,0.592) | sep=2.3468
# CONVTAG t=2336.00 rough=0.000000 cond=27.850125 evap=32.861983 backs=4.286346
# CANT t=2336.00 a_tag=1.0000 a_max=1.0000 xl_tag=0.4656 nlock=6 tune=142.128530
# REG t=2336.00 tp n=8 rho=[0.050 0.526 0.593 0.779] gr=0.00032 fl=1.000 | ba n=25695 rho=[0.092 0.489 0.842 0.960] gr=0.00007 fl=0.927
t= 2340.00 -1.20e-15 | 1.6648 16.37  22154   12 302207 302515 | 1.4282 14.75 | 1.28e-02 3.02e-02 |   4.4183 0.6327  1.8875  1.3546 1.000 15.17 | edge_dev mean=0.1424 max=0.3142 gg=0.1643 shape_dev=0.4174 xbar=0.2940 | T0 psi=(-0.164,-0.152,+0.626) ggm=0.002 circ=+0.1479 xUDD=(0.173,0.152,0.658) | T1 psi=(-0.209,+2.314,+1.012) ggm=0.000 circ=+9.2332 xUDD=(0.076,0.092,0.614) | sep=2.3613
# CONVTAG t=2340.00 rough=0.000000 cond=27.850125 evap=32.861983 backs=4.286346
# CANT t=2340.00 a_tag=1.0000 a_max=1.0000 xl_tag=0.4656 nlock=6 tune=142.363423
# REG t=2340.00 tp n=8 rho=[0.057 0.371 0.631 0.722] gr=0.00037 fl=1.000 | ba n=25652 rho=[0.092 0.494 0.841 0.961] gr=0.00007 fl=0.929
t= 2344.00 -1.20e-15 | 1.6649 16.36  22132    9 302741 303043 | 1.4280 14.76 | 5.98e-03 1.46e-02 |   4.3909 0.6288  1.9246  1.4791 1.000 15.17 | edge_dev mean=0.1456 max=0.3061 gg=0.1679 shape_dev=0.4151 xbar=0.3209 | T0 psi=(-0.061,-0.124,+0.161) ggm=0.009 circ=+0.1280 xUDD=(0.247,0.232,0.646) | T1 psi=(-0.143,+0.348,+2.788) ggm=0.000 circ=+9.2610 xUDD=(0.071,0.110,0.619) | sep=2.3625
# CONVTAG t=2344.00 rough=0.000000 cond=27.850125 evap=32.861983 backs=4.286346
# CANT t=2344.00 a_tag=1.0000 a_max=1.0000 xl_tag=0.4656 nlock=6 tune=142.575894
# REG t=2344.00 tp n=8 rho=[0.057 0.334 0.657 0.741] gr=0.00025 fl=1.000 | ba n=25661 rho=[0.094 0.493 0.845 0.960] gr=0.00007 fl=0.928
t= 2348.00 -1.20e-15 | 1.6654 16.37  22145   13 303282 303570 | 1.4281 14.75 | 6.80e-03 1.79e-02 |   4.4674 0.6397  1.9038  1.3648 1.000 15.50 | edge_dev mean=0.1418 max=0.3132 gg=0.1768 shape_dev=0.3998 xbar=0.2971 | T0 psi=(-0.080,-2.641,+2.788) ggm=0.000 circ=+0.1212 xUDD=(0.177,0.145,0.653) | T1 psi=(-0.233,-1.658,-1.367) ggm=0.000 circ=+9.2883 xUDD=(0.071,0.099,0.638) | sep=2.3762
# CONVTAG t=2348.00 rough=0.000000 cond=27.850125 evap=32.861983 backs=4.286346
# CANT t=2348.00 a_tag=1.0000 a_max=1.0000 xl_tag=0.4656 nlock=6 tune=142.832937
# REG t=2348.00 tp n=7 rho=[0.202 0.687 0.857 0.958] gr=0.00079 fl=1.000 | ba n=25674 rho=[0.094 0.490 0.844 0.961] gr=0.00007 fl=0.928
t= 2352.00 -1.20e-15 | 1.6654 16.37  22150   13 303760 304051 | 1.4282 14.76 | 1.16e-02 2.99e-02 |   4.3545 0.6235  1.9252  1.3577 1.000 15.67 | edge_dev mean=0.1441 max=0.3211 gg=0.1679 shape_dev=0.4058 xbar=0.2893 | T0 psi=(-0.063,-2.879,+2.986) ggm=0.000 circ=+0.1640 xUDD=(0.147,0.156,0.642) | T1 psi=(-0.337,+1.384,+1.562) ggm=0.000 circ=+9.3114 xUDD=(0.066,0.087,0.638) | sep=2.3674
# CONVTAG t=2352.00 rough=0.000000 cond=27.850125 evap=32.861983 backs=4.286346
# CANT t=2352.00 a_tag=1.0000 a_max=1.0000 xl_tag=0.4656 nlock=6 tune=143.045374
# REG t=2352.00 tp n=7 rho=[0.167 0.315 0.702 0.894] gr=0.00155 fl=1.000 | ba n=25669 rho=[0.094 0.488 0.842 0.961] gr=0.00007 fl=0.928
t= 2356.00 -1.20e-15 | 1.6655 16.38  22156   19 304262 304562 | 1.4283 14.76 | 8.94e-03 2.26e-02 |   4.4094 0.6314  1.9059  1.3632 1.000 15.50 | edge_dev mean=0.1477 max=0.3192 gg=0.2224 shape_dev=0.3883 xbar=0.2931 | T0 psi=(-0.053,-0.646,+0.678) ggm=0.000 circ=+0.1659 xUDD=(0.177,0.143,0.632) | T1 psi=(+1.548,-1.593,+0.587) ggm=0.000 circ=+9.3204 xUDD=(0.075,0.101,0.630) | sep=2.3696
# CONVTAG t=2356.00 rough=0.000000 cond=27.850125 evap=32.861983 backs=4.286346
# CANT t=2356.00 a_tag=1.0000 a_max=1.0000 xl_tag=0.4656 nlock=6 tune=143.265313
# REG t=2356.00 tp n=7 rho=[0.165 0.220 0.513 0.927] gr=0.00218 fl=1.000 | ba n=25653 rho=[0.094 0.490 0.840 0.960] gr=0.00007 fl=0.928
t= 2360.00 -1.20e-15 | 1.6650 16.35  22124   11 304815 305093 | 1.4280 14.76 | 5.84e-03 2.06e-02 |   4.3445 0.6221  1.9493  1.3447 1.000 15.83 | edge_dev mean=0.1584 max=0.3346 gg=0.1686 shape_dev=0.4066 xbar=0.2886 | T0 psi=(-0.047,+0.151,-0.059) ggm=0.019 circ=+0.1969 xUDD=(0.142,0.138,0.638) | T1 psi=(+3.010,-3.090,-0.246) ggm=0.000 circ=+9.3164 xUDD=(0.089,0.087,0.637) | sep=2.3751
# CONVTAG t=2360.00 rough=0.000000 cond=27.850125 evap=32.861983 backs=4.286346
# CANT t=2360.00 a_tag=1.0000 a_max=1.0000 xl_tag=0.4656 nlock=6 tune=143.499663
# REG t=2360.00 tp n=7 rho=[0.071 0.232 0.563 0.850] gr=0.00184 fl=1.000 | ba n=25684 rho=[0.094 0.484 0.841 0.960] gr=0.00007 fl=0.927
t= 2364.00 -1.20e-15 | 1.6649 16.35  22122    7 305279 305567 | 1.4280 14.76 | 8.13e-03 2.13e-02 |   4.2856 0.6137  1.9815  1.3401 1.000 16.00 | edge_dev mean=0.1677 max=0.3423 gg=0.1639 shape_dev=0.4113 xbar=0.2848 | T0 psi=(+0.001,-2.945,+2.964) ggm=0.000 circ=+0.2144 xUDD=(0.132,0.126,0.631) | T1 psi=(+2.731,+1.056,+2.602) ggm=0.000 circ=+9.3151 xUDD=(0.106,0.078,0.636) | sep=2.3772
# CONVTAG t=2364.00 rough=0.000000 cond=27.850125 evap=32.861983 backs=4.286346
# CANT t=2364.00 a_tag=1.0000 a_max=1.0000 xl_tag=0.4656 nlock=6 tune=143.685870
# REG t=2364.00 tp n=7 rho=[0.063 0.127 0.751 0.850] gr=0.00143 fl=1.000 | ba n=25678 rho=[0.094 0.482 0.837 0.958] gr=0.00007 fl=0.927
t= 2368.00 -1.20e-15 | 1.6649 16.37  22144    9 305838 306120 | 1.4283 14.76 | 5.17e-03 1.80e-02 |   4.4552 0.6380  1.9043  1.3679 1.000 15.83 | edge_dev mean=0.1690 max=0.3593 gg=0.1719 shape_dev=0.3914 xbar=0.2966 | T0 psi=(+0.116,-0.248,+0.285) ggm=0.001 circ=+0.1905 xUDD=(0.186,0.112,0.650) | T1 psi=(+2.526,-1.814,-0.128) ggm=0.000 circ=+9.3146 xUDD=(0.106,0.090,0.635) | sep=2.4020
# CONVTAG t=2368.00 rough=0.000000 cond=27.850125 evap=32.861983 backs=4.286346
# CANT t=2368.00 a_tag=1.0000 a_max=1.0000 xl_tag=0.4656 nlock=6 tune=143.912251
# REG t=2368.00 tp n=7 rho=[0.063 0.120 0.753 0.846] gr=0.00122 fl=1.000 | ba n=25683 rho=[0.094 0.475 0.837 0.959] gr=0.00007 fl=0.927
t= 2372.00 -1.20e-15 | 1.6652 16.36  22136   10 306313 306609 | 1.4281 14.76 | 7.41e-03 1.90e-02 |   4.3163 0.6181  1.9447  1.3522 1.000 15.50 | edge_dev mean=0.1686 max=0.3536 gg=0.1294 shape_dev=0.3950 xbar=0.2873 | T0 psi=(+0.202,-2.074,+1.841) ggm=0.000 circ=+0.2039 xUDD=(0.152,0.102,0.653) | T1 psi=(+2.859,+1.420,+2.234) ggm=0.000 circ=+9.3135 xUDD=(0.087,0.090,0.639) | sep=2.4086
# CONVTAG t=2372.00 rough=0.000000 cond=28.115647 evap=33.328659 backs=4.347216
# CANT t=2372.00 a_tag=1.0000 a_max=1.0000 xl_tag=0.4656 nlock=6 tune=144.234536
# REG t=2372.00 tp n=7 rho=[0.114 0.183 0.755 0.836] gr=0.00143 fl=1.000 | ba n=25668 rho=[0.092 0.468 0.836 0.958] gr=0.00007 fl=0.927
t= 2376.00 -1.20e-15 | 1.6646 16.35  22120   11 306818 307134 | 1.4279 14.75 | 8.96e-03 1.90e-02 |   4.2523 0.6089  1.9947  1.3341 1.000 15.50 | edge_dev mean=0.1689 max=0.3623 gg=0.1762 shape_dev=0.4020 xbar=0.2831 | T0 psi=(+0.020,+0.637,-0.550) ggm=0.058 circ=+0.2838 xUDD=(0.096,0.134,0.641) | T1 psi=(+2.994,-1.511,-1.463) ggm=0.000 circ=+9.3079 xUDD=(0.103,0.088,0.637) | sep=2.3991
# CONVTAG t=2376.00 rough=0.000000 cond=28.376422 evap=33.786990 backs=4.406999
# CANT t=2376.00 a_tag=1.0000 a_max=1.0000 xl_tag=0.4656 nlock=6 tune=144.425014
# REG t=2376.00 tp n=7 rho=[0.109 0.583 0.758 0.835] gr=0.00096 fl=1.000 | ba n=25649 rho=[0.090 0.469 0.838 0.960] gr=0.00008 fl=0.928
t= 2380.00 -1.20e-15 | 1.6648 16.34  22108   14 307337 307645 | 1.4278 14.76 | 6.74e-03 1.67e-02 |   4.1838 0.5991  2.0160  1.3258 1.000 15.33 | edge_dev mean=0.1606 max=0.3651 gg=0.2317 shape_dev=0.4374 xbar=0.2786 | T0 psi=(-0.070,-2.888,+2.948) ggm=0.000 circ=+0.2302 xUDD=(0.125,0.093,0.634) | T1 psi=(+2.831,+1.571,+1.874) ggm=0.000 circ=+9.3049 xUDD=(0.098,0.088,0.635) | sep=2.3617
# CONVTAG t=2380.00 rough=0.000000 cond=28.376422 evap=33.786990 backs=4.406999
# CANT t=2380.00 a_tag=1.0000 a_max=1.0000 xl_tag=0.4656 nlock=6 tune=144.586284
# REG t=2380.00 tp n=8 rho=[0.063 0.204 0.835 0.984] gr=0.00030 fl=0.875 | ba n=25649 rho=[0.087 0.471 0.837 0.959] gr=0.00007 fl=0.928
t= 2384.00 -1.20e-15 | 1.6652 16.35  22127    9 307874 308162 | 1.4280 14.76 | 4.14e-03 1.52e-02 |   4.2005 0.6015  2.0323  1.3124 1.000 15.67 | edge_dev mean=0.1471 max=0.3527 gg=0.2643 shape_dev=0.4629 xbar=0.2797 | T0 psi=(-0.145,+0.916,-1.138) ggm=0.023 circ=+0.2584 xUDD=(0.099,0.130,0.619) | T1 psi=(+2.802,-1.137,-1.533) ggm=0.000 circ=+9.3028 xUDD=(0.088,0.107,0.635) | sep=2.3322
# CONVTAG t=2384.00 rough=0.000000 cond=28.376422 evap=33.786990 backs=4.406999
# CANT t=2384.00 a_tag=1.0000 a_max=1.0000 xl_tag=0.4656 nlock=6 tune=144.775807
# REG t=2384.00 tp n=8 rho=[0.063 0.243 0.835 0.856] gr=0.00020 fl=0.875 | ba n=25676 rho=[0.090 0.473 0.836 0.959] gr=0.00008 fl=0.927
t= 2388.00 -1.20e-15 | 1.6651 16.37  22150    6 308382 308686 | 1.4283 14.76 | 7.19e-03 1.83e-02 |   4.1507 0.5944  1.9888  1.3240 1.000 15.67 | edge_dev mean=0.1425 max=0.3194 gg=0.1605 shape_dev=0.4640 xbar=0.2762 | T0 psi=(-0.332,-0.941,+1.046) ggm=0.000 circ=+0.2236 xUDD=(0.102,0.146,0.622) | T1 psi=(+2.684,+2.034,+1.584) ggm=0.000 circ=+9.3025 xUDD=(0.072,0.087,0.628) | sep=2.3267
# CONVTAG t=2388.00 rough=0.000000 cond=28.376422 evap=33.786990 backs=4.406999
# CANT t=2388.00 a_tag=1.0000 a_max=1.0000 xl_tag=0.4656 nlock=6 tune=144.974597
# REG t=2388.00 tp n=8 rho=[0.085 0.274 0.829 0.834] gr=0.00029 fl=0.875 | ba n=25661 rho=[0.090 0.469 0.836 0.959] gr=0.00007 fl=0.928
t= 2392.00 -1.20e-15 | 1.6650 16.34  22114    9 308867 309182 | 1.4278 14.75 | 4.47e-03 1.29e-02 |   4.1393 0.5927  1.9384  1.3436 1.000 15.50 | edge_dev mean=0.1405 max=0.2926 gg=0.1775 shape_dev=0.4647 xbar=0.2752 | T0 psi=(-0.098,+1.973,-2.177) ggm=0.000 circ=+0.1775 xUDD=(0.122,0.145,0.629) | T1 psi=(+2.964,-1.030,-2.448) ggm=0.000 circ=+9.3016 xUDD=(0.069,0.063,0.623) | sep=2.3245
# CONVTAG t=2392.00 rough=0.000000 cond=28.376422 evap=33.786990 backs=4.406999
# CANT t=2392.00 a_tag=1.0000 a_max=1.0000 xl_tag=0.4656 nlock=6 tune=145.167244
# REG t=2392.00 tp n=8 rho=[0.095 0.272 0.751 0.825] gr=0.00020 fl=0.875 | ba n=25647 rho=[0.091 0.475 0.839 0.959] gr=0.00008 fl=0.929
t= 2396.00 -1.20e-15 | 1.6650 16.34  22112   14 309378 309654 | 1.4277 14.75 | 5.91e-03 1.42e-02 |   4.2005 0.6015  1.9371  1.3478 1.000 15.33 | edge_dev mean=0.1489 max=0.2838 gg=0.1738 shape_dev=0.4547 xbar=0.2792 | T0 psi=(-0.068,-0.161,+0.043) ggm=0.038 circ=+0.1479 xUDD=(0.130,0.136,0.627) | T1 psi=(-3.029,+2.482,-0.078) ggm=0.000 circ=+9.2933 xUDD=(0.097,0.069,0.618) | sep=2.3346
# CONVTAG t=2396.00 rough=0.000000 cond=28.376422 evap=33.786990 backs=4.406999
# CANT t=2396.00 a_tag=1.0000 a_max=1.0000 xl_tag=0.4656 nlock=6 tune=145.360207
# REG t=2396.00 tp n=8 rho=[0.112 0.250 0.553 0.825] gr=0.00013 fl=0.875 | ba n=25682 rho=[0.090 0.470 0.836 0.960] gr=0.00008 fl=0.927
t= 2400.00 -1.20e-15 | 1.6648 16.34  22111    9 309918 310178 | 1.4277 14.75 | 1.03e-02 2.51e-02 |   4.1768 0.5981  1.9107  1.3499 1.000 15.50 | edge_dev mean=0.1498 max=0.2756 gg=0.1829 shape_dev=0.4513 xbar=0.2776 | T0 psi=(-0.060,-0.136,-0.027) ggm=0.064 circ=+0.1452 xUDD=(0.133,0.133,0.625) | T1 psi=(+2.948,-0.560,-2.570) ggm=0.000 circ=+9.2817 xUDD=(0.075,0.079,0.620) | sep=2.3413
# CONVTAG t=2400.00 rough=0.000000 cond=28.376422 evap=33.786990 backs=4.406999
# CANT t=2400.00 a_tag=1.0000 a_max=1.0000 xl_tag=0.4656 nlock=6 tune=145.513395
# REG t=2400.00 tp n=8 rho=[0.107 0.248 0.786 0.824] gr=0.00047 fl=0.875 | ba n=25703 rho=[0.089 0.467 0.834 0.959] gr=0.00007 fl=0.926
t= 2404.00 -1.20e-15 | 1.6648 16.35  22116   10 310394 310662 | 1.4278 14.75 | 4.72e-03 1.26e-02 |   3.6180 0.5181  1.8822  1.3242 1.000 15.83 | edge_dev mean=0.1580 max=0.3067 gg=0.1889 shape_dev=0.4631 xbar=0.2407 | T0 psi=(-0.064,-0.059,-0.380) ggm=0.056 circ=+0.1744 xUDD=(0.106,0.104,0.587) | T1 psi=(+2.298,-1.603,-0.860) ggm=0.000 circ=+9.2759 xUDD=(0.082,0.055,0.510) | sep=2.3385
# CONVTAG t=2404.00 rough=0.000000 cond=28.376422 evap=34.394192 backs=4.486199
# CANT t=2404.00 a_tag=1.0000 a_max=1.0000 xl_tag=0.4656 nlock=6 tune=145.842679
# REG t=2404.00 tp n=8 rho=[0.072 0.199 0.728 0.931] gr=0.00122 fl=0.875 | ba n=25694 rho=[0.088 0.470 0.834 0.959] gr=0.00008 fl=0.927
t= 2408.00 -1.20e-15 | 1.6648 16.35  22125   14 310881 311166 | 1.4279 14.75 | 6.22e-03 1.82e-02 |   3.7496 0.5369  1.8982  1.3441 1.000 15.67 | edge_dev mean=0.1572 max=0.3126 gg=0.1211 shape_dev=0.4537 xbar=0.2495 | T0 psi=(+0.185,-2.914,+2.135) ggm=0.000 circ=+0.2031 xUDD=(0.123,0.099,0.606) | T1 psi=(+2.021,+0.889,-2.924) ggm=0.000 circ=+9.2760 xUDD=(0.070,0.039,0.559) | sep=2.3422
# CONVTAG t=2408.00 rough=0.000000 cond=28.376422 evap=34.394192 backs=4.486199
# CANT t=2408.00 a_tag=1.0000 a_max=1.0000 xl_tag=0.4656 nlock=6 tune=146.110873
# REG t=2408.00 tp n=8 rho=[0.072 0.292 0.927 0.961] gr=0.00100 fl=0.875 | ba n=25673 rho=[0.087 0.469 0.836 0.960] gr=0.00008 fl=0.928
t= 2412.00 -1.20e-15 | 1.6654 16.35  22122   16 311355 311632 | 1.4280 14.76 | 1.22e-02 2.18e-02 |   3.6568 0.5237  1.9678  1.3310 1.000 15.83 | edge_dev mean=0.1645 max=0.3102 gg=0.1665 shape_dev=0.4338 xbar=0.2432 | T0 psi=(-0.095,+0.127,-0.550) ggm=0.083 circ=+0.2394 xUDD=(0.091,0.099,0.600) | T1 psi=(+2.596,-1.742,-1.255) ggm=0.000 circ=+9.2756 xUDD=(0.063,0.032,0.574) | sep=2.3663
# CONVTAG t=2412.00 rough=0.000000 cond=28.376422 evap=34.394192 backs=4.486199
# CANT t=2412.00 a_tag=1.0000 a_max=1.0000 xl_tag=0.4656 nlock=6 tune=146.291065
# REG t=2412.00 tp n=8 rho=[0.071 0.292 0.759 0.988] gr=0.00075 fl=0.875 | ba n=25680 rho=[0.088 0.464 0.835 0.959] gr=0.00008 fl=0.927
t= 2416.00 -1.20e-15 | 1.6648 16.32  22083   18 311856 312087 | 1.4276 14.76 | 5.44e-03 1.50e-02 |   3.5758 0.5121  2.0383  1.3087 1.000 15.83 | edge_dev mean=0.1597 max=0.3067 gg=0.1590 shape_dev=0.4408 xbar=0.2381 | T0 psi=(-0.183,+3.116,+2.528) ggm=0.000 circ=+0.2509 xUDD=(0.075,0.073,0.594) | T1 psi=(+2.823,+1.280,+1.699) ggm=0.000 circ=+9.2743 xUDD=(0.065,0.039,0.582) | sep=2.3634
# CONVTAG t=2416.00 rough=0.000000 cond=28.376422 evap=34.394192 backs=4.486199
# CANT t=2416.00 a_tag=1.0000 a_max=1.0000 xl_tag=0.4656 nlock=6 tune=146.432178
# REG t=2416.00 tp n=8 rho=[0.059 0.265 0.647 0.934] gr=0.00051 fl=0.875 | ba n=25724 rho=[0.087 0.471 0.836 0.961] gr=0.00008 fl=0.926
t= 2420.00 -1.20e-15 | 1.6650 16.34  22103   10 312392 312609 | 1.4279 14.77 | 7.95e-03 2.22e-02 |   3.6332 0.5203  1.9979  1.3459 1.000 15.67 | edge_dev mean=0.1469 max=0.2747 gg=0.1659 shape_dev=0.4376 xbar=0.2479 | T0 psi=(-0.204,+0.518,-1.180) ggm=0.101 circ=+0.2780 xUDD=(0.082,0.102,0.592) | T1 psi=(+3.066,-1.978,-2.244) ggm=0.000 circ=+9.2711 xUDD=(0.100,0.033,0.579) | sep=2.3484
# CONVTAG t=2420.00 rough=0.000000 cond=28.376422 evap=34.394192 backs=4.486199
# CANT t=2420.00 a_tag=1.0000 a_max=1.0000 xl_tag=0.4656 nlock=6 tune=146.553171
# REG t=2420.00 tp n=8 rho=[0.041 0.172 0.604 0.842] gr=0.00034 fl=0.875 | ba n=25746 rho=[0.088 0.470 0.839 0.960] gr=0.00007 fl=0.926
t= 2424.00 -1.20e-15 | 1.6647 16.36  22134   10 312923 313164 | 1.4283 14.77 | 1.12e-02 2.36e-02 |   3.7227 0.5331  1.9970  1.3334 1.000 15.50 | edge_dev mean=0.1447 max=0.2460 gg=0.1959 shape_dev=0.4171 xbar=0.2475 | T0 psi=(-0.159,-2.998,+2.191) ggm=0.000 circ=+0.2372 xUDD=(0.092,0.091,0.601) | T1 psi=(+2.951,+1.718,+0.878) ggm=0.000 circ=+9.2641 xUDD=(0.062,0.047,0.591) | sep=2.3724
# CONVTAG t=2424.00 rough=0.000000 cond=28.376422 evap=34.394192 backs=4.486199
# CANT t=2424.00 a_tag=1.0000 a_max=1.0000 xl_tag=0.4656 nlock=6 tune=146.689287
# REG t=2424.00 tp n=8 rho=[0.016 0.137 0.494 0.702] gr=0.00023 fl=0.875 | ba n=25724 rho=[0.085 0.470 0.836 0.961] gr=0.00007 fl=0.926
t= 2428.00 -1.20e-15 | 1.6650 16.37  22154   18 313453 313694 | 1.4285 14.78 | 8.29e-03 2.03e-02 |   4.0712 0.5830  2.0363  1.3082 1.000 15.33 | edge_dev mean=0.1586 max=0.2529 gg=0.1846 shape_dev=0.4251 xbar=0.2707 | T0 psi=(-0.061,+0.800,-1.500) ggm=0.033 circ=+0.2333 xUDD=(0.090,0.097,0.606) | T1 psi=(+2.640,-1.182,-0.374) ggm=0.000 circ=+9.2604 xUDD=(0.151,0.076,0.604) | sep=2.3772
# CONVTAG t=2428.00 rough=0.000000 cond=28.657602 evap=34.394192 backs=4.486199
# CANT t=2428.00 a_tag=1.0000 a_max=1.0000 xl_tag=0.4656 nlock=6 tune=146.988003
# REG t=2428.00 tp n=8 rho=[0.014 0.137 0.322 0.398] gr=0.00034 fl=0.875 | ba n=25716 rho=[0.088 0.473 0.842 0.962] gr=0.00008 fl=0.926
t= 2432.00 -1.20e-15 | 1.6646 16.38  22166    7 314012 314273 | 1.4286 14.77 | 1.44e-02 2.62e-02 |   4.2645 0.6107  2.0128  1.3053 1.000 15.67 | edge_dev mean=0.1677 max=0.2899 gg=0.1777 shape_dev=0.4253 xbar=0.2839 | T0 psi=(-0.083,-1.785,+1.313) ggm=0.000 circ=+0.2283 xUDD=(0.103,0.102,0.621) | T1 psi=(+2.644,+2.725,+2.538) ggm=0.000 circ=+9.2597 xUDD=(0.139,0.110,0.628) | sep=2.3828
# CONVTAG t=2432.00 rough=0.000000 cond=28.657602 evap=34.394192 backs=4.486199
# CANT t=2432.00 a_tag=1.0000 a_max=1.0000 xl_tag=0.4656 nlock=6 tune=147.313400
# REG t=2432.00 tp n=8 rho=[0.014 0.137 0.313 0.320] gr=0.00031 fl=0.875 | ba n=25707 rho=[0.089 0.470 0.841 0.961] gr=0.00008 fl=0.927
t= 2436.00 -1.20e-15 | 1.6648 16.35  22118   14 314556 314830 | 1.4280 14.77 | 5.01e-03 1.47e-02 |   4.4236 0.6335  1.9569  1.3211 1.000 15.83 | edge_dev mean=0.1676 max=0.3037 gg=0.1661 shape_dev=0.4380 xbar=0.2942 | T0 psi=(-0.004,+2.440,-2.841) ggm=0.000 circ=+0.2272 xUDD=(0.139,0.112,0.634) | T1 psi=(-3.078,+0.395,-2.584) ggm=0.000 circ=+9.2581 xUDD=(0.105,0.125,0.649) | sep=2.3698
# CONVTAG t=2436.00 rough=0.000000 cond=28.657602 evap=34.394192 backs=4.486199
# CANT t=2436.00 a_tag=1.0000 a_max=1.0000 xl_tag=0.4656 nlock=6 tune=147.573068
# REG t=2436.00 tp n=8 rho=[0.012 0.137 0.229 0.368] gr=0.00026 fl=0.875 | ba n=25685 rho=[0.089 0.470 0.840 0.960] gr=0.00008 fl=0.928
t= 2440.00 -1.20e-15 | 1.6646 16.39  22182   11 315068 315357 | 1.4288 14.78 | 9.61e-03 2.48e-02 |   4.5945 0.6579  1.8927  1.3539 1.000 16.00 | edge_dev mean=0.1581 max=0.2908 gg=0.1512 shape_dev=0.4398 xbar=0.3057 | T0 psi=(+0.157,-0.625,+0.151) ggm=0.006 circ=+0.2518 xUDD=(0.185,0.130,0.650) | T1 psi=(-2.964,-2.049,-0.741) ggm=0.000 circ=+9.2539 xUDD=(0.104,0.108,0.656) | sep=2.3535
# CONVTAG t=2440.00 rough=0.000000 cond=28.657602 evap=34.394192 backs=4.486199
# CANT t=2440.00 a_tag=1.0000 a_max=1.0000 xl_tag=0.4656 nlock=6 tune=147.832984
# REG t=2440.00 tp n=8 rho=[0.006 0.140 0.578 0.986] gr=0.00032 fl=0.875 | ba n=25674 rho=[0.089 0.477 0.842 0.962] gr=0.00008 fl=0.928
t= 2444.00 -1.20e-15 | 1.6642 16.38  22157   16 315503 315806 | 1.4284 14.76 | 6.63e-03 1.74e-02 |   4.4152 0.6322  1.8759  1.3529 1.000 15.50 | edge_dev mean=0.1530 max=0.2978 gg=0.1837 shape_dev=0.4514 xbar=0.2965 | T0 psi=(-0.085,-0.656,+0.681) ggm=0.000 circ=+0.2946 xUDD=(0.161,0.146,0.644) | T1 psi=(-2.873,+0.970,+1.873) ggm=0.000 circ=+9.2454 xUDD=(0.081,0.110,0.637) | sep=2.3465
# CONVTAG t=2444.00 rough=0.000000 cond=28.657602 evap=34.394192 backs=4.486199
# CANT t=2444.00 a_tag=1.0000 a_max=1.0000 xl_tag=0.4656 nlock=6 tune=148.033733
# REG t=2444.00 tp n=8 rho=[0.002 0.124 0.704 0.805] gr=0.00032 fl=0.875 | ba n=25655 rho=[0.090 0.480 0.843 0.961] gr=0.00008 fl=0.929
t= 2448.00 -1.20e-15 | 1.6642 16.37  22148    8 315967 316292 | 1.4282 14.76 | 6.00e-03 1.48e-02 |   4.4759 0.6409  1.8462  1.3740 1.000 15.50 | edge_dev mean=0.1493 max=0.3108 gg=0.2418 shape_dev=0.4283 xbar=0.2980 | T0 psi=(-0.019,+1.674,-1.647) ggm=0.001 circ=+0.2979 xUDD=(0.189,0.139,0.644) | T1 psi=(-0.274,-2.135,-0.150) ggm=0.000 circ=+9.2491 xUDD=(0.090,0.091,0.634) | sep=2.3635
# CONVTAG t=2448.00 rough=0.000000 cond=28.657602 evap=34.394192 backs=4.486199
# CANT t=2448.00 a_tag=1.0000 a_max=1.0000 xl_tag=0.4656 nlock=6 tune=148.210341
# REG t=2448.00 tp n=8 rho=[0.083 0.433 0.641 0.729] gr=0.00034 fl=0.875 | ba n=25641 rho=[0.091 0.481 0.842 0.961] gr=0.00008 fl=0.929
t= 2452.00 -1.07e-15 | 1.6643 16.35  22121    9 316483 316801 | 1.4278 14.75 | 9.53e-03 2.61e-02 |   4.3636 0.6249  1.8871  1.3449 1.000 15.50 | edge_dev mean=0.1552 max=0.3125 gg=0.1663 shape_dev=0.4505 xbar=0.2904 | T0 psi=(-0.041,+0.095,-0.139) ggm=0.038 circ=+0.3139 xUDD=(0.142,0.142,0.642) | T1 psi=(+0.162,+2.488,+0.572) ggm=0.000 circ=+9.3216 xUDD=(0.074,0.099,0.643) | sep=2.3502
# CONVTAG t=2452.00 rough=0.000000 cond=28.657602 evap=34.394192 backs=4.486199
# CANT t=2452.00 a_tag=1.0000 a_max=1.0000 xl_tag=0.4656 nlock=6 tune=148.392515
# REG t=2452.00 tp n=8 rho=[0.058 0.378 0.528 0.730] gr=0.00046 fl=0.875 | ba n=25646 rho=[0.093 0.481 0.842 0.960] gr=0.00008 fl=0.929
t= 2456.00 -1.07e-15 | 1.6645 16.38  22158   10 317011 317337 | 1.4282 14.75 | 6.29e-03 2.22e-02 |   4.2209 0.6044  1.8897  1.3458 1.000 15.17 | edge_dev mean=0.1511 max=0.3138 gg=0.1593 shape_dev=0.4883 xbar=0.2809 | T0 psi=(-0.146,-1.103,+1.143) ggm=0.000 circ=+0.3042 xUDD=(0.154,0.120,0.632) | T1 psi=(-0.369,+0.343,-2.998) ggm=0.000 circ=+9.3706 xUDD=(0.056,0.082,0.641) | sep=2.3199
# CONVTAG t=2456.00 rough=0.000000 cond=28.657602 evap=34.394192 backs=4.486199
# CANT t=2456.00 a_tag=1.0000 a_max=1.0000 xl_tag=0.4656 nlock=6 tune=148.602801
# REG t=2456.00 tp n=8 rho=[0.045 0.199 0.736 0.909] gr=0.00094 fl=0.875 | ba n=25638 rho=[0.093 0.482 0.846 0.962] gr=0.00008 fl=0.929
t= 2460.00 -1.07e-15 | 1.6645 16.36  22138   17 317532 317878 | 1.4280 14.75 | 4.31e-03 1.27e-02 |   4.2615 0.6102  1.8847  1.3387 1.000 15.33 | edge_dev mean=0.1518 max=0.3229 gg=0.1481 shape_dev=0.4789 xbar=0.2838 | T0 psi=(+0.061,+2.969,+3.097) ggm=0.000 circ=+0.3171 xUDD=(0.144,0.130,0.645) | T1 psi=(-0.265,-2.771,-0.296) ggm=0.000 circ=+9.4175 xUDD=(0.058,0.088,0.639) | sep=2.3176
# CONVTAG t=2460.00 rough=0.000000 cond=28.657602 evap=34.394192 backs=4.486199
# CANT t=2460.00 a_tag=1.0000 a_max=1.0000 xl_tag=0.4656 nlock=6 tune=148.781423
# REG t=2460.00 tp n=8 rho=[0.045 0.150 0.610 0.752] gr=0.00095 fl=0.875 | ba n=25611 rho=[0.097 0.496 0.848 0.963] gr=0.00008 fl=0.930
t= 2464.00 -1.07e-15 | 1.6647 16.34  22113   11 318015 318380 | 1.4276 14.74 | 7.88e-03 2.53e-02 |   4.2812 0.6131  1.9050  1.3344 1.000 15.00 | edge_dev mean=0.1537 max=0.3290 gg=0.1618 shape_dev=0.4883 xbar=0.2851 | T0 psi=(-0.035,+0.004,-0.015) ggm=0.016 circ=+0.3035 xUDD=(0.135,0.134,0.635) | T1 psi=(-0.239,+0.685,+2.748) ggm=0.000 circ=+9.4721 xUDD=(0.074,0.091,0.641) | sep=2.3110
# CONVTAG t=2464.00 rough=0.000000 cond=28.657602 evap=34.394192 backs=4.486199
# CANT t=2464.00 a_tag=1.0000 a_max=1.0000 xl_tag=0.4656 nlock=6 tune=148.957591
# REG t=2464.00 tp n=8 rho=[0.045 0.144 0.466 0.755] gr=0.00115 fl=0.875 | ba n=25597 rho=[0.098 0.498 0.847 0.962] gr=0.00008 fl=0.930
t= 2468.00 -1.07e-15 | 1.6648 16.35  22115   14 318470 318850 | 1.4277 14.74 | 7.48e-03 2.18e-02 |   4.1700 0.5971  1.8851  1.3400 1.000 15.33 | edge_dev mean=0.1578 max=0.3307 gg=0.1579 shape_dev=0.4899 xbar=0.2776 | T0 psi=(-0.167,-1.715,+2.006) ggm=0.000 circ=+0.3071 xUDD=(0.134,0.136,0.631) | T1 psi=(+0.035,-2.055,-1.903) ggm=0.000 circ=+9.5293 xUDD=(0.043,0.082,0.640) | sep=2.3062
# CONVTAG t=2468.00 rough=0.000000 cond=28.657602 evap=34.394192 backs=4.486199
# CANT t=2468.00 a_tag=1.0000 a_max=1.0000 xl_tag=0.4656 nlock=6 tune=149.167708
# REG t=2468.00 tp n=8 rho=[0.028 0.140 0.466 0.758] gr=0.00092 fl=0.875 | ba n=25579 rho=[0.098 0.491 0.846 0.961] gr=0.00008 fl=0.931
t= 2472.00 -1.20e-15 | 1.6649 16.35  22119   11 318941 319304 | 1.4277 14.74 | 6.58e-03 1.66e-02 |   4.0372 0.5781  1.8635  1.5234 1.000 15.33 | edge_dev mean=0.1546 max=0.3286 gg=0.1641 shape_dev=0.4775 xbar=0.3029 | T0 psi=(-0.091,-0.292,+0.370) ggm=0.001 circ=+0.3329 xUDD=(0.238,0.239,0.619) | T1 psi=(+2.829,+1.430,+1.169) ggm=0.000 circ=+9.5303 xUDD=(0.047,0.050,0.624) | sep=2.3186
# CONVTAG t=2472.00 rough=0.000000 cond=28.657602 evap=34.394192 backs=4.486199
# CANT t=2472.00 a_tag=1.0000 a_max=1.0000 xl_tag=0.4656 nlock=6 tune=149.409424
# REG t=2472.00 tp n=8 rho=[0.030 0.183 0.680 0.757] gr=0.00106 fl=0.875 | ba n=25599 rho=[0.097 0.491 0.844 0.961] gr=0.00008 fl=0.931
t= 2476.00 -1.20e-15 | 1.6647 16.31  22072    9 319480 319832 | 1.4271 14.73 | 5.61e-03 1.82e-02 |   4.0162 0.5751  1.8775  1.3484 1.000 15.83 | edge_dev mean=0.1609 max=0.3297 gg=0.2252 shape_dev=0.4830 xbar=0.2668 | T0 psi=(-0.048,-0.230,+0.344) ggm=0.004 circ=+0.3771 xUDD=(0.124,0.128,0.618) | T1 psi=(-3.032,-0.917,+2.933) ggm=0.000 circ=+9.5158 xUDD=(0.069,0.053,0.609) | sep=2.3229
# CONVTAG t=2476.00 rough=0.000000 cond=28.657602 evap=34.394192 backs=4.486199
# CANT t=2476.00 a_tag=1.0000 a_max=1.0000 xl_tag=0.4656 nlock=6 tune=149.608894
# REG t=2476.00 tp n=8 rho=[0.166 0.370 0.759 0.835] gr=0.00099 fl=0.875 | ba n=25612 rho=[0.098 0.492 0.845 0.962] gr=0.00008 fl=0.930
t= 2480.00 -1.07e-15 | 1.6647 16.32  22078    7 320067 320398 | 1.4272 14.73 | 6.09e-03 1.57e-02 |   3.8978 0.5582  1.9504  1.3052 1.000 15.50 | edge_dev mean=0.1674 max=0.3391 gg=0.1534 shape_dev=0.4855 xbar=0.2596 | T0 psi=(-0.142,-0.637,+0.563) ggm=0.000 circ=+0.3953 xUDD=(0.074,0.118,0.623) | T1 psi=(-0.435,+2.454,+0.715) ggm=0.000 circ=+9.5188 xUDD=(0.069,0.063,0.610) | sep=2.3186
# CONVTAG t=2480.00 rough=0.000000 cond=28.920450 evap=34.856168 backs=4.546457
# CANT t=2480.00 a_tag=1.0000 a_max=1.0000 xl_tag=0.4656 nlock=6 tune=149.782774
# REG t=2480.00 tp n=8 rho=[0.064 0.539 0.610 0.694] gr=0.00144 fl=0.875 | ba n=25633 rho=[0.100 0.488 0.842 0.961] gr=0.00008 fl=0.930
t= 2484.00 -1.07e-15 | 1.6648 16.33  22091    5 320565 320911 | 1.4272 14.72 | 8.32e-03 2.13e-02 |   3.2067 0.4592  1.9617  1.2682 1.000 15.83 | edge_dev mean=0.1775 max=0.3355 gg=0.3059 shape_dev=0.4860 xbar=0.2136 | T0 psi=(-0.228,+1.601,-2.047) ggm=0.000 circ=+0.4019 xUDD=(0.047,0.067,0.584) | T1 psi=(-0.733,-1.156,-2.282) ggm=0.000 circ=+9.5424 xUDD=(0.050,0.026,0.508) | sep=2.3254
# CONVTAG t=2484.00 rough=0.000000 cond=28.920450 evap=35.466578 backs=4.626075
# CANT t=2484.00 a_tag=1.0000 a_max=1.0000 xl_tag=0.4656 nlock=6 tune=150.190837
# REG t=2484.00 tp n=8 rho=[0.041 0.143 0.626 0.950] gr=0.00135 fl=0.875 | ba n=25620 rho=[0.101 0.490 0.845 0.961] gr=0.00008 fl=0.930
t= 2488.00 -1.07e-15 | 1.6647 16.35  22119   18 321054 321395 | 1.4275 14.72 | 6.64e-03 1.55e-02 |   3.1300 0.4482  1.9842  1.2785 1.000 16.00 | edge_dev mean=0.1775 max=0.3094 gg=0.1816 shape_dev=0.4637 xbar=0.2084 | T0 psi=(-0.236,-1.863,+1.248) ggm=0.000 circ=+0.3571 xUDD=(0.056,0.047,0.578) | T1 psi=(-0.413,-1.408,-2.813) ggm=0.000 circ=+9.5455 xUDD=(0.029,0.010,0.530) | sep=2.3493
# CONVTAG t=2488.00 rough=0.000000 cond=28.920450 evap=35.466578 backs=4.626075
# CANT t=2488.00 a_tag=1.0000 a_max=1.0000 xl_tag=0.4656 nlock=6 tune=150.398442
# REG t=2488.00 tp n=8 rho=[0.036 0.324 0.728 0.897] gr=0.00091 fl=0.875 | ba n=25613 rho=[0.100 0.492 0.844 0.961] gr=0.00008 fl=0.930
t= 2492.00 -1.07e-15 | 1.6646 16.36  22130    8 321547 321904 | 1.4277 14.73 | 5.70e-03 1.72e-02 |   3.2055 0.4590  1.9671  1.2987 1.000 16.00 | edge_dev mean=0.1725 max=0.3074 gg=0.1700 shape_dev=0.4634 xbar=0.2140 | T0 psi=(-0.114,+1.314,-2.247) ggm=0.000 circ=+0.3673 xUDD=(0.068,0.052,0.579) | T1 psi=(-0.278,+1.980,-0.055) ggm=0.000 circ=+9.5510 xUDD=(0.027,0.010,0.549) | sep=2.3502
# CONVTAG t=2492.00 rough=0.000000 cond=28.920450 evap=35.466578 backs=4.626075
# CANT t=2492.00 a_tag=1.0000 a_max=1.0000 xl_tag=0.4656 nlock=6 tune=150.546455
# REG t=2492.00 tp n=8 rho=[0.034 0.293 0.852 0.926] gr=0.00061 fl=0.875 | ba n=25606 rho=[0.097 0.490 0.844 0.961] gr=0.00008 fl=0.930
t= 2496.00 -1.20e-15 | 1.6647 16.36  22133   18 322050 322406 | 1.4278 14.73 | 5.18e-03 1.69e-02 |   3.2893 0.4710  1.9545  1.3025 1.000 16.17 | edge_dev mean=0.1762 max=0.2930 gg=0.1866 shape_dev=0.4529 xbar=0.2187 | T0 psi=(-0.187,-1.649,+0.883) ggm=0.000 circ=+0.3698 xUDD=(0.071,0.061,0.580) | T1 psi=(-0.443,-0.450,+2.982) ggm=0.000 circ=+9.5582 xUDD=(0.022,0.018,0.560) | sep=2.3673
# CONVTAG t=2496.00 rough=0.000000 cond=28.920450 evap=35.466578 backs=4.626075
# CANT t=2496.00 a_tag=1.0000 a_max=1.0000 xl_tag=0.4656 nlock=6 tune=150.676418
# REG t=2496.00 tp n=8 rho=[0.031 0.221 0.772 0.784] gr=0.00041 fl=0.875 | ba n=25596 rho=[0.095 0.486 0.841 0.961] gr=0.00008 fl=0.930
t= 2500.00 -1.20e-15 | 1.6642 16.37  22146   11 322574 322935 | 1.4280 14.73 | 6.59e-03 2.49e-02 |   3.2704 0.4683  1.9720  1.2977 1.000 15.83 | edge_dev mean=0.1775 max=0.2698 gg=0.2828 shape_dev=0.4406 xbar=0.2176 | T0 psi=(-0.085,+1.275,-2.245) ggm=0.000 circ=+0.4013 xUDD=(0.058,0.068,0.583) | T1 psi=(-0.039,+3.038,-1.104) ggm=0.000 circ=+9.5662 xUDD=(0.016,0.018,0.563) | sep=2.3864
# CONVTAG t=2500.00 rough=0.000000 cond=28.920450 evap=35.466578 backs=4.626075
# CANT t=2500.00 a_tag=1.0000 a_max=1.0000 xl_tag=0.4656 nlock=6 tune=150.784996
# REG t=2500.00 tp n=7 rho=[0.143 0.679 0.698 0.753] gr=0.00046 fl=1.000 | ba n=25599 rho=[0.095 0.487 0.844 0.962] gr=0.00008 fl=0.930
t= 2504.00 -1.20e-15 | 1.6637 16.34  22111   15 323097 323437 | 1.4276 14.74 | 6.80e-03 1.67e-02 |   3.5475 0.5080  1.8605  1.3419 1.000 15.83 | edge_dev mean=0.1694 max=0.2641 gg=0.1837 shape_dev=0.4390 xbar=0.2360 | T0 psi=(-0.058,-1.259,+0.595) ggm=0.000 circ=+0.4131 xUDD=(0.104,0.092,0.607) | T1 psi=(+2.799,+0.042,+2.855) ggm=0.000 circ=+9.5653 xUDD=(0.023,0.022,0.568) | sep=2.3912
# CONVTAG t=2504.00 rough=0.000000 cond=29.202462 evap=35.466578 backs=4.626075
# CANT t=2504.00 a_tag=1.0000 a_max=1.0000 xl_tag=0.4656 nlock=6 tune=151.106696
# REG t=2504.00 tp n=7 rho=[0.143 0.416 0.531 0.966] gr=0.00042 fl=1.000 | ba n=25616 rho=[0.096 0.490 0.846 0.962] gr=0.00008 fl=0.929
t= 2508.00 -1.20e-15 | 1.6637 16.35  22119   13 323614 323948 | 1.4278 14.75 | 5.51e-03 1.54e-02 |   3.5106 0.5027  1.8788  1.3474 1.000 15.83 | edge_dev mean=0.1666 max=0.2684 gg=0.1766 shape_dev=0.4369 xbar=0.2337 | T0 psi=(-0.100,+2.470,-3.110) ggm=0.000 circ=+0.4358 xUDD=(0.089,0.101,0.596) | T1 psi=(-0.878,+3.009,+1.051) ggm=0.000 circ=+9.5582 xUDD=(0.030,0.019,0.567) | sep=2.3969
# CONVTAG t=2508.00 rough=0.000000 cond=29.202462 evap=35.466578 backs=4.626075
# CANT t=2508.00 a_tag=1.0000 a_max=1.0000 xl_tag=0.4656 nlock=6 tune=151.267124
# REG t=2508.00 tp n=7 rho=[0.143 0.374 0.796 0.966] gr=0.00046 fl=1.000 | ba n=25624 rho=[0.097 0.494 0.845 0.962] gr=0.00008 fl=0.929
t= 2512.00 -1.20e-15 | 1.6641 16.36  22134   14 324139 324458 | 1.4281 14.75 | 5.52e-03 1.96e-02 |   3.5417 0.5072  1.9290  1.3414 1.000 16.17 | edge_dev mean=0.1636 max=0.2779 gg=0.2007 shape_dev=0.4295 xbar=0.2358 | T0 psi=(-0.106,-0.697,-0.011) ggm=0.001 circ=+0.4436 xUDD=(0.084,0.088,0.594) | T1 psi=(-0.103,+0.691,+1.840) ggm=0.000 circ=+9.5816 xUDD=(0.034,0.033,0.581) | sep=2.3986
# CONVTAG t=2512.00 rough=0.000000 cond=29.202462 evap=35.466578 backs=4.626075
# CANT t=2512.00 a_tag=1.0000 a_max=1.0000 xl_tag=0.4656 nlock=6 tune=151.415932
# REG t=2512.00 tp n=7 rho=[0.157 0.314 0.328 0.764] gr=0.00063 fl=1.000 | ba n=25639 rho=[0.096 0.497 0.847 0.963] gr=0.00008 fl=0.928
t= 2516.00 -1.20e-15 | 1.6642 16.37  22144    9 324656 324962 | 1.4281 14.75 | 8.59e-03 2.08e-02 |   3.6072 0.5165  1.9614  1.3430 1.000 16.00 | edge_dev mean=0.1589 max=0.2697 gg=0.1880 shape_dev=0.4116 xbar=0.2398 | T0 psi=(-0.056,+2.704,+2.858) ggm=0.000 circ=+0.4447 xUDD=(0.084,0.084,0.596) | T1 psi=(+1.972,-2.956,+1.319) ggm=0.000 circ=+9.6075 xUDD=(0.043,0.038,0.595) | sep=2.4106
# CONVTAG t=2516.00 rough=0.000000 cond=29.202462 evap=35.466578 backs=4.626075
# CANT t=2516.00 a_tag=1.0000 a_max=1.0000 xl_tag=0.4656 nlock=6 tune=151.523736
# REG t=2516.00 tp n=7 rho=[0.151 0.200 0.355 0.899] gr=0.00062 fl=1.000 | ba n=25657 rho=[0.096 0.495 0.845 0.962] gr=0.00008 fl=0.928
t= 2520.00 -1.20e-15 | 1.6644 16.34  22108    9 325149 325473 | 1.4276 14.74 | 6.18e-03 1.57e-02 |   3.9789 0.5698  2.0005  1.3170 1.000 15.67 | edge_dev mean=0.1590 max=0.2534 gg=0.1789 shape_dev=0.3871 xbar=0.2645 | T0 psi=(-0.061,+0.086,-0.855) ggm=0.131 circ=+0.4711 xUDD=(0.077,0.093,0.614) | T1 psi=(-2.803,+1.844,+0.911) ggm=0.000 circ=+9.6011 xUDD=(0.091,0.096,0.617) | sep=2.4279
# CONVTAG t=2520.00 rough=0.000000 cond=29.491346 evap=35.466578 backs=4.626075
# CANT t=2520.00 a_tag=1.0000 a_max=1.0000 xl_tag=0.4656 nlock=6 tune=151.910534
# REG t=2520.00 tp n=7 rho=[0.155 0.341 0.436 0.787] gr=0.00064 fl=1.000 | ba n=25640 rho=[0.096 0.491 0.845 0.961] gr=0.00008 fl=0.929
t= 2524.00 -1.20e-15 | 1.6646 16.34  22112   15 325661 325967 | 1.4277 14.75 | 5.42e-03 1.47e-02 |   4.1696 0.5971  1.9808  1.3404 1.000 15.67 | edge_dev mean=0.1561 max=0.2435 gg=0.1730 shape_dev=0.3642 xbar=0.2772 | T0 psi=(-0.055,-2.231,+1.577) ggm=0.000 circ=+0.4773 xUDD=(0.097,0.101,0.625) | T1 psi=(-0.304,-0.667,-1.181) ggm=0.000 circ=+9.6023 xUDD=(0.107,0.099,0.635) | sep=2.4455
# CONVTAG t=2524.00 rough=0.000000 cond=29.769967 evap=35.466578 backs=4.626075
# CANT t=2524.00 a_tag=1.0000 a_max=1.0000 xl_tag=0.4656 nlock=6 tune=152.254998
# REG t=2524.00 tp n=7 rho=[0.143 0.418 0.797 0.826] gr=0.00068 fl=1.000 | ba n=25652 rho=[0.096 0.492 0.845 0.962] gr=0.00008 fl=0.928
t= 2528.00 -1.20e-15 | 1.6645 16.34  22103   11 326126 326440 | 1.4276 14.75 | 7.55e-03 1.83e-02 |   4.0008 0.5729  1.9566  1.3712 1.000 15.83 | edge_dev mean=0.1520 max=0.2353 gg=0.2225 shape_dev=0.3499 xbar=0.2662 | T0 psi=(-0.066,+0.834,-1.535) ggm=0.025 circ=+0.4903 xUDD=(0.100,0.107,0.613) | T1 psi=(+0.219,+3.119,-0.286) ggm=0.000 circ=+9.6501 xUDD=(0.088,0.064,0.626) | sep=2.4587
# CONVTAG t=2528.00 rough=0.000000 cond=29.769967 evap=35.466578 backs=4.626075
# CANT t=2528.00 a_tag=1.0000 a_max=1.0000 xl_tag=0.4656 nlock=6 tune=152.431172
# REG t=2528.00 tp n=7 rho=[0.143 0.281 0.382 0.783] gr=0.00065 fl=1.000 | ba n=25649 rho=[0.094 0.492 0.843 0.962] gr=0.00008 fl=0.928
t= 2532.00 -1.20e-15 | 1.6648 16.36  22139    9 326659 326980 | 1.4281 14.75 | 4.48e-03 1.44e-02 |   3.9778 0.5696  1.8997  1.3958 1.000 15.83 | edge_dev mean=0.1496 max=0.2317 gg=0.1390 shape_dev=0.3406 xbar=0.2647 | T0 psi=(+0.181,-1.245,+0.098) ggm=0.001 circ=+0.4796 xUDD=(0.127,0.106,0.608) | T1 psi=(+2.244,-0.692,-0.655) ggm=0.000 circ=+9.6750 xUDD=(0.078,0.057,0.613) | sep=2.4696
# CONVTAG t=2532.00 rough=0.000000 cond=29.769967 evap=35.466578 backs=4.626075
# CANT t=2532.00 a_tag=1.0000 a_max=1.0000 xl_tag=0.4656 nlock=6 tune=152.580695
# REG t=2532.00 tp n=7 rho=[0.143 0.197 0.336 0.736] gr=0.00069 fl=1.000 | ba n=25643 rho=[0.095 0.493 0.843 0.961] gr=0.00007 fl=0.928
t= 2536.00 -1.20e-15 | 1.6647 16.38  22159   14 327224 327491 | 1.4284 14.76 | 1.01e-02 2.46e-02 |   4.0722 0.5831  1.9042  1.3889 1.000 16.00 | edge_dev mean=0.1447 max=0.2343 gg=0.1774 shape_dev=0.3636 xbar=0.2705 | T0 psi=(-0.012,+1.738,-2.416) ggm=0.000 circ=+0.4849 xUDD=(0.116,0.111,0.616) | T1 psi=(+3.123,-2.743,-0.027) ggm=0.000 circ=+9.6742 xUDD=(0.100,0.071,0.609) | sep=2.4681
# CONVTAG t=2536.00 rough=0.000000 cond=29.769967 evap=35.466578 backs=4.626075
# CANT t=2536.00 a_tag=1.0000 a_max=1.0000 xl_tag=0.4656 nlock=6 tune=152.747700
# REG t=2536.00 tp n=7 rho=[0.085 0.209 0.333 0.641] gr=0.00067 fl=1.000 | ba n=25691 rho=[0.094 0.488 0.841 0.961] gr=0.00007 fl=0.927
t= 2540.00 -1.20e-15 | 1.6644 16.35  22127    7 327649 327976 | 1.4280 14.76 | 6.44e-03 1.64e-02 |   3.9411 0.5644  1.9143  1.3893 1.000 15.50 | edge_dev mean=0.1404 max=0.2466 gg=0.1859 shape_dev=0.4003 xbar=0.2620 | T0 psi=(-0.032,-1.457,+0.738) ggm=0.000 circ=+0.4449 xUDD=(0.104,0.106,0.615) | T1 psi=(-1.722,-0.212,+0.451) ggm=0.000 circ=+9.6520 xUDD=(0.073,0.057,0.616) | sep=2.4441
# CONVTAG t=2540.00 rough=0.000000 cond=29.769967 evap=35.466578 backs=4.626075
# CANT t=2540.00 a_tag=1.0000 a_max=1.0000 xl_tag=0.4656 nlock=6 tune=152.903899
# REG t=2540.00 tp n=7 rho=[0.085 0.306 0.577 0.612] gr=0.00057 fl=1.000 | ba n=25639 rho=[0.098 0.491 0.842 0.961] gr=0.00007 fl=0.928
t= 2544.00 -1.20e-15 | 1.6641 16.35  22127   12 328168 328489 | 1.4280 14.76 | 6.37e-03 1.88e-02 |   4.0908 0.5858  1.8551  1.4204 1.000 15.83 | edge_dev mean=0.1353 max=0.2578 gg=0.1843 shape_dev=0.3981 xbar=0.2720 | T0 psi=(+0.012,-0.349,-0.261) ggm=0.018 circ=+0.4326 xUDD=(0.127,0.135,0.617) | T1 psi=(+0.111,-2.653,-0.802) ggm=0.000 circ=+9.6807 xUDD=(0.080,0.060,0.613) | sep=2.4475
# CONVTAG t=2544.00 rough=0.000000 cond=29.769967 evap=35.466578 backs=4.626075
# CANT t=2544.00 a_tag=1.0000 a_max=1.0000 xl_tag=0.4656 nlock=6 tune=153.069078
# REG t=2544.00 tp n=7 rho=[0.132 0.297 0.659 0.659] gr=0.00054 fl=1.000 | ba n=25641 rho=[0.095 0.493 0.842 0.960] gr=0.00007 fl=0.928
t= 2548.00 -1.34e-15 | 1.6640 16.35  22120   14 328723 329002 | 1.4281 14.77 | 8.86e-03 2.28e-02 |   4.1084 0.5883  1.8824  1.4080 1.000 16.17 | edge_dev mean=0.1393 max=0.2877 gg=0.2396 shape_dev=0.3830 xbar=0.2733 | T0 psi=(-0.117,+2.144,-2.439) ggm=0.000 circ=+0.4797 xUDD=(0.109,0.137,0.621) | T1 psi=(+3.076,+0.817,+2.478) ggm=0.000 circ=+9.6926 xUDD=(0.115,0.056,0.600) | sep=2.4506
# CONVTAG t=2548.00 rough=0.000000 cond=29.769967 evap=35.466578 backs=4.626075
# CANT t=2548.00 a_tag=1.0000 a_max=1.0000 xl_tag=0.4656 nlock=6 tune=153.245277
# REG t=2548.00 tp n=7 rho=[0.274 0.495 0.579 0.657] gr=0.00051 fl=1.000 | ba n=25681 rho=[0.096 0.487 0.839 0.961] gr=0.00007 fl=0.927
t= 2552.00 -1.34e-15 | 1.6643 16.33  22096    6 329215 329524 | 1.4278 14.77 | 9.56e-03 2.27e-02 |   4.1333 0.5919  1.8923  1.4042 1.000 16.17 | edge_dev mean=0.1331 max=0.2837 gg=0.2105 shape_dev=0.3865 xbar=0.2749 | T0 psi=(-0.146,-0.144,-0.154) ggm=0.003 circ=+0.4790 xUDD=(0.106,0.141,0.624) | T1 psi=(-0.690,-1.470,-0.190) ggm=0.006 circ=+9.6801 xUDD=(0.113,0.059,0.606) | sep=2.4459
# CONVTAG t=2552.00 rough=0.000000 cond=29.769967 evap=35.466578 backs=4.626075
# CANT t=2552.00 a_tag=1.0000 a_max=1.0000 xl_tag=0.4656 nlock=6 tune=153.421522
# REG t=2552.00 tp n=7 rho=[0.229 0.546 0.663 0.845] gr=0.00069 fl=1.000 | ba n=25659 rho=[0.097 0.489 0.837 0.961] gr=0.00007 fl=0.927
t= 2556.00 -1.34e-15 | 1.6648 16.35  22122    6 329754 330049 | 1.4281 14.76 | 4.97e-03 1.33e-02 |   4.0309 0.5772  1.8795  1.4159 1.000 16.00 | edge_dev mean=0.1376 max=0.2609 gg=0.2299 shape_dev=0.3651 xbar=0.2682 | T0 psi=(-0.191,-2.973,+2.838) ggm=0.000 circ=+0.4366 xUDD=(0.114,0.128,0.620) | T1 psi=(+0.467,-2.802,-1.456) ggm=0.000 circ=+9.7229 xUDD=(0.083,0.058,0.606) | sep=2.4640
# CONVTAG t=2556.00 rough=0.000000 cond=29.769967 evap=35.466578 backs=4.626075
# CANT t=2556.00 a_tag=1.0000 a_max=1.0000 xl_tag=0.4656 nlock=6 tune=153.642013
# REG t=2556.00 tp n=7 rho=[0.204 0.523 0.644 0.752] gr=0.00074 fl=1.000 | ba n=25672 rho=[0.100 0.489 0.840 0.960] gr=0.00007 fl=0.927
t= 2560.00 -1.34e-15 | 1.6646 16.35  22128    7 330290 330588 | 1.4281 14.76 | 9.25e-03 2.27e-02 |   4.2476 0.6083  1.8718  1.4265 1.000 16.00 | edge_dev mean=0.1438 max=0.2651 gg=0.1770 shape_dev=0.3372 xbar=0.2821 | T0 psi=(+0.034,-0.379,+0.086) ggm=0.046 circ=+0.4371 xUDD=(0.141,0.125,0.620) | T1 psi=(-3.084,+0.468,+2.868) ggm=0.000 circ=+9.7239 xUDD=(0.124,0.067,0.615) | sep=2.4854
# CONVTAG t=2560.00 rough=0.000000 cond=29.769967 evap=35.466578 backs=4.626075
# CANT t=2560.00 a_tag=1.0000 a_max=1.0000 xl_tag=0.4656 nlock=6 tune=153.846168
# REG t=2560.00 tp n=7 rho=[0.242 0.408 0.613 0.748] gr=0.00062 fl=1.000 | ba n=25667 rho=[0.097 0.485 0.839 0.962] gr=0.00008 fl=0.927
t= 2564.00 -1.34e-15 | 1.6645 16.37  22143   12 330824 331091 | 1.4283 14.76 | 1.01e-02 2.47e-02 |   4.2006 0.6015  1.8315  1.4366 1.000 15.50 | edge_dev mean=0.1468 max=0.2771 gg=0.1671 shape_dev=0.3202 xbar=0.2793 | T0 psi=(+0.028,-0.538,+0.437) ggm=0.006 circ=+0.4603 xUDD=(0.144,0.135,0.627) | T1 psi=(-3.102,-2.036,-1.390) ggm=0.000 circ=+9.7143 xUDD=(0.090,0.067,0.613) | sep=2.4906
# CONVTAG t=2564.00 rough=0.000000 cond=29.769967 evap=35.466578 backs=4.626075
# CANT t=2564.00 a_tag=1.0000 a_max=1.0000 xl_tag=0.4656 nlock=6 tune=154.021985
# REG t=2564.00 tp n=7 rho=[0.202 0.612 0.669 0.785] gr=0.00138 fl=1.000 | ba n=25694 rho=[0.092 0.482 0.837 0.961] gr=0.00007 fl=0.926
t= 2568.00 -1.34e-15 | 1.6650 16.32  22081   17 331331 331585 | 1.4276 14.75 | 6.27e-03 1.72e-02 |   3.6847 0.5276  1.8067  1.4290 1.000 15.67 | edge_dev mean=0.1505 max=0.2962 gg=0.1854 shape_dev=0.3312 xbar=0.2449 | T0 psi=(-0.026,-1.136,+0.741) ggm=0.000 circ=+0.4884 xUDD=(0.125,0.127,0.541) | T1 psi=(-1.100,+1.850,+2.758) ggm=0.000 circ=+9.6982 xUDD=(0.129,0.053,0.494) | sep=2.4796
# CONVTAG t=2568.00 rough=0.000000 cond=29.769967 evap=36.075209 backs=4.705462
# CANT t=2568.00 a_tag=1.0000 a_max=1.0000 xl_tag=0.4656 nlock=6 tune=154.280946
# REG t=2568.00 tp n=7 rho=[0.242 0.666 0.859 0.961] gr=0.00274 fl=1.000 | ba n=25701 rho=[0.090 0.480 0.837 0.960] gr=0.00008 fl=0.925
t= 2572.00 -1.34e-15 | 1.6649 16.35  22124    9 331872 332097 | 1.4281 14.76 | 8.75e-03 2.21e-02 |   4.0028 0.5732  1.7858  1.4158 1.000 15.67 | edge_dev mean=0.1502 max=0.3364 gg=0.1666 shape_dev=0.3587 xbar=0.2657 | T0 psi=(-0.018,-2.415,+2.609) ggm=0.000 circ=+0.4870 xUDD=(0.141,0.128,0.627) | T1 psi=(-0.049,-0.453,+2.763) ggm=0.000 circ=+9.7011 xUDD=(0.109,0.043,0.547) | sep=2.4478
# CONVTAG t=2572.00 rough=0.000000 cond=30.033751 evap=36.075209 backs=4.705462
# CANT t=2572.00 a_tag=1.0000 a_max=1.0000 xl_tag=0.4656 nlock=6 tune=154.866153
# REG t=2572.00 tp n=7 rho=[0.270 0.622 0.753 0.871] gr=0.00219 fl=1.000 | ba n=25739 rho=[0.088 0.478 0.837 0.959] gr=0.00008 fl=0.924
t= 2576.00 -1.34e-15 | 1.6645 16.35  22127   11 332341 332616 | 1.4281 14.75 | 1.01e-02 2.46e-02 |   4.0229 0.5761  1.8732  1.4131 1.000 15.33 | edge_dev mean=0.1595 max=0.3334 gg=0.1754 shape_dev=0.3401 xbar=0.2673 | T0 psi=(-0.092,+1.081,-0.922) ggm=0.093 circ=+0.4885 xUDD=(0.118,0.122,0.615) | T1 psi=(+2.167,+2.608,+1.679) ggm=0.000 circ=+9.7044 xUDD=(0.124,0.046,0.578) | sep=2.4570
# CONVTAG t=2576.00 rough=0.000000 cond=30.033751 evap=36.075209 backs=4.705462
# CANT t=2576.00 a_tag=1.0000 a_max=1.0000 xl_tag=0.4656 nlock=6 tune=155.122633
# REG t=2576.00 tp n=7 rho=[0.242 0.621 0.704 0.946] gr=0.00164 fl=1.000 | ba n=25687 rho=[0.093 0.475 0.837 0.960] gr=0.00007 fl=0.926
t= 2580.00 -1.34e-15 | 1.6640 16.34  22103    8 332806 333054 | 1.4277 14.75 | 5.67e-03 1.67e-02 |   4.1585 0.5955  1.8558  1.4250 1.000 15.17 | edge_dev mean=0.1602 max=0.3611 gg=0.1361 shape_dev=0.3354 xbar=0.2785 | T0 psi=(+0.187,-1.120,+0.836) ggm=0.000 circ=+0.4975 xUDD=(0.134,0.122,0.615) | T1 psi=(+2.918,+0.919,+1.956) ggm=0.000 circ=+9.7042 xUDD=(0.137,0.081,0.582) | sep=2.4674
# CONVTAG t=2580.00 rough=0.000000 cond=30.033751 evap=36.075209 backs=4.705462
# CANT t=2580.00 a_tag=1.0000 a_max=1.0000 xl_tag=0.4656 nlock=6 tune=155.332676
# REG t=2580.00 tp n=7 rho=[0.247 0.625 0.884 0.949] gr=0.00167 fl=1.000 | ba n=25715 rho=[0.091 0.480 0.837 0.960] gr=0.00007 fl=0.926
t= 2584.00 -1.34e-15 | 1.6640 16.34  22103    8 333337 333565 | 1.4277 14.74 | 8.30e-03 2.03e-02 |   4.2616 0.6103  1.8764  1.4192 1.000 15.00 | edge_dev mean=0.1699 max=0.3732 gg=0.1895 shape_dev=0.3476 xbar=0.2835 | T0 psi=(+0.129,+1.315,-1.373) ggm=0.014 circ=+0.4822 xUDD=(0.128,0.122,0.619) | T1 psi=(-2.696,-2.105,-2.404) ggm=0.000 circ=+9.7030 xUDD=(0.174,0.067,0.591) | sep=2.4543
# CONVTAG t=2584.00 rough=0.000000 cond=30.033751 evap=36.075209 backs=4.705462
# CANT t=2584.00 a_tag=1.0000 a_max=1.0000 xl_tag=0.4656 nlock=6 tune=155.551282
# REG t=2584.00 tp n=7 rho=[0.344 0.485 0.777 0.978] gr=0.00121 fl=1.000 | ba n=25736 rho=[0.085 0.473 0.837 0.959] gr=0.00008 fl=0.925
t= 2588.00 -1.34e-15 | 1.6646 16.33  22088   12 333836 334100 | 1.4276 14.75 | 5.99e-03 1.85e-02 |   4.5873 0.6569  1.7916  1.4370 1.000 15.00 | edge_dev mean=0.1631 max=0.3685 gg=0.1665 shape_dev=0.3268 xbar=0.3048 | T0 psi=(+0.048,-2.056,+2.505) ggm=0.000 circ=+0.4471 xUDD=(0.143,0.175,0.651) | T1 psi=(-0.691,+1.005,-2.851) ggm=0.000 circ=+9.6999 xUDD=(0.176,0.082,0.602) | sep=2.4772
# CONVTAG t=2588.00 rough=0.000000 cond=30.297531 evap=36.075209 backs=4.705462
# CANT t=2588.00 a_tag=1.0000 a_max=1.0000 xl_tag=0.4656 nlock=6 tune=155.907137
# REG t=2588.00 tp n=7 rho=[0.348 0.391 0.700 0.715] gr=0.00111 fl=1.000 | ba n=25697 rho=[0.086 0.477 0.840 0.961] gr=0.00008 fl=0.926
t= 2592.00 -1.34e-15 | 1.6650 16.34  22102   12 334344 334591 | 1.4278 14.75 | 1.01e-02 2.34e-02 |   4.5731 0.6549  1.8187  1.4258 1.000 15.17 | edge_dev mean=0.1665 max=0.3601 gg=0.1665 shape_dev=0.3320 xbar=0.3034 | T0 psi=(-0.011,-2.485,+3.032) ggm=0.000 circ=+0.4106 xUDD=(0.152,0.144,0.647) | T1 psi=(+0.244,-0.838,-2.533) ggm=0.000 circ=+9.7077 xUDD=(0.154,0.105,0.618) | sep=2.4792
# CONVTAG t=2592.00 rough=0.000000 cond=30.297531 evap=36.075209 backs=4.705462
# CANT t=2592.00 a_tag=1.0000 a_max=1.0000 xl_tag=0.4656 nlock=6 tune=156.192736
# REG t=2592.00 tp n=7 rho=[0.269 0.391 0.616 0.711] gr=0.00118 fl=1.000 | ba n=25713 rho=[0.087 0.484 0.843 0.960] gr=0.00008 fl=0.925
t= 2596.00 -1.20e-15 | 1.6646 16.32  22086   11 334836 335095 | 1.4277 14.76 | 7.00e-03 1.92e-02 |   4.3131 0.6176  1.9014  1.4137 1.000 15.00 | edge_dev mean=0.1723 max=0.3444 gg=0.2386 shape_dev=0.3247 xbar=0.2868 | T0 psi=(-0.034,+0.272,+0.117) ggm=0.089 circ=+0.3939 xUDD=(0.127,0.105,0.641) | T1 psi=(-0.166,+2.858,+0.482) ggm=0.000 circ=+9.7230 xUDD=(0.122,0.093,0.633) | sep=2.4869
# CONVTAG t=2596.00 rough=0.000000 cond=30.555031 evap=36.527785 backs=4.764494
# CANT t=2596.00 a_tag=1.0000 a_max=1.0000 xl_tag=0.4656 nlock=6 tune=156.455920
# REG t=2596.00 tp n=7 rho=[0.259 0.361 0.550 0.557] gr=0.00082 fl=1.000 | ba n=25701 rho=[0.088 0.479 0.843 0.960] gr=0.00008 fl=0.926
t= 2600.00 -1.20e-15 | 1.6649 16.35  22118   11 335364 335615 | 1.4280 14.76 | 4.80e-03 1.63e-02 |   4.2635 0.6105  1.8479  1.4314 1.000 15.17 | edge_dev mean=0.1668 max=0.3149 gg=0.2337 shape_dev=0.3063 xbar=0.2836 | T0 psi=(-0.002,-2.766,+3.032) ggm=0.000 circ=+0.3943 xUDD=(0.133,0.127,0.637) | T1 psi=(-0.021,+1.155,+1.522) ggm=0.000 circ=+9.7837 xUDD=(0.076,0.093,0.637) | sep=2.5012
# CONVTAG t=2600.00 rough=0.000000 cond=30.555031 evap=36.527785 backs=4.764494
# CANT t=2600.00 a_tag=1.0000 a_max=1.0000 xl_tag=0.4656 nlock=6 tune=156.619566
# REG t=2600.00 tp n=7 rho=[0.217 0.279 0.552 0.679] gr=0.00074 fl=1.000 | ba n=25710 rho=[0.084 0.475 0.842 0.962] gr=0.00008 fl=0.926
t= 2604.00 -1.20e-15 | 1.6650 16.34  22110   17 335914 336175 | 1.4280 14.76 | 5.17e-03 1.55e-02 |   4.2243 0.6049  1.8332  1.4488 1.000 15.50 | edge_dev mean=0.1582 max=0.2713 gg=0.1604 shape_dev=0.2757 xbar=0.2811 | T0 psi=(+0.198,+1.647,-2.064) ggm=0.000 circ=+0.3555 xUDD=(0.141,0.129,0.638) | T1 psi=(-0.033,-1.742,-2.107) ggm=0.000 circ=+9.8529 xUDD=(0.062,0.082,0.635) | sep=2.5193
# CONVTAG t=2604.00 rough=0.000000 cond=30.555031 evap=36.527785 backs=4.764494
# CANT t=2604.00 a_tag=1.0000 a_max=1.0000 xl_tag=0.4656 nlock=6 tune=156.791927
# REG t=2604.00 tp n=7 rho=[0.217 0.328 0.550 0.774] gr=0.00056 fl=1.000 | ba n=25694 rho=[0.086 0.478 0.843 0.962] gr=0.00008 fl=0.926
t= 2608.00 -1.20e-15 | 1.6643 16.33  22098   13 336419 336695 | 1.4279 14.77 | 6.47e-03 2.10e-02 |   4.1985 0.6012  1.8123  1.4669 1.000 15.00 | edge_dev mean=0.1585 max=0.2777 gg=0.1693 shape_dev=0.2608 xbar=0.2805 | T0 psi=(+0.122,+2.505,-2.670) ggm=0.000 circ=+0.3401 xUDD=(0.139,0.143,0.629) | T1 psi=(-0.074,+1.434,+0.802) ggm=0.000 circ=+9.8942 xUDD=(0.067,0.084,0.622) | sep=2.5245
# CONVTAG t=2608.00 rough=0.000000 cond=30.555031 evap=36.527785 backs=4.764494
# CANT t=2608.00 a_tag=1.0000 a_max=1.0000 xl_tag=0.4656 nlock=6 tune=156.963868
# REG t=2608.00 tp n=7 rho=[0.217 0.331 0.574 0.871] gr=0.00038 fl=1.000 | ba n=25683 rho=[0.086 0.479 0.842 0.963] gr=0.00008 fl=0.927
t= 2612.00 -1.20e-15 | 1.6642 16.33  22096   15 336917 337220 | 1.4278 14.77 | 4.77e-03 1.35e-02 |   4.3987 0.6299  1.7786  1.4552 1.000 15.17 | edge_dev mean=0.1460 max=0.2953 gg=0.1696 shape_dev=0.3077 xbar=0.2928 | T0 psi=(+0.041,-3.052,-2.973) ggm=0.000 circ=+0.2945 xUDD=(0.148,0.151,0.639) | T1 psi=(-0.175,-0.835,-2.791) ggm=0.000 circ=+9.9502 xUDD=(0.075,0.111,0.633) | sep=2.4849
# CONVTAG t=2612.00 rough=0.000000 cond=30.555031 evap=36.527785 backs=4.764494
# CANT t=2612.00 a_tag=1.0000 a_max=1.0000 xl_tag=0.4656 nlock=6 tune=157.169045
# REG t=2612.00 tp n=7 rho=[0.287 0.457 0.601 0.704] gr=0.00054 fl=1.000 | ba n=25656 rho=[0.086 0.478 0.839 0.962] gr=0.00008 fl=0.928
t= 2616.00 -1.20e-15 | 1.6642 16.33  22089   14 337502 337783 | 1.4276 14.76 | 8.19e-03 1.83e-02 |   4.4309 0.6345  1.7571  1.4649 1.000 15.33 | edge_dev mean=0.1319 max=0.3089 gg=0.1719 shape_dev=0.3128 xbar=0.2945 | T0 psi=(-0.003,-2.400,+2.789) ggm=0.000 circ=+0.3096 xUDD=(0.147,0.159,0.645) | T1 psi=(-0.320,-2.889,-0.847) ggm=0.000 circ=+9.9959 xUDD=(0.085,0.092,0.639) | sep=2.4764
# CONVTAG t=2616.00 rough=0.000000 cond=30.555031 evap=36.527785 backs=4.764494
# CANT t=2616.00 a_tag=1.0000 a_max=1.0000 xl_tag=0.4656 nlock=6 tune=157.416340
# REG t=2616.00 tp n=7 rho=[0.265 0.287 0.489 0.698] gr=0.00036 fl=1.000 | ba n=25678 rho=[0.084 0.474 0.837 0.961] gr=0.00008 fl=0.928
t= 2620.00 -1.20e-15 | 1.6646 16.35  22128   11 338051 338331 | 1.4282 14.77 | 5.20e-03 1.42e-02 |   4.4256 0.6337  1.7370  1.4841 1.000 15.50 | edge_dev mean=0.1340 max=0.3538 gg=0.1764 shape_dev=0.3046 xbar=0.2966 | T0 psi=(-0.017,+3.037,-2.403) ggm=0.000 circ=+0.3002 xUDD=(0.149,0.171,0.647) | T1 psi=(-0.000,-0.086,+1.874) ggm=0.000 circ=+10.0542 xUDD=(0.078,0.096,0.638) | sep=2.4870
# CONVTAG t=2620.00 rough=0.000000 cond=30.555031 evap=36.527785 backs=4.764494
# CANT t=2620.00 a_tag=1.0000 a_max=1.0000 xl_tag=0.4656 nlock=6 tune=157.606006
# REG t=2620.00 tp n=7 rho=[0.223 0.287 0.404 0.806] gr=0.00024 fl=1.000 | ba n=25681 rho=[0.085 0.475 0.839 0.961] gr=0.00008 fl=0.927
t= 2624.00 -1.20e-15 | 1.6647 16.33  22095   16 338555 338811 | 1.4279 14.78 | 8.31e-03 2.54e-02 |   4.4245 0.6336  1.7357  1.4761 1.000 15.50 | edge_dev mean=0.1412 max=0.3963 gg=0.1697 shape_dev=0.3054 xbar=0.2940 | T0 psi=(-0.010,+0.631,+0.029) ggm=0.009 circ=+0.3190 xUDD=(0.144,0.154,0.648) | T1 psi=(-0.184,-1.772,-2.161) ggm=0.000 circ=+10.1398 xUDD=(0.082,0.100,0.637) | sep=2.4962
# CONVTAG t=2624.00 rough=0.000000 cond=30.555031 evap=36.527785 backs=4.764494
# CANT t=2624.00 a_tag=1.0000 a_max=1.0000 xl_tag=0.4656 nlock=6 tune=157.779119
# REG t=2624.00 tp n=7 rho=[0.286 0.419 0.847 0.861] gr=0.00038 fl=1.000 | ba n=25698 rho=[0.086 0.478 0.843 0.962] gr=0.00008 fl=0.927
t= 2628.00 -1.20e-15 | 1.6648 16.32  22081   15 339036 339289 | 1.4276 14.77 | 9.29e-03 2.59e-02 |   4.4640 0.6392  1.7103  1.4771 1.000 15.00 | edge_dev mean=0.1235 max=0.3445 gg=0.1765 shape_dev=0.2876 xbar=0.2970 | T0 psi=(-0.116,+1.396,-0.887) ggm=0.032 circ=+0.3221 xUDD=(0.129,0.181,0.656) | T1 psi=(-0.035,+1.927,+0.058) ggm=0.000 circ=+10.1930 xUDD=(0.067,0.109,0.640) | sep=2.5015
# CONVTAG t=2628.00 rough=0.000000 cond=30.555031 evap=36.527785 backs=4.764494
# CANT t=2628.00 a_tag=1.0000 a_max=1.0000 xl_tag=0.4656 nlock=6 tune=158.052559
# REG t=2628.00 tp n=7 rho=[0.264 0.410 0.755 0.886] gr=0.00044 fl=1.000 | ba n=25704 rho=[0.086 0.475 0.840 0.961] gr=0.00008 fl=0.926
t= 2632.00 -1.20e-15 | 1.6645 16.32  22079    7 339552 339769 | 1.4276 14.76 | 7.61e-03 2.23e-02 |   4.5250 0.6480  1.6999  1.4816 1.000 15.33 | edge_dev mean=0.1304 max=0.3625 gg=0.1674 shape_dev=0.2839 xbar=0.3007 | T0 psi=(-0.044,-1.107,+1.712) ggm=0.000 circ=+0.3290 xUDD=(0.139,0.179,0.663) | T1 psi=(+2.403,-0.978,-1.810) ggm=0.000 circ=+10.2052 xUDD=(0.088,0.095,0.640) | sep=2.5025
# CONVTAG t=2632.00 rough=0.000000 cond=30.555031 evap=36.527785 backs=4.764494
# CANT t=2632.00 a_tag=1.0000 a_max=1.0000 xl_tag=0.4656 nlock=6 tune=158.334046
# REG t=2632.00 tp n=7 rho=[0.264 0.405 0.483 0.941] gr=0.00046 fl=1.000 | ba n=25747 rho=[0.085 0.473 0.840 0.960] gr=0.00007 fl=0.925
t= 2636.00 -1.20e-15 | 1.6650 16.32  22087    4 340063 340281 | 1.4277 14.77 | 5.47e-03 1.49e-02 |   4.5807 0.6559  1.7384  1.4699 1.000 15.50 | edge_dev mean=0.1462 max=0.3904 gg=0.1667 shape_dev=0.2975 xbar=0.3044 | T0 psi=(-0.012,+0.235,+0.504) ggm=0.001 circ=+0.3375 xUDD=(0.148,0.157,0.654) | T1 psi=(-2.918,+2.740,-0.773) ggm=0.000 circ=+10.2022 xUDD=(0.124,0.099,0.644) | sep=2.4939
# CONVTAG t=2636.00 rough=0.000000 cond=30.555031 evap=36.527785 backs=4.764494
# CANT t=2636.00 a_tag=1.0000 a_max=1.0000 xl_tag=0.4656 nlock=6 tune=158.568137
# REG t=2636.00 tp n=7 rho=[0.348 0.385 0.429 0.935] gr=0.00052 fl=1.000 | ba n=25751 rho=[0.084 0.477 0.841 0.961] gr=0.00007 fl=0.925
t= 2640.00 -1.20e-15 | 1.6652 16.31  22065   12 340589 340790 | 1.4275 14.77 | 7.09e-03 1.80e-02 |   3.8653 0.5535  1.7280  1.4799 1.000 15.50 | edge_dev mean=0.1485 max=0.3623 gg=0.2727 shape_dev=0.2937 xbar=0.2569 | T0 psi=(-0.014,+0.556,-0.429) ggm=0.103 circ=+0.3426 xUDD=(0.123,0.128,0.588) | T1 psi=(-0.596,-0.063,+2.559) ggm=0.000 circ=+10.1946 xUDD=(0.108,0.041,0.553) | sep=2.5023
# CONVTAG t=2640.00 rough=0.000000 cond=30.555031 evap=37.125678 backs=4.842480
# CANT t=2640.00 a_tag=1.0000 a_max=1.0000 xl_tag=0.4656 nlock=6 tune=158.950712
# REG t=2640.00 tp n=7 rho=[0.221 0.330 0.725 0.935] gr=0.00075 fl=1.000 | ba n=25762 rho=[0.082 0.471 0.841 0.960] gr=0.00008 fl=0.925
t= 2644.00 -1.20e-15 | 1.6653 16.31  22069    9 341100 341313 | 1.4275 14.76 | 5.43e-03 1.63e-02 |   3.8689 0.5540  1.7418  1.4846 1.000 15.67 | edge_dev mean=0.1490 max=0.3400 gg=0.1937 shape_dev=0.2895 xbar=0.2574 | T0 psi=(-0.040,+0.699,-0.378) ggm=0.270 circ=+0.3119 xUDD=(0.121,0.118,0.611) | T1 psi=(-0.391,-1.841,-2.535) ggm=0.000 circ=+10.2000 xUDD=(0.081,0.041,0.572) | sep=2.5037
# CONVTAG t=2644.00 rough=0.000000 cond=30.555031 evap=37.125678 backs=4.842480
# CANT t=2644.00 a_tag=1.0000 a_max=1.0000 xl_tag=0.4656 nlock=6 tune=159.182519
# REG t=2644.00 tp n=7 rho=[0.265 0.329 0.614 0.865] gr=0.00062 fl=1.000 | ba n=25752 rho=[0.083 0.470 0.838 0.959] gr=0.00008 fl=0.925
t= 2648.00 -1.20e-15 | 1.6649 16.34  22105   11 341622 341840 | 1.4279 14.76 | 7.96e-03 2.07e-02 |   3.8677 0.5539  1.7753  1.4927 1.000 15.67 | edge_dev mean=0.1364 max=0.2863 gg=0.2437 shape_dev=0.2634 xbar=0.2587 | T0 psi=(-0.079,-0.469,+0.541) ggm=0.011 circ=+0.3177 xUDD=(0.113,0.119,0.610) | T1 psi=(-0.624,-0.406,+2.771) ggm=0.000 circ=+10.2115 xUDD=(0.062,0.060,0.588) | sep=2.5215
# CONVTAG t=2648.00 rough=0.000000 cond=30.555031 evap=37.125678 backs=4.842480
# CANT t=2648.00 a_tag=1.0000 a_max=1.0000 xl_tag=0.4656 nlock=6 tune=159.371072
# REG t=2648.00 tp n=7 rho=[0.260 0.345 0.633 0.807] gr=0.00051 fl=1.000 | ba n=25743 rho=[0.086 0.476 0.841 0.960] gr=0.00007 fl=0.926
t= 2652.00 -1.20e-15 | 1.6647 16.30  22056    8 342164 342387 | 1.4274 14.77 | 7.07e-03 1.99e-02 |   3.9291 0.5626  1.8063  1.4917 1.000 15.50 | edge_dev mean=0.1394 max=0.2639 gg=0.2234 shape_dev=0.2583 xbar=0.2614 | T0 psi=(-0.062,+2.247,-2.223) ggm=0.000 circ=+0.3137 xUDD=(0.107,0.113,0.607) | T1 psi=(-0.045,+0.062,+1.230) ggm=0.000 circ=+10.2201 xUDD=(0.077,0.069,0.595) | sep=2.5266
# CONVTAG t=2652.00 rough=0.000000 cond=30.555031 evap=37.125678 backs=4.842480
# CANT t=2652.00 a_tag=1.0000 a_max=1.0000 xl_tag=0.4656 nlock=6 tune=159.541551
# REG t=2652.00 tp n=7 rho=[0.243 0.381 0.633 0.794] gr=0.00050 fl=1.000 | ba n=25742 rho=[0.087 0.474 0.836 0.959] gr=0.00007 fl=0.927
t= 2656.00 -1.20e-15 | 1.6644 16.31  22064   17 342676 342900 | 1.4276 14.78 | 6.74e-03 1.83e-02 |   3.8871 0.5566  1.7665  1.5089 1.000 15.67 | edge_dev mean=0.1519 max=0.2598 gg=0.1674 shape_dev=0.2367 xbar=0.2581 | T0 psi=(-0.032,+0.653,-0.419) ggm=0.512 circ=+0.3047 xUDD=(0.106,0.119,0.616) | T1 psi=(+1.941,+2.394,+0.764) ggm=0.000 circ=+10.2299 xUDD=(0.070,0.050,0.588) | sep=2.5413
# CONVTAG t=2656.00 rough=0.000000 cond=30.555031 evap=37.125678 backs=4.842480
# CANT t=2656.00 a_tag=1.0000 a_max=1.0000 xl_tag=0.4656 nlock=6 tune=159.719256
# REG t=2656.00 tp n=7 rho=[0.231 0.405 0.638 0.794] gr=0.00050 fl=1.000 | ba n=25732 rho=[0.090 0.475 0.841 0.960] gr=0.00007 fl=0.927
t= 2660.00 -1.20e-15 | 1.6646 16.34  22108   11 343184 343412 | 1.4281 14.78 | 6.45e-03 2.01e-02 |   3.8653 0.5535  1.7654  1.5130 1.000 15.33 | edge_dev mean=0.1615 max=0.2695 gg=0.1694 shape_dev=0.2175 xbar=0.2572 | T0 psi=(-0.035,-2.697,+3.053) ggm=0.000 circ=+0.2930 xUDD=(0.104,0.117,0.614) | T1 psi=(+2.730,+0.425,+1.029) ggm=0.000 circ=+10.2290 xUDD=(0.080,0.050,0.578) | sep=2.5489
# CONVTAG t=2660.00 rough=0.000000 cond=30.555031 evap=37.125678 backs=4.842480
# CANT t=2660.00 a_tag=1.0000 a_max=1.0000 xl_tag=0.4656 nlock=6 tune=159.896723
# REG t=2660.00 tp n=7 rho=[0.162 0.471 0.639 0.763] gr=0.00050 fl=1.000 | ba n=25732 rho=[0.086 0.479 0.840 0.961] gr=0.00007 fl=0.927
t= 2664.00 -1.20e-15 | 1.6647 16.30  22058   14 343683 343915 | 1.4275 14.78 | 8.80e-03 2.20e-02 |   3.7633 0.5389  1.8050  1.4900 1.000 15.33 | edge_dev mean=0.1704 max=0.2964 gg=0.2003 shape_dev=0.2399 xbar=0.2505 | T0 psi=(-0.046,-0.514,+0.818) ggm=0.020 circ=+0.2883 xUDD=(0.098,0.095,0.611) | T1 psi=(+2.736,-2.669,-2.446) ggm=0.000 circ=+10.2235 xUDD=(0.063,0.053,0.582) | sep=2.5263
# CONVTAG t=2664.00 rough=0.000000 cond=30.555031 evap=37.125678 backs=4.842480
# CANT t=2664.00 a_tag=1.0000 a_max=1.0000 xl_tag=0.4656 nlock=6 tune=160.069657
# REG t=2664.00 tp n=7 rho=[0.342 0.505 0.609 0.639] gr=0.00049 fl=1.000 | ba n=25724 rho=[0.087 0.477 0.843 0.962] gr=0.00007 fl=0.926
t= 2668.00 -1.20e-15 | 1.6644 16.32  22078    7 344195 344440 | 1.4277 14.78 | 6.68e-03 2.08e-02 |   3.5225 0.5044  1.8058  1.4644 1.000 15.33 | edge_dev mean=0.1677 max=0.3177 gg=0.2253 shape_dev=0.2798 xbar=0.2345 | T0 psi=(-0.108,+2.816,-2.486) ggm=0.000 circ=+0.2960 xUDD=(0.088,0.090,0.597) | T1 psi=(+2.633,+0.350,+0.691) ggm=0.000 circ=+10.2177 xUDD=(0.046,0.042,0.544) | sep=2.4971
# CONVTAG t=2668.00 rough=0.000000 cond=30.555031 evap=37.125678 backs=4.842480
# CANT t=2668.00 a_tag=1.0000 a_max=1.0000 xl_tag=0.4656 nlock=6 tune=160.246396
# REG t=2668.00 tp n=7 rho=[0.339 0.514 0.639 0.968] gr=0.00045 fl=1.000 | ba n=25719 rho=[0.087 0.474 0.841 0.962] gr=0.00007 fl=0.927
t= 2672.00 -1.20e-15 | 1.6642 16.32  22081   18 344779 344974 | 1.4278 14.78 | 8.62e-03 2.15e-02 |   3.1936 0.4573  1.5422  1.4438 1.000 15.33 | edge_dev mean=0.1617 max=0.3162 gg=0.1649 shape_dev=0.2969 xbar=0.2120 | T0 psi=(+0.033,+2.699,-2.521) ggm=0.000 circ=+0.2905 xUDD=(0.115,0.121,0.594) | T1 psi=(+2.501,+2.181,-2.305) ggm=0.000 circ=+10.2164 xUDD=(0.038,0.001,0.403) | sep=2.4742
# CONVTAG t=2672.00 rough=0.000000 cond=30.555031 evap=37.125678 backs=4.842480
# CANT t=2672.00 a_tag=1.0000 a_max=1.0000 xl_tag=0.4656 nlock=6 tune=160.639350
# REG t=2672.00 tp n=7 rho=[0.334 0.520 0.640 0.928] gr=0.00040 fl=1.000 | ba n=25759 rho=[0.083 0.475 0.839 0.960] gr=0.00007 fl=0.925
t= 2676.00 -1.20e-15 | 1.6641 16.33  22092   14 345300 345517 | 1.4279 14.78 | 7.96e-03 2.28e-02 |   3.3668 0.4821  1.7756  1.4764 1.000 15.33 | edge_dev mean=0.1624 max=0.3151 gg=0.1741 shape_dev=0.3048 xbar=0.2256 | T0 psi=(-0.026,-0.647,+0.715) ggm=0.003 circ=+0.2591 xUDD=(0.112,0.084,0.593) | T1 psi=(+2.143,-1.718,+2.809) ggm=0.000 circ=+10.2164 xUDD=(0.012,0.001,0.549) | sep=2.4670
# CONVTAG t=2676.00 rough=0.000000 cond=30.555031 evap=37.125678 backs=4.842480
# CANT t=2676.00 a_tag=1.0000 a_max=1.0000 xl_tag=0.4656 nlock=6 tune=161.009953
# REG t=2676.00 tp n=7 rho=[0.229 0.520 0.741 0.906] gr=0.00027 fl=1.000 | ba n=25740 rho=[0.083 0.465 0.838 0.960] gr=0.00007 fl=0.926
t= 2680.00 -1.20e-15 | 1.6642 16.32  22081    4 345785 346001 | 1.4278 14.78 | 5.47e-03 1.36e-02 |   4.0653 0.5821  1.7955  1.4556 1.000 15.33 | edge_dev mean=0.1508 max=0.3147 gg=0.1717 shape_dev=0.3444 xbar=0.2704 | T0 psi=(+0.035,+2.359,-2.094) ggm=0.000 circ=+0.2457 xUDD=(0.108,0.167,0.608) | T1 psi=(+2.649,+2.662,-0.503) ggm=0.000 circ=+10.2155 xUDD=(0.114,0.041,0.585) | sep=2.4432
# CONVTAG t=2680.00 rough=0.000000 cond=31.131241 evap=37.125678 backs=4.842480
# CANT t=2680.00 a_tag=1.0000 a_max=1.0000 xl_tag=0.4656 nlock=6 tune=161.312721
# REG t=2680.00 tp n=7 rho=[0.263 0.407 0.520 0.801] gr=0.00032 fl=1.000 | ba n=25751 rho=[0.086 0.462 0.838 0.961] gr=0.00007 fl=0.926
t= 2684.00 -1.20e-15 | 1.6643 16.33  22092   15 346306 346500 | 1.4281 14.79 | 3.71e-03 1.25e-02 |   4.0963 0.5866  1.8245  1.4474 1.000 15.17 | edge_dev mean=0.1580 max=0.3378 gg=0.1931 shape_dev=0.3234 xbar=0.2724 | T0 psi=(-0.091,-0.269,+0.911) ggm=0.001 circ=+0.2524 xUDD=(0.120,0.130,0.618) | T1 psi=(+2.534,+0.179,+2.498) ggm=0.000 circ=+10.2159 xUDD=(0.085,0.066,0.615) | sep=2.4666
# CONVTAG t=2684.00 rough=0.000000 cond=31.131241 evap=37.125678 backs=4.842480
# CANT t=2684.00 a_tag=1.0000 a_max=1.0000 xl_tag=0.4656 nlock=6 tune=161.592012
# REG t=2684.00 tp n=7 rho=[0.192 0.472 0.521 0.774] gr=0.00036 fl=1.000 | ba n=25761 rho=[0.083 0.458 0.836 0.960] gr=0.00007 fl=0.927
t= 2688.00 -1.20e-15 | 1.6643 16.32  22082   11 346840 347023 | 1.4280 14.80 | 6.39e-03 1.80e-02 |   4.2239 0.6049  1.8378  1.4543 1.000 15.67 | edge_dev mean=0.1553 max=0.3533 gg=0.1600 shape_dev=0.3123 xbar=0.2809 | T0 psi=(-0.141,-0.036,+0.756) ggm=0.003 circ=+0.2556 xUDD=(0.124,0.130,0.619) | T1 psi=(+2.810,-2.941,-0.629) ggm=0.000 circ=+10.2157 xUDD=(0.116,0.071,0.625) | sep=2.4845
# CONVTAG t=2688.00 rough=0.000000 cond=31.131241 evap=37.125678 backs=4.842480
# CANT t=2688.00 a_tag=1.0000 a_max=1.0000 xl_tag=0.4656 nlock=6 tune=161.779116
# REG t=2688.00 tp n=7 rho=[0.265 0.453 0.544 0.698] gr=0.00047 fl=1.000 | ba n=25775 rho=[0.083 0.466 0.836 0.961] gr=0.00007 fl=0.926
t= 2692.00 -1.20e-15 | 1.6639 16.30  22057   10 347344 347503 | 1.4277 14.79 | 7.34e-03 1.93e-02 |   4.1816 0.5988  1.8155  1.5995 1.000 15.50 | edge_dev mean=0.1585 max=0.3708 gg=0.2142 shape_dev=0.2791 xbar=0.3049 | T0 psi=(-0.063,-1.820,+2.414) ggm=0.000 circ=+0.2300 xUDD=(0.207,0.202,0.621) | T1 psi=(-2.865,+1.214,-0.070) ggm=0.000 circ=+10.2126 xUDD=(0.108,0.069,0.623) | sep=2.5118
# CONVTAG t=2692.00 rough=0.000000 cond=31.131241 evap=37.125678 backs=4.842480
# CANT t=2692.00 a_tag=1.0000 a_max=1.0000 xl_tag=0.4656 nlock=6 tune=161.940548
# REG t=2692.00 tp n=7 rho=[0.270 0.366 0.445 0.535] gr=0.00043 fl=1.000 | ba n=25801 rho=[0.083 0.465 0.837 0.960] gr=0.00007 fl=0.926
t= 2696.00 -1.20e-15 | 1.6642 16.32  22078   13 347831 347990 | 1.4279 14.79 | 9.54e-03 2.02e-02 |   4.3650 0.6251  1.8143  1.4591 1.000 15.50 | edge_dev mean=0.1505 max=0.3692 gg=0.1639 shape_dev=0.2639 xbar=0.2901 | T0 psi=(+0.035,+2.308,-1.783) ggm=0.000 circ=+0.2171 xUDD=(0.136,0.114,0.629) | T1 psi=(-3.107,-1.115,-2.989) ggm=0.000 circ=+10.2050 xUDD=(0.138,0.110,0.613) | sep=2.5244
# CONVTAG t=2696.00 rough=0.000000 cond=31.131241 evap=37.125678 backs=4.842480
# CANT t=2696.00 a_tag=1.0000 a_max=1.0000 xl_tag=0.4656 nlock=6 tune=162.131753
# REG t=2696.00 tp n=7 rho=[0.182 0.333 0.349 0.984] gr=0.00057 fl=1.000 | ba n=25798 rho=[0.085 0.464 0.840 0.960] gr=0.00007 fl=0.926
t= 2700.00 -1.20e-15 | 1.6645 16.30  22059   16 348355 348470 | 1.4276 14.79 | 6.22e-03 1.81e-02 |   4.1775 0.5982  1.6605  1.4624 1.000 15.83 | edge_dev mean=0.1578 max=0.3803 gg=0.2759 shape_dev=0.2419 xbar=0.2776 | T0 psi=(-0.037,-1.148,+2.178) ggm=0.000 circ=+0.2287 xUDD=(0.148,0.121,0.682) | T1 psi=(+2.625,-1.961,-2.226) ggm=0.000 circ=+10.2035 xUDD=(0.124,0.074,0.516) | sep=2.5374
# CONVTAG t=2700.00 rough=0.000000 cond=31.303162 evap=37.431765 backs=4.882404
# CANT t=2700.00 a_tag=1.0000 a_max=1.0000 xl_tag=0.4656 nlock=6 tune=162.565953
# REG t=2700.00 tp n=7 rho=[0.162 0.266 0.395 0.587] gr=0.00075 fl=1.000 | ba n=25836 rho=[0.081 0.462 0.838 0.960] gr=0.00007 fl=0.924
t= 2704.00 -1.20e-15 | 1.6648 16.33  22096   14 348866 349012 | 1.4281 14.80 | 5.89e-03 1.44e-02 |   4.1748 0.5978  1.7000  1.4895 1.000 15.67 | edge_dev mean=0.1547 max=0.3930 gg=0.1674 shape_dev=0.2389 xbar=0.2776 | T0 psi=(-0.005,+1.547,-0.789) ggm=0.024 circ=+0.2407 xUDD=(0.162,0.124,0.640) | T1 psi=(+2.632,+1.483,+0.776) ggm=0.000 circ=+10.2030 xUDD=(0.107,0.079,0.554) | sep=2.5430
# CONVTAG t=2704.00 rough=0.000000 cond=31.303162 evap=37.431765 backs=4.882404
# CANT t=2704.00 a_tag=1.0000 a_max=1.0000 xl_tag=0.4656 nlock=6 tune=163.025728
# REG t=2704.00 tp n=7 rho=[0.173 0.337 0.445 0.498] gr=0.00055 fl=1.000 | ba n=25809 rho=[0.082 0.467 0.839 0.961] gr=0.00007 fl=0.925
t= 2708.00 -1.20e-15 | 1.6641 16.33  22096   14 349378 349550 | 1.4281 14.80 | 6.00e-03 1.88e-02 |   4.2159 0.6037  1.6994  1.5029 1.000 15.50 | edge_dev mean=0.1471 max=0.3965 gg=0.1623 shape_dev=0.2546 xbar=0.2802 | T0 psi=(+0.028,-1.232,+1.914) ggm=0.000 circ=+0.2391 xUDD=(0.167,0.130,0.644) | T1 psi=(-3.123,-1.307,+2.503) ggm=0.000 circ=+10.2012 xUDD=(0.087,0.062,0.590) | sep=2.5360
# CONVTAG t=2708.00 rough=0.000000 cond=31.303162 evap=37.431765 backs=4.882404
# CANT t=2708.00 a_tag=1.0000 a_max=1.0000 xl_tag=0.4656 nlock=6 tune=163.305237
# REG t=2708.00 tp n=7 rho=[0.170 0.339 0.498 0.775] gr=0.00047 fl=1.000 | ba n=25785 rho=[0.084 0.462 0.834 0.961] gr=0.00007 fl=0.926
t= 2712.00 -1.20e-15 | 1.6640 16.33  22095    9 349910 350102 | 1.4281 14.80 | 6.34e-03 1.62e-02 |   3.9141 0.5605  1.7765  1.4939 1.000 15.50 | edge_dev mean=0.1462 max=0.3808 gg=0.1612 shape_dev=0.2699 xbar=0.2603 | T0 psi=(-0.162,+1.672,-1.087) ggm=0.010 circ=+0.2251 xUDD=(0.142,0.100,0.616) | T1 psi=(+2.921,+2.243,-0.780) ggm=0.000 circ=+10.1967 xUDD=(0.065,0.045,0.594) | sep=2.5304
# CONVTAG t=2712.00 rough=0.000000 cond=31.303162 evap=37.731127 backs=4.921451
# CANT t=2712.00 a_tag=1.0000 a_max=1.0000 xl_tag=0.4656 nlock=6 tune=163.647984
# REG t=2712.00 tp n=7 rho=[0.221 0.432 0.498 0.775] gr=0.00050 fl=1.000 | ba n=25770 rho=[0.084 0.462 0.833 0.960] gr=0.00007 fl=0.927
t= 2716.00 -1.20e-15 | 1.6647 16.32  22086   10 350445 350653 | 1.4279 14.79 | 1.29e-02 3.16e-02 |   3.7356 0.5349  1.7312  1.4842 1.000 15.67 | edge_dev mean=0.1395 max=0.3389 gg=0.1757 shape_dev=0.2753 xbar=0.2483 | T0 psi=(-0.114,-1.015,+1.311) ggm=0.000 circ=+0.2292 xUDD=(0.145,0.094,0.618) | T1 psi=(-1.633,-1.880,-0.496) ggm=0.000 circ=+10.1892 xUDD=(0.059,0.035,0.539) | sep=2.5283
# CONVTAG t=2716.00 rough=0.000000 cond=31.303162 evap=37.731127 backs=4.921451
# CANT t=2716.00 a_tag=1.0000 a_max=1.0000 xl_tag=0.4656 nlock=6 tune=163.842691
# REG t=2716.00 tp n=7 rho=[0.238 0.456 0.638 0.775] gr=0.00051 fl=1.000 | ba n=25752 rho=[0.087 0.469 0.836 0.961] gr=0.00007 fl=0.928
t= 2720.00 -1.20e-15 | 1.6647 16.34  22107   12 350945 351167 | 1.4282 14.79 | 4.55e-03 1.34e-02 |   3.1006 0.4440  1.4265  1.4437 1.000 15.67 | edge_dev mean=0.1415 max=0.3456 gg=0.1641 shape_dev=0.2488 xbar=0.2063 | T0 psi=(+0.014,+2.217,-2.121) ggm=0.000 circ=+0.2336 xUDD=(0.148,0.101,0.611) | T1 psi=(-0.797,+0.448,-0.284) ggm=0.000 circ=+10.1895 xUDD=(0.024,0.000,0.354) | sep=2.5422
# CONVTAG t=2720.00 rough=0.000000 cond=31.303162 evap=37.731127 backs=4.921451
# CANT t=2720.00 a_tag=1.0000 a_max=1.0000 xl_tag=0.4656 nlock=6 tune=164.304365
# REG t=2720.00 tp n=7 rho=[0.232 0.477 0.634 0.971] gr=0.00054 fl=1.000 | ba n=25736 rho=[0.089 0.474 0.836 0.961] gr=0.00007 fl=0.928
t= 2724.00 -1.20e-15 | 1.6647 16.34  22109   15 351437 351685 | 1.4283 14.79 | 6.24e-03 1.89e-02 |   3.4698 0.4969  1.7877  1.5071 1.000 16.00 | edge_dev mean=0.1470 max=0.3558 gg=0.2783 shape_dev=0.2447 xbar=0.2309 | T0 psi=(+0.075,-0.932,+0.786) ggm=0.000 circ=+0.2629 xUDD=(0.107,0.096,0.602) | T1 psi=(+0.568,-1.391,+0.055) ggm=0.000 circ=+10.1937 xUDD=(0.011,0.011,0.559) | sep=2.5423
# CONVTAG t=2724.00 rough=0.000000 cond=31.303162 evap=37.731127 backs=4.921451
# CANT t=2724.00 a_tag=1.0000 a_max=1.0000 xl_tag=0.4656 nlock=6 tune=164.612506
# REG t=2724.00 tp n=7 rho=[0.266 0.666 0.821 0.966] gr=0.00060 fl=1.000 | ba n=25707 rho=[0.091 0.474 0.835 0.961] gr=0.00007 fl=0.930
t= 2728.00 -1.20e-15 | 1.6649 16.33  22089   11 351956 352205 | 1.4279 14.78 | 7.12e-03 1.71e-02 |   3.1250 0.4475  1.5517  1.4319 1.000 16.17 | edge_dev mean=0.1427 max=0.3612 gg=0.1584 shape_dev=0.2903 xbar=0.2076 | T0 psi=(+0.090,+2.942,-2.898) ggm=0.000 circ=+0.2716 xUDD=(0.116,0.100,0.618) | T1 psi=(+2.275,+2.000,-1.377) ggm=0.000 circ=+10.1934 xUDD=(0.011,0.001,0.399) | sep=2.5020
# CONVTAG t=2728.00 rough=0.000000 cond=31.478576 evap=37.731127 backs=4.921451
# CANT t=2728.00 a_tag=1.0000 a_max=1.0000 xl_tag=0.4656 nlock=6 tune=165.023177
# REG t=2728.00 tp n=7 rho=[0.284 0.430 0.893 0.978] gr=0.00070 fl=1.000 | ba n=25710 rho=[0.092 0.478 0.837 0.960] gr=0.00007 fl=0.929
t= 2732.00 -1.20e-15 | 1.6649 16.35  22122   11 352474 352713 | 1.4283 14.79 | 3.89e-03 1.28e-02 |   3.0376 0.4350  1.7290  1.4467 1.000 16.17 | edge_dev mean=0.1564 max=0.3810 gg=0.1721 shape_dev=0.2854 xbar=0.2020 | T0 psi=(-0.043,-2.540,+2.608) ggm=0.000 circ=+0.2871 xUDD=(0.073,0.086,0.590) | T1 psi=(+2.917,-1.282,+0.784) ggm=0.000 circ=+10.1933 xUDD=(0.006,0.001,0.457) | sep=2.5001
# CONVTAG t=2732.00 rough=0.000000 cond=31.478576 evap=37.731127 backs=4.921451
# CANT t=2732.00 a_tag=1.0000 a_max=1.0000 xl_tag=0.4656 nlock=6 tune=165.325029
# REG t=2732.00 tp n=7 rho=[0.284 0.430 0.533 0.841] gr=0.00047 fl=1.000 | ba n=25721 rho=[0.091 0.484 0.840 0.961] gr=0.00007 fl=0.929
t= 2736.00 -1.20e-15 | 1.6649 16.32  22083   16 353037 353276 | 1.4277 14.77 | 4.97e-03 1.30e-02 |   3.3191 0.4753  2.0226  1.4117 1.000 16.00 | edge_dev mean=0.1588 max=0.3706 gg=0.1559 shape_dev=0.3025 xbar=0.2211 | T0 psi=(-0.141,+0.544,-0.871) ggm=0.091 circ=+0.2914 xUDD=(0.040,0.054,0.580) | T1 psi=(-0.182,-1.883,+2.701) ggm=0.000 circ=+10.1937 xUDD=(0.016,0.024,0.611) | sep=2.4910
# CONVTAG t=2736.00 rough=0.302694 cond=31.478576 evap=37.731127 backs=4.960933
# CANT t=2736.00 a_tag=1.0000 a_max=1.0000 xl_tag=0.4656 nlock=6 tune=165.533391
# REG t=2736.00 tp n=7 rho=[0.284 0.430 0.499 0.884] gr=0.00031 fl=1.000 | ba n=25716 rho=[0.091 0.478 0.840 0.961] gr=0.00007 fl=0.929
t= 2740.00 -1.20e-15 | 1.6649 16.35  22115   10 353563 353806 | 1.4282 14.78 | 6.51e-03 2.03e-02 |   3.2586 0.4666  2.0044  1.4106 1.000 15.83 | edge_dev mean=0.1580 max=0.3609 gg=0.1525 shape_dev=0.3021 xbar=0.2171 | T0 psi=(-0.164,-2.261,+1.878) ggm=0.000 circ=+0.2814 xUDD=(0.048,0.041,0.577) | T1 psi=(+2.562,+1.429,+0.299) ggm=0.000 circ=+10.1939 xUDD=(0.017,0.025,0.595) | sep=2.5004
# CONVTAG t=2740.00 rough=0.302694 cond=31.478576 evap=37.731127 backs=4.960933
# CANT t=2740.00 a_tag=1.0000 a_max=1.0000 xl_tag=0.4656 nlock=6 tune=165.666893
# REG t=2740.00 tp n=7 rho=[0.285 0.490 0.498 0.991] gr=0.00026 fl=1.000 | ba n=25718 rho=[0.089 0.482 0.841 0.962] gr=0.00007 fl=0.928
t= 2744.00 -1.20e-15 | 1.6646 16.34  22110   12 354089 354298 | 1.4282 14.78 | 1.20e-02 2.34e-02 |   3.5488 0.5082  1.8718  1.4551 1.000 15.50 | edge_dev mean=0.1630 max=0.3451 gg=0.1689 shape_dev=0.2819 xbar=0.2361 | T0 psi=(-0.063,+1.364,-1.426) ggm=0.013 circ=+0.2885 xUDD=(0.097,0.070,0.595) | T1 psi=(-0.792,-1.407,-2.749) ggm=0.000 circ=+10.1856 xUDD=(0.038,0.029,0.588) | sep=2.5066
# CONVTAG t=2744.00 rough=0.302694 cond=31.478576 evap=37.731127 backs=4.960933
# CANT t=2744.00 a_tag=1.0000 a_max=1.0000 xl_tag=0.4656 nlock=6 tune=165.825408
# REG t=2744.00 tp n=7 rho=[0.213 0.430 0.487 0.552] gr=0.00045 fl=1.000 | ba n=25748 rho=[0.087 0.479 0.840 0.960] gr=0.00007 fl=0.927
t= 2748.00 -1.20e-15 | 1.6646 16.36  22129   15 354585 354812 | 1.4284 14.79 | 9.05e-03 1.92e-02 |   3.5318 0.5057  1.8578  1.4616 1.000 15.33 | edge_dev mean=0.1672 max=0.3323 gg=0.1669 shape_dev=0.2549 xbar=0.2349 | T0 psi=(+0.016,-1.824,+1.680) ggm=0.000 circ=+0.2899 xUDD=(0.089,0.084,0.596) | T1 psi=(+1.128,+1.768,+2.585) ggm=0.000 circ=+10.1888 xUDD=(0.027,0.029,0.585) | sep=2.5209
# CONVTAG t=2748.00 rough=0.302694 cond=31.478576 evap=37.731127 backs=4.960933
# CANT t=2748.00 a_tag=1.0000 a_max=1.0000 xl_tag=0.4656 nlock=6 tune=165.956583
# REG t=2748.00 tp n=7 rho=[0.289 0.499 0.553 0.710] gr=0.00055 fl=1.000 | ba n=25727 rho=[0.090 0.481 0.838 0.962] gr=0.00007 fl=0.928
t= 2752.00 -1.20e-15 | 1.6641 16.35  22125   14 355068 355311 | 1.4283 14.78 | 9.49e-03 2.35e-02 |   3.5436 0.5074  1.8882  1.4600 1.000 15.00 | edge_dev mean=0.1719 max=0.3441 gg=0.1735 shape_dev=0.2339 xbar=0.2359 | T0 psi=(+0.071,+1.335,-1.657) ggm=0.005 circ=+0.2879 xUDD=(0.076,0.082,0.593) | T1 psi=(+3.044,-0.477,+1.067) ggm=0.000 circ=+10.1886 xUDD=(0.052,0.033,0.580) | sep=2.5308
# CONVTAG t=2752.00 rough=0.302694 cond=31.478576 evap=37.731127 backs=4.960933
# CANT t=2752.00 a_tag=1.0000 a_max=1.0000 xl_tag=0.4656 nlock=6 tune=166.067345
# REG t=2752.00 tp n=7 rho=[0.307 0.499 0.570 0.765] gr=0.00064 fl=1.000 | ba n=25710 rho=[0.092 0.480 0.838 0.961] gr=0.00007 fl=0.928
t= 2756.00 -1.20e-15 | 1.6644 16.38  22159   15 355552 355813 | 1.4287 14.78 | 7.11e-03 2.21e-02 |   3.0427 0.4357  1.7526  1.4628 1.000 15.17 | edge_dev mean=0.1756 max=0.3526 gg=0.1638 shape_dev=0.2252 xbar=0.2026 | T0 psi=(-0.098,-1.768,+1.553) ggm=0.000 circ=+0.2477 xUDD=(0.073,0.068,0.583) | T1 psi=(-1.180,+1.122,+0.065) ggm=0.000 circ=+10.1873 xUDD=(0.025,0.000,0.466) | sep=2.5355
# CONVTAG t=2756.00 rough=0.302694 cond=31.478576 evap=37.731127 backs=4.960933
# CANT t=2756.00 a_tag=1.0000 a_max=1.0000 xl_tag=0.4656 nlock=6 tune=166.284281
# REG t=2756.00 tp n=7 rho=[0.307 0.499 0.576 0.616] gr=0.00053 fl=1.000 | ba n=25695 rho=[0.093 0.485 0.837 0.961] gr=0.00007 fl=0.929
t= 2760.00 -1.20e-15 | 1.6641 16.35  22128   11 356075 356315 | 1.4283 14.78 | 5.97e-03 1.92e-02 |   2.4955 0.3574  1.4497  1.3519 1.000 15.50 | edge_dev mean=0.1666 max=0.3624 gg=0.2070 shape_dev=0.2377 xbar=0.1658 | T0 psi=(-0.077,+0.351,-0.634) ggm=0.077 circ=+0.2401 xUDD=(0.063,0.060,0.581) | T1 psi=(-0.655,+3.037,+1.816) ggm=0.000 circ=+10.1875 xUDD=(0.027,0.000,0.263) | sep=2.5338
# CONVTAG t=2760.00 rough=0.302694 cond=31.478576 evap=37.731127 backs=4.960933
# CANT t=2760.00 a_tag=1.0000 a_max=1.0000 xl_tag=0.4656 nlock=6 tune=166.513479
# REG t=2760.00 tp n=7 rho=[0.043 0.499 0.546 0.674] gr=0.00038 fl=1.000 | ba n=25718 rho=[0.094 0.484 0.840 0.960] gr=0.00007 fl=0.928
t= 2764.00 -1.20e-15 | 1.6639 16.37  22143   15 356603 356836 | 1.4284 14.78 | 9.01e-03 2.41e-02 |   2.6125 0.3741  1.5888  1.3932 1.000 15.83 | edge_dev mean=0.1656 max=0.3653 gg=0.1753 shape_dev=0.2493 xbar=0.1737 | T0 psi=(-0.031,+2.741,+3.053) ggm=0.000 circ=+0.2357 xUDD=(0.063,0.050,0.577) | T1 psi=(-0.258,+0.276,-1.958) ggm=0.000 circ=+10.1875 xUDD=(0.029,0.000,0.322) | sep=2.5307
# CONVTAG t=2764.00 rough=0.302694 cond=31.478576 evap=37.731127 backs=4.960933
# CANT t=2764.00 a_tag=1.0000 a_max=1.0000 xl_tag=0.4656 nlock=6 tune=166.715453
# REG t=2764.00 tp n=7 rho=[0.263 0.430 0.544 0.684] gr=0.00026 fl=1.000 | ba n=25720 rho=[0.094 0.485 0.841 0.961] gr=0.00007 fl=0.928
t= 2768.00 -1.20e-15 | 1.6641 16.39  22170   17 357130 357369 | 1.4287 14.78 | 4.15e-03 1.54e-02 |   2.6698 0.3823  1.7373  1.4155 1.000 15.50 | edge_dev mean=0.1547 max=0.3396 gg=0.1851 shape_dev=0.2435 xbar=0.1778 | T0 psi=(-0.082,-0.603,-0.210) ggm=0.001 circ=+0.2323 xUDD=(0.050,0.042,0.572) | T1 psi=(+1.670,-2.736,-2.331) ggm=0.000 circ=+10.1875 xUDD=(0.012,0.000,0.391) | sep=2.5413
# CONVTAG t=2768.00 rough=0.302694 cond=31.478576 evap=37.731127 backs=4.960933
# CANT t=2768.00 a_tag=1.0000 a_max=1.0000 xl_tag=0.4656 nlock=6 tune=166.870383
# REG t=2768.00 tp n=7 rho=[0.247 0.430 0.537 0.703] gr=0.00018 fl=1.000 | ba n=25711 rho=[0.092 0.486 0.838 0.959] gr=0.00007 fl=0.928
t= 2772.00 -1.20e-15 | 1.6641 16.37  22150    8 357660 357942 | 1.4285 14.78 | 5.47e-03 1.57e-02 |   2.3698 0.3394  1.6180  1.3599 1.000 15.83 | edge_dev mean=0.1492 max=0.3247 gg=0.1697 shape_dev=0.2119 xbar=0.1577 | T0 psi=(-0.093,+1.944,-2.898) ggm=0.000 circ=+0.2534 xUDD=(0.030,0.038,0.569) | T1 psi=(+2.354,+0.206,-0.862) ggm=0.000 circ=+10.1875 xUDD=(0.014,0.000,0.295) | sep=2.5771
# CONVTAG t=2772.00 rough=0.302694 cond=31.478576 evap=37.731127 backs=4.960933
# CANT t=2772.00 a_tag=1.0000 a_max=1.0000 xl_tag=0.4656 nlock=6 tune=167.003470
# REG t=2772.00 tp n=7 rho=[0.313 0.430 0.702 0.764] gr=0.00012 fl=1.000 | ba n=25676 rho=[0.095 0.489 0.842 0.960] gr=0.00007 fl=0.929
t= 2776.00 -1.20e-15 | 1.6643 16.37  22155   12 358167 358399 | 1.4286 14.78 | 4.98e-03 1.45e-02 |   2.5446 0.3644  1.8269  1.3990 1.000 15.67 | edge_dev mean=0.1260 max=0.2996 gg=0.1706 shape_dev=0.1887 xbar=0.1703 | T0 psi=(-0.238,-1.967,+0.823) ggm=0.000 circ=+0.2624 xUDD=(0.021,0.026,0.567) | T1 psi=(+2.834,-2.497,+2.099) ggm=0.000 circ=+10.1874 xUDD=(0.014,0.000,0.395) | sep=2.5992
# CONVTAG t=2776.00 rough=0.302694 cond=31.478576 evap=37.731127 backs=4.960933
# CANT t=2776.00 a_tag=1.0000 a_max=1.0000 xl_tag=0.4656 nlock=6 tune=167.129237
# REG t=2776.00 tp n=7 rho=[0.370 0.430 0.687 0.744] gr=0.00008 fl=1.000 | ba n=25723 rho=[0.095 0.489 0.841 0.961] gr=0.00007 fl=0.927
t= 2780.00 -1.20e-15 | 1.6645 16.38  22166   15 358680 358912 | 1.4287 14.78 | 5.67e-03 1.72e-02 |   2.3202 0.3322  1.7041  1.3482 1.000 15.83 | edge_dev mean=0.1125 max=0.2646 gg=0.1864 shape_dev=0.2269 xbar=0.1546 | T0 psi=(-0.204,+0.726,-2.338) ggm=0.000 circ=+0.2635 xUDD=(0.021,0.021,0.564) | T1 psi=(+2.867,-0.775,-0.062) ggm=0.000 circ=+10.1874 xUDD=(0.014,0.000,0.307) | sep=2.5767
# CONVTAG t=2780.00 rough=0.302694 cond=31.478576 evap=37.731127 backs=4.960933
# CANT t=2780.00 a_tag=1.0000 a_max=1.0000 xl_tag=0.4656 nlock=6 tune=167.210103
# REG t=2780.00 tp n=7 rho=[0.382 0.430 0.663 0.743] gr=0.00006 fl=1.000 | ba n=25720 rho=[0.093 0.489 0.843 0.962] gr=0.00007 fl=0.927
t= 2784.00 -1.20e-15 | 1.6644 16.38  22157   13 359154 359407 | 1.4286 14.78 | 5.31e-03 1.69e-02 |   2.5704 0.3681  1.8785  1.3874 1.000 15.50 | edge_dev mean=0.1140 max=0.2753 gg=0.2217 shape_dev=0.2459 xbar=0.1711 | T0 psi=(-0.150,-3.017,+1.415) ggm=0.000 circ=+0.2609 xUDD=(0.026,0.019,0.564) | T1 psi=(+3.049,+2.711,-3.131) ggm=0.000 circ=+10.1873 xUDD=(0.012,0.000,0.406) | sep=2.5689
# CONVTAG t=2784.00 rough=0.302694 cond=31.478576 evap=37.731127 backs=4.960933
# CANT t=2784.00 a_tag=1.0000 a_max=1.0000 xl_tag=0.4656 nlock=6 tune=167.304602
# REG t=2784.00 tp n=7 rho=[0.366 0.430 0.560 0.741] gr=0.00004 fl=1.000 | ba n=25702 rho=[0.095 0.492 0.845 0.961] gr=0.00007 fl=0.928
t= 2788.00 -1.20e-15 | 1.6645 16.39  22174    8 359666 359910 | 1.4290 14.79 | 7.09e-03 1.93e-02 |   2.8633 0.4100  2.0390  1.4034 1.000 15.67 | edge_dev mean=0.1166 max=0.2913 gg=0.2104 shape_dev=0.2825 xbar=0.1908 | T0 psi=(-0.119,-0.125,-1.575) ggm=0.007 circ=+0.2637 xUDD=(0.026,0.021,0.564) | T1 psi=(+3.031,+0.657,-0.276) ggm=0.000 circ=+10.1871 xUDD=(0.007,0.000,0.527) | sep=2.5505
# CONVTAG t=2788.00 rough=0.302694 cond=31.478576 evap=37.731127 backs=4.960933
# CANT t=2788.00 a_tag=1.0000 a_max=1.0000 xl_tag=0.4656 nlock=6 tune=167.390539
# REG t=2788.00 tp n=7 rho=[0.340 0.430 0.431 0.739] gr=0.00004 fl=1.000 | ba n=25714 rho=[0.095 0.483 0.843 0.962] gr=0.00007 fl=0.928
t= 2792.00 -1.20e-15 | 1.6642 16.36  22140   11 360174 360409 | 1.4286 14.79 | 4.32e-03 1.48e-02 |   3.0702 0.4396  1.7982  1.4688 1.000 15.33 | edge_dev mean=0.1217 max=0.2587 gg=0.1745 shape_dev=0.2692 xbar=0.2045 | T0 psi=(-0.131,-2.971,+1.963) ggm=0.000 circ=+0.2738 xUDD=(0.091,0.052,0.587) | T1 psi=(+2.933,-2.904,+3.026) ggm=0.000 circ=+10.1868 xUDD=(0.005,0.000,0.492) | sep=2.5468
# CONVTAG t=2792.00 rough=0.302694 cond=31.957609 evap=38.055466 backs=5.003238
# CANT t=2792.00 a_tag=1.0000 a_max=1.0000 xl_tag=0.4656 nlock=6 tune=167.650506
# REG t=2792.00 tp n=7 rho=[0.206 0.264 0.425 0.739] gr=0.00005 fl=1.000 | ba n=25721 rho=[0.095 0.481 0.839 0.961] gr=0.00007 fl=0.928
t= 2796.00 -1.20e-15 | 1.6643 16.39  22170   15 360669 360916 | 1.4290 14.80 | 8.75e-03 1.82e-02 |   3.0531 0.4372  1.8697  1.4482 1.000 15.67 | edge_dev mean=0.1185 max=0.2786 gg=0.1838 shape_dev=0.2891 xbar=0.2032 | T0 psi=(-0.022,-0.530,-0.731) ggm=0.013 circ=+0.2655 xUDD=(0.061,0.057,0.578) | T1 psi=(+2.921,+0.360,+0.439) ggm=0.000 circ=+10.1863 xUDD=(0.003,0.003,0.517) | sep=2.5453
# CONVTAG t=2796.00 rough=0.302694 cond=31.957609 evap=38.055466 backs=5.003238
# CANT t=2796.00 a_tag=1.0000 a_max=1.0000 xl_tag=0.4656 nlock=6 tune=167.891701
# REG t=2796.00 tp n=7 rho=[0.082 0.222 0.446 0.739] gr=0.00009 fl=1.000 | ba n=25706 rho=[0.098 0.482 0.842 0.962] gr=0.00007 fl=0.928
t= 2800.00 -1.20e-15 | 1.6642 16.39  22176   13 361139 361375 | 1.4290 14.80 | 8.25e-03 2.01e-02 |   3.0017 0.4298  1.9138  1.4464 1.000 15.83 | edge_dev mean=0.1112 max=0.2837 gg=0.1891 shape_dev=0.2932 xbar=0.2000 | T0 psi=(-0.097,+1.469,-2.763) ggm=0.000 circ=+0.2591 xUDD=(0.050,0.053,0.574) | T1 psi=(+2.387,-2.752,-1.724) ggm=0.000 circ=+10.1861 xUDD=(0.002,0.001,0.520) | sep=2.5417
# CONVTAG t=2800.00 rough=0.302694 cond=31.957609 evap=38.055466 backs=5.003238
# CANT t=2800.00 a_tag=1.0000 a_max=1.0000 xl_tag=0.4656 nlock=6 tune=168.045715
# REG t=2800.00 tp n=7 rho=[0.066 0.255 0.529 0.739] gr=0.00008 fl=1.000 | ba n=25720 rho=[0.098 0.487 0.839 0.962] gr=0.00007 fl=0.928
t= 2804.00 -1.07e-15 | 1.6642 16.38  22160   12 361599 361839 | 1.4288 14.80 | 6.39e-03 1.73e-02 |   3.3558 0.4805  2.0019  1.4047 1.000 16.00 | edge_dev mean=0.1136 max=0.2925 gg=0.1886 shape_dev=0.2951 xbar=0.2233 | T0 psi=(-0.022,-2.075,+0.756) ggm=0.000 circ=+0.2642 xUDD=(0.044,0.049,0.581) | T1 psi=(+2.684,+1.678,+0.868) ggm=0.000 circ=+10.1863 xUDD=(0.079,0.036,0.551) | sep=2.5368
# CONVTAG t=2804.00 rough=0.302694 cond=32.259071 evap=38.055466 backs=5.003238
# CANT t=2804.00 a_tag=1.0000 a_max=1.0000 xl_tag=0.4656 nlock=6 tune=168.340575
# REG t=2804.00 tp n=7 rho=[0.063 0.523 0.528 0.847] gr=0.00005 fl=1.000 | ba n=25719 rho=[0.094 0.486 0.840 0.961] gr=0.00007 fl=0.928
t= 2808.00 -1.07e-15 | 1.6645 16.35  22128    6 362071 362319 | 1.4283 14.79 | 6.43e-03 1.57e-02 |   3.8199 0.5470  1.8960  1.4744 1.000 15.67 | edge_dev mean=0.1064 max=0.2532 gg=0.1642 shape_dev=0.3022 xbar=0.2543 | T0 psi=(+0.115,+1.950,-2.874) ggm=0.000 circ=+0.2765 xUDD=(0.117,0.078,0.609) | T1 psi=(+2.743,-0.874,-2.836) ggm=0.000 circ=+10.1860 xUDD=(0.057,0.035,0.630) | sep=2.5262
# CONVTAG t=2808.00 rough=0.302694 cond=32.726264 evap=38.055466 backs=5.003238
# CANT t=2808.00 a_tag=1.0000 a_max=1.0000 xl_tag=0.4656 nlock=6 tune=168.653758
# REG t=2808.00 tp n=7 rho=[0.044 0.128 0.527 0.556] gr=0.00005 fl=1.000 | ba n=25719 rho=[0.094 0.480 0.837 0.959] gr=0.00007 fl=0.929
t= 2812.00 -1.07e-15 | 1.6645 16.35  22122   11 362602 362830 | 1.4282 14.78 | 8.36e-03 2.66e-02 |   3.3658 0.4820  1.9116  1.4518 1.000 15.33 | edge_dev mean=0.1127 max=0.2774 gg=0.1749 shape_dev=0.2965 xbar=0.2240 | T0 psi=(+0.022,-0.823,-0.314) ggm=0.001 circ=+0.2802 xUDD=(0.079,0.075,0.534) | T1 psi=(+3.072,+2.371,-0.509) ggm=0.000 circ=+10.1854 xUDD=(0.079,0.041,0.535) | sep=2.5349
# CONVTAG t=2812.00 rough=0.302694 cond=32.726264 evap=38.363127 backs=5.043368
# CANT t=2812.00 a_tag=1.0000 a_max=1.0000 xl_tag=0.4656 nlock=6 tune=168.973578
# REG t=2812.00 tp n=7 rho=[0.028 0.202 0.486 0.522] gr=0.00008 fl=1.000 | ba n=25732 rho=[0.095 0.480 0.840 0.960] gr=0.00007 fl=0.928
t= 2816.00 -1.07e-15 | 1.6649 16.37  22146   12 363124 363357 | 1.4285 14.79 | 8.02e-03 1.75e-02 |   2.6148 0.3744  1.6048  1.3694 1.000 14.83 | edge_dev mean=0.1233 max=0.2960 gg=0.1976 shape_dev=0.2920 xbar=0.1739 | T0 psi=(+0.010,+0.229,-1.073) ggm=0.143 circ=+0.2346 xUDD=(0.063,0.049,0.578) | T1 psi=(+2.669,-2.351,+2.486) ggm=0.000 circ=+10.1853 xUDD=(0.037,0.002,0.315) | sep=2.5284
# CONVTAG t=2816.00 rough=0.302694 cond=32.726264 evap=38.363127 backs=5.043368
# CANT t=2816.00 a_tag=1.0000 a_max=1.0000 xl_tag=0.4656 nlock=6 tune=169.456281
# REG t=2816.00 tp n=7 rho=[0.013 0.372 0.422 0.507] gr=0.00008 fl=1.000 | ba n=25724 rho=[0.094 0.482 0.840 0.961] gr=0.00007 fl=0.928
t= 2820.00 -1.07e-15 | 1.6647 16.35  22119   12 363677 363883 | 1.4282 14.79 | 6.55e-03 2.06e-02 |   2.9527 0.4228  1.8704  1.4207 1.000 15.33 | edge_dev mean=0.1323 max=0.3052 gg=0.1823 shape_dev=0.3006 xbar=0.1969 | T0 psi=(+0.051,+2.655,+2.751) ggm=0.000 circ=+0.2429 xUDD=(0.054,0.052,0.574) | T1 psi=(+2.819,+2.402,-1.792) ggm=0.000 circ=+10.1853 xUDD=(0.023,0.001,0.478) | sep=2.5137
# CONVTAG t=2820.00 rough=0.302694 cond=32.726264 evap=38.363127 backs=5.043368
# CANT t=2820.00 a_tag=1.0000 a_max=1.0000 xl_tag=0.4656 nlock=6 tune=169.656540
# REG t=2820.00 tp n=7 rho=[0.013 0.382 0.461 0.583] gr=0.00005 fl=1.000 | ba n=25751 rho=[0.091 0.482 0.841 0.961] gr=0.00007 fl=0.926
t= 2824.00 -1.20e-15 | 1.6643 16.35  22123   13 364230 364446 | 1.4284 14.80 | 2.93e-03 1.22e-02 |   3.4687 0.4967  1.8119  1.4611 1.000 15.33 | edge_dev mean=0.1276 max=0.3164 gg=0.1692 shape_dev=0.3097 xbar=0.2307 | T0 psi=(+0.059,-0.387,+0.039) ggm=0.003 circ=+0.2102 xUDD=(0.083,0.105,0.604) | T1 psi=(-3.070,-0.006,+0.428) ggm=0.000 circ=+10.1827 xUDD=(0.025,0.015,0.552) | sep=2.5083
# CONVTAG t=2824.00 rough=0.302694 cond=33.012556 evap=38.363127 backs=5.043368
# CANT t=2824.00 a_tag=1.0000 a_max=1.0000 xl_tag=0.4656 nlock=6 tune=169.952237
# REG t=2824.00 tp n=7 rho=[0.012 0.320 0.518 0.583] gr=0.00016 fl=1.000 | ba n=25742 rho=[0.091 0.482 0.839 0.961] gr=0.00007 fl=0.927
t= 2828.00 -1.20e-15 | 1.6639 16.35  22121   18 364705 364968 | 1.4282 14.78 | 7.18e-03 1.92e-02 |   3.1028 0.4443  1.7021  1.4450 1.000 14.83 | edge_dev mean=0.1353 max=0.3463 gg=0.1745 shape_dev=0.3170 xbar=0.2062 | T0 psi=(+0.037,+1.727,-2.005) ggm=0.000 circ=+0.2048 xUDD=(0.087,0.088,0.594) | T1 psi=(+2.837,+0.272,-0.104) ggm=0.000 circ=+10.1739 xUDD=(0.025,0.001,0.442) | sep=2.5016
# CONVTAG t=2828.00 rough=0.302694 cond=33.012556 evap=38.363127 backs=5.043368
# CANT t=2828.00 a_tag=1.0000 a_max=1.0000 xl_tag=0.4656 nlock=6 tune=170.197595
# REG t=2828.00 tp n=7 rho=[0.012 0.239 0.583 0.893] gr=0.00049 fl=1.000 | ba n=25691 rho=[0.092 0.486 0.843 0.962] gr=0.00007 fl=0.929
t= 2832.00 -1.07e-15 | 1.6640 16.35  22120   19 365197 365450 | 1.4283 14.79 | 8.99e-03 2.57e-02 |   2.8573 0.4092  1.6187  1.4248 1.000 15.83 | edge_dev mean=0.1519 max=0.3762 gg=0.1730 shape_dev=0.3245 xbar=0.1901 | T0 psi=(+0.032,-2.188,+1.865) ggm=0.000 circ=+0.2341 xUDD=(0.074,0.083,0.585) | T1 psi=(+2.925,-1.316,+0.342) ggm=0.000 circ=+10.1739 xUDD=(0.021,0.001,0.377) | sep=2.4929
# CONVTAG t=2832.00 rough=0.302694 cond=33.012556 evap=38.363127 backs=5.043368
# CANT t=2832.00 a_tag=1.0000 a_max=1.0000 xl_tag=0.4656 nlock=6 tune=170.466283
# REG t=2832.00 tp n=7 rho=[0.012 0.227 0.582 0.892] gr=0.00048 fl=1.000 | ba n=25700 rho=[0.092 0.486 0.843 0.961] gr=0.00007 fl=0.928
t= 2836.00 -1.20e-15 | 1.6642 16.36  22136   14 365669 365904 | 1.4284 14.79 | 6.12e-03 1.60e-02 |   3.1423 0.4500  1.8160  1.4597 1.000 15.67 | edge_dev mean=0.1537 max=0.3601 gg=0.1686 shape_dev=0.3307 xbar=0.2089 | T0 psi=(+0.002,+1.820,-2.329) ggm=0.000 circ=+0.2132 xUDD=(0.075,0.067,0.582) | T1 psi=(+2.335,-2.367,-3.048) ggm=0.000 circ=+10.1738 xUDD=(0.024,0.001,0.505) | sep=2.4839
# CONVTAG t=2836.00 rough=0.302694 cond=33.012556 evap=38.363127 backs=5.043368
# CANT t=2836.00 a_tag=1.0000 a_max=1.0000 xl_tag=0.4656 nlock=6 tune=170.688342
# REG t=2836.00 tp n=7 rho=[0.012 0.220 0.318 0.712] gr=0.00042 fl=1.000 | ba n=25724 rho=[0.093 0.482 0.841 0.962] gr=0.00007 fl=0.927
t= 2840.00 -1.20e-15 | 1.6642 16.37  22150   15 366193 366446 | 1.4287 14.79 | 8.54e-03 2.17e-02 |   2.7203 0.3895  1.6507  1.4051 1.000 15.67 | edge_dev mean=0.1524 max=0.3458 gg=0.1699 shape_dev=0.3120 xbar=0.1810 | T0 psi=(+0.013,-1.951,+1.263) ggm=0.000 circ=+0.2148 xUDD=(0.060,0.060,0.579) | T1 psi=(+2.735,+0.758,-1.620) ggm=0.000 circ=+10.1738 xUDD=(0.019,0.000,0.368) | sep=2.4968
# CONVTAG t=2840.00 rough=0.302694 cond=33.012556 evap=38.691365 backs=5.086182
# CANT t=2840.00 a_tag=1.0000 a_max=1.0000 xl_tag=0.4656 nlock=6 tune=170.880763
# REG t=2840.00 tp n=7 rho=[0.012 0.220 0.433 0.734] gr=0.00028 fl=1.000 | ba n=25705 rho=[0.094 0.481 0.841 0.961] gr=0.00007 fl=0.928
t= 2844.00 -1.07e-15 | 1.6642 16.36  22138   14 366691 366964 | 1.4286 14.79 | 6.40e-03 1.75e-02 |   2.8445 0.4073  1.7883  1.4084 1.000 15.67 | edge_dev mean=0.1420 max=0.3348 gg=0.2954 shape_dev=0.3297 xbar=0.1891 | T0 psi=(-0.017,+0.073,-0.785) ggm=0.028 circ=+0.2151 xUDD=(0.049,0.051,0.572) | T1 psi=(+2.719,+1.020,-0.856) ggm=0.000 circ=+10.1737 xUDD=(0.022,0.001,0.439) | sep=2.4961
# CONVTAG t=2844.00 rough=0.302694 cond=33.012556 evap=38.691365 backs=5.086182
# CANT t=2844.00 a_tag=1.0000 a_max=1.0000 xl_tag=0.4656 nlock=6 tune=171.035330
# REG t=2844.00 tp n=7 rho=[0.012 0.220 0.578 0.734] gr=0.00019 fl=1.000 | ba n=25686 rho=[0.095 0.484 0.841 0.961] gr=0.00007 fl=0.929
t= 2848.00 -1.07e-15 | 1.6647 16.37  22153   14 367183 367420 | 1.4288 14.79 | 7.77e-03 1.88e-02 |   3.3588 0.4810  2.0067  1.4171 1.000 15.33 | edge_dev mean=0.1327 max=0.3179 gg=0.3035 shape_dev=0.3181 xbar=0.2236 | T0 psi=(+0.021,+2.353,+3.038) ggm=0.000 circ=+0.2045 xUDD=(0.050,0.048,0.577) | T1 psi=(-2.730,-3.059,+3.110) ggm=0.000 circ=+10.1673 xUDD=(0.036,0.021,0.611) | sep=2.5119
# CONVTAG t=2848.00 rough=0.302694 cond=33.012556 evap=38.691365 backs=5.086182
# CANT t=2848.00 a_tag=1.0000 a_max=1.0000 xl_tag=0.4656 nlock=6 tune=171.185367
# REG t=2848.00 tp n=7 rho=[0.012 0.220 0.474 0.542] gr=0.00013 fl=1.000 | ba n=25722 rho=[0.095 0.485 0.843 0.961] gr=0.00007 fl=0.928
t= 2852.00 -1.07e-15 | 1.6649 16.37  22146    7 367634 367910 | 1.4287 14.79 | 4.99e-03 1.63e-02 |   3.0049 0.4303  1.8245  1.4538 1.000 15.33 | edge_dev mean=0.1331 max=0.3062 gg=0.1853 shape_dev=0.2671 xbar=0.2009 | T0 psi=(+0.040,-0.275,-0.658) ggm=0.013 circ=+0.1917 xUDD=(0.058,0.055,0.578) | T1 psi=(-0.557,-0.560,+1.525) ggm=0.000 circ=+10.1591 xUDD=(0.042,0.002,0.471) | sep=2.5525
# CONVTAG t=2852.00 rough=0.302694 cond=33.012556 evap=38.691365 backs=5.086182
# CANT t=2852.00 a_tag=1.0000 a_max=1.0000 xl_tag=0.4656 nlock=6 tune=171.350103
# REG t=2852.00 tp n=7 rho=[0.057 0.220 0.289 0.450] gr=0.00009 fl=1.000 | ba n=25690 rho=[0.096 0.494 0.844 0.961] gr=0.00007 fl=0.931
t= 2856.00 -1.07e-15 | 1.6646 16.36  22140    8 368141 368410 | 1.4287 14.79 | 8.02e-03 1.94e-02 |   3.5905 0.5141  2.0382  1.4637 1.000 15.50 | edge_dev mean=0.1290 max=0.2987 gg=0.1717 shape_dev=0.2427 xbar=0.2389 | T0 psi=(+0.036,+1.921,-2.925) ggm=0.000 circ=+0.2009 xUDD=(0.054,0.056,0.577) | T1 psi=(-0.572,+0.526,+1.854) ggm=0.000 circ=+10.1659 xUDD=(0.040,0.025,0.681) | sep=2.5770
# CONVTAG t=2856.00 rough=0.302694 cond=33.204319 evap=38.691365 backs=5.086182
# CANT t=2856.00 a_tag=1.0000 a_max=1.0000 xl_tag=0.4656 nlock=6 tune=171.554023
# REG t=2856.00 tp n=7 rho=[0.055 0.277 0.442 0.702] gr=0.00006 fl=1.000 | ba n=25696 rho=[0.095 0.484 0.841 0.961] gr=0.00007 fl=0.930
t= 2860.00 -1.07e-15 | 1.6645 16.37  22149   18 368598 368878 | 1.4287 14.79 | 7.72e-03 2.17e-02 |   4.0410 0.5787  1.7972  1.5330 1.000 15.33 | edge_dev mean=0.1239 max=0.3052 gg=0.1528 shape_dev=0.2305 xbar=0.2692 | T0 psi=(+0.134,-1.221,+0.946) ggm=0.000 circ=+0.1813 xUDD=(0.066,0.183,0.594) | T1 psi=(+0.067,+2.490,-0.915) ggm=0.000 circ=+10.2274 xUDD=(0.046,0.063,0.662) | sep=2.5946
# CONVTAG t=2860.00 rough=0.302694 cond=33.485701 evap=38.691365 backs=5.086182
# CANT t=2860.00 a_tag=1.0000 a_max=1.0000 xl_tag=0.4656 nlock=6 tune=171.843965
# REG t=2860.00 tp n=7 rho=[0.047 0.220 0.278 0.979] gr=0.00004 fl=1.000 | ba n=25677 rho=[0.094 0.485 0.839 0.960] gr=0.00007 fl=0.930
t= 2864.00 -1.07e-15 | 1.6645 16.38  22160   16 369123 369401 | 1.4289 14.79 | 8.71e-03 2.15e-02 |   3.8018 0.5444  1.7209  1.4915 1.000 15.50 | edge_dev mean=0.1161 max=0.3308 gg=0.1685 shape_dev=0.2269 xbar=0.2528 | T0 psi=(+0.035,+1.105,-1.550) ggm=0.012 circ=+0.1641 xUDD=(0.094,0.107,0.621) | T1 psi=(-0.058,-1.828,-2.911) ggm=0.000 circ=+10.3039 xUDD=(0.060,0.073,0.562) | sep=2.5966
# CONVTAG t=2864.00 rough=0.302694 cond=33.485701 evap=38.986106 backs=5.124626
# CANT t=2864.00 a_tag=1.0000 a_max=1.0000 xl_tag=0.4656 nlock=6 tune=172.195284
# REG t=2864.00 tp n=7 rho=[0.025 0.220 0.396 0.970] gr=0.00003 fl=1.000 | ba n=25683 rho=[0.092 0.482 0.842 0.960] gr=0.00007 fl=0.929
t= 2868.00 -1.07e-15 | 1.6646 16.39  22174    6 369647 369903 | 1.4291 14.80 | 1.03e-02 2.11e-02 |   3.8900 0.5570  1.7806  1.5087 1.000 15.33 | edge_dev mean=0.1222 max=0.3427 gg=0.1490 shape_dev=0.2343 xbar=0.2588 | T0 psi=(-0.148,-2.341,+2.270) ggm=0.000 circ=+0.1952 xUDD=(0.088,0.111,0.616) | T1 psi=(+0.391,-1.969,+2.632) ggm=0.000 circ=+10.3824 xUDD=(0.056,0.062,0.620) | sep=2.6003
# CONVTAG t=2868.00 rough=0.302694 cond=33.485701 evap=38.986106 backs=5.124626
# CANT t=2868.00 a_tag=1.0000 a_max=1.0000 xl_tag=0.4656 nlock=6 tune=172.396663
# REG t=2868.00 tp n=7 rho=[0.017 0.220 0.410 0.998] gr=0.00002 fl=1.000 | ba n=25715 rho=[0.089 0.478 0.841 0.961] gr=0.00007 fl=0.928
t= 2872.00 -1.07e-15 | 1.6646 16.39  22177   15 370163 370396 | 1.4292 14.81 | 6.93e-03 2.01e-02 |   4.0602 0.5814  1.7915  1.5061 1.000 15.33 | edge_dev mean=0.1213 max=0.3571 gg=0.1632 shape_dev=0.2448 xbar=0.2701 | T0 psi=(-0.048,+1.083,-1.209) ggm=0.016 circ=+0.2104 xUDD=(0.096,0.115,0.620) | T1 psi=(+2.941,+1.578,+0.774) ggm=0.000 circ=+10.3852 xUDD=(0.084,0.073,0.633) | sep=2.5944
# CONVTAG t=2872.00 rough=0.302694 cond=33.485701 evap=38.986106 backs=5.124626
# CANT t=2872.00 a_tag=1.0000 a_max=1.0000 xl_tag=0.4656 nlock=6 tune=172.533084
# REG t=2872.00 tp n=7 rho=[0.012 0.220 0.410 0.991] gr=0.00001 fl=1.000 | ba n=25730 rho=[0.090 0.477 0.838 0.960] gr=0.00007 fl=0.927
t= 2876.00 -1.07e-15 | 1.6645 16.39  22176   13 370681 370902 | 1.4292 14.80 | 2.36e-02 4.72e-02 |   4.0814 0.5844  1.7645  1.6586 1.000 15.50 | edge_dev mean=0.1213 max=0.3493 gg=0.1831 shape_dev=0.2491 xbar=0.3000 | T0 psi=(+0.060,-2.398,+2.115) ggm=0.000 circ=+0.2034 xUDD=(0.196,0.202,0.618) | T1 psi=(-3.087,-1.389,-3.132) ggm=0.000 circ=+10.3845 xUDD=(0.085,0.068,0.630) | sep=2.5880
# CONVTAG t=2876.00 rough=0.302694 cond=33.485701 evap=38.986106 backs=5.124626
# CANT t=2876.00 a_tag=1.0000 a_max=1.0000 xl_tag=0.4656 nlock=6 tune=172.662131
# REG t=2876.00 tp n=7 rho=[0.012 0.220 0.418 0.970] gr=0.00001 fl=1.000 | ba n=25744 rho=[0.089 0.478 0.838 0.960] gr=0.00007 fl=0.927
t= 2880.00 -1.07e-15 | 1.6645 16.39  22179   10 371184 371399 | 1.4292 14.81 | 5.83e-03 1.59e-02 |   4.0081 0.5740  1.7502  1.5096 1.000 15.00 | edge_dev mean=0.1184 max=0.3559 gg=0.3340 shape_dev=0.2673 xbar=0.2664 | T0 psi=(+0.042,+0.382,-0.645) ggm=0.016 circ=+0.2031 xUDD=(0.111,0.109,0.619) | T1 psi=(-2.829,+2.686,-1.543) ggm=0.000 circ=+10.3810 xUDD=(0.080,0.058,0.621) | sep=2.5835
# CONVTAG t=2880.00 rough=0.302694 cond=33.485701 evap=38.986106 backs=5.124626
# CANT t=2880.00 a_tag=1.0000 a_max=1.0000 xl_tag=0.4656 nlock=6 tune=172.807281
# REG t=2880.00 tp n=7 rho=[0.012 0.220 0.466 0.782] gr=0.00001 fl=1.000 | ba n=25751 rho=[0.089 0.472 0.838 0.960] gr=0.00007 fl=0.927
t= 2884.00 -9.36e-16 | 1.6643 16.37  22151    4 371645 371889 | 1.4288 14.80 | 3.46e-03 1.32e-02 |   3.9541 0.5662  1.7687  1.4937 1.000 15.00 | edge_dev mean=0.1127 max=0.3604 gg=0.1699 shape_dev=0.2901 xbar=0.2631 | T0 psi=(+0.047,+2.665,-2.958) ggm=0.000 circ=+0.2088 xUDD=(0.103,0.104,0.615) | T1 psi=(-2.795,-0.295,+1.630) ggm=0.000 circ=+10.3791 xUDD=(0.080,0.054,0.622) | sep=2.5803
# CONVTAG t=2884.00 rough=0.302694 cond=33.485701 evap=38.986106 backs=5.124626
# CANT t=2884.00 a_tag=1.0000 a_max=1.0000 xl_tag=0.4656 nlock=6 tune=172.943404
# REG t=2884.00 tp n=7 rho=[0.014 0.223 0.474 0.553] gr=0.00000 fl=1.000 | ba n=25726 rho=[0.090 0.482 0.841 0.960] gr=0.00007 fl=0.928
t= 2888.00 -9.36e-16 | 1.6643 16.38  22160   18 372128 372379 | 1.4289 14.80 | 5.70e-03 1.91e-02 |   3.9429 0.5646  1.7893  1.4925 1.000 15.17 | edge_dev mean=0.1198 max=0.3460 gg=0.1790 shape_dev=0.2795 xbar=0.2625 | T0 psi=(+0.049,-0.293,-0.068) ggm=0.000 circ=+0.2101 xUDD=(0.105,0.103,0.611) | T1 psi=(-0.982,+2.637,+1.540) ggm=0.000 circ=+10.3610 xUDD=(0.076,0.055,0.625) | sep=2.5957
# CONVTAG t=2888.00 rough=0.302694 cond=33.485701 evap=38.986106 backs=5.124626
# CANT t=2888.00 a_tag=1.0000 a_max=1.0000 xl_tag=0.4656 nlock=6 tune=173.078369
# REG t=2888.00 tp n=7 rho=[0.021 0.474 0.554 0.730] gr=0.00000 fl=1.000 | ba n=25705 rho=[0.092 0.483 0.840 0.961] gr=0.00007 fl=0.928
t= 2892.00 -9.36e-16 | 1.6642 16.38  22165    7 372623 372865 | 1.4290 14.80 | 4.02e-03 1.51e-02 |   3.7392 0.5355  1.7137  1.4896 1.000 15.17 | edge_dev mean=0.1339 max=0.3455 gg=0.1880 shape_dev=0.2269 xbar=0.2486 | T0 psi=(+0.023,+2.720,-2.982) ggm=0.000 circ=+0.1455 xUDD=(0.112,0.092,0.620) | T1 psi=(-0.428,-0.540,+3.031) ggm=0.000 circ=+10.4050 xUDD=(0.069,0.060,0.538) | sep=2.6290
# CONVTAG t=2892.00 rough=0.302694 cond=33.485701 evap=39.289051 backs=5.164141
# CANT t=2892.00 a_tag=1.0000 a_max=1.0000 xl_tag=0.4656 nlock=6 tune=173.327523
# REG t=2892.00 tp n=7 rho=[0.017 0.235 0.494 0.811] gr=0.00000 fl=1.000 | ba n=25726 rho=[0.093 0.484 0.839 0.960] gr=0.00007 fl=0.928
t= 2896.00 -9.36e-16 | 1.6640 16.37  22153   21 373150 373396 | 1.4287 14.78 | 5.65e-03 1.68e-02 |   3.7005 0.5299  1.6801  1.4979 1.000 15.17 | edge_dev mean=0.1420 max=0.3616 gg=0.1688 shape_dev=0.2164 xbar=0.2459 | T0 psi=(+0.042,-0.698,+0.417) ggm=0.000 circ=+0.1457 xUDD=(0.106,0.110,0.616) | T1 psi=(+0.032,-0.978,+2.618) ggm=0.000 circ=+10.4512 xUDD=(0.062,0.050,0.532) | sep=2.6370
# CONVTAG t=2896.00 rough=0.302694 cond=33.485701 evap=39.289051 backs=5.164141
# CANT t=2896.00 a_tag=1.0000 a_max=1.0000 xl_tag=0.4656 nlock=6 tune=173.622579
# REG t=2896.00 tp n=7 rho=[0.018 0.308 0.484 0.813] gr=0.00001 fl=1.000 | ba n=25709 rho=[0.092 0.483 0.841 0.960] gr=0.00007 fl=0.928
t= 2900.00 -1.07e-15 | 1.6647 16.37  22142   20 373639 373883 | 1.4286 14.78 | 7.21e-03 1.81e-02 |   3.2347 0.4632  1.7392  1.5248 1.000 15.17 | edge_dev mean=0.1603 max=0.3733 gg=0.1664 shape_dev=0.2536 xbar=0.2153 | T0 psi=(+0.064,+2.438,+3.082) ggm=0.000 circ=+0.1402 xUDD=(0.078,0.079,0.570) | T1 psi=(-0.247,+1.761,-0.317) ggm=0.000 circ=+10.4671 xUDD=(0.049,0.003,0.512) | sep=2.6636
# CONVTAG t=2900.00 rough=0.302694 cond=33.485701 evap=39.594754 backs=5.204015
# CANT t=2900.00 a_tag=1.0000 a_max=1.0000 xl_tag=0.4656 nlock=6 tune=174.010814
# REG t=2900.00 tp n=7 rho=[0.212 0.228 0.526 0.820] gr=0.00002 fl=1.000 | ba n=25712 rho=[0.092 0.488 0.843 0.961] gr=0.00007 fl=0.928
t= 2904.00 -9.36e-16 | 1.6649 16.38  22164   13 374164 374419 | 1.4288 14.79 | 9.84e-03 2.32e-02 |   3.1358 0.4490  1.7663  1.5445 1.000 15.33 | edge_dev mean=0.1836 max=0.3905 gg=0.1666 shape_dev=0.3313 xbar=0.2086 | T0 psi=(+0.034,-1.246,+0.466) ggm=0.000 circ=+0.1079 xUDD=(0.064,0.054,0.578) | T1 psi=(-0.356,-1.697,+2.844) ggm=0.000 circ=+10.4700 xUDD=(0.044,0.000,0.512) | sep=2.7132
# CONVTAG t=2904.00 rough=0.302694 cond=33.485701 evap=39.594754 backs=5.204015
# CANT t=2904.00 a_tag=1.0000 a_max=1.0000 xl_tag=0.4656 nlock=6 tune=174.258788
# REG t=2904.00 tp n=7 rho=[0.204 0.221 0.526 0.847] gr=0.00002 fl=1.000 | ba n=25708 rho=[0.091 0.487 0.842 0.961] gr=0.00007 fl=0.928
t= 2908.00 -9.36e-16 | 1.6654 16.37  22153   13 374692 374930 | 1.4288 14.80 | 9.74e-03 2.34e-02 |   3.4398 0.4926  1.7942  1.5501 1.000 14.83 | edge_dev mean=0.1852 max=0.3760 gg=0.2139 shape_dev=0.3397 xbar=0.2288 | T0 psi=(+0.096,+0.881,-1.601) ggm=0.003 circ=+0.1194 xUDD=(0.065,0.065,0.599) | T1 psi=(-0.806,+0.673,+1.878) ggm=0.000 circ=+10.4745 xUDD=(0.045,0.023,0.576) | sep=2.7312
# CONVTAG t=2908.00 rough=0.302694 cond=33.851497 evap=39.594754 backs=5.204015
# CANT t=2908.00 a_tag=1.0000 a_max=1.0000 xl_tag=0.4656 nlock=6 tune=174.529291
# REG t=2908.00 tp n=7 rho=[0.184 0.526 0.751 0.868] gr=0.00001 fl=1.000 | ba n=25724 rho=[0.091 0.484 0.842 0.961] gr=0.00007 fl=0.928
t= 2912.00 -9.36e-16 | 1.6649 16.38  22167   15 375158 375389 | 1.4290 14.80 | 5.36e-03 1.75e-02 |   3.3317 0.4771  1.8029  1.5518 1.000 15.00 | edge_dev mean=0.1764 max=0.3423 gg=0.1688 shape_dev=0.3482 xbar=0.2214 | T0 psi=(+0.050,+2.860,+2.513) ggm=0.000 circ=+0.1166 xUDD=(0.060,0.058,0.583) | T1 psi=(-0.923,+0.474,+1.924) ggm=0.000 circ=+10.4785 xUDD=(0.045,0.023,0.559) | sep=2.7360
# CONVTAG t=2912.00 rough=0.302694 cond=33.851497 evap=39.594754 backs=5.204015
# CANT t=2912.00 a_tag=1.0000 a_max=1.0000 xl_tag=0.4656 nlock=6 tune=174.631614
# REG t=2912.00 tp n=7 rho=[0.160 0.742 0.751 0.868] gr=0.00001 fl=1.000 | ba n=25728 rho=[0.093 0.483 0.840 0.961] gr=0.00007 fl=0.928
t= 2916.00 -9.36e-16 | 1.6651 16.39  22176   13 375660 375906 | 1.4291 14.80 | 5.81e-03 1.66e-02 |   3.2617 0.4671  1.8286  1.5484 1.000 15.17 | edge_dev mean=0.1705 max=0.3263 gg=0.1689 shape_dev=0.3474 xbar=0.2172 | T0 psi=(+0.081,-1.415,+0.339) ggm=0.000 circ=+0.1147 xUDD=(0.052,0.052,0.579) | T1 psi=(-0.935,+0.210,+2.092) ggm=0.000 circ=+10.4813 xUDD=(0.046,0.022,0.552) | sep=2.7347
# CONVTAG t=2916.00 rough=0.302694 cond=33.851497 evap=39.594754 backs=5.204015
# CANT t=2916.00 a_tag=1.0000 a_max=1.0000 xl_tag=0.4656 nlock=6 tune=174.700357
# REG t=2916.00 tp n=7 rho=[0.151 0.751 0.815 0.868] gr=0.00000 fl=1.000 | ba n=25713 rho=[0.095 0.483 0.840 0.961] gr=0.00007 fl=0.929
t= 2920.00 -9.36e-16 | 1.6651 16.39  22169   11 376129 376376 | 1.4290 14.79 | 4.55e-03 1.74e-02 |   3.1702 0.4540  1.8112  1.5167 1.000 15.33 | edge_dev mean=0.1597 max=0.3233 gg=0.1670 shape_dev=0.2931 xbar=0.2108 | T0 psi=(+0.077,+0.835,-2.137) ggm=0.000 circ=+0.1224 xUDD=(0.042,0.049,0.576) | T1 psi=(-0.972,-0.654,-2.889) ggm=0.000 circ=+10.4828 xUDD=(0.034,0.015,0.548) | sep=2.7104
# CONVTAG t=2920.00 rough=0.302694 cond=33.851497 evap=39.594754 backs=5.204015
# CANT t=2920.00 a_tag=1.0000 a_max=1.0000 xl_tag=0.4656 nlock=6 tune=174.786495
# REG t=2920.00 tp n=7 rho=[0.148 0.700 0.751 0.894] gr=0.00000 fl=1.000 | ba n=25713 rho=[0.097 0.485 0.841 0.960] gr=0.00007 fl=0.930
t= 2924.00 -9.36e-16 | 1.6655 16.37  22151   16 376619 376865 | 1.4289 14.80 | 8.43e-03 2.05e-02 |   3.1799 0.4554  1.8582  1.5130 1.000 15.50 | edge_dev mean=0.1622 max=0.3433 gg=0.1631 shape_dev=0.2834 xbar=0.2118 | T0 psi=(+0.083,-3.033,+1.722) ggm=0.000 circ=+0.1357 xUDD=(0.038,0.042,0.572) | T1 psi=(-0.632,-2.681,-1.302) ggm=0.000 circ=+10.4843 xUDD=(0.051,0.011,0.557) | sep=2.7027
# CONVTAG t=2924.00 rough=0.302694 cond=33.851497 evap=39.594754 backs=5.204015
# CANT t=2924.00 a_tag=1.0000 a_max=1.0000 xl_tag=0.4656 nlock=6 tune=174.894507
# REG t=2924.00 tp n=7 rho=[0.138 0.653 0.751 0.895] gr=0.00000 fl=1.000 | ba n=25709 rho=[0.097 0.486 0.844 0.961] gr=0.00007 fl=0.929
t= 2928.00 -9.36e-16 | 1.6652 16.39  22171   11 377119 377349 | 1.4290 14.79 | 1.13e-02 2.91e-02 |   3.2619 0.4671  1.9063  1.4968 1.000 15.50 | edge_dev mean=0.1595 max=0.3501 gg=0.1632 shape_dev=0.2671 xbar=0.2170 | T0 psi=(+0.090,-0.438,-1.014) ggm=0.000 circ=+0.1319 xUDD=(0.034,0.033,0.571) | T1 psi=(-0.323,+0.262,+2.003) ggm=0.000 circ=+10.4861 xUDD=(0.098,0.016,0.550) | sep=2.6875
# CONVTAG t=2928.00 rough=0.302694 cond=33.851497 evap=39.594754 backs=5.204015
# CANT t=2928.00 a_tag=1.0000 a_max=1.0000 xl_tag=0.4656 nlock=6 tune=175.017815
# REG t=2928.00 tp n=7 rho=[0.115 0.548 0.751 0.917] gr=0.00001 fl=1.000 | ba n=25733 rho=[0.095 0.484 0.841 0.961] gr=0.00007 fl=0.929
t= 2932.00 -9.36e-16 | 1.6651 16.38  22162    9 377584 377832 | 1.4290 14.80 | 5.10e-03 1.57e-02 |   3.0925 0.4428  1.8714  1.5005 1.000 15.50 | edge_dev mean=0.1688 max=0.3643 gg=0.1595 shape_dev=0.2763 xbar=0.2061 | T0 psi=(+0.115,+1.351,-2.775) ggm=0.000 circ=+0.1363 xUDD=(0.029,0.033,0.567) | T1 psi=(-0.712,-1.988,-1.669) ggm=0.000 circ=+10.4868 xUDD=(0.054,0.008,0.544) | sep=2.6970
# CONVTAG t=2932.00 rough=0.302694 cond=33.851497 evap=39.594754 backs=5.204015
# CANT t=2932.00 a_tag=1.0000 a_max=1.0000 xl_tag=0.4656 nlock=6 tune=175.132826
# REG t=2932.00 tp n=7 rho=[0.120 0.695 0.715 0.751] gr=0.00001 fl=1.000 | ba n=25716 rho=[0.095 0.485 0.842 0.961] gr=0.00007 fl=0.930
t= 2936.00 -9.36e-16 | 1.6648 16.35  22127   10 378044 378300 | 1.4285 14.79 | 8.79e-03 1.97e-02 |   3.1145 0.4460  1.8682  1.5018 1.000 15.17 | edge_dev mean=0.1646 max=0.3399 gg=0.1659 shape_dev=0.2659 xbar=0.2073 | T0 psi=(+0.064,-2.502,+1.025) ggm=0.000 circ=+0.1373 xUDD=(0.029,0.037,0.567) | T1 psi=(-0.883,+1.476,+1.224) ggm=0.000 circ=+10.4871 xUDD=(0.041,0.007,0.563) | sep=2.6999
# CONVTAG t=2936.00 rough=0.302694 cond=33.851497 evap=39.594754 backs=5.204015
# CANT t=2936.00 a_tag=1.0000 a_max=1.0000 xl_tag=0.4656 nlock=6 tune=175.230172
# REG t=2936.00 tp n=7 rho=[0.115 0.626 0.645 0.751] gr=0.00001 fl=1.000 | ba n=25707 rho=[0.092 0.489 0.842 0.960] gr=0.00007 fl=0.930
t= 2940.00 -9.36e-16 | 1.6643 16.34  22107   14 378556 378812 | 1.4283 14.79 | 8.62e-03 2.45e-02 |   3.1549 0.4518  1.8519  1.5021 1.000 15.33 | edge_dev mean=0.1706 max=0.3310 gg=0.1664 shape_dev=0.2517 xbar=0.2099 | T0 psi=(+0.053,+0.365,-1.726) ggm=0.002 circ=+0.1113 xUDD=(0.038,0.033,0.570) | T1 psi=(-0.809,-2.024,-1.753) ggm=0.000 circ=+10.4873 xUDD=(0.039,0.012,0.567) | sep=2.6958
# CONVTAG t=2940.00 rough=0.302694 cond=33.851497 evap=39.594754 backs=5.204015
# CANT t=2940.00 a_tag=1.0000 a_max=1.0000 xl_tag=0.4656 nlock=6 tune=175.292477
# REG t=2940.00 tp n=7 rho=[0.109 0.519 0.611 0.751] gr=0.00000 fl=1.000 | ba n=25703 rho=[0.091 0.483 0.840 0.960] gr=0.00007 fl=0.930
t= 2944.00 -9.36e-16 | 1.6642 16.35  22123   10 379083 379360 | 1.4285 14.79 | 4.23e-03 1.32e-02 |   3.2482 0.4651  1.8638  1.4975 1.000 15.50 | edge_dev mean=0.1696 max=0.3344 gg=0.1709 shape_dev=0.2447 xbar=0.2163 | T0 psi=(+0.068,+2.823,+1.986) ggm=0.000 circ=+0.1194 xUDD=(0.035,0.037,0.571) | T1 psi=(-0.458,+0.677,+1.466) ggm=0.000 circ=+10.4881 xUDD=(0.068,0.018,0.567) | sep=2.6831
# CONVTAG t=2944.00 rough=0.302694 cond=33.851497 evap=39.594754 backs=5.204015
# CANT t=2944.00 a_tag=1.0000 a_max=1.0000 xl_tag=0.4656 nlock=6 tune=175.361410
# REG t=2944.00 tp n=7 rho=[0.094 0.478 0.557 0.751] gr=0.00000 fl=1.000 | ba n=25685 rho=[0.093 0.482 0.840 0.959] gr=0.00007 fl=0.931
t= 2948.00 -1.07e-15 | 1.6643 16.36  22134    7 379611 379872 | 1.4285 14.79 | 4.41e-03 1.23e-02 |   3.2653 0.4676  1.8712  1.5000 1.000 15.33 | edge_dev mean=0.1780 max=0.3253 gg=0.1671 shape_dev=0.2345 xbar=0.2173 | T0 psi=(+0.037,-0.816,-0.644) ggm=0.000 circ=+0.1204 xUDD=(0.035,0.035,0.571) | T1 psi=(-0.250,-2.996,-1.421) ggm=0.000 circ=+10.4894 xUDD=(0.089,0.015,0.560) | sep=2.6727
# CONVTAG t=2948.00 rough=0.302694 cond=33.851497 evap=39.594754 backs=5.204015
# CANT t=2948.00 a_tag=1.0000 a_max=1.0000 xl_tag=0.4656 nlock=6 tune=175.467152
# REG t=2948.00 tp n=7 rho=[0.057 0.455 0.696 0.751] gr=0.00000 fl=1.000 | ba n=25704 rho=[0.095 0.483 0.838 0.958] gr=0.00007 fl=0.930
t= 2952.00 -9.36e-16 | 1.6641 16.33  22095    8 380088 380364 | 1.4281 14.79 | 5.20e-03 1.50e-02 |   3.3673 0.4822  1.9013  1.4817 1.000 14.83 | edge_dev mean=0.1768 max=0.3321 gg=0.1682 shape_dev=0.1757 xbar=0.2240 | T0 psi=(+0.056,+1.328,-2.716) ggm=0.000 circ=+0.1238 xUDD=(0.035,0.036,0.571) | T1 psi=(-0.206,+1.160,+0.852) ggm=0.000 circ=+10.4913 xUDD=(0.073,0.023,0.606) | sep=2.6361
# CONVTAG t=2952.00 rough=0.302694 cond=34.032086 evap=39.594754 backs=5.204015
# CANT t=2952.00 a_tag=1.0000 a_max=1.0000 xl_tag=0.4656 nlock=6 tune=175.632673
# REG t=2952.00 tp n=7 rho=[0.047 0.456 0.751 0.873] gr=0.00000 fl=1.000 | ba n=25685 rho=[0.093 0.479 0.838 0.959] gr=0.00007 fl=0.931
t= 2956.00 -9.36e-16 | 1.6640 16.31  22066    9 380570 380850 | 1.4277 14.78 | 5.69e-03 1.78e-02 |   3.4682 0.4966  1.8884  1.4625 1.000 14.67 | edge_dev mean=0.1782 max=0.3289 gg=0.1722 shape_dev=0.1748 xbar=0.2308 | T0 psi=(+0.030,-2.295,+0.962) ggm=0.000 circ=+0.1298 xUDD=(0.036,0.039,0.580) | T1 psi=(-0.410,+0.680,+1.980) ggm=0.000 circ=+10.5027 xUDD=(0.070,0.053,0.608) | sep=2.6375
# CONVTAG t=2956.00 rough=0.302694 cond=34.032086 evap=39.594754 backs=5.204015
# CANT t=2956.00 a_tag=1.0000 a_max=1.0000 xl_tag=0.4656 nlock=6 tune=175.751904
# REG t=2956.00 tp n=7 rho=[0.010 0.457 0.751 0.869] gr=0.00000 fl=1.000 | ba n=25679 rho=[0.096 0.477 0.836 0.960] gr=0.00007 fl=0.932
t= 2960.00 -9.36e-16 | 1.6639 16.32  22078   14 381091 381367 | 1.4278 14.78 | 9.56e-03 2.38e-02 |   3.4791 0.4982  1.8605  1.4672 1.000 14.83 | edge_dev mean=0.1750 max=0.3249 gg=0.1697 shape_dev=0.2030 xbar=0.2317 | T0 psi=(+0.056,+0.004,-1.263) ggm=0.001 circ=+0.1203 xUDD=(0.046,0.044,0.585) | T1 psi=(-0.489,-2.867,-0.802) ggm=0.000 circ=+10.5138 xUDD=(0.041,0.050,0.623) | sep=2.6458
# CONVTAG t=2960.00 rough=0.302694 cond=34.032086 evap=39.594754 backs=5.204015
# CANT t=2960.00 a_tag=1.0000 a_max=1.0000 xl_tag=0.4656 nlock=6 tune=175.916429
# REG t=2960.00 tp n=7 rho=[0.009 0.514 0.751 0.958] gr=0.00000 fl=1.000 | ba n=25683 rho=[0.095 0.487 0.839 0.961] gr=0.00007 fl=0.931
t= 2964.00 -9.36e-16 | 1.6642 16.34  22111   10 381617 381874 | 1.4282 14.78 | 6.08e-03 1.80e-02 |   3.4780 0.4980  1.8348  1.4743 1.000 15.17 | edge_dev mean=0.1681 max=0.3275 gg=0.2257 shape_dev=0.1935 xbar=0.2314 | T0 psi=(+0.054,+2.935,+2.156) ggm=0.000 circ=+0.1075 xUDD=(0.052,0.049,0.586) | T1 psi=(-0.052,+0.883,+0.790) ggm=0.000 circ=+10.5278 xUDD=(0.042,0.042,0.618) | sep=2.6390
# CONVTAG t=2964.00 rough=0.302694 cond=34.032086 evap=39.594754 backs=5.204015
# CANT t=2964.00 a_tag=1.0000 a_max=1.0000 xl_tag=0.4656 nlock=6 tune=176.093924
# REG t=2964.00 tp n=7 rho=[0.004 0.333 0.751 0.830] gr=0.00000 fl=1.000 | ba n=25705 rho=[0.095 0.492 0.842 0.961] gr=0.00007 fl=0.931
t= 2968.00 -9.36e-16 | 1.6645 16.37  22147    7 382098 382365 | 1.4286 14.78 | 6.13e-03 1.67e-02 |   3.1044 0.4445  1.7199  1.5101 1.000 15.17 | edge_dev mean=0.1714 max=0.3199 gg=0.1707 shape_dev=0.1936 xbar=0.2068 | T0 psi=(+0.082,-1.251,-0.073) ggm=0.000 circ=+0.1061 xUDD=(0.055,0.054,0.577) | T1 psi=(-0.705,-2.805,-1.849) ggm=0.000 circ=+10.5428 xUDD=(0.027,0.008,0.520) | sep=2.6431
# CONVTAG t=2968.00 rough=0.302694 cond=34.032086 evap=39.900216 backs=5.243858
# CANT t=2968.00 a_tag=1.0000 a_max=1.0000 xl_tag=0.4656 nlock=6 tune=176.290890
# REG t=2968.00 tp n=7 rho=[0.002 0.188 0.751 0.889] gr=0.00000 fl=1.000 | ba n=25697 rho=[0.098 0.495 0.844 0.962] gr=0.00007 fl=0.931
t= 2972.00 -9.36e-16 | 1.6643 16.36  22131   11 382540 382812 | 1.4284 14.78 | 4.91e-03 1.89e-02 |   3.0111 0.4312  1.7149  1.5317 1.000 15.00 | edge_dev mean=0.1758 max=0.3272 gg=0.1715 shape_dev=0.2213 xbar=0.2008 | T0 psi=(+0.044,+1.304,-2.610) ggm=0.000 circ=+0.0831 xUDD=(0.060,0.043,0.572) | T1 psi=(-0.255,+1.371,-0.769) ggm=0.000 circ=+10.5450 xUDD=(0.035,0.001,0.494) | sep=2.6590
# CONVTAG t=2972.00 rough=0.302694 cond=34.032086 evap=39.900216 backs=5.243858
# CANT t=2972.00 a_tag=1.0000 a_max=1.0000 xl_tag=0.4656 nlock=6 tune=176.470815
# REG t=2972.00 tp n=7 rho=[0.002 0.350 0.751 0.888] gr=0.00000 fl=1.000 | ba n=25688 rho=[0.101 0.495 0.841 0.962] gr=0.00007 fl=0.931
t= 2976.00 -9.36e-16 | 1.6644 16.36  22140   16 382978 383261 | 1.4285 14.78 | 6.34e-03 1.47e-02 |   3.3575 0.4808  1.7250  1.4915 1.000 15.17 | edge_dev mean=0.1795 max=0.3195 gg=0.2038 shape_dev=0.2636 xbar=0.2235 | T0 psi=(+0.069,-2.270,+0.906) ggm=0.000 circ=+0.0791 xUDD=(0.051,0.050,0.591) | T1 psi=(-0.440,-2.493,-1.596) ggm=0.000 circ=+10.5471 xUDD=(0.064,0.104,0.481) | sep=2.6855
# CONVTAG t=2976.00 rough=0.302694 cond=34.332602 evap=39.900216 backs=5.243858
# CANT t=2976.00 a_tag=1.0000 a_max=1.0000 xl_tag=0.4656 nlock=6 tune=176.727323
# REG t=2976.00 tp n=7 rho=[0.003 0.431 0.685 0.947] gr=0.00000 fl=1.000 | ba n=25674 rho=[0.100 0.496 0.843 0.962] gr=0.00007 fl=0.931
t= 2980.00 -9.36e-16 | 1.6642 16.36  22138   15 383461 383734 | 1.4285 14.78 | 1.03e-02 2.23e-02 |   2.7670 0.3962  1.4188  1.4806 1.000 15.67 | edge_dev mean=0.1742 max=0.3201 gg=0.2502 shape_dev=0.2970 xbar=0.1838 | T0 psi=(+0.037,-0.539,-0.604) ggm=0.000 circ=+0.0863 xUDD=(0.058,0.063,0.595) | T1 psi=(-0.403,-0.477,+0.739) ggm=0.000 circ=+10.5631 xUDD=(0.079,0.024,0.284) | sep=2.7060
# CONVTAG t=2980.00 rough=0.302694 cond=34.332602 evap=39.900216 backs=5.243858
# CANT t=2980.00 a_tag=1.0000 a_max=1.0000 xl_tag=0.4656 nlock=6 tune=177.174689
# REG t=2980.00 tp n=7 rho=[0.004 0.027 0.909 0.947] gr=0.00019 fl=1.000 | ba n=25685 rho=[0.099 0.497 0.845 0.963] gr=0.00007 fl=0.931
t= 2984.00 -9.36e-16 | 1.6646 16.35  22115   11 383931 384199 | 1.4283 14.79 | 7.42e-03 1.80e-02 |   2.6731 0.3828  1.4575  1.5471 1.000 15.67 | edge_dev mean=0.1760 max=0.3223 gg=0.1737 shape_dev=0.3031 xbar=0.1845 | T0 psi=(+0.075,+1.484,-2.688) ggm=0.000 circ=+0.0891 xUDD=(0.057,0.060,0.575) | T1 psi=(-0.003,-1.764,+1.027) ggm=0.000 circ=+10.5641 xUDD=(0.105,0.001,0.309) | sep=2.7023
# CONVTAG t=2984.00 rough=0.302694 cond=34.332602 evap=39.900216 backs=5.243858
# CANT t=2984.00 a_tag=1.0000 a_max=1.0000 xl_tag=0.4656 nlock=6 tune=177.534349
# REG t=2984.00 tp n=7 rho=[0.004 0.033 0.903 0.951] gr=0.00013 fl=1.000 | ba n=25693 rho=[0.097 0.495 0.843 0.961] gr=0.00007 fl=0.930
t= 2988.00 -9.36e-16 | 1.6649 16.36  22131   12 384438 384701 | 1.4285 14.79 | 1.04e-02 2.62e-02 |   3.2346 0.4632  1.8148  1.5472 1.000 15.83 | edge_dev mean=0.1764 max=0.3310 gg=0.1738 shape_dev=0.2820 xbar=0.2151 | T0 psi=(+0.041,-2.468,+1.274) ggm=0.000 circ=+0.0908 xUDD=(0.049,0.052,0.573) | T1 psi=(+0.049,-2.542,-3.064) ggm=0.000 circ=+10.5661 xUDD=(0.051,0.010,0.556) | sep=2.6907
# CONVTAG t=2988.00 rough=0.302694 cond=34.332602 evap=39.900216 backs=5.243858
# CANT t=2988.00 a_tag=1.0000 a_max=1.0000 xl_tag=0.4656 nlock=6 tune=177.741242
# REG t=2988.00 tp n=7 rho=[0.004 0.039 0.954 0.961] gr=0.00009 fl=1.000 | ba n=25697 rho=[0.095 0.491 0.840 0.960] gr=0.00007 fl=0.930
t= 2992.00 -9.36e-16 | 1.6651 16.35  22120    7 384921 385182 | 1.4285 14.79 | 5.46e-03 1.29e-02 |   3.3509 0.4798  1.8348  1.5202 1.000 15.50 | edge_dev mean=0.1730 max=0.3444 gg=0.3543 shape_dev=0.2495 xbar=0.2231 | T0 psi=(+0.035,+0.109,-1.208) ggm=0.001 circ=+0.1050 xUDD=(0.047,0.054,0.578) | T1 psi=(+1.468,+0.162,-1.693) ggm=0.000 circ=+10.5697 xUDD=(0.054,0.034,0.572) | sep=2.6789
# CONVTAG t=2992.00 rough=0.302694 cond=34.332602 evap=39.900216 backs=5.243858
# CANT t=2992.00 a_tag=1.0000 a_max=1.0000 xl_tag=0.4656 nlock=6 tune=177.830571
# REG t=2992.00 tp n=7 rho=[0.003 0.038 0.964 0.972] gr=0.00006 fl=1.000 | ba n=25705 rho=[0.096 0.487 0.841 0.960] gr=0.00007 fl=0.930
t= 2996.00 -9.36e-16 | 1.6654 16.39  22170    7 385437 385679 | 1.4290 14.79 | 9.27e-03 2.52e-02 |   3.3762 0.4835  1.8379  1.5069 1.000 15.50 | edge_dev mean=0.1624 max=0.3405 gg=0.1667 shape_dev=0.2020 xbar=0.2245 | T0 psi=(+0.054,-3.077,+2.016) ggm=0.000 circ=+0.0992 xUDD=(0.054,0.053,0.581) | T1 psi=(+2.540,-0.014,+2.412) ggm=0.000 circ=+10.5698 xUDD=(0.042,0.025,0.592) | sep=2.6459
# CONVTAG t=2996.00 rough=0.302694 cond=34.332602 evap=39.900216 backs=5.243858
# CANT t=2996.00 a_tag=1.0000 a_max=1.0000 xl_tag=0.4656 nlock=6 tune=177.930056
# REG t=2996.00 tp n=7 rho=[0.004 0.034 0.890 0.913] gr=0.00004 fl=1.000 | ba n=25724 rho=[0.093 0.490 0.841 0.960] gr=0.00007 fl=0.930
t= 3000.00 -9.36e-16 | 1.6647 16.38  22163   18 385930 386150 | 1.4289 14.78 | 4.05e-03 1.51e-02 |   3.5687 0.5110  1.8467  1.4885 1.000 15.33 | edge_dev mean=0.1537 max=0.3510 gg=0.1631 shape_dev=0.1973 xbar=0.2374 | T0 psi=(+0.126,-0.933,-0.016) ggm=0.000 circ=+0.1044 xUDD=(0.064,0.058,0.584) | T1 psi=(+2.752,-1.104,-2.792) ggm=0.000 circ=+10.5697 xUDD=(0.054,0.042,0.622) | sep=2.6134
# CONVTAG t=3000.00 rough=0.302694 cond=34.509098 evap=39.900216 backs=5.243858
# CANT t=3000.00 a_tag=1.0000 a_max=1.0000 xl_tag=0.4656 nlock=6 tune=178.126430
# REG t=3000.00 tp n=7 rho=[0.004 0.030 0.776 0.890] gr=0.00003 fl=1.000 | ba n=25735 rho=[0.095 0.489 0.840 0.961] gr=0.00007 fl=0.930
t= 3004.00 -9.36e-16 | 1.6645 16.39  22175    9 386401 386646 | 1.4291 14.79 | 4.69e-03 1.40e-02 |   3.3709 0.4827  1.7602  1.5074 1.000 15.33 | edge_dev mean=0.1590 max=0.3600 gg=0.2224 shape_dev=0.1723 xbar=0.2239 | T0 psi=(+0.038,+1.235,-1.993) ggm=0.001 circ=+0.1224 xUDD=(0.066,0.062,0.583) | T1 psi=(+2.722,+1.412,+0.709) ggm=0.000 circ=+10.5687 xUDD=(0.050,0.028,0.555) | sep=2.6323
# CONVTAG t=3004.00 rough=0.302694 cond=34.509098 evap=39.900216 backs=5.243858
# CANT t=3004.00 a_tag=1.0000 a_max=1.0000 xl_tag=0.4656 nlock=6 tune=178.251685
# REG t=3004.00 tp n=7 rho=[0.004 0.217 0.416 0.872] gr=0.00002 fl=1.000 | ba n=25719 rho=[0.095 0.494 0.844 0.961] gr=0.00007 fl=0.930
t= 3008.00 -9.36e-16 | 1.6648 16.38  22156   13 386835 387073 | 1.4288 14.78 | 1.23e-02 2.90e-02 |   2.2071 0.3161  1.4212  1.4782 1.000 15.67 | edge_dev mean=0.1772 max=0.3702 gg=0.1733 shape_dev=0.1932 xbar=0.1468 | T0 psi=(+0.062,+2.592,+2.142) ggm=0.000 circ=+0.1181 xUDD=(0.065,0.055,0.465) | T1 psi=(+2.592,-2.329,+2.037) ggm=0.000 circ=+10.5683 xUDD=(0.029,0.002,0.264) | sep=2.6331
# CONVTAG t=3008.00 rough=0.302694 cond=34.509098 evap=40.213408 backs=5.284709
# CANT t=3008.00 a_tag=1.0000 a_max=1.0000 xl_tag=0.4656 nlock=6 tune=178.528945
# REG t=3008.00 tp n=7 rho=[0.004 0.552 0.868 0.873] gr=0.00001 fl=1.000 | ba n=25718 rho=[0.096 0.490 0.846 0.961] gr=0.00007 fl=0.930
t= 3012.00 -9.36e-16 | 1.6651 16.38  22160   11 387373 387623 | 1.4289 14.79 | 8.51e-03 2.30e-02 |   2.2026 0.3154  1.5385  1.4205 1.000 15.67 | edge_dev mean=0.1916 max=0.3846 gg=0.1709 shape_dev=0.2272 xbar=0.1465 | T0 psi=(+0.054,-1.485,+0.209) ggm=0.000 circ=+0.1158 xUDD=(0.021,0.020,0.547) | T1 psi=(+2.640,+1.391,-2.246) ggm=0.000 circ=+10.5683 xUDD=(0.012,0.000,0.278) | sep=2.6523
# CONVTAG t=3012.00 rough=0.302694 cond=34.509098 evap=40.213408 backs=5.284709
# CANT t=3012.00 a_tag=1.0000 a_max=1.0000 xl_tag=0.4656 nlock=6 tune=178.814867
# REG t=3012.00 tp n=7 rho=[0.025 0.558 0.866 0.872] gr=0.00001 fl=1.000 | ba n=25711 rho=[0.093 0.483 0.845 0.960] gr=0.00007 fl=0.930
t= 3016.00 -9.36e-16 | 1.6645 16.39  22173   12 387860 388126 | 1.4289 14.78 | 6.19e-03 1.75e-02 |   2.4121 0.3454  1.5088  1.3659 1.000 15.50 | edge_dev mean=0.1884 max=0.3844 gg=0.1659 shape_dev=0.2107 xbar=0.1607 | T0 psi=(+0.102,+0.751,-2.039) ggm=0.000 circ=+0.1153 xUDD=(0.013,0.013,0.641) | T1 psi=(+2.855,-2.061,+1.095) ggm=0.000 circ=+10.5683 xUDD=(0.015,0.000,0.282) | sep=2.6377
# CONVTAG t=3016.00 rough=0.302694 cond=34.689987 evap=40.213408 backs=5.284709
# CANT t=3016.00 a_tag=1.0000 a_max=1.0000 xl_tag=0.4656 nlock=6 tune=178.885143
# REG t=3016.00 tp n=7 rho=[0.025 0.565 0.839 0.841] gr=0.00001 fl=1.000 | ba n=25694 rho=[0.096 0.482 0.841 0.960] gr=0.00007 fl=0.930
t= 3020.00 -9.36e-16 | 1.6641 16.38  22164   18 388365 388607 | 1.4288 14.78 | 1.68e-02 3.76e-02 |   2.4536 0.3514  1.5927  1.4525 1.000 15.67 | edge_dev mean=0.1783 max=0.3684 gg=0.1678 shape_dev=0.2096 xbar=0.1633 | T0 psi=(+0.057,+2.975,+2.278) ggm=0.000 circ=+0.1110 xUDD=(0.029,0.029,0.571) | T1 psi=(+2.762,+0.456,-1.042) ggm=0.000 circ=+10.5683 xUDD=(0.019,0.000,0.332) | sep=2.6446
# CONVTAG t=3020.00 rough=0.302694 cond=34.689987 evap=40.213408 backs=5.284709
# CANT t=3020.00 a_tag=1.0000 a_max=1.0000 xl_tag=0.4656 nlock=6 tune=179.196223
# REG t=3020.00 tp n=7 rho=[0.024 0.601 0.740 0.751] gr=0.00000 fl=1.000 | ba n=25713 rho=[0.094 0.483 0.843 0.960] gr=0.00007 fl=0.930
t= 3024.00 -9.36e-16 | 1.6641 16.37  22153   15 388866 389113 | 1.4286 14.78 | 6.96e-03 2.30e-02 |   2.6942 0.3858  1.6767  1.4446 1.000 15.67 | edge_dev mean=0.1729 max=0.3535 gg=0.2696 shape_dev=0.2089 xbar=0.1794 | T0 psi=(+0.106,-1.347,+0.250) ggm=0.000 circ=+0.1055 xUDD=(0.030,0.032,0.580) | T1 psi=(+2.265,+1.089,+0.116) ggm=0.000 circ=+10.5683 xUDD=(0.029,0.038,0.367) | sep=2.6456
# CONVTAG t=3024.00 rough=0.302694 cond=34.991819 evap=40.213408 backs=5.284709
# CANT t=3024.00 a_tag=1.0000 a_max=1.0000 xl_tag=0.4656 nlock=6 tune=179.695406
# REG t=3024.00 tp n=7 rho=[0.022 0.624 0.664 0.686] gr=0.00000 fl=1.000 | ba n=25709 rho=[0.093 0.481 0.842 0.961] gr=0.00007 fl=0.930
t= 3028.00 -9.36e-16 | 1.6648 16.39  22172   14 389350 389614 | 1.4289 14.78 | 8.61e-03 2.01e-02 |   2.1637 0.3098  1.4359  1.3603 1.000 15.33 | edge_dev mean=0.1650 max=0.3616 gg=0.1725 shape_dev=0.1923 xbar=0.1440 | T0 psi=(+0.037,+0.657,-1.810) ggm=0.001 circ=+0.0980 xUDD=(0.027,0.027,0.567) | T1 psi=(+2.068,+0.498,-0.635) ggm=0.000 circ=+10.5683 xUDD=(0.010,0.000,0.234) | sep=2.6465
# CONVTAG t=3028.00 rough=0.302694 cond=34.991819 evap=40.574676 backs=5.331831
# CANT t=3028.00 a_tag=1.0000 a_max=1.0000 xl_tag=0.4656 nlock=6 tune=179.949770
# REG t=3028.00 tp n=7 rho=[0.022 0.442 0.721 0.731] gr=0.00000 fl=1.000 | ba n=25695 rho=[0.095 0.483 0.842 0.961] gr=0.00007 fl=0.930
t= 3032.00 -9.36e-16 | 1.6647 16.41  22207    9 389838 390097 | 1.4293 14.79 | 5.63e-03 2.47e-02 |   1.9531 0.2797  1.3069  1.2599 1.000 15.33 | edge_dev mean=0.1618 max=0.3525 gg=0.1777 shape_dev=0.2073 xbar=0.1298 | T0 psi=(-0.015,+2.785,+2.315) ggm=0.000 circ=+0.0903 xUDD=(0.021,0.019,0.562) | T1 psi=(+2.187,+1.800,-3.068) ggm=0.000 circ=+10.5682 xUDD=(0.013,0.000,0.163) | sep=2.6389
# CONVTAG t=3032.00 rough=0.302694 cond=34.991819 evap=40.574676 backs=5.331831
# CANT t=3032.00 a_tag=1.0000 a_max=1.0000 xl_tag=0.4656 nlock=6 tune=180.031116
# REG t=3032.00 tp n=7 rho=[0.029 0.527 0.721 0.923] gr=0.00000 fl=1.000 | ba n=25704 rho=[0.097 0.478 0.840 0.961] gr=0.00007 fl=0.930
t= 3036.00 -8.03e-16 | 1.6644 16.39  22170   14 390361 390594 | 1.4290 14.80 | 5.37e-03 1.93e-02 |   1.8410 0.2636  1.2249  1.1737 1.000 15.17 | edge_dev mean=0.1639 max=0.3341 gg=0.1752 shape_dev=0.2132 xbar=0.1226 | T0 psi=(-0.060,-0.982,-0.120) ggm=0.000 circ=+0.0807 xUDD=(0.018,0.017,0.561) | T1 psi=(+2.336,-2.586,+0.535) ggm=0.000 circ=+10.5680 xUDD=(0.014,0.001,0.124) | sep=2.6297
# CONVTAG t=3036.00 rough=0.302694 cond=34.991819 evap=40.574676 backs=5.331831
# CANT t=3036.00 a_tag=1.0000 a_max=1.0000 xl_tag=0.4656 nlock=6 tune=180.105509
# REG t=3036.00 tp n=7 rho=[0.036 0.366 0.705 0.732] gr=0.00000 fl=1.000 | ba n=25725 rho=[0.098 0.485 0.842 0.961] gr=0.00007 fl=0.929
t= 3040.00 -9.36e-16 | 1.6641 16.39  22170   12 390858 391087 | 1.4289 14.79 | 6.85e-03 2.02e-02 |   1.7739 0.2540  1.1981  1.1150 1.000 14.83 | edge_dev mean=0.1649 max=0.3367 gg=0.1877 shape_dev=0.2190 xbar=0.1180 | T0 psi=(-0.031,+1.259,-2.445) ggm=0.000 circ=+0.0730 xUDD=(0.015,0.014,0.561) | T1 psi=(+2.351,-1.397,-0.570) ggm=0.000 circ=+10.5679 xUDD=(0.013,0.000,0.106) | sep=2.6354
# CONVTAG t=3040.00 rough=0.302694 cond=34.991819 evap=40.574676 backs=5.331831
# CANT t=3040.00 a_tag=1.0000 a_max=1.0000 xl_tag=0.4656 nlock=6 tune=180.180867
# REG t=3040.00 tp n=7 rho=[0.044 0.313 0.704 0.754] gr=0.00000 fl=1.000 | ba n=25729 rho=[0.098 0.490 0.845 0.962] gr=0.00007 fl=0.928
t= 3044.00 -9.36e-16 | 1.6642 16.39  22179   17 391353 391568 | 1.4291 14.79 | 6.60e-03 1.92e-02 |   2.0359 0.2915  1.0084  1.0916 1.000 15.00 | edge_dev mean=0.1695 max=0.3307 gg=0.1994 shape_dev=0.2113 xbar=0.1355 | T0 psi=(+0.163,-2.416,+1.545) ggm=0.000 circ=+0.0597 xUDD=(0.036,0.087,0.584) | T1 psi=(+2.231,-0.083,-1.608) ggm=0.000 circ=+10.5679 xUDD=(0.011,0.000,0.094) | sep=2.6220
# CONVTAG t=3044.00 rough=0.302694 cond=35.289702 evap=40.574676 backs=5.331831
# CANT t=3044.00 a_tag=1.0000 a_max=1.0000 xl_tag=0.4656 nlock=6 tune=180.404106
# REG t=3044.00 tp n=7 rho=[0.251 0.416 0.532 0.762] gr=0.00000 fl=1.000 | ba n=25739 rho=[0.098 0.490 0.843 0.961] gr=0.00007 fl=0.928
t= 3048.00 -9.36e-16 | 1.6646 16.38  22166   17 391874 392106 | 1.4289 14.79 | 6.30e-03 1.71e-02 |   1.9933 0.2854  1.1278  1.1378 1.000 15.33 | edge_dev mean=0.1597 max=0.3053 gg=0.2729 shape_dev=0.2162 xbar=0.1323 | T0 psi=(+0.015,-0.789,-0.423) ggm=0.002 circ=+0.0378 xUDD=(0.046,0.048,0.575) | T1 psi=(+2.185,+1.467,-2.481) ggm=0.000 circ=+10.5679 xUDD=(0.009,0.000,0.114) | sep=2.6065
# CONVTAG t=3048.00 rough=0.302694 cond=35.289702 evap=40.574676 backs=5.331831
# CANT t=3048.00 a_tag=1.0000 a_max=1.0000 xl_tag=0.4656 nlock=6 tune=180.624521
# REG t=3048.00 tp n=7 rho=[0.125 0.313 0.555 0.782] gr=0.00000 fl=1.000 | ba n=25720 rho=[0.100 0.491 0.843 0.961] gr=0.00007 fl=0.928
t= 3052.00 -9.36e-16 | 1.6648 16.40  22186   13 392400 392602 | 1.4291 14.78 | 4.41e-03 1.60e-02 |   1.9419 0.2781  1.1794  1.1888 1.000 15.17 | edge_dev mean=0.1635 max=0.3176 gg=0.3238 shape_dev=0.2338 xbar=0.1313 | T0 psi=(+0.021,+1.149,-2.544) ggm=0.000 circ=+0.0324 xUDD=(0.039,0.040,0.569) | T1 psi=(+2.195,-2.508,+1.959) ggm=0.000 circ=+10.5678 xUDD=(0.012,0.000,0.129) | sep=2.6178
# CONVTAG t=3052.00 rough=0.302694 cond=35.289702 evap=40.574676 backs=5.331831
# CANT t=3052.00 a_tag=1.0000 a_max=1.0000 xl_tag=0.4656 nlock=6 tune=180.750662
# REG t=3052.00 tp n=7 rho=[0.016 0.313 0.792 0.888] gr=0.00000 fl=1.000 | ba n=25753 rho=[0.097 0.487 0.840 0.961] gr=0.00007 fl=0.927
t= 3056.00 -9.36e-16 | 1.6647 16.38  22162   19 392887 393100 | 1.4289 14.79 | 9.67e-03 2.07e-02 |   1.9237 0.2755  1.2117  1.1550 1.000 15.50 | edge_dev mean=0.1649 max=0.3260 gg=0.3219 shape_dev=0.2390 xbar=0.1277 | T0 psi=(+0.023,+3.059,+1.714) ggm=0.000 circ=+0.0277 xUDD=(0.034,0.033,0.567) | T1 psi=(+2.433,-0.086,-0.490) ggm=0.000 circ=+10.5678 xUDD=(0.013,0.000,0.120) | sep=2.6200
# CONVTAG t=3056.00 rough=0.302694 cond=35.289702 evap=40.574676 backs=5.331831
# CANT t=3056.00 a_tag=1.0000 a_max=1.0000 xl_tag=0.4656 nlock=6 tune=180.844449
# REG t=3056.00 tp n=7 rho=[0.008 0.313 0.804 0.985] gr=0.00001 fl=1.000 | ba n=25737 rho=[0.096 0.491 0.844 0.962] gr=0.00007 fl=0.927
t= 3060.00 -9.36e-16 | 1.6644 16.37  22150   16 393370 393592 | 1.4287 14.78 | 8.33e-03 1.98e-02 |   2.0344 0.2913  1.1212  1.1571 1.000 15.33 | edge_dev mean=0.1709 max=0.3171 gg=0.2346 shape_dev=0.2467 xbar=0.1352 | T0 psi=(+0.022,-1.144,+0.014) ggm=0.002 circ=+0.0435 xUDD=(0.067,0.042,0.575) | T1 psi=(+2.565,+2.394,+2.885) ggm=0.000 circ=+10.5677 xUDD=(0.014,0.000,0.113) | sep=2.6235
# CONVTAG t=3060.00 rough=0.302694 cond=35.872176 evap=41.086548 backs=5.398597
# CANT t=3060.00 a_tag=1.0000 a_max=1.0000 xl_tag=0.4656 nlock=6 tune=180.981371
# REG t=3060.00 tp n=7 rho=[0.005 0.214 0.882 0.967] gr=0.00001 fl=1.000 | ba n=25731 rho=[0.095 0.489 0.842 0.961] gr=0.00007 fl=0.927
t= 3064.00 -9.36e-16 | 1.6647 16.33  22101   12 393857 394088 | 1.4281 14.78 | 5.39e-03 1.36e-02 |   2.0382 0.2919  1.1974  1.2031 1.000 16.00 | edge_dev mean=0.1708 max=0.3183 gg=0.2090 shape_dev=0.2442 xbar=0.1353 | T0 psi=(+0.040,+0.861,-2.229) ggm=0.000 circ=+0.0556 xUDD=(0.046,0.047,0.571) | T1 psi=(+2.638,-1.030,+0.185) ggm=0.000 circ=+10.5676 xUDD=(0.010,0.000,0.137) | sep=2.6251
# CONVTAG t=3064.00 rough=0.302694 cond=35.872176 evap=41.086548 backs=5.398597
# CANT t=3064.00 a_tag=1.0000 a_max=1.0000 xl_tag=0.4656 nlock=6 tune=181.125451
# REG t=3064.00 tp n=7 rho=[0.008 0.210 0.842 0.888] gr=0.00001 fl=1.000 | ba n=25726 rho=[0.094 0.485 0.844 0.962] gr=0.00007 fl=0.928
t= 3068.00 -9.36e-16 | 1.6645 16.34  22103   12 394363 394620 | 1.4280 14.77 | 1.29e-02 3.01e-02 |   1.9989 0.2862  1.2088  1.2298 1.000 16.00 | edge_dev mean=0.1793 max=0.3336 gg=0.2206 shape_dev=0.3135 xbar=0.1329 | T0 psi=(+0.092,+2.549,+2.197) ggm=0.000 circ=+0.0816 xUDD=(0.037,0.044,0.569) | T1 psi=(+2.739,+1.510,-2.646) ggm=0.000 circ=+10.5675 xUDD=(0.005,0.000,0.142) | sep=2.6685
# CONVTAG t=3068.00 rough=0.302694 cond=35.872176 evap=41.086548 backs=5.398597
# CANT t=3068.00 a_tag=1.0000 a_max=1.0000 xl_tag=0.4656 nlock=6 tune=181.236132
# REG t=3068.00 tp n=7 rho=[0.030 0.210 0.283 0.880] gr=0.00000 fl=1.000 | ba n=25701 rho=[0.094 0.482 0.843 0.962] gr=0.00007 fl=0.929
t= 3072.00 -9.36e-16 | 1.6651 16.34  22112   10 394890 395135 | 1.4281 14.77 | 4.27e-03 1.59e-02 |   2.0465 0.2931  1.2860  1.2892 1.000 16.17 | edge_dev mean=0.1720 max=0.3301 gg=0.2126 shape_dev=0.3407 xbar=0.1360 | T0 psi=(+0.049,-1.688,+0.055) ggm=0.000 circ=+0.0705 xUDD=(0.039,0.035,0.569) | T1 psi=(+2.707,-2.686,+1.896) ggm=0.000 circ=+10.5675 xUDD=(0.007,0.000,0.167) | sep=2.6859
# CONVTAG t=3072.00 rough=0.302694 cond=35.872176 evap=41.086548 backs=5.398597
# CANT t=3072.00 a_tag=1.0000 a_max=1.0000 xl_tag=0.4656 nlock=6 tune=181.341515
# REG t=3072.00 tp n=7 rho=[0.044 0.202 0.211 0.862] gr=0.00000 fl=1.000 | ba n=25713 rho=[0.091 0.483 0.842 0.962] gr=0.00007 fl=0.929
t= 3076.00 -9.36e-16 | 1.6652 16.36  22141   12 395434 395636 | 1.4285 14.77 | 6.28e-03 1.55e-02 |   2.2382 0.3205  1.2489  1.2789 1.000 16.33 | edge_dev mean=0.1699 max=0.3240 gg=0.1690 shape_dev=0.3356 xbar=0.1489 | T0 psi=(+0.086,+1.620,-2.876) ggm=0.000 circ=+0.0790 xUDD=(0.046,0.046,0.621) | T1 psi=(+2.533,+0.504,-0.794) ggm=0.000 circ=+10.5675 xUDD=(0.001,0.000,0.178) | sep=2.6867
# CONVTAG t=3076.00 rough=0.302694 cond=36.051710 evap=41.086548 backs=5.398597
# CANT t=3076.00 a_tag=1.0000 a_max=1.0000 xl_tag=0.4656 nlock=6 tune=181.519711
# REG t=3076.00 tp n=7 rho=[0.044 0.171 0.209 0.856] gr=0.00000 fl=1.000 | ba n=25756 rho=[0.091 0.483 0.844 0.962] gr=0.00007 fl=0.928
t= 3080.00 -9.36e-16 | 1.6649 16.37  22143   14 395959 396184 | 1.4284 14.77 | 8.63e-03 2.39e-02 |   2.2986 0.3291  1.3561  1.4057 1.000 16.33 | edge_dev mean=0.1630 max=0.3021 gg=0.1732 shape_dev=0.3579 xbar=0.1528 | T0 psi=(+0.018,-1.843,+0.458) ggm=0.000 circ=+0.0510 xUDD=(0.056,0.048,0.576) | T1 psi=(+2.974,+2.927,+2.957) ggm=0.000 circ=+10.5675 xUDD=(0.001,0.000,0.235) | sep=2.7034
# CONVTAG t=3080.00 rough=0.302694 cond=36.051710 evap=41.086548 backs=5.398597
# CANT t=3080.00 a_tag=1.0000 a_max=1.0000 xl_tag=0.4656 nlock=6 tune=181.738684
# REG t=3080.00 tp n=7 rho=[0.139 0.200 0.506 0.859] gr=0.00000 fl=1.000 | ba n=25730 rho=[0.091 0.483 0.840 0.962] gr=0.00007 fl=0.928
t= 3084.00 -9.36e-16 | 1.6648 16.37  22150   23 396433 396679 | 1.4286 14.77 | 5.12e-03 1.60e-02 |   2.3424 0.3354  1.5247  1.4667 1.000 16.17 | edge_dev mean=0.1627 max=0.3075 gg=0.1919 shape_dev=0.3585 xbar=0.1562 | T0 psi=(-0.032,+0.151,-1.726) ggm=0.006 circ=+0.0479 xUDD=(0.034,0.041,0.565) | T1 psi=(-3.083,-1.266,+1.134) ggm=0.000 circ=+10.5675 xUDD=(0.001,0.000,0.295) | sep=2.6999
# CONVTAG t=3084.00 rough=0.302694 cond=36.051710 evap=41.086548 backs=5.398597
# CANT t=3084.00 a_tag=1.0000 a_max=1.0000 xl_tag=0.4656 nlock=6 tune=181.839251
# REG t=3084.00 tp n=7 rho=[0.111 0.194 0.745 0.859] gr=0.00000 fl=1.000 | ba n=25700 rho=[0.092 0.481 0.842 0.962] gr=0.00008 fl=0.929
t= 3088.00 -9.36e-16 | 1.6647 16.39  22172    9 396987 397240 | 1.4288 14.77 | 4.34e-03 1.63e-02 |   1.9569 0.2802  1.2597  1.2531 1.000 16.17 | edge_dev mean=0.1583 max=0.3134 gg=0.2177 shape_dev=0.3419 xbar=0.1301 | T0 psi=(-0.026,+2.362,+2.131) ggm=0.000 circ=+0.0450 xUDD=(0.034,0.029,0.565) | T1 psi=(+3.025,-0.593,-0.124) ggm=0.000 circ=+10.5675 xUDD=(0.000,0.000,0.153) | sep=2.6841
# CONVTAG t=3088.00 rough=0.302694 cond=36.051710 evap=41.476426 backs=5.449450
# CANT t=3088.00 a_tag=1.0000 a_max=1.0000 xl_tag=0.4656 nlock=6 tune=181.911972
# REG t=3088.00 tp n=7 rho=[0.081 0.192 0.859 0.878] gr=0.00000 fl=1.000 | ba n=25707 rho=[0.090 0.480 0.838 0.962] gr=0.00008 fl=0.929
t= 3092.00 -9.36e-16 | 1.6649 16.36  22132   14 397477 397729 | 1.4283 14.76 | 6.00e-03 2.10e-02 |   2.4408 0.3495  1.3698  1.2993 1.000 16.17 | edge_dev mean=0.1493 max=0.3026 gg=0.2111 shape_dev=0.3284 xbar=0.1625 | T0 psi=(+0.012,-1.522,-0.273) ggm=0.000 circ=+0.0426 xUDD=(0.059,0.038,0.574) | T1 psi=(+2.972,+1.667,-0.888) ggm=0.000 circ=+10.5691 xUDD=(0.009,0.099,0.196) | sep=2.6738
# CONVTAG t=3092.00 rough=0.302694 cond=36.353629 evap=41.476426 backs=5.449450
# CANT t=3092.00 a_tag=1.0000 a_max=1.0000 xl_tag=0.4656 nlock=6 tune=182.124704
# REG t=3092.00 tp n=7 rho=[0.072 0.193 0.751 0.934] gr=0.00000 fl=1.000 | ba n=25704 rho=[0.093 0.484 0.844 0.961] gr=0.00007 fl=0.929
t= 3096.00 -8.03e-16 | 1.6645 16.40  22184   18 397988 398248 | 1.4289 14.77 | 1.15e-02 3.02e-02 |   2.4392 0.3493  1.4698  1.4542 1.000 16.00 | edge_dev mean=0.1483 max=0.2947 gg=0.2038 shape_dev=0.3292 xbar=0.1622 | T0 psi=(+0.013,+0.730,-2.428) ggm=0.000 circ=+0.0482 xUDD=(0.057,0.050,0.575) | T1 psi=(+2.895,-1.613,+2.179) ggm=0.000 circ=+10.5696 xUDD=(0.001,0.000,0.290) | sep=2.6768
# CONVTAG t=3096.00 rough=0.302694 cond=36.353629 evap=41.476426 backs=5.449450
# CANT t=3096.00 a_tag=1.0000 a_max=1.0000 xl_tag=0.4656 nlock=6 tune=182.534420
# REG t=3096.00 tp n=7 rho=[0.093 0.190 0.412 0.510] gr=0.00001 fl=1.000 | ba n=25691 rho=[0.093 0.483 0.841 0.961] gr=0.00007 fl=0.929
t= 3100.00 -8.03e-16 | 1.6645 16.36  22139    9 398519 398792 | 1.4284 14.77 | 5.21e-03 1.89e-02 |   2.3759 0.3402  1.4645  1.4266 1.000 15.67 | edge_dev mean=0.1476 max=0.2986 gg=0.2149 shape_dev=0.3129 xbar=0.1582 | T0 psi=(+0.012,+3.018,+1.506) ggm=0.000 circ=+0.0510 xUDD=(0.053,0.049,0.571) | T1 psi=(+2.729,+0.925,+0.224) ggm=0.000 circ=+10.5696 xUDD=(0.001,0.000,0.276) | sep=2.6736
# CONVTAG t=3100.00 rough=0.302694 cond=36.353629 evap=41.476426 backs=5.449450
# CANT t=3100.00 a_tag=1.0000 a_max=1.0000 xl_tag=0.4656 nlock=6 tune=182.653472
# REG t=3100.00 tp n=7 rho=[0.098 0.199 0.353 0.477] gr=0.00001 fl=1.000 | ba n=25688 rho=[0.096 0.486 0.840 0.962] gr=0.00007 fl=0.929
t= 3104.00 -8.03e-16 | 1.6644 16.36  22130   17 399046 399288 | 1.4283 14.76 | 6.39e-03 1.66e-02 |   2.3362 0.3345  1.4978  1.3977 1.000 15.50 | edge_dev mean=0.1483 max=0.3060 gg=0.2047 shape_dev=0.2837 xbar=0.1553 | T0 psi=(+0.005,-0.651,-1.078) ggm=0.009 circ=+0.0513 xUDD=(0.044,0.043,0.569) | T1 psi=(+2.683,-2.895,-1.904) ggm=0.000 circ=+10.5697 xUDD=(0.003,0.000,0.272) | sep=2.6618
# CONVTAG t=3104.00 rough=0.302694 cond=36.353629 evap=41.476426 backs=5.449450
# CANT t=3104.00 a_tag=1.0000 a_max=1.0000 xl_tag=0.4656 nlock=6 tune=182.758131
# REG t=3104.00 tp n=7 rho=[0.139 0.200 0.263 0.291] gr=0.00001 fl=1.000 | ba n=25709 rho=[0.097 0.485 0.837 0.961] gr=0.00007 fl=0.929
t= 3108.00 -8.03e-16 | 1.6646 16.38  22159   15 399558 399822 | 1.4286 14.76 | 6.26e-03 1.52e-02 |   1.8966 0.2716  1.1812  1.1085 1.000 15.83 | edge_dev mean=0.1519 max=0.3028 gg=0.2164 shape_dev=0.2835 xbar=0.1262 | T0 psi=(+0.000,+1.826,+2.615) ggm=0.000 circ=+0.0436 xUDD=(0.039,0.038,0.569) | T1 psi=(+2.785,-2.454,+2.446) ggm=0.000 circ=+10.5697 xUDD=(0.004,0.001,0.106) | sep=2.6543
# CONVTAG t=3108.00 rough=0.302694 cond=36.353629 evap=41.875930 backs=5.501560
# CANT t=3108.00 a_tag=1.0000 a_max=1.0000 xl_tag=0.4656 nlock=6 tune=182.846328
# REG t=3108.00 tp n=7 rho=[0.146 0.179 0.188 0.576] gr=0.00003 fl=1.000 | ba n=25690 rho=[0.101 0.484 0.839 0.961] gr=0.00007 fl=0.929
t= 3112.00 -8.03e-16 | 1.6648 16.37  22144    6 400085 400312 | 1.4286 14.78 | 5.83e-03 1.50e-02 |   1.6361 0.2343  1.4398  1.1842 1.000 16.33 | edge_dev mean=0.1495 max=0.2934 gg=0.2662 shape_dev=0.2893 xbar=0.1088 | T0 psi=(-0.183,-2.576,+0.035) ggm=0.000 circ=+0.0385 xUDD=(0.004,0.005,0.496) | T1 psi=(+2.566,-0.061,+0.882) ggm=0.000 circ=+10.5698 xUDD=(0.019,0.002,0.126) | sep=2.6572
# CONVTAG t=3112.00 rough=0.302694 cond=36.353629 evap=42.192009 backs=5.542787
# CANT t=3112.00 a_tag=1.0000 a_max=1.0000 xl_tag=0.4656 nlock=6 tune=183.080116
# REG t=3112.00 tp n=7 rho=[0.010 0.162 0.463 0.888] gr=0.00004 fl=1.000 | ba n=25736 rho=[0.097 0.480 0.838 0.961] gr=0.00007 fl=0.928
t= 3116.00 -8.03e-16 | 1.6648 16.35  22123   15 400610 400851 | 1.4283 14.77 | 6.71e-03 2.18e-02 |   1.7921 0.2566  1.5715  1.2505 1.000 16.17 | edge_dev mean=0.1513 max=0.2799 gg=0.1607 shape_dev=0.2404 xbar=0.1192 | T0 psi=(-0.269,+0.219,-2.557) ggm=0.000 circ=+0.0369 xUDD=(0.001,0.001,0.508) | T1 psi=(+2.772,+2.309,-1.393) ggm=0.000 circ=+10.5709 xUDD=(0.045,0.000,0.160) | sep=2.6300
# CONVTAG t=3116.00 rough=0.302694 cond=36.353629 evap=42.192009 backs=5.542787
# CANT t=3116.00 a_tag=1.0000 a_max=1.0000 xl_tag=0.4656 nlock=6 tune=183.274571
# REG t=3116.00 tp n=7 rho=[0.010 0.148 0.687 0.831] gr=0.00004 fl=1.000 | ba n=25712 rho=[0.095 0.476 0.838 0.961] gr=0.00007 fl=0.928
t= 3120.00 -8.03e-16 | 1.6647 16.34  22111   12 401139 401347 | 1.4281 14.77 | 5.79e-03 1.79e-02 |   1.8843 0.2698  1.6260  1.2919 1.000 15.83 | edge_dev mean=0.1547 max=0.2952 gg=0.1374 shape_dev=0.2265 xbar=0.1253 | T0 psi=(-0.304,+2.572,+1.667) ggm=0.000 circ=+0.0374 xUDD=(0.001,0.000,0.519) | T1 psi=(+2.940,-0.945,+1.775) ggm=0.000 circ=+10.5714 xUDD=(0.025,0.000,0.208) | sep=2.6248
# CONVTAG t=3120.00 rough=0.302694 cond=36.353629 evap=42.192009 backs=5.542787
# CANT t=3120.00 a_tag=1.0000 a_max=1.0000 xl_tag=0.4656 nlock=6 tune=183.401044
# REG t=3120.00 tp n=7 rho=[0.009 0.098 0.772 0.777] gr=0.00003 fl=1.000 | ba n=25747 rho=[0.091 0.477 0.837 0.960] gr=0.00007 fl=0.926
t= 3124.00 -8.03e-16 | 1.6641 16.33  22089    9 401679 401915 | 1.4278 14.76 | 6.71e-03 2.04e-02 |   1.8353 0.2628  1.5629  1.2798 1.000 15.50 | edge_dev mean=0.1503 max=0.2893 gg=0.1521 shape_dev=0.2647 xbar=0.1221 | T0 psi=(-0.135,-2.360,+0.024) ggm=0.000 circ=+0.0388 xUDD=(0.000,0.000,0.523) | T1 psi=(-3.081,+1.611,-1.552) ggm=0.000 circ=+10.5714 xUDD=(0.007,0.000,0.201) | sep=2.6496
# CONVTAG t=3124.00 rough=0.302694 cond=36.353629 evap=42.192009 backs=5.542787
# CANT t=3124.00 a_tag=1.0000 a_max=1.0000 xl_tag=0.4656 nlock=6 tune=183.457019
# REG t=3124.00 tp n=7 rho=[0.006 0.081 0.764 0.818] gr=0.00002 fl=1.000 | ba n=25723 rho=[0.090 0.471 0.839 0.961] gr=0.00007 fl=0.927
t= 3128.00 -8.03e-16 | 1.6641 16.34  22103   13 402162 402389 | 1.4280 14.76 | 1.53e-02 3.56e-02 |   1.8780 0.2689  1.5696  1.2805 1.000 16.17 | edge_dev mean=0.1441 max=0.2862 gg=0.1518 shape_dev=0.2698 xbar=0.1249 | T0 psi=(-0.088,-0.491,-1.875) ggm=0.002 circ=+0.0407 xUDD=(0.000,0.000,0.534) | T1 psi=(+3.035,-2.356,+2.711) ggm=0.000 circ=+10.5714 xUDD=(0.001,0.000,0.213) | sep=2.6528
# CONVTAG t=3128.00 rough=0.302694 cond=36.353629 evap=42.192009 backs=5.542787
# CANT t=3128.00 a_tag=1.0000 a_max=1.0000 xl_tag=0.4656 nlock=6 tune=183.491665
# REG t=3128.00 tp n=7 rho=[0.004 0.064 0.764 0.812] gr=0.00002 fl=1.000 | ba n=25726 rho=[0.090 0.473 0.842 0.961] gr=0.00007 fl=0.927
t= 3132.00 -8.03e-16 | 1.6643 16.35  22127   11 402640 402846 | 1.4282 14.77 | 1.20e-02 2.44e-02 |   1.9401 0.2778  1.5685  1.2873 1.000 16.33 | edge_dev mean=0.1416 max=0.2856 gg=0.1803 shape_dev=0.2751 xbar=0.1291 | T0 psi=(-0.231,+1.343,+2.844) ggm=0.000 circ=+0.0395 xUDD=(0.002,0.002,0.550) | T1 psi=(+2.819,-0.462,+1.219) ggm=0.000 circ=+10.5714 xUDD=(0.000,0.000,0.221) | sep=2.6542
# CONVTAG t=3132.00 rough=0.302694 cond=36.353629 evap=42.192009 backs=5.542787
# CANT t=3132.00 a_tag=1.0000 a_max=1.0000 xl_tag=0.4656 nlock=6 tune=183.527586
# REG t=3132.00 tp n=7 rho=[0.004 0.050 0.763 0.823] gr=0.00001 fl=1.000 | ba n=25749 rho=[0.089 0.477 0.840 0.960] gr=0.00007 fl=0.926
t= 3136.00 -8.03e-16 | 1.6647 16.32  22086    9 403173 403353 | 1.4278 14.77 | 7.61e-03 1.97e-02 |   1.9442 0.2784  1.5141  1.2701 1.000 16.17 | edge_dev mean=0.1524 max=0.3090 gg=0.1807 shape_dev=0.3142 xbar=0.1294 | T0 psi=(-0.238,-2.322,+0.487) ggm=0.000 circ=+0.0372 xUDD=(0.006,0.006,0.560) | T1 psi=(+2.847,+1.485,-0.606) ggm=0.000 circ=+10.5714 xUDD=(0.001,0.000,0.203) | sep=2.6745
# CONVTAG t=3136.00 rough=0.302694 cond=36.353629 evap=42.192009 backs=5.542787
# CANT t=3136.00 a_tag=1.0000 a_max=1.0000 xl_tag=0.4656 nlock=6 tune=183.556482
# REG t=3136.00 tp n=7 rho=[0.004 0.053 0.757 0.869] gr=0.00001 fl=1.000 | ba n=25778 rho=[0.088 0.477 0.837 0.961] gr=0.00007 fl=0.925
t= 3140.00 -8.03e-16 | 1.6649 16.34  22102    7 403699 403886 | 1.4280 14.77 | 1.17e-02 2.44e-02 |   2.2310 0.3195  1.2774  1.3155 1.000 16.17 | edge_dev mean=0.1570 max=0.3265 gg=0.2237 shape_dev=0.3485 xbar=0.1485 | T0 psi=(+0.016,-0.041,-1.423) ggm=0.038 circ=+0.0305 xUDD=(0.050,0.064,0.580) | T1 psi=(+2.813,-2.911,-2.471) ggm=0.000 circ=+10.5714 xUDD=(0.001,0.001,0.195) | sep=2.6922
# CONVTAG t=3140.00 rough=0.302694 cond=36.653481 evap=42.192009 backs=5.542787
# CANT t=3140.00 a_tag=1.0000 a_max=1.0000 xl_tag=0.4656 nlock=6 tune=183.863826
# REG t=3140.00 tp n=7 rho=[0.004 0.088 0.739 0.976] gr=0.00001 fl=1.000 | ba n=25774 rho=[0.090 0.474 0.835 0.960] gr=0.00007 fl=0.926
t= 3144.00 -8.03e-16 | 1.6647 16.34  22102   14 404191 404362 | 1.4280 14.77 | 1.04e-02 2.77e-02 |   2.1210 0.3037  1.2749  1.2809 1.000 16.50 | edge_dev mean=0.1579 max=0.3238 gg=0.2611 shape_dev=0.3514 xbar=0.1408 | T0 psi=(-0.019,+1.863,+2.881) ggm=0.000 circ=+0.0212 xUDD=(0.049,0.045,0.572) | T1 psi=(+2.971,-1.219,+1.610) ggm=0.000 circ=+10.5714 xUDD=(0.003,0.000,0.176) | sep=2.6975
# CONVTAG t=3144.00 rough=0.302694 cond=36.653481 evap=42.192009 backs=5.542787
# CANT t=3144.00 a_tag=1.0000 a_max=1.0000 xl_tag=0.4656 nlock=6 tune=184.009491
# REG t=3144.00 tp n=7 rho=[0.003 0.281 0.714 0.970] gr=0.00001 fl=1.000 | ba n=25783 rho=[0.088 0.474 0.836 0.961] gr=0.00007 fl=0.926
t= 3148.00 -8.03e-16 | 1.6645 16.33  22098   15 404710 404895 | 1.4280 14.76 | 9.38e-03 2.66e-02 |   1.9953 0.2857  1.2370  1.2227 1.000 16.33 | edge_dev mean=0.1566 max=0.3363 gg=0.2680 shape_dev=0.3774 xbar=0.1328 | T0 psi=(-0.027,-2.185,+0.400) ggm=0.000 circ=+0.0158 xUDD=(0.041,0.037,0.568) | T1 psi=(+2.918,+0.414,-0.080) ggm=0.000 circ=+10.5714 xUDD=(0.000,0.001,0.150) | sep=2.7099
# CONVTAG t=3148.00 rough=0.302694 cond=36.653481 evap=42.192009 backs=5.542787
# CANT t=3148.00 a_tag=1.0000 a_max=1.0000 xl_tag=0.4656 nlock=6 tune=184.118497
# REG t=3148.00 tp n=7 rho=[0.002 0.319 0.689 0.788] gr=0.00001 fl=1.000 | ba n=25768 rho=[0.087 0.474 0.839 0.960] gr=0.00007 fl=0.926
t= 3152.00 -8.03e-16 | 1.6645 16.36  22140   11 405249 405451 | 1.4284 14.76 | 8.30e-03 2.52e-02 |   1.9378 0.2775  1.2367  1.1776 1.000 16.33 | edge_dev mean=0.1636 max=0.3407 gg=0.3417 shape_dev=0.3778 xbar=0.1287 | T0 psi=(+0.008,+0.314,-2.075) ggm=0.000 circ=+0.0344 xUDD=(0.028,0.036,0.569) | T1 psi=(+2.385,+1.960,-0.757) ggm=0.000 circ=+10.5715 xUDD=(0.009,0.001,0.130) | sep=2.7004
# CONVTAG t=3152.00 rough=0.302694 cond=36.653481 evap=42.192009 backs=5.542787
# CANT t=3152.00 a_tag=1.0000 a_max=1.0000 xl_tag=0.4656 nlock=6 tune=184.223308
# REG t=3152.00 tp n=7 rho=[0.002 0.330 0.567 0.626] gr=0.00001 fl=1.000 | ba n=25755 rho=[0.085 0.470 0.837 0.960] gr=0.00007 fl=0.927
t= 3156.00 -8.03e-16 | 1.6648 16.39  22179   13 405787 405994 | 1.4289 14.76 | 7.40e-03 1.86e-02 |   1.9909 0.2851  1.3084  1.2273 1.000 15.67 | edge_dev mean=0.1759 max=0.3541 gg=0.2415 shape_dev=0.3767 xbar=0.1323 | T0 psi=(+0.010,+2.759,+1.870) ggm=0.000 circ=+0.0330 xUDD=(0.027,0.030,0.567) | T1 psi=(+2.870,-1.977,+2.571) ggm=0.000 circ=+10.5718 xUDD=(0.032,0.000,0.138) | sep=2.6882
# CONVTAG t=3156.00 rough=0.302694 cond=36.653481 evap=42.192009 backs=5.542787
# CANT t=3156.00 a_tag=1.0000 a_max=1.0000 xl_tag=0.4656 nlock=6 tune=184.379330
# REG t=3156.00 tp n=7 rho=[0.002 0.329 0.332 0.530] gr=0.00001 fl=1.000 | ba n=25748 rho=[0.083 0.465 0.833 0.959] gr=0.00007 fl=0.928
t= 3160.00 -8.03e-16 | 1.6645 16.40  22189    7 406282 406501 | 1.4290 14.77 | 7.08e-03 1.90e-02 |   2.2973 0.3290  1.3457  1.2991 1.000 16.00 | edge_dev mean=0.1722 max=0.3403 gg=0.1708 shape_dev=0.3760 xbar=0.1525 | T0 psi=(-0.009,+0.594,-1.879) ggm=0.003 circ=+0.0268 xUDD=(0.041,0.042,0.615) | T1 psi=(+2.459,+1.530,-0.130) ggm=0.000 circ=+10.5721 xUDD=(0.028,0.000,0.189) | sep=2.6888
# CONVTAG t=3160.00 rough=0.302694 cond=36.833421 evap=42.192009 backs=5.542787
# CANT t=3160.00 a_tag=1.0000 a_max=1.0000 xl_tag=0.4656 nlock=6 tune=184.644960
# REG t=3160.00 tp n=7 rho=[0.001 0.297 0.325 0.413] gr=0.00001 fl=1.000 | ba n=25742 rho=[0.084 0.462 0.833 0.959] gr=0.00007 fl=0.928
t= 3164.00 -8.03e-16 | 1.6644 16.38  22165   12 406748 406993 | 1.4287 14.77 | 8.62e-03 1.94e-02 |   2.3293 0.3336  1.3925  1.3769 1.000 15.83 | edge_dev mean=0.1673 max=0.3084 gg=0.1802 shape_dev=0.3712 xbar=0.1549 | T0 psi=(-0.003,+3.039,+1.845) ggm=0.000 circ=+0.0336 xUDD=(0.053,0.051,0.575) | T1 psi=(+2.588,-2.496,-2.730) ggm=0.000 circ=+10.5724 xUDD=(0.016,0.001,0.233) | sep=2.6912
# CONVTAG t=3164.00 rough=0.302694 cond=36.833421 evap=42.192009 backs=5.542787
# CANT t=3164.00 a_tag=1.0000 a_max=1.0000 xl_tag=0.4656 nlock=6 tune=184.948074
# REG t=3164.00 tp n=7 rho=[0.002 0.124 0.303 0.570] gr=0.00001 fl=1.000 | ba n=25711 rho=[0.085 0.463 0.832 0.960] gr=0.00007 fl=0.929
t= 3168.00 -8.03e-16 | 1.6639 16.36  22138   10 407262 407523 | 1.4283 14.76 | 7.21e-03 1.80e-02 |   2.0570 0.2946  1.2154  1.2231 1.000 16.17 | edge_dev mean=0.1711 max=0.3080 gg=0.2134 shape_dev=0.3805 xbar=0.1367 | T0 psi=(-0.010,-1.297,-0.221) ggm=0.001 circ=+0.0327 xUDD=(0.049,0.043,0.571) | T1 psi=(+2.624,-0.950,+1.029) ggm=0.000 circ=+10.5725 xUDD=(0.023,0.000,0.134) | sep=2.6886
# CONVTAG t=3168.00 rough=0.302694 cond=36.833421 evap=42.600455 backs=5.596063
# CANT t=3168.00 a_tag=1.0000 a_max=1.0000 xl_tag=0.4656 nlock=6 tune=185.142168
# REG t=3168.00 tp n=7 rho=[0.001 0.127 0.301 0.937] gr=0.00001 fl=1.000 | ba n=25695 rho=[0.086 0.466 0.832 0.959] gr=0.00007 fl=0.930
t= 3172.00 -8.03e-16 | 1.6638 16.37  22149   11 407748 408010 | 1.4284 14.76 | 7.54e-03 1.96e-02 |   2.1378 0.3061  1.3587  1.3070 1.000 16.00 | edge_dev mean=0.1723 max=0.3024 gg=0.2242 shape_dev=0.3608 xbar=0.1421 | T0 psi=(-0.023,+0.998,-2.644) ggm=0.000 circ=+0.0309 xUDD=(0.042,0.038,0.566) | T1 psi=(+2.602,+1.365,-1.076) ggm=0.000 circ=+10.5725 xUDD=(0.017,0.000,0.188) | sep=2.6696
# CONVTAG t=3172.00 rough=0.302694 cond=36.833421 evap=42.600455 backs=5.596063
# CANT t=3172.00 a_tag=1.0000 a_max=1.0000 xl_tag=0.4656 nlock=6 tune=185.320336
# REG t=3172.00 tp n=7 rho=[0.000 0.137 0.306 0.805] gr=0.00001 fl=1.000 | ba n=25693 rho=[0.088 0.474 0.832 0.959] gr=0.00007 fl=0.930
t= 3176.00 -8.03e-16 | 1.6640 16.37  22144   11 408221 408505 | 1.4283 14.76 | 8.52e-03 2.08e-02 |   2.1130 0.3026  1.4402  1.3230 1.000 15.83 | edge_dev mean=0.1815 max=0.3158 gg=0.2280 shape_dev=0.3545 xbar=0.1402 | T0 psi=(-0.018,-2.761,+1.070) ggm=0.000 circ=+0.0290 xUDD=(0.030,0.029,0.563) | T1 psi=(+2.467,-2.822,-2.912) ggm=0.000 circ=+10.5725 xUDD=(0.005,0.000,0.214) | sep=2.6602
# CONVTAG t=3176.00 rough=0.302694 cond=36.833421 evap=42.600455 backs=5.596063
# CANT t=3176.00 a_tag=1.0000 a_max=1.0000 xl_tag=0.4656 nlock=6 tune=185.432029
# REG t=3176.00 tp n=7 rho=[0.000 0.142 0.298 0.863] gr=0.00000 fl=1.000 | ba n=25671 rho=[0.089 0.473 0.835 0.959] gr=0.00007 fl=0.930
t= 3180.00 -8.03e-16 | 1.6640 16.36  22140    6 408717 408987 | 1.4283 14.76 | 9.01e-03 2.54e-02 |   1.9268 0.2759  1.1349  1.1332 1.000 15.83 | edge_dev mean=0.1904 max=0.3176 gg=0.2135 shape_dev=0.3748 xbar=0.1283 | T0 psi=(-0.017,+0.014,-1.423) ggm=0.035 circ=+0.0356 xUDD=(0.042,0.042,0.573) | T1 psi=(+2.844,-2.053,+0.879) ggm=0.000 circ=+10.5726 xUDD=(0.007,0.000,0.105) | sep=2.6651
# CONVTAG t=3180.00 rough=0.302694 cond=37.013562 evap=43.013227 backs=5.649903
# CANT t=3180.00 a_tag=1.0000 a_max=1.0000 xl_tag=0.4656 nlock=6 tune=185.715696
# REG t=3180.00 tp n=7 rho=[0.000 0.143 0.325 0.862] gr=0.00000 fl=1.000 | ba n=25691 rho=[0.090 0.477 0.832 0.959] gr=0.00007 fl=0.930
t= 3184.00 -8.03e-16 | 1.6640 16.36  22130   10 409165 409478 | 1.4282 14.76 | 5.27e-03 1.49e-02 |   1.8416 0.2637  1.1361  1.1214 1.000 16.17 | edge_dev mean=0.1949 max=0.3104 gg=0.2518 shape_dev=0.4089 xbar=0.1223 | T0 psi=(-0.017,+1.922,+2.776) ggm=0.000 circ=+0.0322 xUDD=(0.033,0.036,0.562) | T1 psi=(+2.710,-0.354,-0.991) ggm=0.000 circ=+10.5726 xUDD=(0.002,0.000,0.101) | sep=2.6797
# CONVTAG t=3184.00 rough=0.302694 cond=37.013562 evap=43.013227 backs=5.649903
# CANT t=3184.00 a_tag=1.0000 a_max=1.0000 xl_tag=0.4656 nlock=6 tune=185.806778
# REG t=3184.00 tp n=7 rho=[0.000 0.145 0.394 0.954] gr=0.00000 fl=1.000 | ba n=25642 rho=[0.093 0.478 0.833 0.959] gr=0.00007 fl=0.932
t= 3188.00 -9.36e-16 | 1.6644 16.36  22133   16 409627 409919 | 1.4282 14.75 | 6.42e-03 2.16e-02 |   1.7496 0.2505  1.1516  1.0791 1.000 15.83 | edge_dev mean=0.1994 max=0.3178 gg=0.2460 shape_dev=0.4407 xbar=0.1164 | T0 psi=(-0.047,-2.103,+0.470) ggm=0.000 circ=+0.0319 xUDD=(0.023,0.025,0.558) | T1 psi=(+2.748,+1.548,-3.051) ggm=0.000 circ=+10.5726 xUDD=(0.001,0.001,0.090) | sep=2.6942
# CONVTAG t=3188.00 rough=0.302694 cond=37.013562 evap=43.013227 backs=5.649903
# CANT t=3188.00 a_tag=1.0000 a_max=1.0000 xl_tag=0.4656 nlock=6 tune=185.878956
# REG t=3188.00 tp n=7 rho=[0.000 0.151 0.404 0.976] gr=0.00000 fl=1.000 | ba n=25657 rho=[0.095 0.476 0.837 0.960] gr=0.00007 fl=0.931
t= 3192.00 -9.36e-16 | 1.6638 16.36  22130   10 410084 410372 | 1.4282 14.76 | 6.64e-03 1.66e-02 |   1.6598 0.2377  1.2056  1.0473 1.000 16.00 | edge_dev mean=0.2043 max=0.3406 gg=0.2658 shape_dev=0.4562 xbar=0.1106 | T0 psi=(-0.088,-0.155,-1.684) ggm=0.006 circ=+0.0243 xUDD=(0.012,0.011,0.552) | T1 psi=(+2.487,-2.425,+1.580) ggm=0.000 circ=+10.5728 xUDD=(0.003,0.000,0.085) | sep=2.7039
# CONVTAG t=3192.00 rough=0.302694 cond=37.013562 evap=43.013227 backs=5.649903
# CANT t=3192.00 a_tag=1.0000 a_max=1.0000 xl_tag=0.4656 nlock=6 tune=185.942296
# REG t=3192.00 tp n=7 rho=[0.000 0.163 0.448 0.984] gr=0.00000 fl=1.000 | ba n=25668 rho=[0.094 0.486 0.841 0.961] gr=0.00007 fl=0.931
t= 3196.00 -9.36e-16 | 1.6643 16.38  22160    6 410576 410847 | 1.4286 14.76 | 7.43e-03 2.34e-02 |   1.6064 0.2300  1.2511  1.0232 1.000 15.67 | edge_dev mean=0.1962 max=0.3260 gg=0.2333 shape_dev=0.4561 xbar=0.1070 | T0 psi=(-0.155,+2.086,+2.162) ggm=0.000 circ=+0.0240 xUDD=(0.003,0.003,0.549) | T1 psi=(+2.629,+0.096,-1.323) ggm=0.000 circ=+10.5728 xUDD=(0.004,0.000,0.084) | sep=2.7107
# CONVTAG t=3196.00 rough=0.302694 cond=37.013562 evap=43.013227 backs=5.649903
# CANT t=3196.00 a_tag=1.0000 a_max=1.0000 xl_tag=0.4656 nlock=6 tune=185.984718
# REG t=3196.00 tp n=7 rho=[0.000 0.171 0.480 0.995] gr=0.00000 fl=1.000 | ba n=25689 rho=[0.097 0.489 0.839 0.962] gr=0.00007 fl=0.931
t= 3200.00 -9.36e-16 | 1.6645 16.37  22153   16 411035 411289 | 1.4285 14.76 | 2.56e-03 1.49e-02 |   1.6060 0.2300  1.2750  1.0234 1.000 15.83 | edge_dev mean=0.1935 max=0.3402 gg=0.2033 shape_dev=0.4547 xbar=0.1069 | T0 psi=(-0.106,-2.012,-0.283) ggm=0.000 circ=+0.0233 xUDD=(0.001,0.001,0.548) | T1 psi=(+2.798,+1.769,-3.114) ggm=0.000 circ=+10.5728 xUDD=(0.012,0.000,0.080) | sep=2.7042
# CONVTAG t=3200.00 rough=0.302694 cond=37.013562 evap=43.013227 backs=5.649903
# CANT t=3200.00 a_tag=1.0000 a_max=1.0000 xl_tag=0.4656 nlock=6 tune=186.026286
# REG t=3200.00 tp n=7 rho=[0.000 0.102 0.514 0.984] gr=0.00000 fl=1.000 | ba n=25697 rho=[0.096 0.494 0.841 0.961] gr=0.00007 fl=0.930
t= 3204.00 -9.36e-16 | 1.6645 16.38  22163    9 411495 411750 | 1.4287 14.76 | 8.07e-03 1.95e-02 |   1.5346 0.2198  1.1931  0.8624 1.000 15.83 | edge_dev mean=0.1852 max=0.3636 gg=0.2096 shape_dev=0.4166 xbar=0.1022 | T0 psi=(-0.291,-0.218,-1.833) ggm=0.001 circ=+0.0215 xUDD=(0.001,0.001,0.549) | T1 psi=(+2.521,-2.921,+2.318) ggm=0.000 circ=+10.5732 xUDD=(0.016,0.000,0.046) | sep=2.6826
# CONVTAG t=3204.00 rough=0.302694 cond=37.013562 evap=43.013227 backs=5.649903
# CANT t=3204.00 a_tag=1.0000 a_max=1.0000 xl_tag=0.4656 nlock=6 tune=186.094180
# REG t=3204.00 tp n=7 rho=[0.000 0.074 0.601 0.885] gr=0.00000 fl=1.000 | ba n=25703 rho=[0.094 0.486 0.841 0.961] gr=0.00007 fl=0.930
t= 3208.00 -9.36e-16 | 1.6642 16.39  22171   13 411990 412285 | 1.4289 14.77 | 1.10e-02 2.84e-02 |   1.5067 0.2158  1.1542  0.7815 1.000 16.00 | edge_dev mean=0.1772 max=0.3638 gg=0.1801 shape_dev=0.4080 xbar=0.1004 | T0 psi=(-0.420,+1.680,+2.652) ggm=0.000 circ=+0.0200 xUDD=(0.001,0.001,0.552) | T1 psi=(+2.441,-0.474,+0.019) ggm=0.000 circ=+10.5743 xUDD=(0.009,0.000,0.039) | sep=2.6922
# CONVTAG t=3208.00 rough=0.302694 cond=37.013562 evap=43.013227 backs=5.649903
# CANT t=3208.00 a_tag=1.0000 a_max=1.0000 xl_tag=0.4656 nlock=6 tune=186.164866
# REG t=3208.00 tp n=7 rho=[0.000 0.079 0.674 0.749] gr=0.00000 fl=1.000 | ba n=25658 rho=[0.098 0.492 0.844 0.961] gr=0.00007 fl=0.932
t= 3212.00 -9.36e-16 | 1.6643 16.38  22168   12 412543 412838 | 1.4288 14.77 | 4.30e-03 1.70e-02 |   1.5777 0.2259  1.0747  0.9096 1.000 16.17 | edge_dev mean=0.1784 max=0.3605 gg=0.2749 shape_dev=0.3974 xbar=0.1073 | T0 psi=(-0.355,-2.676,+1.005) ggm=0.000 circ=+0.0245 xUDD=(0.016,0.046,0.530) | T1 psi=(+2.381,+1.394,-1.627) ggm=0.000 circ=+10.5748 xUDD=(0.002,0.001,0.049) | sep=2.6849
# CONVTAG t=3212.00 rough=0.302694 cond=37.315041 evap=43.330026 backs=5.691224
# CANT t=3212.00 a_tag=1.0000 a_max=1.0000 xl_tag=0.4656 nlock=6 tune=186.507294
# REG t=3212.00 tp n=7 rho=[0.000 0.465 0.540 0.667] gr=0.00001 fl=1.000 | ba n=25659 rho=[0.098 0.490 0.844 0.961] gr=0.00007 fl=0.932
t= 3216.00 -9.36e-16 | 1.6640 16.38  22157   11 413052 413336 | 1.4287 14.77 | 5.13e-03 1.58e-02 |   1.5931 0.2281  1.1425  0.9005 1.000 16.50 | edge_dev mean=0.1798 max=0.3330 gg=0.2921 shape_dev=0.3551 xbar=0.1068 | T0 psi=(-0.221,-0.408,-1.362) ggm=0.019 circ=+0.0132 xUDD=(0.011,0.011,0.555) | T1 psi=(+2.327,-2.098,+1.846) ggm=0.000 circ=+10.5751 xUDD=(0.006,0.000,0.057) | sep=2.6563
# CONVTAG t=3216.00 rough=0.302694 cond=37.315041 evap=43.330026 backs=5.691224
# CANT t=3216.00 a_tag=1.0000 a_max=1.0000 xl_tag=0.4656 nlock=6 tune=186.622313
# REG t=3216.00 tp n=7 rho=[0.001 0.444 0.522 0.687] gr=0.00000 fl=1.000 | ba n=25671 rho=[0.100 0.501 0.847 0.962] gr=0.00007 fl=0.932
t= 3220.00 -9.36e-16 | 1.6640 16.35  22117   17 413505 413787 | 1.4282 14.77 | 7.12e-03 1.54e-02 |   1.5429 0.2209  1.1558  0.8021 1.000 16.17 | edge_dev mean=0.1792 max=0.3502 gg=0.2607 shape_dev=0.3429 xbar=0.1028 | T0 psi=(-0.275,+2.244,+2.131) ggm=0.000 circ=+0.0167 xUDD=(0.006,0.006,0.556) | T1 psi=(+2.449,+0.058,-0.558) ggm=0.000 circ=+10.5753 xUDD=(0.007,0.000,0.043) | sep=2.6434
# CONVTAG t=3220.00 rough=0.302694 cond=37.315041 evap=43.330026 backs=5.691224
# CANT t=3220.00 a_tag=1.0000 a_max=1.0000 xl_tag=0.4656 nlock=6 tune=186.661279
# REG t=3220.00 tp n=7 rho=[0.001 0.258 0.434 0.772] gr=0.00000 fl=1.000 | ba n=25668 rho=[0.100 0.503 0.846 0.963] gr=0.00007 fl=0.932
t= 3224.00 -9.36e-16 | 1.6644 16.34  22114   12 414013 414266 | 1.4282 14.77 | 1.10e-02 2.90e-02 |   1.4854 0.2127  1.1672  0.7199 1.000 16.00 | edge_dev mean=0.1663 max=0.3522 gg=0.1815 shape_dev=0.3381 xbar=0.0989 | T0 psi=(-0.360,-1.441,-0.747) ggm=0.000 circ=+0.0154 xUDD=(0.002,0.002,0.550) | T1 psi=(+2.562,+3.119,+2.465) ggm=0.000 circ=+10.5753 xUDD=(0.002,0.000,0.037) | sep=2.6397
# CONVTAG t=3224.00 rough=0.302694 cond=37.315041 evap=43.330026 backs=5.691224
# CANT t=3224.00 a_tag=1.0000 a_max=1.0000 xl_tag=0.4656 nlock=6 tune=186.696145
# REG t=3224.00 tp n=7 rho=[0.001 0.155 0.405 0.779] gr=0.00000 fl=1.000 | ba n=25703 rho=[0.099 0.499 0.842 0.962] gr=0.00007 fl=0.931
t= 3228.00 -9.36e-16 | 1.6643 16.37  22150    6 414546 414796 | 1.4286 14.78 | 7.71e-03 2.02e-02 |   2.0126 0.2882  0.9689  0.9673 1.000 16.00 | edge_dev mean=0.1683 max=0.3491 gg=0.1684 shape_dev=0.3389 xbar=0.1339 | T0 psi=(+0.015,+1.656,-3.011) ggm=0.000 circ=+0.0163 xUDD=(0.043,0.106,0.588) | T1 psi=(+2.643,-0.736,+0.256) ggm=0.000 circ=+10.5755 xUDD=(0.005,0.000,0.060) | sep=2.6436
# CONVTAG t=3228.00 rough=0.302694 cond=37.616628 evap=43.330026 backs=5.691224
# CANT t=3228.00 a_tag=1.0000 a_max=1.0000 xl_tag=0.4656 nlock=6 tune=187.047713
# REG t=3228.00 tp n=7 rho=[0.001 0.300 0.340 0.761] gr=0.00000 fl=1.000 | ba n=25712 rho=[0.100 0.495 0.845 0.963] gr=0.00007 fl=0.931
t= 3232.00 -1.07e-15 | 1.6642 16.37  22144    8 415130 415372 | 1.4286 14.78 | 6.41e-03 1.52e-02 |   2.3132 0.3312  0.9262  1.0731 1.000 16.17 | edge_dev mean=0.1632 max=0.3542 gg=0.2214 shape_dev=0.3102 xbar=0.1538 | T0 psi=(+0.144,-2.604,+1.508) ggm=0.000 circ=+0.0020 xUDD=(0.082,0.139,0.610) | T1 psi=(+2.604,+1.747,-1.759) ggm=0.000 circ=+10.5758 xUDD=(0.003,0.000,0.088) | sep=2.6368
# CONVTAG t=3232.00 rough=0.302694 cond=37.616628 evap=43.330026 backs=5.691224
# CANT t=3232.00 a_tag=1.0000 a_max=1.0000 xl_tag=0.4656 nlock=6 tune=187.511350
# REG t=3232.00 tp n=7 rho=[0.000 0.355 0.383 0.702] gr=0.00001 fl=1.000 | ba n=25718 rho=[0.100 0.494 0.844 0.962] gr=0.00007 fl=0.931
t= 3236.00 -1.07e-15 | 1.6640 16.36  22138   15 415677 415913 | 1.4284 14.77 | 1.06e-02 2.63e-02 |   2.3839 0.3414  0.9885  1.1873 1.000 16.50 | edge_dev mean=0.1610 max=0.3473 gg=0.0891 shape_dev=0.2874 xbar=0.1586 | T0 psi=(-0.333,-2.200,+2.069) ggm=0.000 circ=-0.0007 xUDD=(0.094,0.126,0.602) | T1 psi=(+2.478,-0.983,+1.596) ggm=0.000 circ=+10.5761 xUDD=(0.002,0.000,0.128) | sep=2.6327
# CONVTAG t=3236.00 rough=0.302694 cond=37.616628 evap=43.330026 backs=5.691224
# CANT t=3236.00 a_tag=1.0000 a_max=1.0000 xl_tag=0.4656 nlock=6 tune=187.889377
# REG t=3236.00 tp n=7 rho=[0.000 0.427 0.451 0.620] gr=0.00001 fl=1.000 | ba n=25719 rho=[0.098 0.494 0.847 0.963] gr=0.00007 fl=0.931
t= 3240.00 -1.07e-15 | 1.6637 16.36  22131   14 416163 416418 | 1.4282 14.76 | 6.08e-03 1.76e-02 |   2.2892 0.3278  1.1024  1.2244 1.000 16.17 | edge_dev mean=0.1685 max=0.3409 gg=0.3142 shape_dev=0.2399 xbar=0.1517 | T0 psi=(+0.005,-1.396,+0.310) ggm=0.000 circ=-0.0193 xUDD=(0.081,0.090,0.589) | T1 psi=(+2.812,+0.892,-0.985) ggm=0.000 circ=+10.5761 xUDD=(0.001,0.000,0.148) | sep=2.6035
# CONVTAG t=3240.00 rough=0.302694 cond=37.616628 evap=43.330026 backs=5.691224
# CANT t=3240.00 a_tag=1.0000 a_max=1.0000 xl_tag=0.4656 nlock=6 tune=188.151075
# REG t=3240.00 tp n=7 rho=[0.038 0.607 0.682 0.763] gr=0.00002 fl=1.000 | ba n=25700 rho=[0.097 0.487 0.847 0.961] gr=0.00007 fl=0.932
t= 3244.00 -1.07e-15 | 1.6635 16.33  22099   11 416723 416970 | 1.4278 14.76 | 4.40e-03 1.73e-02 |   2.4227 0.3469  1.1796  1.2207 1.000 16.33 | edge_dev mean=0.1701 max=0.3241 gg=0.2200 shape_dev=0.2594 xbar=0.1610 | T0 psi=(+0.002,+2.175,-2.925) ggm=0.000 circ=-0.0043 xUDD=(0.068,0.083,0.644) | T1 psi=(+2.695,-2.457,+2.709) ggm=0.000 circ=+10.5761 xUDD=(0.002,0.000,0.168) | sep=2.5762
# CONVTAG t=3244.00 rough=0.302694 cond=37.794457 evap=43.330026 backs=5.691224
# CANT t=3244.00 a_tag=1.0000 a_max=1.0000 xl_tag=0.4656 nlock=6 tune=188.404781
# REG t=3244.00 tp n=7 rho=[0.088 0.571 0.602 0.777] gr=0.00004 fl=1.000 | ba n=25709 rho=[0.098 0.488 0.844 0.961] gr=0.00007 fl=0.931
t= 3248.00 -1.07e-15 | 1.6633 16.34  22108    8 417270 417525 | 1.4280 14.76 | 5.87e-03 1.66e-02 |   2.1500 0.3079  1.1788  1.1985 1.000 16.50 | edge_dev mean=0.1657 max=0.3156 gg=0.1918 shape_dev=0.2408 xbar=0.1429 | T0 psi=(-0.052,-0.943,-0.266) ggm=0.001 circ=-0.0271 xUDD=(0.072,0.061,0.582) | T1 psi=(+2.267,+1.236,-0.442) ggm=0.000 circ=+10.5761 xUDD=(0.004,0.000,0.138) | sep=2.5809
# CONVTAG t=3248.00 rough=0.302694 cond=37.794457 evap=43.330026 backs=5.691224
# CANT t=3248.00 a_tag=1.0000 a_max=1.0000 xl_tag=0.4656 nlock=6 tune=188.709156
# REG t=3248.00 tp n=7 rho=[0.295 0.522 0.600 0.837] gr=0.00003 fl=1.000 | ba n=25702 rho=[0.099 0.492 0.842 0.961] gr=0.00007 fl=0.931
t= 3252.00 -1.07e-15 | 1.6634 16.32  22087    7 417763 418001 | 1.4277 14.76 | 6.61e-03 1.53e-02 |   2.0537 0.2941  1.2475  1.1973 1.000 16.33 | edge_dev mean=0.1597 max=0.2931 gg=0.2320 shape_dev=0.2373 xbar=0.1359 | T0 psi=(-0.018,+1.189,-2.905) ggm=0.000 circ=-0.0268 xUDD=(0.054,0.048,0.570) | T1 psi=(+2.623,-2.472,+2.310) ggm=0.000 circ=+10.5762 xUDD=(0.006,0.000,0.136) | sep=2.5960
# CONVTAG t=3252.00 rough=0.302694 cond=37.794457 evap=43.330026 backs=5.691224
# CANT t=3252.00 a_tag=1.0000 a_max=1.0000 xl_tag=0.4656 nlock=6 tune=188.884681
# REG t=3252.00 tp n=7 rho=[0.295 0.543 0.599 0.626] gr=0.00002 fl=1.000 | ba n=25720 rho=[0.099 0.494 0.849 0.963] gr=0.00007 fl=0.930
t= 3256.00 -1.07e-15 | 1.6636 16.33  22099   11 418284 418506 | 1.4279 14.77 | 8.95e-03 1.50e-02 |   2.2154 0.3172  1.2222  1.2352 1.000 16.17 | edge_dev mean=0.1510 max=0.3211 gg=0.2641 shape_dev=0.2482 xbar=0.1470 | T0 psi=(-0.021,-2.368,+0.772) ggm=0.000 circ=-0.0549 xUDD=(0.071,0.067,0.585) | T1 psi=(+2.751,-1.173,+1.317) ggm=0.000 circ=+10.5762 xUDD=(0.004,0.001,0.155) | sep=2.6019
# CONVTAG t=3256.00 rough=0.302694 cond=38.080192 evap=43.330026 backs=5.691224
# CANT t=3256.00 a_tag=1.0000 a_max=1.0000 xl_tag=0.4656 nlock=6 tune=189.164337
# REG t=3256.00 tp n=7 rho=[0.295 0.450 0.577 0.599] gr=0.00001 fl=1.000 | ba n=25731 rho=[0.100 0.504 0.848 0.963] gr=0.00007 fl=0.930
t= 3260.00 -1.07e-15 | 1.6640 16.33  22096   11 418809 419006 | 1.4278 14.76 | 9.43e-03 2.44e-02 |   2.5789 0.3693  1.5361  1.3924 1.000 16.00 | edge_dev mean=0.1509 max=0.3586 gg=0.2827 shape_dev=0.2795 xbar=0.1715 | T0 psi=(-0.013,+0.150,-1.955) ggm=0.002 circ=-0.0800 xUDD=(0.064,0.058,0.577) | T1 psi=(+2.596,+0.754,+1.580) ggm=0.000 circ=+10.5777 xUDD=(0.090,0.003,0.238) | sep=2.6079
# CONVTAG t=3260.00 rough=0.302694 cond=38.380649 evap=43.330026 backs=5.691224
# CANT t=3260.00 a_tag=1.0000 a_max=1.0000 xl_tag=0.4656 nlock=6 tune=189.636472
# REG t=3260.00 tp n=7 rho=[0.106 0.441 0.450 0.589] gr=0.00001 fl=1.000 | ba n=25757 rho=[0.102 0.509 0.850 0.963] gr=0.00007 fl=0.928
t= 3264.00 -1.07e-15 | 1.6639 16.34  22111   12 419319 419531 | 1.4279 14.76 | 3.93e-03 1.61e-02 |   2.3817 0.3411  1.4968  1.3145 1.000 16.17 | edge_dev mean=0.1514 max=0.3639 gg=0.3122 shape_dev=0.3376 xbar=0.1583 | T0 psi=(-0.037,+2.206,+2.111) ggm=0.000 circ=-0.0875 xUDD=(0.048,0.046,0.573) | T1 psi=(+2.964,+2.337,-1.033) ggm=0.000 circ=+10.5796 xUDD=(0.137,0.000,0.145) | sep=2.6235
# CONVTAG t=3264.00 rough=0.302694 cond=38.673607 evap=43.726754 backs=5.742971
# CANT t=3264.00 a_tag=1.0000 a_max=1.0000 xl_tag=0.4656 nlock=6 tune=190.070776
# REG t=3264.00 tp n=7 rho=[0.051 0.321 0.450 0.596] gr=0.00002 fl=1.000 | ba n=25742 rho=[0.102 0.507 0.851 0.963] gr=0.00007 fl=0.929
t= 3268.00 -1.07e-15 | 1.6641 16.34  22106   13 419833 420056 | 1.4278 14.76 | 5.82e-03 1.68e-02 |   2.4905 0.3566  1.4838  1.2582 1.000 15.83 | edge_dev mean=0.1539 max=0.3828 gg=0.2982 shape_dev=0.3487 xbar=0.1655 | T0 psi=(-0.059,-1.305,-0.854) ggm=0.000 circ=-0.0994 xUDD=(0.044,0.041,0.574) | T1 psi=(+2.738,-0.679,+3.114) ggm=0.000 circ=+10.5865 xUDD=(0.038,0.111,0.185) | sep=2.6180
# CONVTAG t=3268.00 rough=0.302694 cond=38.975587 evap=43.726754 backs=5.742971
# CANT t=3268.00 a_tag=1.0000 a_max=1.0000 xl_tag=0.4656 nlock=6 tune=190.524686
# REG t=3268.00 tp n=7 rho=[0.061 0.450 0.539 0.609] gr=0.00002 fl=1.000 | ba n=25730 rho=[0.104 0.508 0.849 0.963] gr=0.00007 fl=0.929
t= 3272.00 -1.07e-15 | 1.6644 16.32  22084   14 420345 420562 | 1.4277 14.77 | 4.88e-03 1.67e-02 |   2.3807 0.3409  1.5958  1.3850 1.000 16.00 | edge_dev mean=0.1544 max=0.3858 gg=0.2842 shape_dev=0.3462 xbar=0.1582 | T0 psi=(-0.047,+1.574,+2.377) ggm=0.000 circ=-0.0968 xUDD=(0.042,0.044,0.569) | T1 psi=(+2.796,+2.068,-0.228) ggm=0.000 circ=+10.5884 xUDD=(0.016,0.001,0.278) | sep=2.6096
# CONVTAG t=3272.00 rough=0.302694 cond=38.975587 evap=43.726754 backs=5.742971
# CANT t=3272.00 a_tag=1.0000 a_max=1.0000 xl_tag=0.4656 nlock=6 tune=190.930152
# REG t=3272.00 tp n=7 rho=[0.004 0.214 0.450 0.628] gr=0.00004 fl=1.000 | ba n=25735 rho=[0.100 0.502 0.849 0.963] gr=0.00007 fl=0.929
t= 3276.00 -1.07e-15 | 1.6643 16.33  22098    9 420880 421081 | 1.4279 14.77 | 3.91e-03 1.64e-02 |   2.5346 0.3630  1.6929  1.4243 1.000 15.67 | edge_dev mean=0.1572 max=0.4170 gg=0.2466 shape_dev=0.3600 xbar=0.1687 | T0 psi=(-0.077,-1.826,-0.561) ggm=0.000 circ=-0.1108 xUDD=(0.045,0.044,0.572) | T1 psi=(+2.893,-0.073,+2.238) ggm=0.000 circ=+10.5884 xUDD=(0.012,0.000,0.339) | sep=2.6187
# CONVTAG t=3276.00 rough=0.302694 cond=39.425127 evap=44.121804 backs=5.794500
# CANT t=3276.00 a_tag=1.0000 a_max=1.0000 xl_tag=0.4656 nlock=6 tune=191.107647
# REG t=3276.00 tp n=7 rho=[0.004 0.260 0.450 0.661] gr=0.00003 fl=1.000 | ba n=25757 rho=[0.097 0.501 0.848 0.963] gr=0.00007 fl=0.928
t= 3280.00 -1.07e-15 | 1.6645 16.35  22128   10 421402 421617 | 1.4283 14.78 | 5.38e-03 1.37e-02 |   2.5311 0.3624  1.7720  1.4228 1.000 15.83 | edge_dev mean=0.1580 max=0.4169 gg=0.2422 shape_dev=0.3747 xbar=0.1686 | T0 psi=(-0.103,+0.289,-2.946) ggm=0.000 circ=-0.1172 xUDD=(0.037,0.030,0.570) | T1 psi=(+2.963,+2.889,-0.721) ggm=0.000 circ=+10.5885 xUDD=(0.019,0.001,0.355) | sep=2.6290
# CONVTAG t=3280.00 rough=0.302694 cond=39.425127 evap=44.121804 backs=5.794500
# CANT t=3280.00 a_tag=1.0000 a_max=1.0000 xl_tag=0.4656 nlock=6 tune=191.282402
# REG t=3280.00 tp n=7 rho=[0.005 0.262 0.450 0.711] gr=0.00002 fl=1.000 | ba n=25741 rho=[0.098 0.498 0.847 0.963] gr=0.00007 fl=0.928
t= 3284.00 -1.07e-15 | 1.6642 16.37  22146   16 421886 422116 | 1.4286 14.78 | 6.26e-03 1.69e-02 |   2.4887 0.3564  1.8137  1.4018 1.000 15.67 | edge_dev mean=0.1660 max=0.4431 gg=0.2591 shape_dev=0.3684 xbar=0.1657 | T0 psi=(-0.074,+2.612,+0.939) ggm=0.000 circ=-0.1088 xUDD=(0.024,0.026,0.567) | T1 psi=(-2.871,-0.841,+2.468) ggm=0.000 circ=+10.5885 xUDD=(0.010,0.000,0.367) | sep=2.6249
# CONVTAG t=3284.00 rough=0.302694 cond=39.425127 evap=44.121804 backs=5.794500
# CANT t=3284.00 a_tag=1.0000 a_max=1.0000 xl_tag=0.4656 nlock=6 tune=191.429391
# REG t=3284.00 tp n=7 rho=[0.013 0.263 0.450 0.732] gr=0.00002 fl=1.000 | ba n=25720 rho=[0.096 0.499 0.850 0.964] gr=0.00007 fl=0.928
t= 3288.00 -1.07e-15 | 1.6643 16.36  22135   15 422399 422620 | 1.4284 14.77 | 7.35e-03 1.84e-02 |   2.7000 0.3866  1.6874  1.4275 1.000 15.83 | edge_dev mean=0.1642 max=0.4635 gg=0.2607 shape_dev=0.3349 xbar=0.1798 | T0 psi=(-0.010,-1.027,-1.474) ggm=0.000 circ=-0.0989 xUDD=(0.065,0.051,0.580) | T1 psi=(-2.941,+1.962,+0.056) ggm=0.000 circ=+10.5884 xUDD=(0.002,0.000,0.380) | sep=2.6124
# CONVTAG t=3288.00 rough=0.302694 cond=39.718489 evap=44.121804 backs=5.794500
# CANT t=3288.00 a_tag=1.0000 a_max=1.0000 xl_tag=0.4656 nlock=6 tune=191.751917
# REG t=3288.00 tp n=7 rho=[0.024 0.264 0.450 0.738] gr=0.00002 fl=1.000 | ba n=25733 rho=[0.093 0.494 0.848 0.964] gr=0.00007 fl=0.928
t= 3292.00 -1.07e-15 | 1.6642 16.34  22109   12 422907 423128 | 1.4281 14.77 | 3.30e-03 1.26e-02 |   3.4070 0.4879  2.0361  1.4412 1.000 15.67 | edge_dev mean=0.1674 max=0.4767 gg=0.2483 shape_dev=0.3034 xbar=0.2267 | T0 psi=(-0.013,+1.725,+2.067) ggm=0.000 circ=-0.0782 xUDD=(0.047,0.057,0.575) | T1 psi=(+3.094,+0.731,-2.838) ggm=0.000 circ=+10.5881 xUDD=(0.022,0.012,0.647) | sep=2.5927
# CONVTAG t=3292.00 rough=0.302694 cond=40.020445 evap=44.121804 backs=5.794500
# CANT t=3292.00 a_tag=1.0000 a_max=1.0000 xl_tag=0.4656 nlock=6 tune=192.218091
# REG t=3292.00 tp n=7 rho=[0.015 0.266 0.450 0.767] gr=0.00003 fl=1.000 | ba n=25736 rho=[0.094 0.493 0.849 0.963] gr=0.00007 fl=0.928
t= 3296.00 -1.07e-15 | 1.6646 16.36  22133    8 423421 423658 | 1.4284 14.77 | 7.69e-03 1.95e-02 |   3.4047 0.4875  2.0632  1.4114 1.000 15.50 | edge_dev mean=0.1628 max=0.4903 gg=0.2794 shape_dev=0.3073 xbar=0.2268 | T0 psi=(-0.030,-2.623,+0.068) ggm=0.000 circ=-0.0815 xUDD=(0.044,0.045,0.569) | T1 psi=(+2.782,-2.371,+1.086) ggm=0.000 circ=+10.5881 xUDD=(0.032,0.017,0.654) | sep=2.5717
# CONVTAG t=3296.00 rough=0.302694 cond=40.020445 evap=44.121804 backs=5.794500
# CANT t=3296.00 a_tag=1.0000 a_max=1.0000 xl_tag=0.4656 nlock=6 tune=192.455377
# REG t=3296.00 tp n=7 rho=[0.023 0.293 0.450 0.783] gr=0.00002 fl=1.000 | ba n=25723 rho=[0.094 0.491 0.843 0.964] gr=0.00007 fl=0.928
t= 3300.00 -1.07e-15 | 1.6647 16.38  22166   15 423930 424169 | 1.4288 14.78 | 3.98e-03 1.46e-02 |   2.9638 0.4244  1.9744  1.3919 1.000 15.67 | edge_dev mean=0.1628 max=0.5000 gg=0.2656 shape_dev=0.3200 xbar=0.1972 | T0 psi=(-0.056,-0.047,-2.551) ggm=0.000 circ=-0.0710 xUDD=(0.032,0.034,0.559) | T1 psi=(+3.071,-2.237,-0.371) ggm=0.000 circ=+10.5880 xUDD=(0.032,0.000,0.526) | sep=2.5579
# CONVTAG t=3300.00 rough=0.302694 cond=40.020445 evap=44.424283 backs=5.833953
# CANT t=3300.00 a_tag=1.0000 a_max=1.0000 xl_tag=0.4656 nlock=6 tune=192.681971
# REG t=3300.00 tp n=7 rho=[0.039 0.370 0.450 0.770] gr=0.00002 fl=1.000 | ba n=25714 rho=[0.090 0.485 0.841 0.963] gr=0.00007 fl=0.929
t= 3304.00 -1.07e-15 | 1.6649 16.39  22171    6 424498 424727 | 1.4288 14.77 | 7.00e-03 1.67e-02 |   2.7206 0.3896  2.2409  1.3321 1.000 16.00 | edge_dev mean=0.1644 max=0.5015 gg=0.1646 shape_dev=0.3141 xbar=0.1813 | T0 psi=(-0.163,+3.038,-0.355) ggm=0.000 circ=-0.0571 xUDD=(0.007,0.007,0.465) | T1 psi=(-2.903,+1.532,+1.731) ggm=0.000 circ=+10.5879 xUDD=(0.017,0.002,0.591) | sep=2.5660
# CONVTAG t=3304.00 rough=0.302694 cond=40.020445 evap=44.742930 backs=5.875516
# CANT t=3304.00 a_tag=1.0000 a_max=1.0000 xl_tag=0.4656 nlock=6 tune=192.941509
# REG t=3304.00 tp n=7 rho=[0.039 0.377 0.450 0.821] gr=0.00002 fl=1.000 | ba n=25734 rho=[0.089 0.479 0.841 0.962] gr=0.00007 fl=0.929
t= 3308.00 -1.07e-15 | 1.6644 16.37  22145   14 425054 425296 | 1.4286 14.78 | 7.05e-03 2.07e-02 |   2.6746 0.3830  2.2351  1.3198 1.000 16.50 | edge_dev mean=0.1689 max=0.5076 gg=0.1110 shape_dev=0.3121 xbar=0.1784 | T0 psi=(-0.068,-0.851,-3.089) ggm=0.000 circ=-0.0571 xUDD=(0.001,0.000,0.482) | T1 psi=(+2.780,-1.571,-0.746) ggm=0.000 circ=+10.5878 xUDD=(0.003,0.003,0.581) | sep=2.5611
# CONVTAG t=3308.00 rough=0.302694 cond=40.020445 evap=44.742930 backs=5.875516
# CANT t=3308.00 a_tag=1.0000 a_max=1.0000 xl_tag=0.4656 nlock=6 tune=193.139284
# REG t=3308.00 tp n=7 rho=[0.056 0.380 0.423 0.815] gr=0.00001 fl=1.000 | ba n=25712 rho=[0.092 0.479 0.845 0.962] gr=0.00007 fl=0.930
t= 3312.00 -1.07e-15 | 1.6646 16.35  22125    9 425572 425828 | 1.4284 14.78 | 5.09e-03 1.44e-02 |   2.7655 0.3960  2.1881  1.3142 1.000 16.33 | edge_dev mean=0.1740 max=0.5100 gg=0.2047 shape_dev=0.3260 xbar=0.1843 | T0 psi=(+0.013,+1.131,+1.370) ggm=0.000 circ=-0.0570 xUDD=(0.001,0.000,0.517) | T1 psi=(+2.211,+2.045,+2.913) ggm=0.000 circ=+10.5878 xUDD=(0.001,0.003,0.584) | sep=2.5495
# CONVTAG t=3312.00 rough=0.302694 cond=40.020445 evap=44.742930 backs=5.875516
# CANT t=3312.00 a_tag=1.0000 a_max=1.0000 xl_tag=0.4656 nlock=6 tune=193.288756
# REG t=3312.00 tp n=7 rho=[0.070 0.423 0.534 0.812] gr=0.00001 fl=1.000 | ba n=25705 rho=[0.091 0.481 0.839 0.962] gr=0.00007 fl=0.930
t= 3316.00 -1.07e-15 | 1.6647 16.35  22128   22 426150 426372 | 1.4284 14.78 | 7.30e-03 1.76e-02 |   2.7880 0.3992  2.1894  1.3096 1.000 16.50 | edge_dev mean=0.1821 max=0.5209 gg=0.1225 shape_dev=0.3308 xbar=0.1858 | T0 psi=(-0.094,-2.877,-0.609) ggm=0.000 circ=-0.0558 xUDD=(0.001,0.000,0.521) | T1 psi=(+2.086,-1.969,+0.899) ggm=0.000 circ=+10.5878 xUDD=(0.005,0.003,0.585) | sep=2.5450
# CONVTAG t=3316.00 rough=0.302694 cond=40.020445 evap=44.742930 backs=5.875516
# CANT t=3316.00 a_tag=1.0000 a_max=1.0000 xl_tag=0.4656 nlock=6 tune=193.434572
# REG t=3316.00 tp n=7 rho=[0.074 0.423 0.805 0.905] gr=0.00001 fl=1.000 | ba n=25725 rho=[0.087 0.475 0.838 0.961] gr=0.00007 fl=0.929
t= 3320.00 -1.07e-15 | 1.6647 16.34  22103   20 426672 426882 | 1.4281 14.77 | 4.43e-03 1.46e-02 |   2.9929 0.4286  2.0654  1.3280 1.000 16.17 | edge_dev mean=0.1843 max=0.5250 gg=0.1476 shape_dev=0.3176 xbar=0.1995 | T0 psi=(+0.031,-1.389,-1.609) ggm=0.000 circ=-0.0544 xUDD=(0.008,0.007,0.594) | T1 psi=(+2.769,+0.061,-2.449) ggm=0.000 circ=+10.5877 xUDD=(0.006,0.014,0.568) | sep=2.5556
# CONVTAG t=3320.00 rough=0.302694 cond=40.205122 evap=44.742930 backs=5.875516
# CANT t=3320.00 a_tag=1.0000 a_max=1.0000 xl_tag=0.4656 nlock=6 tune=193.600103
# REG t=3320.00 tp n=7 rho=[0.108 0.423 0.806 0.905] gr=0.00000 fl=1.000 | ba n=25739 rho=[0.086 0.467 0.840 0.962] gr=0.00007 fl=0.928
t= 3324.00 -1.07e-15 | 1.6640 16.36  22130   15 427186 427390 | 1.4284 14.78 | 9.30e-03 2.18e-02 |   3.0156 0.4318  2.0715  1.3579 1.000 16.17 | edge_dev mean=0.1904 max=0.5420 gg=0.2035 shape_dev=0.2903 xbar=0.2010 | T0 psi=(-0.035,+0.897,+2.564) ggm=0.000 circ=-0.0534 xUDD=(0.018,0.018,0.567) | T1 psi=(+2.815,+2.960,+0.880) ggm=0.000 circ=+10.5876 xUDD=(0.006,0.016,0.580) | sep=2.5728
# CONVTAG t=3324.00 rough=0.302694 cond=40.205122 evap=44.742930 backs=5.875516
# CANT t=3324.00 a_tag=1.0000 a_max=1.0000 xl_tag=0.4656 nlock=6 tune=193.686542
# REG t=3324.00 tp n=7 rho=[0.109 0.545 0.934 0.984] gr=0.00001 fl=1.000 | ba n=25750 rho=[0.086 0.468 0.838 0.960] gr=0.00007 fl=0.927
t= 3328.00 -1.07e-15 | 1.6646 16.37  22153   14 427655 427861 | 1.4287 14.78 | 6.82e-03 1.61e-02 |   3.0241 0.4330  2.0630  1.3566 1.000 16.33 | edge_dev mean=0.1892 max=0.5437 gg=0.2072 shape_dev=0.2926 xbar=0.2014 | T0 psi=(-0.034,-2.602,-0.168) ggm=0.000 circ=-0.0612 xUDD=(0.021,0.019,0.567) | T1 psi=(+2.839,-0.416,-2.020) ggm=0.000 circ=+10.5876 xUDD=(0.005,0.016,0.580) | sep=2.5678
# CONVTAG t=3328.00 rough=0.302694 cond=40.205122 evap=44.742930 backs=5.875516
# CANT t=3328.00 a_tag=1.0000 a_max=1.0000 xl_tag=0.4656 nlock=6 tune=193.756464
# REG t=3328.00 tp n=7 rho=[0.109 0.876 0.968 0.989] gr=0.00000 fl=1.000 | ba n=25748 rho=[0.088 0.470 0.839 0.960] gr=0.00007 fl=0.927
t= 3332.00 -1.07e-15 | 1.6644 16.39  22179   11 428118 428358 | 1.4291 14.79 | 6.37e-03 1.79e-02 |   3.0355 0.4347  2.0362  1.3593 1.000 16.33 | edge_dev mean=0.1906 max=0.5502 gg=0.1957 shape_dev=0.3031 xbar=0.2022 | T0 psi=(+0.020,+0.352,+3.120) ggm=0.000 circ=-0.0619 xUDD=(0.024,0.027,0.567) | T1 psi=(+2.812,+2.330,+1.685) ggm=0.000 circ=+10.5874 xUDD=(0.012,0.012,0.571) | sep=2.5577
# CONVTAG t=3332.00 rough=0.302694 cond=40.205122 evap=44.742930 backs=5.875516
# CANT t=3332.00 a_tag=1.0000 a_max=1.0000 xl_tag=0.4656 nlock=6 tune=193.807620
# REG t=3332.00 tp n=7 rho=[0.109 0.490 0.921 0.929] gr=0.00001 fl=1.000 | ba n=25718 rho=[0.089 0.477 0.842 0.961] gr=0.00007 fl=0.928
t= 3336.00 -1.07e-15 | 1.6644 16.37  22143   11 428589 428823 | 1.4287 14.79 | 8.62e-03 2.13e-02 |   3.0475 0.4364  2.0268  1.3667 1.000 16.50 | edge_dev mean=0.1854 max=0.5520 gg=0.1968 shape_dev=0.3047 xbar=0.2028 | T0 psi=(-0.022,-3.063,+0.442) ggm=0.000 circ=-0.0667 xUDD=(0.027,0.030,0.567) | T1 psi=(-3.058,-0.935,-2.012) ggm=0.000 circ=+10.5870 xUDD=(0.022,0.015,0.556) | sep=2.5768
# CONVTAG t=3336.00 rough=0.302694 cond=40.205122 evap=44.742930 backs=5.875516
# CANT t=3336.00 a_tag=1.0000 a_max=1.0000 xl_tag=0.4656 nlock=6 tune=193.864819
# REG t=3336.00 tp n=7 rho=[0.109 0.423 0.786 0.912] gr=0.00001 fl=1.000 | ba n=25722 rho=[0.093 0.482 0.840 0.961] gr=0.00007 fl=0.928
t= 3340.00 -1.07e-15 | 1.6648 16.36  22135   12 429084 429312 | 1.4287 14.79 | 4.74e-03 1.53e-02 |   2.6740 0.3829  1.9091  1.3410 1.000 16.50 | edge_dev mean=0.1829 max=0.5448 gg=0.2271 shape_dev=0.3297 xbar=0.1781 | T0 psi=(-0.032,-1.337,-1.544) ggm=0.000 circ=-0.0683 xUDD=(0.022,0.023,0.565) | T1 psi=(+3.003,+2.806,+0.370) ggm=0.000 circ=+10.5866 xUDD=(0.021,0.014,0.423) | sep=2.5871
# CONVTAG t=3340.00 rough=0.302694 cond=40.205122 evap=45.062426 backs=5.917189
# CANT t=3340.00 a_tag=1.0000 a_max=1.0000 xl_tag=0.4656 nlock=6 tune=193.950429
# REG t=3340.00 tp n=7 rho=[0.122 0.769 0.954 0.958] gr=0.00001 fl=1.000 | ba n=25728 rho=[0.093 0.483 0.841 0.962] gr=0.00007 fl=0.929
t= 3344.00 -1.07e-15 | 1.6651 16.40  22194   15 429575 429804 | 1.4294 14.79 | 6.15e-03 1.56e-02 |   2.7632 0.3957  1.9922  1.3491 1.000 16.50 | edge_dev mean=0.1737 max=0.5289 gg=0.2259 shape_dev=0.3361 xbar=0.1840 | T0 psi=(-0.030,+0.781,+2.374) ggm=0.000 circ=-0.0676 xUDD=(0.021,0.018,0.561) | T1 psi=(+2.615,+0.812,-2.966) ggm=0.000 circ=+10.5866 xUDD=(0.017,0.001,0.485) | sep=2.5903
# CONVTAG t=3344.00 rough=0.302694 cond=40.205122 evap=45.062426 backs=5.917189
# CANT t=3344.00 a_tag=1.0000 a_max=1.0000 xl_tag=0.4656 nlock=6 tune=194.112657
# REG t=3344.00 tp n=7 rho=[0.281 0.733 0.880 0.996] gr=0.00001 fl=1.000 | ba n=25723 rho=[0.090 0.481 0.839 0.962] gr=0.00007 fl=0.929
t= 3348.00 -1.07e-15 | 1.6654 16.37  22150    6 430072 430301 | 1.4288 14.78 | 4.70e-03 1.30e-02 |   3.0125 0.4314  2.1309  1.3437 1.000 16.67 | edge_dev mean=0.1687 max=0.5305 gg=0.2044 shape_dev=0.3299 xbar=0.2008 | T0 psi=(-0.026,-3.044,-0.286) ggm=0.000 circ=-0.0723 xUDD=(0.016,0.014,0.560) | T1 psi=(+2.888,-1.399,-0.736) ggm=0.000 circ=+10.5865 xUDD=(0.015,0.002,0.597) | sep=2.5879
# CONVTAG t=3348.00 rough=0.302694 cond=40.392169 evap=45.062426 backs=5.917189
# CANT t=3348.00 a_tag=1.0000 a_max=1.0000 xl_tag=0.4656 nlock=6 tune=194.219476
# REG t=3348.00 tp n=7 rho=[0.368 0.634 0.730 0.961] gr=0.00001 fl=1.000 | ba n=25733 rho=[0.093 0.481 0.840 0.962] gr=0.00007 fl=0.929
t= 3352.00 -1.07e-15 | 1.6656 16.41  22203    8 430531 430762 | 1.4295 14.79 | 4.13e-03 1.09e-02 |   3.4119 0.4886  2.0792  1.3180 1.000 16.50 | edge_dev mean=0.1682 max=0.5144 gg=0.2509 shape_dev=0.3017 xbar=0.2272 | T0 psi=(-0.029,-0.249,-2.701) ggm=0.000 circ=-0.0731 xUDD=(0.023,0.023,0.586) | T1 psi=(+2.993,-3.070,+1.816) ggm=0.000 circ=+10.5851 xUDD=(0.035,0.089,0.608) | sep=2.5755
# CONVTAG t=3352.00 rough=0.302694 cond=40.690616 evap=45.062426 backs=5.917189
# CANT t=3352.00 a_tag=1.0000 a_max=1.0000 xl_tag=0.4656 nlock=6 tune=194.557237
# REG t=3352.00 tp n=7 rho=[0.017 0.423 0.674 0.944] gr=0.00001 fl=1.000 | ba n=25728 rho=[0.095 0.478 0.839 0.961] gr=0.00007 fl=0.930
t= 3356.00 -1.07e-15 | 1.6650 16.38  22158   10 431004 431215 | 1.4289 14.78 | 6.94e-03 1.70e-02 |   3.5172 0.5037  2.0623  1.3562 1.000 16.50 | edge_dev mean=0.1746 max=0.5499 gg=0.1982 shape_dev=0.3038 xbar=0.2352 | T0 psi=(+0.004,+2.810,+0.642) ggm=0.000 circ=-0.0694 xUDD=(0.037,0.039,0.587) | T1 psi=(-3.117,+1.950,+3.013) ggm=0.000 circ=+10.5849 xUDD=(0.086,0.048,0.613) | sep=2.5801
# CONVTAG t=3356.00 rough=0.302694 cond=40.690616 evap=45.062426 backs=5.917189
# CANT t=3356.00 a_tag=1.0000 a_max=1.0000 xl_tag=0.4656 nlock=6 tune=194.797715
# REG t=3356.00 tp n=7 rho=[0.017 0.363 0.423 0.923] gr=0.00002 fl=1.000 | ba n=25744 rho=[0.094 0.482 0.842 0.961] gr=0.00007 fl=0.929
t= 3360.00 -1.07e-15 | 1.6648 16.38  22165   13 431489 431710 | 1.4289 14.77 | 6.14e-03 1.53e-02 |   3.2906 0.4712  1.9853  1.3970 1.000 16.33 | edge_dev mean=0.1675 max=0.5360 gg=0.1810 shape_dev=0.3280 xbar=0.2190 | T0 psi=(+0.025,-0.417,-2.382) ggm=0.000 circ=-0.0687 xUDD=(0.047,0.048,0.574) | T1 psi=(+2.768,-1.124,-0.293) ggm=0.000 circ=+10.5851 xUDD=(0.031,0.024,0.588) | sep=2.5932
# CONVTAG t=3360.00 rough=0.302694 cond=40.690616 evap=45.062426 backs=5.917189
# CANT t=3360.00 a_tag=1.0000 a_max=1.0000 xl_tag=0.4656 nlock=6 tune=194.989612
# REG t=3360.00 tp n=7 rho=[0.017 0.370 0.423 0.891] gr=0.00002 fl=1.000 | ba n=25732 rho=[0.094 0.481 0.840 0.960] gr=0.00007 fl=0.929
t= 3364.00 -1.07e-15 | 1.6646 16.37  22149   11 431999 432194 | 1.4287 14.77 | 5.02e-03 1.65e-02 |   3.1071 0.4449  1.9993  1.3863 1.000 16.33 | edge_dev mean=0.1698 max=0.5287 gg=0.1911 shape_dev=0.3331 xbar=0.2069 | T0 psi=(-0.005,+2.089,+1.278) ggm=0.000 circ=-0.0713 xUDD=(0.040,0.037,0.571) | T1 psi=(+2.483,+1.565,-3.102) ggm=0.000 circ=+10.5851 xUDD=(0.008,0.017,0.568) | sep=2.5952
# CONVTAG t=3364.00 rough=0.302694 cond=40.690616 evap=45.062426 backs=5.917189
# CANT t=3364.00 a_tag=1.0000 a_max=1.0000 xl_tag=0.4656 nlock=6 tune=195.072837
# REG t=3364.00 tp n=7 rho=[0.017 0.378 0.423 0.871] gr=0.00001 fl=1.000 | ba n=25759 rho=[0.093 0.484 0.838 0.960] gr=0.00007 fl=0.929
t= 3368.00 -1.07e-15 | 1.6646 16.40  22188   10 432499 432705 | 1.4291 14.77 | 7.45e-03 1.79e-02 |   2.9118 0.4170  1.9697  1.3752 1.000 16.33 | edge_dev mean=0.1690 max=0.5326 gg=0.2302 shape_dev=0.3210 xbar=0.1937 | T0 psi=(-0.013,-2.101,-0.783) ggm=0.000 circ=-0.0770 xUDD=(0.032,0.034,0.567) | T1 psi=(+2.851,-1.477,-1.140) ggm=0.000 circ=+10.5850 xUDD=(0.011,0.001,0.517) | sep=2.5850
# CONVTAG t=3368.00 rough=0.302694 cond=40.690616 evap=45.062426 backs=5.917189
# CANT t=3368.00 a_tag=1.0000 a_max=1.0000 xl_tag=0.4656 nlock=6 tune=195.178216
# REG t=3368.00 tp n=7 rho=[0.020 0.386 0.423 0.919] gr=0.00002 fl=1.000 | ba n=25749 rho=[0.094 0.479 0.836 0.961] gr=0.00007 fl=0.929
t= 3372.00 -1.07e-15 | 1.6649 16.38  22160    6 432978 433190 | 1.4288 14.77 | 5.48e-03 1.52e-02 |   2.7830 0.3985  1.9585  1.3488 1.000 16.33 | edge_dev mean=0.1709 max=0.5450 gg=0.2271 shape_dev=0.3281 xbar=0.1854 | T0 psi=(-0.084,+0.632,+2.795) ggm=0.000 circ=-0.0876 xUDD=(0.027,0.024,0.564) | T1 psi=(+2.769,+2.216,+1.567) ggm=0.000 circ=+10.5849 xUDD=(0.003,0.001,0.494) | sep=2.5885
# CONVTAG t=3372.00 rough=0.302694 cond=40.690616 evap=45.062426 backs=5.917189
# CANT t=3372.00 a_tag=1.0000 a_max=1.0000 xl_tag=0.4656 nlock=6 tune=195.277687
# REG t=3372.00 tp n=7 rho=[0.021 0.423 0.965 0.972] gr=0.00002 fl=1.000 | ba n=25747 rho=[0.095 0.475 0.838 0.962] gr=0.00007 fl=0.929
t= 3376.00 -1.07e-15 | 1.6650 16.37  22151   18 433445 433662 | 1.4286 14.77 | 7.84e-03 2.02e-02 |   2.6916 0.3854  1.8438  1.3536 0.500 16.00 | edge_dev mean=0.1720 max=0.5112 gg=0.1875 shape_dev=0.3480 xbar=0.1790 | T0 psi=(-0.080,-2.017,-0.690) ggm=0.000 circ=-0.0799 xUDD=(0.035,0.026,0.567) | T1 psi=(+2.295,-1.394,-0.644) ggm=0.000 circ=+10.5849 xUDD=(0.002,0.001,0.444) | sep=2.5930
# CONVTAG t=3376.00 rough=0.302694 cond=40.690616 evap=45.062426 backs=5.917189
# CANT t=3376.00 a_tag=1.0000 a_max=1.0000 xl_tag=0.4656 nlock=6 tune=195.347494
# REG t=3376.00 tp n=7 rho=[0.021 0.423 0.792 0.986] gr=0.00002 fl=1.000 | ba n=25729 rho=[0.093 0.475 0.838 0.962] gr=0.00007 fl=0.929
t= 3380.00 -1.07e-15 | 1.6649 16.35  22124    7 433926 434141 | 1.4284 14.77 | 7.79e-03 1.95e-02 |   2.8745 0.4116  1.9503  1.3769 0.500 16.17 | edge_dev mean=0.1737 max=0.5159 gg=0.1909 shape_dev=0.3573 xbar=0.1915 | T0 psi=(-0.049,+1.005,+2.571) ggm=0.000 circ=-0.0820 xUDD=(0.030,0.033,0.568) | T1 psi=(+2.726,+1.255,+2.170) ggm=0.000 circ=+10.5848 xUDD=(0.010,0.001,0.508) | sep=2.6001
# CONVTAG t=3380.00 rough=0.302694 cond=40.690616 evap=45.062426 backs=5.917189
# CANT t=3380.00 a_tag=1.0000 a_max=1.0000 xl_tag=0.4656 nlock=6 tune=195.421773
# REG t=3380.00 tp n=7 rho=[0.021 0.423 0.684 0.938] gr=0.00001 fl=1.000 | ba n=25742 rho=[0.093 0.477 0.837 0.961] gr=0.00007 fl=0.929
t= 3384.00 -1.07e-15 | 1.6649 16.37  22151   10 434410 434661 | 1.4287 14.78 | 5.67e-03 1.86e-02 |   2.9526 0.4228  2.0053  1.3443 1.000 16.67 | edge_dev mean=0.1677 max=0.5082 gg=0.2809 shape_dev=0.2848 xbar=0.1968 | T0 psi=(-0.178,-1.921,-0.671) ggm=0.000 circ=-0.0911 xUDD=(0.025,0.026,0.567) | T1 psi=(+2.084,+1.243,-2.478) ggm=0.000 circ=+10.5845 xUDD=(0.011,0.019,0.533) | sep=2.5703
# CONVTAG t=3384.00 rough=0.302694 cond=40.690616 evap=45.062426 backs=5.917189
# CANT t=3384.00 a_tag=1.0000 a_max=1.0000 xl_tag=0.4656 nlock=6 tune=195.537318
# REG t=3384.00 tp n=7 rho=[0.081 0.417 0.427 0.954] gr=0.00001 fl=1.000 | ba n=25705 rho=[0.094 0.491 0.841 0.961] gr=0.00008 fl=0.930
t= 3388.00 -1.07e-15 | 1.6649 16.38  22167   10 434895 435139 | 1.4289 14.77 | 4.44e-03 1.45e-02 |   3.3419 0.4786  2.0678  1.3588 1.000 16.33 | edge_dev mean=0.1627 max=0.5151 gg=0.2117 shape_dev=0.2822 xbar=0.2225 | T0 psi=(-0.021,+0.552,+3.005) ggm=0.000 circ=-0.0866 xUDD=(0.048,0.028,0.569) | T1 psi=(+2.744,+1.837,+3.119) ggm=0.000 circ=+10.5850 xUDD=(0.123,0.011,0.557) | sep=2.5684
# CONVTAG t=3388.00 rough=0.302694 cond=40.989036 evap=45.062426 backs=5.917189
# CANT t=3388.00 a_tag=1.0000 a_max=1.0000 xl_tag=0.4656 nlock=6 tune=195.715876
# REG t=3388.00 tp n=7 rho=[0.427 0.644 0.888 0.913] gr=0.00003 fl=1.000 | ba n=25711 rho=[0.099 0.491 0.842 0.963] gr=0.00007 fl=0.930
t= 3392.00 -1.07e-15 | 1.6652 16.39  22169   12 435389 435633 | 1.4289 14.77 | 4.54e-03 1.29e-02 |   3.3224 0.4758  1.9602  1.4127 1.000 16.17 | edge_dev mean=0.1568 max=0.5057 gg=0.1820 shape_dev=0.2927 xbar=0.2213 | T0 psi=(+0.059,-2.799,+0.063) ggm=0.000 circ=-0.0885 xUDD=(0.078,0.042,0.578) | T1 psi=(+2.615,-0.634,-1.189) ggm=0.000 circ=+10.5854 xUDD=(0.049,0.012,0.568) | sep=2.5719
# CONVTAG t=3392.00 rough=0.302694 cond=40.989036 evap=45.062426 backs=5.917189
# CANT t=3392.00 a_tag=1.0000 a_max=1.0000 xl_tag=0.4656 nlock=6 tune=195.977573
# REG t=3392.00 tp n=7 rho=[0.272 0.766 0.840 0.922] gr=0.00004 fl=1.000 | ba n=25709 rho=[0.101 0.491 0.844 0.962] gr=0.00007 fl=0.930
t= 3396.00 -1.07e-15 | 1.6651 16.38  22165   13 435849 436072 | 1.4288 14.77 | 4.70e-03 1.41e-02 |   3.3047 0.4732  1.8989  1.4443 1.000 15.83 | edge_dev mean=0.1562 max=0.4919 gg=0.2523 shape_dev=0.3195 xbar=0.2198 | T0 psi=(-0.019,-0.534,-1.889) ggm=0.000 circ=-0.0246 xUDD=(0.064,0.077,0.584) | T1 psi=(+2.367,+2.762,+1.557) ggm=0.000 circ=+10.5854 xUDD=(0.011,0.011,0.573) | sep=2.5815
# CONVTAG t=3396.00 rough=0.302694 cond=40.989036 evap=45.062426 backs=5.917189
# CANT t=3396.00 a_tag=1.0000 a_max=1.0000 xl_tag=0.4656 nlock=6 tune=196.173786
# REG t=3396.00 tp n=7 rho=[0.272 0.750 0.786 0.965] gr=0.00003 fl=1.000 | ba n=25729 rho=[0.097 0.493 0.843 0.961] gr=0.00007 fl=0.930
t= 3400.00 -1.07e-15 | 1.6652 16.41  22201    9 436319 436545 | 1.4293 14.77 | 7.22e-03 1.88e-02 |   3.2950 0.4718  1.8934  1.4467 1.000 16.50 | edge_dev mean=0.1605 max=0.4844 gg=0.2497 shape_dev=0.3281 xbar=0.2194 | T0 psi=(+0.008,+2.164,+1.685) ggm=0.000 circ=-0.0033 xUDD=(0.062,0.079,0.587) | T1 psi=(+2.614,+0.883,+2.690) ggm=0.000 circ=+10.5853 xUDD=(0.003,0.012,0.573) | sep=2.5791
# CONVTAG t=3400.00 rough=0.302694 cond=40.989036 evap=45.062426 backs=5.917189
# CANT t=3400.00 a_tag=1.0000 a_max=1.0000 xl_tag=0.4656 nlock=6 tune=196.348281
# REG t=3400.00 tp n=7 rho=[0.288 0.728 0.783 0.880] gr=0.00002 fl=1.000 | ba n=25730 rho=[0.097 0.497 0.844 0.962] gr=0.00007 fl=0.930
t= 3404.00 -1.07e-15 | 1.6654 16.35  22119   12 436852 437087 | 1.4283 14.77 | 6.21e-03 1.87e-02 |   3.2210 0.4612  1.9158  1.4245 1.000 16.33 | edge_dev mean=0.1630 max=0.4804 gg=0.2792 shape_dev=0.2979 xbar=0.2145 | T0 psi=(-0.027,-1.908,-0.604) ggm=0.000 circ=-0.0109 xUDD=(0.064,0.062,0.577) | T1 psi=(+2.415,-1.884,-0.426) ggm=0.000 circ=+10.5853 xUDD=(0.003,0.020,0.562) | sep=2.5620
# CONVTAG t=3404.00 rough=0.302694 cond=40.989036 evap=45.062426 backs=5.917189
# CANT t=3404.00 a_tag=1.0000 a_max=1.0000 xl_tag=0.4656 nlock=6 tune=196.469563
# REG t=3404.00 tp n=7 rho=[0.296 0.702 0.723 0.863] gr=0.00002 fl=1.000 | ba n=25718 rho=[0.099 0.496 0.842 0.961] gr=0.00007 fl=0.931
t= 3408.00 -1.07e-15 | 1.6648 16.39  22179   10 437345 437605 | 1.4290 14.77 | 6.06e-03 1.58e-02 |   3.1681 0.4537  1.9137  1.4135 1.000 16.17 | edge_dev mean=0.1636 max=0.4904 gg=0.2934 shape_dev=0.3037 xbar=0.2108 | T0 psi=(-0.009,+0.289,-2.856) ggm=0.000 circ=+0.0104 xUDD=(0.055,0.060,0.578) | T1 psi=(+2.348,+0.837,-2.926) ggm=0.000 circ=+10.5852 xUDD=(0.009,0.023,0.540) | sep=2.5674
# CONVTAG t=3408.00 rough=0.302694 cond=40.989036 evap=45.062426 backs=5.917189
# CANT t=3408.00 a_tag=1.0000 a_max=1.0000 xl_tag=0.4656 nlock=6 tune=196.602529
# REG t=3408.00 tp n=7 rho=[0.295 0.707 0.827 0.850] gr=0.00001 fl=1.000 | ba n=25694 rho=[0.100 0.493 0.841 0.961] gr=0.00007 fl=0.931
t= 3412.00 -1.07e-15 | 1.6646 16.39  22173    6 437802 438079 | 1.4289 14.78 | 6.89e-03 2.05e-02 |   3.1899 0.4568  1.9347  1.4057 0.500 15.83 | edge_dev mean=0.1646 max=0.5146 gg=0.2496 shape_dev=0.3050 xbar=0.2124 | T0 psi=(-0.017,-1.890,-0.685) ggm=0.000 circ=+0.0188 xUDD=(0.055,0.055,0.580) | T1 psi=(+2.015,-2.122,+1.006) ggm=0.000 circ=+10.5850 xUDD=(0.006,0.022,0.556) | sep=2.5720
# CONVTAG t=3412.00 rough=0.302694 cond=40.989036 evap=45.062426 backs=5.917189
# CANT t=3412.00 a_tag=1.0000 a_max=1.0000 xl_tag=0.4656 nlock=6 tune=196.694983
# REG t=3412.00 tp n=7 rho=[0.428 0.699 0.823 0.850] gr=0.00001 fl=1.000 | ba n=25681 rho=[0.099 0.496 0.841 0.959] gr=0.00007 fl=0.932
t= 3416.00 -1.07e-15 | 1.6643 16.39  22172   13 438268 438556 | 1.4289 14.78 | 7.02e-03 1.82e-02 |   2.8490 0.4080  1.8134  1.3941 0.500 16.00 | edge_dev mean=0.1665 max=0.5037 gg=0.1997 shape_dev=0.3166 xbar=0.1895 | T0 psi=(-0.012,+1.240,+2.440) ggm=0.000 circ=+0.0312 xUDD=(0.048,0.055,0.580) | T1 psi=(+1.829,+2.992,+1.787) ggm=0.000 circ=+10.5848 xUDD=(0.002,0.002,0.450) | sep=2.5799
# CONVTAG t=3416.00 rough=0.302694 cond=40.989036 evap=45.380428 backs=5.958668
# CANT t=3416.00 a_tag=1.0000 a_max=1.0000 xl_tag=0.4656 nlock=6 tune=196.846171
# REG t=3416.00 tp n=7 rho=[0.286 0.706 0.732 0.850] gr=0.00004 fl=1.000 | ba n=25662 rho=[0.097 0.487 0.839 0.960] gr=0.00007 fl=0.932
t= 3420.00 -1.07e-15 | 1.6642 16.37  22145   16 438735 439041 | 1.4284 14.76 | 1.37e-02 3.34e-02 |   2.8401 0.4067  1.8382  1.4000 0.500 16.00 | edge_dev mean=0.1662 max=0.5061 gg=0.1885 shape_dev=0.3432 xbar=0.1893 | T0 psi=(+0.019,-2.034,-0.883) ggm=0.000 circ=+0.0290 xUDD=(0.052,0.049,0.575) | T1 psi=(+2.258,+3.012,+0.831) ggm=0.000 circ=+10.5848 xUDD=(0.001,0.001,0.458) | sep=2.5938
# CONVTAG t=3420.00 rough=0.302694 cond=40.989036 evap=45.380428 backs=5.958668
# CANT t=3420.00 a_tag=1.0000 a_max=1.0000 xl_tag=0.4656 nlock=6 tune=196.910918
# REG t=3420.00 tp n=7 rho=[0.283 0.714 0.850 0.856] gr=0.00003 fl=1.000 | ba n=25641 rho=[0.095 0.488 0.843 0.962] gr=0.00007 fl=0.932
t= 3424.00 -1.07e-15 | 1.6643 16.37  22142   10 439254 439555 | 1.4284 14.77 | 1.52e-02 2.80e-02 |   2.5246 0.3615  2.0500  1.3317 0.500 16.33 | edge_dev mean=0.1738 max=0.5019 gg=0.1878 shape_dev=0.3583 xbar=0.1682 | T0 psi=(-0.251,+0.403,+2.386) ggm=0.000 circ=+0.0269 xUDD=(0.011,0.011,0.524) | T1 psi=(+2.183,-0.845,-1.862) ggm=0.000 circ=+10.5845 xUDD=(0.001,0.000,0.462) | sep=2.5995
# CONVTAG t=3424.00 rough=0.302694 cond=40.989036 evap=45.694472 backs=5.999630
# CANT t=3424.00 a_tag=1.0000 a_max=1.0000 xl_tag=0.4656 nlock=6 tune=197.127996
# REG t=3424.00 tp n=7 rho=[0.024 0.731 0.735 0.850] gr=0.00002 fl=1.000 | ba n=25651 rho=[0.097 0.491 0.845 0.961] gr=0.00007 fl=0.931
t= 3428.00 -1.07e-15 | 1.6641 16.36  22133    6 439743 440024 | 1.4282 14.76 | 1.38e-02 3.32e-02 |   2.5367 0.3632  2.0733  1.3105 0.500 16.00 | edge_dev mean=0.1842 max=0.5052 gg=0.1495 shape_dev=0.3787 xbar=0.1691 | T0 psi=(-0.219,-1.889,-1.339) ggm=0.000 circ=+0.0285 xUDD=(0.001,0.001,0.549) | T1 psi=(+2.427,+1.436,+1.483) ggm=0.000 circ=+10.5841 xUDD=(0.004,0.000,0.459) | sep=2.6055
# CONVTAG t=3428.00 rough=0.302694 cond=40.989036 evap=45.694472 backs=5.999630
# CANT t=3428.00 a_tag=1.0000 a_max=1.0000 xl_tag=0.4656 nlock=6 tune=197.193630
# REG t=3428.00 tp n=7 rho=[0.024 0.423 0.737 0.850] gr=0.00002 fl=1.000 | ba n=25675 rho=[0.095 0.485 0.843 0.961] gr=0.00007 fl=0.931
t= 3432.00 -1.07e-15 | 1.6642 16.38  22160   18 440318 440588 | 1.4285 14.75 | 1.02e-02 2.62e-02 |   1.9560 0.2801  1.6755  1.2054 0.500 15.83 | edge_dev mean=0.1881 max=0.4897 gg=0.1362 shape_dev=0.4157 xbar=0.1303 | T0 psi=(-0.124,+0.646,+2.286) ggm=0.000 circ=+0.0293 xUDD=(0.001,0.001,0.557) | T1 psi=(+1.754,+2.423,+0.344) ggm=0.000 circ=+10.5841 xUDD=(0.008,0.000,0.215) | sep=2.6347
# CONVTAG t=3432.00 rough=0.302694 cond=40.989036 evap=45.694472 backs=5.999630
# CANT t=3432.00 a_tag=1.0000 a_max=1.0000 xl_tag=0.4656 nlock=6 tune=197.217394
# REG t=3432.00 tp n=7 rho=[0.033 0.423 0.725 0.850] gr=0.00001 fl=1.000 | ba n=25676 rho=[0.095 0.490 0.845 0.962] gr=0.00007 fl=0.930
t= 3436.00 -1.07e-15 | 1.6642 16.36  22141    8 440800 441078 | 1.4283 14.75 | 3.81e-03 1.23e-02 |   2.0014 0.2866  1.6909  1.2481 0.500 16.00 | edge_dev mean=0.1864 max=0.4562 gg=0.1515 shape_dev=0.4333 xbar=0.1336 | T0 psi=(-0.338,-2.856,+0.083) ggm=0.000 circ=+0.0263 xUDD=(0.003,0.004,0.559) | T1 psi=(+2.161,-1.720,-2.796) ggm=0.000 circ=+10.5841 xUDD=(0.007,0.000,0.228) | sep=2.6510
# CONVTAG t=3436.00 rough=0.302694 cond=40.989036 evap=45.694472 backs=5.999630
# CANT t=3436.00 a_tag=1.0000 a_max=1.0000 xl_tag=0.4656 nlock=6 tune=197.242540
# REG t=3436.00 tp n=7 rho=[0.036 0.461 0.693 0.850] gr=0.00001 fl=1.000 | ba n=25677 rho=[0.097 0.496 0.845 0.963] gr=0.00007 fl=0.930
t= 3440.00 -1.07e-15 | 1.6642 16.36  22140   15 441272 441536 | 1.4283 14.75 | 4.84e-03 1.45e-02 |   2.2151 0.3172  1.5584  1.2892 0.500 15.83 | edge_dev mean=0.1872 max=0.4278 gg=0.1822 shape_dev=0.4439 xbar=0.1476 | T0 psi=(-0.072,+0.056,-2.590) ggm=0.000 circ=+0.0247 xUDD=(0.026,0.028,0.597) | T1 psi=(+2.407,-0.064,+1.090) ggm=0.000 circ=+10.5841 xUDD=(0.003,0.000,0.231) | sep=2.6584
# CONVTAG t=3440.00 rough=0.302694 cond=41.169700 evap=45.694472 backs=5.999630
# CANT t=3440.00 a_tag=1.0000 a_max=1.0000 xl_tag=0.4656 nlock=6 tune=197.397811
# REG t=3440.00 tp n=7 rho=[0.039 0.464 0.683 0.850] gr=0.00001 fl=1.000 | ba n=25684 rho=[0.098 0.493 0.844 0.962] gr=0.00007 fl=0.929
t= 3444.00 -1.20e-15 | 1.6641 16.35  22125   12 441770 442055 | 1.4281 14.75 | 4.41e-03 1.56e-02 |   2.3150 0.3315  1.5732  1.3444 0.500 16.00 | edge_dev mean=0.1880 max=0.4434 gg=0.1967 shape_dev=0.4498 xbar=0.1540 | T0 psi=(-0.025,+3.008,+0.746) ggm=0.000 circ=+0.0146 xUDD=(0.042,0.038,0.581) | T1 psi=(+2.302,+1.964,-0.438) ggm=0.000 circ=+10.5841 xUDD=(0.000,0.000,0.263) | sep=2.6581
# CONVTAG t=3444.00 rough=0.302694 cond=41.169700 evap=45.694472 backs=5.999630
# CANT t=3444.00 a_tag=1.0000 a_max=1.0000 xl_tag=0.4656 nlock=6 tune=197.481748
# REG t=3444.00 tp n=7 rho=[0.039 0.483 0.729 0.850] gr=0.00000 fl=1.000 | ba n=25664 rho=[0.098 0.489 0.843 0.962] gr=0.00007 fl=0.930
t= 3448.00 -1.20e-15 | 1.6644 16.36  22139   12 442304 442545 | 1.4283 14.75 | 8.23e-03 2.06e-02 |   2.6772 0.3834  1.3934  1.3992 0.500 16.00 | edge_dev mean=0.1848 max=0.4449 gg=0.1692 shape_dev=0.4729 xbar=0.1782 | T0 psi=(+0.086,+0.622,-2.704) ggm=0.000 circ=+0.0384 xUDD=(0.114,0.073,0.610) | T1 psi=(+2.080,-1.867,-2.508) ggm=0.000 circ=+10.5842 xUDD=(0.001,0.002,0.270) | sep=2.6747
# CONVTAG t=3448.00 rough=0.302694 cond=41.457053 evap=45.694472 backs=5.999630
# CANT t=3448.00 a_tag=1.0000 a_max=1.0000 xl_tag=0.4656 nlock=6 tune=197.683328
# REG t=3448.00 tp n=7 rho=[0.039 0.530 0.586 0.850] gr=0.00000 fl=1.000 | ba n=25709 rho=[0.094 0.496 0.848 0.963] gr=0.00007 fl=0.928
t= 3452.00 -1.20e-15 | 1.6649 16.39  22180   15 442819 443091 | 1.4288 14.76 | 5.02e-03 1.71e-02 |   2.8639 0.4101  1.3804  1.4323 0.500 16.33 | edge_dev mean=0.1794 max=0.4407 gg=0.1420 shape_dev=0.4700 xbar=0.1905 | T0 psi=(-0.175,-1.398,-0.177) ggm=0.000 circ=+0.0327 xUDD=(0.102,0.132,0.610) | T1 psi=(+1.962,+0.569,+1.697) ggm=0.000 circ=+10.5842 xUDD=(0.004,0.003,0.292) | sep=2.6763
# CONVTAG t=3452.00 rough=0.302694 cond=41.457053 evap=45.694472 backs=5.999630
# CANT t=3452.00 a_tag=1.0000 a_max=1.0000 xl_tag=0.4656 nlock=6 tune=197.854011
# REG t=3452.00 tp n=7 rho=[0.331 0.635 0.645 0.850] gr=0.00000 fl=1.000 | ba n=25677 rho=[0.095 0.496 0.848 0.962] gr=0.00007 fl=0.929
t= 3456.00 -1.20e-15 | 1.6643 16.37  22147   13 443320 443577 | 1.4284 14.76 | 4.39e-03 1.57e-02 |   3.0106 0.4311  1.6450  1.4747 0.500 16.33 | edge_dev mean=0.1838 max=0.4434 gg=0.1966 shape_dev=0.4598 xbar=0.2001 | T0 psi=(-0.001,+0.217,-2.556) ggm=0.000 circ=+0.0320 xUDD=(0.098,0.080,0.612) | T1 psi=(+1.967,-1.639,-1.803) ggm=0.000 circ=+10.5842 xUDD=(0.006,0.003,0.403) | sep=2.6719
# CONVTAG t=3456.00 rough=0.302694 cond=41.457053 evap=45.694472 backs=5.999630
# CANT t=3456.00 a_tag=1.0000 a_max=1.0000 xl_tag=0.4656 nlock=6 tune=198.054013
# REG t=3456.00 tp n=7 rho=[0.172 0.697 0.793 0.850] gr=0.00000 fl=1.000 | ba n=25695 rho=[0.095 0.499 0.849 0.962] gr=0.00007 fl=0.928
t= 3460.00 -1.20e-15 | 1.6645 16.35  22124   13 443864 444093 | 1.4282 14.76 | 1.15e-02 2.53e-02 |   2.9438 0.4215  1.7284  1.4704 0.500 16.17 | edge_dev mean=0.1819 max=0.4460 gg=0.2021 shape_dev=0.4701 xbar=0.1958 | T0 psi=(-0.017,-2.913,+0.284) ggm=0.000 circ=+0.0340 xUDD=(0.075,0.072,0.599) | T1 psi=(+2.074,+2.587,+0.366) ggm=0.000 circ=+10.5842 xUDD=(0.016,0.003,0.411) | sep=2.6804
# CONVTAG t=3460.00 rough=0.302694 cond=41.457053 evap=45.694472 backs=5.999630
# CANT t=3460.00 a_tag=1.0000 a_max=1.0000 xl_tag=0.4656 nlock=6 tune=198.271096
# REG t=3460.00 tp n=7 rho=[0.172 0.700 0.850 0.900] gr=0.00000 fl=1.000 | ba n=25723 rho=[0.095 0.500 0.849 0.962] gr=0.00007 fl=0.927
t= 3464.00 -1.20e-15 | 1.6647 16.38  22160    5 444387 444641 | 1.4286 14.76 | 6.41e-03 1.69e-02 |   2.6989 0.3865  1.6327  1.4502 1.000 16.83 | edge_dev mean=0.1793 max=0.4434 gg=0.2123 shape_dev=0.4812 xbar=0.1808 | T0 psi=(+0.017,-0.049,-2.881) ggm=0.000 circ=+0.0413 xUDD=(0.073,0.070,0.581) | T1 psi=(+2.254,-1.260,-2.676) ggm=0.000 circ=+10.5841 xUDD=(0.015,0.005,0.341) | sep=2.6874
# CONVTAG t=3464.00 rough=0.302694 cond=41.457053 evap=45.694472 backs=5.999630
# CANT t=3464.00 a_tag=1.0000 a_max=1.0000 xl_tag=0.4656 nlock=6 tune=198.486275
# REG t=3464.00 tp n=7 rho=[0.172 0.629 0.759 0.927] gr=0.00000 fl=1.000 | ba n=25706 rho=[0.097 0.496 0.844 0.960] gr=0.00007 fl=0.928
t= 3468.00 -1.20e-15 | 1.6646 16.39  22171   17 444914 445168 | 1.4286 14.76 | 8.88e-03 2.61e-02 |   3.2160 0.4605  1.8886  1.5118 1.000 16.83 | edge_dev mean=0.1750 max=0.4364 gg=0.2744 shape_dev=0.4744 xbar=0.2137 | T0 psi=(+0.009,+2.066,+1.303) ggm=0.000 circ=+0.0380 xUDD=(0.069,0.085,0.578) | T1 psi=(+2.160,+1.330,+2.103) ggm=0.000 circ=+10.5840 xUDD=(0.009,0.002,0.538) | sep=2.6874
# CONVTAG t=3468.00 rough=0.302694 cond=41.457053 evap=45.694472 backs=5.999630
# CANT t=3468.00 a_tag=1.0000 a_max=1.0000 xl_tag=0.4656 nlock=6 tune=198.735486
# REG t=3468.00 tp n=7 rho=[0.172 0.673 0.814 0.861] gr=0.00000 fl=1.000 | ba n=25694 rho=[0.097 0.498 0.843 0.960] gr=0.00007 fl=0.928
t= 3472.00 -1.07e-15 | 1.6646 16.37  22147    9 445409 445666 | 1.4283 14.75 | 7.09e-03 1.92e-02 |   3.5133 0.5031  1.9639  1.4798 1.000 16.67 | edge_dev mean=0.1707 max=0.4701 gg=0.2871 shape_dev=0.4167 xbar=0.2339 | T0 psi=(-0.009,-1.842,-0.834) ggm=0.000 circ=+0.0526 xUDD=(0.071,0.081,0.588) | T1 psi=(+2.639,-3.050,+0.312) ggm=0.000 circ=+10.5838 xUDD=(0.015,0.030,0.619) | sep=2.6652
# CONVTAG t=3472.00 rough=0.302694 cond=41.457053 evap=45.694472 backs=5.999630
# CANT t=3472.00 a_tag=1.0000 a_max=1.0000 xl_tag=0.4656 nlock=6 tune=198.965825
# REG t=3472.00 tp n=7 rho=[0.172 0.404 0.697 0.815] gr=0.00001 fl=1.000 | ba n=25698 rho=[0.096 0.496 0.845 0.961] gr=0.00007 fl=0.928
t= 3476.00 -1.20e-15 | 1.6650 16.36  22135    8 445914 446167 | 1.4282 14.75 | 7.60e-03 1.86e-02 |   3.4649 0.4962  1.8545  1.4870 1.000 16.50 | edge_dev mean=0.1658 max=0.4891 gg=0.2928 shape_dev=0.3748 xbar=0.2306 | T0 psi=(+0.009,+0.726,-3.140) ggm=0.000 circ=-0.0478 xUDD=(0.097,0.089,0.591) | T1 psi=(+2.587,+1.067,+2.840) ggm=0.000 circ=+10.5835 xUDD=(0.019,0.021,0.567) | sep=2.6435
# CONVTAG t=3476.00 rough=0.302694 cond=42.020476 evap=46.494225 backs=6.103946
# CANT t=3476.00 a_tag=1.0000 a_max=1.0000 xl_tag=0.4656 nlock=6 tune=199.191781
# REG t=3476.00 tp n=7 rho=[0.080 0.496 0.686 0.806] gr=0.00002 fl=1.000 | ba n=25704 rho=[0.093 0.492 0.844 0.960] gr=0.00007 fl=0.927
t= 3480.00 -1.20e-15 | 1.6650 16.36  22129   12 446428 446686 | 1.4281 14.75 | 6.17e-03 1.74e-02 |   3.8156 0.5464  1.7487  1.5138 1.000 16.33 | edge_dev mean=0.1537 max=0.4961 gg=0.2646 shape_dev=0.3437 xbar=0.2541 | T0 psi=(-0.011,-2.749,+0.748) ggm=0.000 circ=-0.0191 xUDD=(0.180,0.094,0.602) | T1 psi=(+2.953,-0.874,-1.730) ggm=0.000 circ=+10.5828 xUDD=(0.019,0.036,0.594) | sep=2.6312
# CONVTAG t=3480.00 rough=0.302694 cond=42.295994 evap=46.494225 backs=6.103946
# CANT t=3480.00 a_tag=1.0000 a_max=1.0000 xl_tag=0.4656 nlock=6 tune=199.395286
# REG t=3480.00 tp n=7 rho=[0.080 0.672 0.764 0.798] gr=0.00002 fl=1.000 | ba n=25694 rho=[0.094 0.494 0.842 0.960] gr=0.00007 fl=0.927
t= 3484.00 -1.20e-15 | 1.6645 16.37  22151    9 446882 447168 | 1.4283 14.75 | 6.69e-03 1.93e-02 |   3.9495 0.5656  1.8591  1.4631 1.000 16.00 | edge_dev mean=0.1462 max=0.4806 gg=0.3108 shape_dev=0.3059 xbar=0.2627 | T0 psi=(+0.003,-0.258,-1.921) ggm=0.000 circ=-0.0143 xUDD=(0.112,0.104,0.619) | T1 psi=(+2.773,+1.968,+2.730) ggm=0.000 circ=+10.5821 xUDD=(0.032,0.065,0.644) | sep=2.6114
# CONVTAG t=3484.00 rough=0.302694 cond=42.472405 evap=46.494225 backs=6.103946
# CANT t=3484.00 a_tag=1.0000 a_max=1.0000 xl_tag=0.4656 nlock=6 tune=199.773062
# REG t=3484.00 tp n=7 rho=[0.080 0.771 0.777 0.803] gr=0.00001 fl=1.000 | ba n=25669 rho=[0.095 0.495 0.845 0.961] gr=0.00007 fl=0.928
t= 3488.00 -1.20e-15 | 1.6643 16.35  22123   17 447402 447683 | 1.4279 14.75 | 6.78e-03 1.65e-02 |   3.9106 0.5600  1.8444  1.4503 1.000 16.17 | edge_dev mean=0.1476 max=0.4633 gg=0.3007 shape_dev=0.2617 xbar=0.2603 | T0 psi=(+0.038,+2.568,+1.399) ggm=0.000 circ=-0.0197 xUDD=(0.107,0.109,0.610) | T1 psi=(+2.999,+1.531,+2.779) ggm=0.000 circ=+10.5815 xUDD=(0.050,0.064,0.621) | sep=2.5870
# CONVTAG t=3488.00 rough=0.302694 cond=42.472405 evap=46.494225 backs=6.103946
# CANT t=3488.00 a_tag=1.0000 a_max=1.0000 xl_tag=0.4656 nlock=6 tune=199.956623
# REG t=3488.00 tp n=7 rho=[0.080 0.713 0.770 0.954] gr=0.00001 fl=1.000 | ba n=25667 rho=[0.094 0.495 0.846 0.962] gr=0.00007 fl=0.928
t= 3492.00 -1.20e-15 | 1.6642 16.37  22148   20 447885 448162 | 1.4283 14.75 | 6.72e-03 1.44e-02 |   4.0268 0.5766  1.7934  1.4280 1.000 16.00 | edge_dev mean=0.1565 max=0.4812 gg=0.1651 shape_dev=0.2554 xbar=0.2680 | T0 psi=(-0.088,+2.197,+2.296) ggm=0.000 circ=-0.0104 xUDD=(0.081,0.145,0.643) | T1 psi=(+2.318,-0.276,-0.091) ggm=0.000 circ=+10.5813 xUDD=(0.069,0.081,0.589) | sep=2.5722
# CONVTAG t=3492.00 rough=0.302694 cond=42.909176 evap=46.954965 backs=6.164042
# CANT t=3492.00 a_tag=1.0000 a_max=1.0000 xl_tag=0.4656 nlock=6 tune=200.255800
# REG t=3492.00 tp n=7 rho=[0.152 0.625 0.659 0.971] gr=0.00002 fl=1.000 | ba n=25666 rho=[0.095 0.494 0.846 0.963] gr=0.00007 fl=0.927
t= 3496.00 -1.20e-15 | 1.6642 16.38  22167   14 448416 448677 | 1.4286 14.76 | 1.29e-02 2.62e-02 |   3.8382 0.5496  1.7527  1.4093 1.000 15.67 | edge_dev mean=0.1554 max=0.5027 gg=0.2158 shape_dev=0.2801 xbar=0.2563 | T0 psi=(+0.003,-2.147,+0.056) ggm=0.000 circ=+0.0102 xUDD=(0.105,0.110,0.618) | T1 psi=(+2.254,-0.754,+0.582) ggm=0.000 circ=+10.5817 xUDD=(0.107,0.100,0.498) | sep=2.5543
# CONVTAG t=3496.00 rough=0.302694 cond=42.909176 evap=46.954965 backs=6.164042
# CANT t=3496.00 a_tag=1.0000 a_max=1.0000 xl_tag=0.4656 nlock=6 tune=200.629480
# REG t=3496.00 tp n=7 rho=[0.057 0.619 0.662 0.971] gr=0.00002 fl=1.000 | ba n=25689 rho=[0.098 0.495 0.842 0.962] gr=0.00007 fl=0.927
t= 3500.00 -1.20e-15 | 1.6646 16.37  22143    3 448932 449187 | 1.4283 14.76 | 4.93e-03 1.46e-02 |   2.8547 0.4088  1.7092  1.3943 1.000 16.00 | edge_dev mean=0.1576 max=0.4801 gg=0.1617 shape_dev=0.2719 xbar=0.1897 | T0 psi=(+0.048,+0.498,+2.900) ggm=0.000 circ=-0.0181 xUDD=(0.078,0.068,0.546) | T1 psi=(+2.126,-0.637,-1.044) ggm=0.000 circ=+10.5817 xUDD=(0.086,0.001,0.359) | sep=2.5601
# CONVTAG t=3500.00 rough=0.302694 cond=42.909176 evap=47.262807 backs=6.204196
# CANT t=3500.00 a_tag=1.0000 a_max=1.0000 xl_tag=0.4656 nlock=6 tune=201.375326
# REG t=3500.00 tp n=7 rho=[0.129 0.552 0.665 0.969] gr=0.00002 fl=1.000 | ba n=25706 rho=[0.098 0.501 0.847 0.962] gr=0.00007 fl=0.926
t= 3504.00 -1.20e-15 | 1.6644 16.37  22155    4 449381 449640 | 1.4285 14.76 | 6.69e-03 1.42e-02 |   3.5571 0.5094  1.9944  1.4057 1.000 16.33 | edge_dev mean=0.1570 max=0.4704 gg=0.2654 shape_dev=0.2532 xbar=0.2420 | T0 psi=(-0.022,+2.666,+0.997) ggm=0.000 circ=-0.0153 xUDD=(0.059,0.063,0.577) | T1 psi=(+2.975,-1.623,-0.589) ggm=0.000 circ=+10.5816 xUDD=(0.102,0.030,0.620) | sep=2.5744
# CONVTAG t=3504.00 rough=0.302694 cond=42.909176 evap=47.262807 backs=6.204196
# CANT t=3504.00 a_tag=1.0000 a_max=1.0000 xl_tag=0.4656 nlock=6 tune=201.660884
# REG t=3504.00 tp n=7 rho=[0.420 0.693 0.782 0.937] gr=0.00002 fl=1.000 | ba n=25701 rho=[0.100 0.498 0.845 0.962] gr=0.00007 fl=0.927
t= 3508.00 -1.20e-15 | 1.6644 16.37  22142    9 449862 450120 | 1.4283 14.76 | 5.18e-03 1.56e-02 |   3.2880 0.4708  1.8685  1.4086 1.000 16.33 | edge_dev mean=0.1515 max=0.4607 gg=0.2535 shape_dev=0.2655 xbar=0.2185 | T0 psi=(-0.037,-0.451,-1.988) ggm=0.000 circ=-0.0166 xUDD=(0.062,0.069,0.583) | T1 psi=(+3.019,+1.372,+2.031) ggm=0.000 circ=+10.5814 xUDD=(0.049,0.016,0.532) | sep=2.5925
# CONVTAG t=3508.00 rough=0.302694 cond=42.909176 evap=47.567195 backs=6.243899
# CANT t=3508.00 a_tag=1.0000 a_max=1.0000 xl_tag=0.4656 nlock=6 tune=201.867870
# REG t=3508.00 tp n=7 rho=[0.420 0.761 0.843 0.937] gr=0.00001 fl=1.000 | ba n=25697 rho=[0.095 0.491 0.839 0.961] gr=0.00007 fl=0.927
t= 3512.00 -1.20e-15 | 1.6642 16.37  22155   17 450335 450595 | 1.4284 14.75 | 3.79e-03 1.65e-02 |   3.2259 0.4619  1.9313  1.3981 1.000 16.17 | edge_dev mean=0.1529 max=0.4567 gg=0.2176 shape_dev=0.2814 xbar=0.2148 | T0 psi=(-0.073,+2.398,+1.366) ggm=0.000 circ=-0.0303 xUDD=(0.058,0.047,0.581) | T1 psi=(+2.972,-1.795,-0.996) ggm=0.000 circ=+10.5806 xUDD=(0.033,0.015,0.554) | sep=2.6113
# CONVTAG t=3512.00 rough=0.302694 cond=42.909176 evap=47.567195 backs=6.243899
# CANT t=3512.00 a_tag=1.0000 a_max=1.0000 xl_tag=0.4656 nlock=6 tune=202.035172
# REG t=3512.00 tp n=7 rho=[0.371 0.578 0.766 0.937] gr=0.00003 fl=1.000 | ba n=25687 rho=[0.092 0.483 0.842 0.962] gr=0.00007 fl=0.927
t= 3516.00 -1.20e-15 | 1.6643 16.38  22156    9 450802 451087 | 1.4284 14.75 | 3.81e-03 1.46e-02 |   3.1083 0.4451  2.0031  1.3919 1.000 16.00 | edge_dev mean=0.1568 max=0.4634 gg=0.1997 shape_dev=0.3279 xbar=0.2070 | T0 psi=(-0.086,-1.189,-1.458) ggm=0.000 circ=-0.0289 xUDD=(0.040,0.035,0.573) | T1 psi=(+3.017,+0.738,+2.559) ggm=0.000 circ=+10.5798 xUDD=(0.040,0.018,0.536) | sep=2.6399
# CONVTAG t=3516.00 rough=0.302694 cond=42.909176 evap=47.567195 backs=6.243899
# CANT t=3516.00 a_tag=1.0000 a_max=1.0000 xl_tag=0.4656 nlock=6 tune=202.168364
# REG t=3516.00 tp n=7 rho=[0.146 0.595 0.785 0.937] gr=0.00002 fl=1.000 | ba n=25670 rho=[0.093 0.480 0.840 0.963] gr=0.00007 fl=0.928
t= 3520.00 -1.20e-15 | 1.6645 16.38  22164   13 451270 451563 | 1.4286 14.76 | 5.10e-03 1.57e-02 |   2.4329 0.3484  1.7306  1.3604 1.000 15.67 | edge_dev mean=0.1636 max=0.4575 gg=0.2719 shape_dev=0.3743 xbar=0.1619 | T0 psi=(-0.035,+0.925,+2.575) ggm=0.000 circ=-0.0271 xUDD=(0.034,0.033,0.567) | T1 psi=(+2.471,+1.196,+1.556) ggm=0.000 circ=+10.5796 xUDD=(0.021,0.001,0.315) | sep=2.6604
# CONVTAG t=3520.00 rough=0.302694 cond=42.909176 evap=47.567195 backs=6.243899
# CANT t=3520.00 a_tag=1.0000 a_max=1.0000 xl_tag=0.4656 nlock=6 tune=202.403239
# REG t=3520.00 tp n=7 rho=[0.420 0.799 0.806 0.936] gr=0.00002 fl=1.000 | ba n=25656 rho=[0.093 0.487 0.839 0.962] gr=0.00007 fl=0.928
t= 3524.00 -1.20e-15 | 1.6645 16.40  22183   11 451775 452076 | 1.4288 14.76 | 8.59e-03 2.13e-02 |   2.5115 0.3596  1.8236  1.4044 1.000 16.17 | edge_dev mean=0.1611 max=0.4405 gg=0.2398 shape_dev=0.4248 xbar=0.1671 | T0 psi=(-0.041,-2.690,-0.187) ggm=0.000 circ=-0.0260 xUDD=(0.033,0.030,0.565) | T1 psi=(+2.673,-0.842,-3.042) ggm=0.000 circ=+10.5799 xUDD=(0.012,0.004,0.358) | sep=2.6866
# CONVTAG t=3524.00 rough=0.302694 cond=42.909176 evap=47.567195 backs=6.243899
# CANT t=3524.00 a_tag=1.0000 a_max=1.0000 xl_tag=0.4656 nlock=6 tune=202.548092
# REG t=3524.00 tp n=7 rho=[0.420 0.817 0.936 0.978] gr=0.00002 fl=1.000 | ba n=25647 rho=[0.096 0.494 0.841 0.961] gr=0.00007 fl=0.929
t= 3528.00 -1.20e-15 | 1.6647 16.40  22189    7 452261 452538 | 1.4289 14.76 | 4.99e-03 1.44e-02 |   3.0575 0.4378  2.1286  1.4319 1.000 15.83 | edge_dev mean=0.1639 max=0.4557 gg=0.2847 shape_dev=0.4153 xbar=0.2036 | T0 psi=(-0.058,-0.668,-2.184) ggm=0.000 circ=-0.0164 xUDD=(0.027,0.026,0.568) | T1 psi=(+2.628,+1.565,+2.059) ggm=0.000 circ=+10.5799 xUDD=(0.015,0.012,0.574) | sep=2.6801
# CONVTAG t=3528.00 rough=0.302694 cond=42.909176 evap=47.567195 backs=6.243899
# CANT t=3528.00 a_tag=1.0000 a_max=1.0000 xl_tag=0.4656 nlock=6 tune=202.621065
# REG t=3528.00 tp n=7 rho=[0.420 0.817 0.890 0.933] gr=0.00002 fl=1.000 | ba n=25678 rho=[0.096 0.491 0.840 0.961] gr=0.00007 fl=0.928
t= 3532.00 -1.20e-15 | 1.6647 16.38  22158   13 452762 453023 | 1.4284 14.75 | 6.51e-03 1.82e-02 |   3.0552 0.4375  2.1650  1.4188 1.000 15.83 | edge_dev mean=0.1725 max=0.4514 gg=0.3415 shape_dev=0.4009 xbar=0.2035 | T0 psi=(-0.079,+1.416,+1.897) ggm=0.000 circ=-0.0140 xUDD=(0.021,0.022,0.563) | T1 psi=(+2.703,+1.878,+1.328) ggm=0.000 circ=+10.5799 xUDD=(0.016,0.016,0.583) | sep=2.6649
# CONVTAG t=3532.00 rough=0.302694 cond=42.909176 evap=47.567195 backs=6.243899
# CANT t=3532.00 a_tag=1.0000 a_max=1.0000 xl_tag=0.4656 nlock=6 tune=202.654998
# REG t=3532.00 tp n=7 rho=[0.086 0.679 0.746 0.978] gr=0.00002 fl=1.000 | ba n=25689 rho=[0.096 0.485 0.839 0.961] gr=0.00007 fl=0.927
t= 3536.00 -1.20e-15 | 1.6650 16.38  22159   10 453211 453488 | 1.4284 14.75 | 6.80e-03 2.20e-02 |   2.9387 0.4208  2.1401  1.4123 1.000 16.17 | edge_dev mean=0.2014 max=0.4738 gg=0.2949 shape_dev=0.4160 xbar=0.1957 | T0 psi=(-0.070,-2.676,-0.355) ggm=0.000 circ=-0.0137 xUDD=(0.018,0.018,0.565) | T1 psi=(+2.580,+1.393,+1.257) ggm=0.000 circ=+10.5799 xUDD=(0.007,0.017,0.548) | sep=2.6491
# CONVTAG t=3536.00 rough=0.302694 cond=42.909176 evap=47.567195 backs=6.243899
# CANT t=3536.00 a_tag=1.0000 a_max=1.0000 xl_tag=0.4656 nlock=6 tune=202.686864
# REG t=3536.00 tp n=7 rho=[0.022 0.679 0.699 0.816] gr=0.00002 fl=1.000 | ba n=25675 rho=[0.097 0.488 0.840 0.962] gr=0.00007 fl=0.928
t= 3540.00 -1.20e-15 | 1.6647 16.41  22196    7 453676 453976 | 1.4288 14.75 | 7.07e-03 2.12e-02 |   2.9195 0.4181  2.1734  1.4016 1.000 16.83 | edge_dev mean=0.2178 max=0.4807 gg=0.2708 shape_dev=0.4206 xbar=0.1945 | T0 psi=(-0.086,-0.536,-2.798) ggm=0.000 circ=-0.0104 xUDD=(0.015,0.016,0.564) | T1 psi=(+2.268,+0.846,+1.853) ggm=0.000 circ=+10.5798 xUDD=(0.007,0.014,0.551) | sep=2.6319
# CONVTAG t=3540.00 rough=0.302694 cond=42.909176 evap=47.567195 backs=6.243899
# CANT t=3540.00 a_tag=1.0000 a_max=1.0000 xl_tag=0.4656 nlock=6 tune=202.718682
# REG t=3540.00 tp n=7 rho=[0.015 0.679 0.695 0.940] gr=0.00002 fl=1.000 | ba n=25659 rho=[0.097 0.488 0.836 0.961] gr=0.00007 fl=0.929
t= 3544.00 -1.20e-15 | 1.6650 16.37  22146   11 454210 454497 | 1.4282 14.75 | 1.41e-02 3.54e-02 |   2.9662 0.4248  2.2050  1.4049 1.000 16.50 | edge_dev mean=0.2242 max=0.4897 gg=0.2760 shape_dev=0.4428 xbar=0.1976 | T0 psi=(-0.074,+1.786,+1.300) ggm=0.000 circ=-0.0116 xUDD=(0.012,0.013,0.561) | T1 psi=(+2.287,+0.530,+2.241) ggm=0.000 circ=+10.5798 xUDD=(0.008,0.013,0.579) | sep=2.6469
# CONVTAG t=3544.00 rough=0.302694 cond=42.909176 evap=47.567195 backs=6.243899
# CANT t=3544.00 a_tag=1.0000 a_max=1.0000 xl_tag=0.4656 nlock=6 tune=202.745341
# REG t=3544.00 tp n=7 rho=[0.013 0.679 0.704 0.875] gr=0.00001 fl=1.000 | ba n=25667 rho=[0.095 0.482 0.835 0.961] gr=0.00007 fl=0.928
t= 3548.00 -1.07e-15 | 1.6648 16.38  22162   15 454711 455004 | 1.4285 14.76 | 6.35e-03 1.60e-02 |   2.0881 0.2990  1.6987  1.2857 1.000 16.50 | edge_dev mean=0.2226 max=0.4905 gg=0.2662 shape_dev=0.4513 xbar=0.1391 | T0 psi=(-0.078,-2.378,-0.857) ggm=0.000 circ=-0.0125 xUDD=(0.010,0.013,0.559) | T1 psi=(+2.083,-0.789,+2.316) ggm=0.000 circ=+10.5799 xUDD=(0.011,0.009,0.232) | sep=2.6506
# CONVTAG t=3548.00 rough=0.302694 cond=42.909176 evap=47.886182 backs=6.285506
# CANT t=3548.00 a_tag=1.0000 a_max=1.0000 xl_tag=0.4656 nlock=6 tune=202.774520
# REG t=3548.00 tp n=7 rho=[0.011 0.679 0.701 0.843] gr=0.00001 fl=1.000 | ba n=25656 rho=[0.095 0.482 0.836 0.961] gr=0.00007 fl=0.929
t= 3552.00 -1.20e-15 | 1.6645 16.38  22157   14 455204 455487 | 1.4283 14.75 | 8.59e-03 2.25e-02 |   2.0453 0.2929  1.6039  1.2541 1.000 16.33 | edge_dev mean=0.2120 max=0.4730 gg=0.2440 shape_dev=0.4599 xbar=0.1362 | T0 psi=(-0.041,-0.467,-2.834) ggm=0.000 circ=-0.0169 xUDD=(0.013,0.020,0.561) | T1 psi=(+2.197,-0.588,+1.815) ggm=0.000 circ=+10.5799 xUDD=(0.010,0.013,0.200) | sep=2.6658
# CONVTAG t=3552.00 rough=0.302694 cond=42.909176 evap=47.886182 backs=6.285506
# CANT t=3552.00 a_tag=1.0000 a_max=1.0000 xl_tag=0.4656 nlock=6 tune=202.805682
# REG t=3552.00 tp n=7 rho=[0.009 0.669 0.679 0.704] gr=0.00001 fl=1.000 | ba n=25666 rho=[0.093 0.477 0.836 0.960] gr=0.00007 fl=0.928
t= 3556.00 -1.20e-15 | 1.6647 16.39  22172   10 455696 456001 | 1.4286 14.76 | 6.21e-03 1.75e-02 |   2.2336 0.3198  1.7209  1.3115 1.000 16.33 | edge_dev mean=0.1970 max=0.4622 gg=0.2003 shape_dev=0.4380 xbar=0.1488 | T0 psi=(-0.111,+1.536,+1.544) ggm=0.000 circ=-0.0169 xUDD=(0.014,0.022,0.563) | T1 psi=(+2.321,+0.681,+1.216) ggm=0.000 circ=+10.5798 xUDD=(0.009,0.017,0.268) | sep=2.6664
# CONVTAG t=3556.00 rough=0.302694 cond=42.909176 evap=47.886182 backs=6.285506
# CANT t=3556.00 a_tag=1.0000 a_max=1.0000 xl_tag=0.4656 nlock=6 tune=202.837591
# REG t=3556.00 tp n=7 rho=[0.008 0.679 0.712 0.776] gr=0.00001 fl=1.000 | ba n=25647 rho=[0.092 0.484 0.840 0.961] gr=0.00007 fl=0.929
t= 3560.00 -1.20e-15 | 1.6646 16.37  22145   14 456197 456459 | 1.4283 14.76 | 6.75e-03 1.63e-02 |   2.3962 0.3431  1.8076  1.3593 1.000 16.83 | edge_dev mean=0.1928 max=0.4740 gg=0.2077 shape_dev=0.4173 xbar=0.1596 | T0 psi=(-0.038,-3.084,-0.221) ggm=0.000 circ=-0.0153 xUDD=(0.020,0.027,0.564) | T1 psi=(+2.397,-2.485,-1.560) ggm=0.000 circ=+10.5798 xUDD=(0.005,0.003,0.339) | sep=2.6520
# CONVTAG t=3560.00 rough=0.302694 cond=42.909176 evap=47.886182 backs=6.285506
# CANT t=3560.00 a_tag=1.0000 a_max=1.0000 xl_tag=0.4656 nlock=6 tune=202.960956
# REG t=3560.00 tp n=7 rho=[0.008 0.659 0.865 0.882] gr=0.00001 fl=1.000 | ba n=25689 rho=[0.092 0.483 0.838 0.960] gr=0.00007 fl=0.927
t= 3564.00 -1.20e-15 | 1.6645 16.36  22136   16 456697 456988 | 1.4282 14.76 | 9.58e-03 2.52e-02 |   2.5416 0.3640  1.8992  1.3773 1.000 16.33 | edge_dev mean=0.1951 max=0.4948 gg=0.1643 shape_dev=0.3983 xbar=0.1693 | T0 psi=(-0.270,-0.576,-2.305) ggm=0.000 circ=-0.0112 xUDD=(0.024,0.022,0.560) | T1 psi=(+2.505,+1.350,+1.251) ggm=0.000 circ=+10.5800 xUDD=(0.004,0.007,0.398) | sep=2.6313
# CONVTAG t=3564.00 rough=0.302694 cond=42.909176 evap=47.886182 backs=6.285506
# CANT t=3564.00 a_tag=1.0000 a_max=1.0000 xl_tag=0.4656 nlock=6 tune=203.000789
# REG t=3564.00 tp n=7 rho=[0.008 0.659 0.801 0.936] gr=0.00000 fl=1.000 | ba n=25658 rho=[0.093 0.478 0.835 0.959] gr=0.00007 fl=0.928
t= 3568.00 -1.20e-15 | 1.6644 16.38  22158    9 457178 457446 | 1.4284 14.75 | 8.43e-03 1.97e-02 |   2.7402 0.3924  2.0215  1.3750 1.000 16.33 | edge_dev mean=0.1889 max=0.4866 gg=0.2405 shape_dev=0.3631 xbar=0.1825 | T0 psi=(-0.043,+0.882,+1.988) ggm=0.000 circ=-0.0023 xUDD=(0.022,0.017,0.562) | T1 psi=(+2.348,+0.344,+2.994) ggm=0.000 circ=+10.5792 xUDD=(0.003,0.009,0.483) | sep=2.6042
# CONVTAG t=3568.00 rough=0.302694 cond=42.909176 evap=47.886182 backs=6.285506
# CANT t=3568.00 a_tag=1.0000 a_max=1.0000 xl_tag=0.4656 nlock=6 tune=203.030439
# REG t=3568.00 tp n=7 rho=[0.008 0.616 0.659 0.982] gr=0.00000 fl=1.000 | ba n=25690 rho=[0.092 0.481 0.834 0.960] gr=0.00007 fl=0.927
t= 3572.00 -1.20e-15 | 1.6640 16.34  22112   11 457631 457934 | 1.4279 14.75 | 5.54e-03 1.33e-02 |   2.8378 0.4064  2.0528  1.3643 1.000 16.67 | edge_dev mean=0.1819 max=0.4899 gg=0.2257 shape_dev=0.3386 xbar=0.1891 | T0 psi=(-0.032,+2.862,-0.075) ggm=0.000 circ=+0.0035 xUDD=(0.020,0.018,0.563) | T1 psi=(+2.269,-1.700,-0.683) ggm=0.000 circ=+10.5793 xUDD=(0.003,0.005,0.525) | sep=2.5957
# CONVTAG t=3572.00 rough=0.302694 cond=42.909176 evap=47.886182 backs=6.285506
# CANT t=3572.00 a_tag=1.0000 a_max=1.0000 xl_tag=0.4656 nlock=6 tune=203.100135
# REG t=3572.00 tp n=7 rho=[0.007 0.705 0.775 0.951] gr=0.00000 fl=1.000 | ba n=25652 rho=[0.095 0.488 0.840 0.960] gr=0.00007 fl=0.928
t= 3576.00 -1.07e-15 | 1.6643 16.35  22124    6 458113 458428 | 1.4280 14.75 | 7.50e-03 1.95e-02 |   2.7018 0.3869  2.0154  1.3496 1.000 16.67 | edge_dev mean=0.1755 max=0.4765 gg=0.2396 shape_dev=0.3322 xbar=0.1800 | T0 psi=(-0.035,-1.532,-1.953) ggm=0.000 circ=+0.0093 xUDD=(0.017,0.015,0.562) | T1 psi=(+2.807,-0.147,+2.884) ggm=0.000 circ=+10.5792 xUDD=(0.002,0.001,0.483) | sep=2.6013
# CONVTAG t=3576.00 rough=0.302694 cond=42.909176 evap=47.886182 backs=6.285506
# CANT t=3576.00 a_tag=1.0000 a_max=1.0000 xl_tag=0.4656 nlock=6 tune=203.183084
# REG t=3576.00 tp n=7 rho=[0.005 0.690 0.791 0.975] gr=0.00000 fl=1.000 | ba n=25641 rho=[0.094 0.492 0.846 0.960] gr=0.00007 fl=0.929
t= 3580.00 -1.07e-15 | 1.6645 16.35  22121    7 458637 458907 | 1.4279 14.74 | 5.28e-03 1.82e-02 |   2.5826 0.3698  2.0095  1.3327 1.000 16.50 | edge_dev mean=0.1716 max=0.4851 gg=0.2130 shape_dev=0.3434 xbar=0.1721 | T0 psi=(-0.063,+0.850,+1.811) ggm=0.000 circ=+0.0216 xUDD=(0.010,0.011,0.559) | T1 psi=(+2.825,+1.808,+0.957) ggm=0.000 circ=+10.5791 xUDD=(0.001,0.001,0.451) | sep=2.6095
# CONVTAG t=3580.00 rough=0.302694 cond=42.909176 evap=47.886182 backs=6.285506
# CANT t=3580.00 a_tag=1.0000 a_max=1.0000 xl_tag=0.4656 nlock=6 tune=203.227190
# REG t=3580.00 tp n=7 rho=[0.004 0.420 0.605 0.973] gr=0.00000 fl=1.000 | ba n=25689 rho=[0.095 0.486 0.843 0.961] gr=0.00007 fl=0.928
t= 3584.00 -1.20e-15 | 1.6641 16.36  22138   13 459178 459437 | 1.4280 14.74 | 4.90e-03 1.74e-02 |   2.9545 0.4231  2.0326  1.3712 1.000 16.50 | edge_dev mean=0.1744 max=0.4834 gg=0.2006 shape_dev=0.3569 xbar=0.1969 | T0 psi=(+0.009,-2.319,-0.878) ggm=0.000 circ=+0.0241 xUDD=(0.021,0.021,0.596) | T1 psi=(-3.090,-1.271,-2.534) ggm=0.000 circ=+10.5789 xUDD=(0.004,0.005,0.534) | sep=2.6208
# CONVTAG t=3584.00 rough=0.302694 cond=43.090012 evap=47.886182 backs=6.285506
# CANT t=3584.00 a_tag=1.0000 a_max=1.0000 xl_tag=0.4656 nlock=6 tune=203.387906
# REG t=3584.00 tp n=7 rho=[0.000 0.109 0.416 0.957] gr=0.00000 fl=1.000 | ba n=25696 rho=[0.095 0.482 0.840 0.961] gr=0.00007 fl=0.928
t= 3588.00 -1.20e-15 | 1.6641 16.35  22123    8 459670 459977 | 1.4278 14.73 | 7.74e-03 1.95e-02 |   3.0114 0.4312  2.0407  1.3922 1.000 16.33 | edge_dev mean=0.1827 max=0.5111 gg=0.2150 shape_dev=0.3680 xbar=0.2004 | T0 psi=(-0.015,+0.123,+3.008) ggm=0.000 circ=+0.0264 xUDD=(0.027,0.033,0.569) | T1 psi=(+3.090,+1.945,+0.989) ggm=0.000 circ=+10.5786 xUDD=(0.008,0.006,0.560) | sep=2.6253
# CONVTAG t=3588.00 rough=0.302694 cond=43.090012 evap=47.886182 backs=6.285506
# CANT t=3588.00 a_tag=1.0000 a_max=1.0000 xl_tag=0.4656 nlock=6 tune=203.500638
# REG t=3588.00 tp n=7 rho=[0.000 0.049 0.362 0.929] gr=0.00001 fl=1.000 | ba n=25652 rho=[0.095 0.488 0.842 0.962] gr=0.00007 fl=0.929
t= 3592.00 -1.20e-15 | 1.6642 16.36  22137   10 460193 460504 | 1.4280 14.74 | 1.02e-02 2.63e-02 |   2.8093 0.4023  1.8786  1.4084 1.000 16.17 | edge_dev mean=0.1824 max=0.5098 gg=0.2641 shape_dev=0.3639 xbar=0.1871 | T0 psi=(+0.030,+2.723,+0.555) ggm=0.000 circ=+0.0216 xUDD=(0.032,0.049,0.569) | T1 psi=(+2.451,+2.664,+1.132) ggm=0.000 circ=+10.5782 xUDD=(0.012,0.000,0.461) | sep=2.6287
# CONVTAG t=3592.00 rough=0.302694 cond=43.090012 evap=48.201953 backs=6.326693
# CANT t=3592.00 a_tag=1.0000 a_max=1.0000 xl_tag=0.4656 nlock=6 tune=203.597109
# REG t=3592.00 tp n=7 rho=[0.000 0.035 0.271 0.883] gr=0.00001 fl=1.000 | ba n=25646 rho=[0.093 0.494 0.842 0.961] gr=0.00007 fl=0.929
t= 3596.00 -1.20e-15 | 1.6643 16.35  22120    4 460691 460990 | 1.4278 14.74 | 9.84e-03 2.28e-02 |   2.8416 0.4069  1.8944  1.4070 1.000 16.33 | edge_dev mean=0.1761 max=0.4988 gg=0.1839 shape_dev=0.3436 xbar=0.1890 | T0 psi=(-0.115,-1.011,-1.791) ggm=0.000 circ=+0.0139 xUDD=(0.034,0.046,0.568) | T1 psi=(+2.987,+2.435,+0.385) ggm=0.000 circ=+10.5784 xUDD=(0.009,0.000,0.476) | sep=2.6148
# CONVTAG t=3596.00 rough=0.302694 cond=43.090012 evap=48.201953 backs=6.326693
# CANT t=3596.00 a_tag=1.0000 a_max=1.0000 xl_tag=0.4656 nlock=6 tune=203.731683
# REG t=3596.00 tp n=7 rho=[0.000 0.033 0.815 0.884] gr=0.00001 fl=1.000 | ba n=25664 rho=[0.093 0.481 0.841 0.959] gr=0.00007 fl=0.929
t= 3600.00 -1.20e-15 | 1.6645 16.35  22119   10 461233 461482 | 1.4279 14.74 | 4.79e-03 1.65e-02 |   2.8110 0.4025  1.9731  1.3875 1.000 16.33 | edge_dev mean=0.1799 max=0.5049 gg=0.1933 shape_dev=0.3433 xbar=0.1876 | T0 psi=(-0.053,+0.846,+2.311) ggm=0.000 circ=+0.0131 xUDD=(0.031,0.027,0.565) | T1 psi=(+3.060,-0.937,-2.575) ggm=0.000 circ=+10.5784 xUDD=(0.016,0.000,0.486) | sep=2.6125
# CONVTAG t=3600.00 rough=0.302694 cond=43.090012 evap=48.201953 backs=6.326693
# CANT t=3600.00 a_tag=1.0000 a_max=1.0000 xl_tag=0.4656 nlock=6 tune=203.846988
# REG t=3600.00 tp n=7 rho=[0.000 0.033 0.808 0.819] gr=0.00001 fl=1.000 | ba n=25707 rho=[0.092 0.489 0.844 0.960] gr=0.00007 fl=0.928
t= 3604.00 -1.20e-15 | 1.6644 16.35  22126   12 461720 461996 | 1.4280 14.75 | 4.82e-03 1.42e-02 |   2.8485 0.4079  2.0329  1.3875 1.000 16.17 | edge_dev mean=0.1849 max=0.5183 gg=0.2150 shape_dev=0.3619 xbar=0.1896 | T0 psi=(-0.036,+3.123,+0.088) ggm=0.000 circ=+0.0191 xUDD=(0.024,0.022,0.563) | T1 psi=(-2.780,+1.586,+0.514) ggm=0.000 circ=+10.5784 xUDD=(0.022,0.000,0.507) | sep=2.6241
# CONVTAG t=3604.00 rough=0.302694 cond=43.090012 evap=48.201953 backs=6.326693
# CANT t=3604.00 a_tag=1.0000 a_max=1.0000 xl_tag=0.4656 nlock=6 tune=203.972804
# REG t=3604.00 tp n=7 rho=[0.000 0.038 0.794 0.821] gr=0.00001 fl=1.000 | ba n=25678 rho=[0.093 0.489 0.842 0.961] gr=0.00007 fl=0.928
t= 3608.00 -1.20e-15 | 1.6647 16.34  22110    5 462231 462484 | 1.4278 14.75 | 1.02e-02 2.55e-02 |   2.5804 0.3695  2.2266  1.4043 1.000 16.17 | edge_dev mean=0.1916 max=0.5144 gg=0.1650 shape_dev=0.3691 xbar=0.1722 | T0 psi=(-0.045,-0.542,+2.993) ggm=0.000 circ=+0.0144 xUDD=(0.022,0.018,0.440) | T1 psi=(+2.953,-1.816,-1.228) ggm=0.000 circ=+10.5784 xUDD=(0.005,0.002,0.546) | sep=2.6331
# CONVTAG t=3608.00 rough=0.302694 cond=43.090012 evap=48.518805 backs=6.368022
# CANT t=3608.00 a_tag=1.0000 a_max=1.0000 xl_tag=0.4656 nlock=6 tune=204.081738
# REG t=3608.00 tp n=7 rho=[0.000 0.122 0.815 0.824] gr=0.00001 fl=1.000 | ba n=25708 rho=[0.092 0.491 0.843 0.961] gr=0.00007 fl=0.927
t= 3612.00 -1.20e-15 | 1.6648 16.31  22069   10 462701 462976 | 1.4273 14.75 | 1.01e-02 2.18e-02 |   2.5967 0.3718  2.2711  1.3345 1.000 16.00 | edge_dev mean=0.1907 max=0.5132 gg=0.1623 shape_dev=0.3483 xbar=0.1731 | T0 psi=(-0.054,+1.461,+0.918) ggm=0.000 circ=+0.0159 xUDD=(0.001,0.000,0.489) | T1 psi=(+2.512,-0.835,-1.306) ggm=0.000 circ=+10.5782 xUDD=(0.002,0.001,0.546) | sep=2.6251
# CONVTAG t=3612.00 rough=0.302694 cond=43.090012 evap=48.518805 backs=6.368022
# CANT t=3612.00 a_tag=1.0000 a_max=1.0000 xl_tag=0.4656 nlock=6 tune=204.211549
# REG t=3612.00 tp n=7 rho=[0.000 0.122 0.431 0.831] gr=0.00001 fl=1.000 | ba n=25682 rho=[0.092 0.493 0.844 0.962] gr=0.00007 fl=0.928
t= 3616.00 -1.07e-15 | 1.6646 16.34  22104    6 463211 463487 | 1.4277 14.75 | 4.53e-03 1.38e-02 |   2.2878 0.3276  2.1056  1.3359 1.000 16.17 | edge_dev mean=0.1843 max=0.5234 gg=0.1638 shape_dev=0.3582 xbar=0.1521 | T0 psi=(+0.006,-2.819,-1.150) ggm=0.000 circ=+0.0161 xUDD=(0.000,0.000,0.495) | T1 psi=(+2.739,+0.842,+2.449) ggm=0.000 circ=+10.5789 xUDD=(0.002,0.000,0.415) | sep=2.6370
# CONVTAG t=3616.00 rough=0.302694 cond=43.090012 evap=48.518805 backs=6.368022
# CANT t=3616.00 a_tag=1.0000 a_max=1.0000 xl_tag=0.4656 nlock=6 tune=204.248320
# REG t=3616.00 tp n=7 rho=[0.001 0.285 0.343 0.872] gr=0.00000 fl=1.000 | ba n=25685 rho=[0.093 0.491 0.845 0.962] gr=0.00007 fl=0.928
t= 3620.00 -1.07e-15 | 1.6644 16.32  22086    9 463655 463942 | 1.4276 14.75 | 6.70e-03 1.90e-02 |   1.9964 0.2859  1.8920  1.3199 1.000 16.17 | edge_dev mean=0.1874 max=0.5103 gg=0.1138 shape_dev=0.3263 xbar=0.1331 | T0 psi=(-0.312,+0.150,+2.799) ggm=0.000 circ=+0.0165 xUDD=(0.002,0.000,0.501) | T1 psi=(+3.026,+1.219,+0.822) ggm=0.000 circ=+10.5791 xUDD=(0.003,0.001,0.292) | sep=2.6262
# CONVTAG t=3620.00 rough=0.302694 cond=43.090012 evap=48.518805 backs=6.368022
# CANT t=3620.00 a_tag=1.0000 a_max=1.0000 xl_tag=0.4656 nlock=6 tune=204.279314
# REG t=3620.00 tp n=7 rho=[0.001 0.118 0.435 0.987] gr=0.00000 fl=1.000 | ba n=25668 rho=[0.093 0.492 0.848 0.962] gr=0.00007 fl=0.929
t= 3624.00 -1.07e-15 | 1.6648 16.34  22112    7 464104 464428 | 1.4279 14.75 | 1.15e-02 3.02e-02 |   2.0090 0.2877  1.8579  1.3274 1.000 16.33 | edge_dev mean=0.1954 max=0.4896 gg=0.0579 shape_dev=0.2848 xbar=0.1339 | T0 psi=(-0.123,+1.936,+0.759) ggm=0.000 circ=+0.0182 xUDD=(0.001,0.000,0.515) | T1 psi=(+2.741,-2.720,-0.996) ggm=0.000 circ=+10.5802 xUDD=(0.005,0.000,0.282) | sep=2.6136
# CONVTAG t=3624.00 rough=0.302694 cond=43.090012 evap=48.518805 backs=6.368022
# CANT t=3624.00 a_tag=1.0000 a_max=1.0000 xl_tag=0.4656 nlock=6 tune=204.333137
# REG t=3624.00 tp n=7 rho=[0.001 0.183 0.195 0.934] gr=0.00000 fl=1.000 | ba n=25635 rho=[0.095 0.493 0.843 0.962] gr=0.00007 fl=0.930
t= 3628.00 -1.20e-15 | 1.6649 16.37  22150    8 464586 464871 | 1.4284 14.76 | 4.79e-03 1.60e-02 |   2.0762 0.2973  1.8575  1.3341 1.000 16.67 | edge_dev mean=0.1970 max=0.4839 gg=0.0529 shape_dev=0.2617 xbar=0.1383 | T0 psi=(-0.357,-1.198,-1.871) ggm=0.000 circ=+0.0186 xUDD=(0.000,0.001,0.525) | T1 psi=(+3.091,-0.527,+2.501) ggm=0.000 circ=+10.5814 xUDD=(0.018,0.000,0.285) | sep=2.6041
# CONVTAG t=3628.00 rough=0.302694 cond=43.090012 evap=48.518805 backs=6.368022
# CANT t=3628.00 a_tag=1.0000 a_max=1.0000 xl_tag=0.4656 nlock=6 tune=204.392163
# REG t=3628.00 tp n=7 rho=[0.001 0.080 0.211 0.917] gr=0.00000 fl=1.000 | ba n=25672 rho=[0.095 0.491 0.841 0.961] gr=0.00007 fl=0.929
t= 3632.00 -1.20e-15 | 1.6652 16.36  22141    5 465042 465320 | 1.4284 14.77 | 5.94e-03 2.06e-02 |   1.9234 0.2754  1.6875  1.2484 1.000 16.67 | edge_dev mean=0.2017 max=0.5403 gg=0.0511 shape_dev=0.2281 xbar=0.1281 | T0 psi=(-0.580,+1.232,+2.499) ggm=0.000 circ=+0.0179 xUDD=(0.000,0.000,0.534) | T1 psi=(+2.872,+1.061,+1.301) ggm=0.000 circ=+10.5835 xUDD=(0.018,0.001,0.216) | sep=2.5848
# CONVTAG t=3632.00 rough=0.302694 cond=43.090012 evap=48.518805 backs=6.368022
# CANT t=3632.00 a_tag=1.0000 a_max=1.0000 xl_tag=0.4656 nlock=6 tune=204.464447
# REG t=3632.00 tp n=7 rho=[0.001 0.086 0.222 0.775] gr=0.00000 fl=1.000 | ba n=25681 rho=[0.093 0.487 0.838 0.961] gr=0.00007 fl=0.929
t= 3636.00 -1.20e-15 | 1.6647 16.37  22146    8 465469 465766 | 1.4284 14.76 | 8.66e-03 1.94e-02 |   1.9256 0.2757  1.6664  1.2537 1.000 16.50 | edge_dev mean=0.1952 max=0.5339 gg=0.0504 shape_dev=0.2527 xbar=0.1285 | T0 psi=(-0.463,+2.814,+0.649) ggm=0.000 circ=+0.0186 xUDD=(0.002,0.001,0.539) | T1 psi=(+2.524,+2.487,+0.254) ggm=0.000 circ=+10.5933 xUDD=(0.016,0.000,0.214) | sep=2.6012
# CONVTAG t=3636.00 rough=0.302694 cond=43.090012 evap=48.518805 backs=6.368022
# CANT t=3636.00 a_tag=1.0000 a_max=1.0000 xl_tag=0.4656 nlock=6 tune=204.520936
# REG t=3636.00 tp n=7 rho=[0.001 0.096 0.294 0.616] gr=0.00000 fl=1.000 | ba n=25659 rho=[0.094 0.490 0.841 0.961] gr=0.00007 fl=0.930
t= 3640.00 -1.20e-15 | 1.6647 16.36  22131    6 465982 466279 | 1.4282 14.76 | 6.78e-03 1.71e-02 |   1.7999 0.2577  1.5004  1.1591 1.000 16.17 | edge_dev mean=0.1942 max=0.5369 gg=0.0437 shape_dev=0.2843 xbar=0.1202 | T0 psi=(-0.113,-1.962,-1.408) ggm=0.000 circ=+0.0224 xUDD=(0.001,0.005,0.549) | T1 psi=(+2.652,-1.864,-2.374) ggm=0.000 circ=+10.5984 xUDD=(0.014,0.000,0.152) | sep=2.6100
# CONVTAG t=3640.00 rough=0.302694 cond=43.090012 evap=48.518805 backs=6.368022
# CANT t=3640.00 a_tag=1.0000 a_max=1.0000 xl_tag=0.4656 nlock=6 tune=204.583191
# REG t=3640.00 tp n=7 rho=[0.001 0.096 0.358 0.661] gr=0.00000 fl=1.000 | ba n=25659 rho=[0.093 0.489 0.843 0.961] gr=0.00007 fl=0.930
t= 3644.00 -1.20e-15 | 1.6648 16.35  22125   10 466468 466737 | 1.4282 14.76 | 8.10e-03 2.08e-02 |   1.8052 0.2585  1.4960  1.1565 1.000 16.50 | edge_dev mean=0.1968 max=0.5347 gg=0.0950 shape_dev=0.3240 xbar=0.1202 | T0 psi=(-0.698,+1.129,+2.911) ggm=0.000 circ=+0.0123 xUDD=(0.002,0.004,0.551) | T1 psi=(+2.570,-0.490,+2.502) ggm=0.000 circ=+10.6074 xUDD=(0.015,0.001,0.148) | sep=2.6287
# CONVTAG t=3644.00 rough=0.302694 cond=43.090012 evap=48.518805 backs=6.368022
# CANT t=3644.00 a_tag=1.0000 a_max=1.0000 xl_tag=0.4656 nlock=6 tune=204.664294
# REG t=3644.00 tp n=7 rho=[0.001 0.096 0.385 0.568] gr=0.00000 fl=1.000 | ba n=25684 rho=[0.092 0.494 0.845 0.962] gr=0.00007 fl=0.929
t= 3648.00 -1.20e-15 | 1.6645 16.34  22105   16 466969 467238 | 1.4279 14.76 | 8.09e-03 2.24e-02 |   2.0620 0.2953  1.7091  1.2996 1.000 16.33 | edge_dev mean=0.1913 max=0.5300 gg=0.0708 shape_dev=0.3141 xbar=0.1374 | T0 psi=(-0.833,-2.954,+0.979) ggm=0.000 circ=+0.0035 xUDD=(0.002,0.002,0.556) | T1 psi=(+2.498,-2.721,-0.679) ggm=0.000 circ=+10.6116 xUDD=(0.010,0.000,0.254) | sep=2.6248
# CONVTAG t=3648.00 rough=0.302694 cond=43.090012 evap=48.518805 backs=6.368022
# CANT t=3648.00 a_tag=1.0000 a_max=1.0000 xl_tag=0.4656 nlock=6 tune=204.715795
# REG t=3648.00 tp n=7 rho=[0.001 0.096 0.477 0.636] gr=0.00000 fl=1.000 | ba n=25680 rho=[0.094 0.495 0.843 0.962] gr=0.00007 fl=0.930
t= 3652.00 -1.20e-15 | 1.6650 16.33  22100   12 467509 467760 | 1.4278 14.75 | 5.57e-03 1.76e-02 |   1.9990 0.2863  1.6562  1.2664 1.000 16.33 | edge_dev mean=0.1846 max=0.5458 gg=0.1022 shape_dev=0.3009 xbar=0.1332 | T0 psi=(-0.599,-1.280,-1.364) ggm=0.000 circ=+0.0031 xUDD=(0.002,0.002,0.554) | T1 psi=(+2.723,-0.537,+3.025) ggm=0.000 circ=+10.6133 xUDD=(0.009,0.000,0.232) | sep=2.6171
# CONVTAG t=3652.00 rough=0.302694 cond=43.090012 evap=48.518805 backs=6.368022
# CANT t=3652.00 a_tag=1.0000 a_max=1.0000 xl_tag=0.4656 nlock=6 tune=204.748621
# REG t=3652.00 tp n=7 rho=[0.001 0.097 0.585 0.706] gr=0.00000 fl=1.000 | ba n=25701 rho=[0.095 0.497 0.846 0.962] gr=0.00007 fl=0.929
t= 3656.00 -1.20e-15 | 1.6650 16.37  22148   17 467996 468264 | 1.4284 14.76 | 6.22e-03 1.60e-02 |   1.8220 0.2609  1.5105  1.1640 1.000 16.33 | edge_dev mean=0.1888 max=0.5600 gg=0.1061 shape_dev=0.3081 xbar=0.1214 | T0 psi=(-0.481,+0.913,+2.468) ggm=0.000 circ=+0.0091 xUDD=(0.002,0.002,0.555) | T1 psi=(+2.846,+1.207,+0.552) ggm=0.000 circ=+10.6143 xUDD=(0.009,0.000,0.161) | sep=2.6143
# CONVTAG t=3656.00 rough=0.302694 cond=43.090012 evap=48.913045 backs=6.419444
# CANT t=3656.00 a_tag=1.0000 a_max=1.0000 xl_tag=0.4656 nlock=6 tune=204.795658
# REG t=3656.00 tp n=7 rho=[0.001 0.097 0.736 0.792] gr=0.00000 fl=1.000 | ba n=25679 rho=[0.099 0.497 0.843 0.962] gr=0.00007 fl=0.930
t= 3660.00 -1.20e-15 | 1.6644 16.37  22155    6 468499 468743 | 1.4284 14.75 | 4.54e-03 1.50e-02 |   1.8239 0.2612  1.5303  1.1717 1.000 16.17 | edge_dev mean=0.1938 max=0.5580 gg=0.1176 shape_dev=0.2875 xbar=0.1216 | T0 psi=(-0.463,-3.091,+0.217) ggm=0.000 circ=+0.0125 xUDD=(0.001,0.001,0.553) | T1 psi=(-3.031,+2.764,-1.790) ggm=0.000 circ=+10.6157 xUDD=(0.007,0.000,0.167) | sep=2.5997
# CONVTAG t=3660.00 rough=0.302694 cond=43.090012 evap=48.913045 backs=6.419444
# CANT t=3660.00 a_tag=1.0000 a_max=1.0000 xl_tag=0.4656 nlock=6 tune=204.833672
# REG t=3660.00 tp n=7 rho=[0.001 0.097 0.641 0.821] gr=0.00000 fl=1.000 | ba n=25714 rho=[0.097 0.498 0.843 0.961] gr=0.00007 fl=0.929
t= 3664.00 -1.20e-15 | 1.6649 16.36  22136   12 468987 469244 | 1.4282 14.75 | 3.77e-03 1.72e-02 |   1.7871 0.2559  1.5095  1.1527 1.000 16.50 | edge_dev mean=0.2009 max=0.5533 gg=0.1145 shape_dev=0.2715 xbar=0.1191 | T0 psi=(-0.455,-0.669,-2.110) ggm=0.000 circ=+0.0141 xUDD=(0.000,0.000,0.549) | T1 psi=(+3.138,-1.672,+2.932) ggm=0.000 circ=+10.6182 xUDD=(0.005,0.001,0.159) | sep=2.5848
# CONVTAG t=3664.00 rough=0.302694 cond=43.090012 evap=48.913045 backs=6.419444
# CANT t=3664.00 a_tag=1.0000 a_max=1.0000 xl_tag=0.4656 nlock=6 tune=204.867935
# REG t=3664.00 tp n=7 rho=[0.003 0.097 0.492 0.833] gr=0.00000 fl=1.000 | ba n=25695 rho=[0.098 0.507 0.845 0.962] gr=0.00007 fl=0.930
t= 3668.00 -1.20e-15 | 1.6648 16.35  22127   10 469498 469753 | 1.4280 14.75 | 1.30e-02 2.97e-02 |   1.7522 0.2509  1.5033  1.1515 1.000 16.50 | edge_dev mean=0.2095 max=0.5459 gg=0.1255 shape_dev=0.2849 xbar=0.1168 | T0 psi=(-0.358,+1.737,+1.818) ggm=0.000 circ=+0.0142 xUDD=(0.000,0.000,0.540) | T1 psi=(+2.905,+0.322,+1.261) ggm=0.000 circ=+10.6274 xUDD=(0.008,0.000,0.153) | sep=2.5862
# CONVTAG t=3668.00 rough=0.302694 cond=43.090012 evap=48.913045 backs=6.419444
# CANT t=3668.00 a_tag=1.0000 a_max=1.0000 xl_tag=0.4656 nlock=6 tune=204.913053
# REG t=3668.00 tp n=7 rho=[0.004 0.097 0.339 0.827] gr=0.00000 fl=1.000 | ba n=25702 rho=[0.100 0.503 0.844 0.961] gr=0.00007 fl=0.930
t= 3672.00 -1.20e-15 | 1.6645 16.38  22160   15 469972 470275 | 1.4285 14.76 | 4.28e-03 1.31e-02 |   1.7285 0.2475  1.4745  1.1305 1.000 16.17 | edge_dev mean=0.2096 max=0.5421 gg=0.1243 shape_dev=0.2986 xbar=0.1152 | T0 psi=(-0.051,-2.996,-0.201) ggm=0.000 circ=+0.0138 xUDD=(0.000,0.000,0.537) | T1 psi=(+2.783,+2.418,-0.698) ggm=0.000 circ=+10.6456 xUDD=(0.011,0.000,0.142) | sep=2.5871
# CONVTAG t=3672.00 rough=0.302694 cond=43.090012 evap=48.913045 backs=6.419444
# CANT t=3672.00 a_tag=1.0000 a_max=1.0000 xl_tag=0.4656 nlock=6 tune=204.962267
# REG t=3672.00 tp n=7 rho=[0.004 0.098 0.270 0.869] gr=0.00000 fl=1.000 | ba n=25650 rho=[0.100 0.505 0.845 0.962] gr=0.00007 fl=0.932
t= 3676.00 -1.20e-15 | 1.6645 16.36  22131    5 470465 470749 | 1.4282 14.76 | 7.20e-03 1.90e-02 |   1.7933 0.2568  1.4637  1.1314 1.000 16.17 | edge_dev mean=0.1925 max=0.5098 gg=0.1636 shape_dev=0.2930 xbar=0.1195 | T0 psi=(-0.463,-0.920,-1.793) ggm=0.000 circ=+0.0075 xUDD=(0.002,0.003,0.552) | T1 psi=(+2.638,-1.293,+2.991) ggm=0.000 circ=+10.6574 xUDD=(0.008,0.001,0.151) | sep=2.5652
# CONVTAG t=3676.00 rough=0.302694 cond=43.090012 evap=48.913045 backs=6.419444
# CANT t=3676.00 a_tag=1.0000 a_max=1.0000 xl_tag=0.4656 nlock=6 tune=205.040043
# REG t=3676.00 tp n=7 rho=[0.005 0.098 0.262 0.858] gr=0.00000 fl=1.000 | ba n=25676 rho=[0.099 0.500 0.840 0.961] gr=0.00007 fl=0.931
t= 3680.00 -1.20e-15 | 1.6645 16.37  22148   14 470963 471226 | 1.4283 14.75 | 5.35e-03 1.44e-02 |   1.8342 0.2627  1.4890  1.1525 1.000 16.33 | edge_dev mean=0.1878 max=0.5027 gg=0.1576 shape_dev=0.3045 xbar=0.1222 | T0 psi=(-0.541,+1.120,+2.571) ggm=0.000 circ=+0.0013 xUDD=(0.002,0.004,0.554) | T1 psi=(+2.503,+0.739,+1.288) ggm=0.000 circ=+10.6625 xUDD=(0.005,0.002,0.167) | sep=2.5559
# CONVTAG t=3680.00 rough=0.302694 cond=43.090012 evap=48.913045 backs=6.419444
# CANT t=3680.00 a_tag=1.0000 a_max=1.0000 xl_tag=0.4656 nlock=6 tune=205.126532
# REG t=3680.00 tp n=7 rho=[0.006 0.098 0.410 0.794] gr=0.00000 fl=1.000 | ba n=25687 rho=[0.096 0.494 0.839 0.960] gr=0.00007 fl=0.930
t= 3684.00 -1.20e-15 | 1.6641 16.37  22151   12 471472 471756 | 1.4283 14.75 | 1.17e-02 2.66e-02 |   1.7640 0.2526  1.4061  1.0855 1.000 16.33 | edge_dev mean=0.1824 max=0.5108 gg=0.2059 shape_dev=0.2825 xbar=0.1175 | T0 psi=(-0.435,+2.504,+1.055) ggm=0.000 circ=-0.0094 xUDD=(0.004,0.004,0.555) | T1 psi=(+3.119,+2.032,-1.519) ggm=0.000 circ=+10.6645 xUDD=(0.004,0.003,0.136) | sep=2.5674
# CONVTAG t=3684.00 rough=0.302694 cond=43.090012 evap=48.913045 backs=6.419444
# CANT t=3684.00 a_tag=1.0000 a_max=1.0000 xl_tag=0.4656 nlock=6 tune=205.206561
# REG t=3684.00 tp n=7 rho=[0.005 0.098 0.358 0.436] gr=0.00000 fl=1.000 | ba n=25669 rho=[0.096 0.493 0.841 0.960] gr=0.00007 fl=0.931
t= 3688.00 -1.20e-15 | 1.6638 16.35  22117    9 471976 472252 | 1.4279 14.75 | 1.03e-02 2.47e-02 |   1.8699 0.2678  1.4858  1.1587 1.000 16.00 | edge_dev mean=0.1872 max=0.5150 gg=0.2218 shape_dev=0.2823 xbar=0.1246 | T0 psi=(-0.391,-1.716,-0.800) ggm=0.000 circ=-0.0158 xUDD=(0.004,0.007,0.559) | T1 psi=(-2.745,-2.034,+1.900) ggm=0.000 circ=+10.6647 xUDD=(0.003,0.001,0.173) | sep=2.5625
# CONVTAG t=3688.00 rough=0.302694 cond=43.090012 evap=48.913045 backs=6.419444
# CANT t=3688.00 a_tag=1.0000 a_max=1.0000 xl_tag=0.4656 nlock=6 tune=205.264415
# REG t=3688.00 tp n=7 rho=[0.005 0.132 0.463 0.483] gr=0.00000 fl=1.000 | ba n=25680 rho=[0.098 0.491 0.841 0.960] gr=0.00007 fl=0.930
t= 3692.00 -1.20e-15 | 1.6635 16.33  22089   11 472456 472717 | 1.4276 14.75 | 5.59e-03 1.70e-02 |   1.8700 0.2678  1.4533  1.1493 1.000 16.17 | edge_dev mean=0.1897 max=0.5282 gg=0.1865 shape_dev=0.2936 xbar=0.1246 | T0 psi=(-0.464,+0.561,-2.724) ggm=0.000 circ=-0.0224 xUDD=(0.007,0.010,0.560) | T1 psi=(+2.841,-0.064,+1.404) ggm=0.000 circ=+10.6653 xUDD=(0.002,0.000,0.168) | sep=2.5570
# CONVTAG t=3692.00 rough=0.302694 cond=43.090012 evap=48.913045 backs=6.419444
# CANT t=3692.00 a_tag=1.0000 a_max=1.0000 xl_tag=0.4656 nlock=6 tune=205.318195
# REG t=3692.00 tp n=7 rho=[0.005 0.201 0.455 0.563] gr=0.00000 fl=1.000 | ba n=25695 rho=[0.096 0.493 0.841 0.961] gr=0.00007 fl=0.930
t= 3696.00 -1.20e-15 | 1.6635 16.32  22085   16 472925 473230 | 1.4274 14.74 | 5.39e-03 1.48e-02 |   1.7887 0.2561  1.3937  1.0632 1.000 16.33 | edge_dev mean=0.1806 max=0.5307 gg=0.2216 shape_dev=0.3373 xbar=0.1191 | T0 psi=(-0.278,+1.895,+1.774) ggm=0.000 circ=-0.0225 xUDD=(0.005,0.007,0.560) | T1 psi=(+2.534,+1.254,+0.540) ggm=0.000 circ=+10.6679 xUDD=(0.002,0.000,0.139) | sep=2.5278
# CONVTAG t=3696.00 rough=0.302694 cond=43.090012 evap=48.913045 backs=6.419444
# CANT t=3696.00 a_tag=1.0000 a_max=1.0000 xl_tag=0.4656 nlock=6 tune=205.365546
# REG t=3696.00 tp n=7 rho=[0.004 0.243 0.637 0.673] gr=0.00000 fl=1.000 | ba n=25647 rho=[0.097 0.493 0.842 0.961] gr=0.00007 fl=0.931
t= 3700.00 -1.20e-15 | 1.6639 16.34  22105   14 473467 473761 | 1.4276 14.74 | 5.74e-03 1.59e-02 |   2.1001 0.3007  1.2858  1.1615 1.000 16.17 | edge_dev mean=0.1845 max=0.5124 gg=0.2961 shape_dev=0.3499 xbar=0.1400 | T0 psi=(-0.070,-2.058,-0.223) ggm=0.000 circ=-0.0220 xUDD=(0.036,0.057,0.579) | T1 psi=(+1.993,+2.989,-0.163) ggm=0.000 circ=+10.6704 xUDD=(0.009,0.000,0.158) | sep=2.5143
# CONVTAG t=3700.00 rough=0.302694 cond=43.389766 evap=48.913045 backs=6.419444
# CANT t=3700.00 a_tag=1.0000 a_max=1.0000 xl_tag=0.4656 nlock=6 tune=205.623014
# REG t=3700.00 tp n=7 rho=[0.009 0.532 0.725 0.754] gr=0.00000 fl=1.000 | ba n=25658 rho=[0.096 0.500 0.846 0.962] gr=0.00007 fl=0.931
t= 3704.00 -1.20e-15 | 1.6639 16.33  22092    9 473964 474232 | 1.4275 14.74 | 4.09e-03 1.54e-02 |   2.0041 0.2870  1.4183  1.2150 1.000 16.00 | edge_dev mean=0.1887 max=0.5355 gg=0.2730 shape_dev=0.3201 xbar=0.1399 | T0 psi=(-0.184,+0.263,-2.809) ggm=0.000 circ=-0.0117 xUDD=(0.044,0.044,0.565) | T1 psi=(+2.469,-0.950,-3.087) ggm=0.000 circ=+10.6714 xUDD=(0.026,0.000,0.160) | sep=2.5274
# CONVTAG t=3704.00 rough=0.302694 cond=43.389766 evap=48.913045 backs=6.419444
# CANT t=3704.00 a_tag=1.0000 a_max=1.0000 xl_tag=0.4656 nlock=6 tune=205.734191
# REG t=3704.00 tp n=7 rho=[0.072 0.199 0.727 0.951] gr=0.00000 fl=1.000 | ba n=25689 rho=[0.097 0.495 0.843 0.962] gr=0.00007 fl=0.930
t= 3708.00 -1.20e-15 | 1.6635 16.33  22088   20 474473 474750 | 1.4274 14.74 | 1.13e-02 2.74e-02 |   2.0037 0.2869  1.4140  1.1453 1.000 16.00 | edge_dev mean=0.1849 max=0.5204 gg=0.1998 shape_dev=0.3148 xbar=0.1333 | T0 psi=(-0.137,-1.988,-0.439) ggm=0.000 circ=-0.0109 xUDD=(0.027,0.021,0.567) | T1 psi=(+2.908,+2.503,-0.973) ggm=0.000 circ=+10.6734 xUDD=(0.027,0.001,0.157) | sep=2.5329
# CONVTAG t=3708.00 rough=0.302694 cond=43.389766 evap=48.913045 backs=6.419444
# CANT t=3708.00 a_tag=1.0000 a_max=1.0000 xl_tag=0.4656 nlock=6 tune=205.841455
# REG t=3708.00 tp n=7 rho=[0.049 0.077 0.103 0.704] gr=0.00000 fl=1.000 | ba n=25672 rho=[0.096 0.493 0.838 0.961] gr=0.00007 fl=0.930
t= 3712.00 -1.20e-15 | 1.6636 16.33  22099   14 474993 475298 | 1.4276 14.74 | 5.38e-03 1.74e-02 |   2.1081 0.3019  1.5023  1.2324 1.000 16.00 | edge_dev mean=0.1807 max=0.4870 gg=0.2583 shape_dev=0.2804 xbar=0.1405 | T0 psi=(-0.231,+0.547,-2.714) ggm=0.000 circ=-0.0078 xUDD=(0.023,0.024,0.567) | T1 psi=(-1.749,-2.494,+0.830) ggm=0.000 circ=+10.6735 xUDD=(0.018,0.001,0.210) | sep=2.5543
# CONVTAG t=3712.00 rough=0.302694 cond=43.389766 evap=48.913045 backs=6.419444
# CANT t=3712.00 a_tag=1.0000 a_max=1.0000 xl_tag=0.4656 nlock=6 tune=205.951621
# REG t=3712.00 tp n=7 rho=[0.011 0.075 0.187 0.753] gr=0.00005 fl=1.000 | ba n=25647 rho=[0.093 0.488 0.840 0.961] gr=0.00007 fl=0.931
t= 3716.00 -1.20e-15 | 1.6633 16.34  22103   12 475536 475844 | 1.4277 14.75 | 6.16e-03 1.76e-02 |   2.3408 0.3352  1.5084  1.2368 1.000 16.17 | edge_dev mean=0.1705 max=0.4470 gg=0.2785 shape_dev=0.2851 xbar=0.1558 | T0 psi=(-0.275,-2.616,+0.930) ggm=0.000 circ=-0.0038 xUDD=(0.020,0.021,0.638) | T1 psi=(+0.072,+0.815,-0.004) ggm=0.000 circ=+10.6743 xUDD=(0.015,0.000,0.241) | sep=2.5582
# CONVTAG t=3716.00 rough=0.302694 cond=43.570083 evap=48.913045 backs=6.419444
# CANT t=3716.00 a_tag=1.0000 a_max=1.0000 xl_tag=0.4656 nlock=6 tune=206.053393
# REG t=3716.00 tp n=7 rho=[0.033 0.091 0.218 0.737] gr=0.00006 fl=1.000 | ba n=25647 rho=[0.093 0.478 0.839 0.961] gr=0.00007 fl=0.930
t= 3720.00 -1.07e-15 | 1.6633 16.34  22113   15 476025 476348 | 1.4279 14.75 | 9.52e-03 2.15e-02 |   2.3739 0.3399  1.5186  1.3272 1.000 16.33 | edge_dev mean=0.1640 max=0.3913 gg=0.2479 shape_dev=0.3112 xbar=0.1580 | T0 psi=(-0.065,+1.386,+3.052) ggm=0.000 circ=-0.0038 xUDD=(0.041,0.041,0.580) | T1 psi=(-0.071,-2.833,-2.475) ggm=0.000 circ=+10.6748 xUDD=(0.011,0.000,0.275) | sep=2.5561
# CONVTAG t=3720.00 rough=0.302694 cond=43.570083 evap=48.913045 backs=6.419444
# CANT t=3720.00 a_tag=1.0000 a_max=1.0000 xl_tag=0.4656 nlock=6 tune=206.335771
# REG t=3720.00 tp n=7 rho=[0.011 0.257 0.448 0.718] gr=0.00010 fl=1.000 | ba n=25630 rho=[0.093 0.485 0.841 0.961] gr=0.00007 fl=0.931
t= 3724.00 -1.07e-15 | 1.6637 16.36  22130   11 476541 476876 | 1.4281 14.76 | 6.31e-03 1.95e-02 |   2.5851 0.3702  1.6715  1.3890 1.000 16.33 | edge_dev mean=0.1516 max=0.3511 gg=0.2854 shape_dev=0.2943 xbar=0.1722 | T0 psi=(-0.124,-2.680,+0.628) ggm=0.000 circ=+0.0174 xUDD=(0.038,0.044,0.572) | T1 psi=(-0.040,+0.091,+1.019) ggm=0.000 circ=+10.6754 xUDD=(0.010,0.000,0.369) | sep=2.5701
# CONVTAG t=3724.00 rough=0.302694 cond=43.570083 evap=48.913045 backs=6.419444
# CANT t=3724.00 a_tag=1.0000 a_max=1.0000 xl_tag=0.4656 nlock=6 tune=206.472940
# REG t=3724.00 tp n=7 rho=[0.008 0.326 0.546 0.694] gr=0.00007 fl=1.000 | ba n=25621 rho=[0.096 0.484 0.843 0.961] gr=0.00007 fl=0.931
t= 3728.00 -1.07e-15 | 1.6638 16.36  22140   16 477080 477386 | 1.4284 14.77 | 6.71e-03 1.63e-02 |   2.2874 0.3276  1.8880  1.3198 1.000 16.17 | edge_dev mean=0.1436 max=0.3438 gg=0.2089 shape_dev=0.2664 xbar=0.1525 | T0 psi=(-0.380,-0.524,-2.289) ggm=0.000 circ=+0.0241 xUDD=(0.002,0.002,0.526) | T1 psi=(-0.225,+2.773,-1.497) ggm=0.000 circ=+10.6758 xUDD=(0.001,0.000,0.383) | sep=2.5826
# CONVTAG t=3728.00 rough=0.302694 cond=43.570083 evap=49.227819 backs=6.460502
# CANT t=3728.00 a_tag=1.0000 a_max=1.0000 xl_tag=0.4656 nlock=6 tune=206.688936
# REG t=3728.00 tp n=7 rho=[0.006 0.355 0.596 0.683] gr=0.00006 fl=1.000 | ba n=25644 rho=[0.096 0.487 0.839 0.961] gr=0.00007 fl=0.930
t= 3732.00 -1.07e-15 | 1.6641 16.37  22148   14 477577 477873 | 1.4284 14.76 | 3.58e-03 1.44e-02 |   2.0564 0.2945  1.7210  1.2534 1.000 16.00 | edge_dev mean=0.1511 max=0.3600 gg=0.1014 shape_dev=0.2928 xbar=0.1370 | T0 psi=(-0.395,-3.024,+0.292) ggm=0.000 circ=+0.0243 xUDD=(0.000,0.000,0.534) | T1 psi=(-0.062,-1.319,+1.710) ggm=0.000 circ=+10.6762 xUDD=(0.005,0.000,0.283) | sep=2.5631
# CONVTAG t=3732.00 rough=0.302694 cond=43.570083 evap=49.227819 backs=6.460502
# CANT t=3732.00 a_tag=1.0000 a_max=1.0000 xl_tag=0.4656 nlock=6 tune=206.711894
# REG t=3732.00 tp n=7 rho=[0.006 0.365 0.596 0.621] gr=0.00005 fl=1.000 | ba n=25656 rho=[0.097 0.486 0.838 0.960] gr=0.00007 fl=0.930
t= 3736.00 -1.07e-15 | 1.6642 16.38  22159    5 478054 478360 | 1.4285 14.76 | 1.16e-02 2.79e-02 |   2.0772 0.2975  1.7931  1.2599 1.000 16.17 | edge_dev mean=0.1532 max=0.3690 gg=0.0865 shape_dev=0.3232 xbar=0.1385 | T0 psi=(-0.343,-0.802,-2.298) ggm=0.000 circ=+0.0244 xUDD=(0.000,0.000,0.519) | T1 psi=(-0.523,+0.691,+0.723) ggm=0.000 circ=+10.6767 xUDD=(0.002,0.000,0.310) | sep=2.5440
# CONVTAG t=3736.00 rough=0.302694 cond=43.570083 evap=49.227819 backs=6.460502
# CANT t=3736.00 a_tag=1.0000 a_max=1.0000 xl_tag=0.4656 nlock=6 tune=206.734214
# REG t=3736.00 tp n=7 rho=[0.006 0.382 0.593 0.598] gr=0.00003 fl=1.000 | ba n=25654 rho=[0.099 0.488 0.840 0.962] gr=0.00007 fl=0.931
t= 3740.00 -1.07e-15 | 1.6639 16.37  22155   10 478561 478848 | 1.4284 14.75 | 1.03e-02 2.60e-02 |   1.9580 0.2804  1.7952  1.2474 1.000 15.83 | edge_dev mean=0.1605 max=0.4100 gg=0.0853 shape_dev=0.3551 xbar=0.1305 | T0 psi=(-0.306,+1.119,+1.721) ggm=0.000 circ=+0.0244 xUDD=(0.000,0.000,0.486) | T1 psi=(-0.832,+2.844,-0.619) ggm=0.000 circ=+10.6768 xUDD=(0.002,0.000,0.294) | sep=2.5292
# CONVTAG t=3740.00 rough=0.302694 cond=43.570083 evap=49.227819 backs=6.460502
# CANT t=3740.00 a_tag=1.0000 a_max=1.0000 xl_tag=0.4656 nlock=6 tune=206.748404
# REG t=3740.00 tp n=7 rho=[0.006 0.383 0.582 0.609] gr=0.00002 fl=1.000 | ba n=25667 rho=[0.100 0.499 0.839 0.961] gr=0.00007 fl=0.930
t= 3744.00 -1.07e-15 | 1.6640 16.35  22125   10 479024 479315 | 1.4280 14.75 | 7.72e-03 1.89e-02 |   1.8523 0.2652  1.8353  1.2604 1.000 15.50 | edge_dev mean=0.1642 max=0.4017 gg=0.0592 shape_dev=0.3847 xbar=0.1234 | T0 psi=(-0.201,-2.603,-1.232) ggm=0.000 circ=+0.0244 xUDD=(0.001,0.000,0.442) | T1 psi=(-1.064,-1.432,-2.304) ggm=0.000 circ=+10.6770 xUDD=(0.006,0.000,0.291) | sep=2.5111
# CONVTAG t=3744.00 rough=0.302694 cond=43.570083 evap=49.227819 backs=6.460502
# CANT t=3744.00 a_tag=1.0000 a_max=1.0000 xl_tag=0.4656 nlock=6 tune=206.784965
# REG t=3744.00 tp n=7 rho=[0.006 0.387 0.578 0.644] gr=0.00001 fl=1.000 | ba n=25663 rho=[0.100 0.495 0.841 0.961] gr=0.00007 fl=0.930
t= 3748.00 -1.07e-15 | 1.6641 16.37  22153   10 479539 479816 | 1.4283 14.75 | 5.72e-03 1.82e-02 |   1.0175 0.1457  2.0492  1.2429 1.000 15.83 | edge_dev mean=0.1700 max=0.3901 gg=0.1632 shape_dev=0.4018 xbar=0.0676 | T0 psi=(-0.328,-2.349,+2.900) ggm=0.000 circ=+0.0245 xUDD=(0.000,0.000,0.198) | T1 psi=(-0.626,+0.708,+0.415) ggm=0.000 circ=+10.6771 xUDD=(0.053,0.000,0.154) | sep=2.5027
# CONVTAG t=3748.00 rough=0.302694 cond=43.570083 evap=49.614926 backs=6.510994
# CANT t=3748.00 a_tag=1.0000 a_max=1.0000 xl_tag=0.4656 nlock=6 tune=206.885364
# REG t=3748.00 tp n=7 rho=[0.004 0.388 0.390 0.904] gr=0.00001 fl=1.000 | ba n=25672 rho=[0.102 0.496 0.842 0.961] gr=0.00007 fl=0.930
t= 3752.00 -1.07e-15 | 1.6644 16.36  22133   11 480059 480342 | 1.4282 14.75 | 5.82e-03 1.79e-02 |   1.2572 0.1800  1.9087  1.2270 1.000 15.83 | edge_dev mean=0.1757 max=0.3602 gg=0.0879 shape_dev=0.4224 xbar=0.0837 | T0 psi=(-0.082,+0.772,+0.403) ggm=0.000 circ=+0.0245 xUDD=(0.001,0.001,0.278) | T1 psi=(-0.676,+2.342,-1.441) ggm=0.000 circ=+10.6772 xUDD=(0.032,0.001,0.191) | sep=2.4857
# CONVTAG t=3752.00 rough=0.302694 cond=43.570083 evap=49.614926 backs=6.510994
# CANT t=3752.00 a_tag=1.0000 a_max=1.0000 xl_tag=0.4656 nlock=6 tune=207.081663
# REG t=3752.00 tp n=7 rho=[0.008 0.390 0.403 0.879] gr=0.00001 fl=1.000 | ba n=25666 rho=[0.101 0.498 0.842 0.961] gr=0.00007 fl=0.930
t= 3756.00 -1.07e-15 | 1.6646 16.36  22130   14 480535 480831 | 1.4280 14.74 | 3.05e-03 1.63e-02 |   1.3720 0.1965  1.8786  1.2394 1.000 16.17 | edge_dev mean=0.1645 max=0.3009 gg=0.1069 shape_dev=0.4516 xbar=0.0918 | T0 psi=(-0.076,+2.300,-0.659) ggm=0.000 circ=+0.0245 xUDD=(0.000,0.000,0.318) | T1 psi=(-0.754,-1.057,+1.492) ggm=0.000 circ=+10.6773 xUDD=(0.005,0.000,0.227) | sep=2.4706
# CONVTAG t=3756.00 rough=0.302694 cond=43.570083 evap=49.614926 backs=6.510994
# CANT t=3756.00 a_tag=1.0000 a_max=1.0000 xl_tag=0.4656 nlock=6 tune=207.158327
# REG t=3756.00 tp n=7 rho=[0.009 0.382 0.463 0.885] gr=0.00001 fl=1.000 | ba n=25652 rho=[0.100 0.498 0.842 0.962] gr=0.00007 fl=0.930
t= 3760.00 -1.07e-15 | 1.6650 16.36  22139   13 481045 481342 | 1.4281 14.74 | 1.22e-02 2.86e-02 |   1.3054 0.1869  1.9344  1.2581 1.000 16.17 | edge_dev mean=0.1549 max=0.2697 gg=0.1055 shape_dev=0.4467 xbar=0.0870 | T0 psi=(-0.018,-2.466,-2.682) ggm=0.000 circ=+0.0245 xUDD=(0.000,0.000,0.286) | T1 psi=(-0.931,+0.670,-0.085) ggm=0.000 circ=+10.6773 xUDD=(0.003,0.000,0.232) | sep=2.4813
# CONVTAG t=3760.00 rough=0.302694 cond=43.570083 evap=49.614926 backs=6.510994
# CANT t=3760.00 a_tag=1.0000 a_max=1.0000 xl_tag=0.4656 nlock=6 tune=207.192056
# REG t=3760.00 tp n=7 rho=[0.010 0.381 0.499 0.910] gr=0.00000 fl=1.000 | ba n=25651 rho=[0.098 0.490 0.839 0.962] gr=0.00007 fl=0.931
t= 3764.00 -1.07e-15 | 1.6650 16.40  22186   14 481529 481832 | 1.4288 14.75 | 2.96e-03 1.21e-02 |   1.4292 0.2047  1.9661  1.2526 1.000 16.17 | edge_dev mean=0.1488 max=0.2540 gg=0.1268 shape_dev=0.4453 xbar=0.0953 | T0 psi=(-0.154,-0.489,+2.036) ggm=0.000 circ=+0.0245 xUDD=(0.000,0.000,0.311) | T1 psi=(-1.141,+2.718,-1.595) ggm=0.000 circ=+10.6773 xUDD=(0.004,0.000,0.257) | sep=2.4731
# CONVTAG t=3764.00 rough=0.302694 cond=43.570083 evap=49.614926 backs=6.510994
# CANT t=3764.00 a_tag=1.0000 a_max=1.0000 xl_tag=0.4656 nlock=6 tune=207.218080
# REG t=3764.00 tp n=7 rho=[0.009 0.380 0.513 0.852] gr=0.00000 fl=1.000 | ba n=25642 rho=[0.097 0.490 0.840 0.963] gr=0.00007 fl=0.931
t= 3768.00 -1.07e-15 | 1.6650 16.37  22149   13 482070 482366 | 1.4284 14.75 | 1.29e-02 3.21e-02 |   1.5157 0.2171  1.8787  1.2695 1.000 16.17 | edge_dev mean=0.1411 max=0.2532 gg=0.0666 shape_dev=0.4011 xbar=0.1010 | T0 psi=(-0.578,+2.583,-0.204) ggm=0.000 circ=+0.0245 xUDD=(0.000,0.000,0.345) | T1 psi=(-1.217,-1.575,+2.778) ggm=0.000 circ=+10.6773 xUDD=(0.003,0.000,0.257) | sep=2.5096
# CONVTAG t=3768.00 rough=0.302694 cond=43.570083 evap=49.614926 backs=6.510994
# CANT t=3768.00 a_tag=1.0000 a_max=1.0000 xl_tag=0.4656 nlock=6 tune=207.244403
# REG t=3768.00 tp n=7 rho=[0.009 0.379 0.564 0.819] gr=0.00000 fl=1.000 | ba n=25651 rho=[0.094 0.490 0.840 0.963] gr=0.00007 fl=0.930
t= 3772.00 -1.07e-15 | 1.6653 16.38  22167    5 482603 482888 | 1.4286 14.76 | 9.40e-03 2.33e-02 |   1.5220 0.2179  1.9044  1.2812 1.000 16.33 | edge_dev mean=0.1376 max=0.2598 gg=0.0365 shape_dev=0.3758 xbar=0.1018 | T0 psi=(-0.833,-2.142,-1.475) ggm=0.000 circ=+0.0245 xUDD=(0.001,0.001,0.339) | T1 psi=(-1.152,+0.563,+0.585) ggm=0.000 circ=+10.6773 xUDD=(0.003,0.000,0.266) | sep=2.5199
# CONVTAG t=3772.00 rough=0.302694 cond=43.570083 evap=49.614926 backs=6.510994
# CANT t=3772.00 a_tag=1.0000 a_max=1.0000 xl_tag=0.4656 nlock=6 tune=207.273225
# REG t=3772.00 tp n=7 rho=[0.015 0.379 0.628 0.815] gr=0.00000 fl=1.000 | ba n=25668 rho=[0.094 0.492 0.842 0.961] gr=0.00007 fl=0.930
t= 3776.00 -1.07e-15 | 1.6650 16.38  22158   13 483118 483410 | 1.4286 14.76 | 8.09e-03 2.20e-02 |   1.3862 0.1985  2.0031  1.2902 1.000 16.67 | edge_dev mean=0.1354 max=0.2619 gg=0.0349 shape_dev=0.3853 xbar=0.0917 | T0 psi=(-0.289,-0.714,+1.803) ggm=0.000 circ=+0.0245 xUDD=(0.001,0.000,0.280) | T1 psi=(-1.217,+2.596,-1.302) ggm=0.000 circ=+10.6773 xUDD=(0.002,0.000,0.268) | sep=2.5207
# CONVTAG t=3776.00 rough=0.302694 cond=43.570083 evap=49.614926 backs=6.510994
# CANT t=3776.00 a_tag=1.0000 a_max=1.0000 xl_tag=0.4656 nlock=6 tune=207.314472
# REG t=3776.00 tp n=7 rho=[0.015 0.379 0.801 0.809] gr=0.00000 fl=1.000 | ba n=25653 rho=[0.093 0.490 0.839 0.961] gr=0.00007 fl=0.930
t= 3780.00 -1.07e-15 | 1.6645 16.37  22142   15 483675 484008 | 1.4284 14.76 | 6.41e-03 1.76e-02 |   1.0605 0.1519  2.3127  1.2539 1.000 16.50 | edge_dev mean=0.1338 max=0.2786 gg=0.0272 shape_dev=0.4121 xbar=0.0706 | T0 psi=(-0.297,-0.181,-0.032) ggm=0.136 circ=+0.0245 xUDD=(0.000,0.001,0.159) | T1 psi=(-0.985,-1.718,+2.651) ggm=0.000 circ=+10.6773 xUDD=(0.004,0.000,0.260) | sep=2.5014
# CONVTAG t=3780.00 rough=0.302694 cond=43.570083 evap=49.614926 backs=6.510994
# CANT t=3780.00 a_tag=1.0000 a_max=1.0000 xl_tag=0.4656 nlock=6 tune=207.342248
# REG t=3780.00 tp n=7 rho=[0.015 0.374 0.795 0.854] gr=0.00000 fl=1.000 | ba n=25611 rho=[0.092 0.480 0.837 0.960] gr=0.00007 fl=0.931
t= 3784.00 -1.07e-15 | 1.6646 16.40  22184   12 484216 484550 | 1.4289 14.77 | 9.67e-03 2.43e-02 |   0.8277 0.1185  2.5216  1.1660 1.000 16.33 | edge_dev mean=0.1355 max=0.2973 gg=0.0442 shape_dev=0.4271 xbar=0.0550 | T0 psi=(-0.498,+0.376,-0.991) ggm=0.102 circ=+0.0245 xUDD=(0.000,0.001,0.095) | T1 psi=(-0.831,+0.032,+0.508) ggm=0.000 circ=+10.6773 xUDD=(0.004,0.000,0.231) | sep=2.4891
# CONVTAG t=3784.00 rough=0.302694 cond=43.570083 evap=49.614926 backs=6.510994
# CANT t=3784.00 a_tag=1.0000 a_max=1.0000 xl_tag=0.4656 nlock=6 tune=207.375704
# REG t=3784.00 tp n=7 rho=[0.015 0.222 0.738 0.783] gr=0.00000 fl=1.000 | ba n=25612 rho=[0.093 0.482 0.836 0.960] gr=0.00007 fl=0.932
t= 3788.00 -1.07e-15 | 1.6646 16.39  22179   15 484694 485020 | 1.4289 14.77 | 6.08e-03 2.09e-02 |   0.9568 0.1370  2.2843  1.2477 1.000 16.67 | edge_dev mean=0.1417 max=0.3133 gg=0.0479 shape_dev=0.4240 xbar=0.0637 | T0 psi=(-0.531,+2.488,-2.369) ggm=0.000 circ=+0.0245 xUDD=(0.000,0.001,0.147) | T1 psi=(-0.809,+1.017,-0.473) ggm=0.000 circ=+10.6773 xUDD=(0.005,0.000,0.229) | sep=2.4878
# CONVTAG t=3788.00 rough=0.302694 cond=43.570083 evap=49.614926 backs=6.510994
# CANT t=3788.00 a_tag=1.0000 a_max=1.0000 xl_tag=0.4656 nlock=6 tune=207.407983
# REG t=3788.00 tp n=7 rho=[0.015 0.208 0.519 0.774] gr=0.00000 fl=1.000 | ba n=25619 rho=[0.092 0.482 0.838 0.961] gr=0.00007 fl=0.931
t= 3792.00 -1.07e-15 | 1.6647 16.39  22176   11 485219 485528 | 1.4288 14.77 | 4.76e-03 1.36e-02 |   1.0301 0.1475  2.2413  1.2628 1.000 16.50 | edge_dev mean=0.1419 max=0.3204 gg=0.0381 shape_dev=0.4083 xbar=0.0686 | T0 psi=(-0.852,-1.824,+2.763) ggm=0.000 circ=+0.0245 xUDD=(0.001,0.000,0.165) | T1 psi=(-0.940,+2.328,-1.364) ggm=0.000 circ=+10.6773 xUDD=(0.009,0.000,0.236) | sep=2.5046
# CONVTAG t=3792.00 rough=0.302694 cond=43.570083 evap=49.614926 backs=6.510994
# CANT t=3792.00 a_tag=1.0000 a_max=1.0000 xl_tag=0.4656 nlock=6 tune=207.461597
# REG t=3792.00 tp n=7 rho=[0.015 0.206 0.276 0.652] gr=0.00000 fl=1.000 | ba n=25638 rho=[0.091 0.481 0.836 0.960] gr=0.00007 fl=0.931
t= 3796.00 -1.07e-15 | 1.6642 16.38  22158    8 485712 486010 | 1.4287 14.77 | 5.69e-03 1.43e-02 |   1.0601 0.1518  2.2921  1.2556 1.000 16.83 | edge_dev mean=0.1405 max=0.3314 gg=0.0451 shape_dev=0.3771 xbar=0.0706 | T0 psi=(-0.596,-0.324,+0.659) ggm=0.107 circ=+0.0245 xUDD=(0.001,0.000,0.160) | T1 psi=(-1.091,-1.967,-2.764) ggm=0.000 circ=+10.6773 xUDD=(0.016,0.000,0.246) | sep=2.5274
# CONVTAG t=3796.00 rough=0.302694 cond=43.570083 evap=49.614926 backs=6.510994
# CANT t=3796.00 a_tag=1.0000 a_max=1.0000 xl_tag=0.4656 nlock=6 tune=207.538845
# REG t=3796.00 tp n=7 rho=[0.015 0.187 0.206 0.590] gr=0.00000 fl=1.000 | ba n=25652 rho=[0.092 0.479 0.838 0.960] gr=0.00007 fl=0.931
t= 3800.00 -1.07e-15 | 1.6641 16.36  22133   11 486245 486501 | 1.4283 14.76 | 6.73e-03 1.73e-02 |   1.3040 0.1867  2.1704  1.3004 1.000 16.67 | edge_dev mean=0.1380 max=0.3502 gg=0.0241 shape_dev=0.3284 xbar=0.0869 | T0 psi=(-0.251,+2.192,-2.276) ggm=0.000 circ=+0.0245 xUDD=(0.000,0.000,0.227) | T1 psi=(-1.142,+0.334,+1.598) ggm=0.000 circ=+10.6773 xUDD=(0.015,0.000,0.278) | sep=2.5687
# CONVTAG t=3800.00 rough=0.302694 cond=43.570083 evap=49.614926 backs=6.510994
# CANT t=3800.00 a_tag=1.0000 a_max=1.0000 xl_tag=0.4656 nlock=6 tune=207.636350
# REG t=3800.00 tp n=7 rho=[0.015 0.083 0.182 0.571] gr=0.00000 fl=1.000 | ba n=25692 rho=[0.088 0.476 0.836 0.961] gr=0.00007 fl=0.929
t= 3804.00 -1.07e-15 | 1.6642 16.34  22111    4 486760 487012 | 1.4281 14.76 | 1.09e-02 2.85e-02 |   1.0692 0.1531  2.2268  1.3157 1.000 17.50 | edge_dev mean=0.1355 max=0.3555 gg=0.0390 shape_dev=0.3049 xbar=0.0712 | T0 psi=(-0.541,+3.030,+2.923) ggm=0.000 circ=+0.0245 xUDD=(0.000,0.001,0.171) | T1 psi=(-1.176,+2.089,-0.258) ggm=0.000 circ=+10.6772 xUDD=(0.011,0.000,0.244) | sep=2.5969
# CONVTAG t=3804.00 rough=0.302694 cond=43.570083 evap=49.614926 backs=6.510994
# CANT t=3804.00 a_tag=1.0000 a_max=1.0000 xl_tag=0.4656 nlock=6 tune=207.704598
# REG t=3804.00 tp n=7 rho=[0.015 0.065 0.099 0.526] gr=0.00000 fl=1.000 | ba n=25705 rho=[0.089 0.479 0.839 0.959] gr=0.00007 fl=0.929
t= 3808.00 -1.07e-15 | 1.6638 16.34  22102   18 487249 487489 | 1.4280 14.76 | 7.84e-03 2.03e-02 |   1.6081 0.2303  1.8849  1.3443 1.000 17.50 | edge_dev mean=0.1368 max=0.3647 gg=0.0271 shape_dev=0.2854 xbar=0.1072 | T0 psi=(-0.732,+0.685,+0.779) ggm=0.063 circ=+0.0245 xUDD=(0.000,0.000,0.348) | T1 psi=(-1.065,-2.568,-1.775) ggm=0.000 circ=+10.6772 xUDD=(0.011,0.000,0.283) | sep=2.6179
# CONVTAG t=3808.00 rough=0.302694 cond=43.570083 evap=49.614926 backs=6.510994
# CANT t=3808.00 a_tag=1.0000 a_max=1.0000 xl_tag=0.4656 nlock=6 tune=207.770427
# REG t=3808.00 tp n=7 rho=[0.015 0.098 0.109 0.489] gr=0.00000 fl=1.000 | ba n=25703 rho=[0.090 0.485 0.840 0.960] gr=0.00007 fl=0.929
t= 3812.00 -1.07e-15 | 1.6636 16.34  22110    6 487782 488040 | 1.4280 14.76 | 9.42e-03 2.67e-02 |   1.7273 0.2473  1.9292  1.3483 1.000 17.67 | edge_dev mean=0.1372 max=0.3608 gg=0.0341 shape_dev=0.2852 xbar=0.1151 | T0 psi=(-0.613,+2.738,-1.205) ggm=0.000 circ=+0.0245 xUDD=(0.000,0.001,0.361) | T1 psi=(-1.026,-0.225,+2.262) ggm=0.000 circ=+10.6772 xUDD=(0.013,0.000,0.315) | sep=2.6123
# CONVTAG t=3812.00 rough=0.302694 cond=43.570083 evap=49.614926 backs=6.510994
# CANT t=3812.00 a_tag=1.0000 a_max=1.0000 xl_tag=0.4656 nlock=6 tune=207.834052
# REG t=3812.00 tp n=7 rho=[0.015 0.094 0.117 0.374] gr=0.00000 fl=1.000 | ba n=25695 rho=[0.093 0.489 0.842 0.959] gr=0.00007 fl=0.929
t= 3816.00 -1.07e-15 | 1.6636 16.33  22093   14 488270 488528 | 1.4279 14.77 | 7.40e-03 1.99e-02 |   1.2183 0.1745  2.5557  1.2110 1.000 17.33 | edge_dev mean=0.1377 max=0.3663 gg=0.0317 shape_dev=0.2912 xbar=0.0812 | T0 psi=(-0.829,+2.860,-2.890) ggm=0.000 circ=+0.0245 xUDD=(0.001,0.001,0.130) | T1 psi=(-1.259,+2.262,+0.450) ggm=0.000 circ=+10.6772 xUDD=(0.023,0.001,0.332) | sep=2.6113
# CONVTAG t=3816.00 rough=0.302694 cond=43.570083 evap=49.985444 backs=6.559322
# CANT t=3816.00 a_tag=1.0000 a_max=1.0000 xl_tag=0.4656 nlock=6 tune=207.935168
# REG t=3816.00 tp n=7 rho=[0.015 0.036 0.194 0.216] gr=0.00000 fl=1.000 | ba n=25689 rho=[0.092 0.490 0.845 0.961] gr=0.00007 fl=0.929
t= 3820.00 -1.07e-15 | 1.6636 16.35  22127    7 488752 489023 | 1.4282 14.77 | 9.11e-03 2.73e-02 |   1.7815 0.2551  1.9260  1.3432 1.000 17.67 | edge_dev mean=0.1421 max=0.3695 gg=0.0324 shape_dev=0.3095 xbar=0.1187 | T0 psi=(-0.263,+0.655,+0.495) ggm=0.012 circ=+0.0245 xUDD=(0.001,0.001,0.372) | T1 psi=(-1.266,-2.358,-1.279) ggm=0.000 circ=+10.6772 xUDD=(0.019,0.001,0.319) | sep=2.6007
# CONVTAG t=3820.00 rough=0.302694 cond=43.570083 evap=49.985444 backs=6.559322
# CANT t=3820.00 a_tag=1.0000 a_max=1.0000 xl_tag=0.4656 nlock=6 tune=208.068457
# REG t=3820.00 tp n=7 rho=[0.008 0.021 0.085 0.254] gr=0.00000 fl=1.000 | ba n=25682 rho=[0.090 0.487 0.842 0.960] gr=0.00007 fl=0.930
t= 3824.00 -1.07e-15 | 1.6644 16.36  22135   11 489263 489528 | 1.4284 14.77 | 7.73e-03 2.04e-02 |   1.9116 0.2737  1.9530  1.3364 1.000 17.17 | edge_dev mean=0.1447 max=0.3702 gg=0.0565 shape_dev=0.3244 xbar=0.1274 | T0 psi=(-0.330,+2.909,-1.213) ggm=0.000 circ=+0.0251 xUDD=(0.000,0.000,0.401) | T1 psi=(-0.848,-0.080,+2.107) ggm=0.000 circ=+10.6771 xUDD=(0.014,0.000,0.349) | sep=2.5901
# CONVTAG t=3824.00 rough=0.302694 cond=43.570083 evap=49.985444 backs=6.559322
# CANT t=3824.00 a_tag=1.0000 a_max=1.0000 xl_tag=0.4656 nlock=6 tune=208.178237
# REG t=3824.00 tp n=7 rho=[0.006 0.045 0.203 0.256] gr=0.00001 fl=1.000 | ba n=25686 rho=[0.088 0.488 0.839 0.961] gr=0.00007 fl=0.930
t= 3828.00 -1.20e-15 | 1.6643 16.37  22152    5 489751 490014 | 1.4286 14.77 | 1.11e-02 3.20e-02 |   1.5474 0.2216  1.7020  1.3024 1.000 17.17 | edge_dev mean=0.1443 max=0.3687 gg=0.1384 shape_dev=0.3474 xbar=0.1031 | T0 psi=(-0.127,-1.197,+2.430) ggm=0.000 circ=+0.0253 xUDD=(0.001,0.000,0.391) | T1 psi=(-0.579,+1.638,-1.182) ggm=0.000 circ=+10.6771 xUDD=(0.003,0.000,0.224) | sep=2.5782
# CONVTAG t=3828.00 rough=0.302694 cond=43.570083 evap=50.354803 backs=6.607500
# CANT t=3828.00 a_tag=1.0000 a_max=1.0000 xl_tag=0.4656 nlock=6 tune=208.220690
# REG t=3828.00 tp n=7 rho=[0.007 0.054 0.319 0.349] gr=0.00000 fl=1.000 | ba n=25693 rho=[0.088 0.482 0.839 0.960] gr=0.00007 fl=0.930
t= 3832.00 -1.20e-15 | 1.6645 16.35  22122    9 490297 490530 | 1.4283 14.77 | 6.32e-03 1.59e-02 |   1.5412 0.2207  1.7650  1.3350 1.000 17.33 | edge_dev mean=0.1454 max=0.3692 gg=0.0256 shape_dev=0.3307 xbar=0.1027 | T0 psi=(-0.508,+2.161,-0.371) ggm=0.000 circ=+0.0255 xUDD=(0.001,0.001,0.368) | T1 psi=(-0.854,-2.345,-2.859) ggm=0.000 circ=+10.6771 xUDD=(0.005,0.001,0.240) | sep=2.5903
# CONVTAG t=3832.00 rough=0.302694 cond=43.570083 evap=50.354803 backs=6.607500
# CANT t=3832.00 a_tag=1.0000 a_max=1.0000 xl_tag=0.4656 nlock=6 tune=208.279915
# REG t=3832.00 tp n=7 rho=[0.023 0.046 0.327 0.467] gr=0.00000 fl=1.000 | ba n=25717 rho=[0.085 0.484 0.837 0.961] gr=0.00007 fl=0.928
t= 3836.00 -1.20e-15 | 1.6649 16.41  22206   13 490806 491036 | 1.4293 14.78 | 5.48e-03 1.70e-02 |   1.5463 0.2214  1.8142  1.3506 1.000 16.83 | edge_dev mean=0.1496 max=0.3696 gg=0.0289 shape_dev=0.3263 xbar=0.1031 | T0 psi=(-0.484,-2.381,-2.101) ggm=0.000 circ=+0.0255 xUDD=(0.000,0.001,0.357) | T1 psi=(-1.286,-0.007,+2.031) ggm=0.000 circ=+10.6771 xUDD=(0.004,0.001,0.256) | sep=2.5949
# CONVTAG t=3836.00 rough=0.302694 cond=43.570083 evap=50.354803 backs=6.607500
# CANT t=3836.00 a_tag=1.0000 a_max=1.0000 xl_tag=0.4656 nlock=6 tune=208.364078
# REG t=3836.00 tp n=7 rho=[0.021 0.054 0.448 0.467] gr=0.00000 fl=1.000 | ba n=25717 rho=[0.088 0.483 0.838 0.960] gr=0.00007 fl=0.928
t= 3840.00 -1.20e-15 | 1.6650 16.35  22124    8 491293 491526 | 1.4283 14.77 | 5.89e-03 2.04e-02 |   1.6222 0.2323  1.8103  1.3534 1.000 16.83 | edge_dev mean=0.1455 max=0.3442 gg=0.0274 shape_dev=0.3248 xbar=0.1081 | T0 psi=(-0.750,-0.424,+2.987) ggm=0.000 circ=+0.0255 xUDD=(0.000,0.000,0.374) | T1 psi=(-1.546,+1.989,+0.573) ggm=0.000 circ=+10.6771 xUDD=(0.002,0.001,0.271) | sep=2.5960
# CONVTAG t=3840.00 rough=0.302694 cond=43.570083 evap=50.354803 backs=6.607500
# CANT t=3840.00 a_tag=1.0000 a_max=1.0000 xl_tag=0.4656 nlock=6 tune=208.412979
# REG t=3840.00 tp n=7 rho=[0.021 0.054 0.424 0.467] gr=0.00000 fl=1.000 | ba n=25719 rho=[0.088 0.484 0.839 0.961] gr=0.00007 fl=0.928
t= 3844.00 -1.20e-15 | 1.6642 16.33  22099    6 491784 492048 | 1.4281 14.78 | 4.94e-03 1.46e-02 |   1.8786 0.2690  1.6275  1.3170 1.000 16.50 | edge_dev mean=0.1592 max=0.3439 gg=0.1691 shape_dev=0.3300 xbar=0.1253 | T0 psi=(-0.874,+1.560,+2.383) ggm=0.000 circ=+0.0247 xUDD=(0.002,0.003,0.474) | T1 psi=(-1.308,-2.914,-1.279) ggm=0.000 circ=+10.6771 xUDD=(0.005,0.002,0.266) | sep=2.5862
# CONVTAG t=3844.00 rough=0.302694 cond=43.778478 evap=50.354803 backs=6.607500
# CANT t=3844.00 a_tag=1.0000 a_max=1.0000 xl_tag=0.4656 nlock=6 tune=208.483356
# REG t=3844.00 tp n=7 rho=[0.021 0.056 0.396 0.456] gr=0.00000 fl=1.000 | ba n=25692 rho=[0.088 0.478 0.836 0.961] gr=0.00007 fl=0.928
t= 3848.00 -1.20e-15 | 1.6644 16.36  22132    7 492256 492534 | 1.4286 14.79 | 5.02e-03 1.42e-02 |   1.8897 0.2706  1.5682  1.2883 1.000 16.50 | edge_dev mean=0.1658 max=0.3558 gg=0.1057 shape_dev=0.3095 xbar=0.1259 | T0 psi=(-0.756,-2.476,+0.165) ggm=0.000 circ=+0.0236 xUDD=(0.001,0.001,0.499) | T1 psi=(-1.331,-0.328,+2.394) ggm=0.000 circ=+10.6771 xUDD=(0.005,0.001,0.248) | sep=2.5922
# CONVTAG t=3848.00 rough=0.302694 cond=43.778478 evap=50.354803 backs=6.607500
# CANT t=3848.00 a_tag=1.0000 a_max=1.0000 xl_tag=0.4656 nlock=6 tune=208.597938
# REG t=3848.00 tp n=7 rho=[0.019 0.056 0.207 0.234] gr=0.00000 fl=1.000 | ba n=25678 rho=[0.087 0.476 0.838 0.961] gr=0.00007 fl=0.929
t= 3852.00 -1.20e-15 | 1.6644 16.37  22143    9 492814 493059 | 1.4287 14.79 | 8.73e-03 2.26e-02 |   1.9024 0.2724  1.5191  1.2387 1.000 16.67 | edge_dev mean=0.1751 max=0.3510 gg=0.1057 shape_dev=0.3090 xbar=0.1269 | T0 psi=(-0.761,-0.584,-1.411) ggm=0.000 circ=+0.0217 xUDD=(0.002,0.001,0.522) | T1 psi=(-1.461,+1.051,+0.983) ggm=0.000 circ=+10.6771 xUDD=(0.005,0.003,0.229) | sep=2.5745
# CONVTAG t=3852.00 rough=0.302694 cond=43.778478 evap=50.354803 backs=6.607500
# CANT t=3852.00 a_tag=1.0000 a_max=1.0000 xl_tag=0.4656 nlock=6 tune=208.686374
# REG t=3852.00 tp n=7 rho=[0.017 0.056 0.147 0.195] gr=0.00000 fl=1.000 | ba n=25711 rho=[0.090 0.481 0.840 0.962] gr=0.00007 fl=0.928
t= 3856.00 -1.20e-15 | 1.6648 16.38  22158   11 493362 493573 | 1.4288 14.78 | 4.92e-03 1.79e-02 |   1.9996 0.2863  1.5473  1.2459 1.000 16.67 | edge_dev mean=0.1772 max=0.3516 gg=0.0943 shape_dev=0.3407 xbar=0.1332 | T0 psi=(-0.673,+1.237,+3.032) ggm=0.000 circ=+0.0208 xUDD=(0.000,0.001,0.536) | T1 psi=(-1.633,-3.109,-0.603) ggm=0.000 circ=+10.6771 xUDD=(0.005,0.001,0.256) | sep=2.5557
# CONVTAG t=3856.00 rough=0.302694 cond=43.778478 evap=50.354803 backs=6.607500
# CANT t=3856.00 a_tag=1.0000 a_max=1.0000 xl_tag=0.4656 nlock=6 tune=208.776246
# REG t=3856.00 tp n=7 rho=[0.017 0.056 0.123 0.179] gr=0.00000 fl=1.000 | ba n=25742 rho=[0.088 0.481 0.838 0.961] gr=0.00007 fl=0.927
t= 3860.00 -1.20e-15 | 1.6646 16.35  22128   14 493868 494070 | 1.4285 14.78 | 1.15e-02 2.47e-02 |   2.2730 0.3255  1.7559  1.3227 1.000 16.67 | edge_dev mean=0.1705 max=0.3467 gg=0.0455 shape_dev=0.3230 xbar=0.1516 | T0 psi=(-0.756,-2.121,+0.173) ggm=0.000 circ=+0.0189 xUDD=(0.000,0.001,0.528) | T1 psi=(-1.316,+0.266,+2.519) ggm=0.000 circ=+10.6784 xUDD=(0.010,0.000,0.371) | sep=2.5743
# CONVTAG t=3860.00 rough=0.302694 cond=44.263400 evap=50.677286 backs=6.649563
# CANT t=3860.00 a_tag=1.0000 a_max=1.0000 xl_tag=0.4656 nlock=6 tune=209.162912
# REG t=3860.00 tp n=7 rho=[0.017 0.056 0.098 0.520] gr=0.00000 fl=1.000 | ba n=25748 rho=[0.085 0.482 0.834 0.961] gr=0.00007 fl=0.927
t= 3864.00 -1.20e-15 | 1.6646 16.34  22112   13 494397 494568 | 1.4283 14.78 | 5.72e-03 1.57e-02 |   2.2804 0.3266  1.7568  1.3236 1.000 16.83 | edge_dev mean=0.1686 max=0.3349 gg=0.0316 shape_dev=0.3017 xbar=0.1520 | T0 psi=(-0.850,+0.264,-1.978) ggm=0.000 circ=+0.0178 xUDD=(0.000,0.000,0.531) | T1 psi=(-0.932,-2.823,-1.472) ggm=0.000 circ=+10.6784 xUDD=(0.007,0.000,0.373) | sep=2.5867
# CONVTAG t=3864.00 rough=0.302694 cond=44.263400 evap=50.677286 backs=6.649563
# CANT t=3864.00 a_tag=1.0000 a_max=1.0000 xl_tag=0.4656 nlock=6 tune=209.195924
# REG t=3864.00 tp n=7 rho=[0.016 0.056 0.101 0.454] gr=0.00000 fl=1.000 | ba n=25779 rho=[0.082 0.475 0.835 0.961] gr=0.00007 fl=0.926
t= 3868.00 -1.20e-15 | 1.6645 16.37  22145    8 494871 495071 | 1.4287 14.78 | 5.92e-03 2.16e-02 |   2.3130 0.3312  1.7391  1.3265 1.000 16.67 | edge_dev mean=0.1698 max=0.3321 gg=0.0389 shape_dev=0.2741 xbar=0.1542 | T0 psi=(-0.734,+2.649,+1.781) ggm=0.000 circ=+0.0180 xUDD=(0.003,0.000,0.540) | T1 psi=(-0.598,-0.615,+1.893) ggm=0.000 circ=+10.6782 xUDD=(0.005,0.001,0.376) | sep=2.6022
# CONVTAG t=3868.00 rough=0.302694 cond=44.263400 evap=50.677286 backs=6.649563
# CANT t=3868.00 a_tag=1.0000 a_max=1.0000 xl_tag=0.4656 nlock=6 tune=209.231058
# REG t=3868.00 tp n=7 rho=[0.017 0.101 0.122 0.501] gr=0.00002 fl=1.000 | ba n=25755 rho=[0.084 0.473 0.837 0.961] gr=0.00007 fl=0.926
t= 3872.00 -1.20e-15 | 1.6650 16.39  22178    7 495360 495568 | 1.4290 14.78 | 7.35e-03 2.06e-02 |   2.3526 0.3369  1.7627  1.3249 1.000 16.17 | edge_dev mean=0.1769 max=0.3312 gg=0.0404 shape_dev=0.2704 xbar=0.1569 | T0 psi=(-0.469,-2.347,-0.006) ggm=0.000 circ=+0.0206 xUDD=(0.002,0.000,0.544) | T1 psi=(-0.968,+2.332,-0.322) ggm=0.000 circ=+10.6780 xUDD=(0.003,0.002,0.391) | sep=2.5966
# CONVTAG t=3872.00 rough=0.302694 cond=44.263400 evap=50.677286 backs=6.649563
# CANT t=3872.00 a_tag=1.0000 a_max=1.0000 xl_tag=0.4656 nlock=6 tune=209.315897
# REG t=3872.00 tp n=7 rho=[0.015 0.105 0.133 0.731] gr=0.00002 fl=1.000 | ba n=25747 rho=[0.083 0.474 0.838 0.961] gr=0.00007 fl=0.927
t= 3876.00 -1.20e-15 | 1.6654 16.39  22181   15 495849 496062 | 1.4290 14.78 | 4.13e-03 1.31e-02 |   2.3663 0.3388  1.7669  1.3251 1.000 16.67 | edge_dev mean=0.1847 max=0.3292 gg=0.0455 shape_dev=0.2415 xbar=0.1578 | T0 psi=(-0.343,+0.048,-2.358) ggm=0.000 circ=+0.0219 xUDD=(0.000,0.001,0.546) | T1 psi=(-1.026,-1.888,-2.164) ggm=0.000 circ=+10.6780 xUDD=(0.001,0.000,0.398) | sep=2.6147
# CONVTAG t=3876.00 rough=0.302694 cond=44.263400 evap=50.677286 backs=6.649563
# CANT t=3876.00 a_tag=1.0000 a_max=1.0000 xl_tag=0.4656 nlock=6 tune=209.361523
# REG t=3876.00 tp n=7 rho=[0.012 0.105 0.119 0.729] gr=0.00002 fl=1.000 | ba n=25733 rho=[0.087 0.480 0.840 0.961] gr=0.00007 fl=0.927
t= 3880.00 -1.20e-15 | 1.6651 16.42  22216    8 496334 496592 | 1.4295 14.79 | 5.60e-03 1.43e-02 |   2.3825 0.3412  1.7609  1.3318 1.000 16.83 | edge_dev mean=0.1887 max=0.3358 gg=0.0541 shape_dev=0.2477 xbar=0.1588 | T0 psi=(-0.573,+2.280,+2.267) ggm=0.000 circ=+0.0215 xUDD=(0.000,0.000,0.551) | T1 psi=(-1.000,+0.038,+2.134) ggm=0.000 circ=+10.6779 xUDD=(0.001,0.000,0.400) | sep=2.6280
# CONVTAG t=3880.00 rough=0.302694 cond=44.263400 evap=50.677286 backs=6.649563
# CANT t=3880.00 a_tag=1.0000 a_max=1.0000 xl_tag=0.4656 nlock=6 tune=209.381391
# REG t=3880.00 tp n=7 rho=[0.011 0.105 0.117 0.731] gr=0.00001 fl=1.000 | ba n=25696 rho=[0.091 0.480 0.839 0.961] gr=0.00007 fl=0.929
t= 3884.00 -1.20e-15 | 1.6652 16.37  22155    8 496841 497098 | 1.4288 14.78 | 1.24e-02 2.76e-02 |   2.4027 0.3441  1.7535  1.3357 1.000 16.83 | edge_dev mean=0.1921 max=0.3471 gg=0.0643 shape_dev=0.2449 xbar=0.1602 | T0 psi=(-0.543,-1.770,+0.092) ggm=0.000 circ=+0.0215 xUDD=(0.001,0.001,0.553) | T1 psi=(-0.830,+2.739,-0.741) ggm=0.000 circ=+10.6779 xUDD=(0.001,0.001,0.404) | sep=2.6284
# CONVTAG t=3884.00 rough=0.302694 cond=44.263400 evap=50.677286 backs=6.649563
# CANT t=3884.00 a_tag=1.0000 a_max=1.0000 xl_tag=0.4656 nlock=6 tune=209.403689
# REG t=3884.00 tp n=7 rho=[0.011 0.107 0.113 0.731] gr=0.00001 fl=1.000 | ba n=25696 rho=[0.089 0.483 0.841 0.961] gr=0.00007 fl=0.928
t= 3888.00 -1.20e-15 | 1.6647 16.35  22127    7 497331 497583 | 1.4283 14.77 | 1.38e-02 3.01e-02 |   2.4156 0.3459  1.7577  1.3316 1.000 16.67 | edge_dev mean=0.1964 max=0.3475 gg=0.0854 shape_dev=0.2354 xbar=0.1610 | T0 psi=(-0.755,+0.346,-1.591) ggm=0.000 circ=+0.0215 xUDD=(0.003,0.001,0.549) | T1 psi=(-1.258,+0.086,+2.762) ggm=0.000 circ=+10.6778 xUDD=(0.002,0.001,0.411) | sep=2.6285
# CONVTAG t=3888.00 rough=0.302694 cond=44.263400 evap=50.677286 backs=6.649563
# CANT t=3888.00 a_tag=1.0000 a_max=1.0000 xl_tag=0.4656 nlock=6 tune=209.443497
# REG t=3888.00 tp n=7 rho=[0.011 0.229 0.731 0.866] gr=0.00001 fl=1.000 | ba n=25703 rho=[0.087 0.481 0.838 0.961] gr=0.00007 fl=0.928
t= 3892.00 -1.20e-15 | 1.6648 16.32  22078    8 497808 498078 | 1.4277 14.77 | 6.56e-03 1.71e-02 |   2.4448 0.3501  1.7631  1.3266 1.000 16.50 | edge_dev mean=0.2036 max=0.3573 gg=0.0577 shape_dev=0.2306 xbar=0.1630 | T0 psi=(-0.202,+1.804,+2.281) ggm=0.000 circ=+0.0218 xUDD=(0.005,0.000,0.552) | T1 psi=(-1.495,+0.008,-2.920) ggm=0.000 circ=+10.6778 xUDD=(0.003,0.001,0.417) | sep=2.6301
# CONVTAG t=3892.00 rough=0.302694 cond=44.263400 evap=50.677286 backs=6.649563
# CANT t=3892.00 a_tag=1.0000 a_max=1.0000 xl_tag=0.4656 nlock=6 tune=209.492626
# REG t=3892.00 tp n=7 rho=[0.011 0.229 0.731 0.743] gr=0.00000 fl=1.000 | ba n=25683 rho=[0.088 0.474 0.838 0.960] gr=0.00007 fl=0.928
t= 3896.00 -1.20e-15 | 1.6649 16.35  22117   12 498280 498545 | 1.4282 14.77 | 8.03e-03 2.56e-02 |   2.4731 0.3541  1.7551  1.3218 1.000 16.67 | edge_dev mean=0.2112 max=0.4030 gg=0.0695 shape_dev=0.2159 xbar=0.1649 | T0 psi=(-0.374,-2.844,+1.143) ggm=0.000 circ=+0.0279 xUDD=(0.002,0.003,0.558) | T1 psi=(-1.434,+0.176,+2.973) ggm=0.000 circ=+10.6777 xUDD=(0.002,0.001,0.423) | sep=2.6271
# CONVTAG t=3896.00 rough=0.302694 cond=44.263400 evap=50.677286 backs=6.649563
# CANT t=3896.00 a_tag=1.0000 a_max=1.0000 xl_tag=0.4656 nlock=6 tune=209.529371
# REG t=3896.00 tp n=7 rho=[0.010 0.229 0.436 0.682] gr=0.00000 fl=1.000 | ba n=25686 rho=[0.087 0.478 0.840 0.962] gr=0.00007 fl=0.928
t= 3900.00 -1.20e-15 | 1.6650 16.31  22073   15 498793 499005 | 1.4275 14.76 | 5.86e-03 1.76e-02 |   2.4831 0.3556  1.7545  1.3254 1.000 16.67 | edge_dev mean=0.2159 max=0.4613 gg=0.0661 shape_dev=0.2097 xbar=0.1655 | T0 psi=(-0.625,-0.819,-0.086) ggm=0.000 circ=+0.0227 xUDD=(0.003,0.003,0.557) | T1 psi=(-1.141,+0.114,+2.473) ggm=0.000 circ=+10.6777 xUDD=(0.002,0.000,0.427) | sep=2.6308
# CONVTAG t=3900.00 rough=0.302694 cond=44.263400 evap=50.677286 backs=6.649563
# CANT t=3900.00 a_tag=1.0000 a_max=1.0000 xl_tag=0.4656 nlock=6 tune=209.554039
# REG t=3900.00 tp n=7 rho=[0.014 0.229 0.642 0.737] gr=0.00000 fl=1.000 | ba n=25736 rho=[0.089 0.480 0.836 0.960] gr=0.00007 fl=0.927
t= 3904.00 -1.20e-15 | 1.6644 16.32  22082   10 499258 499474 | 1.4276 14.76 | 6.76e-03 1.68e-02 |   2.4681 0.3534  1.7635  1.3366 1.000 16.50 | edge_dev mean=0.2156 max=0.4861 gg=0.0575 shape_dev=0.2006 xbar=0.1645 | T0 psi=(-0.505,+1.356,-2.441) ggm=0.000 circ=+0.0242 xUDD=(0.002,0.001,0.553) | T1 psi=(-1.032,-0.201,+2.336) ggm=0.000 circ=+10.6777 xUDD=(0.001,0.001,0.429) | sep=2.6324
# CONVTAG t=3904.00 rough=0.302694 cond=44.263400 evap=50.677286 backs=6.649563
# CANT t=3904.00 a_tag=1.0000 a_max=1.0000 xl_tag=0.4656 nlock=6 tune=209.580884
# REG t=3904.00 tp n=7 rho=[0.017 0.229 0.631 0.856] gr=0.00000 fl=1.000 | ba n=25738 rho=[0.089 0.478 0.837 0.961] gr=0.00007 fl=0.927
t= 3908.00 -1.20e-15 | 1.6644 16.32  22083   15 499789 499983 | 1.4277 14.76 | 3.41e-03 1.34e-02 |   2.4892 0.3564  1.7748  1.3371 1.000 16.33 | edge_dev mean=0.2084 max=0.4768 gg=0.0404 shape_dev=0.1933 xbar=0.1659 | T0 psi=(-0.825,-1.967,+1.477) ggm=0.000 circ=+0.0230 xUDD=(0.001,0.001,0.555) | T1 psi=(-0.909,+1.793,+0.233) ggm=0.000 circ=+10.6777 xUDD=(0.002,0.000,0.437) | sep=2.6350
# CONVTAG t=3908.00 rough=0.302694 cond=44.263400 evap=50.677286 backs=6.649563
# CANT t=3908.00 a_tag=1.0000 a_max=1.0000 xl_tag=0.4656 nlock=6 tune=209.617228
# REG t=3908.00 tp n=7 rho=[0.014 0.227 0.645 0.848] gr=0.00000 fl=1.000 | ba n=25755 rho=[0.087 0.473 0.836 0.961] gr=0.00007 fl=0.926
t= 3912.00 -1.20e-15 | 1.6648 16.32  22078   23 500259 500480 | 1.4277 14.77 | 7.60e-03 2.10e-02 |   2.5250 0.3616  1.7805  1.3485 1.000 16.67 | edge_dev mean=0.2089 max=0.4404 gg=0.0878 shape_dev=0.2039 xbar=0.1683 | T0 psi=(-0.290,+0.055,-1.446) ggm=0.000 circ=+0.0298 xUDD=(0.005,0.004,0.557) | T1 psi=(-0.834,-1.272,-3.132) ggm=0.000 circ=+10.6778 xUDD=(0.000,0.000,0.443) | sep=2.6383
# CONVTAG t=3912.00 rough=0.302694 cond=44.263400 evap=50.677286 backs=6.649563
# CANT t=3912.00 a_tag=1.0000 a_max=1.0000 xl_tag=0.4656 nlock=6 tune=209.644500
# REG t=3912.00 tp n=7 rho=[0.006 0.226 0.655 0.831] gr=0.00000 fl=1.000 | ba n=25720 rho=[0.090 0.479 0.840 0.961] gr=0.00007 fl=0.927
t= 3916.00 -1.07e-15 | 1.6650 16.35  22128   13 500778 500999 | 1.4284 14.78 | 7.52e-03 1.85e-02 |   2.8964 0.4148  1.5729  1.4360 1.000 16.50 | edge_dev mean=0.2116 max=0.4358 gg=0.1543 shape_dev=0.2461 xbar=0.1929 | T0 psi=(-0.204,-2.893,+2.542) ggm=0.000 circ=+0.0636 xUDD=(0.087,0.038,0.579) | T1 psi=(-0.922,+1.468,+0.789) ggm=0.000 circ=+10.6778 xUDD=(0.002,0.001,0.452) | sep=2.6616
# CONVTAG t=3916.00 rough=0.302694 cond=44.563560 evap=50.677286 backs=6.649563
# CANT t=3916.00 a_tag=1.0000 a_max=1.0000 xl_tag=0.4656 nlock=6 tune=209.868578
# REG t=3916.00 tp n=7 rho=[0.001 0.270 0.795 0.831] gr=0.00000 fl=1.000 | ba n=25732 rho=[0.087 0.475 0.839 0.962] gr=0.00007 fl=0.927
t= 3920.00 -1.20e-15 | 1.6653 16.37  22146   17 501328 501533 | 1.4288 14.79 | 6.32e-03 1.67e-02 |   2.9169 0.4177  1.6517  1.4457 1.000 16.00 | edge_dev mean=0.2129 max=0.4317 gg=0.1684 shape_dev=0.2671 xbar=0.1943 | T0 psi=(-0.104,-0.477,-0.072) ggm=0.000 circ=+0.0654 xUDD=(0.058,0.047,0.577) | T1 psi=(-0.591,-2.026,-2.265) ggm=0.000 circ=+10.6778 xUDD=(0.005,0.000,0.479) | sep=2.6717
# CONVTAG t=3920.00 rough=0.302694 cond=44.563560 evap=50.677286 backs=6.649563
# CANT t=3920.00 a_tag=1.0000 a_max=1.0000 xl_tag=0.4656 nlock=6 tune=210.110273
# REG t=3920.00 tp n=7 rho=[0.005 0.171 0.831 0.988] gr=0.00000 fl=1.000 | ba n=25743 rho=[0.089 0.479 0.843 0.964] gr=0.00007 fl=0.927
t= 3924.00 -1.20e-15 | 1.6651 16.39  22176   14 501836 502040 | 1.4291 14.79 | 6.40e-03 1.58e-02 |   2.9280 0.4193  1.7190  1.4571 1.000 16.17 | edge_dev mean=0.2071 max=0.4277 gg=0.1626 shape_dev=0.2884 xbar=0.1948 | T0 psi=(-0.116,+2.183,-2.921) ggm=0.000 circ=+0.0787 xUDD=(0.046,0.045,0.571) | T1 psi=(-0.621,+0.743,+1.498) ggm=0.000 circ=+10.6780 xUDD=(0.003,0.001,0.502) | sep=2.6823
# CONVTAG t=3924.00 rough=0.302694 cond=44.563560 evap=50.677286 backs=6.649563
# CANT t=3924.00 a_tag=1.0000 a_max=1.0000 xl_tag=0.4656 nlock=6 tune=210.253574
# REG t=3924.00 tp n=7 rho=[0.010 0.144 0.828 0.883] gr=0.00000 fl=1.000 | ba n=25748 rho=[0.087 0.485 0.842 0.962] gr=0.00007 fl=0.927
t= 3928.00 -1.20e-15 | 1.6650 16.39  22172   10 502318 502536 | 1.4290 14.79 | 1.20e-02 2.77e-02 |   2.9683 0.4250  1.7854  1.4579 1.000 16.33 | edge_dev mean=0.2047 max=0.4202 gg=0.2227 shape_dev=0.3056 xbar=0.1977 | T0 psi=(-0.120,-1.680,+0.918) ggm=0.001 circ=+0.0839 xUDD=(0.040,0.041,0.570) | T1 psi=(-0.730,+0.147,+2.549) ggm=0.000 circ=+10.6782 xUDD=(0.006,0.002,0.528) | sep=2.6904
# CONVTAG t=3928.00 rough=0.302694 cond=44.563560 evap=50.677286 backs=6.649563
# CANT t=3928.00 a_tag=1.0000 a_max=1.0000 xl_tag=0.4656 nlock=6 tune=210.385829
# REG t=3928.00 tp n=7 rho=[0.016 0.381 0.637 0.790] gr=0.00001 fl=1.000 | ba n=25739 rho=[0.089 0.484 0.844 0.962] gr=0.00007 fl=0.927
t= 3932.00 -1.20e-15 | 1.6653 16.37  22149   16 502787 503015 | 1.4289 14.80 | 1.08e-02 2.67e-02 |   2.9836 0.4272  1.8122  1.4705 1.000 16.17 | edge_dev mean=0.1970 max=0.4168 gg=0.1563 shape_dev=0.3251 xbar=0.1988 | T0 psi=(-0.156,+2.642,+2.822) ggm=0.000 circ=+0.0849 xUDD=(0.041,0.039,0.568) | T1 psi=(-1.029,+3.050,+0.300) ggm=0.000 circ=+10.6783 xUDD=(0.002,0.004,0.538) | sep=2.7023
# CONVTAG t=3932.00 rough=0.302694 cond=44.563560 evap=50.677286 backs=6.649563
# CANT t=3932.00 a_tag=1.0000 a_max=1.0000 xl_tag=0.4656 nlock=6 tune=210.495226
# REG t=3932.00 tp n=7 rho=[0.025 0.321 0.703 0.943] gr=0.00001 fl=1.000 | ba n=25723 rho=[0.086 0.486 0.840 0.960] gr=0.00007 fl=0.928
t= 3936.00 -1.20e-15 | 1.6652 16.39  22174    9 503288 503513 | 1.4291 14.79 | 3.46e-03 1.30e-02 |   3.0233 0.4329  1.8444  1.4619 1.000 16.50 | edge_dev mean=0.2000 max=0.4188 gg=0.1657 shape_dev=0.3381 xbar=0.2013 | T0 psi=(-0.119,-1.550,+0.720) ggm=0.001 circ=+0.0842 xUDD=(0.037,0.034,0.570) | T1 psi=(-0.648,+0.139,+2.574) ggm=0.000 circ=+10.6784 xUDD=(0.003,0.015,0.549) | sep=2.7086
# CONVTAG t=3936.00 rough=0.302694 cond=44.563560 evap=50.677286 backs=6.649563
# CANT t=3936.00 a_tag=1.0000 a_max=1.0000 xl_tag=0.4656 nlock=6 tune=210.586409
# REG t=3936.00 tp n=7 rho=[0.027 0.454 0.878 0.898] gr=0.00001 fl=1.000 | ba n=25731 rho=[0.086 0.483 0.841 0.961] gr=0.00007 fl=0.928
t= 3940.00 -1.20e-15 | 1.6652 16.37  22144   14 503815 504054 | 1.4288 14.80 | 1.04e-02 2.34e-02 |   3.0393 0.4352  1.8783  1.4718 1.000 16.50 | edge_dev mean=0.1955 max=0.4256 gg=0.2464 shape_dev=0.3406 xbar=0.2025 | T0 psi=(-0.165,+1.200,-2.121) ggm=0.000 circ=+0.0848 xUDD=(0.034,0.031,0.570) | T1 psi=(+0.207,-2.779,-2.824) ggm=0.000 circ=+10.6789 xUDD=(0.010,0.012,0.558) | sep=2.7198
# CONVTAG t=3940.00 rough=0.302694 cond=44.563560 evap=50.677286 backs=6.649563
# CANT t=3940.00 a_tag=1.0000 a_max=1.0000 xl_tag=0.4656 nlock=6 tune=210.665506
# REG t=3940.00 tp n=7 rho=[0.033 0.654 0.730 0.914] gr=0.00001 fl=1.000 | ba n=25713 rho=[0.086 0.483 0.838 0.961] gr=0.00007 fl=0.929
t= 3944.00 -1.20e-15 | 1.6650 16.35  22122    7 504342 504574 | 1.4284 14.79 | 8.01e-03 2.07e-02 |   3.0286 0.4337  1.8904  1.4831 1.000 16.17 | edge_dev mean=0.1939 max=0.4415 gg=0.1712 shape_dev=0.3402 xbar=0.2021 | T0 psi=(-0.423,-2.008,+1.507) ggm=0.000 circ=+0.0978 xUDD=(0.026,0.034,0.568) | T1 psi=(-0.292,+0.421,+1.075) ggm=0.000 circ=+10.6802 xUDD=(0.009,0.010,0.565) | sep=2.7245
# CONVTAG t=3944.00 rough=0.302694 cond=44.563560 evap=50.677286 backs=6.649563
# CANT t=3944.00 a_tag=1.0000 a_max=1.0000 xl_tag=0.4656 nlock=6 tune=210.716096
# REG t=3944.00 tp n=7 rho=[0.037 0.625 0.799 0.933] gr=0.00002 fl=1.000 | ba n=25728 rho=[0.085 0.480 0.836 0.960] gr=0.00007 fl=0.929
t= 3948.00 -1.20e-15 | 1.6646 16.34  22109   16 504777 505028 | 1.4282 14.78 | 7.44e-03 2.04e-02 |   2.6933 0.3857  1.7307  1.4721 1.000 16.33 | edge_dev mean=0.2012 max=0.4567 gg=0.1530 shape_dev=0.3414 xbar=0.1794 | T0 psi=(-0.178,+1.526,-2.269) ggm=0.000 circ=+0.1053 xUDD=(0.027,0.028,0.566) | T1 psi=(-0.654,-2.262,-2.664) ggm=0.000 circ=+10.6805 xUDD=(0.002,0.001,0.453) | sep=2.7270
# CONVTAG t=3948.00 rough=0.302694 cond=44.563560 evap=50.993506 backs=6.690809
# CANT t=3948.00 a_tag=1.0000 a_max=1.0000 xl_tag=0.4656 nlock=6 tune=210.812130
# REG t=3948.00 tp n=7 rho=[0.035 0.568 0.748 0.890] gr=0.00002 fl=1.000 | ba n=25700 rho=[0.088 0.480 0.838 0.961] gr=0.00007 fl=0.929
t= 3952.00 -1.20e-15 | 1.6648 16.34  22109   16 505298 505533 | 1.4282 14.78 | 8.28e-03 2.06e-02 |   2.7426 0.3927  1.7566  1.4689 1.000 16.67 | edge_dev mean=0.1974 max=0.4475 gg=0.1543 shape_dev=0.3429 xbar=0.1828 | T0 psi=(-0.206,-2.912,+1.981) ggm=0.000 circ=+0.1035 xUDD=(0.027,0.025,0.565) | T1 psi=(-0.248,+1.133,-0.445) ggm=0.000 circ=+10.6806 xUDD=(0.003,0.004,0.472) | sep=2.7262
# CONVTAG t=3952.00 rough=0.302694 cond=44.563560 evap=50.993506 backs=6.690809
# CANT t=3952.00 a_tag=1.0000 a_max=1.0000 xl_tag=0.4656 nlock=6 tune=210.917188
# REG t=3952.00 tp n=7 rho=[0.025 0.609 0.748 0.902] gr=0.00002 fl=1.000 | ba n=25713 rho=[0.092 0.480 0.836 0.960] gr=0.00007 fl=0.928
t= 3956.00 -1.20e-15 | 1.6651 16.36  22130    8 505866 506087 | 1.4285 14.79 | 5.33e-03 1.75e-02 |   2.7519 0.3941  1.7910  1.4637 1.000 16.50 | edge_dev mean=0.1948 max=0.4332 gg=0.1781 shape_dev=0.3395 xbar=0.1832 | T0 psi=(-0.210,-0.825,-0.304) ggm=0.000 circ=+0.0950 xUDD=(0.023,0.020,0.563) | T1 psi=(-0.412,-1.658,+2.582) ggm=0.000 circ=+10.6808 xUDD=(0.001,0.001,0.491) | sep=2.7254
# CONVTAG t=3956.00 rough=0.302694 cond=44.563560 evap=50.993506 backs=6.690809
# CANT t=3956.00 a_tag=1.0000 a_max=1.0000 xl_tag=0.4656 nlock=6 tune=211.022255
# REG t=3956.00 tp n=7 rho=[0.025 0.758 0.763 0.796] gr=0.00002 fl=1.000 | ba n=25733 rho=[0.095 0.484 0.839 0.960] gr=0.00007 fl=0.928
t= 3960.00 -1.20e-15 | 1.6649 16.37  22155   11 506391 506635 | 1.4288 14.79 | 8.03e-03 1.83e-02 |   2.7536 0.3943  1.8227  1.4449 1.000 16.50 | edge_dev mean=0.1960 max=0.4105 gg=0.1845 shape_dev=0.3244 xbar=0.1834 | T0 psi=(-0.210,+1.851,-3.138) ggm=0.000 circ=+0.0825 xUDD=(0.022,0.010,0.561) | T1 psi=(-0.438,+1.109,+0.137) ggm=0.000 circ=+10.6808 xUDD=(0.005,0.002,0.501) | sep=2.7154
# CONVTAG t=3960.00 rough=0.302694 cond=44.563560 evap=50.993506 backs=6.690809
# CANT t=3960.00 a_tag=1.0000 a_max=1.0000 xl_tag=0.4656 nlock=6 tune=211.096585
# REG t=3960.00 tp n=7 rho=[0.025 0.786 0.819 0.863] gr=0.00001 fl=1.000 | ba n=25707 rho=[0.096 0.500 0.843 0.962] gr=0.00007 fl=0.929
t= 3964.00 -1.20e-15 | 1.6649 16.36  22138    9 506950 507186 | 1.4287 14.79 | 7.78e-03 2.19e-02 |   2.8401 0.4067  1.8180  1.4622 1.000 16.33 | edge_dev mean=0.1958 max=0.3941 gg=0.1573 shape_dev=0.3203 xbar=0.1893 | T0 psi=(-0.035,+0.084,-1.453) ggm=0.000 circ=+0.0921 xUDD=(0.028,0.016,0.563) | T1 psi=(-0.977,-1.395,-2.439) ggm=0.000 circ=+10.6809 xUDD=(0.005,0.002,0.521) | sep=2.7124
# CONVTAG t=3964.00 rough=0.302694 cond=44.563560 evap=50.993506 backs=6.690809
# CANT t=3964.00 a_tag=1.0000 a_max=1.0000 xl_tag=0.4656 nlock=6 tune=211.205426
# REG t=3964.00 tp n=7 rho=[0.001 0.294 0.811 0.875] gr=0.00001 fl=1.000 | ba n=25717 rho=[0.093 0.496 0.842 0.961] gr=0.00007 fl=0.929
t= 3968.00 -1.20e-15 | 1.6647 16.38  22156   11 507396 507639 | 1.4288 14.79 | 7.09e-03 1.74e-02 |   2.5416 0.3640  2.0095  1.4148 1.000 16.33 | edge_dev mean=0.1934 max=0.3905 gg=0.1201 shape_dev=0.3024 xbar=0.1694 | T0 psi=(-0.342,+2.434,+2.107) ggm=0.000 circ=+0.1015 xUDD=(0.000,0.000,0.484) | T1 psi=(-0.875,+1.875,+0.392) ggm=0.000 circ=+10.6809 xUDD=(0.006,0.001,0.525) | sep=2.7000
# CONVTAG t=3968.00 rough=0.302694 cond=44.563560 evap=51.310371 backs=6.732139
# CANT t=3968.00 a_tag=1.0000 a_max=1.0000 xl_tag=0.4656 nlock=6 tune=211.380760
# REG t=3968.00 tp n=7 rho=[0.000 0.253 0.799 0.810] gr=0.00002 fl=1.000 | ba n=25709 rho=[0.094 0.494 0.841 0.962] gr=0.00007 fl=0.930
t= 3972.00 -1.20e-15 | 1.6646 16.36  22134   12 507872 508115 | 1.4287 14.80 | 5.13e-03 1.69e-02 |   2.9420 0.4213  1.7098  1.5683 1.000 16.33 | edge_dev mean=0.1918 max=0.3858 gg=0.1439 shape_dev=0.2940 xbar=0.1961 | T0 psi=(-0.292,-0.881,+0.059) ggm=0.001 circ=+0.1040 xUDD=(0.003,0.128,0.505) | T1 psi=(-0.930,-1.093,-2.682) ggm=0.000 circ=+10.6809 xUDD=(0.007,0.003,0.531) | sep=2.6976
# CONVTAG t=3972.00 rough=0.302694 cond=44.865512 evap=51.310371 backs=6.732139
# CANT t=3972.00 a_tag=1.0000 a_max=1.0000 xl_tag=0.4656 nlock=6 tune=211.482908
# REG t=3972.00 tp n=7 rho=[0.000 0.247 0.385 0.810] gr=0.00002 fl=1.000 | ba n=25709 rho=[0.095 0.489 0.843 0.962] gr=0.00007 fl=0.929
t= 3976.00 -1.34e-15 | 1.6639 16.35  22123   14 508357 508595 | 1.4285 14.79 | 5.92e-03 1.79e-02 |   2.9760 0.4262  1.8066  1.4771 1.000 16.67 | edge_dev mean=0.1950 max=0.3778 gg=0.1485 shape_dev=0.2831 xbar=0.1983 | T0 psi=(-0.196,+1.339,-2.631) ggm=0.000 circ=+0.1110 xUDD=(0.021,0.039,0.569) | T1 psi=(-1.420,-2.391,-0.309) ggm=0.000 circ=+10.6809 xUDD=(0.009,0.009,0.543) | sep=2.6918
# CONVTAG t=3976.00 rough=0.302694 cond=44.865512 evap=51.310371 backs=6.732139
# CANT t=3976.00 a_tag=1.0000 a_max=1.0000 xl_tag=0.4656 nlock=6 tune=211.781901
# REG t=3976.00 tp n=7 rho=[0.004 0.287 0.487 0.775] gr=0.00001 fl=1.000 | ba n=25712 rho=[0.097 0.488 0.843 0.960] gr=0.00007 fl=0.929
t= 3980.00 -1.34e-15 | 1.6638 16.33  22099   11 508876 509107 | 1.4282 14.79 | 6.52e-03 2.27e-02 |   2.9974 0.4292  1.8310  1.4594 1.000 16.67 | edge_dev mean=0.1964 max=0.3826 gg=0.1651 shape_dev=0.2642 xbar=0.1997 | T0 psi=(-0.167,-3.081,+1.906) ggm=0.000 circ=+0.1001 xUDD=(0.028,0.025,0.568) | T1 psi=(-1.111,+1.381,+1.911) ggm=0.000 circ=+10.6809 xUDD=(0.011,0.011,0.555) | sep=2.6777
# CONVTAG t=3980.00 rough=0.302694 cond=44.865512 evap=51.310371 backs=6.732139
# CANT t=3980.00 a_tag=1.0000 a_max=1.0000 xl_tag=0.4656 nlock=6 tune=211.870207
# REG t=3980.00 tp n=7 rho=[0.016 0.287 0.594 0.749] gr=0.00001 fl=1.000 | ba n=25723 rho=[0.097 0.489 0.840 0.960] gr=0.00007 fl=0.928
t= 3984.00 -1.34e-15 | 1.6639 16.32  22075   11 509399 509627 | 1.4279 14.78 | 5.16e-03 1.31e-02 |   3.0011 0.4298  1.8414  1.4574 1.000 16.67 | edge_dev mean=0.1977 max=0.3863 gg=0.1528 shape_dev=0.2574 xbar=0.1999 | T0 psi=(-0.142,+0.780,-2.092) ggm=0.000 circ=+0.1003 xUDD=(0.033,0.021,0.566) | T1 psi=(-0.854,-0.016,+2.843) ggm=0.000 circ=+10.6809 xUDD=(0.008,0.015,0.556) | sep=2.6730
# CONVTAG t=3984.00 rough=0.302694 cond=44.865512 evap=51.310371 backs=6.732139
# CANT t=3984.00 a_tag=1.0000 a_max=1.0000 xl_tag=0.4656 nlock=6 tune=211.929150
# REG t=3984.00 tp n=7 rho=[0.017 0.284 0.698 0.826] gr=0.00001 fl=1.000 | ba n=25727 rho=[0.099 0.488 0.840 0.961] gr=0.00007 fl=0.929
t= 3988.00 -1.34e-15 | 1.6639 16.35  22125   14 509906 510117 | 1.4285 14.78 | 5.98e-03 1.52e-02 |   2.9752 0.4260  1.8539  1.4740 1.000 16.50 | edge_dev mean=0.2018 max=0.3991 gg=0.1832 shape_dev=0.2722 xbar=0.1982 | T0 psi=(-0.053,+2.407,+2.327) ggm=0.000 circ=+0.1097 xUDD=(0.029,0.022,0.565) | T1 psi=(-0.302,-1.367,+3.102) ggm=0.000 circ=+10.6809 xUDD=(0.006,0.009,0.557) | sep=2.6849
# CONVTAG t=3988.00 rough=0.302694 cond=44.865512 evap=51.310371 backs=6.732139
# CANT t=3988.00 a_tag=1.0000 a_max=1.0000 xl_tag=0.4656 nlock=6 tune=211.985108
# REG t=3988.00 tp n=7 rho=[0.011 0.376 0.681 0.772] gr=0.00001 fl=1.000 | ba n=25741 rho=[0.098 0.486 0.840 0.960] gr=0.00007 fl=0.928
t= 3992.00 -1.34e-15 | 1.6644 16.38  22168    7 510390 510606 | 1.4290 14.79 | 5.81e-03 1.52e-02 |   2.9931 0.4286  1.8926  1.4711 1.000 16.33 | edge_dev mean=0.2096 max=0.4251 gg=0.1556 shape_dev=0.2566 xbar=0.2008 | T0 psi=(-0.164,-1.676,+0.424) ggm=0.000 circ=+0.1185 xUDD=(0.025,0.022,0.565) | T1 psi=(+2.167,+2.370,+0.969) ggm=0.000 circ=+10.6809 xUDD=(0.031,0.005,0.556) | sep=2.6772
# CONVTAG t=3992.00 rough=0.302694 cond=44.865512 evap=51.310371 backs=6.732139
# CANT t=3992.00 a_tag=1.0000 a_max=1.0000 xl_tag=0.4656 nlock=6 tune=212.037154
# REG t=3992.00 tp n=7 rho=[0.008 0.433 0.735 0.762] gr=0.00001 fl=1.000 | ba n=25744 rho=[0.097 0.482 0.843 0.961] gr=0.00007 fl=0.929
t= 3996.00 -1.20e-15 | 1.6646 16.40  22184   13 510886 511096 | 1.4292 14.79 | 9.18e-03 2.36e-02 |   3.0251 0.4332  1.8906  1.4627 1.000 16.17 | edge_dev mean=0.2182 max=0.4456 gg=0.1952 shape_dev=0.2698 xbar=0.2016 | T0 psi=(-0.225,+1.080,-2.182) ggm=0.000 circ=+0.1334 xUDD=(0.022,0.027,0.568) | T1 psi=(-3.035,+0.749,+0.716) ggm=0.000 circ=+10.6808 xUDD=(0.011,0.020,0.562) | sep=2.6818
# CONVTAG t=3996.00 rough=0.302694 cond=44.865512 evap=51.310371 backs=6.732139
# CANT t=3996.00 a_tag=1.0000 a_max=1.0000 xl_tag=0.4656 nlock=6 tune=212.099706
# REG t=3996.00 tp n=7 rho=[0.033 0.668 0.708 0.760] gr=0.00001 fl=1.000 | ba n=25743 rho=[0.095 0.483 0.841 0.960] gr=0.00007 fl=0.929
t= 4000.00 -1.34e-15 | 1.6645 16.39  22179   16 511325 511567 | 1.4291 14.79 | 4.64e-03 1.38e-02 |   3.2022 0.4586  1.8156  1.4712 1.000 16.00 | edge_dev mean=0.2220 max=0.4333 gg=0.1636 shape_dev=0.2850 xbar=0.2131 | T0 psi=(-0.090,-1.128,+0.259) ggm=0.000 circ=+0.1336 xUDD=(0.037,0.036,0.610) | T1 psi=(+2.789,+1.011,+1.491) ggm=0.000 circ=+10.6808 xUDD=(0.012,0.018,0.567) | sep=2.6860
# CONVTAG t=4000.00 rough=0.302694 cond=45.044899 evap=51.310371 backs=6.732139
# CANT t=4000.00 a_tag=1.0000 a_max=1.0000 xl_tag=0.4656 nlock=6 tune=212.275350
# REG t=4000.00 tp n=7 rho=[0.033 0.761 0.868 0.933] gr=0.00001 fl=1.000 | ba n=25708 rho=[0.094 0.484 0.841 0.960] gr=0.00007 fl=0.930
t= 4004.00 -1.34e-15 | 1.6648 16.40  22191   13 511812 512069 | 1.4292 14.79 | 7.18e-03 1.78e-02 |   3.1156 0.4461  1.8221  1.4949 1.000 16.33 | edge_dev mean=0.2151 max=0.4243 gg=0.1740 shape_dev=0.3168 xbar=0.2075 | T0 psi=(-0.075,+0.550,-1.477) ggm=0.000 circ=+0.1431 xUDD=(0.045,0.039,0.576) | T1 psi=(-2.105,+2.615,-2.889) ggm=0.000 circ=+10.6807 xUDD=(0.010,0.012,0.564) | sep=2.7130
# CONVTAG t=4004.00 rough=0.302694 cond=45.044899 evap=51.310371 backs=6.732139
# CANT t=4004.00 a_tag=1.0000 a_max=1.0000 xl_tag=0.4656 nlock=6 tune=212.393493
# REG t=4004.00 tp n=7 rho=[0.025 0.745 0.820 0.868] gr=0.00001 fl=1.000 | ba n=25697 rho=[0.095 0.486 0.840 0.961] gr=0.00007 fl=0.931
t= 4008.00 -1.20e-15 | 1.6650 16.40  22195   15 512281 512545 | 1.4292 14.78 | 7.65e-03 1.90e-02 |   3.0894 0.4424  1.8222  1.5846 1.000 16.33 | edge_dev mean=0.2161 max=0.4306 gg=0.1652 shape_dev=0.3417 xbar=0.2167 | T0 psi=(-0.071,-2.744,+1.773) ggm=0.000 circ=+0.1480 xUDD=(0.073,0.073,0.570) | T1 psi=(-0.022,-0.064,+1.954) ggm=0.000 circ=+10.6809 xUDD=(0.016,0.007,0.560) | sep=2.7341
# CONVTAG t=4008.00 rough=0.302694 cond=45.044899 evap=51.310371 backs=6.732139
# CANT t=4008.00 a_tag=1.0000 a_max=1.0000 xl_tag=0.4656 nlock=6 tune=212.465649
# REG t=4008.00 tp n=7 rho=[0.021 0.678 0.740 0.867] gr=0.00001 fl=1.000 | ba n=25686 rho=[0.097 0.490 0.840 0.961] gr=0.00007 fl=0.930
t= 4012.00 -1.20e-15 | 1.6647 16.39  22173   14 512779 513087 | 1.4289 14.78 | 5.86e-03 1.51e-02 |   3.1081 0.4451  1.8278  1.4903 1.000 16.33 | edge_dev mean=0.2118 max=0.4111 gg=0.1650 shape_dev=0.3396 xbar=0.2070 | T0 psi=(-0.097,+0.625,-1.555) ggm=0.000 circ=+0.1529 xUDD=(0.042,0.040,0.571) | T1 psi=(+2.401,+2.582,+0.831) ggm=0.000 circ=+10.6810 xUDD=(0.018,0.008,0.562) | sep=2.7299
# CONVTAG t=4012.00 rough=0.302694 cond=45.044899 evap=51.310371 backs=6.732139
# CANT t=4012.00 a_tag=1.0000 a_max=1.0000 xl_tag=0.4656 nlock=6 tune=212.529243
# REG t=4012.00 tp n=7 rho=[0.018 0.684 0.694 0.867] gr=0.00001 fl=1.000 | ba n=25644 rho=[0.096 0.490 0.842 0.961] gr=0.00007 fl=0.931
t= 4016.00 -1.20e-15 | 1.6648 16.40  22193    9 513289 513581 | 1.4291 14.78 | 8.11e-03 2.30e-02 |   3.0781 0.4408  1.8375  1.4862 1.000 16.17 | edge_dev mean=0.2077 max=0.3936 gg=0.2065 shape_dev=0.3164 xbar=0.2051 | T0 psi=(-0.048,-2.858,+1.745) ggm=0.000 circ=+0.1454 xUDD=(0.046,0.033,0.570) | T1 psi=(-3.090,+0.067,+1.535) ggm=0.000 circ=+10.6809 xUDD=(0.012,0.006,0.563) | sep=2.7152
# CONVTAG t=4016.00 rough=0.302694 cond=45.044899 evap=51.310371 backs=6.732139
# CANT t=4016.00 a_tag=1.0000 a_max=1.0000 xl_tag=0.4656 nlock=6 tune=212.598074
# REG t=4016.00 tp n=7 rho=[0.013 0.772 0.867 0.904] gr=0.00002 fl=1.000 | ba n=25665 rho=[0.101 0.495 0.843 0.962] gr=0.00007 fl=0.931
t= 4020.00 -1.20e-15 | 1.6648 16.37  22148   16 513829 514119 | 1.4286 14.78 | 4.64e-03 1.65e-02 |   3.1223 0.4471  1.8672  1.4585 1.000 16.17 | edge_dev mean=0.2100 max=0.3997 gg=0.1653 shape_dev=0.3128 xbar=0.2079 | T0 psi=(-0.071,+0.329,-1.361) ggm=0.000 circ=+0.1655 xUDD=(0.035,0.033,0.572) | T1 psi=(-0.604,+3.129,+0.201) ggm=0.000 circ=+10.6810 xUDD=(0.023,0.019,0.565) | sep=2.7127
# CONVTAG t=4020.00 rough=0.302694 cond=45.044899 evap=51.310371 backs=6.732139
# CANT t=4020.00 a_tag=1.0000 a_max=1.0000 xl_tag=0.4656 nlock=6 tune=212.675991
# REG t=4020.00 tp n=7 rho=[0.010 0.747 0.832 0.867] gr=0.00001 fl=1.000 | ba n=25661 rho=[0.100 0.490 0.842 0.962] gr=0.00007 fl=0.931
t= 4024.00 -1.20e-15 | 1.6648 16.38  22162   17 514289 514622 | 1.4289 14.79 | 4.74e-03 1.52e-02 |   3.1733 0.4544  1.8764  1.4568 1.000 16.33 | edge_dev mean=0.2112 max=0.3900 gg=0.1642 shape_dev=0.3216 xbar=0.2113 | T0 psi=(-0.073,-2.978,+1.948) ggm=0.000 circ=+0.1882 xUDD=(0.033,0.037,0.573) | T1 psi=(+1.209,-1.043,+0.693) ggm=0.000 circ=+10.6812 xUDD=(0.020,0.034,0.570) | sep=2.7109
# CONVTAG t=4024.00 rough=0.302694 cond=45.044899 evap=51.310371 backs=6.732139
# CANT t=4024.00 a_tag=1.0000 a_max=1.0000 xl_tag=0.4656 nlock=6 tune=212.759407
# REG t=4024.00 tp n=7 rho=[0.010 0.465 0.743 0.867] gr=0.00001 fl=1.000 | ba n=25618 rho=[0.100 0.484 0.838 0.961] gr=0.00007 fl=0.931
t= 4028.00 -1.20e-15 | 1.6645 16.37  22144   13 514826 515134 | 1.4287 14.79 | 5.85e-03 1.62e-02 |   3.1653 0.4533  1.8454  1.4727 1.000 16.33 | edge_dev mean=0.2086 max=0.3853 gg=0.1805 shape_dev=0.3274 xbar=0.2107 | T0 psi=(-0.048,-0.662,-0.251) ggm=0.000 circ=+0.1796 xUDD=(0.046,0.039,0.573) | T1 psi=(+2.292,+2.920,+0.716) ggm=0.000 circ=+10.6812 xUDD=(0.017,0.023,0.565) | sep=2.7149
# CONVTAG t=4028.00 rough=0.302694 cond=45.044899 evap=51.310371 backs=6.732139
# CANT t=4028.00 a_tag=1.0000 a_max=1.0000 xl_tag=0.4656 nlock=6 tune=212.830272
# REG t=4028.00 tp n=7 rho=[0.010 0.287 0.687 0.867] gr=0.00002 fl=1.000 | ba n=25648 rho=[0.097 0.480 0.840 0.961] gr=0.00007 fl=0.930
t= 4032.00 -1.20e-15 | 1.6647 16.38  22166    3 515354 515639 | 1.4290 14.79 | 6.12e-03 1.69e-02 |   3.1368 0.4492  1.8464  1.4852 1.000 16.50 | edge_dev mean=0.2137 max=0.3873 gg=0.1741 shape_dev=0.3353 xbar=0.2102 | T0 psi=(-0.038,+0.924,-1.990) ggm=0.000 circ=+0.1821 xUDD=(0.044,0.042,0.572) | T1 psi=(+2.896,+0.870,+1.387) ggm=0.000 circ=+10.6812 xUDD=(0.017,0.020,0.566) | sep=2.7195
# CONVTAG t=4032.00 rough=0.302694 cond=45.044899 evap=51.310371 backs=6.732139
# CANT t=4032.00 a_tag=1.0000 a_max=1.0000 xl_tag=0.4656 nlock=6 tune=212.898749
# REG t=4032.00 tp n=7 rho=[0.025 0.627 0.756 0.803] gr=0.00001 fl=1.000 | ba n=25679 rho=[0.094 0.479 0.840 0.961] gr=0.00007 fl=0.929
t= 4036.00 -1.34e-15 | 1.6646 16.37  22143   10 515835 516095 | 1.4287 14.79 | 7.64e-03 1.92e-02 |   3.1148 0.4460  1.8751  1.4564 1.000 16.17 | edge_dev mean=0.2089 max=0.3718 gg=0.1670 shape_dev=0.3140 xbar=0.2073 | T0 psi=(-0.062,-1.619,+0.472) ggm=0.002 circ=+0.1887 xUDD=(0.039,0.031,0.571) | T1 psi=(+2.519,+0.330,+2.703) ggm=0.000 circ=+10.6812 xUDD=(0.010,0.027,0.565) | sep=2.7062
# CONVTAG t=4036.00 rough=0.302694 cond=45.044899 evap=51.310371 backs=6.732139
# CANT t=4036.00 a_tag=1.0000 a_max=1.0000 xl_tag=0.4656 nlock=6 tune=212.985367
# REG t=4036.00 tp n=7 rho=[0.031 0.698 0.714 0.717] gr=0.00001 fl=1.000 | ba n=25695 rho=[0.091 0.481 0.839 0.961] gr=0.00007 fl=0.928
t= 4040.00 -1.20e-15 | 1.6642 16.38  22161    8 516364 516639 | 1.4289 14.79 | 5.25e-03 1.34e-02 |   3.0904 0.4425  1.9195  1.4644 1.000 16.33 | edge_dev mean=0.2134 max=0.3914 gg=0.1701 shape_dev=0.3173 xbar=0.2058 | T0 psi=(-0.141,-0.540,-0.574) ggm=0.000 circ=+0.1964 xUDD=(0.031,0.028,0.569) | T1 psi=(+2.364,-1.766,-1.439) ggm=0.000 circ=+10.6811 xUDD=(0.021,0.020,0.565) | sep=2.7192
# CONVTAG t=4040.00 rough=0.302694 cond=45.044899 evap=51.310371 backs=6.732139
# CANT t=4040.00 a_tag=1.0000 a_max=1.0000 xl_tag=0.4656 nlock=6 tune=213.044698
# REG t=4040.00 tp n=7 rho=[0.028 0.883 0.902 0.972] gr=0.00001 fl=1.000 | ba n=25682 rho=[0.092 0.483 0.839 0.962] gr=0.00007 fl=0.929
t= 4044.00 -1.20e-15 | 1.6646 16.36  22131   13 516914 517176 | 1.4285 14.79 | 6.03e-03 1.82e-02 |   3.1578 0.4522  1.9136  1.4734 1.000 16.67 | edge_dev mean=0.2161 max=0.4096 gg=0.1624 shape_dev=0.3130 xbar=0.2100 | T0 psi=(-0.084,+3.018,+2.075) ggm=0.000 circ=+0.2042 xUDD=(0.037,0.032,0.569) | T1 psi=(+1.947,-2.319,+0.005) ggm=0.000 circ=+10.6813 xUDD=(0.032,0.024,0.565) | sep=2.7195
# CONVTAG t=4044.00 rough=0.302694 cond=45.044899 evap=51.310371 backs=6.732139
# CANT t=4044.00 a_tag=1.0000 a_max=1.0000 xl_tag=0.4656 nlock=6 tune=213.110988
# REG t=4044.00 tp n=7 rho=[0.029 0.810 0.923 0.928] gr=0.00001 fl=1.000 | ba n=25691 rho=[0.090 0.483 0.839 0.961] gr=0.00007 fl=0.928
t= 4048.00 -1.34e-15 | 1.6645 16.35  22127   10 517415 517689 | 1.4286 14.79 | 7.85e-03 1.90e-02 |   3.3582 0.4809  1.9598  1.4738 1.000 16.17 | edge_dev mean=0.2151 max=0.4146 gg=0.1647 shape_dev=0.3291 xbar=0.2236 | T0 psi=(-0.027,-0.002,-1.133) ggm=0.000 circ=+0.2099 xUDD=(0.041,0.033,0.573) | T1 psi=(+2.274,+2.080,+2.031) ggm=0.000 circ=+10.6813 xUDD=(0.031,0.040,0.623) | sep=2.7286
# CONVTAG t=4048.00 rough=0.302694 cond=45.225017 evap=51.310371 backs=6.732139
# CANT t=4048.00 a_tag=1.0000 a_max=1.0000 xl_tag=0.4656 nlock=6 tune=213.234968
# REG t=4048.00 tp n=7 rho=[0.029 0.765 0.923 0.960] gr=0.00001 fl=1.000 | ba n=25684 rho=[0.091 0.476 0.840 0.961] gr=0.00007 fl=0.929
t= 4052.00 -1.34e-15 | 1.6646 16.38  22165   11 517916 518173 | 1.4290 14.79 | 7.49e-03 1.81e-02 |   3.2867 0.4706  1.9320  1.4771 1.000 16.33 | edge_dev mean=0.2106 max=0.4027 gg=0.2806 shape_dev=0.3279 xbar=0.2189 | T0 psi=(-0.076,+1.480,-2.524) ggm=0.000 circ=+0.2151 xUDD=(0.040,0.036,0.572) | T1 psi=(+2.522,-0.068,-2.475) ggm=0.000 circ=+10.6814 xUDD=(0.035,0.029,0.602) | sep=2.7271
# CONVTAG t=4052.00 rough=0.302694 cond=45.225017 evap=51.310371 backs=6.732139
# CANT t=4052.00 a_tag=1.0000 a_max=1.0000 xl_tag=0.4656 nlock=6 tune=213.345455
# REG t=4052.00 tp n=7 rho=[0.023 0.850 0.918 0.981] gr=0.00001 fl=1.000 | ba n=25700 rho=[0.089 0.478 0.840 0.962] gr=0.00007 fl=0.929
t= 4056.00 -1.20e-15 | 1.6648 16.36  22132    3 518417 518666 | 1.4287 14.80 | 1.24e-02 2.78e-02 |   2.9103 0.4168  1.8296  1.4808 1.000 16.33 | edge_dev mean=0.2074 max=0.3998 gg=0.1733 shape_dev=0.3288 xbar=0.1938 | T0 psi=(-0.057,-2.806,+1.624) ggm=0.000 circ=+0.2168 xUDD=(0.035,0.031,0.568) | T1 psi=(-3.011,-0.574,+2.308) ggm=0.000 circ=+10.6815 xUDD=(0.027,0.002,0.500) | sep=2.7242
# CONVTAG t=4056.00 rough=0.302694 cond=45.225017 evap=51.620847 backs=6.772636
# CANT t=4056.00 a_tag=1.0000 a_max=1.0000 xl_tag=0.4656 nlock=6 tune=213.531382
# REG t=4056.00 tp n=7 rho=[0.039 0.766 0.821 0.994] gr=0.00001 fl=1.000 | ba n=25716 rho=[0.089 0.478 0.841 0.962] gr=0.00007 fl=0.929
t= 4060.00 -1.20e-15 | 1.6645 16.37  22145    9 518943 519221 | 1.4287 14.79 | 7.18e-03 1.50e-02 |   2.9509 0.4226  1.8594  1.4696 1.000 16.33 | edge_dev mean=0.2082 max=0.4122 gg=0.1681 shape_dev=0.3123 xbar=0.1966 | T0 psi=(-0.041,+1.558,-2.695) ggm=0.000 circ=+0.2157 xUDD=(0.034,0.030,0.565) | T1 psi=(-3.006,+2.939,-0.875) ggm=0.000 circ=+10.6814 xUDD=(0.018,0.004,0.529) | sep=2.7068
# CONVTAG t=4060.00 rough=0.302694 cond=45.225017 evap=51.620847 backs=6.772636
# CANT t=4060.00 a_tag=1.0000 a_max=1.0000 xl_tag=0.4656 nlock=6 tune=213.678778
# REG t=4060.00 tp n=7 rho=[0.036 0.675 0.824 0.983] gr=0.00000 fl=1.000 | ba n=25680 rho=[0.090 0.476 0.838 0.962] gr=0.00007 fl=0.930
t= 4064.00 -1.20e-15 | 1.6643 16.35  22121   13 519391 519668 | 1.4284 14.79 | 9.31e-03 2.31e-02 |   2.9325 0.4199  1.8763  1.4517 1.000 16.33 | edge_dev mean=0.2091 max=0.4100 gg=0.1948 shape_dev=0.3061 xbar=0.1953 | T0 psi=(-0.042,-2.440,+1.285) ggm=0.000 circ=+0.2204 xUDD=(0.026,0.026,0.565) | T1 psi=(+2.844,+3.037,-0.180) ggm=0.000 circ=+10.6811 xUDD=(0.007,0.007,0.541) | sep=2.6997
# CONVTAG t=4064.00 rough=0.302694 cond=45.225017 evap=51.620847 backs=6.772636
# CANT t=4064.00 a_tag=1.0000 a_max=1.0000 xl_tag=0.4656 nlock=6 tune=213.778189
# REG t=4064.00 tp n=7 rho=[0.026 0.603 0.824 0.922] gr=0.00000 fl=1.000 | ba n=25676 rho=[0.091 0.476 0.841 0.962] gr=0.00007 fl=0.930
t= 4068.00 -1.34e-15 | 1.6647 16.36  22139    6 519867 520124 | 1.4286 14.78 | 8.95e-03 2.31e-02 |   2.8964 0.4148  1.9083  1.4415 1.000 16.33 | edge_dev mean=0.2060 max=0.4108 gg=0.1680 shape_dev=0.2969 xbar=0.1933 | T0 psi=(-0.085,-0.729,-0.446) ggm=0.000 circ=+0.2164 xUDD=(0.021,0.020,0.563) | T1 psi=(+3.085,-1.354,-2.642) ggm=0.000 circ=+10.6812 xUDD=(0.004,0.003,0.550) | sep=2.6959
# CONVTAG t=4068.00 rough=0.302694 cond=45.225017 evap=51.620847 backs=6.772636
# CANT t=4068.00 a_tag=1.0000 a_max=1.0000 xl_tag=0.4656 nlock=6 tune=213.842539
# REG t=4068.00 tp n=7 rho=[0.023 0.779 0.824 0.890] gr=0.00001 fl=1.000 | ba n=25705 rho=[0.091 0.478 0.840 0.962] gr=0.00007 fl=0.929
t= 4072.00 -1.34e-15 | 1.6646 16.37  22144    7 520339 520582 | 1.4286 14.78 | 5.94e-03 1.72e-02 |   2.9343 0.4202  1.9094  1.4314 1.000 16.17 | edge_dev mean=0.2086 max=0.4129 gg=0.2753 shape_dev=0.2946 xbar=0.1954 | T0 psi=(-0.080,+2.496,+2.631) ggm=0.000 circ=+0.2214 xUDD=(0.021,0.020,0.563) | T1 psi=(+2.418,+0.603,-3.124) ggm=0.000 circ=+10.6811 xUDD=(0.010,0.006,0.553) | sep=2.6961
# CONVTAG t=4072.00 rough=0.302694 cond=45.225017 evap=51.620847 backs=6.772636
# CANT t=4072.00 a_tag=1.0000 a_max=1.0000 xl_tag=0.4656 nlock=6 tune=213.886632
# REG t=4072.00 tp n=7 rho=[0.022 0.476 0.783 0.859] gr=0.00001 fl=1.000 | ba n=25717 rho=[0.093 0.485 0.843 0.963] gr=0.00007 fl=0.929
t= 4076.00 -1.34e-15 | 1.6641 16.35  22116   10 520841 521111 | 1.4282 14.78 | 8.63e-03 2.07e-02 |   2.9618 0.4241  1.9114  1.4437 1.000 16.33 | edge_dev mean=0.2118 max=0.4244 gg=0.1640 shape_dev=0.3223 xbar=0.1973 | T0 psi=(+0.021,-1.936,+0.763) ggm=0.000 circ=+0.2292 xUDD=(0.023,0.020,0.563) | T1 psi=(+2.458,+2.825,+0.941) ggm=0.000 circ=+10.6812 xUDD=(0.015,0.008,0.554) | sep=2.7090
# CONVTAG t=4076.00 rough=0.302694 cond=45.225017 evap=51.620847 backs=6.772636
# CANT t=4076.00 a_tag=1.0000 a_max=1.0000 xl_tag=0.4656 nlock=6 tune=213.936429
# REG t=4076.00 tp n=7 rho=[0.020 0.800 0.802 0.987] gr=0.00001 fl=1.000 | ba n=25686 rho=[0.095 0.489 0.848 0.964] gr=0.00007 fl=0.930
t= 4080.00 -1.34e-15 | 1.6644 16.35  22126   10 521335 521601 | 1.4283 14.78 | 5.84e-03 1.64e-02 |   2.9844 0.4274  1.9398  1.4397 1.000 16.33 | edge_dev mean=0.2079 max=0.3943 gg=0.1673 shape_dev=0.3307 xbar=0.1988 | T0 psi=(+0.013,-0.362,-1.189) ggm=0.000 circ=+0.2386 xUDD=(0.018,0.023,0.565) | T1 psi=(+2.880,-1.209,-2.082) ggm=0.000 circ=+10.6810 xUDD=(0.018,0.011,0.559) | sep=2.7083
# CONVTAG t=4080.00 rough=0.302694 cond=45.225017 evap=51.620847 backs=6.772636
# CANT t=4080.00 a_tag=1.0000 a_max=1.0000 xl_tag=0.4656 nlock=6 tune=213.983929
# REG t=4080.00 tp n=7 rho=[0.026 0.738 0.809 0.880] gr=0.00001 fl=1.000 | ba n=25689 rho=[0.095 0.484 0.842 0.962] gr=0.00007 fl=0.929
t= 4084.00 -1.34e-15 | 1.6639 16.35  22127   13 521834 522095 | 1.4283 14.78 | 6.81e-03 2.25e-02 |   2.7169 0.3891  2.0831  1.4382 1.000 16.17 | edge_dev mean=0.2094 max=0.3947 gg=0.1429 shape_dev=0.3516 xbar=0.1811 | T0 psi=(-0.302,+2.853,+1.724) ggm=0.000 circ=+0.2385 xUDD=(0.011,0.019,0.466) | T1 psi=(+2.818,+1.951,+1.029) ggm=0.000 circ=+10.6806 xUDD=(0.021,0.008,0.561) | sep=2.7206
# CONVTAG t=4084.00 rough=0.302694 cond=45.225017 evap=51.936869 backs=6.813856
# CANT t=4084.00 a_tag=1.0000 a_max=1.0000 xl_tag=0.4656 nlock=6 tune=214.101438
# REG t=4084.00 tp n=7 rho=[0.029 0.299 0.781 0.995] gr=0.00001 fl=1.000 | ba n=25690 rho=[0.099 0.488 0.843 0.962] gr=0.00007 fl=0.930
t= 4088.00 -1.34e-15 | 1.6638 16.34  22109   11 522304 522567 | 1.4282 14.78 | 9.00e-03 2.03e-02 |   2.7550 0.3945  2.0292  1.4274 1.000 16.33 | edge_dev mean=0.2070 max=0.4024 gg=0.1109 shape_dev=0.3766 xbar=0.1836 | T0 psi=(-0.472,-1.947,+0.527) ggm=0.000 circ=+0.2264 xUDD=(0.001,0.005,0.532) | T1 psi=(+3.060,-0.105,+2.374) ggm=0.000 circ=+10.6806 xUDD=(0.006,0.001,0.556) | sep=2.7442
# CONVTAG t=4088.00 rough=0.302694 cond=45.225017 evap=51.936869 backs=6.813856
# CANT t=4088.00 a_tag=1.0000 a_max=1.0000 xl_tag=0.4656 nlock=6 tune=214.291174
# REG t=4088.00 tp n=7 rho=[0.054 0.557 0.563 0.979] gr=0.00001 fl=1.000 | ba n=25690 rho=[0.099 0.495 0.847 0.963] gr=0.00006 fl=0.930
t= 4092.00 -1.34e-15 | 1.6639 16.34  22103    9 522817 523062 | 1.4281 14.78 | 8.29e-03 2.18e-02 |   2.8220 0.4041  1.9716  1.4346 1.000 16.33 | edge_dev mean=0.2129 max=0.4263 gg=0.0553 shape_dev=0.3748 xbar=0.1880 | T0 psi=(-0.753,+0.213,-0.975) ggm=0.000 circ=+0.2152 xUDD=(0.003,0.011,0.553) | T1 psi=(-3.049,-2.983,-1.299) ggm=0.000 circ=+10.6806 xUDD=(0.004,0.003,0.554) | sep=2.7419
# CONVTAG t=4092.00 rough=0.302694 cond=45.225017 evap=51.936869 backs=6.813856
# CANT t=4092.00 a_tag=1.0000 a_max=1.0000 xl_tag=0.4656 nlock=6 tune=214.361098
# REG t=4092.00 tp n=7 rho=[0.034 0.556 0.601 0.952] gr=0.00001 fl=1.000 | ba n=25709 rho=[0.099 0.490 0.843 0.962] gr=0.00007 fl=0.930
t= 4096.00 -1.34e-15 | 1.6638 16.37  22148   10 523381 523595 | 1.4287 14.78 | 1.06e-02 2.05e-02 |   2.8808 0.4125  1.9510  1.4317 1.000 16.33 | edge_dev mean=0.2122 max=0.4305 gg=0.1062 shape_dev=0.3600 xbar=0.1923 | T0 psi=(-0.471,+2.617,+2.629) ggm=0.000 circ=+0.2015 xUDD=(0.009,0.013,0.560) | T1 psi=(-0.459,+2.223,+1.127) ggm=0.000 circ=+10.6807 xUDD=(0.004,0.011,0.557) | sep=2.7291
# CONVTAG t=4096.00 rough=0.302694 cond=45.225017 evap=51.936869 backs=6.813856
# CANT t=4096.00 a_tag=1.0000 a_max=1.0000 xl_tag=0.4656 nlock=6 tune=214.401258
# REG t=4096.00 tp n=7 rho=[0.069 0.599 0.913 0.933] gr=0.00000 fl=1.000 | ba n=25742 rho=[0.098 0.490 0.842 0.962] gr=0.00006 fl=0.928
t= 4100.00 -1.34e-15 | 1.6641 16.36  22141   11 523889 524127 | 1.4286 14.79 | 1.03e-02 2.53e-02 |   2.9335 0.4201  1.9374  1.4351 1.000 16.50 | edge_dev mean=0.2147 max=0.4341 gg=0.1536 shape_dev=0.3394 xbar=0.1954 | T0 psi=(-0.247,-2.217,+1.072) ggm=0.000 circ=+0.1952 xUDD=(0.012,0.016,0.563) | T1 psi=(+0.183,-0.161,+2.327) ggm=0.000 circ=+10.6808 xUDD=(0.008,0.013,0.560) | sep=2.7190
# CONVTAG t=4100.00 rough=0.302694 cond=45.225017 evap=51.936869 backs=6.813856
# CANT t=4100.00 a_tag=1.0000 a_max=1.0000 xl_tag=0.4656 nlock=6 tune=214.453892
# REG t=4100.00 tp n=7 rho=[0.059 0.768 0.868 0.935] gr=0.00002 fl=1.000 | ba n=25719 rho=[0.099 0.499 0.844 0.962] gr=0.00006 fl=0.928
t= 4104.00 -1.34e-15 | 1.6643 16.36  22135    9 524371 524621 | 1.4286 14.79 | 1.35e-02 3.13e-02 |   2.9557 0.4232  1.9327  1.4377 1.000 16.00 | edge_dev mean=0.2128 max=0.4173 gg=0.1495 shape_dev=0.3260 xbar=0.1970 | T0 psi=(-0.233,+0.489,-1.722) ggm=0.000 circ=+0.1892 xUDD=(0.015,0.018,0.564) | T1 psi=(+1.867,+2.378,+2.845) ggm=0.000 circ=+10.6811 xUDD=(0.012,0.012,0.561) | sep=2.7147
# CONVTAG t=4104.00 rough=0.302694 cond=45.225017 evap=51.936869 backs=6.813856
# CANT t=4104.00 a_tag=1.0000 a_max=1.0000 xl_tag=0.4656 nlock=6 tune=214.502575
# REG t=4104.00 tp n=7 rho=[0.051 0.841 0.943 0.947] gr=0.00002 fl=1.000 | ba n=25709 rho=[0.098 0.496 0.847 0.963] gr=0.00006 fl=0.929
t= 4108.00 -1.47e-15 | 1.6643 16.36  22129    7 524876 525131 | 1.4284 14.78 | 8.86e-03 2.16e-02 |   2.9384 0.4208  1.9376  1.4395 1.000 16.00 | edge_dev mean=0.2138 max=0.4241 gg=0.1472 shape_dev=0.3182 xbar=0.1957 | T0 psi=(-0.165,-3.112,+1.693) ggm=0.000 circ=+0.1825 xUDD=(0.017,0.016,0.563) | T1 psi=(+2.510,-0.119,-2.199) ggm=0.000 circ=+10.6813 xUDD=(0.015,0.003,0.560) | sep=2.7142
# CONVTAG t=4108.00 rough=0.302694 cond=45.225017 evap=51.936869 backs=6.813856
# CANT t=4108.00 a_tag=1.0000 a_max=1.0000 xl_tag=0.4656 nlock=6 tune=214.535089
# REG t=4108.00 tp n=7 rho=[0.043 0.541 0.762 0.862] gr=0.00002 fl=1.000 | ba n=25706 rho=[0.096 0.496 0.845 0.963] gr=0.00006 fl=0.929
t= 4112.00 -1.47e-15 | 1.6640 16.34  22107   10 525396 525639 | 1.4283 14.78 | 5.85e-03 1.59e-02 |   2.9055 0.4161  1.9331  1.4374 1.000 16.00 | edge_dev mean=0.2140 max=0.4274 gg=0.1515 shape_dev=0.3102 xbar=0.1936 | T0 psi=(-0.200,-0.198,-1.143) ggm=0.000 circ=+0.1787 xUDD=(0.015,0.015,0.562) | T1 psi=(-3.079,-3.136,-0.640) ggm=0.000 circ=+10.6813 xUDD=(0.009,0.003,0.558) | sep=2.7168
# CONVTAG t=4112.00 rough=0.302694 cond=45.225017 evap=51.936869 backs=6.813856
# CANT t=4112.00 a_tag=1.0000 a_max=1.0000 xl_tag=0.4656 nlock=6 tune=214.569103
# REG t=4112.00 tp n=7 rho=[0.038 0.519 0.681 0.749] gr=0.00002 fl=1.000 | ba n=25714 rho=[0.096 0.496 0.844 0.962] gr=0.00007 fl=0.929
t= 4116.00 -1.47e-15 | 1.6642 16.35  22119   18 525919 526135 | 1.4284 14.79 | 1.19e-02 2.61e-02 |   2.8878 0.4135  1.9478  1.4303 1.000 16.17 | edge_dev mean=0.2142 max=0.4401 gg=0.1369 shape_dev=0.2930 xbar=0.1925 | T0 psi=(-0.261,+2.356,+2.498) ggm=0.000 circ=+0.1749 xUDD=(0.014,0.013,0.561) | T1 psi=(-1.838,-1.081,+1.318) ggm=0.000 circ=+10.6812 xUDD=(0.004,0.004,0.559) | sep=2.7077
# CONVTAG t=4116.00 rough=0.302694 cond=45.225017 evap=51.936869 backs=6.813856
# CANT t=4116.00 a_tag=1.0000 a_max=1.0000 xl_tag=0.4656 nlock=6 tune=214.591082
# REG t=4116.00 tp n=7 rho=[0.038 0.606 0.855 0.911] gr=0.00002 fl=1.000 | ba n=25733 rho=[0.094 0.495 0.845 0.962] gr=0.00007 fl=0.929
t= 4120.00 -1.47e-15 | 1.6643 16.36  22136    6 526486 526693 | 1.4285 14.78 | 9.67e-03 2.19e-02 |   2.9003 0.4153  1.9638  1.4343 1.000 16.83 | edge_dev mean=0.2260 max=0.4604 gg=0.1478 shape_dev=0.2844 xbar=0.1932 | T0 psi=(-0.209,-0.805,-0.599) ggm=0.000 circ=+0.1746 xUDD=(0.012,0.012,0.562) | T1 psi=(-0.016,+2.361,+0.656) ggm=0.000 circ=+10.6811 xUDD=(0.011,0.004,0.558) | sep=2.7040
# CONVTAG t=4120.00 rough=0.302694 cond=45.225017 evap=51.936869 backs=6.813856
# CANT t=4120.00 a_tag=1.0000 a_max=1.0000 xl_tag=0.4656 nlock=6 tune=214.613500
# REG t=4120.00 tp n=7 rho=[0.037 0.657 0.940 0.978] gr=0.00003 fl=1.000 | ba n=25752 rho=[0.093 0.490 0.844 0.963] gr=0.00006 fl=0.928
t= 4124.00 -1.47e-15 | 1.6642 16.35  22115   12 526990 527188 | 1.4283 14.78 | 9.58e-03 2.07e-02 |   2.9123 0.4170  1.9713  1.4376 1.000 16.50 | edge_dev mean=0.2253 max=0.4549 gg=0.1602 shape_dev=0.2966 xbar=0.1941 | T0 psi=(-0.258,+2.129,+2.730) ggm=0.000 circ=+0.1745 xUDD=(0.013,0.013,0.562) | T1 psi=(+0.397,-0.782,+2.917) ggm=0.000 circ=+10.6808 xUDD=(0.015,0.004,0.557) | sep=2.7078
# CONVTAG t=4124.00 rough=0.302694 cond=45.225017 evap=51.936869 backs=6.813856
# CANT t=4124.00 a_tag=1.0000 a_max=1.0000 xl_tag=0.4656 nlock=6 tune=214.640072
# REG t=4124.00 tp n=7 rho=[0.034 0.519 0.531 0.968] gr=0.00006 fl=1.000 | ba n=25755 rho=[0.092 0.487 0.845 0.962] gr=0.00006 fl=0.928
t= 4128.00 -1.47e-15 | 1.6637 16.35  22124    8 527520 527734 | 1.4283 14.78 | 6.29e-03 1.41e-02 |   2.8921 0.4141  1.9847  1.4184 1.000 16.67 | edge_dev mean=0.2176 max=0.4407 gg=0.1147 shape_dev=0.2546 xbar=0.1927 | T0 psi=(-0.438,-0.710,-0.553) ggm=0.000 circ=+0.1693 xUDD=(0.009,0.012,0.560) | T1 psi=(+2.572,+1.334,+2.554) ggm=0.000 circ=+10.6816 xUDD=(0.013,0.005,0.558) | sep=2.6797
# CONVTAG t=4128.00 rough=0.302694 cond=45.225017 evap=51.936869 backs=6.813856
# CANT t=4128.00 a_tag=1.0000 a_max=1.0000 xl_tag=0.4656 nlock=6 tune=214.666472
# REG t=4128.00 tp n=7 rho=[0.033 0.432 0.871 0.974] gr=0.00005 fl=1.000 | ba n=25744 rho=[0.089 0.489 0.844 0.962] gr=0.00006 fl=0.928
t= 4132.00 -1.47e-15 | 1.6633 16.34  22114   19 527991 528233 | 1.4282 14.77 | 6.46e-03 1.75e-02 |   2.8959 0.4147  1.9695  1.4260 1.000 16.50 | edge_dev mean=0.2185 max=0.4401 gg=0.1517 shape_dev=0.2485 xbar=0.1930 | T0 psi=(-0.168,+1.828,+2.938) ggm=0.000 circ=+0.1694 xUDD=(0.014,0.012,0.562) | T1 psi=(-3.025,-1.176,-2.786) ggm=0.000 circ=+10.6817 xUDD=(0.009,0.003,0.558) | sep=2.6768
# CONVTAG t=4132.00 rough=0.302694 cond=45.225017 evap=51.936869 backs=6.813856
# CANT t=4132.00 a_tag=1.0000 a_max=1.0000 xl_tag=0.4656 nlock=6 tune=214.697281
# REG t=4132.00 tp n=7 rho=[0.023 0.447 0.741 0.958] gr=0.00003 fl=1.000 | ba n=25705 rho=[0.091 0.488 0.843 0.962] gr=0.00007 fl=0.929
t= 4136.00 -1.47e-15 | 1.6638 16.32  22078    9 528519 528760 | 1.4279 14.78 | 4.53e-03 1.31e-02 |   2.8595 0.4095  1.9884  1.4256 1.000 16.50 | edge_dev mean=0.2128 max=0.4342 gg=0.1477 shape_dev=0.2409 xbar=0.1906 | T0 psi=(-0.233,-1.643,+0.202) ggm=0.000 circ=+0.1747 xUDD=(0.011,0.011,0.559) | T1 psi=(-2.653,+1.649,-0.270) ggm=0.000 circ=+10.6817 xUDD=(0.003,0.002,0.559) | sep=2.6745
# CONVTAG t=4136.00 rough=0.302694 cond=45.225017 evap=51.936869 backs=6.813856
# CANT t=4136.00 a_tag=1.0000 a_max=1.0000 xl_tag=0.4656 nlock=6 tune=214.715348
# REG t=4136.00 tp n=7 rho=[0.021 0.603 0.741 0.949] gr=0.00003 fl=1.000 | ba n=25715 rho=[0.092 0.491 0.842 0.962] gr=0.00007 fl=0.928
t= 4140.00 -1.47e-15 | 1.6640 16.33  22098   11 529041 529254 | 1.4280 14.78 | 6.58e-03 1.89e-02 |   2.8735 0.4115  1.9983  1.4252 1.000 16.83 | edge_dev mean=0.2110 max=0.4469 gg=0.1561 shape_dev=0.2257 xbar=0.1915 | T0 psi=(-0.153,+1.684,-3.021) ggm=0.000 circ=+0.1779 xUDD=(0.011,0.010,0.560) | T1 psi=(-0.438,-2.261,-0.901) ggm=0.000 circ=+10.6816 xUDD=(0.005,0.004,0.558) | sep=2.6672
# CONVTAG t=4140.00 rough=0.302694 cond=45.225017 evap=51.936869 backs=6.813856
# CANT t=4140.00 a_tag=1.0000 a_max=1.0000 xl_tag=0.4656 nlock=6 tune=214.732077
# REG t=4140.00 tp n=7 rho=[0.019 0.677 0.749 0.949] gr=0.00002 fl=1.000 | ba n=25741 rho=[0.094 0.488 0.842 0.961] gr=0.00007 fl=0.928
t= 4144.00 -1.47e-15 | 1.6643 16.34  22107    6 529530 529722 | 1.4282 14.78 | 8.44e-03 2.44e-02 |   2.8725 0.4113  2.0081  1.4150 1.000 16.83 | edge_dev mean=0.2073 max=0.4502 gg=0.1770 shape_dev=0.2044 xbar=0.1914 | T0 psi=(-0.256,-1.907,+0.664) ggm=0.000 circ=+0.1819 xUDD=(0.008,0.010,0.561) | T1 psi=(+0.247,+1.416,+0.504) ggm=0.000 circ=+10.6813 xUDD=(0.007,0.009,0.554) | sep=2.6568
# CONVTAG t=4144.00 rough=0.302694 cond=45.225017 evap=51.936869 backs=6.813856
# CANT t=4144.00 a_tag=1.0000 a_max=1.0000 xl_tag=0.4656 nlock=6 tune=214.762499
# REG t=4144.00 tp n=7 rho=[0.013 0.636 0.702 0.948] gr=0.00001 fl=1.000 | ba n=25770 rho=[0.092 0.486 0.842 0.961] gr=0.00007 fl=0.927
t= 4148.00 -1.47e-15 | 1.6643 16.35  22122    7 530046 530250 | 1.4285 14.80 | 5.00e-03 1.88e-02 |   3.2196 0.4610  2.0265  1.3957 1.000 16.67 | edge_dev mean=0.2169 max=0.4423 gg=0.1670 shape_dev=0.2038 xbar=0.2144 | T0 psi=(-0.127,+0.562,-1.795) ggm=0.000 circ=+0.1766 xUDD=(0.019,0.017,0.567) | T1 psi=(+0.001,-2.427,-0.165) ggm=0.000 circ=+10.6850 xUDD=(0.084,0.038,0.560) | sep=2.6551
# CONVTAG t=4148.00 rough=0.302694 cond=45.524999 evap=51.936869 backs=6.813856
# CANT t=4148.00 a_tag=1.0000 a_max=1.0000 xl_tag=0.4656 nlock=6 tune=214.880170
# REG t=4148.00 tp n=7 rho=[0.013 0.219 0.585 0.928] gr=0.00001 fl=1.000 | ba n=25758 rho=[0.092 0.480 0.844 0.962] gr=0.00007 fl=0.928
t= 4152.00 -1.47e-15 | 1.6642 16.34  22110   10 530575 530773 | 1.4283 14.79 | 7.21e-03 1.88e-02 |   3.1338 0.4488  1.9904  1.4376 1.000 16.50 | edge_dev mean=0.2216 max=0.4452 gg=0.1770 shape_dev=0.2160 xbar=0.2135 | T0 psi=(-0.118,+3.114,+2.080) ggm=0.000 circ=+0.1695 xUDD=(0.025,0.022,0.568) | T1 psi=(-0.357,-1.633,-0.575) ggm=0.000 circ=+10.6878 xUDD=(0.075,0.022,0.569) | sep=2.6619
# CONVTAG t=4152.00 rough=0.302694 cond=45.524999 evap=51.936869 backs=6.813856
# CANT t=4152.00 a_tag=1.0000 a_max=1.0000 xl_tag=0.4656 nlock=6 tune=215.007483
# REG t=4152.00 tp n=7 rho=[0.012 0.274 0.292 0.825] gr=0.00006 fl=1.000 | ba n=25761 rho=[0.091 0.480 0.841 0.961] gr=0.00007 fl=0.928
t= 4156.00 -1.47e-15 | 1.6644 16.34  22109    6 531126 531330 | 1.4282 14.79 | 8.78e-03 2.67e-02 |   3.2403 0.4640  2.0331  1.4081 1.000 16.17 | edge_dev mean=0.2159 max=0.4294 gg=0.1646 shape_dev=0.2060 xbar=0.2158 | T0 psi=(-0.084,-0.998,-0.381) ggm=0.000 circ=+0.1678 xUDD=(0.026,0.022,0.561) | T1 psi=(-0.038,+0.840,+2.827) ggm=0.000 circ=+10.6851 xUDD=(0.081,0.028,0.576) | sep=2.6519
# CONVTAG t=4156.00 rough=0.302694 cond=45.811043 evap=51.936869 backs=6.813856
# CANT t=4156.00 a_tag=1.0000 a_max=1.0000 xl_tag=0.4656 nlock=6 tune=215.256501
# REG t=4156.00 tp n=7 rho=[0.018 0.854 0.974 0.986] gr=0.00006 fl=1.000 | ba n=25760 rho=[0.091 0.479 0.840 0.962] gr=0.00007 fl=0.928
t= 4160.00 -1.47e-15 | 1.6645 16.32  22082   10 531637 531864 | 1.4279 14.79 | 5.48e-03 1.86e-02 |   2.9839 0.4273  2.0334  1.4145 1.000 16.33 | edge_dev mean=0.2141 max=0.4217 gg=0.1682 shape_dev=0.2222 xbar=0.1988 | T0 psi=(-0.153,+1.850,+3.092) ggm=0.000 circ=+0.1622 xUDD=(0.015,0.012,0.557) | T1 psi=(+0.140,-1.524,-2.180) ggm=0.000 circ=+10.6841 xUDD=(0.023,0.012,0.572) | sep=2.6614
# CONVTAG t=4160.00 rough=0.302694 cond=45.811043 evap=51.936869 backs=6.813856
# CANT t=4160.00 a_tag=1.0000 a_max=1.0000 xl_tag=0.4656 nlock=6 tune=215.361501
# REG t=4160.00 tp n=7 rho=[0.019 0.770 0.816 0.950] gr=0.00008 fl=1.000 | ba n=25730 rho=[0.094 0.484 0.845 0.963] gr=0.00007 fl=0.929
t= 4164.00 -1.47e-15 | 1.6643 16.32  22081   18 532134 532371 | 1.4278 14.78 | 5.50e-03 1.44e-02 |   2.9438 0.4215  2.0143  1.4261 1.000 16.33 | edge_dev mean=0.2141 max=0.4276 gg=0.1676 shape_dev=0.2315 xbar=0.1962 | T0 psi=(-0.165,-1.445,+0.105) ggm=0.000 circ=+0.1658 xUDD=(0.015,0.013,0.561) | T1 psi=(+0.061,+1.509,+1.017) ggm=0.000 circ=+10.6839 xUDD=(0.012,0.009,0.568) | sep=2.6694
# CONVTAG t=4164.00 rough=0.302694 cond=45.811043 evap=51.936869 backs=6.813856
# CANT t=4164.00 a_tag=1.0000 a_max=1.0000 xl_tag=0.4656 nlock=6 tune=215.406801
# REG t=4164.00 tp n=7 rho=[0.019 0.720 0.751 0.976] gr=0.00009 fl=1.000 | ba n=25711 rho=[0.097 0.480 0.843 0.963] gr=0.00007 fl=0.930
t= 4168.00 -1.47e-15 | 1.6637 16.34  22105   15 532649 532881 | 1.4280 14.77 | 6.28e-03 1.77e-02 |   2.9028 0.4157  2.0130  1.4272 1.000 16.33 | edge_dev mean=0.2177 max=0.4427 gg=0.1631 shape_dev=0.2348 xbar=0.1934 | T0 psi=(-0.140,+1.012,-2.413) ggm=0.000 circ=+0.1685 xUDD=(0.011,0.012,0.562) | T1 psi=(-0.059,-2.042,-1.620) ggm=0.000 circ=+10.6836 xUDD=(0.005,0.006,0.564) | sep=2.6691
# CONVTAG t=4168.00 rough=0.302694 cond=45.811043 evap=51.936869 backs=6.813856
# CANT t=4168.00 a_tag=1.0000 a_max=1.0000 xl_tag=0.4656 nlock=6 tune=215.427067
# REG t=4168.00 tp n=7 rho=[0.018 0.631 0.721 0.933] gr=0.00009 fl=1.000 | ba n=25719 rho=[0.096 0.485 0.842 0.962] gr=0.00007 fl=0.930
t= 4172.00 -1.47e-15 | 1.6635 16.34  22111   18 533115 533372 | 1.4281 14.78 | 3.87e-03 1.61e-02 |   2.6139 0.3743  1.8621  1.4270 1.000 16.50 | edge_dev mean=0.2217 max=0.4403 gg=0.1610 shape_dev=0.2220 xbar=0.1742 | T0 psi=(-0.211,-1.957,+0.773) ggm=0.000 circ=+0.1654 xUDD=(0.013,0.016,0.561) | T1 psi=(-0.104,+0.400,+1.715) ggm=0.000 circ=+10.6834 xUDD=(0.004,0.002,0.449) | sep=2.6611
# CONVTAG t=4172.00 rough=0.302694 cond=45.811043 evap=52.253770 backs=6.855191
# CANT t=4172.00 a_tag=1.0000 a_max=1.0000 xl_tag=0.4656 nlock=6 tune=215.480234
# REG t=4172.00 tp n=7 rho=[0.014 0.569 0.657 0.916] gr=0.00008 fl=1.000 | ba n=25693 rho=[0.098 0.490 0.846 0.963] gr=0.00007 fl=0.930
t= 4176.00 -1.47e-15 | 1.6638 16.36  22140   19 533603 533845 | 1.4285 14.79 | 1.01e-02 2.57e-02 |   2.7027 0.3870  1.8839  1.4385 1.000 16.17 | edge_dev mean=0.2229 max=0.4446 gg=0.1648 shape_dev=0.2138 xbar=0.1800 | T0 psi=(-0.095,+0.294,-1.596) ggm=0.000 circ=+0.1612 xUDD=(0.020,0.017,0.561) | T1 psi=(-0.601,+2.812,+0.368) ggm=0.000 circ=+10.6830 xUDD=(0.006,0.001,0.474) | sep=2.6579
# CONVTAG t=4176.00 rough=0.302694 cond=45.811043 evap=52.253770 backs=6.855191
# CANT t=4176.00 a_tag=1.0000 a_max=1.0000 xl_tag=0.4656 nlock=6 tune=215.567141
# REG t=4176.00 tp n=7 rho=[0.009 0.470 0.630 0.914] gr=0.00007 fl=1.000 | ba n=25706 rho=[0.098 0.487 0.844 0.963] gr=0.00007 fl=0.929
t= 4180.00 -1.47e-15 | 1.6638 16.34  22106   10 534094 534307 | 1.4281 14.78 | 8.23e-03 1.88e-02 |   2.7794 0.3980  1.9152  1.4448 1.000 16.17 | edge_dev mean=0.2253 max=0.4614 gg=0.1604 shape_dev=0.2030 xbar=0.1852 | T0 psi=(-0.168,+1.974,-3.062) ggm=0.000 circ=+0.1639 xUDD=(0.018,0.019,0.562) | T1 psi=(-0.661,+0.310,+3.060) ggm=0.000 circ=+10.6837 xUDD=(0.010,0.002,0.499) | sep=2.6534
# CONVTAG t=4180.00 rough=0.302694 cond=45.811043 evap=52.253770 backs=6.855191
# CANT t=4180.00 a_tag=1.0000 a_max=1.0000 xl_tag=0.4656 nlock=6 tune=215.675332
# REG t=4180.00 tp n=7 rho=[0.007 0.621 0.859 0.912] gr=0.00005 fl=1.000 | ba n=25743 rho=[0.098 0.494 0.844 0.962] gr=0.00007 fl=0.928
t= 4184.00 -1.47e-15 | 1.6636 16.35  22119   17 534578 534797 | 1.4281 14.77 | 7.00e-03 1.85e-02 |   2.8288 0.4051  1.9547  1.4244 1.000 16.17 | edge_dev mean=0.2286 max=0.4742 gg=0.1633 shape_dev=0.1789 xbar=0.1884 | T0 psi=(-0.117,-1.001,-0.151) ggm=0.000 circ=+0.1629 xUDD=(0.015,0.015,0.562) | T1 psi=(-1.012,-1.865,-0.122) ggm=0.000 circ=+10.6838 xUDD=(0.009,0.005,0.526) | sep=2.6375
# CONVTAG t=4184.00 rough=0.302694 cond=45.811043 evap=52.253770 backs=6.855191
# CANT t=4184.00 a_tag=1.0000 a_max=1.0000 xl_tag=0.4656 nlock=6 tune=215.777507
# REG t=4184.00 tp n=7 rho=[0.014 0.590 0.903 0.912] gr=0.00004 fl=1.000 | ba n=25730 rho=[0.097 0.496 0.848 0.963] gr=0.00007 fl=0.928
t= 4188.00 -1.47e-15 | 1.6635 16.34  22108   16 535078 535287 | 1.4279 14.76 | 4.24e-03 1.70e-02 |   2.8820 0.4127  1.9742  1.4223 1.000 16.17 | edge_dev mean=0.2298 max=0.4976 gg=0.1499 shape_dev=0.1922 xbar=0.1921 | T0 psi=(-0.204,+1.264,-2.343) ggm=0.000 circ=+0.1589 xUDD=(0.016,0.011,0.561) | T1 psi=(-0.806,+1.932,+2.124) ggm=0.000 circ=+10.6844 xUDD=(0.014,0.007,0.544) | sep=2.6473
# CONVTAG t=4188.00 rough=0.302694 cond=45.811043 evap=52.253770 backs=6.855191
# CANT t=4188.00 a_tag=1.0000 a_max=1.0000 xl_tag=0.4656 nlock=6 tune=215.853538
# REG t=4188.00 tp n=7 rho=[0.010 0.884 0.912 0.931] gr=0.00004 fl=1.000 | ba n=25742 rho=[0.095 0.491 0.847 0.963] gr=0.00007 fl=0.927
t= 4192.00 -1.47e-15 | 1.6639 16.34  22106   12 535575 535771 | 1.4279 14.76 | 8.74e-03 2.36e-02 |   2.9584 0.4236  1.9808  1.4320 1.000 16.17 | edge_dev mean=0.2393 max=0.5272 gg=0.1384 shape_dev=0.1983 xbar=0.1971 | T0 psi=(-0.217,-2.522,+1.494) ggm=0.000 circ=+0.1794 xUDD=(0.014,0.015,0.563) | T1 psi=(-0.291,+0.417,+2.962) ggm=0.000 circ=+10.6854 xUDD=(0.024,0.012,0.554) | sep=2.6523
# CONVTAG t=4192.00 rough=0.302694 cond=45.811043 evap=52.253770 backs=6.855191
# CANT t=4192.00 a_tag=1.0000 a_max=1.0000 xl_tag=0.4656 nlock=6 tune=215.926067
# REG t=4192.00 tp n=7 rho=[0.008 0.625 0.912 0.926] gr=0.00005 fl=1.000 | ba n=25759 rho=[0.091 0.485 0.846 0.962] gr=0.00007 fl=0.927
t= 4196.00 -1.47e-15 | 1.6641 16.34  22102   10 536044 536274 | 1.4278 14.76 | 3.80e-03 1.46e-02 |   3.1820 0.4557  1.8886  1.4705 1.000 16.00 | edge_dev mean=0.2375 max=0.5327 gg=0.1618 shape_dev=0.2226 xbar=0.2119 | T0 psi=(-0.116,+1.089,-1.612) ggm=0.000 circ=+0.1897 xUDD=(0.035,0.041,0.581) | T1 psi=(+0.099,-2.699,-0.812) ggm=0.000 circ=+10.6865 xUDD=(0.033,0.017,0.564) | sep=2.6687
# CONVTAG t=4196.00 rough=0.302694 cond=45.991167 evap=52.253770 backs=6.855191
# CANT t=4196.00 a_tag=1.0000 a_max=1.0000 xl_tag=0.4656 nlock=6 tune=216.139927
# REG t=4196.00 tp n=7 rho=[0.006 0.609 0.871 0.913] gr=0.00013 fl=1.000 | ba n=25725 rho=[0.093 0.489 0.844 0.961] gr=0.00007 fl=0.928
t= 4200.00 -1.47e-15 | 1.6641 16.32  22079   15 536556 536818 | 1.4275 14.75 | 7.80e-03 2.37e-02 |   3.1348 0.4489  1.8962  1.4854 1.000 16.17 | edge_dev mean=0.2351 max=0.5381 gg=0.1513 shape_dev=0.2305 xbar=0.2089 | T0 psi=(-0.220,-2.281,+1.892) ggm=0.000 circ=+0.1847 xUDD=(0.038,0.041,0.573) | T1 psi=(+0.214,+0.433,+1.910) ggm=0.000 circ=+10.6873 xUDD=(0.024,0.014,0.565) | sep=2.6751
# CONVTAG t=4200.00 rough=0.302694 cond=45.991167 evap=52.253770 backs=6.855191
# CANT t=4200.00 a_tag=1.0000 a_max=1.0000 xl_tag=0.4656 nlock=6 tune=216.229659
# REG t=4200.00 tp n=7 rho=[0.004 0.608 0.815 0.913] gr=0.00010 fl=1.000 | ba n=25690 rho=[0.092 0.483 0.843 0.962] gr=0.00007 fl=0.929
t= 4204.00 -1.61e-15 | 1.6638 16.34  22103   11 537058 537353 | 1.4277 14.75 | 6.85e-03 1.74e-02 |   2.8391 0.4066  2.0490  1.4611 1.000 15.83 | edge_dev mean=0.2359 max=0.5386 gg=0.1261 shape_dev=0.2504 xbar=0.1892 | T0 psi=(-0.300,+0.050,-1.010) ggm=0.000 circ=+0.1994 xUDD=(0.011,0.010,0.539) | T1 psi=(-0.013,-2.944,-0.874) ggm=0.000 circ=+10.6877 xUDD=(0.011,0.002,0.563) | sep=2.6959
# CONVTAG t=4204.00 rough=0.302694 cond=45.991167 evap=52.568365 backs=6.896225
# CANT t=4204.00 a_tag=1.0000 a_max=1.0000 xl_tag=0.4656 nlock=6 tune=216.507998
# REG t=4204.00 tp n=7 rho=[0.027 0.608 0.716 0.912] gr=0.00007 fl=1.000 | ba n=25662 rho=[0.092 0.482 0.846 0.962] gr=0.00007 fl=0.930
t= 4208.00 -1.47e-15 | 1.6638 16.33  22095   11 537513 537803 | 1.4277 14.75 | 5.22e-03 1.50e-02 |   2.8266 0.4048  2.0393  1.4570 1.000 16.00 | edge_dev mean=0.2338 max=0.5497 gg=0.1022 shape_dev=0.2408 xbar=0.1884 | T0 psi=(-0.409,+2.198,-3.107) ggm=0.000 circ=+0.2024 xUDD=(0.005,0.004,0.557) | T1 psi=(-0.425,+0.133,+2.985) ggm=0.000 circ=+10.6879 xUDD=(0.002,0.003,0.559) | sep=2.6942
# CONVTAG t=4208.00 rough=0.302694 cond=45.991167 evap=52.568365 backs=6.896225
# CANT t=4208.00 a_tag=1.0000 a_max=1.0000 xl_tag=0.4656 nlock=6 tune=216.570626
# REG t=4208.00 tp n=7 rho=[0.028 0.604 0.613 0.912] gr=0.00005 fl=1.000 | ba n=25665 rho=[0.093 0.486 0.848 0.963] gr=0.00007 fl=0.930
t= 4212.00 -1.47e-15 | 1.6640 16.34  22114    7 537955 538234 | 1.4279 14.75 | 5.21e-03 1.66e-02 |   2.8246 0.4045  2.0390  1.4616 1.000 15.67 | edge_dev mean=0.2340 max=0.5579 gg=0.0761 shape_dev=0.2131 xbar=0.1883 | T0 psi=(-0.502,-1.323,+0.519) ggm=0.000 circ=+0.2065 xUDD=(0.004,0.003,0.558) | T1 psi=(-0.176,-2.298,-1.453) ggm=0.000 circ=+10.6885 xUDD=(0.002,0.006,0.557) | sep=2.6842
# CONVTAG t=4212.00 rough=0.302694 cond=45.991167 evap=52.568365 backs=6.896225
# CANT t=4212.00 a_tag=1.0000 a_max=1.0000 xl_tag=0.4656 nlock=6 tune=216.578897
# REG t=4212.00 tp n=7 rho=[0.027 0.604 0.683 0.912] gr=0.00006 fl=1.000 | ba n=25680 rho=[0.093 0.486 0.846 0.962] gr=0.00007 fl=0.930
t= 4216.00 -1.47e-15 | 1.6638 16.35  22115   15 538435 538687 | 1.4279 14.76 | 6.31e-03 1.47e-02 |   2.8639 0.4101  2.0220  1.4492 1.000 16.50 | edge_dev mean=0.2340 max=0.5548 gg=0.1197 shape_dev=0.1940 xbar=0.1909 | T0 psi=(-0.446,+0.919,-1.758) ggm=0.000 circ=+0.2061 xUDD=(0.004,0.005,0.562) | T1 psi=(-0.269,-2.593,-0.621) ggm=0.000 circ=+10.6890 xUDD=(0.007,0.010,0.556) | sep=2.6686
# CONVTAG t=4216.00 rough=0.302694 cond=45.991167 evap=52.568365 backs=6.896225
# CANT t=4216.00 a_tag=1.0000 a_max=1.0000 xl_tag=0.4656 nlock=6 tune=216.615347
# REG t=4216.00 tp n=7 rho=[0.028 0.391 0.622 0.872] gr=0.00007 fl=1.000 | ba n=25700 rho=[0.093 0.483 0.845 0.962] gr=0.00007 fl=0.928
t= 4220.00 -1.47e-15 | 1.6641 16.32  22087   11 538878 539131 | 1.4275 14.75 | 7.88e-03 1.95e-02 |   2.8625 0.4099  2.0045  1.4430 1.000 16.17 | edge_dev mean=0.2288 max=0.5676 gg=0.0614 shape_dev=0.1929 xbar=0.1909 | T0 psi=(-0.629,-2.296,+1.778) ggm=0.000 circ=+0.1914 xUDD=(0.006,0.005,0.561) | T1 psi=(-0.085,+2.931,-0.224) ggm=0.000 circ=+10.6893 xUDD=(0.011,0.006,0.557) | sep=2.6641
# CONVTAG t=4220.00 rough=0.302694 cond=45.991167 evap=52.568365 backs=6.896225
# CANT t=4220.00 a_tag=1.0000 a_max=1.0000 xl_tag=0.4656 nlock=6 tune=216.643931
# REG t=4220.00 tp n=7 rho=[0.015 0.606 0.824 0.833] gr=0.00009 fl=1.000 | ba n=25703 rho=[0.092 0.480 0.842 0.961] gr=0.00007 fl=0.928
t= 4224.00 -1.47e-15 | 1.6639 16.34  22113    9 539356 539664 | 1.4279 14.76 | 1.08e-02 2.27e-02 |   2.9073 0.4163  2.0090  1.4350 1.000 16.33 | edge_dev mean=0.2259 max=0.5665 gg=0.0422 shape_dev=0.2150 xbar=0.1940 | T0 psi=(-0.851,+0.591,-0.863) ggm=0.000 circ=+0.1676 xUDD=(0.008,0.003,0.562) | T1 psi=(+0.141,+0.508,+1.990) ggm=0.000 circ=+10.6888 xUDD=(0.020,0.011,0.560) | sep=2.6733
# CONVTAG t=4224.00 rough=0.302694 cond=45.991167 evap=52.568365 backs=6.896225
# CANT t=4224.00 a_tag=1.0000 a_max=1.0000 xl_tag=0.4656 nlock=6 tune=216.682777
# REG t=4224.00 tp n=7 rho=[0.011 0.314 0.319 0.823] gr=0.00014 fl=1.000 | ba n=25650 rho=[0.090 0.483 0.842 0.962] gr=0.00007 fl=0.929
t= 4228.00 -1.47e-15 | 1.6641 16.34  22103   13 539944 540210 | 1.4277 14.75 | 8.00e-03 2.42e-02 |   2.9345 0.4202  1.9731  1.4581 1.000 16.50 | edge_dev mean=0.2332 max=0.5639 gg=0.0813 shape_dev=0.2364 xbar=0.1956 | T0 psi=(-0.368,-3.042,+2.129) ggm=0.000 circ=+0.1661 xUDD=(0.022,0.007,0.561) | T1 psi=(+0.250,+3.111,-0.699) ggm=0.000 circ=+10.6880 xUDD=(0.015,0.004,0.563) | sep=2.6834
# CONVTAG t=4228.00 rough=0.302694 cond=45.991167 evap=52.568365 backs=6.896225
# CANT t=4228.00 a_tag=1.0000 a_max=1.0000 xl_tag=0.4656 nlock=6 tune=216.736417
# REG t=4228.00 tp n=7 rho=[0.008 0.262 0.319 0.823] gr=0.00013 fl=1.000 | ba n=25687 rho=[0.088 0.483 0.843 0.963] gr=0.00007 fl=0.928
t= 4232.00 -1.47e-15 | 1.6640 16.35  22115   13 540473 540728 | 1.4280 14.76 | 4.70e-03 1.62e-02 |   3.3037 0.4731  1.7377  1.5350 1.000 16.00 | edge_dev mean=0.2384 max=0.5669 gg=0.1763 shape_dev=0.2353 xbar=0.2200 | T0 psi=(-0.096,+0.649,-0.671) ggm=0.000 circ=+0.1673 xUDD=(0.055,0.082,0.591) | T1 psi=(+0.365,+0.035,+2.101) ggm=0.000 circ=+10.6877 xUDD=(0.007,0.019,0.566) | sep=2.6821
# CONVTAG t=4232.00 rough=0.302694 cond=46.288605 evap=52.568365 backs=6.896225
# CANT t=4232.00 a_tag=1.0000 a_max=1.0000 xl_tag=0.4656 nlock=6 tune=216.963579
# REG t=4232.00 tp n=7 rho=[0.008 0.338 0.401 0.822] gr=0.00009 fl=1.000 | ba n=25697 rho=[0.088 0.479 0.841 0.963] gr=0.00007 fl=0.927
t= 4236.00 -1.47e-15 | 1.6644 16.35  22128    9 541005 541217 | 1.4281 14.77 | 8.83e-03 2.59e-02 |   3.3194 0.4753  1.7542  1.5182 1.000 16.17 | edge_dev mean=0.2326 max=0.5634 gg=0.1640 shape_dev=0.2373 xbar=0.2211 | T0 psi=(-0.154,-2.935,+2.854) ggm=0.000 circ=+0.1528 xUDD=(0.067,0.066,0.585) | T1 psi=(+0.138,+2.920,-0.299) ggm=0.000 circ=+10.6877 xUDD=(0.010,0.026,0.572) | sep=2.6812
# CONVTAG t=4236.00 rough=0.302694 cond=46.288605 evap=52.568365 backs=6.896225
# CANT t=4236.00 a_tag=1.0000 a_max=1.0000 xl_tag=0.4656 nlock=6 tune=217.102145
# REG t=4236.00 tp n=7 rho=[0.008 0.379 0.401 0.822] gr=0.00006 fl=1.000 | ba n=25744 rho=[0.084 0.481 0.845 0.963] gr=0.00007 fl=0.926
t= 4240.00 -1.47e-15 | 1.6642 16.34  22103   15 541541 541756 | 1.4278 14.76 | 9.11e-03 2.06e-02 |   3.3054 0.4733  1.7781  1.5325 1.000 16.17 | edge_dev mean=0.2332 max=0.5544 gg=0.1729 shape_dev=0.2667 xbar=0.2198 | T0 psi=(-0.050,+0.009,-0.234) ggm=0.000 circ=+0.1425 xUDD=(0.065,0.060,0.584) | T1 psi=(+0.104,-0.524,+2.951) ggm=0.000 circ=+10.6877 xUDD=(0.014,0.020,0.577) | sep=2.6991
# CONVTAG t=4240.00 rough=0.302694 cond=46.288605 evap=52.568365 backs=6.896225
# CANT t=4240.00 a_tag=1.0000 a_max=1.0000 xl_tag=0.4656 nlock=6 tune=217.201522
# REG t=4240.00 tp n=7 rho=[0.006 0.328 0.401 0.817] gr=0.00012 fl=1.000 | ba n=25737 rho=[0.083 0.482 0.842 0.963] gr=0.00007 fl=0.926
t= 4244.00 -1.47e-15 | 1.6642 16.33  22088   13 542053 542270 | 1.4277 14.77 | 7.19e-03 2.62e-02 |   3.2189 0.4609  1.8503  1.5160 1.000 15.67 | edge_dev mean=0.2326 max=0.5391 gg=0.1455 shape_dev=0.2631 xbar=0.2143 | T0 psi=(-0.289,+3.114,+3.074) ggm=0.000 circ=+0.1316 xUDD=(0.046,0.046,0.579) | T1 psi=(+0.154,+2.494,+0.005) ggm=0.000 circ=+10.6880 xUDD=(0.019,0.023,0.573) | sep=2.6947
# CONVTAG t=4244.00 rough=0.302694 cond=46.288605 evap=52.568365 backs=6.896225
# CANT t=4244.00 a_tag=1.0000 a_max=1.0000 xl_tag=0.4656 nlock=6 tune=217.280102
# REG t=4244.00 tp n=7 rho=[0.004 0.282 0.401 0.817] gr=0.00028 fl=1.000 | ba n=25736 rho=[0.084 0.478 0.844 0.963] gr=0.00007 fl=0.927
t= 4248.00 -1.47e-15 | 1.6646 16.34  22110   12 542613 542864 | 1.4280 14.77 | 7.20e-03 1.96e-02 |   3.7569 0.5380  1.7002  1.5272 1.000 15.67 | edge_dev mean=0.2273 max=0.5428 gg=0.1571 shape_dev=0.2566 xbar=0.2502 | T0 psi=(+0.109,-0.242,+0.189) ggm=0.000 circ=+0.1171 xUDD=(0.099,0.098,0.610) | T1 psi=(-0.070,-0.370,-2.345) ggm=0.000 circ=+10.6917 xUDD=(0.039,0.087,0.569) | sep=2.6906
# CONVTAG t=4248.00 rough=0.302694 cond=46.577546 evap=52.568365 backs=6.896225
# CANT t=4248.00 a_tag=1.0000 a_max=1.0000 xl_tag=0.4656 nlock=6 tune=217.487411
# REG t=4248.00 tp n=7 rho=[0.004 0.078 0.817 0.821] gr=0.00032 fl=1.000 | ba n=25703 rho=[0.084 0.470 0.841 0.961] gr=0.00007 fl=0.928
t= 4252.00 -1.47e-15 | 1.6645 16.34  22103   11 543135 543379 | 1.4279 14.77 | 6.48e-03 1.84e-02 |   3.7262 0.5336  1.7147  1.5430 1.000 15.83 | edge_dev mean=0.2369 max=0.5536 gg=0.2054 shape_dev=0.2671 xbar=0.2474 | T0 psi=(-0.088,+2.456,-2.106) ggm=0.000 circ=+0.1232 xUDD=(0.096,0.100,0.609) | T1 psi=(-0.245,-1.481,-1.319) ggm=0.000 circ=+10.6941 xUDD=(0.052,0.063,0.565) | sep=2.6878
# CONVTAG t=4252.00 rough=0.302694 cond=46.577546 evap=52.568365 backs=6.896225
# CANT t=4252.00 a_tag=1.0000 a_max=1.0000 xl_tag=0.4656 nlock=6 tune=217.698444
# REG t=4252.00 tp n=7 rho=[0.013 0.078 0.816 0.916] gr=0.00037 fl=1.000 | ba n=25712 rho=[0.085 0.468 0.838 0.961] gr=0.00007 fl=0.927
t= 4256.00 -1.47e-15 | 1.6643 16.31  22063   11 543653 543907 | 1.4273 14.76 | 3.62e-03 1.37e-02 |   3.7433 0.5360  1.6912  1.5431 1.000 15.50 | edge_dev mean=0.2426 max=0.5600 gg=0.1776 shape_dev=0.2737 xbar=0.2493 | T0 psi=(-0.114,+1.010,-0.436) ggm=0.000 circ=+0.1305 xUDD=(0.090,0.113,0.610) | T1 psi=(-0.497,+0.160,-2.148) ggm=0.000 circ=+10.6954 xUDD=(0.034,0.083,0.565) | sep=2.6922
# CONVTAG t=4256.00 rough=0.302694 cond=46.577546 evap=52.568365 backs=6.896225
# CANT t=4256.00 a_tag=1.0000 a_max=1.0000 xl_tag=0.4656 nlock=6 tune=217.850028
# REG t=4256.00 tp n=7 rho=[0.034 0.117 0.528 0.782] gr=0.00036 fl=1.000 | ba n=25700 rho=[0.087 0.475 0.841 0.962] gr=0.00007 fl=0.928
t= 4260.00 -1.47e-15 | 1.6644 16.31  22070   11 544148 544393 | 1.4273 14.75 | 8.17e-03 2.07e-02 |   3.6344 0.5204  1.6685  1.5422 1.000 15.67 | edge_dev mean=0.2434 max=0.5552 gg=0.1802 shape_dev=0.2719 xbar=0.2417 | T0 psi=(-0.082,+2.993,-2.520) ggm=0.000 circ=+0.1361 xUDD=(0.093,0.110,0.612) | T1 psi=(-0.400,+0.941,-2.988) ggm=0.000 circ=+10.6952 xUDD=(0.016,0.061,0.559) | sep=2.6945
# CONVTAG t=4260.00 rough=0.302694 cond=46.577546 evap=52.568365 backs=6.896225
# CANT t=4260.00 a_tag=1.0000 a_max=1.0000 xl_tag=0.4656 nlock=6 tune=218.035479
# REG t=4260.00 tp n=7 rho=[0.019 0.151 0.647 0.913] gr=0.00028 fl=1.000 | ba n=25710 rho=[0.086 0.484 0.840 0.962] gr=0.00007 fl=0.928
t= 4264.00 -1.47e-15 | 1.6644 16.31  22064    7 544635 544882 | 1.4273 14.75 | 4.18e-03 1.69e-02 |   3.7839 0.5418  1.7788  1.5460 1.000 15.83 | edge_dev mean=0.2362 max=0.5426 gg=0.1660 shape_dev=0.2703 xbar=0.2519 | T0 psi=(-0.054,-0.860,+1.175) ggm=0.000 circ=+0.1443 xUDD=(0.104,0.097,0.603) | T1 psi=(+0.259,-2.124,-0.677) ggm=0.000 circ=+10.6971 xUDD=(0.019,0.053,0.634) | sep=2.6994
# CONVTAG t=4264.00 rough=0.302694 cond=46.757631 evap=52.568365 backs=6.896225
# CANT t=4264.00 a_tag=1.0000 a_max=1.0000 xl_tag=0.4656 nlock=6 tune=218.244883
# REG t=4264.00 tp n=7 rho=[0.019 0.123 0.667 0.672] gr=0.00025 fl=1.000 | ba n=25709 rho=[0.088 0.484 0.839 0.962] gr=0.00007 fl=0.928
t= 4268.00 -1.47e-15 | 1.6638 16.28  22028   15 545104 545370 | 1.4267 14.74 | 7.19e-03 2.05e-02 |   3.7141 0.5319  1.7386  1.5558 1.000 16.33 | edge_dev mean=0.2320 max=0.5329 gg=0.1662 shape_dev=0.2782 xbar=0.2474 | T0 psi=(-0.034,+2.342,-2.178) ggm=0.000 circ=+0.1681 xUDD=(0.111,0.105,0.600) | T1 psi=(+0.324,+1.458,+1.607) ggm=0.000 circ=+10.6982 xUDD=(0.025,0.035,0.609) | sep=2.7030
# CONVTAG t=4268.00 rough=0.302694 cond=46.757631 evap=52.568365 backs=6.896225
# CANT t=4268.00 a_tag=1.0000 a_max=1.0000 xl_tag=0.4656 nlock=6 tune=218.440468
# REG t=4268.00 tp n=7 rho=[0.019 0.147 0.666 0.699] gr=0.00022 fl=1.000 | ba n=25682 rho=[0.089 0.481 0.840 0.962] gr=0.00007 fl=0.929
t= 4272.00 -1.47e-15 | 1.6637 16.32  22079   13 545622 545916 | 1.4273 14.74 | 5.26e-03 1.52e-02 |   3.3900 0.4854  1.6197  1.5281 1.000 15.83 | edge_dev mean=0.2338 max=0.5265 gg=0.2017 shape_dev=0.3013 xbar=0.2253 | T0 psi=(-0.028,-1.043,+1.121) ggm=0.000 circ=+0.1948 xUDD=(0.096,0.102,0.601) | T1 psi=(-0.280,+1.710,+2.113) ggm=0.000 circ=+10.6994 xUDD=(0.032,0.028,0.492) | sep=2.7124
# CONVTAG t=4272.00 rough=0.302694 cond=46.757631 evap=52.877511 backs=6.936548
# CANT t=4272.00 a_tag=1.0000 a_max=1.0000 xl_tag=0.4656 nlock=6 tune=218.640530
# REG t=4272.00 tp n=7 rho=[0.019 0.691 0.718 0.833] gr=0.00018 fl=1.000 | ba n=25656 rho=[0.091 0.484 0.843 0.963] gr=0.00007 fl=0.930
t= 4276.00 -1.61e-15 | 1.6640 16.32  22083    9 546149 546428 | 1.4274 14.74 | 6.67e-03 1.88e-02 |   3.3621 0.4814  1.6961  1.5390 1.000 16.17 | edge_dev mean=0.2315 max=0.5176 gg=0.1669 shape_dev=0.3159 xbar=0.2237 | T0 psi=(-0.040,+1.489,-1.530) ggm=0.000 circ=+0.2179 xUDD=(0.088,0.091,0.594) | T1 psi=(-0.104,+3.065,+0.297) ggm=0.000 circ=+10.6995 xUDD=(0.020,0.016,0.534) | sep=2.7216
# CONVTAG t=4276.00 rough=0.302694 cond=46.757631 evap=52.877511 backs=6.936548
# CANT t=4276.00 a_tag=1.0000 a_max=1.0000 xl_tag=0.4656 nlock=6 tune=218.901162
# REG t=4276.00 tp n=7 rho=[0.019 0.929 0.931 0.966] gr=0.00016 fl=1.000 | ba n=25675 rho=[0.093 0.481 0.845 0.962] gr=0.00007 fl=0.930
t= 4280.00 -1.61e-15 | 1.6641 16.31  22062   11 546590 546864 | 1.4271 14.74 | 6.07e-03 1.54e-02 |   3.6431 0.5217  1.7586  1.4881 1.000 16.33 | edge_dev mean=0.2338 max=0.5123 gg=0.1631 shape_dev=0.3315 xbar=0.2426 | T0 psi=(-0.115,-1.777,+1.791) ggm=0.000 circ=+0.2106 xUDD=(0.076,0.086,0.596) | T1 psi=(+0.300,+0.644,+3.057) ggm=0.000 circ=+10.6996 xUDD=(0.019,0.120,0.559) | sep=2.7280
# CONVTAG t=4280.00 rough=0.302694 cond=47.053947 evap=52.877511 backs=6.936548
# CANT t=4280.00 a_tag=1.0000 a_max=1.0000 xl_tag=0.4656 nlock=6 tune=219.122036
# REG t=4280.00 tp n=7 rho=[0.019 0.633 0.870 0.914] gr=0.00016 fl=1.000 | ba n=25679 rho=[0.089 0.483 0.844 0.963] gr=0.00007 fl=0.929
t= 4284.00 -1.61e-15 | 1.6637 16.31  22072   10 547057 547343 | 1.4272 14.74 | 6.13e-03 1.53e-02 |   3.5762 0.5121  1.8102  1.6413 1.000 16.17 | edge_dev mean=0.2307 max=0.4936 gg=0.1669 shape_dev=0.3291 xbar=0.2574 | T0 psi=(-0.022,+1.457,-1.700) ggm=0.000 circ=+0.2392 xUDD=(0.142,0.137,0.596) | T1 psi=(+0.091,-2.510,-0.055) ggm=0.000 circ=+10.7008 xUDD=(0.041,0.040,0.590) | sep=2.7254
# CONVTAG t=4284.00 rough=0.302694 cond=47.053947 evap=52.877511 backs=6.936548
# CANT t=4284.00 a_tag=1.0000 a_max=1.0000 xl_tag=0.4656 nlock=6 tune=219.392560
# REG t=4284.00 tp n=7 rho=[0.019 0.397 0.454 0.829] gr=0.00018 fl=1.000 | ba n=25669 rho=[0.091 0.480 0.842 0.963] gr=0.00007 fl=0.929
t= 4288.00 -1.47e-15 | 1.6637 16.32  22075   10 547559 547833 | 1.4272 14.74 | 5.73e-03 1.49e-02 |   3.6008 0.5156  1.8364  1.5053 1.000 16.17 | edge_dev mean=0.2276 max=0.4936 gg=0.1666 shape_dev=0.3208 xbar=0.2397 | T0 psi=(-0.042,-1.626,+1.460) ggm=0.000 circ=+0.2887 xUDD=(0.082,0.071,0.595) | T1 psi=(+0.037,+0.882,+2.933) ggm=0.000 circ=+10.7028 xUDD=(0.055,0.043,0.592) | sep=2.7236
# CONVTAG t=4288.00 rough=0.302694 cond=47.053947 evap=52.877511 backs=6.936548
# CANT t=4288.00 a_tag=1.0000 a_max=1.0000 xl_tag=0.4656 nlock=6 tune=219.494697
# REG t=4288.00 tp n=7 rho=[0.009 0.229 0.442 0.946] gr=0.00021 fl=1.000 | ba n=25682 rho=[0.093 0.484 0.842 0.963] gr=0.00007 fl=0.929
t= 4292.00 -1.47e-15 | 1.6639 16.31  22066   18 548060 548365 | 1.4271 14.74 | 6.24e-03 1.70e-02 |   3.9592 0.5669  1.7008  1.5293 1.000 16.33 | edge_dev mean=0.2298 max=0.4999 gg=0.1609 shape_dev=0.3250 xbar=0.2636 | T0 psi=(-0.082,+1.518,-1.248) ggm=0.000 circ=+0.3480 xUDD=(0.145,0.095,0.624) | T1 psi=(-0.097,-2.148,+0.147) ggm=0.000 circ=+10.7048 xUDD=(0.050,0.067,0.601) | sep=2.7364
# CONVTAG t=4292.00 rough=0.302694 cond=47.331443 evap=52.877511 backs=6.936548
# CANT t=4292.00 a_tag=1.0000 a_max=1.0000 xl_tag=0.4656 nlock=6 tune=219.727311
# REG t=4292.00 tp n=7 rho=[0.006 0.132 0.424 0.846] gr=0.00025 fl=1.000 | ba n=25642 rho=[0.097 0.489 0.847 0.963] gr=0.00007 fl=0.930
t= 4296.00 -1.47e-15 | 1.6634 16.30  22056   11 548556 548874 | 1.4270 14.73 | 1.32e-02 2.81e-02 |   3.7694 0.5398  1.7328  1.5815 1.000 16.17 | edge_dev mean=0.2326 max=0.5034 gg=0.1671 shape_dev=0.3310 xbar=0.2509 | T0 psi=(-0.009,-1.584,+1.519) ggm=0.000 circ=+0.4145 xUDD=(0.104,0.143,0.552) | T1 psi=(+0.161,+1.247,+2.424) ggm=0.000 circ=+10.7078 xUDD=(0.059,0.041,0.607) | sep=2.7420
# CONVTAG t=4296.00 rough=0.302694 cond=47.331443 evap=53.179816 backs=6.975979
# CANT t=4296.00 a_tag=1.0000 a_max=1.0000 xl_tag=0.4656 nlock=6 tune=220.061945
# REG t=4296.00 tp n=7 rho=[0.007 0.098 0.455 0.763] gr=0.00023 fl=1.000 | ba n=25635 rho=[0.094 0.491 0.846 0.962] gr=0.00007 fl=0.930
t= 4300.00 -1.47e-15 | 1.6634 16.31  22070   11 549071 549370 | 1.4273 14.75 | 6.34e-03 1.97e-02 |   3.7599 0.5384  1.7019  1.5517 1.000 15.67 | edge_dev mean=0.2288 max=0.5077 gg=0.1666 shape_dev=0.3226 xbar=0.2500 | T0 psi=(-0.020,+1.113,-1.065) ggm=0.000 circ=+0.4319 xUDD=(0.099,0.123,0.610) | T1 psi=(+0.042,-0.841,-1.613) ggm=0.000 circ=+10.7115 xUDD=(0.039,0.037,0.593) | sep=2.7417
# CONVTAG t=4300.00 rough=0.302694 cond=47.331443 evap=53.179816 backs=6.975979
# CANT t=4300.00 a_tag=1.0000 a_max=1.0000 xl_tag=0.4656 nlock=6 tune=220.365634
# REG t=4300.00 tp n=7 rho=[0.191 0.455 0.541 0.794] gr=0.00021 fl=1.000 | ba n=25654 rho=[0.093 0.488 0.846 0.963] gr=0.00007 fl=0.929
t= 4304.00 -1.47e-15 | 1.6634 16.31  22068   11 549582 549878 | 1.4272 14.75 | 5.10e-03 1.88e-02 |   3.7562 0.5379  1.7146  1.5452 1.000 15.83 | edge_dev mean=0.2270 max=0.5166 gg=0.1661 shape_dev=0.3160 xbar=0.2498 | T0 psi=(-0.039,-2.314,+2.477) ggm=0.000 circ=+0.4480 xUDD=(0.104,0.113,0.609) | T1 psi=(+0.140,+3.090,+0.675) ggm=0.000 circ=+10.7152 xUDD=(0.043,0.038,0.591) | sep=2.7383
# CONVTAG t=4304.00 rough=0.302694 cond=47.331443 evap=53.179816 backs=6.975979
# CANT t=4304.00 a_tag=1.0000 a_max=1.0000 xl_tag=0.4656 nlock=6 tune=220.529091
# REG t=4304.00 tp n=7 rho=[0.123 0.475 0.565 0.869] gr=0.00014 fl=1.000 | ba n=25656 rho=[0.093 0.487 0.844 0.963] gr=0.00007 fl=0.929
t= 4308.00 -1.47e-15 | 1.6634 16.29  22038   10 550075 550356 | 1.4269 14.75 | 5.71e-03 1.98e-02 |   3.7941 0.5433  1.7478  1.5340 1.000 15.50 | edge_dev mean=0.2237 max=0.5132 gg=0.1665 shape_dev=0.3167 xbar=0.2524 | T0 psi=(-0.036,+0.717,-0.584) ggm=0.000 circ=+0.4622 xUDD=(0.105,0.103,0.609) | T1 psi=(+0.099,+0.140,-2.313) ggm=0.000 circ=+10.7170 xUDD=(0.062,0.044,0.592) | sep=2.7407
# CONVTAG t=4308.00 rough=0.302694 cond=47.331443 evap=53.179816 backs=6.975979
# CANT t=4308.00 a_tag=1.0000 a_max=1.0000 xl_tag=0.4656 nlock=6 tune=220.673649
# REG t=4308.00 tp n=7 rho=[0.099 0.597 0.614 0.912] gr=0.00010 fl=1.000 | ba n=25672 rho=[0.094 0.485 0.843 0.963] gr=0.00007 fl=0.928
t= 4312.00 -1.47e-15 | 1.6631 16.29  22047   15 550558 550841 | 1.4270 14.75 | 6.75e-03 1.73e-02 |   3.6997 0.5298  1.7390  1.5333 1.000 15.67 | edge_dev mean=0.2249 max=0.5141 gg=0.1657 shape_dev=0.3043 xbar=0.2464 | T0 psi=(-0.057,-2.386,+2.499) ggm=0.000 circ=+0.4860 xUDD=(0.101,0.102,0.604) | T1 psi=(+0.080,-3.079,+0.639) ggm=0.000 circ=+10.7173 xUDD=(0.040,0.039,0.592) | sep=2.7232
# CONVTAG t=4312.00 rough=0.302694 cond=47.331443 evap=53.179816 backs=6.975979
# CANT t=4312.00 a_tag=1.0000 a_max=1.0000 xl_tag=0.4656 nlock=6 tune=220.793005
# REG t=4312.00 tp n=7 rho=[0.073 0.630 0.696 0.915] gr=0.00007 fl=1.000 | ba n=25667 rho=[0.095 0.483 0.842 0.961] gr=0.00007 fl=0.928
t= 4316.00 -1.47e-15 | 1.6634 16.30  22052   12 551053 551326 | 1.4271 14.75 | 4.84e-03 1.55e-02 |   3.8293 0.5484  1.6931  1.5365 1.000 15.83 | edge_dev mean=0.2226 max=0.5213 gg=0.1663 shape_dev=0.2913 xbar=0.2550 | T0 psi=(-0.038,+0.950,-0.644) ggm=0.000 circ=+0.5198 xUDD=(0.116,0.116,0.617) | T1 psi=(+0.176,+0.194,-2.740) ggm=0.000 circ=+10.7175 xUDD=(0.039,0.047,0.596) | sep=2.7148
# CONVTAG t=4316.00 rough=0.302694 cond=47.506515 evap=53.179816 backs=6.975979
# CANT t=4316.00 a_tag=1.0000 a_max=1.0000 xl_tag=0.4656 nlock=6 tune=221.032168
# REG t=4316.00 tp n=7 rho=[0.052 0.662 0.806 0.915] gr=0.00005 fl=1.000 | ba n=25679 rho=[0.094 0.482 0.842 0.962] gr=0.00007 fl=0.928
t= 4320.00 -1.47e-15 | 1.6632 16.31  22067    8 551547 551827 | 1.4273 14.75 | 5.88e-03 1.55e-02 |   4.1156 0.5893  1.7043  1.5122 1.000 16.17 | edge_dev mean=0.2200 max=0.5145 gg=0.1645 shape_dev=0.2663 xbar=0.2736 | T0 psi=(+0.069,-1.603,+1.897) ggm=0.000 circ=+0.5230 xUDD=(0.132,0.117,0.624) | T1 psi=(+0.285,-2.226,+0.201) ggm=0.000 circ=+10.7191 xUDD=(0.055,0.099,0.615) | sep=2.6984
# CONVTAG t=4320.00 rough=0.302694 cond=47.506515 evap=53.179816 backs=6.975979
# CANT t=4320.00 a_tag=1.0000 a_max=1.0000 xl_tag=0.4656 nlock=6 tune=221.272782
# REG t=4320.00 tp n=7 rho=[0.036 0.177 0.705 0.860] gr=0.00003 fl=1.000 | ba n=25677 rho=[0.092 0.481 0.841 0.962] gr=0.00007 fl=0.928
t= 4324.00 -1.47e-15 | 1.6628 16.29  22047   15 552013 552285 | 1.4271 14.75 | 6.11e-03 1.91e-02 |   4.3020 0.6160  1.7551  1.5178 1.000 15.33 | edge_dev mean=0.2258 max=0.5285 gg=0.1688 shape_dev=0.2340 xbar=0.2861 | T0 psi=(-0.005,+1.003,-0.411) ggm=0.000 circ=+0.5570 xUDD=(0.137,0.128,0.618) | T1 psi=(+0.397,+0.630,-2.148) ggm=0.000 circ=+10.7223 xUDD=(0.173,0.052,0.609) | sep=2.6763
# CONVTAG t=4324.00 rough=0.302694 cond=47.788973 evap=53.179816 backs=6.975979
# CANT t=4324.00 a_tag=1.0000 a_max=1.0000 xl_tag=0.4656 nlock=6 tune=221.547953
# REG t=4324.00 tp n=7 rho=[0.166 0.564 0.790 0.839] gr=0.00002 fl=1.000 | ba n=25677 rho=[0.093 0.481 0.843 0.962] gr=0.00007 fl=0.928
t= 4328.00 -1.47e-15 | 1.6631 16.31  22062    8 552504 552780 | 1.4272 14.75 | 5.40e-03 1.39e-02 |   4.4428 0.6362  1.7781  1.5191 1.000 15.50 | edge_dev mean=0.2315 max=0.5217 gg=0.3001 shape_dev=0.2534 xbar=0.2956 | T0 psi=(-0.010,+1.102,-0.436) ggm=0.000 circ=+0.5749 xUDD=(0.141,0.124,0.625) | T1 psi=(-0.097,-1.876,+1.539) ggm=0.000 circ=+10.7224 xUDD=(0.190,0.077,0.617) | sep=2.6874
# CONVTAG t=4328.00 rough=0.302694 cond=47.788973 evap=53.179816 backs=6.975979
# CANT t=4328.00 a_tag=1.0000 a_max=1.0000 xl_tag=0.4656 nlock=6 tune=221.911370
# REG t=4328.00 tp n=7 rho=[0.184 0.705 0.791 0.843] gr=0.00006 fl=1.000 | ba n=25679 rho=[0.094 0.480 0.840 0.961] gr=0.00007 fl=0.928
t= 4332.00 -1.47e-15 | 1.6635 16.33  22089    5 552956 553229 | 1.4275 14.74 | 7.94e-03 2.34e-02 |   4.2538 0.6091  1.7062  1.5497 1.000 15.50 | edge_dev mean=0.2383 max=0.5343 gg=0.1532 shape_dev=0.3058 xbar=0.2830 | T0 psi=(+0.174,+0.337,+0.059) ggm=0.000 circ=+0.5748 xUDD=(0.138,0.131,0.633) | T1 psi=(+0.734,-2.506,-0.059) ggm=0.000 circ=+10.7188 xUDD=(0.095,0.074,0.626) | sep=2.7197
# CONVTAG t=4332.00 rough=0.302694 cond=47.788973 evap=53.179816 backs=6.975979
# CANT t=4332.00 a_tag=1.0000 a_max=1.0000 xl_tag=0.4656 nlock=6 tune=222.157651
# REG t=4332.00 tp n=7 rho=[0.194 0.495 0.783 0.791] gr=0.00038 fl=1.000 | ba n=25688 rho=[0.097 0.487 0.842 0.962] gr=0.00007 fl=0.928
t= 4336.00 -1.47e-15 | 1.6636 16.31  22073   13 553440 553703 | 1.4274 14.75 | 5.54e-03 1.55e-02 |   4.3159 0.6180  1.7023  1.5612 1.000 15.50 | edge_dev mean=0.2413 max=0.5292 gg=0.1656 shape_dev=0.3459 xbar=0.2871 | T0 psi=(+0.022,+1.289,-0.594) ggm=0.000 circ=+0.5723 xUDD=(0.143,0.136,0.628) | T1 psi=(-2.971,+1.510,-3.015) ggm=0.000 circ=+10.7217 xUDD=(0.117,0.075,0.623) | sep=2.7305
# CONVTAG t=4336.00 rough=0.302694 cond=47.788973 evap=53.179816 backs=6.975979
# CANT t=4336.00 a_tag=1.0000 a_max=1.0000 xl_tag=0.4656 nlock=6 tune=222.320166
# REG t=4336.00 tp n=7 rho=[0.394 0.783 0.791 0.965] gr=0.00026 fl=1.000 | ba n=25690 rho=[0.098 0.486 0.843 0.962] gr=0.00007 fl=0.927
t= 4340.00 -1.47e-15 | 1.6634 16.32  22087   11 553932 554192 | 1.4276 14.75 | 6.84e-03 1.80e-02 |   4.2680 0.6112  1.6986  1.5620 1.000 15.67 | edge_dev mean=0.2433 max=0.5403 gg=0.1661 shape_dev=0.3538 xbar=0.2837 | T0 psi=(+0.038,+2.242,-1.595) ggm=0.000 circ=+0.5873 xUDD=(0.153,0.123,0.625) | T1 psi=(+2.923,-2.395,+1.522) ggm=0.000 circ=+10.7233 xUDD=(0.110,0.070,0.622) | sep=2.7305
# CONVTAG t=4340.00 rough=0.302694 cond=47.788973 evap=53.179816 backs=6.975979
# CANT t=4340.00 a_tag=1.0000 a_max=1.0000 xl_tag=0.4656 nlock=6 tune=222.481089
# REG t=4340.00 tp n=7 rho=[0.226 0.766 0.783 0.992] gr=0.00017 fl=1.000 | ba n=25693 rho=[0.093 0.481 0.844 0.963] gr=0.00007 fl=0.927
t= 4344.00 -1.47e-15 | 1.6636 16.32  22078    8 554418 554675 | 1.4274 14.75 | 1.31e-02 3.36e-02 |   4.1405 0.5929  1.6963  1.5688 1.000 15.67 | edge_dev mean=0.2469 max=0.5418 gg=0.1804 shape_dev=0.3741 xbar=0.2750 | T0 psi=(+0.063,+0.955,-0.538) ggm=0.000 circ=+0.5928 xUDD=(0.132,0.123,0.627) | T1 psi=(+3.016,-1.039,-0.324) ggm=0.000 circ=+10.7227 xUDD=(0.089,0.060,0.619) | sep=2.7444
# CONVTAG t=4344.00 rough=0.302694 cond=47.788973 evap=53.179816 backs=6.975979
# CANT t=4344.00 a_tag=1.0000 a_max=1.0000 xl_tag=0.4656 nlock=6 tune=222.701611
# REG t=4344.00 tp n=7 rho=[0.322 0.766 0.783 0.924] gr=0.00012 fl=1.000 | ba n=25699 rho=[0.091 0.478 0.842 0.962] gr=0.00007 fl=0.927
t= 4348.00 -1.47e-15 | 1.6636 16.33  22100   12 554921 555164 | 1.4278 14.76 | 3.76e-03 1.66e-02 |   3.9732 0.5689  1.7174  1.5725 1.000 15.67 | edge_dev mean=0.2541 max=0.5438 gg=0.2974 shape_dev=0.3924 xbar=0.2641 | T0 psi=(-0.027,-2.286,+2.650) ggm=0.000 circ=+0.6164 xUDD=(0.115,0.109,0.613) | T1 psi=(+2.517,+0.868,-1.839) ggm=0.000 circ=+10.7245 xUDD=(0.070,0.064,0.614) | sep=2.7446
# CONVTAG t=4348.00 rough=0.302694 cond=47.788973 evap=53.179816 backs=6.975979
# CANT t=4348.00 a_tag=1.0000 a_max=1.0000 xl_tag=0.4656 nlock=6 tune=222.895743
# REG t=4348.00 tp n=7 rho=[0.321 0.685 0.730 0.783] gr=0.00008 fl=1.000 | ba n=25710 rho=[0.089 0.481 0.843 0.962] gr=0.00007 fl=0.927
t= 4352.00 -1.47e-15 | 1.6637 16.32  22085   16 555369 555631 | 1.4276 14.76 | 7.34e-03 1.71e-02 |   4.0135 0.5747  1.7666  1.5704 1.000 15.83 | edge_dev mean=0.2613 max=0.5449 gg=0.1649 shape_dev=0.4222 xbar=0.2666 | T0 psi=(-0.064,+2.278,-2.023) ggm=0.000 circ=+0.6040 xUDD=(0.094,0.114,0.601) | T1 psi=(+1.808,-2.607,-2.838) ggm=0.000 circ=+10.7270 xUDD=(0.102,0.077,0.612) | sep=2.7575
# CONVTAG t=4352.00 rough=0.302694 cond=47.788973 evap=53.179816 backs=6.975979
# CANT t=4352.00 a_tag=1.0000 a_max=1.0000 xl_tag=0.4656 nlock=6 tune=223.113209
# REG t=4352.00 tp n=7 rho=[0.326 0.610 0.731 0.783] gr=0.00005 fl=1.000 | ba n=25684 rho=[0.091 0.482 0.840 0.963] gr=0.00007 fl=0.927
t= 4356.00 -1.47e-15 | 1.6642 16.32  22085   10 555861 556132 | 1.4276 14.75 | 8.21e-03 2.25e-02 |   4.0765 0.5837  1.7607  1.5658 1.000 15.83 | edge_dev mean=0.2615 max=0.5409 gg=0.2226 shape_dev=0.4154 xbar=0.2711 | T0 psi=(-0.210,+1.035,-0.475) ggm=0.000 circ=+0.5908 xUDD=(0.087,0.120,0.607) | T1 psi=(+2.156,-1.492,+1.922) ggm=0.000 circ=+10.7245 xUDD=(0.115,0.086,0.612) | sep=2.7553
# CONVTAG t=4356.00 rough=0.302694 cond=47.788973 evap=53.179816 backs=6.975979
# CANT t=4356.00 a_tag=1.0000 a_max=1.0000 xl_tag=0.4656 nlock=6 tune=223.307296
# REG t=4356.00 tp n=7 rho=[0.326 0.725 0.783 0.902] gr=0.00003 fl=1.000 | ba n=25683 rho=[0.092 0.484 0.843 0.964] gr=0.00007 fl=0.928
t= 4360.00 -1.47e-15 | 1.6637 16.34  22102   13 556329 556632 | 1.4277 14.75 | 9.39e-03 2.29e-02 |   3.9383 0.5640  1.5760  1.6758 1.000 16.00 | edge_dev mean=0.2640 max=0.5684 gg=0.1633 shape_dev=0.4181 xbar=0.2991 | T0 psi=(+0.004,-1.465,+1.938) ggm=0.000 circ=+0.5532 xUDD=(0.209,0.193,0.612) | T1 psi=(+2.248,-1.259,+1.147) ggm=0.000 circ=+10.7301 xUDD=(0.125,0.170,0.486) | sep=2.7618
# CONVTAG t=4360.00 rough=0.302694 cond=47.788973 evap=53.485803 backs=7.015891
# CANT t=4360.00 a_tag=1.0000 a_max=1.0000 xl_tag=0.4656 nlock=6 tune=223.559855
# REG t=4360.00 tp n=7 rho=[0.353 0.562 0.727 0.783] gr=0.00004 fl=1.000 | ba n=25649 rho=[0.095 0.487 0.844 0.964] gr=0.00007 fl=0.929
t= 4364.00 -1.47e-15 | 1.6636 16.33  22088    7 556803 557096 | 1.4275 14.75 | 6.02e-03 1.65e-02 |   3.8712 0.5543  1.6216  1.5671 1.000 16.00 | edge_dev mean=0.2718 max=0.5751 gg=0.1851 shape_dev=0.4506 xbar=0.2573 | T0 psi=(+0.010,+0.817,-0.381) ggm=0.000 circ=+0.5689 xUDD=(0.132,0.096,0.626) | T1 psi=(+2.858,+1.939,+2.400) ggm=0.000 circ=+10.7232 xUDD=(0.136,0.066,0.489) | sep=2.7783
# CONVTAG t=4364.00 rough=0.302694 cond=48.061189 evap=53.485803 backs=7.015891
# CANT t=4364.00 a_tag=1.0000 a_max=1.0000 xl_tag=0.4656 nlock=6 tune=223.838723
# REG t=4364.00 tp n=7 rho=[0.318 0.742 0.783 0.786] gr=0.00003 fl=1.000 | ba n=25662 rho=[0.098 0.496 0.847 0.964] gr=0.00007 fl=0.928
t= 4368.00 -1.47e-15 | 1.6637 16.34  22104   13 557282 557555 | 1.4275 14.74 | 1.50e-02 3.78e-02 |   3.8050 0.5449  1.6213  1.5699 1.000 16.17 | edge_dev mean=0.2713 max=0.5669 gg=0.2298 shape_dev=0.4751 xbar=0.2528 | T0 psi=(-0.012,+2.632,-2.149) ggm=0.000 circ=+0.5987 xUDD=(0.124,0.097,0.623) | T1 psi=(+3.043,-0.114,-2.471) ggm=0.000 circ=+10.7369 xUDD=(0.131,0.061,0.481) | sep=2.7900
# CONVTAG t=4368.00 rough=0.302694 cond=48.061189 evap=53.485803 backs=7.015891
# CANT t=4368.00 a_tag=1.0000 a_max=1.0000 xl_tag=0.4656 nlock=6 tune=224.031287
# REG t=4368.00 tp n=7 rho=[0.462 0.593 0.748 0.783] gr=0.00003 fl=1.000 | ba n=25680 rho=[0.098 0.488 0.846 0.965] gr=0.00007 fl=0.927
t= 4372.00 -1.47e-15 | 1.6636 16.31  22072    7 557737 558016 | 1.4271 14.73 | 8.63e-03 2.22e-02 |   3.8327 0.5488  1.5933  1.5761 1.000 15.83 | edge_dev mean=0.2849 max=0.5820 gg=0.2934 shape_dev=0.5056 xbar=0.2548 | T0 psi=(-0.009,-1.583,+2.111) ggm=0.000 circ=+0.6312 xUDD=(0.120,0.108,0.621) | T1 psi=(+2.944,-2.244,-0.421) ggm=0.000 circ=+10.7314 xUDD=(0.117,0.082,0.481) | sep=2.7958
# CONVTAG t=4372.00 rough=0.302694 cond=48.061189 evap=53.485803 backs=7.015891
# CANT t=4372.00 a_tag=1.0000 a_max=1.0000 xl_tag=0.4656 nlock=6 tune=224.218645
# REG t=4372.00 tp n=7 rho=[0.423 0.709 0.783 0.895] gr=0.00004 fl=1.000 | ba n=25677 rho=[0.096 0.482 0.846 0.963] gr=0.00007 fl=0.928
t= 4376.00 -1.47e-15 | 1.6637 16.32  22085    6 558219 558512 | 1.4273 14.74 | 9.50e-03 2.27e-02 |   3.8712 0.5544  1.8402  1.5744 1.000 15.83 | edge_dev mean=0.3004 max=0.5849 gg=0.3180 shape_dev=0.5348 xbar=0.2575 | T0 psi=(-0.044,+0.318,-0.116) ggm=0.000 circ=+0.6306 xUDD=(0.081,0.082,0.571) | T1 psi=(+2.661,+99.000,+1.317) ggm=0.000 circ=+14.6969 xUDD=(0.157,0.088,0.565) | sep=2.8095
# CONVTAG t=4376.00 rough=0.302694 cond=48.252634 evap=53.791227 backs=7.055729
# CANT t=4376.00 a_tag=0.8333 a_max=1.0000 xl_tag=0.4656 nlock=5 tune=224.593817
# REG t=4376.00 tp n=6 rho=[0.505 0.529 0.538 0.696] gr=0.00010 fl=1.000 | ba n=25666 rho=[0.098 0.482 0.845 0.963] gr=0.00007 fl=0.929
t= 4380.00 -1.47e-15 | 1.6639 16.31  22070    9 558695 558977 | 1.4273 14.75 | 1.45e-02 3.30e-02 |   3.8246 0.5477  1.8060  1.5674 1.000 15.83 | edge_dev mean=0.3123 max=0.5814 gg=0.2295 shape_dev=0.5165 xbar=0.2541 | T0 psi=(-0.014,-1.301,+1.516) ggm=0.000 circ=+0.6336 xUDD=(0.072,0.075,0.599) | T1 psi=(+1.923,+99.000,+1.058) ggm=0.000 circ=+14.6925 xUDD=(0.122,0.090,0.566) | sep=2.7905
# CONVTAG t=4380.00 rough=0.302694 cond=48.252634 evap=53.791227 backs=7.055729
# CANT t=4380.00 a_tag=0.8333 a_max=1.0000 xl_tag=0.4656 nlock=5 tune=224.783399
# REG t=4380.00 tp n=6 rho=[0.545 0.578 0.608 0.696] gr=0.00009 fl=1.000 | ba n=25675 rho=[0.098 0.482 0.842 0.962] gr=0.00007 fl=0.929
t= 4384.00 -1.47e-15 | 1.6637 16.31  22069   11 559195 559487 | 1.4273 14.75 | 9.31e-03 2.28e-02 |   4.1335 0.5919  1.5704  1.6278 1.000 15.50 | edge_dev mean=0.3079 max=0.5896 gg=0.1642 shape_dev=0.5167 xbar=0.2748 | T0 psi=(+0.083,+1.524,-0.793) ggm=0.000 circ=+0.6097 xUDD=(0.119,0.156,0.638) | T1 psi=(+2.427,+99.000,+0.547) ggm=0.000 circ=+14.6998 xUDD=(0.104,0.079,0.554) | sep=2.7955
# CONVTAG t=4384.00 rough=0.302694 cond=48.528775 evap=53.791227 backs=7.055729
# CANT t=4384.00 a_tag=0.8333 a_max=1.0000 xl_tag=0.4656 nlock=5 tune=225.040404
# REG t=4384.00 tp n=6 rho=[0.548 0.563 0.633 0.696] gr=0.00010 fl=1.000 | ba n=25663 rho=[0.098 0.489 0.846 0.962] gr=0.00007 fl=0.928
t= 4388.00 -1.47e-15 | 1.6633 16.31  22069    6 559701 559947 | 1.4273 14.75 | 5.26e-03 1.46e-02 |   4.1581 0.5954  1.5355  1.6308 1.000 15.17 | edge_dev mean=0.2896 max=0.5819 gg=0.2734 shape_dev=0.5041 xbar=0.2764 | T0 psi=(-0.060,-1.480,+2.532) ggm=0.000 circ=+0.6003 xUDD=(0.118,0.179,0.635) | T1 psi=(+2.941,+2.426,+1.172) ggm=0.000 circ=+15.0626 xUDD=(0.106,0.066,0.553) | sep=2.7967
# CONVTAG t=4388.00 rough=0.302694 cond=48.528775 evap=53.791227 backs=7.055729
# CANT t=4388.00 a_tag=0.8333 a_max=1.0000 xl_tag=0.4656 nlock=5 tune=225.237650
# REG t=4388.00 tp n=7 rho=[0.218 0.650 0.696 0.774] gr=0.00007 fl=0.857 | ba n=25714 rho=[0.095 0.487 0.844 0.962] gr=0.00007 fl=0.927
t= 4392.00 -1.47e-15 | 1.6639 16.36  22136   13 560193 560418 | 1.4282 14.76 | 5.65e-03 1.66e-02 |   3.9088 0.5597  1.6544  1.5752 1.000 15.83 | edge_dev mean=0.2882 max=0.5787 gg=0.2857 shape_dev=0.4920 xbar=0.2600 | T0 psi=(-0.178,+0.886,-0.067) ggm=0.000 circ=+0.5774 xUDD=(0.122,0.091,0.623) | T1 psi=(-3.069,+1.727,+1.375) ggm=0.000 circ=+15.0700 xUDD=(0.108,0.065,0.550) | sep=2.7861
# CONVTAG t=4392.00 rough=0.302694 cond=48.778328 evap=54.229835 backs=7.112939
# CANT t=4392.00 a_tag=0.8333 a_max=1.0000 xl_tag=0.4656 nlock=5 tune=225.405925
# REG t=4392.00 tp n=7 rho=[0.528 0.650 0.697 0.904] gr=0.00005 fl=0.857 | ba n=25728 rho=[0.097 0.488 0.844 0.962] gr=0.00007 fl=0.927
t= 4396.00 -1.47e-15 | 1.6638 16.36  22140   11 560666 560897 | 1.4283 14.76 | 8.52e-03 1.78e-02 |   3.7802 0.5413  1.6795  1.5737 1.000 15.67 | edge_dev mean=0.2899 max=0.5879 gg=0.2198 shape_dev=0.5285 xbar=0.2512 | T0 psi=(-0.025,-1.488,+1.950) ggm=0.000 circ=+0.5939 xUDD=(0.118,0.074,0.612) | T1 psi=(+2.767,-2.571,+0.316) ggm=0.000 circ=+15.0723 xUDD=(0.097,0.060,0.546) | sep=2.8086
# CONVTAG t=4396.00 rough=0.302694 cond=48.778328 evap=54.229835 backs=7.112939
# CANT t=4396.00 a_tag=0.8333 a_max=1.0000 xl_tag=0.4656 nlock=5 tune=225.578145
# REG t=4396.00 tp n=7 rho=[0.441 0.586 0.649 0.657] gr=0.00003 fl=0.857 | ba n=25722 rho=[0.095 0.487 0.846 0.962] gr=0.00007 fl=0.927
t= 4400.00 -1.47e-15 | 1.6634 16.34  22107   13 561168 561362 | 1.4279 14.76 | 3.96e-03 1.20e-02 |   4.0285 0.5769  1.6935  1.5413 1.000 16.00 | edge_dev mean=0.2900 max=0.5721 gg=0.2735 shape_dev=0.5534 xbar=0.2678 | T0 psi=(-0.096,+0.694,-0.209) ggm=0.000 circ=+0.5963 xUDD=(0.117,0.073,0.623) | T1 psi=(-3.050,-1.970,-0.302) ggm=0.000 circ=+15.0733 xUDD=(0.112,0.136,0.544) | sep=2.8209
# CONVTAG t=4400.00 rough=0.302694 cond=49.065508 evap=54.229835 backs=7.112939
# CANT t=4400.00 a_tag=0.8333 a_max=1.0000 xl_tag=0.4656 nlock=5 tune=225.779086
# REG t=4400.00 tp n=7 rho=[0.456 0.586 0.649 0.655] gr=0.00008 fl=0.857 | ba n=25758 rho=[0.095 0.490 0.847 0.963] gr=0.00007 fl=0.925
t= 4404.00 -1.47e-15 | 1.6633 16.35  22124    9 561659 561859 | 1.4281 14.77 | 8.03e-03 2.04e-02 |   3.7877 0.5424  1.6631  1.5752 1.000 16.17 | edge_dev mean=0.2934 max=0.5680 gg=0.2142 shape_dev=0.5200 xbar=0.2520 | T0 psi=(-0.091,-1.904,+2.403) ggm=0.000 circ=+0.5998 xUDD=(0.114,0.085,0.617) | T1 psi=(+2.735,-1.226,-1.064) ggm=0.000 circ=+15.0757 xUDD=(0.090,0.064,0.541) | sep=2.8017
# CONVTAG t=4404.00 rough=0.302694 cond=49.065508 evap=54.229835 backs=7.112939
# CANT t=4404.00 a_tag=0.8333 a_max=1.0000 xl_tag=0.4656 nlock=5 tune=225.960126
# REG t=4404.00 tp n=7 rho=[0.432 0.544 0.586 0.649] gr=0.00008 fl=0.857 | ba n=25755 rho=[0.095 0.487 0.846 0.963] gr=0.00007 fl=0.925
t= 4408.00 -1.47e-15 | 1.6635 16.36  22132   15 562160 562366 | 1.4282 14.77 | 6.85e-03 1.86e-02 |   3.7588 0.5383  1.6425  1.5646 1.000 15.67 | edge_dev mean=0.2913 max=0.5644 gg=0.2992 shape_dev=0.4789 xbar=0.2501 | T0 psi=(-0.124,+0.383,+0.135) ggm=0.000 circ=+0.6010 xUDD=(0.117,0.084,0.614) | T1 psi=(+2.983,-0.411,-2.433) ggm=0.000 circ=+15.0753 xUDD=(0.069,0.075,0.540) | sep=2.7745
# CONVTAG t=4408.00 rough=0.302694 cond=49.065508 evap=54.229835 backs=7.112939
# CANT t=4408.00 a_tag=0.8333 a_max=1.0000 xl_tag=0.4656 nlock=5 tune=226.119232
# REG t=4408.00 tp n=7 rho=[0.432 0.587 0.614 0.649] gr=0.00006 fl=0.857 | ba n=25742 rho=[0.097 0.483 0.845 0.962] gr=0.00007 fl=0.925
t= 4412.00 -1.47e-15 | 1.6635 16.37  22150   12 562638 562861 | 1.4285 14.77 | 7.78e-03 2.20e-02 |   3.9004 0.5585  1.5328  1.5704 1.000 15.50 | edge_dev mean=0.2890 max=0.5653 gg=0.2372 shape_dev=0.4564 xbar=0.2597 | T0 psi=(+0.065,-2.244,+2.791) ggm=0.000 circ=+0.5971 xUDD=(0.143,0.106,0.641) | T1 psi=(+2.936,-0.122,-2.924) ggm=0.000 circ=+15.0770 xUDD=(0.051,0.082,0.535) | sep=2.7672
# CONVTAG t=4412.00 rough=0.302694 cond=49.239077 evap=54.229835 backs=7.112939
# CANT t=4412.00 a_tag=0.8333 a_max=1.0000 xl_tag=0.4656 nlock=5 tune=226.375694
# REG t=4412.00 tp n=7 rho=[0.195 0.510 0.591 0.643] gr=0.00004 fl=0.857 | ba n=25728 rho=[0.099 0.489 0.844 0.962] gr=0.00007 fl=0.926
t= 4416.00 -1.47e-15 | 1.6635 16.37  22143   15 563118 563352 | 1.4284 14.77 | 7.61e-03 2.01e-02 |   3.9996 0.5727  1.4827  1.5715 1.000 15.67 | edge_dev mean=0.2809 max=0.5527 gg=0.1597 shape_dev=0.4439 xbar=0.2660 | T0 psi=(+0.207,+2.224,-1.976) ggm=0.000 circ=+0.5835 xUDD=(0.145,0.133,0.641) | T1 psi=(+2.893,+0.461,+3.098) ggm=0.000 circ=+15.0780 xUDD=(0.058,0.084,0.534) | sep=2.7780
# CONVTAG t=4416.00 rough=0.302694 cond=49.239077 evap=54.229835 backs=7.112939
# CANT t=4416.00 a_tag=0.8333 a_max=1.0000 xl_tag=0.4656 nlock=5 tune=226.577696
# REG t=4416.00 tp n=7 rho=[0.175 0.520 0.532 0.642] gr=0.00009 fl=0.857 | ba n=25715 rho=[0.098 0.499 0.845 0.962] gr=0.00007 fl=0.926
t= 4420.00 -1.47e-15 | 1.6635 16.38  22161   16 563579 563830 | 1.4286 14.77 | 4.10e-03 1.34e-02 |   4.4096 0.6315  1.4709  1.5374 1.000 15.67 | edge_dev mean=0.2774 max=0.5498 gg=0.1598 shape_dev=0.4675 xbar=0.2933 | T0 psi=(-0.036,+1.482,-0.599) ggm=0.000 circ=+0.5702 xUDD=(0.147,0.151,0.659) | T1 psi=(-3.064,-0.223,-2.212) ggm=0.000 circ=+15.0781 xUDD=(0.085,0.189,0.529) | sep=2.7930
# CONVTAG t=4420.00 rough=0.302694 cond=49.239077 evap=54.229835 backs=7.112939
# CANT t=4420.00 a_tag=0.8333 a_max=1.0000 xl_tag=0.4656 nlock=5 tune=226.881514
# REG t=4420.00 tp n=7 rho=[0.113 0.501 0.645 0.860] gr=0.00024 fl=0.857 | ba n=25697 rho=[0.099 0.500 0.846 0.963] gr=0.00007 fl=0.926
t= 4424.00 -1.47e-15 | 1.6637 16.37  22147   10 564064 564327 | 1.4284 14.77 | 7.12e-03 1.90e-02 |   4.2884 0.6141  1.4009  1.5800 1.000 15.67 | edge_dev mean=0.2743 max=0.5678 gg=0.1742 shape_dev=0.4685 xbar=0.2852 | T0 psi=(+0.081,+1.530,-0.647) ggm=0.000 circ=+0.5627 xUDD=(0.162,0.172,0.660) | T1 psi=(+2.844,-1.043,-1.380) ggm=0.000 circ=+15.0765 xUDD=(0.075,0.112,0.530) | sep=2.7959
# CONVTAG t=4424.00 rough=0.302694 cond=49.239077 evap=54.229835 backs=7.112939
# CANT t=4424.00 a_tag=0.8333 a_max=1.0000 xl_tag=0.4656 nlock=5 tune=227.176813
# REG t=4424.00 tp n=7 rho=[0.070 0.648 0.888 0.925] gr=0.00022 fl=0.857 | ba n=25692 rho=[0.102 0.501 0.849 0.962] gr=0.00007 fl=0.927
t= 4428.00 -1.47e-15 | 1.6638 16.35  22115    7 564588 564835 | 1.4281 14.77 | 7.46e-03 1.91e-02 |   4.2249 0.6050  1.3869  1.5781 1.000 15.50 | edge_dev mean=0.2761 max=0.5675 gg=0.1592 shape_dev=0.4659 xbar=0.2810 | T0 psi=(-0.013,-0.793,+1.877) ggm=0.000 circ=+0.5675 xUDD=(0.157,0.175,0.651) | T1 psi=(+2.775,-0.870,-1.497) ggm=0.000 circ=+15.0764 xUDD=(0.062,0.114,0.527) | sep=2.7944
# CONVTAG t=4428.00 rough=0.302694 cond=49.239077 evap=54.229835 backs=7.112939
# CANT t=4428.00 a_tag=0.8333 a_max=1.0000 xl_tag=0.4656 nlock=5 tune=227.364935
# REG t=4428.00 tp n=7 rho=[0.067 0.648 0.863 0.955] gr=0.00023 fl=0.857 | ba n=25710 rho=[0.100 0.498 0.847 0.964] gr=0.00007 fl=0.926
t= 4432.00 -1.47e-15 | 1.6637 16.35  22115    8 565053 565288 | 1.4281 14.77 | 1.16e-02 2.55e-02 |   4.1305 0.5915  1.4902  1.5602 1.000 15.83 | edge_dev mean=0.2754 max=0.5613 gg=0.3154 shape_dev=0.4656 xbar=0.2747 | T0 psi=(-0.085,+2.626,-1.668) ggm=0.000 circ=+0.5949 xUDD=(0.143,0.128,0.648) | T1 psi=(+2.864,-0.992,-1.185) ggm=0.000 circ=+15.0763 xUDD=(0.086,0.118,0.526) | sep=2.7961
# CONVTAG t=4432.00 rough=0.302694 cond=49.239077 evap=54.229835 backs=7.112939
# CANT t=4432.00 a_tag=0.8333 a_max=1.0000 xl_tag=0.4656 nlock=5 tune=227.584159
# REG t=4432.00 tp n=7 rho=[0.057 0.664 0.963 0.975] gr=0.00016 fl=0.857 | ba n=25721 rho=[0.100 0.496 0.844 0.964] gr=0.00007 fl=0.926
t= 4436.00 -1.47e-15 | 1.6636 16.35  22127    8 565510 565776 | 1.4281 14.76 | 9.97e-03 2.08e-02 |   3.8615 0.5530  1.6135  1.5935 1.000 15.83 | edge_dev mean=0.2783 max=0.5428 gg=0.1820 shape_dev=0.4700 xbar=0.2565 | T0 psi=(+0.115,+0.345,-0.377) ggm=0.000 circ=+0.6351 xUDD=(0.130,0.126,0.543) | T1 psi=(+3.058,-2.423,+0.186) ggm=0.000 circ=+15.0748 xUDD=(0.124,0.093,0.524) | sep=2.8012
# CONVTAG t=4436.00 rough=0.302694 cond=49.239077 evap=54.530063 backs=7.152099
# CANT t=4436.00 a_tag=0.8333 a_max=1.0000 xl_tag=0.4656 nlock=5 tune=227.810536
# REG t=4436.00 tp n=7 rho=[0.055 0.640 0.707 0.711] gr=0.00019 fl=0.857 | ba n=25691 rho=[0.100 0.492 0.844 0.963] gr=0.00007 fl=0.927
t= 4440.00 -1.47e-15 | 1.6641 16.34  22105   13 566009 566266 | 1.4279 14.76 | 9.35e-03 2.72e-02 |   3.7862 0.5422  1.6308  1.5477 1.000 15.67 | edge_dev mean=0.2684 max=0.5270 gg=0.2855 shape_dev=0.4378 xbar=0.2514 | T0 psi=(+0.007,+1.630,-1.546) ggm=0.000 circ=+0.6412 xUDD=(0.104,0.095,0.612) | T1 psi=(+3.113,-2.849,+0.493) ggm=0.000 circ=+15.0781 xUDD=(0.121,0.066,0.510) | sep=2.7903
# CONVTAG t=4440.00 rough=0.302694 cond=49.239077 evap=54.530063 backs=7.152099
# CANT t=4440.00 a_tag=0.8333 a_max=1.0000 xl_tag=0.4656 nlock=5 tune=228.070971
# REG t=4440.00 tp n=7 rho=[0.045 0.645 0.700 0.757] gr=0.00013 fl=0.857 | ba n=25695 rho=[0.095 0.495 0.844 0.963] gr=0.00007 fl=0.927
t= 4444.00 -1.47e-15 | 1.6640 16.35  22116   11 566486 566737 | 1.4281 14.77 | 6.65e-03 1.76e-02 |   3.7820 0.5416  1.6177  1.5365 1.000 15.67 | edge_dev mean=0.2653 max=0.5216 gg=0.2820 shape_dev=0.4417 xbar=0.2537 | T0 psi=(-0.060,-2.393,+2.511) ggm=0.000 circ=+0.6407 xUDD=(0.096,0.094,0.615) | T1 psi=(-3.092,+2.546,+1.483) ggm=0.000 circ=+15.0765 xUDD=(0.111,0.105,0.502) | sep=2.7883
# CONVTAG t=4444.00 rough=0.302694 cond=49.239077 evap=54.530063 backs=7.152099
# CANT t=4444.00 a_tag=0.8333 a_max=1.0000 xl_tag=0.4656 nlock=5 tune=228.205662
# REG t=4444.00 tp n=7 rho=[0.033 0.666 0.777 0.818] gr=0.00009 fl=0.857 | ba n=25702 rho=[0.100 0.494 0.847 0.963] gr=0.00007 fl=0.927
t= 4448.00 -1.61e-15 | 1.6644 16.36  22134    9 567043 567281 | 1.4282 14.77 | 6.61e-03 2.04e-02 |   3.5375 0.5066  1.6050  1.5442 1.000 15.67 | edge_dev mean=0.2539 max=0.5191 gg=0.3093 shape_dev=0.4266 xbar=0.2352 | T0 psi=(+0.033,-0.356,+0.195) ggm=0.000 circ=+0.6491 xUDD=(0.089,0.088,0.602) | T1 psi=(+2.774,+1.734,+2.783) ggm=0.000 circ=+15.0803 xUDD=(0.089,0.046,0.496) | sep=2.7898
# CONVTAG t=4448.00 rough=0.302694 cond=49.239077 evap=54.530063 backs=7.152099
# CANT t=4448.00 a_tag=0.8333 a_max=1.0000 xl_tag=0.4656 nlock=5 tune=228.327456
# REG t=4448.00 tp n=7 rho=[0.026 0.599 0.665 0.792] gr=0.00006 fl=0.857 | ba n=25719 rho=[0.098 0.497 0.847 0.965] gr=0.00007 fl=0.927
t= 4452.00 -1.61e-15 | 1.6639 16.38  22159   12 567543 567777 | 1.4286 14.77 | 8.60e-03 2.40e-02 |   3.3943 0.4861  1.5721  1.5440 1.000 16.33 | edge_dev mean=0.2525 max=0.5203 gg=0.2965 shape_dev=0.4274 xbar=0.2258 | T0 psi=(-0.060,+2.076,-2.036) ggm=0.000 circ=+0.6591 xUDD=(0.089,0.082,0.598) | T1 psi=(+2.751,+0.209,-2.259) ggm=0.000 circ=+15.0803 xUDD=(0.056,0.037,0.493) | sep=2.7970
# CONVTAG t=4452.00 rough=0.302694 cond=49.239077 evap=54.530063 backs=7.152099
# CANT t=4452.00 a_tag=0.8333 a_max=1.0000 xl_tag=0.4656 nlock=5 tune=228.439498
# REG t=4452.00 tp n=7 rho=[0.088 0.601 0.656 0.847] gr=0.00004 fl=1.000 | ba n=25719 rho=[0.100 0.491 0.846 0.963] gr=0.00007 fl=0.927
t= 4456.00 -1.61e-15 | 1.6636 16.38  22167   10 568007 568250 | 1.4286 14.77 | 8.19e-03 1.85e-02 |   3.3108 0.4741  1.5567  1.5416 1.000 16.17 | edge_dev mean=0.2515 max=0.5192 gg=0.2803 shape_dev=0.4369 xbar=0.2203 | T0 psi=(-0.073,-1.808,+1.834) ggm=0.000 circ=+0.6684 xUDD=(0.088,0.074,0.590) | T1 psi=(+2.735,-1.386,-0.781) ggm=0.000 circ=+15.0809 xUDD=(0.036,0.041,0.492) | sep=2.8045
# CONVTAG t=4456.00 rough=0.302694 cond=49.239077 evap=54.530063 backs=7.152099
# CANT t=4456.00 a_tag=0.8333 a_max=1.0000 xl_tag=0.4656 nlock=5 tune=228.531177
# REG t=4456.00 tp n=7 rho=[0.176 0.546 0.673 0.918] gr=0.00003 fl=1.000 | ba n=25711 rho=[0.096 0.491 0.846 0.963] gr=0.00007 fl=0.928
t= 4460.00 -1.61e-15 | 1.6638 16.35  22116   12 568517 568805 | 1.4280 14.77 | 7.77e-03 2.33e-02 |   3.2166 0.4606  1.5757  1.5322 1.000 16.33 | edge_dev mean=0.2459 max=0.5088 gg=0.2499 shape_dev=0.4558 xbar=0.2140 | T0 psi=(-0.128,+0.692,-0.833) ggm=0.000 circ=+0.6800 xUDD=(0.082,0.055,0.586) | T1 psi=(+2.825,-3.050,+0.533) ggm=0.000 circ=+15.0810 xUDD=(0.020,0.049,0.492) | sep=2.8150
# CONVTAG t=4460.00 rough=0.302694 cond=49.239077 evap=54.530063 backs=7.152099
# CANT t=4460.00 a_tag=0.8333 a_max=1.0000 xl_tag=0.4656 nlock=5 tune=228.662565
# REG t=4460.00 tp n=7 rho=[0.357 0.492 0.704 0.867] gr=0.00002 fl=1.000 | ba n=25666 rho=[0.099 0.492 0.847 0.963] gr=0.00007 fl=0.929
t= 4464.00 -1.61e-15 | 1.6638 16.33  22094   18 569047 569328 | 1.4276 14.76 | 5.64e-03 1.85e-02 |   3.5278 0.5052  1.4254  1.5590 1.000 16.33 | edge_dev mean=0.2591 max=0.5214 gg=0.2749 shape_dev=0.4788 xbar=0.2345 | T0 psi=(+0.090,+3.118,-2.971) ggm=0.000 circ=+0.7090 xUDD=(0.140,0.086,0.607) | T1 psi=(+2.774,+1.519,+2.208) ggm=0.000 circ=+15.0814 xUDD=(0.018,0.065,0.491) | sep=2.8209
# CONVTAG t=4464.00 rough=0.302694 cond=49.516788 evap=54.530063 backs=7.152099
# CANT t=4464.00 a_tag=0.8333 a_max=1.0000 xl_tag=0.4656 nlock=5 tune=228.890961
# REG t=4464.00 tp n=7 rho=[0.359 0.553 0.710 0.783] gr=0.00001 fl=1.000 | ba n=25668 rho=[0.099 0.488 0.844 0.963] gr=0.00007 fl=0.929
t= 4468.00 -1.61e-15 | 1.6639 16.35  22118   16 569591 569863 | 1.4279 14.76 | 7.94e-03 2.08e-02 |   3.4617 0.4957  1.4237  1.5731 1.000 16.00 | edge_dev mean=0.2591 max=0.5151 gg=0.1379 shape_dev=0.4927 xbar=0.2305 | T0 psi=(+0.003,+1.660,-1.282) ggm=0.000 circ=+0.7469 xUDD=(0.086,0.122,0.607) | T1 psi=(+2.265,+1.526,+2.999) ggm=0.000 circ=+15.0820 xUDD=(0.017,0.062,0.489) | sep=2.8303
# CONVTAG t=4468.00 rough=0.302694 cond=49.516788 evap=54.530063 backs=7.152099
# CANT t=4468.00 a_tag=0.8333 a_max=1.0000 xl_tag=0.4656 nlock=5 tune=229.102367
# REG t=4468.00 tp n=7 rho=[0.352 0.465 0.699 0.759] gr=0.00001 fl=1.000 | ba n=25678 rho=[0.095 0.485 0.843 0.963] gr=0.00007 fl=0.928
t= 4472.00 -1.61e-15 | 1.6637 16.34  22113   10 570054 570359 | 1.4278 14.76 | 8.51e-03 2.03e-02 |   3.5787 0.5125  1.4203  1.5638 1.000 15.67 | edge_dev mean=0.2643 max=0.5091 gg=0.1568 shape_dev=0.4811 xbar=0.2377 | T0 psi=(+0.159,-2.190,+2.384) ggm=0.000 circ=+0.8288 xUDD=(0.103,0.113,0.614) | T1 psi=(+2.362,+1.525,+2.787) ggm=0.000 circ=+15.0829 xUDD=(0.023,0.084,0.488) | sep=2.8185
# CONVTAG t=4472.00 rough=0.302694 cond=49.516788 evap=54.530063 backs=7.152099
# CANT t=4472.00 a_tag=0.8333 a_max=1.0000 xl_tag=0.4656 nlock=5 tune=229.324639
# REG t=4472.00 tp n=7 rho=[0.407 0.575 0.737 0.758] gr=0.00002 fl=1.000 | ba n=25652 rho=[0.097 0.492 0.848 0.965] gr=0.00007 fl=0.929
t= 4476.00 -1.61e-15 | 1.6637 16.36  22133   19 570563 570852 | 1.4280 14.75 | 5.74e-03 1.49e-02 |   3.5008 0.5013  1.4584  1.5647 1.000 16.00 | edge_dev mean=0.2634 max=0.4911 gg=0.2510 shape_dev=0.4839 xbar=0.2327 | T0 psi=(+0.086,-1.203,+1.182) ggm=0.000 circ=+0.8575 xUDD=(0.099,0.098,0.599) | T1 psi=(+2.424,+1.091,+3.030) ggm=0.000 circ=+15.0826 xUDD=(0.024,0.090,0.487) | sep=2.8245
# CONVTAG t=4476.00 rough=0.302694 cond=49.516788 evap=54.530063 backs=7.152099
# CANT t=4476.00 a_tag=0.8333 a_max=1.0000 xl_tag=0.4656 nlock=5 tune=229.471404
# REG t=4476.00 tp n=7 rho=[0.407 0.608 0.758 0.805] gr=0.00001 fl=1.000 | ba n=25657 rho=[0.099 0.493 0.851 0.965] gr=0.00007 fl=0.929
t= 4480.00 -1.61e-15 | 1.6638 16.35  22118    8 571047 571350 | 1.4278 14.75 | 5.11e-03 1.47e-02 |   3.4355 0.4920  1.5277  1.5565 1.000 16.00 | edge_dev mean=0.2700 max=0.4881 gg=0.4106 shape_dev=0.4850 xbar=0.2283 | T0 psi=(+0.074,+0.654,-1.042) ggm=0.000 circ=+0.8709 xUDD=(0.073,0.086,0.600) | T1 psi=(+2.323,+0.348,-2.542) ggm=0.000 circ=+15.0846 xUDD=(0.032,0.094,0.484) | sep=2.8170
# CONVTAG t=4480.00 rough=0.302694 cond=49.516788 evap=54.530063 backs=7.152099
# CANT t=4480.00 a_tag=0.8333 a_max=1.0000 xl_tag=0.4656 nlock=5 tune=229.618031
# REG t=4480.00 tp n=7 rho=[0.407 0.626 0.758 0.814] gr=0.00001 fl=1.000 | ba n=25654 rho=[0.100 0.499 0.853 0.966] gr=0.00007 fl=0.929
t= 4484.00 -1.61e-15 | 1.6636 16.35  22122   13 571482 571779 | 1.4279 14.76 | 9.87e-03 2.52e-02 |   3.3509 0.4798  1.5671  1.5576 1.000 15.83 | edge_dev mean=0.2652 max=0.4635 gg=0.2994 shape_dev=0.4791 xbar=0.2230 | T0 psi=(+0.085,+2.796,+2.935) ggm=0.000 circ=+0.8926 xUDD=(0.060,0.079,0.599) | T1 psi=(+2.446,-1.025,-1.772) ggm=0.000 circ=+15.0837 xUDD=(0.029,0.087,0.484) | sep=2.8107
# CONVTAG t=4484.00 rough=0.302694 cond=49.516788 evap=54.530063 backs=7.152099
# CANT t=4484.00 a_tag=0.8333 a_max=1.0000 xl_tag=0.4656 nlock=5 tune=229.761048
# REG t=4484.00 tp n=7 rho=[0.407 0.645 0.770 0.814] gr=0.00001 fl=1.000 | ba n=25655 rho=[0.099 0.504 0.852 0.965] gr=0.00007 fl=0.929
t= 4488.00 -1.61e-15 | 1.6638 16.35  22119   13 571981 572283 | 1.4279 14.75 | 5.44e-03 1.56e-02 |   3.2759 0.4691  1.5834  1.5448 1.000 15.67 | edge_dev mean=0.2507 max=0.4372 gg=0.2727 shape_dev=0.4672 xbar=0.2178 | T0 psi=(+0.062,+0.889,-1.476) ggm=0.000 circ=+0.9046 xUDD=(0.057,0.069,0.591) | T1 psi=(+1.957,-0.094,-1.879) ggm=0.000 circ=+15.0856 xUDD=(0.022,0.086,0.482) | sep=2.8099
# CONVTAG t=4488.00 rough=0.302694 cond=49.516788 evap=54.530063 backs=7.152099
# CANT t=4488.00 a_tag=0.8333 a_max=1.0000 xl_tag=0.4656 nlock=5 tune=229.902062
# REG t=4488.00 tp n=7 rho=[0.407 0.575 0.626 0.822] gr=0.00001 fl=1.000 | ba n=25650 rho=[0.099 0.508 0.853 0.964] gr=0.00007 fl=0.930
t= 4492.00 -1.61e-15 | 1.6635 16.37  22153   13 572451 572790 | 1.4283 14.76 | 9.35e-03 2.26e-02 |   3.2723 0.4686  1.6094  1.5378 1.000 15.33 | edge_dev mean=0.2567 max=0.4254 gg=0.2205 shape_dev=0.4595 xbar=0.2179 | T0 psi=(+0.040,+2.737,+2.945) ggm=0.000 circ=+0.9100 xUDD=(0.073,0.051,0.588) | T1 psi=(+2.338,-1.078,-1.961) ggm=0.000 circ=+15.0848 xUDD=(0.023,0.090,0.482) | sep=2.7976
# CONVTAG t=4492.00 rough=0.302694 cond=49.516788 evap=54.530063 backs=7.152099
# CANT t=4492.00 a_tag=0.8333 a_max=1.0000 xl_tag=0.4656 nlock=5 tune=230.029650
# REG t=4492.00 tp n=7 rho=[0.407 0.645 0.838 0.841] gr=0.00001 fl=1.000 | ba n=25614 rho=[0.102 0.502 0.849 0.965] gr=0.00007 fl=0.931
t= 4496.00 -1.61e-15 | 1.6635 16.34  22108    8 572959 573289 | 1.4277 14.75 | 5.45e-03 1.84e-02 |   3.1923 0.4571  1.6392  1.5252 1.000 15.50 | edge_dev mean=0.2486 max=0.4376 gg=0.2354 shape_dev=0.4612 xbar=0.2124 | T0 psi=(-0.015,-1.627,+0.825) ggm=0.002 circ=+0.9277 xUDD=(0.057,0.049,0.586) | T1 psi=(+2.467,-1.723,-1.293) ggm=0.000 circ=+15.0869 xUDD=(0.021,0.081,0.480) | sep=2.8023
# CONVTAG t=4496.00 rough=0.302694 cond=49.516788 evap=54.530063 backs=7.152099
# CANT t=4496.00 a_tag=0.8333 a_max=1.0000 xl_tag=0.4656 nlock=5 tune=230.130842
# REG t=4496.00 tp n=7 rho=[0.407 0.676 0.695 0.840] gr=0.00001 fl=1.000 | ba n=25627 rho=[0.099 0.503 0.851 0.965] gr=0.00007 fl=0.931
t= 4500.00 -1.61e-15 | 1.6634 16.33  22099   12 573478 573769 | 1.4276 14.74 | 1.02e-02 2.49e-02 |   3.0346 0.4345  1.6705  1.5254 1.000 15.50 | edge_dev mean=0.2482 max=0.4424 gg=0.2489 shape_dev=0.4742 xbar=0.2020 | T0 psi=(+0.082,+0.330,-1.261) ggm=0.000 circ=+0.9432 xUDD=(0.032,0.049,0.577) | T1 psi=(+2.560,-2.586,-0.496) ggm=0.000 circ=+15.0865 xUDD=(0.014,0.061,0.480) | sep=2.8213
# CONVTAG t=4500.00 rough=0.302694 cond=49.516788 evap=54.530063 backs=7.152099
# CANT t=4500.00 a_tag=0.8333 a_max=1.0000 xl_tag=0.4656 nlock=5 tune=230.214528
# REG t=4500.00 tp n=7 rho=[0.407 0.728 0.841 0.873] gr=0.00001 fl=1.000 | ba n=25663 rho=[0.096 0.493 0.848 0.963] gr=0.00007 fl=0.930
t= 4504.00 -1.61e-15 | 1.6636 16.33  22099   11 573970 574254 | 1.4276 14.75 | 8.98e-03 2.67e-02 |   2.9235 0.4186  1.7009  1.5061 1.000 15.50 | edge_dev mean=0.2537 max=0.4492 gg=0.2370 shape_dev=0.4484 xbar=0.1945 | T0 psi=(+0.014,+2.391,+3.129) ggm=0.000 circ=+0.9465 xUDD=(0.019,0.036,0.574) | T1 psi=(+2.503,+2.668,+0.569) ggm=0.000 circ=+15.0876 xUDD=(0.008,0.050,0.480) | sep=2.8106
# CONVTAG t=4504.00 rough=0.302694 cond=49.516788 evap=54.530063 backs=7.152099
# CANT t=4504.00 a_tag=0.8333 a_max=1.0000 xl_tag=0.4656 nlock=5 tune=230.311784
# REG t=4504.00 tp n=7 rho=[0.407 0.781 0.811 0.845] gr=0.00002 fl=1.000 | ba n=25671 rho=[0.095 0.493 0.847 0.964] gr=0.00007 fl=0.928
t= 4508.00 -1.61e-15 | 1.6636 16.36  22136    9 574441 574744 | 1.4280 14.75 | 6.10e-03 1.73e-02 |   2.8750 0.4117  1.7296  1.4969 1.000 15.50 | edge_dev mean=0.2484 max=0.4585 gg=0.2429 shape_dev=0.4408 xbar=0.1914 | T0 psi=(-0.008,-2.332,+1.565) ggm=0.000 circ=+0.9442 xUDD=(0.015,0.026,0.569) | T1 psi=(+2.378,+2.718,+0.792) ggm=0.000 circ=+15.0881 xUDD=(0.009,0.051,0.479) | sep=2.8153
# CONVTAG t=4508.00 rough=0.302694 cond=49.516788 evap=54.530063 backs=7.152099
# CANT t=4508.00 a_tag=0.8333 a_max=1.0000 xl_tag=0.4656 nlock=5 tune=230.379751
# REG t=4508.00 tp n=7 rho=[0.407 0.802 0.856 0.885] gr=0.00001 fl=1.000 | ba n=25655 rho=[0.099 0.494 0.846 0.963] gr=0.00007 fl=0.929
t= 4512.00 -1.61e-15 | 1.6635 16.33  22099    8 574915 575215 | 1.4276 14.76 | 9.28e-03 2.17e-02 |   2.7859 0.3989  1.7418  1.4982 1.000 15.50 | edge_dev mean=0.2416 max=0.4736 gg=0.2409 shape_dev=0.4194 xbar=0.1856 | T0 psi=(-0.056,-0.512,-0.154) ggm=0.000 circ=+0.9413 xUDD=(0.012,0.019,0.567) | T1 psi=(+1.991,+1.803,+2.213) ggm=0.000 circ=+15.0885 xUDD=(0.007,0.031,0.478) | sep=2.8106
# CONVTAG t=4512.00 rough=0.302694 cond=49.516788 evap=54.530063 backs=7.152099
# CANT t=4512.00 a_tag=0.8333 a_max=1.0000 xl_tag=0.4656 nlock=5 tune=230.427075
# REG t=4512.00 tp n=7 rho=[0.407 0.823 0.874 0.936] gr=0.00001 fl=1.000 | ba n=25658 rho=[0.100 0.496 0.846 0.963] gr=0.00007 fl=0.930
t= 4516.00 -1.61e-15 | 1.6635 16.34  22106   10 575412 575703 | 1.4277 14.76 | 6.95e-03 1.96e-02 |   2.7899 0.3995  1.7698  1.4926 1.000 15.50 | edge_dev mean=0.2400 max=0.4761 gg=0.2535 shape_dev=0.4197 xbar=0.1857 | T0 psi=(-0.032,+1.417,-2.288) ggm=0.000 circ=+0.9404 xUDD=(0.010,0.015,0.566) | T1 psi=(+2.156,+0.545,-3.051) ggm=0.000 circ=+15.0891 xUDD=(0.021,0.026,0.477) | sep=2.8112
# CONVTAG t=4516.00 rough=0.302694 cond=49.516788 evap=54.530063 backs=7.152099
# CANT t=4516.00 a_tag=0.8333 a_max=1.0000 xl_tag=0.4656 nlock=5 tune=230.466964
# REG t=4516.00 tp n=7 rho=[0.146 0.844 0.913 0.955] gr=0.00001 fl=1.000 | ba n=25666 rho=[0.100 0.492 0.846 0.963] gr=0.00007 fl=0.929
t= 4520.00 -1.61e-15 | 1.6635 16.30  22058    7 575934 576234 | 1.4271 14.74 | 1.05e-02 3.08e-02 |   2.4073 0.3447  1.5906  1.4456 1.000 15.83 | edge_dev mean=0.2488 max=0.4922 gg=0.2072 shape_dev=0.4345 xbar=0.1603 | T0 psi=(-0.179,-2.725,+1.996) ggm=0.000 circ=+0.9357 xUDD=(0.006,0.008,0.557) | T1 psi=(+1.849,-1.293,-1.306) ggm=0.000 circ=+15.0904 xUDD=(0.021,0.030,0.340) | sep=2.8155
# CONVTAG t=4520.00 rough=0.302694 cond=49.516788 evap=54.868057 backs=7.196185
# CANT t=4520.00 a_tag=0.8333 a_max=1.0000 xl_tag=0.4656 nlock=5 tune=230.511689
# REG t=4520.00 tp n=7 rho=[0.265 0.857 0.857 0.952] gr=0.00001 fl=1.000 | ba n=25660 rho=[0.100 0.503 0.848 0.964] gr=0.00007 fl=0.930
t= 4524.00 -1.61e-15 | 1.6639 16.34  22112   11 576432 576729 | 1.4278 14.75 | 9.37e-03 2.69e-02 |   2.3944 0.3429  1.5935  1.4520 1.000 16.17 | edge_dev mean=0.2637 max=0.5047 gg=0.1906 shape_dev=0.4765 xbar=0.1598 | T0 psi=(-0.264,-0.768,+0.227) ggm=0.000 circ=+0.9322 xUDD=(0.004,0.007,0.561) | T1 psi=(+1.587,+1.703,+2.399) ggm=0.000 circ=+15.0891 xUDD=(0.010,0.038,0.338) | sep=2.8365
# CONVTAG t=4524.00 rough=0.302694 cond=49.516788 evap=54.868057 backs=7.196185
# CANT t=4524.00 a_tag=0.8333 a_max=1.0000 xl_tag=0.4656 nlock=5 tune=230.551427
# REG t=4524.00 tp n=7 rho=[0.304 0.783 0.895 0.969] gr=0.00001 fl=1.000 | ba n=25660 rho=[0.102 0.503 0.848 0.964] gr=0.00007 fl=0.929
t= 4528.00 -1.61e-15 | 1.6640 16.36  22140   12 576923 577244 | 1.4282 14.75 | 5.83e-03 1.93e-02 |   2.3592 0.3378  1.5788  1.4669 1.000 16.50 | edge_dev mean=0.2723 max=0.5073 gg=0.2172 shape_dev=0.5114 xbar=0.1572 | T0 psi=(-0.146,+0.372,-1.217) ggm=0.000 circ=+0.9314 xUDD=(0.006,0.007,0.561) | T1 psi=(+1.736,-0.816,-1.742) ggm=0.000 circ=+15.0911 xUDD=(0.004,0.028,0.336) | sep=2.8543
# CONVTAG t=4528.00 rough=0.302694 cond=49.516788 evap=54.868057 backs=7.196185
# CANT t=4528.00 a_tag=0.8333 a_max=1.0000 xl_tag=0.4656 nlock=5 tune=230.593395
# REG t=4528.00 tp n=7 rho=[0.129 0.676 0.777 0.968] gr=0.00001 fl=1.000 | ba n=25633 rho=[0.102 0.500 0.849 0.963] gr=0.00007 fl=0.930
t= 4532.00 -1.61e-15 | 1.6638 16.38  22156    5 577437 577749 | 1.4284 14.75 | 6.33e-03 1.68e-02 |   2.6666 0.3819  1.5367  1.5378 1.000 16.50 | edge_dev mean=0.2606 max=0.4944 gg=0.1139 shape_dev=0.4928 xbar=0.1775 | T0 psi=(-0.203,-1.913,+1.619) ggm=0.000 circ=+0.9308 xUDD=(0.126,0.003,0.497) | T1 psi=(+1.858,-2.126,+0.140) ggm=0.000 circ=+15.0802 xUDD=(0.074,0.024,0.340) | sep=2.8490
# CONVTAG t=4532.00 rough=0.302694 cond=50.120155 evap=55.185160 backs=7.237546
# CANT t=4532.00 a_tag=0.8333 a_max=1.0000 xl_tag=0.4656 nlock=5 tune=230.839593
# REG t=4532.00 tp n=7 rho=[0.018 0.482 0.779 0.991] gr=0.00002 fl=1.000 | ba n=25650 rho=[0.100 0.494 0.847 0.964] gr=0.00007 fl=0.930
t= 4536.00 -1.61e-15 | 1.6642 16.34  22110   12 577937 578210 | 1.4279 14.75 | 4.32e-03 1.74e-02 |   2.5385 0.3635  1.4813  1.4922 1.000 16.50 | edge_dev mean=0.2549 max=0.5090 gg=0.2100 shape_dev=0.4637 xbar=0.1691 | T0 psi=(-0.031,-0.749,+0.132) ggm=0.000 circ=+0.9405 xUDD=(0.032,0.029,0.571) | T1 psi=(+1.324,+2.202,+2.502) ggm=0.000 circ=+15.0860 xUDD=(0.025,0.021,0.336) | sep=2.8363
# CONVTAG t=4536.00 rough=0.302694 cond=50.120155 evap=55.185160 backs=7.237546
# CANT t=4536.00 a_tag=0.8333 a_max=1.0000 xl_tag=0.4656 nlock=5 tune=231.183986
# REG t=4536.00 tp n=7 rho=[0.640 0.779 0.818 0.902] gr=0.00002 fl=1.000 | ba n=25683 rho=[0.097 0.491 0.842 0.963] gr=0.00007 fl=0.929
t= 4540.00 -1.61e-15 | 1.6641 16.33  22089    8 578453 578717 | 1.4277 14.76 | 6.30e-03 2.13e-02 |   2.4819 0.3554  1.5063  1.4776 1.000 16.83 | edge_dev mean=0.2463 max=0.5007 gg=0.2279 shape_dev=0.4449 xbar=0.1654 | T0 psi=(-0.044,+1.235,-1.960) ggm=0.000 circ=+0.9450 xUDD=(0.019,0.026,0.568) | T1 psi=(+1.734,-1.364,-0.882) ggm=0.000 circ=+15.0857 xUDD=(0.022,0.023,0.333) | sep=2.8257
# CONVTAG t=4540.00 rough=0.302694 cond=50.120155 evap=55.185160 backs=7.237546
# CANT t=4540.00 a_tag=0.8333 a_max=1.0000 xl_tag=0.4656 nlock=5 tune=231.244434
# REG t=4540.00 tp n=7 rho=[0.619 0.779 0.891 0.911] gr=0.00001 fl=1.000 | ba n=25697 rho=[0.096 0.490 0.845 0.963] gr=0.00007 fl=0.928
t= 4544.00 -1.61e-15 | 1.6642 16.35  22115    9 578931 579215 | 1.4280 14.76 | 9.83e-03 2.21e-02 |   2.4575 0.3519  1.5318  1.4664 1.000 16.67 | edge_dev mean=0.2513 max=0.4981 gg=0.2353 shape_dev=0.4580 xbar=0.1636 | T0 psi=(-0.051,-2.972,+2.207) ggm=0.000 circ=+0.9426 xUDD=(0.017,0.019,0.567) | T1 psi=(+2.205,+0.727,+2.411) ggm=0.000 circ=+15.0878 xUDD=(0.030,0.020,0.329) | sep=2.8306
# CONVTAG t=4544.00 rough=0.302694 cond=50.120155 evap=55.185160 backs=7.237546
# CANT t=4544.00 a_tag=0.8333 a_max=1.0000 xl_tag=0.4656 nlock=5 tune=231.295384
# REG t=4544.00 tp n=7 rho=[0.610 0.779 0.908 0.968] gr=0.00001 fl=1.000 | ba n=25674 rho=[0.097 0.490 0.844 0.962] gr=0.00007 fl=0.929
t= 4548.00 -1.61e-15 | 1.6642 16.35  22127    7 579429 579699 | 1.4282 14.76 | 4.69e-03 1.50e-02 |   2.4073 0.3447  1.5505  1.4664 1.000 16.33 | edge_dev mean=0.2476 max=0.5012 gg=0.2176 shape_dev=0.4551 xbar=0.1603 | T0 psi=(-0.137,-0.552,-0.206) ggm=0.000 circ=+0.9435 xUDD=(0.012,0.014,0.563) | T1 psi=(+2.099,+2.180,+1.090) ggm=0.000 circ=+15.0883 xUDD=(0.031,0.013,0.329) | sep=2.8317
# CONVTAG t=4548.00 rough=0.302694 cond=50.120155 evap=55.185160 backs=7.237546
# CANT t=4548.00 a_tag=0.8333 a_max=1.0000 xl_tag=0.4656 nlock=5 tune=231.342192
# REG t=4548.00 tp n=7 rho=[0.597 0.779 0.872 0.981] gr=0.00001 fl=1.000 | ba n=25689 rho=[0.095 0.485 0.845 0.962] gr=0.00007 fl=0.929
t= 4552.00 -1.61e-15 | 1.6640 16.35  22117   10 579909 580216 | 1.4280 14.75 | 7.70e-03 2.14e-02 |   2.4133 0.3456  1.5881  1.4359 1.000 16.17 | edge_dev mean=0.2379 max=0.5030 gg=0.1850 shape_dev=0.4238 xbar=0.1608 | T0 psi=(-0.310,+2.217,-2.861) ggm=0.000 circ=+0.9417 xUDD=(0.006,0.010,0.565) | T1 psi=(+2.436,+3.116,-0.441) ggm=0.000 circ=+15.0880 xUDD=(0.038,0.021,0.325) | sep=2.8132
# CONVTAG t=4552.00 rough=0.302694 cond=50.120155 evap=55.185160 backs=7.237546
# CANT t=4552.00 a_tag=0.8333 a_max=1.0000 xl_tag=0.4656 nlock=5 tune=231.386194
# REG t=4552.00 tp n=7 rho=[0.579 0.779 0.882 0.994] gr=0.00000 fl=1.000 | ba n=25649 rho=[0.095 0.486 0.845 0.963] gr=0.00007 fl=0.930
t= 4556.00 -1.61e-15 | 1.6642 16.36  22139    9 580373 580668 | 1.4283 14.76 | 8.56e-03 2.49e-02 |   2.6308 0.3767  1.5220  1.4266 1.000 16.17 | edge_dev mean=0.2286 max=0.5249 gg=0.1480 shape_dev=0.4344 xbar=0.1753 | T0 psi=(-0.492,-0.560,+0.668) ggm=0.000 circ=+0.9287 xUDD=(0.019,0.013,0.610) | T1 psi=(+2.661,-1.971,-1.574) ggm=0.000 circ=+15.0837 xUDD=(0.046,0.036,0.327) | sep=2.8231
# CONVTAG t=4556.00 rough=0.302694 cond=50.300392 evap=55.185160 backs=7.237546
# CANT t=4556.00 a_tag=0.8333 a_max=1.0000 xl_tag=0.4656 nlock=5 tune=231.535161
# REG t=4556.00 tp n=7 rho=[0.359 0.724 0.779 0.962] gr=0.00001 fl=1.000 | ba n=25661 rho=[0.099 0.485 0.844 0.962] gr=0.00007 fl=0.930
t= 4560.00 -1.61e-15 | 1.6648 16.36  22129   11 580855 581104 | 1.4281 14.76 | 6.69e-03 2.00e-02 |   2.7668 0.3962  1.4150  1.4660 1.000 16.33 | edge_dev mean=0.2308 max=0.5174 gg=0.2252 shape_dev=0.4572 xbar=0.1841 | T0 psi=(-0.051,+1.486,-1.749) ggm=0.000 circ=+0.9258 xUDD=(0.064,0.036,0.588) | T1 psi=(+2.791,-0.859,-2.813) ggm=0.000 circ=+15.0957 xUDD=(0.048,0.047,0.322) | sep=2.8357
# CONVTAG t=4560.00 rough=0.302694 cond=50.300392 evap=55.185160 backs=7.237546
# CANT t=4560.00 a_tag=0.8333 a_max=1.0000 xl_tag=0.4656 nlock=5 tune=231.703743
# REG t=4560.00 tp n=7 rho=[0.589 0.755 0.779 0.966] gr=0.00002 fl=1.000 | ba n=25705 rho=[0.095 0.486 0.844 0.962] gr=0.00007 fl=0.928
t= 4564.00 -1.61e-15 | 1.6647 16.37  22142   14 581301 581584 | 1.4282 14.75 | 9.15e-03 2.18e-02 |   2.8594 0.4095  1.3997  1.4453 1.000 16.17 | edge_dev mean=0.2283 max=0.5024 gg=0.2452 shape_dev=0.4411 xbar=0.1904 | T0 psi=(-0.108,-2.197,+2.060) ggm=0.000 circ=+0.9271 xUDD=(0.059,0.050,0.599) | T1 psi=(+2.801,+0.633,+2.161) ggm=0.000 circ=+15.0959 xUDD=(0.049,0.068,0.318) | sep=2.8274
# CONVTAG t=4564.00 rough=0.302694 cond=50.300392 evap=55.185160 backs=7.237546
# CANT t=4564.00 a_tag=0.8333 a_max=1.0000 xl_tag=0.4656 nlock=5 tune=231.820527
# REG t=4564.00 tp n=7 rho=[0.422 0.779 0.803 0.880] gr=0.00002 fl=1.000 | ba n=25671 rho=[0.095 0.487 0.846 0.964] gr=0.00007 fl=0.929
t= 4568.00 -1.61e-15 | 1.6647 16.37  22150    9 581798 582060 | 1.4283 14.75 | 3.60e-03 1.52e-02 |   2.9459 0.4219  1.3796  1.4550 1.000 16.17 | edge_dev mean=0.2287 max=0.5022 gg=0.2814 shape_dev=0.4581 xbar=0.1962 | T0 psi=(-0.082,+0.435,-0.458) ggm=0.000 circ=+0.9247 xUDD=(0.062,0.062,0.606) | T1 psi=(+2.673,+1.713,+1.435) ggm=0.000 circ=+15.0933 xUDD=(0.065,0.066,0.316) | sep=2.8380
# CONVTAG t=4568.00 rough=0.302694 cond=50.300392 evap=55.185160 backs=7.237546
# CANT t=4568.00 a_tag=0.8333 a_max=1.0000 xl_tag=0.4656 nlock=5 tune=231.928889
# REG t=4568.00 tp n=7 rho=[0.333 0.804 0.818 0.885] gr=0.00001 fl=1.000 | ba n=25698 rho=[0.095 0.488 0.844 0.962] gr=0.00007 fl=0.928
t= 4572.00 -1.61e-15 | 1.6649 16.34  22110   11 582223 582495 | 1.4278 14.75 | 5.55e-03 1.74e-02 |   2.9399 0.4210  1.2877  1.5040 1.000 16.17 | edge_dev mean=0.2226 max=0.5077 gg=0.1760 shape_dev=0.4724 xbar=0.1957 | T0 psi=(-0.181,-2.537,+3.083) ggm=0.000 circ=+0.9133 xUDD=(0.055,0.112,0.600) | T1 psi=(+2.566,-3.022,-0.223) ggm=0.000 circ=+15.0866 xUDD=(0.050,0.038,0.320) | sep=2.8470
# CONVTAG t=4572.00 rough=0.302694 cond=50.300392 evap=55.185160 backs=7.237546
# CANT t=4572.00 a_tag=0.8333 a_max=1.0000 xl_tag=0.4656 nlock=5 tune=232.135202
# REG t=4572.00 tp n=7 rho=[0.302 0.594 0.720 0.784] gr=0.00003 fl=1.000 | ba n=25684 rho=[0.096 0.489 0.845 0.962] gr=0.00007 fl=0.929
t= 4576.00 -1.61e-15 | 1.6645 16.36  22140   12 582681 582972 | 1.4281 14.75 | 3.54e-03 1.37e-02 |   2.6939 0.3858  1.4276  1.4482 1.000 16.50 | edge_dev mean=0.2199 max=0.5038 gg=0.2497 shape_dev=0.4472 xbar=0.1793 | T0 psi=(-0.379,-0.835,+1.074) ggm=0.000 circ=+0.8932 xUDD=(0.049,0.035,0.593) | T1 psi=(+2.788,-2.022,-1.516) ggm=0.000 circ=+15.0959 xUDD=(0.043,0.040,0.315) | sep=2.8303
# CONVTAG t=4576.00 rough=0.302694 cond=50.300392 evap=55.185160 backs=7.237546
# CANT t=4576.00 a_tag=0.8333 a_max=1.0000 xl_tag=0.4656 nlock=5 tune=232.326960
# REG t=4576.00 tp n=7 rho=[0.273 0.797 0.809 0.967] gr=0.00004 fl=1.000 | ba n=25665 rho=[0.096 0.492 0.848 0.962] gr=0.00007 fl=0.930
t= 4580.00 -1.61e-15 | 1.6641 16.33  22101   17 583179 583451 | 1.4277 14.75 | 8.44e-03 2.49e-02 |   2.7112 0.3882  1.4027  1.4671 1.000 16.33 | edge_dev mean=0.2126 max=0.4852 gg=0.2614 shape_dev=0.4468 xbar=0.1827 | T0 psi=(-0.414,+1.722,-1.484) ggm=0.000 circ=+0.8673 xUDD=(0.076,0.034,0.590) | T1 psi=(+2.918,-0.966,-2.888) ggm=0.000 circ=+15.0959 xUDD=(0.036,0.044,0.316) | sep=2.8348
# CONVTAG t=4580.00 rough=0.302694 cond=50.300392 evap=55.185160 backs=7.237546
# CANT t=4580.00 a_tag=0.8333 a_max=1.0000 xl_tag=0.4656 nlock=5 tune=232.457690
# REG t=4580.00 tp n=7 rho=[0.167 0.796 0.828 0.872] gr=0.00003 fl=1.000 | ba n=25676 rho=[0.096 0.492 0.843 0.961] gr=0.00007 fl=0.929
t= 4584.00 -1.61e-15 | 1.6643 16.34  22110   10 583687 583999 | 1.4278 14.75 | 7.44e-03 2.37e-02 |   2.7234 0.3900  1.3586  1.4562 1.000 16.17 | edge_dev mean=0.2184 max=0.4865 gg=0.2899 shape_dev=0.4605 xbar=0.1812 | T0 psi=(-0.197,-1.929,+1.898) ggm=0.000 circ=+0.8585 xUDD=(0.066,0.041,0.591) | T1 psi=(+2.941,-0.014,+2.444) ggm=0.000 circ=+15.0915 xUDD=(0.038,0.043,0.308) | sep=2.8435
# CONVTAG t=4584.00 rough=0.302694 cond=50.300392 evap=55.185160 backs=7.237546
# CANT t=4584.00 a_tag=0.8333 a_max=1.0000 xl_tag=0.4656 nlock=5 tune=232.565122
# REG t=4584.00 tp n=7 rho=[0.085 0.863 0.877 0.951] gr=0.00002 fl=1.000 | ba n=25645 rho=[0.099 0.497 0.843 0.962] gr=0.00007 fl=0.930
t= 4588.00 -1.61e-15 | 1.6648 16.37  22142    7 584126 584465 | 1.4283 14.76 | 8.56e-03 2.16e-02 |   2.6888 0.3850  1.3219  1.4451 1.000 16.33 | edge_dev mean=0.2278 max=0.4900 gg=0.3307 shape_dev=0.4652 xbar=0.1790 | T0 psi=(-0.128,+0.405,-0.407) ggm=0.000 circ=+0.8506 xUDD=(0.062,0.044,0.592) | T1 psi=(+2.822,+1.203,+1.511) ggm=0.000 circ=+15.0990 xUDD=(0.030,0.047,0.299) | sep=2.8467
# CONVTAG t=4588.00 rough=0.302694 cond=50.300392 evap=55.185160 backs=7.237546
# CANT t=4588.00 a_tag=0.8333 a_max=1.0000 xl_tag=0.4656 nlock=5 tune=232.657224
# REG t=4588.00 tp n=7 rho=[0.046 0.563 0.815 0.915] gr=0.00006 fl=1.000 | ba n=25621 rho=[0.101 0.501 0.846 0.963] gr=0.00007 fl=0.932
t= 4592.00 -1.61e-15 | 1.6647 16.38  22162   10 584610 584959 | 1.4285 14.76 | 6.11e-03 1.43e-02 |   2.8224 0.4042  1.3488  1.4281 1.000 16.17 | edge_dev mean=0.2294 max=0.4862 gg=0.3123 shape_dev=0.4703 xbar=0.1878 | T0 psi=(-0.047,+2.820,-3.031) ggm=0.000 circ=+0.8478 xUDD=(0.053,0.056,0.595) | T1 psi=(+2.909,+2.075,+1.012) ggm=0.000 circ=+15.1050 xUDD=(0.041,0.086,0.296) | sep=2.8456
# CONVTAG t=4592.00 rough=0.302694 cond=50.300392 evap=55.185160 backs=7.237546
# CANT t=4592.00 a_tag=0.8333 a_max=1.0000 xl_tag=0.4656 nlock=5 tune=232.740897
# REG t=4592.00 tp n=7 rho=[0.043 0.577 0.907 0.952] gr=0.00009 fl=1.000 | ba n=25609 rho=[0.099 0.495 0.845 0.963] gr=0.00007 fl=0.932
t= 4596.00 -1.61e-15 | 1.6645 16.35  22116    7 585166 585483 | 1.4281 14.76 | 9.10e-03 2.32e-02 |   3.2447 0.4646  1.3523  1.4054 1.000 15.83 | edge_dev mean=0.2299 max=0.4718 gg=0.2498 shape_dev=0.4020 xbar=0.2155 | T0 psi=(+0.029,-0.093,+0.306) ggm=0.000 circ=+0.8452 xUDD=(0.058,0.098,0.619) | T1 psi=(+2.994,+2.261,+1.420) ggm=0.000 circ=+15.1050 xUDD=(0.075,0.148,0.296) | sep=2.7982
# CONVTAG t=4596.00 rough=0.302694 cond=50.300392 evap=55.185160 backs=7.237546
# CANT t=4596.00 a_tag=0.8333 a_max=1.0000 xl_tag=0.4656 nlock=5 tune=232.982676
# REG t=4596.00 tp n=7 rho=[0.020 0.570 0.570 0.809] gr=0.00006 fl=1.000 | ba n=25643 rho=[0.099 0.499 0.844 0.962] gr=0.00007 fl=0.931
t= 4600.00 -1.61e-15 | 1.6645 16.36  22140   10 585736 586000 | 1.4283 14.76 | 1.39e-02 3.34e-02 |   2.9449 0.4217  1.4485  1.3927 1.000 16.17 | edge_dev mean=0.2378 max=0.4803 gg=0.2032 shape_dev=0.4261 xbar=0.1962 | T0 psi=(-0.127,+2.690,+3.010) ggm=0.000 circ=+0.8374 xUDD=(0.050,0.045,0.606) | T1 psi=(+2.798,+2.849,+0.936) ggm=0.000 circ=+15.1048 xUDD=(0.066,0.113,0.297) | sep=2.8090
# CONVTAG t=4600.00 rough=0.302694 cond=50.300392 evap=55.185160 backs=7.237546
# CANT t=4600.00 a_tag=0.8333 a_max=1.0000 xl_tag=0.4656 nlock=5 tune=233.197041
# REG t=4600.00 tp n=7 rho=[0.020 0.577 0.763 0.809] gr=0.00004 fl=1.000 | ba n=25691 rho=[0.098 0.493 0.846 0.963] gr=0.00007 fl=0.929
t= 4604.00 -1.61e-15 | 1.6646 16.36  22129    9 586275 586531 | 1.4282 14.77 | 4.53e-03 1.76e-02 |   2.8396 0.4066  1.3890  1.4467 1.000 16.33 | edge_dev mean=0.2400 max=0.4917 gg=0.2924 shape_dev=0.4356 xbar=0.1890 | T0 psi=(-0.145,-2.015,+1.573) ggm=0.000 circ=+0.8295 xUDD=(0.073,0.053,0.599) | T1 psi=(+2.923,-2.869,-0.488) ggm=0.000 circ=+15.1002 xUDD=(0.057,0.043,0.308) | sep=2.8121
# CONVTAG t=4604.00 rough=0.302694 cond=50.300392 evap=55.185160 backs=7.237546
# CANT t=4604.00 a_tag=0.8333 a_max=1.0000 xl_tag=0.4656 nlock=5 tune=233.311344
# REG t=4604.00 tp n=7 rho=[0.012 0.599 0.859 0.900] gr=0.00006 fl=1.000 | ba n=25701 rho=[0.098 0.492 0.844 0.963] gr=0.00007 fl=0.929
t= 4608.00 -1.61e-15 | 1.6641 16.35  22119    8 586788 587013 | 1.4280 14.76 | 8.41e-03 2.72e-02 |   2.8709 0.4111  1.2751  1.4430 1.000 16.33 | edge_dev mean=0.2373 max=0.4896 gg=0.2857 shape_dev=0.4424 xbar=0.1911 | T0 psi=(-0.043,+0.323,-0.850) ggm=0.000 circ=+0.8294 xUDD=(0.102,0.066,0.606) | T1 psi=(+2.890,-2.214,-1.213) ggm=0.000 circ=+15.1065 xUDD=(0.063,0.035,0.274) | sep=2.8196
# CONVTAG t=4608.00 rough=0.302694 cond=50.300392 evap=55.185160 backs=7.237546
# CANT t=4608.00 a_tag=0.8333 a_max=1.0000 xl_tag=0.4656 nlock=5 tune=233.459131
# REG t=4608.00 tp n=7 rho=[0.006 0.661 0.899 0.960] gr=0.00005 fl=1.000 | ba n=25735 rho=[0.095 0.495 0.847 0.963] gr=0.00007 fl=0.928
t= 4612.00 -1.61e-15 | 1.6639 16.34  22106    8 587233 587503 | 1.4278 14.75 | 6.34e-03 2.09e-02 |   3.0307 0.4340  1.2174  1.4345 1.000 15.67 | edge_dev mean=0.2441 max=0.4792 gg=0.2351 shape_dev=0.4195 xbar=0.2016 | T0 psi=(-0.155,+3.019,+2.884) ggm=0.000 circ=+0.8420 xUDD=(0.116,0.094,0.620) | T1 psi=(+3.008,-2.136,-1.533) ggm=0.000 circ=+15.1067 xUDD=(0.072,0.046,0.261) | sep=2.8036
# CONVTAG t=4612.00 rough=0.302694 cond=50.300392 evap=55.185160 backs=7.237546
# CANT t=4612.00 a_tag=0.8333 a_max=1.0000 xl_tag=0.4656 nlock=5 tune=233.691037
# REG t=4612.00 tp n=7 rho=[0.219 0.657 0.891 0.892] gr=0.00011 fl=1.000 | ba n=25689 rho=[0.096 0.495 0.847 0.962] gr=0.00007 fl=0.930
t= 4616.00 -1.61e-15 | 1.6641 16.38  22167   13 587714 587985 | 1.4286 14.76 | 7.61e-03 1.61e-02 |   2.9661 0.4247  1.1964  1.5101 1.000 15.83 | edge_dev mean=0.2525 max=0.4834 gg=0.2150 shape_dev=0.3560 xbar=0.1974 | T0 psi=(-0.019,-0.194,-0.733) ggm=0.000 circ=+0.8360 xUDD=(0.111,0.166,0.521) | T1 psi=(+2.503,-1.385,-1.262) ggm=0.000 circ=+15.1065 xUDD=(0.086,0.040,0.261) | sep=2.7587
# CONVTAG t=4616.00 rough=0.302694 cond=50.300392 evap=55.489058 backs=7.277185
# CANT t=4616.00 a_tag=0.8333 a_max=1.0000 xl_tag=0.4656 nlock=5 tune=233.913193
# REG t=4616.00 tp n=7 rho=[0.223 0.693 0.882 0.889] gr=0.00007 fl=1.000 | ba n=25682 rho=[0.096 0.491 0.848 0.963] gr=0.00007 fl=0.930
t= 4620.00 -1.61e-15 | 1.6637 16.39  22176   21 588166 588473 | 1.4287 14.76 | 1.16e-02 2.75e-02 |   3.0318 0.4341  1.2344  1.4497 1.000 16.00 | edge_dev mean=0.2589 max=0.4967 gg=0.1673 shape_dev=0.3579 xbar=0.2017 | T0 psi=(-0.231,-2.057,+1.699) ggm=0.000 circ=+0.8253 xUDD=(0.090,0.133,0.596) | T1 psi=(+2.427,-0.810,-1.848) ggm=0.000 circ=+15.0937 xUDD=(0.079,0.052,0.260) | sep=2.7517
# CONVTAG t=4620.00 rough=0.302694 cond=50.300392 evap=55.489058 backs=7.277185
# CANT t=4620.00 a_tag=0.8333 a_max=1.0000 xl_tag=0.4656 nlock=5 tune=234.241191
# REG t=4620.00 tp n=7 rho=[0.402 0.553 0.613 0.747] gr=0.00010 fl=1.000 | ba n=25637 rho=[0.098 0.490 0.846 0.964] gr=0.00007 fl=0.932
t= 4624.00 -1.61e-15 | 1.6639 16.40  22185   10 588683 588971 | 1.4287 14.75 | 6.21e-03 1.84e-02 |   2.8393 0.4066  1.4156  1.3754 1.000 16.17 | edge_dev mean=0.2662 max=0.4826 gg=0.1547 shape_dev=0.3591 xbar=0.1889 | T0 psi=(-0.357,-0.359,-0.721) ggm=0.000 circ=+0.7942 xUDD=(0.072,0.050,0.605) | T1 psi=(+2.559,-0.981,-1.801) ggm=0.000 circ=+15.1090 xUDD=(0.092,0.060,0.255) | sep=2.7461
# CONVTAG t=4624.00 rough=0.302694 cond=50.300392 evap=55.489058 backs=7.277185
# CANT t=4624.00 a_tag=0.8333 a_max=1.0000 xl_tag=0.4656 nlock=5 tune=234.361121
# REG t=4624.00 tp n=7 rho=[0.459 0.613 0.800 0.872] gr=0.00011 fl=1.000 | ba n=25666 rho=[0.096 0.486 0.843 0.963] gr=0.00007 fl=0.930
t= 4628.00 -1.61e-15 | 1.6641 16.40  22183   13 589184 589472 | 1.4287 14.75 | 4.42e-03 1.35e-02 |   2.7196 0.3894  1.4437  1.3627 1.000 16.00 | edge_dev mean=0.2666 max=0.4726 gg=0.1697 shape_dev=0.3782 xbar=0.1812 | T0 psi=(-0.274,+1.653,+3.073) ggm=0.000 circ=+0.7665 xUDD=(0.059,0.041,0.600) | T1 psi=(+2.584,-1.389,-1.588) ggm=0.000 circ=+15.1230 xUDD=(0.088,0.050,0.249) | sep=2.7553
# CONVTAG t=4628.00 rough=0.302694 cond=50.300392 evap=55.489058 backs=7.277185
# CANT t=4628.00 a_tag=0.8333 a_max=1.0000 xl_tag=0.4656 nlock=5 tune=234.463376
# REG t=4628.00 tp n=7 rho=[0.466 0.613 0.867 0.905] gr=0.00007 fl=1.000 | ba n=25662 rho=[0.094 0.489 0.844 0.963] gr=0.00007 fl=0.931
t= 4632.00 -1.61e-15 | 1.6645 16.39  22173    9 589674 589950 | 1.4287 14.77 | 9.75e-03 2.43e-02 |   2.6432 0.3785  1.4570  1.3687 1.000 16.00 | edge_dev mean=0.2717 max=0.4790 gg=0.1635 shape_dev=0.4072 xbar=0.1759 | T0 psi=(-0.228,-2.366,+0.321) ggm=0.000 circ=+0.7434 xUDD=(0.054,0.038,0.593) | T1 psi=(+2.655,-1.942,-1.268) ggm=0.000 circ=+15.1231 xUDD=(0.080,0.040,0.251) | sep=2.7688
# CONVTAG t=4632.00 rough=0.302694 cond=50.300392 evap=55.489058 backs=7.277185
# CANT t=4632.00 a_tag=0.8333 a_max=1.0000 xl_tag=0.4656 nlock=5 tune=234.545648
# REG t=4632.00 tp n=7 rho=[0.467 0.613 0.800 0.943] gr=0.00005 fl=1.000 | ba n=25678 rho=[0.099 0.497 0.846 0.964] gr=0.00007 fl=0.930
t= 4636.00 -1.47e-15 | 1.6641 16.37  22146    7 590137 590428 | 1.4285 14.77 | 5.07e-03 1.38e-02 |   3.3799 0.4840  1.2800  1.5273 1.000 15.50 | edge_dev mean=0.2700 max=0.4917 gg=0.2385 shape_dev=0.4066 xbar=0.2250 | T0 psi=(-0.049,+0.795,-1.736) ggm=0.000 circ=+0.7312 xUDD=(0.113,0.168,0.607) | T1 psi=(+2.680,-2.167,-0.620) ggm=0.000 circ=+15.1229 xUDD=(0.065,0.046,0.351) | sep=2.7697
# CONVTAG t=4636.00 rough=0.302694 cond=50.822845 evap=55.489058 backs=7.277185
# CANT t=4636.00 a_tag=0.8333 a_max=1.0000 xl_tag=0.4656 nlock=5 tune=234.763908
# REG t=4636.00 tp n=7 rho=[0.468 0.613 0.800 0.951] gr=0.00003 fl=1.000 | ba n=25666 rho=[0.099 0.494 0.846 0.963] gr=0.00007 fl=0.930
t= 4640.00 -1.47e-15 | 1.6644 16.37  22144    9 590629 590906 | 1.4285 14.77 | 5.88e-03 1.38e-02 |   3.6245 0.5190  1.2354  1.5103 1.000 16.17 | edge_dev mean=0.2675 max=0.4832 gg=0.2037 shape_dev=0.4076 xbar=0.2412 | T0 psi=(+0.174,+99.000,+2.080) ggm=0.000 circ=+2.8686 xUDD=(0.139,0.184,0.632) | T1 psi=(+2.577,+0.645,-3.006) ggm=0.000 circ=+15.1203 xUDD=(0.069,0.077,0.345) | sep=2.7626
# CONVTAG t=4640.00 rough=0.302694 cond=50.822845 evap=55.489058 backs=7.277185
# CANT t=4640.00 a_tag=0.8333 a_max=1.0000 xl_tag=0.4656 nlock=5 tune=235.017202
# REG t=4640.00 tp n=6 rho=[0.264 0.762 0.845 0.958] gr=0.00013 fl=1.000 | ba n=25681 rho=[0.101 0.496 0.846 0.963] gr=0.00007 fl=0.930
t= 4644.00 -1.47e-15 | 1.6643 16.36  22133   12 591124 591392 | 1.4282 14.77 | 9.42e-03 2.53e-02 |   3.8939 0.5576  1.2390  1.4897 1.000 16.00 | edge_dev mean=0.2805 max=0.4844 gg=0.1617 shape_dev=0.3999 xbar=0.2588 | T0 psi=(+0.114,+99.000,-1.298) ggm=0.000 circ=+2.8244 xUDD=(0.159,0.185,0.647) | T1 psi=(+2.565,+2.878,+1.338) ggm=0.000 circ=+15.1250 xUDD=(0.086,0.132,0.344) | sep=2.7539
# CONVTAG t=4644.00 rough=0.302694 cond=50.822845 evap=55.489058 backs=7.277185
# CANT t=4644.00 a_tag=0.8333 a_max=1.0000 xl_tag=0.4656 nlock=5 tune=235.242169
# REG t=4644.00 tp n=6 rho=[0.523 0.846 0.860 0.940] gr=0.00019 fl=1.000 | ba n=25686 rho=[0.097 0.493 0.845 0.963] gr=0.00006 fl=0.930
t= 4648.00 -1.61e-15 | 1.6637 16.37  22152    8 591574 591860 | 1.4284 14.77 | 5.11e-03 1.85e-02 |   3.9859 0.5708  1.2942  1.4996 1.000 15.50 | edge_dev mean=0.2879 max=0.4763 gg=0.1662 shape_dev=0.3814 xbar=0.2647 | T0 psi=(+0.018,+99.000,+1.660) ggm=0.000 circ=+2.8114 xUDD=(0.165,0.183,0.649) | T1 psi=(+2.517,-0.830,-1.013) ggm=0.000 circ=+15.1248 xUDD=(0.114,0.127,0.352) | sep=2.7416
# CONVTAG t=4648.00 rough=0.302694 cond=50.822845 evap=55.489058 backs=7.277185
# CANT t=4648.00 a_tag=0.8333 a_max=1.0000 xl_tag=0.4656 nlock=5 tune=235.455775
# REG t=4648.00 tp n=6 rho=[0.517 0.581 0.634 0.968] gr=0.00013 fl=1.000 | ba n=25672 rho=[0.096 0.492 0.847 0.964] gr=0.00006 fl=0.931
t= 4652.00 -1.61e-15 | 1.6636 16.38  22165   14 592084 592374 | 1.4286 14.77 | 5.60e-03 1.51e-02 |   3.9676 0.5681  1.3523  1.4991 1.000 15.50 | edge_dev mean=0.2955 max=0.4592 gg=0.2032 shape_dev=0.3778 xbar=0.2634 | T0 psi=(+0.026,+99.000,-1.201) ggm=0.000 circ=+2.7703 xUDD=(0.165,0.161,0.653) | T1 psi=(+2.522,+1.475,+2.847) ggm=0.000 circ=+15.1194 xUDD=(0.125,0.118,0.358) | sep=2.7377
# CONVTAG t=4652.00 rough=0.302694 cond=50.822845 evap=55.489058 backs=7.277185
# CANT t=4652.00 a_tag=0.8333 a_max=1.0000 xl_tag=0.4656 nlock=5 tune=235.666385
# REG t=4652.00 tp n=6 rho=[0.585 0.669 0.836 0.965] gr=0.00009 fl=1.000 | ba n=25662 rho=[0.098 0.497 0.847 0.963] gr=0.00006 fl=0.930
t= 4656.00 -1.61e-15 | 1.6636 16.37  22155    6 592547 592863 | 1.4285 14.77 | 6.54e-03 1.54e-02 |   3.9306 0.5628  1.3697  1.4973 1.000 15.83 | edge_dev mean=0.3193 max=0.4763 gg=0.1666 shape_dev=0.3742 xbar=0.2612 | T0 psi=(-0.009,+99.000,+1.709) ggm=0.000 circ=+2.7946 xUDD=(0.159,0.149,0.654) | T1 psi=(+2.557,-2.783,+0.361) ggm=0.000 circ=+15.1311 xUDD=(0.130,0.119,0.355) | sep=2.7300
# CONVTAG t=4656.00 rough=0.302694 cond=50.822845 evap=55.489058 backs=7.277185
# CANT t=4656.00 a_tag=0.8333 a_max=1.0000 xl_tag=0.4656 nlock=5 tune=235.842615
# REG t=4656.00 tp n=6 rho=[0.346 0.428 0.548 0.975] gr=0.00008 fl=1.000 | ba n=25646 rho=[0.101 0.497 0.846 0.962] gr=0.00006 fl=0.931
t= 4660.00 -1.61e-15 | 1.6641 16.39  22177    7 592991 593280 | 1.4288 14.77 | 8.39e-03 2.17e-02 |   3.9844 0.5706  1.3515  1.4699 1.000 15.67 | edge_dev mean=0.3422 max=0.4947 gg=0.1661 shape_dev=0.3644 xbar=0.2645 | T0 psi=(-0.003,+99.000,+2.215) ggm=0.000 circ=+2.8057 xUDD=(0.159,0.145,0.664) | T1 psi=(-3.078,-1.132,-2.866) ggm=0.000 circ=+15.1289 xUDD=(0.105,0.161,0.353) | sep=2.7097
# CONVTAG t=4660.00 rough=0.302694 cond=50.822845 evap=55.489058 backs=7.277185
# CANT t=4660.00 a_tag=0.8333 a_max=1.0000 xl_tag=0.4656 nlock=5 tune=236.013228
# REG t=4660.00 tp n=6 rho=[0.423 0.668 0.706 0.975] gr=0.00005 fl=1.000 | ba n=25672 rho=[0.098 0.496 0.845 0.963] gr=0.00006 fl=0.931
t= 4664.00 -1.61e-15 | 1.6640 16.36  22141    9 593501 593767 | 1.4284 14.77 | 6.12e-03 1.82e-02 |   3.9859 0.5708  1.3766  1.4582 1.000 15.50 | edge_dev mean=0.3520 max=0.5058 gg=0.1511 shape_dev=0.3659 xbar=0.2649 | T0 psi=(-0.212,+99.000,-1.059) ggm=0.000 circ=+2.8138 xUDD=(0.151,0.134,0.669) | T1 psi=(+2.921,+1.177,+1.579) ggm=0.000 circ=+15.1263 xUDD=(0.114,0.170,0.352) | sep=2.7001
# CONVTAG t=4664.00 rough=0.302694 cond=50.822845 evap=55.489058 backs=7.277185
# CANT t=4664.00 a_tag=0.8333 a_max=1.0000 xl_tag=0.4656 nlock=5 tune=236.223143
# REG t=4664.00 tp n=6 rho=[0.674 0.941 0.969 0.975] gr=0.00063 fl=1.000 | ba n=25692 rho=[0.098 0.492 0.841 0.962] gr=0.00007 fl=0.930
t= 4668.00 -1.61e-15 | 1.6635 16.32  22083   13 593944 594200 | 1.4277 14.77 | 5.46e-03 1.55e-02 |   3.9809 0.5701  1.3814  1.4556 1.000 15.50 | edge_dev mean=0.3429 max=0.5024 gg=0.1428 shape_dev=0.3760 xbar=0.2644 | T0 psi=(-0.230,+99.000,+1.690) ggm=0.000 circ=+2.7846 xUDD=(0.143,0.135,0.659) | T1 psi=(+2.780,-2.566,-0.340) ggm=0.000 circ=+15.1380 xUDD=(0.118,0.185,0.347) | sep=2.7127
# CONVTAG t=4668.00 rough=0.302694 cond=50.822845 evap=55.489058 backs=7.277185
# CANT t=4668.00 a_tag=0.8333 a_max=1.0000 xl_tag=0.4656 nlock=5 tune=236.375458
# REG t=4668.00 tp n=6 rho=[0.316 0.561 0.624 0.975] gr=0.00082 fl=1.000 | ba n=25696 rho=[0.098 0.490 0.843 0.962] gr=0.00007 fl=0.930
t= 4672.00 -1.61e-15 | 1.6635 16.37  22142   17 594415 594677 | 1.4284 14.77 | 7.09e-03 2.30e-02 |   3.8336 0.5490  1.4063  1.4346 1.000 15.67 | edge_dev mean=0.3443 max=0.5055 gg=0.1605 shape_dev=0.3603 xbar=0.2548 | T0 psi=(-0.131,+99.000,-0.572) ggm=0.000 circ=+2.7733 xUDD=(0.124,0.112,0.657) | T1 psi=(+2.896,-1.157,-2.136) ggm=0.000 circ=+15.1374 xUDD=(0.103,0.186,0.346) | sep=2.7038
# CONVTAG t=4672.00 rough=0.302694 cond=50.822845 evap=55.489058 backs=7.277185
# CANT t=4672.00 a_tag=0.8333 a_max=1.0000 xl_tag=0.4656 nlock=5 tune=236.522951
# REG t=4672.00 tp n=6 rho=[0.316 0.576 0.595 0.975] gr=0.00057 fl=1.000 | ba n=25686 rho=[0.099 0.487 0.841 0.962] gr=0.00007 fl=0.930
t= 4676.00 -1.61e-15 | 1.6636 16.35  22125    3 594924 595222 | 1.4282 14.77 | 1.10e-02 2.60e-02 |   3.4480 0.4937  1.4835  1.4096 1.000 15.83 | edge_dev mean=0.3274 max=0.4871 gg=0.1507 shape_dev=0.3716 xbar=0.2293 | T0 psi=(-0.265,+99.000,+3.128) ggm=0.000 circ=+2.7449 xUDD=(0.098,0.062,0.624) | T1 psi=(+2.843,+0.309,+2.578) ggm=0.000 circ=+15.1256 xUDD=(0.083,0.163,0.344) | sep=2.7238
# CONVTAG t=4676.00 rough=0.302694 cond=51.087672 evap=55.954511 backs=7.337896
# CANT t=4676.00 a_tag=0.8333 a_max=1.0000 xl_tag=0.4656 nlock=5 tune=236.683562
# REG t=4676.00 tp n=6 rho=[0.317 0.578 0.774 0.975] gr=0.00040 fl=1.000 | ba n=25665 rho=[0.096 0.483 0.838 0.961] gr=0.00007 fl=0.931
t= 4680.00 -1.61e-15 | 1.6636 16.37  22142    5 595447 595724 | 1.4284 14.77 | 6.30e-03 2.17e-02 |   3.4174 0.4894  1.4096  1.4508 1.000 15.83 | edge_dev mean=0.3189 max=0.5016 gg=0.1174 shape_dev=0.3711 xbar=0.2272 | T0 psi=(-0.352,+1.897,-2.415) ggm=0.000 circ=+2.6880 xUDD=(0.107,0.089,0.616) | T1 psi=(+2.216,-2.875,+0.295) ggm=0.000 circ=+15.1354 xUDD=(0.084,0.127,0.340) | sep=2.7268
# CONVTAG t=4680.00 rough=0.302694 cond=51.087672 evap=55.954511 backs=7.337896
# CANT t=4680.00 a_tag=0.8333 a_max=1.0000 xl_tag=0.4656 nlock=5 tune=236.827157
# REG t=4680.00 tp n=7 rho=[0.000 0.558 0.807 0.975] gr=0.00027 fl=0.857 | ba n=25683 rho=[0.095 0.481 0.839 0.962] gr=0.00007 fl=0.931
t= 4684.00 -1.61e-15 | 1.6637 16.36  22137   11 595875 596195 | 1.4282 14.76 | 8.93e-03 2.26e-02 |   3.3924 0.4858  1.4115  1.4501 1.000 15.83 | edge_dev mean=0.3153 max=0.5059 gg=0.2437 shape_dev=0.3620 xbar=0.2252 | T0 psi=(-0.067,-1.500,+0.678) ggm=0.000 circ=+2.6977 xUDD=(0.087,0.095,0.618) | T1 psi=(+2.302,-0.598,-2.476) ggm=0.000 circ=+15.1355 xUDD=(0.076,0.139,0.337) | sep=2.7186
# CONVTAG t=4684.00 rough=0.302694 cond=51.353747 evap=56.422158 backs=7.398894
# CANT t=4684.00 a_tag=0.8333 a_max=1.0000 xl_tag=0.4656 nlock=5 tune=236.972490
# REG t=4684.00 tp n=7 rho=[0.000 0.492 0.803 0.975] gr=0.00021 fl=0.857 | ba n=25636 rho=[0.093 0.484 0.843 0.962] gr=0.00007 fl=0.932
t= 4688.00 -1.61e-15 | 1.6635 16.36  22140   12 596334 596665 | 1.4282 14.76 | 9.53e-03 2.43e-02 |   3.4341 0.4918  1.5797  1.5254 1.000 15.83 | edge_dev mean=0.2969 max=0.5004 gg=0.1870 shape_dev=0.3602 xbar=0.2283 | T0 psi=(-0.102,-2.579,+1.738) ggm=0.000 circ=+2.6782 xUDD=(0.086,0.096,0.570) | T1 psi=(+2.398,+2.644,+0.750) ggm=0.000 circ=+15.1329 xUDD=(0.084,0.099,0.434) | sep=2.7216
# CONVTAG t=4688.00 rough=0.302694 cond=51.569079 evap=56.725766 backs=7.438495
# CANT t=4688.00 a_tag=0.8333 a_max=1.0000 xl_tag=0.4656 nlock=5 tune=237.195549
# REG t=4688.00 tp n=7 rho=[0.002 0.512 0.974 0.975] gr=0.00014 fl=0.857 | ba n=25624 rho=[0.095 0.483 0.841 0.962] gr=0.00007 fl=0.932
t= 4692.00 -1.61e-15 | 1.6638 16.35  22122   11 596919 597205 | 1.4279 14.75 | 3.88e-03 1.44e-02 |   3.4141 0.4889  1.5968  1.5009 1.000 15.00 | edge_dev mean=0.2728 max=0.5105 gg=0.2307 shape_dev=0.3261 xbar=0.2299 | T0 psi=(-0.176,-0.754,+0.456) ggm=0.000 circ=+2.6596 xUDD=(0.076,0.081,0.603) | T1 psi=(+2.461,+0.270,-2.876) ggm=0.000 circ=+15.1381 xUDD=(0.097,0.089,0.432) | sep=2.7031
# CONVTAG t=4692.00 rough=0.302694 cond=51.569079 evap=56.725766 backs=7.438495
# CANT t=4692.00 a_tag=0.8333 a_max=1.0000 xl_tag=0.4656 nlock=5 tune=237.344339
# REG t=4692.00 tp n=7 rho=[0.002 0.466 0.712 0.975] gr=0.00011 fl=0.857 | ba n=25667 rho=[0.095 0.481 0.838 0.962] gr=0.00007 fl=0.930
t= 4696.00 -1.61e-15 | 1.6637 16.33  22100   16 597391 597676 | 1.4277 14.76 | 5.77e-03 1.50e-02 |   3.5225 0.5044  1.5994  1.4975 1.000 15.17 | edge_dev mean=0.2696 max=0.5169 gg=0.2406 shape_dev=0.3231 xbar=0.2343 | T0 psi=(-0.155,+1.554,-1.816) ggm=0.000 circ=+2.6466 xUDD=(0.097,0.081,0.608) | T1 psi=(+2.753,-2.549,-0.501) ggm=0.000 circ=+15.1366 xUDD=(0.123,0.068,0.430) | sep=2.6969
# CONVTAG t=4696.00 rough=0.302694 cond=51.569079 evap=56.725766 backs=7.438495
# CANT t=4696.00 a_tag=0.8333 a_max=1.0000 xl_tag=0.4656 nlock=5 tune=237.449704
# REG t=4696.00 tp n=7 rho=[0.001 0.472 0.792 0.975] gr=0.00007 fl=0.857 | ba n=25664 rho=[0.097 0.482 0.839 0.962] gr=0.00007 fl=0.930
t= 4700.00 -1.61e-15 | 1.6636 16.34  22102   15 597905 598180 | 1.4277 14.76 | 5.34e-03 1.36e-02 |   3.4724 0.4972  1.6733  1.4695 1.000 15.67 | edge_dev mean=0.2669 max=0.5298 gg=0.2684 shape_dev=0.3473 xbar=0.2307 | T0 psi=(-0.108,-2.323,+1.954) ggm=0.000 circ=+2.6392 xUDD=(0.071,0.062,0.609) | T1 psi=(+2.935,+0.848,+2.306) ggm=0.000 circ=+15.1412 xUDD=(0.136,0.078,0.427) | sep=2.7154
# CONVTAG t=4700.00 rough=0.302694 cond=51.569079 evap=56.725766 backs=7.438495
# CANT t=4700.00 a_tag=0.8333 a_max=1.0000 xl_tag=0.4656 nlock=5 tune=237.581476
# REG t=4700.00 tp n=7 rho=[0.001 0.488 0.689 0.975] gr=0.00005 fl=0.857 | ba n=25676 rho=[0.097 0.481 0.842 0.963] gr=0.00007 fl=0.930
t= 4704.00 -1.61e-15 | 1.6634 16.33  22089   18 598394 598687 | 1.4275 14.75 | 7.13e-03 1.91e-02 |   3.4346 0.4918  1.7005  1.4492 1.000 15.83 | edge_dev mean=0.2625 max=0.5392 gg=0.1360 shape_dev=0.3182 xbar=0.2281 | T0 psi=(-0.305,+2.823,-2.800) ggm=0.000 circ=+2.6255 xUDD=(0.061,0.057,0.601) | T1 psi=(+2.304,-0.209,-1.556) ggm=0.000 circ=+15.1421 xUDD=(0.137,0.088,0.425) | sep=2.6990
# CONVTAG t=4704.00 rough=0.302694 cond=51.569079 evap=56.725766 backs=7.438495
# CANT t=4704.00 a_tag=0.8333 a_max=1.0000 xl_tag=0.4656 nlock=5 tune=237.701627
# REG t=4704.00 tp n=7 rho=[0.002 0.614 0.676 0.975] gr=0.00004 fl=0.857 | ba n=25656 rho=[0.094 0.479 0.838 0.962] gr=0.00007 fl=0.930
t= 4708.00 -1.61e-15 | 1.6634 16.34  22107   12 598917 599246 | 1.4278 14.75 | 1.00e-02 2.55e-02 |   3.4948 0.5005  1.6406  1.4520 1.000 15.67 | edge_dev mean=0.2444 max=0.5309 gg=0.1532 shape_dev=0.2691 xbar=0.2324 | T0 psi=(-0.306,-0.958,+1.073) ggm=0.000 circ=+2.6070 xUDD=(0.080,0.071,0.606) | T1 psi=(+2.440,-2.108,+0.309) ggm=0.000 circ=+15.1410 xUDD=(0.121,0.090,0.425) | sep=2.6781
# CONVTAG t=4708.00 rough=0.302694 cond=51.569079 evap=56.725766 backs=7.438495
# CANT t=4708.00 a_tag=0.8333 a_max=1.0000 xl_tag=0.4656 nlock=5 tune=237.825227
# REG t=4708.00 tp n=7 rho=[0.388 0.836 0.975 0.980] gr=0.00004 fl=1.000 | ba n=25626 rho=[0.097 0.484 0.841 0.962] gr=0.00007 fl=0.931
t= 4712.00 -1.61e-15 | 1.6632 16.34  22107   14 599442 599722 | 1.4278 14.75 | 6.08e-03 1.93e-02 |   3.6507 0.5228  1.5602  1.4399 1.000 15.67 | edge_dev mean=0.2343 max=0.5292 gg=0.2702 shape_dev=0.2315 xbar=0.2427 | T0 psi=(-0.079,+0.631,-0.769) ggm=0.000 circ=+2.5958 xUDD=(0.076,0.083,0.688) | T1 psi=(+2.474,+2.148,+2.156) ggm=0.000 circ=+15.1443 xUDD=(0.112,0.074,0.423) | sep=2.6621
# CONVTAG t=4712.00 rough=0.302694 cond=51.743686 evap=56.725766 backs=7.438495
# CANT t=4712.00 a_tag=0.8333 a_max=1.0000 xl_tag=0.4656 nlock=5 tune=237.933569
# REG t=4712.00 tp n=7 rho=[0.395 0.509 0.657 0.741] gr=0.00003 fl=1.000 | ba n=25672 rho=[0.098 0.485 0.843 0.962] gr=0.00007 fl=0.929
t= 4716.00 -1.61e-15 | 1.6632 16.33  22101   10 599963 600255 | 1.4276 14.74 | 1.22e-02 2.98e-02 |   3.6481 0.5224  1.6011  1.4555 1.000 15.50 | edge_dev mean=0.2349 max=0.5147 gg=0.2608 shape_dev=0.2554 xbar=0.2426 | T0 psi=(-0.178,-2.996,+2.925) ggm=0.000 circ=+2.5922 xUDD=(0.095,0.087,0.630) | T1 psi=(+3.024,-0.821,-1.773) ggm=0.000 circ=+15.1402 xUDD=(0.132,0.087,0.424) | sep=2.6738
# CONVTAG t=4716.00 rough=0.302694 cond=51.743686 evap=56.725766 backs=7.438495
# CANT t=4716.00 a_tag=0.8333 a_max=1.0000 xl_tag=0.4656 nlock=5 tune=238.150134
# REG t=4716.00 tp n=7 rho=[0.128 0.509 0.706 0.944] gr=0.00002 fl=1.000 | ba n=25666 rho=[0.097 0.484 0.841 0.962] gr=0.00007 fl=0.930
t= 4720.00 -1.61e-15 | 1.6636 16.34  22108    9 600493 600782 | 1.4277 14.75 | 1.11e-02 2.54e-02 |   3.5171 0.5036  1.6045  1.4605 1.000 15.67 | edge_dev mean=0.2350 max=0.4903 gg=0.2268 shape_dev=0.2611 xbar=0.2340 | T0 psi=(-0.138,-0.469,+0.096) ggm=0.000 circ=+2.6034 xUDD=(0.083,0.087,0.616) | T1 psi=(+2.721,+2.299,+2.011) ggm=0.000 circ=+15.1500 xUDD=(0.123,0.079,0.416) | sep=2.6815
# CONVTAG t=4720.00 rough=0.302694 cond=51.743686 evap=56.725766 backs=7.438495
# CANT t=4720.00 a_tag=0.8333 a_max=1.0000 xl_tag=0.4656 nlock=5 tune=238.298570
# REG t=4720.00 tp n=7 rho=[0.364 0.561 0.670 0.899] gr=0.00005 fl=1.000 | ba n=25666 rho=[0.097 0.494 0.843 0.962] gr=0.00007 fl=0.931
t= 4724.00 -1.61e-15 | 1.6633 16.32  22082   17 600917 601225 | 1.4275 14.75 | 8.49e-03 2.11e-02 |   3.3224 0.4758  1.6593  1.4580 1.000 16.00 | edge_dev mean=0.2245 max=0.5009 gg=0.2440 shape_dev=0.2498 xbar=0.2213 | T0 psi=(-0.042,+2.341,-2.776) ggm=0.000 circ=+2.5954 xUDD=(0.064,0.067,0.599) | T1 psi=(+2.890,-1.378,-1.133) ggm=0.000 circ=+15.1500 xUDD=(0.123,0.061,0.414) | sep=2.6883
# CONVTAG t=4724.00 rough=0.302694 cond=51.743686 evap=56.725766 backs=7.438495
# CANT t=4724.00 a_tag=0.8333 a_max=1.0000 xl_tag=0.4656 nlock=5 tune=238.409328
# REG t=4724.00 tp n=7 rho=[0.396 0.621 0.970 0.989] gr=0.00004 fl=1.000 | ba n=25642 rho=[0.100 0.496 0.845 0.962] gr=0.00007 fl=0.931
t= 4728.00 -1.61e-15 | 1.6636 16.32  22086   10 601407 601712 | 1.4274 14.74 | 5.14e-03 1.42e-02 |   3.2656 0.4676  1.6718  1.4555 1.000 16.00 | edge_dev mean=0.2223 max=0.4892 gg=0.3164 shape_dev=0.2209 xbar=0.2173 | T0 psi=(-0.157,-1.412,+1.112) ggm=0.000 circ=+2.5860 xUDD=(0.065,0.062,0.595) | T1 psi=(+3.089,+1.615,+1.648) ggm=0.000 circ=+15.1475 xUDD=(0.114,0.051,0.417) | sep=2.6748
# CONVTAG t=4728.00 rough=0.302694 cond=51.743686 evap=56.725766 backs=7.438495
# CANT t=4728.00 a_tag=0.8333 a_max=1.0000 xl_tag=0.4656 nlock=5 tune=238.513372
# REG t=4728.00 tp n=7 rho=[0.400 0.591 0.900 0.900] gr=0.00008 fl=1.000 | ba n=25653 rho=[0.098 0.501 0.846 0.961] gr=0.00007 fl=0.932
t= 4732.00 -1.61e-15 | 1.6631 16.34  22105    6 601893 602187 | 1.4275 14.73 | 8.97e-03 2.24e-02 |   3.1916 0.4570  1.6544  1.4425 1.000 15.83 | edge_dev mean=0.2183 max=0.5045 gg=0.2413 shape_dev=0.1651 xbar=0.2125 | T0 psi=(-0.217,+1.357,-1.391) ggm=0.000 circ=+2.5746 xUDD=(0.066,0.065,0.592) | T1 psi=(+2.986,-1.816,-1.216) ggm=0.000 circ=+15.1523 xUDD=(0.094,0.051,0.407) | sep=2.6321
# CONVTAG t=4732.00 rough=0.302694 cond=51.743686 evap=56.725766 backs=7.438495
# CANT t=4732.00 a_tag=0.8333 a_max=1.0000 xl_tag=0.4656 nlock=5 tune=238.633213
# REG t=4732.00 tp n=7 rho=[0.556 0.611 0.847 0.854] gr=0.00012 fl=1.000 | ba n=25667 rho=[0.097 0.496 0.845 0.964] gr=0.00007 fl=0.932
t= 4736.00 -1.61e-15 | 1.6636 16.34  22111   11 602339 602649 | 1.4276 14.73 | 6.19e-03 1.91e-02 |   3.2293 0.4624  1.6360  1.4349 1.000 16.00 | edge_dev mean=0.2185 max=0.5111 gg=0.2449 shape_dev=0.1820 xbar=0.2149 | T0 psi=(-0.120,-2.193,+2.119) ggm=0.000 circ=+2.5555 xUDD=(0.078,0.062,0.604) | T1 psi=(+2.970,+0.995,+2.239) ggm=0.000 circ=+15.1523 xUDD=(0.084,0.054,0.407) | sep=2.6193
# CONVTAG t=4736.00 rough=0.302694 cond=51.743686 evap=56.725766 backs=7.438495
# CANT t=4736.00 a_tag=0.8333 a_max=1.0000 xl_tag=0.4656 nlock=5 tune=238.734530
# REG t=4736.00 tp n=7 rho=[0.484 0.611 0.817 0.870] gr=0.00008 fl=1.000 | ba n=25647 rho=[0.096 0.490 0.845 0.963] gr=0.00007 fl=0.932
t= 4740.00 -1.61e-15 | 1.6636 16.36  22129   12 602800 603099 | 1.4279 14.74 | 6.51e-03 1.72e-02 |   3.4284 0.4909  1.7348  1.4640 1.000 15.67 | edge_dev mean=0.2195 max=0.5098 gg=0.2260 shape_dev=0.1743 xbar=0.2282 | T0 psi=(-0.160,+0.417,-0.414) ggm=0.000 circ=+2.5593 xUDD=(0.074,0.066,0.608) | T1 psi=(+3.007,-1.636,-1.059) ggm=0.000 circ=+15.1516 xUDD=(0.070,0.052,0.499) | sep=2.6288
# CONVTAG t=4740.00 rough=0.302694 cond=51.946676 evap=56.725766 backs=7.438495
# CANT t=4740.00 a_tag=0.8333 a_max=1.0000 xl_tag=0.4656 nlock=5 tune=238.804677
# REG t=4740.00 tp n=7 rho=[0.319 0.675 0.821 0.907] gr=0.00008 fl=1.000 | ba n=25657 rho=[0.095 0.487 0.842 0.961] gr=0.00007 fl=0.931
t= 4744.00 -1.61e-15 | 1.6639 16.35  22126   11 603317 603592 | 1.4279 14.74 | 4.12e-03 1.64e-02 |   3.3863 0.4849  1.6995  1.4763 1.000 15.83 | edge_dev mean=0.2127 max=0.5117 gg=0.2202 shape_dev=0.1673 xbar=0.2254 | T0 psi=(-0.177,+2.926,-2.857) ggm=0.000 circ=+2.5407 xUDD=(0.081,0.071,0.604) | T1 psi=(+2.994,+2.999,+0.303) ggm=0.000 circ=+15.1579 xUDD=(0.055,0.044,0.497) | sep=2.6355
# CONVTAG t=4744.00 rough=0.302694 cond=51.946676 evap=56.725766 backs=7.438495
# CANT t=4744.00 a_tag=0.8333 a_max=1.0000 xl_tag=0.4656 nlock=5 tune=238.894088
# REG t=4744.00 tp n=7 rho=[0.242 0.684 0.784 0.844] gr=0.00006 fl=1.000 | ba n=25681 rho=[0.093 0.485 0.844 0.963] gr=0.00007 fl=0.931
t= 4748.00 -1.61e-15 | 1.6636 16.34  22106   19 603863 604112 | 1.4277 14.74 | 4.27e-03 1.68e-02 |   3.0210 0.4326  1.4940  1.4241 1.000 15.83 | edge_dev mean=0.2056 max=0.5250 gg=0.3499 shape_dev=0.1706 xbar=0.2009 | T0 psi=(-0.071,-1.094,+0.925) ggm=0.000 circ=+2.5217 xUDD=(0.077,0.073,0.603) | T1 psi=(+2.845,+0.412,+2.191) ggm=0.000 circ=+15.1584 xUDD=(0.042,0.050,0.360) | sep=2.6450
# CONVTAG t=4748.00 rough=0.302694 cond=51.946676 evap=57.059218 backs=7.481988
# CANT t=4748.00 a_tag=0.8333 a_max=1.0000 xl_tag=0.4656 nlock=5 tune=238.951996
# REG t=4748.00 tp n=7 rho=[0.126 0.627 0.756 0.832] gr=0.00011 fl=1.000 | ba n=25700 rho=[0.093 0.482 0.843 0.962] gr=0.00007 fl=0.929
t= 4752.00 -1.61e-15 | 1.6642 16.37  22142    9 604361 604616 | 1.4283 14.76 | 6.70e-03 2.57e-02 |   3.0874 0.4421  1.4844  1.4158 1.000 15.83 | edge_dev mean=0.2108 max=0.5410 gg=0.2720 shape_dev=0.1656 xbar=0.2056 | T0 psi=(-0.068,+1.449,-1.450) ggm=0.000 circ=+2.5159 xUDD=(0.079,0.080,0.603) | T1 psi=(+2.744,+2.621,+0.366) ggm=0.000 circ=+15.1619 xUDD=(0.049,0.066,0.357) | sep=2.6346
# CONVTAG t=4752.00 rough=0.302694 cond=51.946676 evap=57.059218 backs=7.481988
# CANT t=4752.00 a_tag=0.8333 a_max=1.0000 xl_tag=0.4656 nlock=5 tune=239.007683
# REG t=4752.00 tp n=7 rho=[0.149 0.590 0.712 0.812] gr=0.00011 fl=1.000 | ba n=25704 rho=[0.093 0.483 0.843 0.963] gr=0.00007 fl=0.929
t= 4756.00 -1.61e-15 | 1.6640 16.35  22121   12 604812 605079 | 1.4281 14.76 | 5.24e-03 1.40e-02 |   3.0893 0.4424  1.4880  1.4396 1.000 16.00 | edge_dev mean=0.2107 max=0.5567 gg=0.1596 shape_dev=0.1738 xbar=0.2056 | T0 psi=(-0.128,-1.309,+1.492) ggm=0.000 circ=+2.5291 xUDD=(0.076,0.098,0.565) | T1 psi=(+2.839,-1.025,-2.387) ggm=0.000 circ=+15.1620 xUDD=(0.044,0.091,0.360) | sep=2.6412
# CONVTAG t=4756.00 rough=0.302694 cond=52.121936 evap=57.367249 backs=7.522166
# CANT t=4756.00 a_tag=0.8333 a_max=1.0000 xl_tag=0.4656 nlock=5 tune=239.121063
# REG t=4756.00 tp n=7 rho=[0.107 0.631 0.709 0.780] gr=0.00010 fl=1.000 | ba n=25687 rho=[0.095 0.487 0.841 0.962] gr=0.00007 fl=0.930
t= 4760.00 -1.61e-15 | 1.6636 16.34  22102   19 605244 605531 | 1.4279 14.76 | 6.29e-03 2.02e-02 |   2.9127 0.4171  1.4923  1.4417 1.000 16.33 | edge_dev mean=0.2082 max=0.5634 gg=0.2272 shape_dev=0.1812 xbar=0.1939 | T0 psi=(-0.409,-2.436,+3.077) ggm=0.000 circ=+2.5151 xUDD=(0.065,0.081,0.584) | T1 psi=(+2.783,+1.351,+1.009) ggm=0.000 circ=+15.1602 xUDD=(0.035,0.043,0.355) | sep=2.6467
# CONVTAG t=4760.00 rough=0.302694 cond=52.121936 evap=57.367249 backs=7.522166
# CANT t=4760.00 a_tag=0.8333 a_max=1.0000 xl_tag=0.4656 nlock=5 tune=239.298169
# REG t=4760.00 tp n=7 rho=[0.007 0.573 0.608 0.828] gr=0.00007 fl=1.000 | ba n=25661 rho=[0.095 0.488 0.840 0.962] gr=0.00007 fl=0.931
t= 4764.00 -1.61e-15 | 1.6635 16.34  22109   13 605680 606010 | 1.4278 14.75 | 4.51e-03 1.65e-02 |   2.6476 0.3791  1.5773  1.4194 1.000 16.33 | edge_dev mean=0.2006 max=0.5572 gg=0.1541 shape_dev=0.1610 xbar=0.1763 | T0 psi=(-0.252,-1.033,+0.999) ggm=0.000 circ=+2.4854 xUDD=(0.048,0.041,0.578) | T1 psi=(+2.546,-2.348,-1.720) ggm=0.000 circ=+15.1619 xUDD=(0.022,0.015,0.354) | sep=2.6408
# CONVTAG t=4764.00 rough=0.302694 cond=52.121936 evap=57.367249 backs=7.522166
# CANT t=4764.00 a_tag=0.8333 a_max=1.0000 xl_tag=0.4656 nlock=5 tune=239.384314
# REG t=4764.00 tp n=7 rho=[0.003 0.573 0.661 0.764] gr=0.00005 fl=1.000 | ba n=25625 rho=[0.098 0.488 0.845 0.964] gr=0.00007 fl=0.932
t= 4768.00 -1.61e-15 | 1.6644 16.36  22130    7 606150 606491 | 1.4280 14.74 | 7.25e-03 2.03e-02 |   2.5615 0.3668  1.6458  1.3929 1.000 16.33 | edge_dev mean=0.1947 max=0.5502 gg=0.0088 shape_dev=0.1512 xbar=0.1707 | T0 psi=(-1.060,+2.315,-1.332) ggm=0.000 circ=+2.4567 xUDD=(0.042,0.016,0.575) | T1 psi=(+2.608,+0.319,+1.764) ggm=0.000 circ=+15.1619 xUDD=(0.020,0.019,0.353) | sep=2.6381
# CONVTAG t=4768.00 rough=0.302694 cond=52.121936 evap=57.367249 backs=7.522166
# CANT t=4768.00 a_tag=0.8333 a_max=1.0000 xl_tag=0.4656 nlock=5 tune=239.472176
# REG t=4768.00 tp n=7 rho=[0.002 0.674 0.687 0.764] gr=0.00004 fl=1.000 | ba n=25620 rho=[0.096 0.483 0.840 0.963] gr=0.00007 fl=0.933
t= 4772.00 -1.61e-15 | 1.6645 16.37  22149   11 606622 606920 | 1.4283 14.75 | 6.68e-03 1.77e-02 |   2.5589 0.3664  1.6502  1.3779 1.000 16.50 | edge_dev mean=0.1916 max=0.5585 gg=0.1749 shape_dev=0.1482 xbar=0.1705 | T0 psi=(-1.385,-1.131,+2.497) ggm=0.000 circ=+2.4263 xUDD=(0.035,0.015,0.581) | T1 psi=(+2.467,+2.662,-0.287) ggm=0.000 circ=+15.1609 xUDD=(0.028,0.020,0.345) | sep=2.6313
# CONVTAG t=4772.00 rough=0.302694 cond=52.121936 evap=57.367249 backs=7.522166
# CANT t=4772.00 a_tag=0.8333 a_max=1.0000 xl_tag=0.4656 nlock=5 tune=239.575381
# REG t=4772.00 tp n=7 rho=[0.001 0.573 0.702 0.789] gr=0.00004 fl=1.000 | ba n=25659 rho=[0.091 0.484 0.840 0.962] gr=0.00007 fl=0.931
t= 4776.00 -1.61e-15 | 1.6638 16.38  22157   12 607087 607413 | 1.4284 14.76 | 8.35e-03 1.73e-02 |   2.4566 0.3518  1.7068  1.3697 1.000 16.50 | edge_dev mean=0.1864 max=0.5513 gg=0.0004 shape_dev=0.1613 xbar=0.1637 | T0 psi=(-1.540,+1.287,-0.024) ggm=0.000 circ=+2.4046 xUDD=(0.020,0.009,0.574) | T1 psi=(+2.294,-0.878,-2.672) ggm=0.000 circ=+15.1619 xUDD=(0.031,0.004,0.344) | sep=2.6248
# CONVTAG t=4776.00 rough=0.302694 cond=52.121936 evap=57.367249 backs=7.522166
# CANT t=4776.00 a_tag=0.8333 a_max=1.0000 xl_tag=0.4656 nlock=5 tune=239.691043
# REG t=4776.00 tp n=7 rho=[0.001 0.573 0.704 0.723] gr=0.00005 fl=1.000 | ba n=25630 rho=[0.093 0.482 0.839 0.962] gr=0.00007 fl=0.932
t= 4780.00 -1.61e-15 | 1.6640 16.36  22137   12 607509 607866 | 1.4282 14.75 | 3.93e-03 1.48e-02 |   2.4697 0.3537  1.7523  1.3541 1.000 16.83 | edge_dev mean=0.1829 max=0.5458 gg=0.0002 shape_dev=0.1714 xbar=0.1646 | T0 psi=(-1.662,-2.792,-2.241) ggm=0.000 circ=+2.3894 xUDD=(0.014,0.006,0.574) | T1 psi=(+2.337,+2.138,+0.637) ggm=0.000 circ=+15.1619 xUDD=(0.043,0.007,0.343) | sep=2.6164
# CONVTAG t=4780.00 rough=0.302694 cond=52.121936 evap=57.367249 backs=7.522166
# CANT t=4780.00 a_tag=0.8333 a_max=1.0000 xl_tag=0.4656 nlock=5 tune=239.801488
# REG t=4780.00 tp n=7 rho=[0.002 0.575 0.704 0.723] gr=0.00007 fl=1.000 | ba n=25598 rho=[0.096 0.480 0.841 0.962] gr=0.00007 fl=0.933
t= 4784.00 -1.47e-15 | 1.6640 16.36  22141   13 607996 608324 | 1.4281 14.75 | 7.69e-03 2.47e-02 |   2.4419 0.3497  1.7285  1.3577 1.000 16.67 | edge_dev mean=0.1868 max=0.5371 gg=0.0675 shape_dev=0.1664 xbar=0.1627 | T0 psi=(-0.987,-2.766,+2.803) ggm=0.000 circ=+2.3676 xUDD=(0.016,0.009,0.573) | T1 psi=(+2.647,-2.092,-2.199) ggm=0.000 circ=+15.1611 xUDD=(0.030,0.009,0.339) | sep=2.6187
# CONVTAG t=4784.00 rough=0.302694 cond=52.121936 evap=57.367249 backs=7.522166
# CANT t=4784.00 a_tag=0.8333 a_max=1.0000 xl_tag=0.4656 nlock=5 tune=239.896747
# REG t=4784.00 tp n=7 rho=[0.370 0.572 0.704 0.799] gr=0.00009 fl=1.000 | ba n=25625 rho=[0.096 0.490 0.844 0.961] gr=0.00007 fl=0.931
t= 4788.00 -1.61e-15 | 1.6641 16.34  22110    8 608486 608829 | 1.4276 14.74 | 8.99e-03 2.30e-02 |   2.3834 0.3413  1.7070  1.3494 1.000 16.50 | edge_dev mean=0.1880 max=0.5490 gg=0.0016 shape_dev=0.1717 xbar=0.1588 | T0 psi=(-1.414,+0.996,-0.170) ggm=0.000 circ=+2.3415 xUDD=(0.016,0.006,0.573) | T1 psi=(+2.464,-0.040,+2.241) ggm=0.000 circ=+15.1616 xUDD=(0.020,0.007,0.332) | sep=2.6119
# CONVTAG t=4788.00 rough=0.302694 cond=52.121936 evap=57.367249 backs=7.522166
# CANT t=4788.00 a_tag=0.8333 a_max=1.0000 xl_tag=0.4656 nlock=5 tune=239.974047
# REG t=4788.00 tp n=7 rho=[0.402 0.693 0.722 0.753] gr=0.00017 fl=1.000 | ba n=25615 rho=[0.097 0.493 0.843 0.962] gr=0.00007 fl=0.932
t= 4792.00 -1.47e-15 | 1.6644 16.35  22118   14 609004 609301 | 1.4278 14.74 | 6.32e-03 1.50e-02 |   2.3354 0.3344  1.6971  1.3455 1.000 16.83 | edge_dev mean=0.1885 max=0.5561 gg=0.0015 shape_dev=0.2011 xbar=0.1556 | T0 psi=(-1.605,-2.834,-2.232) ggm=0.000 circ=+2.3285 xUDD=(0.011,0.008,0.567) | T1 psi=(+2.410,+2.721,-0.472) ggm=0.000 circ=+15.1615 xUDD=(0.013,0.007,0.328) | sep=2.5910
# CONVTAG t=4792.00 rough=0.302694 cond=52.121936 evap=57.367249 backs=7.522166
# CANT t=4792.00 a_tag=0.8333 a_max=1.0000 xl_tag=0.4656 nlock=5 tune=240.026839
# REG t=4792.00 tp n=7 rho=[0.133 0.572 0.661 0.753] gr=0.00012 fl=1.000 | ba n=25655 rho=[0.095 0.489 0.839 0.961] gr=0.00007 fl=0.931
t= 4796.00 -1.47e-15 | 1.6643 16.34  22112   12 609461 609755 | 1.4276 14.73 | 6.73e-03 1.71e-02 |   2.3061 0.3302  1.6832  1.3508 1.000 16.83 | edge_dev mean=0.1937 max=0.5597 gg=0.0017 shape_dev=0.1911 xbar=0.1537 | T0 psi=(-1.466,-1.556,+2.546) ggm=0.000 circ=+2.3162 xUDD=(0.009,0.009,0.563) | T1 psi=(+2.280,-0.481,+3.013) ggm=0.000 circ=+15.1618 xUDD=(0.008,0.008,0.325) | sep=2.6009
# CONVTAG t=4796.00 rough=0.302694 cond=52.121936 evap=57.367249 backs=7.522166
# CANT t=4796.00 a_tag=0.8333 a_max=1.0000 xl_tag=0.4656 nlock=5 tune=240.044452
# REG t=4796.00 tp n=7 rho=[0.067 0.572 0.588 0.622] gr=0.00016 fl=1.000 | ba n=25660 rho=[0.095 0.486 0.844 0.961] gr=0.00007 fl=0.931
t= 4800.00 -1.47e-15 | 1.6638 16.34  22103   12 609983 610281 | 1.4275 14.73 | 7.86e-03 2.11e-02 |   2.3091 0.3307  1.6797  1.3527 1.000 16.83 | edge_dev mean=0.1970 max=0.5747 gg=0.0008 shape_dev=0.1864 xbar=0.1539 | T0 psi=(-1.522,+0.390,+0.909) ggm=0.000 circ=+2.3023 xUDD=(0.012,0.005,0.563) | T1 psi=(+2.414,+2.096,+0.328) ggm=0.000 circ=+15.1619 xUDD=(0.006,0.011,0.326) | sep=2.6091
# CONVTAG t=4800.00 rough=0.302694 cond=52.121936 evap=57.367249 backs=7.522166
# CANT t=4800.00 a_tag=0.8333 a_max=1.0000 xl_tag=0.4656 nlock=5 tune=240.075381
# REG t=4800.00 tp n=7 rho=[0.032 0.495 0.572 0.755] gr=0.00013 fl=1.000 | ba n=25656 rho=[0.091 0.483 0.838 0.961] gr=0.00007 fl=0.930
t= 4804.00 -1.47e-15 | 1.6635 16.36  22130   13 610476 610780 | 1.4278 14.73 | 4.26e-03 1.48e-02 |   2.2612 0.3238  1.7099  1.3466 1.000 16.83 | edge_dev mean=0.1960 max=0.5797 gg=0.0822 shape_dev=0.1837 xbar=0.1507 | T0 psi=(-1.719,+2.863,-1.310) ggm=0.000 circ=+2.2954 xUDD=(0.004,0.004,0.550) | T1 psi=(+2.613,-1.833,-2.121) ggm=0.000 circ=+15.1613 xUDD=(0.009,0.012,0.327) | sep=2.6182
# CONVTAG t=4804.00 rough=0.302694 cond=52.121936 evap=57.367249 backs=7.522166
# CANT t=4804.00 a_tag=0.8333 a_max=1.0000 xl_tag=0.4656 nlock=5 tune=240.144499
# REG t=4804.00 tp n=7 rho=[0.020 0.428 0.572 0.818] gr=0.00009 fl=1.000 | ba n=25649 rho=[0.090 0.474 0.835 0.962] gr=0.00007 fl=0.931
t= 4808.00 -1.47e-15 | 1.6637 16.32  22087    7 610954 611264 | 1.4272 14.73 | 9.96e-03 2.80e-02 |   2.4384 0.3492  1.7059  1.3076 1.000 17.00 | edge_dev mean=0.1895 max=0.5757 gg=0.0036 shape_dev=0.1825 xbar=0.1625 | T0 psi=(-1.744,-1.092,+2.683) ggm=0.000 circ=+2.2958 xUDD=(0.008,0.002,0.565) | T1 psi=(+2.830,+0.091,+2.323) ggm=0.000 circ=+15.1626 xUDD=(0.017,0.062,0.321) | sep=2.6184
# CONVTAG t=4808.00 rough=0.302694 cond=52.121936 evap=57.367249 backs=7.522166
# CANT t=4808.00 a_tag=0.8333 a_max=1.0000 xl_tag=0.4656 nlock=5 tune=240.232791
# REG t=4808.00 tp n=7 rho=[0.013 0.407 0.572 0.747] gr=0.00028 fl=1.000 | ba n=25650 rho=[0.090 0.474 0.841 0.962] gr=0.00007 fl=0.931
t= 4812.00 -1.61e-15 | 1.6639 16.34  22105   14 611433 611738 | 1.4275 14.73 | 8.20e-03 2.30e-02 |   2.4563 0.3517  1.6702  1.3329 1.000 16.50 | edge_dev mean=0.1838 max=0.5676 gg=0.0012 shape_dev=0.1882 xbar=0.1651 | T0 psi=(-1.818,+0.817,+0.971) ggm=0.000 circ=+2.2966 xUDD=(0.027,0.004,0.588) | T1 psi=(+2.520,+2.468,+0.222) ggm=0.000 circ=+15.1629 xUDD=(0.029,0.021,0.322) | sep=2.6098
# CONVTAG t=4812.00 rough=0.302694 cond=52.121936 evap=57.367249 backs=7.522166
# CANT t=4812.00 a_tag=0.8333 a_max=1.0000 xl_tag=0.4656 nlock=5 tune=240.352777
# REG t=4812.00 tp n=7 rho=[0.008 0.371 0.572 0.731] gr=0.00023 fl=1.000 | ba n=25648 rho=[0.093 0.479 0.839 0.963] gr=0.00007 fl=0.931
t= 4816.00 -1.61e-15 | 1.6641 16.35  22117   10 611935 612255 | 1.4278 14.74 | 1.49e-02 3.72e-02 |   2.3578 0.3376  1.6940  1.3370 1.000 16.50 | edge_dev mean=0.1795 max=0.5567 gg=0.0994 shape_dev=0.1957 xbar=0.1571 | T0 psi=(-1.746,+2.394,-0.858) ggm=0.000 circ=+2.2978 xUDD=(0.015,0.003,0.569) | T1 psi=(+2.471,-1.341,-2.286) ggm=0.000 circ=+15.1622 xUDD=(0.023,0.006,0.327) | sep=2.6060
# CONVTAG t=4816.00 rough=0.302694 cond=52.121936 evap=57.367249 backs=7.522166
# CANT t=4816.00 a_tag=0.8333 a_max=1.0000 xl_tag=0.4656 nlock=5 tune=240.461278
# REG t=4816.00 tp n=7 rho=[0.004 0.315 0.572 0.850] gr=0.00017 fl=1.000 | ba n=25638 rho=[0.093 0.481 0.838 0.962] gr=0.00007 fl=0.930
t= 4820.00 -1.61e-15 | 1.6636 16.36  22131   12 612426 612735 | 1.4279 14.74 | 6.97e-03 1.99e-02 |   2.3206 0.3323  1.6873  1.3311 1.000 16.50 | edge_dev mean=0.1758 max=0.5575 gg=0.0014 shape_dev=0.2079 xbar=0.1547 | T0 psi=(-1.459,-2.532,-2.743) ggm=0.000 circ=+2.2968 xUDD=(0.012,0.002,0.563) | T1 psi=(+2.511,+0.776,+1.585) ggm=0.000 circ=+15.1637 xUDD=(0.025,0.008,0.317) | sep=2.5976
# CONVTAG t=4820.00 rough=0.302694 cond=52.121936 evap=57.367249 backs=7.522166
# CANT t=4820.00 a_tag=0.8333 a_max=1.0000 xl_tag=0.4656 nlock=5 tune=240.512860
# REG t=4820.00 tp n=7 rho=[0.003 0.261 0.571 0.737] gr=0.00025 fl=1.000 | ba n=25646 rho=[0.094 0.487 0.841 0.963] gr=0.00007 fl=0.929
t= 4824.00 -1.61e-15 | 1.6635 16.34  22102   10 612892 613208 | 1.4276 14.74 | 4.82e-03 1.66e-02 |   2.4168 0.3461  1.7044  1.3346 1.000 16.83 | edge_dev mean=0.1741 max=0.5400 gg=0.0018 shape_dev=0.2059 xbar=0.1629 | T0 psi=(-1.417,-0.701,+1.575) ggm=0.000 circ=+2.2911 xUDD=(0.028,0.002,0.564) | T1 psi=(+2.643,+2.675,-0.410) ggm=0.000 circ=+15.1637 xUDD=(0.047,0.018,0.318) | sep=2.6006
# CONVTAG t=4824.00 rough=0.302694 cond=52.121936 evap=57.367249 backs=7.522166
# CANT t=4824.00 a_tag=0.8333 a_max=1.0000 xl_tag=0.4656 nlock=5 tune=240.577914
# REG t=4824.00 tp n=7 rho=[0.002 0.186 0.571 0.732] gr=0.00018 fl=1.000 | ba n=25642 rho=[0.094 0.484 0.841 0.962] gr=0.00007 fl=0.930
t= 4828.00 -1.61e-15 | 1.6637 16.34  22103    9 613422 613699 | 1.4276 14.74 | 4.74e-03 1.31e-02 |   2.3537 0.3370  1.6887  1.3190 1.000 16.83 | edge_dev mean=0.1754 max=0.5337 gg=0.0907 shape_dev=0.2024 xbar=0.1568 | T0 psi=(-1.173,+1.208,-0.751) ggm=0.000 circ=+2.2829 xUDD=(0.013,0.002,0.554) | T1 psi=(+2.632,-1.864,-2.221) ggm=0.000 circ=+15.1625 xUDD=(0.036,0.023,0.313) | sep=2.6070
# CONVTAG t=4828.00 rough=0.302694 cond=52.121936 evap=57.367249 backs=7.522166
# CANT t=4828.00 a_tag=0.8333 a_max=1.0000 xl_tag=0.4656 nlock=5 tune=240.685302
# REG t=4828.00 tp n=7 rho=[0.001 0.155 0.569 0.940] gr=0.00013 fl=1.000 | ba n=25681 rho=[0.091 0.481 0.842 0.962] gr=0.00007 fl=0.929
t= 4832.00 -1.61e-15 | 1.6636 16.33  22094   16 613896 614171 | 1.4275 14.74 | 5.76e-03 1.71e-02 |   2.2394 0.3207  1.6589  1.3113 1.000 16.67 | edge_dev mean=0.1796 max=0.5312 gg=0.0127 shape_dev=0.2018 xbar=0.1493 | T0 psi=(-1.111,-2.977,-3.014) ggm=0.000 circ=+2.2764 xUDD=(0.005,0.001,0.555) | T1 psi=(+2.557,-0.555,+2.532) ggm=0.000 circ=+15.1636 xUDD=(0.018,0.011,0.304) | sep=2.6075
# CONVTAG t=4832.00 rough=0.302694 cond=52.121936 evap=57.367249 backs=7.522166
# CANT t=4832.00 a_tag=0.8333 a_max=1.0000 xl_tag=0.4656 nlock=5 tune=240.778669
# REG t=4832.00 tp n=7 rho=[0.001 0.197 0.564 0.714] gr=0.00037 fl=1.000 | ba n=25676 rho=[0.094 0.484 0.841 0.964] gr=0.00007 fl=0.929
t= 4836.00 -1.61e-15 | 1.6636 16.35  22119    4 614398 614669 | 1.4279 14.75 | 6.72e-03 2.56e-02 |   2.2711 0.3252  1.6190  1.3067 1.000 16.50 | edge_dev mean=0.1889 max=0.5600 gg=0.0164 shape_dev=0.1875 xbar=0.1514 | T0 psi=(-1.040,-0.862,+1.049) ggm=0.000 circ=+2.2731 xUDD=(0.007,0.001,0.576) | T1 psi=(+2.543,+1.006,+0.795) ggm=0.000 circ=+15.1638 xUDD=(0.011,0.010,0.303) | sep=2.6120
# CONVTAG t=4836.00 rough=0.302694 cond=52.121936 evap=57.367249 backs=7.522166
# CANT t=4836.00 a_tag=0.8333 a_max=1.0000 xl_tag=0.4656 nlock=5 tune=240.814045
# REG t=4836.00 tp n=7 rho=[0.001 0.241 0.560 0.769] gr=0.00030 fl=1.000 | ba n=25691 rho=[0.097 0.486 0.843 0.963] gr=0.00007 fl=0.929
t= 4840.00 -1.61e-15 | 1.6640 16.34  22106    7 614896 615192 | 1.4277 14.74 | 9.24e-03 2.18e-02 |   2.2437 0.3213  1.6128  1.3034 1.000 16.67 | edge_dev mean=0.1999 max=0.5754 gg=0.0403 shape_dev=0.1898 xbar=0.1496 | T0 psi=(-0.900,+0.634,-0.763) ggm=0.000 circ=+2.2685 xUDD=(0.010,0.002,0.569) | T1 psi=(+2.529,+2.768,-0.994) ggm=0.000 circ=+15.1637 xUDD=(0.003,0.011,0.303) | sep=2.6074
# CONVTAG t=4840.00 rough=0.302694 cond=52.121936 evap=57.367249 backs=7.522166
# CANT t=4840.00 a_tag=0.8333 a_max=1.0000 xl_tag=0.4656 nlock=5 tune=240.862914
# REG t=4840.00 tp n=7 rho=[0.001 0.348 0.559 0.778] gr=0.00020 fl=1.000 | ba n=25665 rho=[0.099 0.488 0.845 0.962] gr=0.00006 fl=0.930
t= 4844.00 -1.61e-15 | 1.6640 16.36  22141    9 615427 615688 | 1.4281 14.75 | 7.32e-03 2.15e-02 |   1.9263 0.2758  1.7369  1.3374 1.000 16.50 | edge_dev mean=0.2123 max=0.5991 gg=0.0255 shape_dev=0.1846 xbar=0.1284 | T0 psi=(-0.912,+1.975,-2.578) ggm=0.000 circ=+2.2674 xUDD=(0.001,0.000,0.468) | T1 psi=(+2.379,-1.555,-2.913) ggm=0.000 circ=+15.1640 xUDD=(0.001,0.000,0.300) | sep=2.6069
# CONVTAG t=4844.00 rough=0.302694 cond=52.121936 evap=57.682750 backs=7.563319
# CANT t=4844.00 a_tag=0.8333 a_max=1.0000 xl_tag=0.4656 nlock=5 tune=240.936818
# REG t=4844.00 tp n=7 rho=[0.000 0.328 0.514 0.719] gr=0.00015 fl=1.000 | ba n=25698 rho=[0.097 0.488 0.843 0.963] gr=0.00006 fl=0.929
t= 4848.00 -1.61e-15 | 1.6640 16.36  22130   13 615919 616140 | 1.4281 14.76 | 7.24e-03 1.88e-02 |   1.8146 0.2598  1.7766  1.3572 1.000 16.67 | edge_dev mean=0.2171 max=0.6153 gg=0.0322 shape_dev=0.1676 xbar=0.1210 | T0 psi=(-0.783,-2.246,+1.289) ggm=0.000 circ=+2.2691 xUDD=(0.000,0.000,0.430) | T1 psi=(+2.255,+0.490,+1.436) ggm=0.000 circ=+15.1640 xUDD=(0.000,0.000,0.295) | sep=2.6170
# CONVTAG t=4848.00 rough=0.302694 cond=52.121936 evap=57.682750 backs=7.563319
# CANT t=4848.00 a_tag=0.8333 a_max=1.0000 xl_tag=0.4656 nlock=5 tune=240.957260
# REG t=4848.00 tp n=7 rho=[0.000 0.302 0.487 0.717] gr=0.00010 fl=1.000 | ba n=25732 rho=[0.091 0.475 0.840 0.962] gr=0.00006 fl=0.927
t= 4852.00 -1.61e-15 | 1.6638 16.32  22086   13 616348 616628 | 1.4275 14.75 | 8.71e-03 2.73e-02 |   1.3098 0.1876  2.1828  1.3755 1.000 16.67 | edge_dev mean=0.2217 max=0.6268 gg=0.1746 shape_dev=0.1583 xbar=0.0873 | T0 psi=(-0.750,-0.184,-1.824) ggm=0.000 circ=+2.2683 xUDD=(0.000,0.000,0.227) | T1 psi=(+2.193,-2.323,-1.930) ggm=0.000 circ=+15.1638 xUDD=(0.000,0.000,0.296) | sep=2.6224
# CONVTAG t=4852.00 rough=0.302694 cond=52.121936 evap=57.682750 backs=7.563319
# CANT t=4852.00 a_tag=0.8333 a_max=1.0000 xl_tag=0.4656 nlock=5 tune=240.968204
# REG t=4852.00 tp n=7 rho=[0.012 0.253 0.286 0.611] gr=0.00009 fl=1.000 | ba n=25672 rho=[0.093 0.477 0.840 0.964] gr=0.00007 fl=0.929
t= 4856.00 -1.61e-15 | 1.6640 16.38  22158    6 616832 617108 | 1.4284 14.76 | 5.34e-03 1.53e-02 |   1.7073 0.2445  1.8029  1.3761 1.000 16.83 | edge_dev mean=0.2248 max=0.6431 gg=0.0140 shape_dev=0.1474 xbar=0.1138 | T0 psi=(-1.061,+2.843,+2.774) ggm=0.000 circ=+2.2665 xUDD=(0.000,0.000,0.393) | T1 psi=(+2.320,+0.430,+1.613) ggm=0.000 circ=+15.1641 xUDD=(0.001,0.000,0.289) | sep=2.6336
# CONVTAG t=4856.00 rough=0.302694 cond=52.121936 evap=57.682750 backs=7.563319
# CANT t=4856.00 a_tag=0.8333 a_max=1.0000 xl_tag=0.4656 nlock=5 tune=240.975611
# REG t=4856.00 tp n=7 rho=[0.013 0.253 0.443 0.522] gr=0.00009 fl=1.000 | ba n=25681 rho=[0.096 0.483 0.843 0.963] gr=0.00006 fl=0.929
t= 4860.00 -1.61e-15 | 1.6644 16.39  22179   15 617324 617632 | 1.4287 14.76 | 1.52e-02 3.54e-02 |   2.0363 0.2916  1.6509  1.3300 1.000 16.83 | edge_dev mean=0.2184 max=0.6433 gg=0.0051 shape_dev=0.1449 xbar=0.1357 | T0 psi=(-1.260,-0.257,+0.379) ggm=0.000 circ=+2.2668 xUDD=(0.000,0.000,0.498) | T1 psi=(+2.454,+1.811,+0.321) ggm=0.000 circ=+15.1641 xUDD=(0.021,0.019,0.277) | sep=2.6477
# CONVTAG t=4860.00 rough=0.302694 cond=52.423905 evap=57.682750 backs=7.563319
# CANT t=4860.00 a_tag=0.8333 a_max=1.0000 xl_tag=0.4656 nlock=5 tune=241.295642
# REG t=4860.00 tp n=7 rho=[0.005 0.443 0.447 0.522] gr=0.00010 fl=1.000 | ba n=25641 rho=[0.101 0.490 0.845 0.962] gr=0.00007 fl=0.930
t= 4864.00 -1.61e-15 | 1.6638 16.36  22137    9 617784 618095 | 1.4281 14.76 | 6.55e-03 1.64e-02 |   2.2771 0.3261  1.5448  1.3232 1.000 16.50 | edge_dev mean=0.2137 max=0.6376 gg=0.1287 shape_dev=0.1642 xbar=0.1518 | T0 psi=(-1.332,+2.116,-1.473) ggm=0.000 circ=+2.2638 xUDD=(0.009,0.001,0.590) | T1 psi=(+2.370,-3.001,-1.219) ggm=0.000 circ=+15.1629 xUDD=(0.009,0.011,0.291) | sep=2.6571
# CONVTAG t=4864.00 rough=0.302694 cond=52.609425 evap=57.682750 backs=7.563319
# CANT t=4864.00 a_tag=0.8333 a_max=1.0000 xl_tag=0.4656 nlock=5 tune=241.423065
# REG t=4864.00 tp n=7 rho=[0.074 0.190 0.475 0.922] gr=0.00013 fl=1.000 | ba n=25644 rho=[0.100 0.485 0.845 0.962] gr=0.00007 fl=0.931
t= 4868.00 -1.61e-15 | 1.6640 16.38  22156   11 618296 618597 | 1.4283 14.75 | 5.75e-03 1.96e-02 |   2.2475 0.3218  1.5637  1.3297 1.000 16.50 | edge_dev mean=0.2108 max=0.6223 gg=0.0038 shape_dev=0.1582 xbar=0.1498 | T0 psi=(-1.330,-2.248,+2.912) ggm=0.000 circ=+2.2510 xUDD=(0.008,0.002,0.571) | T1 psi=(+2.479,-1.249,-2.932) ggm=0.000 circ=+15.1641 xUDD=(0.010,0.016,0.293) | sep=2.6498
# CONVTAG t=4868.00 rough=0.302694 cond=52.609425 evap=57.682750 backs=7.563319
# CANT t=4868.00 a_tag=0.8333 a_max=1.0000 xl_tag=0.4656 nlock=5 tune=241.490905
# REG t=4868.00 tp n=7 rho=[0.117 0.573 0.826 0.878] gr=0.00016 fl=1.000 | ba n=25651 rho=[0.099 0.485 0.839 0.961] gr=0.00007 fl=0.930
t= 4872.00 -1.61e-15 | 1.6645 16.35  22119   12 618799 619107 | 1.4280 14.76 | 5.27e-03 1.53e-02 |   2.2239 0.3185  1.5434  1.3356 1.000 16.67 | edge_dev mean=0.2150 max=0.6318 gg=0.0014 shape_dev=0.1627 xbar=0.1482 | T0 psi=(-1.458,+0.253,+0.864) ggm=0.000 circ=+2.2389 xUDD=(0.012,0.003,0.566) | T1 psi=(+2.492,+0.007,+1.844) ggm=0.000 circ=+15.1641 xUDD=(0.012,0.014,0.282) | sep=2.6562
# CONVTAG t=4872.00 rough=0.302694 cond=52.609425 evap=57.682750 backs=7.563319
# CANT t=4872.00 a_tag=0.8333 a_max=1.0000 xl_tag=0.4656 nlock=5 tune=241.524694
# REG t=4872.00 tp n=7 rho=[0.077 0.767 0.825 0.859] gr=0.00013 fl=1.000 | ba n=25644 rho=[0.096 0.479 0.838 0.962] gr=0.00007 fl=0.931
t= 4876.00 -1.61e-15 | 1.6643 16.34  22107   10 619314 619601 | 1.4279 14.76 | 6.99e-03 1.67e-02 |   2.2146 0.3171  1.5231  1.3424 1.000 16.67 | edge_dev mean=0.2167 max=0.6265 gg=0.0413 shape_dev=0.1598 xbar=0.1476 | T0 psi=(-1.270,+2.224,-1.353) ggm=0.000 circ=+2.2197 xUDD=(0.025,0.005,0.555) | T1 psi=(+2.497,+0.918,+0.877) ggm=0.000 circ=+15.1632 xUDD=(0.013,0.010,0.277) | sep=2.6526
# CONVTAG t=4876.00 rough=0.302694 cond=52.609425 evap=57.682750 backs=7.563319
# CANT t=4876.00 a_tag=0.8333 a_max=1.0000 xl_tag=0.4656 nlock=5 tune=241.584903
# REG t=4876.00 tp n=7 rho=[0.054 0.780 0.814 0.903] gr=0.00011 fl=1.000 | ba n=25669 rho=[0.093 0.482 0.840 0.962] gr=0.00007 fl=0.929
t= 4880.00 -1.61e-15 | 1.6641 16.34  22114    6 619789 620088 | 1.4281 14.77 | 7.94e-03 2.02e-02 |   2.1909 0.3137  1.5455  1.3370 1.000 16.33 | edge_dev mean=0.2212 max=0.6351 gg=0.0088 shape_dev=0.1515 xbar=0.1460 | T0 psi=(-1.223,-2.337,+2.997) ggm=0.000 circ=+2.1964 xUDD=(0.016,0.003,0.557) | T1 psi=(+2.453,+1.916,+0.022) ggm=0.000 circ=+15.1634 xUDD=(0.015,0.006,0.279) | sep=2.6441
# CONVTAG t=4880.00 rough=0.302694 cond=52.609425 evap=57.682750 backs=7.563319
# CANT t=4880.00 a_tag=0.8333 a_max=1.0000 xl_tag=0.4656 nlock=5 tune=241.686146
# REG t=4880.00 tp n=7 rho=[0.069 0.650 0.796 0.875] gr=0.00008 fl=1.000 | ba n=25660 rho=[0.092 0.491 0.841 0.962] gr=0.00007 fl=0.930
t= 4884.00 -1.61e-15 | 1.6641 16.36  22135    6 620307 620596 | 1.4283 14.77 | 8.01e-03 2.29e-02 |   2.5860 0.3703  1.5543  1.2789 1.000 15.83 | edge_dev mean=0.2189 max=0.6272 gg=0.0044 shape_dev=0.1503 xbar=0.1724 | T0 psi=(-1.307,-0.050,+0.897) ggm=0.000 circ=+2.1763 xUDD=(0.025,0.004,0.596) | T1 psi=(+2.897,-2.969,-1.202) ggm=0.000 circ=+15.1639 xUDD=(0.041,0.093,0.275) | sep=2.6412
# CONVTAG t=4884.00 rough=0.302694 cond=52.908615 evap=57.682750 backs=7.563319
# CANT t=4884.00 a_tag=0.8333 a_max=1.0000 xl_tag=0.4656 nlock=5 tune=241.871560
# REG t=4884.00 tp n=7 rho=[0.087 0.848 0.866 0.936] gr=0.00006 fl=1.000 | ba n=25671 rho=[0.090 0.484 0.840 0.962] gr=0.00007 fl=0.930
t= 4888.00 -1.61e-15 | 1.6646 16.36  22136   13 620822 621106 | 1.4283 14.77 | 4.90e-03 1.70e-02 |   2.6460 0.3789  1.5510  1.3053 1.000 16.33 | edge_dev mean=0.2234 max=0.6509 gg=0.0032 shape_dev=0.1594 xbar=0.1761 | T0 psi=(-1.351,+2.707,-1.665) ggm=0.000 circ=+2.1515 xUDD=(0.038,0.008,0.607) | T1 psi=(+2.875,+3.001,-0.593) ggm=0.000 circ=+15.1639 xUDD=(0.075,0.057,0.272) | sep=2.6431
# CONVTAG t=4888.00 rough=0.302694 cond=52.908615 evap=57.682750 backs=7.563319
# CANT t=4888.00 a_tag=0.8333 a_max=1.0000 xl_tag=0.4656 nlock=5 tune=242.046643
# REG t=4888.00 tp n=7 rho=[0.070 0.791 0.848 0.937] gr=0.00010 fl=1.000 | ba n=25668 rho=[0.087 0.476 0.843 0.963] gr=0.00007 fl=0.931
t= 4892.00 -1.61e-15 | 1.6645 16.38  22162    9 621360 621641 | 1.4285 14.76 | 4.79e-03 1.62e-02 |   2.6035 0.3728  1.5388  1.3264 1.000 16.83 | edge_dev mean=0.2165 max=0.6426 gg=0.0296 shape_dev=0.1668 xbar=0.1734 | T0 psi=(-1.446,-1.061,+2.291) ggm=0.000 circ=+2.1196 xUDD=(0.039,0.013,0.601) | T1 psi=(+2.989,-2.767,-1.674) ggm=0.000 circ=+15.1625 xUDD=(0.067,0.046,0.274) | sep=2.6497
# CONVTAG t=4892.00 rough=0.302694 cond=52.908615 evap=57.682750 backs=7.563319
# CANT t=4892.00 a_tag=0.8333 a_max=1.0000 xl_tag=0.4656 nlock=5 tune=242.156386
# REG t=4892.00 tp n=7 rho=[0.051 0.716 0.740 0.901] gr=0.00010 fl=1.000 | ba n=25676 rho=[0.087 0.477 0.839 0.961] gr=0.00006 fl=0.931
t= 4896.00 -1.61e-15 | 1.6642 16.37  22147   16 621838 622123 | 1.4283 14.76 | 5.38e-03 1.52e-02 |   2.5080 0.3591  1.4742  1.3258 1.000 16.67 | edge_dev mean=0.2077 max=0.6258 gg=0.0068 shape_dev=0.1618 xbar=0.1669 | T0 psi=(-1.368,+0.817,+0.183) ggm=0.000 circ=+2.0801 xUDD=(0.052,0.016,0.585) | T1 psi=(+3.065,-1.961,-3.005) ggm=0.000 circ=+15.1614 xUDD=(0.050,0.039,0.259) | sep=2.6445
# CONVTAG t=4896.00 rough=0.302694 cond=52.908615 evap=57.682750 backs=7.563319
# CANT t=4896.00 a_tag=0.8333 a_max=1.0000 xl_tag=0.4656 nlock=5 tune=242.244797
# REG t=4896.00 tp n=7 rho=[0.037 0.733 0.767 0.838] gr=0.00014 fl=1.000 | ba n=25667 rho=[0.088 0.483 0.841 0.962] gr=0.00007 fl=0.931
t= 4900.00 -1.61e-15 | 1.6644 16.35  22126    8 622362 622637 | 1.4281 14.76 | 6.30e-03 1.84e-02 |   2.2900 0.3279  1.5012  1.3280 1.000 16.83 | edge_dev mean=0.2075 max=0.6142 gg=0.0059 shape_dev=0.1589 xbar=0.1525 | T0 psi=(-1.278,+2.171,-1.854) ggm=0.000 circ=+2.0487 xUDD=(0.026,0.016,0.566) | T1 psi=(+2.848,-1.283,+2.659) ggm=0.000 circ=+15.1622 xUDD=(0.037,0.017,0.254) | sep=2.6458
# CONVTAG t=4900.00 rough=0.302694 cond=52.908615 evap=57.682750 backs=7.563319
# CANT t=4900.00 a_tag=0.8333 a_max=1.0000 xl_tag=0.4656 nlock=5 tune=242.412008
# REG t=4900.00 tp n=7 rho=[0.043 0.818 0.856 0.945] gr=0.00013 fl=1.000 | ba n=25685 rho=[0.087 0.482 0.843 0.962] gr=0.00006 fl=0.930
t= 4904.00 -1.61e-15 | 1.6643 16.33  22098   16 622851 623099 | 1.4278 14.77 | 1.03e-02 2.23e-02 |   2.3901 0.3423  1.4027  1.2966 1.000 16.50 | edge_dev mean=0.2069 max=0.5949 gg=0.0076 shape_dev=0.1635 xbar=0.1592 | T0 psi=(-1.227,-1.786,+2.329) ggm=0.000 circ=+2.0281 xUDD=(0.051,0.015,0.597) | T1 psi=(+2.920,-0.757,+1.995) ggm=0.000 circ=+15.1622 xUDD=(0.030,0.029,0.235) | sep=2.6510
# CONVTAG t=4904.00 rough=0.302694 cond=52.908615 evap=57.682750 backs=7.563319
# CANT t=4904.00 a_tag=0.8333 a_max=1.0000 xl_tag=0.4656 nlock=5 tune=242.509195
# REG t=4904.00 tp n=7 rho=[0.056 0.855 0.882 0.928] gr=0.00009 fl=1.000 | ba n=25702 rho=[0.087 0.478 0.842 0.962] gr=0.00007 fl=0.930
t= 4908.00 -1.61e-15 | 1.6643 16.37  22149   16 623321 623571 | 1.4285 14.77 | 4.93e-03 1.48e-02 |   2.1955 0.3144  1.4289  1.3083 1.000 16.33 | edge_dev mean=0.2082 max=0.5882 gg=0.0791 shape_dev=0.1673 xbar=0.1461 | T0 psi=(-1.249,+0.252,+0.147) ggm=0.000 circ=+2.0032 xUDD=(0.030,0.018,0.554) | T1 psi=(+2.889,-0.960,+2.062) ggm=0.000 circ=+15.1599 xUDD=(0.033,0.022,0.220) | sep=2.6526
# CONVTAG t=4908.00 rough=0.302694 cond=52.908615 evap=57.682750 backs=7.563319
# CANT t=4908.00 a_tag=0.8333 a_max=1.0000 xl_tag=0.4656 nlock=5 tune=242.597348
# REG t=4908.00 tp n=7 rho=[0.065 0.447 0.670 0.820] gr=0.00011 fl=1.000 | ba n=25699 rho=[0.088 0.483 0.843 0.962] gr=0.00007 fl=0.930
t= 4912.00 -1.61e-15 | 1.6644 16.35  22123   15 623801 624064 | 1.4281 14.76 | 5.92e-03 1.95e-02 |   1.8428 0.2639  1.4379  1.2902 1.000 16.50 | edge_dev mean=0.2137 max=0.5772 gg=0.0161 shape_dev=0.2013 xbar=0.1225 | T0 psi=(-1.136,+1.171,-1.600) ggm=0.000 circ=+1.9869 xUDD=(0.011,0.008,0.510) | T1 psi=(+2.831,-0.914,+1.164) ggm=0.000 circ=+15.1612 xUDD=(0.025,0.000,0.180) | sep=2.6757
# CONVTAG t=4912.00 rough=0.302694 cond=52.908615 evap=57.682750 backs=7.563319
# CANT t=4912.00 a_tag=0.8333 a_max=1.0000 xl_tag=0.4656 nlock=5 tune=242.825667
# REG t=4912.00 tp n=7 rho=[0.070 0.435 0.789 0.925] gr=0.00008 fl=1.000 | ba n=25687 rho=[0.090 0.484 0.843 0.963] gr=0.00007 fl=0.931
t= 4916.00 -1.61e-15 | 1.6646 16.34  22102   16 624275 624548 | 1.4280 14.77 | 4.45e-03 1.41e-02 |   1.7765 0.2544  1.4984  1.3106 1.000 16.17 | edge_dev mean=0.2172 max=0.5650 gg=0.0126 shape_dev=0.1758 xbar=0.1184 | T0 psi=(-1.227,+2.809,+2.884) ggm=0.000 circ=+1.9788 xUDD=(0.002,0.009,0.484) | T1 psi=(+2.797,-1.627,+2.057) ggm=0.000 circ=+15.1613 xUDD=(0.023,0.000,0.194) | sep=2.6676
# CONVTAG t=4916.00 rough=0.302694 cond=52.908615 evap=57.999432 backs=7.604625
# CANT t=4916.00 a_tag=0.8333 a_max=1.0000 xl_tag=0.4656 nlock=5 tune=242.933809
# REG t=4916.00 tp n=7 rho=[0.071 0.508 0.775 0.898] gr=0.00005 fl=1.000 | ba n=25676 rho=[0.088 0.481 0.845 0.963] gr=0.00007 fl=0.931
t= 4920.00 -1.74e-15 | 1.6642 16.33  22096    9 624757 625024 | 1.4278 14.76 | 8.61e-03 2.09e-02 |   1.9477 0.2789  1.4738  1.3292 1.000 16.17 | edge_dev mean=0.2219 max=0.5462 gg=0.0534 shape_dev=0.1821 xbar=0.1297 | T0 psi=(-0.887,-1.871,+0.946) ggm=0.000 circ=+1.9724 xUDD=(0.002,0.021,0.512) | T1 psi=(+2.709,-1.941,+3.024) ggm=0.000 circ=+15.1613 xUDD=(0.025,0.000,0.219) | sep=2.6712
# CONVTAG t=4920.00 rough=0.302694 cond=52.908615 evap=57.999432 backs=7.604625
# CANT t=4920.00 a_tag=0.8333 a_max=1.0000 xl_tag=0.4656 nlock=5 tune=243.045452
# REG t=4920.00 tp n=7 rho=[0.065 0.520 0.775 0.898] gr=0.00004 fl=1.000 | ba n=25686 rho=[0.090 0.480 0.844 0.962] gr=0.00007 fl=0.931
t= 4924.00 -1.74e-15 | 1.6645 16.36  22131   12 625305 625525 | 1.4282 14.76 | 5.08e-03 1.69e-02 |   2.0013 0.2866  1.4461  1.3337 1.000 15.83 | edge_dev mean=0.2194 max=0.5517 gg=0.0636 shape_dev=0.1771 xbar=0.1333 | T0 psi=(-0.819,+0.181,-0.992) ggm=0.000 circ=+1.9707 xUDD=(0.002,0.029,0.520) | T1 psi=(+2.637,-1.695,+3.090) ggm=0.000 circ=+15.1610 xUDD=(0.029,0.000,0.220) | sep=2.6606
# CONVTAG t=4924.00 rough=0.302694 cond=52.908615 evap=57.999432 backs=7.604625
# CANT t=4924.00 a_tag=0.8333 a_max=1.0000 xl_tag=0.4656 nlock=5 tune=243.212519
# REG t=4924.00 tp n=7 rho=[0.083 0.490 0.772 0.939] gr=0.00003 fl=1.000 | ba n=25732 rho=[0.092 0.477 0.842 0.961] gr=0.00007 fl=0.929
t= 4928.00 -1.74e-15 | 1.6641 16.34  22109   15 625794 626013 | 1.4280 14.76 | 5.14e-03 1.49e-02 |   1.9910 0.2851  1.4822  1.3196 1.000 16.33 | edge_dev mean=0.2217 max=0.5603 gg=0.0652 shape_dev=0.1603 xbar=0.1326 | T0 psi=(-0.797,+2.229,-3.084) ggm=0.000 circ=+1.9694 xUDD=(0.001,0.015,0.525) | T1 psi=(+2.612,-1.635,+2.695) ggm=0.000 circ=+15.1605 xUDD=(0.031,0.001,0.223) | sep=2.6522
# CONVTAG t=4928.00 rough=0.302694 cond=52.908615 evap=57.999432 backs=7.604625
# CANT t=4928.00 a_tag=0.8333 a_max=1.0000 xl_tag=0.4656 nlock=5 tune=243.384192
# REG t=4928.00 tp n=7 rho=[0.092 0.362 0.769 0.933] gr=0.00002 fl=1.000 | ba n=25729 rho=[0.090 0.475 0.842 0.962] gr=0.00007 fl=0.929
t= 4932.00 -1.74e-15 | 1.6641 16.37  22142   10 626262 626483 | 1.4285 14.77 | 5.87e-03 1.60e-02 |   2.1088 0.3020  1.2210  0.9671 1.000 16.50 | edge_dev mean=0.2214 max=0.5602 gg=0.0103 shape_dev=0.1528 xbar=0.1405 | T0 psi=(-1.236,+0.020,-0.009) ggm=0.000 circ=+1.9684 xUDD=(0.008,0.001,0.591) | T1 psi=(+2.794,+1.751,-1.158) ggm=0.000 circ=+15.1713 xUDD=(0.088,0.111,0.043) | sep=2.6500
# CONVTAG t=4932.00 rough=0.302694 cond=53.210391 evap=58.421707 backs=7.659704
# CANT t=4932.00 a_tag=0.8333 a_max=1.0000 xl_tag=0.4656 nlock=5 tune=243.730389
# REG t=4932.00 tp n=7 rho=[0.096 0.359 0.638 0.667] gr=0.00002 fl=1.000 | ba n=25733 rho=[0.091 0.476 0.839 0.961] gr=0.00006 fl=0.930
t= 4936.00 -1.74e-15 | 1.6642 16.36  22141   10 626741 626991 | 1.4284 14.76 | 1.02e-02 2.32e-02 |   2.1859 0.3130  1.2619  1.0230 1.000 16.00 | edge_dev mean=0.2172 max=0.5767 gg=0.0607 shape_dev=0.1373 xbar=0.1454 | T0 psi=(-1.354,-2.534,+2.672) ggm=0.000 circ=+1.9676 xUDD=(0.014,0.003,0.598) | T1 psi=(+2.831,+2.518,-1.724) ggm=0.000 circ=+15.1844 xUDD=(0.104,0.091,0.062) | sep=2.6403
# CONVTAG t=4936.00 rough=0.302694 cond=53.210391 evap=58.421707 backs=7.659704
# CANT t=4936.00 a_tag=0.8333 a_max=1.0000 xl_tag=0.4656 nlock=5 tune=243.959808
# REG t=4936.00 tp n=7 rho=[0.122 0.340 0.359 0.384] gr=0.00007 fl=1.000 | ba n=25704 rho=[0.092 0.472 0.840 0.960] gr=0.00007 fl=0.931
t= 4940.00 -1.74e-15 | 1.6643 16.36  22134   15 627248 627451 | 1.4282 14.76 | 4.37e-03 1.35e-02 |   2.2333 0.3198  1.2706  1.0634 1.000 16.00 | edge_dev mean=0.2156 max=0.5822 gg=0.0949 shape_dev=0.1554 xbar=0.1485 | T0 psi=(-1.473,+0.109,+0.245) ggm=0.000 circ=+1.9671 xUDD=(0.027,0.005,0.587) | T1 psi=(+3.042,-2.313,+3.133) ggm=0.000 circ=+15.1882 xUDD=(0.108,0.091,0.073) | sep=2.6467
# CONVTAG t=4940.00 rough=0.302694 cond=53.210391 evap=58.421707 backs=7.659704
# CANT t=4940.00 a_tag=0.8333 a_max=1.0000 xl_tag=0.4656 nlock=5 tune=244.184487
# REG t=4940.00 tp n=7 rho=[0.057 0.359 0.384 0.496] gr=0.00005 fl=1.000 | ba n=25748 rho=[0.087 0.467 0.837 0.962] gr=0.00007 fl=0.929
t= 4944.00 -1.74e-15 | 1.6642 16.35  22119   10 627721 627964 | 1.4281 14.75 | 2.72e-03 1.44e-02 |   2.0507 0.2937  1.1189  1.0496 1.000 15.83 | edge_dev mean=0.2132 max=0.5704 gg=0.0833 shape_dev=0.1734 xbar=0.1362 | T0 psi=(-1.392,+2.270,-1.982) ggm=0.000 circ=+1.9668 xUDD=(0.023,0.028,0.580) | T1 psi=(-3.063,-1.225,+0.828) ggm=0.000 circ=+15.1813 xUDD=(0.083,0.043,0.061) | sep=2.6580
# CONVTAG t=4944.00 rough=0.302694 cond=53.210391 evap=58.421707 backs=7.659704
# CANT t=4944.00 a_tag=0.8333 a_max=1.0000 xl_tag=0.4656 nlock=5 tune=244.316116
# REG t=4944.00 tp n=7 rho=[0.020 0.359 0.384 0.721] gr=0.00006 fl=1.000 | ba n=25714 rho=[0.086 0.463 0.838 0.962] gr=0.00007 fl=0.930
t= 4948.00 -1.74e-15 | 1.6644 16.36  22135   12 628206 628459 | 1.4283 14.76 | 8.55e-03 2.12e-02 |   1.8774 0.2688  1.0089  0.9788 1.000 16.00 | edge_dev mean=0.2157 max=0.5792 gg=0.1091 shape_dev=0.1991 xbar=0.1249 | T0 psi=(-1.453,-2.207,+2.503) ggm=0.000 circ=+1.9659 xUDD=(0.033,0.024,0.564) | T1 psi=(+2.853,+0.900,-1.140) ggm=0.000 circ=+15.1845 xUDD=(0.060,0.022,0.046) | sep=2.6769
# CONVTAG t=4948.00 rough=0.302694 cond=53.210391 evap=58.421707 backs=7.659704
# CANT t=4948.00 a_tag=0.8333 a_max=1.0000 xl_tag=0.4656 nlock=5 tune=244.405428
# REG t=4948.00 tp n=7 rho=[0.010 0.359 0.384 0.747] gr=0.00008 fl=1.000 | ba n=25702 rho=[0.084 0.464 0.837 0.962] gr=0.00007 fl=0.930
t= 4952.00 -1.74e-15 | 1.6646 16.36  22136   10 628669 628925 | 1.4283 14.76 | 9.96e-03 2.06e-02 |   1.7169 0.2459  0.9841  0.8834 1.000 15.83 | edge_dev mean=0.2254 max=0.5965 gg=0.1599 shape_dev=0.1920 xbar=0.1143 | T0 psi=(-1.357,-0.755,+0.493) ggm=0.000 circ=+1.9653 xUDD=(0.010,0.020,0.558) | T1 psi=(+2.700,+2.199,-2.353) ggm=0.000 circ=+15.1837 xUDD=(0.042,0.021,0.036) | sep=2.6694
# CONVTAG t=4952.00 rough=0.302694 cond=53.210391 evap=58.421707 backs=7.659704
# CANT t=4952.00 a_tag=0.8333 a_max=1.0000 xl_tag=0.4656 nlock=5 tune=244.512813
# REG t=4952.00 tp n=7 rho=[0.007 0.359 0.385 0.700] gr=0.00007 fl=1.000 | ba n=25701 rho=[0.083 0.465 0.837 0.961] gr=0.00007 fl=0.931
t= 4956.00 -1.74e-15 | 1.6643 16.37  22150   12 629111 629357 | 1.4284 14.75 | 1.09e-02 3.13e-02 |   2.0941 0.2999  0.8120  0.9335 1.000 15.83 | edge_dev mean=0.2280 max=0.6139 gg=0.0932 shape_dev=0.1770 xbar=0.1410 | T0 psi=(-0.982,+1.903,-1.554) ggm=0.000 circ=+1.9616 xUDD=(0.094,0.060,0.589) | T1 psi=(+2.757,+3.035,+2.971) ggm=0.000 circ=+15.1724 xUDD=(0.044,0.027,0.032) | sep=2.6634
# CONVTAG t=4956.00 rough=0.302694 cond=53.506283 evap=58.421707 backs=7.659704
# CANT t=4956.00 a_tag=0.8333 a_max=1.0000 xl_tag=0.4656 nlock=5 tune=244.753851
# REG t=4956.00 tp n=7 rho=[0.002 0.359 0.386 0.424] gr=0.00024 fl=1.000 | ba n=25709 rho=[0.084 0.468 0.836 0.962] gr=0.00007 fl=0.930
t= 4960.00 -1.74e-15 | 1.6638 16.35  22124   11 629574 629836 | 1.4280 14.74 | 5.50e-03 1.59e-02 |   2.1702 0.3108  0.8396  0.9319 1.000 16.17 | edge_dev mean=0.2286 max=0.6149 gg=0.0207 shape_dev=0.1990 xbar=0.1444 | T0 psi=(-1.010,-2.339,+2.807) ggm=0.000 circ=+1.9359 xUDD=(0.078,0.061,0.601) | T1 psi=(+2.943,-2.856,+2.515) ggm=0.000 circ=+15.1470 xUDD=(0.054,0.046,0.026) | sep=2.6704
# CONVTAG t=4960.00 rough=0.302694 cond=53.506283 evap=58.421707 backs=7.659704
# CANT t=4960.00 a_tag=0.8333 a_max=1.0000 xl_tag=0.4656 nlock=5 tune=244.854111
# REG t=4960.00 tp n=7 rho=[0.001 0.199 0.359 0.387] gr=0.00035 fl=1.000 | ba n=25695 rho=[0.085 0.470 0.838 0.961] gr=0.00007 fl=0.930
t= 4964.00 -1.74e-15 | 1.6638 16.34  22107   11 630019 630272 | 1.4277 14.74 | 7.65e-03 1.99e-02 |   2.6843 0.3844  0.9702  0.9503 1.000 16.00 | edge_dev mean=0.2358 max=0.6077 gg=0.0112 shape_dev=0.1921 xbar=0.1788 | T0 psi=(-1.113,+0.239,+0.320) ggm=0.000 circ=+1.9069 xUDD=(0.075,0.059,0.701) | T1 psi=(-2.948,+3.066,-3.027) ggm=0.000 circ=+15.1420 xUDD=(0.082,0.134,0.023) | sep=2.6600
# CONVTAG t=4964.00 rough=0.302694 cond=53.679231 evap=58.421707 backs=7.659704
# CANT t=4964.00 a_tag=0.8333 a_max=1.0000 xl_tag=0.4656 nlock=5 tune=244.976227
# REG t=4964.00 tp n=7 rho=[0.000 0.196 0.359 0.388] gr=0.00043 fl=1.000 | ba n=25703 rho=[0.085 0.471 0.838 0.961] gr=0.00007 fl=0.930
t= 4968.00 -1.74e-15 | 1.6640 16.33  22100   11 630503 630769 | 1.4277 14.75 | 7.54e-03 2.23e-02 |   2.7116 0.3883  0.9693  0.9972 1.000 16.33 | edge_dev mean=0.2484 max=0.5889 gg=0.0190 shape_dev=0.1876 xbar=0.1808 | T0 psi=(-1.019,+2.727,-2.390) ggm=0.000 circ=+1.8856 xUDD=(0.111,0.073,0.673) | T1 psi=(-3.000,+2.815,-2.870) ggm=0.000 circ=+15.1419 xUDD=(0.101,0.106,0.021) | sep=2.6480
# CONVTAG t=4968.00 rough=0.302694 cond=53.679231 evap=58.421707 backs=7.659704
# CANT t=4968.00 a_tag=0.8333 a_max=1.0000 xl_tag=0.4656 nlock=5 tune=245.238925
# REG t=4968.00 tp n=7 rho=[0.000 0.187 0.359 0.386] gr=0.00045 fl=1.000 | ba n=25689 rho=[0.083 0.469 0.837 0.961] gr=0.00007 fl=0.930
t= 4972.00 -1.74e-15 | 1.6638 16.32  22076    7 630981 631239 | 1.4274 14.74 | 5.25e-03 1.52e-02 |   2.4845 0.3558  0.8724  0.9574 1.000 16.17 | edge_dev mean=0.2579 max=0.5667 gg=0.0282 shape_dev=0.1935 xbar=0.1655 | T0 psi=(-0.924,+99.000,+1.296) ggm=0.000 circ=+1.9533 xUDD=(0.127,0.080,0.652) | T1 psi=(+2.669,+3.047,-2.997) ggm=0.000 circ=+15.1434 xUDD=(0.066,0.042,0.026) | sep=2.6508
# CONVTAG t=4972.00 rough=0.302694 cond=53.679231 evap=58.421707 backs=7.659704
# CANT t=4972.00 a_tag=0.8333 a_max=1.0000 xl_tag=0.4656 nlock=5 tune=245.445133
# REG t=4972.00 tp n=6 rho=[0.000 0.197 0.275 0.386] gr=0.00056 fl=1.000 | ba n=25703 rho=[0.083 0.468 0.840 0.961] gr=0.00007 fl=0.929
t= 4976.00 -1.74e-15 | 1.6644 16.32  22086   16 631444 631694 | 1.4276 14.75 | 8.89e-03 2.42e-02 |   2.7875 0.3992  1.2226  1.2670 1.000 16.17 | edge_dev mean=0.2619 max=0.5655 gg=0.0316 shape_dev=0.2222 xbar=0.1857 | T0 psi=(-0.895,+99.000,-1.265) ggm=0.000 circ=+1.9396 xUDD=(0.098,0.074,0.638) | T1 psi=(+2.545,+0.260,+1.417) ggm=0.000 circ=+15.1467 xUDD=(0.087,0.053,0.165) | sep=2.6682
# CONVTAG t=4976.00 rough=0.302694 cond=53.971966 evap=58.421707 backs=7.659704
# CANT t=4976.00 a_tag=0.8333 a_max=1.0000 xl_tag=0.4656 nlock=5 tune=245.688140
# REG t=4976.00 tp n=6 rho=[0.000 0.222 0.387 0.685] gr=0.00056 fl=1.000 | ba n=25700 rho=[0.086 0.476 0.840 0.962] gr=0.00007 fl=0.929
t= 4980.00 -1.74e-15 | 1.6643 16.36  22135    4 631893 632163 | 1.4282 14.76 | 1.08e-02 2.47e-02 |   2.5451 0.3645  1.2288  1.2175 1.000 16.00 | edge_dev mean=0.2564 max=0.5509 gg=0.0116 shape_dev=0.1932 xbar=0.1695 | T0 psi=(-1.111,+99.000,+2.282) ggm=0.000 circ=+1.9096 xUDD=(0.071,0.055,0.619) | T1 psi=(+2.606,-2.757,-1.856) ggm=0.000 circ=+15.1472 xUDD=(0.065,0.052,0.155) | sep=2.6411
# CONVTAG t=4980.00 rough=0.302694 cond=53.971966 evap=58.421707 backs=7.659704
# CANT t=4980.00 a_tag=0.8333 a_max=1.0000 xl_tag=0.4656 nlock=5 tune=245.807152
# REG t=4980.00 tp n=6 rho=[0.000 0.245 0.389 0.795] gr=0.00057 fl=1.000 | ba n=25692 rho=[0.087 0.471 0.840 0.961] gr=0.00006 fl=0.930
t= 4984.00 -1.74e-15 | 1.6645 16.36  22130   15 632351 632649 | 1.4281 14.75 | 6.27e-03 1.47e-02 |   2.0478 0.2932  1.0967  1.1678 1.000 16.33 | edge_dev mean=0.2607 max=0.5421 gg=0.0142 shape_dev=0.1637 xbar=0.1362 | T0 psi=(-1.069,+0.187,-0.934) ggm=0.000 circ=+1.9108 xUDD=(0.059,0.056,0.540) | T1 psi=(+2.221,-2.216,-2.656) ggm=0.000 circ=+15.1491 xUDD=(0.034,0.010,0.118) | sep=2.6163
# CONVTAG t=4984.00 rough=0.302694 cond=53.971966 evap=58.728409 backs=7.699709
# CANT t=4984.00 a_tag=0.8333 a_max=1.0000 xl_tag=0.4656 nlock=5 tune=246.041202
# REG t=4984.00 tp n=7 rho=[0.000 0.210 0.322 0.994] gr=0.00039 fl=0.857 | ba n=25652 rho=[0.088 0.473 0.843 0.962] gr=0.00007 fl=0.931
t= 4988.00 -1.74e-15 | 1.6644 16.36  22139   10 632847 633112 | 1.4283 14.75 | 5.79e-03 1.59e-02 |   2.2818 0.3268  0.9566  1.1520 1.000 16.17 | edge_dev mean=0.2642 max=0.5386 gg=0.0707 shape_dev=0.1576 xbar=0.1527 | T0 psi=(-0.640,+2.860,+2.873) ggm=0.000 circ=+1.8831 xUDD=(0.110,0.073,0.583) | T1 psi=(+2.373,-0.271,+1.138) ggm=0.000 circ=+15.1506 xUDD=(0.014,0.011,0.125) | sep=2.6224
# CONVTAG t=4988.00 rough=0.302694 cond=54.259416 evap=58.728409 backs=7.699709
# CANT t=4988.00 a_tag=0.8333 a_max=1.0000 xl_tag=0.4656 nlock=5 tune=246.315757
# REG t=4988.00 tp n=7 rho=[0.000 0.196 0.239 0.737] gr=0.00026 fl=0.857 | ba n=25690 rho=[0.087 0.472 0.839 0.960] gr=0.00007 fl=0.929
t= 4992.00 -1.74e-15 | 1.6644 16.33  22093   19 633335 633595 | 1.4276 14.74 | 8.33e-03 2.38e-02 |   2.3755 0.3402  0.8775  1.1154 1.000 16.00 | edge_dev mean=0.2686 max=0.5327 gg=0.1388 shape_dev=0.1565 xbar=0.1581 | T0 psi=(-0.282,-1.890,+1.341) ggm=0.000 circ=+1.8532 xUDD=(0.110,0.094,0.608) | T1 psi=(+2.326,+2.022,-1.279) ggm=0.000 circ=+15.1542 xUDD=(0.005,0.017,0.115) | sep=2.6253
# CONVTAG t=4992.00 rough=0.302694 cond=54.439119 evap=58.728409 backs=7.699709
# CANT t=4992.00 a_tag=0.8333 a_max=1.0000 xl_tag=0.4656 nlock=5 tune=246.498214
# REG t=4992.00 tp n=7 rho=[0.000 0.486 0.593 0.685] gr=0.00018 fl=0.857 | ba n=25684 rho=[0.084 0.471 0.840 0.960] gr=0.00007 fl=0.928
t= 4996.00 -1.74e-15 | 1.6645 16.32  22075   23 633838 634094 | 1.4274 14.74 | 5.04e-03 1.58e-02 |   2.2853 0.3273  0.8607  1.1296 1.000 16.00 | edge_dev mean=0.2695 max=0.5347 gg=0.1539 shape_dev=0.1702 xbar=0.1522 | T0 psi=(-0.158,+0.236,-0.796) ggm=0.000 circ=+1.8575 xUDD=(0.086,0.109,0.594) | T1 psi=(+2.438,+3.126,-2.854) ggm=0.000 circ=+15.1580 xUDD=(0.004,0.007,0.114) | sep=2.6312
# CONVTAG t=4996.00 rough=0.302694 cond=54.439119 evap=58.728409 backs=7.699709
# CANT t=4996.00 a_tag=0.8333 a_max=1.0000 xl_tag=0.4656 nlock=5 tune=246.696499
# REG t=4996.00 tp n=7 rho=[0.000 0.624 0.625 0.834] gr=0.00012 fl=0.857 | ba n=25683 rho=[0.084 0.466 0.838 0.959] gr=0.00007 fl=0.928
t= 5000.00 -1.74e-15 | 1.6648 16.36  22138   13 634307 634601 | 1.4281 14.74 | 6.97e-03 1.64e-02 |   2.1290 0.3049  0.9039  1.0747 1.000 15.67 | edge_dev mean=0.2583 max=0.5228 gg=0.1434 shape_dev=0.1730 xbar=0.1417 | T0 psi=(-0.279,-2.789,+2.672) ggm=0.000 circ=+1.8537 xUDD=(0.066,0.084,0.587) | T1 psi=(+2.439,-2.739,+3.053) ggm=0.000 circ=+15.1604 xUDD=(0.005,0.007,0.101) | sep=2.6057
# CONVTAG t=5000.00 rough=0.302694 cond=54.439119 evap=58.728409 backs=7.699709
# CANT t=5000.00 a_tag=0.8333 a_max=1.0000 xl_tag=0.4656 nlock=5 tune=246.861559
# REG t=5000.00 tp n=7 rho=[0.000 0.566 0.892 0.904] gr=0.00008 fl=0.857 | ba n=25656 rho=[0.085 0.472 0.841 0.961] gr=0.00007 fl=0.929
#
# RESULT drift_rel -1.739e-15
# RESULT births 634307 deaths 634601 beta_returns 0 beta_energy 0.000000e+00
# RESULT conv rough=9.999867 cond=23791.941556 evap=0.000000 backs=3500.982308 rad=26830.864494
# RESULT credit qcnvD=1261.970472 qcnvF=2112.709535
# RESULT cantus a_tag=0.8333 a_max=1.0000 xl_tag=0.4656 nlock=5 tune_total=246.861559
# RESULT reg tp n=7 rho=[0.0000 0.5661 0.8918 0.9043] gr=0.000079 fl=0.8571 | ba n=25656 rho=[0.0854 0.4718 0.8409 0.9606] gr=0.000067 fl=0.9290
# RESULT convtag rough=0.302694 cond=54.439119 evap=58.728409 backs=7.699709 net=3.107726
# RESULT geometry phi_nom=1.6648 z_live=16.36 dbar=1.4281 sigma_d=0.1474
# RESULT truss edge_dev_mean=0.258321 edge_dev_max=0.522788 shape=(0.0449,0.2433,2.0168) shape0=(0.0000,0.3491,2.0391)
# EDGE 0 2700-2701 d=1.22980 dev=-0.21749 gg=0.8546 gpl=0.1353
# EDGE 1 2701-2702 d=1.55761 dev=+0.11031 gg=0.0000 gpl=0.0457
# EDGE 2 2702-2700 d=0.92464 dev=-0.52266 gg=0.0030 gpl=0.1027
# EDGE 3 2703-2704 d=1.59808 dev=+0.15078 gg=0.0000 gpl=0.0363
# EDGE 4 2704-2705 d=1.57440 dev=+0.12710 gg=0.0015 gpl=0.4797
# EDGE 5 2705-2703 d=1.02571 dev=-0.42159 gg=0.0010 gpl=0.0029
# RESULT tri0 psi=(-0.2789,-2.7890,+2.6725) ggm=0.0000 circ=+1.85371 Em=(0.1439,0.1416,1.4656)
# RESULT tri1 psi=(+2.4390,-2.7387,+3.0530) ggm=0.0000 circ=+15.16042 Em=(0.0127,0.0134,0.2219)
