# freecell — v89 free-cell substance test (exp=ring)
# laws = laws_V2g VERBATIM (defaults): C=1 w1=1.65 w2=2.9 q_detune=1.2
# gamma_res=0.25 gamma_res_m=0.1 p_gate=8 lock_floor=0.005 k_dep=1.2 k_dep_m=2 cap=2.5
# e_s0=1 es_floor=0.05 e_cond=0 f_conv=0.25 f_evap=0.5 s_pull=0.15
# kappa_lock=1 kappa_align=0.5 s_k=0.06 s_disp=0.3 sigma_tumble=0.01
# comb_limit=6 rough_k=0.35 gamma_rough=0.5 mob_sym=1 mob_floor=0.004 field_J=1.8
# quant_A0=1.15 quant_mode=2 (A0eff=1.15)
# v91 radiance (laws_V3r candidate A): k_rad=0.05 p_rad=4 rad_clock=0
# v91 cantus (coherent-channel candidate B): k_cant=0 k_tune=0 cant_tau=50 cant_seed=0 cant_grow=1
# v91 registry (exchange-registry lane, REGISTRY.md): reg_tau=30 reg_gate=0 reg_f0=0
# GEOMETRY (apparatus): cfac=1.15 k_rep=1 mob_geo=1 kappa_bond=1 freeze_geo=0
# bath=1 bath_frac=1 jam_sweeps=800 jam_k=0.1 L=16 dt=0.02 T=600 seed=20260802 diag_every=100
# JAM sweeps=800 max_step=1.402e-04 (tol 1.0e-04, k_end=0.0010) — witness for the settle
# CARVE removed 67 bath cells (clear=2.89)
# SEED ring: n=6 x=0.4700 d*=1.694293 d_edge=1.694293 edges=6
# SEED noise: amp=0.15 (e1-class churn)
# INIT NC=2639 slots=25100 live=20160 phi_nom=1.6658 z_live=15.28 dbar=1.4113 sigma_d=14.80% E0=2841.496582331
#
# t | drift_rel | phi_nom z_live NLa NLd births deaths | dbar sigma_d% | maxstep maxbond | Em_tag ret com_dev rms conn z_tag | pair: d delta gf gb | core/far
t=    0.00 +0.00e+00 | 1.6658 15.28  20160    0      0      0 | 1.4113 14.80 | 0.00e+00 0.00e+00 |   7.0500 1.0000  0.0000  1.6943 0.167  1.33 | edge_dev mean=0.0000 max=0.0000 gg=0.0000 shape_dev=0.0000 xbar=0.4700
# CONVTAG t=0.00 rough=0.000000 cond=0.000000 evap=0.000000 backs=0.000000
# REG t=0.00 tp n=6 rho=[0.000 0.000 0.000 0.000] gr=0.00000 fl=0.000 | ba n=25073 rho=[0.000 0.000 0.000 0.000] gr=0.00000 fl=0.000
t=    2.00 -1.60e-16 | 1.6658 15.43  20354    0    899    982 | 1.4206 14.73 | 1.26e-02 2.09e-02 |   7.0483 0.9998  0.0425  1.4065 1.000  9.17 | edge_dev mean=0.2026 max=0.2419 gg=0.5600 shape_dev=0.9228 xbar=0.4681
# CONVTAG t=2.00 rough=0.000000 cond=0.000000 evap=0.000000 backs=0.000000
# REG t=2.00 tp n=7 rho=[0.000 0.950 0.967 0.975] gr=0.01015 fl=0.714 | ba n=24954 rho=[0.000 0.000 0.000 0.000] gr=0.00000 fl=0.000
t=    4.00 -1.60e-16 | 1.6658 15.65  20654    3   1514   1585 | 1.4260 14.74 | 4.54e-03 8.49e-03 |   7.0455 0.9994  0.0751  1.3241 1.000 12.17 | edge_dev mean=0.1657 max=0.2000 gg=0.6805 shape_dev=1.1711 xbar=0.4690
# CONVTAG t=4.00 rough=0.000000 cond=0.000000 evap=0.000000 backs=0.000000
# REG t=4.00 tp n=9 rho=[0.454 0.954 0.968 0.979] gr=0.01677 fl=0.889 | ba n=24945 rho=[0.000 0.000 0.000 0.000] gr=0.00000 fl=0.013
t=    6.00 -3.20e-16 | 1.6657 15.78  20820    1   1917   1995 | 1.4289 14.75 | 2.00e-03 6.95e-03 |   7.0414 0.9988  0.0920  1.3157 1.000 13.00 | edge_dev mean=0.1734 max=0.1836 gg=0.6565 shape_dev=1.2049 xbar=0.4691
# CONVTAG t=6.00 rough=0.000000 cond=0.000000 evap=0.000000 backs=0.000000
# REG t=6.00 tp n=9 rho=[0.674 0.959 0.972 0.992] gr=0.01852 fl=0.889 | ba n=24936 rho=[0.000 0.000 0.000 0.000] gr=0.00000 fl=0.088
t=    8.00 -3.20e-16 | 1.6657 15.87  20936    4   2246   2319 | 1.4309 14.77 | 1.91e-03 4.02e-03 |   7.0361 0.9980  0.0862  1.3156 1.000 13.50 | edge_dev mean=0.1782 max=0.1966 gg=0.6380 shape_dev=1.2252 xbar=0.4714
# CONVTAG t=8.00 rough=0.000000 cond=0.000000 evap=0.000000 backs=0.000000
# REG t=8.00 tp n=9 rho=[0.806 0.954 0.974 0.988] gr=0.01947 fl=1.000 | ba n=24940 rho=[0.000 0.000 0.000 0.000] gr=0.00000 fl=0.239
t=   10.00 -3.20e-16 | 1.6658 15.97  21075    1   2570   2608 | 1.4329 14.78 | 1.60e-03 4.10e-03 |   7.0322 0.9975  0.0923  1.3050 1.000 13.50 | edge_dev mean=0.1817 max=0.2042 gg=0.6220 shape_dev=1.2519 xbar=0.4687
# CONVTAG t=10.00 rough=0.000000 cond=0.000000 evap=0.000000 backs=0.000000
# REG t=10.00 tp n=9 rho=[0.511 0.962 0.978 0.996] gr=0.01854 fl=1.000 | ba n=24977 rho=[0.000 0.000 0.000 0.057] gr=0.00000 fl=0.500
t=   12.00 -3.20e-16 | 1.6658 16.05  21174    3   2829   2845 | 1.4344 14.79 | 1.12e-03 4.28e-03 |   7.0270 0.9967  0.0993  1.2992 1.000 13.67 | edge_dev mean=0.1830 max=0.2089 gg=0.6136 shape_dev=1.2723 xbar=0.4683
# CONVTAG t=12.00 rough=0.000000 cond=0.000000 evap=0.000000 backs=0.000000
# REG t=12.00 tp n=9 rho=[0.271 0.957 0.984 0.984] gr=0.01735 fl=1.000 | ba n=24996 rho=[0.000 0.000 0.004 0.268] gr=0.00000 fl=0.743
t=   14.00 -3.20e-16 | 1.6658 16.12  21266    8   3064   3043 | 1.4358 14.81 | 1.39e-03 3.84e-03 |   7.0229 0.9962  0.1054  1.2932 1.000 13.67 | edge_dev mean=0.1851 max=0.2116 gg=0.6012 shape_dev=1.2867 xbar=0.4681
# CONVTAG t=14.00 rough=0.000000 cond=0.000000 evap=0.000000 backs=0.000000
# REG t=14.00 tp n=9 rho=[0.294 0.958 0.989 0.996] gr=0.01688 fl=1.000 | ba n=25027 rho=[0.000 0.000 0.019 0.395] gr=0.00000 fl=0.844
t=   16.00 -3.20e-16 | 1.6658 16.14  21298   18   3273   3251 | 1.4364 14.81 | 1.62e-03 3.98e-03 |   7.0193 0.9956  0.1129  1.2836 1.000 13.50 | edge_dev mean=0.1947 max=0.2215 gg=0.5585 shape_dev=1.3054 xbar=0.4678
# CONVTAG t=16.00 rough=0.000000 cond=0.000000 evap=0.000000 backs=0.000000
# REG t=16.00 tp n=9 rho=[0.310 0.954 0.994 0.995] gr=0.01783 fl=1.000 | ba n=25018 rho=[0.000 0.000 0.023 0.429] gr=0.00000 fl=0.862
t=   18.00 -3.20e-16 | 1.6657 16.20  21380   18   3493   3436 | 1.4376 14.82 | 1.31e-03 4.11e-03 |   7.0146 0.9950  0.1186  1.2775 1.000 14.00 | edge_dev mean=0.2009 max=0.2275 gg=0.5204 shape_dev=1.3180 xbar=0.4675
# CONVTAG t=18.00 rough=0.000000 cond=0.000000 evap=0.000000 backs=0.000000
# REG t=18.00 tp n=9 rho=[0.346 0.954 0.985 0.986] gr=0.01668 fl=1.000 | ba n=25053 rho=[0.000 0.000 0.024 0.433] gr=0.00000 fl=0.868
# QATOM t=18.92 dir=FD w=1.64999933 e=0.301996381646 i=431 Em=0.0000
t=   20.00 -3.20e-16 | 1.6657 16.24  21433   15   3679   3604 | 1.4384 14.83 | 1.26e-03 4.03e-03 |   7.0108 0.9944  0.1225  1.2746 1.000 13.83 | edge_dev mean=0.2034 max=0.2312 gg=0.4810 shape_dev=1.3271 xbar=0.4673
# CONVTAG t=20.00 rough=0.000000 cond=0.000000 evap=0.000000 backs=0.000000
# REG t=20.00 tp n=9 rho=[0.375 0.958 0.978 0.980] gr=0.01560 fl=1.000 | ba n=25074 rho=[0.000 0.000 0.026 0.450] gr=0.00000 fl=0.874
t=   22.00 -3.20e-16 | 1.6657 16.27  21473   18   3865   3764 | 1.4391 14.83 | 1.21e-03 3.67e-03 |   7.0073 0.9939  0.1250  1.2778 1.000 13.67 | edge_dev mean=0.2010 max=0.2401 gg=0.4470 shape_dev=1.3278 xbar=0.4670
# CONVTAG t=22.00 rough=0.000000 cond=0.000000 evap=0.000000 backs=0.000000
# REG t=22.00 tp n=9 rho=[0.387 0.964 0.988 0.990] gr=0.01460 fl=1.000 | ba n=25097 rho=[0.000 0.000 0.027 0.462] gr=0.00000 fl=0.879
t=   24.00 -3.20e-16 | 1.6657 16.32  21536   18   4036   3927 | 1.4400 14.84 | 1.29e-03 3.76e-03 |   7.0033 0.9934  0.1208  1.2898 0.833 13.67 | edge_dev mean=0.1900 max=0.2409 gg=0.4364 shape_dev=1.3078 xbar=0.4668
# CONVTAG t=24.00 rough=0.000000 cond=0.000000 evap=0.000000 backs=0.000000
# REG t=24.00 tp n=9 rho=[0.385 0.983 0.995 0.996] gr=0.01366 fl=1.000 | ba n=25103 rho=[0.000 0.000 0.029 0.465] gr=0.00000 fl=0.884
t=   26.00 -3.20e-16 | 1.6657 16.35  21568   21   4187   4082 | 1.4405 14.84 | 9.10e-04 3.52e-03 |   6.9997 0.9929  0.1178  1.3072 0.833 13.67 | edge_dev mean=0.1727 max=0.2450 gg=0.4379 shape_dev=1.2747 xbar=0.4665
# CONVTAG t=26.00 rough=0.000000 cond=0.000000 evap=0.000000 backs=0.000000
# REG t=26.00 tp n=9 rho=[0.369 0.975 0.996 0.998] gr=0.01277 fl=1.000 | ba n=25097 rho=[0.000 0.000 0.030 0.480] gr=0.00000 fl=0.888
t=   28.00 -3.20e-16 | 1.6658 16.37  21598   21   4306   4225 | 1.4409 14.84 | 9.17e-04 3.46e-03 |   6.9961 0.9924  0.1194  1.3192 0.833 13.83 | edge_dev mean=0.1669 max=0.2425 gg=0.3705 shape_dev=1.2480 xbar=0.4663
# CONVTAG t=28.00 rough=0.000000 cond=0.000000 evap=0.000000 backs=0.000000
# REG t=28.00 tp n=8 rho=[0.002 0.938 0.968 0.994] gr=0.01173 fl=1.000 | ba n=25074 rho=[0.000 0.000 0.031 0.479] gr=0.00000 fl=0.893
t=   30.00 -3.20e-16 | 1.6658 16.40  21645   25   4432   4337 | 1.4416 14.85 | 8.15e-04 2.69e-03 |   6.9917 0.9917  0.1202  1.3296 0.833 13.50 | edge_dev mean=0.1682 max=0.2450 gg=0.3689 shape_dev=1.2186 xbar=0.4660
# CONVTAG t=30.00 rough=0.000000 cond=0.000000 evap=0.000000 backs=0.000000
# REG t=30.00 tp n=8 rho=[0.002 0.937 0.965 0.979] gr=0.01103 fl=1.000 | ba n=25083 rho=[0.000 0.000 0.032 0.481] gr=0.00000 fl=0.895
t=   32.00 -3.20e-16 | 1.6658 16.41  21649   23   4561   4475 | 1.4418 14.86 | 9.30e-04 2.55e-03 |   6.9884 0.9913  0.1203  1.3390 0.833 13.50 | edge_dev mean=0.1755 max=0.2478 gg=0.3542 shape_dev=1.1917 xbar=0.4658
# CONVTAG t=32.00 rough=0.000000 cond=0.000000 evap=0.000000 backs=0.000000
# REG t=32.00 tp n=7 rho=[0.002 0.942 0.948 0.955] gr=0.01049 fl=1.000 | ba n=25078 rho=[0.000 0.000 0.033 0.486] gr=0.00000 fl=0.899
t=   34.00 -3.20e-16 | 1.6658 16.43  21677   18   4684   4592 | 1.4422 14.86 | 6.65e-04 2.70e-03 |   6.9851 0.9908  0.1211  1.3481 0.833 13.50 | edge_dev mean=0.1907 max=0.2468 gg=0.2719 shape_dev=1.1664 xbar=0.4656
# CONVTAG t=34.00 rough=0.000000 cond=0.000000 evap=0.000000 backs=0.000000
# REG t=34.00 tp n=7 rho=[0.002 0.943 0.946 0.946] gr=0.00998 fl=1.000 | ba n=25089 rho=[0.000 0.000 0.032 0.491] gr=0.00000 fl=0.900
t=   36.00 -3.20e-16 | 1.6657 16.43  21683   16   4801   4696 | 1.4424 14.87 | 7.29e-04 2.71e-03 |   6.9811 0.9902  0.1231  1.3602 0.833 13.50 | edge_dev mean=0.2071 max=0.2476 gg=0.2826 shape_dev=1.1372 xbar=0.4653
# CONVTAG t=36.00 rough=0.000000 cond=0.000000 evap=0.000000 backs=0.000000
# REG t=36.00 tp n=7 rho=[0.002 0.912 0.937 0.950] gr=0.01002 fl=1.000 | ba n=25104 rho=[0.000 0.000 0.033 0.491] gr=0.00000 fl=0.902
t=   38.00 -3.20e-16 | 1.6657 16.44  21691   20   4928   4784 | 1.4425 14.87 | 7.57e-04 2.66e-03 |   6.9777 0.9897  0.1224  1.3724 0.833 13.50 | edge_dev mean=0.2254 max=0.2490 gg=0.2936 shape_dev=1.1040 xbar=0.4651
# CONVTAG t=38.00 rough=0.000000 cond=0.000000 evap=0.000000 backs=0.000000
# REG t=38.00 tp n=7 rho=[0.002 0.900 0.924 0.959] gr=0.00973 fl=1.000 | ba n=25137 rho=[0.000 0.000 0.034 0.484] gr=0.00000 fl=0.903
t=   40.00 -3.20e-16 | 1.6657 16.46  21721   17   5031   4888 | 1.4429 14.87 | 7.64e-04 2.96e-03 |   6.9746 0.9893  0.1182  1.3847 0.833 13.67 | edge_dev mean=0.2360 max=0.2472 gg=0.3042 shape_dev=1.0753 xbar=0.4649
# CONVTAG t=40.00 rough=0.000000 cond=0.000000 evap=0.000000 backs=0.000000
# REG t=40.00 tp n=7 rho=[0.008 0.888 0.930 0.962] gr=0.00951 fl=1.000 | ba n=25139 rho=[0.000 0.000 0.035 0.487] gr=0.00000 fl=0.904
t=   42.00 -3.20e-16 | 1.6656 16.48  21740   25   5129   4973 | 1.4432 14.87 | 8.55e-04 2.74e-03 |   6.9715 0.9889  0.1176  1.3908 0.833 13.67 | edge_dev mean=0.2416 max=0.2654 gg=0.2972 shape_dev=1.0693 xbar=0.4647
# CONVTAG t=42.00 rough=0.000000 cond=0.000000 evap=0.000000 backs=0.000000
# REG t=42.00 tp n=7 rho=[0.017 0.873 0.945 0.958] gr=0.01028 fl=1.000 | ba n=25144 rho=[0.000 0.000 0.036 0.488] gr=0.00000 fl=0.906
t=   44.00 -3.20e-16 | 1.6655 16.48  21749   15   5231   5080 | 1.4434 14.88 | 6.14e-04 2.73e-03 |   6.9671 0.9882  0.1144  1.3933 0.833 13.50 | edge_dev mean=0.2454 max=0.2751 gg=0.2828 shape_dev=1.0741 xbar=0.4644
# CONVTAG t=44.00 rough=0.000000 cond=0.000000 evap=0.000000 backs=0.000000
# REG t=44.00 tp n=7 rho=[0.085 0.879 0.955 0.996] gr=0.01039 fl=1.000 | ba n=25149 rho=[0.000 0.000 0.036 0.493] gr=0.00000 fl=0.907
t=   46.00 -3.20e-16 | 1.6654 16.48  21746   17   5341   5188 | 1.4434 14.88 | 6.33e-04 2.52e-03 |   6.9640 0.9878  0.1135  1.3932 0.833 13.33 | edge_dev mean=0.2463 max=0.2810 gg=0.2746 shape_dev=1.0802 xbar=0.4642
# CONVTAG t=46.00 rough=0.000000 cond=0.000000 evap=0.000000 backs=0.000000
# REG t=46.00 tp n=7 rho=[0.155 0.891 0.954 0.977] gr=0.01022 fl=1.000 | ba n=25149 rho=[0.000 0.000 0.038 0.495] gr=0.00000 fl=0.908
t=   48.00 -3.20e-16 | 1.6652 16.49  21752   13   5448   5289 | 1.4436 14.88 | 8.05e-04 2.66e-03 |   6.9611 0.9874  0.1106  1.3997 0.833 13.33 | edge_dev mean=0.2440 max=0.2796 gg=0.2725 shape_dev=1.0835 xbar=0.4688
# CONVTAG t=48.00 rough=0.000000 cond=0.000000 evap=0.000000 backs=0.000000
# REG t=48.00 tp n=7 rho=[0.162 0.934 0.943 0.962] gr=0.01084 fl=1.000 | ba n=25159 rho=[0.000 0.000 0.038 0.495] gr=0.00000 fl=0.909
t=   50.00 -1.60e-16 | 1.6652 16.50  21766   19   5541   5361 | 1.4438 14.89 | 7.37e-04 2.78e-03 |   6.9566 0.9867  0.1099  1.3910 0.833 13.33 | edge_dev mean=0.2430 max=0.2765 gg=0.2625 shape_dev=1.0853 xbar=0.4637
# CONVTAG t=50.00 rough=0.000000 cond=0.000000 evap=0.000000 backs=0.000000
# REG t=50.00 tp n=7 rho=[0.162 0.937 0.947 0.971] gr=0.01116 fl=1.000 | ba n=25174 rho=[0.000 0.000 0.040 0.497] gr=0.00000 fl=0.910
t=   52.00 -1.60e-16 | 1.6651 16.51  21789   17   5636   5474 | 1.4441 14.89 | 5.46e-04 2.92e-03 |   7.1789 1.0183  0.1022  1.3693 0.833 13.33 | edge_dev mean=0.2457 max=0.2706 gg=0.2391 shape_dev=1.0908 xbar=0.4785
# CONVTAG t=52.00 rough=0.000000 cond=0.195868 evap=0.000000 backs=0.000000
# REG t=52.00 tp n=7 rho=[0.160 0.930 0.940 0.984] gr=0.01139 fl=1.000 | ba n=25159 rho=[0.000 0.000 0.043 0.499] gr=0.00000 fl=0.911
t=   54.00 -1.60e-16 | 1.6650 16.52  21804    9   5730   5575 | 1.4444 14.89 | 5.21e-04 2.40e-03 |   7.1762 1.0179  0.1024  1.3637 0.833 13.33 | edge_dev mean=0.2481 max=0.2661 gg=0.2564 shape_dev=1.0962 xbar=0.4783
# CONVTAG t=54.00 rough=0.000000 cond=0.195868 evap=0.000000 backs=0.000000
# REG t=54.00 tp n=7 rho=[0.160 0.909 0.955 0.957] gr=0.01241 fl=1.000 | ba n=25160 rho=[0.000 0.000 0.044 0.501] gr=0.00000 fl=0.913
t=   56.00 -1.60e-16 | 1.6649 16.54  21821   16   5821   5642 | 1.4446 14.90 | 5.21e-04 2.46e-03 |   7.1705 1.0171  0.1044  1.3622 0.833 13.33 | edge_dev mean=0.2498 max=0.2751 gg=0.2742 shape_dev=1.0939 xbar=0.4779
# CONVTAG t=56.00 rough=0.000000 cond=0.195868 evap=0.000000 backs=0.000000
# REG t=56.00 tp n=7 rho=[0.160 0.903 0.947 0.971] gr=0.01263 fl=1.000 | ba n=25176 rho=[0.000 0.000 0.047 0.514] gr=0.00000 fl=0.913
t=   58.00 -1.60e-16 | 1.6646 16.53  21812   13   5901   5729 | 1.4445 14.89 | 5.03e-04 2.40e-03 |   7.1689 1.0169  0.1093  1.3614 0.833 13.50 | edge_dev mean=0.2495 max=0.2813 gg=0.2700 shape_dev=1.0916 xbar=0.4778
# CONVTAG t=58.00 rough=0.000000 cond=0.195868 evap=0.000000 backs=0.000000
# REG t=58.00 tp n=7 rho=[0.130 0.901 0.947 0.993] gr=0.01282 fl=1.000 | ba n=25172 rho=[0.000 0.000 0.051 0.521] gr=0.00000 fl=0.913
t=   60.00 -1.60e-16 | 1.6645 16.54  21823   15   5992   5816 | 1.4446 14.89 | 5.51e-04 2.10e-03 |   7.1654 1.0164  0.1151  1.3612 0.833 13.50 | edge_dev mean=0.2511 max=0.2806 gg=0.2279 shape_dev=1.0947 xbar=0.4776
# CONVTAG t=60.00 rough=0.000000 cond=0.195868 evap=0.000000 backs=0.000000
# REG t=60.00 tp n=7 rho=[0.028 0.930 0.977 0.977] gr=0.01326 fl=1.000 | ba n=25175 rho=[0.000 0.000 0.054 0.524] gr=0.00000 fl=0.914
t=   62.00 -1.60e-16 | 1.6643 16.54  21823   13   6065   5906 | 1.4447 14.89 | 5.17e-04 2.41e-03 |   7.1609 1.0157  0.1191  1.3650 0.833 13.50 | edge_dev mean=0.2494 max=0.2749 gg=0.1939 shape_dev=1.0928 xbar=0.4773
# CONVTAG t=62.00 rough=0.000000 cond=0.195868 evap=0.000000 backs=0.000000
# REG t=62.00 tp n=7 rho=[0.008 0.957 0.963 0.969] gr=0.01269 fl=1.000 | ba n=25160 rho=[0.000 0.000 0.056 0.537] gr=0.00000 fl=0.915
t=   64.00 -1.60e-16 | 1.6642 16.55  21839   10   6146   5985 | 1.4449 14.89 | 7.40e-04 2.73e-03 |   7.1580 1.0153  0.1248  1.3720 0.833 13.83 | edge_dev mean=0.2464 max=0.2713 gg=0.1810 shape_dev=1.0912 xbar=0.4771
# CONVTAG t=64.00 rough=0.000000 cond=0.195868 evap=0.000000 backs=0.000000
# REG t=64.00 tp n=7 rho=[0.004 0.927 0.956 0.963] gr=0.01237 fl=1.000 | ba n=25163 rho=[0.000 0.000 0.062 0.556] gr=0.00000 fl=0.915
t=   66.00 -1.60e-16 | 1.6642 16.56  21853    6   6229   6080 | 1.4451 14.90 | 7.05e-04 2.92e-03 |   7.1514 1.0144  0.1332  1.3798 0.833 13.83 | edge_dev mean=0.2420 max=0.2717 gg=0.1978 shape_dev=1.0894 xbar=0.4766
# CONVTAG t=66.00 rough=0.000000 cond=0.195868 evap=0.000000 backs=0.000000
# REG t=66.00 tp n=7 rho=[0.006 0.909 0.912 0.939] gr=0.01176 fl=1.000 | ba n=25154 rho=[0.000 0.000 0.068 0.559] gr=0.00000 fl=0.917
t=   68.00 -1.60e-16 | 1.6640 16.58  21872   16   6308   6138 | 1.4453 14.90 | 5.36e-04 2.67e-03 |   7.1461 1.0136  0.1389  1.3820 0.833 13.83 | edge_dev mean=0.2407 max=0.2719 gg=0.2214 shape_dev=1.0922 xbar=0.4763
# CONVTAG t=68.00 rough=0.000000 cond=0.195868 evap=0.000000 backs=0.000000
# REG t=68.00 tp n=7 rho=[0.014 0.874 0.898 0.931] gr=0.01118 fl=1.000 | ba n=25165 rho=[0.000 0.000 0.074 0.568] gr=0.00000 fl=0.917
t=   70.00 -1.60e-16 | 1.6638 16.57  21868    5   6381   6221 | 1.4453 14.90 | 6.07e-04 2.73e-03 |   7.1406 1.0128  0.1393  1.3844 0.833 13.83 | edge_dev mean=0.2416 max=0.2747 gg=0.2244 shape_dev=1.0939 xbar=0.4781
# CONVTAG t=70.00 rough=0.000000 cond=0.195868 evap=0.000000 backs=0.000000
# REG t=70.00 tp n=7 rho=[0.003 0.854 0.896 0.940] gr=0.01048 fl=1.000 | ba n=25166 rho=[0.000 0.000 0.080 0.576] gr=0.00000 fl=0.917
t=   72.00 -1.60e-16 | 1.6637 16.57  21869    8   6446   6302 | 1.4454 14.90 | 1.36e-03 3.34e-03 |   7.1320 1.0116  0.1381  1.3778 0.833 13.67 | edge_dev mean=0.2425 max=0.2821 gg=0.1848 shape_dev=1.0975 xbar=0.4753
# CONVTAG t=72.00 rough=0.000000 cond=0.195868 evap=0.000000 backs=0.000000
# REG t=72.00 tp n=7 rho=[0.003 0.867 0.896 0.933] gr=0.00980 fl=1.000 | ba n=25149 rho=[0.000 0.000 0.087 0.594] gr=0.00000 fl=0.919
t=   74.00 -1.60e-16 | 1.6634 16.57  21858    4   6514   6379 | 1.4452 14.90 | 7.97e-04 3.35e-03 |   7.1272 1.0109  0.1366  1.3730 0.833 13.83 | edge_dev mean=0.2416 max=0.2781 gg=0.1383 shape_dev=1.1022 xbar=0.4750
# CONVTAG t=74.00 rough=0.000000 cond=0.195868 evap=0.000000 backs=0.000000
# REG t=74.00 tp n=7 rho=[0.030 0.892 0.896 0.921] gr=0.00917 fl=1.000 | ba n=25144 rho=[0.000 0.000 0.097 0.606] gr=0.00000 fl=0.919
t=   76.00 -3.20e-16 | 1.6633 16.57  21865   15   6612   6454 | 1.4454 14.90 | 5.49e-04 5.67e-03 |   7.1241 1.0105  0.1358  1.3664 0.833 13.50 | edge_dev mean=0.2420 max=0.2806 gg=0.1159 shape_dev=1.1016 xbar=0.4748
# CONVTAG t=76.00 rough=0.000000 cond=0.195868 evap=0.000000 backs=0.000000
# REG t=76.00 tp n=7 rho=[0.058 0.896 0.905 0.980] gr=0.00858 fl=1.000 | ba n=25155 rho=[0.000 0.001 0.106 0.621] gr=0.00000 fl=0.919
t=   78.00 -1.60e-16 | 1.6631 16.58  21882   14   6677   6538 | 1.4455 14.90 | 6.91e-04 3.04e-03 |   7.3344 1.0403  0.0948  1.3857 0.833 13.33 | edge_dev mean=0.2385 max=0.2837 gg=0.1188 shape_dev=1.1009 xbar=0.4888
# CONVTAG t=78.00 rough=0.000000 cond=0.389431 evap=0.000000 backs=0.000000
# REG t=78.00 tp n=7 rho=[0.636 0.903 0.926 0.967] gr=0.00803 fl=1.000 | ba n=25138 rho=[0.000 0.001 0.125 0.640] gr=0.00000 fl=0.921
t=   80.00 -1.60e-16 | 1.6629 16.57  21867   14   6765   6626 | 1.4453 14.90 | 3.33e-03 8.19e-03 |   7.3253 1.0390  0.1058  1.3811 0.833 13.33 | edge_dev mean=0.2374 max=0.2843 gg=0.1153 shape_dev=1.1085 xbar=0.4882
# CONVTAG t=80.00 rough=0.000000 cond=0.389431 evap=0.000000 backs=0.000000
# REG t=80.00 tp n=7 rho=[0.335 0.909 0.931 0.960] gr=0.00751 fl=1.000 | ba n=25138 rho=[0.000 0.001 0.146 0.652] gr=0.00000 fl=0.921
t=   82.00 -1.60e-16 | 1.6627 16.57  21863   10   6847   6709 | 1.4453 14.90 | 7.64e-04 6.18e-03 |   7.3172 1.0379  0.1332  1.3750 0.833 13.50 | edge_dev mean=0.2321 max=0.2790 gg=0.1035 shape_dev=1.1240 xbar=0.4876
# CONVTAG t=82.00 rough=0.000000 cond=0.389431 evap=0.000000 backs=0.000000
# REG t=82.00 tp n=7 rho=[0.476 0.896 0.902 0.927] gr=0.01178 fl=1.000 | ba n=25140 rho=[0.000 0.001 0.166 0.667] gr=0.00000 fl=0.921
t=   84.00 -1.60e-16 | 1.6626 16.56  21852    7   6943   6790 | 1.4452 14.90 | 1.08e-03 5.64e-03 |   7.3047 1.0361  0.1436  1.3713 0.833 13.67 | edge_dev mean=0.2226 max=0.2767 gg=0.0953 shape_dev=1.1377 xbar=0.4868
# CONVTAG t=84.00 rough=0.000000 cond=0.389431 evap=0.000000 backs=0.000000
# REG t=84.00 tp n=7 rho=[0.400 0.907 0.913 0.960] gr=0.01120 fl=1.000 | ba n=25158 rho=[0.000 0.002 0.186 0.684] gr=0.00000 fl=0.921
t=   86.00 -1.60e-16 | 1.6623 16.57  21864   10   7025   6862 | 1.4453 14.90 | 6.27e-04 3.89e-03 |   7.2981 1.0352  0.1469  1.3836 0.833 13.83 | edge_dev mean=0.2020 max=0.2825 gg=0.1134 shape_dev=1.1511 xbar=0.4914
# CONVTAG t=86.00 rough=0.000000 cond=0.389431 evap=0.000000 backs=0.000000
# REG t=86.00 tp n=7 rho=[0.348 0.903 0.918 0.983] gr=0.01064 fl=1.000 | ba n=25166 rho=[0.000 0.003 0.208 0.696] gr=0.00000 fl=0.921
t=   88.00 -1.60e-16 | 1.6622 16.59  21884   10   7126   6936 | 1.4456 14.90 | 6.49e-04 4.09e-03 |   7.3005 1.0355  0.1509  1.3773 0.833 13.67 | edge_dev mean=0.1868 max=0.2991 gg=0.1212 shape_dev=1.1662 xbar=0.4865
# CONVTAG t=88.00 rough=0.000000 cond=0.389431 evap=0.000000 backs=0.000000
# REG t=88.00 tp n=7 rho=[0.347 0.896 0.904 0.948] gr=0.01019 fl=1.000 | ba n=25193 rho=[0.000 0.004 0.230 0.715] gr=0.00000 fl=0.920
t=   90.00 -1.60e-16 | 1.6621 16.57  21867   12   7214   7022 | 1.4453 14.90 | 7.29e-04 5.05e-03 |   7.2962 1.0349  0.1507  1.3757 0.833 13.83 | edge_dev mean=0.1882 max=0.3022 gg=0.2655 shape_dev=1.1786 xbar=0.4862
# CONVTAG t=90.00 rough=0.000000 cond=0.389431 evap=0.000000 backs=0.000000
# REG t=90.00 tp n=8 rho=[0.016 0.875 0.897 0.922] gr=0.00964 fl=0.875 | ba n=25193 rho=[0.000 0.006 0.256 0.730] gr=0.00000 fl=0.921
t=   92.00 -1.60e-16 | 1.6620 16.58  21871    8   7282   7104 | 1.4454 14.90 | 7.63e-04 7.44e-03 |   7.2926 1.0344  0.1460  1.3704 0.833 13.83 | edge_dev mean=0.1995 max=0.3194 gg=0.1067 shape_dev=1.1927 xbar=0.4897
# CONVTAG t=92.00 rough=0.000000 cond=0.389431 evap=0.000000 backs=0.000000
# REG t=92.00 tp n=7 rho=[0.128 0.903 0.909 0.941] gr=0.01320 fl=0.857 | ba n=25186 rho=[0.000 0.008 0.285 0.741] gr=0.00000 fl=0.921
t=   94.00 -1.60e-16 | 1.6618 16.58  21880    6   7359   7177 | 1.4455 14.90 | 7.57e-04 3.00e-03 |   7.2872 1.0336  0.1350  1.3568 0.833 13.83 | edge_dev mean=0.2040 max=0.3389 gg=0.0495 shape_dev=1.2033 xbar=0.4854
# CONVTAG t=94.00 rough=0.000000 cond=0.389431 evap=0.000000 backs=0.000000
# REG t=94.00 tp n=7 rho=[0.154 0.939 0.948 0.983] gr=0.01371 fl=0.857 | ba n=25192 rho=[0.000 0.011 0.311 0.761] gr=0.00000 fl=0.921
t=   96.00 -3.20e-16 | 1.6617 16.58  21876    8   7431   7245 | 1.4455 14.90 | 9.17e-04 5.79e-03 |   7.2789 1.0325  0.1402  1.3346 0.833 13.67 | edge_dev mean=0.2029 max=0.3398 gg=0.0568 shape_dev=1.2117 xbar=0.4849
# CONVTAG t=96.00 rough=0.000000 cond=0.389431 evap=0.000000 backs=0.000000
# REG t=96.00 tp n=7 rho=[0.030 0.883 0.963 0.969] gr=0.01360 fl=0.857 | ba n=25195 rho=[0.000 0.014 0.343 0.776] gr=0.00000 fl=0.921
t=   98.00 -3.20e-16 | 1.6616 16.57  21865   13   7511   7319 | 1.4453 14.89 | 3.19e-03 1.14e-02 |   7.2659 1.0306  0.1595  1.3153 0.833 13.67 | edge_dev mean=0.2001 max=0.3409 gg=0.1095 shape_dev=1.2174 xbar=0.4840
# CONVTAG t=98.00 rough=0.000000 cond=0.389431 evap=0.000000 backs=0.000000
# REG t=98.00 tp n=7 rho=[0.009 0.833 0.918 0.976] gr=0.01356 fl=0.857 | ba n=25194 rho=[0.000 0.020 0.374 0.787] gr=0.00000 fl=0.922
t=  100.00 -3.20e-16 | 1.6614 16.58  21878    8   7601   7399 | 1.4454 14.89 | 5.74e-04 5.42e-03 |   6.9633 0.9877  0.1860  1.3239 0.833 13.83 | edge_dev mean=0.1976 max=0.3243 gg=0.1664 shape_dev=1.2072 xbar=0.4638
# CONVTAG t=100.00 rough=0.000000 cond=0.389431 evap=0.297054 backs=0.038746
# REG t=100.00 tp n=7 rho=[0.009 0.745 0.909 0.961] gr=0.01428 fl=0.857 | ba n=25208 rho=[0.000 0.026 0.398 0.803] gr=0.00001 fl=0.922
t=  102.00 -1.60e-16 | 1.6613 16.58  21876   14   7691   7464 | 1.4454 14.89 | 6.70e-04 6.49e-03 |   6.9556 0.9866  0.1980  1.3185 0.833 13.67 | edge_dev mean=0.1891 max=0.2898 gg=0.2391 shape_dev=1.1892 xbar=0.4635
# CONVTAG t=102.00 rough=0.000000 cond=0.389431 evap=0.297054 backs=0.038746
# REG t=102.00 tp n=7 rho=[0.033 0.724 0.909 0.953] gr=0.01955 fl=0.857 | ba n=25226 rho=[0.000 0.034 0.422 0.814] gr=0.00001 fl=0.921
t=  104.00 -1.60e-16 | 1.6613 16.57  21869   10   7760   7563 | 1.4453 14.89 | 9.17e-04 9.23e-03 |   6.9473 0.9854  0.2029  1.3204 0.833 13.50 | edge_dev mean=0.1791 max=0.2609 gg=0.2635 shape_dev=1.1716 xbar=0.4629
# CONVTAG t=104.00 rough=0.000000 cond=0.389431 evap=0.297054 backs=0.038746
# REG t=104.00 tp n=6 rho=[0.470 0.720 0.917 0.952] gr=0.02055 fl=1.000 | ba n=25200 rho=[0.000 0.045 0.450 0.824] gr=0.00001 fl=0.922
t=  106.00 -1.60e-16 | 1.6613 16.58  21877   10   7857   7655 | 1.4454 14.89 | 2.85e-03 1.53e-02 |   6.6084 0.9374  0.1821  1.3486 0.833 13.50 | edge_dev mean=0.1701 max=0.2563 gg=0.2627 shape_dev=1.1633 xbar=0.4403
# CONVTAG t=106.00 rough=0.000000 cond=0.389431 evap=0.633600 backs=0.082644
# REG t=106.00 tp n=6 rho=[0.457 0.748 0.915 0.952] gr=0.02118 fl=1.000 | ba n=25206 rho=[0.000 0.056 0.475 0.833] gr=0.00001 fl=0.922
t=  108.00 -1.60e-16 | 1.6613 16.58  21873    3   7934   7737 | 1.4453 14.88 | 1.49e-03 5.45e-03 |   6.2466 0.8860  0.2050  1.3509 0.833 13.67 | edge_dev mean=0.1770 max=0.2597 gg=0.2378 shape_dev=1.1837 xbar=0.4162
# CONVTAG t=108.00 rough=0.000000 cond=0.389431 evap=0.992150 backs=0.129411
# REG t=108.00 tp n=6 rho=[0.461 0.768 0.907 0.952] gr=0.02695 fl=1.000 | ba n=25207 rho=[0.000 0.070 0.505 0.843] gr=0.00001 fl=0.923
t=  110.00 -1.60e-16 | 1.6612 16.58  21873   14   8026   7829 | 1.4453 14.88 | 9.65e-03 2.36e-02 |   6.2430 0.8855  0.1997  1.3500 0.833 13.83 | edge_dev mean=0.1758 max=0.2636 gg=0.1735 shape_dev=1.1873 xbar=0.4159
# CONVTAG t=110.00 rough=0.000000 cond=0.389431 evap=0.992150 backs=0.129411
# REG t=110.00 tp n=6 rho=[0.520 0.801 0.901 0.952] gr=0.02954 fl=1.000 | ba n=25196 rho=[0.000 0.084 0.524 0.853] gr=0.00001 fl=0.923
t=  112.00 -1.60e-16 | 1.6611 16.58  21879    7   8116   7932 | 1.4454 14.88 | 2.19e-03 7.93e-03 |   6.1315 0.8697  0.2162  1.3437 0.833 13.83 | edge_dev mean=0.1757 max=0.2694 gg=0.1690 shape_dev=1.1906 xbar=0.4080
# CONVTAG t=112.00 rough=0.000000 cond=0.389431 evap=0.992150 backs=0.129411
# REG t=112.00 tp n=6 rho=[0.737 0.818 0.891 0.954] gr=0.02831 fl=1.000 | ba n=25189 rho=[0.000 0.105 0.550 0.861] gr=0.00001 fl=0.923
t=  114.00 -1.60e-16 | 1.6611 16.57  21867    4   8206   8016 | 1.4452 14.88 | 1.67e-03 4.14e-03 |   5.6281 0.7983  0.3186  1.3138 0.833 14.00 | edge_dev mean=0.1871 max=0.2835 gg=0.0847 shape_dev=1.2098 xbar=0.3750
# CONVTAG t=114.00 rough=0.000000 cond=0.389431 evap=0.992150 backs=0.129411
# REG t=114.00 tp n=7 rho=[0.491 0.833 0.861 0.948] gr=0.02648 fl=0.857 | ba n=25196 rho=[0.000 0.127 0.573 0.865] gr=0.00001 fl=0.924
t=  116.00 -1.60e-16 | 1.6610 16.57  21870    3   8288   8089 | 1.4452 14.88 | 1.31e-03 7.36e-03 |   5.5883 0.7927  0.3088  1.3155 0.833 14.00 | edge_dev mean=0.1899 max=0.2941 gg=0.0751 shape_dev=1.2120 xbar=0.3725
# CONVTAG t=116.00 rough=0.000000 cond=0.389431 evap=0.992150 backs=0.129411
# REG t=116.00 tp n=7 rho=[0.491 0.834 0.838 0.936] gr=0.02478 fl=0.857 | ba n=25206 rho=[0.001 0.147 0.596 0.872] gr=0.00001 fl=0.924
t=  118.00 -1.60e-16 | 1.6609 16.58  21871    6   8366   8161 | 1.4452 14.88 | 1.17e-03 4.63e-03 |   5.6497 0.8014  0.2901  1.3159 0.833 14.00 | edge_dev mean=0.1911 max=0.3098 gg=0.0027 shape_dev=1.2090 xbar=0.3765
# CONVTAG t=118.00 rough=0.000000 cond=0.389431 evap=0.992150 backs=0.129411
# REG t=118.00 tp n=7 rho=[0.490 0.814 0.834 0.931] gr=0.02322 fl=0.857 | ba n=25209 rho=[0.001 0.165 0.614 0.882] gr=0.00001 fl=0.924
t=  120.00 -1.60e-16 | 1.6609 16.58  21876    5   8425   8230 | 1.4453 14.88 | 1.52e-03 7.82e-03 |   5.8000 0.8227  0.2841  1.3028 0.833 14.17 | edge_dev mean=0.1874 max=0.3169 gg=0.0157 shape_dev=1.2031 xbar=0.3864
# CONVTAG t=120.00 rough=0.000000 cond=0.389431 evap=0.992150 backs=0.129411
# REG t=120.00 tp n=7 rho=[0.497 0.796 0.834 0.931] gr=0.02188 fl=0.857 | ba n=25201 rho=[0.001 0.185 0.627 0.888] gr=0.00001 fl=0.924
t=  122.00 -3.20e-16 | 1.6608 16.57  21869    9   8500   8307 | 1.4452 14.88 | 2.08e-03 7.62e-03 |   6.0130 0.8529  0.2938  1.2839 0.833 14.17 | edge_dev mean=0.1817 max=0.3193 gg=0.0614 shape_dev=1.1942 xbar=0.4007
# CONVTAG t=122.00 rough=0.000000 cond=0.389431 evap=0.992150 backs=0.129411
# REG t=122.00 tp n=7 rho=[0.508 0.777 0.834 0.931] gr=0.02062 fl=0.857 | ba n=25197 rho=[0.002 0.202 0.644 0.891] gr=0.00001 fl=0.925
t=  124.00 -3.20e-16 | 1.6606 16.56  21851   12   8589   8395 | 1.4450 14.88 | 2.63e-03 1.28e-02 |   6.0191 0.8538  0.2960  1.2786 0.833 14.17 | edge_dev mean=0.1778 max=0.3115 gg=0.2422 shape_dev=1.1858 xbar=0.4011
# CONVTAG t=124.00 rough=0.000000 cond=0.389431 evap=0.992150 backs=0.129411
# REG t=124.00 tp n=7 rho=[0.511 0.806 0.834 0.931] gr=0.01932 fl=0.857 | ba n=25195 rho=[0.002 0.222 0.655 0.894] gr=0.00001 fl=0.925
# QATOM t=125.06 dir=FD w=1.64743029 e=0.30152617584 i=98 Em=0.0005
t=  126.00 -3.20e-16 | 1.6605 16.56  21850   14   8708   8502 | 1.4450 14.88 | 4.25e-03 1.25e-02 |   6.0825 0.8628  0.2942  1.2802 0.833 14.17 | edge_dev mean=0.1743 max=0.2987 gg=0.1886 shape_dev=1.1792 xbar=0.4097
# CONVTAG t=126.00 rough=0.000000 cond=0.389431 evap=0.992150 backs=0.129411
# REG t=126.00 tp n=7 rho=[0.511 0.827 0.835 0.931] gr=0.01808 fl=0.857 | ba n=25202 rho=[0.003 0.241 0.667 0.897] gr=0.00002 fl=0.924
t=  128.00 -3.20e-16 | 1.6604 16.56  21847   12   8785   8600 | 1.4450 14.88 | 1.40e-03 1.15e-02 |   6.1711 0.8753  0.2898  1.2743 0.833 14.17 | edge_dev mean=0.1724 max=0.2829 gg=0.3079 shape_dev=1.1759 xbar=0.4112
# CONVTAG t=128.00 rough=0.000000 cond=0.389431 evap=0.992150 backs=0.129411
# REG t=128.00 tp n=7 rho=[0.511 0.840 0.848 0.943] gr=0.01691 fl=0.857 | ba n=25183 rho=[0.004 0.265 0.678 0.901] gr=0.00002 fl=0.925
t=  130.00 -3.20e-16 | 1.6603 16.56  21850    7   8882   8702 | 1.4450 14.88 | 1.17e-03 6.06e-03 |   6.2033 0.8799  0.2877  1.2792 0.833 14.17 | edge_dev mean=0.1769 max=0.2871 gg=0.1779 shape_dev=1.1707 xbar=0.4134
# CONVTAG t=130.00 rough=0.000000 cond=0.389431 evap=0.992150 backs=0.129411
# REG t=130.00 tp n=7 rho=[0.511 0.846 0.884 0.944] gr=0.01582 fl=0.857 | ba n=25183 rho=[0.006 0.286 0.690 0.905] gr=0.00002 fl=0.925
t=  132.00 -1.60e-16 | 1.6601 16.56  21857   11   8978   8794 | 1.4451 14.88 | 1.71e-03 8.96e-03 |   6.1728 0.8756  0.2860  1.2807 0.833 14.17 | edge_dev mean=0.1800 max=0.2890 gg=0.2274 shape_dev=1.1793 xbar=0.4113
# CONVTAG t=132.00 rough=0.000000 cond=0.389431 evap=0.992150 backs=0.129411
# REG t=132.00 tp n=7 rho=[0.511 0.847 0.900 0.918] gr=0.01480 fl=0.857 | ba n=25183 rho=[0.008 0.306 0.705 0.908] gr=0.00002 fl=0.925
t=  134.00 -1.60e-16 | 1.6601 16.57  21864    5   9060   8902 | 1.4451 14.88 | 1.05e-03 1.01e-02 |   6.1161 0.8675  0.2897  1.2799 0.833 14.17 | edge_dev mean=0.1809 max=0.2805 gg=0.0933 shape_dev=1.1901 xbar=0.4076
# CONVTAG t=134.00 rough=0.000000 cond=0.389431 evap=0.992150 backs=0.129411
# REG t=134.00 tp n=7 rho=[0.510 0.847 0.916 0.917] gr=0.01386 fl=0.857 | ba n=25163 rho=[0.011 0.328 0.713 0.910] gr=0.00002 fl=0.926
t=  136.00 -3.20e-16 | 1.6599 16.55  21837    8   9154   8997 | 1.4448 14.87 | 1.94e-03 9.87e-03 |   5.6465 0.8009  0.3638  1.2752 0.833 14.17 | edge_dev mean=0.1841 max=0.2748 gg=0.1491 shape_dev=1.1959 xbar=0.3763
# CONVTAG t=136.00 rough=0.000000 cond=0.389431 evap=1.364620 backs=0.177994
# REG t=136.00 tp n=7 rho=[0.502 0.847 0.916 0.932] gr=0.01318 fl=0.857 | ba n=25158 rho=[0.014 0.345 0.727 0.913] gr=0.00002 fl=0.926
t=  138.00 -3.20e-16 | 1.6598 16.55  21841    9   9249   9108 | 1.4448 14.87 | 4.09e-03 1.27e-02 |   5.4629 0.7749  0.4051  1.2636 0.833 14.17 | edge_dev mean=0.1822 max=0.2736 gg=0.0580 shape_dev=1.1918 xbar=0.3641
# CONVTAG t=138.00 rough=0.000000 cond=0.389431 evap=1.364620 backs=0.177994
# REG t=138.00 tp n=7 rho=[0.490 0.847 0.914 0.932] gr=0.01265 fl=0.857 | ba n=25141 rho=[0.018 0.362 0.733 0.916] gr=0.00002 fl=0.927
t=  140.00 -3.20e-16 | 1.6598 16.56  21851    8   9328   9194 | 1.4450 14.87 | 2.20e-03 7.60e-03 |   5.2607 0.7462  0.4295  1.2647 0.833 14.17 | edge_dev mean=0.1772 max=0.2738 gg=0.1525 shape_dev=1.1850 xbar=0.3505
# CONVTAG t=140.00 rough=0.000000 cond=0.389431 evap=1.364620 backs=0.177994
# REG t=140.00 tp n=7 rho=[0.467 0.847 0.906 0.935] gr=0.01242 fl=0.857 | ba n=25135 rho=[0.023 0.378 0.741 0.918] gr=0.00002 fl=0.927
t=  142.00 -3.20e-16 | 1.6598 16.56  21854    8   9435   9282 | 1.4450 14.87 | 1.98e-03 9.46e-03 |   5.0743 0.7198  0.4256  1.2980 0.833 14.17 | edge_dev mean=0.1760 max=0.2758 gg=0.0867 shape_dev=1.1861 xbar=0.3445
# CONVTAG t=142.00 rough=0.000000 cond=0.389431 evap=1.364620 backs=0.177994
# REG t=142.00 tp n=7 rho=[0.468 0.847 0.904 0.936] gr=0.01169 fl=0.857 | ba n=25155 rho=[0.028 0.388 0.747 0.922] gr=0.00002 fl=0.926
t=  144.00 -3.20e-16 | 1.6597 16.57  21858    3   9523   9373 | 1.4450 14.87 | 1.12e-03 6.43e-03 |   4.9537 0.7026  0.4263  1.3022 0.833 14.33 | edge_dev mean=0.1701 max=0.2763 gg=0.0827 shape_dev=1.1675 xbar=0.3301
# CONVTAG t=144.00 rough=0.000000 cond=0.389431 evap=1.364620 backs=0.177994
# REG t=144.00 tp n=7 rho=[0.491 0.847 0.904 0.936] gr=0.01112 fl=0.857 | ba n=25158 rho=[0.034 0.401 0.752 0.923] gr=0.00002 fl=0.926
t=  146.00 -3.20e-16 | 1.6597 16.57  21870    9   9605   9456 | 1.4451 14.87 | 1.94e-03 7.00e-03 |   4.5602 0.6468  0.4649  1.2446 0.833 14.33 | edge_dev mean=0.1676 max=0.2961 gg=0.0535 shape_dev=1.1609 xbar=0.3038
# CONVTAG t=146.00 rough=0.000000 cond=0.389431 evap=1.749674 backs=0.228218
# REG t=146.00 tp n=7 rho=[0.494 0.852 0.905 0.936] gr=0.01042 fl=0.857 | ba n=25151 rho=[0.040 0.419 0.760 0.927] gr=0.00002 fl=0.927
t=  148.00 -3.20e-16 | 1.6596 16.58  21883    6   9696   9555 | 1.4453 14.87 | 2.02e-03 1.00e-02 |   4.5775 0.6493  0.4537  1.2562 0.833 14.50 | edge_dev mean=0.1868 max=0.3329 gg=0.1494 shape_dev=1.1726 xbar=0.3045
# CONVTAG t=148.00 rough=0.000000 cond=0.389431 evap=1.749674 backs=0.228218
# REG t=148.00 tp n=7 rho=[0.494 0.877 0.881 0.907] gr=0.01608 fl=0.857 | ba n=25145 rho=[0.047 0.433 0.767 0.931] gr=0.00002 fl=0.927
t=  150.00 -3.20e-16 | 1.6595 16.59  21887    5   9787   9644 | 1.4454 14.87 | 6.05e-03 1.62e-02 |   4.6836 0.6643  0.4368  1.2622 0.833 14.33 | edge_dev mean=0.1863 max=0.3304 gg=0.1597 shape_dev=1.1719 xbar=0.3118
# CONVTAG t=150.00 rough=0.000000 cond=0.389431 evap=1.749674 backs=0.228218
# REG t=150.00 tp n=7 rho=[0.494 0.902 0.908 0.913] gr=0.01504 fl=0.857 | ba n=25148 rho=[0.054 0.447 0.770 0.933] gr=0.00002 fl=0.927
t=  152.00 -3.20e-16 | 1.6594 16.59  21886    5   9881   9735 | 1.4454 14.87 | 9.17e-04 7.43e-03 |   4.8192 0.6836  0.4111  1.2743 0.833 14.50 | edge_dev mean=0.1749 max=0.3170 gg=0.1303 shape_dev=1.1563 xbar=0.3211
# CONVTAG t=152.00 rough=0.000000 cond=0.389431 evap=1.749674 backs=0.228218
# REG t=152.00 tp n=7 rho=[0.493 0.902 0.905 0.936] gr=0.01407 fl=0.857 | ba n=25151 rho=[0.062 0.458 0.778 0.935] gr=0.00003 fl=0.927
t=  154.00 -3.20e-16 | 1.6594 16.59  21886    4   9980   9821 | 1.4454 14.87 | 1.75e-03 1.13e-02 |   4.9087 0.6963  0.3969  1.2911 0.833 14.17 | edge_dev mean=0.1681 max=0.2948 gg=0.0232 shape_dev=1.0804 xbar=0.3270
# CONVTAG t=154.00 rough=0.000000 cond=0.560490 evap=2.050323 backs=0.267433
# REG t=154.00 tp n=6 rho=[0.848 0.901 0.903 0.936] gr=0.01317 fl=1.000 | ba n=25166 rho=[0.070 0.467 0.784 0.935] gr=0.00003 fl=0.927
t=  156.00 -3.20e-16 | 1.6593 16.59  21887    7  10068   9934 | 1.4454 14.88 | 2.32e-03 1.48e-02 |   4.3690 0.6197  0.4905  1.2873 0.833 14.50 | edge_dev mean=0.1795 max=0.2764 gg=0.0086 shape_dev=1.0095 xbar=0.2906
# CONVTAG t=156.00 rough=0.000000 cond=0.560490 evap=2.423992 backs=0.316173
# REG t=156.00 tp n=6 rho=[0.848 0.877 0.901 0.936] gr=0.01232 fl=1.000 | ba n=25136 rho=[0.079 0.478 0.789 0.937] gr=0.00003 fl=0.928
t=  158.00 -3.20e-16 | 1.6593 16.59  21893    6  10152  10005 | 1.4455 14.87 | 1.99e-03 9.73e-03 |   4.3479 0.6167  0.4944  1.2966 0.833 14.50 | edge_dev mean=0.1850 max=0.2964 gg=0.0025 shape_dev=0.9937 xbar=0.2894
# CONVTAG t=158.00 rough=0.000000 cond=0.560490 evap=2.423992 backs=0.316173
# REG t=158.00 tp n=6 rho=[0.848 0.877 0.901 0.926] gr=0.01153 fl=1.000 | ba n=25148 rho=[0.087 0.487 0.793 0.939] gr=0.00003 fl=0.928
t=  160.00 -3.20e-16 | 1.6593 16.60  21903    8  10241  10092 | 1.4456 14.87 | 1.56e-03 1.27e-02 |   4.3522 0.6173  0.4960  1.3048 0.833 14.67 | edge_dev mean=0.1859 max=0.3327 gg=0.0000 shape_dev=0.9713 xbar=0.2895
# CONVTAG t=160.00 rough=0.000000 cond=0.560490 evap=2.423992 backs=0.316173
# REG t=160.00 tp n=6 rho=[0.848 0.877 0.901 0.901] gr=0.01078 fl=1.000 | ba n=25148 rho=[0.097 0.498 0.800 0.941] gr=0.00003 fl=0.928
t=  162.00 -3.20e-16 | 1.6592 16.59  21894   11  10346  10186 | 1.4455 14.87 | 4.56e-03 1.58e-02 |   4.3624 0.6188  0.4972  1.2998 0.833 14.67 | edge_dev mean=0.1880 max=0.3488 gg=0.0005 shape_dev=0.9755 xbar=0.2904
# CONVTAG t=162.00 rough=0.000000 cond=0.560490 evap=2.423992 backs=0.316173
# REG t=162.00 tp n=7 rho=[0.529 0.870 0.877 0.901] gr=0.01009 fl=0.857 | ba n=25155 rho=[0.107 0.508 0.803 0.941] gr=0.00003 fl=0.927
t=  164.00 -1.60e-16 | 1.6592 16.60  21899    8  10444  10286 | 1.4455 14.87 | 7.18e-03 1.81e-02 |   4.4013 0.6243  0.4869  1.2926 0.833 14.50 | edge_dev mean=0.1894 max=0.3485 gg=0.0014 shape_dev=0.9878 xbar=0.2928
# CONVTAG t=164.00 rough=0.000000 cond=0.560490 evap=2.423992 backs=0.316173
# REG t=164.00 tp n=7 rho=[0.541 0.864 0.884 0.901] gr=0.00944 fl=0.857 | ba n=25156 rho=[0.115 0.517 0.805 0.939] gr=0.00003 fl=0.927
t=  166.00 -1.60e-16 | 1.6591 16.59  21884    6  10536  10398 | 1.4454 14.87 | 1.47e-03 9.08e-03 |   4.2340 0.6006  0.5386  1.1751 0.833 13.83 | edge_dev mean=0.1811 max=0.2760 gg=0.0035 shape_dev=1.0714 xbar=0.2821
# CONVTAG t=166.00 rough=0.000000 cond=0.560490 evap=2.837522 backs=0.370112
# REG t=166.00 tp n=7 rho=[0.544 0.862 0.884 0.901] gr=0.00884 fl=0.857 | ba n=25137 rho=[0.123 0.524 0.808 0.942] gr=0.00003 fl=0.928
t=  168.00 -1.60e-16 | 1.6591 16.60  21898    6  10627  10483 | 1.4455 14.87 | 2.15e-03 6.83e-03 |   3.8678 0.5486  0.5799  1.1942 0.833 14.33 | edge_dev mean=0.1763 max=0.2800 gg=0.0077 shape_dev=1.0951 xbar=0.2576
# CONVTAG t=168.00 rough=0.000000 cond=0.560490 evap=3.262249 backs=0.425511
# REG t=168.00 tp n=7 rho=[0.544 0.862 0.884 0.901] gr=0.00828 fl=0.857 | ba n=25143 rho=[0.130 0.531 0.812 0.944] gr=0.00003 fl=0.929
t=  170.00 -1.60e-16 | 1.6590 16.59  21888    7  10727  10579 | 1.4454 14.87 | 2.26e-03 8.84e-03 |   3.6853 0.5227  0.5648  1.1831 0.833 14.33 | edge_dev mean=0.1708 max=0.2680 gg=0.0229 shape_dev=1.1058 xbar=0.2455
# CONVTAG t=170.00 rough=0.000000 cond=0.743144 evap=3.583277 backs=0.467384
# REG t=170.00 tp n=7 rho=[0.544 0.862 0.893 0.901] gr=0.00774 fl=0.857 | ba n=25146 rho=[0.137 0.537 0.813 0.943] gr=0.00003 fl=0.928
t=  172.00 -1.60e-16 | 1.6589 16.60  21900    7  10830  10679 | 1.4456 14.87 | 4.96e-03 1.43e-02 |   3.6807 0.5221  0.5727  1.1850 0.833 14.50 | edge_dev mean=0.1711 max=0.2762 gg=0.0624 shape_dev=1.0933 xbar=0.2451
# CONVTAG t=172.00 rough=0.000000 cond=0.743144 evap=3.583277 backs=0.467384
# REG t=172.00 tp n=7 rho=[0.546 0.862 0.894 0.901] gr=0.00724 fl=0.857 | ba n=25150 rho=[0.145 0.545 0.818 0.946] gr=0.00003 fl=0.928
t=  174.00 -1.60e-16 | 1.6588 16.60  21903   10  10926  10782 | 1.4456 14.87 | 1.26e-03 9.09e-03 |   3.7482 0.5317  0.5517  1.2045 0.833 14.67 | edge_dev mean=0.1761 max=0.2952 gg=0.0717 shape_dev=1.0890 xbar=0.2497
# CONVTAG t=174.00 rough=0.000000 cond=0.743144 evap=3.583277 backs=0.467384
# REG t=174.00 tp n=7 rho=[0.546 0.862 0.867 0.901] gr=0.00679 fl=0.857 | ba n=25140 rho=[0.152 0.552 0.821 0.946] gr=0.00003 fl=0.929
t=  176.00 -1.60e-16 | 1.6587 16.60  21904   10  11044  10883 | 1.4456 14.87 | 1.03e-03 8.08e-03 |   3.7614 0.5335  0.5479  1.2106 0.833 14.67 | edge_dev mean=0.1753 max=0.3005 gg=0.1076 shape_dev=1.0896 xbar=0.2506
# CONVTAG t=176.00 rough=0.000000 cond=0.743144 evap=3.583277 backs=0.467384
# REG t=176.00 tp n=7 rho=[0.546 0.867 0.897 0.898] gr=0.00667 fl=0.857 | ba n=25157 rho=[0.156 0.560 0.824 0.947] gr=0.00003 fl=0.928
t=  178.00 -1.60e-16 | 1.6587 16.61  21918    4  11131  10988 | 1.4457 14.87 | 2.50e-03 1.09e-02 |   3.7438 0.5310  0.5540  1.2057 0.833 14.83 | edge_dev mean=0.1754 max=0.3011 gg=0.0488 shape_dev=1.0874 xbar=0.2494
# CONVTAG t=178.00 rough=0.000000 cond=0.743144 evap=3.583277 backs=0.467384
# REG t=178.00 tp n=7 rho=[0.548 0.867 0.899 0.900] gr=0.00643 fl=0.857 | ba n=25145 rho=[0.165 0.565 0.827 0.948] gr=0.00003 fl=0.928
t=  180.00 -1.60e-16 | 1.6587 16.60  21906    3  11231  11072 | 1.4456 14.87 | 3.77e-03 9.38e-03 |   3.7207 0.5278  0.5621  1.1951 0.833 14.83 | edge_dev mean=0.1750 max=0.2933 gg=0.0141 shape_dev=1.0906 xbar=0.2476
# CONVTAG t=180.00 rough=0.000000 cond=0.743144 evap=3.583277 backs=0.467384
# REG t=180.00 tp n=7 rho=[0.548 0.868 0.885 0.901] gr=0.00614 fl=0.857 | ba n=25162 rho=[0.172 0.572 0.828 0.948] gr=0.00003 fl=0.928
t=  182.00 -1.60e-16 | 1.6587 16.61  21914    5  11321  11172 | 1.4457 14.87 | 2.48e-03 7.75e-03 |   3.7152 0.5270  0.5679  1.1921 0.833 15.00 | edge_dev mean=0.1762 max=0.2986 gg=0.0030 shape_dev=1.0958 xbar=0.2474
# CONVTAG t=182.00 rough=0.000000 cond=0.743144 evap=3.583277 backs=0.467384
# REG t=182.00 tp n=7 rho=[0.549 0.878 0.878 0.901] gr=0.00579 fl=0.857 | ba n=25151 rho=[0.181 0.577 0.834 0.948] gr=0.00003 fl=0.929
t=  184.00 -1.60e-16 | 1.6587 16.61  21912    2  11405  11254 | 1.4457 14.87 | 1.62e-03 6.39e-03 |   3.7409 0.5306  0.5598  1.1952 0.833 15.17 | edge_dev mean=0.1763 max=0.3049 gg=0.0004 shape_dev=1.0971 xbar=0.2490
# CONVTAG t=184.00 rough=0.000000 cond=0.743144 evap=3.583277 backs=0.467384
# REG t=184.00 tp n=7 rho=[0.552 0.862 0.877 0.901] gr=0.00542 fl=0.857 | ba n=25155 rho=[0.187 0.582 0.834 0.948] gr=0.00003 fl=0.929
t=  186.00 -1.60e-16 | 1.6586 16.61  21911    9  11502  11350 | 1.4457 14.87 | 4.30e-03 1.03e-02 |   3.7277 0.5287  0.5638  1.1923 0.833 15.33 | edge_dev mean=0.1779 max=0.3162 gg=0.0011 shape_dev=1.0963 xbar=0.2480
# CONVTAG t=186.00 rough=0.000000 cond=0.743144 evap=3.583277 backs=0.467384
# REG t=186.00 tp n=7 rho=[0.552 0.862 0.877 0.899] gr=0.00507 fl=0.857 | ba n=25148 rho=[0.193 0.585 0.838 0.950] gr=0.00003 fl=0.929
t=  188.00 -1.60e-16 | 1.6586 16.60  21907    5  11601  11453 | 1.4457 14.87 | 1.66e-03 8.70e-03 |   3.6811 0.5221  0.5730  1.1890 0.833 15.00 | edge_dev mean=0.1815 max=0.3202 gg=0.0001 shape_dev=1.0973 xbar=0.2451
# CONVTAG t=188.00 rough=0.000000 cond=0.743144 evap=3.583277 backs=0.467384
# REG t=188.00 tp n=7 rho=[0.552 0.863 0.877 0.899] gr=0.00475 fl=0.857 | ba n=25147 rho=[0.199 0.590 0.839 0.951] gr=0.00003 fl=0.929
t=  190.00 -3.20e-16 | 1.6586 16.59  21889    7  11698  11569 | 1.4454 14.87 | 1.43e-03 6.85e-03 |   3.7047 0.5255  0.5690  1.2006 0.833 15.00 | edge_dev mean=0.1828 max=0.3260 gg=0.0000 shape_dev=1.0823 xbar=0.2466
# CONVTAG t=190.00 rough=0.000000 cond=0.743144 evap=3.583277 backs=0.467384
# REG t=190.00 tp n=7 rho=[0.556 0.863 0.878 0.902] gr=0.00444 fl=0.857 | ba n=25126 rho=[0.203 0.593 0.840 0.951] gr=0.00003 fl=0.930
t=  192.00 -3.20e-16 | 1.6585 16.58  21877    6  11780  11649 | 1.4452 14.86 | 3.68e-03 1.01e-02 |   3.7060 0.5257  0.5725  1.2000 0.833 14.83 | edge_dev mean=0.1847 max=0.3212 gg=0.0032 shape_dev=1.0832 xbar=0.2468
# CONVTAG t=192.00 rough=0.000000 cond=0.743144 evap=3.583277 backs=0.467384
# REG t=192.00 tp n=7 rho=[0.556 0.863 0.902 0.902] gr=0.00425 fl=0.857 | ba n=25130 rho=[0.209 0.597 0.841 0.951] gr=0.00004 fl=0.930
t=  194.00 -3.20e-16 | 1.6585 16.58  21872    6  11859  11738 | 1.4452 14.87 | 1.60e-03 1.04e-02 |   3.9451 0.5596  0.6279  1.2172 0.833 14.67 | edge_dev mean=0.1871 max=0.3391 gg=0.0375 shape_dev=1.0696 xbar=0.2627
# CONVTAG t=194.00 rough=0.000000 cond=0.933169 evap=3.583277 backs=0.467384
# REG t=194.00 tp n=7 rho=[0.565 0.863 0.902 0.924] gr=0.00407 fl=0.857 | ba n=25121 rho=[0.214 0.601 0.843 0.953] gr=0.00004 fl=0.930
t=  196.00 -1.60e-16 | 1.6584 16.60  21898    4  11946  11838 | 1.4456 14.87 | 3.94e-03 1.09e-02 |   3.9534 0.5608  0.6254  1.2170 0.833 15.00 | edge_dev mean=0.1893 max=0.3615 gg=0.0092 shape_dev=1.0611 xbar=0.2631
# CONVTAG t=196.00 rough=0.000000 cond=0.933169 evap=3.583277 backs=0.467384
# REG t=196.00 tp n=7 rho=[0.565 0.864 0.901 0.933] gr=0.00391 fl=0.857 | ba n=25111 rho=[0.217 0.607 0.846 0.954] gr=0.00004 fl=0.930
t=  198.00 -3.20e-16 | 1.6584 16.60  21907    4  12034  11911 | 1.4456 14.87 | 3.03e-03 1.23e-02 |   3.9115 0.5548  0.6389  1.2055 0.833 14.67 | edge_dev mean=0.1889 max=0.3651 gg=0.0002 shape_dev=1.0612 xbar=0.2605
# CONVTAG t=198.00 rough=0.000000 cond=0.933169 evap=3.583277 backs=0.467384
# REG t=198.00 tp n=7 rho=[0.568 0.863 0.892 0.917] gr=0.00376 fl=0.857 | ba n=25126 rho=[0.221 0.610 0.850 0.955] gr=0.00004 fl=0.930
t=  200.00 -1.60e-16 | 1.6584 16.59  21897    4  12140  12018 | 1.4456 14.87 | 2.36e-03 7.25e-03 |   3.8869 0.5513  0.6450  1.1951 0.833 14.83 | edge_dev mean=0.1913 max=0.3701 gg=0.0000 shape_dev=1.0643 xbar=0.2587
# CONVTAG t=200.00 rough=0.000000 cond=0.933169 evap=3.583277 backs=0.467384
# REG t=200.00 tp n=7 rho=[0.576 0.863 0.897 0.900] gr=0.00360 fl=0.857 | ba n=25125 rho=[0.225 0.614 0.851 0.955] gr=0.00004 fl=0.930
t=  202.00 -3.20e-16 | 1.6584 16.58  21883   10  12242  12120 | 1.4454 14.87 | 2.00e-03 6.22e-03 |   3.9210 0.5562  0.6326  1.1995 0.833 15.00 | edge_dev mean=0.1923 max=0.3705 gg=0.0036 shape_dev=1.0733 xbar=0.2611
# CONVTAG t=202.00 rough=0.000000 cond=0.933169 evap=3.583277 backs=0.467384
# REG t=202.00 tp n=7 rho=[0.576 0.864 0.896 0.905] gr=0.00337 fl=0.857 | ba n=25119 rho=[0.229 0.618 0.854 0.956] gr=0.00004 fl=0.930
t=  204.00 -3.20e-16 | 1.6583 16.59  21888    7  12335  12237 | 1.4454 14.87 | 3.94e-03 9.99e-03 |   3.9674 0.5628  0.6159  1.2094 0.833 15.00 | edge_dev mean=0.1897 max=0.3686 gg=0.0000 shape_dev=1.0726 xbar=0.2644
# CONVTAG t=204.00 rough=0.000000 cond=0.933169 evap=3.583277 backs=0.467384
# REG t=204.00 tp n=7 rho=[0.576 0.864 0.895 0.906] gr=0.00315 fl=0.857 | ba n=25097 rho=[0.237 0.623 0.854 0.957] gr=0.00004 fl=0.931
t=  206.00 -1.60e-16 | 1.6583 16.60  21898    6  12467  12377 | 1.4455 14.87 | 2.33e-03 9.43e-03 |   3.9373 0.5585  0.6253  1.2031 0.833 15.17 | edge_dev mean=0.1874 max=0.3658 gg=0.0000 shape_dev=1.0709 xbar=0.2620
# CONVTAG t=206.00 rough=0.000000 cond=0.933169 evap=3.583277 backs=0.467384
# REG t=206.00 tp n=7 rho=[0.585 0.863 0.895 0.906] gr=0.00295 fl=0.857 | ba n=25090 rho=[0.247 0.626 0.855 0.957] gr=0.00004 fl=0.931
t=  208.00 -3.20e-16 | 1.6583 16.60  21909    3  12587  12509 | 1.4456 14.87 | 2.00e-03 1.00e-02 |   3.8783 0.5501  0.6478  1.1985 0.833 15.17 | edge_dev mean=0.1889 max=0.3661 gg=0.0000 shape_dev=1.0705 xbar=0.2583
# CONVTAG t=208.00 rough=0.000000 cond=0.933169 evap=3.583277 backs=0.467384
# REG t=208.00 tp n=7 rho=[0.587 0.863 0.896 0.906] gr=0.00276 fl=0.857 | ba n=25083 rho=[0.252 0.631 0.855 0.958] gr=0.00004 fl=0.931
t=  210.00 -3.20e-16 | 1.6583 16.61  21920    3  12701  12619 | 1.4458 14.87 | 1.81e-03 8.73e-03 |   3.8295 0.5432  0.6672  1.2081 0.833 15.17 | edge_dev mean=0.1903 max=0.3666 gg=0.0068 shape_dev=1.0649 xbar=0.2564
# CONVTAG t=210.00 rough=0.000000 cond=0.933169 evap=3.583277 backs=0.467384
# REG t=210.00 tp n=7 rho=[0.587 0.864 0.899 0.902] gr=0.00259 fl=0.857 | ba n=25085 rho=[0.258 0.635 0.856 0.958] gr=0.00004 fl=0.931
t=  212.00 -3.20e-16 | 1.6583 16.60  21909    3  12790  12719 | 1.4457 14.87 | 3.97e-03 1.00e-02 |   3.8112 0.5406  0.6745  1.1978 0.833 15.00 | edge_dev mean=0.1910 max=0.3652 gg=0.0000 shape_dev=1.0644 xbar=0.2538
# CONVTAG t=212.00 rough=0.000000 cond=0.933169 evap=3.583277 backs=0.467384
# REG t=212.00 tp n=7 rho=[0.597 0.864 0.893 0.919] gr=0.00246 fl=0.857 | ba n=25074 rho=[0.264 0.641 0.861 0.958] gr=0.00004 fl=0.932
t=  214.00 -3.20e-16 | 1.6583 16.61  21914    4  12913  12822 | 1.4457 14.87 | 1.40e-03 6.63e-03 |   3.8229 0.5423  0.6705  1.2102 0.833 15.00 | edge_dev mean=0.1897 max=0.3628 gg=0.0001 shape_dev=1.0563 xbar=0.2547
# CONVTAG t=214.00 rough=0.000000 cond=0.933169 evap=3.583277 backs=0.467384
# REG t=214.00 tp n=7 rho=[0.598 0.863 0.882 0.951] gr=0.00241 fl=0.857 | ba n=25092 rho=[0.268 0.643 0.864 0.960] gr=0.00004 fl=0.932
t=  216.00 -3.20e-16 | 1.6583 16.61  21914    2  13005  12915 | 1.4457 14.87 | 5.35e-03 1.45e-02 |   3.8243 0.5425  0.6688  1.2108 0.833 15.00 | edge_dev mean=0.1890 max=0.3586 gg=0.0012 shape_dev=1.0503 xbar=0.2544
# CONVTAG t=216.00 rough=0.000000 cond=0.933169 evap=3.583277 backs=0.467384
# REG t=216.00 tp n=7 rho=[0.598 0.863 0.892 0.899] gr=0.00262 fl=0.857 | ba n=25093 rho=[0.273 0.646 0.864 0.961] gr=0.00004 fl=0.932
t=  218.00 -3.20e-16 | 1.6582 16.62  21925    1  13108  13027 | 1.4458 14.86 | 1.55e-03 8.16e-03 |   3.8190 0.5417  0.6681  1.2119 0.833 15.00 | edge_dev mean=0.1908 max=0.3607 gg=0.0045 shape_dev=1.0537 xbar=0.2543
# CONVTAG t=218.00 rough=0.000000 cond=0.933169 evap=3.583277 backs=0.467384
# REG t=218.00 tp n=7 rho=[0.605 0.830 0.863 0.921] gr=0.00264 fl=0.857 | ba n=25085 rho=[0.281 0.650 0.866 0.960] gr=0.00004 fl=0.932
t=  220.00 -3.20e-16 | 1.6582 16.61  21914    4  13206  13126 | 1.4457 14.86 | 2.57e-03 9.73e-03 |   3.8414 0.5449  0.6579  1.2191 0.833 15.17 | edge_dev mean=0.1897 max=0.3596 gg=0.0149 shape_dev=1.0514 xbar=0.2556
# CONVTAG t=220.00 rough=0.000000 cond=0.933169 evap=3.583277 backs=0.467384
# REG t=220.00 tp n=7 rho=[0.619 0.797 0.872 0.932] gr=0.00259 fl=0.857 | ba n=25080 rho=[0.286 0.651 0.865 0.961] gr=0.00004 fl=0.932
t=  222.00 -3.20e-16 | 1.6582 16.60  21908    2  13314  13226 | 1.4456 14.86 | 2.72e-03 1.03e-02 |   3.8497 0.5461  0.6549  1.2195 0.833 14.83 | edge_dev mean=0.1863 max=0.3523 gg=0.0094 shape_dev=1.0531 xbar=0.2564
# CONVTAG t=222.00 rough=0.000000 cond=0.933169 evap=3.583277 backs=0.467384
# REG t=222.00 tp n=7 rho=[0.619 0.784 0.872 0.937] gr=0.00250 fl=0.857 | ba n=25091 rho=[0.287 0.653 0.867 0.961] gr=0.00004 fl=0.932
t=  224.00 -3.20e-16 | 1.6581 16.60  21907    5  13421  13345 | 1.4455 14.86 | 4.34e-03 1.45e-02 |   3.8471 0.5457  0.6580  1.2123 0.833 15.33 | edge_dev mean=0.1858 max=0.3502 gg=0.0039 shape_dev=1.0499 xbar=0.2560
# CONVTAG t=224.00 rough=0.000000 cond=0.933169 evap=3.583277 backs=0.467384
# REG t=224.00 tp n=7 rho=[0.620 0.789 0.865 0.937] gr=0.00238 fl=0.857 | ba n=25077 rho=[0.292 0.656 0.866 0.961] gr=0.00004 fl=0.932
t=  226.00 -3.20e-16 | 1.6581 16.60  21907    7  13524  13450 | 1.4455 14.86 | 4.32e-03 1.28e-02 |   3.8572 0.5471  0.6547  1.3383 0.833 15.17 | edge_dev mean=0.1859 max=0.3476 gg=0.0009 shape_dev=1.0537 xbar=0.2752
# CONVTAG t=226.00 rough=0.000000 cond=0.933169 evap=3.583277 backs=0.467384
# REG t=226.00 tp n=7 rho=[0.660 0.808 0.863 0.937] gr=0.00227 fl=0.857 | ba n=25072 rho=[0.295 0.658 0.869 0.962] gr=0.00004 fl=0.932
t=  228.00 -3.20e-16 | 1.6581 16.61  21917    4  13635  13535 | 1.4457 14.86 | 2.11e-03 8.55e-03 |   3.8643 0.5481  0.6543  1.2140 0.833 15.17 | edge_dev mean=0.1868 max=0.3453 gg=0.0001 shape_dev=1.0531 xbar=0.2572
# CONVTAG t=228.00 rough=0.000000 cond=0.933169 evap=3.583277 backs=0.467384
# REG t=228.00 tp n=7 rho=[0.660 0.824 0.863 0.937] gr=0.00216 fl=0.857 | ba n=25101 rho=[0.297 0.662 0.871 0.961] gr=0.00004 fl=0.931
t=  230.00 -3.20e-16 | 1.6581 16.62  21924    6  13735  13644 | 1.4458 14.86 | 4.35e-03 1.47e-02 |   3.8652 0.5483  0.6560  1.2113 0.833 15.17 | edge_dev mean=0.1902 max=0.3466 gg=0.0022 shape_dev=1.0542 xbar=0.2571
# CONVTAG t=230.00 rough=0.000000 cond=0.933169 evap=3.583277 backs=0.467384
# REG t=230.00 tp n=7 rho=[0.660 0.845 0.866 0.937] gr=0.00205 fl=0.857 | ba n=25089 rho=[0.304 0.665 0.872 0.962] gr=0.00004 fl=0.932
t=  232.00 -3.20e-16 | 1.6581 16.61  21912    2  13859  13766 | 1.4457 14.86 | 4.80e-03 1.27e-02 |   3.8673 0.5486  0.6547  1.2332 0.833 15.17 | edge_dev mean=0.1941 max=0.3530 gg=0.0004 shape_dev=1.0640 xbar=0.2600
# CONVTAG t=232.00 rough=0.000000 cond=0.933169 evap=3.583277 backs=0.467384
# REG t=232.00 tp n=7 rho=[0.678 0.873 0.875 0.936] gr=0.00197 fl=0.857 | ba n=25096 rho=[0.307 0.667 0.873 0.963] gr=0.00004 fl=0.932
t=  234.00 -3.20e-16 | 1.6581 16.60  21909    5  13941  13845 | 1.4456 14.86 | 1.81e-03 7.85e-03 |   3.8811 0.5505  0.6484  1.2072 0.833 15.00 | edge_dev mean=0.1950 max=0.3510 gg=0.0001 shape_dev=1.0693 xbar=0.2584
# CONVTAG t=234.00 rough=0.000000 cond=0.933169 evap=3.583277 backs=0.467384
# REG t=234.00 tp n=7 rho=[0.693 0.869 0.901 0.934] gr=0.00189 fl=0.857 | ba n=25096 rho=[0.310 0.669 0.875 0.963] gr=0.00004 fl=0.932
t=  236.00 -3.20e-16 | 1.6581 16.60  21905    5  14044  13939 | 1.4456 14.86 | 5.30e-03 1.26e-02 |   3.9058 0.5540  0.6376  1.2072 0.833 15.00 | edge_dev mean=0.1944 max=0.3537 gg=0.0000 shape_dev=1.0793 xbar=0.2604
# CONVTAG t=236.00 rough=0.000000 cond=0.933169 evap=3.583277 backs=0.467384
# REG t=236.00 tp n=7 rho=[0.693 0.869 0.901 0.926] gr=0.00177 fl=0.857 | ba n=25105 rho=[0.313 0.674 0.875 0.964] gr=0.00004 fl=0.931
t=  238.00 -3.20e-16 | 1.6581 16.60  21909    9  14143  14052 | 1.4456 14.86 | 2.85e-03 8.85e-03 |   3.9129 0.5550  0.6314  1.2045 0.833 14.83 | edge_dev mean=0.1913 max=0.3515 gg=0.0000 shape_dev=1.0800 xbar=0.2605
# CONVTAG t=238.00 rough=0.000000 cond=0.933169 evap=3.583277 backs=0.467384
# REG t=238.00 tp n=7 rho=[0.694 0.869 0.878 0.901] gr=0.00165 fl=0.857 | ba n=25087 rho=[0.314 0.675 0.875 0.965] gr=0.00004 fl=0.932
t=  240.00 -3.20e-16 | 1.6581 16.61  21914    7  14244  14165 | 1.4456 14.86 | 5.70e-03 1.60e-02 |   3.5510 0.5037  0.6615  1.2412 0.833 15.00 | edge_dev mean=0.1941 max=0.3509 gg=0.0080 shape_dev=1.0768 xbar=0.2362
# CONVTAG t=240.00 rough=0.000000 cond=0.933169 evap=3.897083 backs=0.508315
# REG t=240.00 tp n=7 rho=[0.720 0.874 0.876 0.901] gr=0.00155 fl=0.857 | ba n=25077 rho=[0.317 0.679 0.875 0.965] gr=0.00004 fl=0.932
t=  242.00 -3.20e-16 | 1.6580 16.61  21918    1  14323  14248 | 1.4457 14.86 | 1.60e-03 8.29e-03 |   3.3492 0.4751  0.7563  1.2087 0.833 14.83 | edge_dev mean=0.1976 max=0.3535 gg=0.0000 shape_dev=1.0773 xbar=0.2231
# CONVTAG t=242.00 rough=0.000000 cond=0.933169 evap=3.897083 backs=0.508315
# REG t=242.00 tp n=7 rho=[0.723 0.871 0.901 0.903] gr=0.00145 fl=0.857 | ba n=25079 rho=[0.322 0.680 0.877 0.964] gr=0.00004 fl=0.932
t=  244.00 -3.20e-16 | 1.6580 16.61  21921    4  14404  14328 | 1.4457 14.86 | 5.59e-03 1.46e-02 |   3.3264 0.4718  0.7717  1.2151 0.833 14.83 | edge_dev mean=0.1982 max=0.3548 gg=0.0000 shape_dev=1.0655 xbar=0.2215
# CONVTAG t=244.00 rough=0.000000 cond=0.933169 evap=3.897083 backs=0.508315
# REG t=244.00 tp n=7 rho=[0.722 0.870 0.891 0.953] gr=0.00137 fl=0.857 | ba n=25077 rho=[0.323 0.681 0.878 0.966] gr=0.00004 fl=0.932
t=  246.00 -3.20e-16 | 1.6580 16.61  21916    5  14517  14438 | 1.4457 14.86 | 3.53e-03 1.03e-02 |   3.2910 0.4668  0.7917  1.2083 0.833 14.67 | edge_dev mean=0.1958 max=0.3547 gg=0.0001 shape_dev=1.0857 xbar=0.2192
# CONVTAG t=246.00 rough=0.000000 cond=0.933169 evap=3.897083 backs=0.508315
# REG t=246.00 tp n=7 rho=[0.722 0.870 0.890 0.974] gr=0.00128 fl=0.857 | ba n=25079 rho=[0.324 0.685 0.879 0.966] gr=0.00004 fl=0.933
t=  248.00 -3.20e-16 | 1.6580 16.61  21919    3  14616  14545 | 1.4457 14.85 | 3.39e-03 1.10e-02 |   3.2311 0.4583  0.8212  1.1924 0.833 14.67 | edge_dev mean=0.1958 max=0.3612 gg=0.0016 shape_dev=1.0847 xbar=0.2151
# CONVTAG t=248.00 rough=0.000000 cond=0.933169 evap=3.897083 backs=0.508315
# REG t=248.00 tp n=7 rho=[0.722 0.870 0.890 0.982] gr=0.00120 fl=0.857 | ba n=25073 rho=[0.325 0.689 0.881 0.966] gr=0.00004 fl=0.933
t=  250.00 -3.20e-16 | 1.6580 16.61  21920    3  14721  14644 | 1.4457 14.86 | 2.24e-03 1.06e-02 |   3.1789 0.4509  0.8477  1.1702 0.833 14.50 | edge_dev mean=0.1988 max=0.3669 gg=0.0149 shape_dev=1.0761 xbar=0.2115
# CONVTAG t=250.00 rough=0.000000 cond=0.933169 evap=3.897083 backs=0.508315
# REG t=250.00 tp n=7 rho=[0.722 0.870 0.890 0.907] gr=0.00112 fl=0.857 | ba n=25079 rho=[0.328 0.690 0.883 0.966] gr=0.00004 fl=0.933
t=  252.00 -3.20e-16 | 1.6579 16.62  21931    4  14819  14744 | 1.4458 14.86 | 2.70e-03 1.01e-02 |   3.3431 0.4742  0.9280  1.1373 0.833 14.50 | edge_dev mean=0.2010 max=0.3671 gg=0.0294 shape_dev=1.0721 xbar=0.2223
# CONVTAG t=252.00 rough=0.000000 cond=1.112031 evap=3.897083 backs=0.508315
# REG t=252.00 tp n=7 rho=[0.714 0.873 0.878 0.890] gr=0.00105 fl=0.857 | ba n=25076 rho=[0.334 0.691 0.884 0.966] gr=0.00004 fl=0.933
t=  254.00 -3.20e-16 | 1.6579 16.62  21928    4  14934  14862 | 1.4458 14.86 | 2.73e-03 7.50e-03 |   3.3333 0.4728  0.9351  1.1368 0.833 14.83 | edge_dev mean=0.2012 max=0.3689 gg=0.0348 shape_dev=1.0695 xbar=0.2220
# CONVTAG t=254.00 rough=0.000000 cond=1.112031 evap=3.897083 backs=0.508315
# REG t=254.00 tp n=7 rho=[0.722 0.861 0.886 0.890] gr=0.00098 fl=0.857 | ba n=25073 rho=[0.336 0.692 0.886 0.967] gr=0.00004 fl=0.933
t=  256.00 -3.20e-16 | 1.6579 16.63  21942    1  15066  14987 | 1.4459 14.86 | 5.71e-03 1.68e-02 |   3.3181 0.4707  0.9415  1.1260 0.833 14.83 | edge_dev mean=0.2041 max=0.3695 gg=0.0039 shape_dev=1.0699 xbar=0.2208
# CONVTAG t=256.00 rough=0.000000 cond=1.112031 evap=3.897083 backs=0.508315
# REG t=256.00 tp n=7 rho=[0.722 0.837 0.888 0.890] gr=0.00092 fl=0.857 | ba n=25082 rho=[0.335 0.692 0.886 0.967] gr=0.00004 fl=0.933
t=  258.00 -3.20e-16 | 1.6579 16.62  21928    3  15175  15097 | 1.4458 14.86 | 7.14e-03 1.65e-02 |   3.3095 0.4694  0.9442  1.1260 0.833 14.83 | edge_dev mean=0.2050 max=0.3666 gg=0.0000 shape_dev=1.0746 xbar=0.2205
# CONVTAG t=258.00 rough=0.000000 cond=1.112031 evap=3.897083 backs=0.508315
# REG t=258.00 tp n=7 rho=[0.722 0.826 0.888 0.890] gr=0.00086 fl=0.857 | ba n=25079 rho=[0.338 0.694 0.886 0.967] gr=0.00004 fl=0.933
t=  260.00 -3.20e-16 | 1.6578 16.62  21932    6  15290  15209 | 1.4458 14.86 | 9.14e-03 2.15e-02 |   3.3058 0.4689  0.9442  1.1276 0.833 14.83 | edge_dev mean=0.2064 max=0.3736 gg=0.0000 shape_dev=1.0719 xbar=0.2201
# CONVTAG t=260.00 rough=0.000000 cond=1.112031 evap=3.897083 backs=0.508315
# REG t=260.00 tp n=7 rho=[0.716 0.812 0.881 0.890] gr=0.00080 fl=0.857 | ba n=25080 rho=[0.339 0.696 0.886 0.967] gr=0.00004 fl=0.933
t=  262.00 -3.20e-16 | 1.6578 16.61  21920    5  15403  15320 | 1.4457 14.85 | 3.56e-03 1.29e-02 |   3.3038 0.4686  0.9444  1.1321 0.833 15.00 | edge_dev mean=0.2056 max=0.3722 gg=0.0000 shape_dev=1.0693 xbar=0.2202
# CONVTAG t=262.00 rough=0.000000 cond=1.112031 evap=3.897083 backs=0.508315
# REG t=262.00 tp n=7 rho=[0.722 0.830 0.880 0.890] gr=0.00075 fl=0.857 | ba n=25083 rho=[0.346 0.696 0.886 0.966] gr=0.00004 fl=0.933
t=  264.00 -3.20e-16 | 1.6578 16.62  21925    6  15511  15416 | 1.4457 14.85 | 3.53e-03 9.35e-03 |   3.3010 0.4682  0.9464  1.1268 0.833 15.00 | edge_dev mean=0.2048 max=0.3658 gg=0.0000 shape_dev=1.0737 xbar=0.2197
# CONVTAG t=264.00 rough=0.000000 cond=1.112031 evap=3.897083 backs=0.508315
# REG t=264.00 tp n=7 rho=[0.722 0.834 0.880 0.890] gr=0.00070 fl=0.857 | ba n=25094 rho=[0.346 0.697 0.887 0.967] gr=0.00004 fl=0.932
t=  266.00 -3.20e-16 | 1.6578 16.62  21925    2  15623  15525 | 1.4457 14.85 | 5.63e-03 1.48e-02 |   3.3072 0.4691  0.9419  1.1292 0.833 15.00 | edge_dev mean=0.2040 max=0.3603 gg=0.0000 shape_dev=1.0736 xbar=0.2202
# CONVTAG t=266.00 rough=0.000000 cond=1.112031 evap=3.897083 backs=0.508315
# REG t=266.00 tp n=7 rho=[0.677 0.833 0.880 0.890] gr=0.00066 fl=0.857 | ba n=25100 rho=[0.348 0.697 0.886 0.968] gr=0.00004 fl=0.932
t=  268.00 -3.20e-16 | 1.6578 16.61  21919    1  15727  15630 | 1.4457 14.86 | 3.11e-03 7.83e-03 |   3.3156 0.4703  0.9363  1.1300 0.833 14.83 | edge_dev mean=0.2035 max=0.3593 gg=0.0000 shape_dev=1.0727 xbar=0.2205
# CONVTAG t=268.00 rough=0.000000 cond=1.112031 evap=3.897083 backs=0.508315
# REG t=268.00 tp n=7 rho=[0.631 0.833 0.881 0.890] gr=0.00062 fl=0.857 | ba n=25100 rho=[0.349 0.698 0.887 0.967] gr=0.00004 fl=0.932
t=  270.00 -3.20e-16 | 1.6578 16.62  21925    1  15832  15736 | 1.4457 14.85 | 2.80e-03 1.04e-02 |   2.9889 0.4240  0.8684  1.1288 1.000 15.33 | edge_dev mean=0.2035 max=0.3503 gg=0.0000 shape_dev=1.0810 xbar=0.1989
# CONVTAG t=270.00 rough=0.000000 cond=1.112031 evap=4.194659 backs=0.547129
# REG t=270.00 tp n=7 rho=[0.574 0.885 0.890 0.901] gr=0.00058 fl=0.857 | ba n=25098 rho=[0.350 0.701 0.888 0.967] gr=0.00004 fl=0.933
t=  272.00 -3.20e-16 | 1.6578 16.61  21920    4  15926  15831 | 1.4456 14.85 | 1.78e-03 6.64e-03 |   2.9771 0.4223  0.8722  1.1236 1.000 15.17 | edge_dev mean=0.2038 max=0.3444 gg=0.0012 shape_dev=1.0847 xbar=0.1982
# CONVTAG t=272.00 rough=0.000000 cond=1.112031 evap=4.194659 backs=0.547129
# REG t=272.00 tp n=7 rho=[0.490 0.890 0.891 0.909] gr=0.00054 fl=1.000 | ba n=25094 rho=[0.350 0.702 0.888 0.967] gr=0.00004 fl=0.933
t=  274.00 -3.20e-16 | 1.6578 16.62  21932    5  16030  15939 | 1.4458 14.85 | 1.95e-03 6.83e-03 |   2.9813 0.4229  0.8665  1.1262 1.000 15.17 | edge_dev mean=0.2051 max=0.3476 gg=0.0000 shape_dev=1.0864 xbar=0.1983
# CONVTAG t=274.00 rough=0.000000 cond=1.112031 evap=4.194659 backs=0.547129
# REG t=274.00 tp n=7 rho=[0.460 0.890 0.890 0.960] gr=0.00050 fl=1.000 | ba n=25089 rho=[0.350 0.703 0.890 0.967] gr=0.00004 fl=0.933
t=  276.00 -4.80e-16 | 1.6578 16.61  21921    4  16157  16061 | 1.4457 14.85 | 2.30e-03 7.62e-03 |   3.0081 0.4267  0.8469  1.1446 1.000 15.00 | edge_dev mean=0.2053 max=0.3476 gg=0.0006 shape_dev=1.0912 xbar=0.2002
# CONVTAG t=276.00 rough=0.000000 cond=1.112031 evap=4.194659 backs=0.547129
# REG t=276.00 tp n=7 rho=[0.432 0.735 0.886 0.890] gr=0.00047 fl=1.000 | ba n=25094 rho=[0.350 0.704 0.891 0.969] gr=0.00004 fl=0.932
t=  278.00 -3.20e-16 | 1.6578 16.61  21920    7  16281  16192 | 1.4456 14.85 | 5.55e-03 1.48e-02 |   2.9823 0.4230  0.8601  1.1398 1.000 15.33 | edge_dev mean=0.2040 max=0.3436 gg=0.0051 shape_dev=1.0901 xbar=0.1986
# CONVTAG t=278.00 rough=0.000000 cond=1.112031 evap=4.194659 backs=0.547129
# REG t=278.00 tp n=7 rho=[0.392 0.722 0.884 0.890] gr=0.00044 fl=1.000 | ba n=25084 rho=[0.354 0.709 0.892 0.969] gr=0.00004 fl=0.933
t=  280.00 -3.20e-16 | 1.6578 16.63  21938    6  16394  16331 | 1.4458 14.85 | 1.52e-03 7.43e-03 |   2.9442 0.4176  0.8845  1.1235 1.000 15.17 | edge_dev mean=0.2023 max=0.3372 gg=0.0237 shape_dev=1.0913 xbar=0.1958
# CONVTAG t=280.00 rough=0.000000 cond=1.112031 evap=4.194659 backs=0.547129
# REG t=280.00 tp n=7 rho=[0.378 0.722 0.884 0.890] gr=0.00054 fl=1.000 | ba n=25059 rho=[0.356 0.711 0.892 0.968] gr=0.00004 fl=0.933
t=  282.00 -3.20e-16 | 1.6578 16.63  21940    7  16489  16435 | 1.4458 14.85 | 1.68e-03 8.24e-03 |   2.9246 0.4148  0.8974  1.1224 1.000 15.17 | edge_dev mean=0.2018 max=0.3330 gg=0.0536 shape_dev=1.1019 xbar=0.1951
# CONVTAG t=282.00 rough=0.000000 cond=1.112031 evap=4.194659 backs=0.547129
# REG t=282.00 tp n=7 rho=[0.369 0.721 0.884 0.890] gr=0.00050 fl=1.000 | ba n=25049 rho=[0.361 0.713 0.893 0.968] gr=0.00004 fl=0.934
t=  284.00 -3.20e-16 | 1.6579 16.62  21936    7  16628  16544 | 1.4458 14.85 | 5.80e-03 1.46e-02 |   2.8669 0.4066  0.9339  1.0886 1.000 15.00 | edge_dev mean=0.1991 max=0.3276 gg=0.0500 shape_dev=1.1157 xbar=0.1908
# CONVTAG t=284.00 rough=0.000000 cond=1.112031 evap=4.194659 backs=0.547129
# REG t=284.00 tp n=7 rho=[0.373 0.722 0.884 0.890] gr=0.00047 fl=1.000 | ba n=25079 rho=[0.360 0.714 0.893 0.968] gr=0.00004 fl=0.933
t=  286.00 -3.20e-16 | 1.6578 16.63  21939    4  16745  16657 | 1.4458 14.85 | 1.70e-03 8.73e-03 |   2.8211 0.4002  0.9635  1.0669 1.000 15.33 | edge_dev mean=0.2001 max=0.3273 gg=0.0182 shape_dev=1.1160 xbar=0.1878
# CONVTAG t=286.00 rough=0.000000 cond=1.112031 evap=4.194659 backs=0.547129
# REG t=286.00 tp n=7 rho=[0.452 0.745 0.884 0.890] gr=0.00044 fl=1.000 | ba n=25085 rho=[0.362 0.715 0.893 0.968] gr=0.00004 fl=0.933
t=  288.00 -3.20e-16 | 1.6578 16.62  21930    3  16865  16777 | 1.4457 14.85 | 6.03e-03 1.58e-02 |   3.0303 0.4298  1.0228  1.0565 0.833 14.83 | edge_dev mean=0.2005 max=0.3235 gg=0.0009 shape_dev=1.1199 xbar=0.2018
# CONVTAG t=288.00 rough=0.000000 cond=1.294891 evap=4.194659 backs=0.547129
# REG t=288.00 tp n=7 rho=[0.452 0.748 0.890 0.891] gr=0.00041 fl=1.000 | ba n=25087 rho=[0.361 0.715 0.893 0.968] gr=0.00004 fl=0.933
t=  290.00 -4.80e-16 | 1.6577 16.62  21935    2  16974  16898 | 1.4458 14.85 | 7.70e-03 1.85e-02 |   2.9998 0.4255  1.0413  1.0454 1.000 15.33 | edge_dev mean=0.2019 max=0.3247 gg=0.0004 shape_dev=1.1210 xbar=0.1998
# CONVTAG t=290.00 rough=0.000000 cond=1.294891 evap=4.194659 backs=0.547129
# REG t=290.00 tp n=7 rho=[0.581 0.724 0.890 0.898] gr=0.00039 fl=1.000 | ba n=25076 rho=[0.364 0.714 0.893 0.968] gr=0.00004 fl=0.933
t=  292.00 -4.80e-16 | 1.6577 16.62  21927    4  17093  17020 | 1.4457 14.85 | 2.62e-03 8.92e-03 |   2.9732 0.4217  1.0535  1.0402 1.000 15.33 | edge_dev mean=0.2028 max=0.3248 gg=0.0009 shape_dev=1.1203 xbar=0.1979
# CONVTAG t=292.00 rough=0.000000 cond=1.294891 evap=4.194659 backs=0.547129
# REG t=292.00 tp n=7 rho=[0.645 0.728 0.891 0.902] gr=0.00037 fl=1.000 | ba n=25071 rho=[0.362 0.712 0.894 0.968] gr=0.00004 fl=0.934
t=  294.00 -3.20e-16 | 1.6577 16.60  21908    1  17189  17121 | 1.4455 14.85 | 2.48e-03 8.28e-03 |   2.9526 0.4188  1.0638  1.0481 1.000 15.33 | edge_dev mean=0.2034 max=0.3236 gg=0.0000 shape_dev=1.1199 xbar=0.1972
# CONVTAG t=294.00 rough=0.000000 cond=1.294891 evap=4.194659 backs=0.547129
# REG t=294.00 tp n=7 rho=[0.685 0.730 0.847 0.891] gr=0.00034 fl=1.000 | ba n=25069 rho=[0.366 0.712 0.893 0.969] gr=0.00004 fl=0.934
t=  296.00 -3.20e-16 | 1.6577 16.62  21925    4  17298  17216 | 1.4457 14.85 | 1.81e-03 1.01e-02 |   2.9596 0.4198  1.0557  1.0455 1.000 15.33 | edge_dev mean=0.2038 max=0.3228 gg=0.0000 shape_dev=1.1181 xbar=0.1971
# CONVTAG t=296.00 rough=0.000000 cond=1.294891 evap=4.194659 backs=0.547129
# REG t=296.00 tp n=7 rho=[0.696 0.746 0.836 0.886] gr=0.00033 fl=1.000 | ba n=25080 rho=[0.364 0.713 0.894 0.968] gr=0.00004 fl=0.933
t=  298.00 -4.80e-16 | 1.6577 16.62  21926    1  17393  17316 | 1.4457 14.85 | 5.97e-03 1.54e-02 |   2.9355 0.4164  1.0718  1.0331 1.000 15.33 | edge_dev mean=0.2036 max=0.3241 gg=0.0000 shape_dev=1.1125 xbar=0.1954
# CONVTAG t=298.00 rough=0.000000 cond=1.294891 evap=4.194659 backs=0.547129
# REG t=298.00 tp n=7 rho=[0.700 0.750 0.840 0.874] gr=0.00031 fl=1.000 | ba n=25079 rho=[0.368 0.714 0.895 0.970] gr=0.00004 fl=0.934
t=  300.00 -4.80e-16 | 1.6577 16.61  21912    6  17508  17429 | 1.4455 14.85 | 2.22e-03 8.10e-03 |   2.9273 0.4152  1.0778  1.0276 1.000 15.33 | edge_dev mean=0.2037 max=0.3274 gg=0.0000 shape_dev=1.1089 xbar=0.1947
# CONVTAG t=300.00 rough=0.000000 cond=1.294891 evap=4.194659 backs=0.547129
# REG t=300.00 tp n=7 rho=[0.700 0.752 0.866 0.879] gr=0.00029 fl=1.000 | ba n=25075 rho=[0.368 0.717 0.894 0.970] gr=0.00004 fl=0.934
t=  302.00 -4.80e-16 | 1.6577 16.62  21925    4  17608  17541 | 1.4457 14.85 | 3.33e-03 8.43e-03 |   2.9161 0.4136  1.0844  1.0275 1.000 15.33 | edge_dev mean=0.2037 max=0.3268 gg=0.0000 shape_dev=1.1077 xbar=0.1942
# CONVTAG t=302.00 rough=0.000000 cond=1.294891 evap=4.194659 backs=0.547129
# REG t=302.00 tp n=7 rho=[0.700 0.753 0.865 0.894] gr=0.00027 fl=1.000 | ba n=25066 rho=[0.372 0.716 0.894 0.970] gr=0.00004 fl=0.934
t=  304.00 -4.80e-16 | 1.6576 16.61  21917    2  17701  17628 | 1.4456 14.85 | 2.83e-03 7.40e-03 |   2.9220 0.4145  1.0797  1.0318 1.000 15.33 | edge_dev mean=0.2037 max=0.3246 gg=0.0011 shape_dev=1.1046 xbar=0.1946
# CONVTAG t=304.00 rough=0.000000 cond=1.294891 evap=4.194659 backs=0.547129
# REG t=304.00 tp n=7 rho=[0.700 0.753 0.865 0.895] gr=0.00027 fl=1.000 | ba n=25074 rho=[0.376 0.718 0.894 0.969] gr=0.00004 fl=0.934
t=  306.00 -4.80e-16 | 1.6576 16.61  21918    7  17832  17749 | 1.4457 14.85 | 3.04e-03 1.25e-02 |   2.8883 0.4097  1.1019  1.0120 1.000 15.17 | edge_dev mean=0.2048 max=0.3258 gg=0.0275 shape_dev=1.1055 xbar=0.1922
# CONVTAG t=306.00 rough=0.000000 cond=1.294891 evap=4.194659 backs=0.547129
# REG t=306.00 tp n=7 rho=[0.706 0.753 0.867 0.896] gr=0.00025 fl=1.000 | ba n=25078 rho=[0.379 0.718 0.895 0.969] gr=0.00004 fl=0.933
t=  308.00 -4.80e-16 | 1.6576 16.61  21911    2  17928  17846 | 1.4456 14.85 | 1.58e-03 6.31e-03 |   2.8973 0.4110  1.0960  1.1186 1.000 15.33 | edge_dev mean=0.2052 max=0.3268 gg=0.0339 shape_dev=1.1066 xbar=0.1995
# CONVTAG t=308.00 rough=0.000000 cond=1.294891 evap=4.194659 backs=0.547129
# REG t=308.00 tp n=7 rho=[0.706 0.753 0.886 0.897] gr=0.00024 fl=1.000 | ba n=25082 rho=[0.383 0.720 0.897 0.970] gr=0.00004 fl=0.933
t=  310.00 -4.80e-16 | 1.6576 16.60  21903    3  18035  17947 | 1.4455 14.85 | 2.68e-03 7.44e-03 |   2.8779 0.4082  1.1088  1.0151 1.000 15.33 | edge_dev mean=0.2069 max=0.3273 gg=0.0020 shape_dev=1.1065 xbar=0.1917
# CONVTAG t=310.00 rough=0.000000 cond=1.294891 evap=4.194659 backs=0.547129
# REG t=310.00 tp n=7 rho=[0.752 0.767 0.879 0.897] gr=0.00023 fl=1.000 | ba n=25087 rho=[0.384 0.723 0.896 0.969] gr=0.00004 fl=0.933
t=  312.00 -4.80e-16 | 1.6576 16.61  21921    2  18138  18056 | 1.4457 14.85 | 4.25e-03 1.35e-02 |   2.8871 0.4095  1.1025  1.0194 1.000 15.33 | edge_dev mean=0.2079 max=0.3257 gg=0.0002 shape_dev=1.1069 xbar=0.1922
# CONVTAG t=312.00 rough=0.000000 cond=1.294891 evap=4.194659 backs=0.547129
# REG t=312.00 tp n=7 rho=[0.752 0.876 0.898 0.948] gr=0.00022 fl=1.000 | ba n=25082 rho=[0.386 0.726 0.897 0.969] gr=0.00004 fl=0.933
t=  314.00 -4.80e-16 | 1.6575 16.61  21923    3  18233  18155 | 1.4457 14.85 | 1.95e-03 9.58e-03 |   2.8725 0.4074  1.1145  1.0089 1.000 15.33 | edge_dev mean=0.2082 max=0.3251 gg=0.0004 shape_dev=1.1066 xbar=0.1912
# CONVTAG t=314.00 rough=0.000000 cond=1.294891 evap=4.194659 backs=0.547129
# REG t=314.00 tp n=7 rho=[0.751 0.882 0.898 0.951] gr=0.00022 fl=1.000 | ba n=25077 rho=[0.389 0.726 0.897 0.970] gr=0.00004 fl=0.933
t=  316.00 -4.80e-16 | 1.6575 16.61  21914    4  18348  18266 | 1.4456 14.85 | 2.61e-03 1.01e-02 |   2.8699 0.4071  1.1164  1.0079 1.000 15.33 | edge_dev mean=0.2066 max=0.3228 gg=0.0004 shape_dev=1.1081 xbar=0.1911
# CONVTAG t=316.00 rough=0.000000 cond=1.294891 evap=4.194659 backs=0.547129
# REG t=316.00 tp n=7 rho=[0.751 0.900 0.908 0.949] gr=0.00022 fl=1.000 | ba n=25080 rho=[0.392 0.727 0.897 0.970] gr=0.00004 fl=0.933
t=  318.00 -4.80e-16 | 1.6575 16.61  21913    1  18457  18379 | 1.4456 14.85 | 6.52e-03 1.76e-02 |   2.8613 0.4059  1.1200  1.0033 1.000 15.33 | edge_dev mean=0.2051 max=0.3201 gg=0.0001 shape_dev=1.1085 xbar=0.1906
# CONVTAG t=318.00 rough=0.000000 cond=1.294891 evap=4.194659 backs=0.547129
# REG t=318.00 tp n=7 rho=[0.748 0.909 0.928 0.948] gr=0.00020 fl=1.000 | ba n=25079 rho=[0.392 0.729 0.898 0.970] gr=0.00004 fl=0.933
t=  320.00 -4.80e-16 | 1.6576 16.61  21917    4  18583  18495 | 1.4456 14.85 | 1.87e-03 6.86e-03 |   2.8665 0.4066  1.1177  1.0052 1.000 15.33 | edge_dev mean=0.2035 max=0.3181 gg=0.0000 shape_dev=1.1044 xbar=0.1908
# CONVTAG t=320.00 rough=0.000000 cond=1.294891 evap=4.194659 backs=0.547129
# REG t=320.00 tp n=7 rho=[0.738 0.902 0.948 0.958] gr=0.00020 fl=1.000 | ba n=25086 rho=[0.391 0.730 0.898 0.971] gr=0.00004 fl=0.933
t=  322.00 -4.80e-16 | 1.6576 16.61  21921    6  18706  18616 | 1.4456 14.85 | 4.10e-03 1.14e-02 |   2.8726 0.4075  1.1163  1.0047 1.000 15.17 | edge_dev mean=0.2015 max=0.3131 gg=0.0000 shape_dev=1.1029 xbar=0.1911
# CONVTAG t=322.00 rough=0.000000 cond=1.294891 evap=4.194659 backs=0.547129
# REG t=322.00 tp n=7 rho=[0.723 0.907 0.948 0.952] gr=0.00019 fl=1.000 | ba n=25087 rho=[0.394 0.730 0.899 0.971] gr=0.00004 fl=0.933
t=  324.00 -4.80e-16 | 1.6575 16.62  21935    6  18841  18753 | 1.4458 14.85 | 2.93e-03 7.64e-03 |   2.8777 0.4082  1.1176  1.0000 1.000 15.17 | edge_dev mean=0.1977 max=0.3009 gg=0.0000 shape_dev=1.1082 xbar=0.1915
# CONVTAG t=324.00 rough=0.000000 cond=1.294891 evap=4.194659 backs=0.547129
# REG t=324.00 tp n=7 rho=[0.711 0.907 0.933 0.949] gr=0.00017 fl=1.000 | ba n=25085 rho=[0.393 0.731 0.900 0.972] gr=0.00004 fl=0.933
t=  326.00 -4.80e-16 | 1.6575 16.61  21922    4  18991  18892 | 1.4457 14.85 | 9.64e-03 2.28e-02 |   2.8836 0.4090  1.1148  1.0009 1.000 15.00 | edge_dev mean=0.1965 max=0.2922 gg=0.0005 shape_dev=1.1132 xbar=0.1920
# CONVTAG t=326.00 rough=0.000000 cond=1.294891 evap=4.194659 backs=0.547129
# REG t=326.00 tp n=7 rho=[0.704 0.907 0.924 0.952] gr=0.00016 fl=1.000 | ba n=25097 rho=[0.390 0.731 0.901 0.971] gr=0.00004 fl=0.932
t=  328.00 -4.80e-16 | 1.6576 16.61  21922    2  19124  19030 | 1.4457 14.85 | 2.65e-03 9.42e-03 |   2.8760 0.4079  1.1196  0.9929 1.000 15.00 | edge_dev mean=0.1945 max=0.2926 gg=0.0207 shape_dev=1.1197 xbar=0.1914
# CONVTAG t=328.00 rough=0.000000 cond=1.294891 evap=4.194659 backs=0.547129
# REG t=328.00 tp n=7 rho=[0.716 0.885 0.908 0.924] gr=0.00016 fl=1.000 | ba n=25094 rho=[0.391 0.732 0.900 0.971] gr=0.00004 fl=0.933
t=  330.00 -4.80e-16 | 1.6575 16.61  21922    1  19258  19167 | 1.4457 14.85 | 2.70e-03 1.02e-02 |   2.8660 0.4065  1.1287  0.9976 1.000 15.00 | edge_dev mean=0.1931 max=0.2857 gg=0.0438 shape_dev=1.1284 xbar=0.1936
# CONVTAG t=330.00 rough=0.000000 cond=1.294891 evap=4.194659 backs=0.547129
# REG t=330.00 tp n=7 rho=[0.716 0.890 0.910 0.924] gr=0.00016 fl=1.000 | ba n=25092 rho=[0.394 0.734 0.903 0.971] gr=0.00004 fl=0.933
t=  332.00 -4.80e-16 | 1.6575 16.61  21918    2  19383  19299 | 1.4456 14.85 | 3.17e-03 7.24e-03 |   2.8478 0.4039  1.1435  0.9618 1.000 15.17 | edge_dev mean=0.1894 max=0.2852 gg=0.0056 shape_dev=1.1350 xbar=0.1896
# CONVTAG t=332.00 rough=0.000000 cond=1.294891 evap=4.194659 backs=0.547129
# REG t=332.00 tp n=7 rho=[0.693 0.911 0.934 0.950] gr=0.00015 fl=1.000 | ba n=25084 rho=[0.399 0.734 0.901 0.971] gr=0.00004 fl=0.933
t=  334.00 -4.80e-16 | 1.6575 16.60  21905    0  19494  19411 | 1.4454 14.85 | 2.80e-03 9.48e-03 |   2.8417 0.4031  1.1522  0.9469 1.000 15.17 | edge_dev mean=0.1891 max=0.2892 gg=0.0000 shape_dev=1.1397 xbar=0.1890
# CONVTAG t=334.00 rough=0.000000 cond=1.294891 evap=4.194659 backs=0.547129
# REG t=334.00 tp n=7 rho=[0.737 0.893 0.913 0.947] gr=0.00014 fl=1.000 | ba n=25085 rho=[0.401 0.734 0.901 0.971] gr=0.00004 fl=0.933
t=  336.00 -4.80e-16 | 1.6575 16.60  21906    1  19616  19530 | 1.4454 14.85 | 1.96e-03 7.42e-03 |   2.8363 0.4023  1.1562  0.9542 1.000 15.17 | edge_dev mean=0.1928 max=0.2887 gg=0.0001 shape_dev=1.1422 xbar=0.1897
# CONVTAG t=336.00 rough=0.000000 cond=1.294891 evap=4.194659 backs=0.547129
# REG t=336.00 tp n=7 rho=[0.812 0.865 0.893 0.914] gr=0.00014 fl=1.000 | ba n=25087 rho=[0.401 0.734 0.902 0.972] gr=0.00004 fl=0.933
t=  338.00 -4.80e-16 | 1.6576 16.60  21901    3  19738  19660 | 1.4454 14.85 | 2.89e-03 7.28e-03 |   2.8257 0.4008  1.1647  0.9367 1.000 15.17 | edge_dev mean=0.1898 max=0.2830 gg=0.0003 shape_dev=1.1453 xbar=0.1882
# CONVTAG t=338.00 rough=0.000000 cond=1.294891 evap=4.194659 backs=0.547129
# REG t=338.00 tp n=7 rho=[0.788 0.811 0.885 0.894] gr=0.00016 fl=1.000 | ba n=25077 rho=[0.403 0.736 0.903 0.972] gr=0.00004 fl=0.933
t=  340.00 -4.80e-16 | 1.6575 16.59  21885    6  19871  19783 | 1.4452 14.84 | 3.44e-03 1.09e-02 |   2.8418 0.4031  1.1552  0.9498 1.000 15.17 | edge_dev mean=0.1882 max=0.2802 gg=0.0000 shape_dev=1.1466 xbar=0.1896
# CONVTAG t=340.00 rough=0.000000 cond=1.294891 evap=4.194659 backs=0.547129
# REG t=340.00 tp n=7 rho=[0.806 0.852 0.900 0.910] gr=0.00019 fl=1.000 | ba n=25084 rho=[0.404 0.735 0.902 0.972] gr=0.00004 fl=0.933
t=  342.00 -4.80e-16 | 1.6575 16.60  21903    2  19993  19915 | 1.4454 14.84 | 2.25e-03 8.73e-03 |   2.8279 0.4011  1.1662  0.9310 1.000 15.17 | edge_dev mean=0.1905 max=0.2764 gg=0.0000 shape_dev=1.1454 xbar=0.1884
# CONVTAG t=342.00 rough=0.000000 cond=1.294891 evap=4.194659 backs=0.547129
# REG t=342.00 tp n=7 rho=[0.806 0.858 0.911 0.922] gr=0.00018 fl=1.000 | ba n=25079 rho=[0.403 0.735 0.902 0.972] gr=0.00004 fl=0.933
t=  344.00 -4.80e-16 | 1.6575 16.60  21903    3  20124  20044 | 1.4453 14.84 | 2.26e-03 8.26e-03 |   2.8173 0.3996  1.1725  0.9189 1.000 15.17 | edge_dev mean=0.1898 max=0.2746 gg=0.0000 shape_dev=1.1444 xbar=0.1875
# CONVTAG t=344.00 rough=0.000000 cond=1.294891 evap=4.194659 backs=0.547129
# REG t=344.00 tp n=7 rho=[0.806 0.838 0.911 0.917] gr=0.00017 fl=1.000 | ba n=25080 rho=[0.404 0.735 0.901 0.973] gr=0.00004 fl=0.933
t=  346.00 -4.80e-16 | 1.6574 16.60  21899    3  20257  20189 | 1.4453 14.84 | 2.91e-03 1.07e-02 |   2.8070 0.3982  1.1812  0.9732 1.000 15.33 | edge_dev mean=0.1889 max=0.2713 gg=0.0000 shape_dev=1.1459 xbar=0.1907
# CONVTAG t=346.00 rough=0.000000 cond=1.294891 evap=4.194659 backs=0.547129
# REG t=346.00 tp n=7 rho=[0.791 0.838 0.911 0.933] gr=0.00017 fl=1.000 | ba n=25068 rho=[0.409 0.735 0.903 0.972] gr=0.00004 fl=0.933
t=  348.00 -4.80e-16 | 1.6574 16.60  21899    3  20376  20300 | 1.4453 14.84 | 3.91e-03 1.33e-02 |   2.5191 0.3573  1.0990  0.9204 1.000 15.33 | edge_dev mean=0.1901 max=0.2668 gg=0.0007 shape_dev=1.1463 xbar=0.1678
# CONVTAG t=348.00 rough=0.000000 cond=1.294891 evap=4.499465 backs=0.586887
# REG t=348.00 tp n=7 rho=[0.743 0.818 0.911 0.936] gr=0.00019 fl=1.000 | ba n=25076 rho=[0.410 0.736 0.904 0.973] gr=0.00004 fl=0.933
t=  350.00 -4.80e-16 | 1.6574 16.59  21887    4  20498  20428 | 1.4452 14.84 | 2.27e-03 8.34e-03 |   2.5059 0.3554  1.1174  0.9047 1.000 15.33 | edge_dev mean=0.1868 max=0.2628 gg=0.0067 shape_dev=1.1476 xbar=0.1669
# CONVTAG t=350.00 rough=0.000000 cond=1.294891 evap=4.499465 backs=0.586887
# REG t=350.00 tp n=7 rho=[0.695 0.793 0.900 0.908] gr=0.00027 fl=1.000 | ba n=25069 rho=[0.412 0.739 0.904 0.973] gr=0.00004 fl=0.933
t=  352.00 -4.80e-16 | 1.6574 16.58  21881    5  20654  20564 | 1.4451 14.84 | 4.09e-03 1.13e-02 |   2.5082 0.3558  1.1200  0.9116 1.000 15.17 | edge_dev mean=0.1830 max=0.2608 gg=0.0333 shape_dev=1.1468 xbar=0.1669
# CONVTAG t=352.00 rough=0.000000 cond=1.294891 evap=4.499465 backs=0.586887
# REG t=352.00 tp n=7 rho=[0.699 0.874 0.904 0.917] gr=0.00026 fl=1.000 | ba n=25088 rho=[0.410 0.740 0.905 0.973] gr=0.00004 fl=0.932
t=  354.00 -4.80e-16 | 1.6574 16.59  21894    1  20816  20719 | 1.4453 14.84 | 7.96e-03 1.97e-02 |   2.5115 0.3562  1.1188  0.9195 1.000 15.17 | edge_dev mean=0.1832 max=0.2714 gg=0.0782 shape_dev=1.1468 xbar=0.1671
# CONVTAG t=354.00 rough=0.000000 cond=1.294891 evap=4.499465 backs=0.586887
# REG t=354.00 tp n=7 rho=[0.698 0.878 0.893 0.940] gr=0.00024 fl=1.000 | ba n=25099 rho=[0.408 0.741 0.905 0.972] gr=0.00004 fl=0.932
t=  356.00 -4.80e-16 | 1.6574 16.60  21908    3  20963  20862 | 1.4454 14.84 | 2.61e-03 7.25e-03 |   2.5216 0.3577  1.1079  0.9522 1.000 15.17 | edge_dev mean=0.1786 max=0.2654 gg=0.0755 shape_dev=1.1466 xbar=0.1690
# CONVTAG t=356.00 rough=0.000000 cond=1.294891 evap=4.499465 backs=0.586887
# REG t=356.00 tp n=7 rho=[0.665 0.820 0.924 0.943] gr=0.00023 fl=1.000 | ba n=25101 rho=[0.407 0.737 0.905 0.973] gr=0.00004 fl=0.932
t=  358.00 -4.80e-16 | 1.6574 16.61  21912    2  21095  21001 | 1.4455 14.85 | 8.14e-03 2.02e-02 |   2.5288 0.3587  1.0935  0.9517 1.000 15.17 | edge_dev mean=0.1767 max=0.2570 gg=0.0293 shape_dev=1.1481 xbar=0.1683
# CONVTAG t=358.00 rough=0.000000 cond=1.294891 evap=4.499465 backs=0.586887
# REG t=358.00 tp n=7 rho=[0.687 0.765 0.770 0.945] gr=0.00024 fl=1.000 | ba n=25095 rho=[0.407 0.738 0.905 0.972] gr=0.00004 fl=0.932
t=  360.00 -4.80e-16 | 1.6574 16.61  21919    3  21211  21115 | 1.4456 14.85 | 4.24e-03 1.04e-02 |   2.5306 0.3590  1.0757  0.9612 1.000 15.33 | edge_dev mean=0.1814 max=0.2649 gg=0.0055 shape_dev=1.1498 xbar=0.1683
# CONVTAG t=360.00 rough=0.000000 cond=1.294891 evap=4.499465 backs=0.586887
# REG t=360.00 tp n=7 rho=[0.709 0.752 0.921 0.943] gr=0.00026 fl=1.000 | ba n=25096 rho=[0.407 0.738 0.905 0.972] gr=0.00004 fl=0.932
t=  362.00 -4.80e-16 | 1.6574 16.61  21921    1  21340  21240 | 1.4456 14.85 | 3.49e-03 1.08e-02 |   2.5323 0.3592  1.0642  0.9626 1.000 15.00 | edge_dev mean=0.1801 max=0.2593 gg=0.0007 shape_dev=1.1523 xbar=0.1685
# CONVTAG t=362.00 rough=0.000000 cond=1.294891 evap=4.499465 backs=0.586887
# REG t=362.00 tp n=7 rho=[0.708 0.786 0.806 0.862] gr=0.00026 fl=1.000 | ba n=25103 rho=[0.406 0.738 0.905 0.973] gr=0.00004 fl=0.932
t=  364.00 -4.80e-16 | 1.6573 16.60  21902    4  21490  21378 | 1.4454 14.85 | 1.64e-03 6.95e-03 |   2.5268 0.3584  1.0614  0.9506 1.000 15.33 | edge_dev mean=0.1759 max=0.2545 gg=0.0001 shape_dev=1.1523 xbar=0.1679
# CONVTAG t=364.00 rough=0.000000 cond=1.294891 evap=4.499465 backs=0.586887
# REG t=364.00 tp n=7 rho=[0.656 0.735 0.789 0.865] gr=0.00025 fl=1.000 | ba n=25111 rho=[0.405 0.738 0.904 0.973] gr=0.00004 fl=0.932
t=  366.00 -4.80e-16 | 1.6574 16.59  21892    3  21619  21501 | 1.4453 14.85 | 3.27e-03 8.81e-03 |   2.5158 0.3569  1.0613  0.9819 1.000 15.33 | edge_dev mean=0.1743 max=0.2638 gg=0.0000 shape_dev=1.1501 xbar=0.1701
# CONVTAG t=366.00 rough=0.000000 cond=1.294891 evap=4.499465 backs=0.586887
# REG t=366.00 tp n=7 rho=[0.676 0.738 0.789 0.922] gr=0.00023 fl=1.000 | ba n=25118 rho=[0.402 0.739 0.905 0.973] gr=0.00004 fl=0.932
t=  368.00 -4.80e-16 | 1.6573 16.59  21894    2  21728  21628 | 1.4453 14.85 | 5.39e-03 1.52e-02 |   2.5221 0.3577  1.0582  0.9522 1.000 15.50 | edge_dev mean=0.1769 max=0.2762 gg=0.0000 shape_dev=1.1509 xbar=0.1680
# CONVTAG t=368.00 rough=0.000000 cond=1.294891 evap=4.499465 backs=0.586887
# REG t=368.00 tp n=7 rho=[0.703 0.785 0.937 0.955] gr=0.00022 fl=1.000 | ba n=25102 rho=[0.403 0.738 0.907 0.973] gr=0.00004 fl=0.932
t=  370.00 -4.80e-16 | 1.6573 16.59  21897    4  21837  21749 | 1.4454 14.85 | 3.45e-03 8.56e-03 |   2.5416 0.3605  1.0478  0.9620 1.000 15.50 | edge_dev mean=0.1751 max=0.2685 gg=0.0001 shape_dev=1.1507 xbar=0.1692
# CONVTAG t=370.00 rough=0.000000 cond=1.294891 evap=4.499465 backs=0.586887
# REG t=370.00 tp n=7 rho=[0.702 0.742 0.930 0.988] gr=0.00022 fl=1.000 | ba n=25088 rho=[0.406 0.740 0.905 0.974] gr=0.00004 fl=0.933
t=  372.00 -4.80e-16 | 1.6573 16.59  21887    1  21966  21879 | 1.4453 14.85 | 4.42e-03 1.31e-02 |   2.5544 0.3623  1.0418  0.9629 1.000 15.50 | edge_dev mean=0.1731 max=0.2683 gg=0.0008 shape_dev=1.1493 xbar=0.1697
# CONVTAG t=372.00 rough=0.000000 cond=1.294891 evap=4.499465 backs=0.586887
# REG t=372.00 tp n=7 rho=[0.636 0.768 0.877 0.986] gr=0.00022 fl=1.000 | ba n=25089 rho=[0.408 0.740 0.905 0.973] gr=0.00004 fl=0.933
t=  374.00 -4.80e-16 | 1.6573 16.60  21898    0  22071  21982 | 1.4454 14.85 | 3.27e-03 9.90e-03 |   2.5524 0.3620  1.0443  0.9634 1.000 15.50 | edge_dev mean=0.1740 max=0.2805 gg=0.0002 shape_dev=1.1426 xbar=0.1698
# CONVTAG t=374.00 rough=0.000000 cond=1.294891 evap=4.499465 backs=0.586887
# REG t=374.00 tp n=7 rho=[0.652 0.777 0.789 0.962] gr=0.00023 fl=1.000 | ba n=25093 rho=[0.408 0.740 0.905 0.973] gr=0.00004 fl=0.933
t=  376.00 -4.80e-16 | 1.6572 16.59  21895    4  22182  22099 | 1.4454 14.85 | 3.10e-03 1.14e-02 |   2.5501 0.3617  1.0478  0.9631 1.000 15.50 | edge_dev mean=0.1730 max=0.2822 gg=0.0000 shape_dev=1.1419 xbar=0.1697
# CONVTAG t=376.00 rough=0.000000 cond=1.294891 evap=4.499465 backs=0.586887
# REG t=376.00 tp n=7 rho=[0.717 0.777 0.792 0.960] gr=0.00022 fl=1.000 | ba n=25083 rho=[0.408 0.738 0.906 0.973] gr=0.00004 fl=0.933
t=  378.00 -4.80e-16 | 1.6572 16.59  21891    4  22331  22237 | 1.4454 14.85 | 4.67e-03 9.53e-03 |   2.5464 0.3612  1.0520  0.9600 1.000 15.33 | edge_dev mean=0.1736 max=0.2858 gg=0.0000 shape_dev=1.1405 xbar=0.1694
# CONVTAG t=378.00 rough=0.000000 cond=1.294891 evap=4.499465 backs=0.586887
# REG t=378.00 tp n=7 rho=[0.715 0.838 0.957 0.991] gr=0.00021 fl=1.000 | ba n=25092 rho=[0.411 0.739 0.905 0.973] gr=0.00004 fl=0.932
t=  380.00 -4.80e-16 | 1.6572 16.59  21889    3  22465  22383 | 1.4453 14.85 | 3.30e-03 9.22e-03 |   2.5290 0.3587  1.0655  0.9507 1.000 15.33 | edge_dev mean=0.1781 max=0.3003 gg=0.0000 shape_dev=1.1363 xbar=0.1683
# CONVTAG t=380.00 rough=0.000000 cond=1.294891 evap=4.499465 backs=0.586887
# REG t=380.00 tp n=7 rho=[0.692 0.873 0.953 0.991] gr=0.00021 fl=1.000 | ba n=25081 rho=[0.410 0.740 0.905 0.974] gr=0.00004 fl=0.933
t=  382.00 -4.80e-16 | 1.6571 16.59  21893    2  22598  22507 | 1.4454 14.85 | 3.10e-03 1.07e-02 |   2.5176 0.3571  1.0780  0.9435 1.000 15.33 | edge_dev mean=0.1779 max=0.3055 gg=0.0000 shape_dev=1.1334 xbar=0.1675
# CONVTAG t=382.00 rough=0.000000 cond=1.294891 evap=4.499465 backs=0.586887
# REG t=382.00 tp n=7 rho=[0.692 0.876 0.946 0.990] gr=0.00020 fl=1.000 | ba n=25093 rho=[0.406 0.740 0.905 0.974] gr=0.00004 fl=0.932
t=  384.00 -4.80e-16 | 1.6571 16.59  21893    3  22737  22628 | 1.4454 14.85 | 3.25e-03 1.18e-02 |   2.5140 0.3566  1.0868  0.9346 1.000 15.33 | edge_dev mean=0.1754 max=0.3073 gg=0.0000 shape_dev=1.1281 xbar=0.1672
# CONVTAG t=384.00 rough=0.000000 cond=1.294891 evap=4.499465 backs=0.586887
# REG t=384.00 tp n=7 rho=[0.692 0.825 0.945 0.991] gr=0.00019 fl=1.000 | ba n=25110 rho=[0.408 0.744 0.905 0.974] gr=0.00004 fl=0.932
t=  386.00 -4.80e-16 | 1.6571 16.60  21908    2  22854  22759 | 1.4455 14.85 | 2.91e-03 1.01e-02 |   2.5113 0.3562  1.0907  0.9363 1.000 15.33 | edge_dev mean=0.1775 max=0.3246 gg=0.0000 shape_dev=1.1214 xbar=0.1672
# CONVTAG t=386.00 rough=0.000000 cond=1.294891 evap=4.499465 backs=0.586887
# REG t=386.00 tp n=7 rho=[0.692 0.791 0.916 0.948] gr=0.00018 fl=1.000 | ba n=25095 rho=[0.407 0.742 0.905 0.973] gr=0.00004 fl=0.932
t=  388.00 -4.80e-16 | 1.6570 16.59  21888    0  22979  22898 | 1.4453 14.85 | 2.66e-03 9.15e-03 |   2.5098 0.3560  1.0926  0.9396 1.000 15.33 | edge_dev mean=0.1767 max=0.3301 gg=0.0000 shape_dev=1.1178 xbar=0.1670
# CONVTAG t=388.00 rough=0.000000 cond=1.294891 evap=4.499465 backs=0.586887
# REG t=388.00 tp n=7 rho=[0.701 0.760 0.791 0.945] gr=0.00017 fl=1.000 | ba n=25082 rho=[0.405 0.742 0.905 0.974] gr=0.00004 fl=0.933
t=  390.00 -4.80e-16 | 1.6570 16.58  21873    1  23105  23027 | 1.4451 14.85 | 3.68e-03 9.76e-03 |   2.5274 0.3585  1.0796  0.9557 1.000 15.50 | edge_dev mean=0.1761 max=0.3342 gg=0.0004 shape_dev=1.1149 xbar=0.1681
# CONVTAG t=390.00 rough=0.000000 cond=1.294891 evap=4.499465 backs=0.586887
# REG t=390.00 tp n=7 rho=[0.655 0.770 0.806 0.837] gr=0.00020 fl=1.000 | ba n=25078 rho=[0.405 0.741 0.904 0.973] gr=0.00004 fl=0.933
t=  392.00 -4.80e-16 | 1.6570 16.58  21876    4  23244  23166 | 1.4451 14.85 | 3.93e-03 1.19e-02 |   2.4977 0.3543  1.0969  0.9481 1.000 15.50 | edge_dev mean=0.1795 max=0.3442 gg=0.0002 shape_dev=1.1143 xbar=0.1663
# CONVTAG t=392.00 rough=0.000000 cond=1.294891 evap=4.499465 backs=0.586887
# REG t=392.00 tp n=7 rho=[0.629 0.711 0.782 0.904] gr=0.00019 fl=1.000 | ba n=25075 rho=[0.406 0.741 0.906 0.973] gr=0.00004 fl=0.933
t=  394.00 -4.80e-16 | 1.6570 16.58  21873    2  23387  23296 | 1.4451 14.84 | 3.38e-03 9.36e-03 |   2.4770 0.3513  1.1049  0.9851 1.000 15.50 | edge_dev mean=0.1779 max=0.3371 gg=0.0000 shape_dev=1.1172 xbar=0.1678
# CONVTAG t=394.00 rough=0.000000 cond=1.294891 evap=4.499465 backs=0.586887
# REG t=394.00 tp n=7 rho=[0.529 0.740 0.782 0.895] gr=0.00018 fl=1.000 | ba n=25090 rho=[0.408 0.741 0.906 0.973] gr=0.00004 fl=0.932
t=  396.00 -4.80e-16 | 1.6570 16.58  21882    3  23508  23427 | 1.4452 14.85 | 2.87e-03 8.83e-03 |   2.4503 0.3476  1.1221  0.9372 1.000 15.67 | edge_dev mean=0.1749 max=0.3337 gg=0.0000 shape_dev=1.1145 xbar=0.1630
# CONVTAG t=396.00 rough=0.000000 cond=1.294891 evap=4.499465 backs=0.586887
# REG t=396.00 tp n=7 rho=[0.529 0.782 0.888 0.893] gr=0.00017 fl=1.000 | ba n=25081 rho=[0.411 0.744 0.906 0.974] gr=0.00004 fl=0.932
t=  398.00 -4.80e-16 | 1.6571 16.60  21907    8  23635  23548 | 1.4455 14.85 | 3.61e-03 1.16e-02 |   2.4421 0.3464  1.1294  0.9539 1.000 15.67 | edge_dev mean=0.1747 max=0.3406 gg=0.0000 shape_dev=1.1102 xbar=0.1637
# CONVTAG t=398.00 rough=0.000000 cond=1.294891 evap=4.499465 backs=0.586887
# REG t=398.00 tp n=7 rho=[0.529 0.762 0.820 0.885] gr=0.00016 fl=1.000 | ba n=25081 rho=[0.411 0.744 0.907 0.974] gr=0.00004 fl=0.932
t=  400.00 -4.80e-16 | 1.6571 16.60  21903    1  23768  23689 | 1.4454 14.85 | 2.58e-03 8.72e-03 |   2.4551 0.3482  1.1191  0.9509 1.000 15.67 | edge_dev mean=0.1726 max=0.3340 gg=0.0000 shape_dev=1.1091 xbar=0.1634
# CONVTAG t=400.00 rough=0.000000 cond=1.294891 evap=4.499465 backs=0.586887
# REG t=400.00 tp n=7 rho=[0.529 0.763 0.814 0.883] gr=0.00018 fl=1.000 | ba n=25081 rho=[0.409 0.745 0.908 0.974] gr=0.00004 fl=0.932
t=  402.00 -4.80e-16 | 1.6570 16.60  21909    1  23901  23825 | 1.4455 14.84 | 3.15e-03 1.05e-02 |   2.4869 0.3527  1.1001  0.9674 1.000 15.67 | edge_dev mean=0.1702 max=0.3295 gg=0.0000 shape_dev=1.1108 xbar=0.1654
# CONVTAG t=402.00 rough=0.000000 cond=1.294891 evap=4.499465 backs=0.586887
# REG t=402.00 tp n=7 rho=[0.609 0.765 0.832 0.883] gr=0.00017 fl=1.000 | ba n=25077 rho=[0.410 0.745 0.908 0.974] gr=0.00004 fl=0.932
t=  404.00 -4.80e-16 | 1.6570 16.60  21901    5  24024  23947 | 1.4454 14.84 | 4.08e-03 1.16e-02 |   2.5009 0.3547  1.0927  0.9702 1.000 15.67 | edge_dev mean=0.1694 max=0.3318 gg=0.0000 shape_dev=1.1127 xbar=0.1663
# CONVTAG t=404.00 rough=0.000000 cond=1.294891 evap=4.499465 backs=0.586887
# REG t=404.00 tp n=7 rho=[0.701 0.765 0.871 0.929] gr=0.00016 fl=1.000 | ba n=25074 rho=[0.407 0.745 0.908 0.973] gr=0.00004 fl=0.932
t=  406.00 -4.80e-16 | 1.6570 16.60  21898    2  24174  24109 | 1.4454 14.85 | 2.22e-03 6.89e-03 |   2.4915 0.3534  1.0989  0.9623 0.833 15.33 | edge_dev mean=0.1684 max=0.3390 gg=0.0000 shape_dev=1.1139 xbar=0.1659
# CONVTAG t=406.00 rough=0.000000 cond=1.294891 evap=4.499465 backs=0.586887
# REG t=406.00 tp n=7 rho=[0.707 0.764 0.868 0.885] gr=0.00015 fl=1.000 | ba n=25067 rho=[0.406 0.745 0.909 0.973] gr=0.00004 fl=0.933
t=  408.00 -4.80e-16 | 1.6570 16.59  21888    0  24332  24250 | 1.4453 14.85 | 3.82e-03 1.09e-02 |   2.4968 0.3542  1.0943  0.9598 0.833 15.33 | edge_dev mean=0.1654 max=0.3389 gg=0.0001 shape_dev=1.1171 xbar=0.1661
# CONVTAG t=408.00 rough=0.000000 cond=1.294891 evap=4.499465 backs=0.586887
# REG t=408.00 tp n=7 rho=[0.668 0.730 0.877 0.923] gr=0.00015 fl=1.000 | ba n=25085 rho=[0.404 0.743 0.908 0.973] gr=0.00004 fl=0.932
t=  410.00 -4.80e-16 | 1.6570 16.58  21877    5  24482  24403 | 1.4451 14.84 | 4.10e-03 1.04e-02 |   2.4700 0.3504  1.1155  0.9475 0.833 15.33 | edge_dev mean=0.1621 max=0.3436 gg=0.0002 shape_dev=1.1193 xbar=0.1647
# CONVTAG t=410.00 rough=0.000000 cond=1.294891 evap=4.499465 backs=0.586887
# REG t=410.00 tp n=7 rho=[0.636 0.768 0.870 0.885] gr=0.00017 fl=1.000 | ba n=25076 rho=[0.406 0.742 0.908 0.973] gr=0.00004 fl=0.932
t=  412.00 -4.80e-16 | 1.6570 16.58  21879    2  24616  24547 | 1.4451 14.84 | 3.33e-03 1.15e-02 |   2.4548 0.3482  1.1249  0.9378 0.833 15.33 | edge_dev mean=0.1623 max=0.3547 gg=0.0000 shape_dev=1.1193 xbar=0.1635
# CONVTAG t=412.00 rough=0.000000 cond=1.294891 evap=4.499465 backs=0.586887
# REG t=412.00 tp n=8 rho=[0.529 0.691 0.836 0.919] gr=0.00012 fl=0.875 | ba n=25070 rho=[0.403 0.743 0.908 0.973] gr=0.00004 fl=0.932
t=  414.00 -4.80e-16 | 1.6570 16.57  21869    2  24741  24678 | 1.4450 14.85 | 5.31e-03 1.38e-02 |   2.4542 0.3481  1.1253  0.9422 0.833 15.33 | edge_dev mean=0.1616 max=0.3558 gg=0.0000 shape_dev=1.1193 xbar=0.1634
# CONVTAG t=414.00 rough=0.000000 cond=1.294891 evap=4.499465 backs=0.586887
# REG t=414.00 tp n=8 rho=[0.529 0.769 0.861 0.923] gr=0.00012 fl=0.875 | ba n=25064 rho=[0.406 0.744 0.908 0.974] gr=0.00004 fl=0.932
t=  416.00 -4.80e-16 | 1.6570 16.57  21860    3  24872  24799 | 1.4449 14.85 | 3.50e-03 1.07e-02 |   2.4549 0.3482  1.1248  0.9453 0.833 15.33 | edge_dev mean=0.1609 max=0.3587 gg=0.0000 shape_dev=1.1189 xbar=0.1633
# CONVTAG t=416.00 rough=0.000000 cond=1.294891 evap=4.499465 backs=0.586887
# REG t=416.00 tp n=8 rho=[0.529 0.762 0.922 0.927] gr=0.00011 fl=0.875 | ba n=25073 rho=[0.405 0.743 0.909 0.974] gr=0.00004 fl=0.932
t=  418.00 -4.80e-16 | 1.6570 16.55  21844    4  24999  24927 | 1.4448 14.85 | 2.29e-03 8.74e-03 |   2.4762 0.3512  1.1066  0.9839 0.833 15.33 | edge_dev mean=0.1623 max=0.3659 gg=0.0002 shape_dev=1.1154 xbar=0.1660
# CONVTAG t=418.00 rough=0.000000 cond=1.294891 evap=4.499465 backs=0.586887
# REG t=418.00 tp n=8 rho=[0.529 0.723 0.928 0.942] gr=0.00011 fl=0.875 | ba n=25071 rho=[0.407 0.746 0.908 0.974] gr=0.00004 fl=0.932
t=  420.00 -4.80e-16 | 1.6570 16.57  21858    4  25123  25049 | 1.4449 14.84 | 4.73e-03 1.23e-02 |   2.4597 0.3489  1.1208  0.9591 0.833 15.33 | edge_dev mean=0.1614 max=0.3631 gg=0.0012 shape_dev=1.1155 xbar=0.1637
# CONVTAG t=420.00 rough=0.000000 cond=1.294891 evap=4.499465 backs=0.586887
# REG t=420.00 tp n=8 rho=[0.529 0.785 0.943 0.944] gr=0.00010 fl=0.875 | ba n=25073 rho=[0.407 0.746 0.910 0.974] gr=0.00004 fl=0.932
t=  422.00 -4.80e-16 | 1.6569 16.57  21861    4  25277  25212 | 1.4449 14.84 | 3.66e-03 1.08e-02 |   2.4595 0.3489  1.1183  0.9632 0.833 15.33 | edge_dev mean=0.1600 max=0.3607 gg=0.0053 shape_dev=1.1155 xbar=0.1636
# CONVTAG t=422.00 rough=0.000000 cond=1.294891 evap=4.499465 backs=0.586887
# REG t=422.00 tp n=8 rho=[0.529 0.800 0.937 0.945] gr=0.00010 fl=0.875 | ba n=25063 rho=[0.406 0.746 0.910 0.975] gr=0.00004 fl=0.932
t=  424.00 -4.80e-16 | 1.6569 16.56  21851    3  25420  25349 | 1.4448 14.84 | 3.12e-03 9.73e-03 |   2.4649 0.3496  1.1113  0.9700 0.833 15.50 | edge_dev mean=0.1620 max=0.3607 gg=0.0165 shape_dev=1.1185 xbar=0.1640
# CONVTAG t=424.00 rough=0.000000 cond=1.294891 evap=4.499465 backs=0.586887
# REG t=424.00 tp n=8 rho=[0.529 0.796 0.887 0.947] gr=0.00011 fl=0.875 | ba n=25069 rho=[0.406 0.744 0.908 0.974] gr=0.00004 fl=0.932
t=  426.00 -4.80e-16 | 1.6569 16.57  21860    2  25554  25482 | 1.4448 14.84 | 1.68e-03 7.53e-03 |   2.4550 0.3482  1.1178  0.9804 0.833 15.50 | edge_dev mean=0.1621 max=0.3549 gg=0.0395 shape_dev=1.1217 xbar=0.1646
# CONVTAG t=426.00 rough=0.000000 cond=1.294891 evap=4.499465 backs=0.586887
# REG t=426.00 tp n=8 rho=[0.529 0.655 0.799 0.936] gr=0.00010 fl=0.875 | ba n=25071 rho=[0.407 0.744 0.907 0.974] gr=0.00004 fl=0.932
t=  428.00 -4.80e-16 | 1.6569 16.56  21849    1  25696  25616 | 1.4447 14.84 | 4.05e-03 1.14e-02 |   2.4267 0.3442  1.1350  0.9599 0.833 15.50 | edge_dev mean=0.1615 max=0.3489 gg=0.0729 shape_dev=1.1236 xbar=0.1625
# CONVTAG t=428.00 rough=0.000000 cond=1.294891 evap=4.499465 backs=0.586887
# REG t=428.00 tp n=8 rho=[0.493 0.711 0.815 0.935] gr=0.00010 fl=0.875 | ba n=25080 rho=[0.409 0.742 0.908 0.975] gr=0.00004 fl=0.932
t=  430.00 -4.80e-16 | 1.6569 16.56  21852    4  25801  25714 | 1.4448 14.84 | 1.83e-03 8.17e-03 |   2.4117 0.3421  1.1418  0.9389 0.833 15.50 | edge_dev mean=0.1645 max=0.3537 gg=0.1070 shape_dev=1.1245 xbar=0.1606
# CONVTAG t=430.00 rough=0.000000 cond=1.294891 evap=4.499465 backs=0.586887
# REG t=430.00 tp n=8 rho=[0.486 0.737 0.876 0.882] gr=0.00009 fl=0.875 | ba n=25084 rho=[0.407 0.745 0.908 0.974] gr=0.00004 fl=0.932
t=  432.00 -4.80e-16 | 1.6569 16.57  21859    1  25918  25836 | 1.4449 14.84 | 1.67e-03 5.93e-03 |   2.4071 0.3414  1.1404  0.9385 0.833 15.50 | edge_dev mean=0.1632 max=0.3462 gg=0.1232 shape_dev=1.1260 xbar=0.1602
# CONVTAG t=432.00 rough=0.000000 cond=1.294891 evap=4.499465 backs=0.586887
# REG t=432.00 tp n=8 rho=[0.529 0.676 0.802 0.909] gr=0.00009 fl=0.875 | ba n=25082 rho=[0.410 0.745 0.908 0.974] gr=0.00004 fl=0.932
t=  434.00 -4.80e-16 | 1.6569 16.57  21861    4  26053  25964 | 1.4449 14.84 | 2.90e-03 9.88e-03 |   2.3965 0.3399  1.1469  0.9283 0.833 15.50 | edge_dev mean=0.1636 max=0.3377 gg=0.1082 shape_dev=1.1278 xbar=0.1594
# CONVTAG t=434.00 rough=0.000000 cond=1.294891 evap=4.499465 backs=0.586887
# REG t=434.00 tp n=8 rho=[0.529 0.700 0.849 0.909] gr=0.00008 fl=0.875 | ba n=25087 rho=[0.410 0.744 0.909 0.975] gr=0.00004 fl=0.932
t=  436.00 -3.20e-16 | 1.6569 16.57  21858    1  26196  26110 | 1.4449 14.84 | 2.56e-03 7.98e-03 |   2.4113 0.3420  1.1300  0.9470 0.833 15.50 | edge_dev mean=0.1668 max=0.3421 gg=0.0732 shape_dev=1.1294 xbar=0.1605
# CONVTAG t=436.00 rough=0.000000 cond=1.294891 evap=4.499465 backs=0.586887
# REG t=436.00 tp n=8 rho=[0.521 0.723 0.809 0.881] gr=0.00009 fl=0.875 | ba n=25087 rho=[0.410 0.747 0.909 0.974] gr=0.00004 fl=0.932
t=  438.00 -4.80e-16 | 1.6569 16.57  21865    3  26321  26241 | 1.4449 14.84 | 2.11e-03 7.33e-03 |   2.3797 0.3375  1.1536  0.9668 0.833 15.17 | edge_dev mean=0.1677 max=0.3359 gg=0.0385 shape_dev=1.1334 xbar=0.1602
# CONVTAG t=438.00 rough=0.000000 cond=1.294891 evap=4.499465 backs=0.586887
# REG t=438.00 tp n=8 rho=[0.463 0.755 0.791 0.883] gr=0.00009 fl=0.875 | ba n=25079 rho=[0.411 0.746 0.910 0.974] gr=0.00004 fl=0.932
t=  440.00 -4.80e-16 | 1.6569 16.57  21866    1  26445  26368 | 1.4450 14.84 | 3.71e-03 1.09e-02 |   2.3743 0.3368  1.1588  0.9198 0.833 15.50 | edge_dev mean=0.1666 max=0.3305 gg=0.0156 shape_dev=1.1340 xbar=0.1581
# CONVTAG t=440.00 rough=0.000000 cond=1.294891 evap=4.499465 backs=0.586887
# REG t=440.00 tp n=8 rho=[0.456 0.682 0.793 0.797] gr=0.00008 fl=0.875 | ba n=25079 rho=[0.413 0.747 0.911 0.974] gr=0.00004 fl=0.932
t=  442.00 -4.80e-16 | 1.6569 16.56  21854    2  26559  26487 | 1.4448 14.84 | 3.13e-03 1.01e-02 |   2.3813 0.3378  1.1524  0.9213 0.833 15.33 | edge_dev mean=0.1689 max=0.3327 gg=0.0047 shape_dev=1.1354 xbar=0.1585
# CONVTAG t=442.00 rough=0.000000 cond=1.294891 evap=4.499465 backs=0.586887
# REG t=442.00 tp n=8 rho=[0.466 0.568 0.798 0.832] gr=0.00008 fl=0.875 | ba n=25072 rho=[0.413 0.746 0.912 0.974] gr=0.00004 fl=0.932
t=  444.00 -4.80e-16 | 1.6568 16.56  21847    2  26689  26614 | 1.4447 14.84 | 5.89e-03 1.43e-02 |   2.3885 0.3388  1.1465  0.9200 0.833 15.33 | edge_dev mean=0.1678 max=0.3331 gg=0.0010 shape_dev=1.1382 xbar=0.1589
# CONVTAG t=444.00 rough=0.000000 cond=1.294891 evap=4.499465 backs=0.586887
# REG t=444.00 tp n=8 rho=[0.529 0.604 0.750 0.798] gr=0.00008 fl=0.875 | ba n=25075 rho=[0.411 0.748 0.910 0.974] gr=0.00004 fl=0.932
t=  446.00 -4.80e-16 | 1.6568 16.55  21840    1  26833  26756 | 1.4446 14.84 | 2.42e-03 7.60e-03 |   2.4110 0.3420  1.1279  0.9558 1.000 15.67 | edge_dev mean=0.1658 max=0.3291 gg=0.0002 shape_dev=1.1396 xbar=0.1618
# CONVTAG t=446.00 rough=0.000000 cond=1.294891 evap=4.499465 backs=0.586887
# REG t=446.00 tp n=8 rho=[0.529 0.644 0.766 0.796] gr=0.00008 fl=0.875 | ba n=25078 rho=[0.410 0.746 0.909 0.974] gr=0.00004 fl=0.932
t=  448.00 -4.80e-16 | 1.6568 16.55  21843    3  26972  26900 | 1.4446 14.84 | 5.27e-03 1.29e-02 |   2.3887 0.3388  1.1451  0.9198 1.000 15.67 | edge_dev mean=0.1657 max=0.3306 gg=0.0002 shape_dev=1.1396 xbar=0.1590
# CONVTAG t=448.00 rough=0.000000 cond=1.294891 evap=4.499465 backs=0.586887
# REG t=448.00 tp n=8 rho=[0.501 0.551 0.749 0.874] gr=0.00007 fl=0.875 | ba n=25071 rho=[0.411 0.746 0.909 0.974] gr=0.00004 fl=0.932
t=  450.00 -4.80e-16 | 1.6568 16.57  21858    3  27108  27030 | 1.4448 14.84 | 4.64e-03 1.21e-02 |   2.3834 0.3381  1.1479  0.9177 1.000 15.67 | edge_dev mean=0.1670 max=0.3406 gg=0.0003 shape_dev=1.1363 xbar=0.1587
# CONVTAG t=450.00 rough=0.000000 cond=1.294891 evap=4.499465 backs=0.586887
# REG t=450.00 tp n=8 rho=[0.479 0.547 0.794 0.798] gr=0.00008 fl=0.875 | ba n=25077 rho=[0.413 0.746 0.908 0.974] gr=0.00004 fl=0.932
t=  452.00 -4.80e-16 | 1.6568 16.56  21857    3  27256  27183 | 1.4448 14.84 | 3.03e-03 9.47e-03 |   2.3783 0.3373  1.1486  0.9166 1.000 15.67 | edge_dev mean=0.1650 max=0.3375 gg=0.0000 shape_dev=1.1344 xbar=0.1583
# CONVTAG t=452.00 rough=0.000000 cond=1.294891 evap=4.499465 backs=0.586887
# REG t=452.00 tp n=8 rho=[0.465 0.565 0.760 0.795] gr=0.00008 fl=0.875 | ba n=25072 rho=[0.409 0.746 0.909 0.974] gr=0.00004 fl=0.932
t=  454.00 -4.80e-16 | 1.6568 16.56  21846    2  27399  27321 | 1.4446 14.83 | 2.34e-03 7.62e-03 |   2.3747 0.3368  1.1519  0.9101 1.000 15.67 | edge_dev mean=0.1643 max=0.3330 gg=0.0000 shape_dev=1.1332 xbar=0.1583
# CONVTAG t=454.00 rough=0.000000 cond=1.294891 evap=4.499465 backs=0.586887
# REG t=454.00 tp n=8 rho=[0.456 0.753 0.776 0.795] gr=0.00007 fl=0.875 | ba n=25077 rho=[0.409 0.744 0.908 0.975] gr=0.00004 fl=0.932
t=  456.00 -4.80e-16 | 1.6568 16.56  21850    4  27542  27466 | 1.4447 14.83 | 2.56e-03 1.06e-02 |   2.3750 0.3369  1.1460  0.9320 1.000 15.67 | edge_dev mean=0.1672 max=0.3397 gg=0.0000 shape_dev=1.1329 xbar=0.1590
# CONVTAG t=456.00 rough=0.000000 cond=1.294891 evap=4.499465 backs=0.586887
# REG t=456.00 tp n=8 rho=[0.455 0.776 0.805 0.891] gr=0.00007 fl=0.875 | ba n=25073 rho=[0.409 0.743 0.908 0.974] gr=0.00004 fl=0.932
t=  458.00 -4.80e-16 | 1.6568 16.57  21867    5  27679  27594 | 1.4449 14.83 | 3.29e-03 6.76e-03 |   2.3578 0.3344  1.1602  0.9073 1.000 15.83 | edge_dev mean=0.1667 max=0.3332 gg=0.0000 shape_dev=1.1285 xbar=0.1571
# CONVTAG t=458.00 rough=0.000000 cond=1.294891 evap=4.499465 backs=0.586887
# REG t=458.00 tp n=7 rho=[0.628 0.701 0.864 0.941] gr=0.00013 fl=1.000 | ba n=25082 rho=[0.406 0.741 0.907 0.974] gr=0.00004 fl=0.932
t=  460.00 -4.80e-16 | 1.6568 16.57  21870    2  27808  27739 | 1.4449 14.84 | 3.10e-03 1.05e-02 |   2.3499 0.3333  1.1664  0.8991 1.000 15.50 | edge_dev mean=0.1667 max=0.3285 gg=0.0000 shape_dev=1.1250 xbar=0.1564
# CONVTAG t=460.00 rough=0.000000 cond=1.294891 evap=4.499465 backs=0.586887
# REG t=460.00 tp n=7 rho=[0.638 0.756 0.873 0.957] gr=0.00014 fl=1.000 | ba n=25070 rho=[0.406 0.743 0.909 0.975] gr=0.00004 fl=0.932
t=  462.00 -3.20e-16 | 1.6568 16.58  21874    3  27944  27872 | 1.4450 14.84 | 2.50e-03 9.12e-03 |   2.3426 0.3323  1.1720  0.8910 1.000 15.67 | edge_dev mean=0.1704 max=0.3360 gg=0.0000 shape_dev=1.1200 xbar=0.1560
# CONVTAG t=462.00 rough=0.000000 cond=1.294891 evap=4.499465 backs=0.586887
# REG t=462.00 tp n=7 rho=[0.648 0.788 0.872 0.960] gr=0.00014 fl=1.000 | ba n=25072 rho=[0.405 0.742 0.910 0.974] gr=0.00004 fl=0.932
t=  464.00 -3.20e-16 | 1.6568 16.59  21885    0  28091  28027 | 1.4451 14.84 | 3.12e-03 1.22e-02 |   2.3433 0.3324  1.1684  0.8910 1.000 15.67 | edge_dev mean=0.1688 max=0.3291 gg=0.0000 shape_dev=1.1196 xbar=0.1560
# CONVTAG t=464.00 rough=0.000000 cond=1.294891 evap=4.499465 backs=0.586887
# REG t=464.00 tp n=7 rho=[0.692 0.788 0.843 0.954] gr=0.00013 fl=1.000 | ba n=25067 rho=[0.407 0.744 0.909 0.974] gr=0.00004 fl=0.933
t=  466.00 -4.80e-16 | 1.6568 16.58  21878    1  28230  28166 | 1.4450 14.83 | 5.14e-03 1.05e-02 |   2.3627 0.3351  1.1488  0.9121 1.000 15.67 | edge_dev mean=0.1671 max=0.3243 gg=0.0000 shape_dev=1.1238 xbar=0.1573
# CONVTAG t=466.00 rough=0.000000 cond=1.294891 evap=4.499465 backs=0.586887
# REG t=466.00 tp n=7 rho=[0.691 0.771 0.788 0.932] gr=0.00012 fl=1.000 | ba n=25065 rho=[0.406 0.746 0.910 0.975] gr=0.00004 fl=0.933
t=  468.00 -4.80e-16 | 1.6568 16.57  21860    1  28378  28293 | 1.4448 14.83 | 4.79e-03 1.25e-02 |   2.3569 0.3343  1.1517  0.9084 1.000 15.50 | edge_dev mean=0.1665 max=0.3253 gg=0.0000 shape_dev=1.1217 xbar=0.1568
# CONVTAG t=468.00 rough=0.000000 cond=1.294891 evap=4.499465 backs=0.586887
# REG t=468.00 tp n=7 rho=[0.705 0.763 0.771 0.781] gr=0.00014 fl=1.000 | ba n=25087 rho=[0.406 0.748 0.911 0.975] gr=0.00004 fl=0.932
t=  470.00 -4.80e-16 | 1.6568 16.57  21862    2  28528  28420 | 1.4448 14.83 | 2.86e-03 8.18e-03 |   2.3541 0.3339  1.1532  0.9278 1.000 15.50 | edge_dev mean=0.1679 max=0.3301 gg=0.0000 shape_dev=1.1190 xbar=0.1575
# CONVTAG t=470.00 rough=0.000000 cond=1.294891 evap=4.499465 backs=0.586887
# REG t=470.00 tp n=7 rho=[0.717 0.780 0.802 0.833] gr=0.00016 fl=1.000 | ba n=25109 rho=[0.402 0.747 0.911 0.975] gr=0.00004 fl=0.931
t=  472.00 -4.80e-16 | 1.6568 16.56  21851    0  28640  28546 | 1.4447 14.83 | 3.49e-03 9.63e-03 |   2.3655 0.3355  1.1475  0.9190 1.000 15.50 | edge_dev mean=0.1678 max=0.3256 gg=0.0001 shape_dev=1.1190 xbar=0.1574
# CONVTAG t=472.00 rough=0.000000 cond=1.294891 evap=4.499465 backs=0.586887
# REG t=472.00 tp n=7 rho=[0.702 0.779 0.794 0.866] gr=0.00015 fl=1.000 | ba n=25097 rho=[0.404 0.748 0.911 0.975] gr=0.00004 fl=0.932
t=  474.00 -4.80e-16 | 1.6568 16.56  21848    2  28766  28677 | 1.4446 14.83 | 3.86e-03 1.09e-02 |   2.3688 0.3360  1.1436  0.9290 1.000 15.50 | edge_dev mean=0.1699 max=0.3229 gg=0.0000 shape_dev=1.1210 xbar=0.1575
# CONVTAG t=474.00 rough=0.000000 cond=1.294891 evap=4.499465 backs=0.586887
# REG t=474.00 tp n=7 rho=[0.698 0.711 0.794 0.895] gr=0.00014 fl=1.000 | ba n=25090 rho=[0.407 0.749 0.911 0.975] gr=0.00004 fl=0.932
t=  476.00 -4.80e-16 | 1.6569 16.56  21845    4  28890  28802 | 1.4445 14.83 | 2.36e-03 7.77e-03 |   2.3873 0.3386  1.1275  0.9607 1.000 15.67 | edge_dev mean=0.1751 max=0.3315 gg=0.0000 shape_dev=1.1216 xbar=0.1598
# CONVTAG t=476.00 rough=0.000000 cond=1.294891 evap=4.499465 backs=0.586887
# REG t=476.00 tp n=7 rho=[0.620 0.793 0.892 0.896] gr=0.00013 fl=1.000 | ba n=25087 rho=[0.409 0.748 0.912 0.975] gr=0.00004 fl=0.932
t=  478.00 -4.80e-16 | 1.6569 16.56  21850    2  29033  28954 | 1.4446 14.83 | 2.27e-03 7.84e-03 |   2.3871 0.3386  1.1268  0.9537 1.000 15.50 | edge_dev mean=0.1755 max=0.3256 gg=0.0000 shape_dev=1.1185 xbar=0.1592
# CONVTAG t=478.00 rough=0.000000 cond=1.294891 evap=4.499465 backs=0.586887
# REG t=478.00 tp n=7 rho=[0.587 0.778 0.802 0.943] gr=0.00012 fl=1.000 | ba n=25079 rho=[0.413 0.751 0.911 0.975] gr=0.00004 fl=0.932
t=  480.00 -4.80e-16 | 1.6569 16.57  21866    0  29188  29102 | 1.4448 14.83 | 3.49e-03 9.47e-03 |   2.3881 0.3387  1.1211  0.9618 1.000 15.33 | edge_dev mean=0.1740 max=0.3205 gg=0.0000 shape_dev=1.1174 xbar=0.1588
# CONVTAG t=480.00 rough=0.000000 cond=1.294891 evap=4.499465 backs=0.586887
# REG t=480.00 tp n=7 rho=[0.577 0.784 0.792 0.952] gr=0.00012 fl=1.000 | ba n=25088 rho=[0.412 0.748 0.910 0.974] gr=0.00004 fl=0.932
t=  482.00 -4.80e-16 | 1.6568 16.56  21856    1  29337  29245 | 1.4447 14.83 | 4.47e-03 1.19e-02 |   2.3964 0.3399  1.1146  0.9679 1.000 15.33 | edge_dev mean=0.1769 max=0.3304 gg=0.0000 shape_dev=1.1168 xbar=0.1595
# CONVTAG t=482.00 rough=0.000000 cond=1.294891 evap=4.499465 backs=0.586887
# REG t=482.00 tp n=7 rho=[0.613 0.785 0.800 0.954] gr=0.00011 fl=1.000 | ba n=25093 rho=[0.413 0.748 0.910 0.974] gr=0.00004 fl=0.932
t=  484.00 -4.80e-16 | 1.6568 16.56  21848    5  29483  29395 | 1.4446 14.83 | 4.61e-03 1.27e-02 |   2.4203 0.3433  1.0985  0.9823 1.000 15.33 | edge_dev mean=0.1788 max=0.3251 gg=0.0000 shape_dev=1.1214 xbar=0.1610
# CONVTAG t=484.00 rough=0.000000 cond=1.294891 evap=4.499465 backs=0.586887
# REG t=484.00 tp n=7 rho=[0.751 0.800 0.877 0.916] gr=0.00011 fl=1.000 | ba n=25084 rho=[0.414 0.748 0.911 0.974] gr=0.00004 fl=0.932
t=  486.00 -4.80e-16 | 1.6568 16.57  21870    5  29614  29556 | 1.4449 14.83 | 7.28e-03 1.82e-02 |   2.4716 0.3506  1.0616  1.0106 1.000 15.33 | edge_dev mean=0.1808 max=0.3269 gg=0.0000 shape_dev=1.1210 xbar=0.1643
# CONVTAG t=486.00 rough=0.000000 cond=1.294891 evap=4.499465 backs=0.586887
# REG t=486.00 tp n=7 rho=[0.783 0.841 0.887 0.952] gr=0.00011 fl=1.000 | ba n=25054 rho=[0.421 0.750 0.912 0.974] gr=0.00004 fl=0.933
t=  488.00 -4.80e-16 | 1.6568 16.56  21850    3  29749  29688 | 1.4446 14.83 | 1.99e-03 7.53e-03 |   2.4567 0.3485  1.0805  0.9976 1.000 15.33 | edge_dev mean=0.1832 max=0.3311 gg=0.0002 shape_dev=1.1233 xbar=0.1636
# CONVTAG t=488.00 rough=0.000000 cond=1.294891 evap=4.499465 backs=0.586887
# REG t=488.00 tp n=7 rho=[0.777 0.851 0.869 0.946] gr=0.00011 fl=1.000 | ba n=25059 rho=[0.422 0.746 0.911 0.975] gr=0.00004 fl=0.933
t=  490.00 -4.80e-16 | 1.6568 16.55  21833    1  29900  29822 | 1.4444 14.83 | 2.10e-03 8.22e-03 |   2.4564 0.3484  1.0932  0.9829 1.000 15.50 | edge_dev mean=0.1834 max=0.3267 gg=0.0016 shape_dev=1.1265 xbar=0.1633
# CONVTAG t=490.00 rough=0.000000 cond=1.294891 evap=4.499465 backs=0.586887
# REG t=490.00 tp n=7 rho=[0.641 0.811 0.867 0.916] gr=0.00014 fl=1.000 | ba n=25078 rho=[0.424 0.750 0.910 0.975] gr=0.00004 fl=0.932
t=  492.00 -4.80e-16 | 1.6568 16.55  21837    2  30033  29961 | 1.4445 14.83 | 3.05e-03 8.17e-03 |   2.4569 0.3485  1.1104  0.9854 1.000 15.33 | edge_dev mean=0.1821 max=0.3270 gg=0.0129 shape_dev=1.1224 xbar=0.1634
# CONVTAG t=492.00 rough=0.000000 cond=1.294891 evap=4.499465 backs=0.586887
# REG t=492.00 tp n=7 rho=[0.694 0.815 0.855 0.886] gr=0.00013 fl=1.000 | ba n=25071 rho=[0.426 0.753 0.911 0.974] gr=0.00004 fl=0.933
t=  494.00 -4.80e-16 | 1.6568 16.55  21836    2  30154  30092 | 1.4445 14.83 | 3.68e-03 9.34e-03 |   2.4451 0.3468  1.1269  0.9844 1.000 15.33 | edge_dev mean=0.1828 max=0.3344 gg=0.0604 shape_dev=1.1209 xbar=0.1628
# CONVTAG t=494.00 rough=0.000000 cond=1.294891 evap=4.499465 backs=0.586887
# REG t=494.00 tp n=7 rho=[0.585 0.815 0.822 0.838] gr=0.00013 fl=1.000 | ba n=25061 rho=[0.425 0.755 0.912 0.975] gr=0.00004 fl=0.933
t=  496.00 -4.80e-16 | 1.6567 16.54  21829    6  30299  30233 | 1.4444 14.83 | 2.44e-03 6.55e-03 |   2.4563 0.3484  1.1216  1.0072 1.000 15.33 | edge_dev mean=0.1818 max=0.3323 gg=0.1125 shape_dev=1.1170 xbar=0.1641
# CONVTAG t=496.00 rough=0.000000 cond=1.294891 evap=4.499465 backs=0.586887
# REG t=496.00 tp n=7 rho=[0.469 0.765 0.810 0.814] gr=0.00012 fl=1.000 | ba n=25061 rho=[0.430 0.757 0.912 0.975] gr=0.00005 fl=0.933
t=  498.00 -4.80e-16 | 1.6568 16.55  21843    2  30441  30369 | 1.4446 14.83 | 3.95e-03 9.08e-03 |   2.4595 0.3489  1.1163  1.0028 1.000 15.33 | edge_dev mean=0.1813 max=0.3314 gg=0.0678 shape_dev=1.1143 xbar=0.1634
# CONVTAG t=498.00 rough=0.000000 cond=1.294891 evap=4.499465 backs=0.586887
# REG t=498.00 tp n=7 rho=[0.561 0.759 0.784 0.808] gr=0.00012 fl=1.000 | ba n=25070 rho=[0.431 0.760 0.913 0.975] gr=0.00004 fl=0.932
t=  500.00 -4.80e-16 | 1.6567 16.56  21856    1  30580  30509 | 1.4447 14.83 | 3.41e-03 1.04e-02 |   2.4758 0.3512  1.0906  1.0225 1.000 15.33 | edge_dev mean=0.1823 max=0.3335 gg=0.0156 shape_dev=1.1099 xbar=0.1645
# CONVTAG t=500.00 rough=0.000000 cond=1.294891 evap=4.499465 backs=0.586887
# REG t=500.00 tp n=7 rho=[0.474 0.705 0.733 0.805] gr=0.00014 fl=1.000 | ba n=25070 rho=[0.429 0.759 0.913 0.975] gr=0.00004 fl=0.933
t=  502.00 -4.80e-16 | 1.6567 16.56  21853    1  30700  30644 | 1.4447 14.83 | 4.34e-03 1.06e-02 |   2.4654 0.3497  1.0845  1.0273 1.000 15.33 | edge_dev mean=0.1840 max=0.3363 gg=0.0023 shape_dev=1.1059 xbar=0.1641
# CONVTAG t=502.00 rough=0.000000 cond=1.294891 evap=4.499465 backs=0.586887
# REG t=502.00 tp n=7 rho=[0.417 0.792 0.805 0.879] gr=0.00016 fl=1.000 | ba n=25055 rho=[0.430 0.760 0.914 0.975] gr=0.00004 fl=0.933
t=  504.00 -4.80e-16 | 1.6567 16.57  21859    2  30798  30755 | 1.4448 14.83 | 2.44e-03 6.13e-03 |   2.4543 0.3481  1.0817  1.0181 1.000 15.33 | edge_dev mean=0.1841 max=0.3295 gg=0.0007 shape_dev=1.1074 xbar=0.1633
# CONVTAG t=504.00 rough=0.000000 cond=1.294891 evap=4.499465 backs=0.586887
# REG t=504.00 tp n=7 rho=[0.370 0.631 0.792 0.892] gr=0.00015 fl=1.000 | ba n=25041 rho=[0.431 0.757 0.913 0.975] gr=0.00004 fl=0.934
t=  506.00 -4.80e-16 | 1.6567 16.56  21846    1  30934  30896 | 1.4446 14.83 | 6.31e-03 1.54e-02 |   2.4542 0.3481  1.0858  1.0040 1.000 15.00 | edge_dev mean=0.1855 max=0.3304 gg=0.0003 shape_dev=1.1079 xbar=0.1631
# CONVTAG t=506.00 rough=0.000000 cond=1.294891 evap=4.499465 backs=0.586887
# REG t=506.00 tp n=7 rho=[0.375 0.792 0.876 0.881] gr=0.00014 fl=1.000 | ba n=25037 rho=[0.433 0.757 0.913 0.975] gr=0.00004 fl=0.934
t=  508.00 -4.80e-16 | 1.6567 16.56  21848    1  31080  31033 | 1.4446 14.83 | 2.23e-03 7.79e-03 |   2.4662 0.3498  1.0844  1.0001 1.000 15.17 | edge_dev mean=0.1884 max=0.3475 gg=0.0001 shape_dev=1.1088 xbar=0.1640
# CONVTAG t=508.00 rough=0.000000 cond=1.294891 evap=4.499465 backs=0.586887
# REG t=508.00 tp n=7 rho=[0.396 0.778 0.841 0.849] gr=0.00013 fl=1.000 | ba n=25047 rho=[0.432 0.758 0.913 0.976] gr=0.00004 fl=0.933
t=  510.00 -4.80e-16 | 1.6567 16.54  21830    3  31219  31162 | 1.4444 14.83 | 1.69e-03 7.94e-03 |   2.4820 0.3521  1.0757  1.0408 1.000 15.33 | edge_dev mean=0.1901 max=0.3586 gg=0.0000 shape_dev=1.1142 xbar=0.1669
# CONVTAG t=510.00 rough=0.000000 cond=1.294891 evap=4.499465 backs=0.586887
# REG t=510.00 tp n=7 rho=[0.472 0.734 0.805 0.826] gr=0.00016 fl=1.000 | ba n=25055 rho=[0.432 0.758 0.913 0.976] gr=0.00004 fl=0.933
t=  512.00 -4.80e-16 | 1.6567 16.56  21857    0  31372  31321 | 1.4448 14.83 | 2.48e-03 8.59e-03 |   2.4649 0.3496  1.0945  0.9933 1.000 15.33 | edge_dev mean=0.1926 max=0.3709 gg=0.0000 shape_dev=1.1104 xbar=0.1641
# CONVTAG t=512.00 rough=0.000000 cond=1.294891 evap=4.499465 backs=0.586887
# REG t=512.00 tp n=7 rho=[0.723 0.809 0.825 0.907] gr=0.00018 fl=1.000 | ba n=25052 rho=[0.433 0.759 0.915 0.976] gr=0.00004 fl=0.933
t=  514.00 -4.80e-16 | 1.6567 16.57  21860    2  31508  31466 | 1.4448 14.83 | 2.21e-03 7.19e-03 |   2.4590 0.3488  1.1076  0.9918 1.000 15.33 | edge_dev mean=0.1979 max=0.3952 gg=0.0000 shape_dev=1.1047 xbar=0.1638
# CONVTAG t=514.00 rough=0.000000 cond=1.294891 evap=4.499465 backs=0.586887
# REG t=514.00 tp n=7 rho=[0.729 0.809 0.842 0.931] gr=0.00017 fl=1.000 | ba n=25041 rho=[0.434 0.759 0.915 0.976] gr=0.00004 fl=0.933
t=  516.00 -4.80e-16 | 1.6567 16.54  21826    2  31624  31590 | 1.4444 14.83 | 2.45e-03 8.32e-03 |   2.4769 0.3513  1.0997  1.0119 1.000 15.33 | edge_dev mean=0.2014 max=0.4127 gg=0.0000 shape_dev=1.1015 xbar=0.1649
# CONVTAG t=516.00 rough=0.000000 cond=1.294891 evap=4.499465 backs=0.586887
# REG t=516.00 tp n=7 rho=[0.729 0.809 0.825 0.936] gr=0.00016 fl=1.000 | ba n=25033 rho=[0.435 0.759 0.915 0.976] gr=0.00004 fl=0.934
t=  518.00 -4.80e-16 | 1.6567 16.55  21838    2  31752  31716 | 1.4445 14.83 | 3.99e-03 1.02e-02 |   2.4866 0.3527  1.0990  1.0158 1.000 15.17 | edge_dev mean=0.2035 max=0.4197 gg=0.0000 shape_dev=1.1021 xbar=0.1655
# CONVTAG t=518.00 rough=0.000000 cond=1.294891 evap=4.499465 backs=0.586887
# REG t=518.00 tp n=7 rho=[0.704 0.794 0.810 0.937] gr=0.00020 fl=1.000 | ba n=25034 rho=[0.436 0.759 0.916 0.976] gr=0.00004 fl=0.934
t=  520.00 -4.80e-16 | 1.6567 16.55  21842    0  31877  31849 | 1.4445 14.83 | 3.65e-03 1.09e-02 |   2.4873 0.3528  1.1027  1.0143 1.000 15.17 | edge_dev mean=0.2064 max=0.4297 gg=0.0000 shape_dev=1.1017 xbar=0.1655
# CONVTAG t=520.00 rough=0.000000 cond=1.294891 evap=4.499465 backs=0.586887
# REG t=520.00 tp n=7 rho=[0.723 0.803 0.810 0.937] gr=0.00026 fl=1.000 | ba n=25030 rho=[0.432 0.760 0.916 0.976] gr=0.00004 fl=0.934
t=  522.00 -4.80e-16 | 1.6567 16.55  21842    1  32025  31978 | 1.4445 14.83 | 3.26e-03 7.71e-03 |   2.4729 0.3508  1.1157  1.0058 1.000 15.33 | edge_dev mean=0.2085 max=0.4377 gg=0.0000 shape_dev=1.1003 xbar=0.1645
# CONVTAG t=522.00 rough=0.000000 cond=1.294891 evap=4.499465 backs=0.586887
# REG t=522.00 tp n=7 rho=[0.725 0.812 0.829 0.937] gr=0.00025 fl=1.000 | ba n=25048 rho=[0.431 0.758 0.916 0.976] gr=0.00004 fl=0.933
t=  524.00 -4.80e-16 | 1.6567 16.56  21856    2  32168  32126 | 1.4447 14.83 | 1.71e-03 8.36e-03 |   2.4534 0.3480  1.1325  0.9945 1.000 15.50 | edge_dev mean=0.2110 max=0.4423 gg=0.0000 shape_dev=1.1011 xbar=0.1633
# CONVTAG t=524.00 rough=0.000000 cond=1.294891 evap=4.499465 backs=0.586887
# REG t=524.00 tp n=7 rho=[0.725 0.829 0.831 0.843] gr=0.00023 fl=1.000 | ba n=25042 rho=[0.432 0.761 0.917 0.976] gr=0.00004 fl=0.933
t=  526.00 -4.80e-16 | 1.6567 16.57  21862    2  32313  32275 | 1.4447 14.83 | 1.75e-03 8.16e-03 |   2.4435 0.3466  1.1399  0.9958 1.000 15.50 | edge_dev mean=0.2135 max=0.4488 gg=0.0000 shape_dev=1.1000 xbar=0.1627
# CONVTAG t=526.00 rough=0.000000 cond=1.294891 evap=4.499465 backs=0.586887
# REG t=526.00 tp n=7 rho=[0.713 0.794 0.824 0.941] gr=0.00022 fl=1.000 | ba n=25039 rho=[0.434 0.762 0.917 0.976] gr=0.00004 fl=0.933
t=  528.00 -4.80e-16 | 1.6567 16.55  21842    5  32467  32432 | 1.4445 14.82 | 2.74e-03 9.01e-03 |   2.4222 0.3436  1.1538  0.9886 1.000 15.50 | edge_dev mean=0.2171 max=0.4582 gg=0.0000 shape_dev=1.0976 xbar=0.1613
# CONVTAG t=528.00 rough=0.000000 cond=1.294891 evap=4.499465 backs=0.586887
# REG t=528.00 tp n=7 rho=[0.727 0.774 0.794 0.829] gr=0.00024 fl=1.000 | ba n=25033 rho=[0.435 0.762 0.917 0.976] gr=0.00004 fl=0.933
t=  530.00 -4.80e-16 | 1.6567 16.57  21864    2  32626  32589 | 1.4447 14.83 | 3.84e-03 1.17e-02 |   2.4034 0.3409  1.1681  0.9831 1.000 15.50 | edge_dev mean=0.2197 max=0.4648 gg=0.0000 shape_dev=1.0940 xbar=0.1601
# CONVTAG t=530.00 rough=0.000000 cond=1.294891 evap=4.499465 backs=0.586887
# REG t=530.00 tp n=7 rho=[0.686 0.794 0.824 0.837] gr=0.00027 fl=1.000 | ba n=25038 rho=[0.433 0.762 0.917 0.976] gr=0.00004 fl=0.933
t=  532.00 -4.80e-16 | 1.6567 16.56  21855    1  32773  32732 | 1.4446 14.82 | 2.08e-03 7.20e-03 |   2.3822 0.3379  1.1877  0.9681 1.000 15.50 | edge_dev mean=0.2219 max=0.4675 gg=0.0004 shape_dev=1.0918 xbar=0.1585
# CONVTAG t=532.00 rough=0.000000 cond=1.294891 evap=4.499465 backs=0.586887
# REG t=532.00 tp n=7 rho=[0.571 0.794 0.824 0.892] gr=0.00025 fl=1.000 | ba n=25043 rho=[0.435 0.762 0.916 0.977] gr=0.00004 fl=0.933
t=  534.00 -4.80e-16 | 1.6567 16.55  21841    3  32916  32868 | 1.4445 14.83 | 2.99e-03 8.76e-03 |   2.3743 0.3368  1.1949  0.9645 1.000 15.67 | edge_dev mean=0.2223 max=0.4692 gg=0.0002 shape_dev=1.0890 xbar=0.1581
# CONVTAG t=534.00 rough=0.000000 cond=1.294891 evap=4.499465 backs=0.586887
# REG t=534.00 tp n=7 rho=[0.569 0.773 0.794 0.805] gr=0.00023 fl=1.000 | ba n=25047 rho=[0.441 0.763 0.916 0.977] gr=0.00004 fl=0.933
t=  536.00 -4.80e-16 | 1.6567 16.55  21842    1  33039  32988 | 1.4445 14.83 | 4.68e-03 1.44e-02 |   2.3452 0.3327  1.2136  0.9508 1.000 15.67 | edge_dev mean=0.2218 max=0.4677 gg=0.0001 shape_dev=1.0877 xbar=0.1561
# CONVTAG t=536.00 rough=0.000000 cond=1.294891 evap=4.499465 backs=0.586887
# REG t=536.00 tp n=7 rho=[0.594 0.717 0.724 0.780] gr=0.00024 fl=1.000 | ba n=25052 rho=[0.443 0.763 0.917 0.977] gr=0.00004 fl=0.933
t=  538.00 -4.80e-16 | 1.6567 16.56  21849    1  33177  33122 | 1.4446 14.83 | 2.46e-03 6.65e-03 |   2.3203 0.3291  1.2295  0.9364 1.000 15.67 | edge_dev mean=0.2219 max=0.4665 gg=0.0000 shape_dev=1.0891 xbar=0.1544
# CONVTAG t=538.00 rough=0.000000 cond=1.294891 evap=4.499465 backs=0.586887
# REG t=538.00 tp n=7 rho=[0.546 0.724 0.794 0.814] gr=0.00024 fl=1.000 | ba n=25056 rho=[0.441 0.763 0.917 0.976] gr=0.00004 fl=0.933
t=  540.00 -4.80e-16 | 1.6567 16.56  21857    1  33315  33255 | 1.4447 14.83 | 2.24e-03 9.56e-03 |   2.2964 0.3257  1.2477  0.9235 1.000 15.67 | edge_dev mean=0.2213 max=0.4679 gg=0.0000 shape_dev=1.0876 xbar=0.1528
# CONVTAG t=540.00 rough=0.000000 cond=1.294891 evap=4.499465 backs=0.586887
# REG t=540.00 tp n=7 rho=[0.487 0.741 0.794 0.815] gr=0.00022 fl=1.000 | ba n=25061 rho=[0.442 0.764 0.917 0.977] gr=0.00004 fl=0.932
t=  542.00 -4.80e-16 | 1.6567 16.57  21858    5  33436  33401 | 1.4447 14.83 | 3.46e-03 8.56e-03 |   2.2950 0.3255  1.2455  0.9320 1.000 15.67 | edge_dev mean=0.2230 max=0.4710 gg=0.0000 shape_dev=1.0873 xbar=0.1528
# CONVTAG t=542.00 rough=0.000000 cond=1.294891 evap=4.499465 backs=0.586887
# REG t=542.00 tp n=7 rho=[0.408 0.794 0.815 0.895] gr=0.00021 fl=1.000 | ba n=25032 rho=[0.442 0.761 0.917 0.977] gr=0.00004 fl=0.933
t=  544.00 -4.80e-16 | 1.6567 16.56  21851    2  33561  33525 | 1.4446 14.83 | 3.79e-03 1.00e-02 |   2.3013 0.3264  1.2375  0.9435 1.000 15.50 | edge_dev mean=0.2246 max=0.4717 gg=0.0000 shape_dev=1.0878 xbar=0.1532
# CONVTAG t=544.00 rough=0.000000 cond=1.294891 evap=4.499465 backs=0.586887
# REG t=544.00 tp n=7 rho=[0.375 0.795 0.797 0.920] gr=0.00020 fl=1.000 | ba n=25037 rho=[0.444 0.760 0.917 0.976] gr=0.00004 fl=0.933
t=  546.00 -4.80e-16 | 1.6567 16.56  21855    1  33689  33658 | 1.4447 14.83 | 4.81e-03 1.20e-02 |   2.3117 0.3279  1.2241  0.9654 1.000 15.50 | edge_dev mean=0.2247 max=0.4711 gg=0.0000 shape_dev=1.0877 xbar=0.1539
# CONVTAG t=546.00 rough=0.000000 cond=1.294891 evap=4.499465 backs=0.586887
# REG t=546.00 tp n=7 rho=[0.343 0.796 0.799 0.902] gr=0.00019 fl=1.000 | ba n=25033 rho=[0.444 0.761 0.915 0.976] gr=0.00004 fl=0.933
t=  548.00 -4.80e-16 | 1.6567 16.57  21859    3  33826  33790 | 1.4447 14.83 | 3.73e-03 9.40e-03 |   2.3142 0.3283  1.2189  0.9692 1.000 15.50 | edge_dev mean=0.2248 max=0.4694 gg=0.0000 shape_dev=1.0897 xbar=0.1540
# CONVTAG t=548.00 rough=0.000000 cond=1.294891 evap=4.499465 backs=0.586887
# REG t=548.00 tp n=7 rho=[0.289 0.804 0.817 0.886] gr=0.00018 fl=1.000 | ba n=25036 rho=[0.447 0.764 0.917 0.976] gr=0.00004 fl=0.933
t=  550.00 -4.80e-16 | 1.6567 16.57  21862    2  33952  33921 | 1.4447 14.83 | 2.22e-03 7.31e-03 |   2.2886 0.3246  1.2396  0.9456 1.000 15.33 | edge_dev mean=0.2269 max=0.4707 gg=0.0000 shape_dev=1.0908 xbar=0.1523
# CONVTAG t=550.00 rough=0.000000 cond=1.294891 evap=4.499465 backs=0.586887
# REG t=550.00 tp n=7 rho=[0.271 0.804 0.857 0.882] gr=0.00017 fl=1.000 | ba n=25032 rho=[0.447 0.764 0.918 0.977] gr=0.00004 fl=0.934
t=  552.00 -4.80e-16 | 1.6566 16.56  21849    3  34092  34077 | 1.4446 14.83 | 1.05e-02 2.44e-02 |   2.2773 0.3230  1.2509  0.9321 1.000 15.50 | edge_dev mean=0.2268 max=0.4687 gg=0.0001 shape_dev=1.0908 xbar=0.1516
# CONVTAG t=552.00 rough=0.000000 cond=1.294891 evap=4.499465 backs=0.586887
# REG t=552.00 tp n=7 rho=[0.251 0.793 0.884 0.938] gr=0.00016 fl=1.000 | ba n=25014 rho=[0.446 0.765 0.917 0.977] gr=0.00004 fl=0.934
# QATOM t=553.44 dir=DF w=2.4608187 e=0.45039917939 i=1876 Em=0.6659
t=  554.00 -4.80e-16 | 1.6566 16.56  21848    2  34250  34221 | 1.4446 14.83 | 2.72e-03 9.34e-03 |   2.2582 0.3203  1.2721  0.9121 1.000 15.50 | edge_dev mean=0.2265 max=0.4678 gg=0.0006 shape_dev=1.0913 xbar=0.1503
# CONVTAG t=554.00 rough=0.000000 cond=1.294891 evap=4.499465 backs=0.586887
# REG t=554.00 tp n=7 rho=[0.222 0.772 0.797 0.901] gr=0.00016 fl=1.000 | ba n=25029 rho=[0.444 0.763 0.916 0.977] gr=0.00004 fl=0.934
t=  556.00 -4.80e-16 | 1.6566 16.55  21844    4  34417  34385 | 1.4445 14.83 | 3.73e-03 9.63e-03 |   2.2414 0.3179  1.2940  0.9478 1.000 15.50 | edge_dev mean=0.2285 max=0.4708 gg=0.0050 shape_dev=1.0925 xbar=0.1522
# CONVTAG t=556.00 rough=0.000000 cond=1.294891 evap=4.499465 backs=0.586887
# REG t=556.00 tp n=7 rho=[0.213 0.704 0.794 0.889] gr=0.00015 fl=1.000 | ba n=25032 rho=[0.445 0.764 0.917 0.977] gr=0.00004 fl=0.934
t=  558.00 -4.80e-16 | 1.6566 16.55  21836    2  34562  34517 | 1.4444 14.83 | 4.81e-03 1.38e-02 |   2.2214 0.3151  1.3269  0.8820 1.000 15.50 | edge_dev mean=0.2302 max=0.4801 gg=0.0289 shape_dev=1.0933 xbar=0.1480
# CONVTAG t=558.00 rough=0.000000 cond=1.294891 evap=4.499465 backs=0.586887
# REG t=558.00 tp n=7 rho=[0.207 0.609 0.711 0.794] gr=0.00014 fl=1.000 | ba n=25048 rho=[0.444 0.764 0.917 0.977] gr=0.00004 fl=0.934
t=  560.00 -4.80e-16 | 1.6566 16.55  21843    1  34691  34639 | 1.4445 14.83 | 5.40e-03 1.58e-02 |   2.2120 0.3138  1.3436  0.8772 1.000 15.50 | edge_dev mean=0.2295 max=0.4894 gg=0.0931 shape_dev=1.0909 xbar=0.1473
# CONVTAG t=560.00 rough=0.000000 cond=1.294891 evap=4.499465 backs=0.586887
# REG t=560.00 tp n=7 rho=[0.214 0.648 0.675 0.698] gr=0.00013 fl=1.000 | ba n=25056 rho=[0.446 0.765 0.918 0.977] gr=0.00004 fl=0.933
t=  562.00 -4.80e-16 | 1.6566 16.56  21845    1  34843  34798 | 1.4445 14.83 | 1.87e-03 7.07e-03 |   2.2145 0.3141  1.3438  0.8801 1.000 15.50 | edge_dev mean=0.2287 max=0.4916 gg=0.1138 shape_dev=1.0902 xbar=0.1474
# CONVTAG t=562.00 rough=0.000000 cond=1.294891 evap=4.499465 backs=0.586887
# REG t=562.00 tp n=7 rho=[0.244 0.556 0.595 0.699] gr=0.00013 fl=1.000 | ba n=25049 rho=[0.445 0.766 0.917 0.977] gr=0.00004 fl=0.933
t=  564.00 -4.80e-16 | 1.6566 16.54  21825    1  35000  34956 | 1.4443 14.83 | 3.37e-03 1.01e-02 |   2.2226 0.3153  1.3323  0.8865 1.000 15.50 | edge_dev mean=0.2300 max=0.4891 gg=0.0501 shape_dev=1.0927 xbar=0.1480
# CONVTAG t=564.00 rough=0.000000 cond=1.294891 evap=4.499465 backs=0.586887
# REG t=564.00 tp n=7 rho=[0.371 0.561 0.685 0.703] gr=0.00013 fl=1.000 | ba n=25047 rho=[0.438 0.765 0.917 0.977] gr=0.00004 fl=0.933
t=  566.00 -4.80e-16 | 1.6565 16.53  21815    1  35154  35102 | 1.4442 14.83 | 2.72e-03 8.11e-03 |   2.2376 0.3174  1.3109  0.9038 1.000 15.50 | edge_dev mean=0.2331 max=0.4902 gg=0.0096 shape_dev=1.0953 xbar=0.1490
# CONVTAG t=566.00 rough=0.000000 cond=1.294891 evap=4.499465 backs=0.586887
# REG t=566.00 tp n=7 rho=[0.433 0.550 0.668 0.787] gr=0.00012 fl=1.000 | ba n=25055 rho=[0.438 0.764 0.918 0.977] gr=0.00004 fl=0.933
t=  568.00 -4.80e-16 | 1.6565 16.54  21818    2  35312  35260 | 1.4442 14.82 | 4.81e-03 1.46e-02 |   2.2467 0.3187  1.2963  0.9112 1.000 15.50 | edge_dev mean=0.2343 max=0.4906 gg=0.0012 shape_dev=1.0970 xbar=0.1496
# CONVTAG t=568.00 rough=0.000000 cond=1.294891 evap=4.499465 backs=0.586887
# REG t=568.00 tp n=7 rho=[0.465 0.551 0.676 0.784] gr=0.00012 fl=1.000 | ba n=25054 rho=[0.439 0.762 0.918 0.977] gr=0.00004 fl=0.933
t=  570.00 -4.80e-16 | 1.6565 16.53  21814    2  35473  35403 | 1.4441 14.82 | 5.09e-03 1.30e-02 |   2.2455 0.3185  1.2888  0.9109 1.000 15.50 | edge_dev mean=0.2344 max=0.4882 gg=0.0001 shape_dev=1.0992 xbar=0.1495
# CONVTAG t=570.00 rough=0.000000 cond=1.294891 evap=4.499465 backs=0.586887
# REG t=570.00 tp n=7 rho=[0.445 0.554 0.672 0.750] gr=0.00014 fl=1.000 | ba n=25073 rho=[0.438 0.760 0.916 0.977] gr=0.00004 fl=0.933
t=  572.00 -4.80e-16 | 1.6565 16.54  21831    1  35609  35540 | 1.4443 14.82 | 3.52e-03 9.25e-03 |   2.2472 0.3188  1.2797  0.9110 1.000 15.50 | edge_dev mean=0.2345 max=0.4843 gg=0.0000 shape_dev=1.1044 xbar=0.1496
# CONVTAG t=572.00 rough=0.000000 cond=1.294891 evap=4.499465 backs=0.586887
# REG t=572.00 tp n=7 rho=[0.507 0.604 0.678 0.783] gr=0.00016 fl=1.000 | ba n=25072 rho=[0.440 0.762 0.916 0.977] gr=0.00004 fl=0.933
t=  574.00 -4.80e-16 | 1.6565 16.54  21829    1  35753  35677 | 1.4442 14.82 | 5.62e-03 1.37e-02 |   2.2406 0.3178  1.2690  0.9096 1.000 15.50 | edge_dev mean=0.2360 max=0.4827 gg=0.0000 shape_dev=1.1098 xbar=0.1492
# CONVTAG t=574.00 rough=0.000000 cond=1.294891 evap=4.499465 backs=0.586887
# REG t=574.00 tp n=7 rho=[0.507 0.778 0.788 0.882] gr=0.00018 fl=1.000 | ba n=25079 rho=[0.439 0.762 0.917 0.977] gr=0.00004 fl=0.933
t=  576.00 -4.80e-16 | 1.6565 16.54  21828    2  35896  35824 | 1.4442 14.82 | 3.39e-03 1.34e-02 |   2.2506 0.3192  1.2576  0.9220 1.000 15.50 | edge_dev mean=0.2368 max=0.4899 gg=0.0000 shape_dev=1.1041 xbar=0.1498
# CONVTAG t=576.00 rough=0.000000 cond=1.294891 evap=4.499465 backs=0.586887
# REG t=576.00 tp n=7 rho=[0.506 0.787 0.912 0.919] gr=0.00017 fl=1.000 | ba n=25073 rho=[0.438 0.763 0.917 0.977] gr=0.00004 fl=0.933
t=  578.00 -4.80e-16 | 1.6565 16.54  21820    2  36014  35944 | 1.4442 14.82 | 7.62e-03 1.86e-02 |   2.2514 0.3194  1.2516  0.9657 1.000 15.50 | edge_dev mean=0.2358 max=0.4879 gg=0.0000 shape_dev=1.1039 xbar=0.1523
# CONVTAG t=578.00 rough=0.000000 cond=1.294891 evap=4.499465 backs=0.586887
# REG t=578.00 tp n=7 rho=[0.498 0.676 0.750 0.910] gr=0.00016 fl=1.000 | ba n=25070 rho=[0.438 0.764 0.918 0.977] gr=0.00004 fl=0.933
t=  580.00 -4.80e-16 | 1.6565 16.54  21820    0  36169  36090 | 1.4442 14.82 | 4.08e-03 1.06e-02 |   2.2687 0.3218  1.2339  0.9413 1.000 15.50 | edge_dev mean=0.2363 max=0.4869 gg=0.0000 shape_dev=1.1051 xbar=0.1510
# CONVTAG t=580.00 rough=0.000000 cond=1.294891 evap=4.499465 backs=0.586887
# REG t=580.00 tp n=7 rho=[0.483 0.707 0.752 0.909] gr=0.00015 fl=1.000 | ba n=25081 rho=[0.438 0.764 0.917 0.977] gr=0.00004 fl=0.933
t=  582.00 -4.80e-16 | 1.6565 16.53  21814    4  36325  36252 | 1.4441 14.82 | 3.26e-03 9.13e-03 |   2.2729 0.3224  1.2254  0.9494 1.000 15.67 | edge_dev mean=0.2381 max=0.4899 gg=0.0000 shape_dev=1.1043 xbar=0.1514
# CONVTAG t=582.00 rough=0.000000 cond=1.294891 evap=4.499465 backs=0.586887
# REG t=582.00 tp n=7 rho=[0.415 0.707 0.778 0.909] gr=0.00014 fl=1.000 | ba n=25071 rho=[0.438 0.765 0.917 0.977] gr=0.00004 fl=0.933
t=  584.00 -4.80e-16 | 1.6565 16.54  21831    1  36490  36431 | 1.4443 14.82 | 2.03e-03 7.26e-03 |   1.9283 0.2735  1.0903  0.9609 1.000 15.67 | edge_dev mean=0.2363 max=0.4868 gg=0.0000 shape_dev=1.1032 xbar=0.1284
# CONVTAG t=584.00 rough=0.000000 cond=1.294891 evap=4.846223 backs=0.632116
# REG t=584.00 tp n=7 rho=[0.412 0.614 0.778 0.909] gr=0.00013 fl=1.000 | ba n=25060 rho=[0.436 0.765 0.917 0.976] gr=0.00004 fl=0.933
t=  586.00 -4.80e-16 | 1.6565 16.55  21842    0  36643  36581 | 1.4444 14.82 | 3.88e-03 1.06e-02 |   1.9294 0.2737  1.0841  0.9639 1.000 15.67 | edge_dev mean=0.2351 max=0.4835 gg=0.0000 shape_dev=1.1072 xbar=0.1284
# CONVTAG t=586.00 rough=0.000000 cond=1.294891 evap=4.846223 backs=0.632116
# REG t=586.00 tp n=7 rho=[0.406 0.699 0.777 0.909] gr=0.00012 fl=1.000 | ba n=25064 rho=[0.440 0.765 0.918 0.977] gr=0.00004 fl=0.933
t=  588.00 -4.80e-16 | 1.6565 16.56  21849    0  36799  36735 | 1.4445 14.82 | 4.00e-03 9.80e-03 |   1.9266 0.2733  1.0848  0.9672 1.000 15.67 | edge_dev mean=0.2347 max=0.4868 gg=0.0000 shape_dev=1.1053 xbar=0.1283
# CONVTAG t=588.00 rough=0.000000 cond=1.294891 evap=4.846223 backs=0.632116
# REG t=588.00 tp n=7 rho=[0.391 0.758 0.794 0.909] gr=0.00012 fl=1.000 | ba n=25066 rho=[0.440 0.767 0.919 0.977] gr=0.00004 fl=0.933
t=  590.00 -4.80e-16 | 1.6565 16.55  21834    2  36938  36861 | 1.4443 14.82 | 8.69e-03 2.16e-02 |   1.9292 0.2736  1.0827  0.9638 1.000 15.83 | edge_dev mean=0.2356 max=0.4896 gg=0.0000 shape_dev=1.1055 xbar=0.1284
# CONVTAG t=590.00 rough=0.000000 cond=1.294891 evap=4.846223 backs=0.632116
# REG t=590.00 tp n=7 rho=[0.463 0.743 0.789 0.909] gr=0.00011 fl=1.000 | ba n=25077 rho=[0.441 0.767 0.918 0.978] gr=0.00004 fl=0.933
t=  592.00 -4.80e-16 | 1.6565 16.56  21850    0  37090  37022 | 1.4445 14.82 | 3.31e-03 1.02e-02 |   1.9039 0.2701  1.1029  0.9362 1.000 15.83 | edge_dev mean=0.2343 max=0.4854 gg=0.0003 shape_dev=1.1075 xbar=0.1267
# CONVTAG t=592.00 rough=0.000000 cond=1.294891 evap=4.846223 backs=0.632116
# REG t=592.00 tp n=7 rho=[0.618 0.754 0.800 0.900] gr=0.00010 fl=1.000 | ba n=25069 rho=[0.444 0.767 0.918 0.977] gr=0.00004 fl=0.933
t=  594.00 -4.80e-16 | 1.6566 16.56  21849    0  37218  37166 | 1.4445 14.82 | 2.27e-03 6.86e-03 |   1.9089 0.2708  1.0936  0.9365 1.000 15.83 | edge_dev mean=0.2323 max=0.4795 gg=0.0060 shape_dev=1.1086 xbar=0.1270
# CONVTAG t=594.00 rough=0.000000 cond=1.294891 evap=4.846223 backs=0.632116
# REG t=594.00 tp n=7 rho=[0.640 0.795 0.803 0.875] gr=0.00010 fl=1.000 | ba n=25053 rho=[0.443 0.766 0.917 0.977] gr=0.00004 fl=0.934
t=  596.00 -4.80e-16 | 1.6566 16.55  21842    1  37358  37295 | 1.4444 14.82 | 4.23e-03 1.04e-02 |   1.9101 0.2709  1.0842  0.9363 1.000 15.83 | edge_dev mean=0.2314 max=0.4772 gg=0.0505 shape_dev=1.1068 xbar=0.1269
# CONVTAG t=596.00 rough=0.000000 cond=1.294891 evap=4.846223 backs=0.632116
# REG t=596.00 tp n=7 rho=[0.644 0.789 0.795 0.832] gr=0.00009 fl=1.000 | ba n=25063 rho=[0.443 0.766 0.918 0.977] gr=0.00004 fl=0.934
t=  598.00 -4.80e-16 | 1.6566 16.55  21841    0  37484  37434 | 1.4443 14.82 | 2.57e-03 9.52e-03 |   1.5427 0.2188  1.1515  1.0111 1.000 15.83 | edge_dev mean=0.2333 max=0.4794 gg=0.1638 shape_dev=1.1033 xbar=0.1026
# CONVTAG t=598.00 rough=0.000000 cond=1.294891 evap=5.205553 backs=0.678985
# REG t=598.00 tp n=7 rho=[0.644 0.732 0.772 0.822] gr=0.00008 fl=1.000 | ba n=25051 rho=[0.443 0.765 0.918 0.977] gr=0.00004 fl=0.934
t=  600.00 -4.80e-16 | 1.6566 16.56  21851    3  37627  37560 | 1.4444 14.82 | 4.18e-03 1.14e-02 |   1.5338 0.2176  1.1622  1.0046 1.000 15.83 | edge_dev mean=0.2344 max=0.4728 gg=0.1598 shape_dev=1.1082 xbar=0.1019
# CONVTAG t=600.00 rough=0.000000 cond=1.294891 evap=5.205553 backs=0.678985
# REG t=600.00 tp n=7 rho=[0.605 0.734 0.914 0.930] gr=0.00008 fl=1.000 | ba n=25066 rho=[0.443 0.764 0.918 0.978] gr=0.00004 fl=0.933
#
# RESULT drift_rel -4.801e-16
# RESULT births 37627 deaths 37560 beta_returns 0 beta_energy 0.000000e+00
# RESULT conv rough=0.000000 cond=111.334741 evap=0.000000 backs=1.733108 rad=13.287162
# RESULT credit qcnvD=1556.070654 qcnvF=949.963020
# RESULT reg tp n=7 rho=[0.6051 0.7339 0.9137 0.9302] gr=0.000078 fl=1.0000 | ba n=25066 rho=[0.4427 0.7640 0.9181 0.9777] gr=0.000043 fl=0.9333
# RESULT convtag rough=0.000000 cond=1.294891 evap=5.205553 backs=0.678985 net=-3.231676
# RESULT geometry phi_nom=1.6566 z_live=16.56 dbar=1.4444 sigma_d=0.1482
# RESULT truss edge_dev_mean=0.234390 edge_dev_max=0.472773 shape=(0.1485,0.7974,1.1136) shape0=(0.0000,1.4353,1.4353)
# EDGE 0 2633-2634 d=1.64819 dev=-0.04610 gg=0.0000 gpl=0.1749
# EDGE 1 2634-2635 d=1.55571 dev=-0.13858 gg=0.0000 gpl=0.4478
# EDGE 2 2635-2636 d=1.53525 dev=-0.15904 gg=0.0000 gpl=0.2136
# EDGE 3 2636-2637 CHANNEL DEAD
# EDGE 4 2637-2638 d=1.45028 dev=-0.24401 gg=0.9590 gpl=0.9676
# EDGE 5 2638-2633 CHANNEL DEAD
