{
  "nodes": {
    "0": {
      "id": 0,
      "coeffs": [
        2.6567774088002185,
        0.0,
        0.0,
        0.0,
        -0.06372098641567922,
        0.0678599791146296,
        0.035949306091222766,
        0.01
      ],
      "omega_coeffs": [
        0.01,
        0.0,
        0.0,
        0.0,
        0.0,
        0.0,
        0.0,
        0.0
      ],
      "parents": [],
      "layer": 0,
      "rho": 3.5292330999556016,
      "protected": true
    },
    "1": {
      "id": 1,
      "coeffs": [
        2.1766908784706893,
        0.0,
        0.0,
        0.0,
        0.15054490633930717,
        -0.14977394742013025,
        0.07516275145778062,
        0.01
      ],
      "omega_coeffs": [
        0.01,
        0.0,
        0.0,
        0.0,
        0.0,
        0.0,
        0.0,
        0.0
      ],
      "parents": [],
      "layer": 0,
      "rho": 2.3689915902087506,
      "protected": false
    },
    "2": {
      "id": 2,
      "coeffs": [
        1.3205590245499095,
        0.0,
        0.0,
        0.0,
        -0.09657215256709827,
        0.08948682711511091,
        0.041993878888877706,
        0.01
      ],
      "omega_coeffs": [
        0.01,
        0.0,
        0.0,
        0.0,
        0.0,
        0.0,
        0.0,
        0.0
      ],
      "parents": [],
      "layer": 0,
      "rho": 0.8719380686601043,
      "protected": false
    },
    "3": {
      "id": 3,
      "coeffs": [
        2.799274222234655,
        0.0,
        0.0,
        0.0,
        0.1655683898097851,
        -0.1791445429194982,
        -0.09684797810175616,
        0.01
      ],
      "omega_coeffs": [
        0.01,
        0.0,
        0.0,
        0.0,
        0.0,
        0.0,
        0.0,
        0.0
      ],
      "parents": [],
      "layer": 0,
      "rho": 3.9179680856337167,
      "protected": true
    },
    "4": {
      "id": 4,
      "coeffs": [
        1.641985197744133,
        0.0,
        0.0,
        0.0,
        -0.19123136522358647,
        0.12715565087721303,
        0.03907338715511463,
        0.01
      ],
      "omega_coeffs": [
        0.01,
        0.0,
        0.0,
        0.0,
        0.0,
        0.0,
        0.0,
        0.0
      ],
      "parents": [],
      "layer": 0,
      "rho": 1.34805769480542,
      "protected": false
    },
    "5": {
      "id": 5,
      "coeffs": [
        2.363376946581551,
        0.0,
        0.0,
        0.0,
        0.04122865349905677,
        -0.08255773760652643,
        0.1631814734129179,
        0.01
      ],
      "omega_coeffs": [
        0.01,
        0.0,
        0.0,
        0.0,
        0.0,
        0.0,
        0.0,
        0.0
      ],
      "parents": [],
      "layer": 0,
      "rho": 2.792775295816568,
      "protected": false
    },
    "6": {
      "id": 6,
      "coeffs": [
        2.6475762274269012,
        0.0,
        0.0,
        0.0,
        -0.0032724067673782498,
        0.013062550729399908,
        -0.0892351133719394,
        0.01
      ],
      "omega_coeffs": [
        0.01,
        0.0,
        0.0,
        0.0,
        0.0,
        0.0,
        0.0,
        0.0
      ],
      "parents": [],
      "layer": 0,
      "rho": 3.5048299400180314,
      "protected": true
    },
    "8": {
      "id": 8,
      "coeffs": [
        0.8951354303173111,
        0.0,
        0.0,
        0.0,
        -0.06605873833393533,
        -0.13310934767432703,
        -0.17125717068876015,
        0.01
      ],
      "omega_coeffs": [
        0.01,
        0.0,
        0.0,
        0.0,
        0.0,
        0.0,
        0.0,
        0.0
      ],
      "parents": [],
      "layer": 0,
      "rho": 0.4006337193046789,
      "protected": false
    },
    "9": {
      "id": 9,
      "coeffs": [
        2.705351667056867,
        0.0,
        0.0,
        0.0,
        0.08425427811711994,
        0.03281304143077418,
        0.03767394990961473,
        0.01
      ],
      "omega_coeffs": [
        0.01,
        0.0,
        0.0,
        0.0,
        0.0,
        0.0,
        0.0,
        0.0
      ],
      "parents": [],
      "layer": 0,
      "rho": 3.6594638212236843,
      "protected": true
    },
    "10": {
      "id": 10,
      "coeffs": [
        1.9472810777718914,
        0.0,
        0.0,
        0.0,
        -0.016785526903082104,
        -0.1353288372279171,
        -0.08639649382282069,
        0.01
      ],
      "omega_coeffs": [
        0.01,
        0.0,
        0.0,
        0.0,
        0.0,
        0.0,
        0.0,
        0.0
      ],
      "parents": [],
      "layer": 0,
      "rho": 1.8959517979242295,
      "protected": false
    },
    "11": {
      "id": 11,
      "coeffs": [
        1.9245911924533692,
        0.0,
        0.0,
        0.0,
        -0.08468308437720383,
        0.09925090814790699,
        0.10025896989681737,
        0.01
      ],
      "omega_coeffs": [
        0.01,
        0.0,
        0.0,
        0.0,
        0.0,
        0.0,
        0.0,
        0.0
      ],
      "parents": [],
      "layer": 0,
      "rho": 1.8520256290345407,
      "protected": false
    },
    "12": {
      "id": 12,
      "coeffs": [
        0.962448466939261,
        0.0,
        0.0,
        0.0,
        0.007208894238957431,
        0.01980284756443282,
        -0.004807032995210514,
        0.01
      ],
      "omega_coeffs": [
        0.01,
        0.0,
        0.0,
        0.0,
        0.0,
        0.0,
        0.0,
        0.0
      ],
      "parents": [],
      "layer": 0,
      "rho": 0.4631535257568669,
      "protected": true
    }
  },
  "living_candidate": "\u27e8D\u03a9 + \u03bb\u03a9\u00b2 + \u03bc\u27e8\u03a9,\u03a9\u27e9\u27e9_{0,2} = f_g(\u03c1)\u00b7J_\u03c1 + f_em(\u03c1)\u00b7J_\u03c7",
  "params": {
    "lambda": 0.001,
    "mu": 0.0005,
    "f_g": "1/(1+\u03c1/\u03c1_crit)",
    "rho_crit": 2.5
  },
  "full_stats": {
    "step": 12,
    "N": 556,
    "growth_N_tau": {
      "0": 1.0,
      "1": 3.888888888888889,
      "2": 8.444444444444445,
      "3": 11.555555555555555,
      "4": 12.444444444444445,
      "5": 12.555555555555555,
      "6": 12.555555555555555,
      "7": 12.555555555555555,
      "8": 12.555555555555555
    },
    "d_eff_proxy": 0.8,
    "in_degree_hist": {
      "0": 16,
      "2": 2,
      "3": 538
    },
    "out_degree_hist": {
      "28": 1,
      "12": 3,
      "3": 46,
      "41": 1,
      "11": 7,
      "44": 1,
      "1": 115,
      "35": 1,
      "4": 19,
      "0": 213,
      "18": 2,
      "20": 1,
      "19": 2,
      "6": 9,
      "14": 2,
      "7": 11,
      "13": 3,
      "10": 7,
      "21": 1,
      "24": 3,
      "9": 6,
      "8": 4,
      "15": 2,
      "17": 1,
      "22": 1,
      "16": 1,
      "31": 1,
      "29": 3,
      "23": 1,
      "27": 1,
      "2": 67,
      "5": 20
    },
    "light_cone": {
      "mean_branch": 1.417,
      "std_branch": 1.441,
      "max_branch": 5
    },
    "avg_rho": 0.1579,
    "protected_fraction": 0.428,
    "growth_non_decreasing": true,
    "lean_friendly_balls": {
      "0_d0": [
        0
      ],
      "0_d2": [
        0
      ],
      "0_d4": [
        0
      ],
      "1_d0": [
        1
      ],
      "1_d2": [
        1
      ],
      "1_d4": [
        1
      ],
      "2_d0": [
        2
      ],
      "2_d2": [
        2
      ],
      "2_d4": [
        2
      ],
      "555_d0": [
        555
      ],
      "555_d2": [
        9,
        17,
        48,
        49,
        80,
        81,
        82,
        85,
        105,
        195,
        230,
        286,
        555
      ],
      "555_d4": [
        0,
        1,
        3,
        4,
        6,
        9,
        11,
        14,
        16,
        17,
        22,
        24,
        32,
        42,
        44,
        46,
        47,
        48,
        49,
        59,
        80,
        81,
        82,
        85,
        105,
        195,
        230,
        286,
        555
      ]
    }
  },
  "graph_summary": {
    "total_nodes": 556,