# cellfab — v89 cell-fabric kernel (no lattice, no prior code)
# cfg seed=20260727 mode=field init=net
# cfg L=24 dmin=1.25 r0=0.85 rjit=0.06
# cfg C=1 w1=1.65 w2=2.9 q_detune=1.2 gamma_res=0.25 gamma_res_m=0.1 p_gate=8
# cfg lock_floor=0.005
# cfg k_dep=1.2 k_dep_m=2 cap=2.5 e_s0=1 es_floor=0.05
# cfg e_cond=0 f_conv=0.25 f_evap=0.5 s_pull=0.15
# cfg kappa_lock=1 kappa_align=0.5 kappa_freq=0 kappa_reac=0 sigma_tumble=0.01
# cfg space: s_k=0.06 s_disp=0.3 es_gx=0
# cfg dt=0.02 T=5000 diag_every=500 snap_every=0
# cfg center=(-1,-1,-1) amp=1 sigma=2.5 k=(0,0,0) prealign=0 noise_amp=0
# cfg music: comb_limit=6 rough_k=0.35 gamma_rough=0.5 mob_sym=1 mob_floor=0.004
# cfg field sector: two-component signed amplitude, unitary hops, field_J=1.8
# cfg ledger: mode=3 u=1.000e-12 (cellfabi INT_LEDGER)
# GEOM relax start: NC=5039 contact_floor=1.5200 sweeps=800 k=0.3
# GEOM relax done: residual_close_pairs=11233 (below floor 1.5200)
# GEOM links: NL=18353 dbar=1.5449 sigma_d=0.0464 (3.01%)
# action atom: A0=1.1500 (dbar=1.5449) mode=2 — eps(w)=A0*w/2pi; atoms at mode boundaries, transport continuous
# edge coloring: 14 colors for 18353 links
# NETGATE 0 1 pq=1:1 d=1.5197 psi_f=-0.0000 psi_b=+0.0864 gf=1.0000 gb=0.9852
# NETGATE 1 2 pq=1:1 d=1.5194 psi_f=+0.0001 psi_b=+0.0876 gf=1.0000 gb=0.9848
# NETGATE 2 3 pq=1:1 d=1.5194 psi_f=-0.0000 psi_b=+0.0876 gf=1.0000 gb=0.9848
# NETGATE 3 4 pq=1:1 d=1.6247 psi_f=+0.0001 psi_b=-0.3420 gf=1.0000 gb=0.7905
# NETGATE 4 5 pq=1:1 d=1.6474 psi_f=-0.0002 psi_b=-0.4342 gf=1.0000 gb=0.6838
# NETGATE 5 6 pq=1:1 d=1.5280 psi_f=+0.0001 psi_b=+0.0525 gf=1.0000 gb=0.9945
# NETGATE 6 7 pq=1:1 d=1.5197 psi_f=-0.0001 psi_b=+0.0867 gf=1.0000 gb=0.9851
# NETGATE 7 8 pq=1:1 d=1.5197 psi_f=+0.0000 psi_b=+0.0865 gf=1.0000 gb=0.9851
# NETGATE 8 9 pq=1:1 d=1.5196 psi_f=+0.0001 psi_b=+0.0866 gf=1.0000 gb=0.9851
# NETGATE 9 10 pq=1:1 d=1.5196 psi_f=+0.0001 psi_b=+0.0867 gf=1.0000 gb=0.9851
# NETGATE 10 11 pq=1:1 d=1.5195 psi_f=-0.0001 psi_b=+0.0875 gf=1.0000 gb=0.9848
# NETGATE 11 0 pq=1:1 d=1.5339 psi_f=-0.0000 psi_b=+0.0284 gf=1.0000 gb=0.9984
# net: seeded nv=12 ne=12 worst_pick=0.000 gates min=1.0000 mean=1.0000 parasites=0 gpar_max=0.0000 file=/home/d/code/scp/v89/prestress/candidates/v2s_ring12_m6.net
# edge_sink: margin=1.6 cells=2227
# fabric: cells=5039 channels=18353 mean_degree=7.28 box=24 dmin=1.25
# LEDGER seed mode=3 u=1.000e-12 E0_int=5048182530434780 NC=5039 NL=18353
# LEDGER seed mode=3 u=1.000e-12 E0_int=5048182530434780 NC=5039 NL=18353
# t	E_space	E_dense	E_field	E_transfer	E_total	rel_drift	live_ch	cm_x	cm_y	cm_z	contain	front_r	r_core	defA	r_far	r_ratio	w_core	w_far
0.000	5037.62262	10.55991	0	0	5048.18253043	0.000e+00	17934	17.362	14.722	17.879	0.000	0.0000	0.8454	0	0.8500	0.9947	1.65000	1.64947	0.0000	0.0000	0.0000	0	0	0	0	0	0
# CONV t=0.00 cond=0 evap=0 rough=0 back_s=0
# LEDGER t=0.000 mode=3 sum_err=0 max|E-iEu|=2.174e-13 run_max_diff=0.000e+00 run_max_sum_err=0 steps=0 E0_int=5048182530434780 sum=5048182530434780
# NETG t=0.00 gates min=1.0000 mean=0.9728 edges=12
# LUMP t=0.00 n=2 Emfree=10.5599 | m=9.67992 x=17.56 y=14.83 z=17.75 rg=2.84 | m=0.879993 x=15.21 y=13.58 z=19.25 rg=0.00
# RAD t=0.00 0.75:0,0,1.0000,0 2.25:0,0,1.0000,0 3.75:0,0,1.0000,0 5.25:0,0,1.0000,0 6.75:0,0,0.9987,2.64 8.25:0,0,0.9992,2.64 9.75:0,0,0.9988,5.28 11.25:0,0,1.0000,0
10.000	5037.62262	9.11633946	0	1.44357054	5048.18253043	-3.603e-16	17934	17.375	14.684	17.923	0.000	0.0000	0.8454	-0.020152	0.8500	0.9947	1.65000	1.64947	0.0000	0.0000	0.0000	-0.0033981	-0.0010965	-0.0007399	0	0	0
# CONV t=10.00 cond=0 evap=0 rough=0 back_s=0
# LEDGER t=10.000 mode=3 sum_err=0 max|E-iEu|=1.110e-16 run_max_diff=0.000e+00 run_max_sum_err=0 steps=500 E0_int=5048182530434780 sum=5048182530434780
# NETG t=10.00 gates min=0.9339 mean=0.9665 edges=12
# LUMP t=10.00 n=2 Emfree=9.11634 | m=8.23325 x=17.61 y=14.80 z=17.78 rg=2.84 | m=0.879728 x=15.21 y=13.58 z=19.25 rg=0.00
# RAD t=10.00 0.75:-1.84e-09,0,1.0000,1.136e-06 2.25:-3.332e-07,0,1.0000,0 3.75:-4.603e-05,0,1.0000,1.945e-05 5.25:-0.0005627,0,1.0002,8.149e-05 6.75:-0.002148,0,0.9985,2.144 8.25:0.0003109,0,0.9992,2.4 9.75:0.001469,0,0.9986,4.572 11.25:0.006216,0,1.0001,0.0006435
20.000	5037.62262	10.0058003	0	0.554109719	5048.18253043	-5.405e-16	17934	17.357	14.687	17.905	0.000	0.0000	0.8454	0.0079111	0.8500	0.9947	1.65000	1.64947	0.0000	0.0000	0.0000	-0.0014971	2.0403e-05	-0.00076296	0	0	0
# CONV t=20.00 cond=0 evap=0 rough=0 back_s=0
# LEDGER t=20.000 mode=3 sum_err=0 max|E-iEu|=1.110e-16 run_max_diff=0.000e+00 run_max_sum_err=0 steps=1000 E0_int=5048182530434780 sum=5048182530434780
# NETG t=20.00 gates min=0.8369 mean=0.9452 edges=12
# LUMP t=20.00 n=2 Emfree=10.0058 | m=9.11615 x=17.56 y=14.79 z=17.77 rg=2.84 | m=0.878907 x=15.21 y=13.58 z=19.25 rg=0.00
# RAD t=20.00 0.75:-3.051e-08,0,1.0000,6.868e-06 2.25:-3.507e-06,0,1.0000,1.43e-05 3.75:-0.0001682,0,1.0001,8e-05 5.25:-0.0007792,0,1.0003,0.0008676 6.75:-0.001806,0,0.9984,2.534 8.25:0.0002157,0,0.9992,2.472 9.75:0.002943,0,0.9985,4.996 11.25:0.004913,0,1.0002,0.001376
30.000	5037.62262	9.2403435	0	1.31956649	5048.18253043	-3.603e-16	17932	17.383	14.679	17.925	0.000	0.0000	0.8454	0.0087817	0.8500	0.9947	1.65000	1.64947	0.0000	0.0000	0.0000	-0.0015048	-0.00089707	-0.00018705	0	0	0
# CONV t=30.00 cond=0 evap=0 rough=0 back_s=0
# LEDGER t=30.000 mode=3 sum_err=0 max|E-iEu|=1.110e-16 run_max_diff=0.000e+00 run_max_sum_err=0 steps=1500 E0_int=5048182530434780 sum=5048182530434780
# NETG t=30.00 gates min=0.7005 mean=0.9045 edges=12
# LUMP t=30.00 n=3 Emfree=9.24034 | m=4.44221 x=16.71 y=16.07 z=16.87 rg=2.15 | m=3.90611 x=18.64 y=13.34 z=18.83 rg=1.99 | m=0.878552 x=15.21 y=13.58 z=19.25 rg=0.00
# RAD t=30.00 0.75:-3.125e-07,0,1.0000,1.95e-05 2.25:-1.008e-05,0,1.0000,8.55e-06 3.75:-0.0002565,0,1.0001,3.343e-05 5.25:-0.0007598,0,1.0003,0.0009917 6.75:-0.001569,0,0.9983,2.153 8.25:0.0002411,0,0.9992,2.425 9.75:0.003254,0,0.9984,4.658 11.25:0.004452,0,1.0003,0.001355
40.000	5037.62262	9.92062358	0	0.639286415	5048.18253043	-5.405e-16	17931	17.364	14.680	17.911	0.000	0.0000	0.8454	0.0074183	0.8500	0.9947	1.65000	1.64947	0.0000	0.0000	0.0000	0.00028986	0.00019802	-0.00041408	0	0	0
# CONV t=40.00 cond=0 evap=0 rough=0 back_s=0
# LEDGER t=40.000 mode=3 sum_err=0 max|E-iEu|=1.110e-16 run_max_diff=0.000e+00 run_max_sum_err=0 steps=2000 E0_int=5048182530434780 sum=5048182530434780
# NETG t=40.00 gates min=0.5645 mean=0.8472 edges=12
# LUMP t=40.00 n=3 Emfree=9.92062 | m=4.81753 x=16.61 y=16.05 z=16.87 rg=2.14 | m=4.20263 x=18.67 y=13.34 z=18.83 rg=1.96 | m=0.878205 x=15.21 y=13.58 z=19.25 rg=0.00
# RAD t=40.00 0.75:-7.691e-07,0,1.0000,2.868e-05 2.25:-1.792e-05,0,1.0001,2.404e-05 3.75:-0.0003014,0,1.0002,0.0001534 5.25:-0.0007119,0,1.0004,0.001653 6.75:-0.001341,0,0.9983,2.456 8.25:0.000296,0,0.9992,2.489 9.75:0.003169,0,0.9984,4.969 11.25:0.004102,0,1.0003,0.002571
50.000	5037.62262	9.2668079	0	1.29310209	5048.18253043	-5.405e-16	17930	17.407	14.676	17.927	0.000	0.0000	0.8455	0.0098919	0.8500	0.9947	1.64999	1.64947	0.0000	0.0000	0.0000	-4.4036e-05	0.00050116	-0.0017141	0	0	0
# CONV t=50.00 cond=0 evap=0 rough=0 back_s=0
# LEDGER t=50.000 mode=3 sum_err=0 max|E-iEu|=1.110e-16 run_max_diff=0.000e+00 run_max_sum_err=0 steps=2500 E0_int=5048182530434780 sum=5048182530434780
# NETG t=50.00 gates min=0.3855 mean=0.7766 edges=12
# LUMP t=50.00 n=4 Emfree=9.26681 | m=4.42139 x=16.73 y=16.08 z=16.87 rg=2.16 | m=3.10643 x=19.28 y=13.58 z=18.54 rg=1.61 | m=0.877642 x=15.21 y=13.58 z=19.25 rg=0.00 | m=0.838306 x=16.31 y=12.50 z=19.84 rg=0.00
# RAD t=50.00 0.75:-1.293e-06,0,1.0001,6.015e-05 2.25:-2.492e-05,0,1.0001,8.312e-06 3.75:-0.0003182,0,1.0002,0.0002131 5.25:-0.0006692,0,1.0004,0.0006553 6.75:-0.001143,0,0.9983,2.11 8.25:0.0003203,0,0.9991,2.428 9.75:0.00299,0,0.9983,4.721 11.25:0.003797,0,1.0004,0.002522
60.000	5037.62262	9.81286527	0	0.747044724	5048.18253043	-3.603e-16	17930	17.381	14.680	17.913	0.000	0.0000	0.8455	0.015586	0.8500	0.9947	1.64999	1.64947	0.0000	0.0000	0.0000	0.00058229	-0.00018608	-0.00012073	0	0	0
# CONV t=60.00 cond=0 evap=0 rough=0 back_s=0
# LEDGER t=60.000 mode=3 sum_err=0 max|E-iEu|=1.110e-16 run_max_diff=0.000e+00 run_max_sum_err=0 steps=3000 E0_int=5048182530434780 sum=5048182530434780
# NETG t=60.00 gates min=0.1475 mean=0.7149 edges=12
# LUMP t=60.00 n=4 Emfree=9.81287 | m=4.73551 x=16.64 y=16.06 z=16.87 rg=2.14 | m=3.33179 x=19.27 y=13.56 z=18.57 rg=1.60 | m=0.877368 x=15.21 y=13.58 z=19.25 rg=0.00 | m=0.837269 x=16.31 y=12.50 z=19.84 rg=0.00
# RAD t=60.00 0.75:-1.941e-06,0,1.0001,6.752e-05 2.25:-3.015e-05,0,1.0001,5.932e-05 3.75:-0.0003206,0,1.0002,0.0004122 5.25:-0.0006188,0,1.0005,0.0008813 6.75:-0.000972,0,0.9982,2.374 8.25:0.0003956,0,0.9991,2.481 9.75:0.002725,0,0.9982,4.948 11.25:0.003586,0,1.0004,0.003657
70.000	5037.62262	10.4324676	0	0.127442385	5048.18253043	-3.603e-16	17929	17.353	14.708	17.881	0.001	0.0000	0.8455	0.022616	0.8500	0.9947	1.64997	1.64946	0.0000	0.0000	0.0000	-0.00024426	-5.8373e-05	-0.00024826	0	0	0
# CONV t=70.00 cond=0 evap=0 rough=0 back_s=0
# LEDGER t=70.000 mode=3 sum_err=0 max|E-iEu|=1.110e-16 run_max_diff=0.000e+00 run_max_sum_err=0 steps=3500 E0_int=5048182530434780 sum=5048182530434780
# NETG t=70.00 gates min=0.0374 mean=0.6697 edges=12
# LUMP t=70.00 n=4 Emfree=10.4325 | m=5.15412 x=16.59 y=16.06 z=16.85 rg=2.12 | m=3.52137 x=19.25 y=13.53 z=18.59 rg=1.59 | m=0.876985 x=15.21 y=13.58 z=19.25 rg=0.00 | m=0.836358 x=16.31 y=12.50 z=19.84 rg=0.00
# RAD t=70.00 0.75:-2.544e-06,0,1.0001,0.0001798 2.25:-3.236e-05,0,1.0001,0.0005886 3.75:-0.0003149,0,1.0003,0.0007002 5.25:-0.0005659,0,1.0005,0.00265 6.75:-0.0008081,0,0.9982,2.634 8.25:0.0003814,0,0.9990,2.59 9.75:0.00252,0,0.9982,5.193 11.25:0.003293,0,1.0004,0.005237
80.000	5037.62262	9.70891293	0	0.850997061	5048.18253043	-5.405e-16	17928	17.398	14.678	17.915	0.000	0.0000	0.8455	0.035088	0.8500	0.9947	1.64994	1.64946	0.0000	0.0000	0.0000	0.0004238	-0.00070087	-0.00065063	0	0	0
# CONV t=80.00 cond=0 evap=0 rough=0 back_s=0
# LEDGER t=80.000 mode=3 sum_err=0 max|E-iEu|=1.110e-16 run_max_diff=0.000e+00 run_max_sum_err=0 steps=4000 E0_int=5048182530434780 sum=5048182530434780
# NETG t=80.00 gates min=0.0057 mean=0.6361 edges=12
# LUMP t=80.00 n=5 Emfree=9.70891 | m=4.65881 x=16.68 y=16.07 z=16.87 rg=2.15 | m=2.42872 x=18.95 y=13.11 z=19.04 rg=1.18 | m=0.876607 x=15.21 y=13.58 z=19.25 rg=0.00 | m=0.867923 x=20.20 y=14.84 z=17.21 rg=0.00 | m=0.835602 x=16.31 y=12.50 z=19.84 rg=0.00
# RAD t=80.00 0.75:-2.729e-06,0,1.0002,0.0002683 2.25:-2.879e-05,0,1.0002,0.0009008 3.75:-0.0003031,0,1.0003,0.0004857 5.25:-0.0005151,0,1.0005,0.001412 6.75:-0.000687,0,0.9982,2.297 8.25:0.0004312,0,0.9990,2.465 9.75:0.002295,0,0.9981,4.931 11.25:0.003104,0,1.0004,0.005516
90.000	5037.62262	10.260507	0	0.29940297	5048.18253043	-3.603e-16	17927	17.365	14.703	17.885	0.001	0.0000	0.8455	0.045449	0.8500	0.9947	1.64993	1.64946	0.0000	0.0000	0.0000	-2.3775e-05	-0.00058209	-0.00029463	0	0	0
# CONV t=90.00 cond=0 evap=0 rough=0 back_s=0
# LEDGER t=90.000 mode=3 sum_err=0 max|E-iEu|=1.110e-16 run_max_diff=0.000e+00 run_max_sum_err=0 steps=4500 E0_int=5048182530434780 sum=5048182530434780
# NETG t=90.00 gates min=0.0005 mean=0.6110 edges=12
# LUMP t=90.00 n=5 Emfree=10.2605 | m=5.03754 x=16.62 y=16.07 z=16.85 rg=2.13 | m=2.59047 x=18.94 y=13.11 z=19.04 rg=1.17 | m=0.87637 x=15.21 y=13.58 z=19.25 rg=0.00 | m=0.86747 x=20.20 y=14.84 z=17.21 rg=0.00 | m=0.834635 x=16.31 y=12.50 z=19.84 rg=0.00
# RAD t=90.00 0.75:-1.956e-06,0,1.0002,0.0003299 2.25:-3.15e-05,0,1.0002,0.001046 3.75:-0.0002883,0,1.0003,0.0006128 5.25:-0.0004692,0,1.0005,0.003354 6.75:-0.0005674,0,0.9982,2.539 8.25:0.000422,0,0.9990,2.565 9.75:0.002129,0,0.9981,5.135 11.25:0.002849,0,1.0004,0.006644
100.000	5037.62262	9.59587806	0	0.96403193	5048.18253043	-5.405e-16	17926	17.408	14.678	17.916	0.000	0.0000	0.8455	0.058251	0.8500	0.9947	1.64994	1.64946	0.0000	0.0000	0.0000	0.00039331	-0.00081626	-0.0010087	0	0	0
# CONV t=100.00 cond=0 evap=0 rough=0 back_s=0
# LEDGER t=100.000 mode=3 sum_err=0 max|E-iEu|=1.110e-16 run_max_diff=0.000e+00 run_max_sum_err=0 steps=5000 E0_int=5048182530434780 sum=5048182530434780
# NETG t=100.00 gates min=0.0000 mean=0.5869 edges=12
# LUMP t=100.00 n=5 Emfree=9.59588 | m=4.59006 x=16.71 y=16.07 z=16.87 rg=2.15 | m=2.37783 x=18.94 y=13.11 z=19.03 rg=1.19 | m=0.875944 x=15.21 y=13.58 z=19.25 rg=0.00 | m=0.86683 x=20.20 y=14.84 z=17.21 rg=0.00 | m=0.833742 x=16.31 y=12.50 z=19.84 rg=0.00
# RAD t=100.00 0.75:-2.999e-06,0,1.0002,0.0001124 2.25:-3.494e-05,0,1.0002,0.0007253 3.75:-0.0002732,0,1.0004,0.0005523 5.25:-0.0004217,0,1.0005,0.002234 6.75:-0.0004745,0,0.9982,2.232 8.25:0.0004347,0,0.9990,2.445 9.75:0.001967,0,0.9981,4.898 11.25:0.00265,0,1.0004,0.006799
110.000	5037.62262	10.0982409	0	0.461669064	5048.18253043	-3.603e-16	17926	17.377	14.698	17.891	0.001	0.0000	0.8455	0.072439	0.8500	0.9947	1.64996	1.64946	0.0000	0.0000	0.0000	-0.00074211	-0.0011192	-0.00099264	0	0	0
# CONV t=110.00 cond=0 evap=0 rough=0 back_s=0
# LEDGER t=110.000 mode=3 sum_err=0 max|E-iEu|=1.110e-16 run_max_diff=0.000e+00 run_max_sum_err=0 steps=5500 E0_int=5048182530434780 sum=5048182530434780
# NETG t=110.00 gates min=0.0000 mean=0.5692 edges=12
# LUMP t=110.00 n=5 Emfree=10.0982 | m=4.92794 x=16.64 y=16.07 z=16.85 rg=2.13 | m=2.53357 x=18.94 y=13.11 z=19.04 rg=1.18 | m=0.875668 x=15.21 y=13.58 z=19.25 rg=0.00 | m=0.866077 x=20.20 y=14.84 z=17.21 rg=0.00 | m=0.832997 x=16.31 y=12.50 z=19.84 rg=0.00
# RAD t=110.00 0.75:-3.565e-06,0,1.0003,9.334e-05 2.25:-3.701e-05,0,1.0003,0.0006623 3.75:-0.0002575,0,1.0004,0.001075 5.25:-0.0003723,0,1.0005,0.003679 6.75:-0.0003973,0,0.9981,2.457 8.25:0.0004484,0,0.9989,2.535 9.75:0.001813,0,0.9980,5.082 11.25:0.002473,0,1.0004,0.007674
120.000	5037.62262	9.4507349	0	1.10917509	5048.18253043	-5.405e-16	17926	17.424	14.671	17.923	0.000	0.0000	0.8455	0.087409	0.8500	0.9947	1.64996	1.64946	0.0000	0.0000	0.0000	-0.001074	-0.00082134	-0.0022018	0	0	0
# CONV t=120.00 cond=0 evap=0 rough=0 back_s=0
# LEDGER t=120.000 mode=3 sum_err=0 max|E-iEu|=1.110e-16 run_max_diff=0.000e+00 run_max_sum_err=0 steps=6000 E0_int=5048182530434780 sum=5048182530434780
# NETG t=120.00 gates min=0.0000 mean=0.5555 edges=12
# LUMP t=120.00 n=5 Emfree=9.45073 | m=4.48329 x=16.74 y=16.08 z=16.87 rg=2.16 | m=2.33405 x=18.95 y=13.12 z=19.03 rg=1.19 | m=0.875405 x=15.21 y=13.58 z=19.25 rg=0.00 | m=0.865542 x=20.20 y=14.84 z=17.21 rg=0.00 | m=0.832094 x=16.31 y=12.50 z=19.84 rg=0.00
# RAD t=120.00 0.75:-3.644e-06,0,1.0003,2.719e-05 2.25:-3.595e-05,0,1.0003,0.0004899 3.75:-0.0002398,0,1.0004,0.0008261 5.25:-0.0003281,0,1.0005,0.002592 6.75:-0.0003192,0,0.9981,2.142 8.25:0.0004349,0,0.9989,2.425 9.75:0.001689,0,0.9980,4.857 11.25:0.00227,0,1.0004,0.009132
130.000	5037.62262	9.92933306	0	0.630576934	5048.18253043	-5.405e-16	17926	17.388	14.692	17.897	0.000	0.0000	0.8455	0.10878	0.8500	0.9948	1.64996	1.64946	0.0000	0.0000	0.0000	0.00028957	-0.0017066	-0.0010569	0	0	0
# CONV t=130.00 cond=0 evap=0 rough=0 back_s=0
# LEDGER t=130.000 mode=3 sum_err=0 max|E-iEu|=1.110e-16 run_max_diff=0.000e+00 run_max_sum_err=0 steps=6500 E0_int=5048182530434780 sum=5048182530434780
# NETG t=130.00 gates min=0.0000 mean=0.5470 edges=12
# LUMP t=130.00 n=5 Emfree=9.92933 | m=4.81389 x=16.67 y=16.07 z=16.86 rg=2.14 | m=2.47854 x=18.94 y=13.11 z=19.04 rg=1.18 | m=0.874886 x=15.21 y=13.58 z=19.25 rg=0.00 | m=0.86487 x=20.20 y=14.84 z=17.21 rg=0.00 | m=0.831261 x=16.31 y=12.50 z=19.84 rg=0.00
# RAD t=130.00 0.75:-3.099e-06,0,1.0003,0.000118 2.25:-3.376e-05,0,1.0003,0.0005081 3.75:-0.0002212,0,1.0004,0.0008271 5.25:-0.0002856,0,1.0006,0.003288 6.75:-0.0002743,0,0.9981,2.37 8.25:0.0004749,0,0.9989,2.511 9.75:0.001576,0,0.9980,5.007 11.25:0.002112,0,1.0004,0.02192
140.000	5037.62262	10.3553568	0	0.204553162	5048.18253043	-3.603e-16	17926	17.355	14.694	17.881	0.001	0.0000	0.8455	0.13092	0.8500	0.9948	1.64997	1.64946	0.0000	0.0000	0.0000	0.00086513	7.7096e-05	-0.00035373	0	0	0
# CONV t=140.00 cond=0 evap=0 rough=0 back_s=0
# LEDGER t=140.000 mode=3 sum_err=0 max|E-iEu|=1.110e-16 run_max_diff=0.000e+00 run_max_sum_err=0 steps=7000 E0_int=5048182530434780 sum=5048182530434780
# NETG t=140.00 gates min=0.0000 mean=0.5381 edges=12
# LUMP t=140.00 n=5 Emfree=10.3554 | m=5.07463 x=16.59 y=16.06 z=16.85 rg=2.13 | m=2.62796 x=18.94 y=13.11 z=19.05 rg=1.17 | m=0.874604 x=15.21 y=13.58 z=19.25 rg=0.00 | m=0.864171 x=20.20 y=14.84 z=17.21 rg=0.00 | m=0.830618 x=16.31 y=12.50 z=19.84 rg=0.00
# RAD t=140.00 0.75:-2.681e-06,0,1.0004,8.843e-06 2.25:-3.171e-05,0,1.0003,0.0003818 3.75:-0.0002026,0,1.0004,0.001101 5.25:-0.0002537,0,1.0006,0.004151 6.75:-0.0002071,0,0.9981,2.606 8.25:0.000455,0,0.9989,2.564 9.75:0.00149,0,0.9980,5.137 11.25:0.001854,0,1.0004,0.01708
150.000	5037.62262	9.78847443	0	0.771435564	5048.18253043	-3.603e-16	17926	17.401	14.688	17.899	0.000	0.0000	0.8455	0.15603	0.8500	0.9948	1.64997	1.64946	0.0000	0.0000	0.0000	-0.0014346	-0.00032355	-0.0035941	0	0	0
# CONV t=150.00 cond=0 evap=0 rough=0 back_s=0
# LEDGER t=150.000 mode=3 sum_err=0 max|E-iEu|=1.110e-16 run_max_diff=0.000e+00 run_max_sum_err=0 steps=7500 E0_int=5048182530434780 sum=5048182530434780
# NETG t=150.00 gates min=0.0000 mean=0.5286 edges=12
# LUMP t=150.00 n=5 Emfree=9.78847 | m=4.71638 x=16.69 y=16.08 z=16.86 rg=2.14 | m=2.42851 x=18.95 y=13.11 z=19.04 rg=1.18 | m=0.874324 x=15.21 y=13.58 z=19.25 rg=0.00 | m=0.863637 x=20.20 y=14.84 z=17.21 rg=0.00 | m=0.82977 x=16.31 y=12.50 z=19.84 rg=0.00
# RAD t=150.00 0.75:-2.619e-06,0,1.0004,4.521e-05 2.25:-2.884e-05,0,1.0004,0.0003512 3.75:-0.0001857,0,1.0005,0.001193 5.25:-0.0002298,0,1.0006,0.002597 6.75:-0.0001687,0,0.9981,2.299 8.25:0.0005155,0,0.9988,2.488 9.75:0.001358,0,0.9979,4.951 11.25:0.001787,0,1.0004,0.01726
160.000	5037.62262	10.1931104	0	0.366799575	5048.18253043	-3.603e-16	17926	17.365	14.693	17.879	0.001	0.0000	0.8455	0.17822	0.8500	0.9948	1.64997	1.64946	0.0000	0.0000	0.0000	-0.00086817	-0.00016479	-0.0024042	0	0	0
# CONV t=160.00 cond=0 evap=0 rough=0 back_s=0
# LEDGER t=160.000 mode=3 sum_err=0 max|E-iEu|=1.110e-16 run_max_diff=0.000e+00 run_max_sum_err=0 steps=8000 E0_int=5048182530434780 sum=5048182530434780
# NETG t=160.00 gates min=0.0000 mean=0.5185 edges=12
# LUMP t=160.00 n=5 Emfree=10.1931 | m=4.96836 x=16.61 y=16.06 z=16.86 rg=2.13 | m=2.56937 x=18.94 y=13.11 z=19.04 rg=1.17 | m=0.873869 x=15.21 y=13.58 z=19.25 rg=0.00 | m=0.862995 x=20.20 y=14.84 z=17.21 rg=0.00 | m=0.82891 x=16.31 y=12.50 z=19.84 rg=0.00
# RAD t=160.00 0.75:-2.124e-06,0,1.0004,7.327e-05 2.25:-2.67e-05,0,1.0004,0.0004444 3.75:-0.0001693,0,1.0005,0.00171 5.25:-0.0002001,0,1.0006,0.003496 6.75:-0.0001136,0,0.9981,2.522 8.25:0.0005047,0,0.9988,2.542 9.75:0.001278,0,0.9979,5.077 11.25:0.001674,0,1.0004,0.01625
170.000	5037.62262	9.645625	0	0.914284992	5048.18253043	-5.405e-16	17926	17.409	14.686	17.896	0.001	0.0000	0.8456	0.19918	0.8500	0.9948	1.64997	1.64946	0.0000	0.0000	0.0000	-0.0011871	-0.00027606	-0.0032007	0	0	0
# CONV t=170.00 cond=0 evap=0 rough=0 back_s=0
# LEDGER t=170.000 mode=3 sum_err=0 max|E-iEu|=1.110e-16 run_max_diff=0.000e+00 run_max_sum_err=0 steps=8500 E0_int=5048182530434780 sum=5048182530434780
# NETG t=170.00 gates min=0.0000 mean=0.5089 edges=12
# LUMP t=170.00 n=5 Emfree=9.64562 | m=4.62137 x=16.71 y=16.08 z=16.86 rg=2.15 | m=2.37746 x=18.95 y=13.12 z=19.03 rg=1.19 | m=0.87365 x=15.21 y=13.58 z=19.25 rg=0.00 | m=0.86237 x=20.20 y=14.84 z=17.21 rg=0.00 | m=0.828228 x=16.31 y=12.50 z=19.84 rg=0.00
# RAD t=170.00 0.75:-1.737e-06,0,1.0004,3.358e-05 2.25:-2.562e-05,0,1.0004,0.00017 3.75:-0.0001527,0,1.0005,0.002142 5.25:-0.0001731,0,1.0006,0.002539 6.75:-7.245e-05,0,0.9980,2.231 8.25:0.0004983,0,0.9988,2.467 9.75:0.001205,0,0.9979,4.895 11.25:0.001574,0,1.0004,0.01664
180.000	5037.62262	10.0431396	0	0.516770389	5048.18253043	-3.603e-16	17926	17.375	14.692	17.878	0.001	0.0000	0.8456	0.22194	0.8500	0.9948	1.64997	1.64946	0.0000	0.0000	0.0000	-0.0013102	-0.0018971	-0.0028877	0	0	0
# CONV t=180.00 cond=0 evap=0 rough=0 back_s=0
# LEDGER t=180.000 mode=3 sum_err=0 max|E-iEu|=1.110e-16 run_max_diff=0.000e+00 run_max_sum_err=0 steps=9000 E0_int=5048182530434780 sum=5048182530434780
# NETG t=180.00 gates min=0.0000 mean=0.4983 edges=12
# LUMP t=180.00 n=5 Emfree=10.0431 | m=4.86767 x=16.64 y=16.07 z=16.86 rg=2.14 | m=2.51758 x=18.95 y=13.11 z=19.04 rg=1.18 | m=0.873339 x=15.21 y=13.58 z=19.25 rg=0.00 | m=0.861785 x=20.20 y=14.84 z=17.21 rg=0.00 | m=0.827437 x=16.31 y=12.50 z=19.84 rg=0.00
# RAD t=180.00 0.75:-1.761e-06,0,1.0005,8.048e-05 2.25:-2.245e-05,0,1.0004,0.0003796 3.75:-0.0001372,0,1.0005,0.002955 5.25:-0.0001489,0,1.0006,0.00272 6.75:-4.223e-05,0,0.9980,2.442 8.25:0.0005207,0,0.9988,2.522 9.75:0.001116,0,0.9979,5.021 11.25:0.001519,0,1.0004,0.01835
190.000	5037.62262	10.5091391	0	0.0507708975	5048.18253043	-5.405e-16	17926	17.345	14.707	17.855	0.001	0.0000	0.8456	0.24251	0.8500	0.9948	1.64997	1.64946	0.0000	0.0000	0.0000	-0.00086373	-0.00035243	-0.0019764	0	0	0
# CONV t=190.00 cond=0 evap=0 rough=0 back_s=0
# LEDGER t=190.000 mode=3 sum_err=0 max|E-iEu|=1.110e-16 run_max_diff=0.000e+00 run_max_sum_err=0 steps=9500 E0_int=5048182530434780 sum=5048182530434780
# NETG t=190.00 gates min=0.0000 mean=0.4947 edges=12
# LUMP t=190.00 n=5 Emfree=10.5091 | m=5.18174 x=16.58 y=16.06 z=16.84 rg=2.12 | m=2.65898 x=18.94 y=13.10 z=19.05 rg=1.17 | m=0.872939 x=15.21 y=13.58 z=19.25 rg=0.00 | m=0.861135 x=20.20 y=14.84 z=17.21 rg=0.00 | m=0.826528 x=16.31 y=12.50 z=19.84 rg=0.00
# RAD t=190.00 0.75:-1.523e-06,0,1.0005,4.343e-05 2.25:-1.966e-05,0,1.0004,0.0001744 3.75:-0.0001221,0,1.0005,0.003203 5.25:-0.0001223,0,1.0006,0.002058 6.75:6.752e-07,0,0.9980,2.667 8.25:0.0004635,0,0.9988,2.604 9.75:0.001076,0,0.9979,5.178 11.25:0.001373,0,1.0004,0.0167
200.000	5037.62262	9.87534816	0	0.684561833	5048.18253043	-3.603e-16	17926	17.388	14.687	17.878	0.001	0.0000	0.8456	0.26449	0.8500	0.9948	1.64996	1.64946	0.0000	0.0000	0.0000	-0.0025742	0.0004195	-0.0052362	0	0	0
# CONV t=200.00 cond=0 evap=0 rough=0 back_s=0
# LEDGER t=200.000 mode=3 sum_err=0 max|E-iEu|=1.110e-16 run_max_diff=0.000e+00 run_max_sum_err=0 steps=10000 E0_int=5048182530434780 sum=5048182530434780
# NETG t=200.00 gates min=0.0000 mean=0.4964 edges=12
# LUMP t=200.00 n=5 Emfree=9.87535 | m=4.74928 x=16.67 y=16.07 z=16.86 rg=2.14 | m=2.46365 x=18.95 y=13.11 z=19.04 rg=1.18 | m=0.872697 x=15.21 y=13.58 z=19.25 rg=0.00 | m=0.860589 x=20.20 y=14.84 z=17.21 rg=0.00 | m=0.825738 x=16.31 y=12.50 z=19.84 rg=0.00
# RAD t=200.00 0.75:-1.272e-06,0,1.0005,7.782e-05 2.25:-1.673e-05,0,1.0005,0.0003748 3.75:-0.0001088,0,1.0005,0.003757 5.25:-9.501e-05,0,1.0006,0.001666 6.75:1.356e-05,0,0.9980,2.342 8.25:0.0004926,0,0.9988,2.503 9.75:0.0009752,0,0.9979,4.968 11.25:0.001384,0,1.0004,0.01619
210.000	5037.62262	10.3554613	0	0.204448721	5048.18253043	-5.405e-16	17926	17.350	14.703	17.846	0.001	0.0000	0.8456	0.28087	0.8500	0.9948	1.64995	1.64946	0.0000	0.0000	0.0000	8.7796e-05	-0.00018408	-0.001487	0	0	0
# CONV t=210.00 cond=0 evap=0 rough=0 back_s=0
# LEDGER t=210.000 mode=3 sum_err=0 max|E-iEu|=1.110e-16 run_max_diff=0.000e+00 run_max_sum_err=0 steps=10500 E0_int=5048182530434780 sum=5048182530434780
# NETG t=210.00 gates min=0.0000 mean=0.5125 edges=12
# LUMP t=210.00 n=5 Emfree=10.3555 | m=5.0674 x=16.60 y=16.07 z=16.85 rg=2.12 | m=2.60312 x=18.94 y=13.11 z=19.04 rg=1.17 | m=0.872277 x=15.21 y=13.58 z=19.25 rg=0.00 | m=0.859955 x=20.20 y=14.84 z=17.21 rg=0.00 | m=0.824958 x=16.31 y=12.50 z=19.84 rg=0.00
# RAD t=210.00 0.75:-8.889e-07,0,1.0005,0.0002231 2.25:-1.41e-05,0,1.0005,0.0009082 3.75:-9.527e-05,0,1.0005,0.0046 5.25:-7.297e-05,0,1.0006,0.004158 6.75:4.506e-05,0,0.9980,2.583 8.25:0.0004452,0,0.9988,2.582 9.75:0.0009613,0,0.9979,5.116 11.25:0.001233,0,1.0004,0.01914
220.000	5037.62262	9.74748438	0	0.812425609	5048.18253043	-5.405e-16	17926	17.393	14.688	17.875	0.001	0.0000	0.8456	0.30078	0.8500	0.9948	1.64994	1.64946	0.0000	0.0000	0.0000	-0.0035321	-0.0010685	-0.0032531	0	0	0
# CONV t=220.00 cond=0 evap=0 rough=0 back_s=0
# LEDGER t=220.000 mode=3 sum_err=0 max|E-iEu|=1.110e-16 run_max_diff=0.000e+00 run_max_sum_err=0 steps=11000 E0_int=5048182530434780 sum=5048182530434780
# NETG t=220.00 gates min=0.0000 mean=0.5343 edges=12
# LUMP t=220.00 n=5 Emfree=9.74748 | m=4.67046 x=16.69 y=16.08 z=16.86 rg=2.15 | m=2.41141 x=18.95 y=13.11 z=19.03 rg=1.18 | m=0.871967 x=15.21 y=13.58 z=19.25 rg=0.00 | m=0.85927 x=20.20 y=14.84 z=17.21 rg=0.00 | m=0.823982 x=16.31 y=12.50 z=19.84 rg=0.00
# RAD t=220.00 0.75:3.517e-07,0,1.0005,0.0002256 2.25:-1.139e-05,0,1.0005,0.0002886 3.75:-8.518e-05,0,1.0005,0.004522 5.25:-5.997e-05,0,1.0006,0.001406 6.75:5.354e-05,0,0.9980,2.277 8.25:0.0004779,0,0.9987,2.487 9.75:0.0008939,0,0.9979,4.914 11.25:0.001183,0,1.0004,0.01836
230.000	5037.62262	10.1987989	0	0.361111115	5048.18253043	-5.405e-16	17926	17.354	14.699	17.848	0.001	0.0000	0.8456	0.31798	0.8500	0.9948	1.64994	1.64946	0.0000	0.0000	0.0000	-0.0010825	-0.00075677	-0.0017126	0	0	0
# CONV t=230.00 cond=0 evap=0 rough=0 back_s=0
# LEDGER t=230.000 mode=3 sum_err=0 max|E-iEu|=1.110e-16 run_max_diff=0.000e+00 run_max_sum_err=0 steps=11500 E0_int=5048182530434780 sum=5048182530434780
# NETG t=230.00 gates min=0.0000 mean=0.5570 edges=12
# LUMP t=230.00 n=5 Emfree=10.1988 | m=4.96357 x=16.62 y=16.07 z=16.85 rg=2.13 | m=2.5506 x=18.95 y=13.11 z=19.04 rg=1.18 | m=0.871715 x=15.21 y=13.58 z=19.25 rg=0.00 | m=0.858762 x=20.20 y=14.84 z=17.21 rg=0.00 | m=0.823159 x=16.31 y=12.50 z=19.84 rg=0.00
# RAD t=230.00 0.75:9.172e-07,0,1.0005,0.0004695 2.25:-8.508e-06,0,1.0005,0.0006546 3.75:-7.691e-05,0,1.0005,0.005273 5.25:-5.145e-05,0,1.0006,0.003152 6.75:6.995e-05,0,0.9980,2.513 8.25:0.0004888,0,0.9987,2.551 9.75:0.0008501,0,0.9978,5.055 11.25:0.001104,0,1.0004,0.02057
240.000	5037.62262	9.63122276	0	0.92868723	5048.18253043	-3.603e-16	17926	17.395	14.684	17.872	0.001	0.0000	0.8456	0.33421	0.8500	0.9948	1.64993	1.64945	0.0000	0.0000	0.0000	-0.0036251	-0.0010657	-0.0029438	0	0	0
# CONV t=240.00 cond=0 evap=0 rough=0 back_s=0
# LEDGER t=240.000 mode=3 sum_err=0 max|E-iEu|=1.110e-16 run_max_diff=0.000e+00 run_max_sum_err=0 steps=12000 E0_int=5048182530434780 sum=5048182530434780
# NETG t=240.00 gates min=0.0000 mean=0.5541 edges=12
# LUMP t=240.00 n=5 Emfree=9.63122 | m=4.59034 x=16.70 y=16.07 z=16.87 rg=2.15 | m=2.36771 x=18.95 y=13.12 z=19.03 rg=1.19 | m=0.871201 x=15.21 y=13.58 z=19.25 rg=0.00 | m=0.858085 x=20.20 y=14.84 z=17.21 rg=0.00 | m=0.822404 x=16.31 y=12.50 z=19.84 rg=0.00
# RAD t=240.00 0.75:1.717e-06,0,1.0005,0.0005161 2.25:-5.976e-06,0,1.0005,0.0003648 3.75:-7.027e-05,0,1.0005,0.004855 5.25:-4.378e-05,0,1.0006,0.00229 6.75:9.286e-05,0,0.9980,2.23 8.25:0.0004648,0,0.9987,2.458 9.75:0.000823,0,0.9978,4.866 11.25:0.001027,0,1.0004,0.01931
250.000	5037.62262	10.0571368	0	0.502773145	5048.18253043	-3.603e-16	17926	17.358	14.695	17.848	0.001	0.0000	0.8456	0.35152	0.8500	0.9948	1.64993	1.64945	0.0000	0.0000	0.0000	-0.0019757	-0.0023473	-0.0014044	0	0	0
# CONV t=250.00 cond=0 evap=0 rough=0 back_s=0
# LEDGER t=250.000 mode=3 sum_err=0 max|E-iEu|=1.110e-16 run_max_diff=0.000e+00 run_max_sum_err=0 steps=12500 E0_int=5048182530434780 sum=5048182530434780
# NETG t=250.00 gates min=0.0000 mean=0.5218 edges=12
# LUMP t=250.00 n=5 Emfree=10.0571 | m=4.87066 x=16.63 y=16.06 z=16.86 rg=2.14 | m=2.5005 x=18.95 y=13.11 z=19.04 rg=1.18 | m=0.870908 x=15.21 y=13.58 z=19.25 rg=0.00 | m=0.857358 x=20.20 y=14.84 z=17.21 rg=0.00 | m=0.821442 x=16.31 y=12.50 z=19.84 rg=0.00
# RAD t=250.00 0.75:2.446e-06,0,1.0005,0.0007541 2.25:-3.968e-06,0,1.0005,0.000367 3.75:-6.365e-05,0,1.0005,0.005155 5.25:-3.448e-05,0,1.0006,0.00359 6.75:9.861e-05,0,0.9979,2.455 8.25:0.0004902,0,0.9987,2.516 9.75:0.0007855,0,0.9978,5.001 11.25:0.001001,0,1.0004,0.02109
260.000	5037.62262	10.4677615	0	0.0921484949	5048.18253043	-3.603e-16	17927	17.324	14.703	17.830	0.001	0.0000	0.8456	0.36681	0.8500	0.9948	1.64991	1.64945	0.0000	0.0000	0.0000	-0.0014666	5.5736e-05	-0.00025065	0	0	0
# CONV t=260.00 cond=0 evap=0 rough=0 back_s=0
# LEDGER t=260.000 mode=3 sum_err=0 max|E-iEu|=1.110e-16 run_max_diff=0.000e+00 run_max_sum_err=0 steps=13000 E0_int=5048182530434780 sum=5048182530434780
# NETG t=260.00 gates min=0.0000 mean=0.4953 edges=12
# LUMP t=260.00 n=5 Emfree=10.4678 | m=5.13507 x=16.57 y=16.06 z=16.85 rg=2.12 | m=2.6329 x=18.94 y=13.10 z=19.05 rg=1.17 | m=0.870626 x=15.21 y=13.58 z=19.25 rg=0.00 | m=0.856841 x=20.20 y=14.84 z=17.21 rg=0.00 | m=0.820623 x=16.31 y=12.50 z=19.84 rg=0.00
# RAD t=260.00 0.75:3.124e-06,0,1.0005,0.0009423 2.25:-2.31e-06,0,1.0005,0.000432 3.75:-5.706e-05,0,1.0005,0.005516 5.25:-2.502e-05,0,1.0006,0.005591 6.75:0.0001203,0,0.9979,2.66 8.25:0.0004491,0,0.9987,2.582 9.75:0.0007766,0,0.9978,5.133 11.25:0.0009048,0,1.0004,0.02416
270.000	5037.62262	9.91553326	0	0.644376733	5048.18253043	-3.603e-16	17927	17.364	14.686	17.850	0.001	0.0000	0.8456	0.38466	0.8500	0.9948	1.64989	1.64945	0.0000	0.0000	0.0000	-0.0018698	-0.00073919	-0.0032546	0	0	0
# CONV t=270.00 cond=0 evap=0 rough=0 back_s=0
# LEDGER t=270.000 mode=3 sum_err=0 max|E-iEu|=1.110e-16 run_max_diff=0.000e+00 run_max_sum_err=0 steps=13500 E0_int=5048182530434780 sum=5048182530434780
# NETG t=270.00 gates min=0.0000 mean=0.4939 edges=12
# LUMP t=270.00 n=5 Emfree=9.91553 | m=4.76791 x=16.65 y=16.07 z=16.87 rg=2.14 | m=2.45809 x=18.95 y=13.11 z=19.04 rg=1.18 | m=0.870102 x=15.21 y=13.58 z=19.25 rg=0.00 | m=0.8561 x=20.20 y=14.84 z=17.21 rg=0.00 | m=0.819901 x=16.31 y=12.50 z=19.84 rg=0.00
# RAD t=270.00 0.75:4.045e-06,0,1.0005,0.001289 2.25:-3.346e-07,0,1.0005,0.0006574 3.75:-4.963e-05,0,1.0005,0.005611 5.25:-8.27e-06,0,1.0006,0.003282 6.75:0.0001217,0,0.9979,2.38 8.25:0.0004724,0,0.9987,2.489 9.75:0.0007123,0,0.9978,4.954 11.25:0.0009112,0,1.0004,0.02547
280.000	5037.62262	10.3230864	0	0.236823549	5048.18253043	-5.405e-16	17927	17.331	14.696	17.825	0.002	0.0000	0.8456	0.40062	0.8500	0.9948	1.64987	1.64945	0.0000	0.0000	0.0000	-0.001339	-4.3179e-05	-0.0015872	0	0	0
# CONV t=280.00 cond=0 evap=0 rough=0 back_s=0
# LEDGER t=280.000 mode=3 sum_err=0 max|E-iEu|=1.110e-16 run_max_diff=0.000e+00 run_max_sum_err=0 steps=14000 E0_int=5048182530434780 sum=5048182530434780
# NETG t=280.00 gates min=0.0000 mean=0.4985 edges=12
# LUMP t=280.00 n=5 Emfree=10.3231 | m=5.02788 x=16.59 y=16.06 z=16.85 rg=2.13 | m=2.58339 x=18.94 y=13.11 z=19.04 rg=1.17 | m=0.86981 x=15.21 y=13.58 z=19.25 rg=0.00 | m=0.85532 x=20.20 y=14.84 z=17.21 rg=0.00 | m=0.819043 x=16.31 y=12.50 z=19.84 rg=0.00
# RAD t=280.00 0.75:4.68e-06,0,1.0005,0.001632 2.25:1.604e-06,0,1.0005,0.001181 3.75:-4.151e-05,0,1.0005,0.005974 5.25:1.666e-06,0,1.0006,0.005272 6.75:0.0001445,0,0.9979,2.58 8.25:0.0004285,0,0.9987,2.554 9.75:0.000692,0,0.9978,5.082 11.25:0.00085,0,1.0004,0.0276
290.000	5037.62262	9.76787861	0	0.792031378	5048.18253043	-5.405e-16	17927	17.373	14.681	17.850	0.001	0.0000	0.8456	0.4162	0.8500	0.9948	1.64985	1.64945	0.0000	0.0000	0.0000	-0.0043221	-0.0018601	-0.003007	0	0	0
# CONV t=290.00 cond=0 evap=0 rough=0 back_s=0
# LEDGER t=290.000 mode=3 sum_err=0 max|E-iEu|=1.110e-16 run_max_diff=0.000e+00 run_max_sum_err=0 steps=14500 E0_int=5048182530434780 sum=5048182530434780
# NETG t=290.00 gates min=0.0000 mean=0.4862 edges=12
# LUMP t=290.00 n=5 Emfree=9.76788 | m=4.66422 x=16.68 y=16.07 z=16.87 rg=2.15 | m=2.41152 x=18.95 y=13.12 z=19.03 rg=1.18 | m=0.869463 x=15.21 y=13.58 z=19.25 rg=0.00 | m=0.854811 x=20.20 y=14.84 z=17.21 rg=0.00 | m=0.818269 x=16.31 y=12.50 z=19.84 rg=0.00
# RAD t=290.00 0.75:5.359e-06,0,1.0005,0.001896 2.25:3.674e-06,0,1.0005,0.0008473 3.75:-3.51e-05,0,1.0005,0.004845 5.25:1.117e-05,0,1.0005,0.003766 6.75:0.0001578,0,0.9979,2.3 8.25:0.0004086,0,0.9987,2.462 9.75:0.0006648,0,0.9978,4.905 11.25:0.0008095,0,1.0004,0.0269
300.000	5037.62262	10.1501382	0	0.409771766	5048.18253043	-3.603e-16	17927	17.340	14.691	17.829	0.001	0.0000	0.8456	0.43114	0.8500	0.9948	1.64983	1.64945	0.0000	0.0000	0.0000	-0.0036049	-0.00088249	-0.0015378	0	0	0
# CONV t=300.00 cond=0 evap=0 rough=0 back_s=0
# LEDGER t=300.000 mode=3 sum_err=0 max|E-iEu|=1.110e-16 run_max_diff=0.000e+00 run_max_sum_err=0 steps=15000 E0_int=5048182530434780 sum=5048182530434780
# NETG t=300.00 gates min=0.0000 mean=0.4604 edges=12
# LUMP t=300.00 n=5 Emfree=10.1501 | m=4.91417 x=16.62 y=16.06 z=16.86 rg=2.13 | m=2.53043 x=18.94 y=13.11 z=19.04 rg=1.18 | m=0.86894 x=15.21 y=13.58 z=19.25 rg=0.00 | m=0.854064 x=20.20 y=14.84 z=17.21 rg=0.00 | m=0.817532 x=16.31 y=12.50 z=19.84 rg=0.00
# RAD t=300.00 0.75:6.239e-06,0,1.0005,0.002338 2.25:7.123e-06,0,1.0005,0.001536 3.75:-3.26e-05,0,1.0005,0.002945 5.25:2.382e-05,0,1.0005,0.006897 6.75:0.0001742,0,0.9979,2.487 8.25:0.0003789,0,0.9987,2.528 9.75:0.0006288,0,0.9978,5.025 11.25:0.0007765,0,1.0004,0.0299
310.000	5037.62262	9.57526283	0	0.984647161	5048.18253043	-3.603e-16	17927	17.384	14.675	17.855	0.001	0.0000	0.8456	0.4432	0.8500	0.9948	1.64983	1.64945	0.0000	0.0000	0.0000	-0.0047909	-0.0023282	-0.0032342	0	0	0
# CONV t=310.00 cond=0 evap=0 rough=0 back_s=0
# LEDGER t=310.000 mode=3 sum_err=0 max|E-iEu|=1.110e-16 run_max_diff=0.000e+00 run_max_sum_err=0 steps=15500 E0_int=5048182530434780 sum=5048182530434780
# NETG t=310.00 gates min=0.0000 mean=0.4370 edges=12
# LUMP t=310.00 n=5 Emfree=9.57526 | m=4.53461 x=16.71 y=16.07 z=16.88 rg=2.16 | m=2.349 x=18.95 y=13.12 z=19.03 rg=1.19 | m=0.868642 x=15.21 y=13.58 z=19.25 rg=0.00 | m=0.853305 x=20.20 y=14.84 z=17.21 rg=0.00 | m=0.816814 x=16.31 y=12.50 z=19.84 rg=0.00
# RAD t=310.00 0.75:6.203e-06,0,1.0005,0.002389 2.25:1.091e-05,0,1.0005,0.0006359 3.75:-3.367e-05,0,1.0005,0.001098 5.25:3.932e-05,0,1.0005,0.005239 6.75:0.0001893,0,0.9979,2.192 8.25:0.0003228,0,0.9987,2.439 9.75:0.0006064,0,0.9978,4.838 11.25:0.0007,0,1.0003,0.03008
320.000	5037.62262	9.97475025	0	0.585159739	5048.18253043	-3.603e-16	17927	17.347	14.685	17.833	0.001	0.0000	0.8456	0.45638	0.8500	0.9948	1.64985	1.64945	0.0000	0.0000	0.0000	-0.0054486	-0.00042021	-0.002693	0	0	0
# CONV t=320.00 cond=0 evap=0 rough=0 back_s=0
# LEDGER t=320.000 mode=3 sum_err=0 max|E-iEu|=1.110e-16 run_max_diff=0.000e+00 run_max_sum_err=0 steps=16000 E0_int=5048182530434780 sum=5048182530434780
# NETG t=320.00 gates min=0.0000 mean=0.4403 edges=12
# LUMP t=320.00 n=5 Emfree=9.97475 | m=4.79142 x=16.64 y=16.06 z=16.86 rg=2.14 | m=2.47847 x=18.95 y=13.11 z=19.04 rg=1.18 | m=0.868186 x=15.21 y=13.58 z=19.25 rg=0.00 | m=0.852824 x=20.20 y=14.84 z=17.21 rg=0.00 | m=0.815934 x=16.31 y=12.50 z=19.84 rg=0.00
# RAD t=320.00 0.75:4.829e-06,0,1.0005,0.002399 2.25:8.657e-06,0,1.0005,0.0004645 3.75:-2.277e-05,0,1.0005,0.001625 5.25:4.727e-05,0,1.0005,0.006919 6.75:0.0001846,0,0.9979,2.397 8.25:0.0003179,0,0.9987,2.489 9.75:0.0005407,0,0.9978,4.974 11.25:0.0007162,0,1.0003,0.03274
330.000	5037.62262	10.3551346	0	0.204775354	5048.18253043	-5.405e-16	17927	17.308	14.683	17.817	0.002	0.0000	0.8456	0.46478	0.8500	0.9948	1.64987	1.64945	0.0000	0.0000	0.0000	-0.0093342	0.00032772	-0.0023595	0	0	0
# CONV t=330.00 cond=0 evap=0 rough=0 back_s=0
# LEDGER t=330.000 mode=3 sum_err=0 max|E-iEu|=1.110e-16 run_max_diff=0.000e+00 run_max_sum_err=0 steps=16500 E0_int=5048182530434780 sum=5048182530434780
# NETG t=330.00 gates min=0.0000 mean=0.4866 edges=12
# LUMP t=330.00 n=5 Emfree=10.3551 | m=5.01484 x=16.57 y=16.05 z=16.86 rg=2.13 | m=2.60794 x=18.94 y=13.11 z=19.05 rg=1.17 | m=0.867726 x=15.21 y=13.58 z=19.25 rg=0.00 | m=0.852096 x=20.20 y=14.84 z=17.21 rg=0.00 | m=0.815164 x=16.31 y=12.50 z=19.84 rg=0.00
# RAD t=330.00 0.75:1.396e-06,0,1.0005,0.00203 2.25:5.425e-06,0,1.0005,0.0005926 3.75:-1.399e-05,0,1.0005,0.00258 5.25:5.602e-05,0,1.0005,0.01109 6.75:0.0002127,0,0.9979,2.615 8.25:0.0002101,0,0.9987,2.511 9.75:0.0005074,0,0.9978,5.101 11.25:0.0006543,0,1.0003,0.03779
340.000	5037.62262	9.76164118	0	0.798268807	5048.18253043	-5.405e-16	17927	17.357	14.670	17.841	0.001	0.0000	0.8456	0.47415	0.8500	0.9948	1.64988	1.64945	0.0000	0.0000	0.0000	-0.016204	-0.0010639	-0.0050621	0	0	0
# CONV t=340.00 cond=0 evap=0 rough=0 back_s=0
# LEDGER t=340.000 mode=3 sum_err=0 max|E-iEu|=1.110e-16 run_max_diff=0.000e+00 run_max_sum_err=0 steps=17000 E0_int=5048182530434780 sum=5048182530434780
# NETG t=340.00 gates min=0.0000 mean=0.4974 edges=12
# LUMP t=340.00 n=5 Emfree=9.76164 | m=4.62924 x=16.68 y=16.06 z=16.88 rg=2.16 | m=2.42572 x=18.95 y=13.11 z=19.03 rg=1.18 | m=0.867397 x=15.21 y=13.58 z=19.25 rg=0.00 | m=0.851401 x=20.20 y=14.84 z=17.21 rg=0.00 | m=0.814434 x=16.31 y=12.50 z=19.84 rg=0.00
# RAD t=340.00 0.75:-1.873e-06,0,1.0005,0.001654 2.25:2.777e-06,0,1.0005,0.0003362 3.75:-6.731e-06,0,1.0005,0.003383 5.25:7.778e-05,0,1.0005,0.007888 6.75:0.0002173,0,0.9979,2.272 8.25:0.0001865,0,0.9987,2.437 9.75:0.0004483,0,0.9978,4.93 11.25:0.0006381,0,1.0003,0.03666
350.000	5037.62262	10.1674395	0	0.392470463	5048.18253043	-5.405e-16	17927	17.313	14.674	17.816	0.002	0.0000	0.8456	0.4894	0.8500	0.9948	1.64990	1.64944	0.0000	0.0000	0.0000	-0.014005	-0.0013528	-0.0046065	0	0	0
# CONV t=350.00 cond=0 evap=0 rough=0 back_s=0
# LEDGER t=350.000 mode=3 sum_err=0 max|E-iEu|=1.110e-16 run_max_diff=0.000e+00 run_max_sum_err=0 steps=17500 E0_int=5048182530434780 sum=5048182530434780
# NETG t=350.00 gates min=0.0000 mean=0.4897 edges=12
# LUMP t=350.00 n=5 Emfree=10.1674 | m=4.87689 x=16.60 y=16.06 z=16.86 rg=2.14 | m=2.55625 x=18.94 y=13.11 z=19.04 rg=1.17 | m=0.866819 x=15.21 y=13.58 z=19.25 rg=0.00 | m=0.850918 x=20.20 y=14.84 z=17.21 rg=0.00 | m=0.813478 x=16.31 y=12.50 z=19.84 rg=0.00
# RAD t=350.00 0.75:-6.282e-06,0,1.0005,0.001032 2.25:6.805e-07,0,1.0005,0.001098 3.75:2.586e-06,0,1.0005,0.004627 5.25:0.0001001,0,1.0005,0.01027 6.75:0.0002028,0,0.9979,2.496 8.25:0.000219,0,0.9987,2.498 9.75:0.0004078,0,0.9978,5.036 11.25:0.0005884,0,1.0003,0.04141
360.000	5037.62262	9.59487097	0	0.965039023	5048.18253043	-5.405e-16	17927	17.364	14.665	17.838	0.002	0.0000	0.8456	0.50369	0.8500	0.9948	1.64991	1.64944	0.0000	0.0000	0.0000	-0.011676	-1.8604e-05	-0.0063604	0	0	0
# CONV t=360.00 cond=0 evap=0 rough=0 back_s=0
# LEDGER t=360.000 mode=3 sum_err=0 max|E-iEu|=1.110e-16 run_max_diff=0.000e+00 run_max_sum_err=0 steps=18000 E0_int=5048182530434780 sum=5048182530434780
# NETG t=360.00 gates min=0.0000 mean=0.4705 edges=12
# LUMP t=360.00 n=5 Emfree=9.59487 | m=4.50443 x=16.72 y=16.07 z=16.87 rg=2.16 | m=2.37591 x=18.95 y=13.12 z=19.03 rg=1.18 | m=0.866405 x=15.21 y=13.58 z=19.25 rg=0.00 | m=0.85019 x=20.20 y=14.84 z=17.21 rg=0.00 | m=0.812725 x=16.31 y=12.50 z=19.84 rg=0.00
# RAD t=360.00 0.75:-8.783e-06,0,1.0005,0.000413 2.25:-1.702e-06,0,1.0005,0.0006623 3.75:1.128e-05,0,1.0005,0.005071 5.25:9.975e-05,0,1.0005,0.007845 6.75:0.0001829,0,0.9979,2.153 8.25:0.0002994,0,0.9987,2.451 9.75:0.0003873,0,0.9978,4.859 11.25:0.0005518,0,1.0003,0.04131
370.000	5037.62262	10.0426186	0	0.517291392	5048.18253043	-5.405e-16	17927	17.313	14.681	17.804	0.002	0.0000	0.8456	0.51741	0.8500	0.9948	1.64993	1.64944	0.0000	0.0000	0.0000	-0.008606	-0.002206	-0.0020828	0	0	0
# CONV t=370.00 cond=0 evap=0 rough=0 back_s=0
# LEDGER t=370.000 mode=3 sum_err=0 max|E-iEu|=1.110e-16 run_max_diff=0.000e+00 run_max_sum_err=0 steps=18500 E0_int=5048182530434780 sum=5048182530434780
# NETG t=370.00 gates min=0.0000 mean=0.4467 edges=12
# LUMP t=370.00 n=5 Emfree=10.0426 | m=4.8037 x=16.63 y=16.07 z=16.86 rg=2.13 | m=2.50468 x=18.95 y=13.11 z=19.04 rg=1.18 | m=0.866055 x=15.21 y=13.58 z=19.25 rg=0.00 | m=0.849501 x=20.20 y=14.84 z=17.21 rg=0.00 | m=0.811987 x=16.31 y=12.50 z=19.84 rg=0.00
# RAD t=370.00 0.75:-6.103e-06,0,1.0005,0.000387 2.25:-1.896e-06,0,1.0005,0.0009746 3.75:1.391e-05,0,1.0005,0.006948 5.25:9.453e-05,0,1.0005,0.008945 6.75:0.0001643,0,0.9979,2.404 8.25:0.0003455,0,0.9987,2.519 9.75:0.0003668,0,0.9978,4.98 11.25:0.0005515,0,1.0003,0.04501
380.000	5037.62262	10.4893513	0	0.0705586899	5048.18253043	-3.603e-16	17927	17.277	14.700	17.789	0.002	0.0000	0.8456	0.5274	0.8500	0.9948	1.64992	1.64944	0.0000	0.0000	0.0000	-0.0033888	-0.00093936	-0.00075666	0	0	0
# CONV t=380.00 cond=0 evap=0 rough=0 back_s=0
# LEDGER t=380.000 mode=3 sum_err=0 max|E-iEu|=1.110e-16 run_max_diff=0.000e+00 run_max_sum_err=0 steps=19000 E0_int=5048182530434780 sum=5048182530434780
# NETG t=380.00 gates min=0.0000 mean=0.4626 edges=12
# LUMP t=380.00 n=5 Emfree=10.4894 | m=5.12101 x=16.56 y=16.06 z=16.84 rg=2.11 | m=2.63553 x=18.94 y=13.10 z=19.05 rg=1.17 | m=0.865395 x=15.21 y=13.58 z=19.25 rg=0.00 | m=0.849038 x=20.20 y=14.84 z=17.21 rg=0.00 | m=0.811172 x=16.31 y=12.50 z=19.84 rg=0.00
# RAD t=380.00 0.75:-2.367e-06,0,1.0005,0.0004249 2.25:-5.1e-07,0,1.0005,0.0006109 3.75:1.513e-05,0,1.0005,0.00661 5.25:7.884e-05,0,1.0005,0.007636 6.75:0.0001706,0,0.9979,2.664 8.25:0.0003235,0,0.9986,2.578 9.75:0.0003881,0,0.9978,5.11 11.25:0.0004726,0,1.0003,0.04362
390.000	5037.62262	9.89556004	0	0.66434995	5048.18253043	-5.405e-16	17927	17.314	14.676	17.811	0.002	0.0000	0.8456	0.5391	0.8500	0.9948	1.64990	1.64944	0.0000	0.0000	0.0000	-0.0041046	-0.0030884	0.00035586	0	0	0
# CONV t=390.00 cond=0 evap=0 rough=0 back_s=0
# LEDGER t=390.000 mode=3 sum_err=0 max|E-iEu|=1.110e-16 run_max_diff=0.000e+00 run_max_sum_err=0 steps=19500 E0_int=5048182530434780 sum=5048182530434780
# NETG t=390.00 gates min=0.0000 mean=0.5201 edges=12
# LUMP t=390.00 n=5 Emfree=9.89556 | m=4.71111 x=16.64 y=16.06 z=16.87 rg=2.14 | m=2.45091 x=18.95 y=13.11 z=19.04 rg=1.18 | m=0.865013 x=15.21 y=13.58 z=19.25 rg=0.00 | m=0.848326 x=20.20 y=14.84 z=17.21 rg=0.00 | m=0.810314 x=16.31 y=12.50 z=19.84 rg=0.00
# RAD t=390.00 0.75:5.95e-07,0,1.0005,0.0006731 2.25:2.398e-06,0,1.0005,0.001058 3.75:1.234e-05,0,1.0005,0.008088 5.25:6.827e-05,0,1.0005,0.008662 6.75:0.0001593,0,0.9979,2.347 8.25:0.0003584,0,0.9986,2.482 9.75:0.0003662,0,0.9978,4.923 11.25:0.0004742,0,1.0003,0.04098
400.000	5037.62262	10.3390276	0	0.220882377	5048.18253043	-5.405e-16	17927	17.271	14.681	17.790	0.002	0.0000	0.8456	0.54777	0.8500	0.9948	1.64984	1.64944	0.0000	0.0000	0.0000	-0.0017037	0.00052054	-0.0014395	0	0	0
# CONV t=400.00 cond=0 evap=0 rough=0 back_s=0
# LEDGER t=400.000 mode=3 sum_err=0 max|E-iEu|=1.110e-16 run_max_diff=0.000e+00 run_max_sum_err=0 steps=20000 E0_int=5048182530434780 sum=5048182530434780
# NETG t=400.00 gates min=0.0000 mean=0.5656 edges=12
# LUMP t=400.00 n=5 Emfree=10.339 | m=4.99765 x=16.57 y=16.06 z=16.85 rg=2.12 | m=2.58192 x=18.94 y=13.11 z=19.04 rg=1.17 | m=0.864656 x=15.21 y=13.58 z=19.25 rg=0.00 | m=0.847612 x=20.20 y=14.84 z=17.21 rg=0.00 | m=0.80953 x=16.31 y=12.50 z=19.84 rg=0.00
# RAD t=400.00 0.75:2.859e-06,0,1.0005,0.001312 2.25:5.676e-06,0,1.0005,0.002489 3.75:1.323e-05,0,1.0005,0.00854 5.25:6.675e-05,0,1.0005,0.01085 6.75:0.0001708,0,0.9979,2.585 8.25:0.0003158,0,0.9986,2.534 9.75:0.0003665,0,0.9978,5.057 11.25:0.0003977,0,1.0003,0.04731
410.000	5037.62262	9.72657519	0	0.833334803	5048.18253043	-3.603e-16	17927	17.322	14.665	17.821	0.002	0.0000	0.8456	0.55742	0.8500	0.9948	1.64979	1.64944	0.0000	0.0000	0.0000	-0.0045462	-0.0012844	0.00024127	0	0	0
# CONV t=410.00 cond=0 evap=0 rough=0 back_s=0
# LEDGER t=410.000 mode=3 sum_err=0 max|E-iEu|=1.110e-16 run_max_diff=0.000e+00 run_max_sum_err=0 steps=20500 E0_int=5048182530434780 sum=5048182530434780
# NETG t=410.00 gates min=0.0000 mean=0.5465 edges=12
# LUMP t=410.00 n=5 Emfree=9.72658 | m=4.58904 x=16.67 y=16.06 z=16.87 rg=2.15 | m=2.40245 x=18.95 y=13.11 z=19.03 rg=1.18 | m=0.863996 x=15.21 y=13.58 z=19.25 rg=0.00 | m=0.847114 x=20.20 y=14.84 z=17.21 rg=0.00 | m=0.808768 x=16.31 y=12.50 z=19.84 rg=0.00
# RAD t=410.00 0.75:8.606e-06,0,1.0005,0.002405 2.25:1.11e-05,0,1.0005,0.002059 3.75:1.879e-05,0,1.0005,0.006491 5.25:6.347e-05,0,1.0005,0.008312 6.75:0.0001758,0,0.9979,2.257 8.25:0.0003083,0,0.9986,2.445 9.75:0.0003396,0,0.9978,4.87 11.25:0.0004259,0,1.0003,0.04311
420.000	5037.62262	10.1643018	0	0.39560815	5048.18253043	-3.603e-16	17927	17.275	14.676	17.792	0.003	0.0000	0.8456	0.56672	0.8500	0.9948	1.64971	1.64944	0.0000	0.0000	0.0000	-0.0026769	-0.00093894	-0.00070813	0	0	0
# CONV t=420.00 cond=0 evap=0 rough=0 back_s=0
# LEDGER t=420.000 mode=3 sum_err=0 max|E-iEu|=1.110e-16 run_max_diff=0.000e+00 run_max_sum_err=0 steps=21000 E0_int=5048182530434780 sum=5048182530434780
# NETG t=420.00 gates min=0.0000 mean=0.4936 edges=12
# LUMP t=420.00 n=5 Emfree=10.1643 | m=4.87655 x=16.60 y=16.06 z=16.86 rg=2.13 | m=2.52897 x=18.94 y=13.11 z=19.04 rg=1.18 | m=0.863612 x=15.21 y=13.58 z=19.25 rg=0.00 | m=0.846381 x=20.20 y=14.84 z=17.21 rg=0.00 | m=0.807769 x=16.31 y=12.50 z=19.84 rg=0.00
# RAD t=420.00 0.75:1.844e-05,0,1.0005,0.004265 2.25:1.689e-05,0,1.0005,0.002913 3.75:2.294e-05,0,1.0005,0.006479 5.25:5.963e-05,0,1.0005,0.01107 6.75:0.0001824,0,0.9979,2.491 8.25:0.0002758,0,0.9986,2.506 9.75:0.000344,0,0.9978,4.999 11.25:0.0004061,0,1.0003,0.04706
430.000	5037.62262	9.5557295	0	1.00418049	5048.18253043	-3.603e-16	17927	17.323	14.656	17.825	0.002	0.0000	0.8456	0.57538	0.8500	0.9948	1.64963	1.64944	0.0000	0.0000	0.0000	-0.0053821	-0.0020426	-0.00054325	0	0	0
# CONV t=430.00 cond=0 evap=0 rough=0 back_s=0
# LEDGER t=430.000 mode=3 sum_err=0 max|E-iEu|=1.110e-16 run_max_diff=0.000e+00 run_max_sum_err=0 steps=21500 E0_int=5048182530434780 sum=5048182530434780
# NETG t=430.00 gates min=0.0000 mean=0.4674 edges=12
# LUMP t=430.00 n=5 Emfree=9.55573 | m=4.4713 x=16.69 y=16.07 z=16.88 rg=2.15 | m=2.34711 x=18.95 y=13.12 z=19.03 rg=1.19 | m=0.863191 x=15.21 y=13.58 z=19.25 rg=0.00 | m=0.845645 x=20.20 y=14.84 z=17.21 rg=0.00 | m=0.806974 x=16.31 y=12.50 z=19.84 rg=0.00
# RAD t=430.00 0.75:2.743e-05,0,1.0004,0.006013 2.25:2.44e-05,0,1.0005,0.00221 3.75:2.652e-05,0,1.0005,0.002906 5.25:5.684e-05,0,1.0005,0.008632 6.75:0.0001859,0,0.9979,2.169 8.25:0.0002387,0,0.9986,2.423 9.75:0.0003619,0,0.9978,4.803 11.25:0.0003894,0,1.0003,0.04481
440.000	5037.62262	9.98385462	0	0.576055369	5048.18253043	-5.405e-16	17927	17.279	14.669	17.799	0.003	0.0000	0.8456	0.58439	0.8500	0.9948	1.64958	1.64944	0.0000	0.0000	0.0000	-0.0027023	-0.00022695	-0.00091083	0	0	0
# CONV t=440.00 cond=0 evap=0 rough=0 back_s=0
# LEDGER t=440.000 mode=3 sum_err=0 max|E-iEu|=1.110e-16 run_max_diff=0.000e+00 run_max_sum_err=0 steps=22000 E0_int=5048182530434780 sum=5048182530434780
# NETG t=440.00 gates min=0.0000 mean=0.4725 edges=12
# LUMP t=440.00 n=5 Emfree=9.98385 | m=4.75095 x=16.62 y=16.06 z=16.86 rg=2.13 | m=2.47588 x=18.94 y=13.11 z=19.04 rg=1.18 | m=0.862513 x=15.21 y=13.58 z=19.25 rg=0.00 | m=0.845162 x=20.20 y=14.84 z=17.21 rg=0.00 | m=0.806151 x=16.31 y=12.50 z=19.84 rg=0.00
# RAD t=440.00 0.75:2.918e-05,0,1.0003,0.007352 2.25:2.953e-05,0,1.0005,0.002574 3.75:2.846e-05,0,1.0005,0.002945 5.25:5.691e-05,0,1.0005,0.01065 6.75:0.0001737,0,0.9979,2.395 8.25:0.0002435,0,0.9986,2.483 9.75:0.0003702,0,0.9978,4.933 11.25:0.0003581,0,1.0003,0.0496
450.000	5037.62262	10.4197643	0	0.140145646	5048.18253043	-3.603e-16	17927	17.243	14.681	17.781	0.003	0.0000	0.8456	0.58891	0.8500	0.9948	1.64955	1.64944	0.0000	0.0000	0.0000	-0.0002578	3.8551e-05	0.00062561	0	0	0
# CONV t=450.00 cond=0 evap=0 rough=0 back_s=0
# LEDGER t=450.000 mode=3 sum_err=0 max|E-iEu|=1.110e-16 run_max_diff=0.000e+00 run_max_sum_err=0 steps=22500 E0_int=5048182530434780 sum=5048182530434780
# NETG t=450.00 gates min=0.0000 mean=0.5179 edges=12
# LUMP t=450.00 n=5 Emfree=10.4198 | m=5.0356 x=16.55 y=16.06 z=16.85 rg=2.11 | m=2.61055 x=18.94 y=13.10 z=19.05 rg=1.17 | m=0.862069 x=15.21 y=13.58 z=19.25 rg=0.00 | m=0.844451 x=20.20 y=14.84 z=17.21 rg=0.00 | m=0.80523 x=16.31 y=12.50 z=19.84 rg=0.00
# RAD t=450.00 0.75:2.515e-05,0,1.0002,0.008091 2.25:3.109e-05,0,1.0005,0.002773 3.75:3.111e-05,0,1.0005,0.002932 5.25:6.398e-05,0,1.0005,0.01236 6.75:0.0001796,0,0.9979,2.639 8.25:0.0001608,0,0.9986,2.53 9.75:0.000403,0,0.9978,5.07 11.25:0.0002733,0,1.0003,0.05248
460.000	5037.62262	9.75434522	0	0.80556477	5048.18253043	-5.405e-16	17927	17.289	14.651	17.811	0.003	0.0000	0.8456	0.59284	0.8500	0.9948	1.64955	1.64944	0.0000	0.0000	0.0000	-0.0011573	-0.00022668	0.0001383	0	0	0
# CONV t=460.00 cond=0 evap=0 rough=0 back_s=0
# LEDGER t=460.000 mode=3 sum_err=0 max|E-iEu|=1.110e-16 run_max_diff=0.000e+00 run_max_sum_err=0 steps=23000 E0_int=5048182530434780 sum=5048182530434780
# NETG t=460.00 gates min=0.0000 mean=0.5509 edges=12
# LUMP t=460.00 n=5 Emfree=9.75435 | m=4.57532 x=16.64 y=16.06 z=16.87 rg=2.15 | m=2.42296 x=18.95 y=13.11 z=19.04 rg=1.18 | m=0.861603 x=15.21 y=13.58 z=19.25 rg=0.00 | m=0.843766 x=20.20 y=14.84 z=17.21 rg=0.00 | m=0.804354 x=16.31 y=12.50 z=19.84 rg=0.00
# RAD t=460.00 0.75:1.635e-05,0,1.0002,0.007986 2.25:2.897e-05,0,1.0005,0.002991 3.75:3.398e-05,0,1.0005,0.002836 5.25:7.896e-05,0,1.0005,0.009823 6.75:0.0001786,0,0.9979,2.287 8.25:0.0001123,0,0.9986,2.419 9.75:0.0003665,0,0.9978,4.873 11.25:0.0002944,0,1.0003,0.04851
470.000	5037.62262	10.2463506	0	0.313559347	5048.18253043	-3.603e-16	17927	17.247	14.672	17.777	0.003	0.0000	0.8456	0.59735	0.8500	0.9948	1.64960	1.64944	0.0000	0.0000	0.0000	0.00029778	-0.0011645	0.00019446	0	0	0
# CONV t=470.00 cond=0 evap=0 rough=0 back_s=0
# LEDGER t=470.000 mode=3 sum_err=0 max|E-iEu|=1.110e-16 run_max_diff=0.000e+00 run_max_sum_err=0 steps=23500 E0_int=5048182530434780 sum=5048182530434780
# NETG t=470.00 gates min=0.0000 mean=0.5746 edges=12
# LUMP t=470.00 n=5 Emfree=10.2464 | m=4.90383 x=16.58 y=16.06 z=16.85 rg=2.12 | m=2.55731 x=18.94 y=13.11 z=19.04 rg=1.17 | m=0.86094 x=15.21 y=13.58 z=19.25 rg=0.00 | m=0.843297 x=20.20 y=14.84 z=17.21 rg=0.00 | m=0.803498 x=16.31 y=12.50 z=19.84 rg=0.00
# RAD t=470.00 0.75:-4.717e-06,0,1.0002,0.004754 2.25:2.424e-05,0,1.0005,0.005143 3.75:4.07e-05,0,1.0005,0.003992 5.25:9.418e-05,0,1.0004,0.01303 6.75:0.0001809,0,0.9979,2.527 8.25:0.0001044,0,0.9986,2.504 9.75:0.00034,0,0.9978,5.026 11.25:0.0002434,0,1.0003,0.05403
480.000	5037.62262	9.54904177	0	1.01086822	5048.18253043	-3.603e-16	17927	17.309	14.646	17.820	0.002	0.0000	0.8456	0.60391	0.8500	0.9948	1.64968	1.64944	0.0000	0.0000	0.0000	-0.0028001	0.0010171	-0.0018426	0	0	0
# CONV t=480.00 cond=0 evap=0 rough=0 back_s=0
# LEDGER t=480.000 mode=3 sum_err=0 max|E-iEu|=1.110e-16 run_max_diff=0.000e+00 run_max_sum_err=0 steps=24000 E0_int=5048182530434780 sum=5048182530434780
# NETG t=480.00 gates min=0.0000 mean=0.5585 edges=12
# LUMP t=480.00 n=5 Emfree=9.54904 | m=4.42672 x=16.69 y=16.07 z=16.87 rg=2.15 | m=2.37373 x=18.95 y=13.11 z=19.03 rg=1.18 | m=0.86049 x=15.21 y=13.58 z=19.25 rg=0.00 | m=0.842595 x=20.20 y=14.84 z=17.21 rg=0.00 | m=0.802647 x=16.31 y=12.50 z=19.84 rg=0.00
# RAD t=480.00 0.75:-5.679e-05,0,1.0003,0.0006249 2.25:2.309e-05,0,1.0005,0.005959 3.75:4.725e-05,0,1.0005,0.003351 5.25:0.0001048,0,1.0004,0.008923 6.75:0.0001693,0,0.9979,2.145 8.25:0.0001764,0,0.9986,2.419 9.75:0.0002967,0,0.9978,4.808 11.25:0.0002585,0,1.0003,0.05468
490.000	5037.62262	10.0514495	0	0.508460472	5048.18253043	-5.405e-16	17928	17.257	14.672	17.783	0.002	0.0000	0.8456	0.61283	0.8500	0.9948	1.64975	1.64944	0.0000	0.0000	0.0000	-0.0037991	-0.00045422	-0.00031509	0	0	0
# CONV t=490.00 cond=0 evap=0 rough=0 back_s=0
# LEDGER t=490.000 mode=3 sum_err=0 max|E-iEu|=1.110e-16 run_max_diff=0.000e+00 run_max_sum_err=0 steps=24500 E0_int=5048182530434780 sum=5048182530434780
# NETG t=490.00 gates min=0.0000 mean=0.4881 edges=12
# LUMP t=490.00 n=5 Emfree=10.0514 | m=4.77417 x=16.61 y=16.07 z=16.85 rg=2.12 | m=2.50332 x=18.94 y=13.11 z=19.04 rg=1.18 | m=0.859967 x=15.21 y=13.58 z=19.25 rg=0.00 | m=0.841917 x=20.20 y=14.84 z=17.21 rg=0.00 | m=0.801671 x=16.31 y=12.50 z=19.84 rg=0.00
# RAD t=490.00 0.75:-3.029e-05,0,1.0004,0.001277 2.25:-8.501e-06,0,1.0005,0.005963 3.75:4.722e-05,0,1.0005,0.005494 5.25:0.0001074,0,1.0004,0.01026 6.75:0.0001558,0,0.9979,2.411 8.25:0.0002507,0,0.9986,2.504 9.75:0.0002681,0,0.9978,4.942 11.25:0.0002694,0,1.0003,0.05534
500.000	5037.62262	9.41063087	0	1.14927912	5048.18253043	-5.405e-16	17928	17.311	14.648	17.823	0.002	0.0000	0.8456	0.62313	0.8500	0.9948	1.64972	1.64944	0.0000	0.0000	0.0000	-0.0088476	-0.001039	-0.0021122	0	0	0
# CONV t=500.00 cond=0 evap=0 rough=0 back_s=0
# LEDGER t=500.000 mode=3 sum_err=0 max|E-iEu|=1.110e-16 run_max_diff=0.000e+00 run_max_sum_err=0 steps=25000 E0_int=5048182530434780 sum=5048182530434780
# NETG t=500.00 gates min=0.0000 mean=0.4372 edges=12
# LUMP t=500.00 n=5 Emfree=9.41063 | m=4.34567 x=16.71 y=16.08 z=16.87 rg=2.15 | m=2.32021 x=18.95 y=13.12 z=19.03 rg=1.19 | m=0.859335 x=15.21 y=13.58 z=19.25 rg=0.00 | m=0.841451 x=20.20 y=14.84 z=17.21 rg=0.00 | m=0.800861 x=16.31 y=12.50 z=19.84 rg=0.00
# RAD t=500.00 0.75:-1.32e-05,0,1.0004,0.001582 2.25:-8.947e-06,0,1.0004,0.003256 3.75:3.622e-05,0,1.0005,0.002666 5.25:9.339e-05,0,1.0004,0.007195 6.75:0.0001557,0,0.9979,2.067 8.25:0.0002725,0,0.9986,2.42 9.75:0.000263,0,0.9978,4.74 11.25:0.0002406,0,1.0003,0.05322
510.000	5037.62262	9.88903898	0	0.670871014	5048.18253043	-3.603e-16	17928	17.252	14.667	17.787	0.002	0.0000	0.8456	0.6344	0.8500	0.9948	1.64969	1.64944	0.0000	0.0000	0.0000	-0.005484	-0.0024616	-0.00064388	0	0	0
# CONV t=510.00 cond=0 evap=0 rough=0 back_s=0
# LEDGER t=510.000 mode=3 sum_err=0 max|E-iEu|=1.110e-16 run_max_diff=0.000e+00 run_max_sum_err=0 steps=25500 E0_int=5048182530434780 sum=5048182530434780
# NETG t=510.00 gates min=0.0000 mean=0.4170 edges=12
# LUMP t=510.00 n=5 Emfree=9.88904 | m=4.66825 x=16.62 y=16.07 z=16.86 rg=2.13 | m=2.44954 x=18.95 y=13.11 z=19.04 rg=1.18 | m=0.858898 x=15.21 y=13.58 z=19.25 rg=0.00 | m=0.840754 x=20.20 y=14.84 z=17.21 rg=0.00 | m=0.800074 x=16.31 y=12.50 z=19.84 rg=0.00
# RAD t=510.00 0.75:-6.892e-06,0,1.0004,0.002311 2.25:1.101e-06,0,1.0004,0.005194 3.75:2.877e-05,0,1.0005,0.004503 5.25:8.131e-05,0,1.0004,0.00959 6.75:0.0001404,0,0.9979,2.339 8.25:0.0003319,0,0.9986,2.479 9.75:0.0002227,0,0.9978,4.87 11.25:0.0002711,0,1.0003,0.05945
520.000	5037.62262	10.3614387	0	0.198471293	5048.18253043	-5.405e-16	17928	17.205	14.675	17.768	0.003	0.0000	0.8456	0.64053	0.8500	0.9948	1.64964	1.64943	0.0000	0.0000	0.0000	-0.003472	0.000447	-0.00016587	0	0	0
# CONV t=520.00 cond=0 evap=0 rough=0 back_s=0
# LEDGER t=520.000 mode=3 sum_err=0 max|E-iEu|=1.110e-16 run_max_diff=0.000e+00 run_max_sum_err=0 steps=26000 E0_int=5048182530434780 sum=5048182530434780
# NETG t=520.00 gates min=0.0000 mean=0.4244 edges=12
# LUMP t=520.00 n=5 Emfree=10.3614 | m=4.9823 x=16.54 y=16.06 z=16.85 rg=2.11 | m=2.58552 x=18.94 y=13.11 z=19.05 rg=1.17 | m=0.858333 x=15.21 y=13.58 z=19.25 rg=0.00 | m=0.840059 x=20.20 y=14.84 z=17.21 rg=0.00 | m=0.799217 x=16.31 y=12.50 z=19.84 rg=0.00
# RAD t=520.00 0.75:-4.606e-06,0,1.0004,0.002853 2.25:8.431e-06,0,1.0004,0.006639 3.75:3.072e-05,0,1.0005,0.003474 5.25:6.988e-05,0,1.0004,0.01238 6.75:0.0001402,0,0.9979,2.615 8.25:0.0002862,0,0.9986,2.528 9.75:0.0002171,0,0.9978,5.005 11.25:0.0002267,0,1.0003,0.06621
530.000	5037.62262	9.71129156	0	0.848618431	5048.18253043	-3.603e-16	17928	17.252	14.655	17.795	0.002	0.0000	0.8456	0.64792	0.8500	0.9948	1.64957	1.64943	0.0000	0.0000	0.0000	-0.0063223	-0.0023569	-0.0011424	0	0	0
# CONV t=530.00 cond=0 evap=0 rough=0 back_s=0
# LEDGER t=530.000 mode=3 sum_err=0 max|E-iEu|=1.110e-16 run_max_diff=0.000e+00 run_max_sum_err=0 steps=26500 E0_int=5048182530434780 sum=5048182530434780
# NETG t=530.00 gates min=0.0000 mean=0.4656 edges=12
# LUMP t=530.00 n=5 Emfree=9.71129 | m=4.53975 x=16.65 y=16.07 z=16.87 rg=2.14 | m=2.40145 x=18.95 y=13.11 z=19.04 rg=1.18 | m=0.85775 x=15.21 y=13.58 z=19.25 rg=0.00 | m=0.839548 x=20.20 y=14.84 z=17.21 rg=0.00 | m=0.798347 x=16.31 y=12.50 z=19.84 rg=0.00
# RAD t=530.00 0.75:-3.741e-06,0,1.0004,0.002876 2.25:1.514e-05,0,1.0004,0.007771 3.75:3.358e-05,0,1.0005,0.003977 5.25:6.683e-05,0,1.0004,0.007296 6.75:0.0001326,0,0.9979,2.242 8.25:0.0002801,0,0.9986,2.447 9.75:0.0001945,0,0.9978,4.816 11.25:0.0002505,0,1.0003,0.06369
540.000	5037.62262	10.1819711	0	0.377938898	5048.18253043	-5.405e-16	17928	17.200	14.665	17.763	0.003	0.0000	0.8456	0.65443	0.8500	0.9948	1.64949	1.64943	0.0000	0.0000	0.0000	-0.0033095	-0.00035372	-0.0030412	0	0	0
# CONV t=540.00 cond=0 evap=0 rough=0 back_s=0
# LEDGER t=540.000 mode=3 sum_err=0 max|E-iEu|=1.110e-16 run_max_diff=0.000e+00 run_max_sum_err=0 steps=27000 E0_int=5048182530434780 sum=5048182530434780
# NETG t=540.00 gates min=0.0000 mean=0.5496 edges=12
# LUMP t=540.00 n=5 Emfree=10.182 | m=4.85048 x=16.57 y=16.06 z=16.85 rg=2.12 | m=2.53157 x=18.94 y=13.11 z=19.04 rg=1.17 | m=0.857282 x=15.21 y=13.58 z=19.25 rg=0.00 | m=0.838844 x=20.20 y=14.84 z=17.21 rg=0.00 | m=0.79751 x=16.31 y=12.50 z=19.84 rg=0.00
# RAD t=540.00 0.75:-1.879e-06,0,1.0004,0.003406 2.25:2.511e-05,0,1.0004,0.009457 3.75:2.862e-05,0,1.0005,0.004805 5.25:6.749e-05,0,1.0004,0.0103 6.75:0.0001415,0,0.9978,2.51 8.25:0.0002352,0,0.9986,2.498 9.75:0.0002005,0,0.9978,4.946 11.25:0.0002164,0,1.0003,0.07037
550.000	5037.62262	9.54107591	0	1.01883408	5048.18253043	-5.405e-16	17928	17.255	14.643	17.796	0.002	0.0000	0.8455	0.65984	0.8500	0.9948	1.64951	1.64943	0.0000	0.0000	0.0000	-0.0054639	-0.0018073	-0.004628	0	0	0
# CONV t=550.00 cond=0 evap=0 rough=0 back_s=0
# LEDGER t=550.000 mode=3 sum_err=0 max|E-iEu|=1.110e-16 run_max_diff=0.000e+00 run_max_sum_err=0 steps=27500 E0_int=5048182530434780 sum=5048182530434780
# NETG t=550.00 gates min=0.0000 mean=0.5959 edges=12
# LUMP t=550.00 n=5 Emfree=9.54108 | m=4.42279 x=16.68 y=16.07 z=16.87 rg=2.15 | m=2.35147 x=18.95 y=13.12 z=19.03 rg=1.18 | m=0.856633 x=15.21 y=13.58 z=19.25 rg=0.00 | m=0.838143 x=20.20 y=14.84 z=17.21 rg=0.00 | m=0.796638 x=16.31 y=12.50 z=19.84 rg=0.00
# RAD t=550.00 0.75:4.495e-07,0,1.0004,0.003424 2.25:2.054e-05,0,1.0004,0.007044 3.75:3.063e-05,0,1.0005,0.004782 5.25:7.058e-05,0,1.0004,0.006467 6.75:0.0001418,0,0.9978,2.143 8.25:0.0002209,0,0.9986,2.427 9.75:0.0002064,0,0.9978,4.76 11.25:0.0001951,0,1.0003,0.06508
560.000	5037.62262	10.002753	0	0.557157021	5048.18253043	-3.603e-16	17928	17.204	14.656	17.762	0.003	0.0000	0.8455	0.6653	0.8500	0.9948	1.64959	1.64943	0.0000	0.0000	0.0000	-0.0018395	0.00030834	-0.0029822	0	0	0
# CONV t=560.00 cond=0 evap=0 rough=0 back_s=0
# LEDGER t=560.000 mode=3 sum_err=0 max|E-iEu|=1.110e-16 run_max_diff=0.000e+00 run_max_sum_err=0 steps=28000 E0_int=5048182530434780 sum=5048182530434780
# NETG t=560.00 gates min=0.0000 mean=0.5610 edges=12
# LUMP t=560.00 n=5 Emfree=10.0028 | m=4.72535 x=16.60 y=16.06 z=16.86 rg=2.13 | m=2.48209 x=18.95 y=13.11 z=19.04 rg=1.18 | m=0.856067 x=15.21 y=13.58 z=19.25 rg=0.00 | m=0.837631 x=20.20 y=14.84 z=17.21 rg=0.00 | m=0.79569 x=16.31 y=12.50 z=19.84 rg=0.00
# RAD t=560.00 0.75:2.22e-06,0,1.0003,0.003844 2.25:1.224e-05,0,1.0004,0.005074 3.75:2.605e-05,0,1.0004,0.009535 5.25:7.715e-05,0,1.0004,0.009045 6.75:0.0001366,0,0.9978,2.402 8.25:0.0002355,0,0.9986,2.477 9.75:0.0001946,0,0.9978,4.892 11.25:0.0002175,0,1.0003,0.06765
570.000	5037.62262	10.4509873	0	0.108922661	5048.18253043	-5.405e-16	17929	17.171	14.675	17.746	0.002	0.0000	0.8455	0.67046	0.8500	0.9948	1.64963	1.64943	0.0000	0.0000	0.0000	-0.0021241	-0.0022083	-0.004057	0	0	0
# CONV t=570.00 cond=0 evap=0 rough=0 back_s=0
# LEDGER t=570.000 mode=3 sum_err=0 max|E-iEu|=1.110e-16 run_max_diff=0.000e+00 run_max_sum_err=0 steps=28500 E0_int=5048182530434780 sum=5048182530434780
# NETG t=570.00 gates min=0.0000 mean=0.5370 edges=12
# LUMP t=570.00 n=5 Emfree=10.451 | m=5.04803 x=16.52 y=16.05 z=16.84 rg=2.10 | m=2.61274 x=18.94 y=13.10 z=19.05 rg=1.17 | m=0.855661 x=15.21 y=13.58 z=19.25 rg=0.00 | m=0.836925 x=20.20 y=14.84 z=17.21 rg=0.00 | m=0.794838 x=16.31 y=12.50 z=19.84 rg=0.00
# RAD t=570.00 0.75:3.061e-06,0,1.0003,0.004137 2.25:4.478e-06,0,1.0004,0.003806 3.75:2.043e-05,0,1.0004,0.008557 5.25:8.326e-05,0,1.0004,0.008059 6.75:0.0001479,0,0.9978,2.68 8.25:0.0001819,0,0.9986,2.523 9.75:0.0002127,0,0.9978,5.022 11.25:0.0001625,0,1.0003,0.06818
580.000	5037.62262	9.8194986	0	0.740411388	5048.18253043	-5.405e-16	17930	17.214	14.649	17.764	0.003	0.0000	0.8455	0.67887	0.8500	0.9948	1.64963	1.64943	0.0000	0.0000	0.0000	-0.00064099	0.00035454	-0.0020958	0	0	0
# CONV t=580.00 cond=0 evap=0 rough=0 back_s=0
# LEDGER t=580.000 mode=3 sum_err=0 max|E-iEu|=1.110e-16 run_max_diff=0.000e+00 run_max_sum_err=0 steps=29000 E0_int=5048182530434780 sum=5048182530434780
# NETG t=580.00 gates min=0.0000 mean=0.5950 edges=12
# LUMP t=580.00 n=5 Emfree=9.8195 | m=4.59552 x=16.63 y=16.06 z=16.86 rg=2.14 | m=2.4322 x=18.95 y=13.11 z=19.04 rg=1.18 | m=0.855054 x=15.21 y=13.58 z=19.25 rg=0.00 | m=0.836174 x=20.20 y=14.84 z=17.21 rg=0.00 | m=0.793986 x=16.31 y=12.50 z=19.84 rg=0.00
# RAD t=580.00 0.75:2.774e-06,0,1.0003,0.004586 2.25:5.724e-06,0,1.0004,0.003313 3.75:1.747e-05,0,1.0004,0.008346 5.25:8.136e-05,0,1.0004,0.008176 6.75:0.0001436,0,0.9978,2.302 8.25:0.0001998,0,0.9986,2.443 9.75:0.0001867,0,0.9978,4.839 11.25:0.0002044,0,1.0003,0.06885
590.000	5037.62262	10.299476	0	0.260433983	5048.18253043	-3.603e-16	17930	17.164	14.661	17.725	0.003	0.0000	0.8455	0.68146	0.8500	0.9948	1.64965	1.64943	0.0000	0.0000	0.0000	0.0047204	-0.0015766	-0.0020705	0	0	0
# CONV t=590.00 cond=0 evap=0 rough=0 back_s=0
# LEDGER t=590.000 mode=3 sum_err=0 max|E-iEu|=1.110e-16 run_max_diff=0.000e+00 run_max_sum_err=0 steps=29500 E0_int=5048182530434780 sum=5048182530434780
# NETG t=590.00 gates min=0.0000 mean=0.6393 edges=12
# LUMP t=590.00 n=5 Emfree=10.2995 | m=4.90539 x=16.55 y=16.05 z=16.85 rg=2.12 | m=2.56097 x=18.94 y=13.11 z=19.04 rg=1.17 | m=0.854492 x=15.21 y=13.58 z=19.25 rg=0.00 | m=0.835587 x=20.20 y=14.84 z=17.21 rg=0.00 | m=0.793067 x=16.31 y=12.50 z=19.84 rg=0.00
# RAD t=590.00 0.75:2.955e-06,0,1.0002,0.005051 2.25:8.545e-06,0,1.0004,0.00352 3.75:1.418e-05,0,1.0004,0.009252 5.25:7.185e-05,0,1.0004,0.01363 6.75:0.0001725,0,0.9978,2.575 8.25:6.685e-05,0,0.9986,2.476 9.75:0.0001994,0,0.9978,4.992 11.25:0.0001582,0,1.0003,0.07319
600.000	5037.62262	9.61037206	0	0.949537927	5048.18253043	-3.603e-16	17930	17.231	14.633	17.766	0.002	0.0000	0.8455	0.68318	0.8500	0.9948	1.64968	1.64943	0.0000	0.0000	0.0000	0.0027372	0.00073879	-0.0041151	0	0	0
# CONV t=600.00 cond=0 evap=0 rough=0 back_s=0
# LEDGER t=600.000 mode=3 sum_err=0 max|E-iEu|=1.110e-16 run_max_diff=0.000e+00 run_max_sum_err=0 steps=30000 E0_int=5048182530434780 sum=5048182530434780
# NETG t=600.00 gates min=0.0000 mean=0.5828 edges=12
# LUMP t=600.00 n=5 Emfree=9.61037 | m=4.43159 x=16.66 y=16.06 z=16.88 rg=2.15 | m=2.38726 x=18.95 y=13.12 z=19.03 rg=1.18 | m=0.85404 x=15.21 y=13.58 z=19.25 rg=0.00 | m=0.834868 x=20.20 y=14.84 z=17.21 rg=0.00 | m=0.792159 x=16.31 y=12.50 z=19.84 rg=0.00
# RAD t=600.00 0.75:3.45e-06,0,1.0002,0.00522 2.25:8.608e-06,0,1.0004,0.001741 3.75:1.226e-05,0,1.0004,0.006955 5.25:7.142e-05,0,1.0004,0.007094 6.75:0.0001698,0,0.9978,2.181 8.25:4.636e-05,0,0.9986,2.398 9.75:0.0001722,0,0.9978,4.792 11.25:0.0001804,0,1.0003,0.06643
610.000	5037.62262	10.0963284	0	0.463581627	5048.18253043	-3.603e-16	17931	17.185	14.654	17.720	0.003	0.0000	0.8455	0.68848	0.8500	0.9948	1.64971	1.64943	0.0000	0.0000	0.0000	-0.0010094	-0.001209	-0.0053873	0	0	0
# CONV t=610.00 cond=0 evap=0 rough=0 back_s=0
# LEDGER t=610.000 mode=3 sum_err=0 max|E-iEu|=1.110e-16 run_max_diff=0.000e+00 run_max_sum_err=0 steps=30500 E0_int=5048182530434780 sum=5048182530434780
# NETG t=610.00 gates min=0.0000 mean=0.5319 edges=12
# LUMP t=610.00 n=5 Emfree=10.0963 | m=4.76092 x=16.59 y=16.06 z=16.85 rg=2.12 | m=2.50797 x=18.94 y=13.11 z=19.04 rg=1.18 | m=0.853393 x=15.21 y=13.58 z=19.25 rg=0.00 | m=0.834159 x=20.20 y=14.84 z=17.21 rg=0.00 | m=0.791342 x=16.31 y=12.50 z=19.84 rg=0.00
# RAD t=610.00 0.75:3.871e-06,0,1.0002,0.005381 2.25:6.106e-06,0,1.0004,0.002121 3.75:1.473e-05,0,1.0004,0.008359 5.25:8.579e-05,0,1.0004,0.01098 6.75:0.0001416,0,0.9978,2.43 8.25:0.000125,0,0.9986,2.489 9.75:0.0001555,0,0.9978,4.918 11.25:0.0001816,0,1.0003,0.06946
620.000	5037.62262	9.43759019	0	1.1223198	5048.18253043	-3.603e-16	17931	17.252	14.635	17.755	0.002	0.0000	0.8455	0.69814	0.8500	0.9948	1.64974	1.64942	0.0000	0.0000	0.0000	-0.0029449	-0.0028486	-0.0051122	0	0	0
# CONV t=620.00 cond=0 evap=0 rough=0 back_s=0
# LEDGER t=620.000 mode=3 sum_err=0 max|E-iEu|=1.110e-16 run_max_diff=0.000e+00 run_max_sum_err=0 steps=31000 E0_int=5048182530434780 sum=5048182530434780
# NETG t=620.00 gates min=0.0000 mean=0.4677 edges=12
# LUMP t=620.00 n=5 Emfree=9.43759 | m=4.31497 x=16.71 y=16.08 z=16.87 rg=2.15 | m=2.3304 x=18.95 y=13.12 z=19.03 rg=1.19 | m=0.852839 x=15.21 y=13.58 z=19.25 rg=0.00 | m=0.83351 x=20.20 y=14.84 z=17.21 rg=0.00 | m=0.790463 x=16.31 y=12.50 z=19.84 rg=0.00
# RAD t=620.00 0.75:3.569e-06,0,1.0002,0.004253 2.25:1.948e-06,0,1.0004,0.0008497 3.75:1.845e-05,0,1.0004,0.006349 5.25:9.062e-05,0,1.0004,0.006265 6.75:0.0001252,0,0.9978,2.054 8.25:0.0001715,0,0.9986,2.418 9.75:0.0001152,0,0.9978,4.724 11.25:0.0002353,0,1.0003,0.06708
630.000	5037.62262	9.92488572	0	0.635024265	5048.18253043	-3.603e-16	17931	17.201	14.650	17.721	0.002	0.0000	0.8455	0.71045	0.8500	0.9948	1.64982	1.64942	0.0000	0.0000	0.0000	-0.0026271	-0.0025726	-0.003055	0	0	0
# CONV t=630.00 cond=0 evap=0 rough=0 back_s=0
# LEDGER t=630.000 mode=3 sum_err=0 max|E-iEu|=1.110e-16 run_max_diff=0.000e+00 run_max_sum_err=0 steps=31500 E0_int=5048182530434780 sum=5048182530434780
# NETG t=630.00 gates min=0.0000 mean=0.4374 edges=12
# LUMP t=630.00 n=5 Emfree=9.92489 | m=4.64517 x=16.61 y=16.06 z=16.86 rg=2.13 | m=2.45897 x=18.95 y=13.11 z=19.04 rg=1.18 | m=0.852401 x=15.21 y=13.58 z=19.25 rg=0.00 | m=0.832889 x=20.20 y=14.84 z=17.21 rg=0.00 | m=0.789619 x=16.31 y=12.50 z=19.84 rg=0.00
# RAD t=630.00 0.75:3.427e-06,0,1.0002,0.001932 2.25:-1.01e-05,0,1.0004,0.002688 3.75:2.066e-05,0,1.0004,0.008234 5.25:7.438e-05,0,1.0004,0.008797 6.75:0.0001124,0,0.9978,2.344 8.25:0.0002074,0,0.9986,2.471 9.75:0.0001196,0,0.9978,4.856 11.25:0.0002468,0,1.0003,0.07832
640.000	5037.62262	10.3960668	0	0.163843189	5048.18253043	-5.405e-16	17931	17.160	14.668	17.704	0.002	0.0000	0.8455	0.71757	0.8500	0.9948	1.64994	1.64942	0.0000	0.0000	0.0000	0.0023686	7.9571e-05	0.00024228	0	0	0
# CONV t=640.00 cond=0 evap=0 rough=0 back_s=0
# LEDGER t=640.000 mode=3 sum_err=0 max|E-iEu|=1.110e-16 run_max_diff=0.000e+00 run_max_sum_err=0 steps=32000 E0_int=5048182530434780 sum=5048182530434780
# NETG t=640.00 gates min=0.0000 mean=0.4252 edges=12
# LUMP t=640.00 n=5 Emfree=10.3961 | m=4.9804 x=16.52 y=16.05 z=16.84 rg=2.10 | m=2.58578 x=18.94 y=13.10 z=19.05 rg=1.17 | m=0.85175 x=15.21 y=13.58 z=19.25 rg=0.00 | m=0.832225 x=20.20 y=14.84 z=17.21 rg=0.00 | m=0.788685 x=16.31 y=12.50 z=19.84 rg=0.00
# RAD t=640.00 0.75:9.385e-07,0,1.0003,1.806e-05 2.25:-2.446e-05,0,1.0004,0.001591 3.75:1.738e-05,0,1.0004,0.007978 5.25:5.859e-05,0,1.0004,0.01132 6.75:0.0001123,0,0.9978,2.642 8.25:0.0001667,0,0.9986,2.52 9.75:0.0001562,0,0.9978,4.985 11.25:0.0001857,0,1.0003,0.08059
650.000	5037.62262	9.75475115	0	0.805158843	5048.18253043	-5.405e-16	17931	17.214	14.643	17.722	0.002	0.0000	0.8456	0.72862	0.8500	0.9948	1.64995	1.64942	0.0000	0.0000	0.0000	-0.00035239	-0.0013395	-0.0029529	0	0	0
# CONV t=650.00 cond=0 evap=0 rough=0 back_s=0
# LEDGER t=650.000 mode=3 sum_err=0 max|E-iEu|=1.110e-16 run_max_diff=0.000e+00 run_max_sum_err=0 steps=32500 E0_int=5048182530434780 sum=5048182530434780
# NETG t=650.00 gates min=0.0000 mean=0.4212 edges=12
# LUMP t=650.00 n=5 Emfree=9.75475 | m=4.53987 x=16.63 y=16.06 z=16.87 rg=2.14 | m=2.40375 x=18.95 y=13.11 z=19.04 rg=1.18 | m=0.851247 x=15.21 y=13.58 z=19.25 rg=0.00 | m=0.831509 x=20.20 y=14.84 z=17.21 rg=0.00 | m=0.787866 x=16.31 y=12.50 z=19.84 rg=0.00
# RAD t=650.00 0.75:-2.035e-06,0,1.0004,4.973e-05 2.25:-2.063e-05,0,1.0004,0.001644 3.75:6.032e-06,0,1.0004,0.008604 5.25:4.552e-05,0,1.0004,0.00632 6.75:8.756e-05,0,0.9978,2.274 8.25:0.0002334,0,0.9986,2.443 9.75:0.0001558,0,0.9978,4.795 11.25:0.0001856,0,1.0003,0.07552
660.000	5037.62262	10.2337386	0	0.326171385	5048.18253043	-3.603e-16	17931	17.164	14.652	17.691	0.002	0.0000	0.8456	0.73472	0.8500	0.9948	1.64995	1.64942	0.0000	0.0000	0.0000	-0.0016938	-0.0019906	-0.0025495	0	0	0
# CONV t=660.00 cond=0 evap=0 rough=0 back_s=0
# LEDGER t=660.000 mode=3 sum_err=0 max|E-iEu|=1.110e-16 run_max_diff=0.000e+00 run_max_sum_err=0 steps=33000 E0_int=5048182530434780 sum=5048182530434780
# NETG t=660.00 gates min=0.0000 mean=0.4467 edges=12
# LUMP t=660.00 n=5 Emfree=10.2337 | m=4.85315 x=16.55 y=16.05 z=16.85 rg=2.11 | m=2.53437 x=18.94 y=13.11 z=19.04 rg=1.17 | m=0.850872 x=15.21 y=13.58 z=19.25 rg=0.00 | m=0.830929 x=20.20 y=14.84 z=17.21 rg=0.00 | m=0.786973 x=16.31 y=12.50 z=19.84 rg=0.00
# RAD t=660.00 0.75:-2.412e-06,0,1.0004,6.543e-05 2.25:-1.242e-05,0,1.0004,0.002102 3.75:-9.645e-08,0,1.0004,0.008901 5.25:3.329e-05,0,1.0004,0.01087 6.75:9.41e-05,0,0.9978,2.546 8.25:0.0002054,0,0.9986,2.503 9.75:0.0002124,0,0.9978,4.933 11.25:9.333e-05,0,1.0003,0.07187
670.000	5037.62262	9.59436067	0	0.965549319	5048.18253043	-5.405e-16	17932	17.225	14.630	17.731	0.001	0.0000	0.8456	0.73956	0.8500	0.9948	1.64993	1.64943	0.0000	0.0000	0.0000	-0.0028668	-0.00023172	-0.002755	0	0	0
# CONV t=670.00 cond=0 evap=0 rough=0 back_s=0
# LEDGER t=670.000 mode=3 sum_err=0 max|E-iEu|=1.110e-16 run_max_diff=0.000e+00 run_max_sum_err=0 steps=33500 E0_int=5048182530434780 sum=5048182530434780
# NETG t=670.00 gates min=0.0000 mean=0.5098 edges=12
# LUMP t=670.00 n=5 Emfree=9.59436 | m=4.43293 x=16.65 y=16.06 z=16.87 rg=2.15 | m=2.3597 x=18.95 y=13.12 z=19.03 rg=1.18 | m=0.850259 x=15.21 y=13.58 z=19.25 rg=0.00 | m=0.830207 x=20.20 y=14.84 z=17.21 rg=0.00 | m=0.786187 x=16.31 y=12.50 z=19.84 rg=0.00
# RAD t=670.00 0.75:-1.927e-06,0,1.0004,4.485e-06 2.25:-6.064e-06,0,1.0004,0.001136 3.75:-9.933e-07,0,1.0004,0.005694 5.25:2.656e-05,0,1.0004,0.004954 6.75:8.329e-05,0,0.9978,2.194 8.25:0.0001974,0,0.9986,2.423 9.75:0.0002477,0,0.9978,4.75 11.25:7.018e-05,0,1.0003,0.05922
680.000	5037.62262	10.0496107	0	0.510299271	5048.18253043	-3.603e-16	17932	17.174	14.646	17.694	0.002	0.0000	0.8456	0.74291	0.8500	0.9948	1.64993	1.64942	0.0000	0.0000	0.0000	0.00024643	0.0014135	-0.0019468	0	0	0
# CONV t=680.00 cond=0 evap=0 rough=0 back_s=0
# LEDGER t=680.000 mode=3 sum_err=0 max|E-iEu|=1.110e-16 run_max_diff=0.000e+00 run_max_sum_err=0 steps=34000 E0_int=5048182530434780 sum=5048182530434780
# NETG t=680.00 gates min=0.0000 mean=0.5723 edges=12
# LUMP t=680.00 n=5 Emfree=10.0496 | m=4.72628 x=16.58 y=16.06 z=16.86 rg=2.12 | m=2.48208 x=18.94 y=13.11 z=19.04 rg=1.18 | m=0.849759 x=15.21 y=13.58 z=19.25 rg=0.00 | m=0.829418 x=20.20 y=14.84 z=17.21 rg=0.00 | m=0.785304 x=16.31 y=12.50 z=19.84 rg=0.00
# RAD t=680.00 0.75:-1.256e-06,0,1.0004,6.071e-05 2.25:-2.421e-06,0,1.0004,0.002248 3.75:9.935e-07,0,1.0004,0.006223 5.25:2.114e-05,0,1.0004,0.008466 6.75:8.911e-05,0,0.9978,2.442 8.25:0.0001619,0,0.9986,2.481 9.75:0.0002511,0,0.9978,4.878 11.25:8.47e-05,0,1.0003,0.06729
690.000	5037.62262	9.42049316	0	1.13941683	5048.18253043	-3.603e-16	17932	17.236	14.628	17.733	0.001	0.0000	0.8456	0.74263	0.8500	0.9948	1.64994	1.64942	0.0000	0.0000	0.0000	-0.014956	0.0011987	-0.0061436	0	0	0
# CONV t=690.00 cond=0 evap=0 rough=0 back_s=0
# LEDGER t=690.000 mode=3 sum_err=0 max|E-iEu|=1.110e-16 run_max_diff=0.000e+00 run_max_sum_err=0 steps=34500 E0_int=5048182530434780 sum=5048182530434780
# NETG t=690.00 gates min=0.0000 mean=0.6567 edges=12
# LUMP t=690.00 n=5 Emfree=9.42049 | m=4.31388 x=16.69 y=16.07 z=16.88 rg=2.16 | m=2.30186 x=18.95 y=13.12 z=19.03 rg=1.19 | m=0.849312 x=15.21 y=13.58 z=19.25 rg=0.00 | m=0.82886 x=20.20 y=14.84 z=17.21 rg=0.00 | m=0.784516 x=16.31 y=12.50 z=19.84 rg=0.00
# RAD t=690.00 0.75:-7.768e-07,0,1.0004,6.636e-06 2.25:-2.541e-07,0,1.0004,0.0008764 3.75:3.274e-07,0,1.0004,0.002698 5.25:1.675e-05,0,1.0004,0.004472 6.75:0.0001109,0,0.9978,2.103 8.25:8.864e-05,0,0.9986,2.377 9.75:0.000227,0,0.9978,4.715 11.25:7.9e-05,0,1.0003,0.05888
700.000	5037.62262	9.84694429	0	0.712965701	5048.18253043	-5.405e-16	17932	17.192	14.641	17.705	0.001	0.0000	0.8456	0.73938	0.8500	0.9948	1.64994	1.64942	0.0000	0.0000	0.0000	0.0080151	0.0024528	-0.00049377	0	0	0
# CONV t=700.00 cond=0 evap=0 rough=0 back_s=0
# LEDGER t=700.000 mode=3 sum_err=0 max|E-iEu|=1.110e-16 run_max_diff=0.000e+00 run_max_sum_err=0 steps=35000 E0_int=5048182530434780 sum=5048182530434780
# NETG t=700.00 gates min=0.0000 mean=0.5980 edges=12
# LUMP t=700.00 n=5 Emfree=9.84694 | m=4.58912 x=16.61 y=16.06 z=16.87 rg=2.14 | m=2.42518 x=18.95 y=13.11 z=19.04 rg=1.18 | m=0.848635 x=15.21 y=13.58 z=19.25 rg=0.00 | m=0.828084 x=20.20 y=14.84 z=17.21 rg=0.00 | m=0.783583 x=16.31 y=12.50 z=19.84 rg=0.00
# RAD t=700.00 0.75:-3.371e-07,0,1.0004,4.944e-05 2.25:1.219e-06,0,1.0004,0.001911 3.75:8.753e-07,0,1.0004,0.003471 5.25:1.854e-05,0,1.0004,0.006416 6.75:0.0001189,0,0.9978,2.326 8.25:6.282e-05,0,0.9986,2.45 9.75:0.0001824,0,0.9978,4.831 11.25:0.0001405,0,1.0003,0.06086
710.000	5037.62262	10.3134623	0	0.246447724	5048.18253043	-3.603e-16	17932	17.144	14.661	17.696	0.002	0.0000	0.8456	0.74169	0.8500	0.9948	1.64995	1.64942	0.0000	0.0000	0.0000	-0.0093439	0.0040331	-0.0030801	0	0	0
# CONV t=710.00 cond=0 evap=0 rough=0 back_s=0
# LEDGER t=710.000 mode=3 sum_err=0 max|E-iEu|=1.110e-16 run_max_diff=0.000e+00 run_max_sum_err=0 steps=35500 E0_int=5048182530434780 sum=5048182530434780
# NETG t=710.00 gates min=0.0000 mean=0.4839 edges=12
# LUMP t=710.00 n=5 Emfree=10.3135 | m=4.90225 x=16.54 y=16.06 z=16.85 rg=2.11 | m=2.55816 x=18.94 y=13.11 z=19.05 rg=1.17 | m=0.848063 x=15.21 y=13.58 z=19.25 rg=0.00 | m=0.827271 x=20.20 y=14.84 z=17.21 rg=0.00 | m=0.782782 x=16.31 y=12.50 z=19.84 rg=0.00
# RAD t=710.00 0.75:-3.124e-08,0,1.0004,4.357e-05 2.25:1.357e-06,0,1.0004,0.000977 3.75:3.822e-06,0,1.0004,0.003657 5.25:4.207e-05,0,1.0004,0.01056 6.75:8.981e-05,0,0.9978,2.582 8.25:0.0001514,0,0.9986,2.527 9.75:0.0001496,0,0.9978,4.964 11.25:0.0001037,0,1.0003,0.06648
720.000	5037.62262	9.64266192	0	0.917248069	5048.18253043	-3.603e-16	17932	17.196	14.646	17.717	0.001	0.0000	0.8456	0.74981	0.8500	0.9948	1.64994	1.64942	0.0000	0.0000	0.0000	-0.0021869	-0.00032748	-0.0012173	0	0	0
# CONV t=720.00 cond=0 evap=0 rough=0 back_s=0
# LEDGER t=720.000 mode=3 sum_err=0 max|E-iEu|=1.110e-16 run_max_diff=0.000e+00 run_max_sum_err=0 steps=36000 E0_int=5048182530434780 sum=5048182530434780
# NETG t=720.00 gates min=0.0000 mean=0.4239 edges=12
# LUMP t=720.00 n=5 Emfree=9.64266 | m=4.45956 x=16.65 y=16.07 z=16.87 rg=2.14 | m=2.36626 x=18.94 y=13.11 z=19.04 rg=1.18 | m=0.847596 x=15.21 y=13.58 z=19.25 rg=0.00 | m=0.826707 x=20.20 y=14.84 z=17.21 rg=0.00 | m=0.781894 x=16.31 y=12.50 z=19.84 rg=0.00
# RAD t=720.00 0.75:1.084e-07,0,1.0004,0 2.25:1.602e-06,0,1.0004,0.0007059 3.75:8.717e-06,0,1.0004,0.003073 5.25:5.045e-05,0,1.0004,0.005295 6.75:6.781e-05,0,0.9978,2.207 8.25:0.0002507,0,0.9986,2.452 9.75:8.493e-05,0,0.9978,4.755 11.25:0.0001519,0,1.0003,0.0611
730.000	5037.62262	10.1486945	0	0.41121545	5048.18253043	-3.603e-16	17932	17.141	14.660	17.675	0.002	0.0000	0.8456	0.75454	0.8500	0.9948	1.64995	1.64942	0.0000	0.0000	0.0000	-0.00081418	-0.00086932	-0.0011561	0	0	0
# CONV t=730.00 cond=0 evap=0 rough=0 back_s=0
# LEDGER t=730.000 mode=3 sum_err=0 max|E-iEu|=1.110e-16 run_max_diff=0.000e+00 run_max_sum_err=0 steps=36500 E0_int=5048182530434780 sum=5048182530434780
# NETG t=730.00 gates min=0.0000 mean=0.4149 edges=12
# LUMP t=730.00 n=5 Emfree=10.1487 | m=4.78284 x=16.56 y=16.05 z=16.85 rg=2.12 | m=2.50064 x=18.94 y=13.11 z=19.04 rg=1.17 | m=0.846928 x=15.21 y=13.58 z=19.25 rg=0.00 | m=0.825927 x=20.20 y=14.84 z=17.21 rg=0.00 | m=0.781125 x=16.31 y=12.50 z=19.84 rg=0.00
# RAD t=730.00 0.75:3.764e-07,0,1.0004,6.874e-05 2.25:1.682e-06,0,1.0004,0.001623 3.75:1.055e-05,0,1.0004,0.00481 5.25:3.697e-05,0,1.0004,0.008695 6.75:7.327e-05,0,0.9978,2.491 8.25:0.0002172,0,0.9986,2.506 9.75:8.989e-05,0,0.9978,4.898 11.25:0.0001646,0,1.0003,0.0746
740.000	5037.62262	9.4645013	0	1.09540869	5048.18253043	-3.603e-16	17932	17.194	14.640	17.720	0.001	0.0000	0.8456	0.75655	0.8500	0.9948	1.64995	1.64942	0.0000	0.0000	0.0000	-0.0046091	-0.0019629	-0.0031205	0	0	0
# CONV t=740.00 cond=0 evap=0 rough=0 back_s=0
# LEDGER t=740.000 mode=3 sum_err=0 max|E-iEu|=1.110e-16 run_max_diff=0.000e+00 run_max_sum_err=0 steps=37000 E0_int=5048182530434780 sum=5048182530434780
# NETG t=740.00 gates min=0.0000 mean=0.4128 edges=12
# LUMP t=740.00 n=5 Emfree=9.4645 | m=4.34609 x=16.67 y=16.06 z=16.88 rg=2.16 | m=2.30614 x=18.94 y=13.11 z=19.03 rg=1.18 | m=0.84635 x=15.21 y=13.58 z=19.25 rg=0.00 | m=0.825129 x=20.20 y=14.84 z=17.21 rg=0.00 | m=0.780232 x=16.31 y=12.50 z=19.84 rg=0.00
# RAD t=740.00 0.75:3.698e-07,0,1.0004,5.681e-06 2.25:2.465e-06,0,1.0004,0.000734 3.75:9.207e-06,0,1.0004,0.003485 5.25:3.261e-05,0,1.0004,0.005246 6.75:8.015e-05,0,0.9978,2.123 8.25:0.0001756,0,0.9986,2.425 9.75:9.429e-05,0,0.9978,4.688 11.25:0.000139,0,1.0003,0.06831
750.000	5037.62262	9.9539001	0	0.606009889	5048.18253043	-5.405e-16	17932	17.150	14.652	17.675	0.001	0.0000	0.8456	0.76001	0.8500	0.9948	1.64994	1.64941	0.0000	0.0000	0.0000	-0.0011696	0.002888	-0.0046072	0	0	0
# CONV t=750.00 cond=0 evap=0 rough=0 back_s=0
# LEDGER t=750.000 mode=3 sum_err=0 max|E-iEu|=1.110e-16 run_max_diff=0.000e+00 run_max_sum_err=0 steps=37500 E0_int=5048182530434780 sum=5048182530434780
# NETG t=750.00 gates min=0.0000 mean=0.4135 edges=12
# LUMP t=750.00 n=5 Emfree=9.9539 | m=4.65824 x=16.58 y=16.05 z=16.86 rg=2.13 | m=2.4436 x=18.94 y=13.11 z=19.04 rg=1.18 | m=0.845889 x=15.21 y=13.58 z=19.25 rg=0.00 | m=0.824535 x=20.20 y=14.84 z=17.21 rg=0.00 | m=0.779458 x=16.31 y=12.50 z=19.84 rg=0.00
# RAD t=750.00 0.75:4.41e-07,0,1.0004,7.349e-05 2.25:2.586e-06,0,1.0004,0.001334 3.75:8.69e-06,0,1.0004,0.005234 5.25:3.626e-05,0,1.0004,0.007379 6.75:8.043e-05,0,0.9978,2.392 8.25:0.0001743,0,0.9986,2.482 9.75:6.809e-06,0,0.9978,4.823 11.25:0.0001888,0,1.0003,0.08218
760.000	5037.62262	10.3930816	0	0.166828433	5048.18253043	-3.603e-16	17931	17.133	14.673	17.673	0.001	0.0000	0.8456	0.76011	0.8500	0.9948	1.64994	1.64942	0.0000	0.0000	0.0000	-0.0012669	-0.0017462	-0.0026446	0	0	0
# CONV t=760.00 cond=0 evap=0 rough=0 back_s=0
# LEDGER t=760.000 mode=3 sum_err=0 max|E-iEu|=1.110e-16 run_max_diff=0.000e+00 run_max_sum_err=0 steps=38000 E0_int=5048182530434780 sum=5048182530434780
# NETG t=760.00 gates min=0.0000 mean=0.4221 edges=12
# LUMP t=760.00 n=5 Emfree=10.3931 | m=4.98052 x=16.51 y=16.05 z=16.85 rg=2.11 | m=2.5862 x=18.94 y=13.10 z=19.05 rg=1.17 | m=0.845242 x=15.21 y=13.58 z=19.25 rg=0.00 | m=0.823788 x=20.20 y=14.84 z=17.21 rg=0.00 | m=0.778626 x=16.31 y=12.50 z=19.84 rg=0.00
# RAD t=760.00 0.75:6.264e-07,0,1.0004,1.147e-06 2.25:2.648e-06,0,1.0004,0.000702 3.75:7.569e-06,0,1.0004,0.004648 5.25:3.961e-05,0,1.0004,0.004287 6.75:9.11e-05,0,0.9978,2.666 8.25:0.0001318,0,0.9986,2.529 9.75:4.214e-05,0,0.9978,4.964 11.25:0.0001051,0,1.0003,0.06937
770.000	5037.62262	9.73030521	0	0.829604778	5048.18253043	-5.405e-16	17931	17.159	14.641	17.682	0.001	0.0000	0.8456	0.75889	0.8500	0.9948	1.64994	1.64941	0.0000	0.0000	0.0000	-0.0073804	0.0015135	-0.003613	0	0	0
# CONV t=770.00 cond=0 evap=0 rough=0 back_s=0
# LEDGER t=770.000 mode=3 sum_err=0 max|E-iEu|=1.110e-16 run_max_diff=0.000e+00 run_max_sum_err=0 steps=38500 E0_int=5048182530434780 sum=5048182530434780
# NETG t=770.00 gates min=0.0000 mean=0.4988 edges=12
# LUMP t=770.00 n=5 Emfree=9.73031 | m=4.50666 x=16.61 y=16.05 z=16.88 rg=2.15 | m=2.3849 x=18.94 y=13.11 z=19.04 rg=1.18 | m=0.844641 x=15.21 y=13.58 z=19.25 rg=0.00 | m=0.82301 x=20.20 y=14.84 z=17.21 rg=0.00 | m=0.777876 x=16.31 y=12.50 z=19.84 rg=0.00
# RAD t=770.00 0.75:5.793e-07,0,1.0004,4.653e-05 2.25:2.616e-06,0,1.0004,0.001233 3.75:8.278e-06,0,1.0004,0.006146 5.25:4.352e-05,0,1.0004,0.003568 6.75:6.551e-05,0,0.9978,2.304 8.25:0.0001245,0,0.9986,2.406 9.75:-5.544e-06,0,0.9978,4.766 11.25:0.000144,0,1.0003,0.07858
780.000	5037.62262	10.2575868	0	0.302323148	5048.18253043	-3.603e-16	17931	17.115	14.661	17.645	0.002	0.0000	0.8456	0.757	0.8500	0.9948	1.64993	1.64941	0.0000	0.0000	0.0000	-0.00892	0.0014144	-0.0075544	0	0	0
# CONV t=780.00 cond=0 evap=0 rough=0 back_s=0
# LEDGER t=780.000 mode=3 sum_err=0 max|E-iEu|=1.110e-16 run_max_diff=0.000e+00 run_max_sum_err=0 steps=39000 E0_int=5048182530434780 sum=5048182530434780
# NETG t=780.00 gates min=0.0000 mean=0.5073 edges=12
# LUMP t=780.00 n=5 Emfree=10.2576 | m=4.8418 x=16.54 y=16.05 z=16.85 rg=2.12 | m=2.52757 x=18.94 y=13.11 z=19.05 rg=1.17 | m=0.844154 x=15.21 y=13.58 z=19.25 rg=0.00 | m=0.822245 x=20.20 y=14.84 z=17.21 rg=0.00 | m=0.776987 x=16.31 y=12.50 z=19.84 rg=0.00
# RAD t=780.00 0.75:5.047e-07,0,1.0004,0.0002869 2.25:2.047e-06,0,1.0004,0.002028 3.75:5.605e-06,0,1.0004,0.008461 5.25:4.271e-05,0,1.0004,0.00977 6.75:0.0001154,0,0.9978,2.55 8.25:8.35e-05,0,0.9986,2.5 9.75:-2.162e-05,0,0.9978,4.922 11.25:7.761e-05,0,1.0003,0.09485
790.000	5037.62262	9.58603262	0	0.97387737	5048.18253043	-5.405e-16	17932	17.161	14.656	17.673	0.001	0.0000	0.8456	0.76404	0.8500	0.9948	1.64994	1.64941	0.0000	0.0000	0.0000	-0.0053693	0.00072905	-0.0012647	0	0	0
# CONV t=790.00 cond=0 evap=0 rough=0 back_s=0
# LEDGER t=790.000 mode=3 sum_err=0 max|E-iEu|=1.110e-16 run_max_diff=0.000e+00 run_max_sum_err=0 steps=39500 E0_int=5048182530434780 sum=5048182530434780
# NETG t=790.00 gates min=0.0000 mean=0.5004 edges=12
# LUMP t=790.00 n=5 Emfree=9.58603 | m=4.43045 x=16.64 y=16.06 z=16.87 rg=2.15 | m=2.32522 x=18.94 y=13.11 z=19.04 rg=1.18 | m=0.843535 x=15.21 y=13.58 z=19.25 rg=0.00 | m=0.821564 x=20.20 y=14.84 z=17.21 rg=0.00 | m=0.776189 x=16.31 y=12.50 z=19.84 rg=0.00
# RAD t=790.00 0.75:3.717e-07,0,1.0004,7.44e-05 2.25:1.886e-06,0,1.0004,0.0009199 3.75:5.948e-06,0,1.0004,0.008761 5.25:5.783e-05,0,1.0004,0.003226 6.75:8.479e-05,0,0.9978,2.203 8.25:0.0002263,0,0.9986,2.429 9.75:1.032e-05,0,0.9978,4.697 11.25:7.852e-05,0,1.0003,0.07822
800.000	5037.62262	10.0899026	0	0.470007402	5048.18253043	-5.405e-16	17932	17.115	14.666	17.643	0.002	0.0000	0.8456	0.77369	0.8500	0.9948	1.64995	1.64941	0.0000	0.0000	0.0000	-0.0031698	0.0017831	-0.0014583	0	0	0
# CONV t=800.00 cond=0 evap=0 rough=0 back_s=0
# LEDGER t=800.000 mode=3 sum_err=0 max|E-iEu|=1.110e-16 run_max_diff=0.000e+00 run_max_sum_err=0 steps=40000 E0_int=5048182530434780 sum=5048182530434780
# NETG t=800.00 gates min=0.0000 mean=0.4842 edges=12
# LUMP t=800.00 n=5 Emfree=10.0899 | m=4.73886 x=16.56 y=16.05 z=16.85 rg=2.12 | m=2.47177 x=18.94 y=13.11 z=19.04 rg=1.18 | m=0.842914 x=15.21 y=13.58 z=19.25 rg=0.00 | m=0.820784 x=20.20 y=14.84 z=17.21 rg=0.00 | m=0.775387 x=16.31 y=12.50 z=19.84 rg=0.00
# RAD t=800.00 0.75:3.59e-07,0,1.0004,0.0002406 2.25:1.597e-06,0,1.0004,0.001272 3.75:6.277e-06,0,1.0004,0.01079 5.25:4.849e-05,0,1.0004,0.00717 6.75:9.783e-05,0,0.9978,2.464 8.25:0.0001886,0,0.9986,2.489 9.75:3.669e-05,0,0.9978,4.851 11.25:0.0001163,0,1.0003,0.09146
810.000	5037.62262	9.4486111	0	1.11129888	5048.18253043	-3.603e-16	17932	17.157	14.657	17.671	0.001	0.0000	0.8456	0.77756	0.8500	0.9948	1.64995	1.64941	0.0000	0.0000	0.0000	-0.0074235	0.00067865	-0.0022212	0	0	0
# CONV t=810.00 cond=0 evap=0 rough=0 back_s=0
# LEDGER t=810.000 mode=3 sum_err=0 max|E-iEu|=1.110e-16 run_max_diff=0.000e+00 run_max_sum_err=0 steps=40500 E0_int=5048182530434780 sum=5048182530434780
# NETG t=810.00 gates min=0.0000 mean=0.5028 edges=12
# LUMP t=810.00 n=5 Emfree=9.44861 | m=4.34541 x=16.66 y=16.06 z=16.88 rg=2.15 | m=2.27133 x=18.95 y=13.11 z=19.03 rg=1.19 | m=0.842428 x=15.21 y=13.58 z=19.25 rg=0.00 | m=0.819889 x=20.20 y=14.84 z=17.21 rg=0.00 | m=0.774684 x=16.31 y=12.50 z=19.84 rg=0.00
# RAD t=810.00 0.75:3.203e-07,0,1.0004,0.0001885 2.25:2.248e-06,0,1.0004,0.0007153 3.75:5.565e-06,0,1.0004,0.008125 5.25:3.415e-05,0,1.0004,0.003781 6.75:0.0001094,0,0.9978,2.142 8.25:0.00012,0,0.9986,2.399 9.75:5.618e-05,0,0.9978,4.645 11.25:0.0001116,0,1.0003,0.08441
820.000	5037.62262	9.9017263	0	0.658183694	5048.18253043	-3.603e-16	17932	17.114	14.666	17.642	0.002	0.0000	0.8456	0.78021	0.8500	0.9948	1.64995	1.64941	0.0000	0.0000	0.0000	-0.0021977	0.00013775	-0.0022565	0	0	0
# CONV t=820.00 cond=0 evap=0 rough=0 back_s=0
# LEDGER t=820.000 mode=3 sum_err=0 max|E-iEu|=1.110e-16 run_max_diff=0.000e+00 run_max_sum_err=0 steps=41000 E0_int=5048182530434780 sum=5048182530434780
# NETG t=820.00 gates min=0.0000 mean=0.5616 edges=12
# LUMP t=820.00 n=5 Emfree=9.90173 | m=4.61927 x=16.59 y=16.05 z=16.86 rg=2.13 | m=2.41186 x=18.94 y=13.11 z=19.04 rg=1.18 | m=0.841846 x=15.21 y=13.58 z=19.25 rg=0.00 | m=0.819314 x=20.20 y=14.84 z=17.21 rg=0.00 | m=0.773839 x=16.31 y=12.50 z=19.84 rg=0.00
# RAD t=820.00 0.75:3.506e-07,0,1.0004,0.0002798 2.25:2.777e-06,0,1.0004,0.001007 3.75:7.617e-06,0,1.0004,0.008742 5.25:3.655e-05,0,1.0004,0.005342 6.75:8.3e-05,0,0.9978,2.369 8.25:0.0001161,0,0.9986,2.448 9.75:3.381e-05,0,0.9978,4.794 11.25:0.0001277,0,1.0003,0.09853
830.000	5037.62262	10.3524093	0	0.207500668	5048.18253043	-3.603e-16	17932	17.097	14.677	17.639	0.002	0.0000	0.8456	0.78228	0.8500	0.9948	1.64996	1.64941	0.0000	0.0000	0.0000	0.0012825	-0.0018579	-0.00022237	0	0	0
# CONV t=830.00 cond=0 evap=0 rough=0 back_s=0
# LEDGER t=830.000 mode=3 sum_err=0 max|E-iEu|=1.110e-16 run_max_diff=0.000e+00 run_max_sum_err=0 steps=41500 E0_int=5048182530434780 sum=5048182530434780
# NETG t=830.00 gates min=0.0000 mean=0.5750 edges=12
# LUMP t=830.00 n=5 Emfree=10.3524 | m=4.9215 x=16.52 y=16.04 z=16.85 rg=2.11 | m=2.55902 x=18.94 y=13.10 z=19.05 rg=1.17 | m=0.841208 x=15.21 y=13.58 z=19.25 rg=0.00 | m=0.81856 x=20.20 y=14.84 z=17.21 rg=0.00 | m=0.77308 x=16.31 y=12.50 z=19.84 rg=0.00
# RAD t=830.00 0.75:3.169e-07,0,1.0004,0.0003194 2.25:3.737e-06,0,1.0004,0.000466 3.75:7.563e-06,0,1.0004,0.00744 5.25:3.476e-05,0,1.0004,0.007185 6.75:9.2e-05,0,0.9978,2.624 8.25:7.015e-05,0,0.9986,2.498 9.75:4.984e-05,0,0.9978,4.951 11.25:6.393e-05,0,1.0003,0.09681
840.000	5037.62262	9.70659283	0	0.853317162	5048.18253043	-5.405e-16	17932	17.120	14.659	17.655	0.001	0.0000	0.8456	0.78386	0.8500	0.9948	1.64995	1.64941	0.0000	0.0000	0.0000	0.0004271	0.00041922	5.1324e-05	0	0	0
# CONV t=840.00 cond=0 evap=0 rough=0 back_s=0
# LEDGER t=840.000 mode=3 sum_err=0 max|E-iEu|=1.110e-16 run_max_diff=0.000e+00 run_max_sum_err=0 steps=42000 E0_int=5048182530434780 sum=5048182530434780
# NETG t=840.00 gates min=0.0000 mean=0.5596 edges=12
# LUMP t=840.00 n=5 Emfree=9.70659 | m=4.49925 x=16.61 y=16.05 z=16.88 rg=2.15 | m=2.35554 x=18.94 y=13.11 z=19.04 rg=1.18 | m=0.840742 x=15.21 y=13.58 z=19.25 rg=0.00 | m=0.817695 x=20.20 y=14.84 z=17.21 rg=0.00 | m=0.77231 x=16.31 y=12.50 z=19.84 rg=0.00
# RAD t=840.00 0.75:4.398e-07,0,1.0004,0.0003875 2.25:4.55e-06,0,1.0004,0.0003189 3.75:5.074e-06,0,1.0004,0.006375 5.25:2.551e-05,0,1.0004,0.003561 6.75:0.0001091,0,0.9978,2.296 8.25:-1.29e-05,0,0.9986,2.386 9.75:3.684e-05,0,0.9978,4.748 11.25:0.0001194,0,1.0003,0.0932
850.000	5037.62262	10.2011593	0	0.358750688	5048.18253043	-5.405e-16	17932	17.080	14.670	17.626	0.002	0.0000	0.8456	0.78812	0.8500	0.9948	1.64995	1.64941	0.0000	0.0000	0.0000	-0.0016445	-0.00064064	-0.0078265	0	0	0
# CONV t=850.00 cond=0 evap=0 rough=0 back_s=0
# LEDGER t=850.000 mode=3 sum_err=0 max|E-iEu|=1.110e-16 run_max_diff=0.000e+00 run_max_sum_err=0 steps=42500 E0_int=5048182530434780 sum=5048182530434780
# NETG t=850.00 gates min=0.0000 mean=0.4675 edges=12
# LUMP t=850.00 n=5 Emfree=10.2012 | m=4.80133 x=16.55 y=16.05 z=16.85 rg=2.12 | m=2.50048 x=18.94 y=13.11 z=19.04 rg=1.17 | m=0.840232 x=15.21 y=13.58 z=19.25 rg=0.00 | m=0.817108 x=20.20 y=14.84 z=17.21 rg=0.00 | m=0.771674 x=16.31 y=12.50 z=19.84 rg=0.00
# RAD t=850.00 0.75:5.19e-07,0,1.0004,0.0005088 2.25:4.673e-06,0,1.0004,0.0007517 3.75:4.164e-06,0,1.0004,0.006668 5.25:3.411e-05,0,1.0004,0.009223 6.75:9.793e-05,0,0.9978,2.511 8.25:5.418e-05,0,0.9986,2.496 9.75:4.783e-05,0,0.9978,4.9 11.25:7.257e-05,0,1.0003,0.1025
860.000	5037.62262	9.51324939	0	1.0466606	5048.18253043	-3.603e-16	17932	17.132	14.658	17.665	0.001	0.0000	0.8456	0.79846	0.8500	0.9948	1.64996	1.64941	0.0000	0.0000	0.0000	-0.0052459	-0.0004722	-0.0029715	0	0	0
# CONV t=860.00 cond=0 evap=0 rough=0 back_s=0
# LEDGER t=860.000 mode=3 sum_err=0 max|E-iEu|=1.110e-16 run_max_diff=0.000e+00 run_max_sum_err=0 steps=43000 E0_int=5048182530434780 sum=5048182530434780
# NETG t=860.00 gates min=0.0000 mean=0.4680 edges=12
# LUMP t=860.00 n=5 Emfree=9.51325 | m=4.38373 x=16.64 y=16.06 z=16.87 rg=2.15 | m=2.30246 x=18.94 y=13.11 z=19.03 rg=1.18 | m=0.839602 x=15.21 y=13.58 z=19.25 rg=0.00 | m=0.816311 x=20.20 y=14.84 z=17.21 rg=0.00 | m=0.770865 x=16.31 y=12.50 z=19.84 rg=0.00
# RAD t=860.00 0.75:5.338e-07,0,1.0004,0.0004202 2.25:4.54e-06,0,1.0004,0.0001306 3.75:3.985e-06,0,1.0004,0.004888 5.25:3.486e-05,0,1.0004,0.0024 6.75:8.182e-05,0,0.9978,2.174 8.25:0.0001124,0,0.9986,2.397 9.75:5.782e-05,0,0.9978,4.688 11.25:8.229e-05,0,1.0003,0.08919
870.000	5037.62262	9.99181949	0	0.568090496	5048.18253043	-3.603e-16	17932	17.094	14.667	17.625	0.002	0.0000	0.8456	0.80589	0.8500	0.9948	1.64995	1.64941	0.0000	0.0000	0.0000	-0.0038901	0.0034105	-0.0040434	0	0	0
# CONV t=870.00 cond=0 evap=0 rough=0 back_s=0
# LEDGER t=870.000 mode=3 sum_err=0 max|E-iEu|=1.110e-16 run_max_diff=0.000e+00 run_max_sum_err=0 steps=43500 E0_int=5048182530434780 sum=5048182530434780
# NETG t=870.00 gates min=0.0000 mean=0.5029 edges=12
# LUMP t=870.00 n=5 Emfree=9.99182 | m=4.67458 x=16.56 y=16.05 z=16.85 rg=2.12 | m=2.44448 x=18.94 y=13.11 z=19.04 rg=1.18 | m=0.839137 x=15.21 y=13.58 z=19.25 rg=0.00 | m=0.815558 x=20.20 y=14.84 z=17.21 rg=0.00 | m=0.77014 x=16.31 y=12.50 z=19.84 rg=0.00
# RAD t=870.00 0.75:5.517e-07,0,1.0004,0.0004387 2.25:4.509e-06,0,1.0004,0.0004828 3.75:4.705e-06,0,1.0004,0.006294 5.25:3.382e-05,0,1.0004,0.006898 6.75:8.895e-05,0,0.9978,2.42 8.25:3.845e-05,0,0.9986,2.452 9.75:6.933e-05,0,0.9978,4.835 11.25:8.829e-05,0,1.0003,0.1088
880.000	5037.62262	9.33794639	0	1.2219636	5048.18253043	-3.603e-16	17932	17.139	14.663	17.652	0.001	0.0000	0.8455	0.81044	0.8500	0.9948	1.64996	1.64941	0.0000	0.0000	0.0000	-0.0073986	0.00019492	-0.0055052	0	0	0
# CONV t=880.00 cond=0 evap=0 rough=0 back_s=0
# LEDGER t=880.000 mode=3 sum_err=0 max|E-iEu|=1.110e-16 run_max_diff=0.000e+00 run_max_sum_err=0 steps=44000 E0_int=5048182530434780 sum=5048182530434780
# NETG t=880.00 gates min=0.0000 mean=0.5182 edges=12
# LUMP t=880.00 n=5 Emfree=9.33795 | m=4.27504 x=16.65 y=16.07 z=16.87 rg=2.14 | m=2.24579 x=18.94 y=13.11 z=19.03 rg=1.19 | m=0.838697 x=15.21 y=13.58 z=19.25 rg=0.00 | m=0.814785 x=20.20 y=14.84 z=17.21 rg=0.00 | m=0.769318 x=16.31 y=12.50 z=19.84 rg=0.00
# RAD t=880.00 0.75:5.65e-07,0,1.0004,0.0003797 2.25:4.186e-06,0,1.0004,0.0001072 3.75:9.591e-06,0,1.0004,0.004831 5.25:2.688e-05,0,1.0004,0.002656 6.75:9.419e-05,0,0.9978,2.104 8.25:-7.517e-05,0,0.9986,2.357 9.75:0.0001396,0,0.9978,4.619 11.25:3.504e-05,0,1.0003,0.09987
890.000	5037.62262	9.82466346	0	0.735246525	5048.18253043	-3.603e-16	17932	17.091	14.672	17.610	0.001	0.0000	0.8455	0.81946	0.8500	0.9948	1.64996	1.64941	0.0000	0.0000	0.0000	-0.0018229	0.00066531	-0.0043703	0	0	0
# CONV t=890.00 cond=0 evap=0 rough=0 back_s=0
# LEDGER t=890.000 mode=3 sum_err=0 max|E-iEu|=1.110e-16 run_max_diff=0.000e+00 run_max_sum_err=0 steps=44500 E0_int=5048182530434780 sum=5048182530434780
# NETG t=890.00 gates min=0.0000 mean=0.5295 edges=12
# LUMP t=890.00 n=5 Emfree=9.82466 | m=4.55874 x=16.58 y=16.06 z=16.85 rg=2.12 | m=2.392 x=18.95 y=13.11 z=19.04 rg=1.18 | m=0.838137 x=15.21 y=13.58 z=19.25 rg=0.00 | m=0.814106 x=20.20 y=14.84 z=17.21 rg=0.00 | m=0.768648 x=16.31 y=12.50 z=19.84 rg=0.00
# RAD t=890.00 0.75:5.78e-07,0,1.0004,0.0003716 2.25:3.965e-06,0,1.0004,0.000189 3.75:9.151e-06,0,1.0004,0.006648 5.25:2.875e-05,0,1.0004,0.003585 6.75:6.967e-05,0,0.9978,2.329 8.25:-8.987e-05,0,0.9986,2.416 9.75:0.0001986,0,0.9978,4.779 11.25:6.127e-05,0,1.0003,0.1157
900.000	5037.62262	10.291271	0	0.268638974	5048.18253043	-3.603e-16	17932	17.063	14.683	17.606	0.002	0.0000	0.8455	0.8286	0.8500	0.9948	1.64996	1.64941	0.0000	0.0000	0.0000	-0.0026986	0.0018447	-0.0044108	0	0	0
# CONV t=900.00 cond=0 evap=0 rough=0 back_s=0
# LEDGER t=900.000 mode=3 sum_err=0 max|E-iEu|=1.110e-16 run_max_diff=0.000e+00 run_max_sum_err=0 steps=45000 E0_int=5048182530434780 sum=5048182530434780
# NETG t=900.00 gates min=0.0000 mean=0.5553 edges=12
# LUMP t=900.00 n=5 Emfree=10.2913 | m=4.85715 x=16.50 y=16.05 z=16.84 rg=2.10 | m=2.53316 x=18.94 y=13.11 z=19.05 rg=1.17 | m=0.837723 x=15.21 y=13.58 z=19.25 rg=0.00 | m=0.81337 x=20.20 y=14.84 z=17.21 rg=0.00 | m=0.767827 x=16.31 y=12.50 z=19.84 rg=0.00
# RAD t=900.00 0.75:4.584e-07,0,1.0004,0.0004642 2.25:3.578e-06,0,1.0004,0.0004184 3.75:9.174e-06,0,1.0004,0.007178 5.25:3.285e-05,0,1.0004,0.006005 6.75:7.045e-05,0,0.9978,2.585 8.25:-8.532e-05,0,0.9986,2.474 9.75:0.0002148,0,0.9978,4.917 11.25:5.555e-07,0,1.0003,0.1229
910.000	5037.62262	9.6092414	0	0.950668587	5048.18253043	-3.603e-16	17932	17.101	14.668	17.611	0.001	0.0000	0.8455	0.83668	0.8500	0.9948	1.64996	1.64941	0.0000	0.0000	0.0000	0.0040333	0.00076247	-0.00079765	0	0	0
# CONV t=910.00 cond=0 evap=0 rough=0 back_s=0
# LEDGER t=910.000 mode=3 sum_err=0 max|E-iEu|=1.110e-16 run_max_diff=0.000e+00 run_max_sum_err=0 steps=45500 E0_int=5048182530434780 sum=5048182530434780
# NETG t=910.00 gates min=0.0000 mean=0.5571 edges=12
# LUMP t=910.00 n=5 Emfree=9.60924 | m=4.4084 x=16.60 y=16.06 z=16.86 rg=2.13 | m=2.33642 x=18.95 y=13.11 z=19.03 rg=1.18 | m=0.837331 x=15.21 y=13.58 z=19.25 rg=0.00 | m=0.812473 x=20.20 y=14.84 z=17.21 rg=0.00 | m=0.767116 x=16.31 y=12.50 z=19.84 rg=0.00
# RAD t=910.00 0.75:4.27e-07,0,1.0004,0.0004037 2.25:3.541e-06,0,1.0004,7.709e-05 3.75:8.909e-06,0,1.0004,0.006294 5.25:2.835e-05,0,1.0004,0.002374 6.75:7.553e-05,0,0.9978,2.236 8.25:-6.745e-05,0,0.9986,2.356 9.75:0.0002033,0,0.9978,4.701 11.25:-3.354e-05,0,1.0003,0.1077
920.000	5037.62262	10.0929597	0	0.466950337	5048.18253043	-3.603e-16	17932	17.072	14.685	17.589	0.002	0.0000	0.8455	0.83693	0.8500	0.9948	1.64996	1.64941	0.0000	0.0000	0.0000	0.00030611	0.0019185	-0.009885	0	0	0
# CONV t=920.00 cond=0 evap=0 rough=0 back_s=0
# LEDGER t=920.000 mode=3 sum_err=0 max|E-iEu|=1.110e-16 run_max_diff=0.000e+00 run_max_sum_err=0 steps=46000 E0_int=5048182530434780 sum=5048182530434780
# NETG t=920.00 gates min=0.0000 mean=0.5938 edges=12
# LUMP t=920.00 n=5 Emfree=10.093 | m=4.70827 x=16.54 y=16.05 z=16.85 rg=2.11 | m=2.47661 x=18.94 y=13.11 z=19.04 rg=1.17 | m=0.836826 x=15.21 y=13.58 z=19.25 rg=0.00 | m=0.811912 x=20.20 y=14.84 z=17.21 rg=0.00 | m=0.766277 x=16.31 y=12.50 z=19.84 rg=0.00
# RAD t=920.00 0.75:4.083e-07,0,1.0004,0.0004195 2.25:2.74e-06,0,1.0004,0.0004881 3.75:7.894e-06,0,1.0003,0.007458 5.25:2.626e-05,0,1.0004,0.006059 6.75:9.875e-05,0,0.9978,2.474 8.25:-0.0001455,0,0.9986,2.417 9.75:0.0002101,0,0.9978,4.86 11.25:-5.349e-05,0,1.0003,0.1175
930.000	5037.62262	9.39262614	0	1.16728384	5048.18253043	-5.405e-16	17931	17.127	14.668	17.618	0.001	0.0000	0.8455	0.83995	0.8500	0.9948	1.64996	1.64941	0.0000	0.0000	0.0000	-0.00063061	0.00088723	-0.0025739	0	0	0
# CONV t=930.00 cond=0 evap=0 rough=0 back_s=0
# LEDGER t=930.000 mode=3 sum_err=0 max|E-iEu|=1.110e-16 run_max_diff=0.000e+00 run_max_sum_err=0 steps=46500 E0_int=5048182530434780 sum=5048182530434780
# NETG t=930.00 gates min=0.0007 mean=0.5290 edges=12
# LUMP t=930.00 n=5 Emfree=9.39263 | m=4.25349 x=16.65 y=16.07 z=16.87 rg=2.14 | m=2.28332 x=18.95 y=13.12 z=19.03 rg=1.18 | m=0.836456 x=15.21 y=13.58 z=19.25 rg=0.00 | m=0.811127 x=20.20 y=14.84 z=17.21 rg=0.00 | m=0.7656 x=16.31 y=12.50 z=19.84 rg=0.00
# RAD t=930.00 0.75:3.915e-07,0,1.0004,0.0003219 2.25:2.511e-06,0,1.0004,3.661e-05 3.75:1.034e-05,0,1.0003,0.0057 5.25:3.252e-05,0,1.0003,0.002021 6.75:8.57e-05,0,0.9978,2.106 8.25:-8.193e-05,0,0.9986,2.335 9.75:0.0001773,0,0.9978,4.641 11.25:-7.055e-05,0,1.0003,0.1029
940.000	5037.62262	9.90465183	0	0.655258161	5048.18253043	-5.405e-16	17931	17.089	14.687	17.585	0.002	0.0000	0.8455	0.84558	0.8500	0.9948	1.64997	1.64941	0.0000	0.0000	0.0000	0.0016001	-0.0010535	-0.0033386	0	0	0
# CONV t=940.00 cond=0 evap=0 rough=0 back_s=0
# LEDGER t=940.000 mode=3 sum_err=0 max|E-iEu|=1.110e-16 run_max_diff=0.000e+00 run_max_sum_err=0 steps=47000 E0_int=5048182530434780 sum=5048182530434780
# NETG t=940.00 gates min=0.0000 mean=0.5744 edges=12
# LUMP t=940.00 n=5 Emfree=9.90465 | m=4.57829 x=16.57 y=16.06 z=16.85 rg=2.11 | m=2.42448 x=18.95 y=13.11 z=19.04 rg=1.18 | m=0.83612 x=15.21 y=13.58 z=19.25 rg=0.00 | m=0.81034 x=20.20 y=14.84 z=17.21 rg=0.00 | m=0.764818 x=16.31 y=12.50 z=19.84 rg=0.00
# RAD t=940.00 0.75:4.109e-07,0,1.0004,0.0002579 2.25:2.362e-06,0,1.0004,0.0002954 3.75:1.265e-05,0,1.0003,0.006798 5.25:3.91e-05,0,1.0003,0.004123 6.75:5.797e-05,0,0.9978,2.351 8.25:7.715e-05,0,0.9986,2.428 9.75:8.668e-05,0,0.9978,4.791 11.25:-1.486e-05,0,1.0003,0.109
950.000	5037.62262	10.3098317	0	0.250078242	5048.18253043	-5.405e-16	17930	17.070	14.707	17.602	0.001	0.0000	0.8455	0.85183	0.8500	0.9948	1.64997	1.64940	0.0000	0.0000	0.0000	0.0032512	-0.0058134	0.0023788	0	0	0
# CONV t=950.00 cond=0 evap=0 rough=0 back_s=0
# LEDGER t=950.000 mode=3 sum_err=0 max|E-iEu|=1.110e-16 run_max_diff=0.000e+00 run_max_sum_err=0 steps=47500 E0_int=5048182530434780 sum=5048182530434780
# NETG t=950.00 gates min=0.0000 mean=0.5914 edges=12
# LUMP t=950.00 n=5 Emfree=10.3098 | m=4.87646 x=16.48 y=16.05 z=16.84 rg=2.09 | m=2.56407 x=18.94 y=13.10 z=19.05 rg=1.17 | m=0.835686 x=15.21 y=13.58 z=19.25 rg=0.00 | m=0.809738 x=20.20 y=14.84 z=17.21 rg=0.00 | m=0.764027 x=16.31 y=12.50 z=19.84 rg=0.00
# RAD t=950.00 0.75:3.341e-07,0,1.0004,0.0001588 2.25:2.142e-06,0,1.0004,7.909e-05 3.75:1.441e-05,0,1.0003,0.005529 5.25:3.751e-05,0,1.0003,0.002841 6.75:5.036e-05,0,0.9978,2.628 8.25:0.0002514,0,0.9986,2.499 9.75:1.678e-05,0,0.9978,4.873 11.25:1.212e-05,0,1.0003,0.09501
960.000	5037.62262	9.72206456	0	0.837845426	5048.18253043	-3.603e-16	17930	17.092	14.686	17.593	0.002	0.0000	0.8455	0.85859	0.8500	0.9947	1.64998	1.64940	0.0000	0.0000	0.0000	0.00077976	-0.0036475	0.00026837	0	0	0
# CONV t=960.00 cond=0 evap=0 rough=0 back_s=0
# LEDGER t=960.000 mode=3 sum_err=0 max|E-iEu|=1.110e-16 run_max_diff=0.000e+00 run_max_sum_err=0 steps=48000 E0_int=5048182530434780 sum=5048182530434780
# NETG t=960.00 gates min=0.0000 mean=0.5440 edges=12
# LUMP t=960.00 n=5 Emfree=9.72206 | m=4.46326 x=16.59 y=16.06 z=16.86 rg=2.12 | m=2.3666 x=18.95 y=13.11 z=19.04 rg=1.18 | m=0.835367 x=15.21 y=13.58 z=19.25 rg=0.00 | m=0.809073 x=20.20 y=14.84 z=17.21 rg=0.00 | m=0.763127 x=16.31 y=12.50 z=19.84 rg=0.00
# RAD t=960.00 0.75:3.337e-07,0,1.0004,0.0001039 2.25:1.803e-06,0,1.0004,0.0001489 3.75:1.13e-05,0,1.0003,0.007293 5.25:2.875e-05,0,1.0003,0.003433 6.75:3.92e-05,0,0.9978,2.276 8.25:0.0003327,0,0.9986,2.422 9.75:-2.625e-05,0,0.9978,4.695 11.25:5.493e-05,0,1.0003,0.1037
970.000	5037.62262	10.2239524	0	0.335957624	5048.18253043	-5.405e-16	17930	17.044	14.688	17.565	0.003	0.0000	0.8455	0.86077	0.8500	0.9947	1.64998	1.64941	0.0000	0.0000	0.0000	-0.011818	0.0031026	-0.011295	0	0	0
# CONV t=970.00 cond=0 evap=0 rough=0 back_s=0
# LEDGER t=970.000 mode=3 sum_err=0 max|E-iEu|=1.110e-16 run_max_diff=0.000e+00 run_max_sum_err=0 steps=48500 E0_int=5048182530434780 sum=5048182530434780
# NETG t=970.00 gates min=0.0000 mean=0.5026 edges=12
# LUMP t=970.00 n=5 Emfree=10.224 | m=4.77828 x=16.50 y=16.05 z=16.84 rg=2.09 | m=2.50593 x=18.94 y=13.10 z=19.05 rg=1.17 | m=0.835118 x=15.21 y=13.58 z=19.25 rg=0.00 | m=0.808432 x=20.20 y=14.84 z=17.21 rg=0.00 | m=0.762375 x=16.31 y=12.50 z=19.84 rg=0.00
# RAD t=970.00 0.75:1.91e-07,0,1.0004,0.0001415 2.25:1.626e-06,0,1.0004,0.0008814 3.75:8.787e-06,0,1.0003,0.009043 5.25:1.655e-05,0,1.0003,0.008765 6.75:5.233e-05,0,0.9978,2.556 8.25:0.0001761,0,0.9986,2.479 9.75:4.806e-05,0,0.9978,4.846 11.25:-2.682e-05,0,1.0003,0.1064
980.000	5037.62262	9.56669093	0	0.993219061	5048.18253043	-5.405e-16	17931	17.097	14.684	17.587	0.002	0.0000	0.8455	0.86315	0.8500	0.9947	1.64998	1.64941	0.0000	0.0000	0.0000	-0.0040716	0.00075127	-0.0028701	0	0	0
# CONV t=980.00 cond=0 evap=0 rough=0 back_s=0
# LEDGER t=980.000 mode=3 sum_err=0 max|E-iEu|=1.110e-16 run_max_diff=0.000e+00 run_max_sum_err=0 steps=49000 E0_int=5048182530434780 sum=5048182530434780
# NETG t=980.00 gates min=0.0000 mean=0.4577 edges=12
# LUMP t=980.00 n=5 Emfree=9.56669 | m=4.36659 x=16.60 y=16.07 z=16.86 rg=2.12 | m=2.31099 x=18.95 y=13.11 z=19.03 rg=1.18 | m=0.834817 x=15.21 y=13.58 z=19.25 rg=0.00 | m=0.807553 x=20.20 y=14.84 z=17.21 rg=0.00 | m=0.761645 x=16.31 y=12.50 z=19.84 rg=0.00
# RAD t=980.00 0.75:1.317e-07,0,1.0004,0.0001095 2.25:1.551e-06,0,1.0004,6.154e-05 3.75:4.565e-06,0,1.0003,0.007903 5.25:1.137e-05,0,1.0003,0.0032 6.75:5.218e-05,0,0.9978,2.198 8.25:5.934e-05,0,0.9986,2.385 9.75:9.431e-05,0,0.9978,4.649 11.25:-4.693e-05,0,1.0003,0.09691
990.000	5037.62262	10.0580985	0	0.501811527	5048.18253043	-3.603e-16	17931	17.066	14.691	17.556	0.003	0.0000	0.8455	0.86511	0.8500	0.9947	1.64998	1.64941	0.0000	0.0000	0.0000	-7.656e-05	-0.00091771	-0.0010449	0	0	0
# CONV t=990.00 cond=0 evap=0 rough=0 back_s=0
# LEDGER t=990.000 mode=3 sum_err=0 max|E-iEu|=1.110e-16 run_max_diff=0.000e+00 run_max_sum_err=0 steps=49500 E0_int=5048182530434780 sum=5048182530434780
# NETG t=990.00 gates min=0.0000 mean=0.5503 edges=12
# LUMP t=990.00 n=5 Emfree=10.0581 | m=4.67051 x=16.53 y=16.06 z=16.84 rg=2.10 | m=2.45256 x=18.95 y=13.11 z=19.04 rg=1.17 | m=0.834544 x=15.21 y=13.58 z=19.25 rg=0.00 | m=0.806997 x=20.20 y=14.84 z=17.21 rg=0.00 | m=0.760824 x=16.31 y=12.50 z=19.84 rg=0.00
# RAD t=990.00 0.75:1.444e-07,0,1.0004,0.0001438 2.25:1.557e-06,0,1.0004,0.0005449 3.75:3.179e-06,0,1.0003,0.01015 5.25:1.336e-05,0,1.0003,0.00664 6.75:6.152e-05,0,0.9978,2.458 8.25:2.802e-05,0,0.9986,2.443 9.75:0.0001354,0,0.9978,4.798 11.25:-4.224e-05,0,1.0003,0.1033
1000.000	5037.62262	9.39639195	0	1.16351804	5048.18253043	-3.603e-16	17931	17.120	14.680	17.583	0.002	0.0000	0.8455	0.87056	0.8500	0.9947	1.64998	1.64941	0.0000	0.0000	0.0000	-0.0025662	0.00014055	-0.0033278	0	0	0
# CONV t=1000.00 cond=0 evap=0 rough=0 back_s=0
# LEDGER t=1000.000 mode=3 sum_err=0 max|E-iEu|=1.110e-16 run_max_diff=0.000e+00 run_max_sum_err=0 steps=50000 E0_int=5048182530434780 sum=5048182530434780
# NETG t=1000.00 gates min=0.0000 mean=0.5385 edges=12
# LUMP t=1000.00 n=5 Emfree=9.39639 | m=4.26231 x=16.63 y=16.07 z=16.86 rg=2.13 | m=2.26226 x=18.95 y=13.12 z=19.03 rg=1.19 | m=0.834331 x=15.21 y=13.58 z=19.25 rg=0.00 | m=0.806305 x=20.20 y=14.84 z=17.21 rg=0.00 | m=0.759937 x=16.31 y=12.50 z=19.84 rg=0.00
# RAD t=1000.00 0.75:1.288e-07,0,1.0004,9.832e-05 2.25:1.463e-06,0,1.0004,0.0001284 3.75:2.638e-06,0,1.0003,0.008363 5.25:1.376e-05,0,1.0003,0.003438 6.75:6.663e-05,0,0.9978,2.12 8.25:4.966e-05,0,0.9986,2.358 9.75:0.0001337,0,0.9978,4.596 11.25:-1.336e-06,0,1.0003,0.08062
1010.000	5037.62262	9.86982031	0	0.690089674	5048.18253043	-3.603e-16	17931	17.079	14.690	17.554	0.003	0.0000	0.8455	0.87462	0.8500	0.9947	1.64997	1.64941	0.0000	0.0000	0.0000	-0.0032652	0.00094733	-0.0014705	0	0	0
# CONV t=1010.00 cond=0 evap=0 rough=0 back_s=0
# LEDGER t=1010.000 mode=3 sum_err=0 max|E-iEu|=1.110e-16 run_max_diff=0.000e+00 run_max_sum_err=0 steps=50500 E0_int=5048182530434780 sum=5048182530434780
# NETG t=1010.00 gates min=0.0000 mean=0.5148 edges=12
# LUMP t=1010.00 n=5 Emfree=9.86982 | m=4.55161 x=16.55 y=16.06 z=16.85 rg=2.11 | m=2.40148 x=18.95 y=13.11 z=19.04 rg=1.18 | m=0.834029 x=15.21 y=13.58 z=19.25 rg=0.00 | m=0.805612 x=20.20 y=14.84 z=17.21 rg=0.00 | m=0.75915 x=16.31 y=12.50 z=19.84 rg=0.00
# RAD t=1010.00 0.75:1.178e-07,0,1.0004,9.963e-05 2.25:1.378e-06,0,1.0004,0.0003807 3.75:2.723e-06,0,1.0003,0.0098 5.25:8.742e-06,0,1.0003,0.004951 6.75:6.165e-05,0,0.9978,2.365 8.25:9.424e-05,0,0.9986,2.415 9.75:0.0001448,0,0.9978,4.752 11.25:-3.658e-05,0,1.0003,0.08288
1020.000	5037.62262	10.3229508	0	0.236959237	5048.18253043	-3.603e-16	17932	17.059	14.704	17.555	0.003	0.0000	0.8455	0.87436	0.8500	0.9947	1.64997	1.64941	0.0000	0.0000	0.0000	0.0030322	-0.0030486	0.0042686	0	0	0
# CONV t=1020.00 cond=0 evap=0 rough=0 back_s=0
# LEDGER t=1020.000 mode=3 sum_err=0 max|E-iEu|=1.110e-16 run_max_diff=0.000e+00 run_max_sum_err=0 steps=51000 E0_int=5048182530434780 sum=5048182530434780
# NETG t=1020.00 gates min=0.0000 mean=0.5004 edges=12
# LUMP t=1020.00 n=5 Emfree=10.323 | m=4.85525 x=16.48 y=16.05 z=16.84 rg=2.08 | m=2.53821 x=18.94 y=13.10 z=19.05 rg=1.17 | m=0.833741 x=15.21 y=13.58 z=19.25 rg=0.00 | m=0.805005 x=20.20 y=14.84 z=17.21 rg=0.00 | m=0.7585 x=16.31 y=12.50 z=19.84 rg=0.00
# RAD t=1020.00 0.75:7.473e-08,0,1.0004,8.05e-05 2.25:1.239e-06,0,1.0004,0.0005624 3.75:2.75e-06,0,1.0003,0.009835 5.25:8.619e-06,0,1.0003,0.008746 6.75:7.414e-05,0,0.9978,2.623 8.25:5.923e-05,0,0.9986,2.476 9.75:0.0001662,0,0.9978,4.889 11.25:-6.178e-05,0,1.0003,0.08098
1030.000	5037.62262	9.6853403	0	0.874569684	5048.18253043	-3.603e-16	17932	17.097	14.680	17.560	0.003	0.0000	0.8455	0.87605	0.8500	0.9947	1.64997	1.64941	0.0000	0.0000	0.0000	0.0014203	0.00036923	-0.00015125	0	0	0
# CONV t=1030.00 cond=0 evap=0 rough=0 back_s=0
# LEDGER t=1030.000 mode=3 sum_err=0 max|E-iEu|=1.109e-16 run_max_diff=0.000e+00 run_max_sum_err=0 steps=51500 E0_int=5048182530434780 sum=5048182530434780
# NETG t=1030.00 gates min=0.0000 mean=0.5732 edges=12
# LUMP t=1030.00 n=5 Emfree=9.68534 | m=4.42014 x=16.58 y=16.06 z=16.86 rg=2.12 | m=2.35086 x=18.95 y=13.11 z=19.03 rg=1.18 | m=0.833381 x=15.21 y=13.58 z=19.25 rg=0.00 | m=0.804316 x=20.20 y=14.84 z=17.21 rg=0.00 | m=0.757717 x=16.31 y=12.50 z=19.84 rg=0.00
# RAD t=1030.00 0.75:1.492e-07,0,1.0004,7.503e-05 2.25:1.251e-06,0,1.0004,0.0004645 3.75:2.824e-06,0,1.0003,0.008833 5.25:1.545e-05,0,1.0003,0.005555 6.75:6.215e-05,0,0.9978,2.261 8.25:0.0001643,0,0.9986,2.388 9.75:8.67e-05,0,0.9978,4.696 11.25:4.032e-05,0,1.0003,0.08063
1040.000	5037.62262	10.1650131	0	0.394896856	5048.18253043	-5.405e-16	17932	17.048	14.686	17.533	0.004	0.0000	0.8455	0.87502	0.8500	0.9947	1.64998	1.64941	0.0000	0.0000	0.0000	0.0099355	-0.0022922	0.00069812	0	0	0
# CONV t=1040.00 cond=0 evap=0 rough=0 back_s=0
# LEDGER t=1040.000 mode=3 sum_err=0 max|E-iEu|=1.110e-16 run_max_diff=0.000e+00 run_max_sum_err=0 steps=52000 E0_int=5048182530434780 sum=5048182530434780
# NETG t=1040.00 gates min=0.0000 mean=0.6526 edges=12
# LUMP t=1040.00 n=5 Emfree=10.165 | m=4.70662 x=16.50 y=16.05 z=16.84 rg=2.09 | m=2.48448 x=18.94 y=13.11 z=19.04 rg=1.17 | m=0.832899 x=15.21 y=13.58 z=19.25 rg=0.00 | m=0.803699 x=20.20 y=14.84 z=17.21 rg=0.00 | m=0.756914 x=16.31 y=12.50 z=19.84 rg=0.00
# RAD t=1040.00 0.75:8.163e-08,0,1.0004,0.0001143 2.25:1.406e-06,0,1.0004,0.001571 3.75:4.756e-06,0,1.0003,0.01068 5.25:1.804e-05,0,1.0003,0.01123 6.75:7.49e-05,0,0.9978,2.519 8.25:8.195e-05,0,0.9986,2.44 9.75:8.105e-05,0,0.9978,4.834 11.25:-2.284e-05,0,1.0003,0.09068
1050.000	5037.62262	9.47988321	0	1.08002678	5048.18253043	-3.603e-16	17932	17.104	14.669	17.571	0.003	0.0000	0.8455	0.86903	0.8500	0.9947	1.64997	1.64941	0.0000	0.0000	0.0000	-0.016649	0.00087717	-0.0040647	0	0	0
# CONV t=1050.00 cond=0 evap=0 rough=0 back_s=0
# LEDGER t=1050.000 mode=3 sum_err=0 max|E-iEu|=1.110e-16 run_max_diff=0.000e+00 run_max_sum_err=0 steps=52500 E0_int=5048182530434780 sum=5048182530434780
# NETG t=1050.00 gates min=0.0000 mean=0.6356 edges=12
# LUMP t=1050.00 n=5 Emfree=9.47988 | m=4.28216 x=16.62 y=16.07 z=16.86 rg=2.13 | m=2.29288 x=18.95 y=13.12 z=19.03 rg=1.18 | m=0.832486 x=15.21 y=13.58 z=19.25 rg=0.00 | m=0.802907 x=20.20 y=14.84 z=17.21 rg=0.00 | m=0.756078 x=16.31 y=12.50 z=19.84 rg=0.00
# RAD t=1050.00 0.75:6.857e-08,0,1.0004,3.219e-05 2.25:1.599e-06,0,1.0004,0.0004422 3.75:6.493e-06,0,1.0003,0.007721 5.25:2.644e-05,0,1.0003,0.003834 6.75:6.037e-05,0,0.9978,2.149 8.25:-7.611e-05,0,0.9986,2.345 9.75:0.0001437,0,0.9978,4.651 11.25:-9.95e-05,0,1.0003,0.0762
1060.000	5037.62262	9.95653837	0	0.603371623	5048.18253043	-5.405e-16	17932	17.066	14.688	17.555	0.003	0.0000	0.8455	0.86559	0.8500	0.9947	1.64997	1.64941	0.0000	0.0000	0.0000	0.012202	-0.00028419	0.0023522	0	0	0
# CONV t=1060.00 cond=0 evap=0 rough=0 back_s=0
# LEDGER t=1060.000 mode=3 sum_err=0 max|E-iEu|=1.110e-16 run_max_diff=0.000e+00 run_max_sum_err=0 steps=53000 E0_int=5048182530434780 sum=5048182530434780
# NETG t=1060.00 gates min=0.0000 mean=0.6278 edges=12
# LUMP t=1060.00 n=5 Emfree=9.95654 | m=4.58218 x=16.53 y=16.06 z=16.85 rg=2.10 | m=2.42653 x=18.94 y=13.11 z=19.04 rg=1.18 | m=0.83208 x=15.21 y=13.58 z=19.25 rg=0.00 | m=0.802427 x=20.20 y=14.84 z=17.21 rg=0.00 | m=0.755402 x=16.31 y=12.50 z=19.84 rg=0.00
# RAD t=1060.00 0.75:1.993e-07,0,1.0004,6.857e-05 2.25:1.99e-06,0,1.0004,0.001284 3.75:8.949e-06,0,1.0003,0.009421 5.25:4.204e-05,0,1.0003,0.008069 6.75:4.703e-05,0,0.9978,2.397 8.25:-2.72e-05,0,0.9986,2.434 9.75:0.0001302,0,0.9978,4.773 11.25:-2.941e-05,0,1.0003,0.08792
1070.000	5037.62262	9.2749407	0	1.28496929	5048.18253043	-5.405e-16	17932	17.115	14.676	17.596	0.002	0.0000	0.8455	0.86716	0.8500	0.9947	1.64997	1.64941	0.0000	0.0000	0.0000	-0.012112	0.0049374	-0.001173	0	0	0
# CONV t=1070.00 cond=0 evap=0 rough=0 back_s=0
# LEDGER t=1070.000 mode=3 sum_err=0 max|E-iEu|=1.110e-16 run_max_diff=0.000e+00 run_max_sum_err=0 steps=53500 E0_int=5048182530434780 sum=5048182530434780
# NETG t=1070.00 gates min=0.0000 mean=0.6033 edges=12
# LUMP t=1070.00 n=5 Emfree=9.27494 | m=4.14909 x=16.65 y=16.07 z=16.86 rg=2.13 | m=2.2376 x=18.95 y=13.12 z=19.03 rg=1.19 | m=0.831655 x=15.21 y=13.58 z=19.25 rg=0.00 | m=0.801871 x=20.20 y=14.84 z=17.21 rg=0.00 | m=0.75464 x=16.31 y=12.50 z=19.84 rg=0.00
# RAD t=1070.00 0.75:2.134e-07,0,1.0004,1.541e-05 2.25:2.77e-06,0,1.0004,0.0003121 3.75:9.165e-06,0,1.0003,0.006617 5.25:4.241e-05,0,1.0003,0.004021 6.75:4.3e-05,0,0.9978,2.036 8.25:5.214e-05,0,0.9986,2.354 9.75:0.0001364,0,0.9978,4.57 11.25:9.812e-06,0,1.0003,0.08529
1080.000	5037.62262	9.77981864	0	0.780091352	5048.18253043	-5.405e-16	17932	17.064	14.694	17.564	0.003	0.0000	0.8455	0.87126	0.8500	0.9947	1.64997	1.64941	0.0000	0.0000	0.0000	-0.0045463	0.0014795	0.0017362	0	0	0
# CONV t=1080.00 cond=0 evap=0 rough=0 back_s=0
# LEDGER t=1080.000 mode=3 sum_err=0 max|E-iEu|=1.110e-16 run_max_diff=0.000e+00 run_max_sum_err=0 steps=54000 E0_int=5048182530434780 sum=5048182530434780
# NETG t=1080.00 gates min=0.0004 mean=0.5686 edges=12
# LUMP t=1080.00 n=5 Emfree=9.77982 | m=4.47627 x=16.55 y=16.07 z=16.85 rg=2.11 | m=2.36866 x=18.95 y=13.11 z=19.04 rg=1.18 | m=0.831265 x=15.21 y=13.58 z=19.25 rg=0.00 | m=0.801136 x=20.20 y=14.84 z=17.21 rg=0.00 | m=0.753759 x=16.31 y=12.50 z=19.84 rg=0.00
# RAD t=1080.00 0.75:2.428e-07,0,1.0004,3.491e-05 2.25:2.767e-06,0,1.0004,0.000788 3.75:9.344e-06,0,1.0003,0.007727 5.25:4.098e-05,0,1.0003,0.007636 6.75:2.765e-05,0,0.9978,2.312 8.25:0.0001488,0,0.9986,2.422 9.75:0.0001112,0,0.9978,4.697 11.25:4.6e-05,0,1.0003,0.101
1090.000	5037.62262	10.2467013	0	0.313208727	5048.18253043	-5.405e-16	17931	17.029	14.697	17.565	0.003	0.0000	0.8455	0.87255	0.8500	0.9947	1.64995	1.64941	0.0000	0.0000	0.0000	0.0091118	-0.0052804	0.0097617	0	0	0
# CONV t=1090.00 cond=0 evap=0 rough=0 back_s=0
# LEDGER t=1090.000 mode=3 sum_err=0 max|E-iEu|=1.110e-16 run_max_diff=0.000e+00 run_max_sum_err=0 steps=54500 E0_int=5048182530434780 sum=5048182530434780
# NETG t=1090.00 gates min=0.0012 mean=0.6917 edges=12
# LUMP t=1090.00 n=5 Emfree=10.2467 | m=4.77202 x=16.48 y=16.05 z=16.84 rg=2.09 | m=2.51111 x=18.94 y=13.10 z=19.05 rg=1.17 | m=0.830961 x=15.21 y=13.58 z=19.25 rg=0.00 | m=0.800541 x=20.20 y=14.84 z=17.21 rg=0.00 | m=0.75279 x=16.31 y=12.50 z=19.84 rg=0.00
# RAD t=1090.00 0.75:8.25e-08,0,1.0004,1.368e-05 2.25:3.204e-06,0,1.0003,0.001187 3.75:6.456e-06,0,1.0003,0.008614 5.25:5.117e-05,0,1.0003,0.01399 6.75:1.81e-05,0,0.9978,2.578 8.25:0.0002217,0,0.9986,2.49 9.75:4.201e-06,0,0.9978,4.824 11.25:3.968e-05,0,1.0003,0.1099
1100.000	5037.62262	9.56897324	0	0.990936748	5048.18253043	-5.405e-16	17932	17.072	14.677	17.590	0.002	0.0000	0.8455	0.8734	0.8500	0.9947	1.64996	1.64940	0.0000	0.0000	0.0000	-0.016401	0.007861	-0.0062635	0	0	0
# CONV t=1100.00 cond=0 evap=0 rough=0 back_s=0
# LEDGER t=1100.000 mode=3 sum_err=0 max|E-iEu|=1.110e-16 run_max_diff=0.000e+00 run_max_sum_err=0 steps=55000 E0_int=5048182530434780 sum=5048182530434780
# NETG t=1100.00 gates min=0.0000 mean=0.7762 edges=12
# LUMP t=1100.00 n=5 Emfree=9.56897 | m=4.33106 x=16.58 y=16.05 z=16.87 rg=2.14 | m=2.31481 x=18.95 y=13.11 z=19.03 rg=1.18 | m=0.830709 x=15.21 y=13.58 z=19.25 rg=0.00 | m=0.799826 x=20.20 y=14.84 z=17.21 rg=0.00 | m=0.751985 x=16.31 y=12.50 z=19.84 rg=0.00
# RAD t=1100.00 0.75:8.882e-08,0,1.0004,1.485e-05 2.25:2.909e-06,0,1.0003,0.000439 3.75:5.663e-06,0,1.0003,0.007861 5.25:4.071e-05,0,1.0003,0.008549 6.75:2.63e-05,0,0.9978,2.218 8.25:0.0003952,0,0.9986,2.392 9.75:-0.0002073,0,0.9978,4.608 11.25:0.0001474,0,1.0003,0.1117
1110.000	5037.62262	10.0782614	0	0.481648589	5048.18253043	-5.405e-16	17932	17.043	14.693	17.561	0.003	0.0000	0.8455	0.87339	0.8500	0.9947	1.64998	1.64939	0.0000	0.0000	0.0000	0.0064673	-0.0036658	0.0057368	0	0	0
# CONV t=1110.00 cond=0 evap=0 rough=0 back_s=0
# LEDGER t=1110.000 mode=3 sum_err=0 max|E-iEu|=1.110e-16 run_max_diff=0.000e+00 run_max_sum_err=0 steps=55500 E0_int=5048182530434780 sum=5048182530434780
# NETG t=1110.00 gates min=0.0000 mean=0.6366 edges=12
# LUMP t=1110.00 n=5 Emfree=10.0783 | m=4.65179 x=16.51 y=16.04 z=16.86 rg=2.12 | m=2.45428 x=18.94 y=13.11 z=19.04 rg=1.17 | m=0.830436 x=15.21 y=13.58 z=19.25 rg=0.00 | m=0.799225 x=20.20 y=14.84 z=17.21 rg=0.00 | m=0.751281 x=16.31 y=12.50 z=19.84 rg=0.00
# RAD t=1110.00 0.75:4.84e-07,0,1.0004,5.414e-05 2.25:1.983e-06,0,1.0003,0.001107 3.75:5.159e-06,0,1.0003,0.01007 5.25:1.976e-05,0,1.0003,0.01375 6.75:6.648e-05,0,0.9978,2.484 8.25:0.0003599,0,0.9986,2.455 9.75:-0.0002857,0,0.9978,4.77 11.25:0.0001828,0,1.0003,0.1217
1120.000	5037.62262	9.42297526	0	1.13693473	5048.18253043	-5.405e-16	17932	17.097	14.681	17.609	0.002	0.0000	0.8455	0.87205	0.8500	0.9947	1.64998	1.64939	0.0000	0.0000	0.0000	-0.0064328	0.0025234	0.000448	0	0	0
# CONV t=1120.00 cond=0 evap=0 rough=0 back_s=0
# LEDGER t=1120.000 mode=3 sum_err=0 max|E-iEu|=1.110e-16 run_max_diff=0.000e+00 run_max_sum_err=0 steps=56000 E0_int=5048182530434780 sum=5048182530434780
# NETG t=1120.00 gates min=0.0000 mean=0.5203 edges=12
# LUMP t=1120.00 n=5 Emfree=9.42298 | m=4.25501 x=16.64 y=16.04 z=16.89 rg=2.16 | m=2.26328 x=18.95 y=13.12 z=19.03 rg=1.18 | m=0.830194 x=15.21 y=13.58 z=19.25 rg=0.00 | m=0.798427 x=20.20 y=14.84 z=17.21 rg=0.00 | m=0.750431 x=16.31 y=12.50 z=19.84 rg=0.00
# RAD t=1120.00 0.75:3.638e-07,0,1.0004,2.367e-06 2.25:1.791e-06,0,1.0003,0.000182 3.75:2.794e-06,0,1.0003,0.008457 5.25:1.653e-05,0,1.0003,0.007721 6.75:8.965e-05,0,0.9978,2.138 8.25:0.0002949,0,0.9986,2.359 9.75:-0.0003591,0,0.9978,4.591 11.25:0.0002639,0,1.0003,0.1035
1130.000	5037.62262	9.88279448	0	0.677115506	5048.18253043	-3.603e-16	17932	17.064	14.688	17.588	0.003	0.0000	0.8455	0.86807	0.8500	0.9947	1.64998	1.64939	0.0000	0.0000	0.0000	-0.00090679	0.00010406	-8.9402e-05	0	0	0
# CONV t=1130.00 cond=0 evap=0 rough=0 back_s=0
# LEDGER t=1130.000 mode=3 sum_err=0 max|E-iEu|=1.110e-16 run_max_diff=0.000e+00 run_max_sum_err=0 steps=56500 E0_int=5048182530434780 sum=5048182530434780
# NETG t=1130.00 gates min=0.0000 mean=0.4664 edges=12
# LUMP t=1130.00 n=5 Emfree=9.88279 | m=4.54018 x=16.56 y=16.04 z=16.87 rg=2.14 | m=2.39743 x=18.94 y=13.11 z=19.04 rg=1.18 | m=0.829946 x=15.21 y=13.58 z=19.25 rg=0.00 | m=0.797891 x=20.20 y=14.84 z=17.21 rg=0.00 | m=0.749676 x=16.31 y=12.50 z=19.84 rg=0.00
# RAD t=1130.00 0.75:2.28e-07,0,1.0004,1.456e-05 2.25:9.795e-07,0,1.0003,0.0006624 3.75:3.426e-06,0,1.0003,0.01037 5.25:3.941e-05,0,1.0003,0.01223 6.75:8.416e-05,0,0.9978,2.373 8.25:0.0001534,0,0.9986,2.416 9.75:-0.0003157,0,0.9978,4.729 11.25:0.0001725,0,1.0003,0.1178
1140.000	5037.62262	10.3102916	0	0.249618356	5048.18253043	-3.603e-16	17932	17.040	14.710	17.600	0.002	0.0000	0.8455	0.86312	0.8500	0.9947	1.64998	1.64939	0.0000	0.0000	0.0000	-0.0064239	0.0026276	0.0033276	0	0	0
# CONV t=1140.00 cond=0 evap=0 rough=0 back_s=0
# LEDGER t=1140.000 mode=3 sum_err=0 max|E-iEu|=1.110e-16 run_max_diff=0.000e+00 run_max_sum_err=0 steps=57000 E0_int=5048182530434780 sum=5048182530434780
# NETG t=1140.00 gates min=0.0000 mean=0.4370 edges=12
# LUMP t=1140.00 n=5 Emfree=10.3103 | m=4.85844 x=16.49 y=16.03 z=16.86 rg=2.11 | m=2.54093 x=18.94 y=13.10 z=19.05 rg=1.17 | m=0.829493 x=15.21 y=13.58 z=19.25 rg=0.00 | m=0.797205 x=20.20 y=14.84 z=17.21 rg=0.00 | m=0.748899 x=16.31 y=12.50 z=19.84 rg=0.00
# RAD t=1140.00 0.75:9.293e-08,0,1.0004,4.548e-07 2.25:6.754e-07,0,1.0003,0.0002212 3.75:7.546e-07,0,1.0003,0.008931 5.25:4.639e-05,0,1.0003,0.01444 6.75:9.404e-05,0,0.9978,2.633 8.25:8.596e-05,0,0.9986,2.464 9.75:-0.0002865,0,0.9978,4.863 11.25:7.104e-05,0,1.0003,0.1192
1150.000	5037.62262	9.70431306	0	0.85559693	5048.18253043	-5.405e-16	17932	17.050	14.692	17.585	0.003	0.0000	0.8455	0.862	0.8500	0.9947	1.64998	1.64938	0.0000	0.0000	0.0000	-0.0041672	-8.2046e-05	0.0014586	0	0	0
# CONV t=1150.00 cond=0 evap=0 rough=0 back_s=0
# LEDGER t=1150.000 mode=3 sum_err=0 max|E-iEu|=1.110e-16 run_max_diff=0.000e+00 run_max_sum_err=0 steps=57500 E0_int=5048182530434780 sum=5048182530434780
# NETG t=1150.00 gates min=0.0000 mean=0.4471 edges=12
# LUMP t=1150.00 n=5 Emfree=9.70431 | m=4.42466 x=16.59 y=16.04 z=16.88 rg=2.15 | m=2.33809 x=18.94 y=13.11 z=19.04 rg=1.18 | m=0.829158 x=15.21 y=13.58 z=19.25 rg=0.00 | m=0.796595 x=20.20 y=14.84 z=17.21 rg=0.00 | m=0.748276 x=16.31 y=12.50 z=19.84 rg=0.00
# RAD t=1150.00 0.75:4.44e-08,0,1.0004,4.332e-06 2.25:-6.449e-08,0,1.0003,0.0002623 3.75:3.426e-06,0,1.0003,0.01197 5.25:5.143e-05,0,1.0003,0.01208 6.75:8.201e-05,0,0.9978,2.279 8.25:0.0001107,0,0.9986,2.382 9.75:-0.0003354,0,0.9978,4.656 11.25:0.0001648,0,1.0003,0.1396
1160.000	5037.62262	10.1674085	0	0.392501483	5048.18253043	-5.405e-16	17932	16.990	14.701	17.565	0.003	0.0000	0.8455	0.86062	0.8500	0.9947	1.64998	1.64939	0.0000	0.0000	0.0000	0.0060696	-0.0031999	0.0019465	0	0	0
# CONV t=1160.00 cond=0 evap=0 rough=0 back_s=0
# LEDGER t=1160.000 mode=3 sum_err=0 max|E-iEu|=1.110e-16 run_max_diff=0.000e+00 run_max_sum_err=0 steps=58000 E0_int=5048182530434780 sum=5048182530434780
# NETG t=1160.00 gates min=0.0000 mean=0.6086 edges=12
# LUMP t=1160.00 n=5 Emfree=10.1674 | m=4.68456 x=16.49 y=16.03 z=16.86 rg=2.11 | m=2.48235 x=18.94 y=13.10 z=19.05 rg=1.17 | m=0.828794 x=15.21 y=13.58 z=19.25 rg=0.00 | m=0.795954 x=20.20 y=14.84 z=17.21 rg=0.00 | m=0.747574 x=16.31 y=12.50 z=19.84 rg=0.00
# RAD t=1160.00 0.75:-5.877e-08,0,1.0004,3.383e-05 2.25:-8.289e-07,0,1.0004,0.001149 3.75:3.218e-06,0,1.0003,0.01503 5.25:7.609e-05,0,1.0003,0.01747 6.75:8.411e-05,0,0.9978,2.536 8.25:-5.349e-05,0,0.9986,2.436 9.75:-0.0001806,0,0.9978,4.778 11.25:3.655e-05,0,1.0002,0.1599
1170.000	5037.62262	9.50426563	0	1.05564436	5048.18253043	-5.405e-16	17932	17.054	14.685	17.602	0.003	0.0000	0.8455	0.86417	0.8500	0.9947	1.64998	1.64938	0.0000	0.0000	0.0000	-0.0020623	-0.0018056	0.002466	0	0	0
# CONV t=1170.00 cond=0 evap=0 rough=0 back_s=0
# LEDGER t=1170.000 mode=3 sum_err=0 max|E-iEu|=1.110e-16 run_max_diff=0.000e+00 run_max_sum_err=0 steps=58500 E0_int=5048182530434780 sum=5048182530434780
# NETG t=1170.00 gates min=0.0000 mean=0.5020 edges=12
# LUMP t=1170.00 n=5 Emfree=9.50427 | m=4.28956 x=16.63 y=16.04 z=16.88 rg=2.16 | m=2.28639 x=18.94 y=13.11 z=19.04 rg=1.18 | m=0.828179 x=15.21 y=13.58 z=19.25 rg=0.00 | m=0.795393 x=20.20 y=14.84 z=17.21 rg=0.00 | m=0.746893 x=16.31 y=12.50 z=19.84 rg=0.00
# RAD t=1170.00 0.75:-1.57e-07,0,1.0004,1.745e-06 2.25:-9.591e-07,0,1.0004,0.0004839 3.75:1.55e-06,0,1.0003,0.0128 5.25:8.131e-05,0,1.0003,0.01528 6.75:8.879e-05,0,0.9978,2.161 8.25:-9.191e-06,0,0.9986,2.358 9.75:-0.0001916,0,0.9978,4.583 11.25:3.489e-05,0,1.0002,0.1545
1180.000	5037.62262	10.0052155	0	0.554694475	5048.18253043	-5.405e-16	17932	17.023	14.696	17.584	0.004	0.0000	0.8455	0.87344	0.8500	0.9947	1.64998	1.64938	0.0000	0.0000	0.0000	-0.0014316	-0.0017663	-0.0035491	0	0	0
# CONV t=1180.00 cond=0 evap=0 rough=0 back_s=0
# LEDGER t=1180.000 mode=3 sum_err=0 max|E-iEu|=1.110e-16 run_max_diff=0.000e+00 run_max_sum_err=0 steps=59000 E0_int=5048182530434780 sum=5048182530434780
# NETG t=1180.00 gates min=0.0000 mean=0.5026 edges=12
# LUMP t=1180.00 n=5 Emfree=10.0052 | m=4.601 x=16.55 y=16.04 z=16.87 rg=2.13 | m=2.42533 x=18.94 y=13.11 z=19.04 rg=1.17 | m=0.82769 x=15.21 y=13.58 z=19.25 rg=0.00 | m=0.794825 x=20.20 y=14.84 z=17.21 rg=0.00 | m=0.745959 x=16.31 y=12.50 z=19.84 rg=0.00
# RAD t=1180.00 0.75:-1.598e-07,0,1.0004,3.289e-05 2.25:-5.639e-07,0,1.0003,0.001105 3.75:8.959e-06,0,1.0003,0.01381 5.25:7.275e-05,0,1.0003,0.02091 6.75:9.188e-05,0,0.9978,2.429 8.25:4.93e-05,0,0.9986,2.414 9.75:-0.0001794,0,0.9978,4.735 11.25:-4.94e-06,0,1.0002,0.1588
1190.000	5037.62262	9.30951406	0	1.25039593	5048.18253043	-3.603e-16	17932	17.078	14.677	17.625	0.004	0.0000	0.8455	0.87571	0.8500	0.9947	1.64998	1.64938	0.0000	0.0000	0.0000	-0.004614	-0.003251	-0.0025071	0	0	0
# CONV t=1190.00 cond=0 evap=0 rough=0 back_s=0
# LEDGER t=1190.000 mode=3 sum_err=0 max|E-iEu|=1.110e-16 run_max_diff=0.000e+00 run_max_sum_err=0 steps=59500 E0_int=5048182530434780 sum=5048182530434780
# NETG t=1190.00 gates min=0.0000 mean=0.5177 edges=12
# LUMP t=1190.00 n=5 Emfree=9.30951 | m=4.17356 x=16.66 y=16.05 z=16.89 rg=2.17 | m=2.22902 x=18.94 y=13.11 z=19.03 rg=1.19 | m=0.827224 x=15.21 y=13.58 z=19.25 rg=0.00 | m=0.794144 x=20.20 y=14.84 z=17.21 rg=0.00 | m=0.745208 x=16.31 y=12.50 z=19.84 rg=0.00
# RAD t=1190.00 0.75:-1.516e-07,0,1.0004,5.117e-06 2.25:1.781e-07,0,1.0003,0.0002495 3.75:6.729e-06,0,1.0003,0.01277 5.25:7.103e-05,0,1.0003,0.02103 6.75:9.58e-05,0,0.9978,2.065 8.25:-3.233e-06,0,0.9986,2.335 9.75:-0.0001384,0,0.9978,4.508 11.25:-5.565e-05,0,1.0002,0.144
1200.000	5037.62262	9.82645674	0	0.733453246	5048.18253043	-5.405e-16	17932	17.023	14.685	17.582	0.004	0.0000	0.8455	0.87492	0.8500	0.9947	1.64998	1.64938	0.0000	0.0000	0.0000	-0.0052135	-0.0015632	-0.0017022	0	0	0
# CONV t=1200.00 cond=0 evap=0 rough=0 back_s=0
# LEDGER t=1200.000 mode=3 sum_err=0 max|E-iEu|=1.110e-16 run_max_diff=0.000e+00 run_max_sum_err=0 steps=60000 E0_int=5048182530434780 sum=5048182530434780
# NETG t=1200.00 gates min=0.0000 mean=0.4843 edges=12
# LUMP t=1200.00 n=5 Emfree=9.82646 | m=4.48394 x=16.57 y=16.04 z=16.88 rg=2.14 | m=2.37 x=18.94 y=13.11 z=19.04 rg=1.18 | m=0.826647 x=15.21 y=13.58 z=19.25 rg=0.00 | m=0.79369 x=20.20 y=14.84 z=17.21 rg=0.00 | m=0.744493 x=16.31 y=12.50 z=19.84 rg=0.00
# RAD t=1200.00 0.75:-1.668e-07,0,1.0004,1.117e-05 2.25:-1.534e-07,0,1.0004,0.0007412 3.75:1.627e-06,0,1.0003,0.01424 5.25:7.133e-05,0,1.0003,0.02702 6.75:9.713e-05,0,0.9978,2.337 8.25:-1.382e-05,0,0.9986,2.384 9.75:-0.0001162,0,0.9978,4.664 11.25:-6.48e-05,0,1.0002,0.1516
1210.000	5037.62262	10.2500539	0	0.309856097	5048.18253043	-3.603e-16	17932	16.997	14.695	17.595	0.005	0.0000	0.8455	0.87258	0.8500	0.9947	1.64997	1.64938	0.0000	0.0000	0.0000	-0.0043766	-0.0017077	-0.00132	0	0	0
# CONV t=1210.00 cond=0 evap=0 rough=0 back_s=0
# LEDGER t=1210.000 mode=3 sum_err=0 max|E-iEu|=1.110e-16 run_max_diff=0.000e+00 run_max_sum_err=0 steps=60500 E0_int=5048182530434780 sum=5048182530434780
# NETG t=1210.00 gates min=0.0000 mean=0.4908 edges=12
# LUMP t=1210.00 n=5 Emfree=10.2501 | m=4.7666 x=16.48 y=16.03 z=16.86 rg=2.11 | m=2.51453 x=18.94 y=13.10 z=19.05 rg=1.17 | m=0.826165 x=15.21 y=13.58 z=19.25 rg=0.00 | m=0.793147 x=20.20 y=14.84 z=17.21 rg=0.00 | m=0.743707 x=16.31 y=12.50 z=19.84 rg=0.00
# RAD t=1210.00 0.75:-1.829e-07,0,1.0004,3.393e-07 2.25:-8.838e-07,0,1.0004,0.0003647 3.75:-2.844e-06,0,1.0003,0.01529 5.25:7.167e-05,0,1.0003,0.03355 6.75:9.537e-05,0,0.9978,2.607 8.25:-4.454e-06,0,0.9986,2.442 9.75:-7.277e-05,0,0.9978,4.763 11.25:-0.0001256,0,1.0002,0.1448
1220.000	5037.62262	9.64817411	0	0.911735876	5048.18253043	-3.603e-16	17932	17.015	14.669	17.597	0.006	0.0000	0.8455	0.87655	0.8500	0.9947	1.64997	1.64937	0.0000	0.0000	0.0000	-0.0039495	-0.00050156	0.0049689	0	0	0
# CONV t=1220.00 cond=0 evap=0 rough=0 back_s=0
# LEDGER t=1220.000 mode=3 sum_err=0 max|E-iEu|=1.110e-16 run_max_diff=0.000e+00 run_max_sum_err=0 steps=61000 E0_int=5048182530434780 sum=5048182530434780
# NETG t=1220.00 gates min=0.0000 mean=0.4175 edges=12
# LUMP t=1220.00 n=5 Emfree=9.64817 | m=4.3685 x=16.60 y=16.04 z=16.88 rg=2.15 | m=2.31442 x=18.94 y=13.11 z=19.04 rg=1.18 | m=0.825809 x=15.21 y=13.58 z=19.25 rg=0.00 | m=0.792658 x=20.20 y=14.84 z=17.21 rg=0.00 | m=0.742959 x=16.31 y=12.50 z=19.84 rg=0.00
# RAD t=1220.00 0.75:-2.791e-07,0,1.0004,2.68e-06 2.25:-1.557e-06,0,1.0004,0.0004731 3.75:-5.145e-06,0,1.0003,0.01579 5.25:7.3e-05,0,1.0003,0.03543 6.75:9.305e-05,0,0.9978,2.244 8.25:0.0001187,0,0.9986,2.364 9.75:-0.000214,0,0.9979,4.577 11.25:4.429e-05,0,1.0002,0.1699
1230.000	5037.62262	10.1445361	0	0.415373932	5048.18253043	-5.405e-16	17932	16.982	14.680	17.575	0.006	0.0000	0.8455	0.87729	0.8500	0.9947	1.64997	1.64937	0.0000	0.0000	0.0000	-0.0018142	0.00088868	-0.00024352	0	0	0
# CONV t=1230.00 cond=0 evap=0 rough=0 back_s=0
# LEDGER t=1230.000 mode=3 sum_err=0 max|E-iEu|=1.110e-16 run_max_diff=0.000e+00 run_max_sum_err=0 steps=61500 E0_int=5048182530434780 sum=5048182530434780
# NETG t=1230.00 gates min=0.0000 mean=0.4845 edges=12
# LUMP t=1230.00 n=5 Emfree=10.1445 | m=4.66946 x=16.52 y=16.03 z=16.87 rg=2.13 | m=2.45856 x=18.94 y=13.11 z=19.05 rg=1.17 | m=0.8254 x=15.21 y=13.58 z=19.25 rg=0.00 | m=0.791991 x=20.20 y=14.84 z=17.21 rg=0.00 | m=0.741971 x=16.31 y=12.50 z=19.84 rg=0.00
# RAD t=1230.00 0.75:-3.444e-07,0,1.0004,5.738e-05 2.25:-2.018e-06,0,1.0004,0.001302 3.75:3.603e-06,0,1.0003,0.01878 5.25:5.011e-05,0,1.0003,0.03885 6.75:0.0001218,0,0.9978,2.509 8.25:8.936e-05,0,0.9986,2.412 9.75:-0.0001909,0,0.9979,4.73 11.25:-2.139e-05,0,1.0002,0.1753
1240.000	5037.62262	9.48123104	0	1.07867895	5048.18253043	-5.405e-16	17932	17.015	14.666	17.612	0.006	0.0000	0.8455	0.87811	0.8500	0.9947	1.64993	1.64937	0.0000	0.0000	0.0000	-0.0073055	-0.0037294	-0.00087349	0	0	0
# CONV t=1240.00 cond=0 evap=0 rough=0 back_s=0
# LEDGER t=1240.000 mode=3 sum_err=0 max|E-iEu|=1.110e-16 run_max_diff=0.000e+00 run_max_sum_err=0 steps=62000 E0_int=5048182530434780 sum=5048182530434780
# NETG t=1240.00 gates min=0.0000 mean=0.4148 edges=12
# LUMP t=1240.00 n=5 Emfree=9.48123 | m=4.26509 x=16.63 y=16.04 z=16.89 rg=2.16 | m=2.26725 x=18.94 y=13.11 z=19.04 rg=1.18 | m=0.824868 x=15.21 y=13.58 z=19.25 rg=0.00 | m=0.791575 x=20.20 y=14.84 z=17.21 rg=0.00 | m=0.741232 x=16.31 y=12.50 z=19.84 rg=0.00
# RAD t=1240.00 0.75:-5.663e-07,0,1.0004,8.181e-07 2.25:-1.324e-06,0,1.0004,0.001735 3.75:3.133e-05,0,1.0003,0.02079 5.25:-1.184e-05,0,1.0003,0.02571 6.75:0.0001353,0,0.9978,2.166 8.25:4.382e-05,0,0.9986,2.333 9.75:-0.0001072,0,0.9979,4.516 11.25:-0.0001451,0,1.0002,0.1501
1250.000	5037.62262	9.95912629	0	0.600783702	5048.18253043	-3.603e-16	17931	16.976	14.667	17.579	0.006	0.0000	0.8455	0.88124	0.8500	0.9947	1.64985	1.64937	0.0000	0.0000	0.0000	-0.0061976	0.0010629	-0.0020971	0	0	0
# CONV t=1250.00 cond=0 evap=0 rough=0 back_s=0
# LEDGER t=1250.000 mode=3 sum_err=0 max|E-iEu|=1.110e-16 run_max_diff=0.000e+00 run_max_sum_err=0 steps=62500 E0_int=5048182530434780 sum=5048182530434780
# NETG t=1250.00 gates min=0.0000 mean=0.4543 edges=12
# LUMP t=1250.00 n=5 Emfree=9.95913 | m=4.54472 x=16.55 y=16.04 z=16.87 rg=2.13 | m=2.40584 x=18.94 y=13.11 z=19.04 rg=1.17 | m=0.824551 x=15.21 y=13.58 z=19.25 rg=0.00 | m=0.791077 x=20.20 y=14.84 z=17.21 rg=0.00 | m=0.74044 x=16.31 y=12.50 z=19.84 rg=0.00
# RAD t=1250.00 0.75:-1.813e-06,0,1.0004,6.691e-05 2.25:1.323e-06,0,1.0003,0.005273 3.75:5.271e-05,0,1.0003,0.02659 5.25:-2.817e-05,0,1.0003,0.02275 6.75:0.0001069,0,0.9978,2.409 8.25:7.068e-05,0,0.9986,2.392 9.75:-9.253e-05,0,0.9979,4.654 11.25:-0.0001563,0,1.0002,0.1726
1260.000	5037.62262	9.28062071	0	1.27928928	5048.18253043	-3.603e-16	17931	17.011	14.641	17.617	0.006	0.0000	0.8455	0.8815	0.8500	0.9947	1.64973	1.64937	0.0000	0.0000	0.0000	-0.0028172	-0.0077273	0.00089847	0	0	0
# CONV t=1260.00 cond=0 evap=0 rough=0 back_s=0
# LEDGER t=1260.000 mode=3 sum_err=0 max|E-iEu|=1.110e-16 run_max_diff=0.000e+00 run_max_sum_err=0 steps=63000 E0_int=5048182530434780 sum=5048182530434780
# NETG t=1260.00 gates min=0.0000 mean=0.5274 edges=12
# LUMP t=1260.00 n=5 Emfree=9.28062 | m=4.12725 x=16.65 y=16.05 z=16.89 rg=2.16 | m=2.21608 x=18.94 y=13.11 z=19.03 rg=1.19 | m=0.824237 x=15.21 y=13.58 z=19.25 rg=0.00 | m=0.790534 x=20.20 y=14.84 z=17.21 rg=0.00 | m=0.739624 x=16.31 y=12.50 z=19.84 rg=0.00
# RAD t=1260.00 0.75:-5.407e-06,0,1.0004,7.744e-06 2.25:1.599e-05,0,1.0003,0.00608 3.75:4.846e-05,0,1.0003,0.02292 5.25:-1.748e-05,0,1.0003,0.01591 6.75:9.763e-05,0,0.9978,2.069 8.25:-2.896e-05,0,0.9986,2.3 9.75:-1.374e-05,0,0.9979,4.454 11.25:-0.0001761,0,1.0002,0.1571
1270.000	5037.62262	9.75909601	0	0.800813976	5048.18253043	-5.405e-16	17931	16.973	14.650	17.575	0.006	0.0000	0.8455	0.88244	0.8500	0.9947	1.64969	1.64937	0.0000	0.0000	0.0000	-0.0072957	-0.0020341	-0.0027579	0	0	0
# CONV t=1270.00 cond=0 evap=0 rough=0 back_s=0
# LEDGER t=1270.000 mode=3 sum_err=0 max|E-iEu|=1.110e-16 run_max_diff=0.000e+00 run_max_sum_err=0 steps=63500 E0_int=5048182530434780 sum=5048182530434780
# NETG t=1270.00 gates min=0.0000 mean=0.6204 edges=12
# LUMP t=1270.00 n=5 Emfree=9.7591 | m=4.41516 x=16.58 y=16.04 z=16.88 rg=2.15 | m=2.35421 x=18.94 y=13.11 z=19.04 rg=1.18 | m=0.82368 x=15.21 y=13.58 z=19.25 rg=0.00 | m=0.78999 x=20.20 y=14.84 z=17.21 rg=0.00 | m=0.738749 x=16.31 y=12.50 z=19.84 rg=0.00
# RAD t=1270.00 0.75:-3.892e-06,0,1.0004,4.929e-05 2.25:2.323e-05,0,1.0003,0.006437 3.75:3.833e-05,0,1.0003,0.02258 5.25:9.229e-06,0,1.0003,0.01913 6.75:7.921e-05,0,0.9978,2.307 8.25:1.143e-05,0,0.9986,2.356 9.75:-9.167e-05,0,0.9979,4.616 11.25:2.284e-05,0,1.0002,0.1801
1280.000	5037.62262	10.2260051	0	0.333904916	5048.18253043	-5.405e-16	17931	16.960	14.663	17.576	0.006	0.0000	0.8455	0.88335	0.8500	0.9947	1.64975	1.64937	0.0000	0.0000	0.0000	-0.0029338	0.00062211	0.0012069	0	0	0
# CONV t=1280.00 cond=0 evap=0 rough=0 back_s=0
# LEDGER t=1280.000 mode=3 sum_err=0 max|E-iEu|=1.110e-16 run_max_diff=0.000e+00 run_max_sum_err=0 steps=64000 E0_int=5048182530434780 sum=5048182530434780
# NETG t=1280.00 gates min=0.0000 mean=0.6293 edges=12
# LUMP t=1280.00 n=5 Emfree=10.226 | m=4.7327 x=16.51 y=16.03 z=16.86 rg=2.12 | m=2.49168 x=18.94 y=13.10 z=19.05 rg=1.17 | m=0.82334 x=15.21 y=13.58 z=19.25 rg=0.00 | m=0.789554 x=20.20 y=14.84 z=17.21 rg=0.00 | m=0.737749 x=16.31 y=12.50 z=19.84 rg=0.00
# RAD t=1280.00 0.75:1.011e-06,0,1.0004,2.637e-05 2.25:2.045e-05,0,1.0003,0.005302 3.75:2.982e-05,0,1.0003,0.01761 5.25:3.605e-05,0,1.0003,0.02596 6.75:6.835e-05,0,0.9978,2.57 8.25:2.77e-05,0,0.9986,2.43 9.75:-7.951e-05,0,0.9979,4.763 11.25:6.938e-05,0,1.0002,0.1722
1290.000	5037.62262	9.60034545	0	0.959564542	5048.18253043	-5.405e-16	17931	16.975	14.644	17.571	0.005	0.0000	0.8455	0.89228	0.8500	0.9947	1.64981	1.64937	0.0000	0.0000	0.0000	-0.0049305	-0.0076279	-0.0058834	0	0	0
# CONV t=1290.00 cond=0 evap=0 rough=0 back_s=0
# LEDGER t=1290.000 mode=3 sum_err=0 max|E-iEu|=1.110e-16 run_max_diff=0.000e+00 run_max_sum_err=0 steps=64500 E0_int=5048182530434780 sum=5048182530434780
# NETG t=1290.00 gates min=0.0000 mean=0.5129 edges=12
# LUMP t=1290.00 n=5 Emfree=9.60035 | m=4.31216 x=16.61 y=16.04 z=16.88 rg=2.15 | m=2.31166 x=18.94 y=13.11 z=19.04 rg=1.18 | m=0.823014 x=15.21 y=13.58 z=19.25 rg=0.00 | m=0.789076 x=20.20 y=14.84 z=17.21 rg=0.00 | m=0.736961 x=16.31 y=12.50 z=19.84 rg=0.00
# RAD t=1290.00 0.75:4.944e-06,0,1.0004,5.35e-05 2.25:1.763e-05,0,1.0003,0.003246 3.75:1.117e-05,0,1.0003,0.01302 5.25:7.158e-05,0,1.0003,0.02924 6.75:3.872e-05,0,0.9978,2.216 8.25:5.73e-05,0,0.9986,2.339 9.75:-5.529e-05,0,0.9979,4.592 11.25:4.678e-05,0,1.0002,0.1575
1300.000	5037.62262	10.0277003	0	0.53220973	5048.18253043	-5.405e-16	17931	16.951	14.634	17.558	0.005	0.0000	0.8455	0.89726	0.8500	0.9947	1.64984	1.64938	0.0000	0.0000	0.0000	-0.010684	-0.0013113	-0.0056334	0	0	0
# CONV t=1300.00 cond=0 evap=0 rough=0 back_s=0
# LEDGER t=1300.000 mode=3 sum_err=0 max|E-iEu|=1.110e-16 run_max_diff=0.000e+00 run_max_sum_err=0 steps=65000 E0_int=5048182530434780 sum=5048182530434780
# NETG t=1300.00 gates min=0.0000 mean=0.5946 edges=12
# LUMP t=1300.00 n=5 Emfree=10.0277 | m=4.57515 x=16.52 y=16.03 z=16.87 rg=2.13 | m=2.43871 x=18.94 y=13.11 z=19.04 rg=1.17 | m=0.822512 x=15.21 y=13.58 z=19.25 rg=0.00 | m=0.788405 x=20.20 y=14.84 z=17.21 rg=0.00 | m=0.736108 x=16.31 y=12.50 z=19.84 rg=0.00
# RAD t=1300.00 0.75:4.627e-06,0,1.0004,0.0003307 2.25:4.813e-06,0,1.0003,0.004504 3.75:-2.028e-06,0,1.0003,0.01383 5.25:7.58e-05,0,1.0003,0.03328 6.75:3.029e-05,0,0.9978,2.461 8.25:-4.543e-05,0,0.9986,2.395 9.75:-3.303e-05,0,0.9978,4.735 11.25:6.407e-06,0,1.0002,0.1458
1310.000	5037.62262	9.37322361	0	1.18668638	5048.18253043	-3.603e-16	17931	17.008	14.615	17.596	0.004	0.0000	0.8455	0.8957	0.8500	0.9947	1.64983	1.64938	0.0000	0.0000	0.0000	0.0020566	-0.012682	-0.0054893	0	0	0
# CONV t=1310.00 cond=0 evap=0 rough=0 back_s=0
# LEDGER t=1310.000 mode=3 sum_err=0 max|E-iEu|=1.110e-16 run_max_diff=0.000e+00 run_max_sum_err=0 steps=65500 E0_int=5048182530434780 sum=5048182530434780
# NETG t=1310.00 gates min=0.0000 mean=0.4479 edges=12
# LUMP t=1310.00 n=5 Emfree=9.37322 | m=4.1772 x=16.63 y=16.04 z=16.89 rg=2.16 | m=2.24835 x=18.95 y=13.11 z=19.03 rg=1.18 | m=0.822153 x=15.21 y=13.58 z=19.25 rg=0.00 | m=0.787937 x=20.20 y=14.84 z=17.21 rg=0.00 | m=0.735309 x=16.31 y=12.50 z=19.84 rg=0.00
# RAD t=1310.00 0.75:2.369e-06,0,1.0003,3.618e-05 2.25:2.1e-06,0,1.0003,0.002665 3.75:-3.652e-06,0,1.0003,0.01468 5.25:7.469e-05,0,1.0003,0.02072 6.75:-1.272e-05,0,0.9978,2.11 8.25:-6.478e-05,0,0.9986,2.325 9.75:0.000205,0,0.9978,4.536 11.25:-0.0002291,0,1.0002,0.1245
1320.000	5037.62262	9.87367692	0	0.686233071	5048.18253043	-3.603e-16	17932	16.979	14.620	17.560	0.004	0.0000	0.8455	0.88796	0.8500	0.9947	1.64983	1.64938	0.0000	0.0000	0.0000	-0.00028254	-0.0037403	-0.0021294	0	0	0
# CONV t=1320.00 cond=0 evap=0 rough=0 back_s=0
# LEDGER t=1320.000 mode=3 sum_err=0 max|E-iEu|=1.110e-16 run_max_diff=0.000e+00 run_max_sum_err=0 steps=66000 E0_int=5048182530434780 sum=5048182530434780
# NETG t=1320.00 gates min=0.0000 mean=0.4147 edges=12
# LUMP t=1320.00 n=5 Emfree=9.87368 | m=4.49059 x=16.56 y=16.04 z=16.87 rg=2.14 | m=2.37975 x=18.94 y=13.11 z=19.04 rg=1.18 | m=0.821862 x=15.21 y=13.58 z=19.25 rg=0.00 | m=0.787411 x=20.20 y=14.84 z=17.21 rg=0.00 | m=0.734499 x=16.31 y=12.50 z=19.84 rg=0.00
# RAD t=1320.00 0.75:1.25e-06,0,1.0003,0.0002102 2.25:1.5e-06,0,1.0003,0.004489 3.75:7.117e-06,0,1.0003,0.01798 5.25:6.046e-05,0,1.0003,0.01796 6.75:-4.255e-05,0,0.9978,2.368 8.25:8.31e-05,0,0.9986,2.396 9.75:0.000118,0,0.9978,4.679 11.25:-0.0001555,0,1.0002,0.1414
1330.000	5037.62262	10.2831494	0	0.276760625	5048.18253043	-3.603e-16	17931	16.972	14.641	17.582	0.003	0.0000	0.8455	0.88062	0.8500	0.9947	1.64982	1.64938	0.0000	0.0000	0.0000	-0.003266	-0.0046073	0.0035859	0	0	0
# CONV t=1330.00 cond=0 evap=0 rough=0 back_s=0
# LEDGER t=1330.000 mode=3 sum_err=0 max|E-iEu|=1.110e-16 run_max_diff=0.000e+00 run_max_sum_err=0 steps=66500 E0_int=5048182530434780 sum=5048182530434780
# NETG t=1330.00 gates min=0.0000 mean=0.4581 edges=12
# LUMP t=1330.00 n=5 Emfree=10.2831 | m=4.79506 x=16.49 y=16.03 z=16.86 rg=2.12 | m=2.5202 x=18.94 y=13.10 z=19.05 rg=1.17 | m=0.821413 x=15.21 y=13.58 z=19.25 rg=0.00 | m=0.786928 x=20.20 y=14.84 z=17.21 rg=0.00 | m=0.733634 x=16.31 y=12.50 z=19.84 rg=0.00
# RAD t=1330.00 0.75:6.556e-07,0,1.0003,1.481e-05 2.25:1.29e-06,0,1.0003,0.003611 3.75:2.458e-05,0,1.0003,0.01561 5.25:-2.164e-07,0,1.0003,0.01154 6.75:-1.822e-05,0,0.9978,2.612 8.25:5.948e-05,0,0.9986,2.445 9.75:7.689e-05,0,0.9978,4.817 11.25:-8.54e-05,0,1.0002,0.1408
1340.000	5037.62262	9.69481521	0	0.865094775	5048.18253043	-5.405e-16	17931	16.971	14.609	17.562	0.004	0.0000	0.8455	0.87754	0.8500	0.9947	1.64984	1.64938	0.0000	0.0000	0.0000	-0.0080464	-0.00052389	0.00026181	0	0	0
# CONV t=1340.00 cond=0 evap=0 rough=0 back_s=0
# LEDGER t=1340.000 mode=3 sum_err=0 max|E-iEu|=1.110e-16 run_max_diff=0.000e+00 run_max_sum_err=0 steps=67000 E0_int=5048182530434780 sum=5048182530434780
# NETG t=1340.00 gates min=0.0000 mean=0.4256 edges=12
# LUMP t=1340.00 n=5 Emfree=9.69482 | m=4.35557 x=16.59 y=16.04 z=16.88 rg=2.15 | m=2.3349 x=18.95 y=13.11 z=19.04 rg=1.18 | m=0.820975 x=15.21 y=13.58 z=19.25 rg=0.00 | m=0.786167 x=20.20 y=14.84 z=17.21 rg=0.00 | m=0.732827 x=16.31 y=12.50 z=19.84 rg=0.00
# RAD t=1340.00 0.75:1.28e-06,0,1.0003,0.0001362 2.25:1.723e-06,0,1.0003,0.00394 3.75:2.043e-05,0,1.0003,0.01647 5.25:2.149e-06,0,1.0003,0.01556 6.75:-2.208e-05,0,0.9978,2.259 8.25:5.856e-06,0,0.9986,2.373 9.75:-9.112e-06,0,0.9978,4.622 11.25:9.982e-05,0,1.0002,0.1427
1350.000	5037.62262	10.1667648	0	0.39314514	5048.18253043	-3.603e-16	17931	16.919	14.634	17.540	0.005	0.0000	0.8455	0.87279	0.8500	0.9947	1.64984	1.64938	0.0000	0.0000	0.0000	0.0048959	0.0059576	-0.0041713	0	0	0
# CONV t=1350.00 cond=0 evap=0 rough=0 back_s=0
# LEDGER t=1350.000 mode=3 sum_err=0 max|E-iEu|=1.110e-16 run_max_diff=0.000e+00 run_max_sum_err=0 steps=67500 E0_int=5048182530434780 sum=5048182530434780
# NETG t=1350.00 gates min=0.0000 mean=0.5203 edges=12
# LUMP t=1350.00 n=5 Emfree=10.1668 | m=4.64876 x=16.50 y=16.03 z=16.86 rg=2.12 | m=2.46643 x=18.94 y=13.10 z=19.05 rg=1.17 | m=0.820693 x=15.21 y=13.58 z=19.25 rg=0.00 | m=0.785697 x=20.20 y=14.84 z=17.21 rg=0.00 | m=0.73193 x=16.31 y=12.50 z=19.84 rg=0.00
# RAD t=1350.00 0.75:1.34e-06,0,1.0003,0.0004551 2.25:2.718e-06,0,1.0003,0.00596 3.75:1.168e-05,0,1.0003,0.01764 5.25:1.263e-05,0,1.0003,0.02011 6.75:-1.356e-05,0,0.9978,2.517 8.25:-7.755e-05,0,0.9986,2.447 9.75:2.845e-05,0,0.9979,4.745 11.25:0.000124,0,1.0002,0.1397
1360.000	5037.62262	9.51640113	0	1.04350886	5048.18253043	-3.603e-16	17931	16.962	14.627	17.565	0.004	0.0000	0.8455	0.8682	0.8500	0.9947	1.64984	1.64937	0.0000	0.0000	0.0000	-0.0051155	0.0014752	-0.00039839	0	0	0
# CONV t=1360.00 cond=0 evap=0 rough=0 back_s=0
# LEDGER t=1360.000 mode=3 sum_err=0 max|E-iEu|=1.110e-16 run_max_diff=0.000e+00 run_max_sum_err=0 steps=68000 E0_int=5048182530434780 sum=5048182530434780
# NETG t=1360.00 gates min=0.0000 mean=0.5218 edges=12
# LUMP t=1360.00 n=5 Emfree=9.5164 | m=4.24069 x=16.62 y=16.04 z=16.89 rg=2.16 | m=2.28203 x=18.95 y=13.11 z=19.04 rg=1.18 | m=0.820319 x=15.21 y=13.58 z=19.25 rg=0.00 | m=0.785097 x=20.20 y=14.84 z=17.21 rg=0.00 | m=0.731164 x=16.31 y=12.50 z=19.84 rg=0.00
# RAD t=1360.00 0.75:1.387e-06,0,1.0003,0.000132 2.25:3.206e-06,0,1.0003,0.001601 3.75:4.956e-06,0,1.0003,0.01585 5.25:1.302e-05,0,1.0003,0.01783 6.75:-7.365e-06,0,0.9978,2.169 8.25:3.434e-06,0,0.9986,2.346 9.75:-1.369e-05,0,0.9979,4.552 11.25:0.000199,0,1.0002,0.1349
1370.000	5037.62262	9.99575956	0	0.56415043	5048.18253043	-3.603e-16	17931	16.931	14.633	17.547	0.005	0.0000	0.8455	0.8599	0.8500	0.9947	1.64983	1.64937	0.0000	0.0000	0.0000	-0.0020545	-0.0011992	-0.0033645	0	0	0
# CONV t=1370.00 cond=0 evap=0 rough=0 back_s=0
# LEDGER t=1370.000 mode=3 sum_err=0 max|E-iEu|=1.110e-16 run_max_diff=0.000e+00 run_max_sum_err=0 steps=68500 E0_int=5048182530434780 sum=5048182530434780
# NETG t=1370.00 gates min=0.0000 mean=0.5332 edges=12
# LUMP t=1370.00 n=5 Emfree=9.99576 | m=4.54094 x=16.54 y=16.03 z=16.87 rg=2.14 | m=2.41164 x=18.94 y=13.11 z=19.05 rg=1.17 | m=0.819856 x=15.21 y=13.58 z=19.25 rg=0.00 | m=0.784534 x=20.20 y=14.84 z=17.21 rg=0.00 | m=0.730354 x=16.31 y=12.50 z=19.84 rg=0.00
# RAD t=1370.00 0.75:1.81e-06,0,1.0003,0.0004912 2.25:2.002e-06,0,1.0003,0.003985 3.75:-2.545e-06,0,1.0003,0.01742 5.25:4.083e-06,0,1.0003,0.02351 6.75:3.95e-05,0,0.9978,2.419 8.25:3.208e-06,0,0.9986,2.404 9.75:-0.0001316,0,0.9979,4.7 11.25:0.0001525,0,1.0002,0.1513
1380.000	5037.62262	9.32163008	0	1.23827991	5048.18253043	-3.603e-16	17932	16.969	14.621	17.578	0.004	0.0000	0.8455	0.85876	0.8500	0.9947	1.64982	1.64937	0.0000	0.0000	0.0000	-0.0065688	-0.0012121	-0.0014392	0	0	0
# CONV t=1380.00 cond=0 evap=0 rough=0 back_s=0
# LEDGER t=1380.000 mode=3 sum_err=0 max|E-iEu|=1.110e-16 run_max_diff=0.000e+00 run_max_sum_err=0 steps=69000 E0_int=5048182530434780 sum=5048182530434780
# NETG t=1380.00 gates min=0.0000 mean=0.4669 edges=12
# LUMP t=1380.00 n=5 Emfree=9.32163 | m=4.12862 x=16.65 y=16.04 z=16.89 rg=2.17 | m=2.22002 x=18.95 y=13.11 z=19.03 rg=1.18 | m=0.819472 x=15.21 y=13.58 z=19.25 rg=0.00 | m=0.783737 x=20.20 y=14.84 z=17.21 rg=0.00 | m=0.729429 x=16.31 y=12.50 z=19.84 rg=0.00
# RAD t=1380.00 0.75:3.102e-06,0,1.0003,0.0005003 2.25:9.302e-07,0,1.0003,0.001089 3.75:-1.915e-06,0,1.0003,0.01518 5.25:5.698e-06,0,1.0003,0.01985 6.75:6.223e-05,0,0.9978,2.073 8.25:1.972e-05,0,0.9986,2.312 9.75:-0.0001331,0,0.9979,4.491 11.25:6.056e-05,0,1.0002,0.1422
1390.000	5037.62262	9.78349082	0	0.776419171	5048.18253043	-5.405e-16	17932	16.930	14.618	17.548	0.005	0.0000	0.8455	0.8709	0.8500	0.9947	1.64979	1.64937	0.0000	0.0000	0.0000	-0.012522	-0.0014175	0.00051482	0	0	0
# CONV t=1390.00 cond=0 evap=0 rough=0 back_s=0
# LEDGER t=1390.000 mode=3 sum_err=0 max|E-iEu|=1.110e-16 run_max_diff=0.000e+00 run_max_sum_err=0 steps=69500 E0_int=5048182530434780 sum=5048182530434780
# NETG t=1390.00 gates min=0.0000 mean=0.4949 edges=12
# LUMP t=1390.00 n=5 Emfree=9.78349 | m=4.40929 x=16.56 y=16.04 z=16.87 rg=2.14 | m=2.3576 x=18.95 y=13.11 z=19.04 rg=1.18 | m=0.819079 x=15.21 y=13.58 z=19.25 rg=0.00 | m=0.78324 x=20.20 y=14.84 z=17.21 rg=0.00 | m=0.728578 x=16.31 y=12.50 z=19.84 rg=0.00
# RAD t=1390.00 0.75:3.899e-06,0,1.0003,0.001055 2.25:3.333e-07,0,1.0003,0.002729 3.75:1.662e-06,0,1.0003,0.01593 5.25:1.397e-05,0,1.0003,0.02562 6.75:5.936e-05,0,0.9978,2.313 8.25:1.713e-05,0,0.9986,2.374 9.75:-0.0001093,0,0.9979,4.627 11.25:5.849e-05,0,1.0002,0.1441
1400.000	5037.62262	10.2257036	0	0.334206423	5048.18253043	-5.405e-16	17931	16.918	14.638	17.564	0.005	0.0000	0.8455	0.88735	0.8500	0.9947	1.64980	1.64937	0.0000	0.0000	0.0000	-0.0030374	-0.0076449	0.0049406	0	0	0
# CONV t=1400.00 cond=0 evap=0 rough=0 back_s=0
# LEDGER t=1400.000 mode=3 sum_err=0 max|E-iEu|=1.110e-16 run_max_diff=0.000e+00 run_max_sum_err=0 steps=70000 E0_int=5048182530434780 sum=5048182530434780
# NETG t=1400.00 gates min=0.0000 mean=0.5239 edges=12
# LUMP t=1400.00 n=5 Emfree=10.2257 | m=4.72475 x=16.49 y=16.03 z=16.86 rg=2.12 | m=2.49562 x=18.94 y=13.10 z=19.05 rg=1.17 | m=0.81869 x=15.21 y=13.58 z=19.25 rg=0.00 | m=0.782609 x=20.20 y=14.84 z=17.21 rg=0.00 | m=0.727708 x=16.31 y=12.50 z=19.84 rg=0.00
# RAD t=1400.00 0.75:2.265e-06,0,1.0003,0.0005494 2.25:-1.501e-05,0,1.0003,0.001046 3.75:3.748e-05,0,1.0003,0.01503 5.25:-5.147e-06,0,1.0003,0.02877 6.75:7.191e-05,0,0.9978,2.577 8.25:-7.007e-05,0,0.9986,2.415 9.75:7.572e-05,0,0.9979,4.782 11.25:-0.000147,0,1.0002,0.136
1410.000	5037.62262	9.62168624	0	0.93822375	5048.18253043	-5.405e-16	17931	16.931	14.602	17.570	0.005	0.0000	0.8455	0.89859	0.8500	0.9947	1.64979	1.64937	0.0000	0.0000	0.0000	-0.0048704	-9.4796e-05	0.0021269	0	0	0
# CONV t=1410.00 cond=0 evap=0 rough=0 back_s=0
# LEDGER t=1410.000 mode=3 sum_err=0 max|E-iEu|=1.110e-16 run_max_diff=0.000e+00 run_max_sum_err=0 steps=70500 E0_int=5048182530434780 sum=5048182530434780
# NETG t=1410.00 gates min=0.0000 mean=0.4322 edges=12
# LUMP t=1410.00 n=5 Emfree=9.62169 | m=4.3183 x=16.59 y=16.04 z=16.88 rg=2.15 | m=2.30465 x=18.95 y=13.11 z=19.04 rg=1.18 | m=0.818184 x=15.21 y=13.58 z=19.25 rg=0.00 | m=0.782048 x=20.20 y=14.84 z=17.21 rg=0.00 | m=0.726967 x=16.31 y=12.50 z=19.84 rg=0.00
# RAD t=1410.00 0.75:-1.528e-06,0,1.0003,0.0006589 2.25:-1.892e-05,0,1.0003,0.001648 3.75:6.255e-05,0,1.0003,0.01435 5.25:-2.435e-05,0,1.0003,0.0287 6.75:5.398e-05,0,0.9978,2.242 8.25:3.449e-05,0,0.9986,2.339 9.75:-1.886e-05,0,0.9978,4.582 11.25:-0.0001492,0,1.0002,0.1227
1420.000	5037.62262	10.1188914	0	0.441018627	5048.18253043	-3.603e-16	17931	16.899	14.619	17.543	0.005	0.0000	0.8455	0.90312	0.8500	0.9947	1.64975	1.64937	0.0000	0.0000	0.0000	-0.0031977	-0.00017111	-0.0037542	0	0	0
# CONV t=1420.00 cond=0 evap=0 rough=0 back_s=0
# LEDGER t=1420.000 mode=3 sum_err=0 max|E-iEu|=1.110e-16 run_max_diff=0.000e+00 run_max_sum_err=0 steps=71000 E0_int=5048182530434780 sum=5048182530434780
# NETG t=1420.00 gates min=0.0000 mean=0.4527 edges=12
# LUMP t=1420.00 n=5 Emfree=10.1189 | m=4.61319 x=16.52 y=16.03 z=16.87 rg=2.13 | m=2.44251 x=18.94 y=13.10 z=19.05 rg=1.17 | m=0.81785 x=15.21 y=13.58 z=19.25 rg=0.00 | m=0.78137 x=20.20 y=14.84 z=17.21 rg=0.00 | m=0.726205 x=16.31 y=12.50 z=19.84 rg=0.00
# RAD t=1420.00 0.75:-1.306e-06,0,1.0003,0.00126 2.25:2.91e-05,0,1.0003,0.006065 3.75:-5.995e-06,0,1.0003,0.007881 5.25:-1.017e-05,0,1.0003,0.03694 6.75:5.107e-05,0,0.9978,2.488 8.25:4.559e-05,0,0.9986,2.41 9.75:3.246e-05,0,0.9978,4.73 11.25:-0.0001831,0,1.0002,0.1335
1430.000	5037.62262	9.45799875	0	1.10191124	5048.18253043	-3.603e-16	17931	16.941	14.604	17.571	0.004	0.0000	0.8455	0.89587	0.8500	0.9947	1.64983	1.64937	0.0000	0.0000	0.0000	-0.00090965	0.0005082	-0.0017299	0	0	0
# CONV t=1430.00 cond=0 evap=0 rough=0 back_s=0
# LEDGER t=1430.000 mode=3 sum_err=0 max|E-iEu|=1.110e-16 run_max_diff=0.000e+00 run_max_sum_err=0 steps=71500 E0_int=5048182530434780 sum=5048182530434780
# NETG t=1430.00 gates min=0.0000 mean=0.5953 edges=12
# LUMP t=1430.00 n=5 Emfree=9.458 | m=4.20697 x=16.62 y=16.04 z=16.89 rg=2.16 | m=2.26347 x=18.95 y=13.11 z=19.04 rg=1.18 | m=0.817401 x=15.21 y=13.58 z=19.25 rg=0.00 | m=0.780918 x=20.20 y=14.84 z=17.21 rg=0.00 | m=0.725248 x=16.31 y=12.50 z=19.84 rg=0.00
# RAD t=1430.00 0.75:-8.653e-07,0,1.0003,0.0003065 2.25:2.699e-05,0,1.0003,0.002245 3.75:-2.34e-05,0,1.0003,0.002455 5.25:-2.6e-05,0,1.0003,0.03092 6.75:4.303e-05,0,0.9978,2.175 8.25:9.301e-05,0,0.9986,2.291 9.75:9.178e-05,0,0.9979,4.518 11.25:-0.0002215,0,1.0002,0.1252
1440.000	5037.62262	9.92468255	0	0.635227436	5048.18253043	-3.603e-16	17932	16.892	14.616	17.532	0.004	0.0000	0.8455	0.88619	0.8500	0.9947	1.64982	1.64937	0.0000	0.0000	0.0000	-0.0020056	-0.0011812	0.0031414	0	0	0
# CONV t=1440.00 cond=0 evap=0 rough=0 back_s=0
# LEDGER t=1440.000 mode=3 sum_err=0 max|E-iEu|=1.110e-16 run_max_diff=0.000e+00 run_max_sum_err=0 steps=72000 E0_int=5048182530434780 sum=5048182530434780
# NETG t=1440.00 gates min=0.0000 mean=0.6851 edges=12
# LUMP t=1440.00 n=5 Emfree=9.92468 | m=4.48695 x=16.54 y=16.04 z=16.87 rg=2.13 | m=2.3934 x=18.94 y=13.10 z=19.05 rg=1.17 | m=0.816796 x=15.21 y=13.58 z=19.25 rg=0.00 | m=0.780321 x=20.20 y=14.84 z=17.21 rg=0.00 | m=0.724367 x=16.31 y=12.50 z=19.84 rg=0.00
# RAD t=1440.00 0.75:-1.907e-06,0,1.0003,0.000266 2.25:8.36e-06,0,1.0003,0.003141 3.75:-1.034e-05,0,1.0003,0.005399 5.25:-3.292e-05,0,1.0003,0.02887 6.75:3.43e-05,0,0.9978,2.405 8.25:5.621e-05,0,0.9986,2.383 9.75:7.605e-05,0,0.9979,4.617 11.25:-0.0001934,0,1.0002,0.1486
1450.000	5037.62262	9.26994322	0	1.28996677	5048.18253043	-3.603e-16	17932	16.951	14.606	17.572	0.003	0.0000	0.8455	0.88645	0.8500	0.9947	1.64984	1.64936	0.0000	0.0000	0.0000	-0.0053873	0.0057245	-0.0056079	0	0	0
# CONV t=1450.00 cond=0 evap=0 rough=0 back_s=0
# LEDGER t=1450.000 mode=3 sum_err=0 max|E-iEu|=1.110e-16 run_max_diff=0.000e+00 run_max_sum_err=0 steps=72500 E0_int=5048182530434780 sum=5048182530434780
# NETG t=1450.00 gates min=0.0000 mean=0.5836 edges=12
# LUMP t=1450.00 n=5 Emfree=9.26994 | m=4.09378 x=16.65 y=16.04 z=16.89 rg=2.17 | m=2.21666 x=18.95 y=13.12 z=19.03 rg=1.18 | m=0.816452 x=15.21 y=13.58 z=19.25 rg=0.00 | m=0.779782 x=20.20 y=14.84 z=17.21 rg=0.00 | m=0.723655 x=16.31 y=12.50 z=19.84 rg=0.00
# RAD t=1450.00 0.75:3.223e-08,0,1.0003,0.0002989 2.25:1.69e-07,0,1.0003,0.001643 3.75:-3.676e-06,0,1.0003,0.001921 5.25:-2.788e-05,0,1.0003,0.02045 6.75:2.321e-05,0,0.9978,2.084 8.25:0.0001235,0,0.9986,2.272 9.75:-5.4e-05,0,0.9979,4.431 11.25:-8.325e-05,0,1.0002,0.135
1460.000	5037.62262	9.73953791	0	0.820372079	5048.18253043	-3.603e-16	17932	16.891	14.623	17.535	0.003	0.0000	0.8455	0.88728	0.8500	0.9947	1.64985	1.64936	0.0000	0.0000	0.0000	-0.011989	0.0037742	0.0010282	0	0	0
# CONV t=1460.00 cond=0 evap=0 rough=0 back_s=0
# LEDGER t=1460.000 mode=3 sum_err=0 max|E-iEu|=1.110e-16 run_max_diff=0.000e+00 run_max_sum_err=0 steps=73000 E0_int=5048182530434780 sum=5048182530434780
# NETG t=1460.00 gates min=0.0000 mean=0.6014 edges=12
# LUMP t=1460.00 n=5 Emfree=9.73954 | m=4.37584 x=16.57 y=16.03 z=16.88 rg=2.15 | m=2.33925 x=18.94 y=13.11 z=19.04 rg=1.18 | m=0.816018 x=15.21 y=13.58 z=19.25 rg=0.00 | m=0.779239 x=20.20 y=14.84 z=17.21 rg=0.00 | m=0.722887 x=16.31 y=12.50 z=19.84 rg=0.00
# RAD t=1460.00 0.75:7.523e-07,0,1.0003,0.0002063 2.25:-4.707e-06,0,1.0003,0.001597 3.75:-2.915e-06,0,1.0003,0.0042 5.25:-1.847e-05,0,1.0003,0.02381 6.75:1.239e-05,0,0.9977,2.315 8.25:0.0001643,0,0.9986,2.335 9.75:-0.0001557,0,0.9979,4.551 11.25:-3.857e-06,0,1.0002,0.1523
1470.000	5037.62262	10.1929273	0	0.366982655	5048.18253043	-3.603e-16	17932	16.879	14.635	17.538	0.004	0.0000	0.8455	0.88598	0.8500	0.9947	1.64989	1.64935	0.0000	0.0000	0.0000	-0.0082844	0.00089548	0.0021065	0	0	0
# CONV t=1470.00 cond=0 evap=0 rough=0 back_s=0
# LEDGER t=1470.000 mode=3 sum_err=0 max|E-iEu|=1.110e-16 run_max_diff=0.000e+00 run_max_sum_err=0 steps=73500 E0_int=5048182530434780 sum=5048182530434780
# NETG t=1470.00 gates min=0.0000 mean=0.5799 edges=12
# LUMP t=1470.00 n=5 Emfree=10.1929 | m=4.66944 x=16.50 y=16.03 z=16.86 rg=2.12 | m=2.47207 x=18.93 y=13.10 z=19.05 rg=1.17 | m=0.815466 x=15.21 y=13.58 z=19.25 rg=0.00 | m=0.778814 x=20.20 y=14.84 z=17.21 rg=0.00 | m=0.722163 x=16.31 y=12.50 z=19.84 rg=0.00
# RAD t=1470.00 0.75:7.215e-07,0,1.0003,0.0001515 2.25:-5.596e-06,0,1.0003,0.001324 3.75:-2.089e-06,0,1.0003,0.003968 5.25:-1.542e-05,0,1.0003,0.02779 6.75:3.899e-05,0,0.9977,2.545 8.25:3.035e-05,0,0.9986,2.4 9.75:-0.0001688,0,0.9979,4.699 11.25:-5.695e-05,0,1.0002,0.1514
1480.000	5037.62262	9.5505433	0	1.00936669	5048.18253043	-5.405e-16	17931	16.910	14.630	17.557	0.003	0.0000	0.8455	0.88617	0.8500	0.9947	1.64989	1.64935	0.0000	0.0000	0.0000	0.0013486	0.000429	0.00054243	0	0	0
# CONV t=1480.00 cond=0 evap=0 rough=0 back_s=0
# LEDGER t=1480.000 mode=3 sum_err=0 max|E-iEu|=1.110e-16 run_max_diff=0.000e+00 run_max_sum_err=0 steps=74000 E0_int=5048182530434780 sum=5048182530434780
# NETG t=1480.00 gates min=0.0000 mean=0.5490 edges=12
# LUMP t=1480.00 n=5 Emfree=9.55054 | m=4.2528 x=16.60 y=16.04 z=16.88 rg=2.15 | m=2.28535 x=18.94 y=13.11 z=19.04 rg=1.18 | m=0.81495 x=15.21 y=13.58 z=19.25 rg=0.00 | m=0.778262 x=20.20 y=14.84 z=17.21 rg=0.00 | m=0.721189 x=16.31 y=12.50 z=19.84 rg=0.00
# RAD t=1480.00 0.75:1.974e-07,0,1.0003,6.342e-05 2.25:-4.138e-06,0,1.0003,0.0009472 3.75:3.023e-06,0,1.0003,0.00402 5.25:-1.088e-05,0,1.0003,0.01885 6.75:2.971e-05,0,0.9977,2.212 8.25:4.869e-05,0,0.9986,2.301 9.75:-0.0001416,0,0.9979,4.492 11.25:-7.767e-05,0,1.0002,0.1552
1490.000	5037.62262	10.0468416	0	0.513068373	5048.18253043	-3.603e-16	17931	16.858	14.634	17.519	0.004	0.0000	0.8455	0.88668	0.8500	0.9947	1.64988	1.64935	0.0000	0.0000	0.0000	0.0010167	-0.0023827	-0.0024414	0	0	0
# CONV t=1490.00 cond=0 evap=0 rough=0 back_s=0
# LEDGER t=1490.000 mode=3 sum_err=0 max|E-iEu|=1.110e-16 run_max_diff=0.000e+00 run_max_sum_err=0 steps=74500 E0_int=5048182530434780 sum=5048182530434780
# NETG t=1490.00 gates min=0.0000 mean=0.4841 edges=12
# LUMP t=1490.00 n=5 Emfree=10.0468 | m=4.5462 x=16.52 y=16.03 z=16.87 rg=2.13 | m=2.4193 x=18.94 y=13.10 z=19.05 rg=1.17 | m=0.814501 x=15.21 y=13.58 z=19.25 rg=0.00 | m=0.777679 x=20.20 y=14.84 z=17.21 rg=0.00 | m=0.720142 x=16.31 y=12.50 z=19.84 rg=0.00
# RAD t=1490.00 0.75:5.657e-09,0,1.0003,0.0003529 2.25:-2.169e-06,0,1.0003,0.002381 3.75:-9.875e-07,0,1.0003,0.00628 5.25:4.069e-06,0,1.0003,0.02259 6.75:2.77e-05,0,0.9977,2.456 8.25:-2.73e-05,0,0.9986,2.37 9.75:-0.0001075,0,0.9979,4.635 11.25:1.777e-05,0,1.0002,0.1787
1500.000	5037.62262	9.41853241	0	1.14137758	5048.18253043	-3.603e-16	17931	16.905	14.615	17.551	0.003	0.0000	0.8455	0.88493	0.8500	0.9947	1.64990	1.64935	0.0000	0.0000	0.0000	-0.00013291	0.00030564	-0.0009594	0	0	0
# CONV t=1500.00 cond=0 evap=0 rough=0 back_s=0
# LEDGER t=1500.000 mode=3 sum_err=0 max|E-iEu|=1.110e-16 run_max_diff=0.000e+00 run_max_sum_err=0 steps=75000 E0_int=5048182530434780 sum=5048182530434780
# NETG t=1500.00 gates min=0.0000 mean=0.5147 edges=12
# LUMP t=1500.00 n=5 Emfree=9.41853 | m=4.16491 x=16.62 y=16.04 z=16.89 rg=2.16 | m=2.23938 x=18.94 y=13.11 z=19.04 rg=1.18 | m=0.813836 x=15.21 y=13.58 z=19.25 rg=0.00 | m=0.777199 x=20.20 y=14.84 z=17.21 rg=0.00 | m=0.719309 x=16.31 y=12.50 z=19.84 rg=0.00
# RAD t=1500.00 0.75:-5.861e-08,0,1.0003,5.242e-05 2.25:-1.483e-06,0,1.0003,0.0006806 3.75:-3.614e-06,0,1.0003,0.00293 5.25:3.703e-06,0,1.0003,0.01764 6.75:4.176e-05,0,0.9977,2.149 8.25:-1.823e-05,0,0.9986,2.258 9.75:-0.0001851,0,0.9979,4.45 11.25:7.238e-05,0,1.0002,0.1623
1510.000	5037.62262	9.87385616	0	0.686053826	5048.18253043	-5.405e-16	17932	16.852	14.621	17.519	0.004	0.0000	0.8455	0.88019	0.8500	0.9947	1.64989	1.64935	0.0000	0.0000	0.0000	-0.0050428	-0.00090166	-0.0042137	0	0	0
# CONV t=1510.00 cond=0 evap=0 rough=0 back_s=0
# LEDGER t=1510.000 mode=3 sum_err=0 max|E-iEu|=1.110e-16 run_max_diff=0.000e+00 run_max_sum_err=0 steps=75500 E0_int=5048182530434780 sum=5048182530434780
# NETG t=1510.00 gates min=0.0000 mean=0.5010 edges=12
# LUMP t=1510.00 n=5 Emfree=9.87386 | m=4.43551 x=16.55 y=16.03 z=16.87 rg=2.14 | m=2.36788 x=18.94 y=13.10 z=19.05 rg=1.17 | m=0.813107 x=15.21 y=13.58 z=19.25 rg=0.00 | m=0.776769 x=20.20 y=14.84 z=17.21 rg=0.00 | m=0.71842 x=16.31 y=12.50 z=19.84 rg=0.00
# RAD t=1510.00 0.75:5.317e-08,0,1.0003,0.0002414 2.25:-1.818e-06,0,1.0003,0.001536 3.75:-5.738e-06,0,1.0003,0.005102 5.25:1.063e-05,0,1.0003,0.02521 6.75:3.716e-05,0,0.9977,2.36 8.25:4.92e-06,0,0.9986,2.339 9.75:-0.0001192,0,0.9979,4.574 11.25:-9.024e-05,0,1.0002,0.1564
1520.000	5037.62262	10.2508787	0	0.309031304	5048.18253043	-5.405e-16	17932	16.868	14.647	17.540	0.003	0.0000	0.8455	0.87282	0.8500	0.9947	1.64990	1.64935	0.0000	0.0000	0.0000	-0.0029936	0.002604	-0.0018251	0	0	0
# CONV t=1520.00 cond=0 evap=0 rough=0 back_s=0
# LEDGER t=1520.000 mode=3 sum_err=0 max|E-iEu|=1.110e-16 run_max_diff=0.000e+00 run_max_sum_err=0 steps=76000 E0_int=5048182530434780 sum=5048182530434780
# NETG t=1520.00 gates min=0.0000 mean=0.4572 edges=12
# LUMP t=1520.00 n=5 Emfree=10.2509 | m=4.73341 x=16.49 y=16.03 z=16.86 rg=2.11 | m=2.50164 x=18.93 y=13.09 z=19.06 rg=1.16 | m=0.812641 x=15.21 y=13.58 z=19.25 rg=0.00 | m=0.776233 x=20.20 y=14.84 z=17.21 rg=0.00 | m=0.717624 x=16.31 y=12.50 z=19.84 rg=0.00
# RAD t=1520.00 0.75:-6.271e-08,0,1.0003,8.054e-05 2.25:-1.691e-06,0,1.0003,0.0004863 3.75:-7.838e-06,0,1.0003,0.002575 5.25:1.674e-05,0,1.0003,0.02079 6.75:4.756e-05,0,0.9977,2.588 8.25:-2.329e-05,0,0.9986,2.399 9.75:-5.577e-05,0,0.9979,4.683 11.25:-0.0002301,0,1.0002,0.1512
1530.000	5037.62262	9.66665146	0	0.893258525	5048.18253043	-3.603e-16	17932	16.857	14.608	17.542	0.004	0.0000	0.8455	0.86995	0.8500	0.9947	1.64990	1.64935	0.0000	0.0000	0.0000	0.00278	-0.00049832	0.0011476	0	0	0
# CONV t=1530.00 cond=0 evap=0 rough=0 back_s=0
# LEDGER t=1530.000 mode=3 sum_err=0 max|E-iEu|=1.109e-16 run_max_diff=0.000e+00 run_max_sum_err=0 steps=76500 E0_int=5048182530434780 sum=5048182530434780
# NETG t=1530.00 gates min=0.0000 mean=0.5605 edges=12
# LUMP t=1530.00 n=5 Emfree=9.66665 | m=4.29704 x=16.56 y=16.03 z=16.88 rg=2.14 | m=2.32178 x=18.94 y=13.10 z=19.05 rg=1.17 | m=0.812007 x=15.21 y=13.58 z=19.25 rg=0.00 | m=0.775681 x=20.20 y=14.84 z=17.21 rg=0.00 | m=0.716702 x=16.31 y=12.50 z=19.84 rg=0.00
# RAD t=1530.00 0.75:4.308e-08,0,1.0003,0.0001571 2.25:-1.073e-06,0,1.0003,0.0008355 3.75:-9.652e-06,0,1.0003,0.004129 5.25:1.196e-05,0,1.0003,0.0245 6.75:5.151e-05,0,0.9977,2.275 8.25:-4.208e-05,0,0.9986,2.299 9.75:-3.073e-05,0,0.9979,4.489 11.25:-0.0001691,0,1.0002,0.175
1540.000	5037.62262	10.1682811	0	0.391628917	5048.18253043	-3.603e-16	17932	16.827	14.623	17.520	0.005	0.0000	0.8455	0.86488	0.8500	0.9947	1.64992	1.64934	0.0000	0.0000	0.0000	-0.0037303	-0.0038034	-0.0030206	0	0	0
# CONV t=1540.00 cond=0 evap=0 rough=0 back_s=0
# LEDGER t=1540.000 mode=3 sum_err=0 max|E-iEu|=1.110e-16 run_max_diff=0.000e+00 run_max_sum_err=0 steps=77000 E0_int=5048182530434780 sum=5048182530434780
# NETG t=1540.00 gates min=0.0000 mean=0.4256 edges=12
# LUMP t=1540.00 n=5 Emfree=10.1683 | m=4.6143 x=16.51 y=16.03 z=16.86 rg=2.12 | m=2.45157 x=18.93 y=13.09 z=19.06 rg=1.17 | m=0.811278 x=15.21 y=13.58 z=19.25 rg=0.00 | m=0.775205 x=20.20 y=14.84 z=17.21 rg=0.00 | m=0.715505 x=16.31 y=12.50 z=19.84 rg=0.00
# RAD t=1540.00 0.75:-4.852e-08,0,1.0003,0.0004867 2.25:-8.423e-07,0,1.0003,0.00205 3.75:-2.128e-06,0,1.0003,0.007144 5.25:3.344e-06,0,1.0003,0.02827 6.75:6.569e-05,0,0.9977,2.5 8.25:-8.095e-05,0,0.9986,2.391 9.75:-5.502e-05,0,0.9979,4.652 11.25:-0.0001754,0,1.0002,0.1971
1550.000	5037.62262	9.55337309	0	1.0065369	5048.18253043	-5.405e-16	17932	16.855	14.612	17.542	0.004	0.0000	0.8455	0.86572	0.8500	0.9947	1.64992	1.64934	0.0000	0.0000	0.0000	-0.0037707	0.0046183	-0.0042206	0	0	0
# CONV t=1550.00 cond=0 evap=0 rough=0 back_s=0
# LEDGER t=1550.000 mode=3 sum_err=0 max|E-iEu|=1.110e-16 run_max_diff=0.000e+00 run_max_sum_err=0 steps=77500 E0_int=5048182530434780 sum=5048182530434780
# NETG t=1550.00 gates min=0.0000 mean=0.4549 edges=12
# LUMP t=1550.00 n=5 Emfree=9.55337 | m=4.21925 x=16.60 y=16.04 z=16.88 rg=2.16 | m=2.2828 x=18.94 y=13.10 z=19.04 rg=1.18 | m=0.810745 x=15.21 y=13.58 z=19.25 rg=0.00 | m=0.774778 x=20.20 y=14.84 z=17.21 rg=0.00 | m=0.714604 x=16.31 y=12.50 z=19.84 rg=0.00
# RAD t=1550.00 0.75:2.727e-08,0,1.0003,0.0001428 2.25:-1.255e-06,0,1.0003,0.0008371 3.75:1.039e-05,0,1.0003,0.005368 5.25:-1.799e-05,0,1.0003,0.01807 6.75:3.64e-05,0,0.9978,2.187 8.25:1.363e-05,0,0.9986,2.282 9.75:-0.0001377,0,0.9979,4.467 11.25:-3.547e-05,0,1.0002,0.2084
1560.000	5037.62262	10.0114134	0	0.548496615	5048.18253043	-5.405e-16	17932	16.821	14.624	17.502	0.005	0.0000	0.8455	0.86834	0.8500	0.9947	1.64992	1.64934	0.0000	0.0000	0.0000	0.0061756	-0.0011787	-0.0016727	0	0	0
# CONV t=1560.00 cond=0 evap=0 rough=0 back_s=0
# LEDGER t=1560.000 mode=3 sum_err=0 max|E-iEu|=1.110e-16 run_max_diff=0.000e+00 run_max_sum_err=0 steps=78000 E0_int=5048182530434780 sum=5048182530434780
# NETG t=1560.00 gates min=0.0000 mean=0.4903 edges=12
# LUMP t=1560.00 n=5 Emfree=10.0114 | m=4.49921 x=16.53 y=16.03 z=16.87 rg=2.13 | m=2.40411 x=18.93 y=13.09 z=19.05 rg=1.17 | m=0.810142 x=15.21 y=13.58 z=19.25 rg=0.00 | m=0.774271 x=20.20 y=14.84 z=17.21 rg=0.00 | m=0.713755 x=16.31 y=12.50 z=19.84 rg=0.00
# RAD t=1560.00 0.75:-2.17e-08,0,1.0003,0.0002304 2.25:-9.094e-07,0,1.0003,0.001515 3.75:9.951e-06,0,1.0003,0.008086 5.25:-1.768e-05,0,1.0003,0.02403 6.75:2.775e-05,0,0.9978,2.412 8.25:-1.531e-06,0,0.9986,2.353 9.75:-0.0001111,0,0.9979,4.598 11.25:-6.307e-05,0,1.0002,0.2252
1570.000	5037.62262	9.35561188	0	1.20429811	5048.18253043	-5.405e-16	17931	16.885	14.606	17.541	0.003	0.0000	0.8455	0.86395	0.8500	0.9947	1.64993	1.64934	0.0000	0.0000	0.0000	-0.010413	0.0013046	-0.012636	0	0	0
# CONV t=1570.00 cond=0 evap=0 rough=0 back_s=0
# LEDGER t=1570.000 mode=3 sum_err=0 max|E-iEu|=1.109e-16 run_max_diff=0.000e+00 run_max_sum_err=0 steps=78500 E0_int=5048182530434780 sum=5048182530434780
# NETG t=1570.00 gates min=0.0003 mean=0.4517 edges=12
# LUMP t=1570.00 n=5 Emfree=9.35561 | m=4.08274 x=16.63 y=16.04 z=16.89 rg=2.17 | m=2.24997 x=18.94 y=13.10 z=19.04 rg=1.18 | m=0.809526 x=15.21 y=13.58 z=19.25 rg=0.00 | m=0.773761 x=20.20 y=14.84 z=17.21 rg=0.00 | m=0.712898 x=16.31 y=12.50 z=19.84 rg=0.00
# RAD t=1570.00 0.75:-2.705e-08,0,1.0003,7.692e-05 2.25:-1.009e-06,0,1.0003,0.0004392 3.75:6.351e-06,0,1.0003,0.005738 5.25:2.401e-06,0,1.0003,0.01641 6.75:2.834e-05,0,0.9978,2.077 8.25:-0.0001123,0,0.9986,2.252 9.75:-8.32e-05,0,0.9979,4.431 11.25:-0.0001223,0,1.0002,0.2019
1580.000	5037.62262	9.81172791	0	0.748182074	5048.18253043	-5.405e-16	17931	16.837	14.605	17.491	0.004	0.0000	0.8455	0.86809	0.8500	0.9947	1.64992	1.64934	0.0000	0.0000	0.0000	0.0085649	-0.0072854	0.0057798	0	0	0
# CONV t=1580.00 cond=0 evap=0 rough=0 back_s=0
# LEDGER t=1580.000 mode=3 sum_err=0 max|E-iEu|=1.110e-16 run_max_diff=0.000e+00 run_max_sum_err=0 steps=79000 E0_int=5048182530434780 sum=5048182530434780
# NETG t=1580.00 gates min=0.0000 mean=0.4963 edges=12
# LUMP t=1580.00 n=5 Emfree=9.81173 | m=4.35959 x=16.55 y=16.04 z=16.87 rg=2.14 | m=2.37052 x=18.93 y=13.09 z=19.06 rg=1.17 | m=0.808887 x=15.21 y=13.58 z=19.25 rg=0.00 | m=0.773319 x=20.20 y=14.84 z=17.21 rg=0.00 | m=0.712133 x=16.31 y=12.50 z=19.84 rg=0.00
# RAD t=1580.00 0.75:-1.35e-07,0,1.0003,0.0001748 2.25:-4.597e-07,0,1.0003,0.001035 3.75:6.27e-06,0,1.0003,0.00771 5.25:2.285e-05,0,1.0003,0.02205 6.75:5.701e-06,0,0.9978,2.302 8.25:-0.000122,0,0.9986,2.32 9.75:-5.472e-05,0,0.9979,4.561 11.25:-7.18e-05,0,1.0002,0.2043
1590.000	5037.62262	10.2179555	0	0.341954486	5048.18253043	-5.405e-16	17931	16.848	14.639	17.496	0.004	0.0000	0.8455	0.87673	0.8500	0.9947	1.64994	1.64934	0.0000	0.0000	0.0000	0.0044447	-0.0071907	0.0023815	0	0	0
# CONV t=1590.00 cond=0 evap=0 rough=0 back_s=0
# LEDGER t=1590.000 mode=3 sum_err=0 max|E-iEu|=1.110e-16 run_max_diff=0.000e+00 run_max_sum_err=0 steps=79500 E0_int=5048182530434780 sum=5048182530434780
# NETG t=1590.00 gates min=0.0000 mean=0.4290 edges=12
# LUMP t=1590.00 n=5 Emfree=10.218 | m=4.67186 x=16.49 y=16.03 z=16.86 rg=2.11 | m=2.48137 x=18.92 y=13.08 z=19.07 rg=1.16 | m=0.808471 x=15.21 y=13.58 z=19.25 rg=0.00 | m=0.7729 x=20.20 y=14.84 z=17.21 rg=0.00 | m=0.711118 x=16.31 y=12.50 z=19.84 rg=0.00
# RAD t=1590.00 0.75:-1.103e-07,0,1.0003,0.0001126 2.25:-6.231e-08,0,1.0003,0.0008162 3.75:7.463e-06,0,1.0003,0.008092 5.25:2.283e-05,0,1.0003,0.02417 6.75:1.386e-05,0,0.9978,2.543 8.25:-8.925e-05,0,0.9986,2.382 9.75:-0.0001531,0,0.9979,4.685 11.25:-4.222e-05,0,1.0002,0.2038
1600.000	5037.62262	9.68061294	0	0.879297046	5048.18253043	-5.405e-16	17931	16.893	14.585	17.495	0.004	0.0000	0.8455	0.88917	0.8500	0.9947	1.64993	1.64934	0.0000	0.0000	0.0000	0.00041968	-0.0040704	-0.0035443	0	0	0
# CONV t=1600.00 cond=0 evap=0 rough=0 back_s=0
# LEDGER t=1600.000 mode=3 sum_err=0 max|E-iEu|=1.110e-16 run_max_diff=0.000e+00 run_max_sum_err=0 steps=80000 E0_int=5048182530434780 sum=5048182530434780
# NETG t=1600.00 gates min=0.0000 mean=0.3951 edges=12
# LUMP t=1600.00 n=5 Emfree=9.68061 | m=4.26042 x=16.59 y=16.04 z=16.88 rg=2.15 | m=2.37152 x=18.93 y=13.09 z=19.06 rg=1.17 | m=0.807916 x=15.21 y=13.58 z=19.25 rg=0.00 | m=0.772342 x=20.20 y=14.84 z=17.21 rg=0.00 | m=0.710111 x=16.31 y=12.50 z=19.84 rg=0.00
# RAD t=1600.00 0.75:-1.847e-08,0,1.0003,0.0001618 2.25:2.355e-08,0,1.0003,0.000833 3.75:6.136e-06,0,1.0003,0.009622 5.25:1.491e-05,0,1.0003,0.02243 6.75:8.299e-06,0,0.9978,2.217 8.25:-0.0001048,0,0.9986,2.279 9.75:-0.0001815,0,0.9979,4.578 11.25:8.738e-05,0,1.0002,0.2081
1610.000	5037.62262	10.1289739	0	0.430936092	5048.18253043	-5.405e-16	17930	16.836	14.611	17.460	0.005	0.0000	0.8455	0.89618	0.8500	0.9947	1.64993	1.64934	0.0000	0.0000	0.0000	0.00071407	-0.0038085	-0.012088	0	0	0
# CONV t=1610.00 cond=0 evap=0 rough=0 back_s=0
# LEDGER t=1610.000 mode=3 sum_err=0 max|E-iEu|=1.110e-16 run_max_diff=0.000e+00 run_max_sum_err=0 steps=80500 E0_int=5048182530434780 sum=5048182530434780
# NETG t=1610.00 gates min=0.0000 mean=0.3558 edges=12
# LUMP t=1610.00 n=5 Emfree=10.129 | m=4.55032 x=16.52 y=16.03 z=16.86 rg=2.12 | m=2.45176 x=18.91 y=13.08 z=19.07 rg=1.16 | m=0.807309 x=15.21 y=13.58 z=19.25 rg=0.00 | m=0.77182 x=20.20 y=14.84 z=17.21 rg=0.00 | m=0.709398 x=16.31 y=12.50 z=19.84 rg=0.00
# RAD t=1610.00 0.75:5.804e-08,0,1.0003,0.0003386 2.25:1.119e-07,0,1.0003,0.002028 3.75:4.403e-06,0,1.0003,0.01151 5.25:1.537e-05,0,1.0003,0.02881 6.75:8.098e-06,0,0.9978,2.452 8.25:-9.947e-05,0,0.9986,2.366 9.75:-0.000137,0,0.9979,4.688 11.25:8.514e-05,0,1.0002,0.2113
1620.000	5037.62262	9.51697886	0	1.04293113	5048.18253043	-3.603e-16	17930	16.915	14.578	17.497	0.004	0.0000	0.8455	0.90033	0.8500	0.9947	1.64993	1.64935	0.0000	0.0000	0.0000	0.0019726	-0.00089864	-0.00407	0	0	0
# CONV t=1620.00 cond=0 evap=0 rough=0 back_s=0
# LEDGER t=1620.000 mode=3 sum_err=0 max|E-iEu|=1.110e-16 run_max_diff=0.000e+00 run_max_sum_err=0 steps=81000 E0_int=5048182530434780 sum=5048182530434780
# NETG t=1620.00 gates min=0.0000 mean=0.4299 edges=12
# LUMP t=1620.00 n=5 Emfree=9.51698 | m=4.13656 x=16.60 y=16.04 z=16.88 rg=2.15 | m=2.34562 x=18.93 y=13.10 z=19.05 rg=1.17 | m=0.806977 x=15.21 y=13.58 z=19.25 rg=0.00 | m=0.771359 x=20.20 y=14.84 z=17.21 rg=0.00 | m=0.708663 x=16.31 y=12.50 z=19.84 rg=0.00
# RAD t=1620.00 0.75:9.828e-08,0,1.0003,0.0001049 2.25:-4.99e-08,0,1.0003,0.0008903 3.75:3.962e-06,0,1.0003,0.01076 5.25:9.433e-06,0,1.0003,0.02376 6.75:9.924e-06,0,0.9978,2.135 8.25:-0.0001168,0,0.9987,2.257 9.75:-7.128e-05,0,0.9979,4.54 11.25:2.895e-05,0,1.0002,0.1938
1630.000	5037.62262	9.95084927	0	0.60906072	5048.18253043	-5.405e-16	17930	16.868	14.592	17.452	0.005	0.0000	0.8455	0.90145	0.8500	0.9947	1.64991	1.64934	0.0000	0.0000	0.0000	0.0076189	-0.0021186	-0.0058703	0	0	0
# CONV t=1630.00 cond=0 evap=0 rough=0 back_s=0
# LEDGER t=1630.000 mode=3 sum_err=0 max|E-iEu|=1.110e-16 run_max_diff=0.000e+00 run_max_sum_err=0 steps=81500 E0_int=5048182530434780 sum=5048182530434780
# NETG t=1630.00 gates min=0.0000 mean=0.4676 edges=12
# LUMP t=1630.00 n=5 Emfree=9.95085 | m=4.42676 x=16.55 y=16.04 z=16.87 rg=2.13 | m=2.41906 x=18.92 y=13.08 z=19.06 rg=1.17 | m=0.806602 x=15.21 y=13.58 z=19.25 rg=0.00 | m=0.770956 x=20.20 y=14.84 z=17.21 rg=0.00 | m=0.707987 x=16.31 y=12.50 z=19.84 rg=0.00
# RAD t=1630.00 0.75:2.124e-09,0,1.0003,0.000182 2.25:-2.264e-07,0,1.0003,0.001761 3.75:3.887e-06,0,1.0003,0.01343 5.25:7.106e-06,0,1.0003,0.02956 6.75:1.971e-05,0,0.9978,2.354 8.25:-0.0001404,0,0.9987,2.322 9.75:-4.832e-05,0,0.9979,4.653 11.25:1.675e-05,0,1.0002,0.2136
1640.000	5037.62262	9.3578604	0	1.20204959	5048.18253043	-3.603e-16	17932	16.946	14.564	17.494	0.005	0.0000	0.8455	0.90204	0.8500	0.9947	1.64991	1.64934	0.0000	0.0000	0.0000	-0.0033645	-0.0041879	-0.0064615	0	0	0
# CONV t=1640.00 cond=0 evap=0 rough=0 back_s=0
# LEDGER t=1640.000 mode=3 sum_err=0 max|E-iEu|=1.110e-16 run_max_diff=0.000e+00 run_max_sum_err=0 steps=82000 E0_int=5048182530434780 sum=5048182530434780
# NETG t=1640.00 gates min=0.0000 mean=0.4903 edges=12
# LUMP t=1640.00 n=5 Emfree=9.35786 | m=4.02346 x=16.65 y=16.04 z=16.89 rg=2.17 | m=2.31104 x=18.94 y=13.10 z=19.05 rg=1.17 | m=0.80625 x=15.21 y=13.58 z=19.25 rg=0.00 | m=0.770438 x=20.20 y=14.84 z=17.21 rg=0.00 | m=0.707343 x=16.31 y=12.50 z=19.84 rg=0.00
# RAD t=1640.00 0.75:-9.902e-08,0,1.0003,6.917e-05 2.25:-4.948e-07,0,1.0003,0.0009392 3.75:2.823e-06,0,1.0003,0.01145 5.25:8.988e-06,0,1.0003,0.02659 6.75:3.138e-05,0,0.9978,2.027 8.25:-8.232e-05,0,0.9987,2.235 9.75:-0.0001025,0,0.9979,4.505 11.25:1.727e-05,0,1.0002,0.2021
1650.000	5037.62262	9.77680584	0	0.783104148	5048.18253043	-3.603e-16	17932	16.889	14.568	17.447	0.006	0.0000	0.8455	0.90566	0.8500	0.9947	1.64989	1.64934	0.0000	0.0000	0.0000	-0.0011225	-0.0053497	-0.0070076	0	0	0
# CONV t=1650.00 cond=0 evap=0 rough=0 back_s=0
# LEDGER t=1650.000 mode=3 sum_err=0 max|E-iEu|=1.110e-16 run_max_diff=0.000e+00 run_max_sum_err=0 steps=82500 E0_int=5048182530434780 sum=5048182530434780
# NETG t=1650.00 gates min=0.0000 mean=0.4205 edges=12
# LUMP t=1650.00 n=5 Emfree=9.77681 | m=4.30072 x=16.57 y=16.04 z=16.88 rg=2.14 | m=2.38519 x=18.92 y=13.09 z=19.06 rg=1.17 | m=0.805881 x=15.21 y=13.58 z=19.25 rg=0.00 | m=0.769946 x=20.20 y=14.84 z=17.21 rg=0.00 | m=0.706428 x=16.31 y=12.50 z=19.84 rg=0.00
# RAD t=1650.00 0.75:5.909e-09,0,1.0003,0.0001415 2.25:-6.726e-07,0,1.0003,0.001443 3.75:-6.511e-07,0,1.0003,0.01463 5.25:1.228e-05,0,1.0003,0.0324 6.75:2.349e-05,0,0.9978,2.252 8.25:-3.69e-05,0,0.9987,2.304 9.75:-8.629e-05,0,0.9979,4.58 11.25:2.473e-05,0,1.0002,0.22
1660.000	5037.62262	10.1594384	0	0.400471576	5048.18253043	-5.405e-16	17932	16.861	14.590	17.430	0.007	0.0000	0.8455	0.90469	0.8500	0.9947	1.64988	1.64934	0.0000	0.0000	0.0000	0.0057915	-0.0065297	0.00023928	0	0	0
# CONV t=1660.00 cond=0 evap=0 rough=0 back_s=0
# LEDGER t=1660.000 mode=3 sum_err=0 max|E-iEu|=1.110e-16 run_max_diff=0.000e+00 run_max_sum_err=0 steps=83000 E0_int=5048182530434780 sum=5048182530434780
# NETG t=1660.00 gates min=0.0000 mean=0.4845 edges=12
# LUMP t=1660.00 n=5 Emfree=10.1594 | m=4.5924 x=16.50 y=16.03 z=16.86 rg=2.12 | m=2.45427 x=18.91 y=13.08 z=19.07 rg=1.17 | m=0.80558 x=15.21 y=13.58 z=19.25 rg=0.00 | m=0.76955 x=20.20 y=14.84 z=17.21 rg=0.00 | m=0.705576 x=16.31 y=12.50 z=19.84 rg=0.00
# RAD t=1660.00 0.75:-7.452e-08,0,1.0003,0.0001453 2.25:-1.863e-07,0,1.0003,0.001557 3.75:-2.437e-06,0,1.0003,0.0163 5.25:1.196e-05,0,1.0002,0.03802 6.75:4.614e-05,0,0.9978,2.508 8.25:-9.923e-05,0,0.9987,2.351 9.75:-3.985e-05,0,0.9979,4.656 11.25:-3.84e-05,0,1.0002,0.2303
1670.000	5037.62262	9.55737859	0	1.0025314	5048.18253043	-5.405e-16	17932	16.900	14.575	17.428	0.007	0.0000	0.8455	0.90044	0.8500	0.9947	1.64988	1.64935	0.0000	0.0000	0.0000	-0.013635	-0.018145	0.016658	0	0	0
# CONV t=1670.00 cond=0 evap=0 rough=0 back_s=0
# LEDGER t=1670.000 mode=3 sum_err=0 max|E-iEu|=1.110e-16 run_max_diff=0.000e+00 run_max_sum_err=0 steps=83500 E0_int=5048182530434780 sum=5048182530434780
# NETG t=1670.00 gates min=0.0000 mean=0.5164 edges=12
# LUMP t=1670.00 n=5 Emfree=9.55738 | m=4.19616 x=16.58 y=16.04 z=16.88 rg=2.14 | m=2.28922 x=18.93 y=13.10 z=19.04 rg=1.19 | m=0.80524 x=15.21 y=13.58 z=19.25 rg=0.00 | m=0.769208 x=20.20 y=14.84 z=17.21 rg=0.00 | m=0.704913 x=16.31 y=12.50 z=19.84 rg=0.00
# RAD t=1670.00 0.75:7.834e-08,0,1.0003,0.0001241 2.25:-4.684e-07,0,1.0003,0.001071 3.75:-5.728e-06,0,1.0003,0.01571 5.25:6.379e-06,0,1.0003,0.03361 6.75:4.735e-05,0,0.9978,2.186 8.25:-7.092e-05,0,0.9987,2.279 9.75:0.0001506,0,0.9979,4.466 11.25:-0.0002825,0,1.0002,0.2067
1680.000	5037.62262	10.0046806	0	0.555229406	5048.18253043	-3.603e-16	17932	16.855	14.585	17.395	0.008	0.0000	0.8455	0.90911	0.8500	0.9947	1.64987	1.64935	0.0000	0.0000	0.0000	0.011368	0.018551	-0.023628	0	0	0
# CONV t=1680.00 cond=0 evap=0 rough=0 back_s=0
# LEDGER t=1680.000 mode=3 sum_err=0 max|E-iEu|=1.110e-16 run_max_diff=0.000e+00 run_max_sum_err=0 steps=84000 E0_int=5048182530434780 sum=5048182530434780
# NETG t=1680.00 gates min=0.0000 mean=0.4620 edges=12
# LUMP t=1680.00 n=5 Emfree=10.0047 | m=4.49779 x=16.52 y=16.04 z=16.86 rg=2.12 | m=2.36924 x=18.91 y=13.08 z=19.07 rg=1.17 | m=0.804923 x=15.21 y=13.58 z=19.25 rg=0.00 | m=0.768721 x=20.20 y=14.84 z=17.21 rg=0.00 | m=0.704194 x=16.31 y=12.50 z=19.84 rg=0.00
# RAD t=1680.00 0.75:1.839e-08,0,1.0003,0.0005258 2.25:-1.351e-07,0,1.0003,0.002669 3.75:-1.309e-05,0,1.0003,0.01794 5.25:6.027e-06,0,1.0003,0.0396 6.75:4.104e-05,0,0.9978,2.426 8.25:0.0001373,0,0.9987,2.355 9.75:5.501e-05,0,0.9979,4.579 11.25:-0.0001846,0,1.0002,0.2058
1690.000	5037.62262	9.44895219	0	1.1109578	5048.18253043	-5.405e-16	17932	16.934	14.572	17.453	0.006	0.0000	0.8455	0.92252	0.8500	0.9947	1.64988	1.64935	0.0000	0.0000	0.0000	-0.0097621	-0.0068107	0.004313	0	0	0
# CONV t=1690.00 cond=0 evap=0 rough=0 back_s=0
# LEDGER t=1690.000 mode=3 sum_err=0 max|E-iEu|=1.110e-16 run_max_diff=0.000e+00 run_max_sum_err=0 steps=84500 E0_int=5048182530434780 sum=5048182530434780
# NETG t=1690.00 gates min=0.0000 mean=0.4845 edges=12
# LUMP t=1690.00 n=5 Emfree=9.44895 | m=4.16111 x=16.60 y=16.03 z=16.89 rg=2.16 | m=2.25896 x=18.94 y=13.11 z=19.04 rg=1.18 | m=0.804632 x=15.21 y=13.58 z=19.25 rg=0.00 | m=0.768239 x=20.20 y=14.84 z=17.21 rg=0.00 | m=0.703511 x=16.31 y=12.50 z=19.84 rg=0.00
# RAD t=1690.00 0.75:1.683e-07,0,1.0003,0.000121 2.25:3.169e-07,0,1.0003,0.001054 3.75:-2.59e-05,0,1.0002,0.0172 5.25:4.59e-05,0,1.0003,0.01782 6.75:-1.301e-05,0,0.9978,2.162 8.25:0.0001817,0,0.9987,2.261 9.75:2.581e-06,0,0.9979,4.456 11.25:-9.355e-05,0,1.0002,0.1832
1700.000	5037.62262	9.89493147	0	0.664978519	5048.18253043	-5.405e-16	17932	16.881	14.582	17.413	0.007	0.0000	0.8455	0.93665	0.8500	0.9947	1.64989	1.64935	0.0000	0.0000	0.0000	0.0017128	0.0061265	-0.0079087	0	0	0
# CONV t=1700.00 cond=0 evap=0 rough=0 back_s=0
# LEDGER t=1700.000 mode=3 sum_err=0 max|E-iEu|=1.110e-16 run_max_diff=0.000e+00 run_max_sum_err=0 steps=85000 E0_int=5048182530434780 sum=5048182530434780
# NETG t=1700.00 gates min=0.0000 mean=0.5016 edges=12
# LUMP t=1700.00 n=5 Emfree=9.89493 | m=4.4322 x=16.54 y=16.04 z=16.86 rg=2.13 | m=2.36086 x=18.92 y=13.08 z=19.06 rg=1.16 | m=0.804213 x=15.21 y=13.58 z=19.25 rg=0.00 | m=0.767791 x=20.20 y=14.84 z=17.21 rg=0.00 | m=0.702871 x=16.31 y=12.50 z=19.84 rg=0.00
# RAD t=1700.00 0.75:1.167e-07,0,1.0003,0.0003203 2.25:-1.962e-06,0,1.0003,0.00193 3.75:-2.848e-05,0,1.0002,0.02416 5.25:5.39e-05,0,1.0003,0.02292 6.75:-2.176e-05,0,0.9978,2.372 8.25:0.0001129,0,0.9987,2.34 9.75:5.038e-05,0,0.9979,4.582 11.25:-4.572e-05,0,1.0002,0.1899
1710.000	5037.62262	10.1865276	0	0.373382356	5048.18253043	-3.603e-16	17932	16.891	14.608	17.426	0.006	0.0000	0.8455	0.94384	0.8500	0.9947	1.64991	1.64935	0.0000	0.0000	0.0000	0.00064139	-0.0036039	-0.006713	0	0	0
# CONV t=1710.00 cond=0 evap=0 rough=0 back_s=0
# LEDGER t=1710.000 mode=3 sum_err=0 max|E-iEu|=1.110e-16 run_max_diff=0.000e+00 run_max_sum_err=0 steps=85500 E0_int=5048182530434780 sum=5048182530434780
# NETG t=1710.00 gates min=0.0000 mean=0.5060 edges=12
# LUMP t=1710.00 n=5 Emfree=10.1865 | m=4.66218 x=16.49 y=16.06 z=16.82 rg=2.09 | m=2.47701 x=18.90 y=13.07 z=19.08 rg=1.16 | m=0.803862 x=15.21 y=13.58 z=19.25 rg=0.00 | m=0.767446 x=20.20 y=14.84 z=17.21 rg=0.00 | m=0.702086 x=16.31 y=12.50 z=19.84 rg=0.00
# RAD t=1710.00 0.75:-4.038e-08,0,1.0003,4.088e-05 2.25:-3.284e-06,0,1.0003,0.0001827 3.75:-4.215e-05,0,1.0002,0.02459 5.25:2.418e-05,0,1.0003,0.01689 6.75:1.042e-05,0,0.9978,2.539 8.25:0.0001023,0,0.9987,2.393 9.75:8.27e-05,0,0.9979,4.671 11.25:-6.444e-05,0,1.0002,0.1738
1720.000	5037.62262	9.80857887	0	0.751331115	5048.18253043	-5.405e-16	17932	16.863	14.555	17.397	0.008	0.0000	0.8455	0.94618	0.8500	0.9947	1.64991	1.64935	0.0000	0.0000	0.0000	-0.0081974	-0.0011776	-0.0025265	0	0	0
# CONV t=1720.00 cond=0 evap=0 rough=0 back_s=0
# LEDGER t=1720.000 mode=3 sum_err=0 max|E-iEu|=1.110e-16 run_max_diff=0.000e+00 run_max_sum_err=0 steps=86000 E0_int=5048182530434780 sum=5048182530434780
# NETG t=1720.00 gates min=0.0000 mean=0.4800 edges=12
# LUMP t=1720.00 n=5 Emfree=9.80858 | m=4.34247 x=16.56 y=16.04 z=16.87 rg=2.13 | m=2.36483 x=18.92 y=13.09 z=19.06 rg=1.17 | m=0.803552 x=15.21 y=13.58 z=19.25 rg=0.00 | m=0.767016 x=20.20 y=14.84 z=17.21 rg=0.00 | m=0.701274 x=16.31 y=12.50 z=19.84 rg=0.00
# RAD t=1720.00 0.75:-2.194e-07,0,1.0003,0.0001069 2.25:-5.554e-06,0,1.0003,0.0008106 3.75:-3.578e-05,0,1.0002,0.02793 5.25:1.251e-05,0,1.0003,0.02374 6.75:3.025e-05,0,0.9978,2.299 8.25:5.527e-05,0,0.9987,2.319 9.75:0.0001425,0,0.9979,4.575 11.25:-8.231e-05,0,1.0002,0.1761
1730.000	5037.62262	10.2004914	0	0.359418556	5048.18253043	-5.405e-16	17931	16.819	14.568	17.366	0.009	0.0000	0.8455	0.93777	0.8500	0.9947	1.64991	1.64935	0.0000	0.0000	0.0000	-0.0028775	0.00051189	0.00051799	0	0	0
# CONV t=1730.00 cond=0 evap=0 rough=0 back_s=0
# LEDGER t=1730.000 mode=3 sum_err=0 max|E-iEu|=1.109e-16 run_max_diff=0.000e+00 run_max_sum_err=0 steps=86500 E0_int=5048182530434780 sum=5048182530434780
# NETG t=1730.00 gates min=0.0000 mean=0.4257 edges=12
# LUMP t=1730.00 n=5 Emfree=10.2005 | m=4.57344 x=16.52 y=16.05 z=16.84 rg=2.10 | m=2.44621 x=18.90 y=13.07 z=19.07 rg=1.16 | m=0.803197 x=15.21 y=13.58 z=19.25 rg=0.00 | m=0.766611 x=20.20 y=14.84 z=17.21 rg=0.00 | m=0.700548 x=16.31 y=12.50 z=19.84 rg=0.00
# RAD t=1730.00 0.75:-4.81e-07,0,1.0003,0.0006026 2.25:-5.601e-06,0,1.0003,0.002373 3.75:-2.324e-05,0,1.0002,0.03164 5.25:1.529e-06,0,1.0003,0.03121 6.75:5.648e-05,0,0.9978,2.481 8.25:6.704e-05,0,0.9987,2.394 9.75:8.944e-05,0,0.9979,4.676 11.25:-8.893e-05,0,1.0002,0.1794
1740.000	5037.62262	9.69165131	0	0.868258674	5048.18253043	-3.603e-16	17931	16.859	14.549	17.401	0.007	0.0000	0.8455	0.93135	0.8500	0.9947	1.64991	1.64935	0.0000	0.0000	0.0000	-0.0040443	-0.0012601	-0.0030468	0	0	0
# CONV t=1740.00 cond=0 evap=0 rough=0 back_s=0
# LEDGER t=1740.000 mode=3 sum_err=0 max|E-iEu|=1.110e-16 run_max_diff=0.000e+00 run_max_sum_err=0 steps=87000 E0_int=5048182530434780 sum=5048182530434780
# NETG t=1740.00 gates min=0.0000 mean=0.3623 edges=12
# LUMP t=1740.00 n=5 Emfree=9.69165 | m=4.26154 x=16.58 y=16.04 z=16.88 rg=2.14 | m=2.32798 x=18.93 y=13.09 z=19.06 rg=1.17 | m=0.80287 x=15.21 y=13.58 z=19.25 rg=0.00 | m=0.766205 x=20.20 y=14.84 z=17.21 rg=0.00 | m=0.699816 x=16.31 y=12.50 z=19.84 rg=0.00
# RAD t=1740.00 0.75:-5.413e-07,0,1.0003,0.0001019 2.25:-4.609e-06,0,1.0003,0.0007688 3.75:-1.468e-05,0,1.0002,0.02711 5.25:3.033e-06,0,1.0003,0.02983 6.75:4.325e-05,0,0.9978,2.237 8.25:0.0001797,0,0.9987,2.303 9.75:4.041e-05,0,0.9979,4.52 11.25:-9.93e-05,0,1.0002,0.1626
1750.000	5037.62262	10.0503518	0	0.50955821	5048.18253043	-5.405e-16	17930	16.821	14.557	17.374	0.007	0.0000	0.8455	0.92372	0.8500	0.9947	1.64991	1.64935	0.0000	0.0000	0.0000	-0.0060852	0.0028667	7.7915e-05	0	0	0
# CONV t=1750.00 cond=0 evap=0 rough=0 back_s=0
# LEDGER t=1750.000 mode=3 sum_err=0 max|E-iEu|=1.109e-16 run_max_diff=0.000e+00 run_max_sum_err=0 steps=87500 E0_int=5048182530434780 sum=5048182530434780
# NETG t=1750.00 gates min=0.0000 mean=0.4098 edges=12
# LUMP t=1750.00 n=5 Emfree=10.0504 | m=4.47823 x=16.53 y=16.05 z=16.85 rg=2.12 | m=2.41062 x=18.91 y=13.08 z=19.07 rg=1.17 | m=0.802543 x=15.21 y=13.58 z=19.25 rg=0.00 | m=0.765898 x=20.20 y=14.84 z=17.21 rg=0.00 | m=0.699064 x=16.31 y=12.50 z=19.84 rg=0.00
# RAD t=1750.00 0.75:-6.424e-07,0,1.0003,0.0003096 2.25:-3.934e-06,0,1.0003,0.002288 3.75:1.481e-06,0,1.0002,0.02663 5.25:9.718e-06,0,1.0003,0.03259 6.75:-2.69e-05,0,0.9978,2.406 8.25:0.0002704,0,0.9986,2.381 9.75:-1.602e-05,0,0.9979,4.604 11.25:-8.132e-05,0,1.0002,0.1664
1760.000	5037.62262	9.44521953	0	1.11469046	5048.18253043	-5.405e-16	17930	16.895	14.540	17.437	0.005	0.0000	0.8455	0.92079	0.8500	0.9947	1.64988	1.64935	0.0000	0.0000	0.0000	-0.0017357	0.0099147	-0.014981	0	0	0
# CONV t=1760.00 cond=0 evap=0 rough=0 back_s=0
# LEDGER t=1760.000 mode=3 sum_err=0 max|E-iEu|=1.109e-16 run_max_diff=0.000e+00 run_max_sum_err=0 steps=88000 E0_int=5048182530434780 sum=5048182530434780
# NETG t=1760.00 gates min=0.0000 mean=0.5367 edges=12
# LUMP t=1760.00 n=5 Emfree=9.44522 | m=4.09921 x=16.60 y=16.04 z=16.89 rg=2.15 | m=2.29421 x=18.93 y=13.10 z=19.05 rg=1.17 | m=0.802255 x=15.21 y=13.58 z=19.25 rg=0.00 | m=0.765467 x=20.20 y=14.84 z=17.21 rg=0.00 | m=0.698358 x=16.31 y=12.50 z=19.84 rg=0.00
# RAD t=1760.00 0.75:-6.2e-07,0,1.0003,0.000164 2.25:-2.712e-07,0,1.0003,0.0009433 3.75:3.137e-05,0,1.0002,0.01483 5.25:-2.455e-05,0,1.0003,0.02042 6.75:-6.369e-05,0,0.9978,2.113 8.25:3.153e-06,0,0.9986,2.284 9.75:0.0001478,0,0.9979,4.443 11.25:-0.0001346,0,1.0002,0.1427
1770.000	5037.62262	9.71873664	0	0.841173348	5048.18253043	-3.603e-16	17930	16.853	14.549	17.396	0.005	0.0000	0.8455	0.91659	0.8500	0.9947	1.64988	1.64934	0.0000	0.0000	0.0000	-0.0011956	-0.021044	0.01385	0	0	0
# CONV t=1770.00 cond=0 evap=0 rough=0 back_s=0
# LEDGER t=1770.000 mode=3 sum_err=0 max|E-iEu|=1.109e-16 run_max_diff=0.000e+00 run_max_sum_err=0 steps=88500 E0_int=5048182530434780 sum=5048182530434780
# NETG t=1770.00 gates min=0.0000 mean=0.4536 edges=12
# LUMP t=1770.00 n=5 Emfree=9.71874 | m=4.26266 x=16.60 y=16.06 z=16.85 rg=2.13 | m=2.33242 x=18.91 y=13.08 z=19.06 rg=1.17 | m=0.80195 x=15.21 y=13.58 z=19.25 rg=0.00 | m=0.765065 x=20.20 y=14.84 z=17.21 rg=0.00 | m=0.697563 x=16.31 y=12.50 z=19.84 rg=0.00
# RAD t=1770.00 0.75:-2.476e-07,0,1.0003,0.0002889 2.25:6.997e-06,0,1.0003,0.001886 3.75:5.288e-05,0,1.0003,0.01568 5.25:-4.459e-05,0,1.0003,0.02303 6.75:-3.04e-05,0,0.9978,2.216 8.25:-0.0001469,0,0.9986,2.346 9.75:9.978e-05,0,0.9979,4.515 11.25:-9.168e-05,0,1.0002,0.1543
1780.000	5037.62262	10.0568647	0	0.503045336	5048.18253043	-3.603e-16	17930	16.822	14.601	17.398	0.005	0.0000	0.8455	0.91009	0.8500	0.9947	1.64989	1.64934	0.0000	0.0000	0.0000	-0.015558	-0.038047	0.030262	0	0	0
# CONV t=1780.00 cond=0 evap=0 rough=0 back_s=0
# LEDGER t=1780.000 mode=3 sum_err=0 max|E-iEu|=1.110e-16 run_max_diff=0.000e+00 run_max_sum_err=0 steps=89000 E0_int=5048182530434780 sum=5048182530434780
# NETG t=1780.00 gates min=0.0000 mean=0.4846 edges=12
# LUMP t=1780.00 n=5 Emfree=10.0569 | m=4.59233 x=16.51 y=16.05 z=16.83 rg=2.10 | m=2.36296 x=18.90 y=13.07 z=19.06 rg=1.18 | m=0.801579 x=15.21 y=13.58 z=19.25 rg=0.00 | m=0.764613 x=20.20 y=14.84 z=17.21 rg=0.00 | m=0.696624 x=16.31 y=12.50 z=19.84 rg=0.00
# RAD t=1780.00 0.75:4.056e-07,0,1.0003,4.861e-05 2.25:9.374e-06,0,1.0003,0.001416 3.75:2.804e-05,0,1.0003,0.01014 5.25:9.351e-06,0,1.0003,0.02387 6.75:-1.059e-05,0,0.9978,2.499 8.25:-5.805e-05,0,0.9986,2.389 9.75:0.0001261,0,0.9979,4.555 11.25:-0.0002978,0,1.0002,0.1462
1790.000	5037.62262	9.68834919	0	0.871560798	5048.18253043	-5.405e-16	17930	16.841	14.556	17.398	0.004	0.0000	0.8455	0.92704	0.8500	0.9947	1.64989	1.64934	0.0000	0.0000	0.0000	-0.015224	-0.002621	-0.00055832	0	0	0
# CONV t=1790.00 cond=0 evap=0 rough=0 back_s=0
# LEDGER t=1790.000 mode=3 sum_err=0 max|E-iEu|=1.110e-16 run_max_diff=0.000e+00 run_max_sum_err=0 steps=89500 E0_int=5048182530434780 sum=5048182530434780
# NETG t=1790.00 gates min=0.0000 mean=0.4293 edges=12
# LUMP t=1790.00 n=5 Emfree=9.68835 | m=4.26165 x=16.57 y=16.04 z=16.87 rg=2.14 | m=2.31741 x=18.94 y=13.10 z=19.05 rg=1.17 | m=0.801274 x=15.21 y=13.58 z=19.25 rg=0.00 | m=0.764282 x=20.20 y=14.84 z=17.21 rg=0.00 | m=0.695792 x=16.31 y=12.50 z=19.84 rg=0.00
# RAD t=1790.00 0.75:5.194e-07,0,1.0003,0.0001334 2.25:7.378e-06,0,1.0003,0.001512 3.75:3.112e-05,0,1.0003,0.006965 5.25:-9.059e-06,0,1.0003,0.02204 6.75:-1.529e-05,0,0.9978,2.24 8.25:6.393e-05,0,0.9986,2.314 9.75:-9.376e-05,0,0.9979,4.506 11.25:-6.566e-05,0,1.0002,0.1458
1800.000	5037.62262	10.1077907	0	0.452119241	5048.18253043	-3.603e-16	17931	16.783	14.568	17.347	0.006	0.0000	0.8455	0.94923	0.8500	0.9947	1.64987	1.64934	0.0000	0.0000	0.0000	0.0086151	0.0082709	-0.0089692	0	0	0
# CONV t=1800.00 cond=0 evap=0 rough=0 back_s=0
# LEDGER t=1800.000 mode=3 sum_err=0 max|E-iEu|=1.110e-16 run_max_diff=0.000e+00 run_max_sum_err=0 steps=90000 E0_int=5048182530434780 sum=5048182530434780
# NETG t=1800.00 gates min=0.0000 mean=0.5297 edges=12
# LUMP t=1800.00 n=5 Emfree=10.1078 | m=4.51255 x=16.52 y=16.06 z=16.83 rg=2.10 | m=2.41117 x=18.91 y=13.08 z=19.07 rg=1.16 | m=0.800892 x=15.21 y=13.58 z=19.25 rg=0.00 | m=0.763916 x=20.20 y=14.84 z=17.21 rg=0.00 | m=0.694977 x=16.31 y=12.50 z=19.84 rg=0.00
# RAD t=1800.00 0.75:4.119e-07,0,1.0003,0.0004904 2.25:6.326e-06,0,1.0003,0.004155 3.75:1.449e-05,0,1.0003,0.01002 5.25:-2.638e-05,0,1.0003,0.03398 6.75:-3.929e-05,0,0.9978,2.44 8.25:0.0001127,0,0.9986,2.401 9.75:-0.0001357,0,0.9979,4.608 11.25:-3.189e-05,0,1.0002,0.1604
1810.000	5037.62262	9.57312256	0	0.986787432	5048.18253043	-3.603e-16	17932	16.842	14.538	17.413	0.004	0.0000	0.8455	0.96147	0.8500	0.9947	1.64989	1.64934	0.0000	0.0000	0.0000	-0.011054	-0.0089566	-0.01057	0	0	0
# CONV t=1810.00 cond=0 evap=0 rough=0 back_s=0
# LEDGER t=1810.000 mode=3 sum_err=0 max|E-iEu|=1.110e-16 run_max_diff=0.000e+00 run_max_sum_err=0 steps=90500 E0_int=5048182530434780 sum=5048182530434780
# NETG t=1810.00 gates min=0.0000 mean=0.4938 edges=12
# LUMP t=1810.00 n=4 Emfree=9.57312 | m=4.19289 x=16.59 y=16.04 z=16.88 rg=2.14 | m=3.06953 x=19.25 y=13.53 z=18.60 rg=1.59 | m=0.800566 x=15.21 y=13.58 z=19.25 rg=0.00 | m=0.694173 x=16.31 y=12.50 z=19.84 rg=0.00
# RAD t=1810.00 0.75:3.544e-07,0,1.0003,3.781e-05 2.25:5.261e-06,0,1.0003,0.001217 3.75:-8.555e-07,0,1.0003,0.003923 5.25:-3.108e-05,0,1.0003,0.02587 6.75:-3.543e-05,0,0.9978,2.177 8.25:3.875e-05,0,0.9986,2.307 9.75:-6.458e-05,0,0.9979,4.481 11.25:4.835e-05,0,1.0002,0.1436
1820.000	5037.62262	9.95724913	0	0.602660859	5048.18253043	-5.405e-16	17932	16.791	14.539	17.362	0.006	0.0000	0.8455	0.95672	0.8500	0.9947	1.64987	1.64934	0.0000	0.0000	0.0000	0.0022169	-0.009102	-0.0066166	0	0	0
# CONV t=1820.00 cond=0 evap=0 rough=0 back_s=0
# LEDGER t=1820.000 mode=3 sum_err=0 max|E-iEu|=1.110e-16 run_max_diff=0.000e+00 run_max_sum_err=0 steps=91000 E0_int=5048182530434780 sum=5048182530434780
# NETG t=1820.00 gates min=0.0000 mean=0.3189 edges=12
# LUMP t=1820.00 n=4 Emfree=9.95725 | m=4.42552 x=16.55 y=16.05 z=16.85 rg=2.11 | m=3.15403 x=19.22 y=13.51 z=18.62 rg=1.59 | m=0.800223 x=15.21 y=13.58 z=19.25 rg=0.00 | m=0.693417 x=16.31 y=12.50 z=19.84 rg=0.00
# RAD t=1820.00 0.75:4.618e-07,0,1.0003,0.0002571 2.25:3.806e-06,0,1.0003,0.003117 3.75:-9.521e-06,0,1.0003,0.008967 5.25:-2.953e-05,0,1.0003,0.03739 6.75:3.71e-06,0,0.9978,2.356 8.25:2.229e-06,0,0.9986,2.376 9.75:-4.882e-05,0,0.9979,4.585 11.25:4.046e-05,0,1.0002,0.1625
1830.000	5037.62262	9.43157846	0	1.12833152	5048.18253043	-3.603e-16	17932	16.840	14.522	17.416	0.004	0.0000	0.8455	0.94744	0.8500	0.9947	1.64989	1.64934	0.0000	0.0000	0.0000	-0.0085354	-0.0056002	-0.009665	0	0	0
# CONV t=1830.00 cond=0 evap=0 rough=0 back_s=0
# LEDGER t=1830.000 mode=3 sum_err=0 max|E-iEu|=1.110e-16 run_max_diff=0.000e+00 run_max_sum_err=0 steps=91500 E0_int=5048182530434780 sum=5048182530434780
# NETG t=1830.00 gates min=0.0000 mean=0.2638 edges=12
# LUMP t=1830.00 n=4 Emfree=9.43158 | m=4.10735 x=16.61 y=16.04 z=16.89 rg=2.16 | m=3.03721 x=19.25 y=13.54 z=18.59 rg=1.60 | m=0.799964 x=15.21 y=13.58 z=19.25 rg=0.00 | m=0.69262 x=16.31 y=12.50 z=19.84 rg=0.00
# RAD t=1830.00 0.75:3.271e-07,0,1.0003,6.83e-05 2.25:1.54e-06,0,1.0003,0.001304 3.75:-7.907e-06,0,1.0003,0.003769 5.25:-1.639e-05,0,1.0003,0.02565 6.75:6.292e-06,0,0.9978,2.105 8.25:5.969e-06,0,0.9986,2.284 9.75:6.631e-06,0,0.9979,4.456 11.25:-9.661e-06,0,1.0002,0.1385
1840.000	5037.62262	9.77636444	0	0.783545545	5048.18253043	-3.603e-16	17932	16.802	14.520	17.360	0.005	0.0000	0.8455	0.94495	0.8500	0.9947	1.64988	1.64935	0.0000	0.0000	0.0000	-0.0013845	-0.01475	0.0040407	0	0	0
# CONV t=1840.00 cond=0 evap=0 rough=0 back_s=0
# LEDGER t=1840.000 mode=3 sum_err=0 max|E-iEu|=1.110e-16 run_max_diff=0.000e+00 run_max_sum_err=0 steps=92000 E0_int=5048182530434780 sum=5048182530434780
# NETG t=1840.00 gates min=0.0000 mean=0.3566 edges=12
# LUMP t=1840.00 n=4 Emfree=9.77636 | m=4.30074 x=16.58 y=16.05 z=16.86 rg=2.13 | m=3.12043 x=19.23 y=13.51 z=18.61 rg=1.59 | m=0.799708 x=15.21 y=13.58 z=19.25 rg=0.00 | m=0.69177 x=16.31 y=12.50 z=19.84 rg=0.00
# RAD t=1840.00 0.75:1.416e-07,0,1.0003,0.0001152 2.25:-1.824e-07,0,1.0003,0.002639 3.75:-4.998e-06,0,1.0003,0.00769 5.25:1.498e-06,0,1.0003,0.03291 6.75:-1.867e-05,0,0.9978,2.262 8.25:-7.227e-06,0,0.9986,2.352 9.75:5.935e-06,0,0.9979,4.553 11.25:2.732e-05,0,1.0002,0.1486
1850.000	5037.62262	10.0710848	0	0.48882519	5048.18253043	-5.405e-16	17932	16.804	14.531	17.364	0.005	0.0000	0.8455	0.93745	0.8500	0.9947	1.64990	1.64935	0.0000	0.0000	0.0000	0.0093044	0.022797	-0.022954	0	0	0
# CONV t=1850.00 cond=0 evap=0 rough=0 back_s=0
# LEDGER t=1850.000 mode=3 sum_err=0 max|E-iEu|=1.110e-16 run_max_diff=0.000e+00 run_max_sum_err=0 steps=92500 E0_int=5048182530434780 sum=5048182530434780
# NETG t=1850.00 gates min=0.0000 mean=0.4040 edges=12
# LUMP t=1850.00 n=4 Emfree=10.0711 | m=4.48775 x=16.54 y=16.06 z=16.83 rg=2.10 | m=3.20559 x=19.21 y=13.49 z=18.63 rg=1.59 | m=0.799407 x=15.21 y=13.58 z=19.25 rg=0.00 | m=0.690762 x=16.31 y=12.50 z=19.84 rg=0.00
# RAD t=1850.00 0.75:1.6e-07,0,1.0003,0.0001074 2.25:-1.823e-06,0,1.0003,0.001782 3.75:-6.386e-06,0,1.0003,0.009098 5.25:2.667e-05,0,1.0002,0.03341 6.75:7.432e-06,0,0.9978,2.405 8.25:-0.0002489,0,0.9986,2.419 9.75:7.322e-05,0,0.9979,4.636 11.25:-6.321e-05,0,1.0002,0.153
1860.000	5037.62262	9.54900765	0	1.01090234	5048.18253043	-5.405e-16	17932	16.831	14.513	17.387	0.005	0.0000	0.8455	0.93394	0.8500	0.9947	1.64989	1.64935	0.0000	0.0000	0.0000	-0.00018463	-0.00086538	-0.0082236	0	0	0
# CONV t=1860.00 cond=0 evap=0 rough=0 back_s=0
# LEDGER t=1860.000 mode=3 sum_err=0 max|E-iEu|=1.110e-16 run_max_diff=0.000e+00 run_max_sum_err=0 steps=93000 E0_int=5048182530434780 sum=5048182530434780
# NETG t=1860.00 gates min=0.0000 mean=0.3687 edges=12
# LUMP t=1860.00 n=4 Emfree=9.54901 | m=4.16374 x=16.60 y=16.05 z=16.87 rg=2.14 | m=3.058 x=19.24 y=13.53 z=18.60 rg=1.60 | m=0.799134 x=15.21 y=13.58 z=19.25 rg=0.00 | m=0.689823 x=16.31 y=12.50 z=19.84 rg=0.00
# RAD t=1860.00 0.75:-6.955e-08,0,1.0003,4.381e-05 2.25:-2.222e-06,0,1.0003,0.002029 3.75:-2.183e-06,0,1.0003,0.008811 5.25:6.025e-05,0,1.0002,0.03091 6.75:-5.526e-08,0,0.9978,2.16 8.25:-5.887e-05,0,0.9986,2.326 9.75:5.416e-05,0,0.9979,4.456 11.25:-9.753e-05,0,1.0002,0.1476
1870.000	5037.62262	10.0016173	0	0.55829271	5048.18253043	-3.603e-16	17932	16.770	14.524	17.317	0.007	0.0000	0.8455	0.92574	0.8500	0.9947	1.64987	1.64935	0.0000	0.0000	0.0000	0.014572	0.012042	-0.014902	0	0	0
# CONV t=1870.00 cond=0 evap=0 rough=0 back_s=0
# LEDGER t=1870.000 mode=3 sum_err=0 max|E-iEu|=1.110e-16 run_max_diff=0.000e+00 run_max_sum_err=0 steps=93500 E0_int=5048182530434780 sum=5048182530434780
# NETG t=1870.00 gates min=0.0000 mean=0.4021 edges=12
# LUMP t=1870.00 n=4 Emfree=10.0016 | m=4.45425 x=16.54 y=16.06 z=16.84 rg=2.11 | m=3.12585 x=19.22 y=13.51 z=18.61 rg=1.60 | m=0.798854 x=15.21 y=13.58 z=19.25 rg=0.00 | m=0.688971 x=16.31 y=12.50 z=19.84 rg=0.00
# RAD t=1870.00 0.75:-9.228e-08,0,1.0003,0.0002915 2.25:-2.413e-06,0,1.0003,0.004283 3.75:-2.516e-06,0,1.0003,0.01405 5.25:4.439e-05,0,1.0002,0.04237 6.75:-8.055e-06,0,0.9978,2.415 8.25:0.0001032,0,0.9986,2.388 9.75:0.0001297,0,0.9979,4.539 11.25:-0.0003652,0,1.0002,0.1624
1880.000	5037.62262	9.43100338	0	1.1289066	5048.18253043	-5.405e-16	17932	16.842	14.510	17.389	0.005	0.0000	0.8455	0.93529	0.8500	0.9947	1.64987	1.64934	0.0000	0.0000	0.0000	-0.014357	-0.016006	0.005457	0	0	0
# CONV t=1880.00 cond=0 evap=0 rough=0 back_s=0
# LEDGER t=1880.000 mode=3 sum_err=0 max|E-iEu|=1.110e-16 run_max_diff=0.000e+00 run_max_sum_err=0 steps=94000 E0_int=5048182530434780 sum=5048182530434780
# NETG t=1880.00 gates min=0.0000 mean=0.3718 edges=12
# LUMP t=1880.00 n=4 Emfree=9.431 | m=4.11333 x=16.62 y=16.05 z=16.88 rg=2.15 | m=3.01464 x=19.26 y=13.55 z=18.58 rg=1.59 | m=0.798616 x=15.21 y=13.58 z=19.25 rg=0.00 | m=0.688146 x=16.31 y=12.50 z=19.84 rg=0.00
# RAD t=1880.00 0.75:-3.373e-07,0,1.0003,2.037e-05 2.25:-6.416e-07,0,1.0003,0.001273 3.75:-1.023e-05,0,1.0003,0.009122 5.25:1.415e-05,0,1.0003,0.03488 6.75:2.884e-05,0,0.9978,2.109 8.25:8.012e-05,0,0.9986,2.3 9.75:-4.626e-05,0,0.9979,4.409 11.25:-0.0001738,0,1.0002,0.1506
1890.000	5037.62262	9.85372725	0	0.706182744	5048.18253043	-3.603e-16	17932	16.803	14.503	17.331	0.007	0.0000	0.8455	0.95576	0.8500	0.9947	1.64987	1.64934	0.0000	0.0000	0.0000	-0.0022318	0.0023099	-0.0063088	0	0	0
# CONV t=1890.00 cond=0 evap=0 rough=0 back_s=0
# LEDGER t=1890.000 mode=3 sum_err=0 max|E-iEu|=1.110e-16 run_max_diff=0.000e+00 run_max_sum_err=0 steps=94500 E0_int=5048182530434780 sum=5048182530434780
# NETG t=1890.00 gates min=0.0000 mean=0.3584 edges=12
# LUMP t=1890.00 n=4 Emfree=9.85373 | m=4.34382 x=16.57 y=16.06 z=16.84 rg=2.12 | m=3.12531 x=19.23 y=13.51 z=18.61 rg=1.59 | m=0.798318 x=15.21 y=13.58 z=19.25 rg=0.00 | m=0.68736 x=16.31 y=12.50 z=19.84 rg=0.00
# RAD t=1890.00 0.75:2.621e-09,0,1.0003,0.0001516 2.25:-1.681e-06,0,1.0003,0.002562 3.75:-1.311e-05,0,1.0003,0.01494 5.25:1.959e-05,0,1.0002,0.04435 6.75:4.955e-05,0,0.9978,2.3 8.25:6.299e-05,0,0.9986,2.368 9.75:-0.0001598,0,0.9979,4.537 11.25:6.891e-05,0,1.0002,0.1647
1900.000	5037.62262	10.1282187	0	0.431691295	5048.18253043	-3.603e-16	17933	16.822	14.542	17.372	0.006	0.0000	0.8455	0.96341	0.8500	0.9947	1.64985	1.64935	0.0000	0.0000	0.0000	-0.0012566	-0.01344	-0.0013174	0	0	0
# CONV t=1900.00 cond=0 evap=0 rough=0 back_s=0
# LEDGER t=1900.000 mode=3 sum_err=0 max|E-iEu|=1.110e-16 run_max_diff=0.000e+00 run_max_sum_err=0 steps=95000 E0_int=5048182530434780 sum=5048182530434780
# NETG t=1900.00 gates min=0.0000 mean=0.3666 edges=12
# LUMP t=1900.00 n=4 Emfree=10.1282 | m=4.60094 x=16.50 y=16.06 z=16.81 rg=2.08 | m=3.2215 x=19.21 y=13.49 z=18.64 rg=1.59 | m=0.798129 x=15.21 y=13.58 z=19.25 rg=0.00 | m=0.686564 x=16.31 y=12.50 z=19.84 rg=0.00
# RAD t=1900.00 0.75:-3.398e-07,0,1.0003,1.063e-05 2.25:-3.051e-06,0,1.0003,0.001558 3.75:-7.921e-06,0,1.0003,0.01122 5.25:3.21e-05,0,1.0002,0.03949 6.75:6.716e-05,0,0.9978,2.506 8.25:-7.573e-05,0,0.9986,2.397 9.75:-5.406e-05,0,0.9979,4.619 11.25:2.608e-05,0,1.0002,0.1226
1910.000	5037.62262	9.668865	0	0.891044988	5048.18253043	-3.603e-16	17933	16.814	14.468	17.338	0.007	0.0000	0.8455	0.95939	0.8500	0.9947	1.64984	1.64935	0.0000	0.0000	0.0000	-0.0075315	-0.0027389	-0.0012014	0	0	0
# CONV t=1910.00 cond=0 evap=0 rough=0 back_s=0
# LEDGER t=1910.000 mode=3 sum_err=0 max|E-iEu|=1.110e-16 run_max_diff=0.000e+00 run_max_sum_err=0 steps=95500 E0_int=5048182530434780 sum=5048182530434780
# NETG t=1910.00 gates min=0.0000 mean=0.4009 edges=12
# LUMP t=1910.00 n=4 Emfree=9.66887 | m=4.20277 x=16.61 y=16.06 z=16.85 rg=2.13 | m=3.09482 x=19.23 y=13.52 z=18.61 rg=1.59 | m=0.797858 x=15.21 y=13.58 z=19.25 rg=0.00 | m=0.68575 x=16.31 y=12.50 z=19.84 rg=0.00
# RAD t=1910.00 0.75:-3.325e-07,0,1.0003,0.0001411 2.25:-3.471e-06,0,1.0003,0.002727 3.75:-9.879e-06,0,1.0003,0.017 5.25:4.614e-05,0,1.0002,0.04745 6.75:5.516e-05,0,0.9978,2.17 8.25:-8.099e-05,0,0.9986,2.341 9.75:-4.34e-05,0,0.9979,4.511 11.25:8.021e-05,0,1.0002,0.1284
1920.000	5037.62262	10.090153	0	0.469756943	5048.18253043	-5.405e-16	17933	16.763	14.476	17.299	0.009	0.0000	0.8455	0.95235	0.8500	0.9947	1.64985	1.64935	0.0000	0.0000	0.0000	0.0021486	0.0078745	-0.0028988	0	0	0
# CONV t=1920.00 cond=0 evap=0 rough=0 back_s=0
# LEDGER t=1920.000 mode=3 sum_err=0 max|E-iEu|=1.110e-16 run_max_diff=0.000e+00 run_max_sum_err=0 steps=96000 E0_int=5048182530434780 sum=5048182530434780
# NETG t=1920.00 gates min=0.0000 mean=0.4097 edges=12
# LUMP t=1920.00 n=4 Emfree=10.0902 | m=4.46593 x=16.54 y=16.06 z=16.83 rg=2.10 | m=3.18385 x=19.21 y=13.50 z=18.63 rg=1.59 | m=0.797587 x=15.21 y=13.58 z=19.25 rg=0.00 | m=0.684734 x=16.31 y=12.50 z=19.84 rg=0.00
# RAD t=1920.00 0.75:-2.674e-07,0,1.0003,0.0004968 2.25:-5.214e-06,0,1.0003,0.005278 3.75:-7.216e-06,0,1.0003,0.02301 5.25:7.683e-05,0,1.0002,0.05943 6.75:6.37e-05,0,0.9978,2.407 8.25:-0.0001788,0,0.9986,2.392 9.75:-5.493e-05,0,0.9979,4.621 11.25:5.827e-05,0,1.0002,0.1327
1930.000	5037.62262	9.5246466	0	1.03526339	5048.18253043	-3.603e-16	17933	16.825	14.463	17.349	0.008	0.0000	0.8455	0.95164	0.8500	0.9947	1.64984	1.64935	0.0000	0.0000	0.0000	0.0010995	-0.0048647	-0.0032337	0	0	0
# CONV t=1930.00 cond=0 evap=0 rough=0 back_s=0
# LEDGER t=1930.000 mode=3 sum_err=0 max|E-iEu|=1.110e-16 run_max_diff=0.000e+00 run_max_sum_err=0 steps=96500 E0_int=5048182530434780 sum=5048182530434780
# NETG t=1930.00 gates min=0.0000 mean=0.2973 edges=12
# LUMP t=1930.00 n=4 Emfree=9.52465 | m=4.12085 x=16.62 y=16.05 z=16.87 rg=2.14 | m=3.05885 x=19.24 y=13.53 z=18.60 rg=1.60 | m=0.797245 x=15.21 y=13.58 z=19.25 rg=0.00 | m=0.683759 x=16.31 y=12.50 z=19.84 rg=0.00
# RAD t=1930.00 0.75:-2.021e-07,0,1.0003,0.0001364 2.25:-4.651e-06,0,1.0003,0.001752 3.75:2.126e-06,0,1.0003,0.01525 5.25:8.454e-05,0,1.0002,0.05224 6.75:6.565e-05,0,0.9978,2.119 8.25:-8.437e-05,0,0.9986,2.294 9.75:-5.034e-05,0,0.9979,4.474 11.25:3.367e-05,0,1.0002,0.1223
1940.000	5037.62262	9.9620312	0	0.59787879	5048.18253043	-3.603e-16	17933	16.784	14.474	17.297	0.010	0.0000	0.8455	0.96478	0.8500	0.9947	1.64984	1.64935	0.0000	0.0000	0.0000	0.0060041	0.0039269	-0.0055505	0	0	0
# CONV t=1940.00 cond=0 evap=0 rough=0 back_s=0
# LEDGER t=1940.000 mode=3 sum_err=0 max|E-iEu|=1.110e-16 run_max_diff=0.000e+00 run_max_sum_err=0 steps=97000 E0_int=5048182530434780 sum=5048182530434780
# NETG t=1940.00 gates min=0.0000 mean=0.3378 edges=12
# LUMP t=1940.00 n=4 Emfree=9.96203 | m=4.39809 x=16.55 y=16.06 z=16.83 rg=2.10 | m=3.14444 x=19.22 y=13.50 z=18.62 rg=1.59 | m=0.796932 x=15.21 y=13.58 z=19.25 rg=0.00 | m=0.682885 x=16.31 y=12.50 z=19.84 rg=0.00
# RAD t=1940.00 0.75:-5.689e-08,0,1.0003,0.0002988 2.25:-2.382e-06,0,1.0003,0.004331 3.75:1.623e-05,0,1.0003,0.01676 5.25:2.636e-05,0,1.0002,0.06797 6.75:5.647e-05,0,0.9978,2.367 8.25:-7.029e-05,0,0.9986,2.35 9.75:-5.546e-05,0,0.9979,4.569 11.25:-4.648e-06,0,1.0002,0.1359
1950.000	5037.62262	9.34062017	0	1.21928982	5048.18253043	-5.405e-16	17933	16.837	14.487	17.358	0.009	0.0000	0.8455	0.96085	0.8500	0.9947	1.64984	1.64934	0.0000	0.0000	0.0000	-0.0028327	-0.0083564	-0.0029048	0	0	0
# CONV t=1950.00 cond=0 evap=0 rough=0 back_s=0
# LEDGER t=1950.000 mode=3 sum_err=0 max|E-iEu|=1.110e-16 run_max_diff=0.000e+00 run_max_sum_err=0 steps=97500 E0_int=5048182530434780 sum=5048182530434780
# NETG t=1950.00 gates min=0.0000 mean=0.3842 edges=12
# LUMP t=1950.00 n=4 Emfree=9.34062 | m=4.0691 x=16.63 y=16.06 z=16.87 rg=2.15 | m=2.96509 x=19.26 y=13.55 z=18.57 rg=1.60 | m=0.796615 x=15.21 y=13.58 z=19.25 rg=0.00 | m=0.682032 x=16.31 y=12.50 z=19.84 rg=0.00
# RAD t=1950.00 0.75:5.222e-08,0,1.0003,0.0002451 2.25:1.946e-06,0,1.0003,0.001607 3.75:1.452e-05,0,1.0003,0.006047 5.25:-1.063e-05,0,1.0002,0.067 6.75:7.639e-05,0,0.9978,2.074 8.25:5.158e-05,0,0.9986,2.272 9.75:1.572e-05,0,0.9979,4.368 11.25:-0.0001727,0,1.0002,0.1216
1960.000	5037.62262	9.74441351	0	0.815496478	5048.18253043	-5.405e-16	17934	16.777	14.486	17.284	0.009	0.0000	0.8455	0.95482	0.8500	0.9947	1.64984	1.64934	0.0000	0.0000	0.0000	0.022295	0.019326	-0.033949	0	0	0
# CONV t=1960.00 cond=0 evap=0 rough=0 back_s=0
# LEDGER t=1960.000 mode=3 sum_err=0 max|E-iEu|=1.110e-16 run_max_diff=0.000e+00 run_max_sum_err=0 steps=98000 E0_int=5048182530434780 sum=5048182530434780
# NETG t=1960.00 gates min=0.0000 mean=0.4248 edges=12
# LUMP t=1960.00 n=4 Emfree=9.74441 | m=4.29397 x=16.58 y=16.06 z=16.85 rg=2.12 | m=3.04837 x=19.23 y=13.52 z=18.60 rg=1.60 | m=0.796252 x=15.21 y=13.58 z=19.25 rg=0.00 | m=0.681226 x=16.31 y=12.50 z=19.84 rg=0.00
# RAD t=1960.00 0.75:3.714e-07,0,1.0003,0.0001137 2.25:1.646e-06,0,1.0003,0.00342 3.75:-3.519e-06,0,1.0003,0.01507 5.25:1.127e-05,0,1.0002,0.06784 6.75:8.65e-05,0,0.9978,2.274 8.25:0.0001734,0,0.9986,2.327 9.75:-6.627e-05,0,0.9979,4.464 11.25:-0.0002131,0,1.0002,0.1494
1970.000	5037.62262	10.0508935	0	0.509016445	5048.18253043	-5.405e-16	17935	16.802	14.526	17.312	0.009	0.0000	0.8455	0.95743	0.8500	0.9947	1.64985	1.64934	0.0000	0.0000	0.0000	-0.002187	-0.012954	0.0059329	0	0	0
# CONV t=1970.00 cond=0 evap=0 rough=0 back_s=0
# LEDGER t=1970.000 mode=3 sum_err=0 max|E-iEu|=1.110e-16 run_max_diff=0.000e+00 run_max_sum_err=0 steps=98500 E0_int=5048182530434780 sum=5048182530434780
# NETG t=1970.00 gates min=0.0000 mean=0.4105 edges=12
# LUMP t=1970.00 n=4 Emfree=10.0509 | m=4.52173 x=16.53 y=16.07 z=16.82 rg=2.09 | m=3.16464 x=19.21 y=13.50 z=18.63 rg=1.59 | m=0.796012 x=15.21 y=13.58 z=19.25 rg=0.00 | m=0.680435 x=16.31 y=12.50 z=19.84 rg=0.00
# RAD t=1970.00 0.75:-7.434e-08,0,1.0003,0.0003878 2.25:-3.284e-06,0,1.0003,0.002455 3.75:-3.047e-05,0,1.0003,0.02036 5.25:8.321e-05,0,1.0002,0.05754 6.75:9.152e-05,0,0.9978,2.459 8.25:1.424e-05,0,0.9986,2.368 9.75:-0.0002099,0,0.9979,4.583 11.25:-1.785e-05,0,1.0002,0.1498
1980.000	5037.62262	9.55306443	0	1.00684556	5048.18253043	-5.405e-16	17935	16.830	14.450	17.288	0.010	0.0000	0.8455	0.96496	0.8500	0.9947	1.64983	1.64934	0.0000	0.0000	0.0000	-0.013428	0.0003519	-0.010504	0	0	0
# CONV t=1980.00 cond=0 evap=0 rough=0 back_s=0
# LEDGER t=1980.000 mode=3 sum_err=0 max|E-iEu|=1.110e-16 run_max_diff=0.000e+00 run_max_sum_err=0 steps=99000 E0_int=5048182530434780 sum=5048182530434780
# NETG t=1980.00 gates min=0.0000 mean=0.3519 edges=12
# LUMP t=1980.00 n=4 Emfree=9.55306 | m=4.10772 x=16.63 y=16.06 z=16.86 rg=2.14 | m=3.07298 x=19.24 y=13.52 z=18.60 rg=1.59 | m=0.795726 x=15.21 y=13.58 z=19.25 rg=0.00 | m=0.679669 x=16.31 y=12.50 z=19.84 rg=0.00
# RAD t=1980.00 0.75:-1.887e-07,0,1.0003,3.635e-05 2.25:-5.777e-06,0,1.0003,0.002776 3.75:-1.178e-05,0,1.0002,0.0251 5.25:9.557e-05,0,1.0002,0.05847 6.75:0.0001048,0,0.9978,2.114 8.25:-0.0001339,0,0.9986,2.291 9.75:-0.0002275,0,0.9979,4.484 11.25:9.009e-05,0,1.0002,0.1591
1990.000	5037.62262	10.0183692	0	0.541540801	5048.18253043	-5.405e-16	17935	16.766	14.479	17.250	0.011	0.0000	0.8455	0.96566	0.8500	0.9947	1.64983	1.64934	0.0000	0.0000	0.0000	0.0063517	-5.4987e-06	-0.0063188	0	0	0
# CONV t=1990.00 cond=0 evap=0 rough=0 back_s=0
# LEDGER t=1990.000 mode=3 sum_err=0 max|E-iEu|=1.110e-16 run_max_diff=0.000e+00 run_max_sum_err=0 steps=99500 E0_int=5048182530434780 sum=5048182530434780
# NETG t=1990.00 gates min=0.0000 mean=0.3658 edges=12
# LUMP t=1990.00 n=4 Emfree=10.0184 | m=4.42404 x=16.53 y=16.06 z=16.83 rg=2.10 | m=3.16052 x=19.21 y=13.50 z=18.63 rg=1.59 | m=0.795492 x=15.21 y=13.58 z=19.25 rg=0.00 | m=0.678811 x=16.31 y=12.50 z=19.84 rg=0.00
# RAD t=1990.00 0.75:-3.18e-07,0,1.0003,0.0007842 2.25:-3.627e-06,0,1.0003,0.005017 3.75:6.693e-06,0,1.0002,0.02689 5.25:0.0001027,0,1.0002,0.07228 6.75:0.0001198,0,0.9978,2.415 8.25:-0.0002113,0,0.9986,2.339 9.75:-9.528e-05,0,0.9979,4.608 11.25:-1.411e-05,0,1.0002,0.1549
2000.000	5037.62262	9.45523858	0	1.10467141	5048.18253043	-3.603e-16	17935	16.832	14.462	17.283	0.009	0.0000	0.8455	0.9663	0.8500	0.9947	1.64984	1.64934	0.0000	0.0000	0.0000	-0.0096312	0.00025578	-0.012779	0	0	0
# CONV t=2000.00 cond=0 evap=0 rough=0 back_s=0
# LEDGER t=2000.000 mode=3 sum_err=0 max|E-iEu|=1.110e-16 run_max_diff=0.000e+00 run_max_sum_err=0 steps=100000 E0_int=5048182530434780 sum=5048182530434780
# NETG t=2000.00 gates min=0.0000 mean=0.3210 edges=12
# LUMP t=2000.00 n=4 Emfree=9.45524 | m=4.0762 x=16.63 y=16.06 z=16.87 rg=2.14 | m=3.03754 x=19.24 y=13.53 z=18.60 rg=1.60 | m=0.795229 x=15.21 y=13.58 z=19.25 rg=0.00 | m=0.677883 x=16.31 y=12.50 z=19.84 rg=0.00
# RAD t=2000.00 0.75:-2.798e-07,0,1.0003,2.284e-05 2.25:2.603e-07,0,1.0003,0.00151 3.75:3.32e-05,0,1.0003,0.01261 5.25:1.094e-05,0,1.0002,0.07071 6.75:0.0001175,0,0.9978,2.09 8.25:-0.000111,0,0.9986,2.271 9.75:-9.772e-05,0,0.9979,4.47 11.25:1.295e-05,0,1.0002,0.1389
2010.000	5037.62262	9.862739	0	0.697170988	5048.18253043	-5.405e-16	17935	16.791	14.471	17.240	0.010	0.0000	0.8455	0.96933	0.8500	0.9947	1.64984	1.64935	0.0000	0.0000	0.0000	0.0023149	0.0010756	-0.010194	0	0	0
# CONV t=2010.00 cond=0 evap=0 rough=0 back_s=0
# LEDGER t=2010.000 mode=3 sum_err=0 max|E-iEu|=1.110e-16 run_max_diff=0.000e+00 run_max_sum_err=0 steps=100500 E0_int=5048182530434780 sum=5048182530434780
# NETG t=2010.00 gates min=0.0000 mean=0.3036 edges=12
# LUMP t=2010.00 n=4 Emfree=9.86274 | m=4.3297 x=16.57 y=16.06 z=16.84 rg=2.11 | m=3.12386 x=19.22 y=13.50 z=18.62 rg=1.60 | m=0.795022 x=15.21 y=13.58 z=19.25 rg=0.00 | m=0.677125 x=16.31 y=12.50 z=19.84 rg=0.00
# RAD t=2010.00 0.75:2.447e-07,0,1.0003,0.000516 2.25:3.897e-06,0,1.0003,0.003588 3.75:1.887e-05,0,1.0003,0.01848 5.25:-2.169e-05,0,1.0002,0.0707 6.75:5.567e-05,0,0.9978,2.322 8.25:4.184e-05,0,0.9986,2.334 9.75:-5.631e-05,0,0.9979,4.571 11.25:-9.48e-05,0,1.0002,0.1608
2020.000	5037.62262	9.26967776	0	1.29023223	5048.18253043	-5.405e-16	17935	16.865	14.456	17.305	0.007	0.0000	0.8455	0.96271	0.8500	0.9947	1.64986	1.64935	0.0000	0.0000	0.0000	-0.0078348	-0.0053177	-0.015863	0	0	0
# CONV t=2020.00 cond=0 evap=0 rough=0 back_s=0
# LEDGER t=2020.000 mode=3 sum_err=0 max|E-iEu|=1.110e-16 run_max_diff=0.000e+00 run_max_sum_err=0 steps=101000 E0_int=5048182530434780 sum=5048182530434780
# NETG t=2020.00 gates min=0.0000 mean=0.3703 edges=12
# LUMP t=2020.00 n=4 Emfree=9.26968 | m=3.98272 x=16.65 y=16.06 z=16.88 rg=2.15 | m=3.00004 x=19.25 y=13.54 z=18.59 rg=1.60 | m=0.794739 x=15.21 y=13.58 z=19.25 rg=0.00 | m=0.676418 x=16.31 y=12.50 z=19.84 rg=0.00
# RAD t=2020.00 0.75:1.192e-07,0,1.0003,1.869e-05 2.25:7.308e-07,0,1.0003,0.001235 3.75:-4.623e-06,0,1.0003,0.01456 5.25:1.654e-05,0,1.0002,0.04877 6.75:-1.002e-05,0,0.9978,2.008 8.25:3.077e-05,0,0.9986,2.258 9.75:-2.114e-05,0,0.9979,4.419 11.25:-0.0001253,0,1.0002,0.186
2030.000	5037.62262	9.64657705	0	0.913332941	5048.18253043	-5.405e-16	17935	16.794	14.462	17.215	0.009	0.0000	0.8455	0.94889	0.8500	0.9947	1.64985	1.64935	0.0000	0.0000	0.0000	-0.002973	-0.00054568	-0.011246	0	0	0
# CONV t=2030.00 cond=0 evap=0 rough=0 back_s=0
# LEDGER t=2030.000 mode=3 sum_err=0 max|E-iEu|=1.110e-16 run_max_diff=0.000e+00 run_max_sum_err=0 steps=101500 E0_int=5048182530434780 sum=5048182530434780
# NETG t=2030.00 gates min=0.0000 mean=0.4928 edges=12
# LUMP t=2030.00 n=4 Emfree=9.64658 | m=4.23001 x=16.58 y=16.06 z=16.85 rg=2.12 | m=3.03399 x=19.23 y=13.52 z=18.60 rg=1.60 | m=0.794509 x=15.21 y=13.58 z=19.25 rg=0.00 | m=0.675785 x=16.31 y=12.50 z=19.84 rg=0.00
# RAD t=2030.00 0.75:1.473e-07,0,1.0003,0.0003125 2.25:3.902e-06,0,1.0003,0.002269 3.75:5.664e-05,0,1.0003,0.01154 5.25:-0.0001255,0,1.0002,0.06691 6.75:1.92e-05,0,0.9978,2.227 8.25:2.6e-05,0,0.9986,2.324 9.75:3.75e-05,0,0.9979,4.472 11.25:-0.0001782,0,1.0002,0.2202
2040.000	5037.62262	9.97747845	0	0.582431536	5048.18253043	-3.603e-16	17934	16.814	14.492	17.228	0.007	0.0000	0.8455	0.93161	0.8500	0.9947	1.64985	1.64935	0.0000	0.0000	0.0000	-0.0039549	-0.0013879	0.0045769	0	0	0
# CONV t=2040.00 cond=0 evap=0 rough=0 back_s=0
# LEDGER t=2040.000 mode=3 sum_err=0 max|E-iEu|=1.110e-16 run_max_diff=0.000e+00 run_max_sum_err=0 steps=102000 E0_int=5048182530434780 sum=5048182530434780
# NETG t=2040.00 gates min=0.0000 mean=0.4281 edges=12
# LUMP t=2040.00 n=4 Emfree=9.97748 | m=4.43346 x=16.54 y=16.07 z=16.82 rg=2.09 | m=3.16326 x=19.22 y=13.50 z=18.62 rg=1.59 | m=0.794314 x=15.21 y=13.58 z=19.25 rg=0.00 | m=0.675117 x=16.31 y=12.50 z=19.84 rg=0.00
# RAD t=2040.00 0.75:2.054e-07,0,1.0003,0.000182 2.25:7.79e-06,0,1.0003,0.002387 3.75:1.781e-05,0,1.0003,0.0131 5.25:-4.236e-05,0,1.0002,0.04625 6.75:-1.525e-05,0,0.9979,2.408 8.25:-4.438e-05,0,0.9986,2.371 9.75:7.789e-05,0,0.9979,4.606 11.25:-0.0002958,0,1.0002,0.2265
2050.000	5037.62262	9.48711608	0	1.07279391	5048.18253043	-3.603e-16	17933	16.823	14.467	17.197	0.007	0.0000	0.8455	0.93848	0.8500	0.9947	1.64982	1.64935	0.0000	0.0000	0.0000	-0.0047173	0.0028405	-0.010603	0	0	0
# CONV t=2050.00 cond=0 evap=0 rough=0 back_s=0
# LEDGER t=2050.000 mode=3 sum_err=0 max|E-iEu|=1.110e-16 run_max_diff=0.000e+00 run_max_sum_err=0 steps=102500 E0_int=5048182530434780 sum=5048182530434780
# NETG t=2050.00 gates min=0.0000 mean=0.3020 edges=12
# LUMP t=2050.00 n=4 Emfree=9.48712 | m=4.11254 x=16.62 y=16.06 z=16.86 rg=2.14 | m=3.02153 x=19.24 y=13.53 z=18.60 rg=1.59 | m=0.794107 x=15.21 y=13.58 z=19.25 rg=0.00 | m=0.674538 x=16.31 y=12.50 z=19.84 rg=0.00
# RAD t=2050.00 0.75:2.93e-07,0,1.0003,0.0004773 2.25:7.329e-06,0,1.0003,0.002984 3.75:3.449e-05,0,1.0002,0.008397 5.25:-1.192e-05,0,1.0002,0.04255 6.75:-6.499e-05,0,0.9978,2.125 8.25:0.0001336,0,0.9986,2.306 9.75:-0.0002095,0,0.9979,4.471 11.25:0.0001184,0,1.0002,0.2145
2060.000	5037.62262	9.96123557	0	0.598674422	5048.18253043	-3.603e-16	17933	16.777	14.475	17.149	0.008	0.0000	0.8455	0.94645	0.8500	0.9947	1.64981	1.64935	0.0000	0.0000	0.0000	0.0067616	0.0093279	-0.0066184	0	0	0
# CONV t=2060.00 cond=0 evap=0 rough=0 back_s=0
# LEDGER t=2060.000 mode=3 sum_err=0 max|E-iEu|=1.110e-16 run_max_diff=0.000e+00 run_max_sum_err=0 steps=103000 E0_int=5048182530434780 sum=5048182530434780
# NETG t=2060.00 gates min=0.0000 mean=0.2823 edges=12
# LUMP t=2060.00 n=4 Emfree=9.96124 | m=4.38745 x=16.55 y=16.07 z=16.83 rg=2.10 | m=3.13575 x=19.22 y=13.50 z=18.62 rg=1.59 | m=0.793914 x=15.21 y=13.58 z=19.25 rg=0.00 | m=0.67383 x=16.31 y=12.50 z=19.84 rg=0.00
# RAD t=2060.00 0.75:5.64e-07,0,1.0003,0.0004777 2.25:1.027e-05,0,1.0003,0.004554 3.75:4.429e-05,0,1.0003,0.01183 5.25:-6.616e-05,0,1.0002,0.05064 6.75:-4.809e-05,0,0.9978,2.366 8.25:-3.537e-07,0,0.9986,2.375 9.75:-0.0002024,0,0.9979,4.634 11.25:0.0002477,0,1.0002,0.2129
2070.000	5037.62262	9.37141189	0	1.1884981	5048.18253043	-5.405e-16	17933	16.851	14.479	17.205	0.006	0.0000	0.8455	0.94849	0.8500	0.9947	1.64981	1.64935	0.0000	0.0000	0.0000	-0.0068351	0.0023829	-0.01533	0	0	0
# CONV t=2070.00 cond=0 evap=0 rough=0 back_s=0
# LEDGER t=2070.000 mode=3 sum_err=0 max|E-iEu|=1.109e-16 run_max_diff=0.000e+00 run_max_sum_err=0 steps=103500 E0_int=5048182530434780 sum=5048182530434780
# NETG t=2070.00 gates min=0.0000 mean=0.3204 edges=12
# LUMP t=2070.00 n=4 Emfree=9.37141 | m=4.04694 x=16.64 y=16.06 z=16.87 rg=2.14 | m=3.00962 x=19.24 y=13.53 z=18.59 rg=1.60 | m=0.793697 x=15.21 y=13.58 z=19.25 rg=0.00 | m=0.673013 x=16.31 y=12.50 z=19.84 rg=0.00
# RAD t=2070.00 0.75:5.218e-07,0,1.0003,0.0005395 2.25:8.399e-06,0,1.0003,0.002874 3.75:1.395e-05,0,1.0003,0.007345 5.25:-4.28e-05,0,1.0002,0.03695 6.75:-7.573e-05,0,0.9978,2.051 8.25:-1.432e-05,0,0.9986,2.305 9.75:-7.054e-05,0,0.9979,4.49 11.25:0.0001898,0,1.0002,0.1791
2080.000	5037.62262	9.79940718	0	0.760502809	5048.18253043	-3.603e-16	17933	16.792	14.483	17.142	0.008	0.0000	0.8455	0.95078	0.8500	0.9947	1.64981	1.64935	0.0000	0.0000	0.0000	0.0021283	0.0067791	-0.004865	0	0	0
# CONV t=2080.00 cond=0 evap=0 rough=0 back_s=0
# LEDGER t=2080.000 mode=3 sum_err=0 max|E-iEu|=1.110e-16 run_max_diff=0.000e+00 run_max_sum_err=0 steps=104000 E0_int=5048182530434780 sum=5048182530434780
# NETG t=2080.00 gates min=0.0000 mean=0.4196 edges=12
# LUMP t=2080.00 n=4 Emfree=9.79941 | m=4.28836 x=16.56 y=16.07 z=16.83 rg=2.11 | m=3.09802 x=19.22 y=13.51 z=18.62 rg=1.60 | m=0.79347 x=15.21 y=13.58 z=19.25 rg=0.00 | m=0.672347 x=16.31 y=12.50 z=19.84 rg=0.00
# RAD t=2080.00 0.75:7.721e-07,0,1.0003,0.0003585 2.25:7.622e-06,0,1.0003,0.004529 3.75:1.676e-05,0,1.0003,0.0115 5.25:-6.136e-05,0,1.0002,0.05296 6.75:-2.56e-05,0,0.9978,2.281 8.25:-0.000104,0,0.9986,2.357 9.75:8.208e-05,0,0.9979,4.579 11.25:3.536e-05,0,1.0002,0.2038
2090.000	5037.62262	10.0306757	0	0.529234278	5048.18253043	-3.603e-16	17933	16.833	14.523	17.193	0.006	0.0000	0.8455	0.94534	0.8500	0.9947	1.64982	1.64935	0.0000	0.0000	0.0000	0.0041954	0.0062909	-0.02503	0	0	0
# CONV t=2090.00 cond=0 evap=0 rough=0 back_s=0
# LEDGER t=2090.000 mode=3 sum_err=0 max|E-iEu|=1.110e-16 run_max_diff=0.000e+00 run_max_sum_err=0 steps=104500 E0_int=5048182530434780 sum=5048182530434780
# NETG t=2090.00 gates min=0.0000 mean=0.4206 edges=12
# LUMP t=2090.00 n=4 Emfree=10.0307 | m=4.51558 x=16.52 y=16.06 z=16.82 rg=2.09 | m=3.1885 x=19.20 y=13.48 z=18.64 rg=1.59 | m=0.793047 x=15.21 y=13.58 z=19.25 rg=0.00 | m=0.671708 x=16.31 y=12.50 z=19.84 rg=0.00
# RAD t=2090.00 0.75:4.266e-07,0,1.0003,0.0004869 2.25:4.39e-06,0,1.0003,0.001621 3.75:-1.234e-05,0,1.0003,0.006055 5.25:-3.328e-05,0,1.0002,0.0426 6.75:-3.769e-05,0,0.9979,2.443 8.25:-0.0001716,0,0.9986,2.394 9.75:0.0001196,0,0.9979,4.647 11.25:-4.717e-05,0,1.0002,0.1939
2100.000	5037.62262	9.64307685	0	0.916833136	5048.18253043	-5.405e-16	17933	16.804	14.460	17.109	0.009	0.0000	0.8455	0.94254	0.8500	0.9947	1.64983	1.64935	0.0000	0.0000	0.0000	-0.0024956	-0.0028252	0.00055309	0	0	0
# CONV t=2100.00 cond=0 evap=0 rough=0 back_s=0
# LEDGER t=2100.000 mode=3 sum_err=0 max|E-iEu|=1.110e-16 run_max_diff=0.000e+00 run_max_sum_err=0 steps=105000 E0_int=5048182530434780 sum=5048182530434780
# NETG t=2100.00 gates min=0.0000 mean=0.3457 edges=12
# LUMP t=2100.00 n=4 Emfree=9.64308 | m=4.15966 x=16.60 y=16.06 z=16.86 rg=2.13 | m=3.0538 x=19.23 y=13.52 z=18.61 rg=1.60 | m=0.792702 x=15.21 y=13.58 z=19.25 rg=0.00 | m=0.671023 x=16.31 y=12.50 z=19.84 rg=0.00
# RAD t=2100.00 0.75:4.816e-07,0,1.0003,0.0002396 2.25:1.688e-06,0,1.0003,0.002468 3.75:-1.369e-05,0,1.0003,0.01067 5.25:-2.217e-05,0,1.0002,0.05856 6.75:3.939e-06,0,0.9979,2.173 8.25:-5.734e-05,0,0.9986,2.336 9.75:-7.288e-07,0,0.9979,4.524 11.25:1.833e-05,0,1.0002,0.2174
2110.000	5037.62262	10.0214724	0	0.538437629	5048.18253043	-5.405e-16	17934	16.758	14.488	17.071	0.012	0.0000	0.8455	0.92783	0.8500	0.9947	1.64984	1.64935	0.0000	0.0000	0.0000	0.0040462	-0.0045538	0.0057444	0	0	0
# CONV t=2110.00 cond=0 evap=0 rough=0 back_s=0
# LEDGER t=2110.000 mode=3 sum_err=0 max|E-iEu|=1.109e-16 run_max_diff=0.000e+00 run_max_sum_err=0 steps=105500 E0_int=5048182530434780 sum=5048182530434780
# NETG t=2110.00 gates min=0.0000 mean=0.4272 edges=12
# LUMP t=2110.00 n=4 Emfree=10.0215 | m=4.4403 x=16.54 y=16.07 z=16.82 rg=2.09 | m=3.09464 x=19.22 y=13.51 z=18.61 rg=1.60 | m=0.79236 x=15.21 y=13.58 z=19.25 rg=0.00 | m=0.67022 x=16.31 y=12.50 z=19.84 rg=0.00
# RAD t=2110.00 0.75:2.758e-07,0,1.0003,0.0008084 2.25:-2.853e-07,0,1.0003,0.004228 3.75:-1.693e-05,0,1.0003,0.02178 5.25:-2.602e-05,0,1.0002,0.07071 6.75:7.381e-05,0,0.9979,2.43 8.25:-2.228e-05,0,0.9986,2.382 9.75:9.828e-05,0,0.9979,4.581 11.25:-0.0001834,0,1.0002,0.2175
2120.000	5037.62262	9.48766202	0	1.07224797	5048.18253043	-3.603e-16	17934	16.815	14.467	17.098	0.011	0.0000	0.8455	0.92554	0.8500	0.9947	1.64987	1.64935	0.0000	0.0000	0.0000	0.011507	0.020803	-0.029995	0	0	0
# CONV t=2120.00 cond=0 evap=0 rough=0 back_s=0
# LEDGER t=2120.000 mode=3 sum_err=0 max|E-iEu|=1.110e-16 run_max_diff=0.000e+00 run_max_sum_err=0 steps=106000 E0_int=5048182530434780 sum=5048182530434780
# NETG t=2120.00 gates min=0.0000 mean=0.3435 edges=12
# LUMP t=2120.00 n=4 Emfree=9.48766 | m=4.09667 x=16.62 y=16.06 z=16.86 rg=2.13 | m=2.98008 x=19.25 y=13.53 z=18.59 rg=1.60 | m=0.79208 x=15.21 y=13.58 z=19.25 rg=0.00 | m=0.669459 x=16.31 y=12.50 z=19.84 rg=0.00
# RAD t=2120.00 0.75:1.496e-08,0,1.0003,0.0001376 2.25:-5.094e-06,0,1.0003,0.001508 3.75:-5.76e-06,0,1.0003,0.01791 5.25:-3.608e-05,0,1.0002,0.04952 6.75:8.153e-05,0,0.9978,2.131 8.25:7.595e-06,0,0.9986,2.302 9.75:-2.248e-05,0,0.9979,4.458 11.25:-5.188e-05,0,1.0002,0.211
2130.000	5037.62262	9.92517951	0	0.634730479	5048.18253043	-5.405e-16	17935	16.770	14.462	17.059	0.014	0.0000	0.8455	0.94357	0.8500	0.9947	1.64987	1.64935	0.0000	0.0000	0.0000	0.00087529	0.0027345	-0.0026824	0	0	0
# CONV t=2130.00 cond=0 evap=0 rough=0 back_s=0
# LEDGER t=2130.000 mode=3 sum_err=0 max|E-iEu|=1.109e-16 run_max_diff=0.000e+00 run_max_sum_err=0 steps=106500 E0_int=5048182530434780 sum=5048182530434780
# NETG t=2130.00 gates min=0.0000 mean=0.3343 edges=12
# LUMP t=2130.00 n=3 Emfree=9.92518 | m=4.32182 x=16.55 y=16.07 z=16.83 rg=2.10 | m=3.77464 x=18.71 y=13.32 z=18.84 rg=1.92 | m=0.791821 x=15.21 y=13.58 z=19.25 rg=0.00
# RAD t=2130.00 0.75:-6.902e-07,0,1.0003,0.0003211 2.25:-1.087e-05,0,1.0003,0.003213 3.75:3.782e-06,0,1.0003,0.02507 5.25:-2.652e-05,0,1.0002,0.06391 6.75:9.716e-05,0,0.9978,2.355 8.25:-5.681e-05,0,0.9986,2.353 9.75:-0.0001753,0,0.9979,4.579 11.25:0.0001411,0,1.0002,0.2407
2140.000	5037.62262	9.37365166	0	1.18625833	5048.18253043	-3.603e-16	17935	16.832	14.456	17.112	0.013	0.0000	0.8455	0.94294	0.8500	0.9947	1.64989	1.64935	0.0000	0.0000	0.0000	-0.010467	0.0022203	-0.004485	0	0	0
# CONV t=2140.00 cond=0 evap=0 rough=0 back_s=0
# LEDGER t=2140.000 mode=3 sum_err=0 max|E-iEu|=1.109e-16 run_max_diff=0.000e+00 run_max_sum_err=0 steps=107000 E0_int=5048182530434780 sum=5048182530434780
# NETG t=2140.00 gates min=0.0000 mean=0.3692 edges=12
# LUMP t=2140.00 n=3 Emfree=9.37365 | m=3.98283 x=16.66 y=16.06 z=16.87 rg=2.15 | m=3.65659 x=18.71 y=13.34 z=18.82 rg=1.94 | m=0.791325 x=15.21 y=13.58 z=19.25 rg=0.00
# RAD t=2140.00 0.75:-1.313e-06,0,1.0003,4.05e-05 2.25:-1.488e-05,0,1.0003,0.001081 3.75:6.349e-06,0,1.0002,0.0251 5.25:-2.327e-05,0,1.0002,0.05456 6.75:9.089e-05,0,0.9978,2.043 8.25:-0.0001382,0,0.9986,2.274 9.75:-4.887e-05,0,0.9979,4.447 11.25:5.782e-05,0,1.0002,0.2446
2150.000	5037.62262	9.79939589	0	0.760514098	5048.18253043	-5.405e-16	17936	16.756	14.462	17.043	0.016	0.0000	0.8455	0.92951	0.8500	0.9947	1.64990	1.64935	0.0000	0.0000	0.0000	-0.0013602	0.0038776	-0.0043959	0	0	0
# CONV t=2150.00 cond=0 evap=0 rough=0 back_s=0
# LEDGER t=2150.000 mode=3 sum_err=0 max|E-iEu|=1.110e-16 run_max_diff=0.000e+00 run_max_sum_err=0 steps=107500 E0_int=5048182530434780 sum=5048182530434780
# NETG t=2150.00 gates min=0.0000 mean=0.3915 edges=12
# LUMP t=2150.00 n=3 Emfree=9.7994 | m=4.20998 x=16.59 y=16.06 z=16.85 rg=2.12 | m=3.74306 x=18.70 y=13.33 z=18.83 rg=1.92 | m=0.790815 x=15.21 y=13.58 z=19.25 rg=0.00
# RAD t=2150.00 0.75:-1.569e-06,0,1.0003,0.0002053 2.25:-1.795e-05,0,1.0003,0.001592 3.75:1.416e-06,0,1.0002,0.03425 5.25:1.985e-05,0,1.0002,0.0679 6.75:9.447e-05,0,0.9978,2.261 8.25:-0.0001835,0,0.9986,2.321 9.75:-0.0001262,0,0.9979,4.541 11.25:0.0001164,0,1.0002,0.2765
2160.000	5037.62262	10.1101731	0	0.449736887	5048.18253043	-5.405e-16	17936	16.767	14.523	17.101	0.014	0.0000	0.8455	0.92342	0.8500	0.9947	1.64990	1.64935	0.0000	0.0000	0.0000	-0.0046673	-0.0017621	0.0056512	0	0	0
# CONV t=2160.00 cond=0 evap=0 rough=0 back_s=0
# LEDGER t=2160.000 mode=3 sum_err=0 max|E-iEu|=1.110e-16 run_max_diff=0.000e+00 run_max_sum_err=0 steps=108000 E0_int=5048182530434780 sum=5048182530434780
# NETG t=2160.00 gates min=0.0000 mean=0.4671 edges=12
# LUMP t=2160.00 n=3 Emfree=10.1102 | m=4.49037 x=16.52 y=16.07 z=16.81 rg=2.08 | m=3.83061 x=18.70 y=13.31 z=18.85 rg=1.91 | m=0.790287 x=15.21 y=13.58 z=19.25 rg=0.00
# RAD t=2160.00 0.75:-2.062e-06,0,1.0003,0.000102 2.25:-2.076e-05,0,1.0003,0.003591 3.75:2.92e-05,0,1.0002,0.02445 5.25:1.406e-05,0,1.0002,0.06266 6.75:0.0001321,0,0.9978,2.503 8.25:-3.224e-05,0,0.9986,2.356 9.75:-0.0001614,0,0.9979,4.619 11.25:6.254e-05,0,1.0002,0.2629
2170.000	5037.62262	9.65900529	0	0.900904699	5048.18253043	-5.405e-16	17935	16.766	14.465	17.059	0.015	0.0000	0.8455	0.92631	0.8500	0.9947	1.64985	1.64935	0.0000	0.0000	0.0000	-0.0048358	0.0019599	-0.0023588	0	0	0
# CONV t=2170.00 cond=0 evap=0 rough=0 back_s=0
# LEDGER t=2170.000 mode=3 sum_err=0 max|E-iEu|=1.110e-16 run_max_diff=0.000e+00 run_max_sum_err=0 steps=108500 E0_int=5048182530434780 sum=5048182530434780
# NETG t=2170.00 gates min=0.0000 mean=0.3911 edges=12
# LUMP t=2170.00 n=4 Emfree=9.65901 | m=4.13155 x=16.61 y=16.07 z=16.85 rg=2.12 | m=3.03974 x=19.23 y=13.51 z=18.61 rg=1.59 | m=0.789908 x=15.21 y=13.58 z=19.25 rg=0.00 | m=0.665783 x=16.31 y=12.50 z=19.84 rg=0.00
# RAD t=2170.00 0.75:-4.613e-06,0,1.0003,0.0001636 2.25:-2.055e-05,0,1.0003,0.003593 3.75:4.369e-05,0,1.0003,0.02178 5.25:-1.567e-05,0,1.0002,0.06472 6.75:0.0001202,0,0.9978,2.201 8.25:6.041e-05,0,0.9987,2.303 9.75:-9.718e-05,0,0.9979,4.509 11.25:7.356e-05,0,1.0002,0.2623
2180.000	5037.62262	10.0121266	0	0.547783366	5048.18253043	-3.603e-16	17935	16.721	14.481	17.024	0.016	0.0000	0.8455	0.91069	0.8500	0.9947	1.64991	1.64935	0.0000	0.0000	0.0000	0.0020483	0.0019221	0.00277	0	0	0
# CONV t=2180.00 cond=0 evap=0 rough=0 back_s=0
# LEDGER t=2180.000 mode=3 sum_err=0 max|E-iEu|=1.110e-16 run_max_diff=0.000e+00 run_max_sum_err=0 steps=109000 E0_int=5048182530434780 sum=5048182530434780
# NETG t=2180.00 gates min=0.0000 mean=0.4833 edges=12
# LUMP t=2180.00 n=4 Emfree=10.0121 | m=4.38181 x=16.54 y=16.07 z=16.82 rg=2.09 | m=3.07417 x=19.21 y=13.50 z=18.62 rg=1.59 | m=0.789414 x=15.21 y=13.58 z=19.25 rg=0.00 | m=0.665098 x=16.31 y=12.50 z=19.84 rg=0.00
# RAD t=2180.00 0.75:5.356e-07,0,1.0003,0.000261 2.25:3.055e-05,0,1.0003,0.002606 3.75:-4.535e-05,0,1.0003,0.02707 5.25:-2.036e-05,0,1.0002,0.07048 6.75:0.0001133,0,0.9978,2.429 8.25:2.259e-05,0,0.9987,2.371 9.75:0.000168,0,0.9979,4.565 11.25:-0.0001163,0,1.0002,0.2665
2190.000	5037.62262	9.35913261	0	1.20077738	5048.18253043	-5.405e-16	17936	16.753	14.486	17.081	0.014	0.0000	0.8455	0.89765	0.8500	0.9947	1.64991	1.64935	0.0000	0.0000	0.0000	-0.016764	-0.020764	0.025395	0	0	0
# CONV t=2190.00 cond=0 evap=0 rough=0 back_s=0
# LEDGER t=2190.000 mode=3 sum_err=0 max|E-iEu|=1.110e-16 run_max_diff=0.000e+00 run_max_sum_err=0 steps=109500 E0_int=5048182530434780 sum=5048182530434780
# NETG t=2190.00 gates min=0.0000 mean=0.4491 edges=12
# LUMP t=2190.00 n=3 Emfree=9.35913 | m=4.05234 x=16.63 y=16.07 z=16.86 rg=2.13 | m=3.52368 x=18.69 y=13.34 z=18.82 rg=1.95 | m=0.78896 x=15.21 y=13.58 z=19.25 rg=0.00
# RAD t=2190.00 0.75:2.073e-06,0,1.0003,0.0001385 2.25:8.599e-06,0,1.0003,0.0009814 3.75:-3.255e-05,0,1.0003,0.02396 5.25:-2.718e-06,0,1.0002,0.05212 6.75:1.685e-05,0,0.9978,2.143 8.25:0.0003063,0,0.9987,2.293 9.75:0.0001024,0,0.9979,4.336 11.25:-0.0001146,0,1.0002,0.2367
2200.000	5037.62262	9.82858584	0	0.731324145	5048.18253043	-5.405e-16	17936	16.744	14.460	17.065	0.015	0.0000	0.8455	0.90408	0.8500	0.9947	1.64990	1.64935	0.0000	0.0000	0.0000	0.0032888	0.0063726	-0.0054406	0	0	0
# CONV t=2200.00 cond=0 evap=0 rough=0 back_s=0
# LEDGER t=2200.000 mode=3 sum_err=0 max|E-iEu|=1.110e-16 run_max_diff=0.000e+00 run_max_sum_err=0 steps=110000 E0_int=5048182530434780 sum=5048182530434780
# NETG t=2200.00 gates min=0.0000 mean=0.4175 edges=12
# LUMP t=2200.00 n=3 Emfree=9.82859 | m=4.26536 x=16.57 y=16.07 z=16.83 rg=2.11 | m=3.70429 x=18.70 y=13.32 z=18.84 rg=1.91 | m=0.788567 x=15.21 y=13.58 z=19.25 rg=0.00
# RAD t=2200.00 0.75:1.423e-06,0,1.0003,9.008e-05 2.25:1.912e-07,0,1.0003,0.003521 3.75:-4.072e-05,0,1.0002,0.02917 5.25:8.234e-05,0,1.0002,0.05166 6.75:-1.603e-05,0,0.9978,2.341 8.25:0.0002366,0,0.9986,2.349 9.75:-0.0001604,0,0.9979,4.533 11.25:0.0002967,0,1.0002,0.2419
2210.000	5037.62262	9.31726374	0	1.24264625	5048.18253043	-3.603e-16	17936	16.802	14.451	17.156	0.012	0.0000	0.8455	0.90537	0.8500	0.9947	1.64989	1.64935	0.0000	0.0000	0.0000	-0.0094107	0.012588	-0.018138	0	0	0
# CONV t=2210.00 cond=0 evap=0 rough=0 back_s=0
# LEDGER t=2210.000 mode=3 sum_err=0 max|E-iEu|=1.110e-16 run_max_diff=0.000e+00 run_max_sum_err=0 steps=110500 E0_int=5048182530434780 sum=5048182530434780
# NETG t=2210.00 gates min=0.0000 mean=0.4117 edges=12
# LUMP t=2210.00 n=3 Emfree=9.31726 | m=3.96248 x=16.65 y=16.06 z=16.87 rg=2.15 | m=3.61149 x=18.70 y=13.33 z=18.83 rg=1.93 | m=0.788228 x=15.21 y=13.58 z=19.25 rg=0.00
# RAD t=2210.00 0.75:3.298e-07,0,1.0003,2.556e-06 2.25:-2.647e-06,0,1.0003,0.001401 3.75:2.648e-07,0,1.0002,0.02365 5.25:3.689e-05,0,1.0002,0.03457 6.75:-6.412e-06,0,0.9978,2.083 8.25:0.0001666,0,0.9987,2.264 9.75:-0.0001246,0,0.9979,4.416 11.25:0.000223,0,1.0002,0.2227
2220.000	5037.62262	9.7739415	0	0.785968485	5048.18253043	-3.603e-16	17936	16.738	14.451	17.093	0.013	0.0000	0.8455	0.91205	0.8500	0.9947	1.64989	1.64935	0.0000	0.0000	0.0000	-0.0096806	0.0026512	0.0028637	0	0	0
# CONV t=2220.00 cond=0 evap=0 rough=0 back_s=0
# LEDGER t=2220.000 mode=3 sum_err=0 max|E-iEu|=1.110e-16 run_max_diff=0.000e+00 run_max_sum_err=0 steps=111000 E0_int=5048182530434780 sum=5048182530434780
# NETG t=2220.00 gates min=0.0000 mean=0.4041 edges=12
# LUMP t=2220.00 n=3 Emfree=9.77394 | m=4.20356 x=16.58 y=16.07 z=16.84 rg=2.11 | m=3.71927 x=18.70 y=13.32 z=18.85 rg=1.91 | m=0.787649 x=15.21 y=13.58 z=19.25 rg=0.00
# RAD t=2220.00 0.75:-6.885e-08,0,1.0003,0.0001076 2.25:-7.504e-08,0,1.0003,0.002761 3.75:-6.987e-07,0,1.0002,0.01998 5.25:-1.107e-05,0,1.0002,0.04666 6.75:-2.67e-05,0,0.9978,2.294 8.25:0.0001748,0,0.9987,2.329 9.75:-1.211e-05,0,0.9979,4.554 11.25:7.809e-05,0,1.0002,0.2405
2230.000	5037.62262	10.0531627	0	0.506747272	5048.18253043	-5.405e-16	17936	16.771	14.505	17.147	0.011	0.0000	0.8455	0.92267	0.8500	0.9947	1.64988	1.64936	0.0000	0.0000	0.0000	-0.0039671	0.0031157	0.0027714	0	0	0
# CONV t=2230.00 cond=0 evap=0 rough=0 back_s=0
# LEDGER t=2230.000 mode=3 sum_err=0 max|E-iEu|=1.110e-16 run_max_diff=0.000e+00 run_max_sum_err=0 steps=111500 E0_int=5048182530434780 sum=5048182530434780
# NETG t=2230.00 gates min=0.0000 mean=0.3981 edges=12
# LUMP t=2230.00 n=3 Emfree=10.0532 | m=4.43583 x=16.53 y=16.08 z=16.81 rg=2.08 | m=3.80494 x=18.69 y=13.30 z=18.86 rg=1.90 | m=0.78713 x=15.21 y=13.58 z=19.25 rg=0.00
# RAD t=2230.00 0.75:-1.675e-07,0,1.0003,0.0001526 2.25:-1.102e-06,0,1.0003,0.001803 3.75:1.036e-06,0,1.0002,0.01164 5.25:-3.941e-05,0,1.0002,0.054 6.75:2.674e-06,0,0.9978,2.466 8.25:0.0001093,0,0.9987,2.396 9.75:0.0001347,0,0.9979,4.622 11.25:-0.0001418,0,1.0002,0.2017
2240.000	5037.62262	9.59244418	0	0.967465812	5048.18253043	-3.603e-16	17936	16.751	14.459	17.113	0.012	0.0000	0.8455	0.9186	0.8500	0.9947	1.64986	1.64936	0.0000	0.0000	0.0000	-0.012327	-0.0028265	-0.00077826	0	0	0
# CONV t=2240.00 cond=0 evap=0 rough=0 back_s=0
# LEDGER t=2240.000 mode=3 sum_err=0 max|E-iEu|=1.110e-16 run_max_diff=0.000e+00 run_max_sum_err=0 steps=112000 E0_int=5048182530434780 sum=5048182530434780
# NETG t=2240.00 gates min=0.0000 mean=0.3674 edges=12
# LUMP t=2240.00 n=3 Emfree=9.59244 | m=4.079 x=16.62 y=16.07 z=16.85 rg=2.13 | m=3.6859 x=18.70 y=13.32 z=18.84 rg=1.92 | m=0.786673 x=15.21 y=13.58 z=19.25 rg=0.00
# RAD t=2240.00 0.75:-5.155e-07,0,1.0003,0.0001103 2.25:-5.013e-06,0,1.0003,0.00289 3.75:1.946e-05,0,1.0003,0.01918 5.25:-1.136e-05,0,1.0002,0.05723 6.75:-8.093e-06,0,0.9978,2.161 8.25:-1.159e-05,0,0.9987,2.31 9.75:0.0001752,0,0.9979,4.517 11.25:-0.0001786,0,1.0002,0.1929
2250.000	5037.62262	9.99962376	0	0.560286231	5048.18253043	-5.405e-16	17936	16.704	14.473	17.082	0.011	0.0000	0.8455	0.9217	0.8500	0.9947	1.64983	1.64935	0.0000	0.0000	0.0000	0.0054525	0.0096957	0.00031225	0	0	0
# CONV t=2250.00 cond=0 evap=0 rough=0 back_s=0
# LEDGER t=2250.000 mode=3 sum_err=0 max|E-iEu|=1.110e-16 run_max_diff=0.000e+00 run_max_sum_err=0 steps=112500 E0_int=5048182530434780 sum=5048182530434780
# NETG t=2250.00 gates min=0.0000 mean=0.3409 edges=12
# LUMP t=2250.00 n=3 Emfree=9.99962 | m=4.3345 x=16.56 y=16.08 z=16.82 rg=2.09 | m=3.76751 x=18.69 y=13.31 z=18.85 rg=1.90 | m=0.786238 x=15.21 y=13.58 z=19.25 rg=0.00
# RAD t=2250.00 0.75:-2.466e-07,0,1.0003,0.0002054 2.25:-2.418e-06,0,1.0003,0.003554 3.75:2.4e-05,0,1.0003,0.01637 5.25:3.268e-05,0,1.0002,0.07078 6.75:-3.878e-05,0,0.9978,2.378 8.25:-6.263e-05,0,0.9987,2.359 9.75:0.0001444,0,0.9979,4.62 11.25:-0.0001072,0,1.0002,0.1944
2260.000	5037.62262	9.48382314	0	1.07608685	5048.18253043	-3.603e-16	17935	16.738	14.481	17.129	0.008	0.0000	0.8455	0.93322	0.8500	0.9947	1.64982	1.64935	0.0000	0.0000	0.0000	-0.0074448	0.0012193	-0.0032885	0	0	0
# CONV t=2260.00 cond=0 evap=0 rough=0 back_s=0
# LEDGER t=2260.000 mode=3 sum_err=0 max|E-iEu|=1.110e-16 run_max_diff=0.000e+00 run_max_sum_err=0 steps=113000 E0_int=5048182530434780 sum=5048182530434780
# NETG t=2260.00 gates min=0.0000 mean=0.2724 edges=12
# LUMP t=2260.00 n=4 Emfree=9.48382 | m=4.02997 x=16.63 y=16.07 z=16.86 rg=2.13 | m=2.98925 x=19.22 y=13.51 z=18.62 rg=1.59 | m=0.785695 x=15.21 y=13.58 z=19.25 rg=0.00 | m=0.659483 x=16.31 y=12.50 z=19.84 rg=0.00
# RAD t=2260.00 0.75:-5.995e-07,0,1.0003,8.864e-05 2.25:9.867e-06,0,1.0003,0.003133 3.75:8.151e-06,0,1.0003,0.01312 5.25:2.814e-05,0,1.0002,0.05456 6.75:-6.925e-05,0,0.9978,2.105 8.25:-0.0001101,0,0.9987,2.278 9.75:0.0001673,0,0.9979,4.479 11.25:-4.947e-05,0,1.0002,0.1884
2270.000	5037.62262	9.75549502	0	0.804414973	5048.18253043	-3.603e-16	17935	16.666	14.497	17.069	0.009	0.0000	0.8455	0.93017	0.8500	0.9947	1.64981	1.64935	0.0000	0.0000	0.0000	0.022171	0.034961	-0.033046	0	0	0
# CONV t=2270.00 cond=0 evap=0 rough=0 back_s=0
# LEDGER t=2270.000 mode=3 sum_err=0 max|E-iEu|=1.110e-16 run_max_diff=0.000e+00 run_max_sum_err=0 steps=113500 E0_int=5048182530434780 sum=5048182530434780
# NETG t=2270.00 gates min=0.0000 mean=0.3823 edges=12
# LUMP t=2270.00 n=4 Emfree=9.7555 | m=4.24337 x=16.58 y=16.08 z=16.83 rg=2.10 | m=2.97105 x=19.20 y=13.49 z=18.63 rg=1.60 | m=0.785064 x=15.21 y=13.58 z=19.25 rg=0.00 | m=0.658823 x=16.31 y=12.50 z=19.84 rg=0.00
# RAD t=2270.00 0.75:-5.802e-07,0,1.0003,6.251e-05 2.25:8.93e-06,0,1.0003,0.003718 3.75:3.757e-06,0,1.0003,0.01811 5.25:5.414e-05,0,1.0002,0.0605 6.75:-0.000119,0,0.9978,2.283 8.25:-7.744e-05,0,0.9987,2.343 9.75:0.0002739,0,0.9979,4.46 11.25:-0.0003055,0,1.0002,0.2085
2280.000	5037.62262	9.99205403	0	0.567855956	5048.18253043	-5.405e-16	17936	16.698	14.561	17.142	0.007	0.0000	0.8455	0.92829	0.8500	0.9947	1.64979	1.64934	0.0000	0.0000	0.0000	-0.016799	-0.015098	0.016455	0	0	0
# CONV t=2280.00 cond=0 evap=0 rough=0 back_s=0
# LEDGER t=2280.000 mode=3 sum_err=0 max|E-iEu|=1.110e-16 run_max_diff=0.000e+00 run_max_sum_err=0 steps=114000 E0_int=5048182530434780 sum=5048182530434780
# NETG t=2280.00 gates min=0.0000 mean=0.5027 edges=12
# LUMP t=2280.00 n=3 Emfree=9.99205 | m=4.47685 x=16.53 y=16.08 z=16.80 rg=2.07 | m=3.72553 x=18.69 y=13.31 z=18.85 rg=1.91 | m=0.78452 x=15.21 y=13.58 z=19.25 rg=0.00
# RAD t=2280.00 0.75:-6.123e-07,0,1.0003,0.0001258 2.25:9.683e-06,0,1.0003,0.003298 3.75:-1.041e-05,0,1.0003,0.01252 5.25:0.0001043,0,1.0002,0.05086 6.75:-0.0001283,0,0.9978,2.449 8.25:8.095e-05,0,0.9986,2.373 9.75:0.0001977,0,0.9979,4.53 11.25:-0.0003393,0,1.0002,0.1819
2290.000	5037.62262	9.66522156	0	0.894688433	5048.18253043	-3.603e-16	17936	16.686	14.495	17.115	0.009	0.0000	0.8455	0.93798	0.8500	0.9947	1.64979	1.64934	0.0000	0.0000	0.0000	-0.0089495	0.0076081	5.4466e-05	0	0	0
# CONV t=2290.00 cond=0 evap=0 rough=0 back_s=0
# LEDGER t=2290.000 mode=3 sum_err=0 max|E-iEu|=1.110e-16 run_max_diff=0.000e+00 run_max_sum_err=0 steps=114500 E0_int=5048182530434780 sum=5048182530434780
# NETG t=2290.00 gates min=0.0000 mean=0.4456 edges=12
# LUMP t=2290.00 n=3 Emfree=9.66522 | m=4.11346 x=16.61 y=16.08 z=16.84 rg=2.12 | m=3.68582 x=18.70 y=13.32 z=18.84 rg=1.91 | m=0.784066 x=15.21 y=13.58 z=19.25 rg=0.00
# RAD t=2290.00 0.75:-8.499e-08,0,1.0003,1.785e-05 2.25:8.533e-06,0,1.0003,0.004777 3.75:-1.577e-05,0,1.0003,0.01357 5.25:8.904e-05,0,1.0002,0.05914 6.75:-0.0001081,0,0.9978,2.191 8.25:0.0001803,0,0.9986,2.29 9.75:-0.0001527,0,0.9979,4.488 11.25:7.336e-05,0,1.0002,0.2171
2300.000	5037.62262	10.0632111	0	0.496698851	5048.18253043	-3.603e-16	17935	16.667	14.507	17.099	0.010	0.0000	0.8455	0.94445	0.8500	0.9947	1.64979	1.64934	0.0000	0.0000	0.0000	0.00069528	0.0060425	-0.0020099	0	0	0
# CONV t=2300.00 cond=0 evap=0 rough=0 back_s=0
# LEDGER t=2300.000 mode=3 sum_err=0 max|E-iEu|=1.109e-16 run_max_diff=0.000e+00 run_max_sum_err=0 steps=115000 E0_int=5048182530434780 sum=5048182530434780
# NETG t=2300.00 gates min=0.0000 mean=0.3588 edges=12
# LUMP t=2300.00 n=3 Emfree=10.0632 | m=4.37965 x=16.55 y=16.08 z=16.81 rg=2.09 | m=3.77749 x=18.69 y=13.30 z=18.86 rg=1.90 | m=0.783641 x=15.21 y=13.58 z=19.25 rg=0.00
# RAD t=2300.00 0.75:2.407e-07,0,1.0003,0.0003869 2.25:8.274e-06,0,1.0003,0.005313 3.75:1.232e-05,0,1.0003,0.02243 5.25:3.012e-05,0,1.0002,0.06699 6.75:1.022e-05,0,0.9978,2.427 8.25:1.794e-05,0,0.9987,2.336 9.75:-0.000162,0,0.9979,4.593 11.25:0.0001903,0,1.0002,0.2312
2310.000	5037.62262	9.53100014	0	1.02890985	5048.18253043	-5.405e-16	17936	16.692	14.496	17.140	0.008	0.0000	0.8455	0.9501	0.8500	0.9947	1.64978	1.64934	0.0000	0.0000	0.0000	0.0010869	-0.0044145	-0.0026181	0	0	0
# CONV t=2310.00 cond=0 evap=0 rough=0 back_s=0
# LEDGER t=2310.000 mode=3 sum_err=0 max|E-iEu|=1.110e-16 run_max_diff=0.000e+00 run_max_sum_err=0 steps=115500 E0_int=5048182530434780 sum=5048182530434780
# NETG t=2310.00 gates min=0.0000 mean=0.2507 edges=12
# LUMP t=2310.00 n=3 Emfree=9.531 | m=4.04938 x=16.63 y=16.07 z=16.85 rg=2.12 | m=3.65747 x=18.70 y=13.32 z=18.84 rg=1.92 | m=0.782999 x=15.21 y=13.58 z=19.25 rg=0.00
# RAD t=2310.00 0.75:1.157e-07,0,1.0003,1.063e-05 2.25:6.632e-06,0,1.0003,0.004081 3.75:1.739e-05,0,1.0003,0.01341 5.25:-2.421e-05,0,1.0002,0.05643 6.75:3.155e-05,0,0.9978,2.149 8.25:7.658e-06,0,0.9987,2.265 9.75:-0.0001124,0,0.9979,4.441 11.25:0.0001713,0,1.0002,0.2211
2320.000	5037.62262	9.929072	0	0.630837994	5048.18253043	-3.603e-16	17936	16.666	14.487	17.111	0.010	0.0000	0.8455	0.95579	0.8500	0.9947	1.64973	1.64934	0.0000	0.0000	0.0000	0.0041474	-0.0022237	0.0017901	0	0	0
# CONV t=2320.00 cond=0 evap=0 rough=0 back_s=0
# LEDGER t=2320.000 mode=3 sum_err=0 max|E-iEu|=1.110e-16 run_max_diff=0.000e+00 run_max_sum_err=0 steps=116000 E0_int=5048182530434780 sum=5048182530434780
# NETG t=2320.00 gates min=0.0000 mean=0.2666 edges=12
# LUMP t=2320.00 n=3 Emfree=9.92907 | m=4.28423 x=16.57 y=16.08 z=16.82 rg=2.09 | m=3.74043 x=18.69 y=13.31 z=18.86 rg=1.90 | m=0.782454 x=15.21 y=13.58 z=19.25 rg=0.00
# RAD t=2320.00 0.75:-1.042e-07,0,1.0003,0.0003139 2.25:8.243e-06,0,1.0003,0.006848 3.75:2.151e-05,0,1.0003,0.01432 5.25:-6.47e-05,0,1.0002,0.06779 6.75:5.609e-05,0,0.9978,2.35 8.25:-1.569e-06,0,0.9987,2.33 9.75:-0.0001765,0,0.9979,4.54 11.25:0.0002019,0,1.0002,0.2324
2330.000	5037.62262	9.3471077	0	1.21280229	5048.18253043	-5.405e-16	17936	16.721	14.471	17.176	0.008	0.0000	0.8455	0.95907	0.8500	0.9947	1.64973	1.64934	0.0000	0.0000	0.0000	-0.0093871	-0.0094909	-0.0063694	0	0	0
# CONV t=2330.00 cond=0 evap=0 rough=0 back_s=0
# LEDGER t=2330.000 mode=3 sum_err=0 max|E-iEu|=1.110e-16 run_max_diff=0.000e+00 run_max_sum_err=0 steps=116500 E0_int=5048182530434780 sum=5048182530434780
# NETG t=2330.00 gates min=0.0000 mean=0.4431 edges=12
# LUMP t=2330.00 n=3 Emfree=9.34711 | m=3.93218 x=16.65 y=16.07 z=16.86 rg=2.13 | m=3.62349 x=18.70 y=13.32 z=18.84 rg=1.92 | m=0.781946 x=15.21 y=13.58 z=19.25 rg=0.00
# RAD t=2330.00 0.75:-4.809e-07,0,1.0003,4.572e-06 2.25:1.056e-05,0,1.0003,0.00466 3.75:1.271e-05,0,1.0003,0.009021 5.25:-7.112e-05,0,1.0002,0.059 6.75:0.0001356,0,0.9978,2.043 8.25:-0.0002341,0,0.9987,2.246 9.75:-8.911e-05,0,0.9979,4.388 11.25:0.0001288,0,1.0002,0.2157
2340.000	5037.62262	9.69932479	0	0.860585196	5048.18253043	-3.603e-16	17936	16.629	14.490	17.081	0.011	0.0000	0.8455	0.96591	0.8500	0.9947	1.64971	1.64933	0.0000	0.0000	0.0000	-0.0033282	-0.0029597	-0.00082224	0	0	0
# CONV t=2340.00 cond=0 evap=0 rough=0 back_s=0
# LEDGER t=2340.000 mode=3 sum_err=0 max|E-iEu|=1.110e-16 run_max_diff=0.000e+00 run_max_sum_err=0 steps=117000 E0_int=5048182530434780 sum=5048182530434780
# NETG t=2340.00 gates min=0.0000 mean=0.4710 edges=12
# LUMP t=2340.00 n=3 Emfree=9.69932 | m=4.19607 x=16.58 y=16.08 z=16.83 rg=2.10 | m=3.59667 x=18.68 y=13.32 z=18.84 rg=1.93 | m=0.781541 x=15.21 y=13.58 z=19.25 rg=0.00
# RAD t=2340.00 0.75:3.167e-07,0,1.0003,0.0001922 2.25:9.305e-06,0,1.0003,0.007283 3.75:-8.551e-08,0,1.0003,0.01191 5.25:-2.767e-05,0,1.0002,0.07335 6.75:0.0001058,0,0.9978,2.259 8.25:-1.777e-05,0,0.9987,2.314 9.75:7.314e-05,0,0.9979,4.376 11.25:-7.003e-05,0,1.0002,0.2673
2350.000	5037.62262	10.0191489	0	0.540761132	5048.18253043	-5.405e-16	17936	16.684	14.529	17.164	0.009	0.0000	0.8455	0.96813	0.8500	0.9947	1.64972	1.64933	0.0000	0.0000	0.0000	-0.01385	-0.012455	0.0096434	0	0	0
# CONV t=2350.00 cond=0 evap=0 rough=0 back_s=0
# LEDGER t=2350.000 mode=3 sum_err=0 max|E-iEu|=1.110e-16 run_max_diff=0.000e+00 run_max_sum_err=0 steps=117500 E0_int=5048182530434780 sum=5048182530434780
# NETG t=2350.00 gates min=0.0000 mean=0.3811 edges=12
# LUMP t=2350.00 n=3 Emfree=10.0191 | m=4.43456 x=16.54 y=16.08 z=16.80 rg=2.08 | m=3.74635 x=18.70 y=13.31 z=18.85 rg=1.90 | m=0.780972 x=15.21 y=13.58 z=19.25 rg=0.00
# RAD t=2350.00 0.75:2.841e-07,0,1.0003,0.0002005 2.25:5.462e-06,0,1.0003,0.005877 3.75:8.153e-06,0,1.0003,0.009658 5.25:-3.402e-05,0,1.0002,0.0695 6.75:7.694e-05,0,0.9978,2.443 8.25:0.0001333,0,0.9986,2.357 9.75:2.494e-07,0,0.9979,4.51 11.25:-0.0002261,0,1.0002,0.2633
2360.000	5037.62262	9.66966273	0	0.890247261	5048.18253043	-3.603e-16	17936	16.657	14.462	17.106	0.010	0.0000	0.8455	0.99019	0.8500	0.9947	1.64975	1.64933	0.0000	0.0000	0.0000	-0.005944	0.0071906	-0.019207	0	0	0
# CONV t=2360.00 cond=0 evap=0 rough=0 back_s=0
# LEDGER t=2360.000 mode=3 sum_err=0 max|E-iEu|=1.110e-16 run_max_diff=0.000e+00 run_max_sum_err=0 steps=118000 E0_int=5048182530434780 sum=5048182530434780
# NETG t=2360.00 gates min=0.0000 mean=0.3904 edges=12
# LUMP t=2360.00 n=3 Emfree=9.66966 | m=4.11225 x=16.61 y=16.07 z=16.84 rg=2.12 | m=3.66247 x=18.70 y=13.32 z=18.85 rg=1.91 | m=0.780487 x=15.21 y=13.58 z=19.25 rg=0.00
# RAD t=2360.00 0.75:1.111e-06,0,1.0003,0.0001497 2.25:1.939e-06,0,1.0003,0.005033 3.75:6.457e-06,0,1.0003,0.01174 5.25:-4.217e-05,0,1.0002,0.06779 6.75:8.433e-05,0,0.9978,2.186 8.25:2.842e-05,0,0.9986,2.285 9.75:-0.0002802,0,0.9979,4.442 11.25:0.0001175,0,1.0002,0.292
2370.000	5037.62262	9.98734619	0	0.572563803	5048.18253043	-3.603e-16	17935	16.650	14.450	17.076	0.010	0.0000	0.8455	1.0111	0.8500	0.9947	1.64976	1.64932	0.0000	0.0000	0.0000	-0.0023096	0.00069092	0.004933	0	0	0
# CONV t=2370.00 cond=0 evap=0 rough=0 back_s=0
# LEDGER t=2370.000 mode=3 sum_err=0 max|E-iEu|=1.110e-16 run_max_diff=0.000e+00 run_max_sum_err=0 steps=118500 E0_int=5048182530434780 sum=5048182530434780
# NETG t=2370.00 gates min=0.0000 mean=0.3383 edges=12
# LUMP t=2370.00 n=3 Emfree=9.98735 | m=4.27371 x=16.58 y=16.09 z=16.80 rg=2.09 | m=3.75597 x=18.69 y=13.30 z=18.86 rg=1.90 | m=0.780003 x=15.21 y=13.58 z=19.25 rg=0.00
# RAD t=2370.00 0.75:2.014e-06,0,1.0003,0.0001402 2.25:-2.547e-06,0,1.0003,0.005704 3.75:-4.749e-06,0,1.0003,0.01206 5.25:-2.808e-05,0,1.0002,0.0778 6.75:9.682e-05,0,0.9978,2.311 8.25:-8.096e-05,0,0.9986,2.351 9.75:-0.0002812,0,0.9979,4.534 11.25:8.728e-05,0,1.0002,0.2963
2380.000	5037.62262	9.52811992	0	1.03179007	5048.18253043	-5.405e-16	17935	16.685	14.449	17.157	0.008	0.0000	0.8455	1.0067	0.8500	0.9947	1.64982	1.64933	0.0000	0.0000	0.0000	-0.0066838	-0.0044795	-0.00037563	0	0	0
# CONV t=2380.00 cond=0 evap=0 rough=0 back_s=0
# LEDGER t=2380.000 mode=3 sum_err=0 max|E-iEu|=1.110e-16 run_max_diff=0.000e+00 run_max_sum_err=0 steps=119000 E0_int=5048182530434780 sum=5048182530434780
# NETG t=2380.00 gates min=0.0000 mean=0.3945 edges=12
# LUMP t=2380.00 n=3 Emfree=9.52812 | m=4.03278 x=16.61 y=16.07 z=16.85 rg=2.12 | m=3.65214 x=18.70 y=13.32 z=18.84 rg=1.92 | m=0.779567 x=15.21 y=13.58 z=19.25 rg=0.00
# RAD t=2380.00 0.75:1.604e-06,0,1.0003,7.798e-05 2.25:-6.684e-06,0,1.0003,0.00246 3.75:-1.324e-05,0,1.0003,0.01117 5.25:5.136e-05,0,1.0002,0.0565 6.75:6.354e-05,0,0.9978,2.136 8.25:-5.693e-05,0,0.9987,2.247 9.75:-0.0001119,0,0.9979,4.427 11.25:-0.0001874,0,1.0002,0.2464
2390.000	5037.62262	9.91942854	0	0.640481452	5048.18253043	-5.405e-16	17936	16.642	14.454	17.108	0.009	0.0000	0.8455	0.99776	0.8500	0.9947	1.64983	1.64933	0.0000	0.0000	0.0000	-0.0054537	-0.0029792	0.0033973	0	0	0
# CONV t=2390.00 cond=0 evap=0 rough=0 back_s=0
# LEDGER t=2390.000 mode=3 sum_err=0 max|E-iEu|=1.110e-16 run_max_diff=0.000e+00 run_max_sum_err=0 steps=119500 E0_int=5048182530434780 sum=5048182530434780
# NETG t=2390.00 gates min=0.0000 mean=0.3737 edges=12
# LUMP t=2390.00 n=3 Emfree=9.91943 | m=4.25391 x=16.57 y=16.08 z=16.82 rg=2.09 | m=3.72714 x=18.69 y=13.31 z=18.85 rg=1.90 | m=0.778956 x=15.21 y=13.58 z=19.25 rg=0.00
# RAD t=2390.00 0.75:9.222e-07,0,1.0003,2.993e-05 2.25:-1.15e-05,0,1.0003,0.004587 3.75:-2.261e-05,0,1.0003,0.01738 5.25:9.522e-05,0,1.0002,0.05319 6.75:4.334e-06,0,0.9978,2.341 8.25:-0.0001706,0,0.9987,2.306 9.75:0.0002115,0,0.9979,4.547 11.25:-0.0003496,0,1.0002,0.2375
2400.000	5037.62262	9.42968155	0	1.13022844	5048.18253043	-5.405e-16	17936	16.678	14.471	17.165	0.006	0.0000	0.8455	0.99166	0.8500	0.9947	1.64986	1.64933	0.0000	0.0000	0.0000	-0.010452	0.00011772	-0.014927	0	0	0
# CONV t=2400.00 cond=0 evap=0 rough=0 back_s=0
# LEDGER t=2400.000 mode=3 sum_err=0 max|E-iEu|=1.110e-16 run_max_diff=0.000e+00 run_max_sum_err=0 steps=120000 E0_int=5048182530434780 sum=5048182530434780
# NETG t=2400.00 gates min=0.0000 mean=0.3102 edges=12
# LUMP t=2400.00 n=3 Emfree=9.42968 | m=3.9786 x=16.63 y=16.07 z=16.85 rg=2.13 | m=3.62124 x=18.70 y=13.32 z=18.84 rg=1.92 | m=0.778391 x=15.21 y=13.58 z=19.25 rg=0.00
# RAD t=2400.00 0.75:1.288e-07,0,1.0003,1.51e-05 2.25:-1.122e-05,0,1.0003,0.001821 3.75:1.703e-05,0,1.0003,0.007556 5.25:-2.247e-05,0,1.0002,0.03798 6.75:-1.027e-05,0,0.9978,2.112 8.25:4.677e-06,0,0.9987,2.241 9.75:-2.478e-06,0,0.9979,4.39 11.25:-9.413e-05,0,1.0002,0.2426
2410.000	5037.62262	9.67406368	0	0.885846309	5048.18253043	-5.405e-16	17935	16.604	14.478	17.081	0.008	0.0000	0.8455	0.96742	0.8500	0.9947	1.64986	1.64933	0.0000	0.0000	0.0000	-0.0058913	-0.017567	0.020719	0	0	0
# CONV t=2410.00 cond=0 evap=0 rough=0 back_s=0
# LEDGER t=2410.000 mode=3 sum_err=0 max|E-iEu|=1.110e-16 run_max_diff=0.000e+00 run_max_sum_err=0 steps=120500 E0_int=5048182530434780 sum=5048182530434780
# NETG t=2410.00 gates min=0.0000 mean=0.4275 edges=12
# LUMP t=2410.00 n=4 Emfree=9.67406 | m=4.16515 x=16.59 y=16.08 z=16.83 rg=2.11 | m=2.93972 x=19.21 y=13.50 z=18.61 rg=1.61 | m=0.777848 x=15.21 y=13.58 z=19.25 rg=0.00 | m=0.649984 x=16.31 y=12.50 z=19.84 rg=0.00
# RAD t=2410.00 0.75:-4.62e-07,0,1.0003,7.084e-05 2.25:-4.694e-06,0,1.0003,0.004216 3.75:1.239e-05,0,1.0003,0.009764 5.25:-2.384e-05,0,1.0002,0.05216 6.75:-8.657e-05,0,0.9978,2.257 8.25:7.187e-05,0,0.9987,2.308 9.75:0.0001986,0,0.9979,4.379 11.25:-0.0003228,0,1.0002,0.2581
2420.000	5037.62262	10.0396734	0	0.520236638	5048.18253043	-3.603e-16	17936	16.668	14.496	17.124	0.007	0.0000	0.8455	0.95639	0.8500	0.9947	1.64985	1.64933	0.0000	0.0000	0.0000	-0.0012757	-0.0014881	0.0032239	0	0	0
# CONV t=2420.00 cond=0 evap=0 rough=0 back_s=0
# LEDGER t=2420.000 mode=3 sum_err=0 max|E-iEu|=1.110e-16 run_max_diff=0.000e+00 run_max_sum_err=0 steps=121000 E0_int=5048182530434780 sum=5048182530434780
# NETG t=2420.00 gates min=0.0000 mean=0.4876 edges=12
# LUMP t=2420.00 n=3 Emfree=10.0397 | m=4.38294 x=16.55 y=16.09 z=16.80 rg=2.08 | m=3.75373 x=18.70 y=13.31 z=18.85 rg=1.90 | m=0.777467 x=15.21 y=13.58 z=19.25 rg=0.00
# RAD t=2420.00 0.75:-6.408e-07,0,1.0003,4.683e-05 2.25:1.124e-07,0,1.0003,0.002707 3.75:3.093e-06,0,1.0003,0.007331 5.25:-1.761e-05,0,1.0002,0.05424 6.75:4.441e-06,0,0.9978,2.416 8.25:-9.569e-05,0,0.9987,2.354 9.75:0.0002472,0,0.9979,4.568 11.25:-0.0003043,0,1.0002,0.2536
2430.000	5037.62262	9.64960421	0	0.910305781	5048.18253043	-3.603e-16	17936	16.627	14.457	17.103	0.008	0.0000	0.8455	0.97056	0.8500	0.9947	1.64984	1.64934	0.0000	0.0000	0.0000	-0.013043	-0.0064715	-0.0063743	0	0	0
# CONV t=2430.00 cond=0 evap=0 rough=0 back_s=0
# LEDGER t=2430.000 mode=3 sum_err=0 max|E-iEu|=1.110e-16 run_max_diff=0.000e+00 run_max_sum_err=0 steps=121500 E0_int=5048182530434780 sum=5048182530434780
# NETG t=2430.00 gates min=0.0000 mean=0.3153 edges=12
# LUMP t=2430.00 n=3 Emfree=9.6496 | m=4.07404 x=16.61 y=16.08 z=16.84 rg=2.11 | m=3.6685 x=18.70 y=13.32 z=18.85 rg=1.91 | m=0.776914 x=15.21 y=13.58 z=19.25 rg=0.00
# RAD t=2430.00 0.75:-6.259e-07,0,1.0003,1e-12 2.25:2.494e-06,0,1.0003,0.003168 3.75:-1.078e-06,0,1.0003,0.008885 5.25:-1.103e-05,0,1.0002,0.0516 6.75:-1.723e-05,0,0.9978,2.173 8.25:8.438e-07,0,0.9987,2.286 9.75:-0.0001287,0,0.9979,4.492 11.25:0.0002124,0,1.0002,0.2491
2440.000	5037.62262	9.98136003	0	0.578549959	5048.18253043	-3.603e-16	17936	16.610	14.448	17.074	0.008	0.0000	0.8455	0.98478	0.8500	0.9947	1.64982	1.64934	0.0000	0.0000	0.0000	0.0010441	0.0041302	-0.0032301	0	0	0
# CONV t=2440.00 cond=0 evap=0 rough=0 back_s=0
# LEDGER t=2440.000 mode=3 sum_err=0 max|E-iEu|=1.110e-16 run_max_diff=0.000e+00 run_max_sum_err=0 steps=122000 E0_int=5048182530434780 sum=5048182530434780
# NETG t=2440.00 gates min=0.0000 mean=0.3213 edges=12
# LUMP t=2440.00 n=3 Emfree=9.98136 | m=4.29515 x=16.56 y=16.09 z=16.81 rg=2.08 | m=3.73669 x=18.69 y=13.30 z=18.86 rg=1.90 | m=0.776335 x=15.21 y=13.58 z=19.25 rg=0.00
# RAD t=2440.00 0.75:-3.988e-07,0,1.0003,0.0001567 2.25:6.319e-06,0,1.0003,0.004375 3.75:2.053e-06,0,1.0003,0.008575 5.25:-1.006e-05,0,1.0002,0.05206 6.75:-7.27e-05,0,0.9978,2.334 8.25:-0.0001029,0,0.9987,2.366 9.75:-6.028e-05,0,0.9979,4.579 11.25:0.0001039,0,1.0002,0.2491
2450.000	5037.62262	9.49477476	0	1.06513523	5048.18253043	-5.405e-16	17936	16.640	14.434	17.127	0.006	0.0000	0.8455	0.99385	0.8500	0.9947	1.64981	1.64934	0.0000	0.0000	0.0000	-0.0022999	0.0035953	-0.013002	0	0	0
# CONV t=2450.00 cond=0 evap=0 rough=0 back_s=0
# LEDGER t=2450.000 mode=3 sum_err=0 max|E-iEu|=1.110e-16 run_max_diff=0.000e+00 run_max_sum_err=0 steps=122500 E0_int=5048182530434780 sum=5048182530434780
# NETG t=2450.00 gates min=0.0000 mean=0.4434 edges=12
# LUMP t=2450.00 n=3 Emfree=9.49477 | m=4.01528 x=16.63 y=16.07 z=16.85 rg=2.13 | m=3.62855 x=18.70 y=13.32 z=18.84 rg=1.92 | m=0.775727 x=15.21 y=13.58 z=19.25 rg=0.00
# RAD t=2450.00 0.75:-2.922e-07,0,1.0003,1.937e-06 2.25:8.277e-06,0,1.0003,0.002894 3.75:5.525e-06,0,1.0003,0.005348 5.25:-4.443e-05,0,1.0002,0.04529 6.75:-2.584e-05,0,0.9978,2.121 8.25:-8.127e-05,0,0.9987,2.257 9.75:-2.884e-05,0,0.9979,4.47 11.25:5.137e-05,0,1.0002,0.2048
2460.000	5037.62262	9.83172034	0	0.728189653	5048.18253043	-3.603e-16	17936	16.619	14.410	17.061	0.009	0.0000	0.8455	1.0012	0.8500	0.9947	1.64982	1.64934	0.0000	0.0000	0.0000	0.0026713	-0.0057696	-0.0034602	0	0	0
# CONV t=2460.00 cond=0 evap=0 rough=0 back_s=0
# LEDGER t=2460.000 mode=3 sum_err=0 max|E-iEu|=1.110e-16 run_max_diff=0.000e+00 run_max_sum_err=0 steps=123000 E0_int=5048182530434780 sum=5048182530434780
# NETG t=2460.00 gates min=0.0000 mean=0.3405 edges=12
# LUMP t=2460.00 n=3 Emfree=9.83172 | m=4.19968 x=16.58 y=16.08 z=16.82 rg=2.10 | m=3.70113 x=18.69 y=13.31 z=18.85 rg=1.91 | m=0.775303 x=15.21 y=13.58 z=19.25 rg=0.00
# RAD t=2460.00 0.75:4.705e-08,0,1.0003,8.131e-05 2.25:6.821e-06,0,1.0003,0.003992 3.75:-7.213e-06,0,1.0003,0.01112 5.25:3.93e-05,0,1.0002,0.06519 6.75:-4.174e-05,0,0.9978,2.266 8.25:3.799e-05,0,0.9987,2.341 9.75:-1.061e-05,0,0.9979,4.545 11.25:5.157e-05,0,1.0002,0.209
2470.000	5037.62262	9.9338157	0	0.62609429	5048.18253043	-3.603e-16	17936	16.596	14.477	17.084	0.007	0.0000	0.8455	0.98779	0.8500	0.9947	1.64980	1.64934	0.0000	0.0000	0.0000	-0.010367	-0.008421	-0.0010037	0	0	0
# CONV t=2470.00 cond=0 evap=0 rough=0 back_s=0
# LEDGER t=2470.000 mode=3 sum_err=0 max|E-iEu|=1.110e-16 run_max_diff=0.000e+00 run_max_sum_err=0 steps=123500 E0_int=5048182530434780 sum=5048182530434780
# NETG t=2470.00 gates min=0.0000 mean=0.3395 edges=12
# LUMP t=2470.00 n=3 Emfree=9.93382 | m=4.42531 x=16.53 y=16.09 z=16.79 rg=2.07 | m=3.6594 x=18.68 y=13.30 z=18.85 rg=1.92 | m=0.774751 x=15.21 y=13.58 z=19.25 rg=0.00
# RAD t=2470.00 0.75:-2.2e-07,0,1.0003,0.0001115 2.25:5.338e-06,0,1.0003,0.003161 3.75:1.339e-06,0,1.0003,0.006411 5.25:1.477e-05,0,1.0002,0.05058 6.75:-4.072e-05,0,0.9978,2.425 8.25:6.986e-05,0,0.9987,2.375 9.75:0.0001854,0,0.9979,4.485 11.25:-0.0003029,0,1.0002,0.2003
2480.000	5037.62262	9.69494694	0	0.864963045	5048.18253043	-3.603e-16	17936	16.593	14.402	17.047	0.009	0.0000	0.8455	0.98495	0.8500	0.9947	1.64977	1.64934	0.0000	0.0000	0.0000	-0.0042578	-0.0065143	0.0018308	0	0	0
# CONV t=2480.00 cond=0 evap=0 rough=0 back_s=0
# LEDGER t=2480.000 mode=3 sum_err=0 max|E-iEu|=1.110e-16 run_max_diff=0.000e+00 run_max_sum_err=0 steps=124000 E0_int=5048182530434780 sum=5048182530434780
# NETG t=2480.00 gates min=0.0000 mean=0.4103 edges=12
# LUMP t=2480.00 n=3 Emfree=9.69495 | m=4.11162 x=16.60 y=16.08 z=16.83 rg=2.11 | m=3.6485 x=18.70 y=13.32 z=18.84 rg=1.91 | m=0.774108 x=15.21 y=13.58 z=19.25 rg=0.00
# RAD t=2480.00 0.75:-8.366e-07,0,1.0003,5.67e-05 2.25:6.184e-06,0,1.0003,0.005956 3.75:4e-06,0,1.0003,0.009795 5.25:5.052e-07,0,1.0002,0.05808 6.75:-4e-05,0,0.9978,2.206 8.25:1.123e-05,0,0.9987,2.294 9.75:-8.067e-06,0,0.9979,4.492 11.25:-7.814e-05,0,1.0002,0.2262
2490.000	5037.62262	10.0041726	0	0.555737438	5048.18253043	-3.603e-16	17936	16.619	14.411	17.044	0.009	0.0000	0.8455	0.99523	0.8500	0.9947	1.64975	1.64934	0.0000	0.0000	0.0000	-0.0030527	0.0096557	0.00068361	0	0	0
# CONV t=2490.00 cond=0 evap=0 rough=0 back_s=0
# LEDGER t=2490.000 mode=3 sum_err=0 max|E-iEu|=1.110e-16 run_max_diff=0.000e+00 run_max_sum_err=0 steps=124500 E0_int=5048182530434780 sum=5048182530434780
# NETG t=2490.00 gates min=0.0000 mean=0.4289 edges=12
# LUMP t=2490.00 n=3 Emfree=10.0042 | m=4.30609 x=16.55 y=16.09 z=16.80 rg=2.08 | m=3.74484 x=18.69 y=13.30 z=18.86 rg=1.90 | m=0.773445 x=15.21 y=13.58 z=19.25 rg=0.00
# RAD t=2490.00 0.75:-1.222e-06,0,1.0003,0.0002891 2.25:8.989e-06,0,1.0003,0.006412 3.75:-1.771e-06,0,1.0003,0.01264 5.25:2.046e-05,0,1.0002,0.06176 6.75:-8.749e-05,0,0.9979,2.346 8.25:-6.641e-05,0,0.9987,2.376 9.75:-0.0001468,0,0.9979,4.605 11.25:0.0002655,0,1.0002,0.2188
2500.000	5037.62262	9.56795008	0	0.991959909	5048.18253043	-5.405e-16	17935	16.614	14.385	17.072	0.008	0.0000	0.8455	0.98743	0.8500	0.9947	1.64972	1.64934	0.0000	0.0000	0.0000	-0.0012906	-0.0099234	0.0029069	0	0	0
# CONV t=2500.00 cond=0 evap=0 rough=0 back_s=0
# LEDGER t=2500.000 mode=3 sum_err=0 max|E-iEu|=1.110e-16 run_max_diff=0.000e+00 run_max_sum_err=0 steps=125000 E0_int=5048182530434780 sum=5048182530434780
# NETG t=2500.00 gates min=0.0000 mean=0.3675 edges=12
# LUMP t=2500.00 n=3 Emfree=9.56795 | m=4.02162 x=16.62 y=16.08 z=16.84 rg=2.12 | m=3.63459 x=18.70 y=13.32 z=18.84 rg=1.92 | m=0.772988 x=15.21 y=13.58 z=19.25 rg=0.00
# RAD t=2500.00 0.75:-3.731e-07,0,1.0003,0.0001189 2.25:1.577e-06,0,1.0003,0.005487 3.75:4.157e-06,0,1.0003,0.01003 5.25:4.072e-05,0,1.0002,0.04425 6.75:-4.459e-05,0,0.9979,2.128 8.25:-7.79e-05,0,0.9987,2.276 9.75:0.0001785,0,0.9979,4.496 11.25:-1.923e-06,0,1.0002,0.2155
2510.000	5037.62262	9.92429434	0	0.63561565	5048.18253043	-3.603e-16	17936	16.595	14.392	17.048	0.009	0.0000	0.8455	0.97923	0.8500	0.9947	1.64973	1.64933	0.0000	0.0000	0.0000	0.011293	-0.00088403	0.012311	0	0	0
# CONV t=2510.00 cond=0 evap=0 rough=0 back_s=0
# LEDGER t=2510.000 mode=3 sum_err=0 max|E-iEu|=1.110e-16 run_max_diff=0.000e+00 run_max_sum_err=0 steps=125500 E0_int=5048182530434780 sum=5048182530434780
# NETG t=2510.00 gates min=0.0000 mean=0.3544 edges=12
# LUMP t=2510.00 n=3 Emfree=9.92429 | m=4.2261 x=16.58 y=16.08 z=16.81 rg=2.09 | m=3.71008 x=18.69 y=13.31 z=18.85 rg=1.90 | m=0.772483 x=15.21 y=13.58 z=19.25 rg=0.00
# RAD t=2510.00 0.75:1.595e-06,0,1.0003,0.0002179 2.25:-9.568e-06,0,1.0003,0.007267 3.75:2.129e-05,0,1.0003,0.01425 5.25:7.247e-06,0,1.0002,0.05313 6.75:-6.546e-06,0,0.9979,2.304 8.25:-0.0001183,0,0.9987,2.326 9.75:2.075e-05,0,0.9979,4.598 11.25:7.259e-05,0,1.0002,0.2405
2520.000	5037.62262	9.35428354	0	1.20562645	5048.18253043	-3.603e-16	17935	16.648	14.399	17.113	0.007	0.0000	0.8455	0.96804	0.8500	0.9947	1.64978	1.64933	0.0000	0.0000	0.0000	0.0073676	-0.0058697	0.00094804	0	0	0
# CONV t=2520.00 cond=0 evap=0 rough=0 back_s=0
# LEDGER t=2520.000 mode=3 sum_err=0 max|E-iEu|=1.110e-16 run_max_diff=0.000e+00 run_max_sum_err=0 steps=126000 E0_int=5048182530434780 sum=5048182530434780
# NETG t=2520.00 gates min=0.0000 mean=0.3243 edges=12
# LUMP t=2520.00 n=3 Emfree=9.35428 | m=3.92044 x=16.65 y=16.08 z=16.85 rg=2.13 | m=3.56804 x=18.69 y=13.33 z=18.83 rg=1.93 | m=0.771857 x=15.21 y=13.58 z=19.25 rg=0.00
# RAD t=2520.00 0.75:1.516e-06,0,1.0003,7.498e-05 2.25:-1.678e-05,0,1.0003,0.00373 3.75:2.006e-05,0,1.0003,0.008662 5.25:4.325e-08,0,1.0002,0.03979 6.75:1.508e-05,0,0.9979,2.037 8.25:-8.028e-06,0,0.9986,2.25 9.75:-2.547e-05,0,0.9979,4.406 11.25:5.492e-05,0,1.0002,0.2185
2530.000	5037.62262	9.75246957	0	0.807440416	5048.18253043	-5.405e-16	17935	16.610	14.393	17.049	0.009	0.0000	0.8455	0.95492	0.8500	0.9947	1.64979	1.64932	0.0000	0.0000	0.0000	0.0050916	-0.0059091	0.0068116	0	0	0
# CONV t=2530.00 cond=0 evap=0 rough=0 back_s=0
# LEDGER t=2530.000 mode=3 sum_err=0 max|E-iEu|=1.110e-16 run_max_diff=0.000e+00 run_max_sum_err=0 steps=126500 E0_int=5048182530434780 sum=5048182530434780
# NETG t=2530.00 gates min=0.0000 mean=0.3403 edges=12
# LUMP t=2530.00 n=3 Emfree=9.75247 | m=4.13516 x=16.59 y=16.08 z=16.82 rg=2.10 | m=3.63047 x=18.70 y=13.32 z=18.84 rg=1.92 | m=0.771224 x=15.21 y=13.58 z=19.25 rg=0.00
# RAD t=2530.00 0.75:-5.247e-07,0,1.0003,0.0001144 2.25:-9.11e-06,0,1.0003,0.007851 3.75:1.619e-05,0,1.0003,0.01508 5.25:8.637e-06,0,1.0002,0.04768 6.75:3.268e-05,0,0.9979,2.231 8.25:9.897e-05,0,0.9986,2.31 9.75:5.591e-05,0,0.9979,4.462 11.25:-0.0002365,0,1.0002,0.25
2540.000	5037.62262	10.0057985	0	0.554111449	5048.18253043	-5.405e-16	17935	16.648	14.450	17.115	0.008	0.0000	0.8455	0.97106	0.8500	0.9947	1.64979	1.64932	0.0000	0.0000	0.0000	-0.0040045	-0.006697	0.0031824	0	0	0
# CONV t=2540.00 cond=0 evap=0 rough=0 back_s=0
# LEDGER t=2540.000 mode=3 sum_err=0 max|E-iEu|=1.110e-16 run_max_diff=0.000e+00 run_max_sum_err=0 steps=127000 E0_int=5048182530434780 sum=5048182530434780
# NETG t=2540.00 gates min=0.0000 mean=0.4637 edges=12
# LUMP t=2540.00 n=3 Emfree=10.0058 | m=4.35804 x=16.54 y=16.09 z=16.79 rg=2.07 | m=3.74303 x=18.69 y=13.30 z=18.86 rg=1.89 | m=0.770805 x=15.21 y=13.58 z=19.25 rg=0.00
# RAD t=2540.00 0.75:-4.074e-07,0,1.0003,0.0001812 2.25:-7.3e-06,0,1.0003,0.005223 3.75:1.735e-05,0,1.0003,0.01095 5.25:9.896e-06,0,1.0002,0.04474 6.75:4.314e-05,0,0.9979,2.39 8.25:6.984e-05,0,0.9986,2.345 9.75:-0.0003471,0,0.9979,4.571 11.25:0.0002653,0,1.0002,0.2344
2550.000	5037.62262	9.63712197	0	0.922788022	5048.18253043	-3.603e-16	17936	16.651	14.377	17.084	0.011	0.0000	0.8455	0.9827	0.8500	0.9947	1.64979	1.64932	0.0000	0.0000	0.0000	0.0045069	-0.0087986	0.0089107	0	0	0
# CONV t=2550.00 cond=0 evap=0 rough=0 back_s=0
# LEDGER t=2550.000 mode=3 sum_err=0 max|E-iEu|=1.110e-16 run_max_diff=0.000e+00 run_max_sum_err=0 steps=127500 E0_int=5048182530434780 sum=5048182530434780
# NETG t=2550.00 gates min=0.0000 mean=0.4269 edges=12
# LUMP t=2550.00 n=3 Emfree=9.63712 | m=4.04214 x=16.61 y=16.09 z=16.82 rg=2.10 | m=3.64747 x=18.70 y=13.31 z=18.85 rg=1.91 | m=0.770377 x=15.21 y=13.58 z=19.25 rg=0.00
# RAD t=2550.00 0.75:-5.743e-07,0,1.0003,9.763e-05 2.25:-3.218e-06,0,1.0003,0.007311 3.75:1.609e-05,0,1.0003,0.01208 5.25:-3.564e-06,0,1.0002,0.06422 6.75:0.0001683,0,0.9979,2.157 8.25:-9.616e-05,0,0.9986,2.257 9.75:-0.0002421,0,0.9979,4.461 11.25:0.0001842,0,1.0002,0.2512
2560.000	5037.62262	9.97594918	0	0.583960812	5048.18253043	-3.603e-16	17935	16.627	14.390	17.071	0.014	0.0000	0.8455	0.9808	0.8500	0.9947	1.64977	1.64932	0.0000	0.0000	0.0000	0.009741	0.00058204	0.011024	0	0	0
# CONV t=2560.00 cond=0 evap=0 rough=0 back_s=0
# LEDGER t=2560.000 mode=3 sum_err=0 max|E-iEu|=1.110e-16 run_max_diff=0.000e+00 run_max_sum_err=0 steps=128000 E0_int=5048182530434780 sum=5048182530434780
# NETG t=2560.00 gates min=0.0000 mean=0.3607 edges=12
# LUMP t=2560.00 n=3 Emfree=9.97595 | m=4.23927 x=16.58 y=16.09 z=16.80 rg=2.08 | m=3.72012 x=18.69 y=13.30 z=18.86 rg=1.90 | m=0.769736 x=15.21 y=13.58 z=19.25 rg=0.00
# RAD t=2560.00 0.75:-5.014e-07,0,1.0003,0.0003857 2.25:5.037e-07,0,1.0002,0.008803 3.75:-6.001e-06,0,1.0003,0.01539 5.25:-3.814e-05,0,1.0002,0.08864 6.75:0.0001455,0,0.9979,2.275 8.25:-1.54e-05,0,0.9986,2.344 9.75:-0.0001031,0,0.9979,4.547 11.25:-9.241e-05,0,1.0002,0.2585
2570.000	5037.62262	9.47996464	0	1.07994535	5048.18253043	-5.405e-16	17936	16.667	14.369	17.122	0.013	0.0000	0.8455	0.97345	0.8500	0.9947	1.64978	1.64932	0.0000	0.0000	0.0000	0.0032757	-0.0074238	-0.00038084	0	0	0
# CONV t=2570.00 cond=0 evap=0 rough=0 back_s=0
# LEDGER t=2570.000 mode=3 sum_err=0 max|E-iEu|=1.110e-16 run_max_diff=0.000e+00 run_max_sum_err=0 steps=128500 E0_int=5048182530434780 sum=5048182530434780
# NETG t=2570.00 gates min=0.0000 mean=0.3271 edges=12
# LUMP t=2570.00 n=3 Emfree=9.47996 | m=3.95867 x=16.63 y=16.08 z=16.84 rg=2.12 | m=3.60799 x=18.70 y=13.32 z=18.84 rg=1.92 | m=0.76921 x=15.21 y=13.58 z=19.25 rg=0.00
# RAD t=2570.00 0.75:-8.149e-07,0,1.0003,9.554e-05 2.25:1.39e-06,0,1.0002,0.006891 3.75:-1.028e-05,0,1.0003,0.009963 5.25:5.317e-05,0,1.0002,0.08587 6.75:9.098e-05,0,0.9979,2.084 8.25:-4.701e-05,0,0.9987,2.206 9.75:-0.0001019,0,0.9979,4.401 11.25:-5.959e-05,0,1.0002,0.2502
2580.000	5037.62262	9.79539809	0	0.764511897	5048.18253043	-5.405e-16	17936	16.607	14.383	17.073	0.015	0.0000	0.8455	0.96828	0.8500	0.9947	1.64974	1.64932	0.0000	0.0000	0.0000	0.010535	0.012958	-0.015044	0	0	0
# CONV t=2580.00 cond=0 evap=0 rough=0 back_s=0
# LEDGER t=2580.000 mode=3 sum_err=0 max|E-iEu|=1.110e-16 run_max_diff=0.000e+00 run_max_sum_err=0 steps=129000 E0_int=5048182530434780 sum=5048182530434780
# NETG t=2580.00 gates min=0.0000 mean=0.4078 edges=12
# LUMP t=2580.00 n=3 Emfree=9.7954 | m=4.18912 x=16.58 y=16.09 z=16.81 rg=2.09 | m=3.59701 x=18.68 y=13.31 z=18.84 rg=1.92 | m=0.768745 x=15.21 y=13.58 z=19.25 rg=0.00
# RAD t=2580.00 0.75:-5.112e-07,0,1.0003,0.0003337 2.25:2.067e-06,0,1.0002,0.008545 3.75:-1.381e-05,0,1.0003,0.0149 5.25:3.866e-06,0,1.0002,0.09251 6.75:0.0002032,0,0.9979,2.274 8.25:-9.091e-06,0,0.9987,2.273 9.75:1.556e-05,0,0.9979,4.403 11.25:-0.0002866,0,1.0002,0.2805
2590.000	5037.62262	9.33197599	0	1.227934	5048.18253043	-3.603e-16	17936	16.677	14.374	17.146	0.010	0.0000	0.8455	0.97171	0.8500	0.9947	1.64979	1.64931	0.0000	0.0000	0.0000	-0.00075073	0.00022179	-0.0038332	0	0	0
# CONV t=2590.00 cond=0 evap=0 rough=0 back_s=0
# LEDGER t=2590.000 mode=3 sum_err=0 max|E-iEu|=1.110e-16 run_max_diff=0.000e+00 run_max_sum_err=0 steps=129500 E0_int=5048182530434780 sum=5048182530434780
# NETG t=2590.00 gates min=0.0000 mean=0.3414 edges=12
# LUMP t=2590.00 n=3 Emfree=9.33198 | m=3.89398 x=16.65 y=16.08 z=16.85 rg=2.13 | m=3.54913 x=18.71 y=13.33 z=18.83 rg=1.93 | m=0.76833 x=15.21 y=13.58 z=19.25 rg=0.00
# RAD t=2590.00 0.75:5.83e-07,0,1.0003,0.0001034 2.25:-7.916e-07,0,1.0003,0.002891 3.75:-2.233e-05,0,1.0003,0.007952 5.25:-1.107e-05,0,1.0002,0.05882 6.75:0.0001548,0,0.9979,2.043 8.25:3.756e-05,0,0.9987,2.178 9.75:-7.126e-05,0,0.9979,4.329 11.25:-0.0002992,0,1.0002,0.2464
2600.000	5037.62262	9.73112876	0	0.828781232	5048.18253043	-3.603e-16	17936	16.630	14.347	17.092	0.010	0.0000	0.8455	0.9993	0.8500	0.9947	1.64982	1.64931	0.0000	0.0000	0.0000	0.00074159	0.0015297	-0.0037474	0	0	0
# CONV t=2600.00 cond=0 evap=0 rough=0 back_s=0
# LEDGER t=2600.000 mode=3 sum_err=0 max|E-iEu|=1.109e-16 run_max_diff=0.000e+00 run_max_sum_err=0 steps=130000 E0_int=5048182530434780 sum=5048182530434780
# NETG t=2600.00 gates min=0.0000 mean=0.5110 edges=12
# LUMP t=2600.00 n=3 Emfree=9.73113 | m=4.0852 x=16.59 y=16.08 z=16.82 rg=2.10 | m=3.64693 x=18.70 y=13.31 z=18.85 rg=1.91 | m=0.767719 x=15.21 y=13.58 z=19.25 rg=0.00
# RAD t=2600.00 0.75:7.873e-07,0,1.0003,0.0002195 2.25:-2.754e-07,0,1.0003,0.005052 3.75:-9.238e-06,0,1.0003,0.01243 5.25:2.747e-05,0,1.0002,0.05131 6.75:2.647e-05,0,0.9978,2.219 8.25:-9.517e-05,0,0.9987,2.237 9.75:-0.0001888,0,0.9979,4.45 11.25:5.802e-05,0,1.0002,0.241
2610.000	5037.62262	10.0201474	0	0.539762629	5048.18253043	-5.405e-16	17936	16.675	14.388	17.134	0.009	0.0000	0.8455	1.0115	0.8500	0.9947	1.64983	1.64931	0.0000	0.0000	0.0000	-0.0045045	-0.0016718	0.0084429	0	0	0
# CONV t=2610.00 cond=0 evap=0 rough=0 back_s=0
# LEDGER t=2610.000 mode=3 sum_err=0 max|E-iEu|=1.110e-16 run_max_diff=0.000e+00 run_max_sum_err=0 steps=130500 E0_int=5048182530434780 sum=5048182530434780
# NETG t=2610.00 gates min=0.0000 mean=0.3466 edges=12
# LUMP t=2610.00 n=3 Emfree=10.0201 | m=4.32265 x=16.55 y=16.09 z=16.79 rg=2.07 | m=3.72816 x=18.69 y=13.30 z=18.86 rg=1.89 | m=0.767159 x=15.21 y=13.58 z=19.25 rg=0.00
# RAD t=2610.00 0.75:5.541e-07,0,1.0003,0.0002762 2.25:2.102e-06,0,1.0003,0.003443 3.75:1.151e-05,0,1.0003,0.009223 5.25:2.025e-05,0,1.0002,0.05363 6.75:6.377e-05,0,0.9978,2.383 8.25:1.028e-05,0,0.9987,2.311 9.75:-8.067e-05,0,0.9979,4.527 11.25:-0.0001475,0,1.0002,0.2449
2620.000	5037.62262	9.5953415	0	0.964568486	5048.18253043	-5.405e-16	17935	16.651	14.344	17.124	0.008	0.0000	0.8455	0.99954	0.8500	0.9947	1.64984	1.64931	0.0000	0.0000	0.0000	-0.013753	-0.010189	-0.005304	0	0	0
# CONV t=2620.00 cond=0 evap=0 rough=0 back_s=0
# LEDGER t=2620.000 mode=3 sum_err=0 max|E-iEu|=1.110e-16 run_max_diff=0.000e+00 run_max_sum_err=0 steps=131000 E0_int=5048182530434780 sum=5048182530434780
# NETG t=2620.00 gates min=0.0000 mean=0.3554 edges=12
# LUMP t=2620.00 n=3 Emfree=9.59534 | m=4.02605 x=16.61 y=16.08 z=16.83 rg=2.11 | m=3.61182 x=18.70 y=13.32 z=18.84 rg=1.91 | m=0.766581 x=15.21 y=13.58 z=19.25 rg=0.00
# RAD t=2620.00 0.75:1.04e-07,0,1.0003,0.0001428 2.25:2.959e-06,0,1.0003,0.003455 3.75:1.596e-05,0,1.0003,0.008985 5.25:1.413e-05,0,1.0002,0.04233 6.75:-1.985e-05,0,0.9978,2.145 8.25:7.857e-05,0,0.9987,2.229 9.75:-4.079e-05,0,0.9979,4.384 11.25:-0.0001591,0,1.0002,0.2523
2630.000	5037.62262	9.95782879	0	0.602081196	5048.18253043	-3.603e-16	17935	16.623	14.344	17.092	0.008	0.0000	0.8455	0.97714	0.8500	0.9947	1.64980	1.64930	0.0000	0.0000	0.0000	0.010763	0.00042911	-0.0010153	0	0	0
# CONV t=2630.00 cond=0 evap=0 rough=0 back_s=0
# LEDGER t=2630.000 mode=3 sum_err=0 max|E-iEu|=1.110e-16 run_max_diff=0.000e+00 run_max_sum_err=0 steps=131500 E0_int=5048182530434780 sum=5048182530434780
# NETG t=2630.00 gates min=0.0000 mean=0.4515 edges=12
# LUMP t=2630.00 n=3 Emfree=9.95783 | m=4.23244 x=16.57 y=16.09 z=16.80 rg=2.09 | m=3.67677 x=18.69 y=13.31 z=18.85 rg=1.90 | m=0.766148 x=15.21 y=13.58 z=19.25 rg=0.00
# RAD t=2630.00 0.75:-4.467e-07,0,1.0003,0.0002406 2.25:6.923e-06,0,1.0003,0.005924 3.75:1.508e-05,0,1.0003,0.01083 5.25:2.454e-05,0,1.0002,0.05105 6.75:-0.0001306,0,0.9978,2.302 8.25:-1.379e-05,0,0.9987,2.294 9.75:-1.013e-05,0,0.9979,4.484 11.25:-0.0002977,0,1.0002,0.2666
2640.000	5037.62262	9.40135337	0	1.15855662	5048.18253043	-3.603e-16	17935	16.670	14.339	17.143	0.006	0.0000	0.8455	0.95672	0.8500	0.9947	1.64980	1.64930	0.0000	0.0000	0.0000	-0.026887	-0.035703	0.032346	0	0	0
# CONV t=2640.00 cond=0 evap=0 rough=0 back_s=0
# LEDGER t=2640.000 mode=3 sum_err=0 max|E-iEu|=1.110e-16 run_max_diff=0.000e+00 run_max_sum_err=0 steps=132000 E0_int=5048182530434780 sum=5048182530434780
# NETG t=2640.00 gates min=0.0000 mean=0.3451 edges=12
# LUMP t=2640.00 n=3 Emfree=9.40135 | m=3.94102 x=16.63 y=16.08 z=16.84 rg=2.12 | m=3.52393 x=18.71 y=13.34 z=18.82 rg=1.93 | m=0.765704 x=15.21 y=13.58 z=19.25 rg=0.00
# RAD t=2640.00 0.75:-4.676e-07,0,1.0003,0.0001217 2.25:9.678e-06,0,1.0003,0.004497 3.75:1.797e-05,0,1.0003,0.005309 5.25:5.615e-06,0,1.0002,0.03646 6.75:-0.0001419,0,0.9979,2.059 8.25:0.0001203,0,0.9987,2.206 9.75:5.99e-05,0,0.9979,4.294 11.25:-0.0005276,0,1.0002,0.2548
2650.000	5037.62262	9.85283345	0	0.707076536	5048.18253043	-5.405e-16	17935	16.628	14.313	17.102	0.007	0.0000	0.8455	0.97927	0.8500	0.9947	1.64980	1.64929	0.0000	0.0000	0.0000	-0.0033149	-6.3357e-05	-0.0042097	0	0	0
# CONV t=2650.00 cond=0 evap=0 rough=0 back_s=0
# LEDGER t=2650.000 mode=3 sum_err=0 max|E-iEu|=1.110e-16 run_max_diff=0.000e+00 run_max_sum_err=0 steps=132500 E0_int=5048182530434780 sum=5048182530434780
# NETG t=2650.00 gates min=0.0000 mean=0.3948 edges=12
# LUMP t=2650.00 n=3 Emfree=9.85283 | m=4.14626 x=16.58 y=16.09 z=16.81 rg=2.09 | m=3.65537 x=18.70 y=13.31 z=18.85 rg=1.90 | m=0.764988 x=15.21 y=13.58 z=19.25 rg=0.00
# RAD t=2650.00 0.75:-5.241e-07,0,1.0003,0.0002376 2.25:1.169e-05,0,1.0002,0.006373 3.75:1.676e-05,0,1.0003,0.009065 5.25:-1.065e-05,0,1.0002,0.04791 6.75:-2.532e-05,0,0.9979,2.222 8.25:9.795e-05,0,0.9987,2.279 9.75:-0.0003451,0,0.9979,4.459 11.25:-2.161e-05,0,1.0002,0.2623
2660.000	5037.62262	10.019668	0	0.540241962	5048.18253043	-3.603e-16	17934	16.665	14.374	17.167	0.006	0.0000	0.8455	0.99454	0.8500	0.9947	1.64980	1.64929	0.0000	0.0000	0.0000	0.00079984	-0.0076555	-0.00036749	0	0	0
# CONV t=2660.00 cond=0 evap=0 rough=0 back_s=0
# LEDGER t=2660.000 mode=3 sum_err=0 max|E-iEu|=1.110e-16 run_max_diff=0.000e+00 run_max_sum_err=0 steps=133000 E0_int=5048182530434780 sum=5048182530434780
# NETG t=2660.00 gates min=0.0000 mean=0.4875 edges=12
# LUMP t=2660.00 n=3 Emfree=10.0197 | m=4.33896 x=16.54 y=16.09 z=16.78 rg=2.06 | m=3.73872 x=18.69 y=13.29 z=18.86 rg=1.89 | m=0.764422 x=15.21 y=13.58 z=19.25 rg=0.00
# RAD t=2660.00 0.75:4.112e-07,0,1.0003,0.0004403 2.25:9.345e-06,0,1.0002,0.003901 3.75:8.285e-06,0,1.0003,0.003466 5.25:-3.072e-05,0,1.0002,0.04235 6.75:-4.236e-05,0,0.9979,2.349 8.25:-0.000166,0,0.9987,2.282 9.75:-0.0002679,0,0.9979,4.54 11.25:4.065e-05,0,1.0002,0.2351
2670.000	5037.62262	9.71089275	0	0.849017238	5048.18253043	-3.603e-16	17934	16.656	14.307	17.097	0.007	0.0000	0.8455	1.0008	0.8500	0.9947	1.64983	1.64929	0.0000	0.0000	0.0000	0.0014231	0.0028722	-0.0052217	0	0	0
# CONV t=2670.00 cond=0 evap=0 rough=0 back_s=0
# LEDGER t=2670.000 mode=3 sum_err=0 max|E-iEu|=1.110e-16 run_max_diff=0.000e+00 run_max_sum_err=0 steps=133500 E0_int=5048182530434780 sum=5048182530434780
# NETG t=2670.00 gates min=0.0000 mean=0.3525 edges=12
# LUMP t=2670.00 n=3 Emfree=9.71089 | m=4.05159 x=16.60 y=16.09 z=16.82 rg=2.10 | m=3.62204 x=18.69 y=13.31 z=18.85 rg=1.91 | m=0.763866 x=15.21 y=13.58 z=19.25 rg=0.00
# RAD t=2670.00 0.75:1.505e-06,0,1.0003,0.0002687 2.25:3.467e-06,0,1.0002,0.004344 3.75:-3.707e-06,0,1.0003,0.00564 5.25:-1.085e-05,0,1.0002,0.04911 6.75:3.467e-05,0,0.9979,2.131 8.25:-0.0001886,0,0.9987,2.239 9.75:-0.0002743,0,0.9979,4.454 11.25:0.0001303,0,1.0002,0.2377
2680.000	5037.62262	10.03733	0	0.522580018	5048.18253043	-3.603e-16	17935	16.661	14.348	17.102	0.007	0.0000	0.8455	1.0058	0.8500	0.9947	1.64986	1.64928	0.0000	0.0000	0.0000	0.0051381	0.0035317	0.0029609	0	0	0
# CONV t=2680.00 cond=0 evap=0 rough=0 back_s=0
# LEDGER t=2680.000 mode=3 sum_err=0 max|E-iEu|=1.110e-16 run_max_diff=0.000e+00 run_max_sum_err=0 steps=134000 E0_int=5048182530434780 sum=5048182530434780
# NETG t=2680.00 gates min=0.0000 mean=0.3169 edges=12
# LUMP t=2680.00 n=3 Emfree=10.0373 | m=4.27507 x=16.55 y=16.09 z=16.79 rg=2.07 | m=3.70004 x=18.69 y=13.30 z=18.86 rg=1.89 | m=0.763404 x=15.21 y=13.58 z=19.25 rg=0.00
# RAD t=2680.00 0.75:2.044e-06,0,1.0003,0.0005536 2.25:-3.556e-06,0,1.0002,0.004973 3.75:5.164e-06,0,1.0003,0.009277 5.25:5.669e-05,0,1.0002,0.04571 6.75:-1.281e-06,0,0.9979,2.306 8.25:-0.0001602,0,0.9987,2.3 9.75:-0.0003016,0,0.9979,4.541 11.25:0.0001035,0,1.0002,0.2469
2690.000	5037.62262	9.51671742	0	1.04319257	5048.18253043	-5.405e-16	17935	16.686	14.310	17.096	0.006	0.0000	0.8455	1.0033	0.8500	0.9947	1.64988	1.64928	0.0000	0.0000	0.0000	-0.0035935	0.0011741	-0.01363	0	0	0
# CONV t=2690.00 cond=0 evap=0 rough=0 back_s=0
# LEDGER t=2690.000 mode=3 sum_err=0 max|E-iEu|=1.110e-16 run_max_diff=0.000e+00 run_max_sum_err=0 steps=134500 E0_int=5048182530434780 sum=5048182530434780
# NETG t=2690.00 gates min=0.0001 mean=0.4493 edges=12
# LUMP t=2690.00 n=3 Emfree=9.51672 | m=3.96309 x=16.63 y=16.08 z=16.83 rg=2.11 | m=3.53903 x=18.69 y=13.32 z=18.84 rg=1.92 | m=0.762913 x=15.21 y=13.58 z=19.25 rg=0.00
# RAD t=2690.00 0.75:1.339e-06,0,1.0003,0.0002846 2.25:-4.738e-06,0,1.0002,0.002921 3.75:1.347e-05,0,1.0003,0.005273 5.25:4.136e-05,0,1.0002,0.03374 6.75:-6.246e-06,0,0.9979,2.062 8.25:-0.0002227,0,0.9987,2.194 9.75:-0.0001108,0,0.9979,4.374 11.25:-0.00018,0,1.0002,0.2595
2700.000	5037.62262	9.83696893	0	0.722941061	5048.18253043	-5.405e-16	17934	16.640	14.327	17.055	0.007	0.0000	0.8455	1.0124	0.8500	0.9947	1.64988	1.64927	0.0000	0.0000	0.0000	0.0059255	0.0043189	-0.0082749	0	0	0
# CONV t=2700.00 cond=0 evap=0 rough=0 back_s=0
# LEDGER t=2700.000 mode=3 sum_err=0 max|E-iEu|=1.110e-16 run_max_diff=0.000e+00 run_max_sum_err=0 steps=135000 E0_int=5048182530434780 sum=5048182530434780
# NETG t=2700.00 gates min=0.0000 mean=0.5228 edges=12
# LUMP t=2700.00 n=3 Emfree=9.83697 | m=4.17341 x=16.58 y=16.09 z=16.80 rg=2.08 | m=3.58067 x=18.68 y=13.30 z=18.86 rg=1.90 | m=0.762252 x=15.21 y=13.58 z=19.25 rg=0.00
# RAD t=2700.00 0.75:6.86e-07,0,1.0003,0.000389 2.25:-2.14e-06,0,1.0002,0.004276 3.75:9.088e-06,0,1.0002,0.007002 5.25:3.999e-05,0,1.0002,0.04093 6.75:-2.504e-05,0,0.9979,2.232 8.25:-7.506e-05,0,0.9987,2.271 9.75:-0.0001571,0,0.9979,4.422 11.25:-0.0002003,0,1.0002,0.2787
2710.000	5037.62262	9.41509291	0	1.14481708	5048.18253043	-5.405e-16	17934	16.702	14.288	17.095	0.005	0.0000	0.8455	1.0325	0.8500	0.9947	1.64989	1.64928	0.0000	0.0000	0.0000	-0.0048407	-0.0089391	-0.0035791	0	0	0
# CONV t=2710.00 cond=0 evap=0 rough=0 back_s=0
# LEDGER t=2710.000 mode=3 sum_err=0 max|E-iEu|=1.110e-16 run_max_diff=0.000e+00 run_max_sum_err=0 steps=135500 E0_int=5048182530434780 sum=5048182530434780
# NETG t=2710.00 gates min=0.0000 mean=0.3383 edges=12
# LUMP t=2710.00 n=3 Emfree=9.41509 | m=3.87022 x=16.64 y=16.09 z=16.84 rg=2.12 | m=3.55131 x=18.70 y=13.32 z=18.85 rg=1.91 | m=0.761689 x=15.21 y=13.58 z=19.25 rg=0.00
# RAD t=2710.00 0.75:2.716e-07,0,1.0003,0.0001666 2.25:-6.294e-07,0,1.0002,0.001498 3.75:9.359e-06,0,1.0002,0.003239 5.25:3.584e-05,0,1.0002,0.02822 6.75:-5.314e-05,0,0.9979,1.989 8.25:-0.0001428,0,0.9987,2.177 9.75:-0.0003102,0,0.9979,4.374 11.25:0.0001067,0,1.0002,0.2677
2720.000	5037.62262	9.79237436	0	0.767535629	5048.18253043	-5.405e-16	17934	16.668	14.277	17.048	0.006	0.0000	0.8455	1.0391	0.8500	0.9947	1.64991	1.64928	0.0000	0.0000	0.0000	0.0082927	-0.0042592	0.0021061	0	0	0
# CONV t=2720.00 cond=0 evap=0 rough=0 back_s=0
# LEDGER t=2720.000 mode=3 sum_err=0 max|E-iEu|=1.110e-16 run_max_diff=0.000e+00 run_max_sum_err=0 steps=136000 E0_int=5048182530434780 sum=5048182530434780
# NETG t=2720.00 gates min=0.0000 mean=0.3290 edges=12
# LUMP t=2720.00 n=3 Emfree=9.79237 | m=4.08195 x=16.59 y=16.09 z=16.81 rg=2.09 | m=3.63233 x=18.69 y=13.30 z=18.86 rg=1.89 | m=0.76107 x=15.21 y=13.58 z=19.25 rg=0.00
# RAD t=2720.00 0.75:3.666e-07,0,1.0003,0.0003009 2.25:3.498e-07,0,1.0002,0.002596 3.75:8.399e-06,0,1.0002,0.006051 5.25:3.607e-08,0,1.0002,0.03238 6.75:-4.157e-05,0,0.9979,2.179 8.25:-0.0002261,0,0.9987,2.227 9.75:-0.0001964,0,0.9979,4.464 11.25:-1.013e-05,0,1.0002,0.2947
2730.000	5037.62262	10.0358488	0	0.524061205	5048.18253043	-3.603e-16	17934	16.694	14.325	17.083	0.005	0.0000	0.8455	1.0389	0.8500	0.9947	1.64992	1.64928	0.0000	0.0000	0.0000	0.0015974	-0.017648	0.0012745	0	0	0
# CONV t=2730.00 cond=0 evap=0 rough=0 back_s=0
# LEDGER t=2730.000 mode=3 sum_err=0 max|E-iEu|=1.110e-16 run_max_diff=0.000e+00 run_max_sum_err=0 steps=136500 E0_int=5048182530434780 sum=5048182530434780
# NETG t=2730.00 gates min=0.0000 mean=0.3898 edges=12
# LUMP t=2730.00 n=3 Emfree=10.0358 | m=4.2976 x=16.55 y=16.10 z=16.78 rg=2.06 | m=3.7125 x=18.68 y=13.29 z=18.87 rg=1.88 | m=0.760588 x=15.21 y=13.58 z=19.25 rg=0.00
# RAD t=2730.00 0.75:4.033e-07,0,1.0003,0.0003693 2.25:1.289e-06,0,1.0002,0.001631 3.75:4.961e-06,0,1.0002,0.003973 5.25:-2.361e-05,0,1.0002,0.03199 6.75:-3.636e-05,0,0.9979,2.336 8.25:-0.0001354,0,0.9987,2.3 9.75:-8.136e-05,0,0.9979,4.52 11.25:-0.0002307,0,1.0002,0.3057
2740.000	5037.62262	9.63804232	0	0.921867674	5048.18253043	-3.603e-16	17934	16.695	14.267	17.042	0.005	0.0000	0.8455	1.0396	0.8500	0.9947	1.64992	1.64929	0.0000	0.0000	0.0000	0.0013586	-6.7721e-05	-0.0021711	0	0	0
# CONV t=2740.00 cond=0 evap=0 rough=0 back_s=0
# LEDGER t=2740.000 mode=3 sum_err=0 max|E-iEu|=1.110e-16 run_max_diff=0.000e+00 run_max_sum_err=0 steps=137000 E0_int=5048182530434780 sum=5048182530434780
# NETG t=2740.00 gates min=0.0000 mean=0.4012 edges=12
# LUMP t=2740.00 n=3 Emfree=9.63804 | m=3.98174 x=16.62 y=16.09 z=16.82 rg=2.11 | m=3.59976 x=18.69 y=13.30 z=18.86 rg=1.90 | m=0.760066 x=15.21 y=13.58 z=19.25 rg=0.00
# RAD t=2740.00 0.75:3.555e-07,0,1.0002,0.0003022 2.25:8.436e-07,0,1.0002,0.001207 3.75:4.313e-06,0,1.0002,0.003968 5.25:-2.631e-05,0,1.0002,0.02892 6.75:-7.891e-05,0,0.9979,2.104 8.25:-0.0001361,0,0.9987,2.242 9.75:0.0001205,0,0.9979,4.395 11.25:-0.0003698,0,1.0002,0.3278
2750.000	5037.62262	9.94628418	0	0.613625809	5048.18253043	-5.405e-16	17934	16.654	14.277	17.024	0.006	0.0000	0.8455	1.0308	0.8500	0.9947	1.64991	1.64929	0.0000	0.0000	0.0000	0.0034135	0.0015161	0.0087515	0	0	0
# CONV t=2750.00 cond=0 evap=0 rough=0 back_s=0
# LEDGER t=2750.000 mode=3 sum_err=0 max|E-iEu|=1.110e-16 run_max_diff=0.000e+00 run_max_sum_err=0 steps=137500 E0_int=5048182530434780 sum=5048182530434780
# NETG t=2750.00 gates min=0.0000 mean=0.3655 edges=12
# LUMP t=2750.00 n=3 Emfree=9.94628 | m=4.20138 x=16.57 y=16.09 z=16.80 rg=2.08 | m=3.62086 x=18.68 y=13.30 z=18.86 rg=1.90 | m=0.759383 x=15.21 y=13.58 z=19.25 rg=0.00
# RAD t=2750.00 0.75:2.809e-07,0,1.0002,0.0005056 2.25:7.488e-07,0,1.0002,0.001953 3.75:1.962e-06,0,1.0002,0.005009 5.25:-3.957e-05,0,1.0002,0.03613 6.75:-1.86e-05,0,0.9979,2.294 8.25:-0.0002288,0,0.9987,2.307 9.75:7.072e-05,0,0.9980,4.44 11.25:-0.0003347,0,1.0001,0.326
2760.000	5037.62262	9.46925778	0	1.09065221	5048.18253043	-3.603e-16	17934	16.704	14.249	17.037	0.005	0.0000	0.8455	1.0168	0.8500	0.9947	1.64992	1.64929	0.0000	0.0000	0.0000	-0.0097103	-0.015195	-0.00067919	0	0	0
# CONV t=2760.00 cond=0 evap=0 rough=0 back_s=0
# LEDGER t=2760.000 mode=3 sum_err=0 max|E-iEu|=1.110e-16 run_max_diff=0.000e+00 run_max_sum_err=0 steps=138000 E0_int=5048182530434780 sum=5048182530434780
# NETG t=2760.00 gates min=0.0000 mean=0.3864 edges=12
# LUMP t=2760.00 n=3 Emfree=9.46926 | m=3.88122 x=16.64 y=16.09 z=16.83 rg=2.11 | m=3.53814 x=18.70 y=13.32 z=18.84 rg=1.91 | m=0.758878 x=15.21 y=13.58 z=19.25 rg=0.00
# RAD t=2760.00 0.75:1.152e-07,0,1.0002,0.0002508 2.25:5.669e-07,0,1.0002,0.001009 3.75:-8.75e-07,0,1.0002,0.003873 5.25:-3.262e-05,0,1.0002,0.02502 6.75:-2.75e-05,0,0.9979,2.016 8.25:-7.673e-05,0,0.9987,2.234 9.75:0.0001606,0,0.9980,4.336 11.25:-0.0004517,0,1.0001,0.3176
2770.000	5037.62262	9.84736678	0	0.712543205	5048.18253043	-3.603e-16	17934	16.678	14.249	17.032	0.006	0.0000	0.8455	1.0278	0.8500	0.9947	1.64991	1.64929	0.0000	0.0000	0.0000	-0.0047239	-0.0019778	0.0016194	0	0	0
# CONV t=2770.00 cond=0 evap=0 rough=0 back_s=0
# LEDGER t=2770.000 mode=3 sum_err=0 max|E-iEu|=1.110e-16 run_max_diff=0.000e+00 run_max_sum_err=0 steps=138500 E0_int=5048182530434780 sum=5048182530434780
# NETG t=2770.00 gates min=0.0000 mean=0.3533 edges=12
# LUMP t=2770.00 n=3 Emfree=9.84737 | m=4.0963 x=16.58 y=16.10 z=16.80 rg=2.08 | m=3.62921 x=18.69 y=13.30 z=18.86 rg=1.89 | m=0.758256 x=15.21 y=13.58 z=19.25 rg=0.00
# RAD t=2770.00 0.75:1.354e-07,0,1.0002,0.000507 2.25:1.306e-07,0,1.0002,0.002112 3.75:-3.342e-06,0,1.0002,0.006411 5.25:-1.374e-05,0,1.0002,0.0319 6.75:-6.008e-05,0,0.9979,2.198 8.25:-0.0001139,0,0.9987,2.314 9.75:-0.0001456,0,0.9980,4.439 11.25:-5.295e-05,0,1.0001,0.3407
2780.000	5037.62262	9.30515989	0	1.25475009	5048.18253043	-3.603e-16	17935	16.722	14.233	17.077	0.005	0.0000	0.8455	1.0276	0.8500	0.9947	1.64991	1.64930	0.0000	0.0000	0.0000	-0.012219	-0.0068202	-0.0088773	0	0	0
# CONV t=2780.00 cond=0 evap=0 rough=0 back_s=0
# LEDGER t=2780.000 mode=3 sum_err=0 max|E-iEu|=1.110e-16 run_max_diff=0.000e+00 run_max_sum_err=0 steps=139000 E0_int=5048182530434780 sum=5048182530434780
# NETG t=2780.00 gates min=0.0000 mean=0.3726 edges=12
# LUMP t=2780.00 n=3 Emfree=9.30516 | m=3.77166 x=16.67 y=16.09 z=16.85 rg=2.13 | m=3.52723 x=18.70 y=13.31 z=18.85 rg=1.91 | m=0.757772 x=15.21 y=13.58 z=19.25 rg=0.00
# RAD t=2780.00 0.75:5.806e-08,0,1.0002,0.0001586 2.25:-6.705e-07,0,1.0002,0.0007941 3.75:-1.933e-06,0,1.0002,0.003102 5.25:5.261e-06,0,1.0002,0.02367 6.75:-5.963e-05,0,0.9979,1.918 8.25:-0.0002069,0,0.9987,2.222 9.75:-0.0001201,0,0.9980,4.351 11.25:-1.866e-05,0,1.0001,0.2857
2790.000	5037.62262	9.71833419	0	0.8415758	5048.18253043	-3.603e-16	17934	16.672	14.249	17.025	0.006	0.0000	0.8455	1.0226	0.8500	0.9947	1.64990	1.64930	0.0000	0.0000	0.0000	-0.0057077	-0.00098888	0.00045748	0	0	0
# CONV t=2790.00 cond=0 evap=0 rough=0 back_s=0
# LEDGER t=2790.000 mode=3 sum_err=0 max|E-iEu|=1.110e-16 run_max_diff=0.000e+00 run_max_sum_err=0 steps=139500 E0_int=5048182530434780 sum=5048182530434780
# NETG t=2790.00 gates min=0.0000 mean=0.3350 edges=12
# LUMP t=2790.00 n=3 Emfree=9.71833 | m=4.00592 x=16.61 y=16.09 z=16.82 rg=2.10 | m=3.60973 x=18.69 y=13.30 z=18.86 rg=1.89 | m=0.75732 x=15.21 y=13.58 z=19.25 rg=0.00
# RAD t=2790.00 0.75:-1.406e-07,0,1.0002,0.0003259 2.25:-1.651e-06,0,1.0002,0.002144 3.75:-4.969e-07,0,1.0002,0.007086 5.25:7.089e-06,0,1.0002,0.03247 6.75:-5.872e-05,0,0.9979,2.104 8.25:-0.0001303,0,0.9987,2.305 9.75:3.934e-05,0,0.9980,4.447 11.25:-3.393e-05,0,1.0002,0.3192
2800.000	5037.62262	10.0209331	0	0.538976936	5048.18253043	-3.603e-16	17934	16.676	14.290	17.066	0.006	0.0000	0.8455	1.0222	0.8500	0.9947	1.64989	1.64930	0.0000	0.0000	0.0000	-0.0029604	0.0047012	-0.0026808	0	0	0
# CONV t=2800.00 cond=0 evap=0 rough=0 back_s=0
# LEDGER t=2800.000 mode=3 sum_err=0 max|E-iEu|=1.110e-16 run_max_diff=0.000e+00 run_max_sum_err=0 steps=140000 E0_int=5048182530434780 sum=5048182530434780
# NETG t=2800.00 gates min=0.0000 mean=0.3257 edges=12
# LUMP t=2800.00 n=3 Emfree=10.0209 | m=4.24883 x=16.54 y=16.09 z=16.79 rg=2.07 | m=3.68658 x=18.68 y=13.29 z=18.87 rg=1.88 | m=0.756751 x=15.21 y=13.58 z=19.25 rg=0.00
# RAD t=2800.00 0.75:-4.103e-07,0,1.0002,0.0003676 2.25:-1.646e-06,0,1.0002,0.001825 3.75:1.048e-06,0,1.0002,0.007062 5.25:2.272e-05,0,1.0002,0.0362 6.75:-9.144e-05,0,0.9979,2.312 8.25:-0.000139,0,0.9986,2.335 9.75:-0.0001132,0,0.9980,4.512 11.25:0.0001396,0,1.0002,0.3146
2810.000	5037.62262	9.55545217	0	1.00445782	5048.18253043	-5.405e-16	17936	16.668	14.246	17.043	0.006	0.0000	0.8455	1.0114	0.8500	0.9947	1.64988	1.64930	0.0000	0.0000	0.0000	-0.011425	-0.0024532	-0.0015305	0	0	0
# CONV t=2810.00 cond=0 evap=0 rough=0 back_s=0
# LEDGER t=2810.000 mode=3 sum_err=0 max|E-iEu|=1.110e-16 run_max_diff=0.000e+00 run_max_sum_err=0 steps=140500 E0_int=5048182530434780 sum=5048182530434780
# NETG t=2810.00 gates min=0.0000 mean=0.4258 edges=12
# LUMP t=2810.00 n=3 Emfree=9.55545 | m=3.92462 x=16.62 y=16.09 z=16.83 rg=2.11 | m=3.55749 x=18.69 y=13.31 z=18.85 rg=1.90 | m=0.756074 x=15.21 y=13.58 z=19.25 rg=0.00
# RAD t=2810.00 0.75:-6.131e-07,0,1.0002,0.0002493 2.25:-1.254e-06,0,1.0002,0.002159 3.75:4.824e-06,0,1.0002,0.007685 5.25:2.444e-05,0,1.0002,0.03423 6.75:-3.564e-05,0,0.9979,2.037 8.25:-0.0002457,0,0.9987,2.253 9.75:-0.0001519,0,0.9979,4.4 11.25:0.0001411,0,1.0002,0.3198
2820.000	5037.62262	9.86266977	0	0.697240217	5048.18253043	-5.405e-16	17935	16.611	14.289	17.032	0.007	0.0000	0.8455	1.0017	0.8500	0.9947	1.64986	1.64930	0.0000	0.0000	0.0000	-0.016392	0.0021801	0.0067593	0	0	0
# CONV t=2820.00 cond=0 evap=0 rough=0 back_s=0
# LEDGER t=2820.000 mode=3 sum_err=0 max|E-iEu|=1.110e-16 run_max_diff=0.000e+00 run_max_sum_err=0 steps=141000 E0_int=5048182530434780 sum=5048182530434780
# NETG t=2820.00 gates min=0.0000 mean=0.3730 edges=12
# LUMP t=2820.00 n=3 Emfree=9.86267 | m=4.16222 x=16.55 y=16.09 z=16.80 rg=2.08 | m=3.56148 x=18.68 y=13.30 z=18.86 rg=1.90 | m=0.7553 x=15.21 y=13.58 z=19.25 rg=0.00
# RAD t=2820.00 0.75:-3.62e-07,0,1.0002,0.0005705 2.25:6.545e-07,0,1.0002,0.004241 3.75:2.286e-06,0,1.0002,0.009898 5.25:1.147e-05,0,1.0002,0.04318 6.75:-4.163e-05,0,0.9979,2.262 8.25:-5.272e-05,0,0.9987,2.306 9.75:-4.177e-05,0,0.9980,4.428 11.25:2.127e-06,0,1.0001,0.3326
2830.000	5037.62262	9.43323055	0	1.12667944	5048.18253043	-5.405e-16	17935	16.672	14.291	17.083	0.005	0.0000	0.8455	1.0156	0.8500	0.9947	1.64986	1.64929	0.0000	0.0000	0.0000	-0.0068058	-0.0081634	-0.00059959	0	0	0
# CONV t=2830.00 cond=0 evap=0 rough=0 back_s=0
# LEDGER t=2830.000 mode=3 sum_err=0 max|E-iEu|=1.110e-16 run_max_diff=0.000e+00 run_max_sum_err=0 steps=141500 E0_int=5048182530434780 sum=5048182530434780
# NETG t=2830.00 gates min=0.0000 mean=0.4110 edges=12
# LUMP t=2830.00 n=3 Emfree=9.43323 | m=3.8646 x=16.63 y=16.08 z=16.83 rg=2.12 | m=3.53498 x=18.70 y=13.32 z=18.85 rg=1.91 | m=0.754699 x=15.21 y=13.58 z=19.25 rg=0.00
# RAD t=2830.00 0.75:-8.721e-08,0,1.0002,0.0003502 2.25:6.112e-07,0,1.0002,0.002234 3.75:2.041e-06,0,1.0002,0.006478 5.25:4.653e-06,0,1.0002,0.02967 6.75:-6.029e-05,0,0.9979,1.999 8.25:-4.358e-05,0,0.9987,2.249 9.75:-0.0002561,0,0.9980,4.34 11.25:0.0003097,0,1.0001,0.3378
2840.000	5037.62262	9.80464084	0	0.755269148	5048.18253043	-5.405e-16	17936	16.615	14.272	17.067	0.006	0.0000	0.8455	1.0125	0.8500	0.9947	1.64985	1.64929	0.0000	0.0000	0.0000	-0.03506	-0.0013225	-0.0022961	0	0	0
# CONV t=2840.00 cond=0 evap=0 rough=0 back_s=0
# LEDGER t=2840.000 mode=3 sum_err=0 max|E-iEu|=1.110e-16 run_max_diff=0.000e+00 run_max_sum_err=0 steps=142000 E0_int=5048182530434780 sum=5048182530434780
# NETG t=2840.00 gates min=0.0000 mean=0.2642 edges=12
# LUMP t=2840.00 n=3 Emfree=9.80464 | m=4.07295 x=16.57 y=16.08 z=16.81 rg=2.09 | m=3.61476 x=18.69 y=13.31 z=18.85 rg=1.91 | m=0.754149 x=15.21 y=13.58 z=19.25 rg=0.00
# RAD t=2840.00 0.75:4.565e-07,0,1.0002,0.0005368 2.25:3.03e-07,0,1.0002,0.003839 3.75:1.525e-06,0,1.0002,0.01064 5.25:-1.19e-05,0,1.0002,0.03921 6.75:-2.305e-05,0,0.9979,2.226 8.25:-0.000134,0,0.9987,2.259 9.75:-0.0001874,0,0.9980,4.46 11.25:0.0001338,0,1.0001,0.3499
2850.000	5037.62262	10.0163019	0	0.543608092	5048.18253043	-5.405e-16	17936	16.618	14.339	17.119	0.005	0.0000	0.8455	1.0143	0.8500	0.9947	1.64984	1.64930	0.0000	0.0000	0.0000	-0.0081363	-0.0046787	-0.0019942	0	0	0
# CONV t=2850.00 cond=0 evap=0 rough=0 back_s=0
# LEDGER t=2850.000 mode=3 sum_err=0 max|E-iEu|=1.110e-16 run_max_diff=0.000e+00 run_max_sum_err=0 steps=142500 E0_int=5048182530434780 sum=5048182530434780
# NETG t=2850.00 gates min=0.0000 mean=0.2814 edges=12
# LUMP t=2850.00 n=3 Emfree=10.0163 | m=4.30585 x=16.49 y=16.08 z=16.79 rg=2.06 | m=3.69465 x=18.69 y=13.30 z=18.86 rg=1.90 | m=0.753364 x=15.21 y=13.58 z=19.25 rg=0.00
# RAD t=2850.00 0.75:2.514e-07,0,1.0002,0.0006793 2.25:3.944e-07,0,1.0002,0.0024 3.75:-5.606e-06,0,1.0002,0.005993 5.25:-3.631e-05,0,1.0002,0.03259 6.75:-5.68e-05,0,0.9979,2.428 8.25:0.0002058,0,0.9987,2.281 9.75:-7.666e-06,0,0.9980,4.509 11.25:-0.0002406,0,1.0001,0.2997
2860.000	5037.62262	9.68121706	0	0.878692933	5048.18253043	-3.603e-16	17936	16.591	14.312	17.054	0.007	0.0000	0.8455	1.0098	0.8500	0.9947	1.64982	1.64929	0.0000	0.0000	0.0000	0.0049467	0.015063	-0.021617	0	0	0
# CONV t=2860.00 cond=0 evap=0 rough=0 back_s=0
# LEDGER t=2860.000 mode=3 sum_err=0 max|E-iEu|=1.110e-16 run_max_diff=0.000e+00 run_max_sum_err=0 steps=143000 E0_int=5048182530434780 sum=5048182530434780
# NETG t=2860.00 gates min=0.0000 mean=0.3636 edges=12
# LUMP t=2860.00 n=3 Emfree=9.68122 | m=4.01635 x=16.58 y=16.08 z=16.82 rg=2.10 | m=3.55988 x=18.69 y=13.32 z=18.84 rg=1.92 | m=0.752633 x=15.21 y=13.58 z=19.25 rg=0.00
# RAD t=2860.00 0.75:-1.324e-07,0,1.0002,0.0004634 2.25:3.178e-07,0,1.0002,0.003775 3.75:-1.394e-05,0,1.0002,0.0106 5.25:-3.038e-05,0,1.0002,0.04179 6.75:-6.183e-05,0,0.9979,2.155 8.25:0.0003011,0,0.9987,2.287 9.75:-0.0001047,0,0.9980,4.353 11.25:-0.0001227,0,1.0001,0.3493
2870.000	5037.62262	9.94882142	0	0.61108857	5048.18253043	-3.603e-16	17936	16.570	14.297	17.061	0.009	0.0000	0.8455	0.99239	0.8500	0.9947	1.64982	1.64929	0.0000	0.0000	0.0000	0.0072256	-0.0022618	0.014451	0	0	0
# CONV t=2870.00 cond=0 evap=0 rough=0 back_s=0
# LEDGER t=2870.000 mode=3 sum_err=0 max|E-iEu|=1.110e-16 run_max_diff=0.000e+00 run_max_sum_err=0 steps=143500 E0_int=5048182530434780 sum=5048182530434780
# NETG t=2870.00 gates min=0.0000 mean=0.3760 edges=12
# LUMP t=2870.00 n=3 Emfree=9.94882 | m=4.13013 x=16.50 y=16.06 z=16.81 rg=2.08 | m=3.64876 x=18.70 y=13.31 z=18.85 rg=1.90 | m=0.751773 x=15.21 y=13.58 z=19.25 rg=0.00
# RAD t=2870.00 0.75:3.083e-07,0,1.0002,0.001013 2.25:-2.403e-07,0,1.0002,0.004591 3.75:-2.807e-05,0,1.0002,0.01886 5.25:-9.321e-06,0,1.0002,0.05333 6.75:3.331e-05,0,0.9979,2.367 8.25:9.226e-05,0,0.9987,2.182 9.75:-9.15e-05,0,0.9980,4.461 11.25:-0.0003831,0,1.0001,0.3695
2880.000	5037.62262	9.55604156	0	1.00386843	5048.18253043	-5.405e-16	17936	16.605	14.323	17.059	0.007	0.0000	0.8455	0.99462	0.8500	0.9947	1.64981	1.64929	0.0000	0.0000	0.0000	-0.010039	-0.0084078	-0.0052147	0	0	0
# CONV t=2880.00 cond=0 evap=0 rough=0 back_s=0
# LEDGER t=2880.000 mode=3 sum_err=0 max|E-iEu|=1.110e-16 run_max_diff=0.000e+00 run_max_sum_err=0 steps=144000 E0_int=5048182530434780 sum=5048182530434780
# NETG t=2880.00 gates min=0.0000 mean=0.3266 edges=12
# LUMP t=2880.00 n=3 Emfree=9.55604 | m=3.93661 x=16.59 y=16.09 z=16.82 rg=2.09 | m=3.54192 x=18.70 y=13.32 z=18.84 rg=1.92 | m=0.751147 x=15.21 y=13.58 z=19.25 rg=0.00
# RAD t=2880.00 0.75:-5.677e-08,0,1.0002,0.0002836 2.25:-2.729e-06,0,1.0003,0.00302 3.75:-3.346e-05,0,1.0002,0.01474 5.25:1.14e-05,0,1.0002,0.04323 6.75:7.068e-05,0,0.9979,2.076 8.25:-0.000152,0,0.9987,2.25 9.75:-0.0002441,0,0.9980,4.301 11.25:-0.0001334,0,1.0001,0.3744
2890.000	5037.62262	9.91099921	0	0.648910776	5048.18253043	-3.603e-16	17935	16.575	14.300	17.052	0.009	0.0000	0.8455	1.0172	0.8500	0.9947	1.64982	1.64929	0.0000	0.0000	0.0000	-0.00069	-0.0099816	0.0014269	0	0	0
# CONV t=2890.00 cond=0 evap=0 rough=0 back_s=0
# LEDGER t=2890.000 mode=3 sum_err=0 max|E-iEu|=1.110e-16 run_max_diff=0.000e+00 run_max_sum_err=0 steps=144500 E0_int=5048182530434780 sum=5048182530434780
# NETG t=2890.00 gates min=0.0000 mean=0.2568 edges=12
# LUMP t=2890.00 n=3 Emfree=9.911 | m=4.12919 x=16.53 y=16.08 z=16.80 rg=2.08 | m=3.61963 x=18.69 y=13.31 z=18.85 rg=1.91 | m=0.750488 x=15.21 y=13.58 z=19.25 rg=0.00
# RAD t=2890.00 0.75:-7.992e-07,0,1.0003,0.0005356 2.25:-1.528e-06,0,1.0003,0.004815 3.75:-2.796e-05,0,1.0002,0.01558 5.25:-8.487e-06,0,1.0002,0.05711 6.75:2.032e-05,0,0.9979,2.278 8.25:0.00043,0,0.9987,2.292 9.75:-0.000279,0,0.9980,4.392 11.25:-0.0001439,0,1.0001,0.3811
2900.000	5037.62262	9.41318893	0	1.14672106	5048.18253043	-3.603e-16	17934	16.623	14.326	17.085	0.008	0.0000	0.8455	1.0174	0.8500	0.9947	1.64983	1.64929	0.0000	0.0000	0.0000	0.0045119	0.0022473	-0.0048576	0	0	0
# CONV t=2900.00 cond=0 evap=0 rough=0 back_s=0
# LEDGER t=2900.000 mode=3 sum_err=0 max|E-iEu|=1.110e-16 run_max_diff=0.000e+00 run_max_sum_err=0 steps=145000 E0_int=5048182530434780 sum=5048182530434780
# NETG t=2900.00 gates min=0.0000 mean=0.2326 edges=12
# LUMP t=2900.00 n=3 Emfree=9.41319 | m=3.88544 x=16.61 y=16.09 z=16.82 rg=2.10 | m=3.49182 x=18.70 y=13.33 z=18.83 rg=1.93 | m=0.749534 x=15.21 y=13.58 z=19.25 rg=0.00
# RAD t=2900.00 0.75:-8.164e-07,0,1.0003,0.0002695 2.25:-4.516e-06,0,1.0003,0.002188 3.75:-1.962e-05,0,1.0003,0.008352 5.25:-2.168e-05,0,1.0002,0.04807 6.75:4.282e-05,0,0.9979,2.019 8.25:0.0002492,0,0.9987,2.257 9.75:-0.0001937,0,0.9980,4.242 11.25:-7.29e-05,0,1.0001,0.3706
2910.000	5037.62262	9.67811062	0	0.881799365	5048.18253043	-5.405e-16	17934	16.593	14.304	17.054	0.010	0.0000	0.8455	0.99988	0.8500	0.9947	1.64983	1.64929	0.0000	0.0000	0.0000	0.029447	0.0179	0.015176	0	0	0
# CONV t=2910.00 cond=0 evap=0 rough=0 back_s=0
# LEDGER t=2910.000 mode=3 sum_err=0 max|E-iEu|=1.110e-16 run_max_diff=0.000e+00 run_max_sum_err=0 steps=145500 E0_int=5048182530434780 sum=5048182530434780
# NETG t=2910.00 gates min=0.0006 mean=0.3748 edges=12
# LUMP t=2910.00 n=3 Emfree=9.67811 | m=3.97637 x=16.55 y=16.07 z=16.82 rg=2.10 | m=3.56378 x=18.70 y=13.32 z=18.84 rg=1.91 | m=0.748653 x=15.21 y=13.58 z=19.25 rg=0.00
# RAD t=2910.00 0.75:-5.498e-07,0,1.0003,0.0003986 2.25:-7.109e-06,0,1.0003,0.003993 3.75:-2.162e-05,0,1.0003,0.01561 5.25:-5.559e-06,0,1.0002,0.06366 6.75:9.087e-05,0,0.9979,2.188 8.25:-1.488e-05,0,0.9987,2.223 9.75:1.902e-05,0,0.9980,4.342 11.25:-0.0001269,0,1.0001,0.3736
2920.000	5037.62262	9.87828684	0	0.681623151	5048.18253043	-5.405e-16	17934	16.606	14.360	17.114	0.009	0.0000	0.8455	1.011	0.8500	0.9947	1.64984	1.64930	0.0000	0.0000	0.0000	-0.028099	-0.0050201	-0.0043015	0	0	0
# CONV t=2920.00 cond=0 evap=0 rough=0 back_s=0
# LEDGER t=2920.000 mode=3 sum_err=0 max|E-iEu|=1.108e-16 run_max_diff=0.000e+00 run_max_sum_err=0 steps=146000 E0_int=5048182530434780 sum=5048182530434780
# NETG t=2920.00 gates min=0.0000 mean=0.5777 edges=12
# LUMP t=2920.00 n=3 Emfree=9.87829 | m=4.14981 x=16.49 y=16.07 z=16.81 rg=2.07 | m=3.65468 x=18.69 y=13.29 z=18.87 rg=1.88 | m=0.747683 x=15.21 y=13.58 z=19.25 rg=0.00
# RAD t=2920.00 0.75:-1.545e-07,0,1.0003,0.0004469 2.25:-9.835e-06,0,1.0003,0.002261 3.75:-1.871e-05,0,1.0003,0.01163 5.25:2.225e-05,0,1.0002,0.05878 6.75:3.425e-05,0,0.9979,2.342 8.25:3e-05,0,0.9987,2.245 9.75:-3.679e-07,0,0.9980,4.414 11.25:-8.992e-05,0,1.0001,0.3526
2930.000	5037.62262	9.62497921	0	0.934930776	5048.18253043	-5.405e-16	17935	16.600	14.333	17.067	0.010	0.0000	0.8455	1.0173	0.8500	0.9947	1.64987	1.64930	0.0000	0.0000	0.0000	-0.024038	-0.0099882	-0.0058622	0	0	0
# CONV t=2930.00 cond=0 evap=0 rough=0 back_s=0
# LEDGER t=2930.000 mode=3 sum_err=0 max|E-iEu|=1.110e-16 run_max_diff=0.000e+00 run_max_sum_err=0 steps=146500 E0_int=5048182530434780 sum=5048182530434780
# NETG t=2930.00 gates min=0.0000 mean=0.3426 edges=12
# LUMP t=2930.00 n=3 Emfree=9.62498 | m=3.9739 x=16.58 y=16.08 z=16.82 rg=2.09 | m=3.53836 x=18.69 y=13.30 z=18.87 rg=1.88 | m=0.746953 x=15.21 y=13.58 z=19.25 rg=0.00
# RAD t=2930.00 0.75:-4.817e-07,0,1.0003,0.0002308 2.25:-1.061e-05,0,1.0003,0.002343 3.75:-1.537e-05,0,1.0003,0.01399 5.25:-1.942e-06,0,1.0002,0.0652 6.75:3.132e-05,0,0.9979,2.132 8.25:0.0001063,0,0.9987,2.267 9.75:1.601e-05,0,0.9980,4.333 11.25:-0.0001428,0,1.0001,0.3617
2940.000	5037.62262	9.98103918	0	0.578870811	5048.18253043	-3.603e-16	17935	16.551	14.349	17.065	0.011	0.0000	0.8455	1.0244	0.8500	0.9947	1.64985	1.64930	0.0000	0.0000	0.0000	0.010681	0.013802	-0.00015741	0	0	0
# CONV t=2940.00 cond=0 evap=0 rough=0 back_s=0
# LEDGER t=2940.000 mode=3 sum_err=0 max|E-iEu|=1.110e-16 run_max_diff=0.000e+00 run_max_sum_err=0 steps=147000 E0_int=5048182530434780 sum=5048182530434780
# NETG t=2940.00 gates min=0.0000 mean=0.1896 edges=12
# LUMP t=2940.00 n=3 Emfree=9.98104 | m=4.16665 x=16.50 y=16.07 z=16.80 rg=2.07 | m=3.62619 x=18.69 y=13.28 z=18.88 rg=1.86 | m=0.746216 x=15.21 y=13.58 z=19.25 rg=0.00
# RAD t=2940.00 0.75:-1.062e-06,0,1.0003,0.0004595 2.25:-8.737e-06,0,1.0003,0.003952 3.75:-1.685e-05,0,1.0003,0.01369 5.25:-6.396e-06,0,1.0002,0.07515 6.75:5.975e-05,0,0.9979,2.343 8.25:-4.205e-06,0,0.9987,2.284 9.75:-9.847e-05,0,0.9980,4.444 11.25:7.64e-05,0,1.0001,0.3611
2950.000	5037.62262	9.49464323	0	1.06526676	5048.18253043	-5.405e-16	17935	16.601	14.366	17.085	0.011	0.0000	0.8455	1.0336	0.8500	0.9947	1.64985	1.64930	0.0000	0.0000	0.0000	-0.010108	-0.0083233	0.0016305	0	0	0
# CONV t=2950.00 cond=0 evap=0 rough=0 back_s=0
# LEDGER t=2950.000 mode=3 sum_err=0 max|E-iEu|=1.110e-16 run_max_diff=0.000e+00 run_max_sum_err=0 steps=147500 E0_int=5048182530434780 sum=5048182530434780
# NETG t=2950.00 gates min=0.0000 mean=0.2712 edges=12
# LUMP t=2950.00 n=3 Emfree=9.49464 | m=3.91912 x=16.58 y=16.08 z=16.82 rg=2.10 | m=3.50232 x=18.69 y=13.30 z=18.87 rg=1.89 | m=0.74518 x=15.21 y=13.58 z=19.25 rg=0.00
# RAD t=2950.00 0.75:-1.261e-06,0,1.0003,0.00015 2.25:-6.369e-06,0,1.0003,0.002347 3.75:-2.2e-05,0,1.0003,0.01369 5.25:-2.966e-05,0,1.0002,0.06269 6.75:8.667e-05,0,0.9979,2.08 8.25:8.17e-05,0,0.9987,2.249 9.75:-0.0001276,0,0.9980,4.297 11.25:0.0001741,0,1.0001,0.3299
2960.000	5037.62262	9.76964312	0	0.790266865	5048.18253043	-3.603e-16	17935	16.545	14.355	17.046	0.012	0.0000	0.8455	1.0218	0.8500	0.9947	1.64984	1.64929	0.0000	0.0000	0.0000	0.0046642	-0.011666	0.031705	0	0	0
# CONV t=2960.00 cond=0 evap=0 rough=0 back_s=0
# LEDGER t=2960.000 mode=3 sum_err=0 max|E-iEu|=1.110e-16 run_max_diff=0.000e+00 run_max_sum_err=0 steps=148000 E0_int=5048182530434780 sum=5048182530434780
# NETG t=2960.00 gates min=0.0000 mean=0.4122 edges=12
# LUMP t=2960.00 n=3 Emfree=9.76964 | m=4.06761 x=16.52 y=16.07 z=16.81 rg=2.09 | m=3.52378 x=18.69 y=13.30 z=18.86 rg=1.89 | m=0.744268 x=15.21 y=13.58 z=19.25 rg=0.00
# RAD t=2960.00 0.75:-1.403e-06,0,1.0003,0.000472 2.25:-6.425e-06,0,1.0003,0.003532 3.75:-2.874e-05,0,1.0003,0.02011 5.25:-2.298e-06,0,1.0002,0.07151 6.75:0.0001119,0,0.9979,2.285 8.25:-6.603e-05,0,0.9987,2.219 9.75:0.0001401,0,0.9980,4.36 11.25:-9.04e-05,0,1.0001,0.3395
2970.000	5037.62262	9.30427709	0	1.2556329	5048.18253043	-5.405e-16	17935	16.576	14.395	17.083	0.011	0.0000	0.8455	1.0179	0.8500	0.9947	1.64982	1.64929	0.0000	0.0000	0.0000	0.021174	0.03468	-0.043587	0	0	0
# CONV t=2970.00 cond=0 evap=0 rough=0 back_s=0
# LEDGER t=2970.000 mode=3 sum_err=0 max|E-iEu|=1.110e-16 run_max_diff=0.000e+00 run_max_sum_err=0 steps=148500 E0_int=5048182530434780 sum=5048182530434780
# NETG t=2970.00 gates min=0.0000 mean=0.3354 edges=12
# LUMP t=2970.00 n=3 Emfree=9.30428 | m=3.86788 x=16.60 y=16.08 z=16.83 rg=2.11 | m=3.38873 x=18.69 y=13.31 z=18.86 rg=1.90 | m=0.743342 x=15.21 y=13.58 z=19.25 rg=0.00
# RAD t=2970.00 0.75:-1.179e-06,0,1.0003,0.0001028 2.25:-4.745e-06,0,1.0003,0.00295 3.75:-2.949e-05,0,1.0003,0.01381 5.25:3.467e-05,0,1.0002,0.05745 6.75:5.794e-05,0,0.9979,2.035 8.25:0.0001533,0,0.9987,2.229 9.75:-6.604e-05,0,0.9980,4.186 11.25:-8.335e-05,0,1.0001,0.3263
2980.000	5037.62262	9.72432656	0	0.835583431	5048.18253043	-3.603e-16	17935	16.533	14.368	17.021	0.012	0.0000	0.8455	1.0369	0.8500	0.9947	1.64982	1.64928	0.0000	0.0000	0.0000	-0.0078826	-0.015713	0.010818	0	0	0
# CONV t=2980.00 cond=0 evap=0 rough=0 back_s=0
# LEDGER t=2980.000 mode=3 sum_err=0 max|E-iEu|=1.110e-16 run_max_diff=0.000e+00 run_max_sum_err=0 steps=149000 E0_int=5048182530434780 sum=5048182530434780
# NETG t=2980.00 gates min=0.0000 mean=0.4535 edges=12
# LUMP t=2980.00 n=3 Emfree=9.72433 | m=4.0418 x=16.54 y=16.07 z=16.81 rg=2.09 | m=3.49221 x=18.69 y=13.30 z=18.86 rg=1.89 | m=0.742514 x=15.21 y=13.58 z=19.25 rg=0.00
# RAD t=2980.00 0.75:-1.303e-06,0,1.0003,0.0001676 2.25:-3.395e-06,0,1.0003,0.003104 3.75:-1.896e-05,0,1.0003,0.01765 5.25:2.127e-05,0,1.0002,0.06717 6.75:4.188e-05,0,0.9979,2.231 8.25:0.0003039,0,0.9987,2.246 9.75:-0.0002617,0,0.9980,4.328 11.25:0.0001455,0,1.0001,0.3732
2990.000	5037.62262	9.95645436	0	0.603455624	5048.18253043	-5.405e-16	17935	16.543	14.361	17.094	0.011	0.0000	0.8455	1.0636	0.8500	0.9947	1.64980	1.64928	0.0000	0.0000	0.0000	-0.0015205	-0.0018418	-0.008001	0	0	0
# CONV t=2990.00 cond=0 evap=0 rough=0 back_s=0
# LEDGER t=2990.000 mode=3 sum_err=0 max|E-iEu|=1.110e-16 run_max_diff=0.000e+00 run_max_sum_err=0 steps=149500 E0_int=5048182530434780 sum=5048182530434780
# NETG t=2990.00 gates min=0.0000 mean=0.3590 edges=12
# LUMP t=2990.00 n=3 Emfree=9.95645 | m=4.17325 x=16.48 y=16.06 z=16.81 rg=2.08 | m=3.61649 x=18.68 y=13.27 z=18.89 rg=1.86 | m=0.741796 x=15.21 y=13.58 z=19.25 rg=0.00
# RAD t=2990.00 0.75:-8.43e-07,0,1.0003,0.0001419 2.25:-3.365e-06,0,1.0003,0.003556 3.75:-8.983e-06,0,1.0003,0.01712 5.25:5.662e-06,0,1.0002,0.0636 6.75:8.75e-05,0,0.9978,2.415 8.25:0.0001139,0,0.9987,2.174 9.75:-0.0003738,0,0.9980,4.48 11.25:0.0002681,0,1.0001,0.3658
3000.000	5037.62262	9.62948239	0	0.930427596	5048.18253043	-3.603e-16	17935	16.537	14.327	17.065	0.011	0.0000	0.8455	1.0848	0.8500	0.9947	1.64978	1.64929	0.0000	0.0000	0.0000	-0.0073828	-0.012939	0.0060748	0	0	0
# CONV t=3000.00 cond=0 evap=0 rough=0 back_s=0
# LEDGER t=3000.000 mode=3 sum_err=0 max|E-iEu|=1.110e-16 run_max_diff=0.000e+00 run_max_sum_err=0 steps=150000 E0_int=5048182530434780 sum=5048182530434780
# NETG t=3000.00 gates min=0.0000 mean=0.2584 edges=12
# LUMP t=3000.00 n=3 Emfree=9.62948 | m=3.94691 x=16.55 y=16.07 z=16.82 rg=2.09 | m=3.51734 x=18.69 y=13.29 z=18.88 rg=1.87 | m=0.74101 x=15.21 y=13.58 z=19.25 rg=0.00
# RAD t=3000.00 0.75:-7.002e-07,0,1.0003,0.0001302 2.25:-5.857e-06,0,1.0003,0.003307 3.75:1.164e-05,0,1.0003,0.01591 5.25:-1.056e-05,0,1.0002,0.05915 6.75:9.707e-05,0,0.9978,2.16 8.25:9.414e-05,0,0.9987,2.227 9.75:-0.000302,0,0.9980,4.346 11.25:0.0003392,0,1.0001,0.3603
3010.000	5037.62262	9.91629297	0	0.643617019	5048.18253043	-5.405e-16	17935	16.486	14.291	17.064	0.013	0.0000	0.8455	1.0829	0.8500	0.9947	1.64983	1.64929	0.0000	0.0000	0.0000	-0.051185	-0.024278	-0.0033863	0	0	0
# CONV t=3010.00 cond=0 evap=0 rough=0 back_s=0
# LEDGER t=3010.000 mode=3 sum_err=0 max|E-iEu|=1.110e-16 run_max_diff=0.000e+00 run_max_sum_err=0 steps=150500 E0_int=5048182530434780 sum=5048182530434780
# NETG t=3010.00 gates min=0.0000 mean=0.3342 edges=12
# LUMP t=3010.00 n=3 Emfree=9.91629 | m=4.06263 x=16.52 y=16.07 z=16.82 rg=2.08 | m=3.59505 x=18.68 y=13.27 z=18.89 rg=1.86 | m=0.739812 x=15.21 y=13.58 z=19.25 rg=0.00
# RAD t=3010.00 0.75:4.865e-07,0,1.0003,0.0003939 2.25:-8.013e-06,0,1.0003,0.004623 3.75:1.8e-05,0,1.0003,0.0185 5.25:2.896e-05,0,1.0002,0.07067 6.75:6.362e-05,0,0.9978,2.277 8.25:2.266e-05,0,0.9987,2.272 9.75:-1.212e-05,0,0.9980,4.416 11.25:-6.41e-05,0,1.0001,0.3958
3020.000	5037.62262	9.48205017	0	1.07785981	5048.18253043	-5.405e-16	17935	16.519	14.319	17.085	0.010	0.0000	0.8455	1.077	0.8500	0.9947	1.64983	1.64929	0.0000	0.0000	0.0000	-0.0081424	-0.004515	-0.0095489	0	0	0
# CONV t=3020.00 cond=0 evap=0 rough=0 back_s=0
# LEDGER t=3020.000 mode=3 sum_err=0 max|E-iEu|=1.110e-16 run_max_diff=0.000e+00 run_max_sum_err=0 steps=151000 E0_int=5048182530434780 sum=5048182530434780
# NETG t=3020.00 gates min=0.0000 mean=0.3778 edges=12
# LUMP t=3020.00 n=3 Emfree=9.48205 | m=3.89309 x=16.57 y=16.07 z=16.83 rg=2.10 | m=3.47006 x=18.69 y=13.29 z=18.87 rg=1.88 | m=0.738829 x=15.21 y=13.58 z=19.25 rg=0.00
# RAD t=3020.00 0.75:4.543e-07,0,1.0003,6.233e-05 2.25:-5.702e-06,0,1.0003,0.002428 3.75:1.847e-05,0,1.0003,0.01407 5.25:3.892e-05,0,1.0002,0.0547 6.75:1.509e-05,0,0.9978,2.118 8.25:-6.302e-05,0,0.9987,2.201 9.75:-3.205e-05,0,0.9980,4.269 11.25:-0.0001835,0,1.0001,0.3789
3030.000	5037.62262	9.85286133	0	0.707048655	5048.18253043	-3.603e-16	17935	16.487	14.294	17.048	0.011	0.0000	0.8455	1.0732	0.8500	0.9947	1.64982	1.64928	0.0000	0.0000	0.0000	-0.0049601	0.0025986	-0.0055062	0	0	0
# CONV t=3030.00 cond=0 evap=0 rough=0 back_s=0
# LEDGER t=3030.000 mode=3 sum_err=0 max|E-iEu|=1.110e-16 run_max_diff=0.000e+00 run_max_sum_err=0 steps=151500 E0_int=5048182530434780 sum=5048182530434780
# NETG t=3030.00 gates min=0.0000 mean=0.4172 edges=12
# LUMP t=3030.00 n=3 Emfree=9.85286 | m=4.07682 x=16.51 y=16.07 z=16.81 rg=2.08 | m=3.55305 x=18.68 y=13.28 z=18.89 rg=1.86 | m=0.737859 x=15.21 y=13.58 z=19.25 rg=0.00
# RAD t=3030.00 0.75:-2.476e-08,0,1.0003,0.0003192 2.25:-4.64e-06,0,1.0003,0.005404 3.75:2.158e-05,0,1.0003,0.02055 5.25:1.102e-05,0,1.0002,0.06632 6.75:-2.968e-05,0,0.9978,2.3 8.25:0.0001187,0,0.9987,2.252 9.75:-0.0001846,0,0.9980,4.358 11.25:-0.0001218,0,1.0001,0.4064
3040.000	5037.62262	9.94921927	0	0.610690717	5048.18253043	-5.405e-16	17935	16.521	14.363	17.118	0.008	0.0000	0.8455	1.0559	0.8500	0.9947	1.64978	1.64928	0.0000	0.0000	0.0000	0.0033577	0.0034504	-0.0081595	0	0	0
# CONV t=3040.00 cond=0 evap=0 rough=0 back_s=0
# LEDGER t=3040.000 mode=3 sum_err=0 max|E-iEu|=1.110e-16 run_max_diff=0.000e+00 run_max_sum_err=0 steps=152000 E0_int=5048182530434780 sum=5048182530434780
# NETG t=3040.00 gates min=0.0000 mean=0.4095 edges=12
# LUMP t=3040.00 n=3 Emfree=9.94922 | m=4.2237 x=16.46 y=16.06 z=16.80 rg=2.07 | m=3.62085 x=18.67 y=13.26 z=18.90 rg=1.86 | m=0.73705 x=15.21 y=13.58 z=19.25 rg=0.00
# RAD t=3040.00 0.75:-6.964e-07,0,1.0003,2.439e-05 2.25:-2.607e-06,0,1.0003,0.00349 3.75:2.374e-05,0,1.0003,0.01516 5.25:1.361e-05,0,1.0002,0.05158 6.75:-8.994e-05,0,0.9978,2.437 8.25:0.0001481,0,0.9987,2.207 9.75:-0.0001673,0,0.9980,4.408 11.25:-3.777e-05,0,1.0001,0.3862
3050.000	5037.62262	9.70821075	0	0.851699241	5048.18253043	-5.405e-16	17935	16.474	14.319	17.038	0.010	0.0000	0.8455	1.0128	0.8500	0.9947	1.64978	1.64928	0.0000	0.0000	0.0000	-0.0092033	-0.012101	0.00014185	0	0	0
# CONV t=3050.00 cond=0 evap=0 rough=0 back_s=0
# LEDGER t=3050.000 mode=3 sum_err=0 max|E-iEu|=1.110e-16 run_max_diff=0.000e+00 run_max_sum_err=0 steps=152500 E0_int=5048182530434780 sum=5048182530434780
# NETG t=3050.00 gates min=0.0000 mean=0.3692 edges=12
# LUMP t=3050.00 n=3 Emfree=9.70821 | m=4.01316 x=16.53 y=16.07 z=16.82 rg=2.09 | m=3.4821 x=18.70 y=13.31 z=18.85 rg=1.90 | m=0.73628 x=15.21 y=13.58 z=19.25 rg=0.00
# RAD t=3050.00 0.75:-8.435e-07,0,1.0003,0.0001966 2.25:-5.772e-07,0,1.0003,0.005396 3.75:3.041e-05,0,1.0003,0.02237 5.25:-2.07e-05,0,1.0002,0.05669 6.75:5.582e-05,0,0.9978,2.247 8.25:-2.638e-05,0,0.9987,2.217 9.75:7.436e-05,0,0.9980,4.285 11.25:-0.0003392,0,1.0001,0.4163
3060.000	5037.62262	9.99102284	0	0.568887144	5048.18253043	-3.603e-16	17935	16.453	14.327	17.059	0.011	0.0000	0.8455	0.99923	0.8500	0.9947	1.64976	1.64927	0.0000	0.0000	0.0000	-0.0084975	-0.0025066	0.010614	0	0	0
# CONV t=3060.00 cond=0 evap=0 rough=0 back_s=0
# LEDGER t=3060.000 mode=3 sum_err=0 max|E-iEu|=1.110e-16 run_max_diff=0.000e+00 run_max_sum_err=0 steps=153000 E0_int=5048182530434780 sum=5048182530434780
# NETG t=3060.00 gates min=0.0000 mean=0.2728 edges=12
# LUMP t=3060.00 n=3 Emfree=9.99102 | m=4.17102 x=16.47 y=16.06 z=16.80 rg=2.07 | m=3.55464 x=18.68 y=13.28 z=18.88 rg=1.87 | m=0.73533 x=15.21 y=13.58 z=19.25 rg=0.00
# RAD t=3060.00 0.75:-7.729e-07,0,1.0003,0.0001056 2.25:2.199e-06,0,1.0003,0.007471 3.75:3.141e-05,0,1.0003,0.02797 5.25:-4.282e-05,0,1.0002,0.06034 6.75:0.0001096,0,0.9978,2.423 8.25:0.0002935,0,0.9987,2.228 9.75:-0.0001046,0,0.9980,4.332 11.25:-0.0001781,0,1.0001,0.4576
3070.000	5037.62262	9.60849757	0	0.95141242	5048.18253043	-5.405e-16	17935	16.482	14.314	17.078	0.010	0.0000	0.8455	1.0098	0.8500	0.9947	1.64971	1.64928	0.0000	0.0000	0.0000	-0.0076125	-0.014406	0.0013972	0	0	0
# CONV t=3070.00 cond=0 evap=0 rough=0 back_s=0
# LEDGER t=3070.000 mode=3 sum_err=0 max|E-iEu|=1.110e-16 run_max_diff=0.000e+00 run_max_sum_err=0 steps=153500 E0_int=5048182530434780 sum=5048182530434780
# NETG t=3070.00 gates min=0.0000 mean=0.4047 edges=12
# LUMP t=3070.00 n=3 Emfree=9.6085 | m=3.9341 x=16.54 y=16.07 z=16.82 rg=2.09 | m=3.4832 x=18.69 y=13.29 z=18.88 rg=1.88 | m=0.734115 x=15.21 y=13.58 z=19.25 rg=0.00
# RAD t=3070.00 0.75:-1.083e-06,0,1.0003,0.0001278 2.25:1.319e-05,0,1.0003,0.007469 3.75:1.336e-05,0,1.0002,0.01878 5.25:-3.837e-05,0,1.0002,0.05566 6.75:9.76e-05,0,0.9978,2.165 8.25:0.0001389,0,0.9987,2.202 9.75:-0.0002546,0,0.9980,4.235 11.25:7.693e-05,0,1.0001,0.4837
3080.000	5037.62262	9.93784595	0	0.622064043	5048.18253043	-5.405e-16	17935	16.439	14.266	17.058	0.012	0.0000	0.8455	1.0132	0.8500	0.9947	1.64957	1.64927	0.0000	0.0000	0.0000	-0.012172	-0.0019912	-0.00063709	0	0	0
# CONV t=3080.00 cond=0 evap=0 rough=0 back_s=0
# LEDGER t=3080.000 mode=3 sum_err=0 max|E-iEu|=1.110e-16 run_max_diff=0.000e+00 run_max_sum_err=0 steps=154000 E0_int=5048182530434780 sum=5048182530434780
# NETG t=3080.00 gates min=0.0000 mean=0.2467 edges=12
# LUMP t=3080.00 n=3 Emfree=9.93785 | m=4.08671 x=16.50 y=16.06 z=16.81 rg=2.08 | m=3.56426 x=18.68 y=13.27 z=18.89 rg=1.86 | m=0.733274 x=15.21 y=13.58 z=19.25 rg=0.00
# RAD t=3080.00 0.75:-3.987e-06,0,1.0003,0.0001618 2.25:3.658e-05,0,1.0003,0.01329 3.75:-1.062e-06,0,1.0003,0.02119 5.25:-1.624e-05,0,1.0002,0.06932 6.75:0.0001016,0,0.9978,2.337 8.25:-0.0001896,0,0.9987,2.217 9.75:-7.734e-05,0,0.9980,4.349 11.25:-0.0002019,0,1.0001,0.5146
3090.000	5037.62262	9.48330516	0	1.07660483	5048.18253043	-3.603e-16	17935	16.473	14.302	17.076	0.009	0.0000	0.8455	1.0258	0.8500	0.9947	1.64957	1.64927	0.0000	0.0000	0.0000	0.0011581	0.0052916	-0.0011158	0	0	0
# CONV t=3090.00 cond=0 evap=0 rough=0 back_s=0
# LEDGER t=3090.000 mode=3 sum_err=0 max|E-iEu|=1.110e-16 run_max_diff=0.000e+00 run_max_sum_err=0 steps=154500 E0_int=5048182530434780 sum=5048182530434780
# NETG t=3090.00 gates min=0.0000 mean=0.2669 edges=12
# LUMP t=3090.00 n=3 Emfree=9.48331 | m=3.87206 x=16.57 y=16.07 z=16.83 rg=2.10 | m=3.44729 x=18.69 y=13.29 z=18.87 rg=1.88 | m=0.73252 x=15.21 y=13.58 z=19.25 rg=0.00
# RAD t=3090.00 0.75:-1.655e-06,0,1.0003,0.0001959 2.25:2.862e-05,0,1.0002,0.01085 3.75:2.631e-05,0,1.0003,0.0135 5.25:4.348e-07,0,1.0002,0.04509 6.75:6.701e-05,0,0.9978,2.085 8.25:4.517e-05,0,0.9987,2.199 9.75:-0.0001709,0,0.9980,4.252 11.25:5.441e-05,0,1.0001,0.4656
3100.000	5037.62262	9.81268223	0	0.747227761	5048.18253043	-5.405e-16	17935	16.423	14.255	17.036	0.010	0.0000	0.8455	1.0211	0.8500	0.9947	1.64957	1.64928	0.0000	0.0000	0.0000	-0.0034949	0.0054389	-0.012166	0	0	0
# CONV t=3100.00 cond=0 evap=0 rough=0 back_s=0
# LEDGER t=3100.000 mode=3 sum_err=0 max|E-iEu|=1.110e-16 run_max_diff=0.000e+00 run_max_sum_err=0 steps=155000 E0_int=5048182530434780 sum=5048182530434780
# NETG t=3100.00 gates min=0.0000 mean=0.4626 edges=12
# LUMP t=3100.00 n=3 Emfree=9.81268 | m=3.99776 x=16.52 y=16.06 z=16.82 rg=2.09 | m=3.52891 x=18.68 y=13.28 z=18.88 rg=1.87 | m=0.731792 x=15.21 y=13.58 z=19.25 rg=0.00
# RAD t=3100.00 0.75:-1.427e-08,0,1.0003,8.387e-05 2.25:1.306e-05,0,1.0002,0.01136 3.75:4.512e-05,0,1.0003,0.02113 5.25:1.476e-05,0,1.0002,0.05193 6.75:3.803e-05,0,0.9978,2.254 8.25:-8.702e-05,0,0.9987,2.2 9.75:-3.875e-05,0,0.9980,4.36 11.25:0.0001493,0,1.0001,0.4531
3110.000	5037.62262	9.9592017	0	0.600708294	5048.18253043	-3.603e-16	17935	16.409	14.315	17.082	0.008	0.0000	0.8455	1.0178	0.8500	0.9947	1.64970	1.64928	0.0000	0.0000	0.0000	-0.010511	-0.0044933	0.0025179	0	0	0
# CONV t=3110.00 cond=0 evap=0 rough=0 back_s=0
# LEDGER t=3110.000 mode=3 sum_err=0 max|E-iEu|=1.110e-16 run_max_diff=0.000e+00 run_max_sum_err=0 steps=155500 E0_int=5048182530434780 sum=5048182530434780
# NETG t=3110.00 gates min=0.0000 mean=0.3010 edges=12
# LUMP t=3110.00 n=3 Emfree=9.9592 | m=4.18239 x=16.45 y=16.06 z=16.80 rg=2.06 | m=3.57617 x=18.68 y=13.27 z=18.89 rg=1.86 | m=0.730991 x=15.21 y=13.58 z=19.25 rg=0.00
# RAD t=3110.00 0.75:2.538e-06,0,1.0003,7.296e-05 2.25:9.118e-07,0,1.0002,0.006813 3.75:3.575e-05,0,1.0002,0.01663 5.25:2.359e-06,0,1.0002,0.04197 6.75:4.103e-05,0,0.9978,2.439 8.25:-0.0001269,0,0.9987,2.219 9.75:0.0002505,0,0.9980,4.368 11.25:-0.0001024,0,1.0001,0.3973
3120.000	5037.62262	9.6160491	0	0.943860884	5048.18253043	-3.603e-16	17935	16.387	14.276	17.031	0.009	0.0000	0.8455	1.0034	0.8500	0.9947	1.64977	1.64928	0.0000	0.0000	0.0000	0.018253	0.026692	-0.039022	0	0	0
# CONV t=3120.00 cond=0 evap=0 rough=0 back_s=0
# LEDGER t=3120.000 mode=3 sum_err=0 max|E-iEu|=1.110e-16 run_max_diff=0.000e+00 run_max_sum_err=0 steps=156000 E0_int=5048182530434780 sum=5048182530434780
# NETG t=3120.00 gates min=0.0000 mean=0.3395 edges=12
# LUMP t=3120.00 n=3 Emfree=9.61605 | m=3.95109 x=16.53 y=16.07 z=16.82 rg=2.09 | m=3.42944 x=18.68 y=13.29 z=18.87 rg=1.89 | m=0.730072 x=15.21 y=13.58 z=19.25 rg=0.00
# RAD t=3120.00 0.75:6.139e-06,0,1.0003,8.05e-05 2.25:-2.005e-05,0,1.0002,0.00612 3.75:2.169e-05,0,1.0002,0.01992 5.25:7.554e-07,0,1.0002,0.04504 6.75:-1.723e-05,0,0.9978,2.2 8.25:0.0001786,0,0.9987,2.247 9.75:0.0003695,0,0.9980,4.253 11.25:-0.0004311,0,1.0001,0.3415
3130.000	5037.62262	9.93401919	0	0.625890803	5048.18253043	-3.603e-16	17935	16.368	14.273	17.043	0.010	0.0000	0.8455	1.0031	0.8500	0.9947	1.64978	1.64929	0.0000	0.0000	0.0000	-0.010896	-0.01273	0.014534	0	0	0
# CONV t=3130.00 cond=0 evap=0 rough=0 back_s=0
# LEDGER t=3130.000 mode=3 sum_err=0 max|E-iEu|=1.110e-16 run_max_diff=0.000e+00 run_max_sum_err=0 steps=156500 E0_int=5048182530434780 sum=5048182530434780
# NETG t=3130.00 gates min=0.0000 mean=0.5039 edges=12
# LUMP t=3130.00 n=3 Emfree=9.93402 | m=4.08194 x=16.48 y=16.06 z=16.82 rg=2.08 | m=3.54544 x=18.68 y=13.27 z=18.89 rg=1.86 | m=0.728774 x=15.21 y=13.58 z=19.25 rg=0.00
# RAD t=3130.00 0.75:1.863e-06,0,1.0003,0.0004076 2.25:-8.219e-06,0,1.0002,0.007015 3.75:5.891e-06,0,1.0002,0.02074 5.25:-1.473e-05,0,1.0002,0.05432 6.75:-4.921e-05,0,0.9978,2.387 8.25:5.194e-05,0,0.9987,2.219 9.75:0.0001345,0,0.9980,4.384 11.25:-0.0002841,0,1.0001,0.3084
3140.000	5037.62262	9.58496251	0	0.974947484	5048.18253043	-3.603e-16	17935	16.415	14.287	17.053	0.009	0.0000	0.8455	1.0053	0.8500	0.9947	1.64976	1.64929	0.0000	0.0000	0.0000	-0.0080756	-0.0063338	-0.0051703	0	0	0
# CONV t=3140.00 cond=0 evap=0 rough=0 back_s=0
# LEDGER t=3140.000 mode=3 sum_err=0 max|E-iEu|=1.110e-16 run_max_diff=0.000e+00 run_max_sum_err=0 steps=157000 E0_int=5048182530434780 sum=5048182530434780
# NETG t=3140.00 gates min=0.0000 mean=0.3111 edges=12
# LUMP t=3140.00 n=3 Emfree=9.58496 | m=3.91311 x=16.53 y=16.07 z=16.82 rg=2.09 | m=3.46868 x=18.69 y=13.28 z=18.88 rg=1.87 | m=0.727799 x=15.21 y=13.58 z=19.25 rg=0.00
# RAD t=3140.00 0.75:8.225e-07,0,1.0003,0.0001099 2.25:-9.034e-06,0,1.0003,0.004508 3.75:-1.13e-06,0,1.0002,0.0176 5.25:-2.098e-05,0,1.0002,0.0423 6.75:-3.887e-05,0,0.9978,2.182 8.25:6.743e-05,0,0.9987,2.231 9.75:0.000147,0,0.9980,4.251 11.25:-0.0002069,0,1.0001,0.2937
3150.000	5037.62262	9.89484953	0	0.665060456	5048.18253043	-5.405e-16	17934	16.398	14.271	17.031	0.013	0.0000	0.8455	0.99859	0.8500	0.9947	1.64972	1.64929	0.0000	0.0000	0.0000	0.0040673	-0.0020341	-0.00056342	0	0	0
# CONV t=3150.00 cond=0 evap=0 rough=0 back_s=0
# LEDGER t=3150.000 mode=3 sum_err=0 max|E-iEu|=1.110e-16 run_max_diff=0.000e+00 run_max_sum_err=0 steps=157500 E0_int=5048182530434780 sum=5048182530434780
# NETG t=3150.00 gates min=0.0000 mean=0.2416 edges=12
# LUMP t=3150.00 n=3 Emfree=9.89485 | m=4.05565 x=16.49 y=16.06 z=16.81 rg=2.08 | m=3.53603 x=18.68 y=13.27 z=18.89 rg=1.85 | m=0.726812 x=15.21 y=13.58 z=19.25 rg=0.00
# RAD t=3150.00 0.75:-6.763e-07,0,1.0003,0.000418 2.25:-7.398e-06,0,1.0003,0.009229 3.75:-1.189e-05,0,1.0002,0.02581 5.25:1.508e-06,0,1.0002,0.06892 6.75:-7.65e-05,0,0.9978,2.33 8.25:0.0001615,0,0.9987,2.236 9.75:0.0002383,0,0.9980,4.325 11.25:-0.000322,0,1.0001,0.3323
3160.000	5037.62262	9.3509374	0	1.20897259	5048.18253043	-5.405e-16	17934	16.470	14.322	17.064	0.012	0.0000	0.8455	0.99917	0.8500	0.9947	1.64964	1.64929	0.0000	0.0000	0.0000	-0.021586	-0.010339	-0.0061414	0	0	0
# CONV t=3160.00 cond=0 evap=0 rough=0 back_s=0
# LEDGER t=3160.000 mode=3 sum_err=0 max|E-iEu|=1.110e-16 run_max_diff=0.000e+00 run_max_sum_err=0 steps=158000 E0_int=5048182530434780 sum=5048182530434780
# NETG t=3160.00 gates min=0.0000 mean=0.4423 edges=12
# LUMP t=3160.00 n=3 Emfree=9.35094 | m=3.76373 x=16.59 y=16.07 z=16.84 rg=2.12 | m=3.42753 x=18.68 y=13.29 z=18.88 rg=1.87 | m=0.725966 x=15.21 y=13.58 z=19.25 rg=0.00
# RAD t=3160.00 0.75:-2.189e-06,0,1.0003,5.977e-05 2.25:-2.816e-06,0,1.0003,0.006503 3.75:-9.659e-06,0,1.0003,0.01865 5.25:1.159e-05,0,1.0002,0.05909 6.75:2.633e-05,0,0.9978,2.014 8.25:-3.225e-05,0,0.9987,2.197 9.75:0.0001064,0,0.9980,4.196 11.25:-0.0002376,0,1.0001,0.3105
3170.000	5037.62262	9.72130146	0	0.838608525	5048.18253043	-3.603e-16	17935	16.404	14.288	17.023	0.015	0.0000	0.8455	1.0029	0.8500	0.9947	1.64964	1.64930	0.0000	0.0000	0.0000	0.017881	0.011801	-0.0040771	0	0	0
# CONV t=3170.00 cond=0 evap=0 rough=0 back_s=0
# LEDGER t=3170.000 mode=3 sum_err=0 max|E-iEu|=1.110e-16 run_max_diff=0.000e+00 run_max_sum_err=0 steps=158500 E0_int=5048182530434780 sum=5048182530434780
# NETG t=3170.00 gates min=0.0000 mean=0.3026 edges=12
# LUMP t=3170.00 n=3 Emfree=9.7213 | m=3.93097 x=16.52 y=16.06 z=16.82 rg=2.09 | m=3.50033 x=18.68 y=13.27 z=18.89 rg=1.86 | m=0.725112 x=15.21 y=13.58 z=19.25 rg=0.00
# RAD t=3170.00 0.75:-2.209e-06,0,1.0003,0.000213 2.25:-1.908e-06,0,1.0003,0.01178 3.75:9.063e-06,0,1.0003,0.02522 5.25:-2.757e-06,0,1.0002,0.0693 6.75:4.382e-05,0,0.9978,2.243 8.25:6.715e-05,0,0.9987,2.208 9.75:0.0001151,0,0.9980,4.259 11.25:-0.0003905,0,1.0001,0.3255
3180.000	5037.62262	9.91134	0	0.648569992	5048.18253043	-5.405e-16	17935	16.414	14.294	17.056	0.013	0.0000	0.8455	1.0068	0.8500	0.9947	1.64958	1.64930	0.0000	0.0000	0.0000	0.0075629	-0.0050572	-0.0057383	0	0	0
# CONV t=3180.00 cond=0 evap=0 rough=0 back_s=0
# LEDGER t=3180.000 mode=3 sum_err=0 max|E-iEu|=1.110e-16 run_max_diff=0.000e+00 run_max_sum_err=0 steps=159000 E0_int=5048182530434780 sum=5048182530434780
# NETG t=3180.00 gates min=0.0000 mean=0.3813 edges=12
# LUMP t=3180.00 n=3 Emfree=9.91134 | m=4.12487 x=16.46 y=16.06 z=16.81 rg=2.07 | m=3.51802 x=18.67 y=13.27 z=18.89 rg=1.86 | m=0.724202 x=15.21 y=13.58 z=19.25 rg=0.00
# RAD t=3180.00 0.75:-1.747e-06,0,1.0003,0.0001339 2.25:-2.929e-06,0,1.0002,0.01105 3.75:2.593e-05,0,1.0003,0.02736 5.25:1.66e-05,0,1.0002,0.068 6.75:3.011e-05,0,0.9978,2.435 8.25:1.528e-05,0,0.9987,2.21 9.75:0.0001697,0,0.9980,4.279 11.25:-0.0003096,0,1.0001,0.3438
3190.000	5037.62262	9.60744594	0	0.952464053	5048.18253043	-5.405e-16	17934	16.431	14.276	17.038	0.013	0.0000	0.8455	0.98068	0.8500	0.9947	1.64959	1.64929	0.0000	0.0000	0.0000	-0.0088679	-0.012005	0.0027314	0	0	0
# CONV t=3190.00 cond=0 evap=0 rough=0 back_s=0
# LEDGER t=3190.000 mode=3 sum_err=0 max|E-iEu|=1.110e-16 run_max_diff=0.000e+00 run_max_sum_err=0 steps=159500 E0_int=5048182530434780 sum=5048182530434780
# NETG t=3190.00 gates min=0.0000 mean=0.3869 edges=12
# LUMP t=3190.00 n=3 Emfree=9.60745 | m=3.89922 x=16.53 y=16.06 z=16.83 rg=2.10 | m=3.45082 x=18.70 y=13.30 z=18.87 rg=1.88 | m=0.722843 x=15.21 y=13.58 z=19.25 rg=0.00
# RAD t=3190.00 0.75:-1.438e-06,0,1.0003,0.0004357 2.25:-3.639e-06,0,1.0002,0.01275 3.75:3.186e-05,0,1.0002,0.02549 5.25:2.54e-05,0,1.0002,0.06615 6.75:4.531e-05,0,0.9978,2.2 8.25:0.0001587,0,0.9987,2.206 9.75:6.078e-05,0,0.9980,4.179 11.25:-0.0001825,0,1.0001,0.3945
3200.000	5037.62262	9.91675224	0	0.643157752	5048.18253043	-3.603e-16	17934	16.413	14.264	17.032	0.015	0.0000	0.8455	0.99305	0.8500	0.9947	1.64956	1.64928	0.0000	0.0000	0.0000	0.0035789	-0.0073026	0.01045	0	0	0
# CONV t=3200.00 cond=0 evap=0 rough=0 back_s=0
# LEDGER t=3200.000 mode=3 sum_err=0 max|E-iEu|=1.110e-16 run_max_diff=0.000e+00 run_max_sum_err=0 steps=160000 E0_int=5048182530434780 sum=5048182530434780
# NETG t=3200.00 gates min=0.0000 mean=0.2582 edges=12
# LUMP t=3200.00 n=3 Emfree=9.91675 | m=4.06193 x=16.47 y=16.06 z=16.81 rg=2.08 | m=3.51722 x=18.68 y=13.27 z=18.89 rg=1.86 | m=0.721817 x=15.21 y=13.58 z=19.25 rg=0.00
# RAD t=3200.00 0.75:-2.837e-07,0,1.0003,0.0007123 2.25:-5.128e-06,0,1.0002,0.01505 3.75:3.527e-05,0,1.0002,0.03653 5.25:4.531e-06,0,1.0002,0.07052 6.75:4.222e-05,0,0.9978,2.377 8.25:0.0004484,0,0.9987,2.225 9.75:-0.0003626,0,0.9980,4.261 11.25:0.0001923,0,1.0001,0.4094
3210.000	5037.62262	9.43739351	0	1.12251648	5048.18253043	-3.603e-16	17934	16.477	14.266	17.075	0.014	0.0000	0.8455	1.0195	0.8500	0.9947	1.64960	1.64929	0.0000	0.0000	0.0000	0.0039846	-0.0025312	-0.0048027	0	0	0
# CONV t=3210.00 cond=0 evap=0 rough=0 back_s=0
# LEDGER t=3210.000 mode=3 sum_err=0 max|E-iEu|=1.110e-16 run_max_diff=0.000e+00 run_max_sum_err=0 steps=160500 E0_int=5048182530434780 sum=5048182530434780
# NETG t=3210.00 gates min=0.0000 mean=0.2980 edges=12
# LUMP t=3210.00 n=3 Emfree=9.43739 | m=3.79477 x=16.55 y=16.06 z=16.83 rg=2.11 | m=3.43796 x=18.69 y=13.28 z=18.88 rg=1.87 | m=0.720813 x=15.21 y=13.58 z=19.25 rg=0.00
# RAD t=3210.00 0.75:-1.242e-07,0,1.0003,0.0004378 2.25:-5.242e-06,0,1.0002,0.01349 3.75:4.223e-05,0,1.0002,0.02609 5.25:2.922e-06,0,1.0002,0.05819 6.75:7.064e-05,0,0.9978,2.098 8.25:0.0001036,0,0.9987,2.157 9.75:-0.0003451,0,0.9980,4.193 11.25:0.0002565,0,1.0001,0.3825
3220.000	5037.62262	9.81575682	0	0.744153174	5048.18253043	-5.405e-16	17934	16.421	14.233	17.039	0.016	0.0000	0.8455	1.0374	0.8500	0.9947	1.64957	1.64929	0.0000	0.0000	0.0000	0.0013562	-0.0026424	0.0025603	0	0	0
# CONV t=3220.00 cond=0 evap=0 rough=0 back_s=0
# LEDGER t=3220.000 mode=3 sum_err=0 max|E-iEu|=1.110e-16 run_max_diff=0.000e+00 run_max_sum_err=0 steps=161000 E0_int=5048182530434780 sum=5048182530434780
# NETG t=3220.00 gates min=0.0000 mean=0.2500 edges=12
# LUMP t=3220.00 n=3 Emfree=9.81576 | m=3.98847 x=16.49 y=16.06 z=16.82 rg=2.09 | m=3.50717 x=18.68 y=13.27 z=18.89 rg=1.86 | m=0.7199 x=15.21 y=13.58 z=19.25 rg=0.00
# RAD t=3220.00 0.75:-2.782e-07,0,1.0003,0.0003827 2.25:-3.283e-06,0,1.0002,0.01672 3.75:3.674e-05,0,1.0002,0.03717 5.25:2.928e-05,0,1.0002,0.07014 6.75:0.0001489,0,0.9978,2.29 8.25:-0.0001442,0,0.9987,2.21 9.75:-8.763e-05,0,0.9980,4.298 11.25:0.0001866,0,1.0001,0.3494
3230.000	5037.62262	9.89617008	0	0.663739906	5048.18253043	-5.405e-16	17933	16.452	14.293	17.103	0.013	0.0000	0.8455	1.0415	0.8500	0.9947	1.64961	1.64929	0.0000	0.0000	0.0000	-0.028373	-0.013792	-0.014222	0	0	0
# CONV t=3230.00 cond=0 evap=0 rough=0 back_s=0
# LEDGER t=3230.000 mode=3 sum_err=0 max|E-iEu|=1.110e-16 run_max_diff=0.000e+00 run_max_sum_err=0 steps=161500 E0_int=5048182530434780 sum=5048182530434780
# NETG t=3230.00 gates min=0.0000 mean=0.4044 edges=12
# LUMP t=3230.00 n=3 Emfree=9.89617 | m=4.11686 x=16.45 y=16.05 z=16.82 rg=2.07 | m=3.58387 x=18.67 y=13.26 z=18.90 rg=1.84 | m=0.719031 x=15.21 y=13.58 z=19.25 rg=0.00
# RAD t=3230.00 0.75:-2.651e-07,0,1.0003,0.0003479 2.25:-1.119e-06,0,1.0002,0.0143 3.75:3.484e-05,0,1.0002,0.0244 5.25:6.814e-05,0,1.0002,0.05457 6.75:6.924e-05,0,0.9978,2.392 8.25:2.433e-05,0,0.9987,2.201 9.75:4.443e-05,0,0.9980,4.338 11.25:-2.807e-05,0,1.0001,0.3772
3240.000	5037.62262	9.67725182	0	0.882658165	5048.18253043	-3.603e-16	17933	16.405	14.235	17.024	0.016	0.0000	0.8455	1.0398	0.8500	0.9947	1.64959	1.64928	0.0000	0.0000	0.0000	-0.00059938	0.00064214	-0.012214	0	0	0
# CONV t=3240.00 cond=0 evap=0 rough=0 back_s=0
# LEDGER t=3240.000 mode=3 sum_err=0 max|E-iEu|=1.110e-16 run_max_diff=0.000e+00 run_max_sum_err=0 steps=162000 E0_int=5048182530434780 sum=5048182530434780
# NETG t=3240.00 gates min=0.0000 mean=0.4537 edges=12
# LUMP t=3240.00 n=3 Emfree=9.67725 | m=3.8859 x=16.51 y=16.06 z=16.83 rg=2.10 | m=3.464 x=18.68 y=13.27 z=18.89 rg=1.86 | m=0.718124 x=15.21 y=13.58 z=19.25 rg=0.00
# RAD t=3240.00 0.75:7.471e-07,0,1.0003,0.0003872 2.25:-2.228e-06,0,1.0002,0.01749 3.75:3.567e-05,0,1.0002,0.0331 5.25:9.941e-05,0,1.0002,0.06195 6.75:-9.916e-07,0,0.9978,2.209 8.25:-1.012e-05,0,0.9987,2.181 9.75:-8.518e-05,0,0.9980,4.223 11.25:-0.0001283,0,1.0001,0.4241
3250.000	5037.62262	9.96623745	0	0.593672539	5048.18253043	-3.603e-16	17934	16.376	14.249	17.014	0.015	0.0000	0.8455	1.0434	0.8500	0.9947	1.64968	1.64927	0.0000	0.0000	0.0000	0.010328	0.0067913	-0.013531	0	0	0
# CONV t=3250.00 cond=0 evap=0 rough=0 back_s=0
# LEDGER t=3250.000 mode=3 sum_err=0 max|E-iEu|=1.110e-16 run_max_diff=0.000e+00 run_max_sum_err=0 steps=162500 E0_int=5048182530434780 sum=5048182530434780
# NETG t=3250.00 gates min=0.0000 mean=0.4174 edges=12
# LUMP t=3250.00 n=3 Emfree=9.96624 | m=4.0852 x=16.46 y=16.05 z=16.81 rg=2.07 | m=3.51402 x=18.68 y=13.28 z=18.88 rg=1.87 | m=0.716827 x=15.21 y=13.58 z=19.25 rg=0.00
# RAD t=3250.00 0.75:3.768e-07,0,1.0003,0.0003605 2.25:3.864e-06,0,1.0002,0.01882 3.75:2.981e-05,0,1.0002,0.03274 5.25:7.608e-05,0,1.0002,0.06668 6.75:-1.479e-05,0,0.9978,2.403 8.25:0.0001787,0,0.9987,2.202 9.75:5.795e-05,0,0.9980,4.276 11.25:-0.0002271,0,1.0001,0.4034
3260.000	5037.62262	9.5516218	0	1.00828819	5048.18253043	-3.603e-16	17935	16.408	14.237	17.009	0.014	0.0000	0.8455	1.0512	0.8500	0.9947	1.64966	1.64926	0.0000	0.0000	0.0000	-0.0038705	-0.018113	-0.00063054	0	0	0
# CONV t=3260.00 cond=0 evap=0 rough=0 back_s=0
# LEDGER t=3260.000 mode=3 sum_err=0 max|E-iEu|=1.110e-16 run_max_diff=0.000e+00 run_max_sum_err=0 steps=163000 E0_int=5048182530434780 sum=5048182530434780
# NETG t=3260.00 gates min=0.0000 mean=0.3911 edges=12
# LUMP t=3260.00 n=3 Emfree=9.55162 | m=3.8283 x=16.54 y=16.06 z=16.83 rg=2.11 | m=3.41629 x=18.69 y=13.29 z=18.87 rg=1.89 | m=0.715674 x=15.21 y=13.58 z=19.25 rg=0.00
# RAD t=3260.00 0.75:1.342e-06,0,1.0003,0.000287 2.25:5.995e-06,0,1.0002,0.01693 3.75:2.755e-05,0,1.0002,0.02685 5.25:6.509e-05,0,1.0002,0.05519 6.75:1.007e-05,0,0.9978,2.146 8.25:0.0002309,0,0.9987,2.166 9.75:-0.0001926,0,0.9981,4.165 11.25:-9.456e-05,0,1.0001,0.4439
3270.000	5037.62262	9.88473295	0	0.675177039	5048.18253043	-5.405e-16	17935	16.390	14.232	16.989	0.014	0.0000	0.8455	1.044	0.8500	0.9947	1.64971	1.64926	0.0000	0.0000	0.0000	0.00039844	0.0040009	0.001398	0	0	0
# CONV t=3270.00 cond=0 evap=0 rough=0 back_s=0
# LEDGER t=3270.000 mode=3 sum_err=0 max|E-iEu|=1.110e-16 run_max_diff=0.000e+00 run_max_sum_err=0 steps=163500 E0_int=5048182530434780 sum=5048182530434780
# NETG t=3270.00 gates min=0.0000 mean=0.2945 edges=12
# LUMP t=3270.00 n=3 Emfree=9.88473 | m=4.00573 x=16.47 y=16.05 z=16.82 rg=2.08 | m=3.49622 x=18.68 y=13.27 z=18.90 rg=1.85 | m=0.71472 x=15.21 y=13.58 z=19.25 rg=0.00
# RAD t=3270.00 0.75:1.586e-06,0,1.0003,0.0007814 2.25:1.195e-05,0,1.0002,0.02021 3.75:2.921e-05,0,1.0002,0.02675 5.25:5.867e-05,0,1.0002,0.06676 6.75:0.0001404,0,0.9978,2.341 8.25:-0.0001141,0,0.9987,2.177 9.75:-0.0003433,0,0.9981,4.264 11.25:1.639e-05,0,1.0001,0.4563
3280.000	5037.62262	9.43530474	0	1.12460525	5048.18253043	-5.405e-16	17935	16.446	14.243	16.993	0.011	0.0000	0.8455	1.0481	0.8500	0.9947	1.64967	1.64926	0.0000	0.0000	0.0000	-0.0061066	-0.0087097	-0.013946	0	0	0
# CONV t=3280.00 cond=0 evap=0 rough=0 back_s=0
# LEDGER t=3280.000 mode=3 sum_err=0 max|E-iEu|=1.110e-16 run_max_diff=0.000e+00 run_max_sum_err=0 steps=164000 E0_int=5048182530434780 sum=5048182530434780
# NETG t=3280.00 gates min=0.0000 mean=0.2235 edges=12
# LUMP t=3280.00 n=3 Emfree=9.4353 | m=3.77478 x=16.56 y=16.06 z=16.84 rg=2.11 | m=3.40089 x=18.69 y=13.28 z=18.88 rg=1.86 | m=0.713817 x=15.21 y=13.58 z=19.25 rg=0.00
# RAD t=3280.00 0.75:2.223e-06,0,1.0003,0.0003871 2.25:1.757e-05,0,1.0002,0.01681 3.75:1.746e-05,0,1.0002,0.01874 5.25:7.586e-05,0,1.0002,0.04952 6.75:0.0001146,0,0.9978,2.082 8.25:-6.529e-05,0,0.9987,2.149 9.75:-0.0003019,0,0.9981,4.154 11.25:0.0003116,0,1.0001,0.418
3290.000	5037.62262	9.76035868	0	0.79955131	5048.18253043	-3.603e-16	17934	16.417	14.221	16.959	0.012	0.0000	0.8455	1.0492	0.8500	0.9947	1.64970	1.64926	0.0000	0.0000	0.0000	0.0064105	0.0011909	-0.014539	0	0	0
# CONV t=3290.00 cond=0 evap=0 rough=0 back_s=0
# LEDGER t=3290.000 mode=3 sum_err=0 max|E-iEu|=1.110e-16 run_max_diff=0.000e+00 run_max_sum_err=0 steps=164500 E0_int=5048182530434780 sum=5048182530434780
# NETG t=3290.00 gates min=0.0000 mean=0.3871 edges=12
# LUMP t=3290.00 n=3 Emfree=9.76036 | m=3.91691 x=16.51 y=16.05 z=16.83 rg=2.10 | m=3.47847 x=18.68 y=13.27 z=18.90 rg=1.85 | m=0.712925 x=15.21 y=13.58 z=19.25 rg=0.00
# RAD t=3290.00 0.75:2.362e-06,0,1.0003,0.000806 2.25:1.848e-05,0,1.0002,0.02077 3.75:1.664e-05,0,1.0002,0.01966 5.25:8.101e-05,0,1.0002,0.05864 6.75:4.917e-05,0,0.9978,2.241 8.25:-6.465e-05,0,0.9987,2.158 9.75:-0.0002459,0,0.9980,4.28 11.25:0.0003165,0,1.0001,0.4311
3300.000	5037.62262	9.8985407	0	0.661369284	5048.18253043	-3.603e-16	17934	16.448	14.243	17.024	0.009	0.0000	0.8455	1.0268	0.8500	0.9947	1.64971	1.64927	0.0000	0.0000	0.0000	0.024166	-0.011166	-0.013782	0	0	0
# CONV t=3300.00 cond=0 evap=0 rough=0 back_s=0
# LEDGER t=3300.000 mode=3 sum_err=0 max|E-iEu|=1.110e-16 run_max_diff=0.000e+00 run_max_sum_err=0 steps=165000 E0_int=5048182530434780 sum=5048182530434780
# NETG t=3300.00 gates min=0.0000 mean=0.3188 edges=12
# LUMP t=3300.00 n=3 Emfree=9.89854 | m=4.08216 x=16.44 y=16.05 z=16.81 rg=2.07 | m=3.54222 x=18.68 y=13.26 z=18.90 rg=1.84 | m=0.712047 x=15.21 y=13.58 z=19.25 rg=0.00
# RAD t=3300.00 0.75:2.785e-06,0,1.0003,0.0001966 2.25:1.778e-05,0,1.0002,0.01635 3.75:1.961e-05,0,1.0002,0.01496 5.25:6.489e-05,0,1.0002,0.04563 6.75:2.525e-05,0,0.9978,2.367 8.25:-0.0001819,0,0.9987,2.173 9.75:9.625e-05,0,0.9980,4.33 11.25:-0.0001886,0,1.0001,0.4014
3310.000	5037.62262	9.55705051	0	1.00285948	5048.18253043	-5.405e-16	17934	16.428	14.188	16.936	0.011	0.0000	0.8455	1.0073	0.8500	0.9947	1.64972	1.64927	0.0000	0.0000	0.0000	-0.0051884	-0.015101	-0.018741	0	0	0
# CONV t=3310.00 cond=0 evap=0 rough=0 back_s=0
# LEDGER t=3310.000 mode=3 sum_err=0 max|E-iEu|=1.110e-16 run_max_diff=0.000e+00 run_max_sum_err=0 steps=165500 E0_int=5048182530434780 sum=5048182530434780
# NETG t=3310.00 gates min=0.0000 mean=0.3282 edges=12
# LUMP t=3310.00 n=3 Emfree=9.55705 | m=3.85795 x=16.52 y=16.06 z=16.83 rg=2.10 | m=3.38077 x=18.69 y=13.29 z=18.87 rg=1.87 | m=0.710911 x=15.21 y=13.58 z=19.25 rg=0.00
# RAD t=3310.00 0.75:2.45e-06,0,1.0003,0.0004765 2.25:1.26e-05,0,1.0001,0.0191 3.75:2.241e-05,0,1.0002,0.0173 5.25:4.562e-05,0,1.0002,0.0494 6.75:2.63e-05,0,0.9978,2.137 8.25:-9.095e-05,0,0.9987,2.207 9.75:0.0004292,0,0.9981,4.129 11.25:-0.0006103,0,1.0001,0.3956
3320.000	5037.62262	9.80871349	0	0.751196496	5048.18253043	-3.603e-16	17935	16.397	14.163	16.894	0.012	0.0000	0.8455	0.99278	0.8500	0.9947	1.64974	1.64926	0.0000	0.0000	0.0000	0.013108	-0.021526	0.0024341	0	0	0
# CONV t=3320.00 cond=0 evap=0 rough=0 back_s=0
# LEDGER t=3320.000 mode=3 sum_err=0 max|E-iEu|=1.110e-16 run_max_diff=0.000e+00 run_max_sum_err=0 steps=166000 E0_int=5048182530434780 sum=5048182530434780
# NETG t=3320.00 gates min=0.0000 mean=0.4284 edges=12
# LUMP t=3320.00 n=3 Emfree=9.80871 | m=4.01011 x=16.47 y=16.05 z=16.82 rg=2.09 | m=3.3936 x=18.67 y=13.27 z=18.89 rg=1.86 | m=0.7096 x=15.21 y=13.58 z=19.25 rg=0.00
# RAD t=3320.00 0.75:1.998e-06,0,1.0003,0.0006848 2.25:1.017e-05,0,1.0001,0.02038 3.75:2.283e-05,0,1.0002,0.02514 5.25:3.45e-05,0,1.0002,0.05308 6.75:2.03e-05,0,0.9979,2.306 8.25:-3.129e-05,0,0.9987,2.2 9.75:2.148e-05,0,0.9981,4.136 11.25:-0.0004631,0,1.0001,0.428
3330.000	5037.62262	9.4190383	0	1.14087169	5048.18253043	-3.603e-16	17936	16.454	14.083	16.897	0.011	0.0000	0.8455	1.0056	0.8500	0.9947	1.64974	1.64925	0.0000	0.0000	0.0000	-0.0018708	-0.015234	-0.021976	0	0	0
# CONV t=3330.00 cond=0 evap=0 rough=0 back_s=0
# LEDGER t=3330.000 mode=3 sum_err=0 max|E-iEu|=1.110e-16 run_max_diff=0.000e+00 run_max_sum_err=0 steps=166500 E0_int=5048182530434780 sum=5048182530434780
# NETG t=3330.00 gates min=0.0000 mean=0.2968 edges=12
# LUMP t=3330.00 n=3 Emfree=9.41904 | m=3.73308 x=16.56 y=16.06 z=16.84 rg=2.11 | m=3.38727 x=18.69 y=13.28 z=18.89 rg=1.86 | m=0.708626 x=15.21 y=13.58 z=19.25 rg=0.00
# RAD t=3330.00 0.75:1.66e-06,0,1.0003,0.0002985 2.25:6.541e-06,0,1.0001,0.02083 3.75:2.977e-05,0,1.0002,0.01628 5.25:5.236e-05,0,1.0002,0.04453 6.75:-2.822e-05,0,0.9979,2.005 8.25:5.649e-05,0,0.9987,2.183 9.75:-0.0004492,0,0.9981,4.099 11.25:8.196e-06,0,1.0001,0.4758
3340.000	5037.62262	9.80298095	0	0.756929042	5048.18253043	-3.603e-16	17936	16.453	14.056	16.834	0.013	0.0000	0.8455	1.0119	0.8500	0.9947	1.64970	1.64926	0.0000	0.0000	0.0000	0.0093913	-0.010322	-0.011784	0	0	0
# CONV t=3340.00 cond=0 evap=0 rough=0 back_s=0
# LEDGER t=3340.000 mode=3 sum_err=0 max|E-iEu|=1.110e-16 run_max_diff=0.000e+00 run_max_sum_err=0 steps=167000 E0_int=5048182530434780 sum=5048182530434780
# NETG t=3340.00 gates min=0.0000 mean=0.3135 edges=12
# LUMP t=3340.00 n=3 Emfree=9.80298 | m=3.91872 x=16.49 y=16.05 z=16.82 rg=2.09 | m=3.48709 x=18.68 y=13.26 z=18.90 rg=1.84 | m=0.707617 x=15.21 y=13.58 z=19.25 rg=0.00
# RAD t=3340.00 0.75:1.084e-06,0,1.0003,0.0005405 2.25:4.939e-06,0,1.0001,0.02626 3.75:4.385e-05,0,1.0002,0.02554 5.25:4.856e-05,0,1.0002,0.0529 6.75:-2.537e-05,0,0.9979,2.208 8.25:-0.000172,0,0.9987,2.217 9.75:-0.000371,0,0.9981,4.234 11.25:3.267e-05,0,1.0001,0.4395
3350.000	5037.62262	9.27422637	0	1.28568362	5048.18253043	-5.405e-16	17936	16.502	14.029	16.861	0.010	0.0000	0.8455	0.99775	0.8500	0.9947	1.64973	1.64926	0.0000	0.0000	0.0000	-0.011773	-0.014624	-0.02433	0	0	0
# CONV t=3350.00 cond=0 evap=0 rough=0 back_s=0
# LEDGER t=3350.000 mode=3 sum_err=0 max|E-iEu|=1.110e-16 run_max_diff=0.000e+00 run_max_sum_err=0 steps=167500 E0_int=5048182530434780 sum=5048182530434780
# NETG t=3350.00 gates min=0.0000 mean=0.3522 edges=12
# LUMP t=3350.00 n=3 Emfree=9.27423 | m=3.62117 x=16.60 y=16.06 z=16.86 rg=2.13 | m=3.38063 x=18.68 y=13.28 z=18.89 rg=1.86 | m=0.706671 x=15.21 y=13.58 z=19.25 rg=0.00
# RAD t=3350.00 0.75:2.701e-07,0,1.0003,0.0002604 2.25:8.515e-06,0,1.0001,0.02596 3.75:6.202e-05,0,1.0002,0.01317 5.25:2.332e-05,0,1.0002,0.03279 6.75:-2.632e-05,0,0.9979,1.894 8.25:-0.0003681,0,0.9987,2.179 9.75:-0.0001102,0,0.9981,4.107 11.25:-0.0001055,0,1.0001,0.4117
3360.000	5037.62262	9.70126324	0	0.858646746	5048.18253043	-3.603e-16	17936	16.426	13.995	16.766	0.012	0.0000	0.8455	0.98687	0.8500	0.9947	1.64970	1.64926	0.0000	0.0000	0.0000	0.014248	0.0022426	-0.021786	0	0	0
# CONV t=3360.00 cond=0 evap=0 rough=0 back_s=0
# LEDGER t=3360.000 mode=3 sum_err=0 max|E-iEu|=1.110e-16 run_max_diff=0.000e+00 run_max_sum_err=0 steps=168000 E0_int=5048182530434780 sum=5048182530434780
# NETG t=3360.00 gates min=0.0000 mean=0.3244 edges=12
# LUMP t=3360.00 n=3 Emfree=9.70126 | m=3.82372 x=16.52 y=16.05 z=16.83 rg=2.10 | m=3.4374 x=18.67 y=13.27 z=18.90 rg=1.85 | m=0.705702 x=15.21 y=13.58 z=19.25 rg=0.00
# RAD t=3360.00 0.75:8.083e-07,0,1.0003,0.0005481 2.25:1.207e-05,0,1.0001,0.02999 3.75:6.491e-05,0,1.0002,0.0204 5.25:3.687e-05,0,1.0002,0.0442 6.75:-9.251e-05,0,0.9979,2.111 8.25:-0.0001047,0,0.9987,2.214 9.75:-5.12e-05,0,0.9981,4.209 11.25:-0.0001781,0,1.0001,0.4435
3370.000	5037.62262	9.90328499	0	0.656625003	5048.18253043	-5.405e-16	17936	16.454	14.036	16.815	0.011	0.0000	0.8455	0.97812	0.8500	0.9947	1.64940	1.64926	0.0000	0.0000	0.0000	-0.0048971	0.00018135	-0.01114	0	0	0
# CONV t=3370.00 cond=0 evap=0 rough=0 back_s=0
# LEDGER t=3370.000 mode=3 sum_err=0 max|E-iEu|=1.110e-16 run_max_diff=0.000e+00 run_max_sum_err=0 steps=168500 E0_int=5048182530434780 sum=5048182530434780
# NETG t=3370.00 gates min=0.0000 mean=0.4017 edges=12
# LUMP t=3370.00 n=3 Emfree=9.90328 | m=4.03868 x=16.44 y=16.05 z=16.81 rg=2.07 | m=3.50084 x=18.67 y=13.26 z=18.90 rg=1.86 | m=0.704666 x=15.21 y=13.58 z=19.25 rg=0.00
# RAD t=3370.00 0.75:3.465e-06,0,1.0002,0.005125 2.25:4.198e-05,0,1.0001,0.02263 3.75:5.15e-05,0,1.0002,0.01841 5.25:2.994e-05,0,1.0002,0.03753 6.75:-0.0001078,0,0.9979,2.35 8.25:-0.0002055,0,0.9987,2.174 9.75:-0.0001086,0,0.9981,4.26 11.25:-0.0001888,0,1.0001,0.4151
3380.000	5037.62262	9.48281116	0	1.07709883	5048.18253043	-3.603e-16	17936	16.443	13.989	16.713	0.011	0.0000	0.8455	0.97398	0.8500	0.9947	1.64900	1.64925	0.0000	0.0000	0.0000	-0.0079728	-0.014444	-0.0057462	0	0	0
# CONV t=3380.00 cond=0 evap=0 rough=0 back_s=0
# LEDGER t=3380.000 mode=3 sum_err=0 max|E-iEu|=1.110e-16 run_max_diff=0.000e+00 run_max_sum_err=0 steps=169000 E0_int=5048182530434780 sum=5048182530434780
# NETG t=3380.00 gates min=0.0000 mean=0.4438 edges=12
# LUMP t=3380.00 n=3 Emfree=9.48281 | m=3.74177 x=16.55 y=16.06 z=16.84 rg=2.11 | m=3.35809 x=18.68 y=13.29 z=18.87 rg=1.89 | m=0.703209 x=15.21 y=13.58 z=19.25 rg=0.00
# RAD t=3380.00 0.75:2.526e-05,0,0.9999,0.01226 2.25:0.000106,0,1.0001,0.01652 3.75:2.147e-05,0,1.0002,0.01936 5.25:4.235e-06,0,1.0002,0.03525 6.75:-5.478e-05,0,0.9979,2.037 8.25:-0.0002696,0,0.9987,2.175 9.75:-9.274e-05,0,0.9981,4.119 11.25:-0.000212,0,1.0001,0.4556
3390.000	5037.62262	9.88670766	0	0.673202331	5048.18253043	-3.603e-16	17936	16.424	14.014	16.744	0.012	0.0000	0.8455	0.98138	0.8500	0.9947	1.64908	1.64926	0.0000	0.0000	0.0000	-0.0043696	-0.0054711	0.0046029	0	0	0
# CONV t=3390.00 cond=0 evap=0 rough=0 back_s=0
# LEDGER t=3390.000 mode=3 sum_err=0 max|E-iEu|=1.110e-16 run_max_diff=0.000e+00 run_max_sum_err=0 steps=169500 E0_int=5048182530434780 sum=5048182530434780
# NETG t=3390.00 gates min=0.0000 mean=0.2343 edges=12
# LUMP t=3390.00 n=3 Emfree=9.88671 | m=3.96232 x=16.47 y=16.05 z=16.82 rg=2.09 | m=3.48236 x=18.68 y=13.26 z=18.91 rg=1.84 | m=0.702039 x=15.21 y=13.58 z=19.25 rg=0.00
# RAD t=3390.00 0.75:6.146e-05,0,0.9998,0.008253 2.25:4.14e-05,0,1.0002,0.01801 3.75:2.778e-05,0,1.0002,0.02717 5.25:2.118e-05,0,1.0002,0.04357 6.75:-4.758e-05,0,0.9979,2.276 8.25:-7.909e-05,0,0.9987,2.188 9.75:-0.0001977,0,0.9981,4.271 11.25:-8.25e-05,0,1.0001,0.4521
3400.000	5037.62262	9.41522055	0	1.14468944	5048.18253043	-3.603e-16	17936	16.466	13.987	16.728	0.011	0.0000	0.8455	0.99642	0.8500	0.9947	1.64946	1.64926	0.0000	0.0000	0.0000	-0.0017629	-0.0075264	-0.0053214	0	0	0
# CONV t=3400.00 cond=0 evap=0 rough=0 back_s=0
# LEDGER t=3400.000 mode=3 sum_err=0 max|E-iEu|=1.110e-16 run_max_diff=0.000e+00 run_max_sum_err=0 steps=170000 E0_int=5048182530434780 sum=5048182530434780
# NETG t=3400.00 gates min=0.0000 mean=0.3386 edges=12
# LUMP t=3400.00 n=3 Emfree=9.41522 | m=3.66618 x=16.56 y=16.05 z=16.85 rg=2.12 | m=3.39737 x=18.68 y=13.27 z=18.90 rg=1.85 | m=0.700962 x=15.21 y=13.58 z=19.25 rg=0.00
# RAD t=3400.00 0.75:-2.058e-05,0,0.9999,0.001557 2.25:-9.138e-06,0,1.0001,0.0205 3.75:3.935e-05,0,1.0002,0.02267 5.25:5.328e-05,0,1.0002,0.03719 6.75:-6.937e-05,0,0.9979,1.993 8.25:-7.259e-05,0,0.9987,2.127 9.75:-0.0001406,0,0.9981,4.196 11.25:2.166e-05,0,1.0001,0.4204
3410.000	5037.62262	9.7806749	0	0.779235092	5048.18253043	-5.405e-16	17936	16.417	13.978	16.706	0.013	0.0000	0.8455	1.0191	0.8500	0.9947	1.64965	1.64927	0.0000	0.0000	0.0000	0.0058289	-0.0014593	-0.0011978	0	0	0
# CONV t=3410.00 cond=0 evap=0 rough=0 back_s=0
# LEDGER t=3410.000 mode=3 sum_err=0 max|E-iEu|=1.110e-16 run_max_diff=0.000e+00 run_max_sum_err=0 steps=170500 E0_int=5048182530434780 sum=5048182530434780
# NETG t=3410.00 gates min=0.0000 mean=0.3008 edges=12
# LUMP t=3410.00 n=3 Emfree=9.78067 | m=3.86475 x=16.50 y=16.05 z=16.83 rg=2.10 | m=3.46221 x=18.68 y=13.26 z=18.90 rg=1.84 | m=0.699977 x=15.21 y=13.58 z=19.25 rg=0.00
# RAD t=3410.00 0.75:-2.872e-05,0,1.0000,0.001623 2.25:-4.173e-05,0,1.0001,0.02104 3.75:5.098e-05,0,1.0002,0.03411 5.25:6.172e-05,0,1.0002,0.05191 6.75:-4.81e-05,0,0.9979,2.17 8.25:-7.046e-05,0,0.9987,2.186 9.75:0.0001593,0,0.9980,4.31 11.25:-0.0001525,0,1.0001,0.3738
3420.000	5037.62262	9.93125042	0	0.628659568	5048.18253043	-5.405e-16	17934	16.455	14.060	16.766	0.009	0.0000	0.8455	1.0496	0.8500	0.9947	1.64959	1.64926	0.0000	0.0000	0.0000	-0.0075945	-0.013562	-0.0059657	0	0	0
# CONV t=3420.00 cond=0 evap=0 rough=0 back_s=0
# LEDGER t=3420.000 mode=3 sum_err=0 max|E-iEu|=1.110e-16 run_max_diff=0.000e+00 run_max_sum_err=0 steps=171000 E0_int=5048182530434780 sum=5048182530434780
# NETG t=3420.00 gates min=0.0000 mean=0.2884 edges=12
# LUMP t=3420.00 n=3 Emfree=9.93125 | m=4.06927 x=16.43 y=16.04 z=16.82 rg=2.07 | m=3.52617 x=18.67 y=13.25 z=18.91 rg=1.83 | m=0.699032 x=15.21 y=13.58 z=19.25 rg=0.00
# RAD t=3420.00 0.75:-1.722e-05,0,1.0001,0.0006697 2.25:-4.108e-05,0,1.0001,0.0157 3.75:1.911e-05,0,1.0002,0.02467 5.25:0.0001382,0,1.0002,0.04256 6.75:-0.0001544,0,0.9979,2.351 8.25:3.17e-05,0,0.9987,2.176 9.75:1.389e-05,0,0.9980,4.334 11.25:-0.0001886,0,1.0001,0.355
3430.000	5037.62262	9.53683085	0	1.02307914	5048.18253043	-5.405e-16	17934	16.404	13.989	16.676	0.011	0.0000	0.8455	1.0655	0.8500	0.9947	1.64957	1.64926	0.0000	0.0000	0.0000	-0.0027684	0.014053	-0.014196	0	0	0
# CONV t=3430.00 cond=0 evap=0 rough=0 back_s=0
# LEDGER t=3430.000 mode=3 sum_err=0 max|E-iEu|=1.109e-16 run_max_diff=0.000e+00 run_max_sum_err=0 steps=171500 E0_int=5048182530434780 sum=5048182530434780
# NETG t=3430.00 gates min=0.0000 mean=0.4260 edges=12
# LUMP t=3430.00 n=3 Emfree=9.53683 | m=3.76524 x=16.52 y=16.05 z=16.84 rg=2.11 | m=3.33247 x=18.66 y=13.26 z=18.89 rg=1.86 | m=0.698142 x=15.21 y=13.58 z=19.25 rg=0.00
# RAD t=3430.00 0.75:-9.675e-06,0,1.0002,0.001088 2.25:-2.508e-05,0,1.0001,0.01511 3.75:-1.753e-06,0,1.0002,0.03224 5.25:3.623e-05,0,1.0002,0.05273 6.75:-5.073e-05,0,0.9979,2.091 8.25:-2.91e-06,0,0.9987,2.167 9.75:-0.0001406,0,0.9980,4.145 11.25:-0.0001224,0,1.0001,0.3677
3440.000	5037.62262	9.88960431	0	0.670305681	5048.18253043	-3.603e-16	17933	16.422	14.030	16.695	0.011	0.0000	0.8455	1.0546	0.8500	0.9947	1.64958	1.64925	0.0000	0.0000	0.0000	0.0025514	0.0028629	0.0026826	0	0	0
# CONV t=3440.00 cond=0 evap=0 rough=0 back_s=0
# LEDGER t=3440.000 mode=3 sum_err=0 max|E-iEu|=1.110e-16 run_max_diff=0.000e+00 run_max_sum_err=0 steps=172000 E0_int=5048182530434780 sum=5048182530434780
# NETG t=3440.00 gates min=0.0000 mean=0.3637 edges=12
# LUMP t=3440.00 n=3 Emfree=9.8896 | m=3.9881 x=16.45 y=16.05 z=16.82 rg=2.08 | m=3.43739 x=18.68 y=13.26 z=18.90 rg=1.85 | m=0.697151 x=15.21 y=13.58 z=19.25 rg=0.00
# RAD t=3440.00 0.75:-4.999e-06,0,1.0002,0.0006381 2.25:-1.228e-05,0,1.0001,0.01289 3.75:-3.748e-05,0,1.0002,0.0335 5.25:-2.036e-06,0,1.0002,0.0538 6.75:-5.12e-05,0,0.9979,2.316 8.25:0.0001169,0,0.9987,2.191 9.75:6.658e-05,0,0.9981,4.248 11.25:-0.0004613,0,1.0001,0.3694
3450.000	5037.62262	9.44754735	0	1.11236263	5048.18253043	-5.405e-16	17933	16.450	13.989	16.681	0.010	0.0000	0.8455	1.073	0.8500	0.9947	1.64954	1.64925	0.0000	0.0000	0.0000	0.0028695	-0.0030839	-0.018443	0	0	0
# CONV t=3450.00 cond=0 evap=0 rough=0 back_s=0
# LEDGER t=3450.000 mode=3 sum_err=0 max|E-iEu|=1.110e-16 run_max_diff=0.000e+00 run_max_sum_err=0 steps=172500 E0_int=5048182530434780 sum=5048182530434780
# NETG t=3450.00 gates min=0.0000 mean=0.3100 edges=12
# LUMP t=3450.00 n=3 Emfree=9.44755 | m=3.6964 x=16.55 y=16.05 z=16.85 rg=2.12 | m=3.3639 x=18.68 y=13.27 z=18.89 rg=1.85 | m=0.695899 x=15.21 y=13.58 z=19.25 rg=0.00
# RAD t=3450.00 0.75:-3.874e-06,0,1.0002,0.0006939 2.25:-5.668e-06,0,1.0001,0.01107 3.75:-4.624e-05,0,1.0002,0.02884 5.25:1.157e-05,0,1.0002,0.04738 6.75:-1.703e-05,0,0.9979,2.014 8.25:9.554e-06,0,0.9987,2.141 9.75:-0.0003174,0,0.9981,4.13 11.25:7.627e-05,0,1.0001,0.4116
3460.000	5037.62262	9.87513013	0	0.684779857	5048.18253043	-5.405e-16	17933	16.420	13.965	16.638	0.013	0.0000	0.8455	1.0899	0.8500	0.9947	1.64950	1.64924	0.0000	0.0000	0.0000	-0.0078401	-0.0052764	-0.0051035	0	0	0
# CONV t=3460.00 cond=0 evap=0 rough=0 back_s=0
# LEDGER t=3460.000 mode=3 sum_err=0 max|E-iEu|=1.110e-16 run_max_diff=0.000e+00 run_max_sum_err=0 steps=173000 E0_int=5048182530434780 sum=5048182530434780
# NETG t=3460.00 gates min=0.0000 mean=0.2927 edges=12
# LUMP t=3460.00 n=3 Emfree=9.87513 | m=3.88612 x=16.48 y=16.05 z=16.83 rg=2.09 | m=3.46572 x=18.68 y=13.25 z=18.91 rg=1.83 | m=0.69488 x=15.21 y=13.58 z=19.25 rg=0.00
# RAD t=3460.00 0.75:-4.149e-07,0,1.0002,0.0009266 2.25:-6.421e-06,0,1.0001,0.01424 3.75:-4.908e-05,0,1.0002,0.04088 5.25:2.093e-05,0,1.0002,0.05718 6.75:0.0001113,0,0.9979,2.237 8.25:-0.0002312,0,0.9987,2.121 9.75:-0.0005537,0,0.9981,4.26 11.25:0.0002184,0,1.0001,0.4741
3470.000	5037.62262	9.32690313	0	1.23300686	5048.18253043	-3.603e-16	17933	16.494	13.956	16.686	0.010	0.0000	0.8455	1.1034	0.8500	0.9947	1.64945	1.64924	0.0000	0.0000	0.0000	0.0029773	0.0011416	-0.01335	0	0	0
# CONV t=3470.00 cond=0 evap=0 rough=0 back_s=0
# LEDGER t=3470.000 mode=3 sum_err=0 max|E-iEu|=1.110e-16 run_max_diff=0.000e+00 run_max_sum_err=0 steps=173500 E0_int=5048182530434780 sum=5048182530434780
# NETG t=3470.00 gates min=0.0000 mean=0.3086 edges=12
# LUMP t=3470.00 n=3 Emfree=9.3269 | m=3.58656 x=16.58 y=16.05 z=16.86 rg=2.13 | m=3.37846 x=18.68 y=13.27 z=18.90 rg=1.85 | m=0.693733 x=15.21 y=13.58 z=19.25 rg=0.00
# RAD t=3470.00 0.75:-4.873e-07,0,1.0002,0.001159 2.25:1.67e-06,0,1.0002,0.01152 3.75:-3.495e-05,0,1.0002,0.0269 5.25:2.428e-05,0,1.0002,0.04198 6.75:0.00012,0,0.9979,1.915 8.25:-0.0001303,0,0.9987,2.094 9.75:-0.0003993,0,0.9981,4.176 11.25:9.342e-05,0,1.0001,0.4406
3480.000	5037.62262	9.75020717	0	0.809702814	5048.18253043	-3.603e-16	17934	16.431	13.935	16.607	0.012	0.0000	0.8455	1.1105	0.8500	0.9947	1.64945	1.64924	0.0000	0.0000	0.0000	0.0038913	-0.010607	-0.0022815	0	0	0
# CONV t=3480.00 cond=0 evap=0 rough=0 back_s=0
# LEDGER t=3480.000 mode=3 sum_err=0 max|E-iEu|=1.110e-16 run_max_diff=0.000e+00 run_max_sum_err=0 steps=174000 E0_int=5048182530434780 sum=5048182530434780
# NETG t=3480.00 gates min=0.0000 mean=0.3549 edges=12
# LUMP t=3480.00 n=3 Emfree=9.75021 | m=3.79113 x=16.51 y=16.05 z=16.84 rg=2.10 | m=3.43683 x=18.68 y=13.26 z=18.90 rg=1.84 | m=0.692698 x=15.21 y=13.58 z=19.25 rg=0.00
# RAD t=3480.00 0.75:6.47e-07,0,1.0002,0.000982 2.25:6.082e-06,0,1.0002,0.01506 3.75:-2.23e-05,0,1.0002,0.0342 5.25:1.558e-05,0,1.0002,0.05498 6.75:0.0001394,0,0.9979,2.15 8.25:-0.0002177,0,0.9988,2.091 9.75:-0.0003749,0,0.9980,4.259 11.25:0.0003653,0,1.0001,0.4859
3490.000	5037.62262	9.90114244	0	0.658767553	5048.18253043	-3.603e-16	17936	16.434	14.008	16.685	0.010	0.0000	0.8455	1.087	0.8500	0.9947	1.64945	1.64922	0.0000	0.0000	0.0000	-0.0042675	0.0077081	-0.0077324	0	0	0
# CONV t=3490.00 cond=0 evap=0 rough=0 back_s=0
# LEDGER t=3490.000 mode=3 sum_err=0 max|E-iEu|=1.110e-16 run_max_diff=0.000e+00 run_max_sum_err=0 steps=174500 E0_int=5048182530434780 sum=5048182530434780
# NETG t=3490.00 gates min=0.0000 mean=0.3066 edges=12
# LUMP t=3490.00 n=3 Emfree=9.90114 | m=4.02175 x=16.43 y=16.04 z=16.82 rg=2.07 | m=3.46927 x=18.67 y=13.25 z=18.90 rg=1.84 | m=0.691701 x=15.21 y=13.58 z=19.25 rg=0.00
# RAD t=3490.00 0.75:-3.097e-06,0,1.0002,0.0003463 2.25:7.117e-06,0,1.0001,0.01388 3.75:-1.233e-05,0,1.0002,0.02731 5.25:-5.34e-06,0,1.0002,0.04691 6.75:0.0001751,0,0.9979,2.37 8.25:-0.0002754,0,0.9988,2.072 9.75:-0.000474,0,0.9981,4.222 11.25:0.0001448,0,1.0000,0.4728
3500.000	5037.62262	9.5884756	0	0.971434389	5048.18253043	-3.603e-16	17936	16.432	13.929	16.621	0.012	0.0000	0.8455	1.0636	0.8500	0.9947	1.64947	1.64922	0.0000	0.0000	0.0000	0.0028243	-0.0048973	0.0060759	0	0	0
# CONV t=3500.00 cond=0 evap=0 rough=0 back_s=0
# LEDGER t=3500.000 mode=3 sum_err=0 max|E-iEu|=1.110e-16 run_max_diff=0.000e+00 run_max_sum_err=0 steps=175000 E0_int=5048182530434780 sum=5048182530434780
# NETG t=3500.00 gates min=0.0000 mean=0.3256 edges=12
# LUMP t=3500.00 n=3 Emfree=9.58848 | m=3.70207 x=16.53 y=16.05 z=16.84 rg=2.11 | m=3.39142 x=18.68 y=13.27 z=18.89 rg=1.85 | m=0.690759 x=15.21 y=13.58 z=19.25 rg=0.00
# RAD t=3500.00 0.75:-3.041e-06,0,1.0002,0.0001813 2.25:4.16e-06,0,1.0001,0.01596 3.75:-7.151e-07,0,1.0002,0.03004 5.25:4.864e-06,0,1.0002,0.05604 6.75:0.0001396,0,0.9979,2.041 8.25:-8.398e-05,0,0.9988,2.062 9.75:-0.0004233,0,0.9981,4.188 11.25:0.0001041,0,1.0000,0.5043
3510.000	5037.62262	9.91085686	0	0.649053125	5048.18253043	-5.405e-16	17935	16.419	13.950	16.651	0.012	0.0000	0.8455	1.0632	0.8500	0.9947	1.64953	1.64922	0.0000	0.0000	0.0000	-0.012551	-0.0046156	0.00043875	0	0	0
# CONV t=3510.00 cond=0 evap=0 rough=0 back_s=0
# LEDGER t=3510.000 mode=3 sum_err=0 max|E-iEu|=1.110e-16 run_max_diff=0.000e+00 run_max_sum_err=0 steps=175500 E0_int=5048182530434780 sum=5048182530434780
# NETG t=3510.00 gates min=0.0000 mean=0.3797 edges=12
# LUMP t=3510.00 n=3 Emfree=9.91086 | m=3.90834 x=16.46 y=16.04 z=16.83 rg=2.09 | m=3.4668 x=18.68 y=13.25 z=18.91 rg=1.83 | m=0.689721 x=15.21 y=13.58 z=19.25 rg=0.00
# RAD t=3510.00 0.75:-2.133e-06,0,1.0002,0.0005987 2.25:-2.564e-06,0,1.0001,0.01687 3.75:7.875e-06,0,1.0002,0.03534 5.25:3.662e-05,0,1.0002,0.05822 6.75:9.304e-05,0,0.9979,2.261 8.25:-0.0002084,0,0.9988,2.025 9.75:-0.0003508,0,0.9980,4.317 11.25:0.0001692,0,1.0000,0.4876
3520.000	5037.62262	9.45814599	0	1.101764	5048.18253043	-5.405e-16	17934	16.421	13.915	16.643	0.012	0.0000	0.8455	1.0712	0.8500	0.9947	1.64952	1.64921	0.0000	0.0000	0.0000	-0.0075074	-0.00064273	0.002959	0	0	0
# CONV t=3520.00 cond=0 evap=0 rough=0 back_s=0
# LEDGER t=3520.000 mode=3 sum_err=0 max|E-iEu|=1.110e-16 run_max_diff=0.000e+00 run_max_sum_err=0 steps=176000 E0_int=5048182530434780 sum=5048182530434780
# NETG t=3520.00 gates min=0.0000 mean=0.3271 edges=12
# LUMP t=3520.00 n=3 Emfree=9.45815 | m=3.61667 x=16.56 y=16.05 z=16.85 rg=2.12 | m=3.37616 x=18.68 y=13.27 z=18.90 rg=1.85 | m=0.688536 x=15.21 y=13.58 z=19.25 rg=0.00
# RAD t=3520.00 0.75:-4.908e-07,0,1.0002,0.0003499 2.25:-5.237e-06,0,1.0001,0.01582 3.75:1.138e-05,0,1.0002,0.02939 5.25:6.834e-05,0,1.0002,0.0591 6.75:3.816e-05,0,0.9979,1.945 8.25:-0.0002326,0,0.9988,2.021 9.75:-0.0003106,0,0.9980,4.197 11.25:-5.551e-05,0,1.0000,0.4904
3530.000	5037.62262	9.82696271	0	0.732947276	5048.18253043	-3.603e-16	17934	16.378	13.928	16.601	0.013	0.0000	0.8455	1.084	0.8500	0.9947	1.64957	1.64921	0.0000	0.0000	0.0000	-0.0080228	-0.00048048	-0.0053271	0	0	0
# CONV t=3530.00 cond=0 evap=0 rough=0 back_s=0
# LEDGER t=3530.000 mode=3 sum_err=0 max|E-iEu|=1.109e-16 run_max_diff=0.000e+00 run_max_sum_err=0 steps=176500 E0_int=5048182530434780 sum=5048182530434780
# NETG t=3530.00 gates min=0.0000 mean=0.4141 edges=12
# LUMP t=3530.00 n=3 Emfree=9.82696 | m=3.82273 x=16.49 y=16.05 z=16.83 rg=2.10 | m=3.43783 x=18.68 y=13.25 z=18.91 rg=1.84 | m=0.687555 x=15.21 y=13.58 z=19.25 rg=0.00
# RAD t=3530.00 0.75:-1.544e-07,0,1.0002,0.0004512 2.25:-5.489e-06,0,1.0001,0.0182 3.75:1.024e-05,0,1.0002,0.03515 5.25:6.976e-05,0,1.0002,0.07025 6.75:4.293e-06,0,0.9979,2.162 8.25:-0.0001118,0,0.9988,2.05 9.75:-0.0003158,0,0.9980,4.221 11.25:-0.0001039,0,1.0000,0.541
3540.000	5037.62262	9.31703519	0	1.2428748	5048.18253043	-3.603e-16	17934	16.390	13.926	16.655	0.013	0.0000	0.8455	1.0713	0.8500	0.9947	1.64961	1.64921	0.0000	0.0000	0.0000	-0.012325	0.0040527	-0.0057356	0	0	0
# CONV t=3540.00 cond=0 evap=0 rough=0 back_s=0
# LEDGER t=3540.000 mode=3 sum_err=0 max|E-iEu|=1.110e-16 run_max_diff=0.000e+00 run_max_sum_err=0 steps=177000 E0_int=5048182530434780 sum=5048182530434780
# NETG t=3540.00 gates min=0.0000 mean=0.2767 edges=12
# LUMP t=3540.00 n=3 Emfree=9.31704 | m=3.54749 x=16.59 y=16.05 z=16.86 rg=2.13 | m=3.3309 x=18.68 y=13.27 z=18.89 rg=1.86 | m=0.686451 x=15.21 y=13.58 z=19.25 rg=0.00
# RAD t=3540.00 0.75:-1.603e-07,0,1.0002,0.0001144 2.25:-8.116e-06,0,1.0001,0.01256 3.75:-1.519e-06,0,1.0002,0.02857 5.25:5.028e-05,0,1.0002,0.06643 6.75:2.247e-05,0,0.9979,1.879 8.25:-0.0002106,0,0.9988,2.033 9.75:-0.0001955,0,0.9980,4.128 11.25:-0.0001647,0,1.0000,0.4786
3550.000	5037.62262	9.71391782	0	0.845992165	5048.18253043	-5.405e-16	17934	16.349	13.915	16.565	0.015	0.0000	0.8455	1.0521	0.8500	0.9947	1.64966	1.64921	0.0000	0.0000	0.0000	-0.0048864	0.0048665	-0.012634	0	0	0
# CONV t=3550.00 cond=0 evap=0 rough=0 back_s=0
# LEDGER t=3550.000 mode=3 sum_err=0 max|E-iEu|=1.110e-16 run_max_diff=0.000e+00 run_max_sum_err=0 steps=177500 E0_int=5048182530434780 sum=5048182530434780
# NETG t=3550.00 gates min=0.0000 mean=0.3236 edges=12
# LUMP t=3550.00 n=3 Emfree=9.71392 | m=3.73321 x=16.51 y=16.05 z=16.84 rg=2.11 | m=3.4032 x=18.69 y=13.27 z=18.89 rg=1.85 | m=0.685345 x=15.21 y=13.58 z=19.25 rg=0.00
# RAD t=3550.00 0.75:7.951e-07,0,1.0002,0.0001578 2.25:-1.517e-05,0,1.0002,0.008368 3.75:-4.498e-05,0,1.0002,0.03267 5.25:3.29e-05,0,1.0002,0.0863 6.75:-1.13e-05,0,0.9979,2.085 8.25:3.458e-05,0,0.9988,2.062 9.75:5.721e-05,0,0.9980,4.253 11.25:-0.0003737,0,1.0000,0.4668
3560.000	5037.62262	9.93549955	0	0.624410434	5048.18253043	-5.405e-16	17934	16.360	13.955	16.627	0.014	0.0000	0.8455	1.0673	0.8500	0.9947	1.64971	1.64922	0.0000	0.0000	0.0000	-0.0073397	-0.0025762	0.0098656	0	0	0
# CONV t=3560.00 cond=0 evap=0 rough=0 back_s=0
# LEDGER t=3560.000 mode=3 sum_err=0 max|E-iEu|=1.110e-16 run_max_diff=0.000e+00 run_max_sum_err=0 steps=178000 E0_int=5048182530434780 sum=5048182530434780
# NETG t=3560.00 gates min=0.0000 mean=0.3606 edges=12
# LUMP t=3560.00 n=3 Emfree=9.9355 | m=3.95278 x=16.43 y=16.04 z=16.82 rg=2.08 | m=3.45362 x=18.68 y=13.25 z=18.91 rg=1.83 | m=0.684176 x=15.21 y=13.58 z=19.25 rg=0.00
# RAD t=3560.00 0.75:1.569e-06,0,1.0002,0.0001093 2.25:-1.669e-05,0,1.0002,0.005341 3.75:-4.608e-05,0,1.0002,0.02284 5.25:1.522e-05,0,1.0001,0.09135 6.75:-7.248e-06,0,0.9979,2.321 8.25:-9.009e-06,0,0.9988,2.032 9.75:-0.0002721,0,0.9980,4.308 11.25:-0.0001004,0,1.0001,0.4488
3570.000	5037.62262	9.53962794	0	1.02028205	5048.18253043	-5.405e-16	17934	16.360	13.925	16.606	0.015	0.0000	0.8455	1.0768	0.8500	0.9947	1.64976	1.64922	0.0000	0.0000	0.0000	-0.0072376	-0.0041848	-0.0063133	0	0	0
# CONV t=3570.00 cond=0 evap=0 rough=0 back_s=0
# LEDGER t=3570.000 mode=3 sum_err=0 max|E-iEu|=1.110e-16 run_max_diff=0.000e+00 run_max_sum_err=0 steps=178500 E0_int=5048182530434780 sum=5048182530434780
# NETG t=3570.00 gates min=0.0000 mean=0.1720 edges=12
# LUMP t=3570.00 n=3 Emfree=9.53963 | m=3.65309 x=16.54 y=16.05 z=16.85 rg=2.11 | m=3.384 x=18.68 y=13.26 z=18.90 rg=1.84 | m=0.683089 x=15.21 y=13.58 z=19.25 rg=0.00
# RAD t=3570.00 0.75:5.028e-07,0,1.0002,0.0001314 2.25:-2.198e-05,0,1.0002,0.004572 3.75:-4.165e-06,0,1.0002,0.02322 5.25:-3.176e-05,0,1.0001,0.09501 6.75:1.83e-05,0,0.9979,2.019 8.25:-7.046e-05,0,0.9988,2.042 9.75:-0.0002388,0,0.9980,4.216 11.25:-8.726e-05,0,1.0001,0.4502
3580.000	5037.62262	9.8624112	0	0.69749879	5048.18253043	-5.405e-16	17935	16.329	13.938	16.604	0.016	0.0000	0.8455	1.0813	0.8500	0.9947	1.64979	1.64922	0.0000	0.0000	0.0000	-0.0027513	0.0042608	-0.012167	0	0	0
# CONV t=3580.00 cond=0 evap=0 rough=0 back_s=0
# LEDGER t=3580.000 mode=3 sum_err=0 max|E-iEu|=1.110e-16 run_max_diff=0.000e+00 run_max_sum_err=0 steps=179000 E0_int=5048182530434780 sum=5048182530434780
# NETG t=3580.00 gates min=0.0000 mean=0.3754 edges=12
# LUMP t=3580.00 n=3 Emfree=9.86241 | m=3.84596 x=16.47 y=16.04 z=16.83 rg=2.09 | m=3.44053 x=18.68 y=13.25 z=18.91 rg=1.83 | m=0.68221 x=15.21 y=13.58 z=19.25 rg=0.00
# RAD t=3580.00 0.75:1.233e-06,0,1.0002,0.0002038 2.25:-9.682e-06,0,1.0002,0.00445 3.75:-3.493e-05,0,1.0002,0.02459 5.25:-3.978e-05,0,1.0001,0.1053 6.75:8.253e-06,0,0.9979,2.233 8.25:5.938e-05,0,0.9988,2.063 9.75:-6.641e-06,0,0.9980,4.289 11.25:-0.0003825,0,1.0001,0.4344
3590.000	5037.62262	9.36559237	0	1.19431762	5048.18253043	-5.405e-16	17937	16.375	13.903	16.610	0.017	0.0000	0.8455	1.0769	0.8500	0.9947	1.64986	1.64922	0.0000	0.0000	0.0000	-0.0082326	-0.0060476	-0.0058407	0	0	0
# CONV t=3590.00 cond=0 evap=0 rough=0 back_s=0
# LEDGER t=3590.000 mode=3 sum_err=0 max|E-iEu|=1.109e-16 run_max_diff=0.000e+00 run_max_sum_err=0 steps=179500 E0_int=5048182530434780 sum=5048182530434780
# NETG t=3590.00 gates min=0.0000 mean=0.4472 edges=12
# LUMP t=3590.00 n=3 Emfree=9.36559 | m=3.54426 x=16.58 y=16.05 z=16.86 rg=2.13 | m=3.35218 x=18.68 y=13.26 z=18.90 rg=1.84 | m=0.681226 x=15.21 y=13.58 z=19.25 rg=0.00
# RAD t=3590.00 0.75:5.939e-07,0,1.0002,3.331e-05 2.25:-1.406e-05,0,1.0002,0.001607 3.75:-3.997e-05,0,1.0002,0.01713 5.25:-6.6e-05,0,1.0001,0.1187 6.75:0.0001271,0,0.9980,1.887 8.25:-9.965e-05,0,0.9988,2.025 9.75:2.495e-05,0,0.9980,4.208 11.25:-0.0003446,0,1.0001,0.4042
3600.000	5037.62262	9.69502311	0	0.864886878	5048.18253043	-5.405e-16	17937	16.314	13.923	16.535	0.018	0.0000	0.8455	1.0667	0.8500	0.9947	1.64989	1.64922	0.0000	0.0000	0.0000	0.01533	0.010844	-0.02238	0	0	0
# CONV t=3600.00 cond=0 evap=0 rough=0 back_s=0
# LEDGER t=3600.000 mode=3 sum_err=0 max|E-iEu|=1.110e-16 run_max_diff=0.000e+00 run_max_sum_err=0 steps=180000 E0_int=5048182530434780 sum=5048182530434780
# NETG t=3600.00 gates min=0.0000 mean=0.3296 edges=12
# LUMP t=3600.00 n=3 Emfree=9.69502 | m=3.75735 x=16.49 y=16.05 z=16.84 rg=2.10 | m=3.35339 x=18.68 y=13.26 z=18.90 rg=1.84 | m=0.680415 x=15.21 y=13.58 z=19.25 rg=0.00
# RAD t=3600.00 0.75:-4.413e-07,0,1.0002,0.0002054 2.25:-1.753e-05,0,1.0002,0.002031 3.75:-8.732e-05,0,1.0002,0.02212 5.25:2.147e-06,0,1.0001,0.1263 6.75:0.0001962,0,0.9980,2.128 8.25:-0.0001635,0,0.9988,2.063 9.75:6.257e-05,0,0.9980,4.235 11.25:-0.0002028,0,1.0001,0.3837
3610.000	5037.62262	9.87995347	0	0.67995652	5048.18253043	-5.405e-16	17937	16.353	13.972	16.603	0.015	0.0000	0.8455	1.0554	0.8500	0.9947	1.64989	1.64922	0.0000	0.0000	0.0000	-0.023111	-0.04067	0.016281	0	0	0
# CONV t=3610.00 cond=0 evap=0 rough=0 back_s=0
# LEDGER t=3610.000 mode=3 sum_err=0 max|E-iEu|=1.110e-16 run_max_diff=0.000e+00 run_max_sum_err=0 steps=180500 E0_int=5048182530434780 sum=5048182530434780
# NETG t=3610.00 gates min=0.0000 mean=0.4787 edges=12
# LUMP t=3610.00 n=3 Emfree=9.87995 | m=3.99031 x=16.41 y=16.03 z=16.82 rg=2.07 | m=3.42077 x=18.68 y=13.26 z=18.90 rg=1.83 | m=0.679647 x=15.21 y=13.58 z=19.25 rg=0.00
# RAD t=3610.00 0.75:-1.819e-06,0,1.0002,2.126e-05 2.25:-1.938e-05,0,1.0002,0.001231 3.75:-2.548e-05,0,1.0002,0.02067 5.25:-6.477e-05,0,1.0001,0.1034 6.75:0.0001274,0,0.9980,2.339 8.25:-2.518e-05,0,0.9988,2.034 9.75:0.0001901,0,0.9980,4.242 11.25:-0.0004584,0,1.0001,0.3837
3620.000	5037.62262	9.59648377	0	0.963426221	5048.18253043	-5.405e-16	17937	16.351	13.862	16.516	0.015	0.0000	0.8455	1.0675	0.8500	0.9947	1.64987	1.64922	0.0000	0.0000	0.0000	-0.00019747	-0.014174	-0.0017972	0	0	0
# CONV t=3620.00 cond=0 evap=0 rough=0 back_s=0
# LEDGER t=3620.000 mode=3 sum_err=0 max|E-iEu|=1.110e-16 run_max_diff=0.000e+00 run_max_sum_err=0 steps=181000 E0_int=5048182530434780 sum=5048182530434780
# NETG t=3620.00 gates min=0.0000 mean=0.2588 edges=12
# LUMP t=3620.00 n=3 Emfree=9.59648 | m=3.6507 x=16.53 y=16.05 z=16.85 rg=2.11 | m=3.36814 x=18.69 y=13.26 z=18.90 rg=1.83 | m=0.678765 x=15.21 y=13.58 z=19.25 rg=0.00
# RAD t=3620.00 0.75:-2.075e-06,0,1.0002,7.243e-05 2.25:-1.366e-05,0,1.0002,0.002853 3.75:5.908e-05,0,1.0002,0.02237 5.25:-8.211e-05,0,1.0001,0.1109 6.75:-3.527e-06,0,0.9980,2.007 8.25:-9.333e-05,0,0.9988,2.05 9.75:-0.0001652,0,0.9981,4.188 11.25:-0.0001337,0,1.0001,0.4426
3630.000	5037.62262	9.90344979	0	0.656460202	5048.18253043	-5.405e-16	17937	16.347	13.866	16.558	0.015	0.0000	0.8455	1.0879	0.8500	0.9947	1.64987	1.64921	0.0000	0.0000	0.0000	-0.0014705	-0.0046006	-0.0047274	0	0	0
# CONV t=3630.00 cond=0 evap=0 rough=0 back_s=0
# LEDGER t=3630.000 mode=3 sum_err=0 max|E-iEu|=1.109e-16 run_max_diff=0.000e+00 run_max_sum_err=0 steps=181500 E0_int=5048182530434780 sum=5048182530434780
# NETG t=3630.00 gates min=0.0000 mean=0.1901 edges=12
# LUMP t=3630.00 n=3 Emfree=9.90345 | m=3.88833 x=16.44 y=16.04 z=16.82 rg=2.08 | m=3.4368 x=18.68 y=13.25 z=18.91 rg=1.82 | m=0.677927 x=15.21 y=13.58 z=19.25 rg=0.00
# RAD t=3630.00 0.75:-2.112e-06,0,1.0002,7.256e-05 2.25:-3.09e-06,0,1.0002,0.006804 3.75:8.808e-06,0,1.0002,0.01666 5.25:-7.245e-06,0,1.0001,0.1121 6.75:-7.931e-05,0,0.9980,2.247 8.25:-0.0001196,0,0.9988,2.044 9.75:-0.0002206,0,0.9981,4.264 11.25:-0.0002039,0,1.0001,0.4476
3640.000	5037.62262	9.38931237	0	1.17059762	5048.18253043	-5.405e-16	17937	16.394	13.801	16.547	0.013	0.0000	0.8455	1.1021	0.8500	0.9947	1.64987	1.64921	0.0000	0.0000	0.0000	0.0022554	-0.012892	-0.0012169	0	0	0
# CONV t=3640.00 cond=0 evap=0 rough=0 back_s=0
# LEDGER t=3640.000 mode=3 sum_err=0 max|E-iEu|=1.110e-16 run_max_diff=0.000e+00 run_max_sum_err=0 steps=182000 E0_int=5048182530434780 sum=5048182530434780
# NETG t=3640.00 gates min=0.0000 mean=0.4371 edges=12
# LUMP t=3640.00 n=3 Emfree=9.38931 | m=3.51496 x=16.57 y=16.05 z=16.86 rg=2.13 | m=3.3453 x=18.68 y=13.26 z=18.90 rg=1.84 | m=0.67716 x=15.21 y=13.58 z=19.25 rg=0.00
# RAD t=3640.00 0.75:-1.54e-06,0,1.0002,6.729e-05 2.25:1.915e-06,0,1.0002,0.008991 3.75:4.457e-05,0,1.0002,0.01284 5.25:-9.474e-05,0,1.0001,0.08824 6.75:-1.929e-05,0,0.9980,1.883 8.25:-0.0002003,0,0.9988,2.02 9.75:-6.035e-05,0,0.9980,4.193 11.25:-0.0003237,0,1.0001,0.4178
3650.000	5037.62262	9.81144984	0	0.748460148	5048.18253043	-3.603e-16	17937	16.333	13.844	16.528	0.014	0.0000	0.8455	1.1042	0.8500	0.9947	1.64989	1.64922	0.0000	0.0000	0.0000	-0.0061356	0.0057386	0.0055247	0	0	0
# CONV t=3650.00 cond=0 evap=0 rough=0 back_s=0
# LEDGER t=3650.000 mode=3 sum_err=0 max|E-iEu|=1.110e-16 run_max_diff=0.000e+00 run_max_sum_err=0 steps=182500 E0_int=5048182530434780 sum=5048182530434780
# NETG t=3650.00 gates min=0.0000 mean=0.2845 edges=12
# LUMP t=3650.00 n=3 Emfree=9.81145 | m=3.7749 x=16.47 y=16.04 z=16.83 rg=2.10 | m=3.40427 x=18.68 y=13.25 z=18.91 rg=1.83 | m=0.676334 x=15.21 y=13.58 z=19.25 rg=0.00
# RAD t=3650.00 0.75:-6.706e-07,0,1.0002,0.0001016 2.25:3.437e-06,0,1.0002,0.01291 3.75:6.745e-05,0,1.0002,0.01303 5.25:-8.69e-05,0,1.0001,0.09866 6.75:-5.625e-05,0,0.9980,2.149 8.25:-0.0001991,0,0.9988,2.036 9.75:-2.045e-05,0,0.9980,4.292 11.25:-0.0003208,0,1.0001,0.4179
3660.000	5037.62262	9.20392719	0	1.3559828	5048.18253043	-3.603e-16	17937	16.362	13.818	16.542	0.013	0.0000	0.8455	1.0844	0.8500	0.9947	1.64988	1.64922	0.0000	0.0000	0.0000	-0.021648	0.00075528	-0.011653	0	0	0
# CONV t=3660.00 cond=0 evap=0 rough=0 back_s=0
# LEDGER t=3660.000 mode=3 sum_err=0 max|E-iEu|=1.110e-16 run_max_diff=0.000e+00 run_max_sum_err=0 steps=183000 E0_int=5048182530434780 sum=5048182530434780
# NETG t=3660.00 gates min=0.0000 mean=0.4197 edges=12
# LUMP t=3660.00 n=3 Emfree=9.20393 | m=3.44394 x=16.60 y=16.05 z=16.86 rg=2.14 | m=3.25927 x=18.68 y=13.27 z=18.88 rg=1.86 | m=0.67539 x=15.21 y=13.58 z=19.25 rg=0.00
# RAD t=3660.00 0.75:-3.166e-07,0,1.0002,0.0001461 2.25:4.097e-06,0,1.0002,0.01216 3.75:5.791e-05,0,1.0002,0.007121 5.25:-2.59e-05,0,1.0001,0.09147 6.75:-6.752e-05,0,0.9980,1.803 8.25:-0.0002013,0,0.9988,2.004 9.75:9.16e-05,0,0.9980,4.148 11.25:-0.0003324,0,1.0001,0.3483
3670.000	5037.62262	9.65849741	0	0.901412577	5048.18253043	-5.405e-16	17937	16.314	13.836	16.509	0.013	0.0000	0.8455	1.0591	0.8500	0.9947	1.64987	1.64922	0.0000	0.0000	0.0000	-0.0026804	0.0041721	0.010884	0	0	0
# CONV t=3670.00 cond=0 evap=0 rough=0 back_s=0
# LEDGER t=3670.000 mode=3 sum_err=0 max|E-iEu|=1.110e-16 run_max_diff=0.000e+00 run_max_sum_err=0 steps=183500 E0_int=5048182530434780 sum=5048182530434780
# NETG t=3670.00 gates min=0.0000 mean=0.3713 edges=12
# LUMP t=3670.00 n=3 Emfree=9.6585 | m=3.67184 x=16.50 y=16.04 z=16.84 rg=2.11 | m=3.36751 x=18.69 y=13.26 z=18.90 rg=1.84 | m=0.674076 x=15.21 y=13.58 z=19.25 rg=0.00
# RAD t=3670.00 0.75:-9.43e-08,0,1.0002,0.000199 2.25:3.279e-06,0,1.0002,0.0147 3.75:3.753e-05,0,1.0002,0.01027 5.25:-9.548e-06,0,1.0001,0.09236 6.75:-4.889e-05,0,0.9980,2.063 8.25:-0.0002826,0,0.9988,2.019 9.75:0.0001843,0,0.9980,4.281 11.25:-0.000216,0,1.0001,0.3388
3680.000	5037.62262	9.89906418	0	0.660845811	5048.18253043	-5.405e-16	17936	16.289	13.931	16.592	0.012	0.0000	0.8455	1.0438	0.8500	0.9947	1.64987	1.64922	0.0000	0.0000	0.0000	-0.02178	0.0087913	-0.0095543	0	0	0
# CONV t=3680.00 cond=0 evap=0 rough=0 back_s=0
# LEDGER t=3680.000 mode=3 sum_err=0 max|E-iEu|=1.110e-16 run_max_diff=0.000e+00 run_max_sum_err=0 steps=184000 E0_int=5048182530434780 sum=5048182530434780
# NETG t=3680.00 gates min=0.0000 mean=0.2111 edges=12
# LUMP t=3680.00 n=3 Emfree=9.89906 | m=3.92762 x=16.42 y=16.04 z=16.82 rg=2.08 | m=3.4381 x=18.68 y=13.25 z=18.91 rg=1.82 | m=0.673016 x=15.21 y=13.58 z=19.25 rg=0.00
# RAD t=3680.00 0.75:-1.075e-07,0,1.0002,2.126e-05 2.25:3.056e-06,0,1.0001,0.01362 3.75:1.722e-05,0,1.0002,0.005524 5.25:1.49e-05,0,1.0001,0.09099 6.75:-9.24e-05,0,0.9980,2.299 8.25:-0.0001279,0,0.9988,2.025 9.75:-7.966e-05,0,0.9980,4.325 11.25:5.309e-05,0,1.0001,0.3076
3690.000	5037.62262	9.51471138	0	1.0451986	5048.18253043	-3.603e-16	17936	16.271	13.865	16.506	0.014	0.0000	0.8455	1.0167	0.8500	0.9947	1.64986	1.64922	0.0000	0.0000	0.0000	-0.0067525	0.0074227	0.0022155	0	0	0
# CONV t=3690.00 cond=0 evap=0 rough=0 back_s=0
# LEDGER t=3690.000 mode=3 sum_err=0 max|E-iEu|=1.110e-16 run_max_diff=0.000e+00 run_max_sum_err=0 steps=184500 E0_int=5048182530434780 sum=5048182530434780
# NETG t=3690.00 gates min=0.0000 mean=0.3542 edges=12
# LUMP t=3690.00 n=3 Emfree=9.51471 | m=3.5592 x=16.55 y=16.05 z=16.85 rg=2.12 | m=3.34959 x=18.68 y=13.26 z=18.90 rg=1.84 | m=0.671975 x=15.21 y=13.58 z=19.25 rg=0.00
# RAD t=3690.00 0.75:-2.022e-08,0,1.0002,4.556e-05 2.25:-8.574e-07,0,1.0001,0.01506 3.75:6.302e-06,0,1.0002,0.01055 5.25:1.479e-05,0,1.0001,0.09968 6.75:-4.955e-05,0,0.9980,1.927 8.25:-4.656e-05,0,0.9988,2.069 9.75:-7.752e-05,0,0.9980,4.224 11.25:-8.65e-05,0,1.0001,0.3388
3700.000	5037.62262	9.88148993	0	0.678420063	5048.18253043	-3.603e-16	17936	16.240	13.916	16.510	0.015	0.0000	0.8455	1.006	0.8500	0.9947	1.64987	1.64922	0.0000	0.0000	0.0000	-0.012366	0.014939	-0.0020668	0	0	0
# CONV t=3700.00 cond=0 evap=0 rough=0 back_s=0
# LEDGER t=3700.000 mode=3 sum_err=0 max|E-iEu|=1.110e-16 run_max_diff=0.000e+00 run_max_sum_err=0 steps=185000 E0_int=5048182530434780 sum=5048182530434780
# NETG t=3700.00 gates min=0.0000 mean=0.4012 edges=12
# LUMP t=3700.00 n=3 Emfree=9.88149 | m=3.81618 x=16.45 y=16.04 z=16.83 rg=2.08 | m=3.40976 x=18.68 y=13.25 z=18.91 rg=1.83 | m=0.670959 x=15.21 y=13.58 z=19.25 rg=0.00
# RAD t=3700.00 0.75:-3.37e-07,0,1.0002,7.241e-05 2.25:-2.054e-06,0,1.0001,0.01502 3.75:1.832e-05,0,1.0002,0.01422 5.25:-3.275e-05,0,1.0001,0.1043 6.75:1.6e-05,0,0.9980,2.2 8.25:-8.48e-05,0,0.9988,2.12 9.75:-1.431e-05,0,0.9980,4.248 11.25:-0.000195,0,1.0001,0.3505
3710.000	5037.62262	9.31735558	0	1.24255441	5048.18253043	-3.603e-16	17936	16.251	13.881	16.500	0.015	0.0000	0.8455	1.0092	0.8500	0.9947	1.64983	1.64922	0.0000	0.0000	0.0000	-0.004141	0.013862	-0.0014662	0	0	0
# CONV t=3710.00 cond=0 evap=0 rough=0 back_s=0
# LEDGER t=3710.000 mode=3 sum_err=0 max|E-iEu|=1.110e-16 run_max_diff=0.000e+00 run_max_sum_err=0 steps=185500 E0_int=5048182530434780 sum=5048182530434780
# NETG t=3710.00 gates min=0.0000 mean=0.4354 edges=12
# LUMP t=3710.00 n=3 Emfree=9.31736 | m=3.4614 x=16.58 y=16.05 z=16.86 rg=2.13 | m=3.2661 x=18.68 y=13.27 z=18.88 rg=1.86 | m=0.669922 x=15.21 y=13.58 z=19.25 rg=0.00
# RAD t=3710.00 0.75:-3.057e-07,0,1.0002,8.875e-05 2.25:-2.179e-06,0,1.0001,0.01323 3.75:6.402e-06,0,1.0002,0.009075 5.25:-5.4e-05,0,1.0001,0.1067 6.75:2.554e-05,0,0.9980,1.829 8.25:-6.713e-06,0,0.9988,2.097 9.75:-2.115e-05,0,0.9980,4.076 11.25:-0.0002519,0,1.0001,0.3607
3720.000	5037.62262	9.75502546	0	0.80488453	5048.18253043	-5.405e-16	17936	16.220	13.907	16.503	0.017	0.0000	0.8455	1.0204	0.8500	0.9947	1.64953	1.64921	0.0000	0.0000	0.0000	-0.0016271	-0.0031758	0.011215	0	0	0
# CONV t=3720.00 cond=0 evap=0 rough=0 back_s=0
# LEDGER t=3720.000 mode=3 sum_err=0 max|E-iEu|=1.110e-16 run_max_diff=0.000e+00 run_max_sum_err=0 steps=186000 E0_int=5048182530434780 sum=5048182530434780
# NETG t=3720.00 gates min=0.0000 mean=0.2933 edges=12
# LUMP t=3720.00 n=3 Emfree=9.75503 | m=3.71162 x=16.48 y=16.04 z=16.84 rg=2.10 | m=3.35836 x=18.68 y=13.26 z=18.90 rg=1.84 | m=0.668903 x=15.21 y=13.58 z=19.25 rg=0.00
# RAD t=3720.00 0.75:-6.694e-06,0,1.0003,0.0003634 2.25:1.634e-05,0,1.0001,0.01151 3.75:-5.049e-05,0,1.0002,0.01561 5.25:-7.505e-06,0,1.0001,0.116 6.75:-4.317e-05,0,0.9980,2.117 8.25:0.0001115,0,0.9988,2.111 9.75:-0.0002201,0,0.9981,4.14 11.25:-0.0003414,0,1.0001,0.4371
3730.000	5037.62262	9.21240021	0	1.34750978	5048.18253043	-3.603e-16	17936	16.298	13.906	16.565	0.015	0.0000	0.8455	1.0478	0.8500	0.9947	1.64970	1.64921	0.0000	0.0000	0.0000	-0.012801	0.009572	0.00045297	0	0	0
# CONV t=3730.00 cond=0 evap=0 rough=0 back_s=0
# LEDGER t=3730.000 mode=3 sum_err=0 max|E-iEu|=1.110e-16 run_max_diff=0.000e+00 run_max_sum_err=0 steps=186500 E0_int=5048182530434780 sum=5048182530434780
# NETG t=3730.00 gates min=0.0000 mean=0.2700 edges=12
# LUMP t=3730.00 n=3 Emfree=9.2124 | m=3.38281 x=16.60 y=16.05 z=16.87 rg=2.14 | m=3.29993 x=18.69 y=13.27 z=18.89 rg=1.84 | m=0.667882 x=15.21 y=13.58 z=19.25 rg=0.00
# RAD t=3730.00 0.75:4.951e-06,0,1.0003,0.0005224 2.25:2.792e-06,0,1.0002,0.004863 3.75:-5.135e-05,0,1.0002,0.0118 5.25:-1.446e-05,0,1.0001,0.09185 6.75:-0.0001609,0,0.9980,1.8 8.25:0.000411,0,0.9988,2.071 9.75:-0.0005435,0,0.9981,4.009 11.25:-0.0001269,0,1.0001,0.5011
3740.000	5037.62262	9.57569489	0	0.984215094	5048.18253043	-3.603e-16	17934	16.250	13.940	16.553	0.016	0.0000	0.8455	1.0578	0.8500	0.9947	1.64970	1.64922	0.0000	0.0000	0.0000	0.0024808	0.011147	0.0055872	0	0	0
# CONV t=3740.00 cond=0 evap=0 rough=0 back_s=0
# LEDGER t=3740.000 mode=3 sum_err=0 max|E-iEu|=1.110e-16 run_max_diff=0.000e+00 run_max_sum_err=0 steps=187000 E0_int=5048182530434780 sum=5048182530434780
# NETG t=3740.00 gates min=0.0000 mean=0.3996 edges=12
# LUMP t=3740.00 n=3 Emfree=9.57569 | m=3.56716 x=16.53 y=16.04 z=16.85 rg=2.12 | m=3.35736 x=18.69 y=13.26 z=18.90 rg=1.83 | m=0.666793 x=15.21 y=13.58 z=19.25 rg=0.00
# RAD t=3740.00 0.75:7.501e-06,0,1.0002,0.0008932 2.25:-4.433e-06,0,1.0002,0.006866 3.75:-4.673e-05,0,1.0002,0.0166 5.25:-6.301e-05,0,1.0001,0.0986 6.75:-5.879e-05,0,0.9980,2.017 8.25:0.000418,0,0.9988,2.095 9.75:-0.0004948,0,0.9981,4.112 11.25:1.806e-05,0,1.0001,0.5377
3750.000	5037.62262	9.86821127	0	0.69169872	5048.18253043	-3.603e-16	17934	16.218	14.000	16.613	0.017	0.0000	0.8455	1.053	0.8500	0.9947	1.64966	1.64923	0.0000	0.0000	0.0000	-0.020281	0.016209	0.0011764	0	0	0
# CONV t=3750.00 cond=0 evap=0 rough=0 back_s=0
# LEDGER t=3750.000 mode=3 sum_err=0 max|E-iEu|=1.110e-16 run_max_diff=0.000e+00 run_max_sum_err=0 steps=187500 E0_int=5048182530434780 sum=5048182530434780
# NETG t=3750.00 gates min=0.0000 mean=0.2649 edges=12
# LUMP t=3750.00 n=3 Emfree=9.86821 | m=3.85978 x=16.42 y=16.03 z=16.83 rg=2.08 | m=3.41071 x=18.68 y=13.25 z=18.91 rg=1.82 | m=0.665395 x=15.21 y=13.58 z=19.25 rg=0.00
# RAD t=3750.00 0.75:5.294e-06,0,1.0002,0.00151 2.25:2.083e-06,0,1.0002,0.00443 3.75:-5.497e-05,0,1.0002,0.017 5.25:5.218e-05,0,1.0001,0.1075 6.75:-0.0001068,0,0.9980,2.297 8.25:0.0001177,0,0.9988,2.103 9.75:-0.0001364,0,0.9981,4.197 11.25:0.0001922,0,1.0000,0.4881
3760.000	5037.62262	9.39418436	0	1.16572563	5048.18253043	-3.603e-16	17934	16.226	13.980	16.546	0.018	0.0000	0.8455	1.0517	0.8500	0.9947	1.64955	1.64924	0.0000	0.0000	0.0000	-0.00095827	0.0057355	-0.0019407	0	0	0
# CONV t=3760.00 cond=0 evap=0 rough=0 back_s=0
# LEDGER t=3760.000 mode=3 sum_err=0 max|E-iEu|=1.110e-16 run_max_diff=0.000e+00 run_max_sum_err=0 steps=188000 E0_int=5048182530434780 sum=5048182530434780
# NETG t=3760.00 gates min=0.0000 mean=0.3696 edges=12
# LUMP t=3760.00 n=3 Emfree=9.39418 | m=3.49812 x=16.54 y=16.05 z=16.85 rg=2.12 | m=3.28967 x=18.68 y=13.26 z=18.89 rg=1.85 | m=0.664041 x=15.21 y=13.58 z=19.25 rg=0.00
# RAD t=3760.00 0.75:2.35e-05,0,1.0002,0.004376 2.25:1.052e-06,0,1.0002,0.00424 3.75:-5.501e-05,0,1.0002,0.02119 5.25:7.855e-05,0,1.0001,0.1019 6.75:-8.623e-05,0,0.9980,1.935 8.25:0.0001082,0,0.9988,2.097 9.75:1.428e-05,0,0.9981,4.131 11.25:1.965e-05,0,1.0000,0.4362
3770.000	5037.62262	9.78728714	0	0.77262285	5048.18253043	-3.603e-16	17934	16.202	13.996	16.536	0.018	0.0000	0.8455	1.0375	0.8500	0.9947	1.64939	1.64923	0.0000	0.0000	0.0000	-0.0072682	0.00066513	0.013516	0	0	0
# CONV t=3770.00 cond=0 evap=0 rough=0 back_s=0
# LEDGER t=3770.000 mode=3 sum_err=0 max|E-iEu|=1.110e-16 run_max_diff=0.000e+00 run_max_sum_err=0 steps=188500 E0_int=5048182530434780 sum=5048182530434780
# NETG t=3770.00 gates min=0.0000 mean=0.4479 edges=12
# LUMP t=3770.00 n=3 Emfree=9.78729 | m=3.73409 x=16.46 y=16.04 z=16.84 rg=2.10 | m=3.35928 x=18.69 y=13.26 z=18.90 rg=1.84 | m=0.663 x=15.21 y=13.58 z=19.25 rg=0.00
# RAD t=3770.00 0.75:4.372e-05,0,1.0001,0.006075 2.25:1.369e-05,0,1.0002,0.006978 3.75:-8.434e-06,0,1.0002,0.02817 5.25:-0.0001141,0,1.0001,0.1085 6.75:9.351e-05,0,0.9980,2.184 8.25:-4.155e-05,0,0.9988,2.096 9.75:0.0001584,0,0.9981,4.218 11.25:-0.0001183,0,1.0000,0.4746
3780.000	5037.62262	9.26857621	0	1.29133377	5048.18253043	-5.405e-16	17934	16.247	13.969	16.582	0.016	0.0000	0.8455	1.0368	0.8500	0.9947	1.64924	1.64924	0.0000	0.0000	0.0000	-0.0048412	-0.0081844	0.0019013	0	0	0
# CONV t=3780.00 cond=0 evap=0 rough=0 back_s=0
# LEDGER t=3780.000 mode=3 sum_err=0 max|E-iEu|=1.110e-16 run_max_diff=0.000e+00 run_max_sum_err=0 steps=189000 E0_int=5048182530434780 sum=5048182530434780
# NETG t=3780.00 gates min=0.0000 mean=0.3476 edges=12
# LUMP t=3780.00 n=3 Emfree=9.26858 | m=3.39092 x=16.59 y=16.05 z=16.87 rg=2.14 | m=3.30705 x=18.69 y=13.26 z=18.90 rg=1.83 | m=0.661927 x=15.21 y=13.58 z=19.25 rg=0.00
# RAD t=3780.00 0.75:3.766e-05,0,1.0000,0.007655 2.25:2.905e-05,0,1.0002,0.007779 3.75:1.988e-05,0,1.0002,0.01882 5.25:-0.0001289,0,1.0001,0.1032 6.75:0.000161,0,0.9980,1.817 8.25:-0.000191,0,0.9988,2.063 9.75:-6.659e-05,0,0.9981,4.148 11.25:0.0002513,0,1.0000,0.4593
3790.000	5037.62262	9.6724081	0	0.887501887	5048.18253043	-5.405e-16	17934	16.198	13.978	16.591	0.020	0.0000	0.8455	1.0271	0.8500	0.9947	1.64910	1.64924	0.0000	0.0000	0.0000	0.0044477	-0.0050647	0.0052908	0	0	0
# CONV t=3790.00 cond=0 evap=0 rough=0 back_s=0
# LEDGER t=3790.000 mode=3 sum_err=0 max|E-iEu|=1.110e-16 run_max_diff=0.000e+00 run_max_sum_err=0 steps=189500 E0_int=5048182530434780 sum=5048182530434780
# NETG t=3790.00 gates min=0.0000 mean=0.3203 edges=12
# LUMP t=3790.00 n=3 Emfree=9.67241 | m=3.62709 x=16.49 y=16.04 z=16.84 rg=2.10 | m=3.35997 x=18.69 y=13.25 z=18.91 rg=1.82 | m=0.660869 x=15.21 y=13.58 z=19.25 rg=0.00
# RAD t=3790.00 0.75:3.887e-05,0,0.9999,0.009488 2.25:3.79e-05,0,1.0002,0.0124 3.75:3.385e-05,0,1.0002,0.02904 5.25:1.01e-05,0,1.0001,0.1239 6.75:0.0001264,0,0.9980,2.076 8.25:-0.0002847,0,0.9988,2.082 9.75:-1.85e-05,0,0.9981,4.214 11.25:0.0001504,0,1.0000,0.4921
3800.000	5037.62262	9.83916486	0	0.720745132	5048.18253043	-5.405e-16	17935	16.232	14.068	16.688	0.017	0.0000	0.8455	1.0095	0.8500	0.9947	1.64897	1.64924	0.0000	0.0000	0.0000	-0.0082586	-0.0054081	0.002613	0	0	0
# CONV t=3800.00 cond=0 evap=0 rough=0 back_s=0
# LEDGER t=3800.000 mode=3 sum_err=0 max|E-iEu|=1.110e-16 run_max_diff=0.000e+00 run_max_sum_err=0 steps=190000 E0_int=5048182530434780 sum=5048182530434780
# NETG t=3800.00 gates min=0.0000 mean=0.2570 edges=12
# LUMP t=3800.00 n=3 Emfree=9.83916 | m=3.89839 x=16.40 y=16.03 z=16.82 rg=2.07 | m=3.41039 x=18.68 y=13.24 z=18.92 rg=1.81 | m=0.659851 x=15.21 y=13.58 z=19.25 rg=0.00
# RAD t=3800.00 0.75:4.73e-05,0,0.9998,0.01169 2.25:3.612e-05,0,1.0002,0.008548 3.75:4.338e-05,0,1.0002,0.01904 5.25:7.591e-05,0,1.0001,0.1014 6.75:-2.349e-05,0,0.9980,2.36 8.25:-0.0002705,0,0.9988,2.028 9.75:-8.362e-05,0,0.9981,4.212 11.25:4.953e-05,0,1.0000,0.472
3810.000	5037.62262	9.51735105	0	1.04255894	5048.18253043	-3.603e-16	17935	16.180	13.957	16.613	0.021	0.0000	0.8455	1.0062	0.8500	0.9947	1.64884	1.64924	0.0000	0.0000	0.0000	-0.013757	-0.0096179	-0.0012309	0	0	0
# CONV t=3810.00 cond=0 evap=0 rough=0 back_s=0
# LEDGER t=3810.000 mode=3 sum_err=0 max|E-iEu|=1.110e-16 run_max_diff=0.000e+00 run_max_sum_err=0 steps=190500 E0_int=5048182530434780 sum=5048182530434780
# NETG t=3810.00 gates min=0.0000 mean=0.2491 edges=12
# LUMP t=3810.00 n=3 Emfree=9.51735 | m=3.52522 x=16.53 y=16.04 z=16.85 rg=2.12 | m=3.32905 x=18.69 y=13.25 z=18.91 rg=1.83 | m=0.658902 x=15.21 y=13.58 z=19.25 rg=0.00
# RAD t=3810.00 0.75:5.87e-05,0,0.9997,0.01526 2.25:3.833e-05,0,1.0002,0.01269 3.75:3.941e-05,0,1.0002,0.02631 5.25:4.062e-05,0,1.0001,0.1131 6.75:-0.0001037,0,0.9980,2.02 8.25:1.695e-05,0,0.9988,2.067 9.75:3.587e-05,0,0.9981,4.106 11.25:-0.0003322,0,1.0000,0.4955
3820.000	5037.62262	9.79543284	0	0.764477149	5048.18253043	-3.603e-16	17936	16.148	13.976	16.640	0.021	0.0000	0.8455	0.99326	0.8500	0.9947	1.64881	1.64924	0.0000	0.0000	0.0000	0.0087108	0.014819	-0.021656	0	0	0
# CONV t=3820.00 cond=0 evap=0 rough=0 back_s=0
# LEDGER t=3820.000 mode=3 sum_err=0 max|E-iEu|=1.110e-16 run_max_diff=0.000e+00 run_max_sum_err=0 steps=191000 E0_int=5048182530434780 sum=5048182530434780
# NETG t=3820.00 gates min=0.0000 mean=0.4592 edges=12
# LUMP t=3820.00 n=2 Emfree=9.79543 | m=7.1355 x=17.49 y=14.73 z=17.80 rg=2.85 | m=0.65793 x=15.21 y=13.58 z=19.25 rg=0.00
# RAD t=3820.00 0.75:6.363e-05,0,0.9995,0.01733 2.25:3.293e-05,0,1.0003,0.01484 3.75:3.839e-05,0,1.0002,0.02505 5.25:-1.209e-05,0,1.0001,0.1194 6.75:-8.982e-05,0,0.9980,2.28 8.25:0.0003983,0,0.9988,2.073 9.75:-9.814e-05,0,0.9981,4.126 11.25:-0.0003371,0,1.0000,0.4851
3830.000	5037.62262	9.26394232	0	1.29596767	5048.18253043	-5.405e-16	17936	16.198	13.930	16.630	0.019	0.0000	0.8455	1.0062	0.8500	0.9947	1.64945	1.64924	0.0000	0.0000	0.0000	-0.0066208	-0.0035402	-0.014924	0	0	0
# CONV t=3830.00 cond=0 evap=0 rough=0 back_s=0
# LEDGER t=3830.000 mode=3 sum_err=0 max|E-iEu|=1.110e-16 run_max_diff=0.000e+00 run_max_sum_err=0 steps=191500 E0_int=5048182530434780 sum=5048182530434780
# NETG t=3830.00 gates min=0.0001 mean=0.4499 edges=12
# LUMP t=3830.00 n=2 Emfree=9.26394 | m=6.6742 x=17.61 y=14.68 z=17.86 rg=2.84 | m=0.656897 x=15.21 y=13.58 z=19.25 rg=0.00
# RAD t=3830.00 0.75:-0.0001085,0,0.9997,0.003387 2.25:1.204e-05,0,1.0002,0.02061 3.75:7.915e-05,0,1.0002,0.03132 5.25:0.0001242,0,1.0001,0.1023 6.75:-0.0001029,0,0.9980,1.877 8.25:0.0002862,0,0.9988,2.067 9.75:-0.0001354,0,0.9981,4.038 11.25:-0.0001128,0,1.0000,0.4829
3840.000	5037.62262	9.6945669	0	0.865343091	5048.18253043	-5.405e-16	17936	16.160	13.957	16.621	0.020	0.0000	0.8455	1.0566	0.8500	0.9947	1.64969	1.64924	0.0000	0.0000	0.0000	0.0011153	0.0042681	-0.008451	0	0	0
# CONV t=3840.00 cond=0 evap=0 rough=0 back_s=0
# LEDGER t=3840.000 mode=3 sum_err=0 max|E-iEu|=1.110e-16 run_max_diff=0.000e+00 run_max_sum_err=0 steps=192000 E0_int=5048182530434780 sum=5048182530434780
# NETG t=3840.00 gates min=0.0000 mean=0.2297 edges=12
# LUMP t=3840.00 n=2 Emfree=9.69457 | m=7.01566 x=17.53 y=14.70 z=17.83 rg=2.85 | m=0.65576 x=15.21 y=13.58 z=19.25 rg=0.00
# RAD t=3840.00 0.75:-0.0001139,0,0.9999,0.001302 2.25:-7.146e-05,0,1.0001,0.02618 3.75:9.647e-05,0,1.0002,0.03466 5.25:0.0001279,0,1.0001,0.1087 6.75:-1.561e-05,0,0.9980,2.164 8.25:3.723e-05,0,0.9988,2.074 9.75:-0.0001441,0,0.9981,4.171 11.25:7.262e-05,0,1.0000,0.4933
3850.000	5037.62262	9.16503058	0	1.39487941	5048.18253043	-3.603e-16	17936	16.219	13.916	16.648	0.020	0.0000	0.8455	1.0576	0.8500	0.9947	1.64972	1.64924	0.0000	0.0000	0.0000	-0.016071	-0.00032903	-0.0056205	0	0	0
# CONV t=3850.00 cond=0 evap=0 rough=0 back_s=0
# LEDGER t=3850.000 mode=3 sum_err=0 max|E-iEu|=1.110e-16 run_max_diff=0.000e+00 run_max_sum_err=0 steps=192500 E0_int=5048182530434780 sum=5048182530434780
# NETG t=3850.00 gates min=0.0000 mean=0.2777 edges=12
# LUMP t=3850.00 n=2 Emfree=9.16503 | m=6.59245 x=17.64 y=14.66 z=17.89 rg=2.83 | m=0.654481 x=15.21 y=13.58 z=19.25 rg=0.00
# RAD t=3850.00 0.75:-5.092e-05,0,1.0001,0.000821 2.25:-6.709e-05,0,1.0001,0.01992 3.75:8.427e-05,0,1.0002,0.03092 5.25:7.784e-05,0,1.0001,0.09906 6.75:0.0002144,0,0.9980,1.835 8.25:-0.0003764,0,0.9988,1.965 9.75:2.543e-05,0,0.9981,4.123 11.25:-6.693e-05,0,1.0000,0.4825
3860.000	5037.62262	9.59144055	0	0.968469442	5048.18253043	-3.603e-16	17936	16.155	13.951	16.575	0.024	0.0000	0.8455	1.0639	0.8500	0.9947	1.64971	1.64924	0.0000	0.0000	0.0000	0.0072962	0.0046102	-0.011813	0	0	0
# CONV t=3860.00 cond=0 evap=0 rough=0 back_s=0
# LEDGER t=3860.000 mode=3 sum_err=0 max|E-iEu|=1.110e-16 run_max_diff=0.000e+00 run_max_sum_err=0 steps=193000 E0_int=5048182530434780 sum=5048182530434780
# NETG t=3860.00 gates min=0.0000 mean=0.2471 edges=12
# LUMP t=3860.00 n=2 Emfree=9.59144 | m=6.88011 x=17.56 y=14.69 z=17.84 rg=2.85 | m=0.653215 x=15.21 y=13.58 z=19.25 rg=0.00
# RAD t=3860.00 0.75:-2.492e-05,0,1.0002,0.0009106 2.25:-4.396e-05,0,1.0001,0.02428 3.75:5.849e-05,0,1.0002,0.04145 5.25:-1.009e-05,0,1.0001,0.1184 6.75:0.0003263,0,0.9980,2.107 8.25:-0.0004008,0,0.9988,2.015 9.75:3.911e-05,0,0.9981,4.155 11.25:-0.0001143,0,1.0000,0.5098
3870.000	5037.62262	9.77711788	0	0.782792105	5048.18253043	-5.405e-16	17936	16.191	14.004	16.632	0.020	0.0000	0.8455	1.0587	0.8500	0.9947	1.64975	1.64925	0.0000	0.0000	0.0000	-0.0062507	0.015155	-0.0095404	0	0	0
# CONV t=3870.00 cond=0 evap=0 rough=0 back_s=0
# LEDGER t=3870.000 mode=3 sum_err=0 max|E-iEu|=1.110e-16 run_max_diff=0.000e+00 run_max_sum_err=0 steps=193500 E0_int=5048182530434780 sum=5048182530434780
# NETG t=3870.00 gates min=0.0000 mean=0.3883 edges=12
# LUMP t=3870.00 n=2 Emfree=9.77712 | m=7.17221 x=17.48 y=14.72 z=17.81 rg=2.85 | m=0.652126 x=15.21 y=13.58 z=19.25 rg=0.00
# RAD t=3870.00 0.75:-1.126e-05,0,1.0002,0.0008852 2.25:-3.838e-05,0,1.0001,0.01389 3.75:-6.557e-08,0,1.0002,0.03007 5.25:2.203e-05,0,1.0001,0.1195 6.75:0.0002282,0,0.9980,2.341 8.25:-0.0002027,0,0.9988,2.003 9.75:-6.641e-05,0,0.9981,4.183 11.25:-7.709e-05,0,1.0000,0.5091
3880.000	5037.62262	9.38367857	0	1.17623142	5048.18253043	-5.405e-16	17936	16.153	13.928	16.522	0.022	0.0000	0.8455	1.0185	0.8500	0.9947	1.64978	1.64924	0.0000	0.0000	0.0000	0.010362	0.017063	-0.018003	0	0	0
# CONV t=3880.00 cond=0 evap=0 rough=0 back_s=0
# LEDGER t=3880.000 mode=3 sum_err=0 max|E-iEu|=1.110e-16 run_max_diff=0.000e+00 run_max_sum_err=0 steps=194000 E0_int=5048182530434780 sum=5048182530434780
# NETG t=3880.00 gates min=0.0000 mean=0.4602 edges=12
# LUMP t=3880.00 n=2 Emfree=9.38368 | m=6.68187 x=17.59 y=14.69 z=17.85 rg=2.84 | m=0.651027 x=15.21 y=13.58 z=19.25 rg=0.00
# RAD t=3880.00 0.75:-5.914e-06,0,1.0002,0.001385 2.25:-1.94e-05,0,1.0002,0.01467 3.75:-4.261e-05,0,1.0002,0.04019 5.25:7.161e-05,0,1.0001,0.1307 6.75:0.0001474,0,0.9980,1.988 8.25:-7.027e-05,0,0.9988,2.016 9.75:-4.091e-05,0,0.9981,4.081 11.25:-0.0001042,0,1.0000,0.5464
3890.000	5037.62262	9.81130494	0	0.748605053	5048.18253043	-5.405e-16	17936	16.144	13.979	16.531	0.020	0.0000	0.8455	1.0164	0.8500	0.9947	1.64981	1.64925	0.0000	0.0000	0.0000	-0.0088413	-0.001684	-0.010557	0	0	0
# CONV t=3890.00 cond=0 evap=0 rough=0 back_s=0
# LEDGER t=3890.000 mode=3 sum_err=0 max|E-iEu|=1.110e-16 run_max_diff=0.000e+00 run_max_sum_err=0 steps=194500 E0_int=5048182530434780 sum=5048182530434780
# NETG t=3890.00 gates min=0.0000 mean=0.2829 edges=12
# LUMP t=3890.00 n=2 Emfree=9.8113 | m=7.05507 x=17.51 y=14.71 z=17.82 rg=2.85 | m=0.649849 x=15.21 y=13.58 z=19.25 rg=0.00
# RAD t=3890.00 0.75:-3.306e-06,0,1.0002,0.0008761 2.25:-9.822e-06,0,1.0002,0.01326 3.75:-6.976e-05,0,1.0002,0.04377 5.25:8.841e-05,0,1.0001,0.1206 6.75:5.999e-05,0,0.9980,2.288 8.25:3.675e-05,0,0.9989,2.027 9.75:-0.0002983,0,0.9981,4.198 11.25:0.0004024,0,1.0000,0.5471
3900.000	5037.62262	9.2911552	0	1.26875479	5048.18253043	-3.603e-16	17936	16.182	13.925	16.532	0.020	0.0000	0.8455	1.0378	0.8500	0.9947	1.64982	1.64926	0.0000	0.0000	0.0000	-0.00060467	0.017657	-0.010265	0	0	0
# CONV t=3900.00 cond=0 evap=0 rough=0 back_s=0
# LEDGER t=3900.000 mode=3 sum_err=0 max|E-iEu|=1.110e-16 run_max_diff=0.000e+00 run_max_sum_err=0 steps=195000 E0_int=5048182530434780 sum=5048182530434780
# NETG t=3900.00 gates min=0.0000 mean=0.2970 edges=12
# LUMP t=3900.00 n=2 Emfree=9.29116 | m=6.60196 x=17.63 y=14.66 z=17.88 rg=2.84 | m=0.648718 x=15.21 y=13.58 z=19.25 rg=0.00
# RAD t=3900.00 0.75:-3.172e-06,0,1.0002,0.0004752 2.25:-1.389e-05,0,1.0002,0.01021 3.75:-4.283e-05,0,1.0002,0.0386 5.25:5.216e-05,0,1.0001,0.1073 6.75:3.598e-05,0,0.9980,1.893 8.25:-0.0001064,0,0.9989,2.018 9.75:0.0001286,0,0.9981,4.187 11.25:0.0002703,0,1.0000,0.483
3910.000	5037.62262	9.70721956	0	0.852690434	5048.18253043	-3.603e-16	17935	16.114	13.981	16.492	0.023	0.0000	0.8455	1.0621	0.8500	0.9947	1.64980	1.64926	0.0000	0.0000	0.0000	-0.00082634	0.0075153	0.0011949	0	0	0
# CONV t=3910.00 cond=0 evap=0 rough=0 back_s=0
# LEDGER t=3910.000 mode=3 sum_err=0 max|E-iEu|=1.110e-16 run_max_diff=0.000e+00 run_max_sum_err=0 steps=195500 E0_int=5048182530434780 sum=5048182530434780
# NETG t=3910.00 gates min=0.0000 mean=0.4336 edges=12
# LUMP t=3910.00 n=2 Emfree=9.70722 | m=6.90293 x=17.54 y=14.69 z=17.84 rg=2.85 | m=0.647513 x=15.21 y=13.58 z=19.25 rg=0.00
# RAD t=3910.00 0.75:-1.859e-06,0,1.0002,0.0006308 2.25:-7.151e-06,0,1.0002,0.01091 3.75:-5.232e-05,0,1.0001,0.05166 5.25:-6.843e-06,0,1.0001,0.119 6.75:3.265e-05,0,0.9980,2.142 8.25:-0.0001937,0,0.9988,2.104 9.75:0.0002286,0,0.9981,4.222 11.25:0.0001702,0,1.0000,0.5139
3920.000	5037.62262	9.14624282	0	1.41366717	5048.18253043	-3.603e-16	17936	16.159	13.955	16.530	0.020	0.0000	0.8455	1.059	0.8500	0.9947	1.64979	1.64926	0.0000	0.0000	0.0000	-0.0070196	0.0082804	-0.019826	0	0	0
# CONV t=3920.00 cond=0 evap=0 rough=0 back_s=0
# LEDGER t=3920.000 mode=3 sum_err=0 max|E-iEu|=1.110e-16 run_max_diff=0.000e+00 run_max_sum_err=0 steps=196000 E0_int=5048182530434780 sum=5048182530434780
# NETG t=3920.00 gates min=0.0000 mean=0.2431 edges=12
# LUMP t=3920.00 n=2 Emfree=9.14624 | m=6.46672 x=17.66 y=14.65 z=17.89 rg=2.83 | m=0.646349 x=15.21 y=13.58 z=19.25 rg=0.00
# RAD t=3920.00 0.75:-1.089e-06,0,1.0002,0.0004387 2.25:-1.759e-06,0,1.0002,0.006041 3.75:-7.225e-05,0,1.0001,0.04406 5.25:4.69e-05,0,1.0001,0.1006 6.75:-0.0001702,0,0.9980,1.768 8.25:0.0002591,0,0.9988,2.129 9.75:-5.184e-05,0,0.9981,4.069 11.25:0.0002938,0,1.0000,0.5234
3930.000	5037.62262	9.59228054	0	0.967629451	5048.18253043	-3.603e-16	17936	16.113	13.976	16.442	0.022	0.0000	0.8455	1.0422	0.8500	0.9947	1.64978	1.64926	0.0000	0.0000	0.0000	0.009387	0.0012095	0.0041004	0	0	0
# CONV t=3930.00 cond=0 evap=0 rough=0 back_s=0
# LEDGER t=3930.000 mode=3 sum_err=0 max|E-iEu|=1.110e-16 run_max_diff=0.000e+00 run_max_sum_err=0 steps=196500 E0_int=5048182530434780 sum=5048182530434780
# NETG t=3930.00 gates min=0.0000 mean=0.4237 edges=12
# LUMP t=3930.00 n=2 Emfree=9.59228 | m=6.74915 x=17.58 y=14.69 z=17.85 rg=2.84 | m=0.645175 x=15.21 y=13.58 z=19.25 rg=0.00
# RAD t=3930.00 0.75:-8.253e-07,0,1.0002,0.001152 2.25:-4.644e-06,0,1.0002,0.008466 3.75:-0.0001028,0,1.0001,0.07647 5.25:0.0001057,0,1.0001,0.1052 6.75:-0.0001173,0,0.9980,2.039 8.25:0.0002871,0,0.9988,2.134 9.75:8.893e-05,0,0.9981,4.153 11.25:-6.919e-05,0,1.0000,0.5426
3940.000	5037.62262	9.83817081	0	0.721739175	5048.18253043	-5.405e-16	17936	16.160	14.044	16.525	0.020	0.0000	0.8455	1.0417	0.8500	0.9947	1.64975	1.64927	0.0000	0.0000	0.0000	2.2709e-05	0.0028343	-0.00036255	0	0	0
# CONV t=3940.00 cond=0 evap=0 rough=0 back_s=0
# LEDGER t=3940.000 mode=3 sum_err=0 max|E-iEu|=1.109e-16 run_max_diff=0.000e+00 run_max_sum_err=0 steps=197000 E0_int=5048182530434780 sum=5048182530434780
# NETG t=3940.00 gates min=0.0000 mean=0.2893 edges=12
# LUMP t=3940.00 n=2 Emfree=9.83817 | m=7.08722 x=17.49 y=14.72 z=17.81 rg=2.85 | m=0.643963 x=15.21 y=13.58 z=19.25 rg=0.00
# RAD t=3940.00 0.75:-1.485e-06,0,1.0002,0.0009169 2.25:-1.534e-05,0,1.0002,0.01322 3.75:-4.375e-05,0,1.0001,0.07031 5.25:0.0001676,0,1.0001,0.08398 6.75:-0.0001147,0,0.9980,2.336 8.25:0.0001184,0,0.9988,2.111 9.75:-0.0001187,0,0.9981,4.24 11.25:0.0002763,0,1.0000,0.4612
3950.000	5037.62262	9.40694673	0	1.15296326	5048.18253043	-5.405e-16	17936	16.123	13.966	16.476	0.020	0.0000	0.8455	1.0376	0.8500	0.9947	1.64973	1.64927	0.0000	0.0000	0.0000	-0.021529	0.0071425	-0.0035954	0	0	0
# CONV t=3950.00 cond=0 evap=0 rough=0 back_s=0
# LEDGER t=3950.000 mode=3 sum_err=0 max|E-iEu|=1.110e-16 run_max_diff=0.000e+00 run_max_sum_err=0 steps=197500 E0_int=5048182530434780 sum=5048182530434780
# NETG t=3950.00 gates min=0.0000 mean=0.2905 edges=12
# LUMP t=3950.00 n=2 Emfree=9.40695 | m=6.63239 x=17.61 y=14.66 z=17.87 rg=2.84 | m=0.642819 x=15.21 y=13.58 z=19.25 rg=0.00
# RAD t=3950.00 0.75:-1.973e-06,0,1.0002,0.00115 2.25:-1.9e-05,0,1.0002,0.008554 3.75:2.664e-05,0,1.0001,0.07225 5.25:8.606e-05,0,1.0002,0.07808 6.75:-5.055e-05,0,0.9980,1.951 8.25:-0.0001631,0,0.9988,2.094 9.75:0.0001683,0,0.9981,4.214 11.25:0.0001949,0,1.0000,0.4343
3960.000	5037.62262	9.73999281	0	0.819917177	5048.18253043	-3.603e-16	17937	16.097	14.021	16.488	0.022	0.0000	0.8455	1.027	0.8500	0.9947	1.64973	1.64927	0.0000	0.0000	0.0000	-0.0040118	0.011478	-0.010905	0	0	0
# CONV t=3960.00 cond=0 evap=0 rough=0 back_s=0
# LEDGER t=3960.000 mode=3 sum_err=0 max|E-iEu|=1.109e-16 run_max_diff=0.000e+00 run_max_sum_err=0 steps=198000 E0_int=5048182530434780 sum=5048182530434780
# NETG t=3960.00 gates min=0.0000 mean=0.3467 edges=12
# LUMP t=3960.00 n=2 Emfree=9.73999 | m=6.92879 x=17.53 y=14.70 z=17.83 rg=2.85 | m=0.641686 x=15.21 y=13.58 z=19.25 rg=0.00
# RAD t=3960.00 0.75:-1.945e-06,0,1.0002,0.001138 2.25:-2.247e-05,0,1.0003,0.009046 3.75:0.0001242,0,1.0001,0.06661 5.25:-8.573e-05,0,1.0001,0.09898 6.75:-2.48e-05,0,0.9980,2.209 8.25:-0.0003339,0,0.9988,2.077 9.75:0.0004295,0,0.9981,4.296 11.25:-0.0001078,0,1.0001,0.4437
3970.000	5037.62262	9.21713725	0	1.34277274	5048.18253043	-5.405e-16	17936	16.138	13.989	16.481	0.023	0.0000	0.8455	1.017	0.8500	0.9947	1.64964	1.64927	0.0000	0.0000	0.0000	-0.0048697	0.0021509	-0.0039137	0	0	0
# CONV t=3970.00 cond=0 evap=0 rough=0 back_s=0
# LEDGER t=3970.000 mode=3 sum_err=0 max|E-iEu|=1.109e-16 run_max_diff=0.000e+00 run_max_sum_err=0 steps=198500 E0_int=5048182530434780 sum=5048182530434780
# NETG t=3970.00 gates min=0.0000 mean=0.2325 edges=12
# LUMP t=3970.00 n=2 Emfree=9.21714 | m=6.49314 x=17.64 y=14.65 z=17.88 rg=2.84 | m=0.640526 x=15.21 y=13.58 z=19.25 rg=0.00
# RAD t=3970.00 0.75:-2.451e-06,0,1.0002,0.0008408 2.25:6.825e-07,0,1.0003,0.007265 3.75:3.308e-05,0,1.0001,0.05711 5.25:-2.474e-05,0,1.0001,0.1008 6.75:3.466e-05,0,0.9980,1.843 8.25:-0.0003317,0,0.9988,2.085 9.75:0.0003676,0,0.9981,4.122 11.25:-0.0001925,0,1.0001,0.4898
3980.000	5037.62262	9.60761556	0	0.95229443	5048.18253043	-5.405e-16	17934	16.076	14.003	16.450	0.027	0.0000	0.8455	1.0179	0.8500	0.9947	1.64958	1.64927	0.0000	0.0000	0.0000	0.0028547	0.0048391	-0.0041659	0	0	0
# CONV t=3980.00 cond=0 evap=0 rough=0 back_s=0
# LEDGER t=3980.000 mode=3 sum_err=0 max|E-iEu|=1.110e-16 run_max_diff=0.000e+00 run_max_sum_err=0 steps=199000 E0_int=5048182530434780 sum=5048182530434780
# NETG t=3980.00 gates min=0.0001 mean=0.3399 edges=12
# LUMP t=3980.00 n=2 Emfree=9.60762 | m=6.79033 x=17.56 y=14.69 z=17.84 rg=2.85 | m=0.639279 x=15.21 y=13.58 z=19.25 rg=0.00
# RAD t=3980.00 0.75:-1.438e-06,0,1.0002,0.001244 2.25:2.096e-05,0,1.0002,0.01259 3.75:-4.176e-05,0,1.0001,0.06988 5.25:-1.581e-05,0,1.0001,0.1269 6.75:5.186e-05,0,0.9980,2.1 8.25:0.000118,0,0.9988,2.08 9.75:0.0001618,0,0.9981,4.147 11.25:-0.0004609,0,1.0000,0.5419
3990.000	5037.62262	9.81315921	0	0.746750778	5048.18253043	-3.603e-16	17935	16.101	14.087	16.511	0.022	0.0000	0.8455	1.0319	0.8500	0.9947	1.64967	1.64926	0.0000	0.0000	0.0000	-0.014935	-0.0042231	-0.0072872	0	0	0
# CONV t=3990.00 cond=0 evap=0 rough=0 back_s=0
# LEDGER t=3990.000 mode=3 sum_err=0 max|E-iEu|=1.110e-16 run_max_diff=0.000e+00 run_max_sum_err=0 steps=199500 E0_int=5048182530434780 sum=5048182530434780
# NETG t=3990.00 gates min=0.1534 mean=0.5655 edges=12
# LUMP t=3990.00 n=2 Emfree=9.81316 | m=7.11555 x=17.47 y=14.72 z=17.80 rg=2.86 | m=0.637842 x=15.21 y=13.58 z=19.25 rg=0.00
# RAD t=3990.00 0.75:6.576e-07,0,1.0003,0.0005851 2.25:1.301e-06,0,1.0002,0.009447 3.75:-8.884e-05,0,1.0001,0.05702 5.25:0.0002088,0,1.0001,0.1018 6.75:5.294e-06,0,0.9980,2.337 8.25:-1.353e-05,0,0.9988,2.063 9.75:-0.0001227,0,0.9981,4.156 11.25:-1.961e-05,0,1.0000,0.5585
4000.000	5037.62262	9.50587563	0	1.05403436	5048.18253043	-5.405e-16	17934	16.067	13.981	16.418	0.026	0.0000	0.8455	1.0453	0.8500	0.9947	1.64969	1.64926	0.0000	0.0000	0.0000	-0.0057028	-0.0089468	-0.010017	0	0	0
# CONV t=4000.00 cond=0 evap=0 rough=0 back_s=0
# LEDGER t=4000.000 mode=3 sum_err=0 max|E-iEu|=1.110e-16 run_max_diff=0.000e+00 run_max_sum_err=0 steps=200000 E0_int=5048182530434780 sum=5048182530434780
# NETG t=4000.00 gates min=0.0000 mean=0.2851 edges=12
# LUMP t=4000.00 n=2 Emfree=9.50588 | m=6.65685 x=17.59 y=14.67 z=17.86 rg=2.84 | m=0.636382 x=15.21 y=13.58 z=19.25 rg=0.00
# RAD t=4000.00 0.75:1.404e-06,0,1.0003,0.001339 2.25:-6.116e-06,0,1.0002,0.01105 3.75:-9.292e-05,0,1.0001,0.06665 5.25:0.0002275,0,1.0001,0.1179 6.75:2.189e-06,0,0.9980,1.969 8.25:2.15e-05,0,0.9988,2.101 9.75:-0.0001486,0,0.9981,4.096 11.25:8.747e-05,0,1.0000,0.5928
4010.000	5037.62262	9.85134401	0	0.708565977	5048.18253043	-5.405e-16	17934	16.055	14.020	16.433	0.025	0.0000	0.8455	1.0454	0.8500	0.9947	1.64973	1.64925	0.0000	0.0000	0.0000	0.00010698	-0.007365	-0.023626	0	0	0
# CONV t=4010.00 cond=0 evap=0 rough=0 back_s=0
# LEDGER t=4010.000 mode=3 sum_err=0 max|E-iEu|=1.110e-16 run_max_diff=0.000e+00 run_max_sum_err=0 steps=200500 E0_int=5048182530434780 sum=5048182530434780
# NETG t=4010.00 gates min=0.0000 mean=0.2756 edges=12
# LUMP t=4010.00 n=2 Emfree=9.85134 | m=6.98298 x=17.50 y=14.71 z=17.82 rg=2.85 | m=0.635162 x=15.21 y=13.58 z=19.25 rg=0.00
# RAD t=4010.00 0.75:1.266e-06,0,1.0002,0.001091 2.25:3.009e-06,0,1.0002,0.009085 3.75:-9.514e-05,0,1.0001,0.06935 5.25:0.0001553,0,1.0001,0.1183 6.75:2.647e-05,0,0.9981,2.252 8.25:-1.266e-05,0,0.9988,2.072 9.75:-0.0001224,0,0.9981,4.188 11.25:6.564e-05,0,1.0000,0.5921
4020.000	5037.62262	9.3461012	0	1.21380879	5048.18253043	-3.603e-16	17935	16.087	13.978	16.398	0.023	0.0000	0.8455	1.0433	0.8500	0.9947	1.64971	1.64926	0.0000	0.0000	0.0000	0.0080515	-0.0022803	-0.011114	0	0	0
# CONV t=4020.00 cond=0 evap=0 rough=0 back_s=0
# LEDGER t=4020.000 mode=3 sum_err=0 max|E-iEu|=1.110e-16 run_max_diff=0.000e+00 run_max_sum_err=0 steps=201000 E0_int=5048182530434780 sum=5048182530434780
# NETG t=4020.00 gates min=0.0001 mean=0.2834 edges=12
# LUMP t=4020.00 n=2 Emfree=9.3461 | m=6.51518 x=17.62 y=14.66 z=17.88 rg=2.84 | m=0.634038 x=15.21 y=13.58 z=19.25 rg=0.00
# RAD t=4020.00 0.75:4.724e-07,0,1.0002,0.0009343 2.25:-3.725e-07,0,1.0002,0.006198 3.75:-4.777e-05,0,1.0001,0.06621 5.25:8.678e-05,0,1.0001,0.1026 6.75:3.797e-05,0,0.9981,1.851 8.25:-0.0001231,0,0.9988,2.058 9.75:-0.0003641,0,0.9981,4.14 11.25:0.0002172,0,1.0000,0.5608
4030.000	5037.62262	9.7131518	0	0.846758185	5048.18253043	-5.405e-16	17935	16.053	14.005	16.390	0.024	0.0000	0.8455	1.0255	0.8500	0.9947	1.64973	1.64925	0.0000	0.0000	0.0000	0.0025133	-0.0023016	0.0034922	0	0	0
# CONV t=4030.00 cond=0 evap=0 rough=0 back_s=0
# LEDGER t=4030.000 mode=3 sum_err=0 max|E-iEu|=1.110e-16 run_max_diff=0.000e+00 run_max_sum_err=0 steps=201500 E0_int=5048182530434780 sum=5048182530434780
# NETG t=4030.00 gates min=0.0000 mean=0.2765 edges=12
# LUMP t=4030.00 n=2 Emfree=9.71315 | m=6.80769 x=17.53 y=14.70 z=17.83 rg=2.85 | m=0.632951 x=15.21 y=13.58 z=19.25 rg=0.00
# RAD t=4030.00 0.75:1.959e-07,0,1.0002,0.001333 2.25:-4.682e-06,0,1.0002,0.01087 3.75:1.858e-05,0,1.0001,0.06833 5.25:1.205e-05,0,1.0001,0.1173 6.75:9.25e-06,0,0.9981,2.129 8.25:-1.284e-05,0,0.9988,2.098 9.75:-0.0001194,0,0.9981,4.171 11.25:-0.0002182,0,1.0000,0.5781
4040.000	5037.62262	9.11997812	0	1.43993187	5048.18253043	-5.405e-16	17935	16.168	13.995	16.425	0.021	0.0000	0.8455	1.0113	0.8500	0.9947	1.64973	1.64925	0.0000	0.0000	0.0000	0.0028775	-0.00715	0.004977	0	0	0
# CONV t=4040.00 cond=0 evap=0 rough=0 back_s=0
# LEDGER t=4040.000 mode=3 sum_err=0 max|E-iEu|=1.110e-16 run_max_diff=0.000e+00 run_max_sum_err=0 steps=202000 E0_int=5048182530434780 sum=5048182530434780
# NETG t=4040.00 gates min=0.0000 mean=0.3784 edges=12
# LUMP t=4040.00 n=2 Emfree=9.11998 | m=6.36464 x=17.65 y=14.65 z=17.89 rg=2.83 | m=0.631934 x=15.21 y=13.58 z=19.25 rg=0.00
# RAD t=4040.00 0.75:3.838e-07,0,1.0002,0.001067 2.25:-1.414e-05,0,1.0003,0.004782 3.75:0.0001455,0,1.0001,0.04734 5.25:-0.0001782,0,1.0001,0.1044 6.75:0.0002227,0,0.9980,1.798 8.25:-0.0001481,0,0.9988,2.007 9.75:-5.283e-05,0,0.9981,4.115 11.25:-0.0001757,0,1.0000,0.5041
4050.000	5037.62262	9.56891791	0	0.990992079	5048.18253043	-5.405e-16	17934	16.117	13.986	16.427	0.022	0.0000	0.8455	1.0184	0.8500	0.9947	1.64971	1.64925	0.0000	0.0000	0.0000	0.011556	-0.018058	-0.0059494	0	0	0
# CONV t=4050.00 cond=0 evap=0 rough=0 back_s=0
# LEDGER t=4050.000 mode=3 sum_err=0 max|E-iEu|=1.110e-16 run_max_diff=0.000e+00 run_max_sum_err=0 steps=202500 E0_int=5048182530434780 sum=5048182530434780
# NETG t=4050.00 gates min=0.0000 mean=0.2118 edges=12
# LUMP t=4050.00 n=2 Emfree=9.56892 | m=6.69456 x=17.57 y=14.67 z=17.86 rg=2.85 | m=0.630859 x=15.21 y=13.58 z=19.25 rg=0.00
# RAD t=4050.00 0.75:1.193e-06,0,1.0002,0.001686 2.25:1.613e-05,0,1.0002,0.008584 3.75:6.571e-05,0,1.0001,0.04911 5.25:-0.0001537,0,1.0001,0.1255 6.75:0.0002244,0,0.9980,2.062 8.25:-0.0001796,0,0.9988,2.023 9.75:-0.0001333,0,0.9981,4.222 11.25:0.0001666,0,1.0000,0.5161
4060.000	5037.62262	9.7866855	0	0.773224485	5048.18253043	-3.603e-16	17934	16.187	14.058	16.493	0.018	0.0000	0.8455	1.0117	0.8500	0.9947	1.64968	1.64925	0.0000	0.0000	0.0000	0.0052427	-0.0030036	0.0040615	0	0	0
# CONV t=4060.00 cond=0 evap=0 rough=0 back_s=0
# LEDGER t=4060.000 mode=3 sum_err=0 max|E-iEu|=1.110e-16 run_max_diff=0.000e+00 run_max_sum_err=0 steps=203000 E0_int=5048182530434780 sum=5048182530434780
# NETG t=4060.00 gates min=0.0000 mean=0.3622 edges=12
# LUMP t=4060.00 n=2 Emfree=9.78669 | m=7.01676 x=17.48 y=14.71 z=17.81 rg=2.85 | m=0.629855 x=15.21 y=13.58 z=19.25 rg=0.00
# RAD t=4060.00 0.75:2.503e-06,0,1.0002,0.001364 2.25:1.803e-05,0,1.0002,0.005461 3.75:9.664e-07,0,1.0001,0.0319 5.25:-2.868e-05,0,1.0001,0.1101 6.75:-3.511e-05,0,0.9980,2.305 8.25:3.786e-06,0,0.9988,2.011 9.75:6.173e-05,0,0.9981,4.272 11.25:0.0001292,0,1.0000,0.4817
4070.000	5037.62262	9.40795026	0	1.15195973	5048.18253043	-3.603e-16	17933	16.188	13.976	16.446	0.020	0.0000	0.8455	1.001	0.8500	0.9947	1.64967	1.64924	0.0000	0.0000	0.0000	-0.0011867	0.005807	0.0056132	0	0	0
# CONV t=4070.00 cond=0 evap=0 rough=0 back_s=0
# LEDGER t=4070.000 mode=3 sum_err=0 max|E-iEu|=1.110e-16 run_max_diff=0.000e+00 run_max_sum_err=0 steps=203500 E0_int=5048182530434780 sum=5048182530434780
# NETG t=4070.00 gates min=0.0004 mean=0.4720 edges=12
# LUMP t=4070.00 n=2 Emfree=9.40795 | m=6.56055 x=17.61 y=14.66 z=17.88 rg=2.84 | m=0.628893 x=15.21 y=13.58 z=19.25 rg=0.00
# RAD t=4070.00 0.75:2.671e-06,0,1.0002,0.001802 2.25:-3.155e-07,0,1.0002,0.008611 3.75:1.156e-05,0,1.0001,0.04056 5.25:0.0001209,0,1.0001,0.1266 6.75:-0.0002194,0,0.9980,1.909 8.25:2.249e-05,0,0.9988,1.985 9.75:-0.0002375,0,0.9981,4.28 11.25:0.0002315,0,1.0000,0.4567
4080.000	5037.62262	9.752525	0	0.807384992	5048.18253043	-3.603e-16	17937	16.168	14.022	16.446	0.020	0.0000	0.8455	0.98167	0.8500	0.9947	1.64971	1.64923	0.0000	0.0000	0.0000	0.0073135	0.0019436	-0.0057502	0	0	0
# CONV t=4080.00 cond=0 evap=0 rough=0 back_s=0
# LEDGER t=4080.000 mode=3 sum_err=0 max|E-iEu|=1.110e-16 run_max_diff=0.000e+00 run_max_sum_err=0 steps=204000 E0_int=5048182530434780 sum=5048182530434780
# NETG t=4080.00 gates min=0.0000 mean=0.3600 edges=12
# LUMP t=4080.00 n=2 Emfree=9.75252 | m=6.85678 x=17.51 y=14.70 z=17.82 rg=2.85 | m=0.628066 x=15.21 y=13.58 z=19.25 rg=0.00
# RAD t=4080.00 0.75:3.093e-06,0,1.0002,0.002151 2.25:-4.464e-06,0,1.0002,0.01034 3.75:-8.134e-06,0,1.0002,0.04323 5.25:0.0001648,0,1.0001,0.13 6.75:-0.0001459,0,0.9981,2.184 8.25:-7.742e-05,0,0.9988,1.978 9.75:-0.0001717,0,0.9980,4.328 11.25:0.0001046,0,1.0000,0.4738
4090.000	5037.62262	9.22536722	0	1.33454277	5048.18253043	-3.603e-16	17936	16.229	13.994	16.411	0.019	0.0000	0.8455	0.97161	0.8500	0.9947	1.64972	1.64922	0.0000	0.0000	0.0000	0.0078371	-0.011194	-0.0045	0	0	0
# CONV t=4090.00 cond=0 evap=0 rough=0 back_s=0
# LEDGER t=4090.000 mode=3 sum_err=0 max|E-iEu|=1.110e-16 run_max_diff=0.000e+00 run_max_sum_err=0 steps=204500 E0_int=5048182530434780 sum=5048182530434780
# NETG t=4090.00 gates min=0.0000 mean=0.3347 edges=12
# LUMP t=4090.00 n=2 Emfree=9.22537 | m=6.38191 x=17.63 y=14.66 z=17.88 rg=2.84 | m=0.627145 x=15.21 y=13.58 z=19.25 rg=0.00
# RAD t=4090.00 0.75:1.824e-06,0,1.0002,0.001658 2.25:-2.712e-06,0,1.0002,0.004696 3.75:-2.04e-05,0,1.0001,0.0406 5.25:8.932e-05,0,1.0001,0.1187 6.75:-3.763e-05,0,0.9981,1.81 8.25:8.661e-05,0,0.9989,1.96 9.75:-0.0002954,0,0.9980,4.174 11.25:-0.0001531,0,1.0000,0.5198
4100.000	5037.62262	9.67518526	0	0.884724724	5048.18253043	-5.405e-16	17936	16.200	14.026	16.398	0.020	0.0000	0.8455	0.99228	0.8500	0.9947	1.64974	1.64921	0.0000	0.0000	0.0000	0.0049629	0.00027371	-0.017781	0	0	0
# CONV t=4100.00 cond=0 evap=0 rough=0 back_s=0
# LEDGER t=4100.000 mode=3 sum_err=0 max|E-iEu|=1.110e-16 run_max_diff=0.000e+00 run_max_sum_err=0 steps=205000 E0_int=5048182530434780 sum=5048182530434780
# NETG t=4100.00 gates min=0.0000 mean=0.3453 edges=12
# LUMP t=4100.00 n=2 Emfree=9.67519 | m=6.72097 x=17.55 y=14.68 z=17.85 rg=2.85 | m=0.626236 x=15.21 y=13.58 z=19.25 rg=0.00
# RAD t=4100.00 0.75:4.293e-07,0,1.0002,0.001764 2.25:-1.628e-06,0,1.0002,0.00938 3.75:8.657e-06,0,1.0001,0.04715 5.25:-1.179e-05,0,1.0001,0.1238 6.75:-9.03e-06,0,0.9981,2.081 8.25:2.171e-05,0,0.9989,1.974 9.75:-0.0004784,0,0.9980,4.223 11.25:-0.0001159,0,1.0000,0.6287
4110.000	5037.62262	9.09842307	0	1.46148692	5048.18253043	-3.603e-16	17936	16.303	14.011	16.406	0.016	0.0000	0.8455	0.98778	0.8500	0.9947	1.64975	1.64922	0.0000	0.0000	0.0000	-0.0014607	-0.0091597	0.0022472	0	0	0
# CONV t=4110.00 cond=0 evap=0 rough=0 back_s=0
# LEDGER t=4110.000 mode=3 sum_err=0 max|E-iEu|=1.110e-16 run_max_diff=0.000e+00 run_max_sum_err=0 steps=205500 E0_int=5048182530434780 sum=5048182530434780
# NETG t=4110.00 gates min=0.0000 mean=0.2783 edges=12
# LUMP t=4110.00 n=2 Emfree=9.09842 | m=6.28903 x=17.67 y=14.64 z=17.90 rg=2.83 | m=0.625326 x=15.21 y=13.58 z=19.25 rg=0.00
# RAD t=4110.00 0.75:-1.105e-06,0,1.0002,0.001132 2.25:-2.275e-06,0,1.0002,0.003661 3.75:0.0001389,0,1.0001,0.04246 5.25:-0.000214,0,1.0001,0.07461 6.75:3.471e-05,0,0.9981,1.71 8.25:4.435e-05,0,0.9988,1.992 9.75:-0.0002659,0,0.9981,4.03 11.25:-0.0004397,0,1.0000,0.6356
4120.000	5037.62262	9.54755151	0	1.01235848	5048.18253043	-5.405e-16	17936	16.211	13.956	16.352	0.018	0.0000	0.8455	0.97471	0.8500	0.9947	1.64975	1.64921	0.0000	0.0000	0.0000	0.0088961	-0.011688	-0.0093906	0	0	0
# CONV t=4120.00 cond=0 evap=0 rough=0 back_s=0
# LEDGER t=4120.000 mode=3 sum_err=0 max|E-iEu|=1.110e-16 run_max_diff=0.000e+00 run_max_sum_err=0 steps=206000 E0_int=5048182530434780 sum=5048182530434780
# NETG t=4120.00 gates min=0.0000 mean=0.2745 edges=12
# LUMP t=4120.00 n=2 Emfree=9.54755 | m=6.57421 x=17.58 y=14.67 z=17.86 rg=2.84 | m=0.624507 x=15.21 y=13.58 z=19.25 rg=0.00
# RAD t=4120.00 0.75:-1.543e-06,0,1.0002,0.001345 2.25:1.162e-06,0,1.0002,0.0069 3.75:0.0001624,0,1.0001,0.0527 5.25:-0.0001646,0,1.0001,0.09922 6.75:-1.907e-05,0,0.9981,1.964 8.25:7.139e-05,0,0.9988,2.018 9.75:-0.0002299,0,0.9981,4.131 11.25:-0.0005198,0,1.0000,0.6451
4130.000	5037.62262	9.77788765	0	0.782022334	5048.18253043	-5.405e-16	17937	16.256	14.015	16.411	0.016	0.0000	0.8455	0.96338	0.8500	0.9947	1.64973	1.64921	0.0000	0.0000	0.0000	-0.010763	-0.0002221	-0.015387	0	0	0
# CONV t=4130.00 cond=0 evap=0 rough=0 back_s=0
# LEDGER t=4130.000 mode=3 sum_err=0 max|E-iEu|=1.110e-16 run_max_diff=0.000e+00 run_max_sum_err=0 steps=206500 E0_int=5048182530434780 sum=5048182530434780
# NETG t=4130.00 gates min=0.0000 mean=0.3761 edges=12
# LUMP t=4130.00 n=2 Emfree=9.77789 | m=6.88745 x=17.50 y=14.71 z=17.82 rg=2.85 | m=0.623889 x=15.21 y=13.58 z=19.25 rg=0.00
# RAD t=4130.00 0.75:-9.133e-07,0,1.0002,0.001104 2.25:6.451e-06,0,1.0002,0.006244 3.75:6.757e-05,0,1.0001,0.05217 5.25:-1.097e-05,0,1.0001,0.08412 6.75:9.255e-06,0,0.9981,2.233 8.25:-6.665e-05,0,0.9988,1.952 9.75:-0.0001765,0,0.9981,4.162 11.25:-0.0005069,0,1.0000,0.6609
4140.000	5037.62262	9.33382145	0	1.22608854	5048.18253043	-3.603e-16	17937	16.250	13.966	16.304	0.016	0.0000	0.8455	0.95104	0.8500	0.9947	1.64967	1.64921	0.0000	0.0000	0.0000	0.0081526	-0.0025749	-0.010181	0	0	0
# CONV t=4140.00 cond=0 evap=0 rough=0 back_s=0
# LEDGER t=4140.000 mode=3 sum_err=0 max|E-iEu|=1.110e-16 run_max_diff=0.000e+00 run_max_sum_err=0 steps=207000 E0_int=5048182530434780 sum=5048182530434780
# NETG t=4140.00 gates min=0.0000 mean=0.2878 edges=12
# LUMP t=4140.00 n=2 Emfree=9.33382 | m=6.39611 x=17.61 y=14.67 z=17.86 rg=2.84 | m=0.623483 x=15.21 y=13.58 z=19.25 rg=0.00
# RAD t=4140.00 0.75:1.082e-07,0,1.0002,0.002165 2.25:3.229e-06,0,1.0002,0.007416 3.75:6.833e-05,0,1.0001,0.05055 5.25:4.367e-05,0,1.0001,0.08031 6.75:1.432e-05,0,0.9981,1.831 8.25:1.498e-05,0,0.9988,1.999 9.75:-9.567e-05,0,0.9981,4.071 11.25:-0.0005817,0,1.0000,0.6266
4150.000	5037.62262	9.72945478	0	0.83045521	5048.18253043	-5.405e-16	17938	16.259	13.987	16.344	0.018	0.0000	0.8455	0.95926	0.8500	0.9947	1.64965	1.64922	0.0000	0.0000	0.0000	0.010041	0.012757	0.0034511	0	0	0
# CONV t=4150.00 cond=0 evap=0 rough=0 back_s=0
# LEDGER t=4150.000 mode=3 sum_err=0 max|E-iEu|=1.110e-16 run_max_diff=0.000e+00 run_max_sum_err=0 steps=207500 E0_int=5048182530434780 sum=5048182530434780
# NETG t=4150.00 gates min=0.0001 mean=0.3494 edges=12
# LUMP t=4150.00 n=2 Emfree=9.72945 | m=6.74597 x=17.53 y=14.69 z=17.83 rg=2.85 | m=0.622698 x=15.21 y=13.58 z=19.25 rg=0.00
# RAD t=4150.00 0.75:4.4e-07,0,1.0002,0.002647 2.25:4.551e-06,0,1.0002,0.01242 3.75:7.978e-05,0,1.0001,0.05015 5.25:5.461e-05,0,1.0001,0.09609 6.75:-0.0002081,0,0.9981,2.08 8.25:0.0001082,0,0.9988,2.027 9.75:-0.0002202,0,0.9981,4.211 11.25:-8.728e-05,0,1.0000,0.5915
4160.000	5037.62262	9.24170995	0	1.31820004	5048.18253043	-5.405e-16	17938	16.330	13.969	16.317	0.016	0.0000	0.8455	0.93108	0.8500	0.9947	1.64964	1.64921	0.0000	0.0000	0.0000	0.016429	-0.0045908	-0.0059106	0	0	0
# CONV t=4160.00 cond=0 evap=0 rough=0 back_s=0
# LEDGER t=4160.000 mode=3 sum_err=0 max|E-iEu|=1.110e-16 run_max_diff=0.000e+00 run_max_sum_err=0 steps=208000 E0_int=5048182530434780 sum=5048182530434780
# NETG t=4160.00 gates min=0.0000 mean=0.3940 edges=12
# LUMP t=4160.00 n=2 Emfree=9.24171 | m=6.31294 x=17.65 y=14.64 z=17.89 rg=2.83 | m=0.622085 x=15.21 y=13.58 z=19.25 rg=0.00
# RAD t=4160.00 0.75:1.265e-06,0,1.0001,0.002535 2.25:1.662e-05,0,1.0002,0.004704 3.75:5.177e-05,0,1.0001,0.04246 5.25:-2.977e-05,0,1.0001,0.09456 6.75:-4.666e-05,0,0.9981,1.736 8.25:-4.698e-05,0,0.9988,2.012 9.75:-0.0002269,0,0.9981,4.095 11.25:1.508e-06,0,1.0000,0.6054
4170.000	5037.62262	9.61827917	0	0.941630823	5048.18253043	-3.603e-16	17937	16.279	13.977	16.326	0.019	0.0000	0.8455	0.92195	0.8500	0.9947	1.64959	1.64920	0.0000	0.0000	0.0000	0.0092835	-0.0062199	0.00018106	0	0	0
# CONV t=4170.00 cond=0 evap=0 rough=0 back_s=0
# LEDGER t=4170.000 mode=3 sum_err=0 max|E-iEu|=1.110e-16 run_max_diff=0.000e+00 run_max_sum_err=0 steps=208500 E0_int=5048182530434780 sum=5048182530434780
# NETG t=4170.00 gates min=0.0000 mean=0.2924 edges=12
# LUMP t=4170.00 n=2 Emfree=9.61828 | m=6.61186 x=17.56 y=14.68 z=17.85 rg=2.85 | m=0.621696 x=15.21 y=13.58 z=19.25 rg=0.00
# RAD t=4170.00 0.75:1.093e-06,0,1.0001,0.003368 2.25:1.942e-05,0,1.0002,0.008776 3.75:1.825e-05,0,1.0001,0.04635 5.25:-4.343e-05,0,1.0001,0.1199 6.75:2.196e-05,0,0.9981,1.987 8.25:5.677e-06,0,0.9988,2.012 9.75:-0.0005943,0,0.9981,4.174 11.25:0.0002725,0,1.0000,0.5871
4180.000	5037.62262	9.80590062	0	0.754009373	5048.18253043	-3.603e-16	17937	16.333	14.071	16.378	0.016	0.0000	0.8455	0.93064	0.8500	0.9947	1.64944	1.64919	0.0000	0.0000	0.0000	0.006898	-0.010314	-0.0097491	0	0	0
# CONV t=4180.00 cond=0 evap=0 rough=0 back_s=0
# LEDGER t=4180.000 mode=3 sum_err=0 max|E-iEu|=1.110e-16 run_max_diff=0.000e+00 run_max_sum_err=0 steps=209000 E0_int=5048182530434780 sum=5048182530434780
# NETG t=4180.00 gates min=0.0000 mean=0.4504 edges=12
# LUMP t=4180.00 n=2 Emfree=9.8059 | m=6.92962 x=17.48 y=14.71 z=17.81 rg=2.85 | m=0.621286 x=15.21 y=13.58 z=19.25 rg=0.00
# RAD t=4180.00 0.75:2.156e-06,0,1.0001,0.004274 2.25:2.71e-05,0,1.0002,0.005403 3.75:-1.189e-05,0,1.0001,0.03577 5.25:-6.692e-05,0,1.0001,0.1007 6.75:4.996e-05,0,0.9981,2.245 8.25:-6.591e-05,0,0.9988,1.968 9.75:-0.0005773,0,0.9981,4.188 11.25:5.17e-07,0,1.0000,0.5645
4190.000	5037.62262	9.4252333	0	1.13467669	5048.18253043	-5.405e-16	17936	16.307	13.942	16.293	0.020	0.0000	0.8455	0.93039	0.8500	0.9947	1.64918	1.64919	0.0000	0.0000	0.0000	0.01796	-0.0091854	0.0029457	0	0	0
# CONV t=4190.00 cond=0 evap=0 rough=0 back_s=0
# LEDGER t=4190.000 mode=3 sum_err=0 max|E-iEu|=1.110e-16 run_max_diff=0.000e+00 run_max_sum_err=0 steps=209500 E0_int=5048182530434780 sum=5048182530434780
# NETG t=4190.00 gates min=0.0000 mean=0.3467 edges=12
# LUMP t=4190.00 n=2 Emfree=9.42523 | m=6.43182 x=17.59 y=14.68 z=17.85 rg=2.84 | m=0.620749 x=15.21 y=13.58 z=19.25 rg=0.00
# RAD t=4190.00 0.75:2.226e-06,0,1.0000,0.007401 2.25:4.225e-05,0,1.0002,0.01164 3.75:-0.0001126,0,1.0001,0.04364 5.25:-4.172e-05,0,1.0001,0.1183 6.75:3.837e-05,0,0.9981,1.906 8.25:0.0001723,0,0.9988,1.985 9.75:-0.0002845,0,0.9981,4.062 11.25:-0.0005636,0,1.0000,0.5592
4200.000	5037.62262	9.81067419	0	0.749235797	5048.18253043	-3.603e-16	17935	16.341	13.958	16.334	0.019	0.0000	0.8455	0.94024	0.8500	0.9947	1.64919	1.64919	0.0000	0.0000	0.0000	0.014731	-0.0064635	-0.013293	0	0	0
# CONV t=4200.00 cond=0 evap=0 rough=0 back_s=0
# LEDGER t=4200.000 mode=3 sum_err=0 max|E-iEu|=1.110e-16 run_max_diff=0.000e+00 run_max_sum_err=0 steps=210000 E0_int=5048182530434780 sum=5048182530434780
# NETG t=4200.00 gates min=0.0000 mean=0.2528 edges=12
# LUMP t=4200.00 n=2 Emfree=9.81067 | m=6.78953 x=17.51 y=14.70 z=17.82 rg=2.85 | m=0.619488 x=15.21 y=13.58 z=19.25 rg=0.00
# RAD t=4200.00 0.75:4.196e-06,0,0.9999,0.008437 2.25:4.496e-05,0,1.0002,0.01112 3.75:9.427e-06,0,1.0001,0.04965 5.25:-5.045e-05,0,1.0001,0.1051 6.75:2.975e-06,0,0.9981,2.189 8.25:0.0002073,0,0.9988,2.004 9.75:-0.0003753,0,0.9981,4.155 11.25:-0.000146,0,1.0000,0.5167
4210.000	5037.62262	9.34875926	0	1.21115073	5048.18253043	-3.603e-16	17933	16.394	13.889	16.282	0.018	0.0000	0.8455	0.94069	0.8500	0.9947	1.64945	1.64918	0.0000	0.0000	0.0000	0.0047891	-0.0033867	-0.0051191	0	0	0
# CONV t=4210.00 cond=0 evap=0 rough=0 back_s=0
# LEDGER t=4210.000 mode=3 sum_err=0 max|E-iEu|=1.110e-16 run_max_diff=0.000e+00 run_max_sum_err=0 steps=210500 E0_int=5048182530434780 sum=5048182530434780
# NETG t=4210.00 gates min=0.0000 mean=0.2476 edges=12
# LUMP t=4210.00 n=2 Emfree=9.34876 | m=6.35799 x=17.63 y=14.65 z=17.88 rg=2.84 | m=0.618187 x=15.21 y=13.58 z=19.25 rg=0.00
# RAD t=4210.00 0.75:2.081e-06,0,0.9999,0.005691 2.25:2.053e-05,0,1.0002,0.005808 3.75:4.843e-05,0,1.0001,0.04029 5.25:-2.574e-05,0,1.0001,0.1092 6.75:-9.903e-07,0,0.9981,1.834 8.25:3.634e-05,0,0.9988,1.992 9.75:-0.0002826,0,0.9981,4.07 11.25:0.0001416,0,1.0000,0.4784
4220.000	5037.62262	9.7185269	0	0.841383086	5048.18253043	-5.405e-16	17933	16.370	13.917	16.284	0.019	0.0000	0.8455	0.9515	0.8500	0.9947	1.64950	1.64918	0.0000	0.0000	0.0000	0.017539	-0.0018586	-0.021969	0	0	0
# CONV t=4220.00 cond=0 evap=0 rough=0 back_s=0
# LEDGER t=4220.000 mode=3 sum_err=0 max|E-iEu|=1.110e-16 run_max_diff=0.000e+00 run_max_sum_err=0 steps=211000 E0_int=5048182530434780 sum=5048182530434780
# NETG t=4220.00 gates min=0.0000 mean=0.2913 edges=12
# LUMP t=4220.00 n=2 Emfree=9.71853 | m=6.65836 x=17.54 y=14.68 z=17.84 rg=2.85 | m=0.617036 x=15.21 y=13.58 z=19.25 rg=0.00
# RAD t=4220.00 0.75:4.627e-07,0,0.9999,0.003804 2.25:8.076e-07,0,1.0002,0.00871 3.75:2.423e-06,0,1.0001,0.04361 5.25:-6.85e-05,0,1.0001,0.115 6.75:5.035e-05,0,0.9981,2.109 8.25:5.344e-05,0,0.9988,2.034 9.75:-0.0003881,0,0.9981,4.063 11.25:0.0004156,0,1.0000,0.5088
4230.000	5037.62262	9.19113739	0	1.36877259	5048.18253043	-5.405e-16	17934	16.454	13.892	16.264	0.015	0.0000	0.8455	0.95255	0.8500	0.9947	1.64963	1.64918	0.0000	0.0000	0.0000	0.003787	-0.0050741	-0.0062669	0	0	0
# CONV t=4230.00 cond=0 evap=0 rough=0 back_s=0
# LEDGER t=4230.000 mode=3 sum_err=0 max|E-iEu|=1.110e-16 run_max_diff=0.000e+00 run_max_sum_err=0 steps=211500 E0_int=5048182530434780 sum=5048182530434780
# NETG t=4230.00 gates min=0.0000 mean=0.3585 edges=12
# LUMP t=4230.00 n=2 Emfree=9.19114 | m=6.24627 x=17.66 y=14.64 z=17.89 rg=2.83 | m=0.615912 x=15.21 y=13.58 z=19.25 rg=0.00
# RAD t=4230.00 0.75:-2.218e-06,0,1.0000,0.002464 2.25:-1.324e-05,0,1.0002,0.003486 3.75:-4.935e-06,0,1.0001,0.03676 5.25:-7.998e-05,0,1.0001,0.08257 6.75:5.993e-05,0,0.9981,1.776 8.25:-3.376e-06,0,0.9988,1.974 9.75:-0.0001734,0,0.9981,3.975 11.25:7.605e-05,0,1.0000,0.5182
4240.000	5037.62262	9.57447028	0	0.985439709	5048.18253043	-3.603e-16	17935	16.397	13.931	16.253	0.018	0.0000	0.8455	0.93519	0.8500	0.9947	1.64966	1.64917	0.0000	0.0000	0.0000	0.015628	0.010616	0.00070361	0	0	0
# CONV t=4240.00 cond=0 evap=0 rough=0 back_s=0
# LEDGER t=4240.000 mode=3 sum_err=0 max|E-iEu|=1.110e-16 run_max_diff=0.000e+00 run_max_sum_err=0 steps=212000 E0_int=5048182530434780 sum=5048182530434780
# NETG t=4240.00 gates min=0.0000 mean=0.3841 edges=12
# LUMP t=4240.00 n=2 Emfree=9.57447 | m=6.50952 x=17.59 y=14.68 z=17.85 rg=2.84 | m=0.614975 x=15.21 y=13.58 z=19.25 rg=0.00
# RAD t=4240.00 0.75:-2.889e-06,0,1.0001,0.002711 2.25:-1.857e-05,0,1.0002,0.007138 3.75:-4.877e-05,0,1.0001,0.05051 5.25:8.587e-06,0,1.0001,0.09837 6.75:5.928e-05,0,0.9981,2.004 8.25:-4.343e-05,0,0.9988,1.993 9.75:-3.247e-05,0,0.9981,4.022 11.25:-0.0001861,0,1.0000,0.5718
4250.000	5037.62262	9.77685612	0	0.783053873	5048.18253043	-5.405e-16	17935	16.418	14.029	16.307	0.015	0.0000	0.8455	0.94315	0.8500	0.9947	1.64969	1.64918	0.0000	0.0000	0.0000	0.0097356	-0.0031807	-0.010655	0	0	0
# CONV t=4250.00 cond=0 evap=0 rough=0 back_s=0
# LEDGER t=4250.000 mode=3 sum_err=0 max|E-iEu|=1.110e-16 run_max_diff=0.000e+00 run_max_sum_err=0 steps=212500 E0_int=5048182530434780 sum=5048182530434780
# NETG t=4250.00 gates min=0.0000 mean=0.3020 edges=12
# LUMP t=4250.00 n=2 Emfree=9.77686 | m=6.82548 x=17.50 y=14.71 z=17.81 rg=2.85 | m=0.613949 x=15.21 y=13.58 z=19.25 rg=0.00
# RAD t=4250.00 0.75:-2.548e-06,0,1.0001,0.001189 2.25:-1.864e-05,0,1.0002,0.004526 3.75:-6.612e-05,0,1.0001,0.04595 5.25:0.000115,0,1.0001,0.08335 6.75:3.941e-05,0,0.9981,2.258 8.25:-0.0001298,0,0.9988,1.938 9.75:-0.0001505,0,0.9981,4.129 11.25:1.834e-05,0,1.0000,0.505
4260.000	5037.62262	9.47702552	0	1.08288447	5048.18253043	-5.405e-16	17935	16.442	13.894	16.227	0.017	0.0000	0.8455	0.95561	0.8500	0.9947	1.64969	1.64918	0.0000	0.0000	0.0000	0.0038655	0.0068148	-0.0023302	0	0	0
# CONV t=4260.00 cond=0 evap=0 rough=0 back_s=0
# LEDGER t=4260.000 mode=3 sum_err=0 max|E-iEu|=1.110e-16 run_max_diff=0.000e+00 run_max_sum_err=0 steps=213000 E0_int=5048182530434780 sum=5048182530434780
# NETG t=4260.00 gates min=0.0000 mean=0.2812 edges=12
# LUMP t=4260.00 n=2 Emfree=9.47703 | m=6.42768 x=17.63 y=14.65 z=17.88 rg=2.84 | m=0.612826 x=15.21 y=13.58 z=19.25 rg=0.00
# RAD t=4260.00 0.75:-1.98e-06,0,1.0001,0.001532 2.25:-1.539e-05,0,1.0002,0.005682 3.75:-2.693e-05,0,1.0001,0.05958 5.25:6.856e-05,0,1.0001,0.08668 6.75:2.868e-05,0,0.9981,1.878 8.25:-0.0003058,0,0.9989,1.968 9.75:-2.968e-05,0,0.9981,4.154 11.25:9.662e-05,0,1.0000,0.4979
4270.000	5037.62262	9.77110559	0	0.788804401	5048.18253043	-3.603e-16	17935	16.433	13.953	16.268	0.018	0.0000	0.8455	0.97491	0.8500	0.9947	1.64971	1.64918	0.0000	0.0000	0.0000	-0.0025907	-0.004716	0.0036499	0	0	0
# CONV t=4270.00 cond=0 evap=0 rough=0 back_s=0
# LEDGER t=4270.000 mode=3 sum_err=0 max|E-iEu|=1.110e-16 run_max_diff=0.000e+00 run_max_sum_err=0 steps=213500 E0_int=5048182530434780 sum=5048182530434780
# NETG t=4270.00 gates min=0.0000 mean=0.2205 edges=12
# LUMP t=4270.00 n=2 Emfree=9.77111 | m=6.70653 x=17.54 y=14.69 z=17.83 rg=2.85 | m=0.611503 x=15.21 y=13.58 z=19.25 rg=0.00
# RAD t=4270.00 0.75:-1.426e-06,0,1.0001,0.001511 2.25:-1.118e-05,0,1.0002,0.008232 3.75:-1.316e-05,0,1.0001,0.06264 5.25:4.326e-05,0,1.0001,0.08762 6.75:-1.867e-05,0,0.9981,2.118 8.25:-0.0003892,0,0.9989,1.966 9.75:-0.0001559,0,0.9981,4.228 11.25:0.0002264,0,1.0000,0.4992
4280.000	5037.62262	9.3963992	0	1.16351079	5048.18253043	-5.405e-16	17935	16.486	13.830	16.236	0.016	0.0000	0.8455	0.98014	0.8500	0.9947	1.64964	1.64919	0.0000	0.0000	0.0000	0.0057737	-0.008287	0.0071465	0	0	0
# CONV t=4280.00 cond=0 evap=0 rough=0 back_s=0
# LEDGER t=4280.000 mode=3 sum_err=0 max|E-iEu|=1.110e-16 run_max_diff=0.000e+00 run_max_sum_err=0 steps=214000 E0_int=5048182530434780 sum=5048182530434780
# NETG t=4280.00 gates min=0.0000 mean=0.2394 edges=12
# LUMP t=4280.00 n=2 Emfree=9.3964 | m=6.34493 x=17.66 y=14.63 z=17.90 rg=2.83 | m=0.610188 x=15.21 y=13.58 z=19.25 rg=0.00
# RAD t=4280.00 0.75:-1.824e-06,0,1.0001,0.001672 2.25:-7.813e-06,0,1.0002,0.007146 3.75:3.456e-05,0,1.0001,0.04356 5.25:-2.538e-05,0,1.0001,0.08735 6.75:-8.3e-05,0,0.9981,1.782 8.25:-0.000348,0,0.9989,1.966 9.75:0.0002119,0,0.9981,4.203 11.25:-0.0001578,0,1.0001,0.4772
4290.000	5037.62262	9.70202683	0	0.857883157	5048.18253043	-5.405e-16	17936	16.435	13.850	16.235	0.018	0.0000	0.8455	0.97783	0.8500	0.9947	1.64954	1.64919	0.0000	0.0000	0.0000	0.0056689	0.00056603	-0.0090014	0	0	0
# CONV t=4290.00 cond=0 evap=0 rough=0 back_s=0
# LEDGER t=4290.000 mode=3 sum_err=0 max|E-iEu|=1.109e-16 run_max_diff=0.000e+00 run_max_sum_err=0 steps=214500 E0_int=5048182530434780 sum=5048182530434780
# NETG t=4290.00 gates min=0.0000 mean=0.2795 edges=12
# LUMP t=4290.00 n=2 Emfree=9.70203 | m=6.57535 x=17.58 y=14.67 z=17.85 rg=2.85 | m=0.608899 x=15.21 y=13.58 z=19.25 rg=0.00
# RAD t=4290.00 0.75:-2.735e-06,0,1.0001,0.002485 2.25:1.03e-05,0,1.0002,0.0146 3.75:5.36e-05,0,1.0001,0.03978 5.25:-8.798e-05,0,1.0001,0.1011 6.75:-9.173e-05,0,0.9981,2.017 8.25:-0.000146,0,0.9989,2 9.75:0.0002285,0,0.9981,4.21 11.25:-0.0003096,0,1.0000,0.5105
4300.000	5037.62262	9.2805051	0	1.27940489	5048.18253043	-3.603e-16	17938	16.505	13.818	16.258	0.014	0.0000	0.8455	0.98467	0.8500	0.9947	1.64953	1.64918	0.0000	0.0000	0.0000	0.0078463	0.0088694	0.013904	0	0	0
# CONV t=4300.00 cond=0 evap=0 rough=0 back_s=0
# LEDGER t=4300.000 mode=3 sum_err=0 max|E-iEu|=1.110e-16 run_max_diff=0.000e+00 run_max_sum_err=0 steps=215000 E0_int=5048182530434780 sum=5048182530434780
# NETG t=4300.00 gates min=0.0000 mean=0.1948 edges=12
# LUMP t=4300.00 n=2 Emfree=9.28051 | m=6.25335 x=17.70 y=14.60 z=17.92 rg=2.83 | m=0.607718 x=15.21 y=13.58 z=19.25 rg=0.00
# RAD t=4300.00 0.75:-1.504e-06,0,1.0001,0.001662 2.25:2.062e-05,0,1.0002,0.008732 3.75:2.754e-05,0,1.0001,0.02713 5.25:-5.603e-05,0,1.0001,0.08936 6.75:-0.0001108,0,0.9981,1.67 8.25:-0.00016,0,0.9988,2.027 9.75:-9.014e-05,0,0.9981,4.172 11.25:-0.0001269,0,1.0000,0.5292
4310.000	5037.62262	9.61421432	0	0.945695668	5048.18253043	-3.603e-16	17938	16.441	13.854	16.191	0.018	0.0000	0.8455	1.0112	0.8500	0.9947	1.64960	1.64919	0.0000	0.0000	0.0000	2.6955e-05	0.010181	0.0025072	0	0	0
# CONV t=4310.00 cond=0 evap=0 rough=0 back_s=0
# LEDGER t=4310.000 mode=3 sum_err=0 max|E-iEu|=1.110e-16 run_max_diff=0.000e+00 run_max_sum_err=0 steps=215500 E0_int=5048182530434780 sum=5048182530434780
# NETG t=4310.00 gates min=0.0000 mean=0.3040 edges=12
# LUMP t=4310.00 n=2 Emfree=9.61421 | m=6.46397 x=17.61 y=14.65 z=17.87 rg=2.84 | m=0.606824 x=15.21 y=13.58 z=19.25 rg=0.00
# RAD t=4310.00 0.75:-1.923e-07,0,1.0001,0.001648 2.25:1.161e-05,0,1.0002,0.01336 3.75:1.549e-06,0,1.0001,0.03468 5.25:-2.908e-05,0,1.0001,0.1131 6.75:-0.0001027,0,0.9981,1.9 8.25:-0.0002836,0,0.9988,2.08 9.75:-0.0001213,0,0.9981,4.153 11.25:-6.232e-05,0,1.0000,0.5616
4320.000	5037.62262	9.7793752	0	0.780534791	5048.18253043	-5.405e-16	17938	16.412	13.931	16.237	0.017	0.0000	0.8455	1.0151	0.8500	0.9947	1.64959	1.64919	0.0000	0.0000	0.0000	0.0059141	0.0091987	-0.015795	0	0	0
# CONV t=4320.00 cond=0 evap=0 rough=0 back_s=0
# LEDGER t=4320.000 mode=3 sum_err=0 max|E-iEu|=1.110e-16 run_max_diff=0.000e+00 run_max_sum_err=0 steps=216000 E0_int=5048182530434780 sum=5048182530434780
# NETG t=4320.00 gates min=0.0000 mean=0.2591 edges=12
# LUMP t=4320.00 n=2 Emfree=9.77938 | m=6.68457 x=17.51 y=14.71 z=17.81 rg=2.85 | m=0.606057 x=15.21 y=13.58 z=19.25 rg=0.00
# RAD t=4320.00 0.75:-1.928e-08,0,1.0001,0.001171 2.25:6.387e-06,0,1.0002,0.01027 3.75:-2.985e-05,0,1.0002,0.02275 5.25:2.855e-05,0,1.0001,0.1253 6.75:-0.0001132,0,0.9981,2.175 8.25:-0.000317,0,0.9988,2.041 9.75:-5.635e-06,0,0.9981,4.052 11.25:2.745e-05,0,1.0000,0.6348
4330.000	5037.62262	9.37311525	0	1.18679473	5048.18253043	-3.603e-16	17939	16.446	13.865	16.185	0.018	0.0000	0.8455	0.97905	0.8500	0.9947	1.64965	1.64919	0.0000	0.0000	0.0000	-0.043372	-0.022504	0.0054148	0	0	0
# CONV t=4330.00 cond=0 evap=0 rough=0 back_s=0
# LEDGER t=4330.000 mode=3 sum_err=0 max|E-iEu|=1.110e-16 run_max_diff=0.000e+00 run_max_sum_err=0 steps=216500 E0_int=5048182530434780 sum=5048182530434780
# NETG t=4330.00 gates min=0.0000 mean=0.3235 edges=12
# LUMP t=4330.00 n=2 Emfree=9.37312 | m=6.285 x=17.64 y=14.65 z=17.88 rg=2.84 | m=0.605366 x=15.21 y=13.58 z=19.25 rg=0.00
# RAD t=4330.00 0.75:-4.4e-08,0,1.0001,0.001128 2.25:-4.195e-06,0,1.0002,0.01206 3.75:-1.231e-05,0,1.0002,0.0244 5.25:-4.535e-05,0,1.0001,0.1255 6.75:0.0001186,0,0.9981,1.83 8.25:-0.0005823,0,0.9988,1.97 9.75:0.0002651,0,0.9981,4.029 11.25:-0.0001562,0,1.0000,0.6729
4340.000	5037.62262	9.66452222	0	0.895387771	5048.18253043	-5.405e-16	17939	16.413	13.908	16.204	0.019	0.0000	0.8455	0.96614	0.8500	0.9947	1.64967	1.64919	0.0000	0.0000	0.0000	0.011395	0.0022279	-0.012582	0	0	0
# CONV t=4340.00 cond=0 evap=0 rough=0 back_s=0
# LEDGER t=4340.000 mode=3 sum_err=0 max|E-iEu|=1.110e-16 run_max_diff=0.000e+00 run_max_sum_err=0 steps=217000 E0_int=5048182530434780 sum=5048182530434780
# NETG t=4340.00 gates min=0.0000 mean=0.3746 edges=12
# LUMP t=4340.00 n=2 Emfree=9.66452 | m=6.53668 x=17.54 y=14.69 z=17.83 rg=2.85 | m=0.604596 x=15.21 y=13.58 z=19.25 rg=0.00
# RAD t=4340.00 0.75:-1.093e-06,0,1.0002,0.001365 2.25:-7.568e-06,0,1.0001,0.01213 3.75:-2.398e-05,0,1.0002,0.0256 5.25:-2.298e-05,0,1.0001,0.1358 6.75:-3.009e-05,0,0.9981,2.085 8.25:-4.883e-05,0,0.9989,1.983 9.75:-6.243e-05,0,0.9981,4.073 11.25:-0.0001468,0,0.9999,0.6448
4350.000	5037.62262	9.2899867	0	1.26992329	5048.18253043	-3.603e-16	17939	16.506	13.860	16.204	0.020	0.0000	0.8455	0.98633	0.8500	0.9947	1.64965	1.64919	0.0000	0.0000	0.0000	0.0076224	0.0029187	-0.015512	0	0	0
# CONV t=4350.00 cond=0 evap=0 rough=0 back_s=0
# LEDGER t=4350.000 mode=3 sum_err=0 max|E-iEu|=1.110e-16 run_max_diff=0.000e+00 run_max_sum_err=0 steps=217500 E0_int=5048182530434780 sum=5048182530434780
# NETG t=4350.00 gates min=0.0000 mean=0.2349 edges=12
# LUMP t=4350.00 n=2 Emfree=9.28999 | m=6.2383 x=17.68 y=14.61 z=17.91 rg=2.83 | m=0.603754 x=15.21 y=13.58 z=19.25 rg=0.00
# RAD t=4350.00 0.75:-1.896e-06,0,1.0002,0.0008049 2.25:-8.25e-06,0,1.0002,0.01245 3.75:-3.951e-05,0,1.0002,0.02727 5.25:-2.279e-05,0,1.0001,0.1332 6.75:-9.294e-06,0,0.9981,1.734 8.25:0.0003919,0,0.9989,1.938 9.75:-0.0003614,0,0.9981,4.113 11.25:9.479e-05,0,1.0000,0.6111
4360.000	5037.62262	9.63118841	0	0.928721581	5048.18253043	-5.405e-16	17939	16.442	13.877	16.167	0.021	0.0000	0.8455	1.0134	0.8500	0.9947	1.64955	1.64917	0.0000	0.0000	0.0000	-9.9641e-05	-0.0028504	-0.013928	0	0	0
# CONV t=4360.00 cond=0 evap=0 rough=0 back_s=0
# LEDGER t=4360.000 mode=3 sum_err=0 max|E-iEu|=1.110e-16 run_max_diff=0.000e+00 run_max_sum_err=0 steps=218000 E0_int=5048182530434780 sum=5048182530434780
# NETG t=4360.00 gates min=0.0000 mean=0.2198 edges=12
# LUMP t=4360.00 n=2 Emfree=9.63119 | m=6.46642 x=17.60 y=14.66 z=17.86 rg=2.84 | m=0.602906 x=15.21 y=13.58 z=19.25 rg=0.00
# RAD t=4360.00 0.75:-4.034e-06,0,1.0002,0.000838 2.25:-6.675e-06,0,1.0002,0.01537 3.75:3.884e-07,0,1.0002,0.03285 5.25:-8.64e-05,0,1.0001,0.1382 6.75:0.0001072,0,0.9981,2.002 8.25:0.0003679,0,0.9989,1.917 9.75:-0.0006839,0,0.9981,4.156 11.25:0.0003252,0,1.0000,0.6051
4370.000	5037.62262	9.79945866	0	0.760451331	5048.18253043	-3.603e-16	17939	16.441	13.957	16.165	0.017	0.0000	0.8455	1.0286	0.8500	0.9947	1.64919	1.64916	0.0000	0.0000	0.0000	0.0011164	-0.0099836	-0.018588	0	0	0
# CONV t=4370.00 cond=0 evap=0 rough=0 back_s=0
# LEDGER t=4370.000 mode=3 sum_err=0 max|E-iEu|=1.110e-16 run_max_diff=0.000e+00 run_max_sum_err=0 steps=218500 E0_int=5048182530434780 sum=5048182530434780
# NETG t=4370.00 gates min=0.0000 mean=0.3074 edges=12
# LUMP t=4370.00 n=2 Emfree=9.79946 | m=6.71568 x=17.49 y=14.72 z=17.81 rg=2.85 | m=0.602029 x=15.21 y=13.58 z=19.25 rg=0.00
# RAD t=4370.00 0.75:-1.041e-05,0,1.0002,0.0001626 2.25:1.362e-05,0,1.0001,0.02147 3.75:5.309e-05,0,1.0002,0.02042 5.25:-0.0001426,0,1.0000,0.1119 6.75:0.0001814,0,0.9981,2.264 8.25:0.0001501,0,0.9989,1.899 9.75:-0.0006537,0,0.9981,4.11 11.25:0.0001717,0,1.0000,0.5778
4380.000	5037.62262	9.48062346	0	1.07928653	5048.18253043	-3.603e-16	17940	16.444	13.838	16.118	0.020	0.0000	0.8455	1.0283	0.8500	0.9947	1.64902	1.64917	0.0000	0.0000	0.0000	-0.0066022	-0.015331	-0.011209	0	0	0
# CONV t=4380.00 cond=0 evap=0 rough=0 back_s=0
# LEDGER t=4380.000 mode=3 sum_err=0 max|E-iEu|=1.110e-16 run_max_diff=0.000e+00 run_max_sum_err=0 steps=219000 E0_int=5048182530434780 sum=5048182530434780
# NETG t=4380.00 gates min=0.0000 mean=0.2765 edges=12
# LUMP t=4380.00 n=2 Emfree=9.48062 | m=6.33733 x=17.63 y=14.64 z=17.88 rg=2.84 | m=0.6011 x=15.21 y=13.58 z=19.25 rg=0.00
# RAD t=4380.00 0.75:-1.475e-05,0,1.0003,0.0004777 2.25:4.455e-05,0,1.0001,0.02773 3.75:2.588e-05,0,1.0002,0.02864 5.25:-5.635e-05,0,1.0001,0.1111 6.75:0.0001337,0,0.9981,1.893 8.25:-1.545e-05,0,0.9989,1.916 9.75:-7.871e-05,0,0.9981,4.131 11.25:-0.0003391,0,1.0000,0.56
4390.000	5037.62262	9.75893363	0	0.80097636	5048.18253043	-3.603e-16	17939	16.404	13.899	16.141	0.021	0.0000	0.8455	1.0355	0.8500	0.9947	1.64907	1.64917	0.0000	0.0000	0.0000	-0.0081957	0.0053713	-0.0044297	0	0	0
# CONV t=4390.00 cond=0 evap=0 rough=0 back_s=0
# LEDGER t=4390.000 mode=3 sum_err=0 max|E-iEu|=1.109e-16 run_max_diff=0.000e+00 run_max_sum_err=0 steps=219500 E0_int=5048182530434780 sum=5048182530434780
# NETG t=4390.00 gates min=0.0000 mean=0.2553 edges=12
# LUMP t=4390.00 n=2 Emfree=9.75893 | m=6.5871 x=17.54 y=14.69 z=17.83 rg=2.85 | m=0.600149 x=15.21 y=13.58 z=19.25 rg=0.00
# RAD t=4390.00 0.75:-5.09e-06,0,1.0003,0.0008254 2.25:3.64e-05,0,1.0001,0.02744 3.75:-5.055e-07,0,1.0002,0.0312 5.25:6.941e-05,0,1.0001,0.1244 6.75:6.907e-05,0,0.9981,2.144 8.25:-0.0002143,0,0.9989,1.909 9.75:8.403e-05,0,0.9981,4.119 11.25:-0.0004706,0,1.0000,0.5704
4400.000	5037.62262	9.38607967	0	1.17383032	5048.18253043	-5.405e-16	17938	16.459	13.831	16.092	0.022	0.0000	0.8455	1.0354	0.8500	0.9947	1.64917	1.64916	0.0000	0.0000	0.0000	-0.0019513	0.0075368	0.0092209	0	0	0
# CONV t=4400.00 cond=0 evap=0 rough=0 back_s=0
# LEDGER t=4400.000 mode=3 sum_err=0 max|E-iEu|=1.110e-16 run_max_diff=0.000e+00 run_max_sum_err=0 steps=220000 E0_int=5048182530434780 sum=5048182530434780
# NETG t=4400.00 gates min=0.0000 mean=0.2979 edges=12
# LUMP t=4400.00 n=2 Emfree=9.38608 | m=6.21377 x=17.67 y=14.62 z=17.91 rg=2.83 | m=0.599162 x=15.21 y=13.58 z=19.25 rg=0.00
# RAD t=4400.00 0.75:2.331e-06,0,1.0003,0.0003037 2.25:1.67e-05,0,1.0001,0.02522 3.75:-1.226e-05,0,1.0002,0.03635 5.25:0.0001356,0,1.0001,0.1272 6.75:5.548e-05,0,0.9981,1.767 8.25:-2.175e-05,0,0.9989,1.896 9.75:-0.0002537,0,0.9981,4.082 11.25:-0.0003035,0,1.0000,0.5691
4410.000	5037.62262	9.64768833	0	0.912221654	5048.18253043	-3.603e-16	17938	16.396	13.892	16.075	0.023	0.0000	0.8455	1.016	0.8500	0.9947	1.64930	1.64915	0.0000	0.0000	0.0000	-0.022294	0.003494	-0.0082824	0	0	0
# CONV t=4410.00 cond=0 evap=0 rough=0 back_s=0
# LEDGER t=4410.000 mode=3 sum_err=0 max|E-iEu|=1.110e-16 run_max_diff=0.000e+00 run_max_sum_err=0 steps=220500 E0_int=5048182530434780 sum=5048182530434780
# NETG t=4410.00 gates min=0.0000 mean=0.2941 edges=12
# LUMP t=4410.00 n=2 Emfree=9.64769 | m=6.40685 x=17.57 y=14.68 z=17.84 rg=2.85 | m=0.598128 x=15.21 y=13.58 z=19.25 rg=0.00
# RAD t=4410.00 0.75:5.717e-06,0,1.0003,0.000275 2.25:-9.373e-06,0,1.0001,0.02476 3.75:-1.801e-05,0,1.0002,0.04023 5.25:0.0001676,0,1.0000,0.1358 6.75:9.202e-05,0,0.9981,2.037 8.25:-0.0001271,0,0.9989,1.885 9.75:-0.0001361,0,0.9981,4 11.25:-0.0007454,0,1.0000,0.571
4420.000	5037.62262	9.22649107	0	1.33341892	5048.18253043	-3.603e-16	17937	16.516	13.861	16.045	0.022	0.0000	0.8455	0.98905	0.8500	0.9947	1.64927	1.64914	0.0000	0.0000	0.0000	0.018559	0.0070903	-0.0020254	0	0	0
# CONV t=4420.00 cond=0 evap=0 rough=0 back_s=0
# LEDGER t=4420.000 mode=3 sum_err=0 max|E-iEu|=1.110e-16 run_max_diff=0.000e+00 run_max_sum_err=0 steps=221000 E0_int=5048182530434780 sum=5048182530434780
# NETG t=4420.00 gates min=0.0000 mean=0.3239 edges=12
# LUMP t=4420.00 n=2 Emfree=9.22649 | m=6.04845 x=17.71 y=14.61 z=17.91 rg=2.82 | m=0.597039 x=15.21 y=13.58 z=19.25 rg=0.00
# RAD t=4420.00 0.75:2.277e-06,0,1.0003,0.000411 2.25:-1.484e-05,0,1.0001,0.02552 3.75:6.275e-06,0,1.0002,0.04039 5.25:0.0001515,0,1.0000,0.1186 6.75:7.42e-05,0,0.9981,1.656 8.25:2.828e-05,0,0.9989,1.875 9.75:-0.0003548,0,0.9981,3.933 11.25:-0.0008475,0,1.0000,0.6185
4430.000	5037.62262	9.55685534	0	1.00305464	5048.18253043	-5.405e-16	17937	16.492	13.896	16.053	0.024	0.0000	0.8455	1.0008	0.8500	0.9947	1.64922	1.64914	0.0000	0.0000	0.0000	-0.0081531	0.011022	-0.0037392	0	0	0
# CONV t=4430.00 cond=0 evap=0 rough=0 back_s=0
# LEDGER t=4430.000 mode=3 sum_err=0 max|E-iEu|=1.109e-16 run_max_diff=0.000e+00 run_max_sum_err=0 steps=221500 E0_int=5048182530434780 sum=5048182530434780
# NETG t=4430.00 gates min=0.0000 mean=0.2761 edges=12
# LUMP t=4430.00 n=2 Emfree=9.55686 | m=6.31489 x=17.62 y=14.65 z=17.87 rg=2.84 | m=0.595907 x=15.21 y=13.58 z=19.25 rg=0.00
# RAD t=4430.00 0.75:-3.072e-06,0,1.0003,0.001289 2.25:-1.326e-05,0,1.0001,0.032 3.75:4.464e-05,0,1.0002,0.04852 5.25:0.0001619,0,1.0001,0.1256 6.75:8.041e-05,0,0.9981,1.901 8.25:4.212e-05,0,0.9989,1.859 9.75:-0.0006336,0,0.9981,4.009 11.25:-0.0003901,0,1.0000,0.63
4440.000	5037.62262	9.74420529	0	0.8157047	5048.18253043	-5.405e-16	17936	16.486	14.010	16.128	0.023	0.0000	0.8455	1.0188	0.8500	0.9947	1.64912	1.64913	0.0000	0.0000	0.0000	-0.01419	0.0035408	-0.0070928	0	0	0
# CONV t=4440.00 cond=0 evap=0 rough=0 back_s=0
# LEDGER t=4440.000 mode=3 sum_err=0 max|E-iEu|=1.110e-16 run_max_diff=0.000e+00 run_max_sum_err=0 steps=222000 E0_int=5048182530434780 sum=5048182530434780
# NETG t=4440.00 gates min=0.0000 mean=0.2546 edges=12
# LUMP t=4440.00 n=2 Emfree=9.74421 | m=6.59982 x=17.52 y=14.70 z=17.82 rg=2.85 | m=0.594775 x=15.21 y=13.58 z=19.25 rg=0.00
# RAD t=4440.00 0.75:-5.861e-06,0,1.0003,0.001574 2.25:-5.374e-06,0,1.0001,0.03354 3.75:0.0001018,0,1.0002,0.04085 5.25:0.0001039,0,1.0000,0.117 6.75:7.066e-05,0,0.9981,2.185 8.25:3.995e-05,0,0.9989,1.813 9.75:-0.0008092,0,0.9981,3.99 11.25:-0.0002404,0,1.0000,0.6625
4450.000	5037.62262	9.44249925	0	1.11741074	5048.18253043	-3.603e-16	17936	16.515	13.955	16.056	0.024	0.0000	0.8455	1.058	0.8500	0.9947	1.64912	1.64912	0.0000	0.0000	0.0000	-0.001919	0.021095	0.0020035	0	0	0
# CONV t=4450.00 cond=0 evap=0 rough=0 back_s=0
# LEDGER t=4450.000 mode=3 sum_err=0 max|E-iEu|=1.110e-16 run_max_diff=0.000e+00 run_max_sum_err=0 steps=222500 E0_int=5048182530434780 sum=5048182530434780
# NETG t=4450.00 gates min=0.0000 mean=0.2648 edges=12
# LUMP t=4450.00 n=2 Emfree=9.4425 | m=6.21531 x=17.66 y=14.63 z=17.89 rg=2.83 | m=0.593605 x=15.21 y=13.58 z=19.25 rg=0.00
# RAD t=4450.00 0.75:-4.338e-06,0,1.0003,0.001277 2.25:1.592e-05,0,1.0000,0.03718 3.75:0.0001121,0,1.0001,0.04725 5.25:8.904e-06,0,1.0001,0.1117 6.75:8.053e-05,0,0.9981,1.829 8.25:0.0001802,0,0.9989,1.824 9.75:-0.0007339,0,0.9981,3.991 11.25:-0.0002988,0,0.9999,0.7545
4460.000	5037.62262	9.72131097	0	0.838599021	5048.18253043	-3.603e-16	17937	16.465	14.026	16.079	0.024	0.0000	0.8455	1.0683	0.8500	0.9947	1.64913	1.64914	0.0000	0.0000	0.0000	-0.0024748	0.021764	0.0003247	0	0	0
# CONV t=4460.00 cond=0 evap=0 rough=0 back_s=0
# LEDGER t=4460.000 mode=3 sum_err=0 max|E-iEu|=1.110e-16 run_max_diff=0.000e+00 run_max_sum_err=0 steps=223000 E0_int=5048182530434780 sum=5048182530434780
# NETG t=4460.00 gates min=0.0018 mean=0.3245 edges=12
# LUMP t=4460.00 n=2 Emfree=9.72131 | m=6.46031 x=17.56 y=14.68 z=17.84 rg=2.85 | m=0.592385 x=15.21 y=13.58 z=19.25 rg=0.00
# RAD t=4460.00 0.75:-8.044e-07,0,1.0003,0.0007933 2.25:2.651e-05,0,1.0000,0.03293 3.75:8.603e-05,0,1.0002,0.0308 5.25:7.515e-05,0,1.0001,0.1337 6.75:0.0001194,0,0.9981,2.097 8.25:-4.994e-05,0,0.9989,1.829 9.75:-0.0002459,0,0.9981,4.036 11.25:-0.0006191,0,0.9999,0.7433
4470.000	5037.62262	9.24976846	0	1.31014153	5048.18253043	-3.603e-16	17938	16.530	14.000	16.081	0.021	0.0000	0.8455	1.0525	0.8500	0.9947	1.64915	1.64915	0.0000	0.0000	0.0000	0.0059381	0.0083156	0.0049835	0	0	0
# CONV t=4470.00 cond=0 evap=0 rough=0 back_s=0
# LEDGER t=4470.000 mode=3 sum_err=0 max|E-iEu|=1.110e-16 run_max_diff=0.000e+00 run_max_sum_err=0 steps=223500 E0_int=5048182530434780 sum=5048182530434780
# NETG t=4470.00 gates min=0.0000 mean=0.2973 edges=12
# LUMP t=4470.00 n=2 Emfree=9.24977 | m=6.06124 x=17.69 y=14.61 z=17.91 rg=2.83 | m=0.591081 x=15.21 y=13.58 z=19.25 rg=0.00
# RAD t=4470.00 0.75:3.543e-06,0,1.0003,0.001079 2.25:2.461e-05,0,1.0000,0.03076 3.75:4.439e-05,0,1.0002,0.02623 5.25:9.948e-05,0,1.0001,0.1111 6.75:3.229e-05,0,0.9981,1.736 8.25:-5.677e-05,0,0.9989,1.888 9.75:-0.0001647,0,0.9981,3.938 11.25:-0.0004517,0,0.9999,0.7384
4480.000	5037.62262	9.5966424	0	0.963267591	5048.18253043	-3.603e-16	17939	16.489	14.043	16.088	0.021	0.0000	0.8455	1.0535	0.8500	0.9947	1.64924	1.64916	0.0000	0.0000	0.0000	0.006108	0.021623	-0.0085639	0	0	0
# CONV t=4480.00 cond=0 evap=0 rough=0 back_s=0
# LEDGER t=4480.000 mode=3 sum_err=0 max|E-iEu|=1.110e-16 run_max_diff=0.000e+00 run_max_sum_err=0 steps=224000 E0_int=5048182530434780 sum=5048182530434780
# NETG t=4480.00 gates min=0.0000 mean=0.3258 edges=12
# LUMP t=4480.00 n=2 Emfree=9.59664 | m=6.32725 x=17.59 y=14.67 z=17.86 rg=2.84 | m=0.58996 x=15.21 y=13.58 z=19.25 rg=0.00
# RAD t=4480.00 0.75:8.104e-06,0,1.0002,0.00209 2.25:4.121e-06,0,1.0000,0.03049 3.75:9.934e-05,0,1.0002,0.03041 5.25:-8.029e-05,0,1.0001,0.1043 6.75:-2.457e-05,0,0.9981,2.032 8.25:-4.292e-05,0,0.9989,1.942 9.75:-0.0002163,0,0.9982,3.986 11.25:-0.0001428,0,0.9999,0.714
4490.000	5037.62262	9.11671673	0	1.44319326	5048.18253043	-5.405e-16	17938	16.616	14.039	16.138	0.017	0.0000	0.8455	1.0603	0.8500	0.9947	1.64922	1.64915	0.0000	0.0000	0.0000	0.0201	0.0017788	-0.020424	0	0	0
# CONV t=4490.00 cond=0 evap=0 rough=0 back_s=0
# LEDGER t=4490.000 mode=3 sum_err=0 max|E-iEu|=1.110e-16 run_max_diff=0.000e+00 run_max_sum_err=0 steps=224500 E0_int=5048182530434780 sum=5048182530434780
# NETG t=4490.00 gates min=0.0000 mean=0.1815 edges=12
# LUMP t=4490.00 n=2 Emfree=9.11672 | m=6.00179 x=17.73 y=14.59 z=17.94 rg=2.82 | m=0.588968 x=15.21 y=13.58 z=19.25 rg=0.00
# RAD t=4490.00 0.75:1.081e-05,0,1.0002,0.001502 2.25:-5.202e-06,0,1.0000,0.02515 3.75:0.0001069,0,1.0002,0.02522 5.25:-6.524e-05,0,1.0001,0.08206 6.75:-2.488e-05,0,0.9981,1.691 8.25:-9.043e-05,0,0.9989,1.895 9.75:-0.0002909,0,0.9982,3.974 11.25:0.0002422,0,0.9999,0.6854
4500.000	5037.62262	9.48078983	0	1.07912016	5048.18253043	-5.405e-16	17938	16.565	14.046	16.075	0.019	0.0000	0.8455	1.0457	0.8500	0.9947	1.64924	1.64914	0.0000	0.0000	0.0000	0.027647	0.0055905	-0.017363	0	0	0
# CONV t=4500.00 cond=0 evap=0 rough=0 back_s=0
# LEDGER t=4500.000 mode=3 sum_err=0 max|E-iEu|=1.110e-16 run_max_diff=0.000e+00 run_max_sum_err=0 steps=225000 E0_int=5048182530434780 sum=5048182530434780
# NETG t=4500.00 gates min=0.0000 mean=0.2096 edges=12
# LUMP t=4500.00 n=2 Emfree=9.48079 | m=6.22666 x=17.63 y=14.64 z=17.88 rg=2.84 | m=0.587982 x=15.21 y=13.58 z=19.25 rg=0.00
# RAD t=4500.00 0.75:6.759e-06,0,1.0002,0.002201 2.25:-3.856e-08,0,1.0000,0.03228 3.75:6.071e-05,0,1.0001,0.04241 5.25:-5.049e-05,0,1.0001,0.08239 6.75:-9.575e-05,0,0.9981,1.95 8.25:-1.249e-05,0,0.9989,1.886 9.75:-0.0002772,0,0.9982,4.042 11.25:0.0001965,0,0.9999,0.6502
4510.000	5037.62262	9.64364966	0	0.916260326	5048.18253043	-3.603e-16	17939	16.555	14.133	16.100	0.016	0.0000	0.8455	0.99319	0.8500	0.9947	1.64907	1.64914	0.0000	0.0000	0.0000	-0.0021367	0.011773	-0.018229	0	0	0
# CONV t=4510.00 cond=0 evap=0 rough=0 back_s=0
# LEDGER t=4510.000 mode=3 sum_err=0 max|E-iEu|=1.110e-16 run_max_diff=0.000e+00 run_max_sum_err=0 steps=225500 E0_int=5048182530434780 sum=5048182530434780
# NETG t=4510.00 gates min=0.0002 mean=0.3367 edges=12
# LUMP t=4510.00 n=2 Emfree=9.64365 | m=6.4399 x=17.52 y=14.70 z=17.82 rg=2.85 | m=0.586844 x=15.21 y=13.58 z=19.25 rg=0.00
# RAD t=4510.00 0.75:6.928e-07,0,1.0002,0.001774 2.25:1.714e-05,0,1.0000,0.02571 3.75:6.131e-05,0,1.0001,0.02761 5.25:-3.706e-05,0,1.0001,0.08085 6.75:-0.0001403,0,0.9981,2.232 8.25:-1.38e-05,0,0.9989,1.862 9.75:-0.0002398,0,0.9981,3.997 11.25:0.0001558,0,1.0000,0.6275
4520.000	5037.62262	9.34528714	0	1.21462285	5048.18253043	-5.405e-16	17939	16.596	14.050	16.072	0.017	0.0000	0.8455	0.94143	0.8500	0.9947	1.64891	1.64915	0.0000	0.0000	0.0000	0.0035854	-0.0036607	-0.0097292	0	0	0
# CONV t=4520.00 cond=0 evap=0 rough=0 back_s=0
# LEDGER t=4520.000 mode=3 sum_err=0 max|E-iEu|=1.110e-16 run_max_diff=0.000e+00 run_max_sum_err=0 steps=226000 E0_int=5048182530434780 sum=5048182530434780
# NETG t=4520.00 gates min=0.0000 mean=0.1882 edges=12
# LUMP t=4520.00 n=2 Emfree=9.34529 | m=6.08752 x=17.68 y=14.62 z=17.90 rg=2.83 | m=0.585684 x=15.21 y=13.58 z=19.25 rg=0.00
# RAD t=4520.00 0.75:-1.128e-06,0,1.0002,0.002547 2.25:2.786e-05,0,1.0000,0.03331 3.75:3.837e-05,0,1.0001,0.03709 5.25:-2.061e-07,0,1.0001,0.06718 6.75:-0.0002095,0,0.9981,1.863 8.25:0.0002216,0,0.9989,1.867 9.75:6.735e-06,0,0.9981,4.061 11.25:-0.0003999,0,1.0000,0.6339
4530.000	5037.62262	9.59297035	0	0.96693964	5048.18253043	-3.603e-16	17940	16.554	14.086	16.020	0.016	0.0000	0.8455	0.90002	0.8500	0.9947	1.64894	1.64915	0.0000	0.0000	0.0000	-0.022662	-0.0024939	-0.0048928	0	0	0
# CONV t=4530.00 cond=0 evap=0 rough=0 back_s=0
# LEDGER t=4530.000 mode=3 sum_err=0 max|E-iEu|=1.110e-16 run_max_diff=0.000e+00 run_max_sum_err=0 steps=226500 E0_int=5048182530434780 sum=5048182530434780
# NETG t=4530.00 gates min=0.0000 mean=0.4665 edges=12
# LUMP t=4530.00 n=2 Emfree=9.59297 | m=6.28553 x=17.56 y=14.68 z=17.83 rg=2.85 | m=0.58448 x=15.21 y=13.58 z=19.25 rg=0.00
# RAD t=4530.00 0.75:1.966e-06,0,1.0001,0.002627 2.25:2.477e-05,0,1.0000,0.02592 3.75:8.181e-06,0,1.0001,0.0364 5.25:-4.001e-05,0,1.0001,0.07497 6.75:-8.672e-05,0,0.9981,2.124 8.25:-0.0001361,0,0.9989,1.832 9.75:9.026e-05,0,0.9981,4.061 11.25:-0.0002932,0,1.0000,0.6707
4540.000	5037.62262	9.22294645	0	1.33696353	5048.18253043	-3.603e-16	17940	16.647	14.043	16.021	0.015	0.0000	0.8455	0.86341	0.8500	0.9947	1.64913	1.64914	0.0000	0.0000	0.0000	0.0062782	0.011384	-0.022388	0	0	0
# CONV t=4540.00 cond=0 evap=0 rough=0 back_s=0
# LEDGER t=4540.000 mode=3 sum_err=0 max|E-iEu|=1.110e-16 run_max_diff=0.000e+00 run_max_sum_err=0 steps=227000 E0_int=5048182530434780 sum=5048182530434780
# NETG t=4540.00 gates min=0.0000 mean=0.2640 edges=12
# LUMP t=4540.00 n=2 Emfree=9.22295 | m=5.97305 x=17.72 y=14.59 z=17.93 rg=2.82 | m=0.58324 x=15.21 y=13.58 z=19.25 rg=0.00
# RAD t=4540.00 0.75:6.907e-06,0,1.0001,0.001619 2.25:-2.304e-05,0,1.0000,0.02285 3.75:1.205e-05,0,1.0001,0.04341 5.25:-5.919e-06,0,1.0001,0.05878 6.75:-1.345e-05,0,0.9981,1.762 8.25:-0.0001925,0,0.9990,1.801 9.75:-0.0001225,0,0.9981,4.111 11.25:-0.000115,0,1.0000,0.6508
4550.000	5037.62262	9.57563192	0	0.984278066	5048.18253043	-3.603e-16	17940	16.624	14.116	15.981	0.016	0.0000	0.8455	0.86649	0.8500	0.9947	1.64922	1.64914	0.0000	0.0000	0.0000	-0.0043518	0.018459	-0.012805	0	0	0
# CONV t=4550.00 cond=0 evap=0 rough=0 back_s=0
# LEDGER t=4550.000 mode=3 sum_err=0 max|E-iEu|=1.110e-16 run_max_diff=0.000e+00 run_max_sum_err=0 steps=227500 E0_int=5048182530434780 sum=5048182530434780
# NETG t=4550.00 gates min=0.0000 mean=0.2119 edges=12
# LUMP t=4550.00 n=2 Emfree=9.57563 | m=6.213 x=17.62 y=14.65 z=17.87 rg=2.84 | m=0.58194 x=15.21 y=13.58 z=19.25 rg=0.00
# RAD t=4550.00 0.75:3.466e-06,0,1.0001,0.001497 2.25:-2.828e-05,0,1.0000,0.01896 3.75:8.11e-06,0,1.0001,0.05219 5.25:-5.494e-06,0,1.0001,0.06456 6.75:1.906e-05,0,0.9981,2.015 8.25:-0.0001651,0,0.9990,1.814 9.75:-0.0004188,0,0.9981,4.15 11.25:2.463e-05,0,1.0000,0.6524
4560.000	5037.62262	9.66251577	0	0.897394221	5048.18253043	-3.603e-16	17939	16.600	14.218	16.051	0.015	0.0000	0.8455	0.88289	0.8500	0.9947	1.64931	1.64914	0.0000	0.0000	0.0000	0.015266	0.0074144	-0.016487	0	0	0
# CONV t=4560.00 cond=0 evap=0 rough=0 back_s=0
# LEDGER t=4560.000 mode=3 sum_err=0 max|E-iEu|=1.110e-16 run_max_diff=0.000e+00 run_max_sum_err=0 steps=228000 E0_int=5048182530434780 sum=5048182530434780
# NETG t=4560.00 gates min=0.0000 mean=0.2863 edges=12
# LUMP t=4560.00 n=2 Emfree=9.66252 | m=6.46065 x=17.51 y=14.71 z=17.80 rg=2.85 | m=0.580696 x=15.21 y=13.58 z=19.25 rg=0.00
# RAD t=4560.00 0.75:1.53e-06,0,1.0001,0.0005833 2.25:-1.875e-05,0,1.0001,0.01415 3.75:-1.172e-05,0,1.0001,0.04842 5.25:-1.322e-05,0,1.0001,0.05912 6.75:9.827e-05,0,0.9981,2.249 8.25:-0.000169,0,0.9990,1.78 9.75:-0.0003509,0,0.9981,4.054 11.25:-0.0002208,0,1.0000,0.6373
4570.000	5037.62262	9.44093947	0	1.11897052	5048.18253043	-3.603e-16	17939	16.652	14.127	15.955	0.019	0.0000	0.8455	0.87338	0.8500	0.9947	1.64928	1.64914	0.0000	0.0000	0.0000	-0.0034824	0.016184	-0.0049062	0	0	0
# CONV t=4570.00 cond=0 evap=0 rough=0 back_s=0
# LEDGER t=4570.000 mode=3 sum_err=0 max|E-iEu|=1.109e-16 run_max_diff=0.000e+00 run_max_sum_err=0 steps=228500 E0_int=5048182530434780 sum=5048182530434780
# NETG t=4570.00 gates min=0.0000 mean=0.2520 edges=12
# LUMP t=4570.00 n=2 Emfree=9.44094 | m=6.09556 x=17.66 y=14.63 z=17.89 rg=2.83 | m=0.579443 x=15.21 y=13.58 z=19.25 rg=0.00
# RAD t=4570.00 0.75:6.801e-08,0,1.0001,0.001641 2.25:-1.456e-05,0,1.0001,0.01646 3.75:-5.675e-05,0,1.0001,0.05929 5.25:7.461e-05,0,1.0001,0.07773 6.75:-4.329e-05,0,0.9981,1.824 8.25:-0.0001067,0,0.9990,1.843 9.75:-0.0002101,0,0.9981,4.094 11.25:-0.0001964,0,1.0000,0.6593
4580.000	5037.62262	9.71891311	0	0.840996876	5048.18253043	-5.405e-16	17938	16.600	14.187	15.981	0.020	0.0000	0.8455	0.87398	0.8500	0.9947	1.64920	1.64914	0.0000	0.0000	0.0000	-0.0031559	0.019208	-0.012562	0	0	0
# CONV t=4580.00 cond=0 evap=0 rough=0 back_s=0
# LEDGER t=4580.000 mode=3 sum_err=0 max|E-iEu|=1.110e-16 run_max_diff=0.000e+00 run_max_sum_err=0 steps=229000 E0_int=5048182530434780 sum=5048182530434780
# NETG t=4580.00 gates min=0.0000 mean=0.2479 edges=12
# LUMP t=4580.00 n=2 Emfree=9.71891 | m=6.35654 x=17.55 y=14.68 z=17.83 rg=2.85 | m=0.578145 x=15.21 y=13.58 z=19.25 rg=0.00
# RAD t=4580.00 0.75:5.321e-06,0,1.0001,0.002791 2.25:7.12e-06,0,1.0001,0.0163 3.75:-6.712e-05,0,1.0001,0.05947 5.25:0.0001115,0,1.0001,0.08909 6.75:2.252e-05,0,0.9981,2.089 8.25:-0.0004444,0,0.9990,1.821 9.75:7.934e-05,0,0.9981,4.153 11.25:7.055e-05,0,1.0000,0.6591
4590.000	5037.62262	9.2948324	0	1.26507759	5048.18253043	-5.405e-16	17938	16.664	14.153	15.927	0.021	0.0000	0.8455	0.87587	0.8500	0.9947	1.64915	1.64915	0.0000	0.0000	0.0000	-0.017066	0.0085814	-0.0069487	0	0	0
# CONV t=4590.00 cond=0 evap=0 rough=0 back_s=0
# LEDGER t=4590.000 mode=3 sum_err=0 max|E-iEu|=1.110e-16 run_max_diff=0.000e+00 run_max_sum_err=0 steps=229500 E0_int=5048182530434780 sum=5048182530434780
# NETG t=4590.00 gates min=0.0000 mean=0.2808 edges=12
# LUMP t=4590.00 n=2 Emfree=9.29483 | m=5.95385 x=17.69 y=14.60 z=17.91 rg=2.83 | m=0.576877 x=15.21 y=13.58 z=19.25 rg=0.00
# RAD t=4590.00 0.75:6.016e-06,0,1.0001,0.001968 2.25:9.875e-06,0,1.0001,0.01594 3.75:-8.483e-05,0,1.0001,0.06254 5.25:0.0001502,0,1.0001,0.09589 6.75:5.279e-05,0,0.9982,1.681 8.25:-0.0006891,0,0.9989,1.798 9.75:0.0007365,0,0.9981,4.113 11.25:-0.0003579,0,0.9999,0.6281
4600.000	5037.62262	9.64477144	0	0.915138549	5048.18253043	-5.405e-16	17938	16.586	14.188	15.883	0.022	0.0000	0.8455	0.87164	0.8500	0.9947	1.64929	1.64913	0.0000	0.0000	0.0000	0.0037898	0.0082462	-0.011297	0	0	0
# CONV t=4600.00 cond=0 evap=0 rough=0 back_s=0
# LEDGER t=4600.000 mode=3 sum_err=0 max|E-iEu|=1.110e-16 run_max_diff=0.000e+00 run_max_sum_err=0 steps=230000 E0_int=5048182530434780 sum=5048182530434780
# NETG t=4600.00 gates min=0.0001 mean=0.2603 edges=12
# LUMP t=4600.00 n=2 Emfree=9.64477 | m=6.1969 x=17.59 y=14.66 z=17.85 rg=2.84 | m=0.575606 x=15.21 y=13.58 z=19.25 rg=0.00
# RAD t=4600.00 0.75:-5.444e-06,0,1.0001,0.001409 2.25:-2.018e-05,0,1.0001,0.01249 3.75:-8.592e-05,0,1.0001,0.06997 5.25:0.0002105,0,1.0001,0.1178 6.75:2.296e-05,0,0.9982,1.941 8.25:-0.0003314,0,0.9989,1.799 9.75:0.0002129,0,0.9981,4.138 11.25:-0.000185,0,1.0000,0.5915
4610.000	5037.62262	9.17414511	0	1.38576488	5048.18253043	-5.405e-16	17937	16.667	14.129	15.871	0.022	0.0000	0.8455	0.89148	0.8500	0.9947	1.64931	1.64911	0.0000	0.0000	0.0000	-0.0074791	0.0083038	-0.010455	0	0	0
# CONV t=4610.00 cond=0 evap=0 rough=0 back_s=0
# LEDGER t=4610.000 mode=3 sum_err=0 max|E-iEu|=1.110e-16 run_max_diff=0.000e+00 run_max_sum_err=0 steps=230500 E0_int=5048182530434780 sum=5048182530434780
# NETG t=4610.00 gates min=0.0003 mean=0.3199 edges=12
# LUMP t=4610.00 n=2 Emfree=9.17415 | m=5.83446 x=17.74 y=14.58 z=17.94 rg=2.82 | m=0.574266 x=15.21 y=13.58 z=19.25 rg=0.00
# RAD t=4610.00 0.75:-5.793e-06,0,1.0001,0.001357 2.25:-3.32e-05,0,1.0001,0.01145 3.75:-5.337e-05,0,1.0001,0.07031 5.25:0.0001733,0,1.0001,0.1058 6.75:4.958e-05,0,0.9982,1.586 8.25:-9.98e-05,0,0.9989,1.755 9.75:-0.0006572,0,0.9981,4 11.25:5.742e-05,0,1.0000,0.6279
4620.000	5037.62262	9.53142427	0	1.02848572	5048.18253043	-5.405e-16	17937	16.576	14.184	15.866	0.023	0.0000	0.8455	0.89713	0.8500	0.9947	1.64928	1.64910	0.0000	0.0000	0.0000	0.002232	0.0053066	-0.0029169	0	0	0
# CONV t=4620.00 cond=0 evap=0 rough=0 back_s=0
# LEDGER t=4620.000 mode=3 sum_err=0 max|E-iEu|=1.110e-16 run_max_diff=0.000e+00 run_max_sum_err=0 steps=231000 E0_int=5048182530434780 sum=5048182530434780
# NETG t=4620.00 gates min=0.0000 mean=0.3047 edges=12
# LUMP t=4620.00 n=2 Emfree=9.53142 | m=6.06563 x=17.64 y=14.64 z=17.88 rg=2.84 | m=0.573108 x=15.21 y=13.58 z=19.25 rg=0.00
# RAD t=4620.00 0.75:-3.975e-06,0,1.0001,0.002301 2.25:-7.287e-05,0,1.0002,0.01635 3.75:0.0001104,0,1.0000,0.09687 5.25:3.904e-05,0,1.0001,0.09046 6.75:1.854e-05,0,0.9982,1.894 8.25:0.0002725,0,0.9990,1.755 9.75:-0.001134,0,0.9981,3.967 11.25:-6.696e-06,0,1.0000,0.6345
4630.000	5037.62262	9.66542262	0	0.894487365	5048.18253043	-5.405e-16	17937	16.551	14.271	15.933	0.020	0.0000	0.8455	0.89323	0.8500	0.9947	1.64888	1.64909	0.0000	0.0000	0.0000	-0.016512	-0.00046231	-0.021815	0	0	0
# CONV t=4630.00 cond=0 evap=0 rough=0 back_s=0
# LEDGER t=4630.000 mode=3 sum_err=0 max|E-iEu|=1.110e-16 run_max_diff=0.000e+00 run_max_sum_err=0 steps=231500 E0_int=5048182530434780 sum=5048182530434780
# NETG t=4630.00 gates min=0.0000 mean=0.2699 edges=12
# LUMP t=4630.00 n=2 Emfree=9.66542 | m=6.35253 x=17.53 y=14.69 z=17.82 rg=2.85 | m=0.572025 x=15.21 y=13.58 z=19.25 rg=0.00
# RAD t=4630.00 0.75:1.285e-06,0,1.0001,0.003547 2.25:-1.691e-05,0,1.0002,0.01803 3.75:0.0001368,0,1.0000,0.0805 5.25:-0.0001022,0,1.0001,0.0773 6.75:4.019e-05,0,0.9982,2.156 8.25:0.0002849,0,0.9990,1.734 9.75:-0.0007989,0,0.9981,3.95 11.25:-0.0004886,0,1.0000,0.5603
4640.000	5037.62262	9.41300189	0	1.1469081	5048.18253043	-3.603e-16	17937	16.540	14.159	15.818	0.024	0.0000	0.8455	0.89131	0.8500	0.9947	1.64882	1.64909	0.0000	0.0000	0.0000	-0.016668	0.00034303	-0.0015615	0	0	0
# CONV t=4640.00 cond=0 evap=0 rough=0 back_s=0
# LEDGER t=4640.000 mode=3 sum_err=0 max|E-iEu|=1.110e-16 run_max_diff=0.000e+00 run_max_sum_err=0 steps=232000 E0_int=5048182530434780 sum=5048182530434780
# NETG t=4640.00 gates min=0.0000 mean=0.2376 edges=12
# LUMP t=4640.00 n=2 Emfree=9.413 | m=5.95441 x=17.68 y=14.62 z=17.90 rg=2.83 | m=0.571158 x=15.21 y=13.58 z=19.25 rg=0.00
# RAD t=4640.00 0.75:9.723e-06,0,1.0001,0.005941 2.25:4.88e-05,0,1.0001,0.03117 3.75:0.0001051,0,1.0000,0.09618 5.25:5.734e-06,0,1.0001,0.08086 6.75:7.185e-05,0,0.9982,1.772 8.25:0.0003163,0,0.9990,1.699 9.75:-0.0007676,0,0.9981,4.001 11.25:-0.0006851,0,1.0000,0.6329
4650.000	5037.62262	9.62272749	0	0.9371825	5048.18253043	-3.603e-16	17937	16.477	14.227	15.823	0.024	0.0000	0.8455	0.88499	0.8500	0.9947	1.64909	1.64909	0.0000	0.0000	0.0000	-0.018227	0.0083605	-0.0033082	0	0	0
# CONV t=4650.00 cond=0 evap=0 rough=0 back_s=0
# LEDGER t=4650.000 mode=3 sum_err=0 max|E-iEu|=1.110e-16 run_max_diff=0.000e+00 run_max_sum_err=0 steps=232500 E0_int=5048182530434780 sum=5048182530434780
# NETG t=4650.00 gates min=0.0000 mean=0.2848 edges=12
# LUMP t=4650.00 n=2 Emfree=9.62273 | m=6.1499 x=17.56 y=14.69 z=17.83 rg=2.85 | m=0.570032 x=15.21 y=13.58 z=19.25 rg=0.00
# RAD t=4650.00 0.75:4.687e-08,0,1.0001,0.004361 2.25:-2.214e-05,0,1.0001,0.02576 3.75:0.000149,0,1.0000,0.0928 5.25:1.966e-05,0,1.0001,0.08509 6.75:0.0001964,0,0.9982,2.038 8.25:3.975e-06,0,0.9990,1.694 9.75:-0.0006671,0,0.9981,3.931 11.25:-0.0004091,0,1.0000,0.6803
4660.000	5037.62262	9.28643947	0	1.27347052	5048.18253043	-5.405e-16	17939	16.492	14.148	15.779	0.024	0.0000	0.8455	0.91379	0.8500	0.9947	1.64908	1.64907	0.0000	0.0000	0.0000	-0.022924	0.00097948	-0.030896	0	0	0
# CONV t=4660.00 cond=0 evap=0 rough=0 back_s=0
# LEDGER t=4660.000 mode=3 sum_err=0 max|E-iEu|=1.110e-16 run_max_diff=0.000e+00 run_max_sum_err=0 steps=233000 E0_int=5048182530434780 sum=5048182530434780
# NETG t=4660.00 gates min=0.0000 mean=0.1626 edges=12
# LUMP t=4660.00 n=2 Emfree=9.28644 | m=5.83701 x=17.72 y=14.59 z=17.92 rg=2.82 | m=0.568734 x=15.21 y=13.58 z=19.25 rg=0.00
# RAD t=4660.00 0.75:-8.783e-06,0,1.0001,0.006269 2.25:-2.052e-05,0,1.0001,0.02765 3.75:0.0001352,0,1.0000,0.08355 5.25:5.96e-05,0,1.0001,0.0879 6.75:0.0001628,0,0.9982,1.65 8.25:-1.559e-05,0,0.9990,1.687 9.75:-0.001009,0,0.9981,3.982 11.25:0.0002279,0,0.9999,0.6874
4670.000	5037.62262	9.63043568	0	0.929474309	5048.18253043	-3.603e-16	17939	16.384	14.195	15.734	0.024	0.0000	0.8455	0.91528	0.8500	0.9947	1.64912	1.64908	0.0000	0.0000	0.0000	-0.024612	0.0097331	-0.034781	0	0	0
# CONV t=4670.00 cond=0 evap=0 rough=0 back_s=0
# LEDGER t=4670.000 mode=3 sum_err=0 max|E-iEu|=1.110e-16 run_max_diff=0.000e+00 run_max_sum_err=0 steps=233500 E0_int=5048182530434780 sum=5048182530434780
# NETG t=4670.00 gates min=0.0000 mean=0.2490 edges=12
# LUMP t=4670.00 n=2 Emfree=9.63044 | m=6.07801 x=17.62 y=14.66 z=17.86 rg=2.84 | m=0.567486 x=15.21 y=13.58 z=19.25 rg=0.00
# RAD t=4670.00 0.75:-7.035e-06,0,1.0000,0.005344 2.25:7.342e-07,0,1.0001,0.02217 3.75:8.393e-05,0,1.0000,0.08167 5.25:9.272e-05,0,1.0001,0.1016 6.75:0.0001766,0,0.9982,1.934 8.25:-0.000136,0,0.9990,1.699 9.75:-0.0007232,0,0.9981,4.009 11.25:0.0002526,0,0.9999,0.6951
4680.000	5037.62262	9.17403092	0	1.38587907	5048.18253043	-5.405e-16	17939	16.412	14.143	15.725	0.020	0.0000	0.8455	0.89626	0.8500	0.9947	1.64871	1.64908	0.0000	0.0000	0.0000	-0.012876	-0.0046088	-0.022978	0	0	0
# CONV t=4680.00 cond=0 evap=0 rough=0 back_s=0
# LEDGER t=4680.000 mode=3 sum_err=0 max|E-iEu|=1.110e-16 run_max_diff=0.000e+00 run_max_sum_err=0 steps=234000 E0_int=5048182530434780 sum=5048182530434780
# NETG t=4680.00 gates min=0.0000 mean=0.3355 edges=12
# LUMP t=4680.00 n=2 Emfree=9.17403 | m=5.71866 x=17.77 y=14.57 z=17.94 rg=2.81 | m=0.566242 x=15.21 y=13.58 z=19.25 rg=0.00
# RAD t=4680.00 0.75:-1.398e-06,0,1.0000,0.00434 2.25:4.011e-05,0,1.0001,0.03717 3.75:6.986e-05,0,1.0000,0.04973 5.25:0.0001245,0,1.0001,0.08342 6.75:9.225e-05,0,0.9982,1.575 8.25:-0.0002826,0,0.9990,1.666 9.75:-0.0004531,0,0.9981,4.014 11.25:0.0001681,0,0.9999,0.6474
4690.000	5037.62262	9.54344704	0	1.01646295	5048.18253043	-5.405e-16	17938	16.330	14.185	15.691	0.023	0.0000	0.8455	0.91871	0.8500	0.9947	1.64874	1.64908	0.0000	0.0000	0.0000	-0.010515	0.0064893	-0.0088411	0	0	0
# CONV t=4690.00 cond=0 evap=0 rough=0 back_s=0
# LEDGER t=4690.000 mode=3 sum_err=0 max|E-iEu|=1.110e-16 run_max_diff=0.000e+00 run_max_sum_err=0 steps=234500 E0_int=5048182530434780 sum=5048182530434780
# NETG t=4690.00 gates min=0.0000 mean=0.2667 edges=12
# LUMP t=4690.00 n=2 Emfree=9.54345 | m=5.96221 x=17.66 y=14.63 z=17.89 rg=2.83 | m=0.564933 x=15.21 y=13.58 z=19.25 rg=0.00
# RAD t=4690.00 0.75:2.438e-06,0,1.0001,0.00667 2.25:0.0001051,0,1.0000,0.04553 3.75:6.598e-05,0,1.0000,0.07194 5.25:5.525e-05,0,1.0001,0.08353 6.75:8.861e-05,0,0.9982,1.835 8.25:-0.0003027,0,0.9990,1.659 9.75:-0.0003871,0,0.9981,4.038 11.25:5.439e-05,0,0.9999,0.6713
4700.000	5037.62262	9.67130619	0	0.888603795	5048.18253043	-5.405e-16	17938	16.253	14.271	15.706	0.019	0.0000	0.8455	0.93683	0.8500	0.9947	1.64900	1.64908	0.0000	0.0000	0.0000	-0.024298	0.020344	-0.016787	0	0	0
# CONV t=4700.00 cond=0 evap=0 rough=0 back_s=0
# LEDGER t=4700.000 mode=3 sum_err=0 max|E-iEu|=1.110e-16 run_max_diff=0.000e+00 run_max_sum_err=0 steps=235000 E0_int=5048182530434780 sum=5048182530434780
# NETG t=4700.00 gates min=0.0000 mean=0.3471 edges=12
# LUMP t=4700.00 n=2 Emfree=9.67131 | m=6.15528 x=17.53 y=14.70 z=17.81 rg=2.85 | m=0.563534 x=15.21 y=13.58 z=19.25 rg=0.00
# RAD t=4700.00 0.75:2.081e-05,0,1.0000,0.003743 2.25:-2.125e-05,0,1.0000,0.03225 3.75:0.0001209,0,1.0000,0.07035 5.25:-1.573e-05,0,1.0001,0.06816 6.75:6.832e-05,0,0.9982,2.125 8.25:-0.0002634,0,0.9990,1.642 9.75:-0.0002329,0,0.9981,3.954 11.25:-0.0004182,0,0.9999,0.6862
4710.000	5037.62262	9.39486165	0	1.16504834	5048.18253043	-3.603e-16	17938	16.294	14.180	15.659	0.022	0.0000	0.8455	0.93106	0.8500	0.9947	1.64925	1.64908	0.0000	0.0000	0.0000	-0.014261	-0.0018381	-0.013792	0	0	0
# CONV t=4710.00 cond=0 evap=0 rough=0 back_s=0
# LEDGER t=4710.000 mode=3 sum_err=0 max|E-iEu|=1.110e-16 run_max_diff=0.000e+00 run_max_sum_err=0 steps=235500 E0_int=5048182530434780 sum=5048182530434780
# NETG t=4710.00 gates min=0.0000 mean=0.2101 edges=12
# LUMP t=4710.00 n=2 Emfree=9.39486 | m=5.84172 x=17.69 y=14.61 z=17.90 rg=2.83 | m=0.562166 x=15.21 y=13.58 z=19.25 rg=0.00
# RAD t=4710.00 0.75:9.222e-06,0,1.0001,0.004495 2.25:-4.1e-05,0,1.0000,0.03926 3.75:0.0001595,0,1.0000,0.07806 5.25:-3.72e-05,0,1.0001,0.07 6.75:2.382e-05,0,0.9982,1.745 8.25:-0.0001111,0,0.9991,1.64 9.75:0.0001784,0,0.9981,3.923 11.25:-0.0007569,0,0.9999,0.7832
4720.000	5037.62262	9.70712812	0	0.85278187	5048.18253043	-3.603e-16	17938	16.257	14.233	15.650	0.022	0.0000	0.8455	0.96162	0.8500	0.9947	1.64933	1.64905	0.0000	0.0000	0.0000	-0.0081436	0.0054596	0.0046432	0	0	0
# CONV t=4720.00 cond=0 evap=0 rough=0 back_s=0
# LEDGER t=4720.000 mode=3 sum_err=0 max|E-iEu|=1.110e-16 run_max_diff=0.000e+00 run_max_sum_err=0 steps=236000 E0_int=5048182530434780 sum=5048182530434780
# NETG t=4720.00 gates min=0.0000 mean=0.4380 edges=12
# LUMP t=4720.00 n=2 Emfree=9.70713 | m=6.09186 x=17.59 y=14.67 z=17.84 rg=2.84 | m=0.56083 x=15.21 y=13.58 z=19.25 rg=0.00
# RAD t=4720.00 0.75:1.107e-06,0,1.0000,0.004212 2.25:-6.58e-06,0,1.0000,0.03028 3.75:0.0001244,0,1.0000,0.07861 5.25:2.112e-05,0,1.0001,0.07995 6.75:1.753e-05,0,0.9982,1.993 8.25:-6.108e-05,0,0.9990,1.65 9.75:-0.0005167,0,0.9982,3.892 11.25:-0.0001307,0,0.9999,0.8505
4730.000	5037.62262	9.26976154	0	1.29014845	5048.18253043	-3.603e-16	17938	16.292	14.166	15.642	0.020	0.0000	0.8455	0.9836	0.8500	0.9947	1.64939	1.64905	0.0000	0.0000	0.0000	0.0018036	0.0086533	-0.003082	0	0	0
# CONV t=4730.00 cond=0 evap=0 rough=0 back_s=0
# LEDGER t=4730.000 mode=3 sum_err=0 max|E-iEu|=1.110e-16 run_max_diff=0.000e+00 run_max_sum_err=0 steps=236500 E0_int=5048182530434780 sum=5048182530434780
# NETG t=4730.00 gates min=0.0000 mean=0.1686 edges=12
# LUMP t=4730.00 n=2 Emfree=9.26976 | m=5.71677 x=17.74 y=14.60 z=17.92 rg=2.82 | m=0.559453 x=15.21 y=13.58 z=19.25 rg=0.00
# RAD t=4730.00 0.75:-1.223e-05,0,1.0000,0.00264 2.25:3.276e-06,0,1.0000,0.0282 3.75:5.927e-05,0,1.0000,0.06913 5.25:7.96e-05,0,1.0001,0.06481 6.75:4.514e-05,0,0.9982,1.641 8.25:-2.457e-05,0,0.9990,1.656 9.75:-0.0005964,0,0.9982,3.916 11.25:-0.000166,0,0.9999,0.7395
4740.000	5037.62262	9.59238159	0	0.967528396	5048.18253043	-3.603e-16	17936	16.219	14.197	15.674	0.020	0.0000	0.8455	0.98784	0.8500	0.9947	1.64929	1.64905	0.0000	0.0000	0.0000	-0.02263	-0.0087765	0.00069572	0	0	0
# CONV t=4740.00 cond=0 evap=0 rough=0 back_s=0
# LEDGER t=4740.000 mode=3 sum_err=0 max|E-iEu|=1.110e-16 run_max_diff=0.000e+00 run_max_sum_err=0 steps=237000 E0_int=5048182530434780 sum=5048182530434780
# NETG t=4740.00 gates min=0.0000 mean=0.2194 edges=12
# LUMP t=4740.00 n=2 Emfree=9.59238 | m=5.96706 x=17.64 y=14.65 z=17.87 rg=2.84 | m=0.558111 x=15.21 y=13.58 z=19.25 rg=0.00
# RAD t=4740.00 0.75:-1.27e-05,0,1.0000,0.002758 2.25:-6.552e-06,0,1.0000,0.0417 3.75:5.982e-05,0,1.0000,0.05626 5.25:3.848e-05,0,1.0001,0.07299 6.75:2.964e-05,0,0.9982,1.898 8.25:-3.623e-05,0,0.9990,1.651 9.75:-0.000584,0,0.9982,3.951 11.25:-0.0001917,0,0.9999,0.7495
4750.000	5037.62262	9.76530366	0	0.794606333	5048.18253043	-3.603e-16	17936	16.166	14.266	15.707	0.017	0.0000	0.8455	1.0035	0.8500	0.9947	1.64883	1.64906	0.0000	0.0000	0.0000	-0.014362	-0.0022633	-0.0044593	0	0	0
# CONV t=4750.00 cond=0 evap=0 rough=0 back_s=0
# LEDGER t=4750.000 mode=3 sum_err=0 max|E-iEu|=1.110e-16 run_max_diff=0.000e+00 run_max_sum_err=0 steps=237500 E0_int=5048182530434780 sum=5048182530434780
# NETG t=4750.00 gates min=0.0000 mean=0.3053 edges=12
# LUMP t=4750.00 n=2 Emfree=9.7653 | m=6.22138 x=17.52 y=14.71 z=17.80 rg=2.85 | m=0.556799 x=15.21 y=13.58 z=19.25 rg=0.00
# RAD t=4750.00 0.75:1.815e-06,0,1.0000,0.004942 2.25:8.981e-05,0,0.9999,0.04801 3.75:7.074e-05,0,1.0000,0.03891 5.25:-7.953e-07,0,1.0001,0.05165 6.75:-5.829e-05,0,0.9982,2.172 8.25:-2.18e-05,0,0.9991,1.632 9.75:-0.0005124,0,0.9982,3.902 11.25:-0.0001763,0,0.9999,0.7571
4760.000	5037.62262	9.43258499	0	1.127325	5048.18253043	-5.405e-16	17937	16.152	14.188	15.643	0.022	0.0000	0.8455	1.0142	0.8500	0.9947	1.64919	1.64904	0.0000	0.0000	0.0000	-0.036647	0.0062157	-0.0042173	0	0	0
# CONV t=4760.00 cond=0 evap=0 rough=0 back_s=0
# LEDGER t=4760.000 mode=3 sum_err=0 max|E-iEu|=1.110e-16 run_max_diff=0.000e+00 run_max_sum_err=0 steps=238000 E0_int=5048182530434780 sum=5048182530434780
# NETG t=4760.00 gates min=0.0000 mean=0.3833 edges=12
# LUMP t=4760.00 n=2 Emfree=9.43258 | m=5.8237 x=17.68 y=14.62 z=17.89 rg=2.83 | m=0.555412 x=15.21 y=13.58 z=19.25 rg=0.00
# RAD t=4760.00 0.75:2.205e-06,0,1.0001,0.00333 2.25:5.037e-05,0,0.9998,0.06074 3.75:8.369e-05,0,1.0001,0.0581 5.25:-1.095e-06,0,1.0001,0.06622 6.75:-5.225e-05,0,0.9982,1.808 8.25:9.799e-05,0,0.9991,1.61 9.75:-0.0004042,0,0.9982,3.95 11.25:-0.0003941,0,0.9999,0.7169
4770.000	5037.62262	9.72219262	0	0.837717365	5048.18253043	-5.405e-16	17937	16.103	14.259	15.640	0.021	0.0000	0.8455	1.009	0.8500	0.9947	1.64944	1.64904	0.0000	0.0000	0.0000	-0.011885	0.0082519	-0.018487	0	0	0
# CONV t=4770.00 cond=0 evap=0 rough=0 back_s=0
# LEDGER t=4770.000 mode=3 sum_err=0 max|E-iEu|=1.110e-16 run_max_diff=0.000e+00 run_max_sum_err=0 steps=238500 E0_int=5048182530434780 sum=5048182530434780
# NETG t=4770.00 gates min=0.0001 mean=0.1888 edges=12
# LUMP t=4770.00 n=2 Emfree=9.72219 | m=6.08245 x=17.57 y=14.68 z=17.83 rg=2.85 | m=0.553945 x=15.21 y=13.58 z=19.25 rg=0.00
# RAD t=4770.00 0.75:-2.559e-06,0,1.0001,0.001917 2.25:-9.589e-06,0,0.9998,0.05631 3.75:8.613e-05,0,1.0001,0.05879 5.25:2.265e-05,0,1.0001,0.06413 6.75:8.249e-05,0,0.9982,2.062 8.25:-0.000214,0,0.9991,1.638 9.75:-0.0003916,0,0.9981,3.977 11.25:-0.0006169,0,0.9999,0.6768
4780.000	5037.62262	9.21107575	0	1.34883424	5048.18253043	-5.405e-16	17937	16.108	14.206	15.599	0.021	0.0000	0.8455	0.97041	0.8500	0.9947	1.64936	1.64905	0.0000	0.0000	0.0000	-0.01012	0.0097583	-0.013952	0	0	0
# CONV t=4780.00 cond=0 evap=0 rough=0 back_s=0
# LEDGER t=4780.000 mode=3 sum_err=0 max|E-iEu|=1.110e-16 run_max_diff=0.000e+00 run_max_sum_err=0 steps=239000 E0_int=5048182530434780 sum=5048182530434780
# NETG t=4780.00 gates min=0.0000 mean=0.2906 edges=12
# LUMP t=4780.00 n=2 Emfree=9.21108 | m=5.63392 x=17.70 y=14.62 z=17.90 rg=2.83 | m=0.552526 x=15.21 y=13.58 z=19.25 rg=0.00
# RAD t=4780.00 0.75:-2.037e-06,0,1.0001,0.002255 2.25:-1.533e-05,0,0.9998,0.06162 3.75:7.197e-05,0,1.0001,0.05756 5.25:8.888e-05,0,1.0001,0.06479 6.75:-4.865e-06,0,0.9982,1.697 8.25:-0.0001604,0,0.9991,1.642 9.75:0.0001185,0,0.9982,3.851 11.25:-0.00104,0,0.9999,0.6727
4790.000	5037.62262	9.62956574	0	0.930344247	5048.18253043	-5.405e-16	17936	16.043	14.257	15.544	0.021	0.0000	0.8455	0.98184	0.8500	0.9947	1.64942	1.64904	0.0000	0.0000	0.0000	-0.017041	0.015362	-0.01177	0	0	0
# CONV t=4790.00 cond=0 evap=0 rough=0 back_s=0
# LEDGER t=4790.000 mode=3 sum_err=0 max|E-iEu|=1.110e-16 run_max_diff=0.000e+00 run_max_sum_err=0 steps=239500 E0_int=5048182530434780 sum=5048182530434780
# NETG t=4790.00 gates min=0.0000 mean=0.2630 edges=12
# LUMP t=4790.00 n=2 Emfree=9.62957 | m=5.90632 x=17.61 y=14.65 z=17.86 rg=2.84 | m=0.551199 x=15.21 y=13.58 z=19.25 rg=0.00
# RAD t=4790.00 0.75:8.629e-06,0,1.0001,0.002521 2.25:-1.732e-05,0,0.9997,0.0579 3.75:7.625e-05,0,1.0001,0.05625 5.25:9.081e-05,0,1.0001,0.07843 6.75:-7.951e-05,0,0.9982,1.939 8.25:-7.714e-05,0,0.9991,1.701 9.75:-0.000189,0,0.9982,3.914 11.25:-0.0002379,0,0.9999,0.7208
4800.000	5037.62262	9.16078119	0	1.3991288	5048.18253043	-5.405e-16	17936	16.024	14.244	15.483	0.021	0.0000	0.8455	1.0141	0.8500	0.9947	1.64937	1.64904	0.0000	0.0000	0.0000	-0.048982	-0.018128	-0.020056	0	0	0
# CONV t=4800.00 cond=0 evap=0 rough=0 back_s=0
# LEDGER t=4800.000 mode=3 sum_err=0 max|E-iEu|=1.110e-16 run_max_diff=0.000e+00 run_max_sum_err=0 steps=240000 E0_int=5048182530434780 sum=5048182530434780
# NETG t=4800.00 gates min=0.0000 mean=0.2906 edges=12
# LUMP t=4800.00 n=3 Emfree=9.16078 | m=5.50726 x=17.75 y=14.57 z=17.94 rg=2.82 | m=0.549879 x=15.21 y=13.58 z=19.25 rg=0.00 | m=0.10251 x=22.19 y=2.00 z=1.72 rg=0.00
# RAD t=4800.00 0.75:4.536e-06,0,1.0000,0.002626 2.25:-2.205e-05,0,0.9997,0.05418 3.75:5.507e-05,0,1.0000,0.05774 5.25:6.633e-05,0,1.0001,0.06975 6.75:-4.251e-05,0,0.9982,1.581 8.25:-2.638e-05,0,0.9990,1.704 9.75:-0.0004026,0,0.9982,3.843 11.25:1.259e-05,0,0.9999,0.757
4810.000	5037.62262	9.50318824	0	1.05672175	5048.18253043	-5.405e-16	17936	15.931	14.296	15.519	0.022	0.0000	0.8455	1.0671	0.8500	0.9947	1.64900	1.64903	0.0000	0.0000	0.0000	-0.029563	0.02014	0.00075962	0	0	0
# CONV t=4810.00 cond=0 evap=0 rough=0 back_s=0
# LEDGER t=4810.000 mode=3 sum_err=0 max|E-iEu|=1.110e-16 run_max_diff=0.000e+00 run_max_sum_err=0 steps=240500 E0_int=5048182530434780 sum=5048182530434780
# NETG t=4810.00 gates min=0.0000 mean=0.1980 edges=12
# LUMP t=4810.00 n=3 Emfree=9.50319 | m=3.53664 x=18.98 y=13.80 z=18.59 rg=2.02 | m=2.14284 x=15.42 y=15.85 z=16.80 rg=1.45 | m=0.548604 x=15.21 y=13.58 z=19.25 rg=0.00
# RAD t=4810.00 0.75:2.461e-06,0,1.0001,0.003881 2.25:-2.177e-05,0,0.9998,0.04278 3.75:-3.787e-06,0,1.0000,0.06063 5.25:3.445e-05,0,1.0001,0.08708 6.75:-6.463e-05,0,0.9982,1.835 8.25:0.0001185,0,0.9990,1.74 9.75:-0.0004857,0,0.9982,3.888 11.25:-1.597e-05,0,0.9999,0.7461
4820.000	5037.62262	9.70859808	0	0.851311913	5048.18253043	-5.405e-16	17937	15.882	14.365	15.527	0.017	0.0000	0.8455	1.1079	0.8500	0.9947	1.64877	1.64903	0.0000	0.0000	0.0000	-0.01849	0.0024609	-0.01737	0	0	0
# CONV t=4820.00 cond=0 evap=0 rough=0 back_s=0
# LEDGER t=4820.000 mode=3 sum_err=0 max|E-iEu|=1.110e-16 run_max_diff=0.000e+00 run_max_sum_err=0 steps=241000 E0_int=5048182530434780 sum=5048182530434780
# NETG t=4820.00 gates min=0.0000 mean=0.1976 edges=12
# LUMP t=4820.00 n=5 Emfree=9.7086 | m=3.5306 x=18.99 y=13.80 z=18.59 rg=2.02 | m=2.41909 x=15.40 y=15.86 z=16.77 rg=1.39 | m=0.547357 x=15.21 y=13.58 z=19.25 rg=0.00 | m=0.130765 x=21.43 y=3.04 z=2.54 rg=0.00 | m=0.107821 x=13.85 y=21.78 z=9.55 rg=0.00
# RAD t=4820.00 0.75:3.413e-05,0,1.0000,0.008786 2.25:3.382e-05,0,0.9999,0.02479 3.75:-0.0001245,0,1.0000,0.04717 5.25:9.678e-06,0,1.0001,0.07626 6.75:-8.685e-05,0,0.9982,2.107 8.25:0.0001567,0,0.9990,1.745 9.75:-0.0005228,0,0.9982,3.818 11.25:-0.0001683,0,0.9999,0.8312
4830.000	5037.62262	9.3751877	0	1.18472229	5048.18253043	-5.405e-16	17936	15.851	14.298	15.436	0.019	0.0000	0.8454	1.1325	0.8500	0.9947	1.64919	1.64902	0.0000	0.0000	0.0000	-0.023782	0.0054768	-0.016716	0	0	0
# CONV t=4830.00 cond=0 evap=0 rough=0 back_s=0
# LEDGER t=4830.000 mode=3 sum_err=0 max|E-iEu|=1.110e-16 run_max_diff=0.000e+00 run_max_sum_err=0 steps=241500 E0_int=5048182530434780 sum=5048182530434780
# NETG t=4830.00 gates min=0.0001 mean=0.3481 edges=12
# LUMP t=4830.00 n=4 Emfree=9.37519 | m=3.50738 x=18.99 y=13.81 z=18.58 rg=2.02 | m=2.03866 x=15.44 y=15.85 z=16.81 rg=1.47 | m=0.546024 x=15.21 y=13.58 z=19.25 rg=0.00 | m=0.13778 x=21.43 y=3.04 z=2.54 rg=0.00
# RAD t=4830.00 0.75:-1.942e-05,0,0.9999,0.003572 2.25:2.961e-05,0,0.9999,0.02611 3.75:-0.0001161,0,1.0000,0.05315 5.25:-1.974e-05,0,1.0001,0.08675 6.75:-0.000255,0,0.9982,1.722 8.25:0.000522,0,0.9990,1.782 9.75:-0.0005366,0,0.9982,3.784 11.25:0.0001259,0,0.9999,0.9054
4840.000	5037.62262	9.53074725	0	1.02916274	5048.18253043	-3.603e-16	17936	15.714	14.396	15.402	0.019	0.0000	0.8455	1.0862	0.8500	0.9947	1.64941	1.64905	0.0000	0.0000	0.0000	-0.040737	-0.011207	-0.030018	0	0	0
# CONV t=4840.00 cond=0 evap=0 rough=0 back_s=0
# LEDGER t=4840.000 mode=3 sum_err=0 max|E-iEu|=1.110e-16 run_max_diff=0.000e+00 run_max_sum_err=0 steps=242000 E0_int=5048182530434780 sum=5048182530434780
# NETG t=4840.00 gates min=0.0000 mean=0.3814 edges=12
# LUMP t=4840.00 n=4 Emfree=9.53075 | m=3.38154 x=18.98 y=13.83 z=18.56 rg=2.04 | m=2.30266 x=15.41 y=15.86 z=16.78 rg=1.41 | m=0.544683 x=15.21 y=13.58 z=19.25 rg=0.00 | m=0.112747 x=21.43 y=3.04 z=2.54 rg=0.00
# RAD t=4840.00 0.75:-8.54e-06,0,1.0000,0.002038 2.25:-2.755e-05,0,0.9999,0.02066 3.75:-0.0001245,0,1.0000,0.05443 5.25:-3.275e-05,0,1.0001,0.09615 6.75:-0.0001525,0,0.9982,1.976 8.25:0.0001945,0,0.9990,1.817 9.75:0.0003411,0,0.9983,3.677 11.25:-0.000413,0,0.9998,0.8289
4850.000	5037.62262	9.25117416	0	1.30873583	5048.18253043	-3.603e-16	17937	15.739	14.291	15.369	0.018	0.0000	0.8455	1.0674	0.8500	0.9947	1.64942	1.64905	0.0000	0.0000	0.0000	-0.030755	0.0095456	-0.0074664	0	0	0
# CONV t=4850.00 cond=0 evap=0 rough=0 back_s=0
# LEDGER t=4850.000 mode=3 sum_err=0 max|E-iEu|=1.110e-16 run_max_diff=0.000e+00 run_max_sum_err=0 steps=242500 E0_int=5048182530434780 sum=5048182530434780
# NETG t=4850.00 gates min=0.0019 mean=0.3063 edges=12
# LUMP t=4850.00 n=3 Emfree=9.25117 | m=3.50106 x=18.98 y=13.80 z=18.59 rg=2.02 | m=1.94194 x=15.45 y=15.84 z=16.83 rg=1.49 | m=0.543467 x=15.21 y=13.58 z=19.25 rg=0.00
# RAD t=4850.00 0.75:-3.066e-06,0,1.0000,0.002046 2.25:-2.664e-05,0,1.0000,0.01475 3.75:-0.0001237,0,1.0000,0.0513 5.25:-1.085e-05,0,1.0001,0.09214 6.75:-0.0001248,0,0.9983,1.616 8.25:-3.819e-05,0,0.9990,1.821 9.75:0.0003621,0,0.9983,3.746 11.25:-0.0005021,0,0.9998,0.8492
4860.000	5037.62262	9.59368775	0	0.966222237	5048.18253043	-3.603e-16	17937	15.668	14.329	15.354	0.020	0.0000	0.8455	1.0684	0.8500	0.9947	1.64946	1.64905	0.0000	0.0000	0.0000	-0.02104	-0.0010051	-0.015176	0	0	0
# CONV t=4860.00 cond=0 evap=0 rough=0 back_s=0
# LEDGER t=4860.000 mode=3 sum_err=0 max|E-iEu|=1.110e-16 run_max_diff=0.000e+00 run_max_sum_err=0 steps=243000 E0_int=5048182530434780 sum=5048182530434780
# NETG t=4860.00 gates min=0.0000 mean=0.1463 edges=12
# LUMP t=4860.00 n=3 Emfree=9.59369 | m=3.50182 x=18.99 y=13.80 z=18.59 rg=2.02 | m=2.18604 x=15.42 y=15.86 z=16.79 rg=1.43 | m=0.542256 x=15.21 y=13.58 z=19.25 rg=0.00
# RAD t=4860.00 0.75:-3.647e-06,0,1.0000,0.001557 2.25:-2.594e-05,0,1.0000,0.01719 3.75:-0.000104,0,1.0000,0.05098 5.25:-4.646e-05,0,1.0001,0.1138 6.75:-2.243e-05,0,0.9983,1.885 8.25:-0.0001255,0,0.9990,1.822 9.75:-0.0001134,0,0.9983,3.787 11.25:-2.58e-05,0,0.9999,0.8124
4870.000	5037.62262	9.11786266	0	1.44204733	5048.18253043	-5.405e-16	17936	15.671	14.325	15.363	0.019	0.0000	0.8455	1.0903	0.8500	0.9947	1.64947	1.64906	0.0000	0.0000	0.0000	-0.037941	0.0040618	0.019079	0	0	0
# CONV t=4870.00 cond=0 evap=0 rough=0 back_s=0
# LEDGER t=4870.000 mode=3 sum_err=0 max|E-iEu|=1.110e-16 run_max_diff=0.000e+00 run_max_sum_err=0 steps=243500 E0_int=5048182530434780 sum=5048182530434780
# NETG t=4870.00 gates min=0.0000 mean=0.2579 edges=12
# LUMP t=4870.00 n=3 Emfree=9.11786 | m=3.49572 x=18.99 y=13.81 z=18.59 rg=2.02 | m=1.84502 x=15.46 y=15.84 z=16.84 rg=1.51 | m=0.540994 x=15.21 y=13.58 z=19.25 rg=0.00
# RAD t=4870.00 0.75:-2.581e-06,0,1.0000,0.001111 2.25:-1.745e-05,0,1.0000,0.01367 3.75:-9.061e-05,0,1.0000,0.04131 5.25:-9.179e-05,0,1.0001,0.1108 6.75:0.0001077,0,0.9983,1.544 8.25:-0.0003347,0,0.9990,1.81 9.75:8.192e-05,0,0.9983,3.723 11.25:9.226e-05,0,0.9999,0.7814
4880.000	5037.62262	9.44158412	0	1.11832586	5048.18253043	-3.603e-16	17936	15.524	14.364	15.340	0.023	0.0000	0.8455	1.1047	0.8500	0.9947	1.64947	1.64906	0.0000	0.0000	0.0000	-0.01804	0.0037782	0.014622	0	0	0
# CONV t=4880.00 cond=0 evap=0 rough=0 back_s=0
# LEDGER t=4880.000 mode=3 sum_err=0 max|E-iEu|=1.110e-16 run_max_diff=0.000e+00 run_max_sum_err=0 steps=244000 E0_int=5048182530434780 sum=5048182530434780
# NETG t=4880.00 gates min=0.0000 mean=0.3928 edges=12
# LUMP t=4880.00 n=3 Emfree=9.44158 | m=3.45605 x=18.99 y=13.82 z=18.57 rg=2.02 | m=2.07694 x=15.43 y=15.85 z=16.81 rg=1.45 | m=0.539607 x=15.21 y=13.58 z=19.25 rg=0.00
# RAD t=4880.00 0.75:-2.088e-06,0,1.0000,0.002776 2.25:-8.547e-07,0,1.0000,0.02083 3.75:-9.748e-05,0,1.0001,0.04818 5.25:-0.0001044,0,1.0001,0.1319 6.75:1.396e-05,0,0.9983,1.825 8.25:-9.275e-05,0,0.9990,1.722 9.75:5.696e-05,0,0.9983,3.798 11.25:-4.131e-05,0,0.9999,0.786
4890.000	5037.62262	9.62819648	0	0.931713512	5048.18253043	-3.603e-16	17935	15.514	14.461	15.428	0.021	0.0000	0.8455	1.1056	0.8500	0.9947	1.64942	1.64906	0.0000	0.0000	0.0000	-0.0081611	0.035145	0.0015003	0	0	0
# CONV t=4890.00 cond=0 evap=0 rough=0 back_s=0
# LEDGER t=4890.000 mode=3 sum_err=0 max|E-iEu|=1.110e-16 run_max_diff=0.000e+00 run_max_sum_err=0 steps=244500 E0_int=5048182530434780 sum=5048182530434780
# NETG t=4890.00 gates min=0.0000 mean=0.2765 edges=12
# LUMP t=4890.00 n=3 Emfree=9.6282 | m=3.46353 x=19.00 y=13.81 z=18.58 rg=2.01 | m=2.35096 x=15.40 y=15.86 z=16.77 rg=1.39 | m=0.538162 x=15.21 y=13.58 z=19.25 rg=0.00
# RAD t=4890.00 0.75:-1.712e-06,0,1.0000,0.001199 2.25:5.17e-06,0,1.0000,0.01658 3.75:-8.739e-05,0,1.0001,0.04109 5.25:-0.0001221,0,1.0000,0.1265 6.75:2.856e-05,0,0.9982,2.095 8.25:2.437e-05,0,0.9990,1.696 9.75:-0.0002951,0,0.9982,3.795 11.25:-0.0001067,0,0.9999,0.7417
4900.000	5037.62262	9.31272943	0	1.24718056	5048.18253043	-3.603e-16	17935	15.465	14.399	15.412	0.023	0.0000	0.8455	1.1165	0.8500	0.9947	1.64945	1.64906	0.0000	0.0000	0.0000	-0.0053414	0.0084529	0.0024321	0	0	0
# CONV t=4900.00 cond=0 evap=0 rough=0 back_s=0
# LEDGER t=4900.000 mode=3 sum_err=0 max|E-iEu|=1.110e-16 run_max_diff=0.000e+00 run_max_sum_err=0 steps=245000 E0_int=5048182530434780 sum=5048182530434780
# NETG t=4900.00 gates min=0.0000 mean=0.1708 edges=12
# LUMP t=4900.00 n=3 Emfree=9.31273 | m=3.46932 x=19.00 y=13.81 z=18.58 rg=2.01 | m=1.97452 x=15.44 y=15.85 z=16.82 rg=1.47 | m=0.536593 x=15.21 y=13.58 z=19.25 rg=0.00
# RAD t=4900.00 0.75:-9.489e-07,0,1.0000,0.002402 2.25:-3.419e-06,0,1.0000,0.02012 3.75:-6.737e-05,0,1.0001,0.05004 5.25:-0.0001261,0,1.0000,0.1278 6.75:7.478e-05,0,0.9982,1.747 8.25:6.362e-05,0,0.9990,1.716 9.75:-0.0004089,0,0.9982,3.727 11.25:-0.0003857,0,0.9999,0.7462
4910.000	5037.62262	9.60034605	0	0.959563943	5048.18253043	-5.405e-16	17935	15.446	14.452	15.458	0.024	0.0000	0.8455	1.0696	0.8500	0.9947	1.64946	1.64905	0.0000	0.0000	0.0000	-0.0042038	0.01991	0.024667	0	0	0
# CONV t=4910.00 cond=0 evap=0 rough=0 back_s=0
# LEDGER t=4910.000 mode=3 sum_err=0 max|E-iEu|=1.110e-16 run_max_diff=0.000e+00 run_max_sum_err=0 steps=245500 E0_int=5048182530434780 sum=5048182530434780
# NETG t=4910.00 gates min=0.0000 mean=0.3278 edges=12
# LUMP t=4910.00 n=3 Emfree=9.60035 | m=3.45831 x=19.01 y=13.81 z=18.58 rg=2.01 | m=2.2329 x=15.41 y=15.86 z=16.78 rg=1.42 | m=0.534945 x=15.21 y=13.58 z=19.25 rg=0.00
# RAD t=4910.00 0.75:-1.056e-06,0,1.0001,0.001852 2.25:-1.039e-05,0,1.0000,0.01836 3.75:-6.971e-05,0,1.0001,0.04953 5.25:-0.000125,0,1.0001,0.1484 6.75:0.0002383,0,0.9982,2.029 8.25:0.0001619,0,0.9990,1.644 9.75:-0.0001472,0,0.9982,3.763 11.25:-0.001172,0,0.9999,0.759
4920.000	5037.62262	9.13907343	0	1.42083656	5048.18253043	-5.405e-16	17934	15.438	14.464	15.471	0.026	0.0000	0.8455	1.0142	0.8500	0.9947	1.64943	1.64905	0.0000	0.0000	0.0000	-0.013832	0.0011327	0.0087065	0	0	0
# CONV t=4920.00 cond=0 evap=0 rough=0 back_s=0
# LEDGER t=4920.000 mode=3 sum_err=0 max|E-iEu|=1.110e-16 run_max_diff=0.000e+00 run_max_sum_err=0 steps=246000 E0_int=5048182530434780 sum=5048182530434780
# NETG t=4920.00 gates min=0.0000 mean=0.3072 edges=12
# LUMP t=4920.00 n=3 Emfree=9.13907 | m=3.4205 x=18.99 y=13.81 z=18.57 rg=2.02 | m=1.87294 x=15.45 y=15.84 z=16.84 rg=1.50 | m=0.533376 x=15.21 y=13.58 z=19.25 rg=0.00
# RAD t=4920.00 0.75:-1.541e-06,0,1.0001,0.001551 2.25:-1.782e-05,0,1.0000,0.02088 3.75:-7.413e-05,0,1.0001,0.05025 5.25:-0.0001058,0,1.0000,0.1566 6.75:0.0003719,0,0.9982,1.669 8.25:0.0001929,0,0.9991,1.596 9.75:-0.0005247,0,0.9982,3.733 11.25:-0.0008065,0,0.9999,0.7495
4930.000	5037.62262	9.49372283	0	1.06618716	5048.18253043	-3.603e-16	17934	15.415	14.476	15.491	0.026	0.0000	0.8455	0.96944	0.8500	0.9947	1.64939	1.64904	0.0000	0.0000	0.0000	-0.012726	0.015045	0.015542	0	0	0
# CONV t=4930.00 cond=0 evap=0 rough=0 back_s=0
# LEDGER t=4930.000 mode=3 sum_err=0 max|E-iEu|=1.110e-16 run_max_diff=0.000e+00 run_max_sum_err=0 steps=246500 E0_int=5048182530434780 sum=5048182530434780
# NETG t=4930.00 gates min=0.0000 mean=0.3281 edges=12
# LUMP t=4930.00 n=3 Emfree=9.49372 | m=3.43657 x=19.01 y=13.82 z=18.58 rg=2.01 | m=2.12478 x=15.42 y=15.85 z=16.80 rg=1.44 | m=0.531793 x=15.21 y=13.58 z=19.25 rg=0.00
# RAD t=4930.00 0.75:-2.29e-06,0,1.0001,0.002093 2.25:-1.712e-05,0,1.0000,0.01928 3.75:-6.212e-05,0,1.0001,0.0558 5.25:-7.814e-05,0,1.0000,0.1571 6.75:0.0003515,0,0.9982,1.951 8.25:0.0001913,0,0.9991,1.605 9.75:-0.0007311,0,0.9983,3.749 11.25:-0.000179,0,0.9999,0.8124
4940.000	5037.62262	9.67204963	0	0.887860354	5048.18253043	-5.405e-16	17935	15.412	14.548	15.548	0.024	0.0000	0.8455	0.99068	0.8500	0.9947	1.64950	1.64906	0.0000	0.0000	0.0000	-0.013077	0.0043472	-0.010108	0	0	0
# CONV t=4940.00 cond=0 evap=0 rough=0 back_s=0
# LEDGER t=4940.000 mode=3 sum_err=0 max|E-iEu|=1.110e-16 run_max_diff=0.000e+00 run_max_sum_err=0 steps=247000 E0_int=5048182530434780 sum=5048182530434780
# NETG t=4940.00 gates min=0.0000 mean=0.1388 edges=12
# LUMP t=4940.00 n=3 Emfree=9.67205 | m=3.43968 x=19.01 y=13.82 z=18.58 rg=2.00 | m=2.41071 x=15.39 y=15.86 z=16.76 rg=1.38 | m=0.530312 x=15.21 y=13.58 z=19.25 rg=0.00
# RAD t=4940.00 0.75:-1.41e-06,0,1.0001,0.0008314 2.25:-1.473e-05,0,1.0001,0.01675 3.75:-9.59e-05,0,1.0001,0.06078 5.25:6.178e-05,0,1.0000,0.1354 6.75:0.0001647,0,0.9982,2.204 8.25:2.61e-05,0,0.9991,1.588 9.75:-0.0005898,0,0.9983,3.8 11.25:1.113e-05,0,0.9999,0.7375
4950.000	5037.62262	9.35658027	0	1.20332971	5048.18253043	-3.603e-16	17935	15.430	14.487	15.466	0.028	0.0000	0.8455	1.0479	0.8500	0.9947	1.64958	1.64906	0.0000	0.0000	0.0000	-0.013087	0.011265	-0.0047449	0	0	0
# CONV t=4950.00 cond=0 evap=0 rough=0 back_s=0
# LEDGER t=4950.000 mode=3 sum_err=0 max|E-iEu|=1.110e-16 run_max_diff=0.000e+00 run_max_sum_err=0 steps=247500 E0_int=5048182530434780 sum=5048182530434780
# NETG t=4950.00 gates min=0.0000 mean=0.2014 edges=12
# LUMP t=4950.00 n=3 Emfree=9.35658 | m=3.42913 x=19.02 y=13.82 z=18.58 rg=2.00 | m=2.03546 x=15.43 y=15.85 z=16.81 rg=1.45 | m=0.529036 x=15.21 y=13.58 z=19.25 rg=0.00
# RAD t=4950.00 0.75:-1.968e-06,0,1.0001,0.001357 2.25:-2.851e-05,0,1.0001,0.01833 3.75:-7.307e-05,0,1.0001,0.07447 5.25:0.0001098,0,1.0000,0.1455 6.75:8.792e-05,0,0.9982,1.815 8.25:-0.0002448,0,0.9991,1.625 9.75:0.0003044,0,0.9982,3.795 11.25:-0.0004786,0,0.9999,0.73
4960.000	5037.62262	9.54402823	0	1.01588176	5048.18253043	-3.603e-16	17935	15.403	14.597	15.534	0.027	0.0000	0.8455	1.0366	0.8500	0.9947	1.64962	1.64907	0.0000	0.0000	0.0000	0.0074265	0.021497	-0.0055133	0	0	0
# CONV t=4960.00 cond=0 evap=0 rough=0 back_s=0
# LEDGER t=4960.000 mode=3 sum_err=0 max|E-iEu|=1.110e-16 run_max_diff=0.000e+00 run_max_sum_err=0 steps=248000 E0_int=5048182530434780 sum=5048182530434780
# NETG t=4960.00 gates min=0.0000 mean=0.3092 edges=12
# LUMP t=4960.00 n=3 Emfree=9.54403 | m=3.38944 x=19.02 y=13.83 z=18.57 rg=2.01 | m=2.29015 x=15.40 y=15.86 z=16.78 rg=1.40 | m=0.527953 x=15.21 y=13.58 z=19.25 rg=0.00
# RAD t=4960.00 0.75:-2.948e-06,0,1.0001,0.001439 2.25:-3.169e-05,0,1.0001,0.017 3.75:-3.811e-05,0,1.0000,0.08612 5.25:0.0001066,0,1.0000,0.1408 6.75:8.668e-05,0,0.9982,2.049 8.25:-0.0002651,0,0.9991,1.63 9.75:0.0006667,0,0.9982,3.754 11.25:-0.0007115,0,0.9999,0.7356
4970.000	5037.62262	9.20412431	0	1.35578567	5048.18253043	-5.405e-16	17936	15.443	14.558	15.510	0.026	0.0000	0.8455	1.024	0.8500	0.9947	1.64957	1.64906	0.0000	0.0000	0.0000	-0.0063057	0.0041687	-3.7628e-05	0	0	0
# CONV t=4970.00 cond=0 evap=0 rough=0 back_s=0
# LEDGER t=4970.000 mode=3 sum_err=0 max|E-iEu|=1.110e-16 run_max_diff=0.000e+00 run_max_sum_err=0 steps=248500 E0_int=5048182530434780 sum=5048182530434780
# NETG t=4970.00 gates min=0.0000 mean=0.4188 edges=12
# LUMP t=4970.00 n=3 Emfree=9.20412 | m=3.40943 x=19.03 y=13.83 z=18.57 rg=1.99 | m=1.94206 x=15.44 y=15.85 z=16.82 rg=1.47 | m=0.526827 x=15.21 y=13.58 z=19.25 rg=0.00
# RAD t=4970.00 0.75:-2.522e-06,0,1.0001,0.001492 2.25:-3.232e-05,0,1.0001,0.01434 3.75:-1.028e-05,0,1.0000,0.08927 5.25:0.000128,0,1.0000,0.124 6.75:9.338e-05,0,0.9982,1.674 8.25:-0.0002833,0,0.9991,1.633 9.75:0.0006426,0,0.9982,3.752 11.25:-0.0007394,0,0.9999,0.7833
4980.000	5037.62262	9.49948812	0	1.06042187	5048.18253043	-3.603e-16	17934	15.421	14.607	15.545	0.026	0.0000	0.8455	1.018	0.8500	0.9947	1.64954	1.64904	0.0000	0.0000	0.0000	0.0064044	0.00086225	0.017658	0	0	0
# CONV t=4980.00 cond=0 evap=0 rough=0 back_s=0
# LEDGER t=4980.000 mode=3 sum_err=0 max|E-iEu|=1.110e-16 run_max_diff=0.000e+00 run_max_sum_err=0 steps=249000 E0_int=5048182530434780 sum=5048182530434780
# NETG t=4980.00 gates min=0.0000 mean=0.2647 edges=12
# LUMP t=4980.00 n=3 Emfree=9.49949 | m=3.40297 x=19.03 y=13.83 z=18.57 rg=1.99 | m=2.18786 x=15.41 y=15.86 z=16.79 rg=1.42 | m=0.525711 x=15.21 y=13.58 z=19.25 rg=0.00
# RAD t=4980.00 0.75:-2.152e-06,0,1.0001,0.001387 2.25:-2.782e-05,0,1.0001,0.01397 3.75:5.415e-06,0,1.0000,0.09325 5.25:0.0001702,0,1.0000,0.1302 6.75:-1.516e-05,0,0.9982,1.913 8.25:-5.349e-05,0,0.9991,1.663 9.75:-0.0003366,0,0.9983,3.708 11.25:-0.000288,0,0.9999,0.8414
4990.000	5037.62262	9.06132439	0	1.4985856	5048.18253043	-5.405e-16	17935	15.415	14.578	15.573	0.025	0.0000	0.8455	1.0058	0.8500	0.9947	1.64958	1.64902	0.0000	0.0000	0.0000	-0.018222	0.0053535	0.0057515	0	0	0
# CONV t=4990.00 cond=0 evap=0 rough=0 back_s=0
# LEDGER t=4990.000 mode=3 sum_err=0 max|E-iEu|=1.110e-16 run_max_diff=0.000e+00 run_max_sum_err=0 steps=249500 E0_int=5048182530434780 sum=5048182530434780
# NETG t=4990.00 gates min=0.0000 mean=0.3313 edges=12
# LUMP t=4990.00 n=3 Emfree=9.06132 | m=3.39205 x=19.03 y=13.83 z=18.57 rg=1.99 | m=1.85224 x=15.45 y=15.84 z=16.83 rg=1.49 | m=0.524543 x=15.21 y=13.58 z=19.25 rg=0.00
# RAD t=4990.00 0.75:-2.325e-06,0,1.0001,0.0007349 2.25:-2.168e-05,0,1.0002,0.01103 3.75:2.354e-05,0,1.0000,0.09967 5.25:0.0001479,0,1.0000,0.1067 6.75:-7.442e-05,0,0.9982,1.549 8.25:-3.56e-07,0,0.9991,1.654 9.75:-0.0006405,0,0.9983,3.651 11.25:0.0001158,0,0.9999,0.8781
5000.000	5037.62262	9.38373295	0	1.17617704	5048.18253043	-3.603e-16	17934	15.336	14.597	15.594	0.026	0.0000	0.8455	0.97945	0.8500	0.9947	1.64958	1.64901	0.0000	0.0000	0.0000	-5.5143e-05	0.0028797	0.0094524	0	0	0
# CONV t=5000.00 cond=0 evap=0 rough=0 back_s=0
# LEDGER t=5000.000 mode=3 sum_err=0 max|E-iEu|=1.110e-16 run_max_diff=0.000e+00 run_max_sum_err=0 steps=250000 E0_int=5048182530434780 sum=5048182530434780
# NETG t=5000.00 gates min=0.0000 mean=0.2124 edges=12
# LUMP t=5000.00 n=3 Emfree=9.38373 | m=3.37176 x=19.04 y=13.84 z=18.56 rg=1.99 | m=2.06699 x=15.42 y=15.85 z=16.80 rg=1.44 | m=0.523081 x=15.21 y=13.58 z=19.25 rg=0.00
# RAD t=5000.00 0.75:-2.404e-06,0,1.0002,0.0009884 2.25:-1.677e-05,0,1.0002,0.01754 3.75:3.94e-05,0,0.9999,0.1045 5.25:0.0001533,0,1.0000,0.1144 6.75:-0.0001351,0,0.9982,1.763 8.25:8.067e-05,0,0.9990,1.65 9.75:-0.0005599,0,0.9983,3.645 11.25:0.0001397,0,0.9998,0.887
# RESULT exit_face E=0 y=0.0000 z=0.0000
# RESULT es_shells 0.75:1.0002 2.25:1.0002 3.75:0.9999 5.25:1.0000 6.75:0.9982 8.25:0.9990 9.75:0.9983 11.25:0.9998
# RESULT LEDGER mode=3 E0_int=5048182530434780 sum_int=5048182530434780 max_sum_err=0 max|E-iEu|=0.000e+00 steps=250000
# RESULT conservation E0=5048.18253043 Efinal=5048.18253043 rel_drift=-3.603e-16
# RESULT roughness_radiated=0 (dissonant dense deliveries converted to field, conserved)
# NETGATE F 0 1 pq=1:1 d=1.5197 psi_f=+2.4437 psi_b=-3.0394 gf=0.0000 gb=0.0000
# NETGATE F 1 2 pq=1:1 d=1.5194 psi_f=-0.1064 psi_b=-0.1079 gf=0.9776 gb=0.9770
# NETGATE F 2 3 pq=1:1 d=1.5194 psi_f=-0.6415 psi_b=+0.0633 gf=0.4328 gb=0.9920
# NETGATE F 3 4 pq=1:1 d=1.6247 psi_f=+0.5024 psi_b=-1.8479 gf=0.6004 gb=0.0003
# NETGATE F 4 5 pq=1:1 d=1.6474 psi_f=+1.4011 psi_b=+3.1076 gf=0.0136 gb=0.0000
# NETGATE F 5 6 pq=1:1 d=1.5280 psi_f=+2.8245 psi_b=+2.3734 gf=0.0000 gb=0.0000
# NETGATE F 6 7 pq=1:1 d=1.5197 psi_f=+0.6554 psi_b=-0.9397 gf=0.4169 gb=0.1596
# NETGATE F 7 8 pq=1:1 d=1.5197 psi_f=+0.7614 psi_b=-0.9925 gf=0.3047 gb=0.1279
# NETGATE F 8 9 pq=1:1 d=1.5196 psi_f=-2.5801 psi_b=+1.8951 gf=0.0000 gb=0.0002
# NETGATE F 9 10 pq=1:1 d=1.5196 psi_f=-2.4118 psi_b=+1.6432 gf=0.0000 gb=0.0021
# NETGATE F 10 11 pq=1:1 d=1.5195 psi_f=+1.0799 psi_b=-2.6499 gf=0.0858 gb=0.0000
# NETGATE F 11 0 pq=1:1 d=1.5339 psi_f=+2.9436 psi_b=+1.5119 gf=0.0000 gb=0.0062
# RESULT curvature_fit defA_per_Em=-0.22894 r2=0.0971 (linear defect ~ converted energy)
