# freecell — v89 free-cell substance test (exp=ring)
# laws = laws_V2g VERBATIM (defaults): C=1 w1=1.65 w2=2.9 q_detune=1.2
# gamma_res=0.25 gamma_res_m=0.1 p_gate=8 lock_floor=0.005 k_dep=1.2 k_dep_m=2 cap=2.5
# e_s0=1 es_floor=0.05 e_cond=0 f_conv=0.25 f_evap=0.5 s_pull=0.15
# kappa_lock=1 kappa_align=0.5 s_k=0.06 s_disp=0.3 sigma_tumble=0.01
# comb_limit=6 rough_k=0.35 gamma_rough=0.5 mob_sym=1 mob_floor=0.004 field_J=1.8
# quant_A0=1.15 quant_mode=2 (A0eff=1.15)
# v91 radiance (laws_V3r candidate A): k_rad=0.05 p_rad=4 rad_clock=0
# v91 cantus (coherent-channel candidate B): k_cant=1 k_tune=0.2 cant_tau=50 cant_seed=0
# GEOMETRY (apparatus): cfac=1.15 k_rep=1 mob_geo=1 kappa_bond=1 freeze_geo=0
# bath=0 bath_frac=1 jam_sweeps=800 jam_k=0.1 L=16 dt=0.02 T=20000 seed=20260802 diag_every=2000
# JAM skipped (no bath)
# SEED ring: n=6 x=0.4700 d*=1.694293 d_edge=1.544293 edges=6
# SEED noise: amp=0.5 (e1-class churn)
# INIT NC=6 slots=6 live=6 phi_nom=0.0032 z_live=2.00 dbar=1.5443 sigma_d=0.00% E0=13.543606369
#
# t | drift_rel | phi_nom z_live NLa NLd births deaths | dbar sigma_d% | maxstep maxbond | Em_tag ret com_dev rms conn z_tag | pair: d delta gf gb | core/far
t=    0.00 +0.00e+00 | 0.0032  2.00      6    0      0      0 | 1.5443  0.00 | 0.00e+00 0.00e+00 |   7.0500 1.0000  0.0000  1.5443 1.000  2.00 | edge_dev mean=0.1500 max=0.1500 gg=0.0000 shape_dev=0.0000 xbar=0.4700
# CONVTAG t=0.00 rough=0.000000 cond=0.000000 evap=0.000000 backs=0.000000
# CANT t=0.00 a_tag=0.0000 a_max=0.0000 xl_tag=0.4700 nlock=0 tune=0.000000
# QATOM t=18.78 dir=FD w=1.05712258 e=0.193483227061 i=1 Em=1.1684
t=   40.00 +3.54e-15 | 0.0031  0.00      0    0      0      0 | 0.0000  0.00 | 0.00e+00 0.00e+00 |   7.9383 1.1260  0.0014  1.6083 0.167  0.00 | edge_dev mean=0.0860 max=0.0861 gg=0.1074 shape_dev=0.2018 xbar=0.5292
# CONVTAG t=40.00 rough=0.000000 cond=0.772440 evap=0.000000 backs=0.000000
# CANT t=40.00 a_tag=0.2864 a_max=0.3367 xl_tag=0.4837 nlock=0 tune=0.017851
t=   80.00 +8.00e-15 | 0.0031  0.00      0    0      0      0 | 0.0000  0.00 | 0.00e+00 0.00e+00 |   7.9383 1.1260  0.0014  1.6083 0.167  0.00 | edge_dev mean=0.0860 max=0.0861 gg=0.3179 shape_dev=0.2018 xbar=0.5292
# CONVTAG t=80.00 rough=0.000000 cond=0.772440 evap=0.000000 backs=0.000000
# CANT t=80.00 a_tag=0.1286 a_max=0.1513 xl_tag=0.5088 nlock=0 tune=0.017851
t=  120.00 +1.25e-14 | 0.0031  0.00      0    0      0      0 | 0.0000  0.00 | 0.00e+00 0.00e+00 |   7.9383 1.1260  0.0014  1.6083 0.167  0.00 | edge_dev mean=0.0860 max=0.0861 gg=0.1613 shape_dev=0.2018 xbar=0.5292
# CONVTAG t=120.00 rough=0.000000 cond=0.772440 evap=0.000000 backs=0.000000
# CANT t=120.00 a_tag=0.0578 a_max=0.0680 xl_tag=0.5200 nlock=0 tune=0.017851
t=  160.00 +1.59e-14 | 0.0031  0.67      2    0      0      0 | 1.6122  0.00 | 3.15e-12 9.45e-13 |   7.8030 1.1068  0.1486  1.6047 0.500  0.67 | edge_dev mean=0.0825 max=0.0894 gg=0.0625 shape_dev=0.2130 xbar=0.5202
# CONVTAG t=160.00 rough=0.000000 cond=1.760002 evap=1.270987 backs=0.165781
# CANT t=160.00 a_tag=0.0831 a_max=0.1565 xl_tag=0.5160 nlock=0 tune=0.083695
t=  200.00 +1.08e-14 | 0.0031  0.67      2    0      0      0 | 1.6122  0.00 | 8.76e-16 8.46e-16 |   8.0025 1.1351  0.1747  1.6021 0.500  0.67 | edge_dev mean=0.0825 max=0.0894 gg=0.1169 shape_dev=0.2130 xbar=0.5335
# CONVTAG t=200.00 rough=0.000000 cond=1.933451 evap=1.270987 backs=0.165781
# CANT t=200.00 a_tag=0.1136 a_max=0.2991 xl_tag=0.5216 nlock=0 tune=0.151282
t=  240.00 +1.44e-15 | 0.0031  0.67      2    0      0      0 | 1.6122  0.00 | 8.69e-16 9.22e-16 |   7.7526 1.0997  0.1811  1.6014 0.500  0.67 | edge_dev mean=0.0825 max=0.0894 gg=0.2890 shape_dev=0.2130 xbar=0.5168
# CONVTAG t=240.00 rough=0.000000 cond=2.509273 evap=2.183042 backs=0.284745
# CANT t=240.00 a_tag=0.2146 a_max=0.6251 xl_tag=0.5214 nlock=2 tune=0.155038
t=  280.00 -2.10e-15 | 0.0031  0.67      2    0      0      0 | 1.6122  0.00 | 8.71e-16 9.42e-16 |   7.6753 1.0887  0.1609  1.6035 0.500  0.67 | edge_dev mean=0.0825 max=0.0894 gg=0.1605 shape_dev=0.2130 xbar=0.5117
# CONVTAG t=280.00 rough=0.000000 cond=2.698963 evap=2.478522 backs=0.323286
# CANT t=280.00 a_tag=0.2715 a_max=0.8060 xl_tag=0.5246 nlock=2 tune=0.155620
t=  320.00 -4.20e-15 | 0.0031  0.67      2    0      0      0 | 1.6122  0.00 | 8.67e-16 9.34e-16 |   7.7980 1.1061  0.1619  1.6035 0.500  0.67 | edge_dev mean=0.0825 max=0.0894 gg=0.1603 shape_dev=0.2130 xbar=0.5199
# CONVTAG t=320.00 rough=0.000000 cond=3.071348 evap=2.784041 backs=0.363136
# CANT t=320.00 a_tag=0.2982 a_max=0.8908 xl_tag=0.5207 nlock=2 tune=0.155707
t=  360.00 -1.08e-14 | 0.0031  0.67      2    0      0      0 | 1.6122  0.00 | 8.66e-16 9.11e-16 |   7.6319 1.0825  0.1594  1.6037 0.500  0.67 | edge_dev mean=0.0825 max=0.0894 gg=0.2612 shape_dev=0.2130 xbar=0.5088
# CONVTAG t=360.00 rough=0.000000 cond=3.461877 evap=3.399257 backs=0.443381
# CANT t=360.00 a_tag=0.3105 a_max=0.9298 xl_tag=0.5164 nlock=2 tune=0.155722
t=  400.00 -1.63e-14 | 0.0031  0.00      0    0      0      0 | 0.0000  0.00 | 0.00e+00 0.00e+00 |   7.6431 1.0841  0.1389  1.6084 0.167  0.00 | edge_dev mean=0.0794 max=0.0894 gg=0.0273 shape_dev=0.2231 xbar=0.5095
# CONVTAG t=400.00 rough=0.000000 cond=4.051353 evap=4.065943 backs=0.530340
# CANT t=400.00 a_tag=0.2312 a_max=0.6929 xl_tag=0.5231 nlock=2 tune=0.317352
t=  440.00 -1.85e-14 | 0.0031  0.00      0    0      0      0 | 0.0000  0.00 | 0.00e+00 0.00e+00 |   7.7064 1.0931  0.2017  1.6016 0.167  0.00 | edge_dev mean=0.0794 max=0.0894 gg=0.0306 shape_dev=0.2231 xbar=0.5138
# CONVTAG t=440.00 rough=0.000000 cond=4.622322 evap=4.659242 backs=0.607727
# CANT t=440.00 a_tag=0.1039 a_max=0.3113 xl_tag=0.5190 nlock=0 tune=0.317352
t=  480.00 -2.10e-14 | 0.0032  0.33      1    0      0      0 | 1.6203  0.00 | 2.84e-06 1.17e-26 |   7.4307 1.0540  0.0937  1.6128 0.333  0.33 | edge_dev mean=0.0784 max=0.0894 gg=0.1681 shape_dev=0.2261 xbar=0.4954
# CONVTAG t=480.00 rough=0.000000 cond=5.204547 evap=5.604528 backs=0.731025
# CANT t=480.00 a_tag=0.0484 a_max=0.1447 xl_tag=0.5225 nlock=0 tune=0.317829
t=  520.00 -2.39e-14 | 0.0031  0.33      1    0      0      0 | 1.6115  0.00 | 2.96e-08 7.16e-19 |   7.8028 1.1068  0.0897  1.6132 0.333  0.33 | edge_dev mean=0.0784 max=0.0894 gg=0.0398 shape_dev=0.2261 xbar=0.5202
# CONVTAG t=520.00 rough=0.000000 cond=5.796321 evap=5.913005 backs=0.771262
# CANT t=520.00 a_tag=0.0217 a_max=0.0650 xl_tag=0.5267 nlock=0 tune=0.318164
t=  560.00 -2.48e-14 | 0.0031  0.00      0    0      0      0 | 0.0000  0.00 | 0.00e+00 0.00e+00 |   8.0806 1.1462  0.0840  1.6137 0.167  0.00 | edge_dev mean=0.0781 max=0.0904 gg=0.1791 shape_dev=0.2272 xbar=0.5387
# CONVTAG t=560.00 rough=0.000000 cond=6.592456 evap=6.550704 backs=0.854440
# CANT t=560.00 a_tag=0.0098 a_max=0.0292 xl_tag=0.5242 nlock=0 tune=0.318830
t=  600.00 -2.56e-14 | 0.0031  0.00      0    0      0      0 | 0.0000  0.00 | 0.00e+00 0.00e+00 |   7.9057 1.1214  0.0608  1.6148 0.167  0.00 | edge_dev mean=0.0781 max=0.0904 gg=0.1698 shape_dev=0.2272 xbar=0.5270
# CONVTAG t=600.00 rough=0.000000 cond=6.974809 evap=7.165323 backs=0.934607
# CANT t=600.00 a_tag=0.0044 a_max=0.0131 xl_tag=0.5243 nlock=0 tune=0.318830
t=  640.00 -2.56e-14 | 0.0031  0.00      0    0      0      0 | 0.0000  0.00 | 0.00e+00 0.00e+00 |   7.9057 1.1214  0.0608  1.6148 0.167  0.00 | edge_dev mean=0.0781 max=0.0904 gg=0.1698 shape_dev=0.2272 xbar=0.5270
# CONVTAG t=640.00 rough=0.000000 cond=6.974809 evap=7.165323 backs=0.934607
# CANT t=640.00 a_tag=0.0020 a_max=0.0059 xl_tag=0.5258 nlock=0 tune=0.318830
t=  680.00 -2.19e-14 | 0.0031  0.00      0    0      0      0 | 0.0000  0.00 | 0.00e+00 0.00e+00 |   7.6428 1.0841  0.1150  1.6118 0.167  0.00 | edge_dev mean=0.0781 max=0.0904 gg=0.1876 shape_dev=0.2272 xbar=0.5095
# CONVTAG t=680.00 rough=0.000000 cond=7.564606 evap=8.106499 backs=1.057369
# CANT t=680.00 a_tag=0.0009 a_max=0.0026 xl_tag=0.5215 nlock=0 tune=0.318830
t=  720.00 -1.80e-14 | 0.0031  0.00      0    0      0      0 | 0.0000  0.00 | 0.00e+00 0.00e+00 |   8.2319 1.1677  0.1292  1.6105 0.167  0.00 | edge_dev mean=0.0781 max=0.0904 gg=0.0579 shape_dev=0.2272 xbar=0.5488
# CONVTAG t=720.00 rough=0.000000 cond=8.352073 evap=8.422941 backs=1.098644
# CANT t=720.00 a_tag=0.0004 a_max=0.0012 xl_tag=0.5292 nlock=0 tune=0.318830
t=  760.00 -1.67e-14 | 0.0031  0.00      0    0      0      0 | 0.0000  0.00 | 0.00e+00 0.00e+00 |   7.8432 1.1125  0.1084  1.6121 0.167  0.00 | edge_dev mean=0.0781 max=0.0904 gg=0.1850 shape_dev=0.2272 xbar=0.5229
# CONVTAG t=760.00 rough=0.000000 cond=8.540865 evap=9.028800 backs=1.177670
# CANT t=760.00 a_tag=0.0002 a_max=0.0005 xl_tag=0.5318 nlock=0 tune=0.318830
t=  800.00 -1.13e-14 | 0.0031  0.00      0    0      0      0 | 0.0000  0.00 | 0.00e+00 0.00e+00 |   7.8952 1.1199  0.0290  1.6158 0.167  0.00 | edge_dev mean=0.0781 max=0.0904 gg=0.1483 shape_dev=0.2272 xbar=0.5263
# CONVTAG t=800.00 rough=0.000000 cond=9.128516 evap=9.652637 backs=1.259040
# CANT t=800.00 a_tag=0.0001 a_max=0.0002 xl_tag=0.5286 nlock=0 tune=0.318830
t=  840.00 -7.74e-15 | 0.0031  0.00      0    0      0      0 | 0.0000  0.00 | 0.00e+00 0.00e+00 |   7.7091 1.0935  0.0750  1.6143 0.167  0.00 | edge_dev mean=0.0781 max=0.0904 gg=0.0265 shape_dev=0.2272 xbar=0.5139
# CONVTAG t=840.00 rough=0.000000 cond=9.535912 evap=10.307175 backs=1.344414
# CANT t=840.00 a_tag=0.0000 a_max=0.0001 xl_tag=0.5303 nlock=0 tune=0.318830
t=  880.00 -8.13e-15 | 0.0031  0.00      0    0      0      0 | 0.0000  0.00 | 0.00e+00 0.00e+00 |   7.7469 1.0988  0.1522  1.6084 0.167  0.00 | edge_dev mean=0.0781 max=0.0904 gg=0.0427 shape_dev=0.2272 xbar=0.5165
# CONVTAG t=880.00 rough=0.000000 cond=10.104457 evap=10.923243 backs=1.424771
# CANT t=880.00 a_tag=0.0000 a_max=0.0000 xl_tag=0.5283 nlock=0 tune=0.318830
t=  920.00 -6.16e-15 | 0.0031  0.00      0    0      0      0 | 0.0000  0.00 | 0.00e+00 0.00e+00 |   7.7863 1.1044  0.0967  1.6129 0.167  0.00 | edge_dev mean=0.0781 max=0.0904 gg=0.1485 shape_dev=0.2272 xbar=0.5191
# CONVTAG t=920.00 rough=0.000000 cond=10.671830 evap=11.536312 backs=1.504736
# CANT t=920.00 a_tag=0.0000 a_max=0.0000 xl_tag=0.5271 nlock=0 tune=0.318830
t=  960.00 -2.49e-15 | 0.0031  0.00      0    0      0      0 | 0.0000  0.00 | 0.00e+00 0.00e+00 |   8.0010 1.1349  0.1159  1.6115 0.167  0.00 | edge_dev mean=0.0781 max=0.0904 gg=0.0378 shape_dev=0.2272 xbar=0.5334
# CONVTAG t=960.00 rough=0.000000 cond=10.858560 evap=11.536312 backs=1.504736
# CANT t=960.00 a_tag=0.0000 a_max=0.0000 xl_tag=0.5284 nlock=0 tune=0.318830
t= 1000.00 -3.15e-15 | 0.0031  0.00      0    0      0      0 | 0.0000  0.00 | 0.00e+00 0.00e+00 |   7.6112 1.0796  0.1897  1.6043 0.167  0.00 | edge_dev mean=0.0781 max=0.0904 gg=0.2724 shape_dev=0.2273 xbar=0.5074
# CONVTAG t=1000.00 rough=0.000000 cond=11.640185 evap=12.825042 backs=1.672832
# CANT t=1000.00 a_tag=0.0080 a_max=0.0240 xl_tag=0.5197 nlock=0 tune=0.324552
t= 1040.00 -2.10e-15 | 0.0031  0.00      0    0      0      0 | 0.0000  0.00 | 0.00e+00 0.00e+00 |   7.9608 1.1292  0.0824  1.6138 0.167  0.00 | edge_dev mean=0.0781 max=0.0904 gg=0.2319 shape_dev=0.2273 xbar=0.5307
# CONVTAG t=1040.00 rough=0.000000 cond=12.212488 evap=13.133572 backs=1.713075
# CANT t=1040.00 a_tag=0.0036 a_max=0.0108 xl_tag=0.5237 nlock=0 tune=0.324552
t= 1080.00 +1.97e-15 | 0.0032  0.33      1    0      0      0 | 1.6070  0.00 | 1.29e-13 1.36e-13 |   7.3439 1.0417  0.0627  1.6150 0.333  0.33 | edge_dev mean=0.0780 max=0.0905 gg=0.2846 shape_dev=0.2274 xbar=0.4896
# CONVTAG t=1080.00 rough=0.000000 cond=12.212488 evap=13.750499 backs=1.793543
# CANT t=1080.00 a_tag=0.0077 a_max=0.0232 xl_tag=0.5239 nlock=0 tune=0.324646
t= 1120.00 +5.25e-15 | 0.0031  0.00      0    0      0      0 | 0.0000  0.00 | 0.00e+00 0.00e+00 |   7.8939 1.1197  0.1477  1.6089 0.167  0.00 | edge_dev mean=0.0780 max=0.0905 gg=0.1516 shape_dev=0.2274 xbar=0.5263
# CONVTAG t=1120.00 rough=0.000000 cond=12.955129 evap=14.054500 backs=1.833196
# CANT t=1120.00 a_tag=0.0057 a_max=0.0170 xl_tag=0.5172 nlock=0 tune=0.324784
t= 1160.00 +9.18e-15 | 0.0031  0.00      0    0      0      0 | 0.0000  0.00 | 0.00e+00 0.00e+00 |   7.9493 1.1276  0.1554  1.6081 0.167  0.00 | edge_dev mean=0.0780 max=0.0905 gg=0.1447 shape_dev=0.2274 xbar=0.5300
# CONVTAG t=1160.00 rough=0.000000 cond=13.524292 evap=14.653620 backs=1.911342
# CANT t=1160.00 a_tag=0.0025 a_max=0.0076 xl_tag=0.5182 nlock=0 tune=0.324784
t= 1200.00 +1.35e-14 | 0.0031  0.00      0    0      0      0 | 0.0000  0.00 | 0.00e+00 0.00e+00 |   7.9684 1.1303  0.1899  1.6043 0.167  0.00 | edge_dev mean=0.0780 max=0.0905 gg=0.3714 shape_dev=0.2274 xbar=0.5312
# CONVTAG t=1200.00 rough=0.000000 cond=14.051211 evap=15.240472 backs=1.987888
# CANT t=1200.00 a_tag=0.0011 a_max=0.0034 xl_tag=0.5219 nlock=0 tune=0.324784
t= 1240.00 +1.72e-14 | 0.0031  0.00      0    0      0      0 | 0.0000  0.00 | 0.00e+00 0.00e+00 |   7.7984 1.1062  0.1637  1.6072 0.167  0.00 | edge_dev mean=0.0780 max=0.0905 gg=0.1470 shape_dev=0.2274 xbar=0.5199
# CONVTAG t=1240.00 rough=0.000000 cond=14.412365 evap=15.825806 backs=2.064236
# CANT t=1240.00 a_tag=0.0005 a_max=0.0015 xl_tag=0.5181 nlock=0 tune=0.324784
t= 1280.00 +2.16e-14 | 0.0032  0.00      0    0      0      0 | 0.0000  0.00 | 0.00e+00 0.00e+00 |   7.5389 1.0694  0.2121  1.6014 0.167  0.00 | edge_dev mean=0.0780 max=0.0905 gg=0.0785 shape_dev=0.2274 xbar=0.5026
# CONVTAG t=1280.00 rough=0.000000 cond=14.743511 evap=16.466090 backs=2.147751
# CANT t=1280.00 a_tag=0.0002 a_max=0.0007 xl_tag=0.5164 nlock=0 tune=0.324784
t= 1320.00 +2.54e-14 | 0.0031  0.00      0    0      0      0 | 0.0000  0.00 | 0.00e+00 0.00e+00 |   7.7164 1.0945  0.1706  1.6065 0.167  0.00 | edge_dev mean=0.0780 max=0.0905 gg=0.1445 shape_dev=0.2274 xbar=0.5144
# CONVTAG t=1320.00 rough=0.000000 cond=15.141667 evap=16.746479 backs=2.184323
# CANT t=1320.00 a_tag=0.0001 a_max=0.0003 xl_tag=0.5138 nlock=0 tune=0.324784
t= 1360.00 +2.90e-14 | 0.0031  0.00      0    0      0      0 | 0.0000  0.00 | 0.00e+00 0.00e+00 |   7.8009 1.1065  0.1936  1.6049 0.167  0.00 | edge_dev mean=0.0768 max=0.0905 gg=0.2186 shape_dev=0.2316 xbar=0.5201
# CONVTAG t=1360.00 rough=0.000000 cond=16.305989 evap=18.000995 backs=2.347956
# CANT t=1360.00 a_tag=0.0247 a_max=0.0738 xl_tag=0.5095 nlock=0 tune=0.355604
t= 1400.00 +2.81e-14 | 0.0031  0.00      0    0      0      0 | 0.0000  0.00 | 0.00e+00 0.00e+00 |   7.9105 1.1221  0.2126  1.6024 0.167  0.00 | edge_dev mean=0.0768 max=0.0905 gg=0.0513 shape_dev=0.2316 xbar=0.5274
# CONVTAG t=1400.00 rough=0.000000 cond=16.644454 evap=18.280643 backs=2.384432
# CANT t=1400.00 a_tag=0.0111 a_max=0.0331 xl_tag=0.5158 nlock=0 tune=0.355604
t= 1440.00 +2.69e-14 | 0.0031  0.00      0    0      0      0 | 0.0000  0.00 | 0.00e+00 0.00e+00 |   7.7252 1.0958  0.1854  1.6059 0.167  0.00 | edge_dev mean=0.0768 max=0.0905 gg=0.1066 shape_dev=0.2316 xbar=0.5150
# CONVTAG t=1440.00 rough=0.000000 cond=16.993778 evap=18.867639 backs=2.460996
# CANT t=1440.00 a_tag=0.0050 a_max=0.0149 xl_tag=0.5146 nlock=0 tune=0.355604
t= 1480.00 +2.85e-14 | 0.0032  0.00      0    0      0      0 | 0.0000  0.00 | 0.00e+00 0.00e+00 |   7.5130 1.0657  0.1996  1.6041 0.167  0.00 | edge_dev mean=0.0768 max=0.0905 gg=0.1994 shape_dev=0.2316 xbar=0.5009
# CONVTAG t=1480.00 rough=0.000000 cond=17.331250 evap=19.467953 backs=2.539298
# CANT t=1480.00 a_tag=0.0022 a_max=0.0067 xl_tag=0.5138 nlock=0 tune=0.355604
t= 1520.00 +2.85e-14 | 0.0031  0.00      0    0      0      0 | 0.0000  0.00 | 0.00e+00 0.00e+00 |   7.9514 1.1279  0.1591  1.6091 0.167  0.00 | edge_dev mean=0.0766 max=0.0905 gg=0.0923 shape_dev=0.2321 xbar=0.5301
# CONVTAG t=1520.00 rough=0.000000 cond=18.511685 evap=20.387047 backs=2.659180
# CANT t=1520.00 a_tag=0.0010 a_max=0.0030 xl_tag=0.5144 nlock=0 tune=0.355702
t= 1560.00 +3.12e-14 | 0.0031  0.00      0    0      0      0 | 0.0000  0.00 | 0.00e+00 0.00e+00 |   7.7754 1.1029  0.1541  1.6096 0.167  0.00 | edge_dev mean=0.0766 max=0.0905 gg=0.0009 shape_dev=0.2321 xbar=0.5184
# CONVTAG t=1560.00 rough=0.000000 cond=18.877753 evap=20.983977 backs=2.737040
# CANT t=1560.00 a_tag=0.0005 a_max=0.0014 xl_tag=0.5185 nlock=0 tune=0.355702
t= 1600.00 +3.12e-14 | 0.0031  0.00      0    0      0      0 | 0.0000  0.00 | 0.00e+00 0.00e+00 |   7.8870 1.1187  0.1747  1.6074 0.167  0.00 | edge_dev mean=0.0766 max=0.0905 gg=0.0003 shape_dev=0.2321 xbar=0.5258
# CONVTAG t=1600.00 rough=0.000000 cond=19.220912 evap=21.267049 backs=2.773963
# CANT t=1600.00 a_tag=0.0002 a_max=0.0006 xl_tag=0.5223 nlock=0 tune=0.355702
t= 1640.00 +3.33e-14 | 0.0032  0.00      0    0      0      0 | 0.0000  0.00 | 0.00e+00 0.00e+00 |   7.4843 1.0616  0.1400  1.6111 0.167  0.00 | edge_dev mean=0.0766 max=0.0905 gg=0.2987 shape_dev=0.2321 xbar=0.4990
# CONVTAG t=1640.00 rough=0.000000 cond=19.385483 evap=21.859041 backs=2.851179
# CANT t=1640.00 a_tag=0.0001 a_max=0.0003 xl_tag=0.5232 nlock=0 tune=0.355702
t= 1680.00 +3.58e-14 | 0.0032  0.00      0    0      0      0 | 0.0000  0.00 | 0.00e+00 0.00e+00 |   7.4305 1.0540  0.1580  1.6095 0.167  0.00 | edge_dev mean=0.0763 max=0.0905 gg=0.0001 shape_dev=0.2331 xbar=0.4954
# CONVTAG t=1680.00 rough=0.000000 cond=20.163736 evap=22.807778 backs=2.974928
# CANT t=1680.00 a_tag=0.0000 a_max=0.0001 xl_tag=0.5244 nlock=0 tune=0.355705
t= 1720.00 +3.69e-14 | 0.0031  0.00      0    0      0      0 | 0.0000  0.00 | 0.00e+00 0.00e+00 |   7.7689 1.1020  0.1792  1.6071 0.167  0.00 | edge_dev mean=0.0763 max=0.0905 gg=0.2171 shape_dev=0.2331 xbar=0.5179
# CONVTAG t=1720.00 rough=0.000000 cond=20.707937 evap=23.095203 backs=3.012418
# CANT t=1720.00 a_tag=0.0000 a_max=0.0001 xl_tag=0.5210 nlock=0 tune=0.355705
t= 1760.00 +3.67e-14 | 0.0031  0.00      0    0      0      0 | 0.0000  0.00 | 0.00e+00 0.00e+00 |   7.7207 1.0951  0.1181  1.6132 0.167  0.00 | edge_dev mean=0.0761 max=0.0905 gg=0.0883 shape_dev=0.2336 xbar=0.5147
# CONVTAG t=1760.00 rough=0.000000 cond=21.459936 evap=24.008257 backs=3.131512
# CANT t=1760.00 a_tag=0.0000 a_max=0.0000 xl_tag=0.5204 nlock=0 tune=0.355714
t= 1800.00 +3.42e-14 | 0.0031  0.00      0    0      0      0 | 0.0000  0.00 | 0.00e+00 0.00e+00 |   7.6047 1.0787  0.2140  1.6027 0.167  0.00 | edge_dev mean=0.0761 max=0.0905 gg=0.0961 shape_dev=0.2336 xbar=0.5070
# CONVTAG t=1800.00 rough=0.000000 cond=21.631822 evap=24.321936 backs=3.172426
# CANT t=1800.00 a_tag=0.0000 a_max=0.0000 xl_tag=0.5212 nlock=0 tune=0.355714
t= 1840.00 +3.13e-14 | 0.0031  0.00      0    0      0      0 | 0.0000  0.00 | 0.00e+00 0.00e+00 |   7.7790 1.1034  0.1595  1.6094 0.167  0.00 | edge_dev mean=0.0761 max=0.0905 gg=0.0104 shape_dev=0.2336 xbar=0.5186
# CONVTAG t=1840.00 rough=0.000000 cond=22.547136 evap=25.200171 backs=3.286979
# CANT t=1840.00 a_tag=0.0000 a_max=0.0000 xl_tag=0.5177 nlock=0 tune=0.355714
t= 1880.00 +3.06e-14 | 0.0031  0.00      0    0      0      0 | 0.0000  0.00 | 0.00e+00 0.00e+00 |   7.9761 1.1314  0.1879  1.6062 0.167  0.00 | edge_dev mean=0.0761 max=0.0905 gg=0.2966 shape_dev=0.2336 xbar=0.5317
# CONVTAG t=1880.00 rough=0.000000 cond=22.718496 evap=25.200171 backs=3.286979
# CANT t=1880.00 a_tag=0.0000 a_max=0.0000 xl_tag=0.5247 nlock=0 tune=0.355714
t= 1920.00 +2.77e-14 | 0.0031  0.00      0    0      0      0 | 0.0000  0.00 | 0.00e+00 0.00e+00 |   7.9829 1.1323  0.1891  1.6060 0.167  0.00 | edge_dev mean=0.0761 max=0.0905 gg=0.0683 shape_dev=0.2336 xbar=0.5322
# CONVTAG t=1920.00 rough=0.000000 cond=23.234045 evap=25.786297 backs=3.363430
# CANT t=1920.00 a_tag=0.0000 a_max=0.0000 xl_tag=0.5197 nlock=0 tune=0.355714
t= 1960.00 +2.98e-14 | 0.0031  0.00      0    0      0      0 | 0.0000  0.00 | 0.00e+00 0.00e+00 |   7.8107 1.1079  0.1947  1.6053 0.167  0.00 | edge_dev mean=0.0761 max=0.0905 gg=0.0177 shape_dev=0.2336 xbar=0.5207
# CONVTAG t=1960.00 rough=0.000000 cond=23.606861 evap=26.387162 backs=3.441804
# CANT t=1960.00 a_tag=0.0000 a_max=0.0000 xl_tag=0.5174 nlock=0 tune=0.355714
# QATOM t=1997.24 dir=FD w=0.977313727 e=0.178875957273 i=1 Em=1.4340
t= 2000.00 +3.58e-14 | 0.0031  0.00      0    0      0      0 | 0.0000  0.00 | 0.00e+00 0.00e+00 |   7.7618 1.1010  0.0366  1.6181 0.167  0.00 | edge_dev mean=0.0756 max=0.0917 gg=0.2315 shape_dev=0.2352 xbar=0.5175
# CONVTAG t=2000.00 rough=0.000000 cond=24.374507 evap=27.318853 backs=3.563329
# CANT t=2000.00 a_tag=0.0000 a_max=0.0000 xl_tag=0.5155 nlock=0 tune=0.355714
t= 2040.00 +4.05e-14 | 0.0031  0.00      0    0      0      0 | 0.0000  0.00 | 0.00e+00 0.00e+00 |   7.7189 1.0949  0.0441  1.6181 0.167  0.00 | edge_dev mean=0.0753 max=0.0927 gg=0.1423 shape_dev=0.2362 xbar=0.5146
# CONVTAG t=2040.00 rough=0.000000 cond=25.150648 evap=28.254313 backs=3.685345
# CANT t=2040.00 a_tag=0.0000 a_max=0.0000 xl_tag=0.5120 nlock=0 tune=0.355714
t= 2080.00 +3.91e-14 | 0.0031  0.00      0    0      0      0 | 0.0000  0.00 | 0.00e+00 0.00e+00 |   7.7189 1.0949  0.0441  1.6181 0.167  0.00 | edge_dev mean=0.0753 max=0.0927 gg=0.1566 shape_dev=0.2362 xbar=0.5146
# CONVTAG t=2080.00 rough=0.000000 cond=25.150648 evap=28.254313 backs=3.685345
# CANT t=2080.00 a_tag=0.0000 a_max=0.0000 xl_tag=0.5134 nlock=0 tune=0.355714
t= 2120.00 +4.07e-14 | 0.0032  0.00      0    0      0      0 | 0.0000  0.00 | 0.00e+00 0.00e+00 |   7.4478 1.0564  0.0787  1.6176 0.167  0.00 | edge_dev mean=0.0750 max=0.0937 gg=0.0093 shape_dev=0.2373 xbar=0.4965
# CONVTAG t=2120.00 rough=0.000000 cond=25.712485 evap=29.171527 backs=3.804982
# CANT t=2120.00 a_tag=0.0005 a_max=0.0015 xl_tag=0.5081 nlock=0 tune=0.356708
t= 2160.00 +4.04e-14 | 0.0031  0.00      0    0      0      0 | 0.0000  0.00 | 0.00e+00 0.00e+00 |   7.6672 1.0875  0.0631  1.6177 0.167  0.00 | edge_dev mean=0.0750 max=0.0937 gg=0.1506 shape_dev=0.2373 xbar=0.5111
# CONVTAG t=2160.00 rough=0.000000 cond=26.697136 evap=30.084500 backs=3.924065
# CANT t=2160.00 a_tag=0.0002 a_max=0.0007 xl_tag=0.5175 nlock=0 tune=0.356708
t= 2200.00 +3.97e-14 | 0.0031  0.00      0    0      0      0 | 0.0000  0.00 | 0.00e+00 0.00e+00 |   7.7769 1.1031  0.0302  1.6190 0.167  0.00 | edge_dev mean=0.0750 max=0.0937 gg=0.1079 shape_dev=0.2373 xbar=0.5185
# CONVTAG t=2200.00 rough=0.000000 cond=27.056191 evap=30.387744 backs=3.963619
# CANT t=2200.00 a_tag=0.0001 a_max=0.0003 xl_tag=0.5228 nlock=0 tune=0.356708
t= 2240.00 +4.14e-14 | 0.0031  0.00      0    0      0      0 | 0.0000  0.00 | 0.00e+00 0.00e+00 |   8.0353 1.1398  0.0183  1.6191 0.167  0.00 | edge_dev mean=0.0750 max=0.0937 gg=0.0203 shape_dev=0.2373 xbar=0.5357
# CONVTAG t=2240.00 rough=0.000000 cond=27.799107 evap=30.983694 backs=4.041351
# CANT t=2240.00 a_tag=0.0000 a_max=0.0001 xl_tag=0.5218 nlock=0 tune=0.356708
t= 2280.00 +4.39e-14 | 0.0031  0.00      0    0      0      0 | 0.0000  0.00 | 0.00e+00 0.00e+00 |   7.6563 1.0860  0.0537  1.6180 0.167  0.00 | edge_dev mean=0.0750 max=0.0937 gg=0.0589 shape_dev=0.2373 xbar=0.5104
# CONVTAG t=2280.00 rough=0.000000 cond=27.996930 evap=31.590200 backs=4.120461
# CANT t=2280.00 a_tag=0.0000 a_max=0.0001 xl_tag=0.5262 nlock=0 tune=0.356708
t= 2320.00 +4.87e-14 | 0.0031  0.00      0    0      0      0 | 0.0000  0.00 | 0.00e+00 0.00e+00 |   7.9349 1.1255  0.0599  1.6190 0.167  0.00 | edge_dev mean=0.0742 max=0.0894 gg=0.0380 shape_dev=0.2397 xbar=0.5290
# CONVTAG t=2320.00 rough=0.000000 cond=28.772441 evap=32.203394 backs=4.200443
# CANT t=2320.00 a_tag=0.0032 a_max=0.0093 xl_tag=0.5137 nlock=0 tune=0.357098
t= 2360.00 +5.18e-14 | 0.0031  0.00      0    0      0      0 | 0.0000  0.00 | 0.00e+00 0.00e+00 |   7.8491 1.1133  0.0492  1.6193 0.167  0.00 | edge_dev mean=0.0742 max=0.0894 gg=0.1441 shape_dev=0.2397 xbar=0.5233
# CONVTAG t=2360.00 rough=0.000000 cond=28.955971 evap=32.500255 backs=4.239164
# CANT t=2360.00 a_tag=0.0014 a_max=0.0042 xl_tag=0.5191 nlock=0 tune=0.357098
t= 2400.00 +5.22e-14 | 0.0032  0.00      0    0      0      0 | 0.0000  0.00 | 0.00e+00 0.00e+00 |   7.5392 1.0694  0.0623  1.6190 0.167  0.00 | edge_dev mean=0.0742 max=0.0894 gg=0.2172 shape_dev=0.2397 xbar=0.5026
# CONVTAG t=2400.00 rough=0.000000 cond=28.955971 evap=32.810133 backs=4.279583
# CANT t=2400.00 a_tag=0.0006 a_max=0.0019 xl_tag=0.5199 nlock=0 tune=0.357098
t= 2440.00 +5.42e-14 | 0.0032  0.33      1    0      0      0 | 1.6161  0.00 | 1.65e-09 7.86e-30 |   7.4829 1.0614  0.1318  1.6152 0.333  0.33 | edge_dev mean=0.0740 max=0.0901 gg=0.1365 shape_dev=0.2405 xbar=0.4989
# CONVTAG t=2440.00 rough=0.000000 cond=29.730365 evap=33.756994 backs=4.403086
# CANT t=2440.00 a_tag=0.0003 a_max=0.0008 xl_tag=0.5105 nlock=0 tune=0.357098
t= 2480.00 +5.89e-14 | 0.0031  0.00      0    0      0      0 | 0.0000  0.00 | 0.00e+00 0.00e+00 |   7.9349 1.1255  0.1217  1.6162 0.167  0.00 | edge_dev mean=0.0740 max=0.0901 gg=0.3654 shape_dev=0.2405 xbar=0.5290
# CONVTAG t=2480.00 rough=0.000000 cond=30.123347 evap=33.756994 backs=4.403086
# CANT t=2480.00 a_tag=0.0001 a_max=0.0004 xl_tag=0.5194 nlock=0 tune=0.357098
t= 2520.00 +6.06e-14 | 0.0031  0.00      0    0      0      0 | 0.0000  0.00 | 0.00e+00 0.00e+00 |   8.1768 1.1598  0.0187  1.6204 0.167  0.00 | edge_dev mean=0.0736 max=0.0909 gg=0.0350 shape_dev=0.2417 xbar=0.5451
# CONVTAG t=2520.00 rough=0.000000 cond=30.877775 evap=34.382686 backs=4.484698
# CANT t=2520.00 a_tag=0.0218 a_max=0.0489 xl_tag=0.5233 nlock=0 tune=0.365717
t= 2560.00 +6.30e-14 | 0.0031  0.00      0    0      0      0 | 0.0000  0.00 | 0.00e+00 0.00e+00 |   7.6904 1.0908  0.0613  1.6193 0.167  0.00 | edge_dev mean=0.0736 max=0.0909 gg=0.0581 shape_dev=0.2417 xbar=0.5127
# CONVTAG t=2560.00 rough=0.000000 cond=31.255633 evap=35.303580 backs=4.604815
# CANT t=2560.00 a_tag=0.0098 a_max=0.0219 xl_tag=0.5236 nlock=0 tune=0.365717
t= 2600.00 +6.65e-14 | 0.0031  0.00      0    0      0      0 | 0.0000  0.00 | 0.00e+00 0.00e+00 |   8.0201 1.1376  0.0388  1.6201 0.167  0.00 | edge_dev mean=0.0734 max=0.0915 gg=0.1543 shape_dev=0.2423 xbar=0.5347
# CONVTAG t=2600.00 rough=0.000000 cond=32.352047 evap=36.234789 backs=4.726277
# CANT t=2600.00 a_tag=0.0048 a_max=0.0099 xl_tag=0.5277 nlock=0 tune=0.367113
t= 2640.00 +6.96e-14 | 0.0031  0.00      0    0      0      0 | 0.0000  0.00 | 0.00e+00 0.00e+00 |   8.0494 1.1418  0.0726  1.6188 0.167  0.00 | edge_dev mean=0.0734 max=0.0915 gg=0.0144 shape_dev=0.2423 xbar=0.5366
# CONVTAG t=2640.00 rough=0.000000 cond=32.882864 evap=36.815851 backs=4.802067
# CANT t=2640.00 a_tag=0.0022 a_max=0.0044 xl_tag=0.5243 nlock=0 tune=0.367113
t= 2680.00 +6.86e-14 | 0.0031  0.00      0    0      0      0 | 0.0000  0.00 | 0.00e+00 0.00e+00 |   7.6686 1.0877  0.0436  1.6201 0.167  0.00 | edge_dev mean=0.0734 max=0.0915 gg=0.0709 shape_dev=0.2423 xbar=0.5112
# CONVTAG t=2680.00 rough=0.000000 cond=33.060104 evap=37.400523 backs=4.878329
# CANT t=2680.00 a_tag=0.0010 a_max=0.0020 xl_tag=0.5244 nlock=0 tune=0.367113
t= 2720.00 +7.14e-14 | 0.0031  0.00      0    0      0      0 | 0.0000  0.00 | 0.00e+00 0.00e+00 |   8.2259 1.1668  0.0903  1.6178 0.167  0.00 | edge_dev mean=0.0734 max=0.0915 gg=0.1971 shape_dev=0.2423 xbar=0.5484
# CONVTAG t=2720.00 rough=0.000000 cond=34.338667 evap=38.313582 backs=4.997424
# CANT t=2720.00 a_tag=0.0004 a_max=0.0009 xl_tag=0.5225 nlock=0 tune=0.367113
t= 2760.00 +7.12e-14 | 0.0031  0.00      0    0      0      0 | 0.0000  0.00 | 0.00e+00 0.00e+00 |   7.5675 1.0734  0.0832  1.6182 0.167  0.00 | edge_dev mean=0.0734 max=0.0915 gg=0.0137 shape_dev=0.2423 xbar=0.5045
# CONVTAG t=2760.00 rough=0.000000 cond=34.515698 evap=39.175528 backs=5.109851
# CANT t=2760.00 a_tag=0.0002 a_max=0.0004 xl_tag=0.5234 nlock=0 tune=0.367113
t= 2800.00 +7.29e-14 | 0.0031  0.00      0    0      0      0 | 0.0000  0.00 | 0.00e+00 0.00e+00 |   7.8881 1.1189  0.0647  1.6191 0.167  0.00 | edge_dev mean=0.0734 max=0.0915 gg=0.0167 shape_dev=0.2423 xbar=0.5259
# CONVTAG t=2800.00 rough=0.000000 cond=35.050321 evap=39.469816 backs=5.148237
# CANT t=2800.00 a_tag=0.0001 a_max=0.0002 xl_tag=0.5230 nlock=0 tune=0.367113
t= 2840.00 +6.93e-14 | 0.0031  0.00      0    0      0      0 | 0.0000  0.00 | 0.00e+00 0.00e+00 |   7.8239 1.1098  0.0923  1.6177 0.167  0.00 | edge_dev mean=0.0734 max=0.0915 gg=0.0990 shape_dev=0.2423 xbar=0.5216
# CONVTAG t=2840.00 rough=0.000000 cond=35.753449 evap=40.342539 backs=5.262070
# CANT t=2840.00 a_tag=0.0000 a_max=0.0001 xl_tag=0.5223 nlock=0 tune=0.367113
t= 2880.00 +6.93e-14 | 0.0031  0.00      0    0      0      0 | 0.0000  0.00 | 0.00e+00 0.00e+00 |   7.7426 1.0982  0.0707  1.6189 0.167  0.00 | edge_dev mean=0.0734 max=0.0915 gg=0.0833 shape_dev=0.2423 xbar=0.5162
# CONVTAG t=2880.00 rough=0.000000 cond=35.929026 evap=40.625803 backs=5.299018
# CANT t=2880.00 a_tag=0.0000 a_max=0.0000 xl_tag=0.5200 nlock=0 tune=0.367113
t= 2920.00 +7.08e-14 | 0.0031  0.00      0    0      0      0 | 0.0000  0.00 | 0.00e+00 0.00e+00 |   7.8114 1.1080  0.0689  1.6191 0.167  0.00 | edge_dev mean=0.0733 max=0.0915 gg=0.0039 shape_dev=0.2428 xbar=0.5208
# CONVTAG t=2920.00 rough=0.000000 cond=37.043846 evap=41.838975 backs=5.457258
# CANT t=2920.00 a_tag=0.0000 a_max=0.0000 xl_tag=0.5163 nlock=0 tune=0.367113
t= 2960.00 +7.80e-14 | 0.0031  0.00      0    0      0      0 | 0.0000  0.00 | 0.00e+00 0.00e+00 |   7.7265 1.0960  0.0840  1.6183 0.167  0.00 | edge_dev mean=0.0733 max=0.0915 gg=0.0000 shape_dev=0.2428 xbar=0.5151
# CONVTAG t=2960.00 rough=0.000000 cond=37.223899 evap=42.131023 backs=5.495351
# CANT t=2960.00 a_tag=0.0000 a_max=0.0000 xl_tag=0.5132 nlock=0 tune=0.367113
t= 3000.00 +8.04e-14 | 0.0031  0.00      0    0      0      0 | 0.0000  0.00 | 0.00e+00 0.00e+00 |   7.9777 1.1316  0.1255  1.6154 0.167  0.00 | edge_dev mean=0.0733 max=0.0915 gg=0.0902 shape_dev=0.2428 xbar=0.5318
# CONVTAG t=3000.00 rough=0.000000 cond=37.959645 evap=42.725861 backs=5.572938
# CANT t=3000.00 a_tag=0.0000 a_max=0.0000 xl_tag=0.5166 nlock=0 tune=0.367113
t= 3040.00 +8.18e-14 | 0.0031  0.00      0    0      0      0 | 0.0000  0.00 | 0.00e+00 0.00e+00 |   7.9233 1.1239  0.0779  1.6186 0.167  0.00 | edge_dev mean=0.0733 max=0.0915 gg=0.1281 shape_dev=0.2428 xbar=0.5282
# CONVTAG t=3040.00 rough=0.000000 cond=38.672447 evap=43.600008 backs=5.686958
# CANT t=3040.00 a_tag=0.0000 a_max=0.0000 xl_tag=0.5123 nlock=0 tune=0.367113
t= 3080.00 +8.24e-14 | 0.0031  0.00      0    0      0      0 | 0.0000  0.00 | 0.00e+00 0.00e+00 |   7.6335 1.0828  0.1333  1.6148 0.167  0.00 | edge_dev mean=0.0733 max=0.0915 gg=0.1376 shape_dev=0.2428 xbar=0.5089
# CONVTAG t=3080.00 rough=0.000000 cond=38.672447 evap=43.889834 backs=5.724761
# CANT t=3080.00 a_tag=0.0000 a_max=0.0000 xl_tag=0.5168 nlock=0 tune=0.367113
t= 3120.00 +8.17e-14 | 0.0031  0.00      0    0      0      0 | 0.0000  0.00 | 0.00e+00 0.00e+00 |   8.0619 1.1435  0.1287  1.6152 0.167  0.00 | edge_dev mean=0.0733 max=0.0915 gg=0.0667 shape_dev=0.2428 xbar=0.5375
# CONVTAG t=3120.00 rough=0.000000 cond=39.556520 evap=44.478118 backs=5.801494
# CANT t=3120.00 a_tag=0.0000 a_max=0.0000 xl_tag=0.5189 nlock=0 tune=0.367113
t= 3160.00 +8.38e-14 | 0.0032  0.33      1    0      0      0 | 1.6306  0.00 | 1.32e-05 6.05e-30 |   7.4701 1.0596  0.1904  1.6091 0.333  0.33 | edge_dev mean=0.0730 max=0.0915 gg=0.1093 shape_dev=0.2437 xbar=0.4980
# CONVTAG t=3160.00 rough=0.000000 cond=40.090680 evap=45.684197 backs=5.958808
# CANT t=3160.00 a_tag=0.0000 a_max=0.0000 xl_tag=0.5121 nlock=0 tune=0.367113
t= 3200.00 +8.64e-14 | 0.0031  0.00      0    0      0      0 | 0.0000  0.00 | 0.00e+00 0.00e+00 |   7.6966 1.0917  0.1081  1.6171 0.167  0.00 | edge_dev mean=0.0730 max=0.0915 gg=0.0165 shape_dev=0.2438 xbar=0.5131
# CONVTAG t=3200.00 rough=0.000000 cond=41.092077 evap=46.609317 backs=6.079476
# CANT t=3200.00 a_tag=0.0000 a_max=0.0000 xl_tag=0.5107 nlock=0 tune=0.367113
t= 3240.00 +8.45e-14 | 0.0031  0.00      0    0      0      0 | 0.0000  0.00 | 0.00e+00 0.00e+00 |   7.9346 1.1255  0.1004  1.6176 0.167  0.00 | edge_dev mean=0.0730 max=0.0915 gg=0.0389 shape_dev=0.2438 xbar=0.5290
# CONVTAG t=3240.00 rough=0.000000 cond=41.808518 evap=47.195242 backs=6.155901
# CANT t=3240.00 a_tag=0.0000 a_max=0.0000 xl_tag=0.5190 nlock=0 tune=0.367113
t= 3280.00 +8.14e-14 | 0.0031  0.00      0    0      0      0 | 0.0000  0.00 | 0.00e+00 0.00e+00 |   7.7572 1.1003  0.1794  1.6105 0.167  0.00 | edge_dev mean=0.0730 max=0.0915 gg=0.0607 shape_dev=0.2438 xbar=0.5171
# CONVTAG t=3280.00 rough=0.000000 cond=42.156710 evap=47.773057 backs=6.231268
# CANT t=3280.00 a_tag=0.0000 a_max=0.0000 xl_tag=0.5180 nlock=0 tune=0.367113
t= 3320.00 +8.00e-14 | 0.0031  0.00      0    0      0      0 | 0.0000  0.00 | 0.00e+00 0.00e+00 |   7.7957 1.1058  0.1076  1.6171 0.167  0.00 | edge_dev mean=0.0730 max=0.0915 gg=0.2045 shape_dev=0.2438 xbar=0.5197
# CONVTAG t=3320.00 rough=0.000000 cond=42.694467 evap=48.352905 backs=6.306901
# CANT t=3320.00 a_tag=0.0000 a_max=0.0000 xl_tag=0.5168 nlock=0 tune=0.367113
t= 3360.00 +8.18e-14 | 0.0031  0.00      0    0      0      0 | 0.0000  0.00 | 0.00e+00 0.00e+00 |   8.0224 1.1379  0.1040  1.6173 0.167  0.00 | edge_dev mean=0.0730 max=0.0915 gg=0.0979 shape_dev=0.2438 xbar=0.5348
# CONVTAG t=3360.00 rough=0.000000 cond=43.408890 evap=48.947819 backs=6.384498
# CANT t=3360.00 a_tag=0.0000 a_max=0.0000 xl_tag=0.5121 nlock=0 tune=0.367113
t= 3400.00 +7.94e-14 | 0.0031  0.00      0    0      0      0 | 0.0000  0.00 | 0.00e+00 0.00e+00 |   7.8617 1.1151  0.0797  1.6188 0.167  0.00 | edge_dev mean=0.0730 max=0.0915 gg=0.1492 shape_dev=0.2438 xbar=0.5241
# CONVTAG t=3400.00 rough=0.000000 cond=43.777312 evap=49.532242 backs=6.460727
# CANT t=3400.00 a_tag=0.0000 a_max=0.0000 xl_tag=0.5250 nlock=0 tune=0.367113
t= 3440.00 +7.70e-14 | 0.0031  0.00      0    0      0      0 | 0.0000  0.00 | 0.00e+00 0.00e+00 |   7.8952 1.1199  0.1126  1.6167 0.167  0.00 | edge_dev mean=0.0730 max=0.0915 gg=0.0066 shape_dev=0.2438 xbar=0.5263
# CONVTAG t=3440.00 rough=0.000000 cond=44.309726 evap=50.110960 backs=6.536212
# CANT t=3440.00 a_tag=0.0000 a_max=0.0000 xl_tag=0.5200 nlock=0 tune=0.367113
t= 3480.00 +7.45e-14 | 0.0031  0.00      0    0      0      0 | 0.0000  0.00 | 0.00e+00 0.00e+00 |   7.6258 1.0817  0.1179  1.6164 0.167  0.00 | edge_dev mean=0.0730 max=0.0915 gg=0.0433 shape_dev=0.2438 xbar=0.5084
# CONVTAG t=3480.00 rough=0.000000 cond=44.844883 evap=50.995774 backs=6.651623
# CANT t=3480.00 a_tag=0.0000 a_max=0.0000 xl_tag=0.5148 nlock=0 tune=0.367113
t= 3520.00 +7.06e-14 | 0.0031  0.00      0    0      0      0 | 0.0000  0.00 | 0.00e+00 0.00e+00 |   8.1476 1.1557  0.1128  1.6167 0.167  0.00 | edge_dev mean=0.0730 max=0.0915 gg=0.1052 shape_dev=0.2438 xbar=0.5432
# CONVTAG t=3520.00 rough=0.000000 cond=45.546071 evap=51.280409 backs=6.688749
# CANT t=3520.00 a_tag=0.0000 a_max=0.0000 xl_tag=0.5217 nlock=0 tune=0.367113
t= 3560.00 +6.91e-14 | 0.0031  0.00      0    0      0      0 | 0.0000  0.00 | 0.00e+00 0.00e+00 |   7.5961 1.0775  0.0894  1.6183 0.167  0.00 | edge_dev mean=0.0730 max=0.0915 gg=0.1805 shape_dev=0.2438 xbar=0.5064
# CONVTAG t=3560.00 rough=0.000000 cond=46.121730 evap=52.493909 backs=6.847032
# CANT t=3560.00 a_tag=0.0000 a_max=0.0000 xl_tag=0.5144 nlock=0 tune=0.367113
t= 3600.00 +6.27e-14 | 0.0031  0.00      0    0      0      0 | 0.0000  0.00 | 0.00e+00 0.00e+00 |   7.8263 1.1101  0.1568  1.6129 0.167  0.00 | edge_dev mean=0.0730 max=0.0915 gg=0.3006 shape_dev=0.2438 xbar=0.5218
# CONVTAG t=3600.00 rough=0.000000 cond=46.832698 evap=53.081257 backs=6.923642
# CANT t=3600.00 a_tag=0.0000 a_max=0.0000 xl_tag=0.5116 nlock=0 tune=0.367113
# QATOM t=3630.54 dir=FD w=0.947376178 e=0.173396541988 i=4 Em=1.5451
t= 3640.00 +6.37e-14 | 0.0031  0.00      0    0      0      0 | 0.0000  0.00 | 0.00e+00 0.00e+00 |   7.8851 1.1184  0.0995  1.6178 0.167  0.00 | edge_dev mean=0.0728 max=0.0915 gg=0.0219 shape_dev=0.2444 xbar=0.5257
# CONVTAG t=3640.00 rough=0.000000 cond=47.434878 evap=53.715057 backs=7.006312
# CANT t=3640.00 a_tag=0.0003 a_max=0.0008 xl_tag=0.5103 nlock=0 tune=0.367159
t= 3680.00 +6.60e-14 | 0.0031  0.00      0    0      0      0 | 0.0000  0.00 | 0.00e+00 0.00e+00 |   8.0560 1.1427  0.0792  1.6190 0.167  0.00 | edge_dev mean=0.0728 max=0.0915 gg=0.0115 shape_dev=0.2444 xbar=0.5371
# CONVTAG t=3680.00 rough=0.000000 cond=48.357309 evap=54.604895 backs=7.122378
# CANT t=3680.00 a_tag=0.0001 a_max=0.0004 xl_tag=0.5139 nlock=0 tune=0.367159
t= 3720.00 +6.68e-14 | 0.0031  0.00      0    0      0      0 | 0.0000  0.00 | 0.00e+00 0.00e+00 |   7.7669 1.1017  0.0364  1.6207 0.167  0.00 | edge_dev mean=0.0728 max=0.0915 gg=0.1409 shape_dev=0.2444 xbar=0.5178
# CONVTAG t=3720.00 rough=0.000000 cond=48.357309 evap=54.894038 backs=7.160092
# CANT t=3720.00 a_tag=0.0001 a_max=0.0002 xl_tag=0.5223 nlock=0 tune=0.367159
t= 3760.00 +6.74e-14 | 0.0031  0.00      0    0      0      0 | 0.0000  0.00 | 0.00e+00 0.00e+00 |   7.9989 1.1346  0.1011  1.6177 0.167  0.00 | edge_dev mean=0.0728 max=0.0915 gg=0.0760 shape_dev=0.2444 xbar=0.5333
# CONVTAG t=3760.00 rough=0.000000 cond=49.069521 evap=55.481093 backs=7.236664
# CANT t=3760.00 a_tag=0.0000 a_max=0.0001 xl_tag=0.5216 nlock=0 tune=0.367159
t= 3800.00 +7.00e-14 | 0.0031  0.00      0    0      0      0 | 0.0000  0.00 | 0.00e+00 0.00e+00 |   7.7288 1.0963  0.1652  1.6122 0.167  0.00 | edge_dev mean=0.0728 max=0.0915 gg=0.0949 shape_dev=0.2444 xbar=0.5153
# CONVTAG t=3800.00 rough=0.000000 cond=49.600653 evap=56.361906 backs=7.351553
# CANT t=3800.00 a_tag=0.0000 a_max=0.0000 xl_tag=0.5208 nlock=0 tune=0.367159
t= 3840.00 +6.99e-14 | 0.0031  0.00      0    0      0      0 | 0.0000  0.00 | 0.00e+00 0.00e+00 |   7.6779 1.0891  0.0362  1.6207 0.167  0.00 | edge_dev mean=0.0728 max=0.0915 gg=0.1536 shape_dev=0.2444 xbar=0.5119
# CONVTAG t=3840.00 rough=0.000000 cond=50.350629 evap=57.275318 backs=7.470694
# CANT t=3840.00 a_tag=0.0000 a_max=0.0000 xl_tag=0.5173 nlock=0 tune=0.367159
t= 3880.00 +6.73e-14 | 0.0032  0.00      0    0      0      0 | 0.0000  0.00 | 0.00e+00 0.00e+00 |   7.2094 1.0226  0.0686  1.6196 0.167  0.00 | edge_dev mean=0.0728 max=0.0915 gg=0.2087 shape_dev=0.2444 xbar=0.4806
# CONVTAG t=3880.00 rough=0.000000 cond=50.697769 evap=58.143028 backs=7.583873
# CANT t=3880.00 a_tag=0.0000 a_max=0.0000 xl_tag=0.5176 nlock=0 tune=0.367159
t= 3920.00 +6.53e-14 | 0.0031  0.00      0    0      0      0 | 0.0000  0.00 | 0.00e+00 0.00e+00 |   7.7241 1.0956  0.1839  1.6101 0.167  0.00 | edge_dev mean=0.0728 max=0.0915 gg=0.1385 shape_dev=0.2444 xbar=0.5149
# CONVTAG t=3920.00 rough=0.000000 cond=51.402725 evap=58.439031 backs=7.622482
# CANT t=3920.00 a_tag=0.0000 a_max=0.0000 xl_tag=0.5180 nlock=0 tune=0.367159
t= 3960.00 +6.53e-14 | 0.0031  0.00      0    0      0      0 | 0.0000  0.00 | 0.00e+00 0.00e+00 |   7.7659 1.1015  0.1134  1.6168 0.167  0.00 | edge_dev mean=0.0728 max=0.0915 gg=0.0051 shape_dev=0.2444 xbar=0.5177
# CONVTAG t=3960.00 rough=0.000000 cond=51.940028 evap=59.015149 backs=7.697628
# CANT t=3960.00 a_tag=0.0000 a_max=0.0000 xl_tag=0.5118 nlock=0 tune=0.367159
t= 4000.00 +6.47e-14 | 0.0032  0.00      0    0      0      0 | 0.0000  0.00 | 0.00e+00 0.00e+00 |   7.0835 1.0048  0.1221  1.6162 0.167  0.00 | edge_dev mean=0.0728 max=0.0915 gg=0.1916 shape_dev=0.2444 xbar=0.4722
# CONVTAG t=4000.00 rough=0.000000 cond=52.109422 evap=59.892316 backs=7.812041
# CANT t=4000.00 a_tag=0.0000 a_max=0.0000 xl_tag=0.5123 nlock=0 tune=0.367159
t= 4040.00 +6.16e-14 | 0.0031  0.00      0    0      0      0 | 0.0000  0.00 | 0.00e+00 0.00e+00 |   7.6328 1.0827  0.0508  1.6203 0.167  0.00 | edge_dev mean=0.0728 max=0.0915 gg=0.0025 shape_dev=0.2444 xbar=0.5089
# CONVTAG t=4040.00 rough=0.000000 cond=52.838406 evap=60.181366 backs=7.849743
# CANT t=4040.00 a_tag=0.0000 a_max=0.0000 xl_tag=0.5174 nlock=0 tune=0.367159
t= 4080.00 +6.20e-14 | 0.0031  0.00      0    0      0      0 | 0.0000  0.00 | 0.00e+00 0.00e+00 |   7.8783 1.1175  0.1163  1.6166 0.167  0.00 | edge_dev mean=0.0728 max=0.0915 gg=0.1987 shape_dev=0.2444 xbar=0.5252
# CONVTAG t=4080.00 rough=0.000000 cond=53.565447 evap=60.771938 backs=7.926775
# CANT t=4080.00 a_tag=0.0000 a_max=0.0000 xl_tag=0.5140 nlock=0 tune=0.367159
t= 4120.00 +6.31e-14 | 0.0032  0.00      0    0      0      0 | 0.0000  0.00 | 0.00e+00 0.00e+00 |   7.3599 1.0440  0.1562  1.6130 0.167  0.00 | edge_dev mean=0.0728 max=0.0915 gg=0.0928 shape_dev=0.2444 xbar=0.4907
# CONVTAG t=4120.00 rough=0.000000 cond=53.920156 evap=61.698271 backs=8.047601
# CANT t=4120.00 a_tag=0.0000 a_max=0.0000 xl_tag=0.5147 nlock=0 tune=0.367159
t= 4160.00 +6.56e-14 | 0.0031  0.00      0    0      0      0 | 0.0000  0.00 | 0.00e+00 0.00e+00 |   7.8926 1.1195  0.0250  1.6209 0.167  0.00 | edge_dev mean=0.0728 max=0.0915 gg=0.2499 shape_dev=0.2444 xbar=0.5262
# CONVTAG t=4160.00 rough=0.000000 cond=54.893209 evap=62.284546 backs=8.124071
# CANT t=4160.00 a_tag=0.0000 a_max=0.0000 xl_tag=0.5193 nlock=0 tune=0.367159
t= 4200.00 +6.61e-14 | 0.0031  0.00      0    0      0      0 | 0.0000  0.00 | 0.00e+00 0.00e+00 |   7.8293 1.1105  0.0477  1.6204 0.167  0.00 | edge_dev mean=0.0728 max=0.0915 gg=0.0516 shape_dev=0.2444 xbar=0.5220
# CONVTAG t=4200.00 rough=0.000000 cond=55.601958 evap=63.162921 backs=8.238642
# CANT t=4200.00 a_tag=0.0000 a_max=0.0000 xl_tag=0.5225 nlock=0 tune=0.367159
t= 4240.00 +6.77e-14 | 0.0031  0.00      0    0      0      0 | 0.0000  0.00 | 0.00e+00 0.00e+00 |   7.5860 1.0760  0.0701  1.6193 0.167  0.00 | edge_dev mean=0.0728 max=0.0915 gg=0.0752 shape_dev=0.2444 xbar=0.5057
# CONVTAG t=4240.00 rough=0.000000 cond=55.953730 evap=63.810768 backs=8.323144
# CANT t=4240.00 a_tag=0.0000 a_max=0.0000 xl_tag=0.5258 nlock=0 tune=0.367159
t= 4280.00 +7.11e-14 | 0.0031  0.00      0    0      0      0 | 0.0000  0.00 | 0.00e+00 0.00e+00 |   7.5946 1.0772  0.0593  1.6199 0.167  0.00 | edge_dev mean=0.0728 max=0.0915 gg=0.0000 shape_dev=0.2444 xbar=0.5063
# CONVTAG t=4280.00 rough=0.000000 cond=56.721529 evap=64.685164 backs=8.437195
# CANT t=4280.00 a_tag=0.0000 a_max=0.0000 xl_tag=0.5215 nlock=0 tune=0.367159
t= 4320.00 +7.34e-14 | 0.0031  0.00      0    0      0      0 | 0.0000  0.00 | 0.00e+00 0.00e+00 |   7.8229 1.1096  0.1213  1.6162 0.167  0.00 | edge_dev mean=0.0728 max=0.0915 gg=0.1649 shape_dev=0.2444 xbar=0.5215
# CONVTAG t=4320.00 rough=0.000000 cond=57.457208 evap=65.302881 backs=8.517767
# CANT t=4320.00 a_tag=0.0000 a_max=0.0000 xl_tag=0.5138 nlock=0 tune=0.367159
t= 4360.00 +7.59e-14 | 0.0031  0.00      0    0      0      0 | 0.0000  0.00 | 0.00e+00 0.00e+00 |   7.7813 1.1037  0.0755  1.6192 0.167  0.00 | edge_dev mean=0.0728 max=0.0915 gg=0.1564 shape_dev=0.2444 xbar=0.5188
# CONVTAG t=4360.00 rough=0.000000 cond=58.178518 evap=66.174037 backs=8.631396
# CANT t=4360.00 a_tag=0.0000 a_max=0.0000 xl_tag=0.5123 nlock=0 tune=0.367159
t= 4400.00 +7.73e-14 | 0.0031  0.00      0    0      0      0 | 0.0000  0.00 | 0.00e+00 0.00e+00 |   7.6028 1.0784  0.1438  1.6143 0.167  0.00 | edge_dev mean=0.0728 max=0.0915 gg=0.0031 shape_dev=0.2444 xbar=0.5069
# CONVTAG t=4400.00 rough=0.000000 cond=58.531016 evap=66.757905 backs=8.707553
# CANT t=4400.00 a_tag=0.0000 a_max=0.0000 xl_tag=0.5137 nlock=0 tune=0.367159
t= 4440.00 +8.01e-14 | 0.0031  0.00      0    0      0      0 | 0.0000  0.00 | 0.00e+00 0.00e+00 |   7.7265 1.0960  0.0870  1.6185 0.167  0.00 | edge_dev mean=0.0728 max=0.0915 gg=0.1391 shape_dev=0.2444 xbar=0.5151
# CONVTAG t=4440.00 rough=0.000000 cond=58.890092 evap=67.047112 backs=8.745276
# CANT t=4440.00 a_tag=0.0000 a_max=0.0000 xl_tag=0.5133 nlock=0 tune=0.367159
t= 4480.00 +8.35e-14 | 0.0031  0.00      0    0      0      0 | 0.0000  0.00 | 0.00e+00 0.00e+00 |   7.8815 1.1179  0.0791  1.6190 0.167  0.00 | edge_dev mean=0.0728 max=0.0915 gg=0.1766 shape_dev=0.2444 xbar=0.5254
# CONVTAG t=4480.00 rough=0.000000 cond=59.801424 evap=67.940122 backs=8.861755
# CANT t=4480.00 a_tag=0.0000 a_max=0.0000 xl_tag=0.5088 nlock=0 tune=0.367159
t= 4520.00 +8.50e-14 | 0.0032  0.00      0    0      0      0 | 0.0000  0.00 | 0.00e+00 0.00e+00 |   7.5011 1.0640  0.1148  1.6167 0.167  0.00 | edge_dev mean=0.0728 max=0.0915 gg=0.0769 shape_dev=0.2444 xbar=0.5001
# CONVTAG t=4520.00 rough=0.000000 cond=59.973634 evap=68.518582 backs=8.937206
# CANT t=4520.00 a_tag=0.0000 a_max=0.0000 xl_tag=0.5185 nlock=0 tune=0.367159
t= 4560.00 +8.46e-14 | 0.0031  0.00      0    0      0      0 | 0.0000  0.00 | 0.00e+00 0.00e+00 |   7.9610 1.1292  0.0626  1.6197 0.167  0.00 | edge_dev mean=0.0728 max=0.0915 gg=0.0261 shape_dev=0.2444 xbar=0.5307
# CONVTAG t=4560.00 rough=0.000000 cond=60.914900 evap=69.141088 backs=9.018403
# CANT t=4560.00 a_tag=0.0000 a_max=0.0000 xl_tag=0.5126 nlock=0 tune=0.367159
t= 4600.00 +8.50e-14 | 0.0031  0.00      0    0      0      0 | 0.0000  0.00 | 0.00e+00 0.00e+00 |   8.0984 1.1487  0.1155  1.6166 0.167  0.00 | edge_dev mean=0.0728 max=0.0915 gg=0.0419 shape_dev=0.2444 xbar=0.5399
# CONVTAG t=4600.00 rough=0.000000 cond=61.803970 evap=70.026142 backs=9.133845
# CANT t=4600.00 a_tag=0.0000 a_max=0.0000 xl_tag=0.5166 nlock=0 tune=0.367159
t= 4640.00 +8.30e-14 | 0.0032  0.00      0    0      0      0 | 0.0000  0.00 | 0.00e+00 0.00e+00 |   7.5287 1.0679  0.1052  1.6177 0.167  0.00 | edge_dev mean=0.0724 max=0.0926 gg=0.1319 shape_dev=0.2456 xbar=0.5019
# CONVTAG t=4640.00 rough=0.000000 cond=62.146305 evap=70.989502 backs=9.259500
# CANT t=4640.00 a_tag=0.0000 a_max=0.0000 xl_tag=0.5156 nlock=0 tune=0.367159
t= 4680.00 +8.26e-14 | 0.0032  0.00      0    0      0      0 | 0.0000  0.00 | 0.00e+00 0.00e+00 |   7.5234 1.0671  0.1476  1.6151 0.167  0.00 | edge_dev mean=0.0714 max=0.0926 gg=0.0165 shape_dev=0.2488 xbar=0.5016
# CONVTAG t=4680.00 rough=0.000000 cond=62.901297 evap=71.863140 backs=9.373453
# CANT t=4680.00 a_tag=0.0037 a_max=0.0112 xl_tag=0.5118 nlock=0 tune=0.367508
t= 4720.00 +7.55e-14 | 0.0031  0.00      0    0      0      0 | 0.0000  0.00 | 0.00e+00 0.00e+00 |   7.6449 1.0844  0.2078  1.6081 0.167  0.00 | edge_dev mean=0.0714 max=0.0926 gg=0.1397 shape_dev=0.2488 xbar=0.5097
# CONVTAG t=4720.00 rough=0.000000 cond=63.766301 evap=72.736366 backs=9.487352
# CANT t=4720.00 a_tag=0.0017 a_max=0.0050 xl_tag=0.5046 nlock=0 tune=0.367508
t= 4760.00 +8.08e-14 | 0.0031  0.00      0    0      0      0 | 0.0000  0.00 | 0.00e+00 0.00e+00 |   7.8367 1.1116  0.2305  1.6049 0.167  0.00 | edge_dev mean=0.0714 max=0.0926 gg=0.1107 shape_dev=0.2488 xbar=0.5224
# CONVTAG t=4760.00 rough=0.000000 cond=64.416318 evap=73.292042 backs=9.559832
# CANT t=4760.00 a_tag=0.0008 a_max=0.0023 xl_tag=0.5052 nlock=0 tune=0.367508
t= 4800.00 +8.09e-14 | 0.0031  0.00      0    0      0      0 | 0.0000  0.00 | 0.00e+00 0.00e+00 |   7.5780 1.0749  0.1917  1.6102 0.167  0.00 | edge_dev mean=0.0714 max=0.0926 gg=0.0296 shape_dev=0.2488 xbar=0.5052
# CONVTAG t=4800.00 rough=0.000000 cond=64.911343 evap=74.120049 backs=9.667832
# CANT t=4800.00 a_tag=0.0003 a_max=0.0010 xl_tag=0.5064 nlock=0 tune=0.367508
t= 4840.00 +8.51e-14 | 0.0031  0.00      0    0      0      0 | 0.0000  0.00 | 0.00e+00 0.00e+00 |   7.6684 1.0877  0.2049  1.6085 0.167  0.00 | edge_dev mean=0.0714 max=0.0926 gg=0.1613 shape_dev=0.2488 xbar=0.5112
# CONVTAG t=4840.00 rough=0.000000 cond=65.232068 evap=74.398442 backs=9.704145
# CANT t=4840.00 a_tag=0.0002 a_max=0.0005 xl_tag=0.5070 nlock=0 tune=0.367508
t= 4880.00 +8.72e-14 | 0.0031  0.00      0    0      0      0 | 0.0000  0.00 | 0.00e+00 0.00e+00 |   7.9494 1.1276  0.1924  1.6102 0.167  0.00 | edge_dev mean=0.0713 max=0.0926 gg=0.1301 shape_dev=0.2494 xbar=0.5300
# CONVTAG t=4880.00 rough=0.000000 cond=66.490248 evap=75.564358 backs=9.856221
# CANT t=4880.00 a_tag=0.0098 a_max=0.0293 xl_tag=0.5063 nlock=0 tune=0.378959
t= 4920.00 +8.47e-14 | 0.0031  0.00      0    0      0      0 | 0.0000  0.00 | 0.00e+00 0.00e+00 |   7.6099 1.0794  0.1718  1.6127 0.167  0.00 | edge_dev mean=0.0713 max=0.0926 gg=0.0696 shape_dev=0.2494 xbar=0.5073
# CONVTAG t=4920.00 rough=0.000000 cond=67.198485 evap=76.718367 backs=10.006743
# CANT t=4920.00 a_tag=0.0044 a_max=0.0132 xl_tag=0.5083 nlock=0 tune=0.378959
t= 4960.00 +8.43e-14 | 0.0032  0.00      0    0      0      0 | 0.0000  0.00 | 0.00e+00 0.00e+00 |   7.4215 1.0527  0.1429  1.6157 0.167  0.00 | edge_dev mean=0.0713 max=0.0926 gg=0.1438 shape_dev=0.2494 xbar=0.4948
# CONVTAG t=4960.00 rough=0.000000 cond=67.524252 evap=77.281389 backs=10.080181
# CANT t=4960.00 a_tag=0.0020 a_max=0.0059 xl_tag=0.5086 nlock=0 tune=0.378959
t= 5000.00 +8.47e-14 | 0.0032  0.00      0    0      0      0 | 0.0000  0.00 | 0.00e+00 0.00e+00 |   7.3285 1.0395  0.2553  1.6012 0.167  0.00 | edge_dev mean=0.0713 max=0.0926 gg=0.0051 shape_dev=0.2494 xbar=0.4886
# CONVTAG t=5000.00 rough=0.000000 cond=68.192788 evap=78.143166 backs=10.192587
# CANT t=5000.00 a_tag=0.0009 a_max=0.0027 xl_tag=0.5094 nlock=0 tune=0.378959
t= 5040.00 +8.38e-14 | 0.0031  0.00      0    0      0      0 | 0.0000  0.00 | 0.00e+00 0.00e+00 |   7.7619 1.1010  0.2277  1.6055 0.167  0.00 | edge_dev mean=0.0713 max=0.0926 gg=0.1429 shape_dev=0.2494 xbar=0.5175
# CONVTAG t=5040.00 rough=0.000000 cond=69.045916 evap=78.690905 backs=10.264031
# CANT t=5040.00 a_tag=0.0004 a_max=0.0012 xl_tag=0.5075 nlock=0 tune=0.378959
# QATOM t=5054.90 dir=DF w=1.58784984 e=0.290621272725 i=4 Em=1.7216
t= 5080.00 +7.91e-14 | 0.0032  0.00      0    0      0      0 | 0.0000  0.00 | 0.00e+00 0.00e+00 |   7.5020 1.0641  0.1874  1.6109 0.167  0.00 | edge_dev mean=0.0713 max=0.0926 gg=0.1412 shape_dev=0.2494 xbar=0.5001
# CONVTAG t=5080.00 rough=0.000000 cond=69.544117 evap=79.523783 backs=10.372667
# CANT t=5080.00 a_tag=0.0002 a_max=0.0005 xl_tag=0.5042 nlock=0 tune=0.378959
t= 5120.00 +7.70e-14 | 0.0032  0.00      0    0      0      0 | 0.0000  0.00 | 0.00e+00 0.00e+00 |   7.4104 1.0511  0.1719  1.6127 0.167  0.00 | edge_dev mean=0.0713 max=0.0926 gg=0.3532 shape_dev=0.2494 xbar=0.4940
# CONVTAG t=5120.00 rough=0.000000 cond=70.192227 evap=80.360677 backs=10.481827
# CANT t=5120.00 a_tag=0.0001 a_max=0.0002 xl_tag=0.5053 nlock=0 tune=0.378959
t= 5160.00 +7.17e-14 | 0.0031  0.00      0    0      0      0 | 0.0000  0.00 | 0.00e+00 0.00e+00 |   7.7127 1.0940  0.2206  1.6065 0.167  0.00 | edge_dev mean=0.0713 max=0.0926 gg=0.0173 shape_dev=0.2494 xbar=0.5142
# CONVTAG t=5160.00 rough=0.000000 cond=70.688283 evap=80.628814 backs=10.516802
# CANT t=5160.00 a_tag=0.0000 a_max=0.0001 xl_tag=0.5054 nlock=0 tune=0.378959
t= 5200.00 +6.78e-14 | 0.0032  0.33      1    0      0      0 | 1.6334  0.00 | 7.61e-09 1.59e-10 |   7.4551 1.0575  0.1835  1.6116 0.333  0.33 | edge_dev mean=0.0712 max=0.0926 gg=0.1506 shape_dev=0.2497 xbar=0.4970
# CONVTAG t=5200.00 rough=0.000000 cond=71.763660 evap=82.123116 backs=10.711711
# CANT t=5200.00 a_tag=0.0001 a_max=0.0003 xl_tag=0.5010 nlock=0 tune=0.378985
t= 5240.00 +7.02e-14 | 0.0031  0.00      0    0      0      0 | 0.0000  0.00 | 0.00e+00 0.00e+00 |   7.8797 1.1177  0.0670  1.6227 0.167  0.00 | edge_dev mean=0.0695 max=0.0949 gg=0.0000 shape_dev=0.2552 xbar=0.5253
# CONVTAG t=5240.00 rough=0.000000 cond=72.952183 evap=83.065302 backs=10.834605
# CANT t=5240.00 a_tag=0.0098 a_max=0.0294 xl_tag=0.5053 nlock=0 tune=0.388355
t= 5280.00 +7.00e-14 | 0.0032  0.00      0    0      0      0 | 0.0000  0.00 | 0.00e+00 0.00e+00 |   7.3408 1.0413  0.0945  1.6212 0.167  0.00 | edge_dev mean=0.0695 max=0.0949 gg=0.0928 shape_dev=0.2552 xbar=0.4894
# CONVTAG t=5280.00 rough=0.000000 cond=73.445244 evap=84.171190 backs=10.978851
# CANT t=5280.00 a_tag=0.0044 a_max=0.0132 xl_tag=0.5108 nlock=0 tune=0.388355
t= 5320.00 +6.96e-14 | 0.0031  0.00      0    0      0      0 | 0.0000  0.00 | 0.00e+00 0.00e+00 |   7.8360 1.1115  0.1107  1.6200 0.167  0.00 | edge_dev mean=0.0695 max=0.0949 gg=0.0094 shape_dev=0.2552 xbar=0.5224
# CONVTAG t=5320.00 rough=0.000000 cond=74.106951 evap=84.437004 backs=11.013522
# CANT t=5320.00 a_tag=0.0020 a_max=0.0059 xl_tag=0.5138 nlock=0 tune=0.388355
t= 5360.00 +7.17e-14 | 0.0032  0.00      0    0      0      0 | 0.0000  0.00 | 0.00e+00 0.00e+00 |   7.4373 1.0549  0.0945  1.6213 0.167  0.00 | edge_dev mean=0.0695 max=0.0949 gg=0.2252 shape_dev=0.2552 xbar=0.4958
# CONVTAG t=5360.00 rough=0.000000 cond=74.757095 evap=85.583345 backs=11.163045
# CANT t=5360.00 a_tag=0.0009 a_max=0.0027 xl_tag=0.5117 nlock=0 tune=0.388355
t= 5400.00 +6.89e-14 | 0.0031  0.00      0    0      0      0 | 0.0000  0.00 | 0.00e+00 0.00e+00 |   7.8683 1.1161  0.1166  1.6196 0.167  0.00 | edge_dev mean=0.0695 max=0.0949 gg=0.0645 shape_dev=0.2552 xbar=0.5246
# CONVTAG t=5400.00 rough=0.000000 cond=75.614285 evap=86.138152 backs=11.235411
# CANT t=5400.00 a_tag=0.0004 a_max=0.0012 xl_tag=0.5123 nlock=0 tune=0.388355
t= 5440.00 +6.83e-14 | 0.0031  0.00      0    0      0      0 | 0.0000  0.00 | 0.00e+00 0.00e+00 |   7.6072 1.0790  0.0987  1.6209 0.167  0.00 | edge_dev mean=0.0695 max=0.0949 gg=0.3336 shape_dev=0.2552 xbar=0.5071
# CONVTAG t=5440.00 rough=0.000000 cond=76.104894 evap=86.963471 backs=11.343061
# CANT t=5440.00 a_tag=0.0002 a_max=0.0005 xl_tag=0.5103 nlock=0 tune=0.388355
t= 5480.00 +6.37e-14 | 0.0032  0.00      0    0      0      0 | 0.0000  0.00 | 0.00e+00 0.00e+00 |   7.5390 1.0694  0.0476  1.6235 0.167  0.00 | edge_dev mean=0.0695 max=0.0949 gg=0.2047 shape_dev=0.2552 xbar=0.5026
# CONVTAG t=5480.00 rough=0.000000 cond=76.765852 evap=87.791756 backs=11.451099
# CANT t=5480.00 a_tag=0.0001 a_max=0.0002 xl_tag=0.5104 nlock=0 tune=0.388355
t= 5520.00 +6.35e-14 | 0.0032  0.00      0    0      0      0 | 0.0000  0.00 | 0.00e+00 0.00e+00 |   7.3429 1.0415  0.1137  1.6199 0.167  0.00 | edge_dev mean=0.0695 max=0.0949 gg=0.1138 shape_dev=0.2552 xbar=0.4895
# CONVTAG t=5520.00 rough=0.000000 cond=77.086222 evap=88.356277 backs=11.524732
# CANT t=5520.00 a_tag=0.0000 a_max=0.0001 xl_tag=0.5091 nlock=0 tune=0.388355
t= 5560.00 +5.81e-14 | 0.0031  0.00      0    0      0      0 | 0.0000  0.00 | 0.00e+00 0.00e+00 |   7.6960 1.0916  0.1150  1.6201 0.167  0.00 | edge_dev mean=0.0695 max=0.0949 gg=0.0554 shape_dev=0.2552 xbar=0.5131
# CONVTAG t=5560.00 rough=0.000000 cond=77.912984 evap=88.953953 backs=11.602689
# CANT t=5560.00 a_tag=0.0000 a_max=0.0000 xl_tag=0.5104 nlock=0 tune=0.388355
t= 5600.00 +5.76e-14 | 0.0032  0.00      0    0      0      0 | 0.0000  0.00 | 0.00e+00 0.00e+00 |   7.3306 1.0398  0.1608  1.6158 0.167  0.00 | edge_dev mean=0.0695 max=0.0949 gg=0.0019 shape_dev=0.2552 xbar=0.4887
# CONVTAG t=5600.00 rough=0.000000 cond=78.615608 evap=90.127329 backs=11.755739
# CANT t=5600.00 a_tag=0.0000 a_max=0.0000 xl_tag=0.5057 nlock=0 tune=0.388355
t= 5640.00 +6.15e-14 | 0.0032  0.00      0    0      0      0 | 0.0000  0.00 | 0.00e+00 0.00e+00 |   7.3242 1.0389  0.0723  1.6225 0.167  0.00 | edge_dev mean=0.0695 max=0.0949 gg=0.0420 shape_dev=0.2552 xbar=0.4883
# CONVTAG t=5640.00 rough=0.000000 cond=79.331053 evap=90.956544 backs=11.863897
# CANT t=5640.00 a_tag=0.0000 a_max=0.0000 xl_tag=0.5004 nlock=0 tune=0.388355
t= 5680.00 +6.10e-14 | 0.0031  0.00      0    0      0      0 | 0.0000  0.00 | 0.00e+00 0.00e+00 |   7.6172 1.0805  0.1340  1.6183 0.167  0.00 | edge_dev mean=0.0695 max=0.0949 gg=0.1784 shape_dev=0.2552 xbar=0.5078
# CONVTAG t=5680.00 rough=0.000000 cond=80.372660 evap=91.861367 backs=11.981917
# CANT t=5680.00 a_tag=0.0000 a_max=0.0000 xl_tag=0.4951 nlock=0 tune=0.388355
t= 5720.00 +5.94e-14 | 0.0032  0.00      0    0      0      0 | 0.0000  0.00 | 0.00e+00 0.00e+00 |   7.3588 1.0438  0.1061  1.6205 0.167  0.00 | edge_dev mean=0.0695 max=0.0949 gg=0.3584 shape_dev=0.2552 xbar=0.4906
# CONVTAG t=5720.00 rough=0.000000 cond=80.865920 evap=92.687041 backs=12.089614
# CANT t=5720.00 a_tag=0.0000 a_max=0.0000 xl_tag=0.4946 nlock=0 tune=0.388355
t= 5760.00 +6.06e-14 | 0.0032  0.00      0    0      0      0 | 0.0000  0.00 | 0.00e+00 0.00e+00 |   7.3625 1.0443  0.1313  1.6185 0.167  0.00 | edge_dev mean=0.0695 max=0.0949 gg=0.0012 shape_dev=0.2552 xbar=0.4908
# CONVTAG t=5760.00 rough=0.000000 cond=81.353650 evap=93.244223 backs=12.162290
# CANT t=5760.00 a_tag=0.0000 a_max=0.0000 xl_tag=0.4943 nlock=0 tune=0.388355
t= 5800.00 +5.86e-14 | 0.0032  0.00      0    0      0      0 | 0.0000  0.00 | 0.00e+00 0.00e+00 |   7.0956 1.0065  0.1047  1.6205 0.167  0.00 | edge_dev mean=0.0695 max=0.0949 gg=0.2071 shape_dev=0.2552 xbar=0.4730
# CONVTAG t=5800.00 rough=0.000000 cond=81.837925 evap=94.068017 backs=12.269741
# CANT t=5800.00 a_tag=0.0000 a_max=0.0000 xl_tag=0.4943 nlock=0 tune=0.388355
t= 5840.00 +5.95e-14 | 0.0031  0.00      0    0      0      0 | 0.0000  0.00 | 0.00e+00 0.00e+00 |   7.9752 1.1312  0.1282  1.6185 0.167  0.00 | edge_dev mean=0.0697 max=0.0941 gg=0.1461 shape_dev=0.2544 xbar=0.5317
# CONVTAG t=5840.00 rough=0.000000 cond=83.133406 evap=94.678184 backs=12.349328
# CANT t=5840.00 a_tag=0.0106 a_max=0.0317 xl_tag=0.5006 nlock=0 tune=0.394897
t= 5880.00 +5.69e-14 | 0.0031  0.00      0    0      0      0 | 0.0000  0.00 | 0.00e+00 0.00e+00 |   7.9112 1.1222  0.0791  1.6218 0.167  0.00 | edge_dev mean=0.0697 max=0.0941 gg=0.0589 shape_dev=0.2544 xbar=0.5274
# CONVTAG t=5880.00 rough=0.000000 cond=83.796677 evap=95.504999 backs=12.457174
# CANT t=5880.00 a_tag=0.0047 a_max=0.0142 xl_tag=0.5103 nlock=0 tune=0.394897
t= 5920.00 +5.67e-14 | 0.0031  0.00      0    0      0      0 | 0.0000  0.00 | 0.00e+00 0.00e+00 |   7.6469 1.0847  0.0594  1.6228 0.167  0.00 | edge_dev mean=0.0697 max=0.0941 gg=0.0547 shape_dev=0.2544 xbar=0.5098
# CONVTAG t=5920.00 rough=0.000000 cond=84.289025 evap=96.335502 backs=12.565500
# CANT t=5920.00 a_tag=0.0021 a_max=0.0064 xl_tag=0.5147 nlock=0 tune=0.394897
t= 5960.00 +5.72e-14 | 0.0031  0.00      0    0      0      0 | 0.0000  0.00 | 0.00e+00 0.00e+00 |   7.8538 1.1140  0.1267  1.6186 0.167  0.00 | edge_dev mean=0.0697 max=0.0941 gg=0.0419 shape_dev=0.2544 xbar=0.5236
# CONVTAG t=5960.00 rough=0.000000 cond=84.949740 evap=96.888416 backs=12.637619
# CANT t=5960.00 a_tag=0.0010 a_max=0.0029 xl_tag=0.5152 nlock=0 tune=0.394897
t= 6000.00 +5.47e-14 | 0.0031  0.00      0    0      0      0 | 0.0000  0.00 | 0.00e+00 0.00e+00 |   7.6983 1.0920  0.0634  1.6226 0.167  0.00 | edge_dev mean=0.0697 max=0.0941 gg=0.0436 shape_dev=0.2544 xbar=0.5132
# CONVTAG t=6000.00 rough=0.000000 cond=85.812415 evap=98.036008 backs=12.787305
# CANT t=6000.00 a_tag=0.0004 a_max=0.0013 xl_tag=0.5088 nlock=0 tune=0.394897
t= 6040.00 +5.25e-14 | 0.0032  0.00      0    0      0      0 | 0.0000  0.00 | 0.00e+00 0.00e+00 |   7.4244 1.0531  0.1373  1.6177 0.167  0.00 | edge_dev mean=0.0697 max=0.0941 gg=0.1437 shape_dev=0.2544 xbar=0.4950
# CONVTAG t=6040.00 rough=0.000000 cond=86.350261 evap=98.928414 backs=12.903706
# CANT t=6040.00 a_tag=0.0002 a_max=0.0006 xl_tag=0.5074 nlock=0 tune=0.394897
t= 6080.00 +5.51e-14 | 0.0031  0.00      0    0      0      0 | 0.0000  0.00 | 0.00e+00 0.00e+00 |   7.6387 1.0835  0.0528  1.6231 0.167  0.00 | edge_dev mean=0.0697 max=0.0941 gg=0.0405 shape_dev=0.2544 xbar=0.5092
# CONVTAG t=6080.00 rough=0.000000 cond=87.009073 evap=99.471708 backs=12.974571
# CANT t=6080.00 a_tag=0.0001 a_max=0.0003 xl_tag=0.5069 nlock=0 tune=0.394897
t= 6120.00 +5.08e-14 | 0.0031  0.00      0    0      0      0 | 0.0000  0.00 | 0.00e+00 0.00e+00 |   7.6612 1.0867  0.0769  1.6220 0.167  0.00 | edge_dev mean=0.0697 max=0.0941 gg=0.0179 shape_dev=0.2544 xbar=0.5107
# CONVTAG t=6120.00 rough=0.000000 cond=87.499022 evap=100.012698 backs=13.045135
# CANT t=6120.00 a_tag=0.0000 a_max=0.0001 xl_tag=0.5070 nlock=0 tune=0.394897
t= 6160.00 +5.00e-14 | 0.0031  0.00      0    0      0      0 | 0.0000  0.00 | 0.00e+00 0.00e+00 |   7.5739 1.0743  0.0852  1.6215 0.167  0.00 | edge_dev mean=0.0697 max=0.0941 gg=0.1562 shape_dev=0.2544 xbar=0.5049
# CONVTAG t=6160.00 rough=0.000000 cond=88.151700 evap=100.850533 backs=13.154417
# CANT t=6160.00 a_tag=0.0000 a_max=0.0001 xl_tag=0.5056 nlock=0 tune=0.394897
t= 6200.00 +4.72e-14 | 0.0032  0.00      0    0      0      0 | 0.0000  0.00 | 0.00e+00 0.00e+00 |   7.5198 1.0666  0.0758  1.6226 0.167  0.00 | edge_dev mean=0.0697 max=0.0941 gg=0.1939 shape_dev=0.2544 xbar=0.5013
# CONVTAG t=6200.00 rough=0.000000 cond=89.428113 evap=102.372500 backs=13.352935
# CANT t=6200.00 a_tag=0.0000 a_max=0.0000 xl_tag=0.5005 nlock=0 tune=0.394897
# QATOM t=6227.40 dir=DF w=1.45940551 e=0.267112340863 i=5 Em=2.0565
t= 6240.00 +4.89e-14 | 0.0031  0.00      0    0      0      0 | 0.0000  0.00 | 0.00e+00 0.00e+00 |   7.7792 1.1034  0.0608  1.6228 0.167  0.00 | edge_dev mean=0.0697 max=0.0941 gg=0.0080 shape_dev=0.2544 xbar=0.5186
# CONVTAG t=6240.00 rough=0.000000 cond=90.132618 evap=102.923316 backs=13.424780
# CANT t=6240.00 a_tag=0.0000 a_max=0.0000 xl_tag=0.5069 nlock=0 tune=0.394897
t= 6280.00 +5.36e-14 | 0.0032  0.00      0    0      0      0 | 0.0000  0.00 | 0.00e+00 0.00e+00 |   7.2987 1.0353  0.0664  1.6225 0.167  0.00 | edge_dev mean=0.0697 max=0.0941 gg=0.0815 shape_dev=0.2544 xbar=0.4866
# CONVTAG t=6280.00 rough=0.000000 cond=90.446265 evap=103.764489 backs=13.534499
# CANT t=6280.00 a_tag=0.0000 a_max=0.0000 xl_tag=0.5072 nlock=0 tune=0.394897
t= 6320.00 +5.51e-14 | 0.0032  0.00      0    0      0      0 | 0.0000  0.00 | 0.00e+00 0.00e+00 |   7.5089 1.0651  0.0612  1.6227 0.167  0.00 | edge_dev mean=0.0697 max=0.0941 gg=0.2686 shape_dev=0.2544 xbar=0.5006
# CONVTAG t=6320.00 rough=0.000000 cond=91.111216 evap=104.318956 backs=13.606820
# CANT t=6320.00 a_tag=0.0000 a_max=0.0000 xl_tag=0.5095 nlock=0 tune=0.394897
t= 6360.00 +5.33e-14 | 0.0032  0.00      0    0      0      0 | 0.0000  0.00 | 0.00e+00 0.00e+00 |   7.5379 1.0692  0.0206  1.6241 0.167  0.00 | edge_dev mean=0.0697 max=0.0941 gg=0.0081 shape_dev=0.2544 xbar=0.5025
# CONVTAG t=6360.00 rough=0.000000 cond=91.605045 evap=104.857861 backs=13.677112
# CANT t=6360.00 a_tag=0.0000 a_max=0.0000 xl_tag=0.5108 nlock=0 tune=0.394897
t= 6400.00 +5.47e-14 | 0.0031  0.00      0    0      0      0 | 0.0000  0.00 | 0.00e+00 0.00e+00 |   7.7390 1.0977  0.1254  1.6189 0.167  0.00 | edge_dev mean=0.0696 max=0.0944 gg=0.1807 shape_dev=0.2547 xbar=0.5159
# CONVTAG t=6400.00 rough=0.000000 cond=92.823209 evap=106.057687 backs=13.833611
# CANT t=6400.00 a_tag=0.0131 a_max=0.0392 xl_tag=0.5129 nlock=0 tune=0.405033
t= 6440.00 +5.00e-14 | 0.0031  0.00      0    0      0      0 | 0.0000  0.00 | 0.00e+00 0.00e+00 |   7.6804 1.0894  0.0948  1.6209 0.167  0.00 | edge_dev mean=0.0696 max=0.0944 gg=0.0723 shape_dev=0.2547 xbar=0.5120
# CONVTAG t=6440.00 rough=0.000000 cond=93.492134 evap=106.885521 backs=13.941590
# CANT t=6440.00 a_tag=0.0059 a_max=0.0176 xl_tag=0.5092 nlock=0 tune=0.405033
t= 6480.00 +4.45e-14 | 0.0031  0.00      0    0      0      0 | 0.0000  0.00 | 0.00e+00 0.00e+00 |   7.8700 1.1163  0.1548  1.6160 0.167  0.00 | edge_dev mean=0.0696 max=0.0944 gg=0.0217 shape_dev=0.2547 xbar=0.5247
# CONVTAG t=6480.00 rough=0.000000 cond=94.141365 evap=107.442520 backs=14.014242
# CANT t=6480.00 a_tag=0.0026 a_max=0.0079 xl_tag=0.5111 nlock=0 tune=0.405033
t= 6520.00 +4.16e-14 | 0.0032  0.00      0    0      0      0 | 0.0000  0.00 | 0.00e+00 0.00e+00 |   7.4432 1.0558  0.1488  1.6166 0.167  0.00 | edge_dev mean=0.0696 max=0.0944 gg=0.1300 shape_dev=0.2547 xbar=0.4962
# CONVTAG t=6520.00 rough=0.000000 cond=95.041123 evap=108.904136 backs=14.204887
# CANT t=6520.00 a_tag=0.0012 a_max=0.0036 xl_tag=0.5027 nlock=0 tune=0.405033
t= 6560.00 +4.07e-14 | 0.0032  0.00      0    0      0      0 | 0.0000  0.00 | 0.00e+00 0.00e+00 |   7.3750 1.0461  0.1023  1.6205 0.167  0.00 | edge_dev mean=0.0696 max=0.0944 gg=0.1335 shape_dev=0.2547 xbar=0.4917
# CONVTAG t=6560.00 rough=0.000000 cond=95.703627 evap=109.734122 backs=14.313146
# CANT t=6560.00 a_tag=0.0005 a_max=0.0016 xl_tag=0.5011 nlock=0 tune=0.405033
t= 6600.00 +4.21e-14 | 0.0032  0.00      0    0      0      0 | 0.0000  0.00 | 0.00e+00 0.00e+00 |   7.4689 1.0594  0.1206  1.6191 0.167  0.00 | edge_dev mean=0.0696 max=0.0944 gg=0.0307 shape_dev=0.2547 xbar=0.4979
# CONVTAG t=6600.00 rough=0.000000 cond=96.024644 evap=110.009429 backs=14.349056
# CANT t=6600.00 a_tag=0.0002 a_max=0.0007 xl_tag=0.5006 nlock=0 tune=0.405033
t= 6640.00 +4.21e-14 | 0.0031  0.00      0    0      0      0 | 0.0000  0.00 | 0.00e+00 0.00e+00 |   7.7619 1.1010  0.1115  1.6201 0.167  0.00 | edge_dev mean=0.0695 max=0.0948 gg=0.0853 shape_dev=0.2552 xbar=0.5175
# CONVTAG t=6640.00 rough=0.000000 cond=97.285372 evap=111.166253 backs=14.499946
# CANT t=6640.00 a_tag=0.0142 a_max=0.0427 xl_tag=0.5073 nlock=0 tune=0.416869
t= 6680.00 +3.91e-14 | 0.0031  0.00      0    0      0      0 | 0.0000  0.00 | 0.00e+00 0.00e+00 |   7.8008 1.1065  0.0495  1.6235 0.167  0.00 | edge_dev mean=0.0695 max=0.0948 gg=0.1950 shape_dev=0.2552 xbar=0.5201
# CONVTAG t=6680.00 rough=0.000000 cond=97.782232 evap=111.698788 backs=14.569407
# CANT t=6680.00 a_tag=0.0064 a_max=0.0192 xl_tag=0.5107 nlock=0 tune=0.416869
t= 6720.00 +3.52e-14 | 0.0031  0.00      0    0      0      0 | 0.0000  0.00 | 0.00e+00 0.00e+00 |   7.9059 1.1214  0.0400  1.6238 0.167  0.00 | edge_dev mean=0.0695 max=0.0948 gg=0.1566 shape_dev=0.2552 xbar=0.5271
# CONVTAG t=6720.00 rough=0.000000 cond=98.607071 evap=112.542216 backs=14.679419
# CANT t=6720.00 a_tag=0.0029 a_max=0.0086 xl_tag=0.5108 nlock=0 tune=0.416869
t= 6760.00 +3.38e-14 | 0.0031  0.00      0    0      0      0 | 0.0000  0.00 | 0.00e+00 0.00e+00 |   7.9120 1.1223  0.0635  1.6229 0.167  0.00 | edge_dev mean=0.0695 max=0.0948 gg=0.1199 shape_dev=0.2552 xbar=0.5275
# CONVTAG t=6760.00 rough=0.000000 cond=99.094935 evap=113.097141 backs=14.751801
# CANT t=6760.00 a_tag=0.0013 a_max=0.0039 xl_tag=0.5127 nlock=0 tune=0.416869
t= 6800.00 +3.23e-14 | 0.0031  0.00      0    0      0      0 | 0.0000  0.00 | 0.00e+00 0.00e+00 |   7.5740 1.0743  0.0502  1.6234 0.167  0.00 | edge_dev mean=0.0695 max=0.0948 gg=0.2194 shape_dev=0.2552 xbar=0.5049
# CONVTAG t=6800.00 rough=0.000000 cond=99.798354 evap=114.244148 backs=14.901411
# CANT t=6800.00 a_tag=0.0006 a_max=0.0017 xl_tag=0.5113 nlock=0 tune=0.416869
t= 6840.00 +3.06e-14 | 0.0031  0.00      0    0      0      0 | 0.0000  0.00 | 0.00e+00 0.00e+00 |   7.5777 1.0749  0.0802  1.6221 0.167  0.00 | edge_dev mean=0.0695 max=0.0948 gg=0.1672 shape_dev=0.2552 xbar=0.5052
# CONVTAG t=6840.00 rough=0.000000 cond=100.287159 evap=114.802499 backs=14.974239
# CANT t=6840.00 a_tag=0.0003 a_max=0.0008 xl_tag=0.5092 nlock=0 tune=0.416869
t= 6880.00 +3.37e-14 | 0.0032  0.00      0    0      0      0 | 0.0000  0.00 | 0.00e+00 0.00e+00 |   7.3104 1.0369  0.0608  1.6230 0.167  0.00 | edge_dev mean=0.0695 max=0.0948 gg=0.2860 shape_dev=0.2552 xbar=0.4874
# CONVTAG t=6880.00 rough=0.000000 cond=100.772485 evap=115.627961 backs=15.081908
# CANT t=6880.00 a_tag=0.0001 a_max=0.0004 xl_tag=0.5078 nlock=0 tune=0.416869
t= 6920.00 +3.10e-14 | 0.0031  0.00      0    0      0      0 | 0.0000  0.00 | 0.00e+00 0.00e+00 |   7.5939 1.0771  0.1185  1.6196 0.167  0.00 | edge_dev mean=0.0695 max=0.0948 gg=0.2721 shape_dev=0.2552 xbar=0.5063
# CONVTAG t=6920.00 rough=0.000000 cond=101.813842 evap=116.542053 backs=15.201137
# CANT t=6920.00 a_tag=0.0001 a_max=0.0002 xl_tag=0.5054 nlock=0 tune=0.416869
t= 6960.00 +3.04e-14 | 0.0032  0.00      0    0      0      0 | 0.0000  0.00 | 0.00e+00 0.00e+00 |   7.5231 1.0671  0.0655  1.6230 0.167  0.00 | edge_dev mean=0.0695 max=0.0948 gg=0.2975 shape_dev=0.2552 xbar=0.5015
# CONVTAG t=6960.00 rough=0.000000 cond=102.520643 evap=117.425672 backs=15.316392
# CANT t=6960.00 a_tag=0.0000 a_max=0.0001 xl_tag=0.4999 nlock=0 tune=0.416869
t= 7000.00 +3.50e-14 | 0.0032  0.00      0    0      0      0 | 0.0000  0.00 | 0.00e+00 0.00e+00 |   7.4359 1.0547  0.0650  1.6229 0.167  0.00 | edge_dev mean=0.0695 max=0.0948 gg=0.1481 shape_dev=0.2552 xbar=0.4957
# CONVTAG t=7000.00 rough=0.000000 cond=103.170907 evap=118.260648 backs=15.425302
# CANT t=7000.00 a_tag=0.0000 a_max=0.0000 xl_tag=0.4982 nlock=0 tune=0.416869
t= 7040.00 +3.93e-14 | 0.0031  0.00      0    0      0      0 | 0.0000  0.00 | 0.00e+00 0.00e+00 |   7.6477 1.0848  0.0817  1.6221 0.167  0.00 | edge_dev mean=0.0695 max=0.0948 gg=0.0975 shape_dev=0.2552 xbar=0.5098
# CONVTAG t=7040.00 rough=0.000000 cond=103.839166 evap=118.817368 backs=15.497918
# CANT t=7040.00 a_tag=0.0000 a_max=0.0000 xl_tag=0.4952 nlock=0 tune=0.416869
t= 7080.00 +3.97e-14 | 0.0032  0.00      0    0      0      0 | 0.0000  0.00 | 0.00e+00 0.00e+00 |   7.3258 1.0391  0.1574  1.6159 0.167  0.00 | edge_dev mean=0.0694 max=0.0949 gg=0.2688 shape_dev=0.2553 xbar=0.4884
# CONVTAG t=7080.00 rough=0.000000 cond=104.566354 evap=119.975529 backs=15.648982
# CANT t=7080.00 a_tag=0.0000 a_max=0.0000 xl_tag=0.4995 nlock=0 tune=0.416874
t= 7120.00 +3.62e-14 | 0.0032  0.00      0    0      0      0 | 0.0000  0.00 | 0.00e+00 0.00e+00 |   7.2361 1.0264  0.1421  1.6176 0.167  0.00 | edge_dev mean=0.0694 max=0.0949 gg=0.1645 shape_dev=0.2553 xbar=0.4824
# CONVTAG t=7120.00 rough=0.000000 cond=105.242525 evap=120.842847 backs=15.762110
# CANT t=7120.00 a_tag=0.0000 a_max=0.0000 xl_tag=0.4987 nlock=0 tune=0.416874
t= 7160.00 +3.48e-14 | 0.0031  0.00      0    0      0      0 | 0.0000  0.00 | 0.00e+00 0.00e+00 |   7.5869 1.0762  0.1884  1.6124 0.167  0.00 | edge_dev mean=0.0694 max=0.0949 gg=0.0586 shape_dev=0.2553 xbar=0.5058
# CONVTAG t=7160.00 rough=0.000000 cond=106.266035 evap=121.669026 backs=15.869873
# CANT t=7160.00 a_tag=0.0000 a_max=0.0000 xl_tag=0.5074 nlock=0 tune=0.416874
t= 7200.00 +3.15e-14 | 0.0031  0.00      0    0      0      0 | 0.0000  0.00 | 0.00e+00 0.00e+00 |   7.5877 1.0763  0.1566  1.6161 0.167  0.00 | edge_dev mean=0.0694 max=0.0949 gg=0.3169 shape_dev=0.2553 xbar=0.5058
# CONVTAG t=7200.00 rough=0.000000 cond=106.755363 evap=122.230972 backs=15.943170
# CANT t=7200.00 a_tag=0.0000 a_max=0.0000 xl_tag=0.5068 nlock=0 tune=0.416874
t= 7240.00 +3.37e-14 | 0.0032  0.00      0    0      0      0 | 0.0000  0.00 | 0.00e+00 0.00e+00 |   7.5396 1.0695  0.1462  1.6170 0.167  0.00 | edge_dev mean=0.0694 max=0.0949 gg=0.1681 shape_dev=0.2553 xbar=0.5026
# CONVTAG t=7240.00 rough=0.000000 cond=107.435780 evap=123.061512 backs=16.051502
# CANT t=7240.00 a_tag=0.0000 a_max=0.0000 xl_tag=0.5041 nlock=0 tune=0.416874
t= 7280.00 +3.11e-14 | 0.0032  0.00      0    0      0      0 | 0.0000  0.00 | 0.00e+00 0.00e+00 |   7.3267 1.0392  0.1232  1.6193 0.167  0.00 | edge_dev mean=0.0694 max=0.0949 gg=0.3006 shape_dev=0.2553 xbar=0.4884
# CONVTAG t=7280.00 rough=0.000000 cond=108.242978 evap=124.202762 backs=16.200360
# CANT t=7280.00 a_tag=0.0000 a_max=0.0000 xl_tag=0.5043 nlock=0 tune=0.416874
t= 7320.00 +3.27e-14 | 0.0031  0.00      0    0      0      0 | 0.0000  0.00 | 0.00e+00 0.00e+00 |   7.5642 1.0729  0.1562  1.6161 0.167  0.00 | edge_dev mean=0.0694 max=0.0949 gg=0.1599 shape_dev=0.2553 xbar=0.5043
# CONVTAG t=7320.00 rough=0.000000 cond=108.931658 evap=124.757247 backs=16.272684
# CANT t=7320.00 a_tag=0.0000 a_max=0.0000 xl_tag=0.5013 nlock=0 tune=0.416874
t= 7360.00 +3.42e-14 | 0.0032  0.00      0    0      0      0 | 0.0000  0.00 | 0.00e+00 0.00e+00 |   7.2838 1.0332  0.1340  1.6181 0.167  0.00 | edge_dev mean=0.0694 max=0.0949 gg=0.0759 shape_dev=0.2553 xbar=0.4856
# CONVTAG t=7360.00 rough=0.000000 cond=109.413782 evap=125.592050 backs=16.381572
# CANT t=7360.00 a_tag=0.0000 a_max=0.0000 xl_tag=0.4997 nlock=0 tune=0.416874
t= 7400.00 +3.28e-14 | 0.0031  0.00      0    0      0      0 | 0.0000  0.00 | 0.00e+00 0.00e+00 |   7.6080 1.0792  0.2172  1.6086 0.167  0.00 | edge_dev mean=0.0694 max=0.0949 gg=0.3267 shape_dev=0.2553 xbar=0.5072
# CONVTAG t=7400.00 rough=0.000000 cond=110.452767 evap=126.462647 backs=16.495128
# CANT t=7400.00 a_tag=0.0000 a_max=0.0000 xl_tag=0.5013 nlock=0 tune=0.416874
# QATOM t=7411.28 dir=FD w=0.954169884 e=0.174639981679 i=1 Em=1.5193
t= 7440.00 +3.27e-14 | 0.0032  0.00      0    0      0      0 | 0.0000  0.00 | 0.00e+00 0.00e+00 |   7.5334 1.0686  0.1679  1.6148 0.167  0.00 | edge_dev mean=0.0694 max=0.0949 gg=0.0655 shape_dev=0.2553 xbar=0.5022
# CONVTAG t=7440.00 rough=0.000000 cond=111.111521 evap=127.294879 backs=16.603680
# CANT t=7440.00 a_tag=0.0000 a_max=0.0000 xl_tag=0.5055 nlock=0 tune=0.416874
t= 7480.00 +3.23e-14 | 0.0031  0.00      0    0      0      0 | 0.0000  0.00 | 0.00e+00 0.00e+00 |   7.7452 1.0986  0.1526  1.6164 0.167  0.00 | edge_dev mean=0.0694 max=0.0949 gg=0.0127 shape_dev=0.2553 xbar=0.5163
# CONVTAG t=7480.00 rough=0.000000 cond=111.789738 evap=127.863041 backs=16.677788
# CANT t=7480.00 a_tag=0.0000 a_max=0.0000 xl_tag=0.5033 nlock=0 tune=0.416874
t= 7520.00 +3.10e-14 | 0.0032  0.00      0    0      0      0 | 0.0000  0.00 | 0.00e+00 0.00e+00 |   7.5446 1.0702  0.2199  1.6084 0.167  0.00 | edge_dev mean=0.0694 max=0.0949 gg=0.2132 shape_dev=0.2554 xbar=0.5030
# CONVTAG t=7520.00 rough=0.000000 cond=112.656091 evap=129.059880 backs=16.833897
# CANT t=7520.00 a_tag=0.0000 a_max=0.0000 xl_tag=0.4993 nlock=0 tune=0.416874
t= 7560.00 +2.89e-14 | 0.0031  0.00      0    0      0      0 | 0.0000  0.00 | 0.00e+00 0.00e+00 |   7.5711 1.0739  0.1234  1.6194 0.167  0.00 | edge_dev mean=0.0691 max=0.0949 gg=0.0257 shape_dev=0.2562 xbar=0.5047
# CONVTAG t=7560.00 rough=0.000000 cond=113.436344 evap=129.930684 backs=16.947481
# CANT t=7560.00 a_tag=0.0077 a_max=0.0232 xl_tag=0.5021 nlock=0 tune=0.417895
t= 7600.00 +2.27e-14 | 0.0031  0.00      0    0      0      0 | 0.0000  0.00 | 0.00e+00 0.00e+00 |   7.8500 1.1135  0.1714  1.6148 0.167  0.00 | edge_dev mean=0.0691 max=0.0949 gg=0.1772 shape_dev=0.2562 xbar=0.5233
# CONVTAG t=7600.00 rough=0.000000 cond=114.148271 evap=130.470476 backs=17.017888
# CANT t=7600.00 a_tag=0.0035 a_max=0.0104 xl_tag=0.5111 nlock=0 tune=0.417895
t= 7640.00 +1.94e-14 | 0.0031  0.00      0    0      0      0 | 0.0000  0.00 | 0.00e+00 0.00e+00 |   7.6551 1.0858  0.1353  1.6184 0.167  0.00 | edge_dev mean=0.0691 max=0.0949 gg=0.0493 shape_dev=0.2562 xbar=0.5103
# CONVTAG t=7640.00 rough=0.000000 cond=114.468165 evap=131.033292 backs=17.091299
# CANT t=7640.00 a_tag=0.0016 a_max=0.0047 xl_tag=0.5136 nlock=0 tune=0.417895
t= 7680.00 +1.82e-14 | 0.0031  0.00      0    0      0      0 | 0.0000  0.00 | 0.00e+00 0.00e+00 |   7.9847 1.1326  0.1448  1.6175 0.167  0.00 | edge_dev mean=0.0691 max=0.0949 gg=0.0490 shape_dev=0.2562 xbar=0.5323
# CONVTAG t=7680.00 rough=0.000000 cond=115.504589 evap=131.895618 backs=17.203776
# CANT t=7680.00 a_tag=0.0007 a_max=0.0021 xl_tag=0.5165 nlock=0 tune=0.417895
t= 7720.00 +1.73e-14 | 0.0031  0.00      0    0      0      0 | 0.0000  0.00 | 0.00e+00 0.00e+00 |   7.9978 1.1344  0.1471  1.6173 0.167  0.00 | edge_dev mean=0.0691 max=0.0949 gg=0.1796 shape_dev=0.2562 xbar=0.5332
# CONVTAG t=7720.00 rough=0.000000 cond=116.016233 evap=132.470894 backs=17.278812
# CANT t=7720.00 a_tag=0.0003 a_max=0.0009 xl_tag=0.5202 nlock=0 tune=0.417895
t= 7760.00 +2.03e-14 | 0.0031  0.00      0    0      0      0 | 0.0000  0.00 | 0.00e+00 0.00e+00 |   7.9142 1.1226  0.1435  1.6178 0.167  0.00 | edge_dev mean=0.0691 max=0.0949 gg=0.2759 shape_dev=0.2562 xbar=0.5276
# CONVTAG t=7760.00 rough=0.000000 cond=116.975569 evap=133.657669 backs=17.433609
# CANT t=7760.00 a_tag=0.0001 a_max=0.0004 xl_tag=0.5158 nlock=0 tune=0.417895
t= 7800.00 +2.31e-14 | 0.0031  0.00      0    0      0      0 | 0.0000  0.00 | 0.00e+00 0.00e+00 |   7.7341 1.0970  0.1254  1.6194 0.167  0.00 | edge_dev mean=0.0691 max=0.0949 gg=0.1041 shape_dev=0.2562 xbar=0.5156
# CONVTAG t=7800.00 rough=0.000000 cond=117.292889 evap=134.202683 backs=17.504698
# CANT t=7800.00 a_tag=0.0001 a_max=0.0002 xl_tag=0.5229 nlock=0 tune=0.417895
t= 7840.00 +2.26e-14 | 0.0031  0.00      0    0      0      0 | 0.0000  0.00 | 0.00e+00 0.00e+00 |   8.0593 1.1432  0.1981  1.6117 0.167  0.00 | edge_dev mean=0.0691 max=0.0949 gg=0.0027 shape_dev=0.2562 xbar=0.5373
# CONVTAG t=7840.00 rough=0.000000 cond=118.355444 evap=135.099412 backs=17.621662
# CANT t=7840.00 a_tag=0.0000 a_max=0.0001 xl_tag=0.5208 nlock=0 tune=0.417895
t= 7880.00 +2.54e-14 | 0.0031  0.00      0    0      0      0 | 0.0000  0.00 | 0.00e+00 0.00e+00 |   7.8038 1.1069  0.1948  1.6122 0.167  0.00 | edge_dev mean=0.0691 max=0.0949 gg=0.0283 shape_dev=0.2562 xbar=0.5203
# CONVTAG t=7880.00 rough=0.000000 cond=118.892550 evap=135.972597 backs=17.735556
# CANT t=7880.00 a_tag=0.0000 a_max=0.0000 xl_tag=0.5216 nlock=0 tune=0.417895
t= 7920.00 +2.35e-14 | 0.0031  0.00      0    0      0      0 | 0.0000  0.00 | 0.00e+00 0.00e+00 |   7.8204 1.1093  0.1913  1.6126 0.167  0.00 | edge_dev mean=0.0691 max=0.0949 gg=0.0080 shape_dev=0.2562 xbar=0.5214
# CONVTAG t=7920.00 rough=0.000000 cond=119.400513 evap=136.540172 backs=17.809588
# CANT t=7920.00 a_tag=0.0000 a_max=0.0000 xl_tag=0.5178 nlock=0 tune=0.417895
t= 7960.00 +1.84e-14 | 0.0032  0.00      0    0      0      0 | 0.0000  0.00 | 0.00e+00 0.00e+00 |   7.2979 1.0352  0.1610  1.6159 0.167  0.00 | edge_dev mean=0.0691 max=0.0949 gg=0.0478 shape_dev=0.2562 xbar=0.4865
# CONVTAG t=7960.00 rough=0.000000 cond=119.714870 evap=137.424225 backs=17.924899
# CANT t=7960.00 a_tag=0.0000 a_max=0.0000 xl_tag=0.5102 nlock=0 tune=0.417895
t= 8000.00 +1.78e-14 | 0.0031  0.00      0    0      0      0 | 0.0000  0.00 | 0.00e+00 0.00e+00 |   7.8200 1.1092  0.1579  1.6163 0.167  0.00 | edge_dev mean=0.0691 max=0.0949 gg=0.1811 shape_dev=0.2562 xbar=0.5213
# CONVTAG t=8000.00 rough=0.000000 cond=121.182827 evap=138.590287 backs=18.076994
# CANT t=8000.00 a_tag=0.0000 a_max=0.0000 xl_tag=0.5134 nlock=0 tune=0.417895
t= 8040.00 +1.88e-14 | 0.0031  0.00      0    0      0      0 | 0.0000  0.00 | 0.00e+00 0.00e+00 |   7.9242 1.1240  0.1709  1.6149 0.167  0.00 | edge_dev mean=0.0691 max=0.0949 gg=0.1453 shape_dev=0.2562 xbar=0.5283
# CONVTAG t=8040.00 rough=0.000000 cond=121.500619 evap=138.851474 backs=18.111062
# CANT t=8040.00 a_tag=0.0000 a_max=0.0000 xl_tag=0.5242 nlock=0 tune=0.417895
t= 8080.00 +1.86e-14 | 0.0031  0.00      0    0      0      0 | 0.0000  0.00 | 0.00e+00 0.00e+00 |   7.7476 1.0990  0.1747  1.6145 0.167  0.00 | edge_dev mean=0.0691 max=0.0949 gg=0.0027 shape_dev=0.2562 xbar=0.5165
# CONVTAG t=8080.00 rough=0.000000 cond=122.349424 evap=140.004207 backs=18.261418
# CANT t=8080.00 a_tag=0.0000 a_max=0.0000 xl_tag=0.5166 nlock=0 tune=0.417895
t= 8120.00 +2.03e-14 | 0.0031  0.00      0    0      0      0 | 0.0000  0.00 | 0.00e+00 0.00e+00 |   7.8382 1.1118  0.1869  1.6130 0.167  0.00 | edge_dev mean=0.0691 max=0.0949 gg=0.1404 shape_dev=0.2562 xbar=0.5225
# CONVTAG t=8120.00 rough=0.000000 cond=122.670413 evap=140.282824 backs=18.297760
# CANT t=8120.00 a_tag=0.0000 a_max=0.0000 xl_tag=0.5153 nlock=0 tune=0.417895
t= 8160.00 +1.86e-14 | 0.0031  0.00      0    0      0      0 | 0.0000  0.00 | 0.00e+00 0.00e+00 |   7.5730 1.0742  0.1473  1.6174 0.167  0.00 | edge_dev mean=0.0691 max=0.0949 gg=0.0005 shape_dev=0.2562 xbar=0.5049
# CONVTAG t=8160.00 rough=0.000000 cond=123.172194 evap=141.124992 backs=18.407608
# CANT t=8160.00 a_tag=0.0000 a_max=0.0000 xl_tag=0.5134 nlock=0 tune=0.417895
t= 8200.00 +2.05e-14 | 0.0031  0.00      0    0      0      0 | 0.0000  0.00 | 0.00e+00 0.00e+00 |   7.7876 1.1046  0.1336  1.6186 0.167  0.00 | edge_dev mean=0.0691 max=0.0949 gg=0.2474 shape_dev=0.2562 xbar=0.5192
# CONVTAG t=8200.00 rough=0.000000 cond=123.867812 evap=141.710430 backs=18.483969
# CANT t=8200.00 a_tag=0.0000 a_max=0.0000 xl_tag=0.5130 nlock=0 tune=0.417895
t= 8240.00 +2.15e-14 | 0.0031  0.00      0    0      0      0 | 0.0000  0.00 | 0.00e+00 0.00e+00 |   7.9186 1.1232  0.1565  1.6164 0.167  0.00 | edge_dev mean=0.0691 max=0.0949 gg=0.1341 shape_dev=0.2562 xbar=0.5279
# CONVTAG t=8240.00 rough=0.000000 cond=124.730381 evap=142.571370 backs=18.596266
# CANT t=8240.00 a_tag=0.0000 a_max=0.0000 xl_tag=0.5144 nlock=0 tune=0.417895
t= 8280.00 +1.69e-14 | 0.0032  0.00      0    0      0      0 | 0.0000  0.00 | 0.00e+00 0.00e+00 |   7.2191 1.0240  0.2214  1.6085 0.167  0.00 | edge_dev mean=0.0691 max=0.0949 gg=0.0013 shape_dev=0.2562 xbar=0.4813
# CONVTAG t=8280.00 rough=0.000000 cond=125.455514 evap=144.104701 backs=18.796265
# CANT t=8280.00 a_tag=0.0000 a_max=0.0000 xl_tag=0.5135 nlock=0 tune=0.417895
t= 8320.00 +2.11e-14 | 0.0031  0.00      0    0      0      0 | 0.0000  0.00 | 0.00e+00 0.00e+00 |   7.6837 1.0899  0.1982  1.6116 0.167  0.00 | edge_dev mean=0.0691 max=0.0949 gg=0.0010 shape_dev=0.2562 xbar=0.5122
# CONVTAG t=8320.00 rough=0.000000 cond=126.350189 evap=144.668978 backs=18.869867
# CANT t=8320.00 a_tag=0.0000 a_max=0.0000 xl_tag=0.5057 nlock=0 tune=0.417895
t= 8360.00 +2.36e-14 | 0.0032  0.00      0    0      0      0 | 0.0000  0.00 | 0.00e+00 0.00e+00 |   7.1971 1.0209  0.2417  1.6055 0.167  0.00 | edge_dev mean=0.0691 max=0.0949 gg=0.2235 shape_dev=0.2562 xbar=0.4798
# CONVTAG t=8360.00 rough=0.000000 cond=126.671646 evap=145.525332 backs=18.981565
# CANT t=8360.00 a_tag=0.0000 a_max=0.0000 xl_tag=0.5037 nlock=0 tune=0.417895
t= 8400.00 +2.66e-14 | 0.0032  0.00      0    0      0      0 | 0.0000  0.00 | 0.00e+00 0.00e+00 |   7.2048 1.0220  0.1544  1.6166 0.167  0.00 | edge_dev mean=0.0691 max=0.0949 gg=0.0907 shape_dev=0.2562 xbar=0.4803
# CONVTAG t=8400.00 rough=0.000000 cond=127.179246 evap=146.101363 backs=19.056699
# CANT t=8400.00 a_tag=0.0000 a_max=0.0000 xl_tag=0.5000 nlock=0 tune=0.417895
t= 8440.00 +2.74e-14 | 0.0032  0.00      0    0      0      0 | 0.0000  0.00 | 0.00e+00 0.00e+00 |   7.4610 1.0583  0.1987  1.6116 0.167  0.00 | edge_dev mean=0.0691 max=0.0949 gg=0.4674 shape_dev=0.2562 xbar=0.4974
# CONVTAG t=8440.00 rough=0.000000 cond=127.865699 evap=146.634539 backs=19.126244
# CANT t=8440.00 a_tag=0.0000 a_max=0.0000 xl_tag=0.5025 nlock=0 tune=0.417895
t= 8480.00 +2.82e-14 | 0.0032  0.00      0    0      0      0 | 0.0000  0.00 | 0.00e+00 0.00e+00 |   7.4688 1.0594  0.1972  1.6117 0.167  0.00 | edge_dev mean=0.0691 max=0.0949 gg=0.0501 shape_dev=0.2562 xbar=0.4979
# CONVTAG t=8480.00 rough=0.000000 cond=128.369166 evap=147.205750 backs=19.200750
# CANT t=8480.00 a_tag=0.0000 a_max=0.0000 xl_tag=0.4988 nlock=0 tune=0.417895
t= 8520.00 +3.25e-14 | 0.0031  0.00      0    0      0      0 | 0.0000  0.00 | 0.00e+00 0.00e+00 |   7.8380 1.1118  0.1259  1.6193 0.167  0.00 | edge_dev mean=0.0690 max=0.0949 gg=0.0246 shape_dev=0.2566 xbar=0.5225
# CONVTAG t=8520.00 rough=0.000000 cond=129.438811 evap=148.066646 backs=19.313041
# CANT t=8520.00 a_tag=0.0267 a_max=0.0800 xl_tag=0.5046 nlock=0 tune=0.441582
t= 8560.00 +3.50e-14 | 0.0031  0.00      0    0      0      0 | 0.0000  0.00 | 0.00e+00 0.00e+00 |   7.8542 1.1141  0.1263  1.6193 0.167  0.00 | edge_dev mean=0.0690 max=0.0949 gg=0.1916 shape_dev=0.2566 xbar=0.5236
# CONVTAG t=8560.00 rough=0.000000 cond=129.950038 evap=148.638365 backs=19.387613
# CANT t=8560.00 a_tag=0.0120 a_max=0.0359 xl_tag=0.5132 nlock=0 tune=0.441582
t= 8600.00 +3.21e-14 | 0.0031  0.00      0    0      0      0 | 0.0000  0.00 | 0.00e+00 0.00e+00 |   7.7753 1.1029  0.1454  1.6176 0.167  0.00 | edge_dev mean=0.0690 max=0.0949 gg=0.0005 shape_dev=0.2566 xbar=0.5184
# CONVTAG t=8600.00 rough=0.000000 cond=130.617500 evap=149.484851 backs=19.498024
# CANT t=8600.00 a_tag=0.0054 a_max=0.0161 xl_tag=0.5116 nlock=0 tune=0.441582
t= 8640.00 +2.99e-14 | 0.0031  0.00      0    0      0      0 | 0.0000  0.00 | 0.00e+00 0.00e+00 |   7.5844 1.0758  0.1180  1.6200 0.167  0.00 | edge_dev mean=0.0690 max=0.0949 gg=0.1917 shape_dev=0.2566 xbar=0.5056
# CONVTAG t=8640.00 rough=0.000000 cond=130.931667 evap=150.037025 backs=19.570047
# CANT t=8640.00 a_tag=0.0024 a_max=0.0072 xl_tag=0.5124 nlock=0 tune=0.441582
# QATOM t=8666.34 dir=DF w=2.22547643 e=0.40732491047 i=0 Em=0.6314
t= 8680.00 +2.94e-14 | 0.0031  0.00      0    0      0      0 | 0.0000  0.00 | 0.00e+00 0.00e+00 |   7.7929 1.1054  0.1866  1.6133 0.167  0.00 | edge_dev mean=0.0690 max=0.0949 gg=0.0624 shape_dev=0.2566 xbar=0.5195
# CONVTAG t=8680.00 rough=0.000000 cond=132.574333 evap=151.717577 backs=19.789249
# CANT t=8680.00 a_tag=0.0011 a_max=0.0033 xl_tag=0.5077 nlock=0 tune=0.441582
t= 8720.00 +3.00e-14 | 0.0032  0.00      0    0      0      0 | 0.0000  0.00 | 0.00e+00 0.00e+00 |   7.5075 1.0649  0.1623  1.6160 0.167  0.00 | edge_dev mean=0.0690 max=0.0949 gg=0.1583 shape_dev=0.2566 xbar=0.5005
# CONVTAG t=8720.00 rough=0.000000 cond=133.091428 evap=152.597606 backs=19.904036
# CANT t=8720.00 a_tag=0.0005 a_max=0.0015 xl_tag=0.5121 nlock=0 tune=0.441582
t= 8760.00 +2.83e-14 | 0.0031  0.00      0    0      0      0 | 0.0000  0.00 | 0.00e+00 0.00e+00 |   7.7174 1.0947  0.2015  1.6114 0.167  0.00 | edge_dev mean=0.0690 max=0.0949 gg=0.2134 shape_dev=0.2566 xbar=0.5145
# CONVTAG t=8760.00 rough=0.000000 cond=133.753514 evap=153.149125 backs=19.975973
# CANT t=8760.00 a_tag=0.0002 a_max=0.0007 xl_tag=0.5082 nlock=0 tune=0.441582
t= 8800.00 +3.20e-14 | 0.0032  0.00      0    0      0      0 | 0.0000  0.00 | 0.00e+00 0.00e+00 |   7.5389 1.0693  0.1844  1.6136 0.167  0.00 | edge_dev mean=0.0690 max=0.0949 gg=0.0390 shape_dev=0.2566 xbar=0.5026
# CONVTAG t=8800.00 rough=0.000000 cond=134.067590 evap=153.688821 backs=20.046368
# CANT t=8800.00 a_tag=0.0001 a_max=0.0003 xl_tag=0.5110 nlock=0 tune=0.441582
t= 8840.00 +2.99e-14 | 0.0031  0.00      0    0      0      0 | 0.0000  0.00 | 0.00e+00 0.00e+00 |   7.9581 1.1288  0.2363  1.6065 0.167  0.00 | edge_dev mean=0.0690 max=0.0949 gg=0.2918 shape_dev=0.2566 xbar=0.5305
# CONVTAG t=8840.00 rough=0.000000 cond=134.935675 evap=154.267901 backs=20.121900
# CANT t=8840.00 a_tag=0.0000 a_max=0.0001 xl_tag=0.5101 nlock=0 tune=0.441582
t= 8880.00 +3.00e-14 | 0.0032  0.00      0    0      0      0 | 0.0000  0.00 | 0.00e+00 0.00e+00 |   7.3990 1.0495  0.1851  1.6136 0.167  0.00 | edge_dev mean=0.0689 max=0.0949 gg=0.0199 shape_dev=0.2571 xbar=0.4933
# CONVTAG t=8880.00 rough=0.000000 cond=135.452605 evap=155.421540 backs=20.272375
# CANT t=8880.00 a_tag=0.0008 a_max=0.0023 xl_tag=0.5106 nlock=0 tune=0.443427
t= 8920.00 +2.85e-14 | 0.0031  0.00      0    0      0      0 | 0.0000  0.00 | 0.00e+00 0.00e+00 |   7.6085 1.0792  0.2297  1.6075 0.167  0.00 | edge_dev mean=0.0689 max=0.0949 gg=0.1745 shape_dev=0.2571 xbar=0.5072
# CONVTAG t=8920.00 rough=0.000000 cond=136.165589 evap=156.031951 backs=20.351994
# CANT t=8920.00 a_tag=0.0003 a_max=0.0010 xl_tag=0.5004 nlock=0 tune=0.443427
t= 8960.00 +3.06e-14 | 0.0032  0.00      0    0      0      0 | 0.0000  0.00 | 0.00e+00 0.00e+00 |   7.4309 1.0540  0.2104  1.6103 0.167  0.00 | edge_dev mean=0.0689 max=0.0949 gg=0.1083 shape_dev=0.2571 xbar=0.4954
# CONVTAG t=8960.00 rough=0.000000 cond=136.477693 evap=156.568409 backs=20.421966
# CANT t=8960.00 a_tag=0.0002 a_max=0.0005 xl_tag=0.5023 nlock=0 tune=0.443427
t= 9000.00 +2.96e-14 | 0.0032  0.00      0    0      0      0 | 0.0000  0.00 | 0.00e+00 0.00e+00 |   7.4486 1.0565  0.2055  1.6110 0.167  0.00 | edge_dev mean=0.0689 max=0.0949 gg=0.1273 shape_dev=0.2571 xbar=0.4966
# CONVTAG t=9000.00 rough=0.000000 cond=136.991785 evap=157.141937 backs=20.496774
# CANT t=9000.00 a_tag=0.0001 a_max=0.0002 xl_tag=0.4969 nlock=0 tune=0.443427
t= 9040.00 +2.94e-14 | 0.0032  0.67      2    0      0      0 | 1.6350  0.63 | 7.36e-07 2.79e-09 |   7.1278 1.0110  0.2902  1.5979 0.500  0.67 | edge_dev mean=0.0684 max=0.0949 gg=0.0133 shape_dev=0.2588 xbar=0.4752
# CONVTAG t=9040.00 rough=0.000000 cond=137.474179 evap=158.017482 backs=20.610976
# CANT t=9040.00 a_tag=0.0001 a_max=0.0002 xl_tag=0.4945 nlock=0 tune=0.443453
t= 9080.00 +3.04e-14 | 0.0031  0.00      0    0      0      0 | 0.0000  0.00 | 0.00e+00 0.00e+00 |   7.7027 1.0926  0.1592  1.6169 0.167  0.00 | edge_dev mean=0.0684 max=0.0949 gg=0.0092 shape_dev=0.2588 xbar=0.5135
# CONVTAG t=9080.00 rough=0.000000 cond=139.020446 evap=159.220809 backs=20.767932
# CANT t=9080.00 a_tag=0.0006 a_max=0.0017 xl_tag=0.4985 nlock=0 tune=0.443798
t= 9120.00 +2.95e-14 | 0.0031  0.00      0    0      0      0 | 0.0000  0.00 | 0.00e+00 0.00e+00 |   7.9918 1.1336  0.1849  1.6139 0.167  0.00 | edge_dev mean=0.0684 max=0.0949 gg=0.1001 shape_dev=0.2588 xbar=0.5328
# CONVTAG t=9120.00 rough=0.000000 cond=139.500568 evap=159.483891 backs=20.802247
# CANT t=9120.00 a_tag=0.0003 a_max=0.0008 xl_tag=0.5139 nlock=0 tune=0.443798
t= 9160.00 +2.92e-14 | 0.0031  0.00      0    0      0      0 | 0.0000  0.00 | 0.00e+00 0.00e+00 |   7.7306 1.0965  0.1516  1.6176 0.167  0.00 | edge_dev mean=0.0684 max=0.0949 gg=0.0035 shape_dev=0.2588 xbar=0.5154
# CONVTAG t=9160.00 rough=0.000000 cond=140.004476 evap=160.324584 backs=20.911902
# CANT t=9160.00 a_tag=0.0001 a_max=0.0003 xl_tag=0.5143 nlock=0 tune=0.443798
t= 9200.00 +2.74e-14 | 0.0031  0.00      0    0      0      0 | 0.0000  0.00 | 0.00e+00 0.00e+00 |   7.9716 1.1307  0.1308  1.6195 0.167  0.00 | edge_dev mean=0.0684 max=0.0949 gg=0.0099 shape_dev=0.2588 xbar=0.5314
# CONVTAG t=9200.00 rough=0.000000 cond=140.721172 evap=160.907717 backs=20.987963
# CANT t=9200.00 a_tag=0.0001 a_max=0.0002 xl_tag=0.5188 nlock=0 tune=0.443798
t= 9240.00 +2.36e-14 | 0.0031  0.00      0    0      0      0 | 0.0000  0.00 | 0.00e+00 0.00e+00 |   7.6270 1.0818  0.0893  1.6225 0.167  0.00 | edge_dev mean=0.0684 max=0.0949 gg=0.0977 shape_dev=0.2588 xbar=0.5085
# CONVTAG t=9240.00 rough=0.000000 cond=141.454562 evap=162.095725 backs=21.142921
# CANT t=9240.00 a_tag=0.0000 a_max=0.0001 xl_tag=0.5154 nlock=0 tune=0.443798
t= 9280.00 +2.37e-14 | 0.0032  0.00      0    0      0      0 | 0.0000  0.00 | 0.00e+00 0.00e+00 |   7.5046 1.0645  0.2184  1.6095 0.167  0.00 | edge_dev mean=0.0684 max=0.0949 gg=0.1471 shape_dev=0.2588 xbar=0.5003
# CONVTAG t=9280.00 rough=0.000000 cond=142.137891 evap=163.004004 backs=21.261392
# CANT t=9280.00 a_tag=0.0000 a_max=0.0000 xl_tag=0.5182 nlock=0 tune=0.443798
t= 9320.00 +2.36e-14 | 0.0031  0.00      0    0      0      0 | 0.0000  0.00 | 0.00e+00 0.00e+00 |   7.6575 1.0862  0.1569  1.6170 0.167  0.00 | edge_dev mean=0.0684 max=0.0949 gg=0.0959 shape_dev=0.2588 xbar=0.5105
# CONVTAG t=9320.00 rough=0.000000 cond=143.006727 evap=163.850236 backs=21.371770
# CANT t=9320.00 a_tag=0.0000 a_max=0.0000 xl_tag=0.5117 nlock=0 tune=0.443798
t= 9360.00 +2.49e-14 | 0.0031  0.00      0    0      0      0 | 0.0000  0.00 | 0.00e+00 0.00e+00 |   7.7888 1.1048  0.1266  1.6198 0.167  0.00 | edge_dev mean=0.0684 max=0.0949 gg=0.1268 shape_dev=0.2588 xbar=0.5193
# CONVTAG t=9360.00 rough=0.000000 cond=143.869760 evap=164.711422 backs=21.484099
# CANT t=9360.00 a_tag=0.0000 a_max=0.0000 xl_tag=0.5094 nlock=0 tune=0.443798
t= 9400.00 +2.40e-14 | 0.0031  0.00      0    0      0      0 | 0.0000  0.00 | 0.00e+00 0.00e+00 |   7.8040 1.1070  0.1265  1.6198 0.167  0.00 | edge_dev mean=0.0684 max=0.0949 gg=0.0812 shape_dev=0.2588 xbar=0.5203
# CONVTAG t=9400.00 rough=0.000000 cond=144.378413 evap=165.281146 backs=21.558410
# CANT t=9400.00 a_tag=0.0000 a_max=0.0000 xl_tag=0.5124 nlock=0 tune=0.443798
t= 9440.00 +1.91e-14 | 0.0032  0.00      0    0      0      0 | 0.0000  0.00 | 0.00e+00 0.00e+00 |   7.5279 1.0678  0.1175  1.6206 0.167  0.00 | edge_dev mean=0.0684 max=0.0949 gg=0.1109 shape_dev=0.2588 xbar=0.5019
# CONVTAG t=9440.00 rough=0.000000 cond=144.876498 evap=166.130103 backs=21.669144
# CANT t=9440.00 a_tag=0.0000 a_max=0.0000 xl_tag=0.5061 nlock=0 tune=0.443798
t= 9480.00 +1.88e-14 | 0.0032  0.00      0    0      0      0 | 0.0000  0.00 | 0.00e+00 0.00e+00 |   7.3221 1.0386  0.0758  1.6233 0.167  0.00 | edge_dev mean=0.0684 max=0.0949 gg=0.0154 shape_dev=0.2588 xbar=0.4881
# CONVTAG t=9480.00 rough=0.000000 cond=145.204178 evap=166.712715 backs=21.745137
# CANT t=9480.00 a_tag=0.0000 a_max=0.0000 xl_tag=0.5066 nlock=0 tune=0.443798
t= 9520.00 +1.94e-14 | 0.0032  0.00      0    0      0      0 | 0.0000  0.00 | 0.00e+00 0.00e+00 |   7.2923 1.0344  0.2106  1.6107 0.167  0.00 | edge_dev mean=0.0684 max=0.0949 gg=0.3384 shape_dev=0.2588 xbar=0.4862
# CONVTAG t=9520.00 rough=0.000000 cond=145.910713 evap=167.555038 backs=21.855005
# CANT t=9520.00 a_tag=0.0000 a_max=0.0000 xl_tag=0.5092 nlock=0 tune=0.443798
t= 9560.00 +2.19e-14 | 0.0032  0.00      0    0      0      0 | 0.0000  0.00 | 0.00e+00 0.00e+00 |   7.4911 1.0626  0.1384  1.6188 0.167  0.00 | edge_dev mean=0.0684 max=0.0949 gg=0.1591 shape_dev=0.2588 xbar=0.4994
# CONVTAG t=9560.00 rough=0.000000 cond=146.583904 evap=168.130397 backs=21.930052
# CANT t=9560.00 a_tag=0.0000 a_max=0.0000 xl_tag=0.5073 nlock=0 tune=0.443798
t= 9600.00 +2.64e-14 | 0.0032  0.00      0    0      0      0 | 0.0000  0.00 | 0.00e+00 0.00e+00 |   7.4239 1.0530  0.1663  1.6160 0.167  0.00 | edge_dev mean=0.0684 max=0.0949 gg=0.3142 shape_dev=0.2588 xbar=0.4949
# CONVTAG t=9600.00 rough=0.000000 cond=147.298022 evap=169.018865 backs=22.045939
# CANT t=9600.00 a_tag=0.0000 a_max=0.0000 xl_tag=0.5027 nlock=0 tune=0.443798
t= 9640.00 +2.30e-14 | 0.0031  0.00      0    0      0      0 | 0.0000  0.00 | 0.00e+00 0.00e+00 |   7.8457 1.1129  0.1793  1.6145 0.167  0.00 | edge_dev mean=0.0684 max=0.0949 gg=0.1225 shape_dev=0.2588 xbar=0.5230
# CONVTAG t=9640.00 rough=0.000000 cond=148.173033 evap=169.603289 backs=22.122168
# CANT t=9640.00 a_tag=0.0000 a_max=0.0000 xl_tag=0.4998 nlock=0 tune=0.443798
t= 9680.00 +2.56e-14 | 0.0031  0.00      0    0      0      0 | 0.0000  0.00 | 0.00e+00 0.00e+00 |   7.9848 1.1326  0.1805  1.6145 0.167  0.00 | edge_dev mean=0.0684 max=0.0949 gg=0.1496 shape_dev=0.2588 xbar=0.5323
# CONVTAG t=9680.00 rough=0.000000 cond=149.330223 evap=170.794995 backs=22.277608
# CANT t=9680.00 a_tag=0.0000 a_max=0.0000 xl_tag=0.5096 nlock=0 tune=0.443798
t= 9720.00 +2.90e-14 | 0.0032  0.00      0    0      0      0 | 0.0000  0.00 | 0.00e+00 0.00e+00 |   7.4753 1.0603  0.2081  1.6110 0.167  0.00 | edge_dev mean=0.0684 max=0.0949 gg=0.0003 shape_dev=0.2588 xbar=0.4984
# CONVTAG t=9720.00 rough=0.000000 cond=149.645902 evap=171.667535 backs=22.391418
# CANT t=9720.00 a_tag=0.0000 a_max=0.0000 xl_tag=0.5110 nlock=0 tune=0.443798
t= 9760.00 +2.68e-14 | 0.0031  0.00      0    0      0      0 | 0.0000  0.00 | 0.00e+00 0.00e+00 |   7.7262 1.0959  0.1754  1.6151 0.167  0.00 | edge_dev mean=0.0684 max=0.0949 gg=0.0676 shape_dev=0.2588 xbar=0.5151
# CONVTAG t=9760.00 rough=0.000000 cond=150.335249 evap=172.209289 backs=22.462081
# CANT t=9760.00 a_tag=0.0000 a_max=0.0000 xl_tag=0.5122 nlock=0 tune=0.443798
t= 9800.00 +2.75e-14 | 0.0032  0.00      0    0      0      0 | 0.0000  0.00 | 0.00e+00 0.00e+00 |   7.5263 1.0676  0.1313  1.6195 0.167  0.00 | edge_dev mean=0.0684 max=0.0949 gg=0.0001 shape_dev=0.2588 xbar=0.5018
# CONVTAG t=9800.00 rough=0.000000 cond=150.657465 evap=172.779764 backs=22.536491
# CANT t=9800.00 a_tag=0.0000 a_max=0.0000 xl_tag=0.5139 nlock=0 tune=0.443798
t= 9840.00 +3.07e-14 | 0.0031  0.00      0    0      0      0 | 0.0000  0.00 | 0.00e+00 0.00e+00 |   7.8730 1.1167  0.1409  1.6186 0.167  0.00 | edge_dev mean=0.0684 max=0.0949 gg=0.1036 shape_dev=0.2588 xbar=0.5249
# CONVTAG t=9840.00 rough=0.000000 cond=151.708878 evap=173.642160 backs=22.648977
# CANT t=9840.00 a_tag=0.0000 a_max=0.0000 xl_tag=0.5136 nlock=0 tune=0.443798
t= 9880.00 +3.20e-14 | 0.0032  0.00      0    0      0      0 | 0.0000  0.00 | 0.00e+00 0.00e+00 |   7.3956 1.0490  0.1905  1.6134 0.167  0.00 | edge_dev mean=0.0684 max=0.0949 gg=0.0158 shape_dev=0.2588 xbar=0.4930
# CONVTAG t=9880.00 rough=0.000000 cond=152.023504 evap=174.481434 backs=22.758448
# CANT t=9880.00 a_tag=0.0000 a_max=0.0000 xl_tag=0.5177 nlock=0 tune=0.443798
t= 9920.00 +3.67e-14 | 0.0031  0.00      0    0      0      0 | 0.0000  0.00 | 0.00e+00 0.00e+00 |   7.9270 1.1244  0.1940  1.6128 0.167  0.00 | edge_dev mean=0.0684 max=0.0949 gg=0.1810 shape_dev=0.2588 xbar=0.5285
# CONVTAG t=9920.00 rough=0.000000 cond=153.283494 evap=175.399032 backs=22.878135
# CANT t=9920.00 a_tag=0.0000 a_max=0.0000 xl_tag=0.5091 nlock=0 tune=0.443798
t= 9960.00 +3.38e-14 | 0.0031  0.00      0    0      0      0 | 0.0000  0.00 | 0.00e+00 0.00e+00 |   7.7527 1.0997  0.1712  1.6155 0.167  0.00 | edge_dev mean=0.0684 max=0.0949 gg=0.0000 shape_dev=0.2588 xbar=0.5168
# CONVTAG t=9960.00 rough=0.000000 cond=153.600601 evap=175.938004 backs=22.948435
# CANT t=9960.00 a_tag=0.0000 a_max=0.0000 xl_tag=0.5153 nlock=0 tune=0.443798
# QATOM t=9974.40 dir=FD w=0.86596536 e=0.158496067786 i=5 Em=1.8862
t=10000.00 +3.17e-14 | 0.0031  0.00      0    0      0      0 | 0.0000  0.00 | 0.00e+00 0.00e+00 |   7.6698 1.0879  0.1873  1.6136 0.167  0.00 | edge_dev mean=0.0684 max=0.0949 gg=0.0027 shape_dev=0.2588 xbar=0.5113
# CONVTAG t=10000.00 rough=0.000000 cond=154.296601 evap=176.821263 backs=23.063643
# CANT t=10000.00 a_tag=0.0000 a_max=0.0000 xl_tag=0.5074 nlock=0 tune=0.443798
t=10040.00 +3.07e-14 | 0.0032  0.00      0    0      0      0 | 0.0000  0.00 | 0.00e+00 0.00e+00 |   7.4916 1.0626  0.1648  1.6163 0.167  0.00 | edge_dev mean=0.0684 max=0.0949 gg=0.1238 shape_dev=0.2588 xbar=0.4994
# CONVTAG t=10040.00 rough=0.000000 cond=154.610206 evap=177.360185 backs=23.133937
# CANT t=10040.00 a_tag=0.0000 a_max=0.0000 xl_tag=0.5074 nlock=0 tune=0.443798
t=10080.00 +3.46e-14 | 0.0031  0.00      0    0      0      0 | 0.0000  0.00 | 0.00e+00 0.00e+00 |   8.0634 1.1437  0.1922  1.6130 0.167  0.00 | edge_dev mean=0.0684 max=0.0949 gg=0.1073 shape_dev=0.2588 xbar=0.5376
# CONVTAG t=10080.00 rough=0.000000 cond=155.916536 evap=178.290629 backs=23.255299
# CANT t=10080.00 a_tag=0.0000 a_max=0.0000 xl_tag=0.5102 nlock=0 tune=0.443798
t=10120.00 +3.52e-14 | 0.0031  0.00      0    0      0      0 | 0.0000  0.00 | 0.00e+00 0.00e+00 |   8.0392 1.1403  0.1443  1.6183 0.167  0.00 | edge_dev mean=0.0684 max=0.0949 gg=0.0872 shape_dev=0.2588 xbar=0.5359
# CONVTAG t=10120.00 rough=0.000000 cond=156.633827 evap=179.139718 backs=23.366050
# CANT t=10120.00 a_tag=0.0000 a_max=0.0000 xl_tag=0.5207 nlock=0 tune=0.443798
t=10160.00 +3.88e-14 | 0.0031  0.00      0    0      0      0 | 0.0000  0.00 | 0.00e+00 0.00e+00 |   7.7731 1.1026  0.1121  1.6211 0.167  0.00 | edge_dev mean=0.0684 max=0.0949 gg=0.0068 shape_dev=0.2588 xbar=0.5182
# CONVTAG t=10160.00 rough=0.000000 cond=157.134805 evap=179.981897 backs=23.475900
# CANT t=10160.00 a_tag=0.0000 a_max=0.0000 xl_tag=0.5223 nlock=0 tune=0.443798
t=10200.00 +3.93e-14 | 0.0031  0.00      0    0      0      0 | 0.0000  0.00 | 0.00e+00 0.00e+00 |   7.9762 1.1314  0.1602  1.6167 0.167  0.00 | edge_dev mean=0.0684 max=0.0949 gg=0.2097 shape_dev=0.2588 xbar=0.5317
# CONVTAG t=10200.00 rough=0.000000 cond=157.802849 evap=180.547071 backs=23.549618
# CANT t=10200.00 a_tag=0.0000 a_max=0.0000 xl_tag=0.5219 nlock=0 tune=0.443798
t=10240.00 +3.55e-14 | 0.0031  0.00      0    0      0      0 | 0.0000  0.00 | 0.00e+00 0.00e+00 |   7.6221 1.0811  0.1183  1.6205 0.167  0.00 | edge_dev mean=0.0684 max=0.0949 gg=0.1086 shape_dev=0.2588 xbar=0.5081
# CONVTAG t=10240.00 rough=0.000000 cond=158.529832 evap=181.737203 backs=23.704853
# CANT t=10240.00 a_tag=0.0000 a_max=0.0000 xl_tag=0.5148 nlock=0 tune=0.443798
t=10280.00 +3.96e-14 | 0.0031  0.00      0    0      0      0 | 0.0000  0.00 | 0.00e+00 0.00e+00 |   7.8447 1.1127  0.1068  1.6213 0.167  0.00 | edge_dev mean=0.0684 max=0.0949 gg=0.0619 shape_dev=0.2588 xbar=0.5230
# CONVTAG t=10280.00 rough=0.000000 cond=159.225173 evap=182.314227 backs=23.780117
# CANT t=10280.00 a_tag=0.0000 a_max=0.0000 xl_tag=0.5096 nlock=0 tune=0.443798
t=10320.00 +3.78e-14 | 0.0031  0.00      0    0      0      0 | 0.0000  0.00 | 0.00e+00 0.00e+00 |   7.7096 1.0936  0.1221  1.6202 0.167  0.00 | edge_dev mean=0.0684 max=0.0949 gg=0.0900 shape_dev=0.2588 xbar=0.5140
# CONVTAG t=10320.00 rough=0.000000 cond=160.139345 evap=183.500625 backs=23.934864
# CANT t=10320.00 a_tag=0.0000 a_max=0.0000 xl_tag=0.5091 nlock=0 tune=0.443798
t=10360.00 +4.18e-14 | 0.0031  0.00      0    0      0      0 | 0.0000  0.00 | 0.00e+00 0.00e+00 |   7.6198 1.0808  0.1411  1.6186 0.167  0.00 | edge_dev mean=0.0684 max=0.0949 gg=0.2786 shape_dev=0.2588 xbar=0.5080
# CONVTAG t=10360.00 rough=0.000000 cond=160.801330 evap=184.351776 backs=24.045884
# CANT t=10360.00 a_tag=0.0000 a_max=0.0000 xl_tag=0.5109 nlock=0 tune=0.443798
t=10400.00 +4.32e-14 | 0.0031  0.00      0    0      0      0 | 0.0000  0.00 | 0.00e+00 0.00e+00 |   7.6265 1.0818  0.1371  1.6189 0.167  0.00 | edge_dev mean=0.0684 max=0.0949 gg=0.1529 shape_dev=0.2588 xbar=0.5084
# CONVTAG t=10400.00 rough=0.000000 cond=161.304972 evap=184.924236 backs=24.120553
# CANT t=10400.00 a_tag=0.0000 a_max=0.0000 xl_tag=0.5082 nlock=0 tune=0.443798
t=10440.00 +4.60e-14 | 0.0031  0.00      0    0      0      0 | 0.0000  0.00 | 0.00e+00 0.00e+00 |   7.5476 1.0706  0.1579  1.6169 0.167  0.00 | edge_dev mean=0.0684 max=0.0949 gg=0.1050 shape_dev=0.2588 xbar=0.5032
# CONVTAG t=10440.00 rough=0.000000 cond=161.971937 evap=185.770095 backs=24.230882
# CANT t=10440.00 a_tag=0.0000 a_max=0.0000 xl_tag=0.5069 nlock=0 tune=0.443798
t=10480.00 +4.43e-14 | 0.0031  0.00      0    0      0      0 | 0.0000  0.00 | 0.00e+00 0.00e+00 |   7.5626 1.0727  0.1570  1.6170 0.167  0.00 | edge_dev mean=0.0684 max=0.0949 gg=0.1817 shape_dev=0.2588 xbar=0.5042
# CONVTAG t=10480.00 rough=0.000000 cond=162.483471 evap=186.343350 backs=24.305654
# CANT t=10480.00 a_tag=0.0000 a_max=0.0000 xl_tag=0.5031 nlock=0 tune=0.443798
t=10520.00 +4.38e-14 | 0.0031  0.00      0    0      0      0 | 0.0000  0.00 | 0.00e+00 0.00e+00 |   7.5779 1.0749  0.1690  1.6157 0.167  0.00 | edge_dev mean=0.0684 max=0.0949 gg=0.0623 shape_dev=0.2588 xbar=0.5052
# CONVTAG t=10520.00 rough=0.000000 cond=162.975361 evap=186.893738 backs=24.377444
# CANT t=10520.00 a_tag=0.0000 a_max=0.0000 xl_tag=0.5074 nlock=0 tune=0.443798
t=10560.00 +4.45e-14 | 0.0031  0.00      0    0      0      0 | 0.0000  0.00 | 0.00e+00 0.00e+00 |   7.7344 1.0971  0.1358  1.6190 0.167  0.00 | edge_dev mean=0.0684 max=0.0949 gg=0.0694 shape_dev=0.2588 xbar=0.5156
# CONVTAG t=10560.00 rough=0.000000 cond=163.879022 evap=187.776452 backs=24.492581
# CANT t=10560.00 a_tag=0.0000 a_max=0.0000 xl_tag=0.5038 nlock=0 tune=0.443798
t=10600.00 +4.43e-14 | 0.0031  0.00      0    0      0      0 | 0.0000  0.00 | 0.00e+00 0.00e+00 |   7.5653 1.0731  0.1133  1.6209 0.167  0.00 | edge_dev mean=0.0684 max=0.0949 gg=0.0739 shape_dev=0.2588 xbar=0.5044
# CONVTAG t=10600.00 rough=0.000000 cond=164.198512 evap=188.312948 backs=24.562558
# CANT t=10600.00 a_tag=0.0000 a_max=0.0000 xl_tag=0.5100 nlock=0 tune=0.443798
t=10640.00 +4.60e-14 | 0.0031  0.00      0    0      0      0 | 0.0000  0.00 | 0.00e+00 0.00e+00 |   7.5907 1.0767  0.1762  1.6149 0.167  0.00 | edge_dev mean=0.0684 max=0.0949 gg=0.1861 shape_dev=0.2588 xbar=0.5060
# CONVTAG t=10640.00 rough=0.000000 cond=165.276575 evap=189.527337 backs=24.720957
# CANT t=10640.00 a_tag=0.0000 a_max=0.0000 xl_tag=0.5025 nlock=0 tune=0.443798
t=10680.00 +4.80e-14 | 0.0032  0.00      0    0      0      0 | 0.0000  0.00 | 0.00e+00 0.00e+00 |   7.4149 1.0518  0.1484  1.6178 0.167  0.00 | edge_dev mean=0.0684 max=0.0949 gg=0.2066 shape_dev=0.2588 xbar=0.4943
# CONVTAG t=10680.00 rough=0.000000 cond=165.597140 evap=190.071802 backs=24.791974
# CANT t=10680.00 a_tag=0.0000 a_max=0.0000 xl_tag=0.4993 nlock=0 tune=0.443798
t=10720.00 +4.87e-14 | 0.0031  0.00      0    0      0      0 | 0.0000  0.00 | 0.00e+00 0.00e+00 |   7.5575 1.0720  0.2618  1.6029 0.167  0.00 | edge_dev mean=0.0684 max=0.0949 gg=0.1734 shape_dev=0.2588 xbar=0.5038
# CONVTAG t=10720.00 rough=0.000000 cond=166.532151 evap=191.004442 backs=24.913623
# CANT t=10720.00 a_tag=0.0000 a_max=0.0000 xl_tag=0.4990 nlock=0 tune=0.443798
t=10760.00 +5.04e-14 | 0.0031  0.00      0    0      0      0 | 0.0000  0.00 | 0.00e+00 0.00e+00 |   7.9501 1.1277  0.1654  1.6162 0.167  0.00 | edge_dev mean=0.0684 max=0.0949 gg=0.1444 shape_dev=0.2588 xbar=0.5300
# CONVTAG t=10760.00 rough=0.000000 cond=167.616137 evap=191.858479 backs=25.025019
# CANT t=10760.00 a_tag=0.0000 a_max=0.0000 xl_tag=0.5071 nlock=0 tune=0.443798
t=10800.00 +4.59e-14 | 0.0032  0.00      0    0      0      0 | 0.0000  0.00 | 0.00e+00 0.00e+00 |   7.4398 1.0553  0.1913  1.6132 0.167  0.00 | edge_dev mean=0.0684 max=0.0949 gg=0.0858 shape_dev=0.2588 xbar=0.4960
# CONVTAG t=10800.00 rough=0.000000 cond=167.931462 evap=192.731390 backs=25.138877
# CANT t=10800.00 a_tag=0.0000 a_max=0.0000 xl_tag=0.5137 nlock=0 tune=0.443798
t=10840.00 +4.30e-14 | 0.0031  0.00      0    0      0      0 | 0.0000  0.00 | 0.00e+00 0.00e+00 |   7.6915 1.0910  0.1587  1.6169 0.167  0.00 | edge_dev mean=0.0684 max=0.0949 gg=0.1653 shape_dev=0.2588 xbar=0.5128
# CONVTAG t=10840.00 rough=0.000000 cond=168.620922 evap=193.272569 backs=25.209465
# CANT t=10840.00 a_tag=0.0000 a_max=0.0000 xl_tag=0.5110 nlock=0 tune=0.443798
t=10880.00 +3.86e-14 | 0.0031  0.00      0    0      0      0 | 0.0000  0.00 | 0.00e+00 0.00e+00 |   7.6999 1.0922  0.1597  1.6168 0.167  0.00 | edge_dev mean=0.0684 max=0.0949 gg=0.1483 shape_dev=0.2588 xbar=0.5133
# CONVTAG t=10880.00 rough=0.000000 cond=169.097922 evap=193.812663 backs=25.279913
# CANT t=10880.00 a_tag=0.0000 a_max=0.0000 xl_tag=0.5148 nlock=0 tune=0.443798
t=10920.00 +3.33e-14 | 0.0031  0.00      0    0      0      0 | 0.0000  0.00 | 0.00e+00 0.00e+00 |   7.8355 1.1114  0.2141  1.6102 0.167  0.00 | edge_dev mean=0.0684 max=0.0949 gg=0.1276 shape_dev=0.2588 xbar=0.5224
# CONVTAG t=10920.00 rough=0.000000 cond=169.992015 evap=194.705272 backs=25.396340
# CANT t=10920.00 a_tag=0.0000 a_max=0.0000 xl_tag=0.5109 nlock=0 tune=0.443798
t=10960.00 +2.90e-14 | 0.0032  0.00      0    0      0      0 | 0.0000  0.00 | 0.00e+00 0.00e+00 |   7.0246 0.9964  0.1333  1.6192 0.167  0.00 | edge_dev mean=0.0684 max=0.0949 gg=0.0151 shape_dev=0.2588 xbar=0.4683
# CONVTAG t=10960.00 rough=0.000000 cond=170.306298 evap=195.877662 backs=25.549260
# CANT t=10960.00 a_tag=0.0000 a_max=0.0000 xl_tag=0.5119 nlock=0 tune=0.443798
t=11000.00 +2.69e-14 | 0.0032  0.00      0    0      0      0 | 0.0000  0.00 | 0.00e+00 0.00e+00 |   7.4412 1.0555  0.2836  1.5990 0.167  0.00 | edge_dev mean=0.0684 max=0.0949 gg=0.1375 shape_dev=0.2588 xbar=0.4961
# CONVTAG t=11000.00 rough=0.000000 cond=171.178465 evap=196.464045 backs=25.625745
# CANT t=11000.00 a_tag=0.0000 a_max=0.0000 xl_tag=0.5041 nlock=0 tune=0.443798
t=11040.00 +3.02e-14 | 0.0031  0.00      0    0      0      0 | 0.0000  0.00 | 0.00e+00 0.00e+00 |   7.7309 1.0966  0.1570  1.6170 0.167  0.00 | edge_dev mean=0.0684 max=0.0949 gg=0.1233 shape_dev=0.2588 xbar=0.5154
# CONVTAG t=11040.00 rough=0.000000 cond=171.898592 evap=197.002468 backs=25.695974
# CANT t=11040.00 a_tag=0.0000 a_max=0.0000 xl_tag=0.5088 nlock=0 tune=0.443798
t=11080.00 +2.62e-14 | 0.0032  0.00      0    0      0      0 | 0.0000  0.00 | 0.00e+00 0.00e+00 |   7.4435 1.0558  0.2247  1.6087 0.167  0.00 | edge_dev mean=0.0684 max=0.0949 gg=0.1709 shape_dev=0.2588 xbar=0.4962
# CONVTAG t=11080.00 rough=0.000000 cond=172.405701 evap=197.873106 backs=25.809536
# CANT t=11080.00 a_tag=0.0000 a_max=0.0000 xl_tag=0.5066 nlock=0 tune=0.443798
t=11120.00 +2.44e-14 | 0.0032  0.00      0    0      0      0 | 0.0000  0.00 | 0.00e+00 0.00e+00 |   7.5344 1.0687  0.1454  1.6183 0.167  0.00 | edge_dev mean=0.0682 max=0.0949 gg=0.2316 shape_dev=0.2592 xbar=0.5023
# CONVTAG t=11120.00 rough=0.000000 cond=173.257765 evap=198.762021 backs=25.925481
# CANT t=11120.00 a_tag=0.0001 a_max=0.0002 xl_tag=0.5017 nlock=0 tune=0.443800
t=11160.00 +2.39e-14 | 0.0031  0.00      0    0      0      0 | 0.0000  0.00 | 0.00e+00 0.00e+00 |   7.7815 1.1038  0.1469  1.6182 0.167  0.00 | edge_dev mean=0.0682 max=0.0949 gg=0.0654 shape_dev=0.2592 xbar=0.5188
# CONVTAG t=11160.00 rough=0.000000 cond=174.457903 evap=199.895051 backs=26.073267
# CANT t=11160.00 a_tag=0.0000 a_max=0.0001 xl_tag=0.5015 nlock=0 tune=0.443800
t=11200.00 +2.43e-14 | 0.0031  0.00      0    0      0      0 | 0.0000  0.00 | 0.00e+00 0.00e+00 |   7.7214 1.0952  0.1943  1.6129 0.167  0.00 | edge_dev mean=0.0682 max=0.0949 gg=0.0518 shape_dev=0.2592 xbar=0.5148
# CONVTAG t=11200.00 rough=0.000000 cond=175.116553 evap=200.712591 backs=26.179903
# CANT t=11200.00 a_tag=0.0000 a_max=0.0000 xl_tag=0.5036 nlock=0 tune=0.443800
# QATOM t=11207.40 dir=DF w=1.49698086 e=0.273989689375 i=5 Em=2.1318
t=11240.00 +2.51e-14 | 0.0032  0.00      0    0      0      0 | 0.0000  0.00 | 0.00e+00 0.00e+00 |   7.3710 1.0455  0.1670  1.6161 0.167  0.00 | edge_dev mean=0.0682 max=0.0949 gg=0.0540 shape_dev=0.2592 xbar=0.4914
# CONVTAG t=11240.00 rough=0.000000 cond=175.778351 evap=201.824101 backs=26.324883
# CANT t=11240.00 a_tag=0.0000 a_max=0.0000 xl_tag=0.5032 nlock=0 tune=0.443800
t=11280.00 +2.71e-14 | 0.0031  0.00      0    0      0      0 | 0.0000  0.00 | 0.00e+00 0.00e+00 |   7.7546 1.0999  0.1962  1.6127 0.167  0.00 | edge_dev mean=0.0682 max=0.0949 gg=0.0149 shape_dev=0.2592 xbar=0.5170
# CONVTAG t=11280.00 rough=0.000000 cond=176.589424 evap=202.373224 backs=26.396507
# CANT t=11280.00 a_tag=0.0000 a_max=0.0000 xl_tag=0.5032 nlock=0 tune=0.443800
t=11320.00 +2.65e-14 | 0.0032  0.00      0    0      0      0 | 0.0000  0.00 | 0.00e+00 0.00e+00 |   7.5000 1.0638  0.1300  1.6199 0.167  0.00 | edge_dev mean=0.0681 max=0.0949 gg=0.0003 shape_dev=0.2596 xbar=0.5000
# CONVTAG t=11320.00 rough=0.000000 cond=177.649725 evap=203.847214 backs=26.588767
# CANT t=11320.00 a_tag=0.0012 a_max=0.0035 xl_tag=0.4998 nlock=0 tune=0.444191
t=11360.00 +2.57e-14 | 0.0031  0.00      0    0      0      0 | 0.0000  0.00 | 0.00e+00 0.00e+00 |   7.7260 1.0959  0.1684  1.6159 0.167  0.00 | edge_dev mean=0.0681 max=0.0949 gg=0.1470 shape_dev=0.2596 xbar=0.5151
# CONVTAG t=11360.00 rough=0.000000 cond=178.317673 evap=204.389294 backs=26.659473
# CANT t=11360.00 a_tag=0.0005 a_max=0.0016 xl_tag=0.5047 nlock=0 tune=0.444191
t=11400.00 +2.27e-14 | 0.0032  0.00      0    0      0      0 | 0.0000  0.00 | 0.00e+00 0.00e+00 |   7.2919 1.0343  0.1543  1.6174 0.167  0.00 | edge_dev mean=0.0681 max=0.0949 gg=0.0673 shape_dev=0.2596 xbar=0.4861
# CONVTAG t=11400.00 rough=0.000000 cond=179.148731 evap=205.779131 backs=26.840756
# CANT t=11400.00 a_tag=0.0002 a_max=0.0007 xl_tag=0.5002 nlock=0 tune=0.444191
t=11440.00 +2.69e-14 | 0.0032  0.00      0    0      0      0 | 0.0000  0.00 | 0.00e+00 0.00e+00 |   7.3840 1.0474  0.1394  1.6189 0.167  0.00 | edge_dev mean=0.0681 max=0.0949 gg=0.0188 shape_dev=0.2596 xbar=0.4923
# CONVTAG t=11440.00 rough=0.000000 cond=179.949068 evap=206.607468 backs=26.948800
# CANT t=11440.00 a_tag=0.0001 a_max=0.0003 xl_tag=0.5014 nlock=0 tune=0.444191
t=11480.00 +2.89e-14 | 0.0032  0.00      0    0      0      0 | 0.0000  0.00 | 0.00e+00 0.00e+00 |   7.3033 1.0359  0.1612  1.6167 0.167  0.00 | edge_dev mean=0.0681 max=0.0949 gg=0.0884 shape_dev=0.2596 xbar=0.4869
# CONVTAG t=11480.00 rough=0.000000 cond=180.616844 evap=207.456031 backs=27.059482
# CANT t=11480.00 a_tag=0.0000 a_max=0.0001 xl_tag=0.4966 nlock=0 tune=0.444191
t=11520.00 +2.95e-14 | 0.0032  0.00      0    0      0      0 | 0.0000  0.00 | 0.00e+00 0.00e+00 |   7.2438 1.0275  0.1138  1.6211 0.167  0.00 | edge_dev mean=0.0681 max=0.0949 gg=0.0486 shape_dev=0.2596 xbar=0.4829
# CONVTAG t=11520.00 rough=0.000000 cond=181.274238 evap=208.271571 backs=27.165857
# CANT t=11520.00 a_tag=0.0000 a_max=0.0001 xl_tag=0.4957 nlock=0 tune=0.444191
t=11560.00 +2.91e-14 | 0.0032  0.00      0    0      0      0 | 0.0000  0.00 | 0.00e+00 0.00e+00 |   7.3175 1.0379  0.1591  1.6174 0.167  0.00 | edge_dev mean=0.0681 max=0.0949 gg=0.1845 shape_dev=0.2596 xbar=0.4878
# CONVTAG t=11560.00 rough=0.000000 cond=182.085624 evap=209.130992 backs=27.277955
# CANT t=11560.00 a_tag=0.0000 a_max=0.0000 xl_tag=0.4949 nlock=0 tune=0.444191
t=11600.00 +3.27e-14 | 0.0032  0.00      0    0      0      0 | 0.0000  0.00 | 0.00e+00 0.00e+00 |   7.4786 1.0608  0.1423  1.6186 0.167  0.00 | edge_dev mean=0.0681 max=0.0949 gg=0.0225 shape_dev=0.2596 xbar=0.4986
# CONVTAG t=11600.00 rough=0.000000 cond=182.942482 evap=209.955293 backs=27.385473
# CANT t=11600.00 a_tag=0.0000 a_max=0.0000 xl_tag=0.4994 nlock=0 tune=0.444191
t=11640.00 +3.02e-14 | 0.0032  0.00      0    0      0      0 | 0.0000  0.00 | 0.00e+00 0.00e+00 |   7.0979 1.0068  0.1611  1.6168 0.167  0.00 | edge_dev mean=0.0681 max=0.0949 gg=0.0568 shape_dev=0.2596 xbar=0.4732
# CONVTAG t=11640.00 rough=0.000000 cond=183.596449 evap=211.088018 backs=27.533220
# CANT t=11640.00 a_tag=0.0000 a_max=0.0000 xl_tag=0.4975 nlock=0 tune=0.444191
t=11680.00 +2.87e-14 | 0.0032  0.00      0    0      0      0 | 0.0000  0.00 | 0.00e+00 0.00e+00 |   7.4418 1.0556  0.1687  1.6159 0.167  0.00 | edge_dev mean=0.0681 max=0.0949 gg=0.1280 shape_dev=0.2596 xbar=0.4961
# CONVTAG t=11680.00 rough=0.000000 cond=184.594597 evap=211.891959 backs=27.638082
# CANT t=11680.00 a_tag=0.0000 a_max=0.0000 xl_tag=0.4988 nlock=0 tune=0.444191
t=11720.00 +2.85e-14 | 0.0031  0.00      0    0      0      0 | 0.0000  0.00 | 0.00e+00 0.00e+00 |   7.6386 1.0835  0.1723  1.6156 0.167  0.00 | edge_dev mean=0.0681 max=0.0949 gg=0.2012 shape_dev=0.2596 xbar=0.5092
# CONVTAG t=11720.00 rough=0.000000 cond=185.244792 evap=212.442872 backs=27.709940
# CANT t=11720.00 a_tag=0.0000 a_max=0.0000 xl_tag=0.4972 nlock=0 tune=0.444191
t=11760.00 +3.29e-14 | 0.0032  0.00      0    0      0      0 | 0.0000  0.00 | 0.00e+00 0.00e+00 |   7.4979 1.0635  0.1644  1.6163 0.167  0.00 | edge_dev mean=0.0681 max=0.0949 gg=0.0502 shape_dev=0.2596 xbar=0.4999
# CONVTAG t=11760.00 rough=0.000000 cond=186.106249 evap=213.574305 backs=27.857518
# CANT t=11760.00 a_tag=0.0000 a_max=0.0000 xl_tag=0.4986 nlock=0 tune=0.444191
t=11800.00 +3.53e-14 | 0.0032  0.00      0    0      0      0 | 0.0000  0.00 | 0.00e+00 0.00e+00 |   7.4123 1.0514  0.1499  1.6181 0.167  0.00 | edge_dev mean=0.0681 max=0.0949 gg=0.2053 shape_dev=0.2596 xbar=0.4942
# CONVTAG t=11800.00 rough=0.000000 cond=186.762087 evap=214.414057 backs=27.967051
# CANT t=11800.00 a_tag=0.0000 a_max=0.0000 xl_tag=0.5003 nlock=0 tune=0.444191
t=11840.00 +3.38e-14 | 0.0031  0.00      0    0      0      0 | 0.0000  0.00 | 0.00e+00 0.00e+00 |   7.7225 1.0954  0.1526  1.6177 0.167  0.00 | edge_dev mean=0.0681 max=0.0949 gg=0.1589 shape_dev=0.2596 xbar=0.5148
# CONVTAG t=11840.00 rough=0.000000 cond=187.746828 evap=215.236332 backs=28.074304
# CANT t=11840.00 a_tag=0.0000 a_max=0.0000 xl_tag=0.5001 nlock=0 tune=0.444191
t=11880.00 +3.46e-14 | 0.0032  0.00      0    0      0      0 | 0.0000  0.00 | 0.00e+00 0.00e+00 |   7.1469 1.0137  0.1176  1.6210 0.167  0.00 | edge_dev mean=0.0681 max=0.0949 gg=0.2809 shape_dev=0.2596 xbar=0.4765
# CONVTAG t=11880.00 rough=0.000000 cond=188.228923 evap=216.366341 backs=28.221697
# CANT t=11880.00 a_tag=0.0000 a_max=0.0000 xl_tag=0.4979 nlock=0 tune=0.444191
t=11920.00 +3.65e-14 | 0.0032  0.00      0    0      0      0 | 0.0000  0.00 | 0.00e+00 0.00e+00 |   7.4556 1.0575  0.1941  1.6129 0.167  0.00 | edge_dev mean=0.0681 max=0.0949 gg=0.1592 shape_dev=0.2596 xbar=0.4970
# CONVTAG t=11920.00 rough=0.000000 cond=189.217685 evap=217.194729 backs=28.329747
# CANT t=11920.00 a_tag=0.0000 a_max=0.0000 xl_tag=0.4951 nlock=0 tune=0.444191
t=11960.00 +3.88e-14 | 0.0032  0.00      0    0      0      0 | 0.0000  0.00 | 0.00e+00 0.00e+00 |   7.3911 1.0484  0.1459  1.6183 0.167  0.00 | edge_dev mean=0.0681 max=0.0949 gg=0.0654 shape_dev=0.2596 xbar=0.4927
# CONVTAG t=11960.00 rough=0.000000 cond=189.874380 evap=218.014460 backs=28.436669
# CANT t=11960.00 a_tag=0.0000 a_max=0.0000 xl_tag=0.4949 nlock=0 tune=0.444191
t=12000.00 +4.13e-14 | 0.0031  0.00      0    0      0      0 | 0.0000  0.00 | 0.00e+00 0.00e+00 |   7.6843 1.0900  0.2418  1.6066 0.167  0.00 | edge_dev mean=0.0678 max=0.0949 gg=0.0352 shape_dev=0.2607 xbar=0.5123
# CONVTAG t=12000.00 rough=0.000000 cond=191.185996 evap=219.229631 backs=28.595169
# CANT t=12000.00 a_tag=0.0003 a_max=0.0010 xl_tag=0.4999 nlock=0 tune=0.444764
t=12040.00 +4.46e-14 | 0.0031  0.00      0    0      0      0 | 0.0000  0.00 | 0.00e+00 0.00e+00 |   7.6144 1.0801  0.1960  1.6131 0.167  0.00 | edge_dev mean=0.0678 max=0.0949 gg=0.0284 shape_dev=0.2607 xbar=0.5076
# CONVTAG t=12040.00 rough=0.000000 cond=191.834641 evap=220.045396 backs=28.701573
# CANT t=12040.00 a_tag=0.0002 a_max=0.0005 xl_tag=0.5091 nlock=0 tune=0.444764
t=12080.00 +4.71e-14 | 0.0031  0.00      0    0      0      0 | 0.0000  0.00 | 0.00e+00 0.00e+00 |   7.5771 1.0748  0.2432  1.6063 0.167  0.00 | edge_dev mean=0.0678 max=0.0949 gg=0.0186 shape_dev=0.2607 xbar=0.5051
# CONVTAG t=12080.00 rough=0.000000 cond=192.831935 evap=221.229610 backs=28.856036
# CANT t=12080.00 a_tag=0.0001 a_max=0.0002 xl_tag=0.5036 nlock=0 tune=0.444764
t=12120.00 +4.43e-14 | 0.0031  0.00      0    0      0      0 | 0.0000  0.00 | 0.00e+00 0.00e+00 |   7.7338 1.0970  0.1716  1.6159 0.167  0.00 | edge_dev mean=0.0678 max=0.0949 gg=0.1412 shape_dev=0.2607 xbar=0.5156
# CONVTAG t=12120.00 rough=0.000000 cond=193.674327 evap=222.041692 backs=28.961960
# CANT t=12120.00 a_tag=0.0000 a_max=0.0001 xl_tag=0.5044 nlock=0 tune=0.444764
t=12160.00 +4.66e-14 | 0.0031  0.00      0    0      0      0 | 0.0000  0.00 | 0.00e+00 0.00e+00 |   7.5816 1.0754  0.2729  1.6014 0.167  0.00 | edge_dev mean=0.0678 max=0.0949 gg=0.0895 shape_dev=0.2607 xbar=0.5054
# CONVTAG t=12160.00 rough=0.000000 cond=194.526640 evap=223.174056 backs=29.109659
# CANT t=12160.00 a_tag=0.0000 a_max=0.0000 xl_tag=0.4997 nlock=0 tune=0.444764
t=12200.00 +5.15e-14 | 0.0031  0.00      0    0      0      0 | 0.0000  0.00 | 0.00e+00 0.00e+00 |   7.7005 1.0923  0.2508  1.6051 0.167  0.00 | edge_dev mean=0.0678 max=0.0949 gg=0.0000 shape_dev=0.2607 xbar=0.5134
# CONVTAG t=12200.00 rough=0.000000 cond=195.339049 evap=223.989448 backs=29.216015
# CANT t=12200.00 a_tag=0.0000 a_max=0.0000 xl_tag=0.5047 nlock=0 tune=0.444764
# QATOM t=12209.22 dir=DF w=1.46902952 e=0.268873805645 i=5 Em=2.0294
t=12240.00 +5.31e-14 | 0.0031  0.00      0    0      0      0 | 0.0000  0.00 | 0.00e+00 0.00e+00 |   7.5588 1.0722  0.1897  1.6138 0.167  0.00 | edge_dev mean=0.0678 max=0.0949 gg=0.0336 shape_dev=0.2607 xbar=0.5039
# CONVTAG t=12240.00 rough=0.000000 cond=196.176361 evap=225.093984 backs=29.360085
# CANT t=12240.00 a_tag=0.0000 a_max=0.0000 xl_tag=0.5045 nlock=0 tune=0.444764
t=12280.00 +5.23e-14 | 0.0031  0.00      0    0      0      0 | 0.0000  0.00 | 0.00e+00 0.00e+00 |   7.7418 1.0981  0.1886  1.6139 0.167  0.00 | edge_dev mean=0.0678 max=0.0949 gg=0.1760 shape_dev=0.2607 xbar=0.5161
# CONVTAG t=12280.00 rough=0.000000 cond=196.824522 evap=225.656450 backs=29.433450
# CANT t=12280.00 a_tag=0.0000 a_max=0.0000 xl_tag=0.5033 nlock=0 tune=0.444764
t=12320.00 +5.09e-14 | 0.0032  0.00      0    0      0      0 | 0.0000  0.00 | 0.00e+00 0.00e+00 |   7.3938 1.0488  0.1594  1.6173 0.167  0.00 | edge_dev mean=0.0678 max=0.0949 gg=0.1806 shape_dev=0.2607 xbar=0.4929
# CONVTAG t=12320.00 rough=0.000000 cond=197.496677 evap=226.777393 backs=29.579660
# CANT t=12320.00 a_tag=0.0000 a_max=0.0000 xl_tag=0.5010 nlock=0 tune=0.444764
t=12360.00 +5.65e-14 | 0.0031  0.00      0    0      0      0 | 0.0000  0.00 | 0.00e+00 0.00e+00 |   7.6700 1.0879  0.2035  1.6121 0.167  0.00 | edge_dev mean=0.0678 max=0.0949 gg=0.0981 shape_dev=0.2607 xbar=0.5113
# CONVTAG t=12360.00 rough=0.000000 cond=198.513527 evap=227.670552 backs=29.696159
# CANT t=12360.00 a_tag=0.0000 a_max=0.0000 xl_tag=0.4980 nlock=0 tune=0.444764
t=12400.00 +6.13e-14 | 0.0031  0.00      0    0      0      0 | 0.0000  0.00 | 0.00e+00 0.00e+00 |   7.6790 1.0892  0.2111  1.6111 0.167  0.00 | edge_dev mean=0.0678 max=0.0949 gg=0.1664 shape_dev=0.2607 xbar=0.5119
# CONVTAG t=12400.00 rough=0.000000 cond=199.744870 evap=229.077636 backs=29.879692
# CANT t=12400.00 a_tag=0.0000 a_max=0.0000 xl_tag=0.4996 nlock=0 tune=0.444764
t=12440.00 +5.93e-14 | 0.0031  0.00      0    0      0      0 | 0.0000  0.00 | 0.00e+00 0.00e+00 |   7.6835 1.0899  0.2433  1.6064 0.167  0.00 | edge_dev mean=0.0678 max=0.0949 gg=0.0000 shape_dev=0.2607 xbar=0.5122
# CONVTAG t=12440.00 rough=0.000000 cond=200.230353 evap=229.631372 backs=29.951918
# CANT t=12440.00 a_tag=0.0000 a_max=0.0000 xl_tag=0.5109 nlock=0 tune=0.444764
t=12480.00 +5.48e-14 | 0.0031  0.00      0    0      0      0 | 0.0000  0.00 | 0.00e+00 0.00e+00 |   7.7014 1.0924  0.2106  1.6112 0.167  0.00 | edge_dev mean=0.0678 max=0.0949 gg=0.0400 shape_dev=0.2607 xbar=0.5134
# CONVTAG t=12480.00 rough=0.000000 cond=201.219568 evap=230.751054 backs=30.097964
# CANT t=12480.00 a_tag=0.0000 a_max=0.0000 xl_tag=0.5093 nlock=0 tune=0.444764
t=12520.00 +5.98e-14 | 0.0032  0.00      0    0      0      0 | 0.0000  0.00 | 0.00e+00 0.00e+00 |   7.4250 1.0532  0.2001  1.6126 0.167  0.00 | edge_dev mean=0.0678 max=0.0949 gg=0.0014 shape_dev=0.2607 xbar=0.4950
# CONVTAG t=12520.00 rough=0.000000 cond=201.696612 evap=231.576102 backs=30.205579
# CANT t=12520.00 a_tag=0.0000 a_max=0.0000 xl_tag=0.5089 nlock=0 tune=0.444764
t=12560.00 +6.07e-14 | 0.0032  0.00      0    0      0      0 | 0.0000  0.00 | 0.00e+00 0.00e+00 |   7.4177 1.0522  0.1243  1.6207 0.167  0.00 | edge_dev mean=0.0678 max=0.0949 gg=0.0139 shape_dev=0.2607 xbar=0.4945
# CONVTAG t=12560.00 rough=0.000000 cond=202.719490 evap=232.759689 backs=30.359959
# CANT t=12560.00 a_tag=0.0000 a_max=0.0000 xl_tag=0.5026 nlock=0 tune=0.444764
t=12600.00 +6.43e-14 | 0.0031  0.00      0    0      0      0 | 0.0000  0.00 | 0.00e+00 0.00e+00 |   7.5917 1.0768  0.1617  1.6170 0.167  0.00 | edge_dev mean=0.0678 max=0.0949 gg=0.1550 shape_dev=0.2607 xbar=0.5061
# CONVTAG t=12600.00 rough=0.000000 cond=203.576116 evap=233.570883 backs=30.465767
# CANT t=12600.00 a_tag=0.0000 a_max=0.0000 xl_tag=0.5065 nlock=0 tune=0.444764
t=12640.00 +6.35e-14 | 0.0031  0.00      0    0      0      0 | 0.0000  0.00 | 0.00e+00 0.00e+00 |   7.6905 1.0908  0.1567  1.6176 0.167  0.00 | edge_dev mean=0.0678 max=0.0949 gg=0.1886 shape_dev=0.2607 xbar=0.5127
# CONVTAG t=12640.00 rough=0.000000 cond=204.392830 evap=234.411300 backs=30.575387
# CANT t=12640.00 a_tag=0.0000 a_max=0.0000 xl_tag=0.5075 nlock=0 tune=0.444764
t=12680.00 +6.33e-14 | 0.0031  0.00      0    0      0      0 | 0.0000  0.00 | 0.00e+00 0.00e+00 |   7.5619 1.0726  0.1797  1.6150 0.167  0.00 | edge_dev mean=0.0678 max=0.0949 gg=0.1020 shape_dev=0.2607 xbar=0.5041
# CONVTAG t=12680.00 rough=0.000000 cond=205.232584 evap=235.505573 backs=30.718118
# CANT t=12680.00 a_tag=0.0000 a_max=0.0000 xl_tag=0.5041 nlock=0 tune=0.444764
t=12720.00 +6.85e-14 | 0.0032  0.00      0    0      0      0 | 0.0000  0.00 | 0.00e+00 0.00e+00 |   7.3735 1.0459  0.1856  1.6144 0.167  0.00 | edge_dev mean=0.0678 max=0.0949 gg=0.0554 shape_dev=0.2607 xbar=0.4916
# CONVTAG t=12720.00 rough=0.000000 cond=206.053700 evap=236.638216 backs=30.865854
# CANT t=12720.00 a_tag=0.0000 a_max=0.0000 xl_tag=0.5040 nlock=0 tune=0.444764
t=12760.00 +7.06e-14 | 0.0032  0.00      0    0      0      0 | 0.0000  0.00 | 0.00e+00 0.00e+00 |   7.4944 1.0630  0.1893  1.6139 0.167  0.00 | edge_dev mean=0.0678 max=0.0949 gg=0.2695 shape_dev=0.2607 xbar=0.4996
# CONVTAG t=12760.00 rough=0.000000 cond=206.923734 evap=237.517901 backs=30.980596
# CANT t=12760.00 a_tag=0.0000 a_max=0.0000 xl_tag=0.4981 nlock=0 tune=0.444764
t=12800.00 +7.20e-14 | 0.0032  0.00      0    0      0      0 | 0.0000  0.00 | 0.00e+00 0.00e+00 |   7.2289 1.0254  0.1764  1.6154 0.167  0.00 | edge_dev mean=0.0678 max=0.0949 gg=0.0001 shape_dev=0.2607 xbar=0.4819
# CONVTAG t=12800.00 rough=0.000000 cond=207.401080 evap=238.332378 backs=31.086832
# CANT t=12800.00 a_tag=0.0000 a_max=0.0000 xl_tag=0.4982 nlock=0 tune=0.444764
t=12840.00 +7.40e-14 | 0.0031  0.00      0    0      0      0 | 0.0000  0.00 | 0.00e+00 0.00e+00 |   7.5646 1.0730  0.1919  1.6135 0.167  0.00 | edge_dev mean=0.0678 max=0.0949 gg=0.0982 shape_dev=0.2607 xbar=0.5043
# CONVTAG t=12840.00 rough=0.000000 cond=208.441685 evap=239.193300 backs=31.199126
# CANT t=12840.00 a_tag=0.0000 a_max=0.0000 xl_tag=0.4972 nlock=0 tune=0.444764
t=12880.00 +8.05e-14 | 0.0031  0.00      0    0      0      0 | 0.0000  0.00 | 0.00e+00 0.00e+00 |   7.9384 1.1260  0.2247  1.6091 0.167  0.00 | edge_dev mean=0.0678 max=0.0949 gg=0.0417 shape_dev=0.2607 xbar=0.5292
# CONVTAG t=12880.00 rough=0.000000 cond=209.244429 evap=239.742666 backs=31.270782
# CANT t=12880.00 a_tag=0.0000 a_max=0.0000 xl_tag=0.5029 nlock=0 tune=0.444764
t=12920.00 +8.16e-14 | 0.0032  0.00      0    0      0      0 | 0.0000  0.00 | 0.00e+00 0.00e+00 |   7.3188 1.0381  0.2538  1.6046 0.167  0.00 | edge_dev mean=0.0678 max=0.0949 gg=0.0633 shape_dev=0.2607 xbar=0.4879
# CONVTAG t=12920.00 rough=0.000000 cond=209.919911 evap=241.139101 backs=31.452926
# CANT t=12920.00 a_tag=0.0000 a_max=0.0000 xl_tag=0.4967 nlock=0 tune=0.444764
t=12960.00 +7.97e-14 | 0.0032  0.00      0    0      0      0 | 0.0000  0.00 | 0.00e+00 0.00e+00 |   7.5191 1.0665  0.2457  1.6059 0.167  0.00 | edge_dev mean=0.0678 max=0.0949 gg=0.0012 shape_dev=0.2607 xbar=0.5013
# CONVTAG t=12960.00 rough=0.000000 cond=210.569091 evap=241.685382 backs=31.524180
# CANT t=12960.00 a_tag=0.0000 a_max=0.0000 xl_tag=0.4991 nlock=0 tune=0.444764
t=13000.00 +8.41e-14 | 0.0031  0.00      0    0      0      0 | 0.0000  0.00 | 0.00e+00 0.00e+00 |   7.7684 1.1019  0.2430  1.6063 0.167  0.00 | edge_dev mean=0.0678 max=0.0949 gg=0.0008 shape_dev=0.2607 xbar=0.5179
# CONVTAG t=13000.00 rough=0.000000 cond=211.764905 evap=242.811240 backs=31.671031
# CANT t=13000.00 a_tag=0.0000 a_max=0.0000 xl_tag=0.4977 nlock=0 tune=0.444764
t=13040.00 +8.46e-14 | 0.0032  0.00      0    0      0      0 | 0.0000  0.00 | 0.00e+00 0.00e+00 |   7.5215 1.0669  0.2336  1.6078 0.167  0.00 | edge_dev mean=0.0678 max=0.0949 gg=0.2244 shape_dev=0.2607 xbar=0.5014
# CONVTAG t=13040.00 rough=0.000000 cond=212.255068 evap=243.621816 backs=31.776759
# CANT t=13040.00 a_tag=0.0000 a_max=0.0000 xl_tag=0.5022 nlock=0 tune=0.444764
t=13080.00 +7.91e-14 | 0.0031  0.00      0    0      0      0 | 0.0000  0.00 | 0.00e+00 0.00e+00 |   7.8049 1.1071  0.2084  1.6114 0.167  0.00 | edge_dev mean=0.0678 max=0.0949 gg=0.0706 shape_dev=0.2607 xbar=0.5203
# CONVTAG t=13080.00 rough=0.000000 cond=213.529172 evap=244.803642 backs=31.930910
# CANT t=13080.00 a_tag=0.0000 a_max=0.0000 xl_tag=0.4991 nlock=0 tune=0.444764
t=13120.00 +7.86e-14 | 0.0031  0.00      0    0      0      0 | 0.0000  0.00 | 0.00e+00 0.00e+00 |   7.7197 1.0950  0.1567  1.6176 0.167  0.00 | edge_dev mean=0.0678 max=0.0949 gg=0.1118 shape_dev=0.2607 xbar=0.5146
# CONVTAG t=13120.00 rough=0.000000 cond=214.166414 evap=245.621680 backs=32.037610
# CANT t=13120.00 a_tag=0.0000 a_max=0.0000 xl_tag=0.5071 nlock=0 tune=0.444764
t=13160.00 +7.83e-14 | 0.0031  0.00      0    0      0      0 | 0.0000  0.00 | 0.00e+00 0.00e+00 |   7.7393 1.0978  0.2266  1.6089 0.167  0.00 | edge_dev mean=0.0678 max=0.0949 gg=0.0164 shape_dev=0.2607 xbar=0.5160
# CONVTAG t=13160.00 rough=0.000000 cond=215.167024 evap=246.752740 backs=32.185140
# CANT t=13160.00 a_tag=0.0000 a_max=0.0000 xl_tag=0.5056 nlock=0 tune=0.444764
t=13200.00 +8.25e-14 | 0.0032  0.00      0    0      0      0 | 0.0000  0.00 | 0.00e+00 0.00e+00 |   7.4926 1.0628  0.2187  1.6101 0.167  0.00 | edge_dev mean=0.0678 max=0.0949 gg=0.2133 shape_dev=0.2607 xbar=0.4995
# CONVTAG t=13200.00 rough=0.000000 cond=215.656079 evap=247.561893 backs=32.290682
# CANT t=13200.00 a_tag=0.0000 a_max=0.0000 xl_tag=0.5071 nlock=0 tune=0.444764
# QATOM t=13204.70 dir=FD w=0.917198307 e=0.167873140986 i=1 Em=1.6645
t=13240.00 +8.74e-14 | 0.0031  0.00      0    0      0      0 | 0.0000  0.00 | 0.00e+00 0.00e+00 |   7.8267 1.1102  0.2297  1.6084 0.167  0.00 | edge_dev mean=0.0678 max=0.0949 gg=0.0056 shape_dev=0.2607 xbar=0.5218
# CONVTAG t=13240.00 rough=0.000000 cond=216.699928 evap=248.428212 backs=32.403680
# CANT t=13240.00 a_tag=0.0000 a_max=0.0000 xl_tag=0.5045 nlock=0 tune=0.444764
t=13280.00 +8.80e-14 | 0.0031  0.00      0    0      0      0 | 0.0000  0.00 | 0.00e+00 0.00e+00 |   7.8510 1.1136  0.2145  1.6105 0.167  0.00 | edge_dev mean=0.0678 max=0.0949 gg=0.1573 shape_dev=0.2607 xbar=0.5234
# CONVTAG t=13280.00 rough=0.000000 cond=217.715665 evap=249.572041 backs=32.552875
# CANT t=13280.00 a_tag=0.0000 a_max=0.0000 xl_tag=0.5061 nlock=0 tune=0.444764
t=13320.00 +9.09e-14 | 0.0031  0.00      0    0      0      0 | 0.0000  0.00 | 0.00e+00 0.00e+00 |   7.7049 1.0929  0.1561  1.6176 0.167  0.00 | edge_dev mean=0.0678 max=0.0949 gg=0.2025 shape_dev=0.2607 xbar=0.5137
# CONVTAG t=13320.00 rough=0.000000 cond=218.553150 evap=250.681194 backs=32.697547
# CANT t=13320.00 a_tag=0.0000 a_max=0.0000 xl_tag=0.5051 nlock=0 tune=0.444764
t=13360.00 +9.09e-14 | 0.0031  0.00      0    0      0      0 | 0.0000  0.00 | 0.00e+00 0.00e+00 |   7.7146 1.0943  0.1866  1.6142 0.167  0.00 | edge_dev mean=0.0678 max=0.0949 gg=0.0364 shape_dev=0.2607 xbar=0.5143
# CONVTAG t=13360.00 rough=0.000000 cond=219.041191 evap=251.232759 backs=32.769490
# CANT t=13360.00 a_tag=0.0000 a_max=0.0000 xl_tag=0.5050 nlock=0 tune=0.444764
t=13400.00 +9.35e-14 | 0.0032  0.00      0    0      0      0 | 0.0000  0.00 | 0.00e+00 0.00e+00 |   7.3323 1.0400  0.1049  1.6222 0.167  0.00 | edge_dev mean=0.0678 max=0.0949 gg=0.1396 shape_dev=0.2607 xbar=0.4888
# CONVTAG t=13400.00 rough=0.000000 cond=219.686835 evap=252.357562 backs=32.916204
# CANT t=13400.00 a_tag=0.0000 a_max=0.0000 xl_tag=0.5045 nlock=0 tune=0.444764
t=13440.00 +9.25e-14 | 0.0031  0.00      0    0      0      0 | 0.0000  0.00 | 0.00e+00 0.00e+00 |   7.6757 1.0888  0.2692  1.6020 0.167  0.00 | edge_dev mean=0.0678 max=0.0949 gg=0.1449 shape_dev=0.2607 xbar=0.5117
# CONVTAG t=13440.00 rough=0.000000 cond=220.697745 evap=253.176689 backs=33.023046
# CANT t=13440.00 a_tag=0.0000 a_max=0.0000 xl_tag=0.5059 nlock=0 tune=0.444764
t=13480.00 +9.46e-14 | 0.0032  0.00      0    0      0      0 | 0.0000  0.00 | 0.00e+00 0.00e+00 |   7.3011 1.0356  0.1774  1.6154 0.167  0.00 | edge_dev mean=0.0678 max=0.0949 gg=0.0991 shape_dev=0.2607 xbar=0.4867
# CONVTAG t=13480.00 rough=0.000000 cond=221.343883 evap=254.294381 backs=33.168832
# CANT t=13480.00 a_tag=0.0000 a_max=0.0000 xl_tag=0.5040 nlock=0 tune=0.444764
t=13520.00 +9.93e-14 | 0.0032  0.00      0    0      0      0 | 0.0000  0.00 | 0.00e+00 0.00e+00 |   7.5243 1.0673  0.1921  1.6135 0.167  0.00 | edge_dev mean=0.0678 max=0.0949 gg=0.0117 shape_dev=0.2607 xbar=0.5016
# CONVTAG t=13520.00 rough=0.000000 cond=222.548671 evap=255.456666 backs=33.320435
# CANT t=13520.00 a_tag=0.0000 a_max=0.0000 xl_tag=0.5018 nlock=0 tune=0.444764
t=13560.00 +1.03e-13 | 0.0032  0.00      0    0      0      0 | 0.0000  0.00 | 0.00e+00 0.00e+00 |   7.4427 1.0557  0.2173  1.6102 0.167  0.00 | edge_dev mean=0.0678 max=0.0949 gg=0.0215 shape_dev=0.2607 xbar=0.4962
# CONVTAG t=13560.00 rough=0.000000 cond=223.218000 evap=256.308039 backs=33.431483
# CANT t=13560.00 a_tag=0.0000 a_max=0.0000 xl_tag=0.4975 nlock=0 tune=0.444764
t=13600.00 +1.04e-13 | 0.0032  0.00      0    0      0      0 | 0.0000  0.00 | 0.00e+00 0.00e+00 |   7.3842 1.0474  0.1675  1.6164 0.167  0.00 | edge_dev mean=0.0678 max=0.0949 gg=0.1668 shape_dev=0.2607 xbar=0.4923
# CONVTAG t=13600.00 rough=0.000000 cond=223.873308 evap=257.120069 backs=33.537400
# CANT t=13600.00 a_tag=0.0000 a_max=0.0000 xl_tag=0.4958 nlock=0 tune=0.444764
t=13640.00 +1.05e-13 | 0.0032  0.00      0    0      0      0 | 0.0000  0.00 | 0.00e+00 0.00e+00 |   7.3059 1.0363  0.2210  1.6097 0.167  0.00 | edge_dev mean=0.0678 max=0.0949 gg=0.2029 shape_dev=0.2607 xbar=0.4871
# CONVTAG t=13640.00 rough=0.000000 cond=224.522458 evap=257.944887 backs=33.644985
# CANT t=13640.00 a_tag=0.0000 a_max=0.0000 xl_tag=0.4953 nlock=0 tune=0.444764
t=13680.00 +1.03e-13 | 0.0032  0.00      0    0      0      0 | 0.0000  0.00 | 0.00e+00 0.00e+00 |   7.5329 1.0685  0.2200  1.6098 0.167  0.00 | edge_dev mean=0.0678 max=0.0949 gg=0.0862 shape_dev=0.2607 xbar=0.5022
# CONVTAG t=13680.00 rough=0.000000 cond=225.708443 evap=259.081799 backs=33.793278
# CANT t=13680.00 a_tag=0.0000 a_max=0.0000 xl_tag=0.4963 nlock=0 tune=0.444764
t=13720.00 +1.02e-13 | 0.0031  0.00      0    0      0      0 | 0.0000  0.00 | 0.00e+00 0.00e+00 |   7.5482 1.0707  0.2543  1.6045 0.167  0.00 | edge_dev mean=0.0678 max=0.0949 gg=0.1451 shape_dev=0.2607 xbar=0.5032
# CONVTAG t=13720.00 rough=0.000000 cond=226.189362 evap=259.619529 backs=33.863417
# CANT t=13720.00 a_tag=0.0000 a_max=0.0000 xl_tag=0.5022 nlock=0 tune=0.444764
t=13760.00 +1.03e-13 | 0.0032  0.00      0    0      0      0 | 0.0000  0.00 | 0.00e+00 0.00e+00 |   7.3953 1.0490  0.1904  1.6137 0.167  0.00 | edge_dev mean=0.0678 max=0.0949 gg=0.1472 shape_dev=0.2607 xbar=0.4930
# CONVTAG t=13760.00 rough=0.000000 cond=227.033067 evap=260.742742 backs=34.009923
# CANT t=13760.00 a_tag=0.0000 a_max=0.0000 xl_tag=0.4955 nlock=0 tune=0.444764
t=13800.00 +1.09e-13 | 0.0032  0.00      0    0      0      0 | 0.0000  0.00 | 0.00e+00 0.00e+00 |   7.4966 1.0633  0.1707  1.6160 0.167  0.00 | edge_dev mean=0.0678 max=0.0949 gg=0.1813 shape_dev=0.2607 xbar=0.4998
# CONVTAG t=13800.00 rough=0.000000 cond=227.830774 evap=261.558814 backs=34.116367
# CANT t=13800.00 a_tag=0.0000 a_max=0.0000 xl_tag=0.4979 nlock=0 tune=0.444764
t=13840.00 +1.11e-13 | 0.0032  0.00      0    0      0      0 | 0.0000  0.00 | 0.00e+00 0.00e+00 |   7.3048 1.0361  0.2563  1.6041 0.167  0.00 | edge_dev mean=0.0678 max=0.0949 gg=0.0000 shape_dev=0.2607 xbar=0.4870
# CONVTAG t=13840.00 rough=0.000000 cond=228.706481 evap=262.757614 backs=34.272732
# CANT t=13840.00 a_tag=0.0000 a_max=0.0000 xl_tag=0.4946 nlock=0 tune=0.444764
t=13880.00 +1.09e-13 | 0.0032  0.00      0    0      0      0 | 0.0000  0.00 | 0.00e+00 0.00e+00 |   7.1506 1.0143  0.1767  1.6155 0.167  0.00 | edge_dev mean=0.0678 max=0.0949 gg=0.0017 shape_dev=0.2607 xbar=0.4767
# CONVTAG t=13880.00 rough=0.000000 cond=229.789113 evap=264.156886 backs=34.455246
# CANT t=13880.00 a_tag=0.0000 a_max=0.0000 xl_tag=0.5059 nlock=0 tune=0.444764
t=13920.00 +1.16e-13 | 0.0031  0.00      0    0      0      0 | 0.0000  0.00 | 0.00e+00 0.00e+00 |   7.5512 1.0711  0.2057  1.6118 0.167  0.00 | edge_dev mean=0.0678 max=0.0949 gg=0.0017 shape_dev=0.2607 xbar=0.5034
# CONVTAG t=13920.00 rough=0.000000 cond=230.621437 evap=264.713465 backs=34.527843
# CANT t=13920.00 a_tag=0.0000 a_max=0.0000 xl_tag=0.5050 nlock=0 tune=0.444764
t=13960.00 +1.17e-13 | 0.0032  0.00      0    0      0      0 | 0.0000  0.00 | 0.00e+00 0.00e+00 |   7.4734 1.0601  0.2262  1.6090 0.167  0.00 | edge_dev mean=0.0678 max=0.0949 gg=0.1084 shape_dev=0.2607 xbar=0.4982
# CONVTAG t=13960.00 rough=0.000000 cond=231.264834 evap=265.531204 backs=34.634505
# CANT t=13960.00 a_tag=0.0000 a_max=0.0000 xl_tag=0.5090 nlock=0 tune=0.444764
t=14000.00 +1.16e-13 | 0.0031  0.00      0    0      0      0 | 0.0000  0.00 | 0.00e+00 0.00e+00 |   7.5860 1.0760  0.2080  1.6115 0.167  0.00 | edge_dev mean=0.0678 max=0.0949 gg=0.0015 shape_dev=0.2607 xbar=0.5057
# CONVTAG t=14000.00 rough=0.000000 cond=232.104005 evap=266.383632 backs=34.745691
# CANT t=14000.00 a_tag=0.0000 a_max=0.0000 xl_tag=0.5054 nlock=0 tune=0.444764
t=14040.00 +1.18e-13 | 0.0031  0.00      0    0      0      0 | 0.0000  0.00 | 0.00e+00 0.00e+00 |   7.6110 1.0796  0.1942  1.6133 0.167  0.00 | edge_dev mean=0.0678 max=0.0949 gg=0.0000 shape_dev=0.2607 xbar=0.5074
# CONVTAG t=14040.00 rough=0.000000 cond=233.120708 evap=267.527840 backs=34.894936
# CANT t=14040.00 a_tag=0.0000 a_max=0.0000 xl_tag=0.5025 nlock=0 tune=0.444764
t=14080.00 +1.18e-13 | 0.0031  0.00      0    0      0      0 | 0.0000  0.00 | 0.00e+00 0.00e+00 |   7.6463 1.0846  0.1618  1.6170 0.167  0.00 | edge_dev mean=0.0678 max=0.0949 gg=0.1568 shape_dev=0.2607 xbar=0.5098
# CONVTAG t=14080.00 rough=0.000000 cond=234.145174 evap=268.670619 backs=35.043994
# CANT t=14080.00 a_tag=0.0000 a_max=0.0000 xl_tag=0.5004 nlock=0 tune=0.444764
t=14120.00 +1.17e-13 | 0.0031  0.00      0    0      0      0 | 0.0000  0.00 | 0.00e+00 0.00e+00 |   7.6573 1.0861  0.1935  1.6133 0.167  0.00 | edge_dev mean=0.0678 max=0.0949 gg=0.0085 shape_dev=0.2607 xbar=0.5105
# CONVTAG t=14120.00 rough=0.000000 cond=234.630682 evap=269.217967 backs=35.115387
# CANT t=14120.00 a_tag=0.0000 a_max=0.0000 xl_tag=0.5032 nlock=0 tune=0.444764
t=14160.00 +1.15e-13 | 0.0031  0.00      0    0      0      0 | 0.0000  0.00 | 0.00e+00 0.00e+00 |   7.7647 1.1014  0.1835  1.6146 0.167  0.00 | edge_dev mean=0.0678 max=0.0949 gg=0.2141 shape_dev=0.2607 xbar=0.5176
# CONVTAG t=14160.00 rough=0.000000 cond=235.460008 evap=270.064282 backs=35.225776
# CANT t=14160.00 a_tag=0.0000 a_max=0.0000 xl_tag=0.5045 nlock=0 tune=0.444764
# QATOM t=14193.06 dir=FD w=0.88751622 e=0.162440482427 i=5 Em=1.7898
t=14200.00 +1.16e-13 | 0.0031  0.00      0    0      0      0 | 0.0000  0.00 | 0.00e+00 0.00e+00 |   7.5967 1.0776  0.2126  1.6108 0.167  0.00 | edge_dev mean=0.0678 max=0.0949 gg=0.0664 shape_dev=0.2607 xbar=0.5064
# CONVTAG t=14200.00 rough=0.000000 cond=236.274310 evap=271.168717 backs=35.369833
# CANT t=14200.00 a_tag=0.0000 a_max=0.0000 xl_tag=0.5011 nlock=0 tune=0.444764
t=14240.00 +1.18e-13 | 0.0032  0.00      0    0      0      0 | 0.0000  0.00 | 0.00e+00 0.00e+00 |   7.5121 1.0656  0.2328  1.6079 0.167  0.00 | edge_dev mean=0.0678 max=0.0949 gg=0.1369 shape_dev=0.2607 xbar=0.5008
# CONVTAG t=14240.00 rough=0.000000 cond=236.940837 evap=272.019823 backs=35.480847
# CANT t=14240.00 a_tag=0.0000 a_max=0.0000 xl_tag=0.5004 nlock=0 tune=0.444764
t=14280.00 +1.16e-13 | 0.0031  0.00      0    0      0      0 | 0.0000  0.00 | 0.00e+00 0.00e+00 |   7.8462 1.1129  0.2420  1.6065 0.167  0.00 | edge_dev mean=0.0678 max=0.0949 gg=0.1743 shape_dev=0.2607 xbar=0.5231
# CONVTAG t=14280.00 rough=0.000000 cond=237.941347 evap=272.836307 backs=35.587344
# CANT t=14280.00 a_tag=0.0000 a_max=0.0000 xl_tag=0.5032 nlock=0 tune=0.444764
t=14320.00 +1.13e-13 | 0.0031  0.00      0    0      0      0 | 0.0000  0.00 | 0.00e+00 0.00e+00 |   7.6005 1.0781  0.1889  1.6139 0.167  0.00 | edge_dev mean=0.0678 max=0.0949 gg=0.0533 shape_dev=0.2607 xbar=0.5067
# CONVTAG t=14320.00 rough=0.000000 cond=238.980818 evap=274.277461 backs=35.775321
# CANT t=14320.00 a_tag=0.0000 a_max=0.0000 xl_tag=0.5002 nlock=0 tune=0.444764
t=14360.00 +1.18e-13 | 0.0031  0.00      0    0      0      0 | 0.0000  0.00 | 0.00e+00 0.00e+00 |   7.7929 1.1054  0.1892  1.6139 0.167  0.00 | edge_dev mean=0.0678 max=0.0949 gg=0.1011 shape_dev=0.2607 xbar=0.5195
# CONVTAG t=14360.00 rough=0.000000 cond=239.629341 evap=274.830804 backs=35.847496
# CANT t=14360.00 a_tag=0.0000 a_max=0.0000 xl_tag=0.4989 nlock=0 tune=0.444764
t=14400.00 +1.14e-13 | 0.0032  0.00      0    0      0      0 | 0.0000  0.00 | 0.00e+00 0.00e+00 |   7.1857 1.0192  0.2111  1.6110 0.167  0.00 | edge_dev mean=0.0678 max=0.0949 gg=0.0025 shape_dev=0.2607 xbar=0.4790
# CONVTAG t=14400.00 rough=0.000000 cond=240.304021 evap=276.213955 backs=36.027907
# CANT t=14400.00 a_tag=0.0000 a_max=0.0000 xl_tag=0.4971 nlock=0 tune=0.444764
t=14440.00 +1.14e-13 | 0.0032  0.00      0    0      0      0 | 0.0000  0.00 | 0.00e+00 0.00e+00 |   7.3856 1.0476  0.2114  1.6110 0.167  0.00 | edge_dev mean=0.0678 max=0.0949 gg=0.0140 shape_dev=0.2607 xbar=0.4924
# CONVTAG t=14440.00 rough=0.000000 cond=240.956277 evap=276.764107 backs=36.099666
# CANT t=14440.00 a_tag=0.0000 a_max=0.0000 xl_tag=0.4941 nlock=0 tune=0.444764
t=14480.00 +1.09e-13 | 0.0032  0.00      0    0      0      0 | 0.0000  0.00 | 0.00e+00 0.00e+00 |   7.1898 1.0198  0.1667  1.6167 0.167  0.00 | edge_dev mean=0.0678 max=0.0949 gg=0.0016 shape_dev=0.2607 xbar=0.4793
# CONVTAG t=14480.00 rough=0.000000 cond=241.767725 evap=277.893067 backs=36.246922
# CANT t=14480.00 a_tag=0.0000 a_max=0.0000 xl_tag=0.4911 nlock=0 tune=0.444764
t=14520.00 +1.07e-13 | 0.0031  0.00      0    0      0      0 | 0.0000  0.00 | 0.00e+00 0.00e+00 |   7.6278 1.0820  0.2438  1.6062 0.167  0.00 | edge_dev mean=0.0678 max=0.0949 gg=0.1998 shape_dev=0.2607 xbar=0.5085
# CONVTAG t=14520.00 rough=0.000000 cond=242.630581 evap=278.447365 backs=36.319222
# CANT t=14520.00 a_tag=0.0000 a_max=0.0000 xl_tag=0.4960 nlock=0 tune=0.444764
t=14560.00 +1.08e-13 | 0.0032  0.00      0    0      0      0 | 0.0000  0.00 | 0.00e+00 0.00e+00 |   7.2710 1.0313  0.1615  1.6171 0.167  0.00 | edge_dev mean=0.0678 max=0.0949 gg=0.0840 shape_dev=0.2607 xbar=0.4847
# CONVTAG t=14560.00 rough=0.000000 cond=243.280010 evap=279.551023 backs=36.463177
# CANT t=14560.00 a_tag=0.0000 a_max=0.0000 xl_tag=0.4983 nlock=0 tune=0.444764
t=14600.00 +1.08e-13 | 0.0032  0.00      0    0      0      0 | 0.0000  0.00 | 0.00e+00 0.00e+00 |   7.3841 1.0474  0.2013  1.6123 0.167  0.00 | edge_dev mean=0.0678 max=0.0949 gg=0.1037 shape_dev=0.2607 xbar=0.4923
# CONVTAG t=14600.00 rough=0.000000 cond=244.101763 evap=280.382934 backs=36.571687
# CANT t=14600.00 a_tag=0.0000 a_max=0.0000 xl_tag=0.4964 nlock=0 tune=0.444764
t=14640.00 +1.07e-13 | 0.0032  0.00      0    0      0      0 | 0.0000  0.00 | 0.00e+00 0.00e+00 |   7.4834 1.0615  0.2205  1.6097 0.167  0.00 | edge_dev mean=0.0678 max=0.0949 gg=0.0000 shape_dev=0.2607 xbar=0.4989
# CONVTAG t=14640.00 rough=0.000000 cond=244.912743 evap=281.216256 backs=36.680381
# CANT t=14640.00 a_tag=0.0000 a_max=0.0000 xl_tag=0.4960 nlock=0 tune=0.444764
t=14680.00 +1.06e-13 | 0.0032  0.00      0    0      0      0 | 0.0000  0.00 | 0.00e+00 0.00e+00 |   7.5437 1.0700  0.1705  1.6160 0.167  0.00 | edge_dev mean=0.0678 max=0.0949 gg=0.0542 shape_dev=0.2608 xbar=0.5029
# CONVTAG t=14680.00 rough=0.000000 cond=246.240093 evap=282.682387 backs=36.871616
# CANT t=14680.00 a_tag=0.0003 a_max=0.0010 xl_tag=0.5005 nlock=0 tune=0.444776
t=14720.00 +1.10e-13 | 0.0032  0.00      0    0      0      0 | 0.0000  0.00 | 0.00e+00 0.00e+00 |   7.4492 1.0566  0.1276  1.6203 0.167  0.00 | edge_dev mean=0.0678 max=0.0949 gg=0.1151 shape_dev=0.2608 xbar=0.4966
# CONVTAG t=14720.00 rough=0.000000 cond=246.893614 evap=283.528451 backs=36.981972
# CANT t=14720.00 a_tag=0.0002 a_max=0.0005 xl_tag=0.5047 nlock=0 tune=0.444776
t=14760.00 +1.08e-13 | 0.0032  0.00      0    0      0      0 | 0.0000  0.00 | 0.00e+00 0.00e+00 |   7.3927 1.0486  0.1363  1.6195 0.167  0.00 | edge_dev mean=0.0678 max=0.0949 gg=0.0429 shape_dev=0.2608 xbar=0.4928
# CONVTAG t=14760.00 rough=0.000000 cond=247.558305 evap=284.349311 backs=37.089041
# CANT t=14760.00 a_tag=0.0001 a_max=0.0002 xl_tag=0.5056 nlock=0 tune=0.444776
t=14800.00 +1.12e-13 | 0.0032  0.00      0    0      0      0 | 0.0000  0.00 | 0.00e+00 0.00e+00 |   7.4899 1.0624  0.1389  1.6194 0.167  0.00 | edge_dev mean=0.0678 max=0.0949 gg=0.0441 shape_dev=0.2608 xbar=0.4993
# CONVTAG t=14800.00 rough=0.000000 cond=248.377678 evap=285.194469 backs=37.199279
# CANT t=14800.00 a_tag=0.0000 a_max=0.0001 xl_tag=0.5079 nlock=0 tune=0.444776
t=14840.00 +1.14e-13 | 0.0031  0.00      0    0      0      0 | 0.0000  0.00 | 0.00e+00 0.00e+00 |   7.8188 1.1091  0.1457  1.6186 0.167  0.00 | edge_dev mean=0.0678 max=0.0949 gg=0.1181 shape_dev=0.2608 xbar=0.5213
# CONVTAG t=14840.00 rough=0.000000 cond=249.373343 evap=286.010501 backs=37.305717
# CANT t=14840.00 a_tag=0.0000 a_max=0.0000 xl_tag=0.5064 nlock=0 tune=0.444776
t=14880.00 +1.11e-13 | 0.0031  0.00      0    0      0      0 | 0.0000  0.00 | 0.00e+00 0.00e+00 |   7.5610 1.0725  0.1235  1.6206 0.167  0.00 | edge_dev mean=0.0678 max=0.0949 gg=0.0165 shape_dev=0.2608 xbar=0.5041
# CONVTAG t=14880.00 rough=0.000000 cond=249.862473 evap=286.830840 backs=37.412718
# CANT t=14880.00 a_tag=0.0000 a_max=0.0000 xl_tag=0.5067 nlock=0 tune=0.444776
t=14920.00 +1.09e-13 | 0.0031  0.00      0    0      0      0 | 0.0000  0.00 | 0.00e+00 0.00e+00 |   7.6154 1.0802  0.1939  1.6132 0.167  0.00 | edge_dev mean=0.0678 max=0.0949 gg=0.0489 shape_dev=0.2608 xbar=0.5077
# CONVTAG t=14920.00 rough=0.000000 cond=250.897635 evap=287.966878 backs=37.560897
# CANT t=14920.00 a_tag=0.0000 a_max=0.0000 xl_tag=0.5045 nlock=0 tune=0.444776
t=14960.00 +1.06e-13 | 0.0032  0.00      0    0      0      0 | 0.0000  0.00 | 0.00e+00 0.00e+00 |   7.5316 1.0683  0.1438  1.6187 0.167  0.00 | edge_dev mean=0.0678 max=0.0949 gg=0.2078 shape_dev=0.2608 xbar=0.5021
# CONVTAG t=14960.00 rough=0.000000 cond=251.541075 evap=288.790614 backs=37.668341
# CANT t=14960.00 a_tag=0.0000 a_max=0.0000 xl_tag=0.5094 nlock=0 tune=0.444776
t=15000.00 +1.09e-13 | 0.0031  0.00      0    0      0      0 | 0.0000  0.00 | 0.00e+00 0.00e+00 |   7.6454 1.0845  0.1297  1.6200 0.167  0.00 | edge_dev mean=0.0678 max=0.0949 gg=0.2369 shape_dev=0.2608 xbar=0.5097
# CONVTAG t=15000.00 rough=0.000000 cond=252.376842 evap=289.637935 backs=37.778861
# CANT t=15000.00 a_tag=0.0000 a_max=0.0000 xl_tag=0.5073 nlock=0 tune=0.444776
t=15040.00 +1.12e-13 | 0.0031  0.00      0    0      0      0 | 0.0000  0.00 | 0.00e+00 0.00e+00 |   7.5711 1.0739  0.1451  1.6186 0.167  0.00 | edge_dev mean=0.0678 max=0.0949 gg=0.2051 shape_dev=0.2608 xbar=0.5047
# CONVTAG t=15040.00 rough=0.000000 cond=253.026520 evap=290.459375 backs=37.886005
# CANT t=15040.00 a_tag=0.0000 a_max=0.0000 xl_tag=0.5066 nlock=0 tune=0.444776
t=15080.00 +1.12e-13 | 0.0031  0.00      0    0      0      0 | 0.0000  0.00 | 0.00e+00 0.00e+00 |   7.8976 1.1202  0.1611  1.6170 0.167  0.00 | edge_dev mean=0.0678 max=0.0949 gg=0.1848 shape_dev=0.2608 xbar=0.5265
# CONVTAG t=15080.00 rough=0.000000 cond=254.046521 evap=291.305865 backs=37.996417
# CANT t=15080.00 a_tag=0.0000 a_max=0.0000 xl_tag=0.5076 nlock=0 tune=0.444776
t=15120.00 +1.11e-13 | 0.0031  0.00      0    0      0      0 | 0.0000  0.00 | 0.00e+00 0.00e+00 |   7.9963 1.1342  0.1483  1.6183 0.167  0.00 | edge_dev mean=0.0678 max=0.0949 gg=0.0025 shape_dev=0.2608 xbar=0.5331
# CONVTAG t=15120.00 rough=0.000000 cond=254.843836 evap=292.124076 backs=38.103140
# CANT t=15120.00 a_tag=0.0000 a_max=0.0000 xl_tag=0.5141 nlock=0 tune=0.444776
t=15160.00 +1.11e-13 | 0.0031  0.00      0    0      0      0 | 0.0000  0.00 | 0.00e+00 0.00e+00 |   7.6517 1.0853  0.2173  1.6101 0.167  0.00 | edge_dev mean=0.0678 max=0.0949 gg=0.2340 shape_dev=0.2608 xbar=0.5101
# CONVTAG t=15160.00 rough=0.000000 cond=255.517131 evap=293.243031 backs=38.249091
# CANT t=15160.00 a_tag=0.0000 a_max=0.0000 xl_tag=0.5086 nlock=0 tune=0.444776
t=15200.00 +1.08e-13 | 0.0031  0.00      0    0      0      0 | 0.0000  0.00 | 0.00e+00 0.00e+00 |   7.6010 1.0782  0.1683  1.6162 0.167  0.00 | edge_dev mean=0.0678 max=0.0949 gg=0.0450 shape_dev=0.2608 xbar=0.5067
# CONVTAG t=15200.00 rough=0.000000 cond=256.175118 evap=294.050358 backs=38.354395
# CANT t=15200.00 a_tag=0.0000 a_max=0.0000 xl_tag=0.5101 nlock=0 tune=0.444776
# QATOM t=15200.36 dir=DF w=1.65740234 e=0.303351341512 i=4 Em=1.5619
t=15240.00 +1.06e-13 | 0.0032  0.00      0    0      0      0 | 0.0000  0.00 | 0.00e+00 0.00e+00 |   7.5314 1.0683  0.1174  1.6215 0.167  0.00 | edge_dev mean=0.0673 max=0.0949 gg=0.3090 shape_dev=0.2623 xbar=0.5021
# CONVTAG t=15240.00 rough=0.000000 cond=257.721831 evap=295.898699 backs=38.595482
# CANT t=15240.00 a_tag=0.0000 a_max=0.0000 xl_tag=0.5040 nlock=0 tune=0.444776
t=15280.00 +1.04e-13 | 0.0031  0.00      0    0      0      0 | 0.0000  0.00 | 0.00e+00 0.00e+00 |   7.7169 1.0946  0.1175  1.6215 0.167  0.00 | edge_dev mean=0.0673 max=0.0949 gg=0.0116 shape_dev=0.2623 xbar=0.5145
# CONVTAG t=15280.00 rough=0.000000 cond=258.367593 evap=296.455819 backs=38.668150
# CANT t=15280.00 a_tag=0.0000 a_max=0.0000 xl_tag=0.5063 nlock=0 tune=0.444776
t=15320.00 +1.05e-13 | 0.0031  0.00      0    0      0      0 | 0.0000  0.00 | 0.00e+00 0.00e+00 |   8.0527 1.1422  0.1996  1.6129 0.167  0.00 | edge_dev mean=0.0673 max=0.0949 gg=0.0000 shape_dev=0.2623 xbar=0.5368
# CONVTAG t=15320.00 rough=0.000000 cond=259.403491 evap=297.311268 backs=38.779731
# CANT t=15320.00 a_tag=0.0000 a_max=0.0000 xl_tag=0.5109 nlock=0 tune=0.444776
t=15360.00 +1.02e-13 | 0.0031  0.00      0    0      0      0 | 0.0000  0.00 | 0.00e+00 0.00e+00 |   7.9846 1.1326  0.1565  1.6179 0.167  0.00 | edge_dev mean=0.0673 max=0.0949 gg=0.1693 shape_dev=0.2623 xbar=0.5323
# CONVTAG t=15360.00 rough=0.000000 cond=260.050112 evap=298.123053 backs=38.885616
# CANT t=15360.00 a_tag=0.0000 a_max=0.0000 xl_tag=0.5170 nlock=0 tune=0.444776
t=15400.00 +9.88e-14 | 0.0032  0.00      0    0      0      0 | 0.0000  0.00 | 0.00e+00 0.00e+00 |   7.5284 1.0679  0.1459  1.6190 0.167  0.00 | edge_dev mean=0.0673 max=0.0949 gg=0.1463 shape_dev=0.2623 xbar=0.5019
# CONVTAG t=15400.00 rough=0.000000 cond=260.877637 evap=299.530860 backs=39.069243
# CANT t=15400.00 a_tag=0.0000 a_max=0.0000 xl_tag=0.5112 nlock=0 tune=0.444776
t=15440.00 +1.01e-13 | 0.0031  0.00      0    0      0      0 | 0.0000  0.00 | 0.00e+00 0.00e+00 |   7.7184 1.0948  0.2088  1.6117 0.167  0.00 | edge_dev mean=0.0673 max=0.0949 gg=0.0198 shape_dev=0.2623 xbar=0.5146
# CONVTAG t=15440.00 rough=0.000000 cond=261.519041 evap=300.078535 backs=39.140679
# CANT t=15440.00 a_tag=0.0000 a_max=0.0000 xl_tag=0.5123 nlock=0 tune=0.444776
t=15480.00 +9.99e-14 | 0.0031  0.00      0    0      0      0 | 0.0000  0.00 | 0.00e+00 0.00e+00 |   7.5663 1.0732  0.1444  1.6192 0.167  0.00 | edge_dev mean=0.0673 max=0.0949 gg=0.0002 shape_dev=0.2623 xbar=0.5044
# CONVTAG t=15480.00 rough=0.000000 cond=262.366586 evap=301.205250 backs=39.287641
# CANT t=15480.00 a_tag=0.0000 a_max=0.0000 xl_tag=0.5089 nlock=0 tune=0.444776
t=15520.00 +1.03e-13 | 0.0031  0.00      0    0      0      0 | 0.0000  0.00 | 0.00e+00 0.00e+00 |   7.8886 1.1190  0.1770  1.6156 0.167  0.00 | edge_dev mean=0.0673 max=0.0949 gg=0.0001 shape_dev=0.2623 xbar=0.5259
# CONVTAG t=15520.00 rough=0.000000 cond=263.411034 evap=302.084061 backs=39.402269
# CANT t=15520.00 a_tag=0.0000 a_max=0.0000 xl_tag=0.5137 nlock=0 tune=0.444776
t=15560.00 +1.03e-13 | 0.0032  0.00      0    0      0      0 | 0.0000  0.00 | 0.00e+00 0.00e+00 |   7.5299 1.0681  0.1465  1.6189 0.167  0.00 | edge_dev mean=0.0673 max=0.0949 gg=0.1355 shape_dev=0.2623 xbar=0.5020
# CONVTAG t=15560.00 rough=0.000000 cond=264.078279 evap=303.210073 backs=39.549140
# CANT t=15560.00 a_tag=0.0000 a_max=0.0000 xl_tag=0.5061 nlock=0 tune=0.444776
t=15600.00 +1.05e-13 | 0.0031  0.00      0    0      0      0 | 0.0000  0.00 | 0.00e+00 0.00e+00 |   7.8976 1.1202  0.1796  1.6153 0.167  0.00 | edge_dev mean=0.0673 max=0.0949 gg=0.0031 shape_dev=0.2623 xbar=0.5265
# CONVTAG t=15600.00 rough=0.000000 cond=264.882163 evap=303.766864 backs=39.621765
# CANT t=15600.00 a_tag=0.0000 a_max=0.0000 xl_tag=0.5101 nlock=0 tune=0.444776
t=15640.00 +1.03e-13 | 0.0031  0.00      0    0      0      0 | 0.0000  0.00 | 0.00e+00 0.00e+00 |   7.7398 1.0978  0.1227  1.6210 0.167  0.00 | edge_dev mean=0.0673 max=0.0949 gg=0.3548 shape_dev=0.2623 xbar=0.5160
# CONVTAG t=15640.00 rough=0.000000 cond=265.718852 evap=304.886863 backs=39.767852
# CANT t=15640.00 a_tag=0.0000 a_max=0.0000 xl_tag=0.5079 nlock=0 tune=0.444776
t=15680.00 +1.05e-13 | 0.0032  0.00      0    0      0      0 | 0.0000  0.00 | 0.00e+00 0.00e+00 |   7.3788 1.0466  0.1825  1.6150 0.167  0.00 | edge_dev mean=0.0673 max=0.0949 gg=0.1586 shape_dev=0.2623 xbar=0.4919
# CONVTAG t=15680.00 rough=0.000000 cond=266.359165 evap=305.984217 backs=39.910985
# CANT t=15680.00 a_tag=0.0000 a_max=0.0000 xl_tag=0.5077 nlock=0 tune=0.444776
t=15720.00 +1.04e-13 | 0.0031  0.00      0    0      0      0 | 0.0000  0.00 | 0.00e+00 0.00e+00 |   7.5660 1.0732  0.1801  1.6153 0.167  0.00 | edge_dev mean=0.0673 max=0.0949 gg=0.0165 shape_dev=0.2623 xbar=0.5044
# CONVTAG t=15720.00 rough=0.000000 cond=267.009340 evap=306.544773 backs=39.984101
# CANT t=15720.00 a_tag=0.0000 a_max=0.0000 xl_tag=0.5024 nlock=0 tune=0.444776
t=15760.00 +1.04e-13 | 0.0031  0.00      0    0      0      0 | 0.0000  0.00 | 0.00e+00 0.00e+00 |   7.6302 1.0823  0.1474  1.6188 0.167  0.00 | edge_dev mean=0.0673 max=0.0949 gg=0.1785 shape_dev=0.2623 xbar=0.5087
# CONVTAG t=15760.00 rough=0.000000 cond=268.044044 evap=307.670417 backs=40.130924
# CANT t=15760.00 a_tag=0.0000 a_max=0.0000 xl_tag=0.5063 nlock=0 tune=0.444776
t=15800.00 +1.02e-13 | 0.0032  0.00      0    0      0      0 | 0.0000  0.00 | 0.00e+00 0.00e+00 |   7.3255 1.0391  0.1410  1.6195 0.167  0.00 | edge_dev mean=0.0673 max=0.0949 gg=0.2106 shape_dev=0.2623 xbar=0.4884
# CONVTAG t=15800.00 rough=0.000000 cond=268.520761 evap=308.523386 backs=40.242181
# CANT t=15800.00 a_tag=0.0000 a_max=0.0000 xl_tag=0.5093 nlock=0 tune=0.444776
t=15840.00 +1.04e-13 | 0.0031  0.00      0    0      0      0 | 0.0000  0.00 | 0.00e+00 0.00e+00 |   7.6423 1.0840  0.1495  1.6186 0.167  0.00 | edge_dev mean=0.0673 max=0.0949 gg=0.1400 shape_dev=0.2623 xbar=0.5095
# CONVTAG t=15840.00 rough=0.000000 cond=269.513739 evap=309.348470 backs=40.349800
# CANT t=15840.00 a_tag=0.0000 a_max=0.0000 xl_tag=0.5059 nlock=0 tune=0.444776
t=15880.00 +1.04e-13 | 0.0032  0.00      0    0      0      0 | 0.0000  0.00 | 0.00e+00 0.00e+00 |   7.2899 1.0340  0.1545  1.6181 0.167  0.00 | edge_dev mean=0.0673 max=0.0949 gg=0.0098 shape_dev=0.2623 xbar=0.4860
# CONVTAG t=15880.00 rough=0.000000 cond=270.157407 evap=310.441122 backs=40.492320
# CANT t=15880.00 a_tag=0.0000 a_max=0.0000 xl_tag=0.5082 nlock=0 tune=0.444776
t=15920.00 +1.07e-13 | 0.0031  0.00      0    0      0      0 | 0.0000  0.00 | 0.00e+00 0.00e+00 |   7.9523 1.1280  0.1997  1.6129 0.167  0.00 | edge_dev mean=0.0673 max=0.0949 gg=0.0073 shape_dev=0.2623 xbar=0.5302
# CONVTAG t=15920.00 rough=0.000000 cond=271.777576 evap=311.641926 backs=40.648947
# CANT t=15920.00 a_tag=0.0000 a_max=0.0000 xl_tag=0.5092 nlock=0 tune=0.444776
t=15960.00 +1.04e-13 | 0.0031  0.00      0    0      0      0 | 0.0000  0.00 | 0.00e+00 0.00e+00 |   7.5862 1.0761  0.1042  1.6225 0.167  0.00 | edge_dev mean=0.0673 max=0.0949 gg=0.0605 shape_dev=0.2623 xbar=0.5057
# CONVTAG t=15960.00 rough=0.000000 cond=272.429235 evap=312.757417 backs=40.794446
# CANT t=15960.00 a_tag=0.0000 a_max=0.0000 xl_tag=0.5150 nlock=0 tune=0.444776
t=16000.00 +9.77e-14 | 0.0031  0.00      0    0      0      0 | 0.0000  0.00 | 0.00e+00 0.00e+00 |   7.8040 1.1070  0.1733  1.6161 0.167  0.00 | edge_dev mean=0.0673 max=0.0949 gg=0.0273 shape_dev=0.2623 xbar=0.5203
# CONVTAG t=16000.00 rough=0.000000 cond=273.095914 evap=313.306290 backs=40.866038
# CANT t=16000.00 a_tag=0.0000 a_max=0.0000 xl_tag=0.5150 nlock=0 tune=0.444776
t=16040.00 +9.72e-14 | 0.0031  0.00      0    0      0      0 | 0.0000  0.00 | 0.00e+00 0.00e+00 |   7.7295 1.0964  0.1276  1.6207 0.167  0.00 | edge_dev mean=0.0673 max=0.0949 gg=0.0003 shape_dev=0.2623 xbar=0.5153
# CONVTAG t=16040.00 rough=0.000000 cond=273.742195 evap=314.124027 backs=40.972699
# CANT t=16040.00 a_tag=0.0000 a_max=0.0000 xl_tag=0.5171 nlock=0 tune=0.444776
t=16080.00 +9.86e-14 | 0.0031  0.00      0    0      0      0 | 0.0000  0.00 | 0.00e+00 0.00e+00 |   7.6392 1.0836  0.1480  1.6188 0.167  0.00 | edge_dev mean=0.0673 max=0.0949 gg=0.0000 shape_dev=0.2623 xbar=0.5093
# CONVTAG t=16080.00 rough=0.000000 cond=274.408264 evap=314.980320 backs=41.084390
# CANT t=16080.00 a_tag=0.0000 a_max=0.0000 xl_tag=0.5138 nlock=0 tune=0.444776
t=16120.00 +1.00e-13 | 0.0032  0.00      0    0      0      0 | 0.0000  0.00 | 0.00e+00 0.00e+00 |   7.4627 1.0585  0.1845  1.6149 0.167  0.00 | edge_dev mean=0.0673 max=0.0949 gg=0.0135 shape_dev=0.2623 xbar=0.4975
# CONVTAG t=16120.00 rough=0.000000 cond=275.216662 evap=316.086500 backs=41.228674
# CANT t=16120.00 a_tag=0.0000 a_max=0.0000 xl_tag=0.5151 nlock=0 tune=0.444776
t=16160.00 +1.05e-13 | 0.0031  0.00      0    0      0      0 | 0.0000  0.00 | 0.00e+00 0.00e+00 |   7.8991 1.1204  0.2292  1.6088 0.167  0.00 | edge_dev mean=0.0673 max=0.0949 gg=0.0561 shape_dev=0.2623 xbar=0.5266
# CONVTAG t=16160.00 rough=0.000000 cond=276.625773 evap=317.270548 backs=41.383115
# CANT t=16160.00 a_tag=0.0000 a_max=0.0000 xl_tag=0.5104 nlock=0 tune=0.444776
# QATOM t=16187.70 dir=FD w=0.86719845 e=0.158721758036 i=5 Em=1.8806
t=16200.00 +1.02e-13 | 0.0031  0.00      0    0      0      0 | 0.0000  0.00 | 0.00e+00 0.00e+00 |   7.6413 1.0839  0.2198  1.6102 0.167  0.00 | edge_dev mean=0.0673 max=0.0949 gg=0.1447 shape_dev=0.2623 xbar=0.5094
# CONVTAG t=16200.00 rough=0.000000 cond=277.112897 evap=318.088551 backs=41.489811
# CANT t=16200.00 a_tag=0.0000 a_max=0.0000 xl_tag=0.5136 nlock=0 tune=0.444776
t=16240.00 +1.00e-13 | 0.0032  0.00      0    0      0      0 | 0.0000  0.00 | 0.00e+00 0.00e+00 |   7.4743 1.0602  0.1518  1.6184 0.167  0.00 | edge_dev mean=0.0673 max=0.0949 gg=0.0884 shape_dev=0.2623 xbar=0.4983
# CONVTAG t=16240.00 rough=0.000000 cond=277.942899 evap=319.210071 backs=41.636096
# CANT t=16240.00 a_tag=0.0000 a_max=0.0000 xl_tag=0.5106 nlock=0 tune=0.444776
t=16280.00 +9.76e-14 | 0.0031  0.00      0    0      0      0 | 0.0000  0.00 | 0.00e+00 0.00e+00 |   7.6875 1.0904  0.1492  1.6186 0.167  0.00 | edge_dev mean=0.0673 max=0.0949 gg=0.0003 shape_dev=0.2623 xbar=0.5125
# CONVTAG t=16280.00 rough=0.000000 cond=278.605509 evap=319.758861 backs=41.707678
# CANT t=16280.00 a_tag=0.0000 a_max=0.0000 xl_tag=0.5089 nlock=0 tune=0.444776
t=16320.00 +9.86e-14 | 0.0031  0.00      0    0      0      0 | 0.0000  0.00 | 0.00e+00 0.00e+00 |   7.7939 1.1055  0.1416  1.6194 0.167  0.00 | edge_dev mean=0.0673 max=0.0949 gg=0.0043 shape_dev=0.2623 xbar=0.5196
# CONVTAG t=16320.00 rough=0.000000 cond=279.440893 evap=320.613133 backs=41.819104
# CANT t=16320.00 a_tag=0.0000 a_max=0.0000 xl_tag=0.5088 nlock=0 tune=0.444776
t=16360.00 +1.01e-13 | 0.0031  0.00      0    0      0      0 | 0.0000  0.00 | 0.00e+00 0.00e+00 |   7.9138 1.1225  0.1811  1.6152 0.167  0.00 | edge_dev mean=0.0673 max=0.0949 gg=0.1855 shape_dev=0.2623 xbar=0.5276
# CONVTAG t=16360.00 rough=0.000000 cond=280.262353 evap=321.437869 backs=41.926679
# CANT t=16360.00 a_tag=0.0000 a_max=0.0000 xl_tag=0.5130 nlock=0 tune=0.444776
t=16400.00 +1.02e-13 | 0.0031  0.00      0    0      0      0 | 0.0000  0.00 | 0.00e+00 0.00e+00 |   7.7414 1.0981  0.1214  1.6211 0.167  0.00 | edge_dev mean=0.0673 max=0.0949 gg=0.3767 shape_dev=0.2623 xbar=0.5161
# CONVTAG t=16400.00 rough=0.000000 cond=281.082369 evap=322.553281 backs=42.072167
# CANT t=16400.00 a_tag=0.0000 a_max=0.0000 xl_tag=0.5153 nlock=0 tune=0.444776
t=16440.00 +9.50e-14 | 0.0032  0.00      0    0      0      0 | 0.0000  0.00 | 0.00e+00 0.00e+00 |   7.5196 1.0666  0.2345  1.6079 0.167  0.00 | edge_dev mean=0.0673 max=0.0949 gg=0.0789 shape_dev=0.2623 xbar=0.5013
# CONVTAG t=16440.00 rough=0.000000 cond=281.906172 evap=323.722507 backs=42.224675
# CANT t=16440.00 a_tag=0.0000 a_max=0.0000 xl_tag=0.5084 nlock=0 tune=0.444776
t=16480.00 +9.38e-14 | 0.0032  0.00      0    0      0      0 | 0.0000  0.00 | 0.00e+00 0.00e+00 |   7.4252 1.0532  0.1809  1.6152 0.167  0.00 | edge_dev mean=0.0673 max=0.0949 gg=0.2286 shape_dev=0.2623 xbar=0.4950
# CONVTAG t=16480.00 rough=0.000000 cond=282.790493 evap=324.833859 backs=42.369634
# CANT t=16480.00 a_tag=0.0000 a_max=0.0000 xl_tag=0.5043 nlock=0 tune=0.444776
t=16520.00 +9.82e-14 | 0.0031  0.00      0    0      0      0 | 0.0000  0.00 | 0.00e+00 0.00e+00 |   7.6101 1.0794  0.1806  1.6152 0.167  0.00 | edge_dev mean=0.0673 max=0.0949 gg=0.1498 shape_dev=0.2623 xbar=0.5073
# CONVTAG t=16520.00 rough=0.000000 cond=283.433725 evap=325.388687 backs=42.442003
# CANT t=16520.00 a_tag=0.0000 a_max=0.0000 xl_tag=0.5027 nlock=0 tune=0.444776
t=16560.00 +9.94e-14 | 0.0032  0.00      0    0      0      0 | 0.0000  0.00 | 0.00e+00 0.00e+00 |   7.2402 1.0270  0.1109  1.6222 0.167  0.00 | edge_dev mean=0.0673 max=0.0949 gg=0.4047 shape_dev=0.2623 xbar=0.4827
# CONVTAG t=16560.00 rough=0.000000 cond=284.083713 evap=326.506082 backs=42.587750
# CANT t=16560.00 a_tag=0.0000 a_max=0.0000 xl_tag=0.5018 nlock=0 tune=0.444776
t=16600.00 +9.97e-14 | 0.0031  0.00      0    0      0      0 | 0.0000  0.00 | 0.00e+00 0.00e+00 |   7.8931 1.1196  0.1519  1.6183 0.167  0.00 | edge_dev mean=0.0673 max=0.0949 gg=0.0677 shape_dev=0.2623 xbar=0.5262
# CONVTAG t=16600.00 rough=0.000000 cond=285.126960 evap=327.052912 backs=42.659075
# CANT t=16600.00 a_tag=0.0000 a_max=0.0000 xl_tag=0.5052 nlock=0 tune=0.444776
t=16640.00 +1.00e-13 | 0.0032  0.00      0    0      0      0 | 0.0000  0.00 | 0.00e+00 0.00e+00 |   7.0566 1.0009  0.1387  1.6197 0.167  0.00 | edge_dev mean=0.0673 max=0.0949 gg=0.0161 shape_dev=0.2623 xbar=0.4704
# CONVTAG t=16640.00 rough=0.000000 cond=285.607907 evap=328.442497 backs=42.840326
# CANT t=16640.00 a_tag=0.0000 a_max=0.0000 xl_tag=0.5031 nlock=0 tune=0.444776
t=16680.00 +1.03e-13 | 0.0032  0.00      0    0      0      0 | 0.0000  0.00 | 0.00e+00 0.00e+00 |   7.3755 1.0462  0.1536  1.6182 0.167  0.00 | edge_dev mean=0.0673 max=0.0949 gg=0.1138 shape_dev=0.2623 xbar=0.4917
# CONVTAG t=16680.00 rough=0.000000 cond=286.601456 evap=329.266186 backs=42.947763
# CANT t=16680.00 a_tag=0.0000 a_max=0.0000 xl_tag=0.5040 nlock=0 tune=0.444776
t=16720.00 +1.03e-13 | 0.0031  0.00      0    0      0      0 | 0.0000  0.00 | 0.00e+00 0.00e+00 |   7.6659 1.0874  0.1818  1.6150 0.167  0.00 | edge_dev mean=0.0673 max=0.0949 gg=0.0000 shape_dev=0.2623 xbar=0.5111
# CONVTAG t=16720.00 rough=0.000000 cond=287.698423 evap=330.237259 backs=43.074425
# CANT t=16720.00 a_tag=0.0000 a_max=0.0000 xl_tag=0.5014 nlock=0 tune=0.444776
t=16760.00 +1.03e-13 | 0.0032  0.00      0    0      0      0 | 0.0000  0.00 | 0.00e+00 0.00e+00 |   7.5261 1.0675  0.1903  1.6140 0.167  0.00 | edge_dev mean=0.0673 max=0.0949 gg=0.3045 shape_dev=0.2623 xbar=0.5017
# CONVTAG t=16760.00 rough=0.000000 cond=288.557902 evap=331.365442 backs=43.221579
# CANT t=16760.00 a_tag=0.0000 a_max=0.0000 xl_tag=0.5031 nlock=0 tune=0.444776
t=16800.00 +1.01e-13 | 0.0032  0.00      0    0      0      0 | 0.0000  0.00 | 0.00e+00 0.00e+00 |   7.4278 1.0536  0.1440  1.6191 0.167  0.00 | edge_dev mean=0.0673 max=0.0949 gg=0.1968 shape_dev=0.2623 xbar=0.4952
# CONVTAG t=16800.00 rough=0.000000 cond=289.211638 evap=332.215568 backs=43.332465
# CANT t=16800.00 a_tag=0.0000 a_max=0.0000 xl_tag=0.4988 nlock=0 tune=0.444776
t=16840.00 +1.00e-13 | 0.0031  0.00      0    0      0      0 | 0.0000  0.00 | 0.00e+00 0.00e+00 |   7.5640 1.0729  0.1246  1.6208 0.167  0.00 | edge_dev mean=0.0673 max=0.0949 gg=0.0000 shape_dev=0.2623 xbar=0.5043
# CONVTAG t=16840.00 rough=0.000000 cond=290.042927 evap=333.035369 backs=43.439396
# CANT t=16840.00 a_tag=0.0000 a_max=0.0000 xl_tag=0.4995 nlock=0 tune=0.444776
t=16880.00 +9.98e-14 | 0.0032  0.00      0    0      0      0 | 0.0000  0.00 | 0.00e+00 0.00e+00 |   7.1747 1.0177  0.1321  1.6202 0.167  0.00 | edge_dev mean=0.0673 max=0.0949 gg=0.0722 shape_dev=0.2623 xbar=0.4783
# CONVTAG t=16880.00 rough=0.000000 cond=290.686118 evap=334.164289 backs=43.586646
# CANT t=16880.00 a_tag=0.0000 a_max=0.0000 xl_tag=0.4981 nlock=0 tune=0.444776
t=16920.00 +9.95e-14 | 0.0032  0.00      0    0      0      0 | 0.0000  0.00 | 0.00e+00 0.00e+00 |   7.4692 1.0595  0.1764  1.6158 0.167  0.00 | edge_dev mean=0.0673 max=0.0949 gg=0.1704 shape_dev=0.2623 xbar=0.4979
# CONVTAG t=16920.00 rough=0.000000 cond=291.965257 evap=335.340872 backs=43.740114
# CANT t=16920.00 a_tag=0.0000 a_max=0.0000 xl_tag=0.4996 nlock=0 tune=0.444776
t=16960.00 +1.01e-13 | 0.0032  0.00      0    0      0      0 | 0.0000  0.00 | 0.00e+00 0.00e+00 |   7.3955 1.0490  0.1300  1.6205 0.167  0.00 | edge_dev mean=0.0673 max=0.0949 gg=0.0000 shape_dev=0.2623 xbar=0.4930
# CONVTAG t=16960.00 rough=0.000000 cond=292.611220 evap=336.157371 backs=43.846614
# CANT t=16960.00 a_tag=0.0000 a_max=0.0000 xl_tag=0.5045 nlock=0 tune=0.444776
t=17000.00 +1.02e-13 | 0.0031  0.00      0    0      0      0 | 0.0000  0.00 | 0.00e+00 0.00e+00 |   7.7241 1.0956  0.2132  1.6111 0.167  0.00 | edge_dev mean=0.0673 max=0.0949 gg=0.0851 shape_dev=0.2623 xbar=0.5149
# CONVTAG t=17000.00 rough=0.000000 cond=293.644903 evap=337.017504 backs=43.958805
# CANT t=17000.00 a_tag=0.0000 a_max=0.0000 xl_tag=0.5040 nlock=0 tune=0.444776
t=17040.00 +1.02e-13 | 0.0031  0.00      0    0      0      0 | 0.0000  0.00 | 0.00e+00 0.00e+00 |   7.6440 1.0843  0.1624  1.6173 0.167  0.00 | edge_dev mean=0.0673 max=0.0949 gg=0.0001 shape_dev=0.2623 xbar=0.5096
# CONVTAG t=17040.00 rough=0.000000 cond=294.293676 evap=337.843745 backs=44.066575
# CANT t=17040.00 a_tag=0.0000 a_max=0.0000 xl_tag=0.5105 nlock=0 tune=0.444776
t=17080.00 +1.00e-13 | 0.0031  0.00      0    0      0      0 | 0.0000  0.00 | 0.00e+00 0.00e+00 |   7.6608 1.0866  0.1580  1.6177 0.167  0.00 | edge_dev mean=0.0673 max=0.0949 gg=0.0353 shape_dev=0.2623 xbar=0.5107
# CONVTAG t=17080.00 rough=0.000000 cond=295.378595 evap=339.074580 backs=44.227119
# CANT t=17080.00 a_tag=0.0000 a_max=0.0000 xl_tag=0.5050 nlock=0 tune=0.444776
t=17120.00 +1.01e-13 | 0.0031  0.00      0    0      0      0 | 0.0000  0.00 | 0.00e+00 0.00e+00 |   7.5949 1.0773  0.1088  1.6221 0.167  0.00 | edge_dev mean=0.0673 max=0.0949 gg=0.2362 shape_dev=0.2623 xbar=0.5063
# CONVTAG t=17120.00 rough=0.000000 cond=296.027913 evap=339.887176 backs=44.333110
# CANT t=17120.00 a_tag=0.0000 a_max=0.0000 xl_tag=0.5059 nlock=0 tune=0.444776
# QATOM t=17156.34 dir=FD w=0.975320172 e=0.178511080509 i=4 Em=1.4412
t=17160.00 +1.01e-13 | 0.0032  0.00      0    0      0      0 | 0.0000  0.00 | 0.00e+00 0.00e+00 |   7.5441 1.0701  0.2502  1.6055 0.167  0.00 | edge_dev mean=0.0673 max=0.0949 gg=0.1741 shape_dev=0.2623 xbar=0.5029
# CONVTAG t=17160.00 rough=0.000000 cond=297.255995 evap=341.350320 backs=44.523955
# CANT t=17160.00 a_tag=0.0000 a_max=0.0000 xl_tag=0.4984 nlock=0 tune=0.444776
t=17200.00 +9.81e-14 | 0.0032  0.00      0    0      0      0 | 0.0000  0.00 | 0.00e+00 0.00e+00 |   7.4646 1.0588  0.2017  1.6126 0.167  0.00 | edge_dev mean=0.0673 max=0.0949 gg=0.2246 shape_dev=0.2623 xbar=0.4976
# CONVTAG t=17200.00 rough=0.000000 cond=297.905377 evap=342.176618 backs=44.631733
# CANT t=17200.00 a_tag=0.0000 a_max=0.0000 xl_tag=0.5001 nlock=0 tune=0.444776
t=17240.00 +9.99e-14 | 0.0031  0.00      0    0      0      0 | 0.0000  0.00 | 0.00e+00 0.00e+00 |   7.7691 1.1020  0.2135  1.6109 0.167  0.00 | edge_dev mean=0.0673 max=0.0949 gg=0.0233 shape_dev=0.2623 xbar=0.5179
# CONVTAG t=17240.00 rough=0.000000 cond=298.901235 evap=343.017295 backs=44.741386
# CANT t=17240.00 a_tag=0.0000 a_max=0.0000 xl_tag=0.4990 nlock=0 tune=0.444776
t=17280.00 +9.82e-14 | 0.0032  0.00      0    0      0      0 | 0.0000  0.00 | 0.00e+00 0.00e+00 |   7.5122 1.0656  0.2058  1.6120 0.167  0.00 | edge_dev mean=0.0673 max=0.0949 gg=0.0748 shape_dev=0.2623 xbar=0.5008
# CONVTAG t=17280.00 rough=0.000000 cond=299.383474 evap=343.828763 backs=44.847230
# CANT t=17280.00 a_tag=0.0000 a_max=0.0000 xl_tag=0.5005 nlock=0 tune=0.444776
t=17320.00 +1.00e-13 | 0.0031  0.00      0    0      0      0 | 0.0000  0.00 | 0.00e+00 0.00e+00 |   7.6206 1.0809  0.1880  1.6143 0.167  0.00 | edge_dev mean=0.0673 max=0.0949 gg=0.0010 shape_dev=0.2623 xbar=0.5080
# CONVTAG t=17320.00 rough=0.000000 cond=300.217725 evap=344.679822 backs=44.958238
# CANT t=17320.00 a_tag=0.0000 a_max=0.0000 xl_tag=0.4966 nlock=0 tune=0.444776
t=17360.00 +9.94e-14 | 0.0032  0.00      0    0      0      0 | 0.0000  0.00 | 0.00e+00 0.00e+00 |   7.2761 1.0321  0.1961  1.6133 0.167  0.00 | edge_dev mean=0.0673 max=0.0949 gg=0.0439 shape_dev=0.2623 xbar=0.4851
# CONVTAG t=17360.00 rough=0.000000 cond=300.869380 evap=345.773674 backs=45.100914
# CANT t=17360.00 a_tag=0.0000 a_max=0.0000 xl_tag=0.4943 nlock=0 tune=0.444776
t=17400.00 +1.03e-13 | 0.0032  0.00      0    0      0      0 | 0.0000  0.00 | 0.00e+00 0.00e+00 |   7.4257 1.0533  0.2535  1.6050 0.167  0.00 | edge_dev mean=0.0673 max=0.0949 gg=0.0378 shape_dev=0.2623 xbar=0.4950
# CONVTAG t=17400.00 rough=0.000000 cond=301.744113 evap=346.629997 backs=45.212608
# CANT t=17400.00 a_tag=0.0000 a_max=0.0000 xl_tag=0.4922 nlock=0 tune=0.444776
t=17440.00 +1.02e-13 | 0.0032  0.00      0    0      0      0 | 0.0000  0.00 | 0.00e+00 0.00e+00 |   7.5333 1.0686  0.2283  1.6089 0.167  0.00 | edge_dev mean=0.0673 max=0.0949 gg=0.0283 shape_dev=0.2623 xbar=0.5022
# CONVTAG t=17440.00 rough=0.000000 cond=302.551739 evap=347.451186 backs=45.319720
# CANT t=17440.00 a_tag=0.0000 a_max=0.0000 xl_tag=0.4963 nlock=0 tune=0.444776
t=17480.00 +1.00e-13 | 0.0032  0.00      0    0      0      0 | 0.0000  0.00 | 0.00e+00 0.00e+00 |   7.0330 0.9976  0.1908  1.6139 0.167  0.00 | edge_dev mean=0.0673 max=0.0949 gg=0.0627 shape_dev=0.2623 xbar=0.4689
# CONVTAG t=17480.00 rough=0.000000 cond=303.385763 evap=348.910623 backs=45.510081
# CANT t=17480.00 a_tag=0.0000 a_max=0.0000 xl_tag=0.4959 nlock=0 tune=0.444776
t=17520.00 +1.02e-13 | 0.0031  0.00      0    0      0      0 | 0.0000  0.00 | 0.00e+00 0.00e+00 |   7.6638 1.0871  0.2024  1.6124 0.167  0.00 | edge_dev mean=0.0673 max=0.0949 gg=0.1353 shape_dev=0.2623 xbar=0.5109
# CONVTAG t=17520.00 rough=0.000000 cond=304.416568 evap=349.465297 backs=45.582430
# CANT t=17520.00 a_tag=0.0000 a_max=0.0000 xl_tag=0.4912 nlock=0 tune=0.444776
t=17560.00 +9.67e-14 | 0.0032  0.00      0    0      0      0 | 0.0000  0.00 | 0.00e+00 0.00e+00 |   7.1143 1.0091  0.1520  1.6184 0.167  0.00 | edge_dev mean=0.0673 max=0.0949 gg=0.2029 shape_dev=0.2623 xbar=0.4743
# CONVTAG t=17560.00 rough=0.000000 cond=304.910896 evap=350.583256 backs=45.728251
# CANT t=17560.00 a_tag=0.0000 a_max=0.0000 xl_tag=0.4895 nlock=0 tune=0.444776
t=17600.00 +9.29e-14 | 0.0031  0.00      0    0      0      0 | 0.0000  0.00 | 0.00e+00 0.00e+00 |   7.7464 1.0988  0.2016  1.6125 0.167  0.00 | edge_dev mean=0.0673 max=0.0949 gg=0.2283 shape_dev=0.2623 xbar=0.5164
# CONVTAG t=17600.00 rough=0.000000 cond=305.934679 evap=351.128491 backs=45.799368
# CANT t=17600.00 a_tag=0.0000 a_max=0.0000 xl_tag=0.4962 nlock=0 tune=0.444776
t=17640.00 +9.36e-14 | 0.0032  0.00      0    0      0      0 | 0.0000  0.00 | 0.00e+00 0.00e+00 |   7.0957 1.0065  0.1626  1.6172 0.167  0.00 | edge_dev mean=0.0673 max=0.0949 gg=0.0037 shape_dev=0.2623 xbar=0.4730
# CONVTAG t=17640.00 rough=0.000000 cond=306.583151 evap=352.524888 backs=45.981507
# CANT t=17640.00 a_tag=0.0000 a_max=0.0000 xl_tag=0.4899 nlock=0 tune=0.444776
t=17680.00 +9.29e-14 | 0.0032  0.00      0    0      0      0 | 0.0000  0.00 | 0.00e+00 0.00e+00 |   7.5023 1.0642  0.2597  1.6039 0.167  0.00 | edge_dev mean=0.0673 max=0.0949 gg=0.1551 shape_dev=0.2623 xbar=0.5002
# CONVTAG t=17680.00 rough=0.000000 cond=307.409335 evap=353.068396 backs=46.052399
# CANT t=17680.00 a_tag=0.0000 a_max=0.0000 xl_tag=0.4932 nlock=0 tune=0.444776
t=17720.00 +9.54e-14 | 0.0032  0.00      0    0      0      0 | 0.0000  0.00 | 0.00e+00 0.00e+00 |   7.3403 1.0412  0.1989  1.6129 0.167  0.00 | edge_dev mean=0.0673 max=0.0949 gg=0.1220 shape_dev=0.2623 xbar=0.4894
# CONVTAG t=17720.00 rough=0.000000 cond=308.247019 evap=354.193778 backs=46.199188
# CANT t=17720.00 a_tag=0.0000 a_max=0.0000 xl_tag=0.4891 nlock=0 tune=0.444776
t=17760.00 +9.47e-14 | 0.0032  0.00      0    0      0      0 | 0.0000  0.00 | 0.00e+00 0.00e+00 |   7.2680 1.0309  0.1452  1.6189 0.167  0.00 | edge_dev mean=0.0673 max=0.0949 gg=0.0152 shape_dev=0.2623 xbar=0.4845
# CONVTAG t=17760.00 rough=0.000000 cond=308.893022 evap=355.008991 backs=46.305521
# CANT t=17760.00 a_tag=0.0000 a_max=0.0000 xl_tag=0.4914 nlock=0 tune=0.444776
t=17800.00 +9.05e-14 | 0.0031  0.00      0    0      0      0 | 0.0000  0.00 | 0.00e+00 0.00e+00 |   7.6479 1.0848  0.1808  1.6151 0.167  0.00 | edge_dev mean=0.0673 max=0.0949 gg=0.1401 shape_dev=0.2623 xbar=0.5099
# CONVTAG t=17800.00 rough=0.000000 cond=309.704090 evap=355.561803 backs=46.377627
# CANT t=17800.00 a_tag=0.0000 a_max=0.0000 xl_tag=0.4891 nlock=0 tune=0.444776
t=17840.00 +8.80e-14 | 0.0032  0.00      0    0      0      0 | 0.0000  0.00 | 0.00e+00 0.00e+00 |   7.5265 1.0676  0.1788  1.6153 0.167  0.00 | edge_dev mean=0.0673 max=0.0949 gg=0.0658 shape_dev=0.2623 xbar=0.5018
# CONVTAG t=17840.00 rough=0.000000 cond=310.574338 evap=356.684004 backs=46.524000
# CANT t=17840.00 a_tag=0.0000 a_max=0.0000 xl_tag=0.4922 nlock=0 tune=0.444776
t=17880.00 +8.85e-14 | 0.0032  0.00      0    0      0      0 | 0.0000  0.00 | 0.00e+00 0.00e+00 |   7.4217 1.0527  0.1474  1.6188 0.167  0.00 | edge_dev mean=0.0673 max=0.0949 gg=0.1500 shape_dev=0.2623 xbar=0.4948
# CONVTAG t=17880.00 rough=0.000000 cond=311.227532 evap=357.539994 backs=46.635651
# CANT t=17880.00 a_tag=0.0000 a_max=0.0000 xl_tag=0.4952 nlock=0 tune=0.444776
t=17920.00 +8.34e-14 | 0.0032  0.00      0    0      0      0 | 0.0000  0.00 | 0.00e+00 0.00e+00 |   7.2927 1.0344  0.1617  1.6173 0.167  0.00 | edge_dev mean=0.0673 max=0.0949 gg=0.1443 shape_dev=0.2623 xbar=0.4862
# CONVTAG t=17920.00 rough=0.000000 cond=312.060913 evap=358.627334 backs=46.777478
# CANT t=17920.00 a_tag=0.0000 a_max=0.0000 xl_tag=0.4899 nlock=0 tune=0.444776
t=17960.00 +8.33e-14 | 0.0032  0.00      0    0      0      0 | 0.0000  0.00 | 0.00e+00 0.00e+00 |   7.2292 1.0254  0.1827  1.6149 0.167  0.00 | edge_dev mean=0.0673 max=0.0949 gg=0.0961 shape_dev=0.2623 xbar=0.4819
# CONVTAG t=17960.00 rough=0.000000 cond=312.707625 evap=359.434593 backs=46.882773
# CANT t=17960.00 a_tag=0.0000 a_max=0.0000 xl_tag=0.4934 nlock=0 tune=0.444776
t=18000.00 +8.13e-14 | 0.0031  0.00      0    0      0      0 | 0.0000  0.00 | 0.00e+00 0.00e+00 |   7.7280 1.0962  0.1911  1.6140 0.167  0.00 | edge_dev mean=0.0673 max=0.0949 gg=0.1599 shape_dev=0.2623 xbar=0.5152
# CONVTAG t=18000.00 rough=0.000000 cond=314.190928 evap=360.641534 backs=47.040200
# CANT t=18000.00 a_tag=0.0000 a_max=0.0000 xl_tag=0.4922 nlock=0 tune=0.444776
t=18040.00 +7.92e-14 | 0.0032  0.00      0    0      0      0 | 0.0000  0.00 | 0.00e+00 0.00e+00 |   7.5194 1.0666  0.1276  1.6206 0.167  0.00 | edge_dev mean=0.0673 max=0.0949 gg=0.0203 shape_dev=0.2623 xbar=0.5013
# CONVTAG t=18040.00 rough=0.000000 cond=314.986419 evap=361.765030 backs=47.186743
# CANT t=18040.00 a_tag=0.0000 a_max=0.0000 xl_tag=0.5014 nlock=0 tune=0.444776
t=18080.00 +8.12e-14 | 0.0032  0.00      0    0      0      0 | 0.0000  0.00 | 0.00e+00 0.00e+00 |   7.4689 1.0594  0.2516  1.6053 0.167  0.00 | edge_dev mean=0.0673 max=0.0949 gg=0.0719 shape_dev=0.2623 xbar=0.4979
# CONVTAG t=18080.00 rough=0.000000 cond=315.655091 evap=362.584440 backs=47.293623
# CANT t=18080.00 a_tag=0.0000 a_max=0.0000 xl_tag=0.5046 nlock=0 tune=0.444776
t=18120.00 +7.90e-14 | 0.0032  0.00      0    0      0      0 | 0.0000  0.00 | 0.00e+00 0.00e+00 |   7.1015 1.0073  0.1473  1.6189 0.167  0.00 | edge_dev mean=0.0673 max=0.0949 gg=0.1937 shape_dev=0.2623 xbar=0.4734
# CONVTAG t=18120.00 rough=0.000000 cond=316.310317 evap=363.705336 backs=47.439826
# CANT t=18120.00 a_tag=0.0000 a_max=0.0000 xl_tag=0.5012 nlock=0 tune=0.444776
t=18160.00 +7.61e-14 | 0.0032  0.00      0    0      0      0 | 0.0000  0.00 | 0.00e+00 0.00e+00 |   7.5169 1.0662  0.1809  1.6152 0.167  0.00 | edge_dev mean=0.0673 max=0.0949 gg=0.1754 shape_dev=0.2623 xbar=0.5011
# CONVTAG t=18160.00 rough=0.000000 cond=317.147741 evap=364.253043 backs=47.511267
# CANT t=18160.00 a_tag=0.0000 a_max=0.0000 xl_tag=0.4999 nlock=0 tune=0.444776
# QATOM t=18180.90 dir=FD w=0.873432911 e=0.159862839967 i=5 Em=1.8523
t=18200.00 +7.45e-14 | 0.0032  0.00      0    0      0      0 | 0.0000  0.00 | 0.00e+00 0.00e+00 |   7.2518 1.0286  0.1707  1.6165 0.167  0.00 | edge_dev mean=0.0673 max=0.0949 gg=0.0709 shape_dev=0.2623 xbar=0.4835
# CONVTAG t=18200.00 rough=0.000000 cond=317.626241 evap=365.068345 backs=47.617610
# CANT t=18200.00 a_tag=0.0000 a_max=0.0000 xl_tag=0.4990 nlock=0 tune=0.444776
t=18240.00 +7.52e-14 | 0.0032  0.00      0    0      0      0 | 0.0000  0.00 | 0.00e+00 0.00e+00 |   7.1668 1.0166  0.1850  1.6145 0.167  0.00 | edge_dev mean=0.0673 max=0.0949 gg=0.1403 shape_dev=0.2623 xbar=0.4778
# CONVTAG t=18240.00 rough=0.000000 cond=318.828141 evap=366.535536 backs=47.808983
# CANT t=18240.00 a_tag=0.0000 a_max=0.0000 xl_tag=0.4984 nlock=0 tune=0.444776
t=18280.00 +7.73e-14 | 0.0031  0.00      0    0      0      0 | 0.0000  0.00 | 0.00e+00 0.00e+00 |   7.6101 1.0794  0.1660  1.6168 0.167  0.00 | edge_dev mean=0.0673 max=0.0949 gg=0.2421 shape_dev=0.2623 xbar=0.5073
# CONVTAG t=18280.00 rough=0.000000 cond=319.686863 evap=367.079833 backs=47.879978
# CANT t=18280.00 a_tag=0.0000 a_max=0.0000 xl_tag=0.5008 nlock=0 tune=0.444776
t=18320.00 +7.94e-14 | 0.0032  0.00      0    0      0      0 | 0.0000  0.00 | 0.00e+00 0.00e+00 |   7.4501 1.0568  0.1707  1.6163 0.167  0.00 | edge_dev mean=0.0673 max=0.0949 gg=0.1768 shape_dev=0.2623 xbar=0.4967
# CONVTAG t=18320.00 rough=0.000000 cond=320.518248 evap=368.195837 backs=48.025544
# CANT t=18320.00 a_tag=0.0000 a_max=0.0000 xl_tag=0.4951 nlock=0 tune=0.444776
t=18360.00 +8.43e-14 | 0.0032  0.00      0    0      0      0 | 0.0000  0.00 | 0.00e+00 0.00e+00 |   7.3686 1.0452  0.2266  1.6091 0.167  0.00 | edge_dev mean=0.0673 max=0.0949 gg=0.4198 shape_dev=0.2623 xbar=0.4912
# CONVTAG t=18360.00 rough=0.000000 cond=321.164783 evap=369.020922 backs=48.133164
# CANT t=18360.00 a_tag=0.0000 a_max=0.0000 xl_tag=0.4979 nlock=0 tune=0.444776
t=18400.00 +8.51e-14 | 0.0032  0.00      0    0      0      0 | 0.0000  0.00 | 0.00e+00 0.00e+00 |   7.3929 1.0486  0.1937  1.6136 0.167  0.00 | edge_dev mean=0.0673 max=0.0949 gg=0.1272 shape_dev=0.2623 xbar=0.4929
# CONVTAG t=18400.00 rough=0.000000 cond=322.176260 evap=370.159825 backs=48.281716
# CANT t=18400.00 a_tag=0.0000 a_max=0.0000 xl_tag=0.4929 nlock=0 tune=0.444776
t=18440.00 +8.77e-14 | 0.0031  0.00      0    0      0      0 | 0.0000  0.00 | 0.00e+00 0.00e+00 |   7.5926 1.0770  0.1857  1.6146 0.167  0.00 | edge_dev mean=0.0673 max=0.0949 gg=0.0695 shape_dev=0.2623 xbar=0.5062
# CONVTAG t=18440.00 rough=0.000000 cond=322.826108 evap=370.707424 backs=48.353142
# CANT t=18440.00 a_tag=0.0000 a_max=0.0000 xl_tag=0.5005 nlock=0 tune=0.444776
t=18480.00 +8.75e-14 | 0.0032  0.00      0    0      0      0 | 0.0000  0.00 | 0.00e+00 0.00e+00 |   7.4307 1.0540  0.1960  1.6133 0.167  0.00 | edge_dev mean=0.0673 max=0.0949 gg=0.1120 shape_dev=0.2623 xbar=0.4954
# CONVTAG t=18480.00 rough=0.000000 cond=323.655941 evap=371.823593 backs=48.498730
# CANT t=18480.00 a_tag=0.0000 a_max=0.0000 xl_tag=0.4959 nlock=0 tune=0.444776
t=18520.00 +8.89e-14 | 0.0031  0.00      0    0      0      0 | 0.0000  0.00 | 0.00e+00 0.00e+00 |   7.6390 1.0835  0.1921  1.6138 0.167  0.00 | edge_dev mean=0.0673 max=0.0949 gg=0.0041 shape_dev=0.2623 xbar=0.5093
# CONVTAG t=18520.00 rough=0.000000 cond=324.306508 evap=372.363463 backs=48.569147
# CANT t=18520.00 a_tag=0.0000 a_max=0.0000 xl_tag=0.4997 nlock=0 tune=0.444776
t=18560.00 +9.29e-14 | 0.0032  0.00      0    0      0      0 | 0.0000  0.00 | 0.00e+00 0.00e+00 |   7.4802 1.0610  0.1289  1.6205 0.167  0.00 | edge_dev mean=0.0673 max=0.0949 gg=0.0893 shape_dev=0.2623 xbar=0.4987
# CONVTAG t=18560.00 rough=0.000000 cond=325.151433 evap=373.493960 backs=48.716603
# CANT t=18560.00 a_tag=0.0000 a_max=0.0000 xl_tag=0.4927 nlock=0 tune=0.444776
t=18600.00 +9.55e-14 | 0.0031  0.00      0    0      0      0 | 0.0000  0.00 | 0.00e+00 0.00e+00 |   7.5908 1.0767  0.2043  1.6122 0.167  0.00 | edge_dev mean=0.0673 max=0.0949 gg=0.1686 shape_dev=0.2623 xbar=0.5061
# CONVTAG t=18600.00 rough=0.000000 cond=326.020950 evap=374.383243 backs=48.832597
# CANT t=18600.00 a_tag=0.0000 a_max=0.0000 xl_tag=0.4922 nlock=0 tune=0.444776
t=18640.00 +9.44e-14 | 0.0032  0.00      0    0      0      0 | 0.0000  0.00 | 0.00e+00 0.00e+00 |   7.4565 1.0577  0.1005  1.6228 0.167  0.00 | edge_dev mean=0.0673 max=0.0949 gg=0.0727 shape_dev=0.2623 xbar=0.4971
# CONVTAG t=18640.00 rough=0.000000 cond=326.879761 evap=375.505261 backs=48.978947
# CANT t=18640.00 a_tag=0.0000 a_max=0.0000 xl_tag=0.4983 nlock=0 tune=0.444776
t=18680.00 +9.65e-14 | 0.0031  0.00      0    0      0      0 | 0.0000  0.00 | 0.00e+00 0.00e+00 |   7.8283 1.1104  0.2069  1.6119 0.167  0.00 | edge_dev mean=0.0673 max=0.0949 gg=0.0396 shape_dev=0.2623 xbar=0.5219
# CONVTAG t=18680.00 rough=0.000000 cond=327.918376 evap=376.327858 backs=49.086242
# CANT t=18680.00 a_tag=0.0000 a_max=0.0000 xl_tag=0.5026 nlock=0 tune=0.444776
t=18720.00 +9.36e-14 | 0.0032  0.00      0    0      0      0 | 0.0000  0.00 | 0.00e+00 0.00e+00 |   7.2685 1.0310  0.1476  1.6189 0.167  0.00 | edge_dev mean=0.0673 max=0.0949 gg=0.0831 shape_dev=0.2623 xbar=0.4846
# CONVTAG t=18720.00 rough=0.000000 cond=328.398038 evap=377.439293 backs=49.231212
# CANT t=18720.00 a_tag=0.0000 a_max=0.0000 xl_tag=0.5037 nlock=0 tune=0.444776
t=18760.00 +9.26e-14 | 0.0031  0.00      0    0      0      0 | 0.0000  0.00 | 0.00e+00 0.00e+00 |   7.5977 1.0777  0.1625  1.6173 0.167  0.00 | edge_dev mean=0.0673 max=0.0949 gg=0.1717 shape_dev=0.2623 xbar=0.5065
# CONVTAG t=18760.00 rough=0.000000 cond=329.393900 evap=378.255263 backs=49.337643
# CANT t=18760.00 a_tag=0.0000 a_max=0.0000 xl_tag=0.5038 nlock=0 tune=0.444776
t=18800.00 +9.12e-14 | 0.0031  0.00      0    0      0      0 | 0.0000  0.00 | 0.00e+00 0.00e+00 |   7.7800 1.1035  0.1585  1.6177 0.167  0.00 | edge_dev mean=0.0673 max=0.0949 gg=0.0786 shape_dev=0.2623 xbar=0.5187
# CONVTAG t=18800.00 rough=0.000000 cond=330.039927 evap=378.815923 backs=49.410773
# CANT t=18800.00 a_tag=0.0000 a_max=0.0000 xl_tag=0.5052 nlock=0 tune=0.444776
t=18840.00 +8.84e-14 | 0.0032  0.00      0    0      0      0 | 0.0000  0.00 | 0.00e+00 0.00e+00 |   7.4639 1.0587  0.1913  1.6140 0.167  0.00 | edge_dev mean=0.0673 max=0.0949 gg=0.0244 shape_dev=0.2623 xbar=0.4976
# CONVTAG t=18840.00 rough=0.000000 cond=331.273390 evap=380.550451 backs=49.637015
# CANT t=18840.00 a_tag=0.0000 a_max=0.0000 xl_tag=0.5018 nlock=0 tune=0.444776
t=18880.00 +8.26e-14 | 0.0032  0.00      0    0      0      0 | 0.0000  0.00 | 0.00e+00 0.00e+00 |   7.3571 1.0436  0.2074  1.6119 0.167  0.00 | edge_dev mean=0.0673 max=0.0949 gg=0.0010 shape_dev=0.2623 xbar=0.4905
# CONVTAG t=18880.00 rough=0.000000 cond=331.913462 evap=381.393389 backs=49.746964
# CANT t=18880.00 a_tag=0.0000 a_max=0.0000 xl_tag=0.5026 nlock=0 tune=0.444776
t=18920.00 +8.25e-14 | 0.0032  0.00      0    0      0      0 | 0.0000  0.00 | 0.00e+00 0.00e+00 |   7.4891 1.0623  0.1903  1.6141 0.167  0.00 | edge_dev mean=0.0673 max=0.0949 gg=0.0427 shape_dev=0.2623 xbar=0.4993
# CONVTAG t=18920.00 rough=0.000000 cond=332.740126 evap=382.212058 backs=49.853747
# CANT t=18920.00 a_tag=0.0000 a_max=0.0000 xl_tag=0.5032 nlock=0 tune=0.444776
t=18960.00 +8.79e-14 | 0.0032  0.00      0    0      0      0 | 0.0000  0.00 | 0.00e+00 0.00e+00 |   7.3700 1.0454  0.1444  1.6191 0.167  0.00 | edge_dev mean=0.0673 max=0.0949 gg=0.2784 shape_dev=0.2623 xbar=0.4913
# CONVTAG t=18960.00 rough=0.000000 cond=333.391761 evap=383.080546 backs=49.967028
# CANT t=18960.00 a_tag=0.0000 a_max=0.0000 xl_tag=0.4973 nlock=0 tune=0.444776
t=19000.00 +8.58e-14 | 0.0032  0.00      0    0      0      0 | 0.0000  0.00 | 0.00e+00 0.00e+00 |   7.4991 1.0637  0.1239  1.6209 0.167  0.00 | edge_dev mean=0.0673 max=0.0949 gg=0.1245 shape_dev=0.2623 xbar=0.4999
# CONVTAG t=19000.00 rough=0.000000 cond=334.216108 evap=383.899398 backs=50.073834
# CANT t=19000.00 a_tag=0.0000 a_max=0.0000 xl_tag=0.4980 nlock=0 tune=0.444776
t=19040.00 +8.42e-14 | 0.0032  0.00      0    0      0      0 | 0.0000  0.00 | 0.00e+00 0.00e+00 |   7.4388 1.0552  0.1436  1.6192 0.167  0.00 | edge_dev mean=0.0673 max=0.0949 gg=0.0246 shape_dev=0.2623 xbar=0.4959
# CONVTAG t=19040.00 rough=0.000000 cond=334.868632 evap=384.710109 backs=50.179579
# CANT t=19040.00 a_tag=0.0000 a_max=0.0000 xl_tag=0.4986 nlock=0 tune=0.444776
t=19080.00 +8.64e-14 | 0.0031  0.00      0    0      0      0 | 0.0000  0.00 | 0.00e+00 0.00e+00 |   7.7686 1.1019  0.1646  1.6170 0.167  0.00 | edge_dev mean=0.0673 max=0.0949 gg=0.0737 shape_dev=0.2623 xbar=0.5179
# CONVTAG t=19080.00 rough=0.000000 cond=335.903517 evap=385.570425 backs=50.291795
# CANT t=19080.00 a_tag=0.0000 a_max=0.0000 xl_tag=0.4991 nlock=0 tune=0.444776
t=19120.00 +8.84e-14 | 0.0032  0.00      0    0      0      0 | 0.0000  0.00 | 0.00e+00 0.00e+00 |   7.3129 1.0373  0.2427  1.6067 0.167  0.00 | edge_dev mean=0.0673 max=0.0949 gg=0.0616 shape_dev=0.2623 xbar=0.4875
# CONVTAG t=19120.00 rough=0.000000 cond=336.758163 evap=387.009006 backs=50.479436
# CANT t=19120.00 a_tag=0.0000 a_max=0.0000 xl_tag=0.4997 nlock=0 tune=0.444776
t=19160.00 +8.25e-14 | 0.0032  0.00      0    0      0      0 | 0.0000  0.00 | 0.00e+00 0.00e+00 |   7.4385 1.0551  0.2225  1.6097 0.167  0.00 | edge_dev mean=0.0673 max=0.0949 gg=0.0939 shape_dev=0.2623 xbar=0.4959
# CONVTAG t=19160.00 rough=0.000000 cond=337.593523 evap=387.844053 backs=50.588355
# CANT t=19160.00 a_tag=0.0000 a_max=0.0000 xl_tag=0.4967 nlock=0 tune=0.444776
# QATOM t=19164.40 dir=DF w=1.47124615 e=0.269279512702 i=5 Em=2.0232
t=19200.00 +7.71e-14 | 0.0032  0.00      0    0      0      0 | 0.0000  0.00 | 0.00e+00 0.00e+00 |   7.3710 1.0455  0.1698  1.6164 0.167  0.00 | edge_dev mean=0.0673 max=0.0949 gg=0.0807 shape_dev=0.2623 xbar=0.4914
# CONVTAG t=19200.00 rough=0.000000 cond=338.248967 evap=388.665269 backs=50.695470
# CANT t=19200.00 a_tag=0.0000 a_max=0.0000 xl_tag=0.4932 nlock=0 tune=0.444776
t=19240.00 +7.63e-14 | 0.0032  0.00      0    0      0      0 | 0.0000  0.00 | 0.00e+00 0.00e+00 |   7.5075 1.0649  0.2229  1.6096 0.167  0.00 | edge_dev mean=0.0673 max=0.0949 gg=0.2026 shape_dev=0.2623 xbar=0.5005
# CONVTAG t=19240.00 rough=0.000000 cond=339.102717 evap=389.510591 backs=50.805729
# CANT t=19240.00 a_tag=0.0000 a_max=0.0000 xl_tag=0.4929 nlock=0 tune=0.444776
t=19280.00 +7.84e-14 | 0.0031  0.00      0    0      0      0 | 0.0000  0.00 | 0.00e+00 0.00e+00 |   7.6233 1.0813  0.2023  1.6124 0.167  0.00 | edge_dev mean=0.0673 max=0.0949 gg=0.0940 shape_dev=0.2623 xbar=0.5082
# CONVTAG t=19280.00 rough=0.000000 cond=339.914707 evap=390.328616 backs=50.912428
# CANT t=19280.00 a_tag=0.0000 a_max=0.0000 xl_tag=0.4960 nlock=0 tune=0.444776
t=19320.00 +7.63e-14 | 0.0032  0.00      0    0      0      0 | 0.0000  0.00 | 0.00e+00 0.00e+00 |   7.4501 1.0568  0.1405  1.6194 0.167  0.00 | edge_dev mean=0.0673 max=0.0949 gg=0.0000 shape_dev=0.2623 xbar=0.4967
# CONVTAG t=19320.00 rough=0.000000 cond=340.737424 evap=391.447903 backs=51.058422
# CANT t=19320.00 a_tag=0.0000 a_max=0.0000 xl_tag=0.4969 nlock=0 tune=0.444776
t=19360.00 +7.54e-14 | 0.0032  0.00      0    0      0      0 | 0.0000  0.00 | 0.00e+00 0.00e+00 |   7.1804 1.0185  0.2330  1.6082 0.167  0.00 | edge_dev mean=0.0673 max=0.0949 gg=0.1738 shape_dev=0.2623 xbar=0.4787
# CONVTAG t=19360.00 rough=0.000000 cond=341.223580 evap=392.276750 backs=51.166533
# CANT t=19360.00 a_tag=0.0000 a_max=0.0000 xl_tag=0.4948 nlock=0 tune=0.444776
t=19400.00 +7.73e-14 | 0.0032  0.00      0    0      0      0 | 0.0000  0.00 | 0.00e+00 0.00e+00 |   7.2276 1.0252  0.1238  1.6209 0.167  0.00 | edge_dev mean=0.0673 max=0.0949 gg=0.0944 shape_dev=0.2623 xbar=0.4818
# CONVTAG t=19400.00 rough=0.000000 cond=342.235662 evap=393.393417 backs=51.312185
# CANT t=19400.00 a_tag=0.0000 a_max=0.0000 xl_tag=0.4907 nlock=0 tune=0.444776
t=19440.00 +7.92e-14 | 0.0032  0.00      0    0      0      0 | 0.0000  0.00 | 0.00e+00 0.00e+00 |   7.4240 1.0531  0.1971  1.6132 0.167  0.00 | edge_dev mean=0.0673 max=0.0949 gg=0.2277 shape_dev=0.2623 xbar=0.4949
# CONVTAG t=19440.00 rough=0.000000 cond=342.880379 evap=393.938407 backs=51.383270
# CANT t=19440.00 a_tag=0.0000 a_max=0.0000 xl_tag=0.4925 nlock=0 tune=0.444776
t=19480.00 +8.45e-14 | 0.0032  0.00      0    0      0      0 | 0.0000  0.00 | 0.00e+00 0.00e+00 |   7.4752 1.0603  0.1620  1.6172 0.167  0.00 | edge_dev mean=0.0673 max=0.0949 gg=0.2889 shape_dev=0.2623 xbar=0.4983
# CONVTAG t=19480.00 rough=0.000000 cond=343.909556 evap=395.070790 backs=51.530973
# CANT t=19480.00 a_tag=0.0000 a_max=0.0000 xl_tag=0.4892 nlock=0 tune=0.444776
t=19520.00 +8.22e-14 | 0.0032  0.00      0    0      0      0 | 0.0000  0.00 | 0.00e+00 0.00e+00 |   7.4849 1.0617  0.1946  1.6134 0.167  0.00 | edge_dev mean=0.0673 max=0.0949 gg=0.0099 shape_dev=0.2623 xbar=0.4990
# CONVTAG t=19520.00 rough=0.000000 cond=344.396055 evap=395.620582 backs=51.602685
# CANT t=19520.00 a_tag=0.0000 a_max=0.0000 xl_tag=0.4939 nlock=0 tune=0.444776
t=19560.00 +7.65e-14 | 0.0032  0.00      0    0      0      0 | 0.0000  0.00 | 0.00e+00 0.00e+00 |   7.4131 1.0515  0.2177  1.6105 0.167  0.00 | edge_dev mean=0.0673 max=0.0949 gg=0.1422 shape_dev=0.2623 xbar=0.4942
# CONVTAG t=19560.00 rough=0.000000 cond=345.842504 evap=397.355756 backs=51.829012
# CANT t=19560.00 a_tag=0.0000 a_max=0.0000 xl_tag=0.4949 nlock=0 tune=0.444776
t=19600.00 +7.94e-14 | 0.0031  0.00      0    0      0      0 | 0.0000  0.00 | 0.00e+00 0.00e+00 |   7.6111 1.0796  0.2113  1.6114 0.167  0.00 | edge_dev mean=0.0673 max=0.0949 gg=0.1812 shape_dev=0.2623 xbar=0.5074
# CONVTAG t=19600.00 rough=0.000000 cond=346.490394 evap=397.902826 backs=51.900369
# CANT t=19600.00 a_tag=0.0000 a_max=0.0000 xl_tag=0.5003 nlock=0 tune=0.444776
t=19640.00 +8.04e-14 | 0.0032  0.00      0    0      0      0 | 0.0000  0.00 | 0.00e+00 0.00e+00 |   7.0294 0.9971  0.1472  1.6190 0.167  0.00 | edge_dev mean=0.0673 max=0.0949 gg=0.1681 shape_dev=0.2623 xbar=0.4686
# CONVTAG t=19640.00 rough=0.000000 cond=346.965564 evap=399.031030 backs=52.047526
# CANT t=19640.00 a_tag=0.0000 a_max=0.0000 xl_tag=0.5010 nlock=0 tune=0.444776
t=19680.00 +7.96e-14 | 0.0031  0.00      0    0      0      0 | 0.0000  0.00 | 0.00e+00 0.00e+00 |   7.5738 1.0743  0.2046  1.6123 0.167  0.00 | edge_dev mean=0.0673 max=0.0949 gg=0.0447 shape_dev=0.2623 xbar=0.5049
# CONVTAG t=19680.00 rough=0.000000 cond=348.157928 evap=399.857860 backs=52.155373
# CANT t=19680.00 a_tag=0.0000 a_max=0.0000 xl_tag=0.5059 nlock=0 tune=0.444776
t=19720.00 +8.13e-14 | 0.0032  0.00      0    0      0      0 | 0.0000  0.00 | 0.00e+00 0.00e+00 |   7.4887 1.0622  0.1488  1.6187 0.167  0.00 | edge_dev mean=0.0673 max=0.0949 gg=0.4028 shape_dev=0.2623 xbar=0.4992
# CONVTAG t=19720.00 rough=0.000000 cond=348.815040 evap=400.698547 backs=52.265028
# CANT t=19720.00 a_tag=0.0000 a_max=0.0000 xl_tag=0.5021 nlock=0 tune=0.444776
t=19760.00 +8.81e-14 | 0.0032  0.00      0    0      0      0 | 0.0000  0.00 | 0.00e+00 0.00e+00 |   7.2772 1.0322  0.1523  1.6182 0.167  0.00 | edge_dev mean=0.0673 max=0.0949 gg=0.0424 shape_dev=0.2623 xbar=0.4851
# CONVTAG t=19760.00 rough=0.000000 cond=349.637808 evap=401.856315 backs=52.416041
# CANT t=19760.00 a_tag=0.0000 a_max=0.0000 xl_tag=0.5028 nlock=0 tune=0.444776
t=19800.00 +9.34e-14 | 0.0031  0.00      0    0      0      0 | 0.0000  0.00 | 0.00e+00 0.00e+00 |   7.6279 1.0820  0.1871  1.6144 0.167  0.00 | edge_dev mean=0.0673 max=0.0949 gg=0.0804 shape_dev=0.2623 xbar=0.5085
# CONVTAG t=19800.00 rough=0.000000 cond=350.683499 evap=402.708143 backs=52.527149
# CANT t=19800.00 a_tag=0.0000 a_max=0.0000 xl_tag=0.4975 nlock=0 tune=0.444776
t=19840.00 +9.46e-14 | 0.0031  0.00      0    0      0      0 | 0.0000  0.00 | 0.00e+00 0.00e+00 |   7.5557 1.0717  0.1408  1.6194 0.167  0.00 | edge_dev mean=0.0673 max=0.0949 gg=0.2810 shape_dev=0.2623 xbar=0.5037
# CONVTAG t=19840.00 rough=0.000000 cond=351.325585 evap=403.518700 backs=52.632874
# CANT t=19840.00 a_tag=0.0000 a_max=0.0000 xl_tag=0.5004 nlock=0 tune=0.444776
t=19880.00 +9.35e-14 | 0.0032  0.00      0    0      0      0 | 0.0000  0.00 | 0.00e+00 0.00e+00 |   7.1576 1.0153  0.1483  1.6188 0.167  0.00 | edge_dev mean=0.0673 max=0.0949 gg=0.0356 shape_dev=0.2623 xbar=0.4772
# CONVTAG t=19880.00 rough=0.000000 cond=351.973947 evap=404.662400 backs=52.782052
# CANT t=19880.00 a_tag=0.0000 a_max=0.0000 xl_tag=0.4977 nlock=0 tune=0.444776
t=19920.00 +9.44e-14 | 0.0032  0.00      0    0      0      0 | 0.0000  0.00 | 0.00e+00 0.00e+00 |   7.3379 1.0408  0.2032  1.6124 0.167  0.00 | edge_dev mean=0.0673 max=0.0949 gg=0.0139 shape_dev=0.2623 xbar=0.4892
# CONVTAG t=19920.00 rough=0.000000 cond=352.838221 evap=405.476009 backs=52.888175
# CANT t=19920.00 a_tag=0.0000 a_max=0.0000 xl_tag=0.4998 nlock=0 tune=0.444776
t=19960.00 +9.63e-14 | 0.0032  0.00      0    0      0      0 | 0.0000  0.00 | 0.00e+00 0.00e+00 |   7.4234 1.0530  0.1813  1.6152 0.167  0.00 | edge_dev mean=0.0673 max=0.0949 gg=0.0028 shape_dev=0.2623 xbar=0.4949
# CONVTAG t=19960.00 rough=0.000000 cond=353.652220 evap=406.326655 backs=52.999129
# CANT t=19960.00 a_tag=0.0000 a_max=0.0000 xl_tag=0.4982 nlock=0 tune=0.444776
t=20000.00 +9.60e-14 | 0.0031  0.00      0    0      0      0 | 0.0000  0.00 | 0.00e+00 0.00e+00 |   7.5802 1.0752  0.1618  1.6173 0.167  0.00 | edge_dev mean=0.0673 max=0.0949 gg=0.1205 shape_dev=0.2623 xbar=0.5053
# CONVTAG t=20000.00 rough=0.000000 cond=354.493357 evap=407.137148 backs=53.104845
# CANT t=20000.00 a_tag=0.0000 a_max=0.0000 xl_tag=0.4982 nlock=0 tune=0.444776
#
# RESULT drift_rel 9.601e-14
# RESULT births 0 deaths 0 beta_returns 0 beta_energy 0.000000e+00
# RESULT conv rough=0.000000 cond=354.493357 evap=0.000000 backs=53.104845 rad=407.137148
# RESULT credit qcnvD=1.628972 qcnvF=1.216187
# RESULT cantus a_tag=0.0000 a_max=0.0000 xl_tag=0.4982 nlock=0 tune_total=0.444776
# RESULT convtag rough=0.000000 cond=354.493357 evap=407.137148 backs=53.104845 net=0.461054
# RESULT geometry phi_nom=0.0031 z_live=0.00 dbar=0.0000 sigma_d=0.0000
# RESULT truss edge_dev_mean=0.067278 edge_dev_max=0.094943 shape=(-0.0000,1.3183,1.3288) shape0=(0.0000,1.1924,1.1924)
# EDGE 0 0-1 d=1.64502 dev=-0.04928 gg=0.0001 gpl=0.0030
# EDGE 1 1-2 d=1.62337 dev=-0.07092 gg=0.0000 gpl=0.1232
# EDGE 2 2-3 d=1.65239 dev=-0.04190 gg=0.0000 gpl=0.1176
# EDGE 3 3-4 d=1.62143 dev=-0.07286 gg=0.7230 gpl=0.0207
# EDGE 4 4-5 d=1.59935 dev=-0.09494 gg=0.0000 gpl=0.0014
# EDGE 5 5-0 d=1.62053 dev=-0.07377 gg=0.0001 gpl=0.0779
